timestamp_sec,ego_x,ego_y,ego_z,ego_speed_mps,distance_to_intersection_m,distance_to_pedestrian_m,human_throttle,human_brake,human_steering_rad
1108.220,-97.020,-52.451,0.317,0.000,0.790,10.744,0.000,0.000,0.0000
1108.230,-97.020,-52.451,0.317,0.000,0.790,10.744,0.000,0.000,0.0000
1108.240,-97.020,-52.451,0.317,0.000,0.790,10.744,0.000,0.000,0.0000
1108.250,-97.020,-52.451,0.317,0.000,0.790,10.744,0.000,0.000,0.0000
1108.260,-97.020,-52.451,0.317,0.000,0.790,10.744,0.000,0.000,0.0000
1108.270,-97.020,-52.451,0.317,0.000,0.790,10.744,0.000,0.000,0.0000
1108.280,-97.020,-52.451,0.317,0.000,0.790,10.744,0.000,0.000,0.0000
1108.290,-97.020,-52.451,0.317,0.000,0.790,10.744,0.000,0.000,0.0000
1108.300,-97.020,-52.451,0.317,0.000,0.790,10.744,0.000,0.000,0.0000
1108.310,-97.020,-52.451,0.317,0.000,0.790,10.744,0.000,0.000,0.0000
1108.320,-97.020,-52.451,0.317,0.000,0.790,10.744,0.000,0.000,0.0000
1108.330,-97.020,-52.451,0.317,0.000,0.790,10.744,0.000,0.000,0.0000
1108.340,-97.020,-52.451,0.317,0.000,0.790,10.744,0.000,0.000,0.0000
1108.350,-97.020,-52.451,0.317,0.000,0.790,10.744,0.000,0.000,0.0000
1108.360,-97.020,-52.451,0.317,0.000,0.790,10.744,0.000,0.000,0.0000
1108.370,-97.020,-52.451,0.317,0.000,0.790,10.744,0.000,0.000,0.0000
1108.380,-97.020,-52.451,0.317,0.000,0.790,10.744,0.000,0.000,0.0000
1108.390,-97.020,-52.451,0.317,0.000,0.790,10.744,0.000,0.000,0.0000
1108.400,-97.020,-52.451,0.317,0.000,0.790,10.744,0.000,0.000,0.0000
1108.410,-97.020,-52.451,0.317,0.000,0.790,10.744,0.000,0.000,0.0000
1108.420,-97.020,-52.451,0.317,0.000,0.790,10.744,0.000,0.000,0.0000
1108.430,-97.020,-52.451,0.317,0.000,0.790,10.744,0.000,0.000,0.0000
1108.440,-97.020,-52.451,0.317,0.000,0.790,10.744,0.000,0.000,0.0000
1108.450,-97.020,-52.451,0.317,0.000,0.790,10.744,0.040,0.000,0.0000
1108.460,-97.020,-52.451,0.317,0.004,0.790,10.744,0.080,0.000,0.0000
1108.470,-97.020,-52.451,0.317,0.010,0.790,10.744,0.120,0.000,0.0000
1108.480,-97.020,-52.450,0.317,0.018,0.790,10.744,0.160,0.000,0.0000
1108.490,-97.020,-52.449,0.316,0.027,0.790,10.744,0.200,0.000,0.0000
1108.500,-97.020,-52.447,0.316,0.035,0.790,10.745,0.240,0.000,0.0000
1108.510,-97.020,-52.446,0.316,0.041,0.790,10.745,0.280,0.000,0.0000
1108.520,-97.020,-52.443,0.315,0.047,0.790,10.745,0.320,0.000,0.0000
1108.530,-97.020,-52.440,0.315,0.051,0.790,10.746,0.360,0.000,0.0000
1108.540,-97.020,-52.437,0.314,0.054,0.790,10.746,0.400,0.000,0.0000
1108.550,-97.020,-52.434,0.314,0.056,0.790,10.747,0.440,0.000,0.0000
1108.560,-97.020,-52.430,0.313,0.056,0.790,10.748,0.480,0.000,0.0000
1108.570,-97.020,-52.425,0.312,0.056,0.790,10.748,0.520,0.000,0.0000
1108.580,-97.020,-52.421,0.312,0.055,0.790,10.749,0.560,0.000,0.0000
1108.590,-97.020,-52.415,0.311,0.054,0.790,10.749,0.600,0.000,0.0000
1108.600,-97.020,-52.410,0.311,0.051,0.790,10.750,0.640,0.000,0.0000
1108.610,-97.020,-52.404,0.310,0.048,0.790,10.750,0.680,0.000,0.0000
1108.620,-97.020,-52.397,0.310,0.045,0.790,10.751,0.720,0.000,0.0000
1108.630,-97.020,-52.391,0.309,0.041,0.790,10.751,0.760,0.000,0.0000
1108.640,-97.020,-52.384,0.309,0.037,0.790,10.751,0.800,0.000,0.0000
1108.650,-97.020,-52.376,0.309,0.033,0.790,10.752,0.840,0.000,0.0000
1108.660,-97.020,-52.368,0.308,0.028,0.790,10.752,0.880,0.000,0.0000
1108.670,-97.020,-52.360,0.308,0.024,0.790,10.752,0.920,0.000,0.0000
1108.680,-97.020,-52.351,0.308,0.019,0.790,10.752,0.960,0.000,0.0000
1108.690,-97.020,-52.341,0.308,0.014,0.790,10.753,1.000,0.000,0.0000
1108.700,-97.020,-52.332,0.308,0.010,0.790,10.753,1.000,0.000,0.0000
1108.710,-97.020,-52.322,0.308,0.006,0.790,10.753,1.000,0.000,0.0000
1108.720,-97.020,-52.311,0.308,0.002,0.790,10.753,1.000,0.000,0.0000
1108.730,-97.020,-52.301,0.308,0.003,0.790,10.753,1.000,0.000,0.0000
1108.740,-97.020,-52.289,0.308,0.006,0.790,10.753,1.000,0.000,0.0000
1108.750,-97.020,-52.278,0.308,0.009,0.790,10.753,1.000,0.000,0.0000
1108.760,-97.020,-52.266,0.308,0.012,0.790,10.752,1.000,0.000,0.0000
1108.770,-97.020,-52.253,0.308,0.014,0.790,10.752,1.000,0.000,0.0000
1108.780,-97.020,-52.240,0.308,0.016,0.790,10.752,1.000,0.000,0.0000
1108.790,-97.020,-52.227,0.308,0.018,0.790,10.752,1.000,0.000,0.0000
1108.800,-97.020,-52.213,0.309,0.019,0.790,10.752,1.000,0.000,0.0000
1108.810,-97.020,-52.199,0.309,0.020,0.790,10.752,1.000,0.000,0.0000
1108.820,-97.020,-52.185,0.309,0.021,0.790,10.751,1.000,0.000,0.0000
1108.830,-97.020,-52.170,0.309,0.021,0.790,10.751,1.000,0.000,0.0000
1108.840,-97.020,-52.155,0.310,0.021,0.790,10.751,1.000,0.000,0.0000
1108.850,-97.020,-52.139,0.310,0.020,0.790,10.751,1.000,0.000,0.0000
1108.860,-97.020,-52.123,0.310,0.020,0.790,10.751,1.000,0.000,0.0000
1108.870,-97.020,-52.107,0.310,0.019,0.790,10.750,1.000,0.000,0.0000
1108.880,-97.020,-52.090,0.310,0.018,0.790,10.750,1.000,0.000,0.0000
1108.890,-97.020,-52.073,0.310,0.016,0.790,10.750,1.000,0.000,0.0000
1108.900,-97.020,-52.055,0.311,0.015,0.790,10.750,1.000,0.000,0.0000
1108.910,-97.020,-52.037,0.311,0.013,0.790,10.750,1.000,0.000,0.0000
1108.920,-97.020,-52.019,0.311,0.012,0.790,10.750,1.000,0.000,0.0000
1108.930,-97.020,-52.000,0.311,0.010,0.790,10.750,1.000,0.000,0.0000
1108.940,-97.020,-51.981,0.311,0.008,0.790,10.749,1.000,0.000,0.0000
1108.950,-97.020,-51.961,0.311,0.006,0.790,10.749,1.000,0.000,0.0000
1108.960,-97.020,-51.941,0.311,0.005,0.790,10.749,1.000,0.000,0.0000
1108.970,-97.020,-51.921,0.311,0.003,0.790,10.749,1.000,0.000,0.0000
1108.980,-97.020,-51.900,0.311,0.002,0.790,10.749,1.000,0.000,0.0000
1108.990,-97.020,-51.879,0.311,0.002,0.790,10.749,1.000,0.000,0.0000
1109.000,-97.020,-51.857,0.311,0.002,0.790,10.749,1.000,0.000,0.0000
1109.010,-97.020,-51.835,0.311,0.003,0.790,10.749,1.000,0.000,0.0000
1109.020,-97.019,-51.813,0.311,0.004,0.790,10.749,1.000,0.000,0.0000
1109.030,-97.019,-51.790,0.311,0.005,0.790,10.749,1.000,0.000,0.0000
1109.040,-97.019,-51.767,0.311,0.006,0.790,10.749,1.000,0.000,0.0000
1109.050,-97.019,-51.744,0.311,0.007,0.790,10.750,1.000,0.000,0.0000
1109.060,-97.019,-51.720,0.311,0.007,0.790,10.750,1.000,0.000,0.0000
1109.070,-97.019,-51.695,0.311,0.008,0.790,10.750,1.000,0.000,0.0000
1109.080,-97.019,-51.671,0.311,0.008,0.790,10.750,1.000,0.000,0.0000
1109.090,-97.019,-51.646,0.311,0.008,0.790,10.750,1.000,0.000,0.0000
1109.100,-97.019,-51.620,0.311,0.008,0.790,10.750,1.000,0.000,0.0000
1109.110,-97.019,-51.594,0.310,0.008,0.790,10.750,1.000,0.000,0.0000
1109.120,-97.019,-51.568,0.310,0.008,0.790,10.750,1.000,0.000,0.0000
1109.130,-97.019,-51.541,0.310,0.007,0.790,10.750,1.000,0.000,0.0000
1109.140,-97.019,-51.514,0.310,0.007,0.790,10.750,1.000,0.000,0.0000
1109.150,-97.019,-51.487,0.310,0.007,0.789,10.750,1.000,0.000,0.0000
1109.160,-97.019,-51.459,0.310,0.006,0.789,10.750,1.000,0.000,0.0000
1109.170,-97.019,-51.430,0.310,0.006,0.789,10.750,1.000,0.000,0.0000
1109.180,-97.019,-51.402,0.310,0.005,0.789,10.750,1.000,0.000,0.0000
1109.190,-97.019,-51.373,0.310,0.004,0.789,10.750,1.000,0.000,0.0000
1109.200,-97.019,-51.343,0.310,0.004,0.789,10.750,1.000,0.000,0.0000
1109.210,-97.019,-51.313,0.310,0.003,0.789,10.750,1.000,0.000,0.0000
1109.220,-97.019,-51.283,0.310,0.003,0.789,10.751,1.000,0.000,0.0000
1109.230,-97.019,-51.252,0.310,0.003,0.789,10.751,1.000,0.000,0.0000
1109.240,-97.019,-51.221,0.310,0.003,0.789,10.751,1.000,0.000,0.0000
1109.250,-97.019,-51.190,0.310,0.003,0.789,10.751,1.000,0.000,0.0000
1109.260,-97.019,-51.158,0.310,0.003,0.789,10.751,1.000,0.000,0.0000
1109.270,-97.019,-51.126,0.310,0.003,0.789,10.750,1.000,0.000,0.0000
1109.280,-97.019,-51.093,0.310,0.003,0.789,10.750,1.000,0.000,0.0000
1109.290,-97.019,-51.060,0.310,0.003,0.789,10.750,1.000,0.000,0.0000
1109.300,-97.019,-51.027,0.310,0.003,0.789,10.750,1.000,0.000,0.0000
1109.310,-97.019,-50.993,0.310,0.004,0.789,10.750,1.000,0.000,0.0000
1109.320,-97.019,-50.958,0.310,0.004,0.789,10.750,1.000,0.000,0.0000
1109.330,-97.019,-50.924,0.310,0.004,0.789,10.750,1.000,0.000,0.0000
1109.340,-97.019,-50.889,0.310,0.004,0.789,10.750,1.000,0.000,0.0000
1109.350,-97.019,-50.853,0.310,0.004,0.789,10.750,1.000,0.000,0.0000
1109.360,-97.019,-50.817,0.310,0.004,0.789,10.750,1.000,0.000,0.0000
1109.370,-97.019,-50.781,0.310,0.004,0.789,10.750,1.000,0.000,0.0000
1109.380,-97.019,-50.745,0.310,0.004,0.789,10.750,1.000,0.000,0.0000
1109.390,-97.019,-50.708,0.310,0.004,0.789,10.750,1.000,0.000,0.0000
1109.400,-97.019,-50.670,0.310,0.004,0.789,10.750,1.000,0.000,0.0000
1109.410,-97.019,-50.632,0.310,0.004,0.789,10.750,1.000,0.000,0.0000
1109.420,-97.019,-50.594,0.310,0.004,0.789,10.750,1.000,0.000,0.0000
1109.430,-97.018,-50.556,0.310,0.004,0.789,10.750,1.000,0.000,0.0000
1109.440,-97.018,-50.516,0.310,0.004,0.789,10.750,1.000,0.000,0.0000
1109.450,-97.018,-50.477,0.310,0.003,0.789,10.750,1.000,0.000,0.0000
1109.460,-97.018,-50.437,0.310,0.003,0.789,10.750,1.000,0.000,0.0000
1109.470,-97.018,-50.397,0.310,0.003,0.789,10.750,1.000,0.000,0.0000
1109.480,-97.018,-50.356,0.310,0.003,0.789,10.750,1.000,0.000,0.0000
1109.490,-97.018,-50.315,0.310,0.003,0.789,10.750,1.000,0.000,0.0000
1109.500,-97.018,-50.274,0.310,0.003,0.789,10.750,1.000,0.000,0.0000
1109.510,-97.018,-50.232,0.310,0.003,0.788,10.750,1.000,0.000,0.0000
1109.520,-97.018,-50.190,0.310,0.003,0.788,10.750,1.000,0.000,0.0000
1109.530,-97.018,-50.148,0.310,0.003,0.788,10.750,1.000,0.000,0.0000
1109.540,-97.018,-50.105,0.310,0.003,0.788,10.750,1.000,0.000,0.0000
1109.550,-97.018,-50.061,0.310,0.004,0.788,10.750,1.000,0.000,0.0000
1109.560,-97.018,-50.017,0.310,0.004,0.788,10.750,1.000,0.000,0.0000
1109.570,-97.018,-49.973,0.310,0.004,0.788,10.750,1.000,0.000,0.0000
1109.580,-97.018,-49.929,0.310,0.004,0.788,10.750,1.000,0.000,0.0000
1109.590,-97.018,-49.884,0.310,0.004,0.788,10.750,1.000,0.000,0.0000
1109.600,-97.018,-49.838,0.310,0.004,0.788,10.750,1.000,0.000,0.0000
1109.610,-97.018,-49.793,0.310,0.004,0.788,10.750,1.000,0.000,0.0000
1109.620,-97.018,-49.747,0.310,0.004,0.788,10.750,1.000,0.000,0.0000
1109.630,-97.018,-49.700,0.310,0.004,0.788,10.750,1.000,0.000,0.0000
1109.640,-97.018,-49.653,0.310,0.004,0.788,10.750,1.000,0.000,0.0000
1109.650,-97.018,-49.606,0.310,0.004,0.788,10.750,1.000,0.000,0.0000
1109.660,-97.018,-49.558,0.310,0.004,0.788,10.750,1.000,0.000,0.0000
1109.670,-97.018,-49.510,0.310,0.004,0.788,10.750,1.000,0.000,0.0000
1109.680,-97.018,-49.461,0.310,0.004,0.788,10.750,1.000,0.000,0.0000
1109.690,-97.018,-49.412,0.310,0.004,0.788,10.750,1.000,0.000,0.0000
1109.700,-97.018,-49.363,0.310,0.004,0.788,10.750,1.000,0.000,0.0000
1109.710,-97.017,-49.313,0.310,0.004,0.788,10.750,1.000,0.000,0.0000
1109.720,-97.017,-49.263,0.310,0.004,0.788,10.750,1.000,0.000,0.0000
1109.730,-97.017,-49.213,0.310,0.004,0.788,10.750,1.000,0.000,0.0000
1109.740,-97.017,-49.162,0.310,0.004,0.788,10.750,1.000,0.000,0.0000
1109.750,-97.017,-49.110,0.310,0.004,0.788,10.750,1.000,0.000,0.0000
1109.760,-97.017,-49.059,0.310,0.004,0.788,10.750,1.000,0.000,0.0000
1109.770,-97.017,-49.007,0.310,0.004,0.788,10.750,1.000,0.000,0.0000
1109.780,-97.017,-48.954,0.310,0.004,0.787,10.750,1.000,0.000,0.0000
1109.790,-97.017,-48.901,0.310,0.004,0.787,10.750,1.000,0.000,0.0000
1109.800,-97.017,-48.848,0.310,0.004,0.787,10.750,1.000,0.000,0.0000
1109.810,-97.017,-48.794,0.310,0.004,0.787,10.750,1.000,0.000,0.0000
1109.820,-97.017,-48.740,0.310,0.004,0.787,10.750,1.000,0.000,0.0000
1109.830,-97.017,-48.686,0.310,0.004,0.787,10.750,1.000,0.000,0.0000
1109.840,-97.017,-48.631,0.310,0.004,0.787,10.750,1.000,0.000,0.0000
1109.850,-97.017,-48.576,0.310,0.004,0.787,10.750,1.000,0.000,0.0000
1109.860,-97.017,-48.520,0.310,0.004,0.787,10.750,1.000,0.000,0.0000
1109.870,-97.017,-48.464,0.310,0.004,0.787,10.750,1.000,0.000,0.0000
1109.880,-97.017,-48.407,0.310,0.005,0.787,10.750,1.000,0.000,0.0000
1109.890,-97.017,-48.350,0.310,0.005,0.787,10.750,1.000,0.000,0.0000
1109.900,-97.017,-48.293,0.310,0.005,0.787,10.750,1.000,0.000,0.0000
1109.910,-97.017,-48.236,0.310,0.005,0.787,10.750,1.000,0.000,0.0000
1109.920,-97.017,-48.178,0.310,0.005,0.787,10.750,1.000,0.000,0.0000
1109.930,-97.017,-48.119,0.310,0.005,0.787,10.750,1.000,0.000,0.0000
1109.940,-97.016,-48.060,0.310,0.005,0.787,10.750,1.000,0.000,0.0000
1109.950,-97.016,-48.001,0.310,0.005,0.787,10.750,1.000,0.000,0.0000
1109.960,-97.016,-47.941,0.310,0.005,0.787,10.750,1.000,0.000,0.0000
1109.970,-97.016,-47.881,0.310,0.005,0.787,10.750,1.000,0.000,0.0000
1109.980,-97.016,-47.821,0.310,0.005,0.787,10.750,1.000,0.000,0.0000
1109.990,-97.016,-47.760,0.310,0.005,0.787,10.750,1.000,0.000,0.0000
1110.000,-97.016,-47.699,0.310,0.005,0.786,10.750,1.000,0.000,0.0000
1110.010,-97.016,-47.637,0.310,0.005,0.786,10.750,1.000,0.000,0.0000
1110.020,-97.016,-47.575,0.310,0.005,0.786,10.750,1.000,0.000,0.0000
1110.030,-97.016,-47.513,0.310,0.005,0.786,10.750,1.000,0.000,0.0000
1110.040,-97.016,-47.450,0.310,0.005,0.786,10.750,1.000,0.000,0.0000
1110.050,-97.016,-47.387,0.310,0.005,0.786,10.750,1.000,0.000,0.0000
1110.060,-97.016,-47.323,0.310,0.005,0.786,10.750,1.000,0.000,0.0000
1110.070,-97.016,-47.259,0.310,0.005,0.786,10.750,1.000,0.000,0.0000
1110.080,-97.016,-47.195,0.310,0.005,0.786,10.750,1.000,0.000,0.0000
1110.090,-97.016,-47.130,0.310,0.005,0.786,10.750,1.000,0.000,0.0000
1110.100,-97.016,-47.065,0.310,0.005,0.786,10.750,1.000,0.000,0.0000
1110.110,-97.016,-46.999,0.310,0.005,0.786,10.750,1.000,0.000,0.0000
1110.120,-97.016,-46.933,0.310,0.005,0.786,10.750,1.000,0.000,0.0000
1110.130,-97.016,-46.867,0.310,0.005,0.786,10.750,1.000,0.000,0.0000
1110.140,-97.015,-46.800,0.310,0.005,0.786,10.750,1.000,0.000,0.0000
1110.150,-97.015,-46.733,0.310,0.005,0.786,10.750,1.000,0.000,0.0000
1110.160,-97.015,-46.665,0.310,0.005,0.786,10.750,1.000,0.000,0.0000
1110.170,-97.015,-46.597,0.310,0.005,0.786,10.750,1.000,0.000,0.0000
1110.180,-97.015,-46.529,0.310,0.005,0.786,10.750,1.000,0.000,0.0000
1110.190,-97.015,-46.460,0.310,0.005,0.785,10.750,1.000,0.000,0.0000
1110.200,-97.015,-46.391,0.310,0.006,0.785,10.750,1.000,0.000,0.0000
1110.210,-97.015,-46.321,0.310,0.006,0.785,10.750,1.000,0.000,0.0000
1110.220,-97.015,-46.251,0.310,0.006,0.785,10.750,1.000,0.000,0.0000
1110.230,-97.015,-46.181,0.310,0.006,0.785,10.750,1.000,0.000,0.0000
1110.240,-97.015,-46.110,0.310,0.006,0.785,10.750,1.000,0.000,0.0000
1110.250,-97.015,-46.039,0.310,0.006,0.785,10.750,1.000,0.000,0.0000
1110.260,-97.015,-45.968,0.310,0.006,0.785,10.750,1.000,0.000,0.0000
1110.270,-97.015,-45.896,0.310,0.006,0.785,10.750,1.000,0.000,0.0000
1110.280,-97.015,-45.823,0.310,0.006,0.785,10.750,1.000,0.000,0.0000
1110.290,-97.015,-45.751,0.310,0.006,0.785,10.750,1.000,0.000,0.0000
1110.300,-97.015,-45.678,0.310,0.006,0.785,10.750,1.000,0.000,0.0000
1110.310,-97.015,-45.604,0.310,0.006,0.785,10.750,1.000,0.000,0.0000
1110.320,-97.014,-45.530,0.310,0.006,0.785,10.750,1.000,0.000,0.0000
1110.330,-97.014,-45.456,0.310,0.006,0.785,10.750,1.000,0.000,0.0000
1110.340,-97.014,-45.381,0.310,0.006,0.785,10.750,1.000,0.000,0.0000
1110.350,-97.014,-45.306,0.310,0.006,0.785,10.750,1.000,0.000,0.0000
1110.360,-97.014,-45.230,0.310,0.006,0.785,10.750,1.000,0.000,0.0000
1110.370,-97.014,-45.154,0.310,0.006,0.784,10.750,1.000,0.000,0.0000
1110.380,-97.014,-45.078,0.310,0.006,0.784,10.750,1.000,0.000,0.0000
1110.390,-97.014,-45.001,0.310,0.006,0.784,10.750,1.000,0.000,0.0000
1110.400,-97.014,-44.924,0.310,0.006,0.784,10.750,1.000,0.000,0.0000
1110.410,-97.014,-44.847,0.310,0.006,0.784,10.750,1.000,0.000,0.0000
1110.420,-97.014,-44.769,0.310,0.006,0.784,10.750,1.000,0.000,0.0000
1110.430,-97.014,-44.691,0.310,0.006,0.784,10.750,1.000,0.000,0.0000
1110.440,-97.014,-44.612,0.310,0.006,0.784,10.750,1.000,0.000,0.0000
1110.450,-97.014,-44.533,0.310,0.006,0.784,10.750,1.000,0.000,0.0000
1110.460,-97.014,-44.453,0.310,0.006,0.784,10.750,1.000,0.000,0.0000
1110.470,-97.014,-44.374,0.310,0.006,0.784,10.750,1.000,0.000,0.0000
1110.480,-97.013,-44.293,0.310,0.006,0.784,10.750,1.000,0.000,0.0000
1110.490,-97.013,-44.213,0.310,0.006,0.784,10.750,1.000,0.000,0.0000
1110.500,-97.013,-44.132,0.310,0.006,0.784,10.750,1.000,0.000,0.0000
1110.510,-97.013,-44.050,0.310,0.006,0.784,10.750,1.000,0.000,0.0000
1110.520,-97.013,-43.968,0.310,0.007,0.783,10.750,1.000,0.000,0.0000
1110.530,-97.013,-43.886,0.310,0.007,0.783,10.750,1.000,0.000,0.0000
1110.540,-97.013,-43.803,0.310,0.007,0.783,10.750,1.000,0.000,0.0000
1110.550,-97.013,-43.720,0.310,0.007,0.783,10.750,1.000,0.000,0.0000
1110.560,-97.013,-43.637,0.310,0.007,0.783,10.750,1.000,0.000,0.0000
1110.570,-97.013,-43.553,0.310,0.007,0.783,10.750,1.000,0.000,0.0000
1110.580,-97.013,-43.469,0.310,0.007,0.783,10.750,1.000,0.000,0.0000
1110.590,-97.013,-43.384,0.310,0.007,0.783,10.750,1.000,0.000,0.0000
1110.600,-97.013,-43.299,0.310,0.007,0.783,10.750,1.000,0.000,0.0000
1110.610,-97.013,-43.214,0.310,0.007,0.783,10.750,1.000,0.000,0.0000
1110.620,-97.013,-43.128,0.310,0.007,0.783,10.750,1.000,0.000,0.0000
1110.630,-97.012,-43.042,0.310,0.007,0.783,10.750,1.000,0.000,0.0000
1110.640,-97.012,-42.955,0.310,0.007,0.783,10.750,1.000,0.000,0.0000
1110.650,-97.012,-42.868,0.310,0.007,0.783,10.750,1.000,0.000,0.0000
1110.660,-97.012,-42.781,0.310,0.007,0.783,10.750,1.000,0.000,0.0000
1110.670,-97.012,-42.693,0.310,0.007,0.782,10.750,1.000,0.000,0.0000
1110.680,-97.012,-42.605,0.310,0.007,0.782,10.750,1.000,0.000,0.0000
1110.690,-97.012,-42.516,0.310,0.007,0.782,10.750,1.000,0.000,0.0000
1110.700,-97.012,-42.427,0.310,0.007,0.782,10.750,1.000,0.000,0.0000
1110.710,-97.012,-42.338,0.310,0.007,0.782,10.750,1.000,0.000,0.0000
1110.720,-97.012,-42.248,0.310,0.007,0.782,10.750,1.000,0.000,0.0000
1110.730,-97.012,-42.158,0.310,0.007,0.782,10.749,1.000,0.000,0.0000
1110.740,-97.012,-42.067,0.310,0.007,0.782,10.749,1.000,0.000,0.0000
1110.750,-97.012,-41.976,0.310,0.007,0.782,10.749,1.000,0.000,0.0000
1110.760,-97.012,-41.885,0.310,0.007,0.782,10.749,1.000,0.000,0.0000
1110.770,-97.011,-41.793,0.310,0.007,0.782,10.749,1.000,0.000,0.0000
1110.780,-97.011,-41.701,0.310,0.007,0.782,10.749,1.000,0.000,0.0000
1110.790,-97.011,-41.608,0.310,0.007,0.782,10.749,1.000,0.000,0.0000
1110.800,-97.011,-41.515,0.310,0.007,0.782,10.749,1.000,0.000,0.0000
1110.810,-97.011,-41.422,0.310,0.007,0.781,10.749,1.000,0.000,0.0000
1110.820,-97.011,-41.328,0.310,0.007,0.781,10.749,1.000,0.000,0.0000
1110.830,-97.011,-41.234,0.310,0.008,0.781,10.749,1.000,0.000,0.0000
1110.840,-97.011,-41.139,0.310,0.008,0.781,10.749,1.000,0.000,0.0000
1110.850,-97.011,-41.044,0.310,0.008,0.781,10.749,1.000,0.000,0.0000
1110.860,-97.011,-40.949,0.310,0.008,0.781,10.749,1.000,0.000,0.0000
1110.870,-97.011,-40.853,0.310,0.008,0.781,10.749,1.000,0.000,0.0000
1110.880,-97.011,-40.757,0.310,0.008,0.781,10.749,1.000,0.000,0.0000
1110.890,-97.011,-40.660,0.310,0.008,0.781,10.749,1.000,0.000,0.0000
1110.900,-97.011,-40.564,0.310,0.008,0.781,10.749,1.000,0.000,0.0000
1110.910,-97.010,-40.466,0.310,0.008,0.781,10.749,1.000,0.000,0.0000
1110.920,-97.010,-40.368,0.310,0.008,0.781,10.749,1.000,0.000,0.0000
1110.930,-97.010,-40.270,0.310,0.008,0.781,10.749,1.000,0.000,0.0000
1110.940,-97.010,-40.172,0.310,0.008,0.780,10.749,1.000,0.000,0.0000
1110.950,-97.010,-40.073,0.310,0.008,0.780,10.749,1.000,0.000,0.0000
1110.960,-97.010,-39.974,0.310,0.008,0.780,10.749,1.000,0.000,0.0000
1110.970,-97.010,-39.874,0.310,0.008,0.780,10.749,1.000,0.000,0.0000
1110.980,-97.010,-39.774,0.310,0.008,0.780,10.749,1.000,0.000,0.0000
1110.990,-97.010,-39.673,0.310,0.008,0.780,10.749,1.000,0.000,0.0000
1111.000,-97.010,-39.572,0.310,0.008,0.780,10.749,1.000,0.000,0.0000
1111.010,-97.010,-39.471,0.310,0.008,0.780,10.749,1.000,0.000,0.0000
1111.020,-97.010,-39.369,0.310,0.008,0.780,10.749,1.000,0.000,0.0000
1111.030,-97.009,-39.267,0.310,0.008,0.780,10.749,1.000,0.000,0.0000
1111.040,-97.009,-39.165,0.310,0.008,0.780,10.749,1.000,0.000,0.0000
1111.050,-97.009,-39.062,0.310,0.008,0.780,10.749,1.000,0.000,0.0000
1111.060,-97.009,-38.959,0.310,0.008,0.780,10.749,1.000,0.000,0.0000
1111.070,-97.009,-38.855,0.310,0.008,0.779,10.749,1.000,0.000,0.0000
1111.080,-97.009,-38.751,0.310,0.008,0.779,10.749,1.000,0.000,0.0000
1111.090,-97.009,-38.646,0.310,0.008,0.779,10.749,1.000,0.000,0.0000
1111.100,-97.009,-38.541,0.310,0.008,0.779,10.749,1.000,0.000,0.0000
1111.110,-97.009,-38.436,0.310,0.008,0.779,10.749,1.000,0.000,0.0000
1111.120,-97.009,-38.331,0.310,0.008,0.779,10.749,1.000,0.000,0.0000
1111.130,-97.009,-38.224,0.310,0.008,0.779,10.749,1.000,0.000,0.0000
1111.140,-97.009,-38.118,0.310,0.008,0.779,10.749,1.000,0.000,0.0000
1111.150,-97.008,-38.011,0.310,0.009,0.779,10.749,1.000,0.000,0.0000
1111.160,-97.008,-37.904,0.310,0.009,0.779,10.749,1.000,0.000,0.0000
1111.170,-97.008,-37.796,0.310,0.009,0.779,10.749,1.000,0.000,0.0000
1111.180,-97.008,-37.688,0.310,0.009,0.778,10.749,1.000,0.000,0.0000
1111.190,-97.008,-37.580,0.310,0.009,0.778,10.749,1.000,0.000,0.0000
1111.200,-97.008,-37.471,0.310,0.009,0.778,10.749,1.000,0.000,0.0000
1111.210,-97.008,-37.362,0.310,0.009,0.778,10.749,1.000,0.000,0.0000
1111.220,-97.008,-37.252,0.310,0.009,0.778,10.749,1.000,0.000,0.0000
1111.230,-97.008,-37.142,0.310,0.009,0.778,10.749,1.000,0.000,0.0000
1111.240,-97.008,-37.032,0.310,0.009,0.778,10.749,1.000,0.000,0.0000
1111.250,-97.008,-36.921,0.310,0.009,0.778,10.749,1.000,0.000,0.0000
1111.260,-97.008,-36.810,0.310,0.010,0.778,10.749,1.000,0.000,0.0000
1111.270,-97.007,-36.698,0.310,0.014,0.778,10.749,1.000,0.000,0.0000
1111.280,-97.007,-36.587,0.311,0.020,0.778,10.749,1.000,0.000,0.0000
1111.290,-97.007,-36.476,0.311,0.028,0.778,10.748,1.000,0.000,0.0000
1111.300,-97.007,-36.365,0.311,0.035,0.777,10.748,1.000,0.000,0.0000
1111.310,-97.007,-36.253,0.312,0.042,0.777,10.748,1.000,0.000,0.0000
1111.320,-97.007,-36.142,0.312,0.047,0.777,10.747,1.000,0.000,0.0000
1111.330,-97.007,-36.031,0.313,0.051,0.777,10.747,1.000,0.000,0.0000
1111.340,-97.007,-35.920,0.313,0.054,0.777,10.746,1.000,0.000,0.0000
1111.350,-97.007,-35.809,0.314,0.056,0.777,10.746,1.000,0.000,0.0000
1111.360,-97.007,-35.697,0.314,0.056,0.777,10.745,1.000,0.000,0.0000
1111.370,-97.007,-35.586,0.315,0.056,0.777,10.745,1.000,0.000,0.0000
1111.380,-97.006,-35.475,0.315,0.056,0.777,10.744,1.000,0.000,0.0000
1111.390,-97.006,-35.364,0.316,0.054,0.777,10.743,1.000,0.000,0.0000
1111.400,-97.006,-35.252,0.316,0.052,0.777,10.743,1.000,0.000,0.0000
1111.410,-97.006,-35.141,0.317,0.049,0.777,10.742,1.000,0.000,0.0000
1111.420,-97.006,-35.030,0.317,0.046,0.777,10.742,1.000,0.000,0.0000
1111.430,-97.006,-34.919,0.318,0.042,0.777,10.742,1.000,0.000,0.0000
1111.440,-97.006,-34.808,0.318,0.038,0.776,10.741,1.000,0.000,0.0000
1111.450,-97.006,-34.696,0.318,0.034,0.776,10.741,1.000,0.000,0.0000
1111.460,-97.006,-34.585,0.319,0.030,0.776,10.741,1.000,0.000,0.0000
1111.470,-97.006,-34.474,0.319,0.026,0.776,10.740,1.000,0.000,0.0000
1111.480,-97.006,-34.363,0.319,0.022,0.776,10.740,1.000,0.000,0.0000
1111.490,-97.005,-34.252,0.319,0.017,0.776,10.740,1.000,0.000,0.0000
1111.500,-97.005,-34.141,0.319,0.014,0.776,10.740,1.000,0.000,0.0000
1111.510,-97.005,-34.030,0.319,0.011,0.776,10.740,1.000,0.000,0.0000
1111.520,-97.005,-33.919,0.319,0.009,0.776,10.740,1.000,0.000,0.0000
1111.530,-97.005,-33.807,0.319,0.009,0.776,10.740,1.000,0.000,0.0000
1111.540,-97.005,-33.696,0.319,0.010,0.776,10.740,1.000,0.000,0.0000
1111.550,-97.005,-33.585,0.319,0.012,0.776,10.740,1.000,0.000,0.0000
1111.560,-97.005,-33.474,0.319,0.014,0.775,10.740,1.000,0.000,0.0000
1111.570,-97.005,-33.363,0.319,0.016,0.775,10.740,1.000,0.000,0.0000
1111.580,-97.005,-33.252,0.319,0.018,0.775,10.740,1.000,0.000,0.0000
1111.590,-97.005,-33.141,0.319,0.020,0.775,10.740,1.000,0.000,0.0000
1111.600,-97.005,-33.030,0.319,0.021,0.775,10.741,1.000,0.000,0.0000
1111.610,-97.004,-32.919,0.318,0.022,0.775,10.741,1.000,0.000,0.0000
1111.620,-97.004,-32.808,0.318,0.022,0.775,10.741,1.000,0.000,0.0000
1111.630,-97.004,-32.697,0.318,0.023,0.775,10.741,1.000,0.000,0.0000
1111.640,-97.004,-32.586,0.318,0.022,0.775,10.741,1.000,0.000,0.0000
1111.650,-97.004,-32.475,0.317,0.022,0.775,10.742,1.000,0.000,0.0000
1111.660,-97.004,-32.364,0.317,0.022,0.774,10.742,1.000,0.000,0.0000
1111.670,-97.004,-32.253,0.317,0.021,0.774,10.742,1.000,0.000,0.0000
1111.680,-97.004,-32.142,0.317,0.020,0.774,10.742,1.000,0.000,0.0000
1111.690,-97.004,-32.030,0.317,0.019,0.774,10.742,1.000,0.000,0.0000
1111.700,-97.004,-31.919,0.317,0.017,0.774,10.742,1.000,0.000,0.0000
1111.710,-97.004,-31.808,0.316,0.016,0.774,10.742,1.000,0.000,0.0000
1111.720,-97.003,-31.697,0.316,0.015,0.774,10.743,1.000,0.000,0.0000
1111.730,-97.003,-31.586,0.316,0.014,0.774,10.743,1.000,0.000,0.0000
1111.740,-97.003,-31.475,0.316,0.012,0.774,10.743,1.000,0.000,0.0000
1111.750,-97.003,-31.364,0.316,0.011,0.774,10.743,1.000,0.000,0.0000
1111.760,-97.003,-31.253,0.316,0.010,0.774,10.743,1.000,0.000,0.0000
1111.770,-97.003,-31.142,0.316,0.010,0.773,10.743,1.000,0.000,0.0000
1111.780,-97.003,-31.031,0.316,0.009,0.773,10.743,1.000,0.000,0.0000
1111.790,-97.003,-30.920,0.316,0.009,0.773,10.743,1.000,0.000,0.0000
1111.800,-97.003,-30.809,0.316,0.009,0.773,10.743,1.000,0.000,0.0000
1111.810,-97.003,-30.697,0.316,0.009,0.773,10.743,1.000,0.000,0.0000
1111.820,-97.003,-30.586,0.316,0.010,0.773,10.743,1.000,0.000,0.0000
1111.830,-97.002,-30.475,0.316,0.010,0.773,10.743,1.000,0.000,0.0000
1111.840,-97.002,-30.364,0.316,0.010,0.773,10.743,1.000,0.000,0.0000
1111.850,-97.002,-30.253,0.316,0.011,0.773,10.743,1.000,0.000,0.0000
1111.860,-97.002,-30.142,0.316,0.011,0.773,10.743,1.000,0.000,0.0000
1111.870,-97.002,-30.031,0.316,0.011,0.773,10.742,1.000,0.000,0.0000
1111.880,-97.002,-29.920,0.316,0.012,0.772,10.742,1.000,0.000,0.0000
1111.890,-97.002,-29.809,0.317,0.012,0.772,10.742,1.000,0.000,0.0000
1111.900,-97.002,-29.697,0.317,0.012,0.772,10.742,1.000,0.000,0.0000
1111.910,-97.002,-29.586,0.317,0.012,0.772,10.742,1.000,0.000,0.0000
1111.920,-97.002,-29.475,0.317,0.012,0.772,10.742,1.000,0.000,0.0000
1111.930,-97.002,-29.364,0.317,0.011,0.772,10.742,1.000,0.000,0.0000
1111.940,-97.001,-29.253,0.317,0.011,0.772,10.742,1.000,0.000,0.0000
1111.950,-97.001,-29.142,0.317,0.011,0.772,10.742,1.000,0.000,0.0000
1111.960,-97.001,-29.031,0.317,0.011,0.772,10.742,1.000,0.000,0.0000
1111.970,-97.001,-28.920,0.317,0.010,0.772,10.742,1.000,0.000,0.0000
1111.980,-97.001,-28.809,0.317,0.010,0.772,10.742,1.000,0.000,0.0000
1111.990,-97.001,-28.697,0.317,0.010,0.772,10.742,1.000,0.000,0.0000
1112.000,-97.001,-28.586,0.317,0.010,0.771,10.742,1.000,0.000,0.0000
1112.010,-97.001,-28.475,0.317,0.009,0.771,10.742,1.000,0.000,0.0000
1112.020,-97.001,-28.364,0.317,0.009,0.771,10.741,1.000,0.000,0.0000
1112.030,-97.001,-28.253,0.317,0.009,0.771,10.741,1.000,0.000,0.0000
1112.040,-97.001,-28.142,0.317,0.009,0.771,10.741,1.000,0.000,0.0000
1112.050,-97.001,-28.031,0.317,0.009,0.771,10.741,1.000,0.000,0.0000
1112.060,-97.000,-27.920,0.317,0.009,0.771,10.741,1.000,0.000,0.0000
1112.070,-97.000,-27.809,0.317,0.009,0.771,10.741,1.000,0.000,0.0000
1112.080,-97.000,-27.698,0.317,0.009,0.771,10.741,1.000,0.000,0.0000
1112.090,-97.000,-27.586,0.317,0.009,0.771,10.741,1.000,0.000,0.0000
1112.100,-97.000,-27.475,0.317,0.009,0.771,10.741,1.000,0.000,0.0000
1112.110,-97.000,-27.364,0.317,0.009,0.770,10.741,1.000,0.000,0.0000
1112.120,-97.000,-27.253,0.317,0.009,0.770,10.741,1.000,0.000,0.0000
1112.130,-97.000,-27.142,0.317,0.009,0.770,10.741,1.000,0.000,0.0000
1112.140,-97.000,-27.031,0.317,0.009,0.770,10.742,1.000,0.000,0.0000
1112.150,-97.000,-26.920,0.317,0.009,0.770,10.742,1.000,0.000,0.0000
1112.160,-97.000,-26.809,0.317,0.009,0.770,10.742,1.000,0.000,0.0000
1112.170,-96.999,-26.698,0.317,0.009,0.770,10.742,1.000,0.000,0.0000
1112.180,-96.999,-26.587,0.317,0.009,0.770,10.742,1.000,0.000,0.0000
1112.190,-96.999,-26.475,0.317,0.009,0.770,10.742,1.000,0.000,0.0000
1112.200,-96.999,-26.364,0.317,0.009,0.770,10.742,1.000,0.000,0.0000
1112.210,-96.999,-26.253,0.317,0.009,0.770,10.742,1.000,0.000,0.0000
1112.220,-96.999,-26.142,0.317,0.009,0.769,10.742,1.000,0.000,0.0000
1112.230,-96.999,-26.031,0.317,0.009,0.769,10.742,1.000,0.000,0.0000
1112.240,-96.999,-25.920,0.317,0.009,0.769,10.742,1.000,0.000,0.0000
1112.250,-96.999,-25.809,0.317,0.009,0.769,10.742,1.000,0.000,0.0000
1112.260,-96.999,-25.698,0.317,0.009,0.769,10.742,1.000,0.000,0.0000
1112.270,-96.999,-25.587,0.317,0.009,0.769,10.742,1.000,0.000,0.0000
1112.280,-96.998,-25.476,0.317,0.009,0.769,10.742,1.000,0.000,0.0000
1112.290,-96.998,-25.365,0.317,0.009,0.769,10.742,1.000,0.000,0.0000
1112.300,-96.998,-25.253,0.317,0.009,0.769,10.742,1.000,0.000,0.0000
1112.310,-96.998,-25.142,0.317,0.009,0.769,10.742,1.000,0.000,0.0000
1112.320,-96.998,-25.031,0.317,0.009,0.769,10.742,1.000,0.000,0.0000
1112.330,-96.998,-24.920,0.317,0.009,0.769,10.742,1.000,0.000,0.0000
1112.340,-96.998,-24.809,0.317,0.009,0.768,10.742,1.000,0.000,0.0000
1112.350,-96.998,-24.698,0.317,0.009,0.768,10.742,1.000,0.000,0.0000
1112.360,-96.998,-24.587,0.317,0.009,0.768,10.742,1.000,0.000,0.0000
1112.370,-96.998,-24.476,0.317,0.009,0.768,10.742,1.000,0.000,0.0000
1112.380,-96.998,-24.365,0.317,0.009,0.768,10.742,1.000,0.000,0.0000
1112.390,-96.998,-24.254,0.317,0.009,0.768,10.742,1.000,0.000,0.0000
1112.400,-96.997,-24.142,0.317,0.009,0.768,10.742,1.000,0.000,0.0000
1112.410,-96.997,-24.031,0.317,0.009,0.768,10.742,1.000,0.000,0.0000
1112.420,-96.997,-23.920,0.317,0.009,0.768,10.742,1.000,0.000,0.0000
1112.430,-96.997,-23.809,0.317,0.009,0.768,10.742,1.000,0.000,0.0000
1112.440,-96.997,-23.698,0.317,0.009,0.768,10.741,1.000,0.000,0.0000
1112.450,-96.997,-23.587,0.317,0.009,0.767,10.741,1.000,0.000,0.0000
1112.460,-96.997,-23.476,0.317,0.009,0.767,10.741,1.000,0.000,0.0000
1112.470,-96.997,-23.365,0.317,0.009,0.767,10.741,1.000,0.000,0.0000
1112.480,-96.997,-23.254,0.317,0.009,0.767,10.741,1.000,0.000,0.0000
1112.490,-96.997,-23.143,0.317,0.009,0.767,10.741,1.000,0.000,0.0000
1112.500,-96.997,-23.031,0.317,0.009,0.767,10.741,1.000,0.000,0.0000
1112.510,-96.996,-22.920,0.317,0.009,0.767,10.741,1.000,0.000,0.0000
1112.520,-96.996,-22.809,0.317,0.009,0.767,10.741,1.000,0.000,0.0000
1112.530,-96.996,-22.698,0.317,0.009,0.767,10.741,1.000,0.000,0.0000
1112.540,-96.996,-22.587,0.317,0.009,0.767,10.741,1.000,0.000,0.0000
1112.550,-96.996,-22.476,0.317,0.009,0.767,10.741,1.000,0.000,0.0000
1112.560,-96.996,-22.365,0.317,0.009,0.766,10.741,1.000,0.000,0.0000
1112.570,-96.996,-22.254,0.317,0.009,0.766,10.741,1.000,0.000,0.0000
1112.580,-96.996,-22.143,0.317,0.009,0.766,10.741,1.000,0.000,0.0000
1112.590,-96.996,-22.032,0.317,0.009,0.766,10.741,1.000,0.000,0.0000
1112.600,-96.996,-21.920,0.317,0.009,0.766,10.741,1.000,0.000,0.0000
1112.610,-96.996,-21.809,0.317,0.009,0.766,10.741,1.000,0.000,0.0000
1112.620,-96.995,-21.698,0.317,0.009,0.766,10.741,1.000,0.000,0.0000
1112.630,-96.995,-21.587,0.317,0.009,0.766,10.741,1.000,0.000,0.0000
1112.640,-96.995,-21.476,0.317,0.009,0.766,10.741,1.000,0.000,0.0000
1112.650,-96.995,-21.365,0.317,0.009,0.766,10.741,1.000,0.000,0.0000
1112.660,-96.995,-21.254,0.317,0.009,0.766,10.741,1.000,0.000,0.0000
1112.670,-96.995,-21.143,0.317,0.009,0.766,10.741,1.000,0.000,0.0000
1112.680,-96.995,-21.032,0.317,0.009,0.765,10.741,1.000,0.000,0.0000
1112.690,-96.995,-20.921,0.317,0.009,0.765,10.741,1.000,0.000,0.0000
1112.700,-96.995,-20.809,0.317,0.009,0.765,10.741,1.000,0.000,0.0000
1112.710,-96.995,-20.698,0.317,0.009,0.765,10.741,1.000,0.000,0.0000
1112.720,-96.995,-20.587,0.317,0.009,0.765,10.741,1.000,0.000,0.0000
1112.730,-96.994,-20.476,0.317,0.009,0.765,10.741,1.000,0.000,0.0000
1112.740,-96.994,-20.365,0.317,0.009,0.765,10.741,1.000,0.000,0.0000
1112.750,-96.994,-20.254,0.317,0.009,0.765,10.741,1.000,0.000,0.0000
1112.760,-96.994,-20.143,0.317,0.009,0.765,10.741,1.000,0.000,0.0000
1112.770,-96.994,-20.032,0.317,0.009,0.765,10.741,1.000,0.000,0.0000
1112.780,-96.994,-19.921,0.317,0.009,0.765,10.741,1.000,0.000,0.0000
1112.790,-96.994,-19.810,0.317,0.009,0.764,10.741,1.000,0.000,0.0000
1112.800,-96.994,-19.698,0.317,0.009,0.764,10.741,1.000,0.000,0.0000
1112.810,-96.994,-19.587,0.317,0.009,0.764,10.741,1.000,0.000,0.0000
1112.820,-96.994,-19.476,0.317,0.009,0.764,10.741,1.000,0.000,0.0000
1112.830,-96.994,-19.365,0.317,0.009,0.764,10.741,1.000,0.000,0.0000
1112.840,-96.994,-19.254,0.317,0.009,0.764,10.741,1.000,0.000,0.0000
1112.850,-96.993,-19.143,0.317,0.009,0.764,10.741,1.000,0.000,0.0000
1112.860,-96.993,-19.032,0.317,0.009,0.764,10.741,1.000,0.000,0.0000
1112.870,-96.993,-18.921,0.317,0.009,0.764,10.741,1.000,0.000,0.0000
1112.880,-96.993,-18.810,0.317,0.009,0.764,10.741,1.000,0.000,0.0000
1112.890,-96.993,-18.699,0.317,0.009,0.764,10.741,1.000,0.000,0.0000
1112.900,-96.993,-18.587,0.317,0.009,0.763,10.741,1.000,0.000,0.0000
1112.910,-96.993,-18.476,0.317,0.009,0.763,10.741,1.000,0.000,0.0000
1112.920,-96.993,-18.365,0.317,0.009,0.763,10.741,1.000,0.000,0.0000
1112.930,-96.993,-18.254,0.317,0.009,0.763,10.741,1.000,0.000,0.0000
1112.940,-96.993,-18.143,0.317,0.009,0.763,10.741,1.000,0.000,0.0000
1112.950,-96.993,-18.032,0.317,0.009,0.763,10.741,1.000,0.000,0.0000
1112.960,-96.992,-17.921,0.317,0.009,0.763,10.741,1.000,0.000,0.0000
1112.970,-96.992,-17.810,0.317,0.009,0.763,10.741,1.000,0.000,0.0000
1112.980,-96.992,-17.699,0.317,0.009,0.763,10.741,1.000,0.000,0.0000
1112.990,-96.992,-17.588,0.317,0.009,0.763,10.741,1.000,0.000,0.0000
1113.000,-96.992,-17.476,0.317,0.009,0.763,10.741,1.000,0.000,0.0000
1113.010,-96.992,-17.365,0.317,0.009,0.762,10.741,1.000,0.000,0.0000
1113.020,-96.992,-17.254,0.317,0.009,0.762,10.741,1.000,0.000,0.0000
1113.030,-96.992,-17.143,0.317,0.009,0.762,10.741,1.000,0.000,0.0000
1113.040,-96.992,-17.032,0.317,0.009,0.762,10.741,1.000,0.000,0.0000
1113.050,-96.992,-16.921,0.317,0.009,0.762,10.741,1.000,0.000,0.0000
1113.060,-96.992,-16.810,0.317,0.009,0.762,10.741,1.000,0.000,0.0000
1113.070,-96.991,-16.699,0.317,0.009,0.762,10.741,1.000,0.000,0.0000
1113.080,-96.991,-16.588,0.317,0.009,0.762,10.741,1.000,0.000,0.0000
1113.090,-96.991,-16.477,0.317,0.009,0.762,10.741,1.000,0.000,0.0000
1113.100,-96.991,-16.366,0.317,0.009,0.762,10.741,1.000,0.000,0.0000
1113.110,-96.991,-16.254,0.317,0.009,0.762,10.741,1.000,0.000,0.0000
1113.120,-96.991,-16.143,0.317,0.009,0.762,10.741,1.000,0.000,0.0000
1113.130,-96.991,-16.032,0.317,0.009,0.761,10.741,1.000,0.000,0.0000
1113.140,-96.991,-15.921,0.317,0.009,0.761,10.741,1.000,0.000,0.0000
1113.150,-96.991,-15.810,0.317,0.009,0.761,10.741,1.000,0.000,0.0000
1113.160,-96.991,-15.699,0.317,0.009,0.761,10.741,1.000,0.000,0.0000
1113.170,-96.991,-15.588,0.317,0.009,0.761,10.741,1.000,0.000,0.0000
1113.180,-96.991,-15.477,0.317,0.009,0.761,10.741,1.000,0.000,0.0000
1113.190,-96.990,-15.366,0.317,0.009,0.761,10.741,1.000,0.000,0.0000
1113.200,-96.990,-15.255,0.317,0.009,0.761,10.741,1.000,0.000,0.0000
1113.210,-96.990,-15.143,0.317,0.009,0.761,10.741,1.000,0.000,0.0000
1113.220,-96.990,-15.032,0.317,0.009,0.761,10.741,1.000,0.000,0.0000
1113.230,-96.990,-14.921,0.317,0.009,0.761,10.741,1.000,0.000,0.0000
1113.240,-96.990,-14.810,0.317,0.009,0.760,10.741,1.000,0.000,0.0000
1113.250,-96.990,-14.699,0.317,0.009,0.760,10.741,1.000,0.000,0.0000
1113.260,-96.990,-14.588,0.317,0.009,0.760,10.741,1.000,0.000,0.0000
1113.270,-96.990,-14.477,0.317,0.009,0.760,10.741,1.000,0.000,0.0000
1113.280,-96.990,-14.366,0.317,0.009,0.760,10.741,1.000,0.000,0.0000
1113.290,-96.990,-14.255,0.317,0.009,0.760,10.741,1.000,0.000,0.0000
1113.300,-96.989,-14.144,0.317,0.009,0.760,10.741,1.000,0.000,0.0000
1113.310,-96.989,-14.032,0.317,0.009,0.760,10.741,1.000,0.000,0.0000
1113.320,-96.989,-13.921,0.317,0.009,0.760,10.741,1.000,0.000,0.0000
1113.330,-96.989,-13.810,0.317,0.009,0.760,10.741,1.000,0.000,0.0000
1113.340,-96.989,-13.699,0.317,0.009,0.760,10.741,1.000,0.000,0.0000
1113.350,-96.989,-13.588,0.317,0.009,0.759,10.741,1.000,0.000,0.0000
1113.360,-96.989,-13.477,0.317,0.009,0.759,10.741,1.000,0.000,0.0000
1113.370,-96.989,-13.366,0.317,0.009,0.759,10.741,1.000,0.000,0.0000
1113.380,-96.989,-13.255,0.317,0.009,0.759,10.741,1.000,0.000,0.0000
1113.390,-96.989,-13.144,0.317,0.009,0.759,10.741,1.000,0.000,0.0000
1113.400,-96.989,-13.033,0.317,0.009,0.759,10.741,1.000,0.000,0.0000
1113.410,-96.988,-12.921,0.317,0.009,0.759,10.741,1.000,0.000,0.0000
1113.420,-96.988,-12.810,0.317,0.009,0.759,10.741,1.000,0.000,0.0000
1113.430,-96.988,-12.699,0.317,0.009,0.759,10.741,1.000,0.000,0.0000
1113.440,-96.988,-12.588,0.317,0.009,0.759,10.741,1.000,0.000,0.0000
1113.450,-96.988,-12.477,0.317,0.009,0.759,10.741,1.000,0.000,0.0000
1113.460,-96.988,-12.366,0.317,0.009,0.759,10.741,1.000,0.000,0.0000
1113.470,-96.988,-12.255,0.317,0.009,0.758,10.741,1.000,0.000,0.0000
1113.480,-96.988,-12.144,0.317,0.009,0.758,10.741,1.000,0.000,0.0000
1113.490,-96.988,-12.033,0.317,0.009,0.758,10.741,1.000,0.000,0.0000
1113.500,-96.988,-11.922,0.317,0.009,0.758,10.741,1.000,0.000,0.0000
1113.510,-96.988,-11.810,0.317,0.009,0.758,10.741,1.000,0.000,0.0000
1113.520,-96.987,-11.699,0.317,0.009,0.758,10.741,1.000,0.000,0.0000
1113.530,-96.987,-11.588,0.317,0.009,0.758,10.741,1.000,0.000,0.0000
1113.540,-96.987,-11.477,0.317,0.009,0.758,10.741,1.000,0.000,0.0000
1113.550,-96.987,-11.366,0.317,0.009,0.758,10.741,1.000,0.000,0.0000
1113.560,-96.987,-11.255,0.317,0.009,0.758,10.741,1.000,0.000,0.0000
1113.570,-96.987,-11.144,0.317,0.009,0.758,10.741,1.000,0.000,0.0000
1113.580,-96.987,-11.033,0.317,0.009,0.757,10.741,1.000,0.000,0.0000
1113.590,-96.987,-10.922,0.317,0.009,0.757,10.741,1.000,0.000,0.0000
1113.600,-96.987,-10.811,0.317,0.009,0.757,10.741,1.000,0.000,0.0000
1113.610,-96.987,-10.699,0.317,0.009,0.757,10.740,1.000,0.000,0.0000
1113.620,-96.987,-10.588,0.317,0.009,0.757,10.740,1.000,0.000,0.0000
1113.630,-96.987,-10.477,0.317,0.009,0.757,10.740,1.000,0.000,0.0000
1113.640,-96.986,-10.366,0.317,0.009,0.757,10.740,1.000,0.000,0.0000
1113.650,-96.986,-10.255,0.317,0.009,0.757,10.740,1.000,0.000,0.0000
1113.660,-96.986,-10.144,0.317,0.009,0.757,10.740,1.000,0.000,0.0000
1113.670,-96.986,-10.033,0.317,0.009,0.757,10.740,1.000,0.000,0.0000
1113.680,-96.986,-9.922,0.317,0.009,0.757,10.740,1.000,0.000,0.0000
1113.690,-96.986,-9.811,0.317,0.009,0.756,10.740,1.000,0.000,0.0000
1113.700,-96.986,-9.700,0.317,0.009,0.756,10.740,1.000,0.000,0.0000
1113.710,-96.986,-9.588,0.317,0.009,0.756,10.740,1.000,0.000,0.0000
1113.720,-96.986,-9.477,0.317,0.009,0.756,10.740,1.000,0.000,0.0000
1113.730,-96.986,-9.366,0.317,0.009,0.756,10.740,1.000,0.000,0.0000
1113.740,-96.986,-9.255,0.317,0.009,0.756,10.740,1.000,0.000,0.0000
1113.750,-96.985,-9.144,0.317,0.009,0.756,10.740,1.000,0.000,0.0000
1113.760,-96.985,-9.033,0.317,0.009,0.756,10.740,1.000,0.000,0.0000
1113.770,-96.985,-8.922,0.317,0.009,0.756,10.740,1.000,0.000,0.0000
1113.780,-96.985,-8.811,0.317,0.009,0.756,10.740,1.000,0.000,0.0000
1113.790,-96.985,-8.700,0.317,0.009,0.756,10.740,1.000,0.000,0.0000
1113.800,-96.985,-8.589,0.317,0.009,0.755,10.740,1.000,0.000,0.0000
1113.810,-96.985,-8.478,0.317,0.009,0.755,10.740,1.000,0.000,0.0000
1113.820,-96.985,-8.366,0.317,0.009,0.755,10.740,1.000,0.000,0.0000
1113.830,-96.985,-8.255,0.317,0.009,0.755,10.740,1.000,0.000,0.0000
1113.840,-96.985,-8.144,0.317,0.009,0.755,10.740,1.000,0.000,0.0000
1113.850,-96.985,-8.033,0.317,0.009,0.755,10.740,1.000,0.000,0.0000
1113.860,-96.984,-7.922,0.317,0.009,0.755,10.740,1.000,0.000,0.0000
1113.870,-96.984,-7.811,0.317,0.009,0.755,10.740,1.000,0.000,0.0000
1113.880,-96.984,-7.700,0.317,0.009,0.755,10.740,1.000,0.000,0.0000
1113.890,-96.984,-7.589,0.317,0.009,0.755,10.740,1.000,0.000,0.0000
1113.900,-96.984,-7.478,0.317,0.009,0.755,10.740,1.000,0.000,0.0000
1113.910,-96.984,-7.367,0.317,0.009,0.755,10.740,1.000,0.000,0.0000
1113.920,-96.984,-7.255,0.317,0.009,0.754,10.740,1.000,0.000,0.0000
1113.930,-96.984,-7.144,0.317,0.009,0.754,10.740,1.000,0.000,0.0000
1113.940,-96.984,-7.033,0.317,0.009,0.754,10.740,1.000,0.000,0.0000
1113.950,-96.984,-6.922,0.317,0.009,0.754,10.740,1.000,0.000,0.0000
1113.960,-96.984,-6.811,0.317,0.009,0.754,10.740,1.000,0.000,0.0000
1113.970,-96.984,-6.700,0.317,0.009,0.754,10.740,1.000,0.000,0.0000
1113.980,-96.983,-6.589,0.317,0.009,0.754,10.740,1.000,0.000,0.0000
1113.990,-96.983,-6.478,0.317,0.009,0.754,10.740,1.000,0.000,0.0000
1114.000,-96.983,-6.367,0.317,0.009,0.754,10.740,1.000,0.000,0.0000
1114.010,-96.983,-6.256,0.317,0.009,0.754,10.740,1.000,0.000,0.0000
1114.020,-96.983,-6.144,0.317,0.009,0.754,10.740,1.000,0.000,0.0000
1114.030,-96.983,-6.033,0.317,0.009,0.753,10.740,1.000,0.000,0.0000
1114.040,-96.983,-5.922,0.317,0.009,0.753,10.740,1.000,0.000,0.0000
1114.050,-96.983,-5.811,0.317,0.009,0.753,10.740,1.000,0.000,0.0000
1114.060,-96.983,-5.700,0.317,0.009,0.753,10.740,1.000,0.000,0.0000
1114.070,-96.983,-5.589,0.317,0.009,0.753,10.740,1.000,0.000,0.0000
1114.080,-96.983,-5.478,0.317,0.009,0.753,10.740,1.000,0.000,0.0000
1114.090,-96.982,-5.367,0.317,0.009,0.753,10.740,1.000,0.000,0.0000
1114.100,-96.982,-5.256,0.317,0.009,0.753,10.740,1.000,0.000,0.0000
1114.110,-96.982,-5.145,0.317,0.009,0.753,10.740,1.000,0.000,0.0000
1114.120,-96.982,-5.033,0.317,0.009,0.753,10.740,1.000,0.000,0.0000
1114.130,-96.982,-4.922,0.317,0.009,0.753,10.740,1.000,0.000,0.0000
1114.140,-96.982,-4.811,0.317,0.009,0.752,10.740,1.000,0.000,0.0000
1114.150,-96.982,-4.700,0.317,0.009,0.752,10.740,1.000,0.000,0.0000
1114.160,-96.982,-4.589,0.317,0.009,0.752,10.740,1.000,0.000,0.0000
1114.170,-96.982,-4.478,0.317,0.009,0.752,10.740,1.000,0.000,0.0000
1114.180,-96.982,-4.367,0.317,0.009,0.752,10.740,1.000,0.000,0.0000
1114.190,-96.982,-4.256,0.317,0.009,0.752,10.740,1.000,0.000,0.0000
1114.200,-96.981,-4.145,0.317,0.009,0.752,10.740,1.000,0.000,0.0000
1114.210,-96.981,-4.034,0.317,0.009,0.752,10.740,1.000,0.000,0.0000
1114.220,-96.981,-3.922,0.317,0.009,0.752,10.740,1.000,0.000,0.0000
1114.230,-96.981,-3.811,0.317,0.009,0.752,10.740,1.000,0.000,0.0000
1114.240,-96.981,-3.700,0.317,0.009,0.752,10.740,1.000,0.000,0.0000
1114.250,-96.981,-3.589,0.317,0.009,0.752,10.740,1.000,0.000,0.0000
1114.260,-96.981,-3.478,0.317,0.009,0.751,10.740,1.000,0.000,0.0000
1114.270,-96.981,-3.367,0.317,0.009,0.751,10.740,1.000,0.000,0.0000
1114.280,-96.981,-3.256,0.317,0.009,0.751,10.740,1.000,0.000,0.0000
1114.290,-96.981,-3.145,0.317,0.009,0.751,10.740,1.000,0.000,0.0000
1114.300,-96.981,-3.034,0.317,0.009,0.751,10.740,1.000,0.000,0.0000
1114.310,-96.980,-2.923,0.317,0.009,0.751,10.740,1.000,0.000,0.0000
1114.320,-96.980,-2.811,0.317,0.009,0.751,10.740,1.000,0.000,0.0000
1114.330,-96.980,-2.700,0.317,0.009,0.751,10.740,1.000,0.000,0.0000
1114.340,-96.980,-2.589,0.317,0.009,0.751,10.740,1.000,0.000,0.0000
1114.350,-96.980,-2.478,0.317,0.009,0.751,10.740,1.000,0.000,0.0000
1114.360,-96.980,-2.367,0.317,0.009,0.751,10.740,1.000,0.000,0.0000
1114.370,-96.980,-2.256,0.317,0.009,0.750,10.740,1.000,0.000,0.0000
1114.380,-96.980,-2.145,0.317,0.009,0.750,10.740,1.000,0.000,0.0000
1114.390,-96.980,-2.034,0.317,0.009,0.750,10.740,1.000,0.000,0.0000
1114.400,-96.980,-1.923,0.317,0.009,0.750,10.740,1.000,0.000,0.0000
1114.410,-96.980,-1.812,0.317,0.009,0.750,10.740,1.000,0.000,0.0000
1114.420,-96.980,-1.700,0.317,0.009,0.750,10.740,1.000,0.000,0.0000
1114.430,-96.979,-1.589,0.317,0.009,0.750,10.740,1.000,0.000,0.0000
1114.440,-96.979,-1.478,0.317,0.009,0.750,10.740,1.000,0.000,0.0000
1114.450,-96.979,-1.367,0.317,0.009,0.750,10.740,1.000,0.000,0.0000
1114.460,-96.979,-1.256,0.317,0.009,0.750,10.740,1.000,0.000,0.0000
1114.470,-96.979,-1.145,0.317,0.009,0.750,10.740,1.000,0.000,0.0000
1114.480,-96.979,-1.034,0.317,0.009,0.749,10.740,1.000,0.000,0.0000
1114.490,-96.979,-0.923,0.317,0.009,0.749,10.740,1.000,0.000,0.0000
1114.500,-96.979,-0.812,0.317,0.009,0.749,10.740,1.000,0.000,0.0000
1114.510,-96.979,-0.701,0.317,0.009,0.749,10.740,1.000,0.000,0.0000
1114.520,-96.979,-0.589,0.317,0.009,0.749,10.740,1.000,0.000,0.0000
1114.530,-96.979,-0.478,0.317,0.009,0.749,10.740,1.000,0.000,0.0000
1114.540,-96.978,-0.367,0.317,0.009,0.749,10.740,1.000,0.000,0.0000
1114.550,-96.978,-0.256,0.317,0.009,0.749,10.740,1.000,0.000,0.0000
1114.560,-96.978,-0.145,0.317,0.009,0.749,10.740,1.000,0.000,0.0000
1114.570,-96.978,-0.034,0.317,0.009,0.749,10.740,1.000,0.000,0.0000
1114.580,-96.978,0.077,0.317,0.009,0.749,10.740,1.000,0.000,0.0000
1114.590,-96.978,0.188,0.317,0.009,0.748,10.740,1.000,0.000,0.0000
1114.600,-96.978,0.299,0.317,0.009,0.748,10.740,1.000,0.000,0.0000
1114.610,-96.978,0.410,0.317,0.009,0.748,10.740,1.000,0.000,0.0000
1114.620,-96.978,0.521,0.317,0.009,0.748,10.740,1.000,0.000,0.0000
1114.630,-96.978,0.633,0.317,0.009,0.748,10.740,1.000,0.000,0.0000
1114.640,-96.978,0.744,0.317,0.009,0.748,10.740,1.000,0.000,0.0000
1114.650,-96.977,0.855,0.317,0.009,0.748,10.740,1.000,0.000,0.0000
1114.660,-96.977,0.966,0.317,0.009,0.748,10.740,1.000,0.000,0.0000
1114.670,-96.977,1.077,0.317,0.009,0.748,10.740,1.000,0.000,0.0000
1114.680,-96.977,1.188,0.317,0.009,0.748,10.740,1.000,0.000,0.0000
1114.690,-96.977,1.299,0.317,0.009,0.748,10.740,1.000,0.000,0.0000
1114.700,-96.977,1.410,0.317,0.009,0.748,10.740,1.000,0.000,0.0000
1114.710,-96.977,1.521,0.317,0.009,0.747,10.740,1.000,0.000,0.0000
1114.720,-96.977,1.632,0.317,0.009,0.747,10.740,1.000,0.000,0.0000
1114.730,-96.977,1.744,0.317,0.009,0.747,10.740,1.000,0.000,0.0000
1114.740,-96.977,1.855,0.317,0.009,0.747,10.740,1.000,0.000,0.0000
1114.750,-96.977,1.966,0.317,0.009,0.747,10.740,1.000,0.000,0.0000
1114.760,-96.977,2.077,0.317,0.009,0.747,10.740,1.000,0.000,0.0000
1114.770,-96.976,2.188,0.317,0.009,0.747,10.740,1.000,0.000,0.0000
1114.780,-96.976,2.299,0.317,0.009,0.747,10.740,1.000,0.000,0.0080
1114.790,-96.976,2.410,0.317,0.006,0.747,10.740,1.000,0.000,0.0160
1114.800,-96.976,2.521,0.317,0.003,0.747,10.740,1.000,0.000,0.0240
1114.810,-96.976,2.632,0.317,0.001,0.747,10.740,1.000,0.000,0.0320
1114.820,-96.976,2.743,0.317,0.004,0.747,10.740,1.000,0.000,0.0400
1114.830,-96.976,2.855,0.317,0.006,0.747,10.740,1.000,0.000,0.0480
1114.840,-96.976,2.966,0.317,0.006,0.747,10.740,1.000,0.000,0.0560
1114.850,-96.976,3.077,0.317,0.005,0.747,10.740,1.000,0.000,0.0640
1114.860,-96.976,3.188,0.317,0.002,0.747,10.740,1.000,0.000,0.0720
1114.870,-96.976,3.299,0.317,0.003,0.747,10.740,1.000,0.000,0.0800
1114.880,-96.976,3.410,0.317,0.010,0.747,10.740,1.000,0.000,0.0880
1114.890,-96.976,3.521,0.317,0.019,0.747,10.740,1.000,0.000,0.0960
1114.900,-96.976,3.632,0.317,0.030,0.746,10.739,1.000,0.000,0.1040
1114.910,-96.975,3.743,0.317,0.045,0.746,10.739,1.000,0.000,0.1120
1114.920,-96.975,3.855,0.317,0.061,0.745,10.739,1.000,0.000,0.1200
1114.930,-96.974,3.966,0.317,0.081,0.744,10.739,1.000,0.000,0.1280
1114.940,-96.973,4.077,0.317,0.103,0.743,10.739,1.000,0.000,0.1360
1114.950,-96.972,4.188,0.317,0.128,0.742,10.739,1.000,0.000,0.1440
1114.960,-96.970,4.300,0.317,0.155,0.741,10.739,1.000,0.000,0.1520
1114.970,-96.968,4.411,0.317,0.186,0.739,10.739,0.940,0.000,0.1600
1114.980,-96.966,4.522,0.317,0.222,0.737,10.739,0.880,0.000,0.1680
1114.990,-96.963,4.632,0.317,0.261,0.734,10.738,0.820,0.000,0.1760
1115.000,-96.960,4.742,0.317,0.300,0.731,10.738,0.760,0.000,0.1460
1115.010,-96.957,4.851,0.318,0.334,0.728,10.737,0.700,0.000,0.1160
1115.020,-96.953,4.960,0.318,0.375,0.724,10.736,0.640,0.000,0.0860
1115.030,-96.949,5.069,0.319,0.421,0.720,10.735,0.580,0.000,0.0560
1115.040,-96.945,5.177,0.319,0.469,0.715,10.734,0.520,0.000,0.0260
1115.050,-96.940,5.285,0.320,0.506,0.710,10.733,0.460,0.000,0.0000
1115.060,-96.934,5.393,0.320,0.535,0.705,10.732,0.400,0.000,0.0000
1115.070,-96.929,5.500,0.321,0.567,0.699,10.731,0.340,0.000,0.0000
1115.080,-96.923,5.607,0.322,0.603,0.693,10.730,0.280,0.000,0.0000
1115.090,-96.916,5.713,0.322,0.640,0.687,10.729,0.220,0.000,0.0000
1115.100,-96.909,5.819,0.323,0.689,0.680,10.728,0.160,0.000,0.0000
1115.110,-96.902,5.925,0.323,0.733,0.673,10.727,0.100,0.000,0.0000
1115.120,-96.894,6.031,0.323,0.766,0.665,10.726,0.040,0.000,0.0000
1115.130,-96.886,6.136,0.324,0.791,0.657,10.725,0.000,0.000,0.0000
1115.140,-96.878,6.241,0.324,0.812,0.649,10.724,0.000,0.000,0.0000
1115.150,-96.870,6.345,0.324,0.838,0.641,10.723,0.000,0.000,0.0000
1115.160,-96.861,6.449,0.325,0.857,0.632,10.722,0.000,0.000,0.0000
1115.170,-96.853,6.553,0.325,0.873,0.624,10.721,0.000,0.000,0.0000
1115.180,-96.844,6.656,0.325,0.885,0.615,10.720,0.000,0.000,0.0000
1115.190,-96.835,6.759,0.325,0.895,0.606,10.719,0.000,0.000,0.0000
1115.200,-96.826,6.861,0.325,0.904,0.597,10.719,0.000,0.000,0.0000
1115.210,-96.817,6.963,0.325,0.911,0.588,10.718,0.000,0.000,0.0000
1115.220,-96.808,7.065,0.325,0.919,0.579,10.717,0.000,0.000,0.0000
1115.230,-96.799,7.166,0.326,0.900,0.570,10.716,0.000,0.000,0.0000
1115.240,-96.790,7.266,0.326,0.898,0.561,10.715,0.000,0.000,0.0000
1115.250,-96.781,7.366,0.326,0.899,0.552,10.715,0.000,0.000,0.0000
1115.260,-96.772,7.465,0.326,0.901,0.543,10.714,0.000,0.000,0.0000
1115.270,-96.763,7.564,0.326,0.903,0.534,10.713,0.000,0.000,0.0000
1115.280,-96.754,7.662,0.326,0.904,0.525,10.713,0.000,0.000,0.0000
1115.290,-96.744,7.761,0.326,0.905,0.516,10.712,0.000,0.000,0.0000
1115.300,-96.735,7.859,0.326,0.903,0.507,10.711,0.000,0.000,0.0000
1115.310,-96.726,7.957,0.326,0.899,0.498,10.711,0.000,0.000,0.0000
1115.320,-96.718,8.055,0.325,0.896,0.489,10.711,0.000,0.000,0.0000
1115.330,-96.709,8.152,0.325,0.903,0.480,10.711,0.000,0.000,0.0000
1115.340,-96.699,8.250,0.325,0.913,0.471,10.710,0.000,0.000,0.0000
1115.350,-96.690,8.346,0.324,0.923,0.461,10.710,0.040,0.000,0.0000
1115.360,-96.681,8.443,0.324,0.929,0.452,10.710,0.080,0.000,0.0000
1115.370,-96.672,8.538,0.324,0.932,0.443,10.709,0.120,0.000,0.0000
1115.380,-96.662,8.634,0.324,0.934,0.434,10.709,0.160,0.000,0.0000
1115.390,-96.653,8.728,0.323,0.935,0.424,10.708,0.200,0.000,0.0000
1115.400,-96.644,8.823,0.323,0.936,0.415,10.708,0.240,0.000,0.0000
1115.410,-96.634,8.916,0.323,0.938,0.405,10.707,0.280,0.000,0.0000
1115.420,-96.625,9.010,0.323,0.942,0.396,10.707,0.320,0.000,0.0000
1115.430,-96.615,9.102,0.323,0.946,0.387,10.706,0.360,0.000,0.0080
1115.440,-96.606,9.195,0.323,0.949,0.377,10.706,0.400,0.000,0.0160
1115.450,-96.596,9.288,0.323,0.950,0.368,10.706,0.440,0.000,0.0240
1115.460,-96.587,9.380,0.323,0.952,0.358,10.705,0.480,0.000,0.0320
1115.470,-96.577,9.472,0.323,0.957,0.349,10.705,0.520,0.000,0.0400
1115.480,-96.568,9.564,0.323,0.961,0.339,10.704,0.560,0.000,0.0480
1115.490,-96.558,9.655,0.323,0.963,0.330,10.704,0.600,0.000,0.0560
1115.500,-96.548,9.746,0.322,0.961,0.320,10.704,0.640,0.000,0.0640
1115.510,-96.539,9.836,0.322,0.958,0.310,10.703,0.680,0.000,0.0720
1115.520,-96.529,9.926,0.322,0.954,0.301,10.703,0.720,0.000,0.0800
1115.530,-96.520,10.016,0.323,0.951,0.292,10.702,0.660,0.000,0.0880
1115.540,-96.510,10.105,0.323,0.949,0.282,10.702,0.600,0.000,0.0960
1115.550,-96.501,10.194,0.323,0.952,0.273,10.701,0.540,0.000,0.1040
1115.560,-96.491,10.282,0.323,0.961,0.263,10.701,0.480,0.000,0.1120
1115.570,-96.481,10.370,0.323,0.973,0.253,10.700,0.420,0.000,0.1200
1115.580,-96.471,10.457,0.323,0.987,0.244,10.700,0.360,0.000,0.1280
1115.590,-96.461,10.544,0.323,1.001,0.234,10.699,0.300,0.000,0.1360
1115.600,-96.451,10.631,0.323,1.015,0.224,10.698,0.240,0.000,0.1440
1115.610,-96.441,10.716,0.323,1.029,0.214,10.698,0.180,0.000,0.1520
1115.620,-96.431,10.801,0.324,1.044,0.203,10.697,0.120,0.000,0.1600
1115.630,-96.420,10.885,0.324,1.059,0.193,10.696,0.060,0.000,0.1680
1115.640,-96.409,10.969,0.325,1.075,0.183,10.695,0.000,0.000,0.1760
1115.650,-96.398,11.051,0.325,1.091,0.172,10.694,0.000,0.000,0.1840
1115.660,-96.387,11.133,0.326,1.111,0.161,10.693,0.000,0.000,0.1920
1115.670,-96.376,11.215,0.326,1.133,0.150,10.693,0.000,0.000,0.2000
1115.680,-96.364,11.296,0.326,1.150,0.139,10.692,0.000,0.000,0.2080
1115.690,-96.353,11.376,0.327,1.170,0.128,10.691,0.000,0.000,0.2160
1115.700,-96.341,11.456,0.327,1.194,0.117,10.690,0.000,0.000,0.2240
1115.710,-96.329,11.536,0.327,1.220,0.105,10.690,0.000,0.000,0.2320
1115.720,-96.316,11.614,0.328,1.247,0.094,10.689,0.000,0.000,0.2400
1115.730,-96.303,11.693,0.328,1.276,0.083,10.689,0.000,0.000,0.2480
1115.740,-96.290,11.771,0.328,1.304,0.071,10.688,0.000,0.000,0.2560
1115.750,-96.277,11.849,0.328,1.333,0.060,10.688,0.000,0.000,0.2640
1115.760,-96.263,11.926,0.327,1.363,0.050,10.688,0.000,0.000,0.2720
1115.770,-96.249,12.003,0.327,1.392,0.042,10.688,0.000,0.000,0.2800
1115.780,-96.235,12.079,0.327,1.422,0.038,10.687,0.000,0.000,0.2880
1115.790,-96.221,12.155,0.327,1.452,0.038,10.687,0.000,0.000,0.2960
1115.800,-96.206,12.230,0.327,1.482,0.044,10.687,0.000,0.000,0.3040
1115.810,-96.191,12.305,0.327,1.512,0.054,10.687,0.000,0.000,0.3120
1115.820,-96.175,12.378,0.327,1.535,0.066,10.687,0.000,0.000,0.3200
1115.830,-96.160,12.451,0.327,1.563,0.079,10.687,0.000,0.000,0.3280
1115.840,-96.144,12.524,0.326,1.594,0.094,10.686,0.000,0.000,0.3360
1115.850,-96.128,12.596,0.326,1.628,0.109,10.686,0.000,0.000,0.3440
1115.860,-96.111,12.667,0.326,1.662,0.124,10.686,0.000,0.000,0.3520
1115.870,-96.094,12.738,0.326,1.723,0.141,10.686,0.000,0.000,0.3600
1115.880,-96.076,12.808,0.326,1.775,0.158,10.686,0.000,0.000,0.3680
1115.890,-96.058,12.877,0.326,1.787,0.176,10.686,0.000,0.000,0.3760
1115.900,-96.040,12.946,0.326,1.838,0.194,10.686,0.000,0.000,0.3840
1115.910,-96.021,13.014,0.326,1.882,0.212,10.686,0.000,0.000,0.3920
1115.920,-96.002,13.081,0.326,1.888,0.231,10.686,0.000,0.000,0.4000
1115.930,-95.983,13.148,0.326,1.934,0.250,10.686,0.000,0.000,0.4080
1115.940,-95.963,13.213,0.326,1.945,0.269,10.686,0.000,0.000,0.4160
1115.950,-95.944,13.278,0.327,1.966,0.289,10.686,0.000,0.000,0.4240
1115.960,-95.924,13.342,0.327,1.994,0.309,10.685,0.000,0.000,0.4320
1115.970,-95.903,13.405,0.327,2.024,0.329,10.685,0.000,0.000,0.4400
1115.980,-95.883,13.467,0.327,2.056,0.349,10.685,0.000,0.000,0.4480
1115.990,-95.862,13.529,0.328,2.089,0.370,10.685,0.000,0.000,0.4560
1116.000,-95.841,13.590,0.328,2.121,0.391,10.685,0.000,0.000,0.4640
1116.010,-95.819,13.650,0.328,2.153,0.412,10.685,0.000,0.000,0.4720
1116.020,-95.797,13.709,0.328,2.184,0.434,10.686,0.000,0.000,0.4420
1116.030,-95.775,13.768,0.328,2.219,0.456,10.686,0.000,0.000,0.4120
1116.040,-95.753,13.826,0.329,2.259,0.479,10.686,0.000,0.000,0.3820
1116.050,-95.730,13.884,0.328,2.303,0.502,10.687,0.000,0.000,0.3520
1116.060,-95.706,13.942,0.328,2.349,0.525,10.688,0.000,0.000,0.3220
1116.070,-95.682,13.999,0.328,2.396,0.549,10.689,0.000,0.000,0.2920
1116.080,-95.658,14.056,0.328,2.442,0.573,10.690,0.000,0.000,0.2620
1116.090,-95.633,14.113,0.327,2.488,0.598,10.691,0.000,0.000,0.2320
1116.100,-95.608,14.169,0.327,2.534,0.624,10.693,0.000,0.000,0.2020
1116.110,-95.582,14.225,0.326,2.579,0.649,10.694,0.000,0.000,0.1720
1116.120,-95.556,14.281,0.325,2.604,0.675,10.696,0.000,0.000,0.1420
1116.130,-95.529,14.336,0.324,2.629,0.701,10.698,0.000,0.000,0.1120
1116.140,-95.503,14.392,0.324,2.650,0.728,10.700,0.000,0.000,0.0820
1116.150,-95.476,14.447,0.323,2.675,0.754,10.702,0.000,0.000,0.0520
1116.160,-95.449,14.501,0.322,2.698,0.781,10.704,0.000,0.000,0.0220
1116.170,-95.422,14.556,0.322,2.719,0.809,10.706,0.000,0.000,0.0000
1116.180,-95.395,14.610,0.321,2.738,0.836,10.708,0.000,0.000,0.0000
1116.190,-95.367,14.664,0.320,2.768,0.863,10.710,0.000,0.000,0.0000
1116.200,-95.339,14.718,0.320,2.793,0.891,10.713,0.000,0.000,0.0000
1116.210,-95.311,14.772,0.319,2.813,0.919,10.715,0.000,0.000,0.0000
1116.220,-95.283,14.826,0.318,2.830,0.948,10.718,0.000,0.000,0.0000
1116.230,-95.254,14.880,0.318,2.841,0.976,10.720,0.000,0.000,0.0000
1116.240,-95.226,14.933,0.317,2.843,1.004,10.723,0.000,0.000,0.0000
1116.250,-95.197,14.986,0.317,2.845,1.033,10.725,0.000,0.000,0.0000
1116.260,-95.169,15.039,0.317,2.850,1.061,10.727,0.000,0.000,0.0000
1116.270,-95.140,15.091,0.317,2.857,1.090,10.730,0.000,0.000,0.0000
1116.280,-95.112,15.143,0.316,2.865,1.119,10.732,0.000,0.000,0.0000
1116.290,-95.083,15.195,0.316,2.869,1.147,10.735,0.000,0.000,0.0000
1116.300,-95.054,15.247,0.316,2.866,1.176,10.737,0.000,0.000,0.0000
1116.310,-95.026,15.299,0.316,2.858,1.205,10.740,0.000,0.000,0.0000
1116.320,-94.997,15.350,0.317,2.847,1.233,10.742,0.040,0.000,0.0000
1116.330,-94.969,15.401,0.317,2.834,1.261,10.745,0.080,0.000,0.0000
1116.340,-94.941,15.452,0.317,2.819,1.290,10.747,0.120,0.000,0.0000
1116.350,-94.913,15.502,0.317,2.804,1.318,10.750,0.160,0.000,0.0000
1116.360,-94.885,15.552,0.318,2.787,1.345,10.752,0.200,0.000,0.0000
1116.370,-94.857,15.601,0.318,2.771,1.373,10.754,0.240,0.000,0.0000
1116.380,-94.830,15.651,0.319,2.753,1.401,10.757,0.280,0.000,0.0000
1116.390,-94.802,15.699,0.320,2.735,1.428,10.759,0.320,0.000,0.0000
1116.400,-94.775,15.748,0.320,2.717,1.455,10.762,0.360,0.000,0.0000
1116.410,-94.748,15.796,0.321,2.699,1.482,10.764,0.400,0.000,0.0000
1116.420,-94.721,15.843,0.321,2.685,1.509,10.767,0.440,0.000,0.0000
1116.430,-94.695,15.890,0.322,2.667,1.536,10.769,0.480,0.000,0.0000
1116.440,-94.668,15.937,0.323,2.656,1.562,10.772,0.520,0.000,0.0000
1116.450,-94.642,15.984,0.323,2.652,1.589,10.775,0.560,0.000,0.0000
1116.460,-94.615,16.031,0.324,2.656,1.615,10.778,0.600,0.000,0.0000
1116.470,-94.589,16.078,0.324,2.638,1.642,10.781,0.640,0.000,0.0000
1116.480,-94.562,16.125,0.324,2.636,1.668,10.784,0.680,0.000,0.0000
1116.490,-94.536,16.172,0.324,2.645,1.695,10.788,0.720,0.000,0.0000
1116.500,-94.509,16.219,0.324,2.662,1.721,10.792,0.760,0.000,0.0000
1116.510,-94.482,16.267,0.323,2.684,1.748,10.796,0.800,0.000,0.0000
1116.520,-94.455,16.314,0.323,2.713,1.775,10.801,0.840,0.000,0.0000
1116.530,-94.428,16.363,0.322,2.748,1.803,10.805,0.880,0.000,0.0000
1116.540,-94.400,16.412,0.321,2.783,1.830,10.810,0.920,0.000,0.0000
1116.550,-94.372,16.461,0.320,2.814,1.858,10.816,0.960,0.000,0.0000
1116.560,-94.343,16.511,0.318,2.842,1.887,10.821,1.000,0.000,0.0000
1116.570,-94.315,16.561,0.317,2.868,1.915,10.827,1.000,0.000,0.0000
1116.580,-94.286,16.611,0.316,2.892,1.944,10.832,1.000,0.000,0.0000
1116.590,-94.257,16.662,0.315,2.916,1.973,10.838,1.000,0.000,0.0000
1116.600,-94.227,16.713,0.314,2.939,2.003,10.844,1.000,0.000,0.0000
1116.610,-94.198,16.764,0.312,2.961,2.032,10.850,1.000,0.000,0.0000
1116.620,-94.168,16.815,0.311,2.977,2.062,10.856,1.000,0.000,0.0000
1116.630,-94.138,16.867,0.310,3.003,2.092,10.862,1.000,0.000,0.0000
1116.640,-94.108,16.919,0.309,3.031,2.122,10.869,1.000,0.000,0.0000
1116.650,-94.077,16.972,0.309,3.059,2.153,10.875,1.000,0.000,0.0000
1116.660,-94.046,17.025,0.308,3.086,2.184,10.881,1.000,0.000,0.0000
1116.670,-94.015,17.078,0.307,3.112,2.215,10.887,1.000,0.000,0.0000
1116.680,-93.984,17.131,0.306,3.138,2.246,10.894,1.000,0.000,0.0000
1116.690,-93.952,17.185,0.306,3.163,2.278,10.900,1.000,0.000,0.0000
1116.700,-93.920,17.239,0.306,3.188,2.310,10.907,1.000,0.000,0.0000
1116.710,-93.888,17.293,0.305,3.214,2.342,10.913,1.000,0.000,0.0000
1116.720,-93.856,17.348,0.305,3.237,2.374,10.919,1.000,0.000,0.0000
1116.730,-93.823,17.403,0.305,3.259,2.407,10.926,1.000,0.000,0.0000
1116.740,-93.790,17.458,0.305,3.282,2.440,10.933,1.000,0.000,0.0000
1116.750,-93.757,17.514,0.305,3.305,2.473,10.939,1.000,0.000,0.0000
1116.760,-93.724,17.570,0.305,3.329,2.506,10.946,1.000,0.000,0.0000
1116.770,-93.691,17.626,0.306,3.353,2.539,10.953,1.000,0.000,0.0000
1116.780,-93.657,17.682,0.306,3.378,2.573,10.960,1.000,0.000,0.0000
1116.790,-93.623,17.739,0.306,3.402,2.607,10.967,1.000,0.000,0.0000
1116.800,-93.589,17.797,0.307,3.425,2.642,10.974,1.000,0.000,0.0000
1116.810,-93.554,17.854,0.307,3.460,2.676,10.981,1.000,0.000,0.0000
1116.820,-93.519,17.912,0.307,3.486,2.711,10.989,1.000,0.000,0.0000
1116.830,-93.484,17.971,0.308,3.509,2.746,10.996,1.000,0.000,0.0000
1116.840,-93.449,18.030,0.308,3.531,2.781,11.004,1.000,0.000,0.0000
1116.850,-93.413,18.089,0.308,3.554,2.817,11.012,1.000,0.000,0.0000
1116.860,-93.377,18.149,0.309,3.576,2.853,11.020,1.000,0.000,0.0000
1116.870,-93.341,18.209,0.309,3.598,2.889,11.028,1.000,0.000,0.0000
1116.880,-93.305,18.269,0.309,3.620,2.925,11.037,1.000,0.000,0.0000
1116.890,-93.269,18.330,0.310,3.629,2.961,11.045,1.000,0.000,0.0000
1116.900,-93.232,18.391,0.310,3.643,2.998,11.054,1.000,0.000,0.0000
1116.910,-93.196,18.452,0.310,3.665,3.034,11.063,1.000,0.000,0.0000
1116.920,-93.159,18.513,0.311,3.689,3.071,11.072,1.000,0.000,0.0000
1116.930,-93.122,18.575,0.311,3.713,3.108,11.081,1.000,0.000,0.0000
1116.940,-93.084,18.637,0.311,3.737,3.146,11.091,1.000,0.000,0.0000
1116.950,-93.047,18.700,0.311,3.762,3.183,11.101,1.000,0.000,0.0000
1116.960,-93.009,18.762,0.311,3.786,3.221,11.111,1.000,0.000,0.0000
1116.970,-92.971,18.826,0.312,3.802,3.259,11.121,1.000,0.000,0.0000
1116.980,-92.933,18.889,0.312,3.829,3.297,11.131,1.000,0.000,0.0000
1116.990,-92.894,18.953,0.312,3.860,3.336,11.142,1.000,0.000,0.0000
1117.000,-92.855,19.018,0.312,3.891,3.375,11.153,1.000,0.000,0.0000
1117.010,-92.816,19.082,0.312,3.922,3.414,11.164,1.000,0.000,0.0000
1117.020,-92.776,19.147,0.312,3.950,3.454,11.175,1.000,0.000,0.0000
1117.030,-92.737,19.213,0.311,3.978,3.493,11.187,1.000,0.000,0.0000
1117.040,-92.697,19.278,0.311,4.004,3.533,11.199,1.000,0.000,0.0000
1117.050,-92.656,19.344,0.311,4.029,3.574,11.211,1.000,0.000,0.0000
1117.060,-92.616,19.410,0.311,4.054,3.614,11.223,1.000,0.000,0.0000
1117.070,-92.575,19.476,0.311,4.074,3.655,11.236,1.000,0.000,0.0000
1117.080,-92.534,19.543,0.311,4.095,3.696,11.248,1.000,0.000,0.0000
1117.090,-92.493,19.609,0.311,4.116,3.737,11.261,1.000,0.000,0.0000
1117.100,-92.452,19.676,0.311,4.139,3.779,11.274,1.000,0.000,0.0000
1117.110,-92.410,19.744,0.311,4.163,3.820,11.287,1.000,0.000,0.0000
1117.120,-92.368,19.811,0.311,4.199,3.862,11.301,1.000,0.000,0.0000
1117.130,-92.326,19.879,0.311,4.226,3.904,11.314,1.000,0.000,0.0000
1117.140,-92.283,19.947,0.311,4.251,3.947,11.328,1.000,0.000,0.0000
1117.150,-92.240,20.016,0.311,4.276,3.990,11.343,1.000,0.000,0.0000
1117.160,-92.197,20.085,0.310,4.300,4.033,11.357,1.000,0.000,0.0000
1117.170,-92.154,20.155,0.310,4.324,4.076,11.372,1.000,0.000,0.0000
1117.180,-92.111,20.224,0.310,4.348,4.119,11.387,1.000,0.000,0.0000
1117.190,-92.067,20.294,0.310,4.370,4.163,11.402,1.000,0.000,0.0000
1117.200,-92.023,20.365,0.310,4.392,4.207,11.417,1.000,0.000,0.0000
1117.210,-91.979,20.435,0.310,4.413,4.251,11.433,1.000,0.000,0.0000
1117.220,-91.935,20.506,0.310,4.424,4.295,11.448,1.000,0.000,0.0000
1117.230,-91.890,20.578,0.310,4.441,4.340,11.464,1.000,0.000,0.0000
1117.240,-91.846,20.649,0.310,4.463,4.384,11.480,1.000,0.000,0.0000
1117.250,-91.801,20.721,0.310,4.486,4.429,11.496,1.000,0.000,0.0000
1117.260,-91.756,20.793,0.310,4.503,4.474,11.513,1.000,0.000,0.0000
1117.270,-91.710,20.866,0.310,4.532,4.520,11.530,1.000,0.000,0.0080
1117.280,-91.665,20.939,0.310,4.566,4.565,11.547,1.000,0.000,0.0160
1117.290,-91.619,21.012,0.310,4.601,4.611,11.564,1.000,0.000,0.0240
1117.300,-91.572,21.086,0.310,4.635,4.658,11.582,1.000,0.000,0.0320
1117.310,-91.526,21.160,0.310,4.667,4.704,11.600,1.000,0.000,0.0400
1117.320,-91.479,21.235,0.310,4.698,4.751,11.618,1.000,0.000,0.0480
1117.330,-91.431,21.309,0.309,4.727,4.799,11.637,1.000,0.000,0.0560
1117.340,-91.384,21.385,0.309,4.756,4.846,11.656,1.000,0.000,0.0640
1117.350,-91.336,21.460,0.309,4.784,4.894,11.675,1.000,0.000,0.0720
1117.360,-91.288,21.535,0.309,4.798,4.942,11.694,1.000,0.000,0.0800
1117.370,-91.240,21.611,0.309,4.812,4.990,11.713,1.000,0.000,0.0880
1117.380,-91.192,21.687,0.310,4.831,5.038,11.733,1.000,0.000,0.0960
1117.390,-91.143,21.762,0.310,4.869,5.087,11.753,1.000,0.000,0.1040
1117.400,-91.094,21.839,0.310,4.905,5.136,11.773,1.000,0.000,0.1120
1117.410,-91.045,21.915,0.310,4.943,5.186,11.794,1.000,0.000,0.1200
1117.420,-90.995,21.992,0.310,4.982,5.235,11.815,1.000,0.000,0.1280
1117.430,-90.944,22.069,0.310,5.023,5.286,11.836,1.000,0.000,0.1360
1117.440,-90.894,22.147,0.310,5.064,5.336,11.858,1.000,0.000,0.1440
1117.450,-90.843,22.225,0.310,5.106,5.387,11.880,1.000,0.000,0.1520
1117.460,-90.791,22.303,0.310,5.147,5.439,11.902,1.000,0.000,0.1600
1117.470,-90.739,22.381,0.310,5.188,5.491,11.925,1.000,0.000,0.1680
1117.480,-90.687,22.459,0.310,5.229,5.543,11.948,1.000,0.000,0.1760
1117.490,-90.634,22.538,0.310,5.270,5.596,11.971,1.000,0.000,0.1840
1117.500,-90.581,22.616,0.311,5.292,5.649,11.995,1.000,0.000,0.1920
1117.510,-90.528,22.693,0.311,5.317,5.702,12.019,0.940,0.000,0.2000
1117.520,-90.474,22.771,0.311,5.386,5.756,12.043,0.880,0.000,0.2080
1117.530,-90.420,22.849,0.311,5.452,5.810,12.068,0.820,0.000,0.2160
1117.540,-90.365,22.927,0.312,5.502,5.865,12.094,0.860,0.000,0.2240
1117.550,-90.310,23.005,0.312,5.540,5.921,12.119,0.900,0.000,0.2320
1117.560,-90.254,23.083,0.312,5.585,5.976,12.145,0.940,0.000,0.2020
1117.570,-90.197,23.160,0.312,5.631,6.033,12.172,0.980,0.000,0.1720
1117.580,-90.141,23.238,0.313,5.676,6.089,12.199,1.000,0.000,0.1420
1117.590,-90.083,23.316,0.313,5.722,6.147,12.226,1.000,0.000,0.1120
1117.600,-90.026,23.393,0.313,5.778,6.204,12.254,1.000,0.000,0.0820
1117.610,-89.967,23.471,0.313,5.836,6.263,12.282,1.000,0.000,0.0520
1117.620,-89.908,23.548,0.313,5.906,6.322,12.311,1.000,0.000,0.0220
1117.630,-89.848,23.626,0.313,5.984,6.382,12.341,1.000,0.000,0.0000
1117.640,-89.788,23.704,0.313,6.066,6.442,12.372,1.000,0.000,0.0000
1117.650,-89.726,23.782,0.313,6.137,6.504,12.403,1.000,0.000,0.0000
1117.660,-89.664,23.859,0.313,6.202,6.566,12.434,1.000,0.000,0.0000
1117.670,-89.602,23.938,0.313,6.264,6.628,12.466,1.000,0.000,0.0000
1117.680,-89.538,24.016,0.312,6.323,6.692,12.499,1.000,0.000,0.0000
1117.690,-89.475,24.094,0.312,6.380,6.755,12.533,1.000,0.000,0.0000
1117.700,-89.410,24.173,0.312,6.434,6.820,12.567,1.000,0.000,0.0000
1117.710,-89.346,24.252,0.311,6.477,6.885,12.601,1.000,0.000,0.0000
1117.720,-89.280,24.331,0.311,6.528,6.950,12.636,1.000,0.000,0.0000
1117.730,-89.214,24.410,0.311,6.576,7.016,12.671,1.000,0.000,0.0000
1117.740,-89.148,24.490,0.310,6.623,7.082,12.707,1.000,0.000,0.0000
1117.750,-89.082,24.569,0.310,6.668,7.148,12.743,1.000,0.000,0.0000
1117.760,-89.014,24.649,0.310,6.712,7.216,12.780,1.000,0.000,0.0000
1117.770,-88.947,24.729,0.309,6.754,7.283,12.818,1.000,0.000,0.0000
1117.780,-88.879,24.810,0.309,6.794,7.351,12.855,1.000,0.000,0.0000
1117.790,-88.811,24.890,0.309,6.829,7.419,12.893,1.000,0.000,0.0000
1117.800,-88.742,24.971,0.309,6.850,7.488,12.932,1.000,0.000,0.0000
1117.810,-88.673,25.051,0.309,6.874,7.557,12.971,1.000,0.000,0.0000
1117.820,-88.604,25.132,0.309,6.901,7.626,13.010,1.000,0.000,0.0000
1117.830,-88.535,25.213,0.309,6.928,7.695,13.049,1.000,0.000,0.0000
1117.840,-88.466,25.294,0.309,6.960,7.764,13.089,1.000,0.000,0.0000
1117.850,-88.396,25.375,0.309,6.936,7.834,13.129,1.000,0.000,0.0000
1117.860,-88.327,25.455,0.310,6.953,7.903,13.169,1.000,0.000,0.0000
1117.870,-88.257,25.536,0.310,6.984,7.973,13.210,1.000,0.000,0.0000
1117.880,-88.187,25.618,0.310,7.021,8.043,13.251,1.000,0.000,0.0000
1117.890,-88.116,25.700,0.310,7.057,8.114,13.292,1.000,0.000,0.0000
1117.900,-88.045,25.782,0.311,7.090,8.185,13.334,1.000,0.000,0.0000
1117.910,-87.974,25.864,0.311,7.118,8.256,13.377,1.000,0.000,0.0000
1117.920,-87.903,25.946,0.311,7.142,8.327,13.419,1.000,0.000,0.0000
1117.930,-87.831,26.028,0.311,7.163,8.399,13.462,1.000,0.000,0.0000
1117.940,-87.759,26.111,0.312,7.180,8.471,13.506,1.000,0.000,0.0000
1117.950,-87.687,26.193,0.312,7.190,8.543,13.550,1.000,0.000,0.0000
1117.960,-87.615,26.276,0.312,7.207,8.615,13.594,1.000,0.000,0.0000
1117.970,-87.543,26.359,0.313,7.228,8.687,13.638,1.000,0.000,0.0000
1117.980,-87.470,26.442,0.313,7.250,8.760,13.683,1.000,0.000,0.0000
1117.990,-87.398,26.525,0.313,7.273,8.832,13.728,1.000,0.000,0.0000
1118.000,-87.325,26.608,0.313,7.293,8.905,13.774,1.000,0.000,0.0000
1118.010,-87.252,26.691,0.313,7.307,8.978,13.820,1.000,0.000,0.0000
1118.020,-87.178,26.774,0.314,7.322,9.052,13.866,1.000,0.000,0.0000
1118.030,-87.105,26.858,0.314,7.338,9.125,13.913,1.000,0.000,0.0000
1118.040,-87.032,26.941,0.314,7.352,9.199,13.960,1.000,0.000,0.0000
1118.050,-86.958,27.025,0.314,7.361,9.272,14.007,1.000,0.000,0.0000
1118.060,-86.884,27.108,0.314,7.363,9.346,14.055,1.000,0.000,0.0000
1118.070,-86.811,27.192,0.315,7.363,9.419,14.102,1.000,0.000,0.0000
1118.080,-86.737,27.276,0.315,7.363,9.493,14.150,1.000,0.000,0.0000
1118.090,-86.663,27.360,0.315,7.365,9.567,14.198,1.000,0.000,0.0080
1118.100,-86.590,27.443,0.315,7.358,9.640,14.247,1.000,0.000,0.0160
1118.110,-86.516,27.527,0.316,7.355,9.714,14.295,1.000,0.000,0.0240
1118.120,-86.443,27.611,0.316,7.355,9.787,14.344,1.000,0.000,0.0320
1118.130,-86.369,27.695,0.316,7.356,9.861,14.393,1.000,0.000,0.0400
1118.140,-86.296,27.779,0.316,7.358,9.934,14.442,1.000,0.000,0.0480
1118.150,-86.222,27.862,0.317,7.359,10.008,14.491,1.000,0.000,0.0560
1118.160,-86.149,27.946,0.317,7.347,10.082,14.541,1.000,0.000,0.0640
1118.170,-86.075,28.029,0.317,7.341,10.155,14.591,1.000,0.000,0.0720
1118.180,-86.002,28.113,0.317,7.339,10.228,14.640,1.000,0.000,0.0800
1118.190,-85.928,28.196,0.318,7.342,10.302,14.690,1.000,0.000,0.0880
1118.200,-85.855,28.279,0.318,7.347,10.375,14.741,1.000,0.000,0.0960
1118.210,-85.781,28.362,0.318,7.355,10.449,14.791,1.000,0.000,0.1040
1118.220,-85.707,28.445,0.318,7.379,10.523,14.842,1.000,0.000,0.1120
1118.230,-85.633,28.528,0.318,7.404,10.597,14.894,1.000,0.000,0.1200
1118.240,-85.559,28.611,0.318,7.425,10.671,14.945,1.000,0.000,0.1280
1118.250,-85.485,28.693,0.318,7.444,10.745,14.997,1.000,0.000,0.1360
1118.260,-85.410,28.776,0.318,7.459,10.820,15.050,1.000,0.000,0.1440
1118.270,-85.335,28.859,0.318,7.490,10.895,15.103,1.000,0.000,0.1520
1118.280,-85.260,28.941,0.318,7.523,10.970,15.156,1.000,0.000,0.1600
1118.290,-85.184,29.024,0.318,7.558,11.046,15.210,1.000,0.000,0.1680
1118.300,-85.109,29.107,0.318,7.569,11.121,15.264,1.000,0.000,0.1760
1118.310,-85.033,29.189,0.317,7.568,11.197,15.318,1.000,0.000,0.1840
1118.320,-84.957,29.270,0.317,7.569,11.273,15.372,1.000,0.000,0.1920
1118.330,-84.882,29.351,0.317,7.580,11.348,15.427,1.000,0.000,0.2000
1118.340,-84.806,29.432,0.318,7.600,11.424,15.482,1.000,0.000,0.2080
1118.350,-84.730,29.511,0.318,7.592,11.500,15.537,1.000,0.000,0.2160
1118.360,-84.654,29.590,0.318,7.585,11.576,15.591,1.000,0.000,0.2240
1118.370,-84.578,29.668,0.319,7.595,11.652,15.646,1.000,0.000,0.2320
1118.380,-84.502,29.746,0.319,7.619,11.728,15.702,1.000,0.000,0.2400
1118.390,-84.425,29.823,0.320,7.654,11.805,15.758,1.000,0.000,0.2480
1118.400,-84.348,29.900,0.320,7.696,11.882,15.814,1.000,0.000,0.2560
1118.410,-84.271,29.976,0.320,7.741,11.959,15.871,1.000,0.000,0.2640
1118.420,-84.193,30.051,0.321,7.786,12.037,15.928,1.000,0.000,0.2720
1118.430,-84.115,30.126,0.321,7.829,12.115,15.986,1.000,0.000,0.2800
1118.440,-84.036,30.200,0.321,7.870,12.194,16.045,1.000,0.000,0.2500
1118.450,-83.957,30.274,0.322,7.921,12.273,16.104,1.000,0.000,0.2200
1118.460,-83.877,30.347,0.322,7.981,12.353,16.163,1.000,0.000,0.1900
1118.470,-83.796,30.419,0.322,8.047,12.434,16.224,1.000,0.000,0.1600
1118.480,-83.715,30.490,0.322,8.116,12.515,16.285,1.000,0.000,0.1300
1118.490,-83.633,30.561,0.322,8.203,12.597,16.347,1.000,0.000,0.1000
1118.500,-83.550,30.632,0.322,8.289,12.680,16.409,1.000,0.000,0.0700
1118.510,-83.467,30.702,0.322,8.373,12.763,16.473,1.000,0.000,0.0400
1118.520,-83.382,30.772,0.321,8.451,12.848,16.538,1.000,0.000,0.0100
1118.530,-83.297,30.841,0.321,8.525,12.933,16.603,1.000,0.000,0.0000
1118.540,-83.211,30.909,0.321,8.591,13.019,16.669,1.000,0.000,0.0000
1118.550,-83.124,30.978,0.320,8.653,13.106,16.736,1.000,0.000,0.0000
1118.560,-83.037,31.045,0.320,8.712,13.193,16.804,1.000,0.000,0.0000
1118.570,-82.950,31.113,0.319,8.768,13.280,16.872,1.000,0.000,0.0000
1118.580,-82.861,31.180,0.319,8.823,13.369,16.940,1.000,0.000,0.0000
1118.590,-82.773,31.247,0.318,8.877,13.457,17.010,1.000,0.000,0.0000
1118.600,-82.683,31.313,0.317,8.928,13.547,17.079,1.000,0.000,0.0000
1118.610,-82.594,31.380,0.317,8.976,13.636,17.150,1.000,0.000,0.0000
1118.620,-82.503,31.446,0.316,9.019,13.727,17.221,1.000,0.000,0.0000
1118.630,-82.413,31.512,0.316,9.055,13.817,17.292,1.000,0.000,0.0000
1118.640,-82.322,31.578,0.315,9.085,13.908,17.364,1.000,0.000,0.0000
1118.650,-82.231,31.643,0.314,9.104,13.999,17.436,1.000,0.000,0.0000
1118.660,-82.140,31.709,0.314,9.112,14.090,17.509,1.000,0.000,0.0080
1118.670,-82.049,31.774,0.314,9.108,14.181,17.581,1.000,0.000,0.0160
1118.680,-81.958,31.839,0.313,9.093,14.272,17.653,1.000,0.000,0.0240
1118.690,-81.867,31.904,0.313,9.074,14.363,17.726,1.000,0.000,0.0320
1118.700,-81.776,31.969,0.313,9.065,14.454,17.798,1.000,0.000,0.0400
1118.710,-81.686,32.034,0.313,9.068,14.544,17.871,1.000,0.000,0.0480
1118.720,-81.595,32.100,0.313,9.080,14.635,17.943,1.000,0.000,0.0560
1118.730,-81.504,32.165,0.314,9.096,14.726,18.016,1.000,0.000,0.0640
1118.740,-81.413,32.230,0.314,9.114,14.817,18.090,0.940,0.000,0.0720
1118.750,-81.322,32.295,0.314,9.120,14.908,18.163,0.880,0.000,0.0800
1118.760,-81.231,32.361,0.314,9.115,14.999,18.237,0.820,0.000,0.0880
1118.770,-81.140,32.426,0.314,9.098,15.090,18.311,0.760,0.000,0.0960
1118.780,-81.049,32.490,0.315,9.072,15.181,18.384,0.700,0.000,0.1040
1118.790,-80.959,32.554,0.315,9.026,15.271,18.457,0.640,0.000,0.1120
1118.800,-80.869,32.618,0.316,8.972,15.361,18.530,0.580,0.000,0.1200
1118.810,-80.780,32.680,0.317,8.915,15.450,18.602,0.520,0.000,0.1280
1118.820,-80.691,32.743,0.318,8.875,15.539,18.674,0.460,0.000,0.1360
1118.830,-80.603,32.804,0.319,8.846,15.627,18.746,0.400,0.000,0.1440
1118.840,-80.514,32.866,0.320,8.824,15.716,18.818,0.340,0.000,0.1520
1118.850,-80.426,32.926,0.321,8.806,15.804,18.890,0.280,0.000,0.1600
1118.860,-80.338,32.986,0.322,8.788,15.892,18.962,0.220,0.000,0.1680
1118.870,-80.251,33.046,0.323,8.766,15.979,19.034,0.160,0.000,0.1760
1118.880,-80.163,33.105,0.324,8.740,16.067,19.106,0.100,0.000,0.1840
1118.890,-80.076,33.163,0.325,8.708,16.154,19.177,0.040,0.000,0.1920
1118.900,-79.989,33.221,0.326,8.696,16.241,19.249,0.000,0.000,0.2000
1118.910,-79.902,33.278,0.327,8.688,16.328,19.321,0.000,0.000,0.2080
1118.920,-79.815,33.336,0.327,8.728,16.415,19.394,0.000,0.000,0.2160
1118.930,-79.728,33.392,0.328,8.762,16.503,19.467,0.000,0.000,0.2240
1118.940,-79.640,33.448,0.328,8.786,16.590,19.540,0.000,0.000,0.2320
1118.950,-79.552,33.504,0.328,8.799,16.678,19.614,0.000,0.000,0.2400
1118.960,-79.464,33.559,0.328,8.803,16.766,19.688,0.000,0.000,0.2480
1118.970,-79.376,33.614,0.328,8.800,16.854,19.762,0.000,0.000,0.2560
1118.980,-79.289,33.667,0.328,8.694,16.941,19.835,0.000,0.000,0.2640
1118.990,-79.203,33.718,0.329,8.574,17.027,19.907,0.000,0.000,0.2720
1119.000,-79.118,33.769,0.330,8.483,17.112,19.978,0.000,0.000,0.2800
1119.010,-79.034,33.818,0.330,8.424,17.196,20.049,0.000,0.000,0.2880
1119.020,-78.950,33.866,0.331,8.391,17.280,20.119,0.000,0.000,0.2960
1119.030,-78.866,33.914,0.332,8.377,17.364,20.190,0.000,0.000,0.3040
1119.040,-78.782,33.961,0.332,8.374,17.448,20.261,0.000,0.000,0.3120
1119.050,-78.699,34.007,0.333,8.376,17.531,20.332,0.000,0.000,0.3200
1119.060,-78.615,34.052,0.333,8.378,17.615,20.403,0.000,0.000,0.3280
1119.070,-78.531,34.096,0.333,8.377,17.699,20.474,0.000,0.000,0.3360
1119.080,-78.448,34.140,0.333,8.364,17.783,20.546,0.000,0.000,0.3440
1119.090,-78.364,34.182,0.333,8.339,17.866,20.617,0.000,0.000,0.3520
1119.100,-78.281,34.224,0.333,8.306,17.949,20.688,0.000,0.000,0.3600
1119.110,-78.198,34.264,0.334,8.264,18.032,20.759,0.000,0.000,0.3680
1119.120,-78.116,34.304,0.334,8.217,18.114,20.829,0.000,0.000,0.3760
1119.130,-78.035,34.342,0.334,8.166,18.195,20.899,0.000,0.000,0.3840
1119.140,-77.953,34.380,0.334,8.112,18.277,20.969,0.000,0.000,0.3920
1119.150,-77.872,34.417,0.334,8.119,18.358,21.039,0.000,0.000,0.4000
1119.160,-77.791,34.453,0.334,8.140,18.439,21.109,0.000,0.000,0.4080
1119.170,-77.709,34.488,0.333,8.161,18.521,21.180,0.000,0.000,0.4160
1119.180,-77.628,34.523,0.333,8.174,18.602,21.251,0.000,0.000,0.4240
1119.190,-77.546,34.557,0.332,8.176,18.684,21.322,0.000,0.000,0.4320
1119.200,-77.464,34.589,0.332,8.136,18.766,21.392,0.000,0.000,0.4400
1119.210,-77.384,34.620,0.332,8.069,18.846,21.462,0.000,0.000,0.4480
1119.220,-77.304,34.649,0.332,7.966,18.926,21.532,0.000,0.000,0.4560
1119.230,-77.225,34.677,0.332,7.866,19.005,21.600,0.000,0.000,0.4640
1119.240,-77.148,34.704,0.332,7.782,19.082,21.667,0.000,0.000,0.4720
1119.250,-77.070,34.730,0.333,7.720,19.160,21.734,0.000,0.000,0.4420
1119.260,-76.994,34.755,0.333,7.681,19.236,21.801,0.000,0.000,0.4120
1119.270,-76.917,34.779,0.333,7.660,19.313,21.868,0.000,0.000,0.3820
1119.280,-76.840,34.803,0.333,7.654,19.390,21.934,0.000,0.000,0.3520
1119.290,-76.764,34.825,0.333,7.660,19.466,22.001,0.000,0.000,0.3220
1119.300,-76.687,34.846,0.333,7.674,19.543,22.069,0.000,0.000,0.2920
1119.310,-76.610,34.867,0.333,7.695,19.620,22.136,0.000,0.000,0.2620
1119.320,-76.533,34.887,0.332,7.721,19.697,22.204,0.000,0.000,0.2320
1119.330,-76.455,34.906,0.332,7.750,19.775,22.272,0.000,0.000,0.2020
1119.340,-76.378,34.924,0.331,7.783,19.852,22.341,0.000,0.000,0.1720
1119.350,-76.299,34.941,0.330,7.819,19.931,22.410,0.000,0.000,0.1420
1119.360,-76.221,34.958,0.329,7.858,20.009,22.480,0.000,0.000,0.1120
1119.370,-76.142,34.974,0.328,7.900,20.088,22.550,0.000,0.000,0.0820
1119.380,-76.062,34.989,0.326,7.945,20.168,22.621,0.000,0.000,0.0520
1119.390,-75.983,35.004,0.325,7.958,20.247,22.691,0.000,0.000,0.0220
1119.400,-75.903,35.018,0.323,7.974,20.327,22.762,0.000,0.000,0.0000
1119.410,-75.823,35.031,0.322,7.996,20.407,22.834,0.000,0.000,0.0000
1119.420,-75.743,35.044,0.321,8.031,20.487,22.905,0.000,0.000,0.0000
1119.430,-75.662,35.056,0.319,8.074,20.568,22.977,0.000,0.000,0.0000
1119.440,-75.581,35.069,0.318,8.118,20.649,23.050,0.000,0.000,0.0000
1119.450,-75.500,35.080,0.316,8.106,20.730,23.122,0.000,0.000,0.0000
1119.460,-75.419,35.092,0.315,8.088,20.811,23.195,0.000,0.000,0.0000
1119.470,-75.338,35.103,0.314,8.073,20.892,23.267,0.000,0.000,0.0000
1119.480,-75.258,35.115,0.313,8.062,20.972,23.339,0.000,0.000,0.0000
1119.490,-75.177,35.126,0.313,8.056,21.053,23.411,0.000,0.000,0.0000
1119.500,-75.097,35.137,0.312,8.027,21.133,23.482,0.000,0.000,0.0000
1119.510,-75.017,35.147,0.312,8.010,21.213,23.554,0.000,0.000,0.0000
1119.520,-74.937,35.158,0.312,7.995,21.293,23.625,0.000,0.080,0.0000
1119.530,-74.857,35.168,0.312,7.979,21.373,23.696,0.000,0.160,0.0000
1119.540,-74.777,35.179,0.312,7.961,21.453,23.767,0.000,0.240,0.0000
1119.550,-74.698,35.189,0.312,7.937,21.532,23.838,0.000,0.320,0.0000
1119.560,-74.619,35.199,0.313,7.907,21.611,23.909,0.000,0.400,0.0000
1119.570,-74.540,35.209,0.313,7.873,21.690,23.979,0.000,0.480,0.0000
1119.580,-74.462,35.219,0.314,7.834,21.768,24.049,0.000,0.560,0.0000
1119.590,-74.384,35.228,0.314,7.789,21.846,24.118,0.000,0.640,0.0000
1119.600,-74.307,35.238,0.315,7.735,21.923,24.187,0.000,0.720,0.0000
1119.610,-74.230,35.248,0.316,7.674,22.000,24.256,0.000,0.800,0.0000
1119.620,-74.154,35.257,0.317,7.608,22.076,24.323,0.000,0.880,0.0000
1119.630,-74.079,35.267,0.319,7.545,22.152,24.391,0.000,0.960,0.0000
1119.640,-74.004,35.276,0.320,7.474,22.226,24.457,0.000,1.000,0.0000
1119.650,-73.930,35.285,0.321,7.414,22.300,24.523,0.000,1.000,0.0000
1119.660,-73.856,35.294,0.322,7.366,22.374,24.589,0.000,1.000,0.0000
1119.670,-73.783,35.304,0.323,7.326,22.447,24.655,0.000,1.000,0.0000
1119.680,-73.710,35.313,0.325,7.292,22.520,24.720,0.000,1.000,0.0000
1119.690,-73.637,35.322,0.325,7.265,22.593,24.785,0.000,1.000,0.0000
1119.700,-73.565,35.331,0.326,7.243,22.665,24.850,0.000,1.000,0.0000
1119.710,-73.493,35.340,0.327,7.219,22.737,24.915,0.000,1.000,0.0000
1119.720,-73.421,35.348,0.327,7.191,22.809,24.980,0.000,1.000,0.0000
1119.730,-73.349,35.357,0.328,7.160,22.881,25.044,0.000,1.000,0.0000
1119.740,-73.278,35.366,0.328,7.125,22.952,25.109,0.000,1.000,0.0000
1119.750,-73.207,35.375,0.328,7.084,23.023,25.173,0.000,1.000,0.0000
1119.760,-73.137,35.383,0.329,7.036,23.093,25.236,0.000,1.000,0.0000
1119.770,-73.067,35.391,0.329,6.983,23.163,25.299,0.000,1.000,0.0000
1119.780,-72.998,35.400,0.329,6.924,23.232,25.362,0.000,1.000,0.0000
1119.790,-72.929,35.408,0.329,6.868,23.301,25.425,0.000,1.000,0.0000
1119.800,-72.861,35.416,0.329,6.808,23.369,25.486,0.000,1.000,0.0000
1119.810,-72.793,35.424,0.329,6.757,23.437,25.548,0.000,1.000,0.0000
1119.820,-72.726,35.432,0.329,6.714,23.504,25.609,0.000,1.000,0.0000
1119.830,-72.659,35.440,0.329,6.677,23.571,25.670,0.000,1.000,0.0000
1119.840,-72.593,35.447,0.328,6.649,23.637,25.730,0.000,1.000,0.0000
1119.850,-72.527,35.454,0.328,6.626,23.703,25.791,0.000,1.000,0.0000
1119.860,-72.461,35.462,0.328,6.604,23.770,25.851,0.000,1.000,0.0000
1119.870,-72.395,35.469,0.327,6.579,23.835,25.911,0.000,1.000,0.0000
1119.880,-72.329,35.476,0.326,6.551,23.901,25.971,0.000,1.000,0.0000
1119.890,-72.264,35.483,0.326,6.519,23.966,26.031,0.000,1.000,0.0000
1119.900,-72.199,35.490,0.325,6.485,24.031,26.090,0.000,1.000,0.0000
1119.910,-72.135,35.497,0.325,6.449,24.095,26.149,0.000,1.000,0.0000
1119.920,-72.071,35.504,0.324,6.411,24.159,26.208,0.000,1.000,0.0000
1119.930,-72.007,35.511,0.324,6.372,24.223,26.266,0.000,1.000,0.0000
1119.940,-71.944,35.518,0.323,6.328,24.286,26.324,0.000,1.000,0.0000
1119.950,-71.881,35.525,0.323,6.279,24.349,26.382,0.000,1.000,0.0000
1119.960,-71.819,35.532,0.323,6.226,24.411,26.439,0.000,1.000,0.0000
1119.970,-71.757,35.539,0.322,6.168,24.473,26.495,0.000,1.000,0.0000
1119.980,-71.696,35.545,0.322,6.110,24.534,26.551,0.000,1.000,0.0000
1119.990,-71.635,35.552,0.322,6.059,24.595,26.607,0.000,1.000,0.0000
1120.000,-71.575,35.559,0.322,6.015,24.655,26.662,0.000,1.000,0.0000
1120.010,-71.515,35.565,0.322,5.976,24.715,26.717,0.000,1.000,0.0000
1120.020,-71.456,35.572,0.322,5.940,24.774,26.771,0.000,1.000,0.0000
1120.030,-71.397,35.579,0.322,5.905,24.833,26.825,0.000,1.000,0.0000
1120.040,-71.338,35.585,0.322,5.870,24.892,26.879,0.000,1.000,0.0000
1120.050,-71.280,35.592,0.322,5.840,24.950,26.933,0.000,1.000,0.0000
1120.060,-71.222,35.598,0.322,5.811,25.008,26.986,0.000,1.000,0.0000
1120.070,-71.164,35.605,0.322,5.784,25.066,27.039,0.000,1.000,0.0000
1120.080,-71.106,35.611,0.322,5.756,25.124,27.092,0.000,1.000,0.0000
1120.090,-71.049,35.618,0.322,5.726,25.181,27.145,0.000,1.000,0.0000
1120.100,-70.992,35.624,0.322,5.693,25.238,27.197,0.000,1.000,0.0000
1120.110,-70.935,35.631,0.322,5.657,25.295,27.249,0.000,1.000,0.0000
1120.120,-70.879,35.637,0.322,5.618,25.351,27.301,0.000,1.000,0.0000
1120.130,-70.824,35.643,0.322,5.576,25.407,27.352,0.000,1.000,0.0000
1120.140,-70.768,35.649,0.322,5.530,25.462,27.403,0.000,1.000,0.0000
1120.150,-70.713,35.655,0.323,5.482,25.517,27.453,0.000,1.000,0.0000
1120.160,-70.659,35.661,0.323,5.432,25.571,27.503,0.000,1.000,0.0000
1120.170,-70.605,35.667,0.323,5.374,25.625,27.553,0.000,1.000,0.0000
1120.180,-70.552,35.673,0.323,5.319,25.678,27.601,0.000,1.000,0.0000
1120.190,-70.499,35.679,0.324,5.271,25.731,27.650,0.000,1.000,0.0000
1120.200,-70.447,35.684,0.324,5.229,25.783,27.698,0.000,1.000,0.0000
1120.210,-70.395,35.690,0.324,5.191,25.835,27.746,0.000,1.000,0.0000
1120.220,-70.344,35.695,0.324,5.154,25.886,27.793,0.000,1.000,0.0000
1120.230,-70.293,35.701,0.324,5.119,25.938,27.841,0.000,1.000,0.0000
1120.240,-70.242,35.706,0.325,5.083,25.988,27.888,0.000,1.000,0.0000
1120.250,-70.191,35.711,0.325,5.046,26.039,27.934,0.000,1.000,0.0000
1120.260,-70.141,35.716,0.325,5.009,26.089,27.980,0.000,1.000,0.0000
1120.270,-70.091,35.721,0.325,4.971,26.139,28.026,0.000,1.000,0.0000
1120.280,-70.042,35.726,0.325,4.933,26.188,28.072,0.000,1.000,0.0000
1120.290,-69.993,35.731,0.325,4.894,26.237,28.117,0.000,1.000,0.0000
1120.300,-69.945,35.736,0.325,4.856,26.285,28.162,0.000,1.000,0.0000
1120.310,-69.896,35.741,0.325,4.819,26.334,28.207,0.000,1.000,0.0000
1120.320,-69.849,35.746,0.325,4.784,26.381,28.251,0.000,1.000,0.0000
1120.330,-69.801,35.751,0.325,4.748,26.429,28.295,0.000,1.000,0.0000
1120.340,-69.754,35.756,0.325,4.712,26.476,28.339,0.000,1.000,0.0000
1120.350,-69.707,35.760,0.324,4.675,26.523,28.382,0.000,1.000,0.0000
1120.360,-69.661,35.765,0.324,4.637,26.569,28.425,0.000,1.000,0.0000
1120.370,-69.615,35.770,0.324,4.598,26.615,28.468,0.000,1.000,0.0000
1120.380,-69.569,35.774,0.324,4.557,26.661,28.510,0.000,1.000,0.0000
1120.390,-69.524,35.779,0.324,4.515,26.706,28.552,0.000,1.000,0.0000
1120.400,-69.479,35.783,0.324,4.470,26.751,28.593,0.000,1.000,0.0000
1120.410,-69.435,35.788,0.324,4.426,26.795,28.634,0.000,1.000,0.0000
1120.420,-69.391,35.792,0.324,4.384,26.839,28.675,0.000,1.000,0.0000
1120.430,-69.348,35.797,0.324,4.344,26.882,28.715,0.000,1.000,0.0000
1120.440,-69.305,35.801,0.324,4.303,26.925,28.755,0.000,1.000,0.0000
1120.450,-69.262,35.805,0.324,4.263,26.968,28.795,0.000,1.000,0.0000
1120.460,-69.220,35.810,0.324,4.223,27.010,28.834,0.000,1.000,0.0000
1120.470,-69.178,35.814,0.324,4.181,27.052,28.873,0.000,1.000,0.0000
1120.480,-69.137,35.819,0.324,4.140,27.093,28.911,0.000,1.000,0.0000
1120.490,-69.096,35.823,0.324,4.099,27.134,28.950,0.000,1.000,0.0000
1120.500,-69.055,35.827,0.324,4.059,27.175,28.987,0.000,1.000,0.0000
1120.510,-69.015,35.831,0.324,4.020,27.215,29.025,0.000,1.000,0.0000
1120.520,-68.975,35.836,0.324,3.981,27.255,29.062,0.000,1.000,0.0000
1120.530,-68.936,35.840,0.324,3.942,27.294,29.098,0.000,1.000,0.0000
1120.540,-68.897,35.844,0.324,3.903,27.333,29.135,0.000,1.000,0.0000
1120.550,-68.858,35.848,0.324,3.864,27.372,29.171,0.000,1.000,0.0000
1120.560,-68.820,35.852,0.324,3.824,27.410,29.206,0.000,1.000,0.0000
1120.570,-68.782,35.856,0.324,3.785,27.448,29.241,0.000,1.000,0.0000
1120.580,-68.745,35.859,0.324,3.745,27.485,29.276,0.000,1.000,0.0000
1120.590,-68.708,35.863,0.324,3.706,27.522,29.311,0.000,1.000,0.0000
1120.600,-68.671,35.867,0.324,3.666,27.559,29.345,0.000,1.000,0.0000
1120.610,-68.636,35.871,0.324,3.481,27.594,29.377,0.000,1.000,0.0000
1120.620,-68.602,35.875,0.324,3.397,27.628,29.409,0.000,1.000,0.0000
1120.630,-68.569,35.879,0.324,3.357,27.661,29.440,0.000,1.000,0.0000
1120.640,-68.534,35.883,0.324,3.443,27.696,29.472,0.000,1.000,0.0000
1120.650,-68.501,35.886,0.324,3.335,27.729,29.503,0.000,1.000,0.0000
1120.660,-68.468,35.889,0.324,3.309,27.762,29.534,0.000,1.000,0.0000
1120.670,-68.435,35.892,0.325,3.222,27.795,29.564,0.000,1.000,0.0000
1120.680,-68.403,35.895,0.324,3.222,27.827,29.594,0.000,1.000,0.0000
1120.690,-68.371,35.899,0.324,3.240,27.859,29.624,0.000,1.000,0.0000
1120.700,-68.338,35.902,0.324,3.244,27.892,29.655,0.000,1.000,0.0000
1120.710,-68.306,35.905,0.324,3.216,27.924,29.685,0.000,1.000,0.0000
1120.720,-68.274,35.908,0.323,3.182,27.956,29.715,0.000,1.000,0.0000
1120.730,-68.243,35.911,0.323,3.147,27.987,29.744,0.000,1.000,0.0000
1120.740,-68.212,35.914,0.323,3.113,28.018,29.773,0.000,1.000,0.0000
1120.750,-68.181,35.916,0.323,3.079,28.049,29.802,0.000,1.000,0.0000
1120.760,-68.151,35.919,0.322,3.045,28.079,29.831,0.000,1.000,0.0000
1120.770,-68.120,35.921,0.322,3.011,28.110,29.859,0.000,1.000,0.0000
1120.780,-68.091,35.924,0.322,2.976,28.139,29.887,0.000,1.000,0.0000
1120.790,-68.061,35.927,0.322,2.942,28.169,29.914,0.000,1.000,0.0000
1120.800,-68.032,35.929,0.321,2.908,28.198,29.941,0.000,1.000,0.0000
1120.810,-68.003,35.932,0.321,2.873,28.227,29.968,0.000,1.000,0.0000
1120.820,-67.975,35.934,0.321,2.835,28.255,29.995,0.000,1.000,0.0000
1120.830,-67.947,35.937,0.321,2.796,28.283,30.021,0.000,1.000,0.0000
1120.840,-67.920,35.939,0.321,2.755,28.310,30.047,0.000,1.000,0.0000
1120.850,-67.892,35.942,0.321,2.713,28.338,30.072,0.000,1.000,0.0000
1120.860,-67.866,35.944,0.321,2.671,28.364,30.097,0.000,1.000,0.0000
1120.870,-67.840,35.947,0.321,2.627,28.391,30.122,0.000,1.000,0.0000
1120.880,-67.814,35.949,0.321,2.585,28.416,30.146,0.000,1.000,0.0000
1120.890,-67.788,35.952,0.321,2.543,28.442,30.169,0.000,1.000,0.0000
1120.900,-67.763,35.954,0.322,2.504,28.467,30.193,0.000,1.000,0.0000
1120.910,-67.739,35.956,0.322,2.466,28.491,30.216,0.000,1.000,0.0000
1120.920,-67.714,35.959,0.322,2.428,28.516,30.238,0.000,1.000,0.0000
1120.930,-67.690,35.961,0.322,2.390,28.540,30.261,0.000,0.900,0.0000
1120.940,-67.667,35.964,0.322,2.355,28.563,30.283,0.000,0.800,0.0000
1120.950,-67.644,35.966,0.322,2.322,28.586,30.304,0.000,0.700,0.0000
1120.960,-67.621,35.968,0.323,2.289,28.609,30.326,0.000,0.600,0.0000
1120.970,-67.598,35.970,0.323,2.255,28.632,30.347,0.000,0.500,0.0000
1120.980,-67.576,35.973,0.323,2.224,28.654,30.368,0.000,0.400,0.0000
1120.990,-67.554,35.975,0.323,2.189,28.676,30.388,0.000,0.300,0.0000
1121.000,-67.532,35.977,0.323,2.157,28.698,30.408,0.000,0.200,0.0000
1121.010,-67.511,35.979,0.323,2.121,28.719,30.428,0.000,0.280,0.0000
1121.020,-67.490,35.981,0.323,2.082,28.740,30.447,0.000,0.360,0.0000
1121.030,-67.470,35.983,0.323,2.039,28.760,30.467,0.000,0.440,0.0000
1121.040,-67.450,35.985,0.323,1.994,28.780,30.485,0.000,0.520,0.0000
1121.050,-67.431,35.987,0.323,1.948,28.799,30.503,0.000,0.600,0.0000
1121.060,-67.412,35.989,0.324,1.903,28.818,30.521,0.000,0.680,0.0000
1121.070,-67.393,35.991,0.324,1.858,28.837,30.539,0.000,0.760,0.0000
1121.080,-67.375,35.993,0.324,1.814,28.855,30.555,0.000,0.840,0.0000
1121.090,-67.357,35.995,0.324,1.770,28.873,30.572,0.000,0.920,0.0000
1121.100,-67.340,35.997,0.324,1.727,28.890,30.588,0.000,1.000,0.0000
1121.110,-67.323,35.998,0.324,1.684,28.907,30.604,0.000,1.000,0.0000
1121.120,-67.307,36.000,0.324,1.643,28.923,30.619,0.000,1.000,0.0000
1121.130,-67.291,36.002,0.324,1.605,28.939,30.634,0.000,1.000,0.0000
1121.140,-67.275,36.003,0.324,1.568,28.955,30.649,0.000,1.000,0.0000
1121.150,-67.260,36.005,0.324,1.531,28.970,30.663,0.000,1.000,0.0000
1121.160,-67.245,36.006,0.324,1.492,28.985,30.677,0.000,1.000,0.0000
1121.170,-67.230,36.008,0.324,1.450,29.000,30.691,0.000,1.000,0.0000
1121.180,-67.216,36.009,0.324,1.406,29.014,30.704,0.000,1.000,0.0000
1121.190,-67.202,36.011,0.324,1.361,29.028,30.717,0.000,1.000,0.0000
1121.200,-67.189,36.012,0.324,1.315,29.041,30.729,0.000,1.000,0.0000
1121.210,-67.177,36.013,0.324,1.268,29.053,30.741,0.000,1.000,0.0000
1121.220,-67.164,36.014,0.324,1.222,29.066,30.752,0.000,1.000,0.0000
1121.230,-67.153,36.016,0.324,1.178,29.077,30.764,0.000,1.000,0.0000
1121.240,-67.141,36.017,0.324,1.136,29.089,30.774,0.000,1.000,0.0000
1121.250,-67.130,36.018,0.324,1.096,29.100,30.784,0.000,1.000,0.0000
1121.260,-67.120,36.019,0.324,1.056,29.110,30.794,0.000,1.000,0.0000
1121.270,-67.110,36.020,0.324,1.016,29.120,30.804,0.000,1.000,0.0000
1121.280,-67.100,36.021,0.324,0.976,29.130,30.813,0.000,1.000,0.0000
1121.290,-67.090,36.022,0.324,0.936,29.140,30.822,0.000,1.000,0.0000
1121.300,-67.082,36.023,0.324,0.896,29.149,30.830,0.000,1.000,0.0000
1121.310,-67.073,36.024,0.324,0.855,29.157,30.838,0.000,1.000,0.0000
1121.320,-67.065,36.024,0.324,0.815,29.165,30.846,0.000,1.000,0.0000
1121.330,-67.057,36.025,0.324,0.774,29.173,30.853,0.000,1.000,0.0000
1121.340,-67.050,36.026,0.324,0.734,29.180,30.860,0.000,1.000,0.0000
1121.350,-67.043,36.027,0.324,0.694,29.187,30.867,0.000,1.000,0.0000
1121.360,-67.036,36.028,0.324,0.655,29.194,30.873,0.000,1.000,0.0000
1121.370,-67.030,36.028,0.324,0.615,29.200,30.879,0.000,1.000,0.0000
1121.380,-67.024,36.029,0.324,0.576,29.206,30.884,0.000,1.000,0.0000
1121.390,-67.019,36.030,0.323,0.537,29.211,30.889,0.000,1.000,0.0000
1121.400,-67.014,36.030,0.323,0.497,29.216,30.894,0.000,1.000,0.0000
1121.410,-67.009,36.031,0.323,0.458,29.221,30.898,0.000,1.000,0.0000
1121.420,-67.005,36.031,0.323,0.419,29.225,30.902,0.000,1.000,0.0000
1121.430,-67.001,36.032,0.323,0.380,29.229,30.906,0.000,1.000,0.0000
1121.440,-66.998,36.032,0.323,0.341,29.232,30.909,0.000,1.000,0.0000
1121.450,-66.995,36.033,0.323,0.302,29.235,30.912,0.000,1.000,0.0000
1121.460,-66.992,36.033,0.323,0.263,29.238,30.914,0.000,1.000,0.0000
1121.470,-66.990,36.034,0.323,0.224,29.240,30.916,0.000,1.000,0.0000
1121.480,-66.988,36.034,0.323,0.186,29.242,30.918,0.000,1.000,0.0000
1121.490,-66.987,36.034,0.323,0.148,29.243,30.920,0.000,1.000,0.0000
1121.500,-66.986,36.035,0.323,0.116,29.244,30.921,0.000,1.000,0.0000
1121.510,-66.985,36.035,0.323,0.091,29.245,30.922,0.000,1.000,0.0000
1121.520,-66.984,36.035,0.323,0.070,29.246,30.922,0.000,1.000,0.0000
1121.530,-66.984,36.035,0.323,0.054,29.247,30.923,0.000,1.000,0.0000
1121.540,-66.983,36.035,0.323,0.041,29.247,30.923,0.000,1.000,0.0000
1121.550,-66.983,36.035,0.322,0.032,29.247,30.923,0.000,1.000,0.0000
1121.560,-66.983,36.036,0.322,0.028,29.247,30.924,0.000,1.000,0.0000
1121.570,-66.983,36.036,0.322,0.029,29.247,30.924,0.000,1.000,0.0000
1121.580,-66.983,36.036,0.321,0.032,29.247,30.924,0.000,1.000,0.0000
1121.590,-66.983,36.036,0.321,0.037,29.247,30.924,0.000,1.000,0.0000
1121.600,-66.983,36.036,0.321,0.041,29.247,30.924,0.000,1.000,0.0000
1121.610,-66.983,36.036,0.320,0.044,29.247,30.924,0.000,1.000,0.0000
1121.620,-66.983,36.035,0.320,0.045,29.247,30.924,0.000,1.000,0.0000
1121.630,-66.984,36.035,0.319,0.047,29.247,30.924,0.000,0.900,0.0000
1121.640,-66.984,36.035,0.319,0.047,29.246,30.924,0.000,0.800,0.0000
1121.650,-66.984,36.035,0.319,0.047,29.246,30.924,0.000,0.700,0.0000
1121.660,-66.984,36.035,0.318,0.046,29.246,30.924,0.000,0.600,0.0000
1121.670,-66.984,36.035,0.318,0.044,29.246,30.924,0.000,0.500,0.0000
1121.680,-66.984,36.035,0.317,0.042,29.246,30.924,0.000,0.400,0.0000
1121.690,-66.984,36.035,0.317,0.040,29.246,30.924,0.000,0.300,0.0000
1121.700,-66.984,36.035,0.316,0.037,29.246,30.924,0.000,0.200,0.0000
1121.710,-66.984,36.035,0.316,0.033,29.246,30.924,0.000,0.100,0.0000
1121.720,-66.984,36.035,0.316,0.030,29.246,30.924,0.000,0.000,0.0000
1121.730,-66.984,36.035,0.316,0.026,29.246,30.924,0.000,0.000,0.0000
1121.740,-66.984,36.035,0.315,0.022,29.246,30.924,0.000,0.000,0.0000
1121.750,-66.984,36.035,0.315,0.019,29.246,30.925,0.000,0.000,0.0000
1121.760,-66.984,36.035,0.315,0.015,29.246,30.925,0.000,0.000,0.0000
1121.770,-66.984,36.035,0.315,0.011,29.246,30.925,0.000,0.000,0.0000
1121.780,-66.984,36.035,0.315,0.007,29.246,30.925,0.000,0.000,0.0000
1121.790,-66.984,36.035,0.315,0.004,29.246,30.925,0.000,0.000,0.0000
1121.800,-66.984,36.035,0.315,0.001,29.246,30.925,0.000,0.000,0.0000
1121.810,-66.984,36.035,0.315,0.003,29.246,30.925,0.000,0.000,0.0000
1121.820,-66.984,36.035,0.315,0.006,29.246,30.925,0.000,0.000,0.0000
1121.830,-66.984,36.035,0.315,0.008,29.246,30.925,0.000,0.000,0.0000
1121.840,-66.984,36.035,0.315,0.010,29.246,30.925,0.000,0.000,0.0000
1121.850,-66.984,36.035,0.315,0.012,29.246,30.925,0.000,0.000,0.0000
1121.860,-66.984,36.035,0.315,0.014,29.246,30.925,0.000,0.000,0.0000
1121.870,-66.984,36.035,0.315,0.015,29.246,30.925,0.000,0.000,0.0000
1121.880,-66.984,36.035,0.316,0.016,29.246,30.924,0.000,0.000,0.0000
1121.890,-66.984,36.035,0.316,0.017,29.246,30.924,0.000,0.000,0.0000
1121.900,-66.984,36.035,0.316,0.017,29.246,30.924,0.000,0.000,0.0000
1121.910,-66.984,36.035,0.316,0.017,29.246,30.924,0.000,0.000,0.0000
1121.920,-66.984,36.035,0.316,0.017,29.246,30.924,0.000,0.000,0.0000
1121.930,-66.984,36.035,0.316,0.017,29.246,30.924,0.000,0.000,0.0000
1121.940,-66.984,36.035,0.317,0.016,29.246,30.924,0.000,0.000,0.0000
1121.950,-66.984,36.035,0.317,0.015,29.246,30.924,0.000,0.000,0.0000
1121.960,-66.984,36.035,0.317,0.014,29.246,30.924,0.000,0.000,0.0000
1121.970,-66.984,36.035,0.317,0.013,29.246,30.924,0.000,0.000,0.0000
1121.980,-66.984,36.035,0.317,0.012,29.246,30.924,0.000,0.000,0.0000
1121.990,-66.984,36.035,0.317,0.011,29.246,30.924,0.000,0.000,0.0000
1122.000,-66.984,36.035,0.317,0.009,29.246,30.924,0.000,0.000,0.0000
1122.010,-66.984,36.035,0.317,0.008,29.246,30.924,0.000,0.000,0.0000
1122.020,-66.984,36.035,0.318,0.006,29.246,30.924,0.000,0.000,0.0000
1122.030,-66.984,36.035,0.318,0.005,29.246,30.924,0.000,0.000,0.0000
1122.040,-66.984,36.035,0.318,0.004,29.246,30.924,0.000,0.000,0.0000
1122.050,-66.984,36.035,0.318,0.002,29.246,30.924,0.000,0.000,0.0000
1122.060,-66.984,36.035,0.318,0.001,29.246,30.924,0.000,0.000,0.0000
1122.070,-66.984,36.035,0.318,0.000,29.246,30.924,0.000,0.000,0.0000
1122.080,-66.984,36.035,0.318,0.001,29.246,30.924,0.000,0.000,0.0000
1122.090,-66.984,36.035,0.318,0.002,29.246,30.924,0.000,0.000,0.0000
1122.100,-66.984,36.035,0.318,0.003,29.246,30.924,0.000,0.000,0.0000
1122.110,-66.984,36.035,0.318,0.004,29.246,30.924,0.000,0.000,0.0000
1122.120,-66.984,36.035,0.317,0.005,29.246,30.924,0.000,0.000,0.0000
1122.130,-66.984,36.035,0.317,0.005,29.246,30.924,0.000,0.000,0.0000
1122.140,-66.984,36.035,0.317,0.006,29.246,30.924,0.000,0.000,0.0000
1122.150,-66.984,36.035,0.317,0.006,29.246,30.924,0.000,0.000,0.0000
1122.160,-66.984,36.035,0.317,0.006,29.246,30.924,0.000,0.000,0.0000
1122.170,-66.984,36.035,0.317,0.006,29.246,30.924,0.000,0.000,0.0000
1122.180,-66.984,36.035,0.317,0.006,29.246,30.924,0.000,0.000,0.0000
1122.190,-66.984,36.035,0.317,0.006,29.246,30.924,0.000,0.000,0.0000
1122.200,-66.984,36.035,0.317,0.006,29.246,30.924,0.000,0.000,0.0000
1122.210,-66.984,36.035,0.317,0.006,29.246,30.924,0.000,0.000,0.0000
1122.220,-66.984,36.035,0.317,0.005,29.246,30.924,0.000,0.000,0.0000
1122.230,-66.984,36.035,0.317,0.005,29.246,30.924,0.000,0.000,0.0000
1122.240,-66.984,36.035,0.317,0.005,29.246,30.924,0.000,0.000,0.0000
1122.250,-66.984,36.035,0.317,0.004,29.246,30.924,0.000,0.000,0.0000
1122.260,-66.984,36.035,0.317,0.004,29.246,30.924,0.000,0.000,0.0000
1122.270,-66.984,36.035,0.317,0.003,29.246,30.924,0.000,0.000,0.0000
1122.280,-66.984,36.035,0.317,0.003,29.246,30.924,0.000,0.000,0.0000
1122.290,-66.984,36.035,0.317,0.002,29.246,30.924,0.000,0.000,0.0000
1122.300,-66.984,36.035,0.317,0.002,29.246,30.924,0.000,0.000,0.0000
1122.310,-66.984,36.035,0.317,0.001,29.246,30.924,0.000,0.000,0.0000
1122.320,-66.984,36.035,0.317,0.001,29.246,30.924,0.000,0.000,0.0000
1122.330,-66.984,36.035,0.317,0.000,29.246,30.924,0.000,0.000,0.0000
1122.340,-66.984,36.035,0.317,0.000,29.246,30.924,0.000,0.000,0.0000
1122.350,-66.984,36.035,0.317,0.001,29.246,30.924,0.000,0.000,0.0000
1122.360,-66.984,36.035,0.317,0.001,29.246,30.924,0.000,0.000,0.0000
1122.370,-66.984,36.035,0.317,0.001,29.246,30.924,0.000,0.000,0.0000
1122.380,-66.984,36.035,0.317,0.002,29.246,30.924,0.000,0.000,0.0000
1122.390,-66.984,36.035,0.317,0.002,29.246,30.924,0.000,0.000,0.0000
1122.400,-66.984,36.035,0.317,0.002,29.246,30.924,0.000,0.000,0.0000
1122.410,-66.984,36.035,0.317,0.002,29.246,30.924,0.000,0.000,0.0000
1122.420,-66.984,36.035,0.317,0.002,29.246,30.924,0.000,0.000,0.0000
1122.430,-66.984,36.035,0.317,0.002,29.246,30.924,0.000,0.000,0.0000
1122.440,-66.984,36.035,0.317,0.002,29.246,30.924,0.000,0.000,0.0000
1122.450,-66.984,36.035,0.317,0.002,29.246,30.924,0.000,0.000,0.0000
1122.460,-66.984,36.035,0.317,0.002,29.246,30.924,0.000,0.000,0.0000
1122.470,-66.984,36.035,0.317,0.002,29.246,30.924,0.000,0.000,0.0000
1122.480,-66.984,36.035,0.317,0.002,29.246,30.924,0.000,0.000,0.0000
1122.490,-66.984,36.035,0.317,0.002,29.246,30.924,0.000,0.000,0.0000
1122.500,-66.984,36.035,0.317,0.002,29.246,30.924,0.000,0.000,0.0000
1122.510,-66.984,36.035,0.317,0.002,29.246,30.924,0.000,0.000,0.0000
1122.520,-66.984,36.035,0.317,0.001,29.246,30.924,0.000,0.000,0.0000
1122.530,-66.984,36.035,0.317,0.001,29.246,30.924,0.000,0.000,0.0000
1122.540,-66.984,36.035,0.317,0.001,29.246,30.924,0.000,0.000,0.0000
1122.550,-66.984,36.035,0.317,0.001,29.246,30.924,0.000,0.000,0.0000
1122.560,-66.984,36.035,0.317,0.001,29.246,30.924,0.000,0.000,0.0000
1122.570,-66.984,36.035,0.317,0.000,29.246,30.924,0.000,0.000,0.0000
1122.580,-66.984,36.035,0.317,0.000,29.246,30.924,0.000,0.000,0.0000
1122.590,-66.984,36.035,0.317,0.000,29.246,30.924,0.000,0.000,0.0000
1122.600,-66.984,36.035,0.317,0.000,29.246,30.924,0.000,0.000,0.0000
1122.610,-66.984,36.035,0.317,0.000,29.246,30.924,0.000,0.000,0.0000
1122.620,-66.984,36.035,0.317,0.000,29.246,30.924,0.000,0.000,0.0000
1122.630,-66.984,36.035,0.317,0.000,29.246,30.924,0.000,0.000,0.0000
1122.640,-66.984,36.035,0.317,0.001,29.246,30.924,0.000,0.000,0.0000
1122.650,-66.984,36.035,0.317,0.001,29.246,30.924,0.000,0.000,0.0000
1122.660,-66.984,36.035,0.317,0.001,29.246,30.924,0.000,0.000,0.0000
1122.670,-66.984,36.035,0.317,0.001,29.246,30.924,0.000,0.000,0.0000
1122.680,-66.984,36.035,0.317,0.001,29.246,30.924,0.000,0.000,0.0000
1122.690,-66.984,36.035,0.317,0.001,29.246,30.924,0.000,0.000,0.0000
1122.700,-66.984,36.035,0.317,0.001,29.246,30.924,0.000,0.000,0.0000
1122.710,-66.984,36.035,0.317,0.001,29.246,30.924,0.000,0.000,0.0000
1122.720,-66.984,36.035,0.317,0.001,29.246,30.924,0.000,0.000,0.0000
1122.730,-66.984,36.035,0.317,0.001,29.246,30.924,0.000,0.000,0.0000
1122.740,-66.984,36.035,0.317,0.001,29.246,30.924,0.000,0.000,0.0000
1122.750,-66.984,36.035,0.317,0.001,29.246,30.924,0.000,0.000,0.0000
1122.760,-66.984,36.035,0.317,0.001,29.246,30.924,0.000,0.000,0.0000
1122.770,-66.984,36.035,0.317,0.001,29.246,30.924,0.000,0.000,0.0000
1122.780,-66.984,36.035,0.317,0.001,29.246,30.924,0.000,0.000,0.0000
1122.790,-66.984,36.035,0.317,0.000,29.246,30.924,0.000,0.000,0.0000
1122.800,-66.984,36.035,0.317,0.000,29.246,30.924,0.000,0.000,0.0000
1122.810,-66.984,36.035,0.317,0.000,29.246,30.924,0.000,0.000,0.0000
1122.820,-66.984,36.035,0.317,0.000,29.246,30.924,0.000,0.000,0.0000
1122.830,-66.984,36.035,0.317,0.000,29.246,30.924,0.000,0.000,0.0000
1122.840,-66.984,36.035,0.317,0.000,29.246,30.924,0.000,0.000,0.0000
1122.850,-66.984,36.035,0.317,0.000,29.246,30.924,0.000,0.000,0.0000
1122.860,-66.984,36.035,0.317,0.000,29.246,30.924,0.000,0.000,0.0000
1122.870,-66.984,36.035,0.317,0.000,29.246,30.924,0.000,0.000,0.0000
1122.880,-66.984,36.035,0.317,0.000,29.246,30.924,0.000,0.000,0.0000
1122.890,-66.984,36.035,0.317,0.000,29.246,30.924,0.000,0.000,0.0000
1122.900,-66.984,36.035,0.317,0.000,29.246,30.924,0.000,0.000,0.0000
1122.910,-66.984,36.035,0.317,0.000,29.246,30.924,0.000,0.000,0.0000
1122.920,-66.984,36.035,0.317,0.000,29.246,30.924,0.000,0.000,0.0000
1122.930,-66.984,36.035,0.317,0.000,29.246,30.924,0.000,0.000,0.0000
1122.940,-66.984,36.035,0.317,0.000,29.246,30.924,0.000,0.000,0.0000
1122.950,-66.984,36.035,0.317,0.000,29.246,30.924,0.000,0.000,0.0000
1122.960,-66.984,36.035,0.317,0.000,29.246,30.924,0.000,0.000,0.0000
1122.970,-66.984,36.035,0.317,0.000,29.246,30.924,0.000,0.000,0.0000
1122.980,-66.984,36.035,0.317,0.000,29.246,30.924,0.000,0.000,0.0000
1122.990,-66.984,36.035,0.317,0.000,29.246,30.924,0.000,0.000,0.0000
1123.000,-66.984,36.035,0.317,0.000,29.246,30.924,0.000,0.000,0.0000
1123.010,-66.984,36.035,0.317,0.000,29.246,30.924,0.000,0.000,0.0000
1123.020,-66.984,36.035,0.317,0.000,29.246,30.924,0.000,0.000,0.0000
1123.030,-66.984,36.035,0.317,0.000,29.246,30.924,0.000,0.000,0.0000
1123.040,-66.984,36.035,0.317,0.000,29.246,30.924,0.000,0.000,0.0000
1123.050,-66.984,36.035,0.317,0.000,29.246,30.924,0.000,0.000,0.0000
1123.060,-66.984,36.035,0.317,0.000,29.246,30.924,0.000,0.000,0.0000
1123.070,-66.984,36.035,0.317,0.000,29.246,30.924,0.000,0.000,0.0000
1123.080,-66.984,36.035,0.317,0.000,29.246,30.924,0.000,0.000,0.0000
1123.090,-66.984,36.035,0.317,0.000,29.246,30.924,0.000,0.000,0.0000
1123.100,-66.984,36.035,0.317,0.000,29.246,30.924,0.000,0.000,0.0000
1123.110,-66.984,36.035,0.317,0.000,29.246,30.924,0.000,0.000,0.0000
1123.120,-66.984,36.035,0.317,0.000,29.246,30.924,0.000,0.000,0.0000
1123.130,-66.984,36.035,0.317,0.000,29.246,30.924,0.000,0.000,0.0000
1123.140,-66.984,36.035,0.317,0.000,29.246,30.924,0.000,0.000,0.0000
1123.150,-66.984,36.035,0.317,0.000,29.246,30.924,0.000,0.000,0.0000
1123.160,-66.984,36.035,0.317,0.000,29.246,30.924,0.000,0.000,0.0000
1123.170,-66.984,36.035,0.317,0.000,29.246,30.924,0.000,0.000,0.0000
1123.180,-66.984,36.035,0.317,0.000,29.246,30.924,0.000,0.000,0.0000
1123.190,-66.984,36.035,0.317,0.000,29.246,30.924,0.000,0.000,0.0000
1123.200,-66.984,36.035,0.317,0.000,29.246,30.924,0.000,0.000,0.0000
1123.210,-66.984,36.035,0.317,0.000,29.246,30.924,0.000,0.000,0.0000
1123.220,-66.984,36.035,0.317,0.000,29.246,30.924,0.000,0.000,0.0000
1123.230,-66.984,36.035,0.317,0.000,29.246,30.924,0.000,0.000,0.0000
1123.240,-66.984,36.035,0.317,0.000,29.246,30.924,0.000,0.000,0.0000
1123.250,-66.984,36.035,0.317,0.000,29.246,30.924,0.000,0.000,0.0000
1123.260,-66.984,36.035,0.317,0.000,29.246,30.924,0.000,0.000,0.0000
1123.270,-66.984,36.035,0.317,0.000,29.246,30.924,0.000,0.000,0.0000
1123.280,-66.984,36.035,0.317,0.000,29.246,30.924,0.000,0.000,0.0000
1123.290,-66.984,36.035,0.317,0.000,29.246,30.924,0.000,0.000,0.0000
1123.300,-66.984,36.035,0.317,0.000,29.246,30.924,0.000,0.000,0.0000
1123.310,-66.984,36.035,0.317,0.000,29.246,30.924,0.000,0.000,0.0000
1123.320,-66.984,36.035,0.317,0.000,29.246,30.924,0.000,0.000,0.0000
1123.330,-66.984,36.035,0.317,0.000,29.246,30.924,0.000,0.000,0.0000
1123.340,-66.984,36.035,0.317,0.000,29.246,30.924,0.000,0.000,0.0000
1123.350,-66.984,36.035,0.317,0.000,29.246,30.924,0.000,0.000,0.0000
1123.360,-66.984,36.035,0.317,0.000,29.246,30.924,0.000,0.000,0.0000
1123.370,-66.984,36.035,0.317,0.000,29.246,30.924,0.000,0.000,0.0000
1123.380,-66.984,36.035,0.317,0.000,29.246,30.924,0.000,0.000,0.0000
1123.390,-66.984,36.035,0.317,0.000,29.246,30.924,0.000,0.000,0.0000
1123.400,-66.984,36.035,0.317,0.000,29.246,30.924,0.000,0.000,0.0000
1123.410,-66.984,36.035,0.317,0.000,29.246,30.924,0.000,0.000,0.0000
1123.420,-66.984,36.035,0.317,0.000,29.246,30.924,0.000,0.000,0.0000
1123.430,-66.984,36.035,0.317,0.000,29.246,30.924,0.000,0.000,0.0000
1123.440,-66.984,36.035,0.317,0.000,29.246,30.924,0.000,0.000,0.0000
1123.450,-66.984,36.035,0.317,0.000,29.246,30.924,0.000,0.000,0.0000
1123.460,-66.984,36.035,0.317,0.000,29.246,30.924,0.000,0.000,0.0000
1123.470,-66.984,36.035,0.317,0.000,29.246,30.924,0.000,0.000,0.0000
1123.480,-66.984,36.035,0.317,0.000,29.246,30.924,0.000,0.000,0.0000
1123.490,-66.984,36.035,0.317,0.000,29.246,30.924,0.000,0.000,0.0000
1123.500,-66.984,36.035,0.317,0.000,29.246,30.924,0.000,0.000,0.0000
1123.510,-66.984,36.035,0.317,0.000,29.246,30.924,0.000,0.000,0.0000
1123.520,-66.984,36.035,0.317,0.000,29.246,30.924,0.000,0.000,0.0000
1123.530,-66.984,36.035,0.317,0.000,29.246,30.924,0.000,0.000,0.0000
1123.540,-66.984,36.035,0.317,0.000,29.246,30.924,0.000,0.000,0.0000
1123.550,-66.984,36.035,0.317,0.000,29.246,30.924,0.000,0.000,0.0000
1123.560,-66.984,36.035,0.317,0.000,29.246,30.924,0.000,0.000,0.0000
1123.570,-66.984,36.035,0.317,0.000,29.246,30.924,0.000,0.000,0.0000
1123.580,-66.984,36.035,0.317,0.000,29.246,30.924,0.000,0.000,0.0000
1123.590,-66.984,36.035,0.317,0.000,29.246,30.924,0.000,0.000,0.0000
1123.600,-66.984,36.035,0.317,0.000,29.246,30.924,0.000,0.000,0.0000
1123.610,-66.984,36.035,0.317,0.000,29.246,30.924,0.000,0.000,0.0000
1123.620,-66.984,36.035,0.317,0.000,29.246,30.924,0.000,0.000,0.0000
1123.630,-66.984,36.035,0.317,0.000,29.246,30.924,0.000,0.000,0.0000
1123.640,-66.984,36.035,0.317,0.000,29.246,30.924,0.000,0.000,0.0000
1123.650,-66.984,36.035,0.317,0.000,29.246,30.924,0.000,0.000,0.0000
1123.660,-66.984,36.035,0.317,0.000,29.246,30.924,0.000,0.000,0.0000
1123.670,-66.984,36.035,0.317,0.000,29.246,30.924,0.000,0.000,0.0000
1123.680,-66.984,36.035,0.317,0.000,29.246,30.924,0.000,0.000,0.0000
1123.690,-66.984,36.035,0.317,0.000,29.246,30.924,0.000,0.000,0.0000
1123.700,-66.984,36.035,0.317,0.000,29.246,30.924,0.000,0.000,0.0000
1123.710,-66.984,36.035,0.317,0.000,29.246,30.924,0.000,0.000,0.0000
1123.720,-66.984,36.035,0.317,0.000,29.246,30.924,0.000,0.000,0.0000
1123.730,-66.984,36.035,0.317,0.000,29.246,30.924,0.000,0.000,0.0000
1123.740,-66.984,36.035,0.317,0.000,29.246,30.924,0.000,0.000,0.0000
1123.750,-66.984,36.035,0.317,0.000,29.246,30.924,0.000,0.000,0.0000
1123.760,-66.984,36.035,0.317,0.000,29.246,30.924,0.000,0.000,0.0000
1123.770,-66.984,36.035,0.317,0.000,29.246,30.924,0.000,0.000,0.0000
1123.780,-66.984,36.035,0.317,0.000,29.246,30.924,0.000,0.000,0.0000
1123.790,-66.984,36.035,0.317,0.000,29.246,30.924,0.000,0.000,0.0000
1123.800,-66.984,36.035,0.317,0.000,29.246,30.924,0.000,0.000,0.0000
1123.810,-66.984,36.035,0.317,0.000,29.246,30.924,0.000,0.000,0.0000
1123.820,-66.984,36.035,0.317,0.000,29.246,30.924,0.000,0.000,0.0000
1123.830,-66.984,36.035,0.317,0.000,29.246,30.924,0.000,0.000,0.0000
1123.840,-66.984,36.035,0.317,0.000,29.246,30.924,0.000,0.000,0.0000
1123.850,-66.984,36.035,0.317,0.000,29.246,30.924,0.000,0.000,0.0000
1123.860,-66.984,36.035,0.317,0.000,29.246,30.924,0.000,0.000,0.0000
1123.870,-66.984,36.035,0.317,0.000,29.246,30.924,0.000,0.000,0.0000
1123.880,-66.984,36.035,0.317,0.000,29.246,30.924,0.000,0.000,0.0000
1123.890,-66.984,36.035,0.317,0.000,29.246,30.924,0.000,0.000,0.0000
1123.900,-66.984,36.035,0.317,0.000,29.246,30.924,0.000,0.000,0.0000
1123.910,-66.984,36.035,0.317,0.000,29.246,30.924,0.000,0.000,0.0000
1123.920,-66.984,36.035,0.317,0.000,29.246,30.924,0.000,0.000,0.0000
1123.930,-66.984,36.035,0.317,0.000,29.246,30.924,0.000,0.000,0.0000
1123.940,-66.984,36.035,0.317,0.000,29.246,30.924,0.000,0.000,0.0000
1123.950,-66.984,36.035,0.317,0.000,29.246,30.924,0.000,0.000,0.0000
1123.960,-66.984,36.035,0.317,0.000,29.246,30.924,0.000,0.000,0.0000
1123.970,-66.984,36.035,0.317,0.000,29.246,30.924,0.000,0.000,0.0000
1123.980,-66.984,36.035,0.317,0.000,29.246,30.924,0.000,0.000,0.0000
1123.990,-66.984,36.035,0.317,0.000,29.246,30.924,0.000,0.000,0.0000
1124.000,-66.984,36.035,0.317,0.000,29.246,30.924,0.000,0.000,0.0000
1124.010,-66.984,36.035,0.317,0.000,29.246,30.924,0.000,0.000,0.0000
1124.020,-66.984,36.035,0.317,0.000,29.246,30.924,0.000,0.000,0.0000
1124.030,-66.984,36.035,0.317,0.000,29.246,30.924,0.000,0.000,0.0000
1124.040,-66.984,36.035,0.317,0.000,29.246,30.924,0.000,0.000,0.0000
1124.050,-66.984,36.035,0.317,0.000,29.246,30.924,0.000,0.000,0.0000
1124.060,-66.984,36.035,0.317,0.000,29.246,30.924,0.000,0.000,0.0000
1124.070,-66.984,36.035,0.317,0.000,29.246,30.924,0.000,0.000,0.0000
1124.080,-66.984,36.035,0.317,0.000,29.246,30.924,0.000,0.000,0.0000
1124.090,-66.984,36.035,0.317,0.000,29.246,30.924,0.000,0.000,0.0000
1124.100,-66.984,36.035,0.317,0.000,29.246,30.924,0.000,0.000,0.0000
1124.110,-66.984,36.035,0.317,0.000,29.246,30.924,0.000,0.000,0.0000
1124.120,-66.984,36.035,0.317,0.000,29.246,30.924,0.000,0.000,0.0000
1124.130,-66.984,36.035,0.317,0.000,29.246,30.924,0.000,0.000,0.0000
1124.140,-66.984,36.035,0.317,0.000,29.246,30.924,0.000,0.000,0.0000
1124.150,-66.984,36.035,0.317,0.000,29.246,30.924,0.000,0.000,0.0000
1124.160,-66.984,36.035,0.317,0.000,29.246,30.924,0.000,0.000,0.0000
1124.170,-66.984,36.035,0.317,0.000,29.246,30.924,0.000,0.000,0.0000
1124.180,-66.984,36.035,0.317,0.000,29.246,30.924,0.000,0.000,0.0000
1124.190,-66.984,36.035,0.317,0.000,29.246,30.924,0.000,0.000,0.0000
1124.200,-66.984,36.035,0.317,0.000,29.246,30.924,0.000,0.000,0.0000
1124.210,-66.984,36.035,0.317,0.000,29.246,30.924,0.000,0.000,0.0000
1124.220,-66.984,36.035,0.317,0.000,29.246,30.924,0.000,0.000,0.0000
1124.230,-66.984,36.035,0.317,0.000,29.246,30.924,0.000,0.000,0.0000
1124.240,-66.984,36.035,0.317,0.000,29.246,30.924,0.000,0.000,0.0000
1124.250,-66.984,36.035,0.317,0.000,29.246,30.924,0.000,0.000,0.0000
1124.260,-66.984,36.035,0.317,0.000,29.246,30.924,0.000,0.000,0.0000
1124.270,-66.984,36.035,0.317,0.000,29.246,30.924,0.000,0.000,0.0000
1124.280,-66.984,36.035,0.317,0.000,29.246,30.924,0.000,0.000,0.0000
1124.290,-66.984,36.035,0.317,0.000,29.246,30.924,0.000,0.000,0.0000
1124.300,-66.984,36.035,0.317,0.000,29.246,30.924,0.000,0.000,0.0000
1124.310,-66.984,36.035,0.317,0.000,29.246,30.924,0.000,0.000,0.0000
1124.320,-66.984,36.035,0.317,0.000,29.246,30.924,0.000,0.000,0.0000
1124.330,-66.984,36.035,0.317,0.000,29.246,30.924,0.000,0.000,0.0000
1124.340,-66.984,36.035,0.317,0.000,29.246,30.924,0.000,0.000,0.0000
1124.350,-66.984,36.035,0.317,0.000,29.246,30.924,0.000,0.000,0.0000
1124.360,-66.984,36.035,0.317,0.000,29.246,30.924,0.000,0.000,0.0000
1124.370,-66.984,36.035,0.317,0.000,29.246,30.924,0.000,0.000,0.0000
1124.380,-66.984,36.035,0.317,0.000,29.246,30.924,0.000,0.000,0.0000
1124.390,-66.984,36.035,0.317,0.000,29.246,30.924,0.000,0.000,0.0000
1124.400,-66.984,36.035,0.317,0.000,29.246,30.924,0.000,0.000,0.0000
1124.410,-66.984,36.035,0.317,0.000,29.246,30.924,0.000,0.000,0.0000
1124.420,-66.984,36.035,0.317,0.000,29.246,30.924,0.000,0.000,0.0000
1124.430,-66.984,36.035,0.317,0.000,29.246,30.924,0.000,0.000,0.0000
1124.440,-66.984,36.035,0.317,0.000,29.246,30.924,0.000,0.000,0.0000
1124.450,-66.984,36.035,0.317,0.000,29.246,30.924,0.000,0.000,0.0000
1124.460,-66.984,36.035,0.317,0.000,29.246,30.924,0.000,0.000,0.0000
1124.470,-66.984,36.035,0.317,0.000,29.246,30.924,0.000,0.000,0.0000
1124.480,-66.984,36.035,0.317,0.000,29.246,30.924,0.000,0.000,0.0000
1124.490,-66.984,36.035,0.317,0.000,29.246,30.924,0.000,0.000,0.0000
1124.500,-66.984,36.035,0.317,0.000,29.246,30.924,0.000,0.000,0.0000
1124.510,-66.984,36.035,0.317,0.000,29.246,30.924,0.000,0.000,0.0000
1124.520,-66.984,36.035,0.317,0.000,29.246,30.924,0.000,0.000,0.0000
1124.530,-66.984,36.035,0.317,0.000,29.246,30.924,0.000,0.000,0.0000
1124.540,-66.984,36.035,0.317,0.000,29.246,30.924,0.000,0.000,0.0000
1124.550,-66.984,36.035,0.317,0.000,29.246,30.924,0.000,0.000,0.0000
1124.560,-66.984,36.035,0.317,0.000,29.246,30.924,0.000,0.000,0.0000
1124.570,-66.984,36.035,0.317,0.000,29.246,30.924,0.000,0.000,0.0000
1124.580,-66.984,36.035,0.317,0.000,29.246,30.924,0.000,0.000,0.0000
1124.590,-66.984,36.035,0.317,0.000,29.246,30.924,0.000,0.000,0.0000
1124.600,-66.984,36.035,0.317,0.000,29.246,30.924,0.000,0.000,0.0000
1124.610,-66.984,36.035,0.317,0.000,29.246,30.924,0.000,0.000,0.0000
1124.620,-66.984,36.035,0.317,0.000,29.246,30.924,0.000,0.000,0.0000
1124.630,-66.984,36.035,0.317,0.000,29.246,30.924,0.000,0.000,0.0000
1124.640,-66.984,36.035,0.317,0.000,29.246,30.924,0.000,0.000,0.0000
1124.650,-66.984,36.035,0.317,0.000,29.246,30.924,0.000,0.000,0.0000
1124.660,-66.984,36.035,0.317,0.000,29.246,30.924,0.000,0.000,0.0000
1124.670,-66.984,36.035,0.317,0.000,29.246,30.924,0.000,0.000,0.0000
1124.680,-66.984,36.035,0.317,0.000,29.246,30.924,0.000,0.000,0.0000
1124.690,-66.984,36.035,0.317,0.000,29.246,30.924,0.000,0.000,0.0000
1124.700,-66.984,36.035,0.317,0.000,29.246,30.924,0.000,0.000,0.0000
1124.710,-66.984,36.035,0.317,0.000,29.246,30.924,0.000,0.000,0.0000
1124.720,-66.984,36.035,0.317,0.000,29.246,30.924,0.000,0.000,0.0000
1124.730,-66.984,36.035,0.317,0.000,29.246,30.924,0.000,0.000,0.0000
1124.740,-66.984,36.035,0.317,0.000,29.246,30.924,0.000,0.000,0.0000
1124.750,-66.984,36.035,0.317,0.000,29.246,30.924,0.000,0.000,0.0000
1124.760,-66.984,36.035,0.317,0.000,29.246,30.924,0.000,0.000,0.0000
1124.770,-66.984,36.035,0.317,0.000,29.246,30.924,0.000,0.000,0.0000
1124.780,-66.984,36.035,0.317,0.000,29.246,30.924,0.000,0.000,0.0000
1124.790,-66.984,36.035,0.317,0.000,29.246,30.924,0.000,0.000,0.0000
1124.800,-66.984,36.035,0.317,0.000,29.246,30.924,0.000,0.000,0.0000
1124.810,-66.984,36.035,0.317,0.000,29.246,30.924,0.000,0.000,0.0000
1124.820,-66.984,36.035,0.317,0.000,29.246,30.924,0.000,0.000,0.0000
1124.830,-66.984,36.035,0.317,0.000,29.246,30.924,0.000,0.000,0.0000
1124.840,-66.984,36.035,0.317,0.000,29.246,30.924,0.000,0.000,0.0000
1124.850,-66.984,36.035,0.317,0.000,29.246,30.924,0.000,0.000,0.0000
1124.860,-66.984,36.035,0.317,0.000,29.246,30.924,0.000,0.000,0.0000
1124.870,-66.984,36.035,0.317,0.000,29.246,30.924,0.000,0.000,0.0000
1124.880,-66.984,36.035,0.317,0.000,29.246,30.924,0.000,0.000,0.0000
1124.890,-66.984,36.035,0.317,0.000,29.246,30.924,0.000,0.000,0.0000
1124.900,-66.984,36.035,0.317,0.000,29.246,30.924,0.000,0.000,0.0000
1124.910,-66.984,36.035,0.317,0.000,29.246,30.924,0.000,0.000,0.0000
1124.920,-66.984,36.035,0.317,0.000,29.246,30.924,0.000,0.000,0.0000
1124.930,-66.984,36.035,0.317,0.000,29.246,30.924,0.000,0.000,0.0000
1124.940,-66.984,36.035,0.317,0.000,29.246,30.924,0.000,0.000,0.0000
1124.950,-66.984,36.035,0.317,0.000,29.246,30.924,0.000,0.000,0.0000
1124.960,-66.984,36.035,0.317,0.000,29.246,30.924,0.000,0.000,0.0000
1124.970,-66.984,36.035,0.317,0.000,29.246,30.924,0.000,0.000,0.0000
1124.980,-66.984,36.035,0.317,0.000,29.246,30.924,0.000,0.000,0.0000
1124.990,-66.984,36.035,0.317,0.000,29.246,30.924,0.000,0.000,0.0000
1125.000,-66.984,36.035,0.317,0.000,29.246,30.924,0.000,0.000,0.0000
1125.010,-66.984,36.035,0.317,0.000,29.246,30.924,0.000,0.000,0.0000
1125.020,-66.984,36.035,0.317,0.000,29.246,30.924,0.000,0.000,0.0000
1125.030,-66.984,36.035,0.317,0.000,29.246,30.924,0.000,0.000,0.0000
1125.040,-66.984,36.035,0.317,0.000,29.246,30.924,0.000,0.000,0.0000
1125.050,-66.984,36.035,0.317,0.000,29.246,30.924,0.000,0.000,0.0000
1125.060,-66.984,36.035,0.317,0.000,29.246,30.924,0.000,0.000,0.0000
1125.070,-66.984,36.035,0.317,0.000,29.246,30.924,0.000,0.000,0.0000
1125.080,-66.984,36.035,0.317,0.000,29.246,30.924,0.000,0.000,0.0000
1125.090,-66.984,36.035,0.317,0.000,29.246,30.924,0.000,0.000,0.0000
1125.100,-66.984,36.035,0.317,0.000,29.246,30.924,0.000,0.000,0.0000
1125.110,-66.984,36.035,0.317,0.000,29.246,30.924,0.000,0.000,0.0000
1125.120,-66.984,36.035,0.317,0.000,29.246,30.924,0.000,0.000,0.0000
1125.130,-66.984,36.035,0.317,0.000,29.246,30.924,0.000,0.000,0.0000
1125.140,-66.984,36.035,0.317,0.000,29.246,30.924,0.000,0.000,0.0000
1125.150,-66.984,36.035,0.317,0.000,29.246,30.924,0.000,0.000,0.0000
1125.160,-66.984,36.035,0.317,0.000,29.246,30.924,0.000,0.000,0.0000
1125.170,-66.984,36.035,0.317,0.000,29.246,30.924,0.000,0.000,0.0000
1125.180,-66.984,36.035,0.317,0.000,29.246,30.924,0.000,0.000,0.0000
1125.190,-66.984,36.035,0.317,0.000,29.246,30.924,0.000,0.000,0.0000
1125.200,-66.984,36.035,0.317,0.000,29.246,30.924,0.000,0.000,0.0000
1125.210,-66.984,36.035,0.317,0.000,29.246,30.924,0.000,0.000,0.0000
1125.220,-66.984,36.035,0.317,0.000,29.246,30.924,0.000,0.000,0.0000
1125.230,-66.984,36.035,0.317,0.000,29.246,30.924,0.000,0.000,0.0000
1125.240,-66.984,36.035,0.317,0.000,29.246,30.924,0.000,0.000,0.0000
1125.250,-66.984,36.035,0.317,0.000,29.246,30.924,0.000,0.000,0.0000
1125.260,-66.984,36.035,0.317,0.000,29.246,30.924,0.000,0.000,0.0000
1125.270,-66.984,36.035,0.317,0.000,29.246,30.924,0.000,0.000,0.0000
1125.280,-66.984,36.035,0.317,0.000,29.246,30.924,0.000,0.000,0.0000
1125.290,-66.984,36.035,0.317,0.000,29.246,30.924,0.000,0.000,0.0000
1125.300,-66.984,36.035,0.317,0.000,29.246,30.924,0.000,0.000,0.0000
1125.310,-66.984,36.035,0.317,0.000,29.246,30.924,0.000,0.000,0.0000
1125.320,-66.984,36.035,0.317,0.000,29.246,30.924,0.000,0.000,0.0000
1125.330,-66.984,36.035,0.317,0.000,29.246,30.924,0.000,0.000,0.0000
1125.340,-66.984,36.035,0.317,0.000,29.246,30.924,0.000,0.000,0.0000
1125.350,-66.984,36.035,0.317,0.000,29.246,30.924,0.000,0.000,0.0000
1125.360,-66.984,36.035,0.317,0.000,29.246,30.924,0.000,0.000,0.0000
1125.370,-66.984,36.035,0.317,0.000,29.246,30.924,0.000,0.000,0.0000
1125.380,-66.984,36.035,0.317,0.000,29.246,30.924,0.000,0.000,0.0000
1125.390,-66.984,36.035,0.317,0.000,29.246,30.924,0.000,0.000,0.0000
1125.400,-66.984,36.035,0.317,0.000,29.246,30.924,0.000,0.000,0.0000
1125.410,-66.984,36.035,0.317,0.000,29.246,30.924,0.000,0.000,0.0000
1125.420,-66.984,36.035,0.317,0.000,29.246,30.924,0.000,0.000,0.0000
1125.430,-66.984,36.035,0.317,0.000,29.246,30.924,0.000,0.000,0.0000
1125.440,-66.984,36.035,0.317,0.000,29.246,30.924,0.000,0.000,0.0000
1125.450,-66.984,36.035,0.317,0.000,29.246,30.924,0.000,0.000,0.0000
1125.460,-66.984,36.035,0.317,0.000,29.246,30.924,0.000,0.000,0.0000
1125.470,-66.984,36.035,0.317,0.000,29.246,30.924,0.000,0.000,0.0000
1125.480,-66.984,36.035,0.317,0.000,29.246,30.924,0.000,0.000,0.0000
1125.490,-66.984,36.035,0.317,0.000,29.246,30.924,0.000,0.000,0.0000
1125.500,-66.984,36.035,0.317,0.000,29.246,30.924,0.000,0.000,0.0000
1125.510,-66.984,36.035,0.317,0.000,29.246,30.924,0.000,0.000,0.0000
1125.520,-66.984,36.035,0.317,0.000,29.246,30.924,0.000,0.000,0.0000
1125.530,-66.984,36.035,0.317,0.000,29.246,30.924,0.000,0.000,0.0000
1125.540,-66.984,36.035,0.317,0.000,29.246,30.924,0.000,0.000,0.0000
1125.550,-66.984,36.035,0.317,0.000,29.246,30.924,0.000,0.000,0.0000
1125.560,-66.984,36.035,0.317,0.000,29.246,30.924,0.000,0.000,0.0000
1125.570,-66.984,36.035,0.317,0.000,29.246,30.924,0.000,0.000,0.0000
1125.580,-66.984,36.035,0.317,0.000,29.246,30.924,0.000,0.000,0.0000
1125.590,-66.984,36.035,0.317,0.000,29.246,30.924,0.000,0.000,0.0000
1125.600,-66.984,36.035,0.317,0.000,29.246,30.924,0.000,0.000,0.0000
1125.610,-66.984,36.035,0.317,0.000,29.246,30.924,0.000,0.000,0.0000
1125.620,-66.984,36.035,0.317,0.000,29.246,30.924,0.000,0.000,0.0000
1125.630,-66.984,36.035,0.317,0.000,29.246,30.924,0.000,0.000,0.0000
1125.640,-66.984,36.035,0.317,0.000,29.246,30.924,0.000,0.000,0.0000
1125.650,-66.984,36.035,0.317,0.000,29.246,30.924,0.000,0.000,0.0000
1125.660,-66.984,36.035,0.317,0.000,29.246,30.924,0.000,0.000,0.0000
1125.670,-66.984,36.035,0.317,0.000,29.246,30.924,0.000,0.000,0.0000
1125.680,-66.984,36.035,0.317,0.000,29.246,30.924,0.000,0.000,0.0000
1125.690,-66.984,36.035,0.317,0.000,29.246,30.924,0.000,0.000,0.0000
1125.700,-66.984,36.035,0.317,0.000,29.246,30.924,0.000,0.000,0.0000
1125.710,-66.984,36.035,0.317,0.000,29.246,30.924,0.000,0.000,0.0000
1125.720,-66.984,36.035,0.317,0.000,29.246,30.924,0.000,0.000,0.0000
1125.730,-66.984,36.035,0.317,0.000,29.246,30.924,0.000,0.000,0.0000
1125.740,-66.984,36.035,0.317,0.000,29.246,30.924,0.000,0.000,0.0000
1125.750,-66.984,36.035,0.317,0.000,29.246,30.924,0.000,0.000,0.0000
1125.760,-66.984,36.035,0.317,0.000,29.246,30.924,0.000,0.000,0.0000
1125.770,-66.984,36.035,0.317,0.000,29.246,30.924,0.000,0.000,0.0000
1125.780,-66.984,36.035,0.317,0.000,29.246,30.924,0.000,0.000,0.0000
1125.790,-66.984,36.035,0.317,0.000,29.246,30.924,0.000,0.000,0.0000
1125.800,-66.984,36.035,0.317,0.000,29.246,30.924,0.000,0.000,0.0000
1125.810,-66.984,36.035,0.317,0.000,29.246,30.924,0.000,0.000,0.0000
1125.820,-66.984,36.035,0.317,0.000,29.246,30.924,0.000,0.000,0.0000
1125.830,-66.984,36.035,0.317,0.000,29.246,30.924,0.000,0.000,0.0000
1125.840,-66.984,36.035,0.317,0.000,29.246,30.924,0.000,0.000,0.0000
1125.850,-66.984,36.035,0.317,0.000,29.246,30.924,0.000,0.000,0.0000
1125.860,-66.984,36.035,0.317,0.000,29.246,30.924,0.000,0.000,0.0000
1125.870,-66.984,36.035,0.317,0.000,29.246,30.924,0.000,0.000,0.0000
1125.880,-66.984,36.035,0.317,0.000,29.246,30.924,0.000,0.000,0.0000
1125.890,-66.984,36.035,0.317,0.000,29.246,30.924,0.000,0.000,0.0000
1125.900,-66.984,36.035,0.317,0.000,29.246,30.924,0.000,0.000,0.0000
1125.910,-66.984,36.035,0.317,0.000,29.246,30.924,0.000,0.000,0.0000
1125.920,-66.984,36.035,0.317,0.000,29.246,30.924,0.000,0.000,0.0000
1125.930,-66.984,36.035,0.317,0.000,29.246,30.924,0.000,0.000,0.0000
1125.940,-66.984,36.035,0.317,0.000,29.246,30.924,0.000,0.000,0.0000
1125.950,-66.984,36.035,0.317,0.000,29.246,30.924,0.000,0.000,0.0000
1125.960,-66.984,36.035,0.317,0.000,29.246,30.924,0.000,0.000,0.0000
1125.970,-66.984,36.035,0.317,0.000,29.246,30.924,0.000,0.000,0.0000
1125.980,-66.984,36.035,0.317,0.000,29.246,30.924,0.000,0.000,0.0000
1125.990,-66.984,36.035,0.317,0.000,29.246,30.924,0.000,0.000,0.0000
1126.000,-66.984,36.035,0.317,0.000,29.246,30.924,0.000,0.000,0.0000
1126.010,-66.984,36.035,0.317,0.000,29.246,30.924,0.000,0.000,0.0000
1126.020,-66.984,36.035,0.317,0.000,29.246,30.924,0.000,0.000,0.0000
1126.030,-66.984,36.035,0.317,0.000,29.246,30.924,0.000,0.000,0.0000
1126.040,-66.984,36.035,0.317,0.000,29.246,30.924,0.000,0.000,0.0000
1126.050,-66.984,36.035,0.317,0.000,29.246,30.924,0.000,0.000,0.0000
1126.060,-66.984,36.035,0.317,0.000,29.246,30.924,0.000,0.000,0.0000
1126.070,-66.984,36.035,0.317,0.000,29.246,30.924,0.000,0.000,0.0000
1126.080,-66.984,36.035,0.317,0.000,29.246,30.924,0.000,0.000,0.0000
1126.090,-66.984,36.035,0.317,0.000,29.246,30.924,0.000,0.000,0.0000
1126.100,-66.984,36.035,0.317,0.000,29.246,30.924,0.000,0.000,0.0000
1126.110,-66.984,36.035,0.317,0.000,29.246,30.924,0.000,0.000,0.0000
1126.120,-66.984,36.035,0.317,0.000,29.246,30.924,0.000,0.000,0.0000
1126.130,-66.984,36.035,0.317,0.000,29.246,30.924,0.000,0.000,0.0000
1126.140,-66.984,36.035,0.317,0.000,29.246,30.924,0.000,0.000,0.0000
1126.150,-66.984,36.035,0.317,0.000,29.246,30.924,0.000,0.000,0.0000
1126.160,-66.984,36.035,0.317,0.000,29.246,30.924,0.000,0.000,0.0000
1126.170,-66.984,36.035,0.317,0.000,29.246,30.924,0.000,0.000,0.0000
1126.180,-66.984,36.035,0.317,0.000,29.246,30.924,0.000,0.000,0.0000
1126.190,-66.984,36.035,0.317,0.000,29.246,30.924,0.000,0.000,0.0000
1126.200,-66.984,36.035,0.317,0.000,29.246,30.924,0.000,0.000,0.0000
1126.210,-66.984,36.035,0.317,0.000,29.246,30.924,0.000,0.000,0.0000
1126.220,-66.984,36.035,0.317,0.000,29.246,30.924,0.000,0.000,0.0000
1126.230,-66.984,36.035,0.317,0.000,29.246,30.924,0.000,0.000,0.0000
1126.240,-66.984,36.035,0.317,0.000,29.246,30.924,0.000,0.000,0.0000
1126.250,-66.984,36.035,0.317,0.000,29.246,30.924,0.000,0.000,0.0000
1126.260,-66.984,36.035,0.317,0.000,29.246,30.924,0.000,0.000,0.0000
1126.270,-66.984,36.035,0.317,0.000,29.246,30.924,0.000,0.000,0.0000
1126.280,-66.984,36.035,0.317,0.000,29.246,30.924,0.000,0.000,0.0000
1126.290,-66.984,36.035,0.317,0.000,29.246,30.924,0.000,0.000,0.0000
1126.300,-66.984,36.035,0.317,0.000,29.246,30.924,0.000,0.000,0.0000
1126.310,-66.984,36.035,0.317,0.000,29.246,30.924,0.000,0.000,0.0000
1126.320,-66.984,36.035,0.317,0.000,29.246,30.924,0.000,0.000,0.0000
1126.330,-66.984,36.035,0.317,0.000,29.246,30.924,0.000,0.000,0.0000
1126.340,-66.984,36.035,0.317,0.000,29.246,30.924,0.000,0.000,0.0000
1126.350,-66.984,36.035,0.317,0.000,29.246,30.924,0.000,0.000,0.0000
1126.360,-66.984,36.035,0.317,0.000,29.246,30.924,0.000,0.000,0.0000
1126.370,-66.984,36.035,0.317,0.000,29.246,30.924,0.000,0.000,0.0000
1126.380,-66.984,36.035,0.317,0.000,29.246,30.924,0.000,0.000,0.0000
1126.390,-66.984,36.035,0.317,0.000,29.246,30.924,0.000,0.000,0.0000
1126.400,-66.984,36.035,0.317,0.000,29.246,30.924,0.000,0.000,0.0000
1126.410,-66.984,36.035,0.317,0.000,29.246,30.924,0.000,0.000,0.0000
1126.420,-66.984,36.035,0.317,0.000,29.246,30.924,0.000,0.000,0.0000
1126.430,-66.984,36.035,0.317,0.000,29.246,30.924,0.000,0.000,0.0000
1126.440,-66.984,36.035,0.317,0.000,29.246,30.924,0.000,0.000,0.0000
1126.450,-66.984,36.035,0.317,0.000,29.246,30.924,0.000,0.000,0.0000
1126.460,-66.984,36.035,0.317,0.000,29.246,30.924,0.000,0.000,0.0000
1126.470,-66.984,36.035,0.317,0.000,29.246,30.924,0.000,0.000,0.0000
1126.480,-66.984,36.035,0.317,0.000,29.246,30.924,0.000,0.000,0.0000
1126.490,-66.984,36.035,0.317,0.000,29.246,30.924,0.000,0.000,0.0000
1126.500,-66.984,36.035,0.317,0.000,29.246,30.924,0.000,0.000,0.0000
1126.510,-66.984,36.035,0.317,0.000,29.246,30.924,0.000,0.000,0.0000
1126.520,-66.984,36.035,0.317,0.000,29.246,30.924,0.000,0.000,0.0000
1126.530,-66.984,36.035,0.317,0.000,29.246,30.924,0.000,0.000,0.0000
1126.540,-66.984,36.035,0.317,0.000,29.246,30.924,0.000,0.000,0.0000
1126.550,-66.984,36.035,0.317,0.000,29.246,30.924,0.000,0.000,0.0000
1126.560,-66.984,36.035,0.317,0.000,29.246,30.924,0.000,0.000,0.0000
1126.570,-66.984,36.035,0.317,0.000,29.246,30.924,0.000,0.000,0.0000
1126.580,-66.984,36.035,0.317,0.000,29.246,30.924,0.000,0.000,0.0000
1126.590,-66.984,36.035,0.317,0.000,29.246,30.924,0.000,0.000,0.0000
1126.600,-66.984,36.035,0.317,0.000,29.246,30.924,0.000,0.000,0.0000
1126.610,-66.984,36.035,0.317,0.000,29.246,30.924,0.000,0.000,0.0000
1126.620,-66.984,36.035,0.317,0.000,29.246,30.924,0.000,0.000,0.0000
1126.630,-66.984,36.035,0.317,0.000,29.246,30.924,0.000,0.000,0.0000
1126.640,-66.984,36.035,0.317,0.000,29.246,30.924,0.000,0.000,0.0000
1126.650,-66.984,36.035,0.317,0.000,29.246,30.924,0.000,0.000,0.0000
1126.660,-66.984,36.035,0.317,0.000,29.246,30.924,0.000,0.000,0.0000
1126.670,-66.984,36.035,0.317,0.000,29.246,30.924,0.000,0.000,0.0000
1126.680,-66.984,36.035,0.317,0.000,29.246,30.924,0.000,0.000,0.0000
1126.690,-66.984,36.035,0.317,0.000,29.246,30.924,0.000,0.000,0.0000
1126.700,-66.984,36.035,0.317,0.000,29.246,30.924,0.000,0.000,0.0000
1126.710,-66.984,36.035,0.317,0.000,29.246,30.924,0.000,0.000,0.0000
1126.720,-66.984,36.035,0.317,0.000,29.246,30.924,0.000,0.000,0.0000
1126.730,-66.984,36.035,0.317,0.000,29.246,30.924,0.000,0.000,0.0000
1126.740,-66.984,36.035,0.317,0.000,29.246,30.924,0.000,0.000,0.0000
1126.750,-66.984,36.035,0.317,0.000,29.246,30.924,0.000,0.000,0.0000
1126.760,-66.984,36.035,0.317,0.000,29.246,30.924,0.000,0.000,0.0000
1126.770,-66.984,36.035,0.317,0.000,29.246,30.924,0.000,0.000,0.0000
1126.780,-66.984,36.035,0.317,0.000,29.246,30.924,0.000,0.000,0.0000
1126.790,-66.984,36.035,0.317,0.000,29.246,30.924,0.000,0.000,0.0000
1126.800,-66.984,36.035,0.317,0.000,29.246,30.924,0.000,0.000,0.0000
1126.810,-66.984,36.035,0.317,0.000,29.246,30.924,0.000,0.000,0.0000
1126.820,-66.984,36.035,0.317,0.000,29.246,30.924,0.000,0.000,0.0000
1126.830,-66.984,36.035,0.317,0.000,29.246,30.924,0.000,0.000,0.0000
1126.840,-66.984,36.035,0.317,0.000,29.246,30.924,0.000,0.000,0.0000
1126.850,-66.984,36.035,0.317,0.000,29.246,30.924,0.000,0.000,0.0000
1126.860,-66.984,36.035,0.317,0.000,29.246,30.924,0.000,0.000,0.0000
1126.870,-66.984,36.035,0.317,0.000,29.246,30.924,0.000,0.000,0.0000
1126.880,-66.984,36.035,0.317,0.000,29.246,30.924,0.000,0.000,0.0000
1126.890,-66.984,36.035,0.317,0.000,29.246,30.924,0.000,0.000,0.0000
1126.900,-66.984,36.035,0.317,0.000,29.246,30.924,0.000,0.000,0.0000
1126.910,-66.984,36.035,0.317,0.000,29.246,30.924,0.000,0.000,0.0000
1126.920,-66.984,36.035,0.317,0.000,29.246,30.924,0.000,0.000,0.0000
1126.930,-66.984,36.035,0.317,0.000,29.246,30.924,0.000,0.000,0.0000
1126.940,-66.984,36.035,0.317,0.000,29.246,30.924,0.000,0.000,0.0000
1126.950,-66.984,36.035,0.317,0.000,29.246,30.924,0.000,0.000,0.0000
1126.960,-66.984,36.035,0.317,0.000,29.246,30.924,0.000,0.000,0.0000
1126.970,-66.984,36.035,0.317,0.000,29.246,30.924,0.000,0.000,0.0000
1126.980,-66.984,36.035,0.317,0.000,29.246,30.924,0.000,0.000,0.0000
1126.990,-66.984,36.035,0.317,0.000,29.246,30.924,0.000,0.000,0.0000
1127.000,-66.984,36.035,0.317,0.000,29.246,30.924,0.000,0.000,0.0000
1127.010,-66.984,36.035,0.317,0.000,29.246,30.924,0.000,0.000,0.0000
1127.020,-66.984,36.035,0.317,0.000,29.246,30.924,0.000,0.000,0.0000
1127.030,-66.984,36.035,0.317,0.000,29.246,30.924,0.000,0.000,0.0000
1127.040,-66.984,36.035,0.317,0.000,29.246,30.924,0.000,0.000,0.0000
1127.050,-66.984,36.035,0.317,0.000,29.246,30.924,0.000,0.000,0.0000
1127.060,-66.984,36.035,0.317,0.000,29.246,30.924,0.000,0.000,0.0000
1127.070,-66.984,36.035,0.317,0.000,29.246,30.924,0.000,0.000,0.0000
1127.080,-66.984,36.035,0.317,0.000,29.246,30.924,0.000,0.000,0.0000
1127.090,-66.984,36.035,0.317,0.000,29.246,30.924,0.000,0.000,0.0000
1127.100,-66.984,36.035,0.317,0.000,29.246,30.924,0.000,0.000,0.0000
1127.110,-66.984,36.035,0.317,0.000,29.246,30.924,0.000,0.000,0.0000
1127.120,-66.984,36.035,0.317,0.000,29.246,30.924,0.000,0.000,0.0000
1127.130,-66.984,36.035,0.317,0.000,29.246,30.924,0.000,0.000,0.0000
1127.140,-66.984,36.035,0.317,0.000,29.246,30.924,0.000,0.000,0.0000
1127.150,-66.984,36.035,0.317,0.000,29.246,30.924,0.000,0.000,0.0000
1127.160,-66.984,36.035,0.317,0.000,29.246,30.924,0.000,0.000,0.0000
1127.170,-66.984,36.035,0.317,0.000,29.246,30.924,0.000,0.000,0.0000
1127.180,-66.984,36.035,0.317,0.000,29.246,30.924,0.000,0.000,0.0000
1127.190,-66.984,36.035,0.317,0.000,29.246,30.924,0.000,0.000,0.0000
1127.200,-66.984,36.035,0.317,0.000,29.246,30.924,0.000,0.000,0.0000
1127.210,-66.984,36.035,0.317,0.000,29.246,30.924,0.000,0.000,0.0000
1127.220,-66.984,36.035,0.317,0.000,29.246,30.924,0.000,0.000,0.0000
1127.230,-66.984,36.035,0.317,0.000,29.246,30.924,0.000,0.000,0.0000
1127.240,-66.984,36.035,0.317,0.000,29.246,30.924,0.000,0.000,0.0000
1127.250,-66.984,36.035,0.317,0.000,29.246,30.924,0.000,0.000,0.0000
1127.260,-66.984,36.035,0.317,0.000,29.246,30.924,0.000,0.000,0.0000
1127.270,-66.984,36.035,0.317,0.000,29.246,30.924,0.000,0.000,0.0000
1127.280,-66.984,36.035,0.317,0.000,29.246,30.924,0.000,0.000,0.0000
1127.290,-66.984,36.035,0.317,0.000,29.246,30.924,0.000,0.000,0.0000
1127.300,-66.984,36.035,0.317,0.000,29.246,30.924,0.000,0.000,0.0000
1127.310,-66.984,36.035,0.317,0.000,29.246,30.924,0.000,0.000,0.0000
1127.320,-66.984,36.035,0.317,0.000,29.246,30.924,0.000,0.000,0.0000
1127.330,-66.984,36.035,0.317,0.000,29.246,30.924,0.000,0.000,0.0000
1127.340,-66.984,36.035,0.317,0.000,29.246,30.924,0.000,0.000,0.0000
1127.350,-66.984,36.035,0.317,0.000,29.246,30.924,0.000,0.000,0.0000
1127.360,-66.984,36.035,0.317,0.000,29.246,30.924,0.000,0.000,0.0000
1127.370,-66.984,36.035,0.317,0.000,29.246,30.924,0.000,0.000,0.0000
1127.380,-66.984,36.035,0.317,0.000,29.246,30.924,0.000,0.000,0.0000
1127.390,-66.984,36.035,0.317,0.000,29.246,30.924,0.000,0.000,0.0000
1127.400,-66.984,36.035,0.317,0.000,29.246,30.924,0.000,0.000,0.0000
1127.410,-66.984,36.035,0.317,0.000,29.246,30.924,0.000,0.000,0.0000
1127.420,-66.984,36.035,0.317,0.000,29.246,30.924,0.000,0.000,0.0000
1127.430,-66.984,36.035,0.317,0.000,29.246,30.924,0.000,0.000,0.0000
1127.440,-66.984,36.035,0.317,0.000,29.246,30.924,0.000,0.000,0.0000
1127.450,-66.984,36.035,0.317,0.000,29.246,30.924,0.000,0.000,0.0000
1127.460,-66.984,36.035,0.317,0.000,29.246,30.924,0.000,0.000,0.0000
1127.470,-66.984,36.035,0.317,0.000,29.246,30.924,0.000,0.000,0.0000
1127.480,-66.984,36.035,0.317,0.000,29.246,30.924,0.000,0.000,0.0000
1127.490,-66.984,36.035,0.317,0.000,29.246,30.924,0.000,0.000,0.0000
1127.500,-66.984,36.035,0.317,0.000,29.246,30.924,0.000,0.000,0.0000
1127.510,-66.984,36.035,0.317,0.000,29.246,30.924,0.000,0.000,0.0000
1127.520,-66.984,36.035,0.317,0.000,29.246,30.924,0.000,0.000,0.0000
1127.530,-66.984,36.035,0.317,0.000,29.246,30.924,0.000,0.000,0.0000
1127.540,-66.984,36.035,0.317,0.000,29.246,30.924,0.000,0.000,0.0000
1127.550,-66.984,36.035,0.317,0.000,29.246,30.924,0.000,0.000,0.0000
1127.560,-66.984,36.035,0.317,0.000,29.246,30.924,0.000,0.000,0.0000
1127.570,-66.984,36.035,0.317,0.000,29.246,30.924,0.000,0.000,0.0000
1127.580,-66.984,36.035,0.317,0.000,29.246,30.924,0.000,0.000,0.0000
1127.590,-66.984,36.035,0.317,0.000,29.246,30.924,0.000,0.000,0.0000
1127.600,-66.984,36.035,0.317,0.000,29.246,30.924,0.000,0.000,0.0000
1127.610,-66.984,36.035,0.317,0.000,29.246,30.924,0.000,0.000,0.0000
1127.620,-66.984,36.035,0.317,0.000,29.246,30.924,0.000,0.000,0.0000
1127.630,-66.984,36.035,0.317,0.000,29.246,30.924,0.000,0.000,0.0000
1127.640,-66.984,36.035,0.317,0.000,29.246,30.924,0.000,0.000,0.0000
1127.650,-66.984,36.035,0.317,0.000,29.246,30.924,0.000,0.000,0.0000
1127.660,-66.984,36.035,0.317,0.000,29.246,30.924,0.000,0.000,0.0000
1127.670,-66.984,36.035,0.317,0.000,29.246,30.924,0.000,0.000,0.0000
1127.680,-66.984,36.035,0.317,0.000,29.246,30.924,0.000,0.000,0.0000
1127.690,-66.984,36.035,0.317,0.000,29.246,30.924,0.000,0.000,0.0000
1127.700,-66.984,36.035,0.317,0.000,29.246,30.924,0.000,0.000,0.0000
1127.710,-66.984,36.035,0.317,0.000,29.246,30.924,0.000,0.000,0.0000
1127.720,-66.984,36.035,0.317,0.000,29.246,30.924,0.000,0.000,0.0000
1127.730,-66.984,36.035,0.317,0.000,29.246,30.924,0.000,0.000,0.0000
1127.740,-66.984,36.035,0.317,0.000,29.246,30.924,0.000,0.000,0.0000
1127.750,-66.984,36.035,0.317,0.000,29.246,30.924,0.000,0.000,0.0000
1127.760,-66.984,36.035,0.317,0.000,29.246,30.924,0.000,0.000,0.0000
1127.770,-66.984,36.035,0.317,0.000,29.246,30.924,0.000,0.000,0.0000
1127.780,-66.984,36.035,0.317,0.000,29.246,30.924,0.000,0.000,0.0000
1127.790,-66.984,36.035,0.317,0.000,29.246,30.924,0.000,0.000,0.0000
1127.800,-66.984,36.035,0.317,0.000,29.246,30.924,0.000,0.000,0.0000
1127.810,-66.984,36.035,0.317,0.000,29.246,30.924,0.000,0.000,0.0000
1127.820,-66.984,36.035,0.317,0.000,29.246,30.924,0.000,0.000,0.0000
1127.830,-66.984,36.035,0.317,0.000,29.246,30.924,0.000,0.000,0.0000
1127.840,-66.984,36.035,0.317,0.000,29.246,30.924,0.000,0.000,0.0000
1127.850,-66.984,36.035,0.317,0.000,29.246,30.924,0.000,0.000,0.0000
1127.860,-66.984,36.035,0.317,0.000,29.246,30.924,0.000,0.000,0.0000
1127.870,-66.984,36.035,0.317,0.000,29.246,30.924,0.000,0.000,0.0000
1127.880,-66.984,36.035,0.317,0.000,29.246,30.924,0.000,0.000,0.0000
1127.890,-66.984,36.035,0.317,0.000,29.246,30.924,0.000,0.000,0.0000
1127.900,-66.984,36.035,0.317,0.000,29.246,30.924,0.000,0.000,0.0000
1127.910,-66.984,36.035,0.317,0.000,29.246,30.924,0.000,0.000,0.0000
1127.920,-66.984,36.035,0.317,0.000,29.246,30.924,0.000,0.000,0.0000
1127.930,-66.984,36.035,0.317,0.000,29.246,30.924,0.000,0.000,0.0000
1127.940,-66.984,36.035,0.317,0.000,29.246,30.924,0.000,0.000,0.0000
1127.950,-66.984,36.035,0.317,0.000,29.246,30.924,0.000,0.000,0.0000
1127.960,-66.984,36.035,0.317,0.000,29.246,30.924,0.000,0.000,0.0000
1127.970,-66.984,36.035,0.317,0.000,29.246,30.924,0.000,0.000,0.0000
1127.980,-66.984,36.035,0.317,0.000,29.246,30.924,0.000,0.000,0.0000
1127.990,-66.984,36.035,0.317,0.000,29.246,30.924,0.000,0.000,0.0000
1128.000,-66.984,36.035,0.317,0.000,29.246,30.924,0.000,0.000,0.0000
1128.010,-66.984,36.035,0.317,0.000,29.246,30.924,0.000,0.000,0.0000
1128.020,-66.984,36.035,0.317,0.000,29.246,30.924,0.000,0.000,0.0000
1128.030,-66.984,36.035,0.317,0.000,29.246,30.924,0.000,0.000,0.0000
1128.040,-66.984,36.035,0.317,0.000,29.246,30.924,0.000,0.000,0.0000
1128.050,-66.984,36.035,0.317,0.000,29.246,30.924,0.000,0.000,0.0000
1128.060,-66.984,36.035,0.317,0.000,29.246,30.924,0.000,0.000,0.0000
1128.070,-66.984,36.035,0.317,0.000,29.246,30.924,0.000,0.000,0.0000
1128.080,-66.984,36.035,0.317,0.000,29.246,30.924,0.000,0.000,0.0000
1128.090,-66.984,36.035,0.317,0.000,29.246,30.924,0.000,0.000,0.0000
1128.100,-66.984,36.035,0.317,0.000,29.246,30.924,0.000,0.000,0.0000
1128.110,-66.984,36.035,0.317,0.000,29.246,30.924,0.000,0.000,0.0000
1128.120,-66.984,36.035,0.317,0.000,29.246,30.924,0.000,0.000,0.0000
1128.130,-66.984,36.035,0.317,0.000,29.246,30.924,0.000,0.000,0.0000
1128.140,-66.984,36.035,0.317,0.000,29.246,30.924,0.000,0.000,0.0000
1128.150,-66.984,36.035,0.317,0.000,29.246,30.924,0.000,0.000,0.0000
1128.160,-66.984,36.035,0.317,0.000,29.246,30.924,0.000,0.000,0.0000
1128.170,-66.984,36.035,0.317,0.000,29.246,30.924,0.000,0.000,0.0000
1128.180,-66.984,36.035,0.317,0.000,29.246,30.924,0.000,0.000,0.0000
1128.190,-66.984,36.035,0.317,0.000,29.246,30.924,0.000,0.000,0.0000
1128.200,-66.984,36.035,0.317,0.000,29.246,30.924,0.000,0.000,0.0000
1128.210,-66.984,36.035,0.317,0.000,29.246,30.924,0.000,0.000,0.0000
1128.220,-66.984,36.035,0.317,0.000,29.246,30.924,0.000,0.000,0.0000
1128.230,-66.984,36.035,0.317,0.000,29.246,30.924,0.000,0.000,0.0000
1128.240,-66.984,36.035,0.317,0.000,29.246,30.924,0.000,0.000,0.0000
1128.250,-66.984,36.035,0.317,0.000,29.246,30.924,0.000,0.000,0.0000
1128.260,-66.984,36.035,0.317,0.000,29.246,30.924,0.000,0.000,0.0000
1128.270,-66.984,36.035,0.317,0.000,29.246,30.924,0.000,0.000,0.0000
1128.280,-66.984,36.035,0.317,0.000,29.246,30.924,0.000,0.000,0.0000
1128.290,-66.984,36.035,0.317,0.000,29.246,30.924,0.000,0.000,0.0000
1128.300,-66.984,36.035,0.317,0.000,29.246,30.924,0.000,0.000,0.0000
1128.310,-66.984,36.035,0.317,0.000,29.246,30.924,0.000,0.000,0.0000
1128.320,-66.984,36.035,0.317,0.000,29.246,30.924,0.000,0.000,0.0000
1128.330,-66.984,36.035,0.317,0.000,29.246,30.924,0.000,0.000,0.0000
1128.340,-66.984,36.035,0.317,0.000,29.246,30.924,0.000,0.000,0.0000
1128.350,-66.984,36.035,0.317,0.000,29.246,30.924,0.000,0.000,0.0000
1128.360,-66.984,36.035,0.317,0.000,29.246,30.924,0.000,0.000,0.0000
1128.370,-66.984,36.035,0.317,0.000,29.246,30.924,0.000,0.000,0.0000
1128.380,-66.984,36.035,0.317,0.000,29.246,30.924,0.000,0.000,0.0000
1128.390,-66.984,36.035,0.317,0.000,29.246,30.924,0.000,0.000,0.0000
1128.400,-66.984,36.035,0.317,0.000,29.246,30.924,0.000,0.000,0.0000
1128.410,-66.984,36.035,0.317,0.000,29.246,30.924,0.000,0.000,0.0000
1128.420,-66.984,36.035,0.317,0.000,29.246,30.924,0.000,0.000,0.0000
1128.430,-66.984,36.035,0.317,0.000,29.246,30.924,0.000,0.000,0.0000
1128.440,-66.984,36.035,0.317,0.000,29.246,30.924,0.000,0.000,0.0000
1128.450,-66.984,36.035,0.317,0.000,29.246,30.924,0.000,0.000,0.0000
1128.460,-66.984,36.035,0.317,0.000,29.246,30.924,0.000,0.000,0.0000
1128.470,-66.984,36.035,0.317,0.000,29.246,30.924,0.000,0.000,0.0000
1128.480,-66.984,36.035,0.317,0.000,29.246,30.924,0.000,0.000,0.0000
1128.490,-66.984,36.035,0.317,0.000,29.246,30.924,0.000,0.000,0.0000
1128.500,-66.984,36.035,0.317,0.000,29.246,30.924,0.000,0.000,0.0000
1128.510,-66.984,36.035,0.317,0.000,29.246,30.924,0.000,0.000,0.0000
1128.520,-66.984,36.035,0.317,0.000,29.246,30.924,0.000,0.000,0.0000
1128.530,-66.984,36.035,0.317,0.000,29.246,30.924,0.000,0.000,0.0000
1128.540,-66.984,36.035,0.317,0.000,29.246,30.924,0.000,0.000,0.0000
1128.550,-66.984,36.035,0.317,0.000,29.246,30.924,0.000,0.000,0.0000
1128.560,-66.984,36.035,0.317,0.000,29.246,30.924,0.000,0.000,0.0000
1128.570,-66.984,36.035,0.317,0.000,29.246,30.924,0.000,0.000,0.0000
1128.580,-66.984,36.035,0.317,0.000,29.246,30.924,0.000,0.000,0.0000
1128.590,-66.984,36.035,0.317,0.000,29.246,30.924,0.000,0.000,0.0000
1128.600,-66.984,36.035,0.317,0.000,29.246,30.924,0.000,0.000,0.0000
1128.610,-66.984,36.035,0.317,0.000,29.246,30.924,0.000,0.000,0.0000
1128.620,-66.984,36.035,0.317,0.000,29.246,30.924,0.000,0.000,0.0000
1128.630,-66.984,36.035,0.317,0.000,29.246,30.924,0.000,0.000,0.0000
1128.640,-66.984,36.035,0.317,0.000,29.246,30.924,0.000,0.000,0.0000
1128.650,-66.984,36.035,0.317,0.000,29.246,30.924,0.000,0.000,0.0000
1128.660,-66.984,36.035,0.317,0.000,29.246,30.924,0.000,0.000,0.0000
1128.670,-66.984,36.035,0.317,0.000,29.246,30.924,0.000,0.000,0.0000
1128.680,-66.984,36.035,0.317,0.000,29.246,30.924,0.000,0.000,0.0000
1128.690,-66.984,36.035,0.317,0.000,29.246,30.924,0.000,0.000,0.0000
1128.700,-66.984,36.035,0.317,0.000,29.246,30.924,0.000,0.000,0.0000
1128.710,-66.984,36.035,0.317,0.000,29.246,30.924,0.000,0.000,0.0000
1128.720,-66.984,36.035,0.317,0.000,29.246,30.924,0.000,0.000,0.0000
1128.730,-66.984,36.035,0.317,0.000,29.246,30.924,0.000,0.000,0.0000
1128.740,-66.984,36.035,0.317,0.000,29.246,30.924,0.000,0.000,0.0000
1128.750,-66.984,36.035,0.317,0.000,29.246,30.924,0.000,0.000,0.0000
1128.760,-66.984,36.035,0.317,0.000,29.246,30.924,0.000,0.000,0.0000
1128.770,-66.984,36.035,0.317,0.000,29.246,30.924,0.000,0.000,0.0000
1128.780,-66.984,36.035,0.317,0.000,29.246,30.924,0.000,0.000,0.0000
1128.790,-66.984,36.035,0.317,0.000,29.246,30.924,0.000,0.000,0.0000
1128.800,-66.984,36.035,0.317,0.000,29.246,30.924,0.000,0.000,0.0000
1128.810,-66.984,36.035,0.317,0.000,29.246,30.924,0.000,0.000,0.0000
1128.820,-66.984,36.035,0.317,0.000,29.246,30.924,0.000,0.000,0.0000
1128.830,-66.984,36.035,0.317,0.000,29.246,30.924,0.000,0.000,0.0000
1128.840,-66.984,36.035,0.317,0.000,29.246,30.924,0.000,0.000,0.0000
1128.850,-66.984,36.035,0.317,0.000,29.246,30.924,0.000,0.000,0.0000
1128.860,-66.984,36.035,0.317,0.000,29.246,30.924,0.000,0.000,0.0000
1128.870,-66.984,36.035,0.317,0.000,29.246,30.924,0.000,0.000,0.0000
1128.880,-66.984,36.035,0.317,0.000,29.246,30.924,0.000,0.000,0.0000
1128.890,-66.984,36.035,0.317,0.000,29.246,30.924,0.000,0.000,0.0000
1128.900,-66.984,36.035,0.317,0.000,29.246,30.924,0.000,0.000,0.0000
1128.910,-66.984,36.035,0.317,0.000,29.246,30.924,0.000,0.000,0.0000
1128.920,-66.984,36.035,0.317,0.000,29.246,30.924,0.000,0.000,0.0000
1128.930,-66.984,36.035,0.317,0.000,29.246,30.924,0.000,0.000,0.0000
1128.940,-66.984,36.035,0.317,0.000,29.246,30.924,0.000,0.000,0.0000
1128.950,-66.984,36.035,0.317,0.000,29.246,30.924,0.000,0.000,0.0000
1128.960,-66.984,36.035,0.317,0.000,29.246,30.924,0.000,0.000,0.0000
1128.970,-66.984,36.035,0.317,0.000,29.246,30.924,0.000,0.000,0.0000
1128.980,-66.984,36.035,0.317,0.000,29.246,30.924,0.000,0.000,0.0000
1128.990,-66.984,36.035,0.317,0.000,29.246,30.924,0.000,0.000,0.0000
1129.000,-66.984,36.035,0.317,0.000,29.246,30.924,0.000,0.000,0.0000
1129.010,-66.984,36.035,0.317,0.000,29.246,30.924,0.000,0.000,0.0000
1129.020,-66.984,36.035,0.317,0.000,29.246,30.924,0.000,0.000,0.0000
1129.030,-66.984,36.035,0.317,0.000,29.246,30.924,0.000,0.000,0.0000
1129.040,-66.984,36.035,0.317,0.000,29.246,30.924,0.000,0.000,0.0000
1129.050,-66.984,36.035,0.317,0.000,29.246,30.924,0.000,0.000,0.0000
1129.060,-66.984,36.035,0.317,0.000,29.246,30.924,0.000,0.000,0.0000
1129.070,-66.984,36.035,0.317,0.000,29.246,30.924,0.000,0.000,0.0000
1129.080,-66.984,36.035,0.317,0.000,29.246,30.924,0.000,0.000,0.0000
1129.090,-66.984,36.035,0.317,0.000,29.246,30.924,0.000,0.000,0.0000
1129.100,-66.984,36.035,0.317,0.000,29.246,30.924,0.000,0.000,0.0000
1129.110,-66.984,36.035,0.317,0.000,29.246,30.924,0.000,0.000,0.0000
1129.120,-66.984,36.035,0.317,0.000,29.246,30.924,0.000,0.000,0.0000
1129.130,-66.984,36.035,0.317,0.000,29.246,30.924,0.000,0.000,0.0000
1129.140,-66.984,36.035,0.317,0.000,29.246,30.924,0.000,0.000,0.0000
1129.150,-66.984,36.035,0.317,0.000,29.246,30.924,0.000,0.000,0.0000
1129.160,-66.984,36.035,0.317,0.000,29.246,30.924,0.000,0.000,0.0000
1129.170,-66.984,36.035,0.317,0.000,29.246,30.924,0.000,0.000,0.0000
1129.180,-66.984,36.035,0.317,0.000,29.246,30.924,0.000,0.000,0.0000
1129.190,-66.984,36.035,0.317,0.000,29.246,30.924,0.000,0.000,0.0000
1129.200,-66.984,36.035,0.317,0.000,29.246,30.924,0.000,0.000,0.0000
1129.210,-66.984,36.035,0.317,0.000,29.246,30.924,0.000,0.000,0.0000
1129.220,-66.984,36.035,0.317,0.000,29.246,30.924,0.000,0.000,0.0000
1129.230,-66.984,36.035,0.317,0.000,29.246,30.924,0.000,0.000,0.0000
1129.240,-66.984,36.035,0.317,0.000,29.246,30.924,0.000,0.000,0.0000
1129.250,-66.984,36.035,0.317,0.000,29.246,30.924,0.000,0.000,0.0000
1129.260,-66.984,36.035,0.317,0.000,29.246,30.924,0.000,0.000,0.0000
1129.270,-66.984,36.035,0.317,0.000,29.246,30.924,0.000,0.000,0.0000
1129.280,-66.984,36.035,0.317,0.000,29.246,30.924,0.040,0.000,0.0000
1129.290,-66.984,36.035,0.317,0.015,29.246,30.924,0.080,0.000,0.0000
1129.300,-66.984,36.035,0.317,0.042,29.246,30.925,0.120,0.000,0.0000
1129.310,-66.983,36.035,0.317,0.077,29.247,30.926,0.160,0.000,0.0000
1129.320,-66.982,36.035,0.316,0.117,29.248,30.927,0.200,0.000,0.0000
1129.330,-66.980,36.036,0.316,0.159,29.250,30.928,0.240,0.000,0.0000
1129.340,-66.978,36.036,0.316,0.201,29.252,30.930,0.280,0.000,0.0000
1129.350,-66.976,36.036,0.315,0.242,29.254,30.933,0.320,0.000,0.0000
1129.360,-66.973,36.036,0.315,0.282,29.257,30.935,0.360,0.000,0.0000
1129.370,-66.970,36.036,0.314,0.322,29.260,30.939,0.400,0.000,0.0000
1129.380,-66.966,36.037,0.314,0.361,29.264,30.942,0.440,0.000,0.0000
1129.390,-66.962,36.037,0.313,0.400,29.268,30.946,0.480,0.000,0.0000
1129.400,-66.958,36.037,0.313,0.439,29.272,30.950,0.520,0.000,0.0000
1129.410,-66.953,36.037,0.312,0.478,29.277,30.955,0.560,0.000,0.0000
1129.420,-66.948,36.038,0.312,0.518,29.282,30.960,0.600,0.000,0.0000
1129.430,-66.942,36.038,0.311,0.557,29.288,30.965,0.640,0.000,0.0000
1129.440,-66.936,36.039,0.311,0.597,29.294,30.971,0.680,0.000,0.0000
1129.450,-66.930,36.039,0.310,0.637,29.300,30.977,0.720,0.000,0.0000
1129.460,-66.923,36.040,0.310,0.678,29.307,30.984,0.760,0.000,0.0000
1129.470,-66.916,36.040,0.309,0.718,29.314,30.991,0.800,0.000,0.0000
1129.480,-66.909,36.041,0.309,0.758,29.321,30.998,0.840,0.000,0.0000
1129.490,-66.901,36.041,0.309,0.799,29.329,31.005,0.880,0.000,0.0000
1129.500,-66.892,36.042,0.309,0.839,29.338,31.013,0.920,0.000,0.0000
1129.510,-66.883,36.042,0.308,0.880,29.347,31.022,0.960,0.000,0.0000
1129.520,-66.874,36.043,0.308,0.920,29.356,31.030,1.000,0.000,0.0000
1129.530,-66.865,36.044,0.308,0.960,29.365,31.039,1.000,0.000,0.0000
1129.540,-66.855,36.044,0.308,0.999,29.375,31.049,1.000,0.000,0.0000
1129.550,-66.844,36.045,0.308,1.037,29.386,31.058,1.000,0.000,0.0000
1129.560,-66.834,36.046,0.308,1.076,29.396,31.069,1.000,0.000,0.0000
1129.570,-66.822,36.047,0.308,1.115,29.408,31.079,1.000,0.000,0.0000
1129.580,-66.811,36.048,0.308,1.155,29.419,31.090,1.000,0.000,0.0000
1129.590,-66.799,36.048,0.308,1.195,29.431,31.101,1.000,0.000,0.0000
1129.600,-66.787,36.049,0.309,1.235,29.443,31.113,1.000,0.000,0.0000
1129.610,-66.774,36.050,0.309,1.275,29.456,31.124,1.000,0.000,0.0000
1129.620,-66.761,36.051,0.309,1.315,29.469,31.137,1.000,0.000,0.0000
1129.630,-66.747,36.052,0.309,1.355,29.483,31.149,1.000,0.000,0.0000
1129.640,-66.733,36.053,0.309,1.395,29.497,31.162,1.000,0.000,0.0000
1129.650,-66.719,36.054,0.310,1.435,29.511,31.176,1.000,0.000,0.0000
1129.660,-66.704,36.055,0.310,1.474,29.526,31.190,1.000,0.000,0.0000
1129.670,-66.689,36.056,0.310,1.514,29.541,31.204,1.000,0.000,0.0000
1129.680,-66.673,36.057,0.310,1.554,29.557,31.218,1.000,0.000,0.0000
1129.690,-66.657,36.058,0.310,1.593,29.573,31.233,1.000,0.000,0.0000
1129.700,-66.641,36.059,0.310,1.632,29.589,31.248,1.000,0.000,0.0000
1129.710,-66.624,36.061,0.311,1.672,29.606,31.264,1.000,0.000,0.0000
1129.720,-66.607,36.062,0.311,1.711,29.623,31.280,1.000,0.000,0.0000
1129.730,-66.590,36.063,0.311,1.751,29.640,31.297,1.000,0.000,0.0000
1129.740,-66.572,36.064,0.311,1.790,29.658,31.313,1.000,0.000,0.0000
1129.750,-66.554,36.065,0.311,1.829,29.676,31.330,1.000,0.000,0.0000
1129.760,-66.535,36.067,0.311,1.869,29.695,31.348,1.000,0.000,0.0000
1129.770,-66.516,36.068,0.311,1.908,29.714,31.366,1.000,0.000,0.0000
1129.780,-66.496,36.069,0.311,1.947,29.734,31.384,1.000,0.000,0.0000
1129.790,-66.477,36.071,0.311,1.986,29.753,31.403,1.000,0.000,0.0000
1129.800,-66.456,36.072,0.311,2.026,29.774,31.422,1.000,0.000,0.0000
1129.810,-66.436,36.074,0.311,2.065,29.794,31.441,1.000,0.000,0.0000
1129.820,-66.415,36.075,0.311,2.105,29.815,31.461,1.000,0.000,0.0000
1129.830,-66.393,36.077,0.311,2.145,29.837,31.481,1.000,0.000,0.0000
1129.840,-66.371,36.078,0.311,2.185,29.859,31.502,1.000,0.000,0.0000
1129.850,-66.349,36.080,0.311,2.225,29.881,31.523,1.000,0.000,0.0000
1129.860,-66.326,36.081,0.311,2.266,29.904,31.544,1.000,0.000,0.0000
1129.870,-66.303,36.083,0.311,2.307,29.927,31.566,1.000,0.000,0.0000
1129.880,-66.280,36.085,0.311,2.348,29.950,31.588,1.000,0.000,0.0000
1129.890,-66.256,36.086,0.311,2.388,29.974,31.610,1.000,0.000,0.0000
1129.900,-66.232,36.088,0.311,2.427,29.998,31.633,1.000,0.000,0.0000
1129.910,-66.207,36.090,0.311,2.467,30.023,31.657,1.000,0.000,0.0000
1129.920,-66.182,36.092,0.311,2.507,30.048,31.680,1.000,0.000,0.0000
1129.930,-66.156,36.094,0.311,2.546,30.074,31.704,1.000,0.000,0.0000
1129.940,-66.131,36.095,0.311,2.585,30.099,31.729,1.000,0.000,0.0000
1129.950,-66.104,36.097,0.311,2.625,30.126,31.753,1.000,0.000,0.0000
1129.960,-66.078,36.099,0.310,2.664,30.152,31.778,1.000,0.000,0.0000
1129.970,-66.051,36.101,0.310,2.704,30.179,31.804,1.000,0.000,0.0000
1129.980,-66.023,36.103,0.310,2.743,30.207,31.830,1.000,0.000,0.0000
1129.990,-65.995,36.105,0.310,2.783,30.235,31.856,1.000,0.000,0.0000
1130.000,-65.967,36.107,0.310,2.822,30.263,31.883,1.000,0.000,0.0000
1130.010,-65.939,36.109,0.310,2.862,30.291,31.910,1.000,0.000,0.0000
1130.020,-65.910,36.111,0.310,2.902,30.320,31.937,1.000,0.000,0.0000
1130.030,-65.880,36.113,0.310,2.941,30.350,31.965,1.000,0.000,0.0000
1130.040,-65.850,36.115,0.310,2.981,30.380,31.993,1.000,0.000,0.0000
1130.050,-65.820,36.118,0.310,3.021,30.410,32.021,1.000,0.000,0.0000
1130.060,-65.790,36.120,0.310,3.060,30.440,32.050,1.000,0.000,0.0000
1130.070,-65.759,36.122,0.310,3.100,30.471,32.079,1.000,0.000,0.0000
1130.080,-65.727,36.124,0.310,3.137,30.503,32.109,1.000,0.000,0.0000
1130.090,-65.695,36.126,0.310,3.174,30.535,32.139,1.000,0.000,0.0000
1130.100,-65.664,36.129,0.311,3.173,30.566,32.168,1.000,0.000,0.0000
1130.110,-65.631,36.131,0.312,3.232,30.599,32.198,1.000,0.000,0.0000
1130.120,-65.599,36.134,0.314,3.273,30.631,32.229,1.000,0.000,0.0000
1130.130,-65.565,36.137,0.315,3.331,30.665,32.260,1.000,0.000,0.0000
1130.140,-65.532,36.139,0.317,3.352,30.698,32.290,1.000,0.000,0.0000
1130.150,-65.498,36.142,0.320,3.418,30.732,32.322,1.000,0.000,0.0000
1130.160,-65.463,36.145,0.323,3.471,30.767,32.353,1.000,0.000,0.0000
1130.170,-65.428,36.147,0.327,3.529,30.802,32.385,1.000,0.000,0.0000
1130.180,-65.393,36.150,0.331,3.582,30.837,32.418,1.000,0.000,0.0000
1130.190,-65.357,36.152,0.335,3.629,30.873,32.450,1.000,0.000,0.0000
1130.200,-65.320,36.155,0.338,3.672,30.910,32.484,1.000,0.000,0.0000
1130.210,-65.283,36.157,0.342,3.711,30.947,32.517,1.000,0.000,0.0000
1130.220,-65.246,36.160,0.345,3.750,30.984,32.552,1.000,0.000,0.0000
1130.230,-65.208,36.162,0.349,3.788,31.022,32.586,1.000,0.000,0.0000
1130.240,-65.170,36.165,0.352,3.824,31.060,32.621,1.000,0.000,0.0000
1130.250,-65.131,36.168,0.354,3.860,31.099,32.657,1.000,0.000,0.0000
1130.260,-65.093,36.170,0.357,3.896,31.138,32.693,1.000,0.000,0.0000
1130.270,-65.053,36.173,0.359,3.931,31.177,32.729,1.000,0.000,0.0000
1130.280,-65.014,36.175,0.361,3.966,31.216,32.766,1.000,0.000,0.0000
1130.290,-64.974,36.178,0.363,4.001,31.256,32.803,1.000,0.000,0.0000
1130.300,-64.933,36.181,0.364,4.036,31.297,32.841,1.000,0.000,0.0000
1130.310,-64.893,36.184,0.365,4.071,31.337,32.879,1.000,0.000,0.0000
1130.320,-64.852,36.187,0.366,4.106,31.379,32.918,1.000,0.000,0.0000
1130.330,-64.810,36.189,0.366,4.142,31.420,32.957,1.000,0.000,0.0000
1130.340,-64.768,36.192,0.366,4.177,31.462,32.996,1.000,0.000,0.0000
1130.350,-64.726,36.195,0.366,4.213,31.504,33.036,1.000,0.000,0.0000
1130.360,-64.684,36.198,0.366,4.250,31.546,33.076,1.000,0.000,0.0000
1130.370,-64.641,36.201,0.365,4.285,31.589,33.117,1.000,0.000,0.0000
1130.380,-64.598,36.204,0.364,4.319,31.632,33.158,1.000,0.000,0.0000
1130.390,-64.554,36.207,0.363,4.355,31.676,33.200,1.000,0.000,0.0000
1130.400,-64.510,36.211,0.362,4.392,31.720,33.242,1.000,0.000,0.0000
1130.410,-64.466,36.214,0.361,4.430,31.764,33.284,1.000,0.000,0.0000
1130.420,-64.421,36.217,0.360,4.469,31.809,33.327,1.000,0.000,0.0000
1130.430,-64.376,36.220,0.359,4.508,31.854,33.370,1.000,0.000,0.0000
1130.440,-64.331,36.224,0.358,4.548,31.899,33.413,1.000,0.000,0.0000
1130.450,-64.285,36.227,0.356,4.588,31.945,33.457,1.000,0.000,0.0000
1130.460,-64.239,36.230,0.355,4.627,31.991,33.502,1.000,0.000,0.0000
1130.470,-64.192,36.234,0.354,4.667,32.038,33.546,1.000,0.000,0.0000
1130.480,-64.145,36.237,0.352,4.706,32.085,33.591,1.000,0.000,0.0000
1130.490,-64.098,36.240,0.351,4.747,32.133,33.637,1.000,0.000,0.0000
1130.500,-64.050,36.244,0.350,4.788,32.180,33.682,1.000,0.000,0.0000
1130.510,-64.001,36.247,0.349,4.830,32.229,33.728,1.000,0.000,0.0000
1130.520,-63.953,36.251,0.348,4.871,32.277,33.775,1.000,0.000,0.0000
1130.530,-63.904,36.254,0.347,4.912,32.327,33.822,1.000,0.000,0.0000
1130.540,-63.854,36.258,0.347,4.953,32.376,33.869,1.000,0.000,0.0000
1130.550,-63.804,36.261,0.346,4.993,32.426,33.917,1.000,0.000,0.0000
1130.560,-63.754,36.265,0.346,5.033,32.476,33.965,1.000,0.000,0.0000
1130.570,-63.703,36.269,0.345,5.073,32.527,34.013,1.000,0.000,0.0000
1130.580,-63.652,36.272,0.345,5.113,32.578,34.062,1.000,0.000,0.0000
1130.590,-63.600,36.276,0.345,5.153,32.630,34.111,1.000,0.000,0.0000
1130.600,-63.548,36.279,0.345,5.194,32.682,34.160,1.000,0.000,0.0000
1130.610,-63.496,36.283,0.345,5.233,32.734,34.210,1.000,0.000,0.0000
1130.620,-63.443,36.287,0.345,5.270,32.787,34.260,1.000,0.000,0.0000
1130.630,-63.390,36.291,0.345,5.309,32.840,34.310,1.000,0.000,0.0000
1130.640,-63.337,36.294,0.345,5.349,32.893,34.361,1.000,0.000,0.0000
1130.650,-63.283,36.298,0.345,5.390,32.947,34.412,1.000,0.000,0.0000
1130.660,-63.229,36.302,0.346,5.431,33.001,34.463,1.000,0.000,0.0000
1130.670,-63.174,36.306,0.346,5.471,33.056,34.515,1.000,0.000,0.0000
1130.680,-63.119,36.310,0.347,5.510,33.111,34.568,1.000,0.000,0.0000
1130.690,-63.063,36.314,0.347,5.550,33.167,34.620,1.000,0.000,0.0000
1130.700,-63.007,36.318,0.348,5.590,33.223,34.673,1.000,0.000,0.0000
1130.710,-62.951,36.322,0.348,5.631,33.279,34.727,1.000,0.000,0.0000
1130.720,-62.894,36.326,0.348,5.674,33.336,34.781,1.000,0.000,0.0000
1130.730,-62.837,36.330,0.349,5.717,33.393,34.835,1.000,0.000,0.0000
1130.740,-62.780,36.334,0.349,5.759,33.450,34.890,1.000,0.000,0.0000
1130.750,-62.722,36.338,0.350,5.800,33.508,34.945,1.000,0.000,0.0000
1130.760,-62.663,36.342,0.350,5.840,33.567,35.000,1.000,0.000,0.0000
1130.770,-62.604,36.346,0.350,5.879,33.626,35.056,1.000,0.000,0.0000
1130.780,-62.545,36.351,0.351,5.917,33.685,35.112,1.000,0.000,0.0080
1130.790,-62.486,36.355,0.351,5.956,33.744,35.169,1.000,0.000,0.0160
1130.800,-62.426,36.359,0.351,5.994,33.804,35.226,1.000,0.000,0.0240
1130.810,-62.365,36.363,0.352,6.032,33.865,35.284,1.000,0.000,0.0320
1130.820,-62.305,36.368,0.352,6.072,33.925,35.341,1.000,0.000,0.0400
1130.830,-62.244,36.372,0.352,6.113,33.986,35.400,1.000,0.000,0.0480
1130.840,-62.182,36.377,0.352,6.151,34.048,35.458,1.000,0.000,0.0560
1130.850,-62.120,36.381,0.352,6.186,34.110,35.517,1.000,0.000,0.0640
1130.860,-62.058,36.386,0.352,6.220,34.172,35.577,1.000,0.000,0.0720
1130.870,-61.995,36.390,0.352,6.256,34.235,35.636,1.000,0.000,0.0800
1130.880,-61.933,36.394,0.352,6.294,34.298,35.696,1.000,0.000,0.0880
1130.890,-61.869,36.399,0.352,6.333,34.361,35.757,1.000,0.000,0.0960
1130.900,-61.805,36.403,0.352,6.372,34.425,35.818,1.000,0.000,0.1040
1130.910,-61.741,36.408,0.352,6.412,34.489,35.879,1.000,0.000,0.1120
1130.920,-61.677,36.412,0.352,6.452,34.553,35.940,1.000,0.000,0.1200
1130.930,-61.612,36.416,0.352,6.486,34.618,36.002,1.000,0.000,0.0900
1130.940,-61.547,36.421,0.352,6.523,34.683,36.065,1.000,0.000,0.0600
1130.950,-61.481,36.425,0.352,6.565,34.749,36.128,1.000,0.000,0.0300
1130.960,-61.415,36.429,0.351,6.609,34.815,36.191,1.000,0.000,0.0000
1130.970,-61.348,36.433,0.351,6.653,34.882,36.254,1.000,0.000,0.0000
1130.980,-61.282,36.436,0.351,6.685,34.948,36.318,1.000,0.000,0.0000
1130.990,-61.215,36.440,0.351,6.712,35.016,36.383,1.000,0.000,0.0000
1131.000,-61.147,36.444,0.351,6.740,35.083,36.447,1.000,0.000,0.0000
1131.010,-61.079,36.448,0.351,6.775,35.151,36.512,1.000,0.000,0.0000
1131.020,-61.011,36.451,0.351,6.815,35.219,36.577,1.000,0.000,0.0000
1131.030,-60.943,36.455,0.351,6.862,35.287,36.643,1.000,0.000,0.0000
1131.040,-60.873,36.459,0.351,6.911,35.357,36.709,1.000,0.000,0.0000
1131.050,-60.804,36.462,0.350,6.959,35.426,36.775,1.000,0.000,0.0000
1131.060,-60.734,36.466,0.350,7.006,35.496,36.843,1.000,0.000,0.0000
1131.070,-60.663,36.470,0.350,7.051,35.567,36.910,1.000,0.000,0.0000
1131.080,-60.592,36.473,0.350,7.096,35.638,36.978,1.000,0.000,0.0000
1131.090,-60.521,36.477,0.350,7.143,35.709,37.047,1.000,0.000,0.0000
1131.100,-60.449,36.480,0.350,7.186,35.781,37.115,1.000,0.000,0.0000
1131.110,-60.377,36.484,0.350,7.198,35.853,37.184,1.000,0.000,0.0000
1131.120,-60.305,36.487,0.350,7.194,35.925,37.253,1.000,0.000,0.0000
1131.130,-60.233,36.491,0.350,7.189,35.997,37.322,1.000,0.000,0.0000
1131.140,-60.161,36.494,0.350,7.185,36.069,37.391,1.000,0.000,0.0000
1131.150,-60.090,36.498,0.350,7.180,36.140,37.460,1.000,0.000,0.0000
1131.160,-60.018,36.501,0.351,7.176,36.212,37.528,1.000,0.000,0.0000
1131.170,-59.946,36.505,0.351,7.172,36.284,37.597,1.000,0.000,0.0000
1131.180,-59.873,36.508,0.351,7.325,36.357,37.667,1.000,0.000,0.0000
1131.190,-59.798,36.512,0.351,7.453,36.432,37.739,1.000,0.000,0.0000
1131.200,-59.723,36.515,0.351,7.559,36.507,37.811,1.000,0.000,0.0000
1131.210,-59.646,36.519,0.351,7.640,36.584,37.885,1.000,0.000,0.0000
1131.220,-59.569,36.523,0.350,7.700,36.661,37.959,1.000,0.000,0.0000
1131.230,-59.492,36.526,0.350,7.746,36.738,38.033,1.000,0.000,0.0000
1131.240,-59.414,36.530,0.349,7.785,36.816,38.108,1.000,0.000,0.0000
1131.250,-59.336,36.534,0.349,7.821,36.894,38.183,1.000,0.000,0.0000
1131.260,-59.257,36.537,0.349,7.854,36.973,38.259,1.000,0.000,0.0000
1131.270,-59.178,36.541,0.349,7.886,37.052,38.335,1.000,0.000,0.0000
1131.280,-59.099,36.545,0.348,7.919,37.131,38.411,1.000,0.000,0.0000
1131.290,-59.020,36.549,0.348,7.953,37.210,38.487,1.000,0.000,0.0000
1131.300,-58.940,36.552,0.348,7.988,37.290,38.564,1.000,0.000,0.0000
1131.310,-58.860,36.556,0.348,8.023,37.370,38.641,1.000,0.000,0.0000
1131.320,-58.779,36.560,0.348,8.057,37.451,38.718,1.000,0.000,0.0000
1131.330,-58.698,36.564,0.348,8.092,37.532,38.796,1.000,0.000,0.0000
1131.340,-58.617,36.568,0.349,8.130,37.613,38.874,1.000,0.000,0.0000
1131.350,-58.535,36.572,0.349,8.169,37.695,38.953,1.000,0.000,0.0000
1131.360,-58.453,36.575,0.349,8.206,37.777,39.032,1.000,0.000,0.0000
1131.370,-58.371,36.579,0.349,8.244,37.859,39.111,1.000,0.000,0.0000
1131.380,-58.288,36.583,0.349,8.283,37.942,39.191,1.000,0.000,0.0000
1131.390,-58.205,36.587,0.349,8.323,38.025,39.271,1.000,0.000,0.0000
1131.400,-58.121,36.591,0.349,8.363,38.109,39.351,1.000,0.000,0.0000
1131.410,-58.037,36.595,0.350,8.403,38.193,39.432,1.000,0.000,0.0000
1131.420,-57.952,36.599,0.350,8.443,38.278,39.513,1.000,0.000,0.0000
1131.430,-57.868,36.603,0.350,8.483,38.362,39.595,1.000,0.000,0.0000
1131.440,-57.782,36.607,0.350,8.519,38.448,39.677,1.000,0.000,0.0000
1131.450,-57.697,36.611,0.350,8.555,38.533,39.759,1.000,0.000,0.0000
1131.460,-57.611,36.615,0.350,8.593,38.619,39.842,1.000,0.000,0.0000
1131.470,-57.525,36.619,0.350,8.634,38.705,39.925,1.000,0.000,0.0000
1131.480,-57.438,36.623,0.351,8.675,38.792,40.009,1.000,0.000,0.0000
1131.490,-57.351,36.627,0.351,8.714,38.879,40.093,1.000,0.000,0.0000
1131.500,-57.263,36.631,0.350,8.755,38.967,40.177,1.000,0.000,0.0080
1131.510,-57.175,36.635,0.349,8.795,39.055,40.262,1.000,0.000,0.0160
1131.520,-57.087,36.639,0.346,8.833,39.143,40.348,1.000,0.000,0.0240
1131.530,-56.998,36.643,0.342,8.870,39.232,40.435,1.000,0.000,0.0320
1131.540,-56.909,36.647,0.339,8.896,39.321,40.521,1.000,0.000,0.0400
1131.550,-56.820,36.651,0.335,8.935,39.410,40.609,1.000,0.000,0.0480
1131.560,-56.731,36.656,0.331,8.972,39.499,40.696,1.000,0.000,0.0560
1131.570,-56.640,36.660,0.327,9.023,39.590,40.784,1.000,0.000,0.0640
1131.580,-56.550,36.664,0.322,9.071,39.680,40.873,1.000,0.000,0.0720
1131.590,-56.459,36.668,0.318,9.111,39.771,40.962,1.000,0.000,0.0800
1131.600,-56.367,36.672,0.315,9.150,39.863,41.051,1.000,0.000,0.0880
1131.610,-56.276,36.676,0.311,9.185,39.954,41.140,1.000,0.000,0.0960
1131.620,-56.183,36.680,0.308,9.218,40.047,41.230,1.000,0.000,0.1040
1131.630,-56.091,36.684,0.305,9.253,40.139,41.320,1.000,0.000,0.1120
1131.640,-55.998,36.687,0.302,9.292,40.232,41.411,1.000,0.000,0.1200
1131.650,-55.905,36.691,0.300,9.332,40.325,41.502,1.000,0.000,0.1280
1131.660,-55.811,36.694,0.298,9.374,40.419,41.593,1.000,0.000,0.0980
1131.670,-55.717,36.698,0.296,9.416,40.513,41.684,1.000,0.000,0.0680
1131.680,-55.622,36.701,0.295,9.468,40.608,41.776,1.000,0.000,0.0380
1131.690,-55.527,36.704,0.294,9.525,40.703,41.868,1.000,0.000,0.0080
1131.700,-55.431,36.707,0.293,9.583,40.799,41.961,1.000,0.000,0.0000
1131.710,-55.335,36.710,0.293,9.614,40.895,42.054,1.000,0.000,0.0000
1131.720,-55.239,36.712,0.293,9.640,40.991,42.147,1.000,0.000,0.0000
1131.730,-55.142,36.715,0.293,9.671,41.088,42.241,1.000,0.000,0.0000
1131.740,-55.045,36.717,0.293,9.709,41.185,42.335,1.000,0.000,0.0000
1131.750,-54.947,36.719,0.294,9.751,41.283,42.429,1.000,0.000,0.0000
1131.760,-54.849,36.721,0.295,9.796,41.381,42.523,1.000,0.000,0.0000
1131.770,-54.751,36.723,0.296,9.843,41.479,42.618,1.000,0.000,0.0000
1131.780,-54.652,36.725,0.297,9.884,41.578,42.714,1.000,0.000,0.0000
1131.790,-54.553,36.727,0.299,9.926,41.677,42.809,1.000,0.000,0.0000
1131.800,-54.453,36.728,0.300,9.967,41.777,42.905,1.000,0.000,0.0000
1131.810,-54.353,36.730,0.301,10.009,41.877,43.002,1.000,0.000,0.0000
1131.820,-54.253,36.731,0.303,10.053,41.977,43.099,1.000,0.000,0.0000
1131.830,-54.152,36.733,0.304,10.096,42.078,43.196,1.000,0.000,0.0000
1131.840,-54.050,36.734,0.306,10.139,42.180,43.294,1.000,0.000,0.0000
1131.850,-53.949,36.735,0.307,10.179,42.281,43.393,1.000,0.000,0.0000
1131.860,-53.846,36.737,0.308,10.221,42.384,43.491,1.000,0.000,0.0000
1131.870,-53.744,36.738,0.310,10.258,42.486,43.590,1.000,0.000,0.0000
1131.880,-53.641,36.739,0.311,10.296,42.589,43.690,1.000,0.000,0.0000
1131.890,-53.537,36.740,0.312,10.335,42.693,43.790,1.000,0.000,0.0000
1131.900,-53.434,36.742,0.313,10.376,42.796,43.890,1.000,0.000,0.0000
1131.910,-53.330,36.743,0.314,10.416,42.900,43.991,1.000,0.000,0.0000
1131.920,-53.225,36.744,0.314,10.456,43.005,44.092,1.000,0.000,0.0000
1131.930,-53.120,36.745,0.315,10.486,43.110,44.194,1.000,0.000,0.0000
1131.940,-53.015,36.747,0.316,10.518,43.215,44.296,1.000,0.000,0.0000
1131.950,-52.909,36.748,0.316,10.557,43.321,44.398,1.000,0.000,0.0000
1131.960,-52.803,36.749,0.316,10.598,43.427,44.501,1.000,0.000,0.0000
1131.970,-52.697,36.750,0.316,10.641,43.533,44.604,1.000,0.000,0.0000
1131.980,-52.590,36.752,0.316,10.684,43.640,44.708,1.000,0.000,0.0000
1131.990,-52.483,36.753,0.316,10.722,43.747,44.812,1.000,0.000,0.0000
1132.000,-52.375,36.754,0.316,10.762,43.855,44.917,1.000,0.000,0.0000
1132.010,-52.267,36.756,0.316,10.802,43.963,45.022,1.000,0.000,0.0000
1132.020,-52.159,36.757,0.316,10.842,44.071,45.127,1.000,0.000,0.0000
1132.030,-52.050,36.758,0.315,10.882,44.180,45.233,1.000,0.000,0.0000
1132.040,-51.941,36.759,0.315,10.921,44.289,45.339,1.000,0.000,0.0000
1132.050,-51.831,36.761,0.314,10.955,44.399,45.446,1.000,0.000,0.0000
1132.060,-51.721,36.762,0.314,10.991,44.509,45.553,1.000,0.000,0.0000
1132.070,-51.611,36.763,0.313,11.031,44.619,45.660,1.000,0.000,0.0000
1132.080,-51.500,36.764,0.313,11.072,44.730,45.768,1.000,0.000,0.0000
1132.090,-51.389,36.765,0.312,11.101,44.841,45.876,1.000,0.000,0.0000
1132.100,-51.278,36.766,0.312,11.118,44.952,45.984,1.000,0.000,0.0000
1132.110,-51.167,36.768,0.312,11.128,45.063,46.092,1.000,0.000,0.0000
1132.120,-51.056,36.769,0.311,11.134,45.174,46.201,1.000,0.000,0.0000
1132.130,-50.944,36.770,0.311,11.137,45.286,46.309,1.000,0.000,0.0000
1132.140,-50.833,36.771,0.311,11.139,45.397,46.417,1.000,0.000,0.0000
1132.150,-50.722,36.772,0.311,11.129,45.508,46.526,1.000,0.000,0.0000
1132.160,-50.610,36.773,0.311,11.121,45.620,46.634,1.000,0.000,0.0000
1132.170,-50.499,36.775,0.312,11.118,45.731,46.742,1.000,0.000,0.0000
1132.180,-50.388,36.776,0.312,11.118,45.842,46.850,1.000,0.000,0.0000
1132.190,-50.277,36.777,0.312,11.121,45.953,46.958,1.000,0.000,0.0000
1132.200,-50.165,36.778,0.313,11.125,46.065,47.067,1.000,0.000,0.0000
1132.210,-50.054,36.779,0.313,11.129,46.176,47.175,1.000,0.000,0.0000
1132.220,-49.943,36.781,0.314,11.133,46.287,47.283,1.000,0.000,0.0000
1132.230,-49.832,36.782,0.314,11.137,46.398,47.392,1.000,0.000,0.0000
1132.240,-49.720,36.783,0.314,11.140,46.510,47.500,1.000,0.000,0.0000
1132.250,-49.609,36.784,0.315,11.133,46.621,47.609,1.000,0.000,0.0000
1132.260,-49.498,36.785,0.315,11.127,46.732,47.717,1.000,0.000,0.0000
1132.270,-49.386,36.786,0.316,11.121,46.844,47.825,1.000,0.000,0.0000
1132.280,-49.275,36.787,0.316,11.118,46.955,47.933,1.000,0.000,0.0000
1132.290,-49.164,36.788,0.317,11.117,47.066,48.042,1.000,0.000,0.0000
1132.300,-49.053,36.790,0.317,11.119,47.177,48.150,1.000,0.000,0.0000
1132.310,-48.942,36.791,0.318,11.121,47.288,48.258,1.000,0.000,0.0000
1132.320,-48.830,36.792,0.318,11.124,47.400,48.367,1.000,0.000,0.0000
1132.330,-48.719,36.793,0.318,11.127,47.511,48.475,1.000,0.000,0.0000
1132.340,-48.608,36.794,0.318,11.130,47.622,48.584,1.000,0.000,0.0000
1132.350,-48.496,36.795,0.319,11.126,47.734,48.692,1.000,0.000,0.0000
1132.360,-48.385,36.796,0.319,11.120,47.845,48.801,1.000,0.000,0.0000
1132.370,-48.274,36.797,0.319,11.113,47.956,48.909,1.000,0.000,0.0000
1132.380,-48.163,36.798,0.319,11.109,48.067,49.017,1.000,0.000,0.0000
1132.390,-48.052,36.800,0.319,11.107,48.178,49.126,1.000,0.000,0.0000
1132.400,-47.941,36.801,0.319,11.108,48.289,49.234,1.000,0.000,0.0000
1132.410,-47.830,36.802,0.319,11.111,48.400,49.343,1.000,0.000,0.0000
1132.420,-47.719,36.803,0.319,11.114,48.511,49.451,1.000,0.000,0.0000
1132.430,-47.608,36.804,0.319,11.117,48.622,49.560,1.000,0.000,0.0000
1132.440,-47.496,36.805,0.319,11.121,48.734,49.668,1.000,0.000,0.0000
1132.450,-47.385,36.807,0.319,11.124,48.845,49.777,1.000,0.000,0.0000
1132.460,-47.274,36.808,0.319,11.120,48.956,49.886,1.000,0.000,0.0000
1132.470,-47.163,36.809,0.318,11.115,49.067,49.994,1.000,0.000,0.0000
1132.480,-47.052,36.810,0.318,11.108,49.178,50.103,1.000,0.000,0.0000
1132.490,-46.941,36.811,0.318,11.105,49.289,50.211,1.000,0.000,0.0000
1132.500,-46.830,36.812,0.318,11.105,49.400,50.320,1.000,0.000,0.0000
1132.510,-46.718,36.813,0.318,11.107,49.512,50.429,1.000,0.000,0.0000
1132.520,-46.607,36.814,0.318,11.110,49.623,50.537,1.000,0.000,0.0000
1132.530,-46.496,36.815,0.317,11.114,49.734,50.646,1.000,0.000,0.0000
1132.540,-46.385,36.816,0.317,11.118,49.845,50.755,1.000,0.000,0.0000
1132.550,-46.274,36.817,0.317,11.121,49.956,50.863,1.000,0.000,0.0000
1132.560,-46.163,36.819,0.317,11.124,50.067,50.972,1.000,0.000,0.0000
1132.570,-46.051,36.820,0.317,11.120,50.179,51.081,1.000,0.000,0.0000
1132.580,-45.940,36.821,0.317,11.115,50.290,51.190,1.000,0.000,0.0000
1132.590,-45.829,36.822,0.316,11.109,50.401,51.298,1.000,0.000,0.0000
1132.600,-45.718,36.823,0.316,11.107,50.512,51.407,1.000,0.000,0.0000
1132.610,-45.607,36.824,0.316,11.108,50.623,51.516,1.000,0.000,0.0000
1132.620,-45.496,36.825,0.316,11.110,50.734,51.624,1.000,0.000,0.0000
1132.630,-45.385,36.826,0.316,11.114,50.845,51.733,1.000,0.000,0.0000
1132.640,-45.274,36.828,0.316,11.117,50.956,51.842,1.000,0.000,0.0000
1132.650,-45.162,36.829,0.316,11.120,51.068,51.951,1.000,0.000,0.0000
1132.660,-45.051,36.830,0.316,11.124,51.179,52.059,1.000,0.000,0.0000
1132.670,-44.940,36.831,0.316,11.122,51.290,52.168,1.000,0.000,0.0000
1132.680,-44.829,36.832,0.316,11.117,51.401,52.277,1.000,0.000,0.0000
1132.690,-44.718,36.833,0.316,11.114,51.512,52.386,1.000,0.000,0.0000
1132.700,-44.607,36.834,0.316,11.110,51.623,52.495,1.000,0.000,0.0000
1132.710,-44.495,36.835,0.316,11.109,51.735,52.603,1.000,0.000,0.0000
1132.720,-44.384,36.836,0.316,11.110,51.846,52.712,1.000,0.000,0.0000
1132.730,-44.273,36.837,0.316,11.113,51.957,52.821,1.000,0.000,0.0000
1132.740,-44.162,36.839,0.316,11.116,52.068,52.930,1.000,0.000,0.0000
1132.750,-44.051,36.840,0.316,11.119,52.179,53.039,1.000,0.000,0.0000
1132.760,-43.940,36.841,0.317,11.121,52.290,53.148,1.000,0.000,0.0000
1132.770,-43.828,36.842,0.317,11.124,52.402,53.257,1.000,0.000,0.0000
1132.780,-43.717,36.843,0.317,11.120,52.513,53.366,1.000,0.000,0.0000
1132.790,-43.606,36.844,0.317,11.116,52.624,53.474,1.000,0.000,0.0000
1132.800,-43.495,36.845,0.317,11.113,52.735,53.583,1.000,0.000,0.0000
1132.810,-43.384,36.846,0.317,11.110,52.846,53.692,1.000,0.000,0.0000
1132.820,-43.273,36.847,0.317,11.109,52.957,53.801,1.000,0.000,0.0000
1132.830,-43.162,36.848,0.317,11.110,53.068,53.910,1.000,0.000,0.0000
1132.840,-43.050,36.850,0.317,11.113,53.180,54.019,1.000,0.000,0.0000
1132.850,-42.939,36.851,0.317,11.116,53.291,54.128,1.000,0.000,0.0000
1132.860,-42.828,36.852,0.317,11.118,53.402,54.237,1.000,0.000,0.0000
1132.870,-42.717,36.853,0.317,11.121,53.513,54.346,1.000,0.000,0.0000
1132.880,-42.606,36.854,0.317,11.119,53.624,54.455,1.000,0.000,0.0000
1132.890,-42.495,36.855,0.317,11.115,53.735,54.564,1.000,0.000,0.0000
1132.900,-42.383,36.856,0.317,11.112,53.847,54.673,1.000,0.000,0.0000
1132.910,-42.272,36.857,0.317,11.110,53.958,54.782,1.000,0.000,0.0000
1132.920,-42.161,36.858,0.317,11.108,54.069,54.891,1.000,0.000,0.0000
1132.930,-42.050,36.859,0.317,11.109,54.180,55.000,1.000,0.000,0.0000
1132.940,-41.939,36.861,0.317,11.111,54.291,55.109,1.000,0.000,0.0000
1132.950,-41.828,36.862,0.317,11.113,54.402,55.218,1.000,0.000,0.0000
1132.960,-41.717,36.863,0.317,11.116,54.513,55.327,1.000,0.000,0.0000
1132.970,-41.606,36.864,0.317,11.118,54.624,55.436,1.000,0.000,0.0000
1132.980,-41.494,36.865,0.317,11.120,54.736,55.545,1.000,0.000,0.0000
1132.990,-41.383,36.866,0.317,11.116,54.847,55.654,1.000,0.000,0.0000
1133.000,-41.272,36.867,0.317,11.113,54.958,55.763,1.000,0.000,0.0000
1133.010,-41.161,36.868,0.317,11.111,55.069,55.872,1.000,0.000,0.0000
1133.020,-41.050,36.869,0.317,11.109,55.180,55.981,1.000,0.000,0.0000
1133.030,-40.939,36.870,0.317,11.108,55.291,56.090,1.000,0.000,0.0000
1133.040,-40.828,36.871,0.317,11.109,55.402,56.199,1.000,0.000,0.0000
1133.050,-40.717,36.872,0.317,11.111,55.513,56.308,1.000,0.000,0.0000
1133.060,-40.606,36.874,0.317,11.114,55.624,56.417,1.000,0.000,0.0000
1133.070,-40.494,36.875,0.317,11.116,55.736,56.527,1.000,0.000,0.0000
1133.080,-40.383,36.876,0.317,11.118,55.847,56.636,1.000,0.000,0.0000
1133.090,-40.272,36.877,0.317,11.116,55.958,56.745,1.000,0.000,0.0000
1133.100,-40.161,36.878,0.317,11.113,56.069,56.854,1.000,0.000,0.0000
1133.110,-40.050,36.879,0.317,11.111,56.180,56.963,1.000,0.000,0.0000
1133.120,-39.939,36.880,0.317,11.110,56.291,57.072,1.000,0.000,0.0000
1133.130,-39.828,36.881,0.317,11.108,56.402,57.181,1.000,0.000,0.0000
1133.140,-39.717,36.882,0.317,11.108,56.513,57.291,1.000,0.000,0.0000
1133.150,-39.605,36.883,0.317,11.110,56.625,57.400,1.000,0.000,0.0000
1133.160,-39.494,36.884,0.317,11.112,56.736,57.509,1.000,0.000,0.0000
1133.170,-39.383,36.885,0.317,11.115,56.847,57.618,1.000,0.000,0.0000
1133.180,-39.272,36.886,0.317,11.117,56.958,57.727,1.000,0.000,0.0000
1133.190,-39.161,36.887,0.317,11.119,57.069,57.837,1.000,0.000,0.0000
1133.200,-39.050,36.888,0.317,11.116,57.180,57.946,1.000,0.000,0.0000
1133.210,-38.939,36.889,0.317,11.113,57.291,58.055,1.000,0.000,0.0000
1133.220,-38.827,36.890,0.317,11.111,57.403,58.164,1.000,0.000,0.0000
1133.230,-38.716,36.892,0.317,11.110,57.514,58.274,1.000,0.000,0.0000
1133.240,-38.605,36.893,0.317,11.108,57.625,58.383,1.000,0.000,0.0000
1133.250,-38.494,36.894,0.317,11.108,57.736,58.492,1.000,0.000,0.0000
1133.260,-38.383,36.895,0.317,11.110,57.847,58.601,1.000,0.000,0.0000
1133.270,-38.272,36.896,0.317,11.112,57.958,58.710,1.000,0.000,0.0000
1133.280,-38.161,36.897,0.317,11.115,58.069,58.820,1.000,0.000,0.0000
1133.290,-38.050,36.898,0.317,11.117,58.180,58.929,1.000,0.000,0.0000
1133.300,-37.938,36.899,0.317,11.115,58.292,59.038,1.000,0.000,0.0000
1133.310,-37.827,36.900,0.317,11.113,58.403,59.148,1.000,0.000,0.0000
1133.320,-37.716,36.902,0.317,11.111,58.514,59.257,1.000,0.000,0.0000
1133.330,-37.605,36.903,0.317,11.110,58.625,59.366,1.000,0.000,0.0000
1133.340,-37.494,36.904,0.317,11.109,58.736,59.475,1.000,0.000,0.0000
1133.350,-37.383,36.905,0.317,11.108,58.847,59.585,1.000,0.000,0.0000
1133.360,-37.272,36.906,0.317,11.109,58.958,59.694,1.000,0.000,0.0000
1133.370,-37.161,36.907,0.317,11.111,59.069,59.803,1.000,0.000,0.0000
1133.380,-37.050,36.908,0.317,11.113,59.180,59.913,1.000,0.000,0.0000
1133.390,-36.938,36.909,0.317,11.116,59.292,60.022,1.000,0.000,0.0000
1133.400,-36.827,36.910,0.317,11.116,59.403,60.131,1.000,0.000,0.0000
1133.410,-36.716,36.911,0.317,11.114,59.514,60.241,1.000,0.000,0.0000
1133.420,-36.605,36.912,0.317,11.112,59.625,60.350,1.000,0.000,0.0000
1133.430,-36.494,36.913,0.317,11.110,59.736,60.460,1.000,0.000,0.0000
1133.440,-36.383,36.914,0.317,11.109,59.847,60.569,1.000,0.000,0.0000
1133.450,-36.272,36.915,0.317,11.109,59.958,60.678,1.000,0.000,0.0000
1133.460,-36.161,36.916,0.317,11.109,60.069,60.788,1.000,0.000,0.0000
1133.470,-36.050,36.917,0.317,11.109,60.180,60.897,1.000,0.000,0.0000
1133.480,-35.938,36.918,0.317,11.111,60.292,61.006,1.000,0.000,0.0000
1133.490,-35.827,36.919,0.317,11.113,60.403,61.116,1.000,0.000,0.0000
1133.500,-35.716,36.921,0.317,11.116,60.514,61.225,1.000,0.000,0.0000
1133.510,-35.605,36.922,0.317,11.114,60.625,61.335,1.000,0.000,0.0000
1133.520,-35.494,36.923,0.317,11.112,60.736,61.444,1.000,0.000,0.0000
1133.530,-35.383,36.924,0.317,11.111,60.847,61.553,1.000,0.000,0.0000
1133.540,-35.272,36.925,0.317,11.110,60.958,61.663,1.000,0.000,0.0000
1133.550,-35.161,36.926,0.317,11.109,61.069,61.772,1.000,0.000,0.0000
1133.560,-35.050,36.927,0.317,11.109,61.180,61.882,1.000,0.000,0.0000
1133.570,-34.938,36.928,0.317,11.109,61.292,61.991,1.000,0.000,0.0000
1133.580,-34.827,36.929,0.317,11.110,61.403,62.101,1.000,0.000,0.0000
1133.590,-34.716,36.930,0.317,11.112,61.514,62.210,1.000,0.000,0.0000
1133.600,-34.605,36.931,0.317,11.114,61.625,62.320,1.000,0.000,0.0000
1133.610,-34.494,36.932,0.317,11.116,61.736,62.429,1.000,0.000,0.0000
1133.620,-34.383,36.933,0.317,11.114,61.847,62.539,1.000,0.000,0.0000
1133.630,-34.272,36.934,0.317,11.112,61.958,62.648,1.000,0.000,0.0000
1133.640,-34.161,36.935,0.317,11.111,62.069,62.758,1.000,0.000,0.0000
1133.650,-34.049,36.936,0.317,11.110,62.181,62.867,1.000,0.000,0.0000
1133.660,-33.938,36.937,0.317,11.109,62.292,62.976,1.000,0.000,0.0000
1133.670,-33.827,36.938,0.317,11.109,62.403,63.086,1.000,0.000,0.0000
1133.680,-33.716,36.939,0.317,11.109,62.514,63.195,1.000,0.000,0.0000
1133.690,-33.605,36.940,0.317,11.110,62.625,63.305,1.000,0.000,0.0000
1133.700,-33.494,36.941,0.317,11.112,62.736,63.414,1.000,0.000,0.0000
1133.710,-33.383,36.943,0.317,11.114,62.847,63.524,1.000,0.000,0.0000
1133.720,-33.272,36.944,0.317,11.114,62.958,63.634,1.000,0.000,0.0000
1133.730,-33.161,36.945,0.317,11.112,63.069,63.743,1.000,0.000,0.0000
1133.740,-33.049,36.946,0.317,11.111,63.181,63.853,1.000,0.000,0.0000
1133.750,-32.938,36.947,0.317,11.110,63.292,63.962,1.000,0.000,0.0000
1133.760,-32.827,36.948,0.317,11.109,63.403,64.072,1.000,0.000,0.0000
1133.770,-32.716,36.949,0.317,11.109,63.514,64.181,1.000,0.000,0.0000
1133.780,-32.605,36.950,0.317,11.109,63.625,64.291,1.000,0.000,0.0000
1133.790,-32.494,36.951,0.317,11.110,63.736,64.400,1.000,0.000,0.0000
1133.800,-32.383,36.952,0.317,11.111,63.847,64.510,1.000,0.000,0.0000
1133.810,-32.272,36.953,0.317,11.113,63.958,64.619,1.000,0.000,0.0000
1133.820,-32.161,36.954,0.317,11.115,64.069,64.729,1.000,0.000,0.0000
1133.830,-32.049,36.955,0.317,11.114,64.181,64.839,1.000,0.000,0.0000
1133.840,-31.938,36.956,0.317,11.112,64.292,64.948,1.000,0.000,0.0000
1133.850,-31.827,36.957,0.317,11.111,64.403,65.058,1.000,0.000,0.0000
1133.860,-31.716,36.958,0.317,11.110,64.514,65.168,1.000,0.000,0.0000
1133.870,-31.605,36.959,0.317,11.109,64.625,65.277,1.000,0.000,0.0000
1133.880,-31.494,36.960,0.317,11.109,64.736,65.387,1.000,0.000,0.0000
1133.890,-31.383,36.961,0.317,11.109,64.847,65.496,1.000,0.000,0.0000
1133.900,-31.272,36.962,0.317,11.110,64.958,65.606,1.000,0.000,0.0000
1133.910,-31.161,36.963,0.317,11.111,65.069,65.716,1.000,0.000,0.0000
1133.920,-31.049,36.964,0.317,11.113,65.181,65.825,1.000,0.000,0.0000
1133.930,-30.938,36.966,0.317,11.114,65.292,65.935,1.000,0.000,0.0000
1133.940,-30.827,36.967,0.317,11.112,65.403,66.044,1.000,0.000,0.0000
1133.950,-30.716,36.968,0.317,11.111,65.514,66.154,1.000,0.000,0.0000
1133.960,-30.605,36.969,0.317,11.110,65.625,66.264,1.000,0.000,0.0000
1133.970,-30.494,36.970,0.317,11.109,65.736,66.373,1.000,0.000,0.0000
1133.980,-30.383,36.971,0.317,11.109,65.847,66.483,1.000,0.000,0.0000
1133.990,-30.272,36.972,0.317,11.109,65.958,66.593,1.000,0.000,0.0000
1134.000,-30.161,36.973,0.317,11.109,66.069,66.702,1.000,0.000,0.0000
1134.010,-30.050,36.974,0.317,11.110,66.180,66.812,1.000,0.000,0.0000
1134.020,-29.938,36.975,0.317,11.112,66.292,66.922,1.000,0.000,0.0000
1134.030,-29.827,36.976,0.317,11.114,66.403,67.031,1.000,0.000,0.0000
1134.040,-29.716,36.977,0.317,11.113,66.514,67.141,1.000,0.000,0.0000
1134.050,-29.605,36.978,0.317,11.112,66.625,67.251,1.000,0.000,0.0000
1134.060,-29.494,36.979,0.317,11.111,66.736,67.361,1.000,0.000,0.0000
1134.070,-29.383,36.980,0.317,11.110,66.847,67.470,1.000,0.000,0.0000
1134.080,-29.272,36.981,0.317,11.109,66.958,67.580,1.000,0.000,0.0000
1134.090,-29.161,36.982,0.317,11.109,67.069,67.690,1.000,0.000,0.0000
1134.100,-29.050,36.983,0.317,11.109,67.180,67.799,1.000,0.000,0.0000
1134.110,-28.938,36.984,0.317,11.109,67.292,67.909,1.000,0.000,0.0000
1134.120,-28.827,36.985,0.317,11.110,67.403,68.019,1.000,0.000,0.0000
1134.130,-28.716,36.986,0.317,11.112,67.514,68.128,1.000,0.000,0.0000
1134.140,-28.605,36.987,0.317,11.113,67.625,68.238,1.000,0.000,0.0000
1134.150,-28.494,36.988,0.317,11.112,67.736,68.348,1.000,0.000,0.0000
1134.160,-28.383,36.990,0.317,11.111,67.847,68.458,1.000,0.000,0.0000
1134.170,-28.272,36.991,0.317,11.110,67.958,68.567,1.000,0.000,0.0000
1134.180,-28.161,36.992,0.317,11.110,68.069,68.677,1.000,0.000,0.0000
1134.190,-28.050,36.993,0.317,11.109,68.180,68.787,1.000,0.000,0.0000
1134.200,-27.939,36.994,0.317,11.109,68.291,68.897,1.000,0.000,0.0000
1134.210,-27.827,36.995,0.317,11.109,68.403,69.006,1.000,0.000,0.0000
1134.220,-27.716,36.996,0.317,11.109,68.514,69.116,1.000,0.000,0.0000
1134.230,-27.605,36.997,0.317,11.110,68.625,69.226,1.000,0.000,0.0000
1134.240,-27.494,36.998,0.317,11.112,68.736,69.336,1.000,0.000,0.0000
1134.250,-27.383,36.999,0.317,11.112,68.847,69.446,1.000,0.000,0.0000
1134.260,-27.272,37.000,0.317,11.112,68.958,69.555,1.000,0.000,0.0000
1134.270,-27.161,37.001,0.317,11.111,69.069,69.665,1.000,0.000,0.0000
1134.280,-27.050,37.002,0.317,11.110,69.180,69.775,1.000,0.000,0.0000
1134.290,-26.939,37.003,0.317,11.109,69.291,69.885,1.000,0.000,0.0000
1134.300,-26.827,37.004,0.317,11.109,69.403,69.994,1.000,0.000,0.0000
1134.310,-26.716,37.005,0.317,11.109,69.514,70.104,1.000,0.000,0.0000
1134.320,-26.605,37.006,0.317,11.109,69.625,70.214,1.000,0.000,0.0000
1134.330,-26.494,37.007,0.317,11.109,69.736,70.324,1.000,0.000,0.0000
1134.340,-26.383,37.008,0.317,11.110,69.847,70.434,1.000,0.000,0.0000
1134.350,-26.272,37.009,0.317,11.111,69.958,70.543,1.000,0.000,0.0000
1134.360,-26.161,37.010,0.317,11.111,70.069,70.653,1.000,0.000,0.0000
1134.370,-26.050,37.011,0.317,11.110,70.180,70.763,1.000,0.000,0.0000
1134.380,-25.939,37.012,0.317,11.110,70.291,70.873,1.000,0.000,0.0000
1134.390,-25.828,37.013,0.317,11.109,70.402,70.983,1.000,0.000,0.0000
1134.400,-25.716,37.014,0.317,11.109,70.514,71.093,1.000,0.000,0.0000
1134.410,-25.605,37.015,0.317,11.109,70.625,71.202,1.000,0.000,0.0000
1134.420,-25.494,37.016,0.317,11.109,70.736,71.312,1.000,0.000,0.0000
1134.430,-25.383,37.017,0.317,11.109,70.847,71.422,1.000,0.000,0.0000
1134.440,-25.272,37.018,0.317,11.109,70.958,71.532,1.000,0.000,0.0000
1134.450,-25.161,37.019,0.317,11.111,71.069,71.642,1.000,0.000,0.0000
1134.460,-25.050,37.020,0.317,11.111,71.180,71.752,1.000,0.000,0.0000
1134.470,-24.939,37.021,0.317,11.110,71.291,71.862,1.000,0.000,0.0000
1134.480,-24.828,37.022,0.317,11.110,71.402,71.971,1.000,0.000,0.0000
1134.490,-24.717,37.023,0.317,11.110,71.513,72.081,1.000,0.000,0.0000
1134.500,-24.606,37.024,0.317,11.109,71.624,72.191,1.000,0.000,0.0000
1134.510,-24.494,37.025,0.317,11.109,71.736,72.301,1.000,0.000,0.0000
1134.520,-24.383,37.026,0.317,11.109,71.847,72.411,1.000,0.000,0.0000
1134.530,-24.272,37.028,0.317,11.109,71.958,72.521,1.000,0.000,0.0000
1134.540,-24.161,37.029,0.317,11.109,72.069,72.631,1.000,0.000,0.0000
1134.550,-24.050,37.030,0.317,11.109,72.180,72.740,1.000,0.000,0.0000
1134.560,-23.939,37.031,0.317,11.109,72.291,72.850,1.000,0.000,0.0000
1134.570,-23.828,37.032,0.317,11.109,72.402,72.960,1.000,0.000,0.0000
1134.580,-23.717,37.033,0.317,11.109,72.513,73.070,1.000,0.000,0.0000
1134.590,-23.606,37.034,0.317,11.109,72.624,73.180,1.000,0.000,0.0000
1134.600,-23.495,37.035,0.317,11.109,72.735,73.290,1.000,0.000,0.0000
1134.610,-23.383,37.036,0.317,11.109,72.847,73.400,1.000,0.000,0.0000
1134.620,-23.272,37.037,0.317,11.109,72.958,73.510,1.000,0.000,0.0000
1134.630,-23.161,37.038,0.317,11.109,73.069,73.620,1.000,0.000,0.0000
1134.640,-23.050,37.039,0.317,11.109,73.180,73.730,1.000,0.000,0.0000
1134.650,-22.939,37.040,0.317,11.109,73.291,73.840,1.000,0.000,0.0000
1134.660,-22.828,37.041,0.317,11.109,73.402,73.949,1.000,0.000,0.0000
1134.670,-22.717,37.042,0.317,11.109,73.513,74.059,1.000,0.000,0.0000
1134.680,-22.606,37.043,0.317,11.109,73.624,74.169,1.000,0.000,0.0000
1134.690,-22.495,37.044,0.317,11.109,73.735,74.279,1.000,0.000,0.0000
1134.700,-22.384,37.045,0.317,11.109,73.846,74.389,1.000,0.000,0.0000
1134.710,-22.273,37.046,0.317,11.109,73.957,74.499,1.000,0.000,0.0000
1134.720,-22.161,37.047,0.317,11.109,74.069,74.609,1.000,0.000,0.0000
1134.730,-22.050,37.048,0.317,11.109,74.180,74.719,1.000,0.000,0.0000
1134.740,-21.939,37.049,0.317,11.109,74.291,74.829,1.000,0.000,0.0000
1134.750,-21.828,37.050,0.317,11.109,74.402,74.939,1.000,0.000,0.0000
1134.760,-21.717,37.051,0.317,11.109,74.513,75.049,1.000,0.000,0.0000
1134.770,-21.606,37.052,0.317,11.109,74.624,75.159,1.000,0.000,0.0000
1134.780,-21.495,37.053,0.317,11.109,74.735,75.269,1.000,0.000,0.0000
1134.790,-21.384,37.055,0.317,11.109,74.846,75.379,1.000,0.000,0.0000
1134.800,-21.273,37.056,0.317,11.109,74.957,75.489,1.000,0.000,0.0000
1134.810,-21.162,37.057,0.317,11.109,75.068,75.599,1.000,0.000,0.0000
1134.820,-21.051,37.058,0.317,11.109,75.179,75.709,1.000,0.000,0.0000
1134.830,-20.939,37.059,0.317,11.109,75.291,75.819,1.000,0.000,0.0000
1134.840,-20.828,37.060,0.317,11.109,75.402,75.929,1.000,0.000,0.0000
1134.850,-20.717,37.061,0.317,11.109,75.513,76.039,1.000,0.000,0.0000
1134.860,-20.606,37.062,0.317,11.109,75.624,76.149,1.000,0.000,0.0000
1134.870,-20.495,37.063,0.317,11.109,75.735,76.259,1.000,0.000,0.0000
1134.880,-20.384,37.064,0.317,11.109,75.846,76.369,1.000,0.000,0.0000
1134.890,-20.273,37.065,0.317,11.109,75.957,76.479,1.000,0.000,0.0000
1134.900,-20.162,37.066,0.317,11.109,76.068,76.589,1.000,0.000,0.0000
1134.910,-20.051,37.067,0.317,11.109,76.179,76.699,1.000,0.000,0.0000
1134.920,-19.940,37.068,0.317,11.109,76.290,76.809,1.000,0.000,0.0000
1134.930,-19.829,37.069,0.317,11.109,76.402,76.919,1.000,0.000,0.0000
1134.940,-19.717,37.070,0.317,11.109,76.513,77.029,1.000,0.000,0.0000
1134.950,-19.606,37.071,0.317,11.109,76.624,77.139,1.000,0.000,0.0000
1134.960,-19.495,37.072,0.317,11.109,76.735,77.249,1.000,0.000,0.0000
1134.970,-19.384,37.073,0.317,11.109,76.846,77.359,1.000,0.000,0.0000
1134.980,-19.273,37.074,0.317,11.109,76.957,77.469,1.000,0.000,0.0000
1134.990,-19.162,37.075,0.317,11.109,77.068,77.579,1.000,0.000,0.0000
1135.000,-19.051,37.076,0.317,11.109,77.179,77.689,1.000,0.000,0.0000
1135.010,-18.940,37.077,0.317,11.109,77.290,77.799,0.940,0.000,0.0000
1135.020,-18.829,37.078,0.317,11.095,77.401,77.909,0.880,0.000,0.0000
1135.030,-18.718,37.079,0.317,11.069,77.512,78.018,0.820,0.000,0.0000
1135.040,-18.608,37.080,0.317,11.034,77.622,78.128,0.760,0.000,0.0000
1135.050,-18.498,37.081,0.318,10.995,77.732,78.237,0.700,0.000,0.0000
1135.060,-18.388,37.082,0.318,10.954,77.842,78.345,0.640,0.000,0.0000
1135.070,-18.279,37.083,0.318,10.913,77.951,78.453,0.580,0.000,0.0000
1135.080,-18.170,37.084,0.319,10.872,78.060,78.561,0.520,0.000,0.0000
1135.090,-18.062,37.085,0.319,10.832,78.168,78.668,0.460,0.000,0.0000
1135.100,-17.954,37.086,0.320,10.792,78.276,78.775,0.400,0.000,0.0000
1135.110,-17.847,37.087,0.320,10.753,78.383,78.881,0.340,0.000,0.0000
1135.120,-17.740,37.088,0.321,10.713,78.490,78.987,0.280,0.000,0.0000
1135.130,-17.633,37.089,0.321,10.674,78.597,79.093,0.220,0.000,0.0000
1135.140,-17.526,37.090,0.322,10.634,78.704,79.198,0.160,0.000,0.0000
1135.150,-17.421,37.091,0.323,10.594,78.809,79.303,0.100,0.000,0.0000
1135.160,-17.315,37.092,0.323,10.554,78.915,79.408,0.040,0.000,0.0000
1135.170,-17.210,37.093,0.324,10.513,79.020,79.512,0.000,0.000,0.0000
1135.180,-17.105,37.094,0.324,10.473,79.125,79.616,0.000,0.000,0.0000
1135.190,-17.001,37.095,0.325,10.432,79.229,79.719,0.000,0.000,0.0000
1135.200,-16.897,37.096,0.325,10.391,79.333,79.822,0.000,0.000,0.0000
1135.210,-16.793,37.097,0.325,10.350,79.437,79.924,0.000,0.000,0.0000
1135.220,-16.690,37.098,0.326,10.310,79.540,80.026,0.000,0.000,0.0000
1135.230,-16.588,37.099,0.326,10.269,79.642,80.128,0.000,0.000,0.0000
1135.240,-16.485,37.100,0.326,10.228,79.745,80.229,0.000,0.000,0.0000
1135.250,-16.383,37.101,0.326,10.187,79.847,80.330,0.000,0.000,0.0000
1135.260,-16.282,37.102,0.326,10.147,79.948,80.431,0.000,0.000,0.0000
1135.270,-16.181,37.103,0.326,10.106,80.049,80.531,0.000,0.000,0.0000
1135.280,-16.080,37.104,0.326,10.065,80.150,80.631,0.000,0.000,0.0000
1135.290,-15.980,37.105,0.326,10.025,80.250,80.730,0.000,0.000,0.0000
1135.300,-15.880,37.106,0.326,9.984,80.350,80.829,0.000,0.000,0.0000
1135.310,-15.781,37.107,0.326,9.944,80.449,80.928,0.000,0.000,0.0000
1135.320,-15.682,37.107,0.326,9.904,80.548,81.026,0.000,0.000,0.0000
1135.330,-15.583,37.108,0.326,9.864,80.647,81.124,0.000,0.000,0.0000
1135.340,-15.485,37.109,0.326,9.824,80.745,81.221,0.000,0.000,0.0000
1135.350,-15.387,37.110,0.326,9.784,80.843,81.318,0.000,0.000,0.0000
1135.360,-15.290,37.111,0.326,9.744,80.940,81.415,0.000,0.000,0.0000
1135.370,-15.193,37.112,0.325,9.704,81.037,81.511,0.000,0.000,0.0000
1135.380,-15.096,37.113,0.325,9.664,81.134,81.607,0.000,0.000,0.0000
1135.390,-15.000,37.114,0.325,9.625,81.230,81.702,0.000,0.000,0.0000
1135.400,-14.904,37.114,0.325,9.585,81.326,81.797,0.000,0.000,0.0000
1135.410,-14.808,37.115,0.324,9.546,81.422,81.892,0.000,0.000,0.0000
1135.420,-14.713,37.116,0.324,9.506,81.517,81.986,0.000,0.000,0.0000
1135.430,-14.619,37.117,0.324,9.467,81.611,82.080,0.000,0.000,0.0000
1135.440,-14.524,37.118,0.324,9.427,81.706,82.174,0.000,0.000,0.0000
1135.450,-14.430,37.119,0.324,9.388,81.800,82.267,0.000,0.000,0.0000
1135.460,-14.337,37.120,0.324,9.349,81.893,82.360,0.000,0.000,0.0000
1135.470,-14.244,37.121,0.323,9.309,81.986,82.452,0.000,0.000,0.0000
1135.480,-14.151,37.122,0.323,9.270,82.079,82.544,0.000,0.000,0.0000
1135.490,-14.059,37.123,0.323,9.231,82.171,82.635,0.000,0.000,0.0000
1135.500,-13.967,37.123,0.323,9.191,82.263,82.727,0.000,0.000,0.0000
1135.510,-13.875,37.124,0.323,9.152,82.355,82.817,0.000,0.000,0.0000
1135.520,-13.784,37.125,0.323,9.113,82.446,82.908,0.000,0.000,0.0000
1135.530,-13.694,37.126,0.323,9.073,82.536,82.998,0.000,0.000,0.0000
1135.540,-13.603,37.127,0.323,9.034,82.627,83.087,0.000,0.000,0.0000
1135.550,-13.513,37.128,0.323,8.995,82.717,83.176,0.000,0.000,0.0000
1135.560,-13.424,37.128,0.323,8.955,82.806,83.265,0.000,0.000,0.0000
1135.570,-13.335,37.129,0.323,8.916,82.895,83.354,0.000,0.000,0.0000
1135.580,-13.246,37.130,0.323,8.876,82.984,83.442,0.000,0.000,0.0000
1135.590,-13.157,37.131,0.323,8.837,83.073,83.529,0.000,0.000,0.0000
1135.600,-13.069,37.132,0.323,8.797,83.161,83.617,0.000,0.000,0.0000
1135.610,-12.982,37.132,0.323,8.757,83.248,83.703,0.000,0.000,0.0000
1135.620,-12.895,37.133,0.323,8.718,83.335,83.790,0.000,0.000,0.0000
1135.630,-12.808,37.134,0.323,8.678,83.422,83.876,0.000,0.000,0.0000
1135.640,-12.722,37.135,0.323,8.639,83.508,83.962,0.000,0.000,0.0000
1135.650,-12.636,37.136,0.323,8.599,83.594,84.047,0.000,0.000,0.0000
1135.660,-12.550,37.136,0.323,8.559,83.680,84.132,0.000,0.000,0.0000
1135.670,-12.465,37.137,0.324,8.519,83.765,84.216,0.000,0.000,0.0000
1135.680,-12.380,37.138,0.324,8.480,83.850,84.300,0.000,0.000,0.0000
1135.690,-12.296,37.139,0.324,8.440,83.934,84.384,0.000,0.000,0.0000
1135.700,-12.212,37.140,0.324,8.400,84.018,84.467,0.000,0.000,0.0000
1135.710,-12.128,37.140,0.324,8.360,84.102,84.550,0.000,0.000,0.0000
1135.720,-12.045,37.141,0.324,8.321,84.185,84.633,0.000,0.000,0.0000
1135.730,-11.962,37.142,0.324,8.281,84.268,84.715,0.000,0.000,0.0000
1135.740,-11.880,37.143,0.324,8.241,84.350,84.797,0.000,0.000,0.0000
1135.750,-11.798,37.144,0.324,8.201,84.432,84.878,0.000,0.000,0.0000
1135.760,-11.716,37.144,0.324,8.161,84.514,84.959,0.000,0.000,0.0000
1135.770,-11.635,37.145,0.324,8.122,84.595,85.040,0.000,0.000,0.0000
1135.780,-11.554,37.146,0.324,8.082,84.676,85.120,0.000,0.000,0.0000
1135.790,-11.473,37.147,0.324,8.042,84.757,85.200,0.000,0.000,0.0000
1135.800,-11.393,37.147,0.324,8.002,84.837,85.279,0.000,0.000,0.0000
1135.810,-11.314,37.148,0.324,7.963,84.916,85.358,0.000,0.000,0.0000
1135.820,-11.235,37.149,0.324,7.923,84.995,85.437,0.000,0.000,0.0000
1135.830,-11.156,37.150,0.324,7.883,85.074,85.515,0.000,0.000,0.0000
1135.840,-11.077,37.150,0.324,7.843,85.153,85.593,0.000,0.000,0.0000
1135.850,-10.999,37.151,0.324,7.804,85.231,85.670,0.000,0.000,0.0000
1135.860,-10.922,37.152,0.324,7.764,85.308,85.747,0.000,0.000,0.0000
1135.870,-10.844,37.152,0.324,7.724,85.386,85.824,0.000,0.000,0.0000
1135.880,-10.768,37.153,0.324,7.685,85.462,85.900,0.000,0.000,0.0000
1135.890,-10.691,37.154,0.324,7.645,85.539,85.976,0.000,0.000,0.0000
