timestamp_sec,ego_x,ego_y,ego_z,ego_speed_mps,distance_to_intersection_m,distance_to_pedestrian_m,human_throttle,human_brake,human_steering_rad
396.120,-97.020,-52.451,0.317,0.000,0.790,10.744,0.000,0.000,0.0000
396.130,-97.020,-52.451,0.317,0.000,0.790,10.744,0.000,0.000,0.0000
396.140,-97.020,-52.451,0.317,0.000,0.790,10.744,0.000,0.000,0.0000
396.150,-97.020,-52.451,0.317,0.000,0.790,10.744,0.000,0.000,0.0000
396.160,-97.020,-52.451,0.317,0.000,0.790,10.744,0.000,0.000,0.0000
396.170,-97.020,-52.451,0.317,0.000,0.790,10.744,0.000,0.000,0.0000
396.180,-97.020,-52.451,0.317,0.000,0.790,10.744,0.000,0.000,0.0000
396.190,-97.020,-52.451,0.317,0.000,0.790,10.744,0.000,0.000,0.0000
396.200,-97.020,-52.451,0.317,0.000,0.790,10.744,0.000,0.000,0.0000
396.210,-97.020,-52.451,0.317,0.000,0.790,10.744,0.000,0.000,0.0000
396.220,-97.020,-52.451,0.317,0.000,0.790,10.744,0.000,0.000,0.0000
396.230,-97.020,-52.451,0.317,0.000,0.790,10.744,0.000,0.000,0.0000
396.240,-97.020,-52.451,0.317,0.000,0.790,10.744,0.000,0.000,0.0000
396.250,-97.020,-52.451,0.317,0.000,0.790,10.744,0.000,0.000,0.0000
396.260,-97.020,-52.451,0.317,0.000,0.790,10.744,0.000,0.000,0.0000
396.270,-97.020,-52.451,0.317,0.000,0.790,10.744,0.000,0.000,0.0000
396.280,-97.020,-52.451,0.317,0.000,0.790,10.744,0.000,0.000,0.0000
396.290,-97.020,-52.451,0.317,0.000,0.790,10.744,0.000,0.000,0.0000
396.300,-97.020,-52.451,0.317,0.000,0.790,10.744,0.000,0.000,0.0000
396.310,-97.020,-52.451,0.317,0.000,0.790,10.744,0.000,0.000,0.0000
396.320,-97.020,-52.451,0.317,0.000,0.790,10.744,0.000,0.000,0.0000
396.330,-97.020,-52.451,0.317,0.000,0.790,10.744,0.000,0.000,0.0000
396.340,-97.020,-52.451,0.317,0.000,0.790,10.744,0.000,0.000,0.0000
396.350,-97.020,-52.451,0.317,0.000,0.790,10.744,0.000,0.000,0.0000
396.360,-97.020,-52.451,0.317,0.000,0.790,10.744,0.000,0.000,0.0000
396.370,-97.020,-52.451,0.317,0.000,0.790,10.744,0.000,0.000,0.0000
396.380,-97.020,-52.451,0.317,0.000,0.790,10.744,0.000,0.000,0.0000
396.390,-97.020,-52.451,0.317,0.000,0.790,10.744,0.000,0.000,0.0000
396.400,-97.020,-52.451,0.317,0.000,0.790,10.744,0.000,0.000,0.0000
396.410,-97.020,-52.451,0.317,0.000,0.790,10.744,0.000,0.000,0.0000
396.420,-97.020,-52.451,0.317,0.000,0.790,10.744,0.000,0.000,0.0000
396.430,-97.020,-52.451,0.317,0.000,0.790,10.744,0.000,0.000,0.0000
396.440,-97.020,-52.451,0.317,0.000,0.790,10.744,0.000,0.000,0.0000
396.450,-97.020,-52.451,0.317,0.000,0.790,10.744,0.000,0.000,0.0000
396.460,-97.020,-52.451,0.317,0.000,0.790,10.744,0.000,0.000,0.0000
396.470,-97.020,-52.451,0.317,0.000,0.790,10.744,0.000,0.000,0.0000
396.480,-97.020,-52.451,0.317,0.000,0.790,10.744,0.000,0.000,0.0000
396.490,-97.020,-52.451,0.317,0.000,0.790,10.744,0.000,0.000,0.0000
396.500,-97.020,-52.451,0.317,0.000,0.790,10.744,0.000,0.000,0.0000
396.510,-97.020,-52.451,0.317,0.000,0.790,10.744,0.000,0.000,0.0000
396.520,-97.020,-52.451,0.317,0.000,0.790,10.744,0.000,0.000,0.0000
396.530,-97.020,-52.451,0.317,0.000,0.790,10.744,0.000,0.000,0.0000
396.540,-97.020,-52.451,0.317,0.000,0.790,10.744,0.000,0.000,0.0000
396.550,-97.020,-52.451,0.317,0.000,0.790,10.744,0.000,0.000,0.0000
396.560,-97.020,-52.451,0.317,0.000,0.790,10.744,0.000,0.000,0.0000
396.570,-97.020,-52.451,0.317,0.000,0.790,10.744,0.000,0.000,0.0000
396.580,-97.020,-52.451,0.317,0.000,0.790,10.744,0.000,0.000,0.0000
396.590,-97.020,-52.451,0.317,0.000,0.790,10.744,0.000,0.000,0.0000
396.600,-97.020,-52.451,0.317,0.000,0.790,10.744,0.000,0.000,0.0000
396.610,-97.020,-52.451,0.317,0.000,0.790,10.744,0.000,0.000,0.0000
396.620,-97.020,-52.451,0.317,0.000,0.790,10.744,0.000,0.000,0.0000
396.630,-97.020,-52.451,0.317,0.000,0.790,10.744,0.040,0.000,0.0000
396.640,-97.020,-52.451,0.317,0.004,0.790,10.744,0.080,0.000,0.0000
396.650,-97.020,-52.451,0.317,0.010,0.790,10.744,0.120,0.000,0.0000
396.660,-97.020,-52.450,0.317,0.018,0.790,10.744,0.160,0.000,0.0000
396.670,-97.020,-52.449,0.316,0.027,0.790,10.744,0.200,0.000,0.0000
396.680,-97.020,-52.447,0.316,0.035,0.790,10.745,0.240,0.000,0.0000
396.690,-97.020,-52.446,0.316,0.041,0.790,10.745,0.280,0.000,0.0000
396.700,-97.020,-52.443,0.315,0.047,0.790,10.745,0.320,0.000,0.0000
396.710,-97.020,-52.440,0.315,0.051,0.790,10.746,0.360,0.000,0.0000
396.720,-97.020,-52.437,0.314,0.054,0.790,10.746,0.400,0.000,0.0000
396.730,-97.020,-52.434,0.314,0.056,0.790,10.747,0.440,0.000,0.0000
396.740,-97.020,-52.430,0.313,0.056,0.790,10.748,0.480,0.000,0.0000
396.750,-97.020,-52.425,0.312,0.056,0.790,10.748,0.520,0.000,0.0000
396.760,-97.020,-52.421,0.312,0.055,0.790,10.749,0.560,0.000,0.0000
396.770,-97.020,-52.415,0.311,0.054,0.790,10.749,0.600,0.000,0.0000
396.780,-97.020,-52.410,0.311,0.051,0.790,10.750,0.640,0.000,0.0000
396.790,-97.020,-52.404,0.310,0.048,0.790,10.750,0.680,0.000,0.0000
396.800,-97.020,-52.397,0.310,0.045,0.790,10.751,0.720,0.000,0.0000
396.810,-97.020,-52.391,0.309,0.041,0.790,10.751,0.760,0.000,0.0000
396.820,-97.020,-52.384,0.309,0.037,0.790,10.751,0.800,0.000,0.0000
396.830,-97.020,-52.376,0.309,0.033,0.790,10.752,0.840,0.000,0.0000
396.840,-97.020,-52.368,0.308,0.028,0.790,10.752,0.880,0.000,0.0000
396.850,-97.020,-52.360,0.308,0.024,0.790,10.752,0.920,0.000,0.0000
396.860,-97.020,-52.351,0.308,0.019,0.790,10.752,0.960,0.000,0.0000
396.870,-97.020,-52.341,0.308,0.014,0.790,10.753,1.000,0.000,0.0000
396.880,-97.020,-52.332,0.308,0.010,0.790,10.753,1.000,0.000,0.0000
396.890,-97.020,-52.322,0.308,0.006,0.790,10.753,1.000,0.000,0.0000
396.900,-97.020,-52.311,0.308,0.002,0.790,10.753,1.000,0.000,0.0000
396.910,-97.020,-52.301,0.308,0.003,0.790,10.753,1.000,0.000,0.0000
396.920,-97.020,-52.289,0.308,0.006,0.790,10.753,1.000,0.000,0.0000
396.930,-97.020,-52.278,0.308,0.009,0.790,10.753,1.000,0.000,0.0000
396.940,-97.020,-52.266,0.308,0.012,0.790,10.752,1.000,0.000,0.0000
396.950,-97.020,-52.253,0.308,0.014,0.790,10.752,1.000,0.000,0.0000
396.960,-97.020,-52.240,0.308,0.016,0.790,10.752,1.000,0.000,0.0000
396.970,-97.020,-52.227,0.308,0.018,0.790,10.752,1.000,0.000,0.0000
396.980,-97.020,-52.213,0.309,0.019,0.790,10.752,1.000,0.000,0.0000
396.990,-97.020,-52.199,0.309,0.020,0.790,10.752,1.000,0.000,0.0000
397.000,-97.020,-52.185,0.309,0.021,0.790,10.751,1.000,0.000,0.0000
397.010,-97.020,-52.170,0.309,0.021,0.790,10.751,1.000,0.000,0.0000
397.020,-97.020,-52.155,0.310,0.021,0.790,10.751,1.000,0.000,0.0000
397.030,-97.020,-52.139,0.310,0.020,0.790,10.751,1.000,0.000,0.0000
397.040,-97.020,-52.123,0.310,0.020,0.790,10.751,1.000,0.000,0.0000
397.050,-97.020,-52.107,0.310,0.019,0.790,10.750,1.000,0.000,0.0000
397.060,-97.020,-52.090,0.310,0.018,0.790,10.750,1.000,0.000,0.0000
397.070,-97.020,-52.073,0.310,0.016,0.790,10.750,1.000,0.000,0.0000
397.080,-97.020,-52.055,0.311,0.015,0.790,10.750,1.000,0.000,0.0000
397.090,-97.020,-52.037,0.311,0.013,0.790,10.750,1.000,0.000,0.0000
397.100,-97.020,-52.019,0.311,0.012,0.790,10.750,1.000,0.000,0.0000
397.110,-97.020,-52.000,0.311,0.010,0.790,10.750,1.000,0.000,0.0000
397.120,-97.020,-51.981,0.311,0.008,0.790,10.749,1.000,0.000,0.0000
397.130,-97.020,-51.961,0.311,0.006,0.790,10.749,1.000,0.000,0.0000
397.140,-97.020,-51.941,0.311,0.005,0.790,10.749,1.000,0.000,0.0000
397.150,-97.020,-51.921,0.311,0.003,0.790,10.749,1.000,0.000,0.0000
397.160,-97.020,-51.900,0.311,0.002,0.790,10.749,1.000,0.000,0.0000
397.170,-97.020,-51.879,0.311,0.002,0.790,10.749,1.000,0.000,0.0000
397.180,-97.020,-51.857,0.311,0.002,0.790,10.749,1.000,0.000,0.0000
397.190,-97.020,-51.835,0.311,0.003,0.790,10.749,1.000,0.000,0.0000
397.200,-97.019,-51.813,0.311,0.004,0.790,10.749,1.000,0.000,0.0000
397.210,-97.019,-51.790,0.311,0.005,0.790,10.749,1.000,0.000,0.0000
397.220,-97.019,-51.767,0.311,0.006,0.790,10.749,1.000,0.000,0.0000
397.230,-97.019,-51.744,0.311,0.007,0.790,10.750,1.000,0.000,0.0000
397.240,-97.019,-51.720,0.311,0.007,0.790,10.750,1.000,0.000,0.0000
397.250,-97.019,-51.695,0.311,0.008,0.790,10.750,1.000,0.000,0.0000
397.260,-97.019,-51.671,0.311,0.008,0.790,10.750,1.000,0.000,0.0000
397.270,-97.019,-51.646,0.311,0.008,0.790,10.750,1.000,0.000,0.0000
397.280,-97.019,-51.620,0.311,0.008,0.790,10.750,1.000,0.000,0.0000
397.290,-97.019,-51.594,0.310,0.008,0.790,10.750,1.000,0.000,0.0000
397.300,-97.019,-51.568,0.310,0.008,0.790,10.750,1.000,0.000,0.0000
397.310,-97.019,-51.541,0.310,0.007,0.790,10.750,1.000,0.000,0.0000
397.320,-97.019,-51.514,0.310,0.007,0.790,10.750,1.000,0.000,0.0000
397.330,-97.019,-51.487,0.310,0.007,0.789,10.750,1.000,0.000,0.0000
397.340,-97.019,-51.459,0.310,0.006,0.789,10.750,1.000,0.000,0.0000
397.350,-97.019,-51.430,0.310,0.006,0.789,10.750,1.000,0.000,0.0000
397.360,-97.019,-51.402,0.310,0.005,0.789,10.750,1.000,0.000,0.0000
397.370,-97.019,-51.373,0.310,0.004,0.789,10.750,1.000,0.000,0.0000
397.380,-97.019,-51.343,0.310,0.004,0.789,10.750,1.000,0.000,0.0000
397.390,-97.019,-51.313,0.310,0.003,0.789,10.750,1.000,0.000,0.0000
397.400,-97.019,-51.283,0.310,0.003,0.789,10.751,1.000,0.000,0.0000
397.410,-97.019,-51.252,0.310,0.003,0.789,10.751,1.000,0.000,0.0000
397.420,-97.019,-51.221,0.310,0.003,0.789,10.751,1.000,0.000,0.0000
397.430,-97.019,-51.190,0.310,0.003,0.789,10.751,1.000,0.000,0.0000
397.440,-97.019,-51.158,0.310,0.003,0.789,10.751,1.000,0.000,0.0000
397.450,-97.019,-51.126,0.310,0.003,0.789,10.750,1.000,0.000,0.0000
397.460,-97.019,-51.093,0.310,0.003,0.789,10.750,1.000,0.000,0.0000
397.470,-97.019,-51.060,0.310,0.003,0.789,10.750,1.000,0.000,0.0000
397.480,-97.019,-51.027,0.310,0.003,0.789,10.750,1.000,0.000,0.0000
397.490,-97.019,-50.993,0.310,0.004,0.789,10.750,1.000,0.000,0.0000
397.500,-97.019,-50.958,0.310,0.004,0.789,10.750,1.000,0.000,0.0000
397.510,-97.019,-50.924,0.310,0.004,0.789,10.750,1.000,0.000,0.0000
397.520,-97.019,-50.889,0.310,0.004,0.789,10.750,1.000,0.000,0.0000
397.530,-97.019,-50.853,0.310,0.004,0.789,10.750,1.000,0.000,0.0000
397.540,-97.019,-50.817,0.310,0.004,0.789,10.750,1.000,0.000,0.0000
397.550,-97.019,-50.781,0.310,0.004,0.789,10.750,1.000,0.000,0.0000
397.560,-97.019,-50.745,0.310,0.004,0.789,10.750,1.000,0.000,0.0000
397.570,-97.019,-50.708,0.310,0.004,0.789,10.750,1.000,0.000,0.0000
397.580,-97.019,-50.670,0.310,0.004,0.789,10.750,1.000,0.000,0.0000
397.590,-97.019,-50.632,0.310,0.004,0.789,10.750,1.000,0.000,0.0000
397.600,-97.019,-50.594,0.310,0.004,0.789,10.750,1.000,0.000,0.0000
397.610,-97.018,-50.556,0.310,0.004,0.789,10.750,1.000,0.000,0.0000
397.620,-97.018,-50.516,0.310,0.004,0.789,10.750,1.000,0.000,0.0000
397.630,-97.018,-50.477,0.310,0.003,0.789,10.750,1.000,0.000,0.0000
397.640,-97.018,-50.437,0.310,0.003,0.789,10.750,1.000,0.000,0.0000
397.650,-97.018,-50.397,0.310,0.003,0.789,10.750,1.000,0.000,0.0000
397.660,-97.018,-50.356,0.310,0.003,0.789,10.750,1.000,0.000,0.0000
397.670,-97.018,-50.315,0.310,0.003,0.789,10.750,1.000,0.000,0.0000
397.680,-97.018,-50.274,0.310,0.003,0.789,10.750,1.000,0.000,0.0000
397.690,-97.018,-50.232,0.310,0.003,0.788,10.750,1.000,0.000,0.0000
397.700,-97.018,-50.190,0.310,0.003,0.788,10.750,1.000,0.000,0.0000
397.710,-97.018,-50.148,0.310,0.003,0.788,10.750,1.000,0.000,0.0000
397.720,-97.018,-50.105,0.310,0.003,0.788,10.750,1.000,0.000,0.0000
397.730,-97.018,-50.061,0.310,0.004,0.788,10.750,1.000,0.000,0.0000
397.740,-97.018,-50.017,0.310,0.004,0.788,10.750,1.000,0.000,0.0000
397.750,-97.018,-49.973,0.310,0.004,0.788,10.750,1.000,0.000,0.0000
397.760,-97.018,-49.929,0.310,0.004,0.788,10.750,1.000,0.000,0.0000
397.770,-97.018,-49.884,0.310,0.004,0.788,10.750,1.000,0.000,0.0000
397.780,-97.018,-49.838,0.310,0.004,0.788,10.750,1.000,0.000,0.0000
397.790,-97.018,-49.793,0.310,0.004,0.788,10.750,1.000,0.000,0.0000
397.800,-97.018,-49.747,0.310,0.004,0.788,10.750,1.000,0.000,0.0000
397.810,-97.018,-49.700,0.310,0.004,0.788,10.750,1.000,0.000,0.0000
397.820,-97.018,-49.653,0.310,0.004,0.788,10.750,1.000,0.000,0.0000
397.830,-97.018,-49.606,0.310,0.004,0.788,10.750,1.000,0.000,0.0000
397.840,-97.018,-49.558,0.310,0.004,0.788,10.750,1.000,0.000,0.0000
397.850,-97.018,-49.510,0.310,0.004,0.788,10.750,1.000,0.000,0.0000
397.860,-97.018,-49.461,0.310,0.004,0.788,10.750,1.000,0.000,0.0000
397.870,-97.018,-49.412,0.310,0.004,0.788,10.750,1.000,0.000,0.0000
397.880,-97.018,-49.363,0.310,0.004,0.788,10.750,1.000,0.000,0.0000
397.890,-97.017,-49.313,0.310,0.004,0.788,10.750,1.000,0.000,0.0000
397.900,-97.017,-49.263,0.310,0.004,0.788,10.750,1.000,0.000,0.0000
397.910,-97.017,-49.213,0.310,0.004,0.788,10.750,1.000,0.000,0.0000
397.920,-97.017,-49.162,0.310,0.004,0.788,10.750,1.000,0.000,0.0000
397.930,-97.017,-49.110,0.310,0.004,0.788,10.750,1.000,0.000,0.0000
397.940,-97.017,-49.059,0.310,0.004,0.788,10.750,1.000,0.000,0.0000
397.950,-97.017,-49.007,0.310,0.004,0.788,10.750,1.000,0.000,0.0000
397.960,-97.017,-48.954,0.310,0.004,0.787,10.750,1.000,0.000,0.0000
397.970,-97.017,-48.901,0.310,0.004,0.787,10.750,1.000,0.000,0.0000
397.980,-97.017,-48.848,0.310,0.004,0.787,10.750,1.000,0.000,0.0000
397.990,-97.017,-48.794,0.310,0.004,0.787,10.750,1.000,0.000,0.0000
398.000,-97.017,-48.740,0.310,0.004,0.787,10.750,1.000,0.000,0.0000
398.010,-97.017,-48.686,0.310,0.004,0.787,10.750,1.000,0.000,0.0000
398.020,-97.017,-48.631,0.310,0.004,0.787,10.750,1.000,0.000,0.0000
398.030,-97.017,-48.576,0.310,0.004,0.787,10.750,1.000,0.000,0.0000
398.040,-97.017,-48.520,0.310,0.004,0.787,10.750,1.000,0.000,0.0000
398.050,-97.017,-48.464,0.310,0.004,0.787,10.750,1.000,0.000,0.0000
398.060,-97.017,-48.407,0.310,0.005,0.787,10.750,1.000,0.000,0.0000
398.070,-97.017,-48.350,0.310,0.005,0.787,10.750,1.000,0.000,0.0000
398.080,-97.017,-48.293,0.310,0.005,0.787,10.750,1.000,0.000,0.0000
398.090,-97.017,-48.236,0.310,0.005,0.787,10.750,1.000,0.000,0.0000
398.100,-97.017,-48.178,0.310,0.005,0.787,10.750,1.000,0.000,0.0000
398.110,-97.017,-48.119,0.310,0.005,0.787,10.750,1.000,0.000,0.0000
398.120,-97.016,-48.060,0.310,0.005,0.787,10.750,1.000,0.000,0.0000
398.130,-97.016,-48.001,0.310,0.005,0.787,10.750,1.000,0.000,0.0000
398.140,-97.016,-47.941,0.310,0.005,0.787,10.750,1.000,0.000,0.0000
398.150,-97.016,-47.881,0.310,0.005,0.787,10.750,1.000,0.000,0.0000
398.160,-97.016,-47.821,0.310,0.005,0.787,10.750,1.000,0.000,0.0000
398.170,-97.016,-47.760,0.310,0.005,0.787,10.750,1.000,0.000,0.0000
398.180,-97.016,-47.699,0.310,0.005,0.786,10.750,1.000,0.000,0.0000
398.190,-97.016,-47.637,0.310,0.005,0.786,10.750,1.000,0.000,0.0000
398.200,-97.016,-47.575,0.310,0.005,0.786,10.750,1.000,0.000,0.0000
398.210,-97.016,-47.513,0.310,0.005,0.786,10.750,1.000,0.000,0.0000
398.220,-97.016,-47.450,0.310,0.005,0.786,10.750,1.000,0.000,0.0000
398.230,-97.016,-47.387,0.310,0.005,0.786,10.750,1.000,0.000,0.0000
398.240,-97.016,-47.323,0.310,0.005,0.786,10.750,1.000,0.000,0.0000
398.250,-97.016,-47.259,0.310,0.005,0.786,10.750,1.000,0.000,0.0000
398.260,-97.016,-47.195,0.310,0.005,0.786,10.750,1.000,0.000,0.0000
398.270,-97.016,-47.130,0.310,0.005,0.786,10.750,1.000,0.000,0.0000
398.280,-97.016,-47.065,0.310,0.005,0.786,10.750,1.000,0.000,0.0000
398.290,-97.016,-46.999,0.310,0.005,0.786,10.750,1.000,0.000,0.0000
398.300,-97.016,-46.933,0.310,0.005,0.786,10.750,1.000,0.000,0.0000
398.310,-97.016,-46.867,0.310,0.005,0.786,10.750,1.000,0.000,0.0000
398.320,-97.015,-46.800,0.310,0.005,0.786,10.750,1.000,0.000,0.0000
398.330,-97.015,-46.733,0.310,0.005,0.786,10.750,1.000,0.000,0.0000
398.340,-97.015,-46.665,0.310,0.005,0.786,10.750,1.000,0.000,0.0000
398.350,-97.015,-46.597,0.310,0.005,0.786,10.750,1.000,0.000,0.0000
398.360,-97.015,-46.529,0.310,0.005,0.786,10.750,1.000,0.000,0.0000
398.370,-97.015,-46.460,0.310,0.005,0.785,10.750,1.000,0.000,0.0000
398.380,-97.015,-46.391,0.310,0.006,0.785,10.750,1.000,0.000,0.0000
398.390,-97.015,-46.321,0.310,0.006,0.785,10.750,1.000,0.000,0.0000
398.400,-97.015,-46.251,0.310,0.006,0.785,10.750,1.000,0.000,0.0000
398.410,-97.015,-46.181,0.310,0.006,0.785,10.750,1.000,0.000,0.0000
398.420,-97.015,-46.110,0.310,0.006,0.785,10.750,1.000,0.000,0.0000
398.430,-97.015,-46.039,0.310,0.006,0.785,10.750,1.000,0.000,0.0000
398.440,-97.015,-45.968,0.310,0.006,0.785,10.750,1.000,0.000,0.0000
398.450,-97.015,-45.896,0.310,0.006,0.785,10.750,1.000,0.000,0.0000
398.460,-97.015,-45.823,0.310,0.006,0.785,10.750,1.000,0.000,0.0000
398.470,-97.015,-45.751,0.310,0.006,0.785,10.750,1.000,0.000,0.0000
398.480,-97.015,-45.678,0.310,0.006,0.785,10.750,1.000,0.000,0.0000
398.490,-97.015,-45.604,0.310,0.006,0.785,10.750,1.000,0.000,0.0000
398.500,-97.014,-45.530,0.310,0.006,0.785,10.750,1.000,0.000,0.0000
398.510,-97.014,-45.456,0.310,0.006,0.785,10.750,1.000,0.000,0.0000
398.520,-97.014,-45.381,0.310,0.006,0.785,10.750,1.000,0.000,0.0000
398.530,-97.014,-45.306,0.310,0.006,0.785,10.750,1.000,0.000,0.0000
398.540,-97.014,-45.230,0.310,0.006,0.785,10.750,1.000,0.000,0.0000
398.550,-97.014,-45.154,0.310,0.006,0.784,10.750,1.000,0.000,0.0000
398.560,-97.014,-45.078,0.310,0.006,0.784,10.750,1.000,0.000,0.0000
398.570,-97.014,-45.001,0.310,0.006,0.784,10.750,1.000,0.000,0.0000
398.580,-97.014,-44.924,0.310,0.006,0.784,10.750,1.000,0.000,0.0000
398.590,-97.014,-44.847,0.310,0.006,0.784,10.750,1.000,0.000,0.0000
398.600,-97.014,-44.769,0.310,0.006,0.784,10.750,1.000,0.000,0.0000
398.610,-97.014,-44.691,0.310,0.006,0.784,10.750,1.000,0.000,0.0000
398.620,-97.014,-44.612,0.310,0.006,0.784,10.750,1.000,0.000,0.0000
398.630,-97.014,-44.533,0.310,0.006,0.784,10.750,1.000,0.000,0.0000
398.640,-97.014,-44.453,0.310,0.006,0.784,10.750,1.000,0.000,0.0000
398.650,-97.014,-44.374,0.310,0.006,0.784,10.750,1.000,0.000,0.0000
398.660,-97.013,-44.293,0.310,0.006,0.784,10.750,1.000,0.000,0.0000
398.670,-97.013,-44.213,0.310,0.006,0.784,10.750,1.000,0.000,0.0000
398.680,-97.013,-44.132,0.310,0.006,0.784,10.750,1.000,0.000,0.0000
398.690,-97.013,-44.050,0.310,0.006,0.784,10.750,1.000,0.000,0.0000
398.700,-97.013,-43.968,0.310,0.007,0.783,10.750,1.000,0.000,0.0000
398.710,-97.013,-43.886,0.310,0.007,0.783,10.750,1.000,0.000,0.0000
398.720,-97.013,-43.803,0.310,0.007,0.783,10.750,1.000,0.000,0.0000
398.730,-97.013,-43.720,0.310,0.007,0.783,10.750,1.000,0.000,0.0000
398.740,-97.013,-43.637,0.310,0.007,0.783,10.750,1.000,0.000,0.0000
398.750,-97.013,-43.553,0.310,0.007,0.783,10.750,1.000,0.000,0.0000
398.760,-97.013,-43.469,0.310,0.007,0.783,10.750,1.000,0.000,0.0000
398.770,-97.013,-43.384,0.310,0.007,0.783,10.750,1.000,0.000,0.0000
398.780,-97.013,-43.299,0.310,0.007,0.783,10.750,1.000,0.000,0.0000
398.790,-97.013,-43.214,0.310,0.007,0.783,10.750,1.000,0.000,0.0000
398.800,-97.013,-43.128,0.310,0.007,0.783,10.750,1.000,0.000,0.0000
398.810,-97.012,-43.042,0.310,0.007,0.783,10.750,1.000,0.000,0.0000
398.820,-97.012,-42.955,0.310,0.007,0.783,10.750,1.000,0.000,0.0000
398.830,-97.012,-42.868,0.310,0.007,0.783,10.750,1.000,0.000,0.0000
398.840,-97.012,-42.781,0.310,0.007,0.783,10.750,1.000,0.000,0.0000
398.850,-97.012,-42.693,0.310,0.007,0.782,10.750,1.000,0.000,0.0000
398.860,-97.012,-42.605,0.310,0.007,0.782,10.750,1.000,0.000,0.0000
398.870,-97.012,-42.516,0.310,0.007,0.782,10.750,1.000,0.000,0.0000
398.880,-97.012,-42.427,0.310,0.007,0.782,10.750,1.000,0.000,0.0000
398.890,-97.012,-42.338,0.310,0.007,0.782,10.750,1.000,0.000,0.0000
398.900,-97.012,-42.248,0.310,0.007,0.782,10.750,1.000,0.000,0.0000
398.910,-97.012,-42.158,0.310,0.007,0.782,10.749,1.000,0.000,0.0000
398.920,-97.012,-42.067,0.310,0.007,0.782,10.749,1.000,0.000,0.0000
398.930,-97.012,-41.976,0.310,0.007,0.782,10.749,1.000,0.000,0.0000
398.940,-97.012,-41.885,0.310,0.007,0.782,10.749,1.000,0.000,0.0000
398.950,-97.011,-41.793,0.310,0.007,0.782,10.749,1.000,0.000,0.0000
398.960,-97.011,-41.701,0.310,0.007,0.782,10.749,1.000,0.000,0.0000
398.970,-97.011,-41.608,0.310,0.007,0.782,10.749,1.000,0.000,0.0000
398.980,-97.011,-41.515,0.310,0.007,0.782,10.749,1.000,0.000,0.0000
398.990,-97.011,-41.422,0.310,0.007,0.781,10.749,1.000,0.000,0.0000
399.000,-97.011,-41.328,0.310,0.007,0.781,10.749,1.000,0.000,0.0000
399.010,-97.011,-41.234,0.310,0.008,0.781,10.749,1.000,0.000,0.0000
399.020,-97.011,-41.139,0.310,0.008,0.781,10.749,1.000,0.000,0.0000
399.030,-97.011,-41.044,0.310,0.008,0.781,10.749,1.000,0.000,0.0000
399.040,-97.011,-40.949,0.310,0.008,0.781,10.749,1.000,0.000,0.0000
399.050,-97.011,-40.853,0.310,0.008,0.781,10.749,1.000,0.000,0.0000
399.060,-97.011,-40.757,0.310,0.008,0.781,10.749,1.000,0.000,0.0000
399.070,-97.011,-40.660,0.310,0.008,0.781,10.749,1.000,0.000,0.0000
399.080,-97.011,-40.564,0.310,0.008,0.781,10.749,1.000,0.000,0.0000
399.090,-97.010,-40.466,0.310,0.008,0.781,10.749,1.000,0.000,0.0000
399.100,-97.010,-40.368,0.310,0.008,0.781,10.749,1.000,0.000,0.0000
399.110,-97.010,-40.270,0.310,0.008,0.781,10.749,1.000,0.000,0.0000
399.120,-97.010,-40.172,0.310,0.008,0.780,10.749,1.000,0.000,0.0000
399.130,-97.010,-40.073,0.310,0.008,0.780,10.749,1.000,0.000,0.0000
399.140,-97.010,-39.974,0.310,0.008,0.780,10.749,1.000,0.000,0.0000
399.150,-97.010,-39.874,0.310,0.008,0.780,10.749,1.000,0.000,0.0000
399.160,-97.010,-39.774,0.310,0.008,0.780,10.749,1.000,0.000,0.0000
399.170,-97.010,-39.673,0.310,0.008,0.780,10.749,1.000,0.000,0.0000
399.180,-97.010,-39.572,0.310,0.008,0.780,10.749,1.000,0.000,0.0000
399.190,-97.010,-39.471,0.310,0.008,0.780,10.749,1.000,0.000,0.0000
399.200,-97.010,-39.369,0.310,0.008,0.780,10.749,1.000,0.000,0.0000
399.210,-97.009,-39.267,0.310,0.008,0.780,10.749,1.000,0.000,0.0000
399.220,-97.009,-39.165,0.310,0.008,0.780,10.749,1.000,0.000,0.0000
399.230,-97.009,-39.062,0.310,0.008,0.780,10.749,1.000,0.000,0.0000
399.240,-97.009,-38.959,0.310,0.008,0.780,10.749,1.000,0.000,0.0000
399.250,-97.009,-38.855,0.310,0.008,0.779,10.749,1.000,0.000,0.0000
399.260,-97.009,-38.751,0.310,0.008,0.779,10.749,1.000,0.000,0.0000
399.270,-97.009,-38.646,0.310,0.008,0.779,10.749,1.000,0.000,0.0000
399.280,-97.009,-38.541,0.310,0.008,0.779,10.749,1.000,0.000,0.0000
399.290,-97.009,-38.436,0.310,0.008,0.779,10.749,1.000,0.000,0.0000
399.300,-97.009,-38.331,0.310,0.008,0.779,10.749,1.000,0.000,0.0000
399.310,-97.009,-38.224,0.310,0.008,0.779,10.749,1.000,0.000,0.0000
399.320,-97.009,-38.118,0.310,0.008,0.779,10.749,1.000,0.000,0.0000
399.330,-97.008,-38.011,0.310,0.009,0.779,10.749,1.000,0.000,0.0000
399.340,-97.008,-37.904,0.310,0.009,0.779,10.749,1.000,0.000,0.0000
399.350,-97.008,-37.796,0.310,0.009,0.779,10.749,1.000,0.000,0.0000
399.360,-97.008,-37.688,0.310,0.009,0.778,10.749,1.000,0.000,0.0000
399.370,-97.008,-37.580,0.310,0.009,0.778,10.749,1.000,0.000,0.0000
399.380,-97.008,-37.471,0.310,0.009,0.778,10.749,1.000,0.000,0.0000
399.390,-97.008,-37.362,0.310,0.009,0.778,10.749,1.000,0.000,0.0000
399.400,-97.008,-37.252,0.310,0.009,0.778,10.749,1.000,0.000,0.0000
399.410,-97.008,-37.142,0.310,0.009,0.778,10.749,1.000,0.000,0.0000
399.420,-97.008,-37.032,0.310,0.009,0.778,10.749,1.000,0.000,0.0000
399.430,-97.008,-36.921,0.310,0.009,0.778,10.749,1.000,0.000,0.0000
399.440,-97.008,-36.810,0.310,0.010,0.778,10.749,1.000,0.000,0.0000
399.450,-97.007,-36.698,0.310,0.014,0.778,10.749,1.000,0.000,0.0000
399.460,-97.007,-36.587,0.311,0.020,0.778,10.749,1.000,0.000,0.0000
399.470,-97.007,-36.476,0.311,0.028,0.778,10.748,1.000,0.000,0.0000
399.480,-97.007,-36.365,0.311,0.035,0.777,10.748,1.000,0.000,0.0000
399.490,-97.007,-36.253,0.312,0.042,0.777,10.748,1.000,0.000,0.0000
399.500,-97.007,-36.142,0.312,0.047,0.777,10.747,1.000,0.000,0.0000
399.510,-97.007,-36.031,0.313,0.051,0.777,10.747,1.000,0.000,0.0000
399.520,-97.007,-35.920,0.313,0.054,0.777,10.746,1.000,0.000,0.0000
399.530,-97.007,-35.809,0.314,0.056,0.777,10.746,1.000,0.000,0.0000
399.540,-97.007,-35.697,0.314,0.056,0.777,10.745,1.000,0.000,0.0000
399.550,-97.007,-35.586,0.315,0.056,0.777,10.745,1.000,0.000,0.0000
399.560,-97.006,-35.475,0.315,0.056,0.777,10.744,1.000,0.000,0.0000
399.570,-97.006,-35.364,0.316,0.054,0.777,10.743,1.000,0.000,0.0000
399.580,-97.006,-35.252,0.316,0.052,0.777,10.743,1.000,0.000,0.0000
399.590,-97.006,-35.141,0.317,0.049,0.777,10.742,1.000,0.000,0.0000
399.600,-97.006,-35.030,0.317,0.046,0.777,10.742,1.000,0.000,0.0000
399.610,-97.006,-34.919,0.318,0.042,0.777,10.742,1.000,0.000,0.0000
399.620,-97.006,-34.808,0.318,0.038,0.776,10.741,1.000,0.000,0.0000
399.630,-97.006,-34.696,0.318,0.034,0.776,10.741,1.000,0.000,0.0000
399.640,-97.006,-34.585,0.319,0.030,0.776,10.741,1.000,0.000,0.0000
399.650,-97.006,-34.474,0.319,0.026,0.776,10.740,1.000,0.000,0.0000
399.660,-97.006,-34.363,0.319,0.022,0.776,10.740,1.000,0.000,0.0000
399.670,-97.005,-34.252,0.319,0.017,0.776,10.740,1.000,0.000,0.0000
399.680,-97.005,-34.141,0.319,0.014,0.776,10.740,1.000,0.000,0.0000
399.690,-97.005,-34.030,0.319,0.011,0.776,10.740,1.000,0.000,0.0000
399.700,-97.005,-33.919,0.319,0.009,0.776,10.740,1.000,0.000,0.0000
399.710,-97.005,-33.807,0.319,0.009,0.776,10.740,1.000,0.000,0.0000
399.720,-97.005,-33.696,0.319,0.010,0.776,10.740,1.000,0.000,0.0000
399.730,-97.005,-33.585,0.319,0.012,0.776,10.740,1.000,0.000,0.0000
399.740,-97.005,-33.474,0.319,0.014,0.775,10.740,1.000,0.000,0.0000
399.750,-97.005,-33.363,0.319,0.016,0.775,10.740,1.000,0.000,0.0000
399.760,-97.005,-33.252,0.319,0.018,0.775,10.740,1.000,0.000,0.0000
399.770,-97.005,-33.141,0.319,0.020,0.775,10.740,1.000,0.000,0.0000
399.780,-97.005,-33.030,0.319,0.021,0.775,10.741,1.000,0.000,0.0000
399.790,-97.004,-32.919,0.318,0.022,0.775,10.741,1.000,0.000,0.0000
399.800,-97.004,-32.808,0.318,0.022,0.775,10.741,1.000,0.000,0.0000
399.810,-97.004,-32.697,0.318,0.023,0.775,10.741,1.000,0.000,0.0000
399.820,-97.004,-32.586,0.318,0.022,0.775,10.741,1.000,0.000,0.0000
399.830,-97.004,-32.475,0.317,0.022,0.775,10.742,1.000,0.000,0.0000
399.840,-97.004,-32.364,0.317,0.022,0.774,10.742,1.000,0.000,0.0000
399.850,-97.004,-32.253,0.317,0.021,0.774,10.742,1.000,0.000,0.0000
399.860,-97.004,-32.142,0.317,0.020,0.774,10.742,1.000,0.000,0.0000
399.870,-97.004,-32.030,0.317,0.019,0.774,10.742,1.000,0.000,0.0000
399.880,-97.004,-31.919,0.317,0.017,0.774,10.742,1.000,0.000,0.0000
399.890,-97.004,-31.808,0.316,0.016,0.774,10.742,1.000,0.000,0.0000
399.900,-97.003,-31.697,0.316,0.015,0.774,10.743,1.000,0.000,0.0000
399.910,-97.003,-31.586,0.316,0.014,0.774,10.743,1.000,0.000,0.0000
399.920,-97.003,-31.475,0.316,0.012,0.774,10.743,1.000,0.000,0.0000
399.930,-97.003,-31.364,0.316,0.011,0.774,10.743,1.000,0.000,0.0000
399.940,-97.003,-31.253,0.316,0.010,0.774,10.743,1.000,0.000,0.0000
399.950,-97.003,-31.142,0.316,0.009,0.773,10.743,1.000,0.000,0.0000
399.960,-97.003,-31.031,0.316,0.009,0.773,10.743,1.000,0.000,0.0000
399.970,-97.003,-30.920,0.316,0.009,0.773,10.743,1.000,0.000,0.0000
399.980,-97.003,-30.809,0.316,0.009,0.773,10.743,1.000,0.000,0.0000
399.990,-97.003,-30.697,0.316,0.009,0.773,10.743,1.000,0.000,0.0000
400.000,-97.003,-30.586,0.316,0.010,0.773,10.743,1.000,0.000,0.0000
400.010,-97.002,-30.475,0.316,0.010,0.773,10.743,1.000,0.000,0.0000
400.020,-97.002,-30.364,0.316,0.010,0.773,10.743,1.000,0.000,0.0000
400.030,-97.002,-30.253,0.316,0.011,0.773,10.743,1.000,0.000,0.0000
400.040,-97.002,-30.142,0.316,0.011,0.773,10.743,1.000,0.000,0.0000
400.050,-97.002,-30.031,0.316,0.011,0.773,10.742,1.000,0.000,0.0000
400.060,-97.002,-29.920,0.316,0.012,0.772,10.742,1.000,0.000,0.0000
400.070,-97.002,-29.809,0.317,0.012,0.772,10.742,1.000,0.000,0.0000
400.080,-97.002,-29.697,0.317,0.012,0.772,10.742,1.000,0.000,0.0000
400.090,-97.002,-29.586,0.317,0.012,0.772,10.742,1.000,0.000,0.0000
400.100,-97.002,-29.475,0.317,0.012,0.772,10.742,1.000,0.000,0.0000
400.110,-97.002,-29.364,0.317,0.011,0.772,10.742,1.000,0.000,0.0000
400.120,-97.001,-29.253,0.317,0.011,0.772,10.742,1.000,0.000,0.0000
400.130,-97.001,-29.142,0.317,0.011,0.772,10.742,1.000,0.000,0.0000
400.140,-97.001,-29.031,0.317,0.011,0.772,10.742,1.000,0.000,0.0000
400.150,-97.001,-28.920,0.317,0.010,0.772,10.742,1.000,0.000,0.0000
400.160,-97.001,-28.809,0.317,0.010,0.772,10.742,1.000,0.000,0.0000
400.170,-97.001,-28.697,0.317,0.010,0.772,10.742,1.000,0.000,0.0000
400.180,-97.001,-28.586,0.317,0.010,0.771,10.742,1.000,0.000,0.0000
400.190,-97.001,-28.475,0.317,0.009,0.771,10.742,1.000,0.000,0.0000
400.200,-97.001,-28.364,0.317,0.009,0.771,10.741,1.000,0.000,0.0000
400.210,-97.001,-28.253,0.317,0.009,0.771,10.741,1.000,0.000,0.0000
400.220,-97.001,-28.142,0.317,0.009,0.771,10.741,1.000,0.000,0.0000
400.230,-97.001,-28.031,0.317,0.009,0.771,10.741,1.000,0.000,0.0000
400.240,-97.000,-27.920,0.317,0.009,0.771,10.741,1.000,0.000,0.0000
400.250,-97.000,-27.809,0.317,0.009,0.771,10.741,1.000,0.000,0.0000
400.260,-97.000,-27.698,0.317,0.009,0.771,10.741,1.000,0.000,0.0000
400.270,-97.000,-27.586,0.317,0.009,0.771,10.741,1.000,0.000,0.0000
400.280,-97.000,-27.475,0.317,0.009,0.771,10.741,1.000,0.000,0.0000
400.290,-97.000,-27.364,0.317,0.009,0.770,10.741,1.000,0.000,0.0000
400.300,-97.000,-27.253,0.317,0.009,0.770,10.741,1.000,0.000,0.0000
400.310,-97.000,-27.142,0.317,0.009,0.770,10.741,1.000,0.000,0.0000
400.320,-97.000,-27.031,0.317,0.009,0.770,10.742,1.000,0.000,0.0000
400.330,-97.000,-26.920,0.317,0.009,0.770,10.742,1.000,0.000,0.0000
400.340,-97.000,-26.809,0.317,0.009,0.770,10.742,1.000,0.000,0.0000
400.350,-96.999,-26.698,0.317,0.009,0.770,10.742,1.000,0.000,0.0000
400.360,-96.999,-26.587,0.317,0.009,0.770,10.742,1.000,0.000,0.0000
400.370,-96.999,-26.475,0.317,0.009,0.770,10.742,1.000,0.000,0.0000
400.380,-96.999,-26.364,0.317,0.009,0.770,10.742,1.000,0.000,0.0000
400.390,-96.999,-26.253,0.317,0.009,0.770,10.742,1.000,0.000,0.0000
400.400,-96.999,-26.142,0.317,0.009,0.769,10.742,1.000,0.000,0.0000
400.410,-96.999,-26.031,0.317,0.009,0.769,10.742,1.000,0.000,0.0000
400.420,-96.999,-25.920,0.317,0.009,0.769,10.742,1.000,0.000,0.0000
400.430,-96.999,-25.809,0.317,0.009,0.769,10.742,1.000,0.000,0.0000
400.440,-96.999,-25.698,0.317,0.009,0.769,10.742,1.000,0.000,0.0000
400.450,-96.999,-25.587,0.317,0.009,0.769,10.742,1.000,0.000,0.0000
400.460,-96.998,-25.476,0.317,0.009,0.769,10.742,1.000,0.000,0.0000
400.470,-96.998,-25.365,0.317,0.009,0.769,10.742,1.000,0.000,0.0000
400.480,-96.998,-25.253,0.317,0.009,0.769,10.742,1.000,0.000,0.0000
400.490,-96.998,-25.142,0.317,0.009,0.769,10.742,1.000,0.000,0.0000
400.500,-96.998,-25.031,0.317,0.009,0.769,10.742,1.000,0.000,0.0000
400.510,-96.998,-24.920,0.317,0.009,0.769,10.742,1.000,0.000,0.0000
400.520,-96.998,-24.809,0.317,0.009,0.768,10.742,1.000,0.000,0.0000
400.530,-96.998,-24.698,0.317,0.009,0.768,10.742,1.000,0.000,0.0000
400.540,-96.998,-24.587,0.317,0.009,0.768,10.742,1.000,0.000,0.0000
400.550,-96.998,-24.476,0.317,0.009,0.768,10.742,1.000,0.000,0.0000
400.560,-96.998,-24.365,0.317,0.009,0.768,10.742,1.000,0.000,0.0000
400.570,-96.998,-24.254,0.317,0.009,0.768,10.742,1.000,0.000,0.0000
400.580,-96.997,-24.142,0.317,0.009,0.768,10.742,1.000,0.000,0.0000
400.590,-96.997,-24.031,0.317,0.009,0.768,10.742,1.000,0.000,0.0000
400.600,-96.997,-23.920,0.317,0.009,0.768,10.742,1.000,0.000,0.0000
400.610,-96.997,-23.809,0.317,0.009,0.768,10.742,1.000,0.000,0.0000
400.620,-96.997,-23.698,0.317,0.009,0.768,10.741,1.000,0.000,0.0000
400.630,-96.997,-23.587,0.317,0.009,0.767,10.741,1.000,0.000,0.0000
400.640,-96.997,-23.476,0.317,0.009,0.767,10.741,1.000,0.000,0.0000
400.650,-96.997,-23.365,0.317,0.009,0.767,10.741,1.000,0.000,0.0000
400.660,-96.997,-23.254,0.317,0.009,0.767,10.741,1.000,0.000,0.0000
400.670,-96.997,-23.143,0.317,0.009,0.767,10.741,1.000,0.000,0.0000
400.680,-96.997,-23.031,0.317,0.009,0.767,10.741,1.000,0.000,0.0000
400.690,-96.996,-22.920,0.317,0.009,0.767,10.741,1.000,0.000,0.0000
400.700,-96.996,-22.809,0.317,0.009,0.767,10.741,1.000,0.000,0.0000
400.710,-96.996,-22.698,0.317,0.009,0.767,10.741,1.000,0.000,0.0000
400.720,-96.996,-22.587,0.317,0.009,0.767,10.741,1.000,0.000,0.0000
400.730,-96.996,-22.476,0.317,0.009,0.767,10.741,1.000,0.000,0.0000
400.740,-96.996,-22.365,0.317,0.009,0.766,10.741,1.000,0.000,0.0000
400.750,-96.996,-22.254,0.317,0.009,0.766,10.741,1.000,0.000,0.0000
400.760,-96.996,-22.143,0.317,0.009,0.766,10.741,1.000,0.000,0.0000
400.770,-96.996,-22.032,0.317,0.009,0.766,10.741,1.000,0.000,0.0000
400.780,-96.996,-21.920,0.317,0.009,0.766,10.741,1.000,0.000,0.0000
400.790,-96.996,-21.809,0.317,0.009,0.766,10.741,1.000,0.000,0.0000
400.800,-96.995,-21.698,0.317,0.009,0.766,10.741,1.000,0.000,0.0000
400.810,-96.995,-21.587,0.317,0.009,0.766,10.741,1.000,0.000,0.0000
400.820,-96.995,-21.476,0.317,0.009,0.766,10.741,1.000,0.000,0.0000
400.830,-96.995,-21.365,0.317,0.009,0.766,10.741,1.000,0.000,0.0000
400.840,-96.995,-21.254,0.317,0.009,0.766,10.741,1.000,0.000,0.0000
400.850,-96.995,-21.143,0.317,0.009,0.766,10.741,1.000,0.000,0.0000
400.860,-96.995,-21.032,0.317,0.009,0.765,10.741,1.000,0.000,0.0000
400.870,-96.995,-20.921,0.317,0.009,0.765,10.741,1.000,0.000,0.0000
400.880,-96.995,-20.809,0.317,0.009,0.765,10.741,1.000,0.000,0.0000
400.890,-96.995,-20.698,0.317,0.009,0.765,10.741,1.000,0.000,0.0000
400.900,-96.995,-20.587,0.317,0.009,0.765,10.741,1.000,0.000,0.0000
400.910,-96.994,-20.476,0.317,0.009,0.765,10.741,1.000,0.000,0.0000
400.920,-96.994,-20.365,0.317,0.009,0.765,10.741,1.000,0.000,0.0000
400.930,-96.994,-20.254,0.317,0.009,0.765,10.741,1.000,0.000,0.0000
400.940,-96.994,-20.143,0.317,0.009,0.765,10.741,1.000,0.000,0.0000
400.950,-96.994,-20.032,0.317,0.009,0.765,10.741,1.000,0.000,0.0000
400.960,-96.994,-19.921,0.317,0.009,0.765,10.741,1.000,0.000,0.0000
400.970,-96.994,-19.810,0.317,0.009,0.764,10.741,1.000,0.000,0.0000
400.980,-96.994,-19.698,0.317,0.009,0.764,10.741,1.000,0.000,0.0000
400.990,-96.994,-19.587,0.317,0.009,0.764,10.741,1.000,0.000,0.0000
401.000,-96.994,-19.476,0.317,0.009,0.764,10.741,1.000,0.000,0.0000
401.010,-96.994,-19.365,0.317,0.009,0.764,10.741,1.000,0.000,0.0000
401.020,-96.994,-19.254,0.317,0.009,0.764,10.741,1.000,0.000,0.0000
401.030,-96.993,-19.143,0.317,0.009,0.764,10.741,1.000,0.000,0.0000
401.040,-96.993,-19.032,0.317,0.009,0.764,10.741,1.000,0.000,0.0000
401.050,-96.993,-18.921,0.317,0.009,0.764,10.741,1.000,0.000,0.0000
401.060,-96.993,-18.810,0.317,0.009,0.764,10.741,1.000,0.000,0.0000
401.070,-96.993,-18.699,0.317,0.009,0.764,10.741,1.000,0.000,0.0000
401.080,-96.993,-18.587,0.317,0.009,0.763,10.741,1.000,0.000,0.0000
401.090,-96.993,-18.476,0.317,0.009,0.763,10.741,1.000,0.000,0.0000
401.100,-96.993,-18.365,0.317,0.009,0.763,10.741,1.000,0.000,0.0000
401.110,-96.993,-18.254,0.317,0.009,0.763,10.741,1.000,0.000,0.0000
401.120,-96.993,-18.143,0.317,0.009,0.763,10.741,1.000,0.000,0.0000
401.130,-96.993,-18.032,0.317,0.009,0.763,10.741,1.000,0.000,0.0000
401.140,-96.992,-17.921,0.317,0.009,0.763,10.741,1.000,0.000,0.0000
401.150,-96.992,-17.810,0.317,0.009,0.763,10.741,1.000,0.000,0.0000
401.160,-96.992,-17.699,0.317,0.009,0.763,10.741,1.000,0.000,0.0000
401.170,-96.992,-17.588,0.317,0.009,0.763,10.741,1.000,0.000,0.0000
401.180,-96.992,-17.476,0.317,0.009,0.763,10.741,1.000,0.000,0.0000
401.190,-96.992,-17.365,0.317,0.009,0.762,10.741,1.000,0.000,0.0000
401.200,-96.992,-17.254,0.317,0.009,0.762,10.741,1.000,0.000,0.0000
401.210,-96.992,-17.143,0.317,0.009,0.762,10.741,1.000,0.000,0.0000
401.220,-96.992,-17.032,0.317,0.009,0.762,10.741,1.000,0.000,0.0000
401.230,-96.992,-16.921,0.317,0.009,0.762,10.741,1.000,0.000,0.0000
401.240,-96.992,-16.810,0.317,0.009,0.762,10.741,1.000,0.000,0.0000
401.250,-96.991,-16.699,0.317,0.009,0.762,10.741,1.000,0.000,0.0000
401.260,-96.991,-16.588,0.317,0.009,0.762,10.741,1.000,0.000,0.0000
401.270,-96.991,-16.477,0.317,0.009,0.762,10.741,1.000,0.000,0.0000
401.280,-96.991,-16.366,0.317,0.009,0.762,10.741,1.000,0.000,0.0000
401.290,-96.991,-16.254,0.317,0.009,0.762,10.741,1.000,0.000,0.0000
401.300,-96.991,-16.143,0.317,0.009,0.762,10.741,1.000,0.000,0.0000
401.310,-96.991,-16.032,0.317,0.009,0.761,10.741,1.000,0.000,0.0000
401.320,-96.991,-15.921,0.317,0.009,0.761,10.741,1.000,0.000,0.0000
401.330,-96.991,-15.810,0.317,0.009,0.761,10.741,1.000,0.000,0.0000
401.340,-96.991,-15.699,0.317,0.009,0.761,10.741,1.000,0.000,0.0000
401.350,-96.991,-15.588,0.317,0.009,0.761,10.741,1.000,0.000,0.0000
401.360,-96.991,-15.477,0.317,0.009,0.761,10.741,1.000,0.000,0.0000
401.370,-96.990,-15.366,0.317,0.009,0.761,10.741,1.000,0.000,0.0000
401.380,-96.990,-15.255,0.317,0.009,0.761,10.741,1.000,0.000,0.0000
401.390,-96.990,-15.143,0.317,0.009,0.761,10.741,1.000,0.000,0.0000
401.400,-96.990,-15.032,0.317,0.009,0.761,10.741,1.000,0.000,0.0000
401.410,-96.990,-14.921,0.317,0.009,0.761,10.741,1.000,0.000,0.0000
401.420,-96.990,-14.810,0.317,0.009,0.760,10.741,1.000,0.000,0.0000
401.430,-96.990,-14.699,0.317,0.009,0.760,10.741,1.000,0.000,0.0000
401.440,-96.990,-14.588,0.317,0.009,0.760,10.741,1.000,0.000,0.0000
401.450,-96.990,-14.477,0.317,0.009,0.760,10.741,1.000,0.000,0.0000
401.460,-96.990,-14.366,0.317,0.009,0.760,10.741,1.000,0.000,0.0000
401.470,-96.990,-14.255,0.317,0.009,0.760,10.741,1.000,0.000,0.0000
401.480,-96.989,-14.144,0.317,0.009,0.760,10.741,1.000,0.000,0.0000
401.490,-96.989,-14.032,0.317,0.009,0.760,10.741,1.000,0.000,0.0000
401.500,-96.989,-13.921,0.317,0.009,0.760,10.741,1.000,0.000,0.0000
401.510,-96.989,-13.810,0.317,0.009,0.760,10.741,1.000,0.000,0.0000
401.520,-96.989,-13.699,0.317,0.009,0.760,10.741,1.000,0.000,0.0000
401.530,-96.989,-13.588,0.317,0.009,0.759,10.741,1.000,0.000,0.0000
401.540,-96.989,-13.477,0.317,0.009,0.759,10.741,1.000,0.000,0.0000
401.550,-96.989,-13.366,0.317,0.009,0.759,10.741,1.000,0.000,0.0000
401.560,-96.989,-13.255,0.317,0.009,0.759,10.741,1.000,0.000,0.0000
401.570,-96.989,-13.144,0.317,0.009,0.759,10.741,1.000,0.000,0.0000
401.580,-96.989,-13.033,0.317,0.009,0.759,10.741,1.000,0.000,0.0000
401.590,-96.988,-12.921,0.317,0.009,0.759,10.741,1.000,0.000,0.0000
401.600,-96.988,-12.810,0.317,0.009,0.759,10.741,1.000,0.000,0.0000
401.610,-96.988,-12.699,0.317,0.009,0.759,10.741,1.000,0.000,0.0000
401.620,-96.988,-12.588,0.317,0.009,0.759,10.741,1.000,0.000,0.0000
401.630,-96.988,-12.477,0.317,0.009,0.759,10.741,1.000,0.000,0.0000
401.640,-96.988,-12.366,0.317,0.009,0.759,10.741,1.000,0.000,0.0000
401.650,-96.988,-12.255,0.317,0.009,0.758,10.741,1.000,0.000,0.0000
401.660,-96.988,-12.144,0.317,0.009,0.758,10.741,1.000,0.000,0.0000
401.670,-96.988,-12.033,0.317,0.009,0.758,10.741,1.000,0.000,0.0000
401.680,-96.988,-11.922,0.317,0.009,0.758,10.741,1.000,0.000,0.0000
401.690,-96.988,-11.810,0.317,0.009,0.758,10.741,1.000,0.000,0.0000
401.700,-96.987,-11.699,0.317,0.009,0.758,10.741,1.000,0.000,0.0000
401.710,-96.987,-11.588,0.317,0.009,0.758,10.741,1.000,0.000,0.0000
401.720,-96.987,-11.477,0.317,0.009,0.758,10.741,1.000,0.000,0.0000
401.730,-96.987,-11.366,0.317,0.009,0.758,10.741,1.000,0.000,0.0000
401.740,-96.987,-11.255,0.317,0.009,0.758,10.741,1.000,0.000,0.0000
401.750,-96.987,-11.144,0.317,0.009,0.758,10.741,1.000,0.000,0.0000
401.760,-96.987,-11.033,0.317,0.009,0.757,10.741,1.000,0.000,0.0000
401.770,-96.987,-10.922,0.317,0.009,0.757,10.741,1.000,0.000,0.0000
401.780,-96.987,-10.811,0.317,0.009,0.757,10.741,1.000,0.000,0.0000
401.790,-96.987,-10.699,0.317,0.009,0.757,10.740,1.000,0.000,0.0000
401.800,-96.987,-10.588,0.317,0.009,0.757,10.740,1.000,0.000,0.0000
401.810,-96.987,-10.477,0.317,0.009,0.757,10.740,1.000,0.000,0.0000
401.820,-96.986,-10.366,0.317,0.009,0.757,10.740,1.000,0.000,0.0000
401.830,-96.986,-10.255,0.317,0.009,0.757,10.740,1.000,0.000,0.0000
401.840,-96.986,-10.144,0.317,0.009,0.757,10.740,1.000,0.000,0.0000
401.850,-96.986,-10.033,0.317,0.009,0.757,10.740,0.940,0.000,0.0000
401.860,-96.986,-9.922,0.317,0.010,0.757,10.740,0.880,0.000,0.0000
401.870,-96.986,-9.811,0.317,0.014,0.756,10.740,0.820,0.000,0.0000
401.880,-96.986,-9.701,0.317,0.020,0.756,10.740,0.760,0.000,0.0000
401.890,-96.986,-9.591,0.318,0.028,0.756,10.740,0.700,0.000,0.0000
401.900,-96.986,-9.481,0.318,0.036,0.756,10.739,0.640,0.000,0.0000
401.910,-96.986,-9.372,0.318,0.042,0.756,10.739,0.580,0.000,0.0000
401.920,-96.986,-9.264,0.319,0.048,0.756,10.739,0.520,0.000,0.0000
401.930,-96.985,-9.155,0.319,0.052,0.756,10.738,0.460,0.000,0.0000
401.940,-96.985,-9.047,0.320,0.055,0.756,10.738,0.400,0.000,0.0000
401.950,-96.985,-8.940,0.320,0.057,0.756,10.737,0.340,0.000,0.0000
401.960,-96.985,-8.833,0.321,0.058,0.756,10.736,0.280,0.000,0.0000
401.970,-96.985,-8.726,0.321,0.058,0.756,10.736,0.220,0.000,0.0000
401.980,-96.985,-8.620,0.322,0.057,0.756,10.735,0.160,0.000,0.0000
401.990,-96.985,-8.514,0.323,0.055,0.756,10.735,0.100,0.000,0.0000
402.000,-96.985,-8.408,0.323,0.053,0.756,10.734,0.040,0.000,0.0000
402.010,-96.985,-8.303,0.324,0.050,0.756,10.734,0.000,0.000,0.0000
402.020,-96.985,-8.198,0.324,0.047,0.755,10.733,0.000,0.000,0.0000
402.030,-96.985,-8.094,0.325,0.044,0.755,10.733,0.000,0.000,0.0000
402.040,-96.985,-7.990,0.325,0.040,0.755,10.732,0.000,0.000,0.0000
402.050,-96.984,-7.886,0.325,0.036,0.755,10.732,0.000,0.000,0.0000
402.060,-96.984,-7.783,0.326,0.031,0.755,10.732,0.000,0.000,0.0000
402.070,-96.984,-7.681,0.326,0.027,0.755,10.731,0.000,0.000,0.0000
402.080,-96.984,-7.578,0.326,0.022,0.755,10.731,0.000,0.000,0.0000
402.090,-96.984,-7.476,0.326,0.018,0.755,10.731,0.000,0.000,0.0000
402.100,-96.984,-7.375,0.326,0.014,0.755,10.731,0.000,0.000,0.0000
402.110,-96.984,-7.274,0.326,0.011,0.755,10.731,0.000,0.000,0.0000
402.120,-96.984,-7.173,0.326,0.009,0.755,10.731,0.000,0.000,0.0000
402.130,-96.984,-7.073,0.326,0.008,0.755,10.731,0.000,0.000,0.0000
402.140,-96.984,-6.973,0.326,0.009,0.755,10.731,0.000,0.000,0.0000
402.150,-96.984,-6.874,0.326,0.011,0.755,10.731,0.000,0.000,0.0000
402.160,-96.984,-6.775,0.326,0.013,0.754,10.731,0.000,0.000,0.0000
402.170,-96.983,-6.676,0.326,0.015,0.754,10.731,0.000,0.000,0.0000
402.180,-96.983,-6.578,0.326,0.017,0.754,10.731,0.000,0.000,0.0000
402.190,-96.983,-6.480,0.326,0.019,0.754,10.731,0.000,0.000,0.0000
402.200,-96.983,-6.383,0.326,0.020,0.754,10.732,0.000,0.000,0.0000
402.210,-96.983,-6.285,0.325,0.021,0.754,10.732,0.000,0.000,0.0000
402.220,-96.983,-6.189,0.325,0.022,0.754,10.732,0.000,0.000,0.0000
402.230,-96.983,-6.093,0.325,0.022,0.754,10.732,0.000,0.000,0.0000
402.240,-96.983,-5.997,0.325,0.022,0.754,10.732,0.000,0.000,0.0000
402.250,-96.983,-5.901,0.324,0.022,0.754,10.733,0.000,0.000,0.0000
402.260,-96.983,-5.806,0.324,0.022,0.754,10.733,0.000,0.000,0.0000
402.270,-96.983,-5.712,0.324,0.021,0.753,10.733,0.000,0.000,0.0000
402.280,-96.983,-5.617,0.324,0.020,0.753,10.733,0.000,0.000,0.0000
402.290,-96.983,-5.523,0.324,0.019,0.753,10.733,0.000,0.000,0.0000
402.300,-96.982,-5.430,0.324,0.017,0.753,10.733,0.000,0.000,0.0000
402.310,-96.982,-5.337,0.323,0.016,0.753,10.734,0.000,0.000,0.0000
402.320,-96.982,-5.244,0.323,0.015,0.753,10.734,0.000,0.000,0.0000
402.330,-96.982,-5.152,0.323,0.013,0.753,10.734,0.000,0.000,0.0000
402.340,-96.982,-5.060,0.323,0.012,0.753,10.734,0.000,0.000,0.0000
402.350,-96.982,-4.968,0.323,0.010,0.753,10.734,0.000,0.000,0.0000
402.360,-96.982,-4.877,0.323,0.009,0.753,10.734,0.000,0.000,0.0000
402.370,-96.982,-4.786,0.323,0.008,0.753,10.734,0.000,0.000,0.0000
402.380,-96.982,-4.696,0.323,0.008,0.753,10.734,0.000,0.000,0.0000
402.390,-96.982,-4.606,0.323,0.007,0.753,10.734,0.000,0.000,0.0000
402.400,-96.982,-4.517,0.323,0.007,0.752,10.734,0.000,0.000,0.0000
402.410,-96.982,-4.427,0.323,0.007,0.752,10.734,0.000,0.000,0.0000
402.420,-96.982,-4.339,0.323,0.008,0.752,10.734,0.000,0.000,0.0000
402.430,-96.982,-4.250,0.323,0.008,0.752,10.734,0.000,0.000,0.0000
402.440,-96.981,-4.162,0.323,0.009,0.752,10.734,0.000,0.000,0.0000
402.450,-96.981,-4.075,0.323,0.009,0.752,10.734,0.000,0.000,0.0000
402.460,-96.981,-3.988,0.323,0.010,0.752,10.734,0.000,0.000,0.0000
402.470,-96.981,-3.901,0.323,0.010,0.752,10.734,0.000,0.000,0.0000
402.480,-96.981,-3.814,0.323,0.010,0.752,10.734,0.000,0.000,0.0000
402.490,-96.981,-3.728,0.323,0.010,0.752,10.734,0.000,0.000,0.0000
402.500,-96.981,-3.643,0.323,0.010,0.752,10.733,0.000,0.000,0.0000
402.510,-96.981,-3.558,0.324,0.010,0.752,10.733,0.000,0.000,0.0000
402.520,-96.981,-3.473,0.324,0.010,0.752,10.733,0.000,0.000,0.0000
402.530,-96.981,-3.388,0.324,0.010,0.752,10.733,0.000,0.000,0.0000
402.540,-96.981,-3.304,0.324,0.010,0.752,10.733,0.000,0.000,0.0000
402.550,-96.981,-3.221,0.324,0.009,0.751,10.733,0.000,0.000,0.0000
402.560,-96.981,-3.138,0.324,0.009,0.751,10.733,0.000,0.000,0.0000
402.570,-96.981,-3.055,0.324,0.009,0.751,10.733,0.040,0.000,0.0000
402.580,-96.981,-2.972,0.324,0.008,0.751,10.733,0.080,0.000,0.0000
402.590,-96.980,-2.890,0.324,0.008,0.751,10.733,0.120,0.000,0.0000
402.600,-96.980,-2.809,0.324,0.008,0.751,10.733,0.160,0.000,0.0000
402.610,-96.980,-2.728,0.324,0.007,0.751,10.733,0.200,0.000,0.0000
402.620,-96.980,-2.647,0.324,0.007,0.751,10.733,0.240,0.000,0.0000
402.630,-96.980,-2.566,0.324,0.007,0.751,10.733,0.280,0.000,0.0000
402.640,-96.980,-2.486,0.324,0.007,0.751,10.733,0.320,0.000,0.0000
402.650,-96.980,-2.407,0.324,0.006,0.751,10.733,0.360,0.000,0.0000
402.660,-96.980,-2.327,0.324,0.006,0.751,10.733,0.400,0.000,0.0000
402.670,-96.980,-2.249,0.324,0.006,0.751,10.733,0.440,0.000,0.0000
402.680,-96.980,-2.170,0.324,0.006,0.751,10.733,0.480,0.000,0.0000
402.690,-96.980,-2.092,0.324,0.006,0.751,10.733,0.520,0.000,0.0000
402.700,-96.980,-2.014,0.324,0.006,0.751,10.733,0.560,0.000,0.0000
402.710,-96.980,-1.937,0.324,0.006,0.750,10.733,0.600,0.000,0.0000
402.720,-96.980,-1.860,0.324,0.007,0.750,10.733,0.640,0.000,0.0000
402.730,-96.980,-1.784,0.324,0.007,0.750,10.733,0.680,0.000,0.0000
402.740,-96.980,-1.708,0.324,0.007,0.750,10.733,0.720,0.000,0.0000
402.750,-96.979,-1.632,0.324,0.012,0.750,10.733,0.760,0.000,0.0000
402.760,-96.979,-1.556,0.324,0.025,0.750,10.733,0.800,0.000,0.0000
402.770,-96.979,-1.479,0.323,0.041,0.750,10.733,0.840,0.000,0.0000
402.780,-96.979,-1.403,0.323,0.058,0.750,10.734,0.880,0.000,0.0000
402.790,-96.979,-1.326,0.322,0.073,0.750,10.735,0.920,0.000,0.0000
402.800,-96.979,-1.248,0.321,0.087,0.750,10.736,0.960,0.000,0.0000
402.810,-96.979,-1.170,0.320,0.098,0.750,10.737,1.000,0.000,0.0000
402.820,-96.979,-1.091,0.319,0.106,0.750,10.738,1.000,0.000,0.0000
402.830,-96.979,-1.013,0.318,0.112,0.749,10.739,1.000,0.000,0.0000
402.840,-96.979,-0.933,0.317,0.115,0.749,10.740,1.000,0.000,0.0000
402.850,-96.979,-0.854,0.316,0.116,0.749,10.741,1.000,0.000,0.0000
402.860,-96.979,-0.774,0.315,0.116,0.749,10.742,1.000,0.000,0.0000
402.870,-96.979,-0.693,0.313,0.114,0.749,10.743,1.000,0.000,0.0000
402.880,-96.979,-0.613,0.312,0.110,0.749,10.744,1.000,0.000,0.0000
402.890,-96.979,-0.531,0.311,0.105,0.749,10.745,1.000,0.000,0.0000
402.900,-96.979,-0.450,0.310,0.099,0.749,10.746,1.000,0.000,0.0000
402.910,-96.978,-0.368,0.309,0.092,0.749,10.747,1.000,0.000,0.0000
402.920,-96.978,-0.285,0.308,0.084,0.749,10.748,1.000,0.000,0.0000
402.930,-96.978,-0.202,0.308,0.075,0.749,10.749,1.000,0.000,0.0000
402.940,-96.978,-0.119,0.307,0.066,0.748,10.750,1.000,0.000,0.0000
402.950,-96.978,-0.035,0.307,0.057,0.748,10.750,1.000,0.000,0.0000
402.960,-96.978,0.049,0.306,0.048,0.748,10.751,1.000,0.000,0.0000
402.970,-96.978,0.133,0.306,0.038,0.748,10.751,1.000,0.000,0.0000
402.980,-96.978,0.218,0.305,0.029,0.748,10.751,1.000,0.000,0.0000
402.990,-96.978,0.304,0.305,0.020,0.748,10.751,1.000,0.000,0.0000
403.000,-96.978,0.390,0.305,0.012,0.748,10.751,1.000,0.000,0.0000
403.010,-96.978,0.476,0.305,0.007,0.748,10.751,1.000,0.000,0.0000
403.020,-96.978,0.563,0.305,0.009,0.748,10.751,1.000,0.000,0.0000
403.030,-96.978,0.650,0.305,0.015,0.748,10.751,1.000,0.000,0.0000
403.040,-96.978,0.737,0.305,0.021,0.748,10.751,1.000,0.000,0.0000
403.050,-96.978,0.825,0.306,0.026,0.748,10.751,1.000,0.000,0.0000
403.060,-96.977,0.913,0.306,0.031,0.748,10.751,1.000,0.000,0.0000
403.070,-96.977,1.002,0.306,0.035,0.748,10.750,1.000,0.000,0.0000
403.080,-96.977,1.091,0.307,0.038,0.747,10.750,1.000,0.000,0.0000
403.090,-96.977,1.180,0.307,0.041,0.747,10.749,1.000,0.000,0.0000
403.100,-96.977,1.270,0.308,0.042,0.747,10.749,1.000,0.000,0.0000
403.110,-96.977,1.361,0.308,0.043,0.747,10.749,1.000,0.000,0.0000
403.120,-96.977,1.451,0.308,0.044,0.747,10.748,1.000,0.000,0.0000
403.130,-96.977,1.542,0.309,0.043,0.747,10.748,1.000,0.000,0.0000
403.140,-96.977,1.634,0.309,0.042,0.747,10.747,1.000,0.000,0.0000
403.150,-96.977,1.726,0.310,0.041,0.747,10.747,1.000,0.000,0.0000
403.160,-96.977,1.818,0.310,0.039,0.747,10.746,1.000,0.000,0.0000
403.170,-96.977,1.911,0.310,0.036,0.747,10.746,1.000,0.000,0.0000
403.180,-96.977,2.004,0.311,0.034,0.747,10.746,1.000,0.000,0.0000
403.190,-96.976,2.097,0.311,0.031,0.747,10.745,1.000,0.000,0.0000
403.200,-96.976,2.191,0.311,0.027,0.747,10.745,1.000,0.000,0.0000
403.210,-96.976,2.285,0.311,0.024,0.747,10.745,0.940,0.000,0.0000
403.220,-96.976,2.380,0.312,0.021,0.747,10.745,0.880,0.000,0.0000
403.230,-96.976,2.475,0.312,0.018,0.747,10.745,0.820,0.000,0.0000
403.240,-96.976,2.570,0.312,0.021,0.746,10.744,0.760,0.000,0.0000
403.250,-96.976,2.665,0.312,0.030,0.746,10.744,0.700,0.000,0.0000
403.260,-96.976,2.759,0.313,0.042,0.746,10.744,0.640,0.000,0.0000
403.270,-96.976,2.854,0.313,0.056,0.746,10.743,0.580,0.000,0.0000
403.280,-96.976,2.947,0.314,0.068,0.746,10.742,0.520,0.000,0.0000
403.290,-96.976,3.041,0.315,0.078,0.746,10.742,0.460,0.000,0.0000
403.300,-96.976,3.134,0.316,0.087,0.746,10.741,0.400,0.000,0.0000
403.310,-96.976,3.226,0.317,0.093,0.746,10.740,0.340,0.000,0.0000
403.320,-96.976,3.318,0.318,0.097,0.746,10.739,0.280,0.000,0.0000
403.330,-96.975,3.410,0.319,0.099,0.746,10.738,0.220,0.000,0.0080
403.340,-96.975,3.502,0.319,0.099,0.746,10.737,0.160,0.000,0.0160
403.350,-96.975,3.593,0.320,0.098,0.746,10.736,0.100,0.000,0.0240
403.360,-96.975,3.683,0.321,0.096,0.746,10.735,0.040,0.000,0.0320
403.370,-96.975,3.773,0.322,0.093,0.746,10.734,0.000,0.000,0.0400
403.380,-96.975,3.863,0.323,0.089,0.746,10.733,0.000,0.000,0.0480
403.390,-96.975,3.952,0.324,0.084,0.746,10.732,0.000,0.000,0.0560
403.400,-96.975,4.041,0.325,0.078,0.745,10.732,0.000,0.000,0.0640
403.410,-96.974,4.130,0.326,0.073,0.745,10.731,0.000,0.000,0.0720
403.420,-96.974,4.218,0.326,0.067,0.745,10.730,0.000,0.000,0.0800
403.430,-96.974,4.306,0.327,0.063,0.745,10.730,0.000,0.000,0.0880
403.440,-96.974,4.393,0.327,0.061,0.744,10.729,0.000,0.000,0.0960
403.450,-96.973,4.480,0.328,0.060,0.744,10.729,0.000,0.000,0.1040
403.460,-96.972,4.566,0.328,0.063,0.743,10.728,0.000,0.000,0.1120
403.470,-96.972,4.652,0.328,0.069,0.743,10.728,0.000,0.000,0.1200
403.480,-96.971,4.737,0.328,0.078,0.742,10.728,0.000,0.000,0.1280
403.490,-96.970,4.823,0.328,0.089,0.741,10.728,0.000,0.000,0.1360
403.500,-96.969,4.907,0.328,0.102,0.740,10.727,0.000,0.000,0.1440
403.510,-96.968,4.991,0.328,0.117,0.739,10.727,0.000,0.000,0.1520
403.520,-96.967,5.075,0.328,0.133,0.738,10.727,0.000,0.000,0.1600
403.530,-96.965,5.158,0.328,0.150,0.736,10.727,0.000,0.000,0.1680
403.540,-96.964,5.241,0.328,0.167,0.735,10.727,0.000,0.000,0.1760
403.550,-96.962,5.324,0.328,0.186,0.733,10.727,0.000,0.000,0.1840
403.560,-96.960,5.406,0.327,0.206,0.731,10.728,0.000,0.000,0.1920
403.570,-96.957,5.488,0.327,0.227,0.728,10.728,0.000,0.000,0.2000
403.580,-96.955,5.569,0.327,0.249,0.726,10.728,0.000,0.000,0.2080
403.590,-96.952,5.650,0.327,0.272,0.723,10.728,0.000,0.000,0.2160
403.600,-96.949,5.730,0.326,0.297,0.720,10.728,0.000,0.000,0.2240
403.610,-96.946,5.809,0.326,0.324,0.717,10.728,0.000,0.000,0.2320
403.620,-96.943,5.888,0.326,0.353,0.713,10.728,0.000,0.000,0.2400
403.630,-96.939,5.967,0.326,0.383,0.710,10.728,0.000,0.000,0.2480
403.640,-96.935,6.044,0.326,0.399,0.706,10.727,0.000,0.000,0.2180
403.650,-96.930,6.121,0.325,0.446,0.701,10.727,0.000,0.000,0.1880
403.660,-96.926,6.198,0.325,0.470,0.696,10.727,0.000,0.000,0.1580
403.670,-96.920,6.274,0.325,0.518,0.691,10.726,0.000,0.000,0.1280
403.680,-96.915,6.350,0.325,0.555,0.686,10.726,0.000,0.000,0.0980
403.690,-96.909,6.425,0.325,0.585,0.680,10.726,0.000,0.000,0.0680
403.700,-96.903,6.501,0.325,0.609,0.674,10.725,0.000,0.000,0.0380
403.710,-96.897,6.576,0.325,0.630,0.667,10.725,0.000,0.000,0.0080
403.720,-96.890,6.650,0.324,0.648,0.661,10.725,0.000,0.000,0.0000
403.730,-96.883,6.724,0.324,0.669,0.654,10.724,0.000,0.000,0.0000
403.740,-96.877,6.798,0.324,0.685,0.647,10.724,0.000,0.000,0.0000
403.750,-96.870,6.871,0.324,0.701,0.640,10.724,0.000,0.000,0.0000
403.760,-96.862,6.944,0.324,0.716,0.633,10.723,0.000,0.000,0.0000
403.770,-96.855,7.017,0.323,0.731,0.626,10.723,0.000,0.000,0.0000
403.780,-96.848,7.090,0.323,0.744,0.619,10.723,0.000,0.000,0.0000
403.790,-96.840,7.163,0.323,0.754,0.611,10.722,0.000,0.000,0.0000
403.800,-96.833,7.235,0.322,0.760,0.603,10.722,0.000,0.000,0.0000
403.810,-96.825,7.307,0.322,0.764,0.596,10.722,0.000,0.000,0.0000
403.820,-96.817,7.379,0.322,0.766,0.588,10.721,0.000,0.000,0.0000
403.830,-96.810,7.450,0.322,0.768,0.580,10.721,0.000,0.000,0.0000
403.840,-96.802,7.522,0.321,0.768,0.573,10.721,0.000,0.000,0.0000
403.850,-96.794,7.592,0.321,0.768,0.565,10.720,0.000,0.000,0.0000
403.860,-96.787,7.663,0.321,0.768,0.557,10.720,0.000,0.000,0.0000
403.870,-96.779,7.733,0.321,0.769,0.550,10.719,0.000,0.000,0.0000
403.880,-96.771,7.803,0.321,0.768,0.542,10.719,0.000,0.000,0.0000
403.890,-96.764,7.872,0.321,0.764,0.534,10.718,0.000,0.000,0.0000
403.900,-96.756,7.941,0.321,0.759,0.527,10.718,0.000,0.000,0.0000
403.910,-96.748,8.010,0.321,0.754,0.519,10.717,0.000,0.000,0.0000
403.920,-96.741,8.078,0.321,0.749,0.512,10.717,0.000,0.000,0.0000
403.930,-96.734,8.145,0.321,0.744,0.504,10.716,0.000,0.000,0.0000
403.940,-96.726,8.212,0.322,0.739,0.497,10.715,0.000,0.000,0.0000
403.950,-96.719,8.279,0.322,0.733,0.490,10.714,0.000,0.000,0.0000
403.960,-96.712,8.345,0.322,0.726,0.483,10.713,0.000,0.000,0.0000
403.970,-96.704,8.411,0.322,0.719,0.475,10.713,0.000,0.000,0.0000
403.980,-96.697,8.476,0.323,0.713,0.468,10.712,0.000,0.000,0.0000
403.990,-96.690,8.541,0.323,0.706,0.461,10.711,0.000,0.000,0.0000
404.000,-96.683,8.606,0.323,0.700,0.454,10.710,0.000,0.000,0.0000
404.010,-96.676,8.670,0.324,0.694,0.448,10.710,0.000,0.000,0.0000
404.020,-96.669,8.734,0.324,0.688,0.441,10.709,0.000,0.000,0.0000
404.030,-96.663,8.797,0.324,0.682,0.434,10.708,0.000,0.000,0.0000
404.040,-96.656,8.860,0.324,0.678,0.427,10.708,0.000,0.000,0.0000
404.050,-96.649,8.923,0.324,0.674,0.420,10.707,0.000,0.000,0.0000
404.060,-96.642,8.985,0.325,0.671,0.414,10.707,0.000,0.000,0.0000
404.070,-96.636,9.047,0.325,0.667,0.407,10.706,0.000,0.000,0.0000
404.080,-96.629,9.109,0.325,0.664,0.401,10.706,0.000,0.000,0.0000
404.090,-96.622,9.170,0.325,0.661,0.394,10.705,0.000,0.000,0.0000
404.100,-96.616,9.231,0.325,0.658,0.387,10.705,0.000,0.000,0.0000
404.110,-96.609,9.291,0.325,0.656,0.381,10.704,0.000,0.000,0.0000
404.120,-96.603,9.351,0.325,0.654,0.374,10.704,0.000,0.000,0.0080
404.130,-96.596,9.410,0.325,0.654,0.368,10.704,0.000,0.000,0.0160
404.140,-96.590,9.469,0.325,0.653,0.361,10.703,0.000,0.000,0.0240
404.150,-96.583,9.528,0.325,0.653,0.355,10.703,0.000,0.000,0.0320
404.160,-96.577,9.586,0.325,0.653,0.348,10.703,0.000,0.000,0.0400
404.170,-96.570,9.644,0.325,0.653,0.342,10.702,0.000,0.000,0.0480
404.180,-96.564,9.701,0.325,0.653,0.335,10.702,0.000,0.000,0.0560
404.190,-96.557,9.758,0.325,0.653,0.329,10.702,0.000,0.000,0.0640
404.200,-96.550,9.815,0.325,0.653,0.322,10.701,0.000,0.000,0.0720
404.210,-96.544,9.871,0.325,0.651,0.316,10.701,0.000,0.000,0.0800
404.220,-96.538,9.927,0.325,0.648,0.309,10.701,0.000,0.000,0.0880
404.230,-96.531,9.982,0.325,0.646,0.303,10.701,0.000,0.000,0.0960
404.240,-96.525,10.037,0.324,0.645,0.297,10.700,0.000,0.000,0.1040
404.250,-96.518,10.091,0.324,0.644,0.290,10.700,0.000,0.000,0.1120
404.260,-96.512,10.145,0.324,0.643,0.284,10.700,0.000,0.000,0.1200
404.270,-96.505,10.198,0.324,0.643,0.277,10.700,0.000,0.000,0.1280
404.280,-96.499,10.251,0.324,0.642,0.271,10.699,0.000,0.000,0.1360
404.290,-96.492,10.303,0.324,0.641,0.265,10.699,0.000,0.000,0.1440
404.300,-96.486,10.355,0.324,0.640,0.258,10.699,0.000,0.000,0.1520
404.310,-96.480,10.407,0.324,0.640,0.252,10.698,0.000,0.000,0.1600
404.320,-96.473,10.458,0.324,0.640,0.246,10.698,0.000,0.000,0.1680
404.330,-96.467,10.509,0.324,0.640,0.239,10.698,0.000,0.000,0.1760
404.340,-96.460,10.559,0.324,0.641,0.233,10.698,0.000,0.000,0.1840
404.350,-96.454,10.609,0.324,0.656,0.227,10.697,0.000,0.000,0.1920
404.360,-96.447,10.659,0.324,0.663,0.220,10.697,0.000,0.000,0.2000
404.370,-96.441,10.708,0.324,0.667,0.213,10.697,0.000,0.000,0.2080
404.380,-96.434,10.757,0.324,0.669,0.207,10.697,0.000,0.000,0.2160
404.390,-96.427,10.806,0.324,0.670,0.200,10.697,0.000,0.000,0.2240
404.400,-96.421,10.854,0.324,0.671,0.193,10.697,0.000,0.000,0.2320
404.410,-96.414,10.902,0.324,0.672,0.187,10.696,0.000,0.000,0.2400
404.420,-96.407,10.950,0.323,0.675,0.180,10.696,0.000,0.000,0.2480
404.430,-96.400,10.997,0.323,0.679,0.174,10.696,0.000,0.000,0.2560
404.440,-96.393,11.044,0.323,0.683,0.167,10.696,0.000,0.000,0.2640
404.450,-96.387,11.090,0.323,0.689,0.160,10.696,0.000,0.000,0.2720
404.460,-96.380,11.137,0.323,0.696,0.153,10.696,0.000,0.000,0.2800
404.470,-96.373,11.182,0.323,0.704,0.146,10.695,0.000,0.000,0.2880
404.480,-96.365,11.228,0.323,0.713,0.139,10.695,0.000,0.000,0.2960
404.490,-96.358,11.273,0.323,0.721,0.132,10.695,0.000,0.000,0.3040
404.500,-96.351,11.318,0.323,0.730,0.125,10.695,0.000,0.000,0.3120
404.510,-96.344,11.362,0.323,0.738,0.118,10.695,0.000,0.000,0.3200
404.520,-96.336,11.406,0.323,0.747,0.111,10.695,0.000,0.000,0.3280
404.530,-96.328,11.449,0.323,0.757,0.104,10.694,0.000,0.000,0.3360
404.540,-96.321,11.492,0.323,0.768,0.097,10.694,0.000,0.000,0.3440
404.550,-96.313,11.535,0.323,0.779,0.089,10.694,0.000,0.000,0.3520
404.560,-96.305,11.576,0.323,0.789,0.082,10.693,0.000,0.000,0.3600
404.570,-96.297,11.618,0.323,0.797,0.075,10.693,0.000,0.000,0.3680
404.580,-96.289,11.658,0.324,0.805,0.068,10.692,0.000,0.000,0.3760
404.590,-96.281,11.698,0.324,0.812,0.061,10.692,0.000,0.000,0.3840
404.600,-96.273,11.737,0.324,0.820,0.055,10.691,0.000,0.000,0.3920
404.610,-96.265,11.776,0.325,0.828,0.049,10.691,0.000,0.000,0.4000
404.620,-96.256,11.814,0.325,0.837,0.044,10.690,0.000,0.000,0.4080
404.630,-96.248,11.852,0.325,0.839,0.040,10.689,0.000,0.000,0.4160
404.640,-96.239,11.889,0.326,0.842,0.037,10.689,0.000,0.000,0.4240
404.650,-96.231,11.925,0.326,0.844,0.036,10.688,0.000,0.000,0.4320
404.660,-96.222,11.961,0.326,0.846,0.037,10.688,0.000,0.000,0.4400
404.670,-96.214,11.996,0.327,0.848,0.040,10.687,0.000,0.000,0.4480
404.680,-96.206,12.031,0.327,0.849,0.044,10.687,0.000,0.000,0.4560
404.690,-96.197,12.065,0.327,0.850,0.050,10.686,0.000,0.000,0.4640
404.700,-96.189,12.098,0.328,0.850,0.056,10.686,0.000,0.000,0.4720
404.710,-96.180,12.131,0.328,0.850,0.063,10.686,0.000,0.000,0.4800
404.720,-96.172,12.163,0.328,0.848,0.070,10.685,0.000,0.000,0.4880
404.730,-96.163,12.194,0.328,0.846,0.077,10.685,0.000,0.000,0.4960
404.740,-96.155,12.225,0.328,0.845,0.085,10.685,0.000,0.000,0.5000
404.750,-96.146,12.256,0.329,0.843,0.092,10.684,0.000,0.000,0.5000
404.760,-96.138,12.285,0.329,0.843,0.100,10.684,0.000,0.000,0.5000
404.770,-96.129,12.315,0.328,0.843,0.108,10.684,0.000,0.000,0.5000
404.780,-96.121,12.344,0.328,0.844,0.116,10.684,0.000,0.000,0.5000
404.790,-96.112,12.373,0.328,0.846,0.124,10.684,0.000,0.000,0.5000
404.800,-96.104,12.401,0.328,0.847,0.132,10.685,0.000,0.000,0.5000
404.810,-96.096,12.429,0.328,0.848,0.140,10.685,0.000,0.000,0.5000
404.820,-96.087,12.456,0.327,0.849,0.148,10.685,0.000,0.000,0.5000
404.830,-96.079,12.483,0.327,0.850,0.156,10.685,0.000,0.000,0.5000
404.840,-96.070,12.510,0.326,0.852,0.164,10.686,0.000,0.000,0.5000
404.850,-96.062,12.536,0.326,0.852,0.172,10.686,0.040,0.000,0.5000
404.860,-96.053,12.562,0.325,0.852,0.180,10.687,0.080,0.000,0.5000
404.870,-96.045,12.588,0.325,0.851,0.189,10.687,0.120,0.000,0.5000
404.880,-96.036,12.613,0.324,0.849,0.197,10.688,0.160,0.000,0.5000
404.890,-96.028,12.638,0.324,0.847,0.205,10.688,0.200,0.000,0.5000
404.900,-96.019,12.662,0.324,0.844,0.213,10.688,0.240,0.000,0.5000
404.910,-96.011,12.687,0.323,0.841,0.222,10.689,0.280,0.000,0.5000
404.920,-96.002,12.711,0.323,0.839,0.230,10.689,0.320,0.000,0.5000
404.930,-95.994,12.734,0.322,0.849,0.238,10.690,0.360,0.000,0.5000
404.940,-95.985,12.759,0.322,0.865,0.247,10.690,0.400,0.000,0.5000
404.950,-95.976,12.783,0.321,0.886,0.255,10.691,0.440,0.000,0.5000
404.960,-95.967,12.808,0.320,0.908,0.264,10.692,0.480,0.000,0.5000
404.970,-95.958,12.833,0.319,0.929,0.273,10.693,0.520,0.000,0.5000
404.980,-95.949,12.858,0.318,0.950,0.283,10.694,0.560,0.000,0.5000
404.990,-95.939,12.883,0.317,0.972,0.292,10.695,0.500,0.000,0.5000
405.000,-95.929,12.909,0.316,0.992,0.302,10.696,0.440,0.000,0.5000
405.010,-95.919,12.935,0.315,1.012,0.312,10.697,0.380,0.000,0.5000
405.020,-95.909,12.961,0.314,1.032,0.322,10.698,0.320,0.000,0.5000
405.030,-95.898,12.988,0.314,1.049,0.332,10.699,0.260,0.000,0.4700
405.040,-95.888,13.014,0.313,1.058,0.343,10.700,0.200,0.000,0.4400
405.050,-95.877,13.040,0.312,1.061,0.353,10.701,0.140,0.000,0.4100
405.060,-95.867,13.066,0.312,1.059,0.364,10.701,0.080,0.000,0.3800
405.070,-95.856,13.092,0.312,1.056,0.375,10.701,0.020,0.000,0.3500
405.080,-95.846,13.117,0.312,1.052,0.385,10.701,0.000,0.000,0.3200
405.090,-95.835,13.142,0.312,1.049,0.396,10.701,0.000,0.000,0.2900
405.100,-95.825,13.166,0.312,1.046,0.406,10.701,0.000,0.000,0.2600
405.110,-95.814,13.190,0.313,1.044,0.416,10.701,0.000,0.000,0.2300
405.120,-95.804,13.214,0.313,1.043,0.427,10.700,0.000,0.000,0.2000
405.130,-95.793,13.237,0.314,1.040,0.437,10.700,0.000,0.000,0.1700
405.140,-95.783,13.260,0.315,1.037,0.448,10.699,0.000,0.000,0.1400
405.150,-95.773,13.283,0.316,1.033,0.458,10.698,0.000,0.000,0.1100
405.160,-95.763,13.306,0.317,1.028,0.468,10.698,0.000,0.000,0.0800
405.170,-95.752,13.328,0.318,1.023,0.478,10.697,0.000,0.000,0.0500
405.180,-95.742,13.350,0.319,1.016,0.489,10.696,0.000,0.000,0.0200
405.190,-95.732,13.372,0.320,1.007,0.499,10.696,0.000,0.000,0.0000
405.200,-95.722,13.393,0.321,0.999,0.509,10.695,0.000,0.000,0.0000
405.210,-95.712,13.414,0.321,0.994,0.519,10.695,0.000,0.000,0.0000
405.220,-95.702,13.435,0.322,0.991,0.529,10.694,0.000,0.000,0.0000
405.230,-95.693,13.456,0.323,0.987,0.538,10.694,0.000,0.000,0.0000
405.240,-95.683,13.477,0.323,0.983,0.548,10.693,0.000,0.000,0.0000
405.250,-95.673,13.498,0.324,0.977,0.558,10.693,0.000,0.000,0.0000
405.260,-95.663,13.518,0.324,0.971,0.568,10.693,0.000,0.000,0.0000
405.270,-95.654,13.538,0.324,0.963,0.577,10.693,0.000,0.000,0.0000
405.280,-95.644,13.559,0.325,0.953,0.587,10.693,0.000,0.000,0.0000
405.290,-95.635,13.579,0.325,0.942,0.596,10.693,0.000,0.000,0.0000
405.300,-95.625,13.598,0.325,0.931,0.606,10.694,0.000,0.000,0.0000
405.310,-95.616,13.618,0.325,0.918,0.615,10.694,0.000,0.000,0.0000
405.320,-95.607,13.637,0.325,0.905,0.624,10.694,0.000,0.000,0.0000
405.330,-95.598,13.656,0.325,0.892,0.633,10.695,0.000,0.000,0.0000
405.340,-95.590,13.674,0.325,0.878,0.641,10.695,0.000,0.000,0.0000
405.350,-95.581,13.692,0.325,0.863,0.650,10.696,0.000,0.000,0.0000
405.360,-95.572,13.710,0.325,0.848,0.658,10.696,0.000,0.000,0.0000
405.370,-95.564,13.728,0.324,0.834,0.667,10.696,0.000,0.000,0.0000
405.380,-95.556,13.745,0.324,0.818,0.675,10.697,0.000,0.000,0.0000
405.390,-95.548,13.762,0.324,0.803,0.683,10.697,0.000,0.000,0.0000
405.400,-95.540,13.779,0.324,0.788,0.691,10.698,0.000,0.000,0.0000
405.410,-95.532,13.795,0.324,0.772,0.699,10.698,0.000,0.000,0.0000
405.420,-95.525,13.811,0.324,0.757,0.706,10.699,0.000,0.000,0.0000
405.430,-95.517,13.827,0.324,0.738,0.713,10.699,0.040,0.000,0.0000
405.440,-95.510,13.843,0.323,0.721,0.721,10.700,0.080,0.000,0.0000
405.450,-95.503,13.858,0.323,0.704,0.728,10.700,0.120,0.000,0.0000
405.460,-95.496,13.872,0.323,0.688,0.735,10.701,0.160,0.000,0.0000
405.470,-95.489,13.887,0.323,0.684,0.741,10.701,0.200,0.000,0.0000
405.480,-95.482,13.901,0.323,0.692,0.748,10.702,0.240,0.000,0.0000
405.490,-95.475,13.916,0.322,0.706,0.755,10.702,0.280,0.000,0.0000
405.500,-95.468,13.931,0.322,0.726,0.763,10.703,0.320,0.000,0.0000
405.510,-95.461,13.947,0.321,0.747,0.770,10.704,0.360,0.000,0.0000
405.520,-95.453,13.963,0.320,0.768,0.778,10.706,0.400,0.000,0.0000
405.530,-95.445,13.979,0.319,0.787,0.785,10.707,0.440,0.000,0.0000
405.540,-95.437,13.996,0.318,0.805,0.793,10.708,0.480,0.000,0.0000
405.550,-95.429,14.013,0.317,0.821,0.801,10.710,0.520,0.000,0.0000
405.560,-95.421,14.030,0.316,0.837,0.810,10.711,0.560,0.000,0.0000
405.570,-95.412,14.047,0.315,0.853,0.818,10.713,0.600,0.000,0.0000
405.580,-95.404,14.065,0.314,0.870,0.827,10.714,0.640,0.000,0.0000
405.590,-95.395,14.083,0.313,0.892,0.835,10.716,0.680,0.000,0.0000
405.600,-95.386,14.102,0.312,0.913,0.845,10.717,0.720,0.000,0.0000
405.610,-95.377,14.121,0.311,0.932,0.854,10.719,0.760,0.000,0.0000
405.620,-95.367,14.140,0.310,0.950,0.863,10.720,0.800,0.000,0.0000
405.630,-95.357,14.160,0.310,0.968,0.873,10.722,0.840,0.000,0.0000
405.640,-95.348,14.180,0.309,0.986,0.883,10.723,0.880,0.000,0.0000
405.650,-95.338,14.201,0.308,1.003,0.893,10.724,0.920,0.000,0.0000
405.660,-95.327,14.222,0.307,1.020,0.903,10.726,0.960,0.000,0.0000
405.670,-95.317,14.243,0.307,1.038,0.913,10.727,1.000,0.000,0.0000
405.680,-95.307,14.265,0.306,1.055,0.924,10.728,1.000,0.000,0.0000
405.690,-95.296,14.287,0.306,1.073,0.934,10.729,1.000,0.000,0.0000
405.700,-95.285,14.309,0.306,1.091,0.945,10.730,1.000,0.000,0.0000
405.710,-95.274,14.332,0.305,1.109,0.956,10.731,1.000,0.000,0.0000
405.720,-95.263,14.355,0.305,1.127,0.968,10.732,1.000,0.000,0.0000
405.730,-95.251,14.379,0.305,1.145,0.979,10.733,1.000,0.000,0.0000
405.740,-95.239,14.403,0.305,1.164,0.991,10.734,1.000,0.000,0.0000
405.750,-95.228,14.427,0.305,1.182,1.003,10.734,1.000,0.000,0.0000
405.760,-95.216,14.452,0.306,1.201,1.015,10.735,1.000,0.000,0.0000
405.770,-95.203,14.477,0.306,1.219,1.027,10.736,1.000,0.000,0.0000
405.780,-95.191,14.502,0.306,1.238,1.039,10.736,1.000,0.000,0.0000
405.790,-95.178,14.528,0.306,1.256,1.052,10.737,1.000,0.000,0.0000
405.800,-95.166,14.554,0.307,1.275,1.064,10.738,1.000,0.000,0.0000
405.810,-95.153,14.581,0.307,1.293,1.077,10.738,1.000,0.000,0.0000
405.820,-95.140,14.608,0.307,1.312,1.090,10.739,1.000,0.000,0.0000
405.830,-95.126,14.635,0.308,1.330,1.104,10.740,1.000,0.000,0.0000
405.840,-95.113,14.663,0.308,1.349,1.117,10.740,1.000,0.000,0.0000
405.850,-95.099,14.691,0.309,1.367,1.131,10.741,1.000,0.000,0.0000
405.860,-95.085,14.719,0.309,1.385,1.145,10.742,1.000,0.000,0.0000
405.870,-95.071,14.748,0.309,1.403,1.159,10.743,1.000,0.000,0.0000
405.880,-95.057,14.777,0.310,1.421,1.173,10.744,1.000,0.000,0.0000
405.890,-95.043,14.806,0.310,1.439,1.187,10.745,1.000,0.000,0.0000
405.900,-95.028,14.836,0.310,1.456,1.202,10.746,1.000,0.000,0.0000
405.910,-95.014,14.866,0.311,1.474,1.217,10.747,1.000,0.000,0.0000
405.920,-94.999,14.896,0.311,1.495,1.232,10.748,1.000,0.000,0.0000
405.930,-94.983,14.927,0.311,1.512,1.247,10.749,1.000,0.000,0.0000
405.940,-94.968,14.958,0.311,1.529,1.262,10.750,1.000,0.000,0.0000
405.950,-94.953,14.990,0.312,1.544,1.277,10.751,1.000,0.000,0.0000
405.960,-94.937,15.021,0.312,1.553,1.293,10.753,1.000,0.000,0.0000
405.970,-94.922,15.053,0.312,1.564,1.309,10.754,1.000,0.000,0.0000
405.980,-94.906,15.085,0.312,1.578,1.324,10.756,1.000,0.000,0.0000
405.990,-94.890,15.118,0.312,1.595,1.340,10.757,1.000,0.000,0.0000
406.000,-94.874,15.151,0.312,1.614,1.357,10.759,1.000,0.000,0.0000
406.010,-94.857,15.185,0.312,1.635,1.373,10.761,1.000,0.000,0.0000
406.020,-94.841,15.218,0.312,1.655,1.389,10.762,1.000,0.000,0.0000
406.030,-94.824,15.253,0.312,1.674,1.406,10.764,1.000,0.000,0.0000
406.040,-94.807,15.287,0.312,1.694,1.423,10.766,1.000,0.000,0.0000
406.050,-94.790,15.322,0.312,1.714,1.440,10.768,1.000,0.000,0.0000
406.060,-94.773,15.358,0.312,1.733,1.458,10.770,1.000,0.000,0.0000
406.070,-94.755,15.393,0.312,1.753,1.475,10.773,1.000,0.000,0.0000
406.080,-94.737,15.429,0.311,1.773,1.493,10.775,1.000,0.000,0.0000
406.090,-94.719,15.466,0.311,1.793,1.511,10.777,1.000,0.000,0.0000
406.100,-94.701,15.502,0.311,1.813,1.529,10.780,1.000,0.000,0.0000
406.110,-94.683,15.540,0.311,1.832,1.547,10.782,1.000,0.000,0.0000
406.120,-94.664,15.577,0.311,1.852,1.566,10.784,1.000,0.000,0.0000
406.130,-94.646,15.615,0.310,1.872,1.584,10.787,1.000,0.000,0.0000
406.140,-94.627,15.653,0.310,1.891,1.603,10.790,1.000,0.000,0.0000
406.150,-94.608,15.692,0.310,1.911,1.622,10.792,1.000,0.000,0.0000
406.160,-94.588,15.731,0.310,1.930,1.642,10.795,1.000,0.000,0.0000
406.170,-94.569,15.770,0.310,1.949,1.661,10.798,1.000,0.000,0.0000
406.180,-94.549,15.809,0.310,1.968,1.681,10.800,1.000,0.000,0.0000
406.190,-94.529,15.849,0.310,1.986,1.701,10.803,1.000,0.000,0.0000
406.200,-94.509,15.890,0.309,2.004,1.721,10.806,1.000,0.000,0.0000
406.210,-94.489,15.930,0.309,2.018,1.741,10.809,1.000,0.000,0.0000
406.220,-94.469,15.971,0.309,2.036,1.761,10.812,1.000,0.000,0.0000
406.230,-94.448,16.012,0.309,2.055,1.782,10.814,1.000,0.000,0.0000
406.240,-94.428,16.054,0.309,2.074,1.803,10.817,1.000,0.000,0.0000
406.250,-94.407,16.096,0.309,2.092,1.823,10.820,1.000,0.000,0.0000
406.260,-94.386,16.138,0.310,2.109,1.845,10.824,1.000,0.000,0.0000
406.270,-94.364,16.180,0.310,2.130,1.866,10.827,1.000,0.000,0.0000
406.280,-94.343,16.223,0.310,2.151,1.887,10.830,1.000,0.000,0.0000
406.290,-94.321,16.266,0.310,2.172,1.909,10.833,1.000,0.000,0.0000
406.300,-94.299,16.310,0.310,2.193,1.931,10.837,1.000,0.000,0.0000
406.310,-94.277,16.354,0.310,2.213,1.953,10.840,1.000,0.000,0.0000
406.320,-94.255,16.398,0.310,2.233,1.975,10.844,1.000,0.000,0.0000
406.330,-94.232,16.443,0.310,2.252,1.998,10.847,1.000,0.000,0.0000
406.340,-94.209,16.488,0.310,2.271,2.021,10.851,1.000,0.000,0.0000
406.350,-94.186,16.534,0.310,2.290,2.044,10.855,1.000,0.000,0.0000
406.360,-94.163,16.580,0.310,2.308,2.067,10.858,1.000,0.000,0.0000
406.370,-94.140,16.626,0.310,2.326,2.090,10.862,1.000,0.000,0.0000
406.380,-94.117,16.673,0.310,2.344,2.113,10.866,1.000,0.000,0.0000
406.390,-94.093,16.720,0.310,2.361,2.137,10.871,1.000,0.000,0.0000
406.400,-94.069,16.767,0.310,2.378,2.161,10.875,1.000,0.000,0.0000
406.410,-94.045,16.815,0.310,2.395,2.185,10.879,1.000,0.000,0.0000
406.420,-94.021,16.863,0.310,2.412,2.209,10.883,1.000,0.000,0.0000
406.430,-93.997,16.911,0.310,2.429,2.233,10.888,1.000,0.000,0.0000
406.440,-93.972,16.960,0.310,2.448,2.258,10.892,1.000,0.000,0.0000
406.450,-93.948,17.009,0.310,2.463,2.282,10.897,0.940,0.000,0.0000
406.460,-93.923,17.058,0.310,2.476,2.307,10.901,0.880,0.000,0.0000
406.470,-93.898,17.108,0.310,2.491,2.332,10.906,0.820,0.000,0.0000
406.480,-93.873,17.158,0.310,2.502,2.357,10.911,0.760,0.000,0.0000
406.490,-93.848,17.208,0.310,2.516,2.382,10.916,0.700,0.000,0.0000
406.500,-93.823,17.259,0.311,2.533,2.407,10.921,0.640,0.000,0.0000
406.510,-93.797,17.310,0.311,2.552,2.433,10.926,0.580,0.000,0.0000
406.520,-93.771,17.361,0.311,2.571,2.459,10.931,0.520,0.000,0.0000
406.530,-93.746,17.413,0.311,2.590,2.485,10.936,0.460,0.000,0.0000
406.540,-93.720,17.465,0.311,2.596,2.511,10.942,0.400,0.000,0.0000
406.550,-93.694,17.517,0.311,2.593,2.536,10.947,0.340,0.000,0.0000
406.560,-93.668,17.568,0.311,2.583,2.562,10.952,0.280,0.000,0.0000
406.570,-93.642,17.620,0.312,2.571,2.588,10.957,0.220,0.000,0.0000
406.580,-93.617,17.671,0.312,2.556,2.614,10.962,0.160,0.000,0.0000
406.590,-93.591,17.721,0.313,2.541,2.639,10.967,0.100,0.000,0.0000
406.600,-93.566,17.772,0.314,2.525,2.664,10.971,0.040,0.000,0.0000
406.610,-93.541,17.821,0.315,2.509,2.689,10.976,0.000,0.000,0.0000
406.620,-93.516,17.871,0.316,2.493,2.714,10.981,0.000,0.000,0.0000
406.630,-93.491,17.920,0.317,2.477,2.739,10.985,0.000,0.000,0.0000
406.640,-93.467,17.969,0.318,2.459,2.764,10.990,0.000,0.000,0.0080
406.650,-93.442,18.017,0.319,2.443,2.788,10.995,0.000,0.000,0.0160
406.660,-93.418,18.065,0.320,2.428,2.812,10.999,0.000,0.000,0.0240
406.670,-93.394,18.112,0.321,2.413,2.836,11.004,0.000,0.000,0.0320
406.680,-93.370,18.159,0.322,2.388,2.860,11.008,0.000,0.000,0.0400
406.690,-93.346,18.206,0.323,2.365,2.884,11.013,0.000,0.000,0.0480
406.700,-93.323,18.252,0.324,2.345,2.907,11.018,0.000,0.000,0.0560
406.710,-93.300,18.297,0.325,2.327,2.931,11.022,0.000,0.000,0.0640
406.720,-93.277,18.342,0.326,2.310,2.954,11.027,0.000,0.000,0.0720
406.730,-93.254,18.387,0.327,2.293,2.977,11.032,0.000,0.000,0.0800
406.740,-93.231,18.431,0.328,2.275,2.999,11.037,0.000,0.000,0.0880
406.750,-93.208,18.475,0.328,2.258,3.022,11.042,0.000,0.000,0.0960
406.760,-93.186,18.518,0.329,2.241,3.044,11.048,0.000,0.000,0.1040
406.770,-93.164,18.561,0.329,2.224,3.067,11.053,0.000,0.000,0.1120
406.780,-93.142,18.604,0.330,2.206,3.089,11.058,0.000,0.000,0.0820
406.790,-93.120,18.646,0.330,2.195,3.111,11.064,0.000,0.000,0.0520
406.800,-93.098,18.689,0.330,2.187,3.132,11.070,0.000,0.000,0.0220
406.810,-93.076,18.731,0.329,2.183,3.154,11.075,0.000,0.000,0.0000
406.820,-93.054,18.772,0.329,2.179,3.176,11.082,0.000,0.000,0.0000
406.830,-93.033,18.814,0.329,2.171,3.198,11.088,0.000,0.000,0.0000
406.840,-93.011,18.856,0.328,2.159,3.219,11.094,0.000,0.000,0.0000
406.850,-92.990,18.897,0.328,2.143,3.241,11.100,0.000,0.000,0.0000
406.860,-92.968,18.937,0.327,2.125,3.262,11.107,0.000,0.000,0.0000
406.870,-92.947,18.977,0.327,2.101,3.283,11.113,0.000,0.000,0.0000
406.880,-92.927,19.017,0.326,2.075,3.304,11.119,0.000,0.000,0.0000
406.890,-92.906,19.056,0.326,2.050,3.324,11.125,0.000,0.000,0.0000
406.900,-92.886,19.095,0.325,2.014,3.344,11.131,0.000,0.000,0.0000
406.910,-92.866,19.133,0.325,1.984,3.364,11.137,0.000,0.000,0.0000
406.920,-92.846,19.171,0.325,1.960,3.384,11.143,0.000,0.000,0.0000
406.930,-92.827,19.208,0.325,1.939,3.403,11.149,0.000,0.000,0.0000
406.940,-92.808,19.246,0.324,1.921,3.422,11.154,0.000,0.000,0.0000
406.950,-92.789,19.282,0.324,1.903,3.441,11.160,0.000,0.000,0.0000
406.960,-92.770,19.319,0.324,1.885,3.460,11.166,0.000,0.000,0.0000
406.970,-92.751,19.355,0.323,1.868,3.479,11.171,0.000,0.000,0.0000
406.980,-92.733,19.391,0.323,1.852,3.497,11.177,0.000,0.000,0.0000
406.990,-92.714,19.426,0.323,1.840,3.516,11.183,0.000,0.000,0.0000
407.000,-92.696,19.461,0.323,1.827,3.534,11.188,0.000,0.000,0.0000
407.010,-92.678,19.496,0.323,1.814,3.552,11.194,0.000,0.000,0.0000
407.020,-92.660,19.531,0.322,1.799,3.570,11.199,0.000,0.000,0.0000
407.030,-92.642,19.565,0.322,1.784,3.588,11.205,0.000,0.000,0.0000
407.040,-92.624,19.599,0.322,1.769,3.606,11.210,0.000,0.000,0.0000
407.050,-92.607,19.633,0.322,1.754,3.623,11.216,0.000,0.000,0.0000
407.060,-92.590,19.666,0.322,1.738,3.641,11.221,0.000,0.000,0.0000
407.070,-92.572,19.699,0.322,1.722,3.658,11.226,0.000,0.000,0.0000
407.080,-92.555,19.732,0.322,1.706,3.675,11.231,0.000,0.000,0.0000
407.090,-92.538,19.764,0.322,1.690,3.692,11.237,0.000,0.000,0.0000
407.100,-92.522,19.796,0.322,1.673,3.708,11.242,0.000,0.000,0.0000
407.110,-92.505,19.828,0.322,1.657,3.725,11.247,0.000,0.000,0.0000
407.120,-92.489,19.859,0.322,1.640,3.741,11.252,0.000,0.000,0.0000
407.130,-92.472,19.890,0.322,1.623,3.758,11.257,0.000,0.000,0.0000
407.140,-92.456,19.920,0.322,1.605,3.774,11.262,0.000,0.000,0.0000
407.150,-92.441,19.950,0.322,1.588,3.790,11.267,0.000,0.000,0.0000
407.160,-92.425,19.980,0.323,1.571,3.805,11.271,0.000,0.000,0.0000
407.170,-92.409,20.009,0.323,1.554,3.821,11.276,0.000,0.000,0.0000
407.180,-92.394,20.038,0.323,1.537,3.836,11.281,0.000,0.000,0.0000
407.190,-92.379,20.067,0.323,1.520,3.851,11.286,0.000,0.000,0.0000
407.200,-92.364,20.095,0.323,1.503,3.866,11.290,0.000,0.000,0.0000
407.210,-92.349,20.123,0.324,1.485,3.881,11.295,0.000,0.000,0.0000
407.220,-92.334,20.150,0.324,1.467,3.896,11.299,0.000,0.000,0.0000
407.230,-92.320,20.177,0.324,1.441,3.910,11.304,0.000,0.000,0.0000
407.240,-92.306,20.204,0.324,1.417,3.925,11.308,0.000,0.000,0.0000
407.250,-92.292,20.230,0.324,1.394,3.939,11.313,0.000,0.000,0.0000
407.260,-92.278,20.256,0.324,1.374,3.952,11.317,0.000,0.000,0.0000
407.270,-92.264,20.281,0.325,1.354,3.966,11.321,0.000,0.000,0.0000
407.280,-92.251,20.306,0.325,1.335,3.979,11.326,0.000,0.000,0.0080
407.290,-92.238,20.331,0.325,1.316,3.992,11.330,0.000,0.000,0.0160
407.300,-92.225,20.355,0.325,1.297,4.005,11.334,0.000,0.000,0.0240
407.310,-92.212,20.379,0.325,1.277,4.018,11.338,0.000,0.000,0.0320
407.320,-92.200,20.403,0.325,1.258,4.031,11.342,0.000,0.000,0.0400
407.330,-92.187,20.426,0.325,1.238,4.043,11.347,0.000,0.000,0.0480
407.340,-92.175,20.449,0.325,1.218,4.055,11.351,0.000,0.000,0.0560
407.350,-92.163,20.471,0.325,1.198,4.067,11.355,0.000,0.000,0.0640
407.360,-92.151,20.493,0.325,1.179,4.079,11.359,0.000,0.000,0.0720
407.370,-92.140,20.515,0.325,1.160,4.091,11.363,0.000,0.000,0.0800
407.380,-92.128,20.536,0.325,1.141,4.102,11.367,0.000,0.000,0.0880
407.390,-92.117,20.557,0.325,1.122,4.113,11.370,0.000,0.000,0.0960
407.400,-92.106,20.578,0.325,1.103,4.124,11.374,0.000,0.000,0.1040
407.410,-92.095,20.598,0.325,1.083,4.135,11.378,0.000,0.000,0.1120
407.420,-92.085,20.618,0.325,1.061,4.146,11.382,0.000,0.000,0.1200
407.430,-92.074,20.637,0.325,1.040,4.156,11.385,0.000,0.000,0.1280
407.440,-92.064,20.656,0.325,1.019,4.166,11.389,0.000,0.000,0.1360
407.450,-92.054,20.675,0.325,1.000,4.176,11.393,0.000,0.000,0.1440
407.460,-92.044,20.693,0.325,0.980,4.186,11.396,0.000,0.000,0.1520
407.470,-92.035,20.711,0.325,0.961,4.196,11.399,0.000,0.000,0.1600
407.480,-92.025,20.729,0.324,0.941,4.205,11.403,0.000,0.000,0.1680
407.490,-92.016,20.746,0.324,0.922,4.214,11.406,0.000,0.000,0.1760
407.500,-92.007,20.763,0.324,0.903,4.223,11.409,0.000,0.000,0.1840
407.510,-91.998,20.779,0.324,0.884,4.232,11.412,0.000,0.000,0.1920
407.520,-91.989,20.795,0.324,0.865,4.241,11.416,0.000,0.000,0.2000
407.530,-91.981,20.811,0.324,0.846,4.249,11.419,0.000,0.000,0.2080
407.540,-91.973,20.826,0.324,0.827,4.258,11.422,0.000,0.000,0.2160
407.550,-91.965,20.841,0.324,0.808,4.266,11.425,0.000,0.000,0.2240
407.560,-91.957,20.855,0.324,0.790,4.273,11.427,0.000,0.000,0.2320
407.570,-91.949,20.870,0.324,0.771,4.281,11.430,0.000,0.000,0.2400
407.580,-91.941,20.883,0.324,0.752,4.289,11.433,0.000,0.000,0.2480
407.590,-91.934,20.897,0.324,0.733,4.296,11.435,0.000,0.000,0.2560
407.600,-91.927,20.910,0.324,0.714,4.303,11.438,0.000,0.000,0.2640
407.610,-91.920,20.922,0.324,0.695,4.310,11.441,0.000,0.000,0.2720
407.620,-91.913,20.935,0.324,0.676,4.317,11.443,0.000,0.000,0.2800
407.630,-91.907,20.947,0.324,0.657,4.323,11.445,0.000,0.000,0.2880
407.640,-91.900,20.958,0.324,0.638,4.330,11.448,0.000,0.000,0.2960
407.650,-91.894,20.969,0.324,0.619,4.336,11.450,0.000,0.000,0.3040
407.660,-91.888,20.980,0.324,0.600,4.342,11.452,0.000,0.000,0.3120
407.670,-91.882,20.990,0.324,0.581,4.348,11.454,0.000,0.000,0.3200
407.680,-91.877,21.000,0.324,0.562,4.353,11.456,0.000,0.000,0.3280
407.690,-91.871,21.010,0.324,0.543,4.359,11.458,0.000,0.000,0.3360
407.700,-91.866,21.019,0.324,0.529,4.364,11.460,0.000,0.000,0.3440
407.710,-91.861,21.029,0.324,0.514,4.369,11.462,0.000,0.000,0.3520
407.720,-91.856,21.038,0.323,0.498,4.374,11.464,0.000,0.000,0.3600
407.730,-91.851,21.046,0.323,0.482,4.379,11.466,0.000,0.000,0.3680
407.740,-91.846,21.054,0.323,0.464,4.384,11.467,0.040,0.000,0.3760
407.750,-91.842,21.062,0.323,0.445,4.388,11.469,0.080,0.000,0.3840
407.760,-91.838,21.070,0.323,0.426,4.392,11.471,0.120,0.000,0.3920
407.770,-91.833,21.077,0.323,0.418,4.397,11.472,0.160,0.000,0.4000
407.780,-91.829,21.085,0.323,0.421,4.401,11.474,0.200,0.000,0.4080
407.790,-91.825,21.093,0.322,0.432,4.405,11.476,0.240,0.000,0.4160
407.800,-91.820,21.101,0.322,0.448,4.410,11.478,0.280,0.000,0.4240
407.810,-91.816,21.109,0.321,0.467,4.414,11.480,0.320,0.000,0.4320
407.820,-91.811,21.117,0.321,0.487,4.419,11.483,0.360,0.000,0.4400
407.830,-91.806,21.126,0.320,0.507,4.424,11.485,0.400,0.000,0.4480
407.840,-91.801,21.135,0.319,0.527,4.429,11.488,0.440,0.000,0.4560
407.850,-91.795,21.145,0.318,0.545,4.435,11.491,0.480,0.000,0.4640
407.860,-91.790,21.154,0.317,0.564,4.440,11.494,0.520,0.000,0.4720
407.870,-91.784,21.164,0.316,0.583,4.446,11.497,0.560,0.000,0.4800
407.880,-91.778,21.175,0.315,0.603,4.452,11.500,0.600,0.000,0.4880
407.890,-91.772,21.186,0.314,0.624,4.458,11.503,0.640,0.000,0.4960
407.900,-91.766,21.196,0.313,0.644,4.464,11.507,0.680,0.000,0.5000
407.910,-91.759,21.208,0.312,0.665,4.471,11.510,0.720,0.000,0.5000
407.920,-91.752,21.219,0.311,0.685,4.478,11.513,0.760,0.000,0.5000
407.930,-91.745,21.231,0.310,0.706,4.485,11.517,0.800,0.000,0.5000
407.940,-91.738,21.243,0.309,0.727,4.492,11.520,0.840,0.000,0.5000
407.950,-91.731,21.255,0.309,0.749,4.499,11.523,0.880,0.000,0.5000
407.960,-91.723,21.268,0.308,0.770,4.507,11.527,0.920,0.000,0.5000
407.970,-91.715,21.281,0.308,0.793,4.515,11.530,0.960,0.000,0.5000
407.980,-91.707,21.294,0.307,0.815,4.523,11.533,1.000,0.000,0.5000
407.990,-91.699,21.307,0.307,0.838,4.531,11.537,1.000,0.000,0.5000
408.000,-91.690,21.321,0.307,0.879,4.540,11.540,1.000,0.000,0.5000
408.010,-91.681,21.335,0.307,0.913,4.549,11.544,1.000,0.000,0.5000
408.020,-91.671,21.350,0.307,0.943,4.559,11.548,1.000,0.000,0.5000
408.030,-91.661,21.364,0.306,0.970,4.569,11.551,1.000,0.000,0.5000
408.040,-91.652,21.380,0.306,0.996,4.578,11.555,1.000,0.000,0.5000
408.050,-91.641,21.395,0.306,1.021,4.589,11.559,1.000,0.000,0.5000
408.060,-91.631,21.411,0.307,1.045,4.599,11.563,1.000,0.000,0.5000
408.070,-91.620,21.427,0.307,1.068,4.610,11.566,1.000,0.000,0.5000
408.080,-91.609,21.443,0.307,1.091,4.621,11.570,1.000,0.000,0.5000
408.090,-91.598,21.459,0.307,1.115,4.632,11.574,1.000,0.000,0.5000
408.100,-91.587,21.476,0.308,1.139,4.643,11.578,1.000,0.000,0.5000
408.110,-91.575,21.493,0.308,1.163,4.655,11.582,1.000,0.000,0.5000
408.120,-91.563,21.510,0.309,1.189,4.667,11.586,1.000,0.000,0.5000
408.130,-91.551,21.527,0.309,1.214,4.679,11.591,1.000,0.000,0.4700
408.140,-91.539,21.545,0.310,1.234,4.691,11.595,1.000,0.000,0.4400
408.150,-91.526,21.562,0.310,1.250,4.704,11.599,1.000,0.000,0.4100
408.160,-91.514,21.580,0.311,1.265,4.716,11.604,1.000,0.000,0.3800
408.170,-91.501,21.598,0.311,1.281,4.729,11.608,1.000,0.000,0.3500
408.180,-91.488,21.616,0.312,1.298,4.742,11.612,1.000,0.000,0.3200
408.190,-91.475,21.634,0.313,1.318,4.755,11.617,1.000,0.000,0.2900
408.200,-91.461,21.652,0.313,1.340,4.769,11.622,1.000,0.000,0.2600
408.210,-91.448,21.670,0.314,1.365,4.782,11.627,1.000,0.000,0.2300
408.220,-91.434,21.689,0.314,1.391,4.796,11.632,1.000,0.000,0.2000
408.230,-91.420,21.708,0.314,1.420,4.810,11.637,1.000,0.000,0.1700
408.240,-91.405,21.727,0.315,1.450,4.825,11.642,1.000,0.000,0.1400
408.250,-91.390,21.747,0.315,1.481,4.840,11.648,0.940,0.000,0.1100
408.260,-91.375,21.766,0.315,1.513,4.855,11.654,0.880,0.000,0.0800
408.270,-91.360,21.787,0.315,1.546,4.870,11.660,0.820,0.000,0.0500
408.280,-91.344,21.807,0.315,1.579,4.886,11.666,0.760,0.000,0.0200
408.290,-91.328,21.828,0.315,1.612,4.902,11.673,0.700,0.000,0.0000
408.300,-91.311,21.849,0.315,1.647,4.919,11.680,0.640,0.000,0.0000
408.310,-91.294,21.870,0.314,1.688,4.936,11.687,0.580,0.000,0.0000
408.320,-91.277,21.892,0.314,1.732,4.953,11.694,0.520,0.000,0.0000
408.330,-91.259,21.915,0.313,1.777,4.971,11.702,0.460,0.000,0.0000
408.340,-91.241,21.938,0.313,1.822,4.989,11.710,0.400,0.000,0.0000
408.350,-91.223,21.962,0.312,1.866,5.008,11.718,0.340,0.000,0.0000
408.360,-91.203,21.986,0.311,1.907,5.027,11.727,0.280,0.000,0.0000
408.370,-91.184,22.010,0.311,1.942,5.046,11.735,0.220,0.000,0.0000
408.380,-91.164,22.035,0.310,1.965,5.066,11.744,0.160,0.000,0.0000
408.390,-91.145,22.060,0.309,1.975,5.085,11.752,0.100,0.000,0.0000
408.400,-91.125,22.085,0.309,1.973,5.105,11.761,0.040,0.000,0.0000
408.410,-91.105,22.110,0.309,1.963,5.125,11.769,0.000,0.000,0.0000
408.420,-91.086,22.134,0.309,1.946,5.144,11.777,0.000,0.000,0.0000
408.430,-91.067,22.158,0.309,1.926,5.163,11.785,0.000,0.000,0.0000
408.440,-91.048,22.182,0.310,1.905,5.183,11.793,0.000,0.000,0.0000
408.450,-91.029,22.205,0.310,1.884,5.201,11.800,0.000,0.000,0.0000
408.460,-91.010,22.229,0.311,1.862,5.220,11.807,0.000,0.000,0.0000
408.470,-90.992,22.252,0.312,1.840,5.238,11.814,0.000,0.000,0.0000
408.480,-90.974,22.274,0.313,1.817,5.256,11.821,0.000,0.000,0.0000
408.490,-90.956,22.296,0.314,1.795,5.274,11.827,0.000,0.000,0.0000
408.500,-90.938,22.318,0.315,1.778,5.292,11.834,0.000,0.000,0.0000
408.510,-90.920,22.340,0.317,1.749,5.310,11.840,0.000,0.000,0.0000
408.520,-90.903,22.361,0.318,1.727,5.327,11.847,0.000,0.000,0.0000
408.530,-90.886,22.383,0.319,1.710,5.344,11.853,0.000,0.000,0.0000
408.540,-90.869,22.403,0.320,1.692,5.361,11.859,0.000,0.000,0.0000
408.550,-90.853,22.424,0.321,1.670,5.377,11.865,0.040,0.000,0.0000
408.560,-90.836,22.444,0.322,1.646,5.394,11.872,0.080,0.000,0.0000
408.570,-90.820,22.464,0.323,1.620,5.410,11.878,0.120,0.000,0.0000
408.580,-90.804,22.483,0.324,1.593,5.426,11.884,0.160,0.000,0.0000
408.590,-90.789,22.503,0.325,1.566,5.442,11.890,0.200,0.000,0.0000
408.600,-90.773,22.522,0.326,1.538,5.457,11.896,0.240,0.000,0.0000
408.610,-90.758,22.540,0.327,1.525,5.472,11.902,0.280,0.000,0.0000
408.620,-90.743,22.559,0.327,1.524,5.487,11.908,0.320,0.000,0.0000
408.630,-90.727,22.578,0.327,1.533,5.503,11.915,0.360,0.000,0.0000
408.640,-90.712,22.597,0.327,1.550,5.518,11.922,0.400,0.000,0.0000
408.650,-90.696,22.617,0.327,1.571,5.534,11.929,0.440,0.000,0.0000
408.660,-90.680,22.636,0.326,1.594,5.550,11.937,0.480,0.000,0.0000
408.670,-90.664,22.656,0.326,1.618,5.566,11.944,0.520,0.000,0.0000
408.680,-90.648,22.677,0.325,1.642,5.582,11.953,0.560,0.000,0.0000
408.690,-90.631,22.697,0.324,1.666,5.599,11.961,0.600,0.000,0.0000
408.700,-90.614,22.718,0.322,1.690,5.616,11.970,0.640,0.000,0.0000
408.710,-90.597,22.740,0.321,1.715,5.633,11.979,0.680,0.000,0.0000
408.720,-90.580,22.761,0.320,1.739,5.650,11.988,0.720,0.000,0.0000
408.730,-90.562,22.783,0.318,1.763,5.668,11.997,0.760,0.000,0.0000
408.740,-90.544,22.805,0.317,1.788,5.686,12.006,0.800,0.000,0.0000
408.750,-90.526,22.827,0.316,1.813,5.704,12.016,0.840,0.000,0.0000
408.760,-90.508,22.850,0.314,1.838,5.722,12.025,0.880,0.000,0.0000
408.770,-90.489,22.873,0.313,1.863,5.741,12.035,0.920,0.000,0.0000
408.780,-90.471,22.897,0.312,1.888,5.760,12.045,0.960,0.000,0.0000
408.790,-90.451,22.920,0.310,1.914,5.779,12.055,1.000,0.000,0.0000
408.800,-90.432,22.944,0.309,1.940,5.798,12.064,1.000,0.000,0.0000
408.810,-90.412,22.969,0.308,1.967,5.818,12.074,1.000,0.000,0.0000
408.820,-90.393,22.993,0.307,1.992,5.838,12.084,1.000,0.000,0.0000
408.830,-90.372,23.018,0.307,2.017,5.858,12.095,1.000,0.000,0.0000
408.840,-90.352,23.043,0.306,2.042,5.878,12.105,1.000,0.000,0.0000
408.850,-90.331,23.069,0.305,2.068,5.899,12.115,1.000,0.000,0.0000
408.860,-90.310,23.095,0.305,2.095,5.920,12.125,1.000,0.000,0.0000
408.870,-90.289,23.121,0.304,2.123,5.941,12.135,1.000,0.000,0.0000
408.880,-90.268,23.147,0.304,2.150,5.962,12.146,1.000,0.000,0.0000
408.890,-90.246,23.174,0.304,2.178,5.984,12.156,1.000,0.000,0.0000
408.900,-90.224,23.202,0.304,2.205,6.006,12.167,1.000,0.000,0.0000
408.910,-90.201,23.229,0.304,2.233,6.029,12.177,1.000,0.000,0.0000
408.920,-90.179,23.257,0.304,2.260,6.051,12.188,1.000,0.000,0.0000
408.930,-90.156,23.285,0.304,2.285,6.074,12.198,1.000,0.000,0.0000
408.940,-90.133,23.313,0.305,2.310,6.097,12.209,1.000,0.000,0.0000
408.950,-90.110,23.342,0.305,2.336,6.120,12.220,1.000,0.000,0.0000
408.960,-90.086,23.371,0.306,2.362,6.144,12.231,1.000,0.000,0.0000
408.970,-90.062,23.401,0.306,2.389,6.168,12.242,1.000,0.000,0.0000
408.980,-90.038,23.430,0.306,2.416,6.192,12.254,1.000,0.000,0.0000
408.990,-90.013,23.460,0.307,2.443,6.217,12.265,1.000,0.000,0.0000
409.000,-89.989,23.491,0.307,2.470,6.241,12.277,1.000,0.000,0.0000
409.010,-89.964,23.521,0.308,2.497,6.266,12.289,1.000,0.000,0.0000
409.020,-89.939,23.552,0.308,2.524,6.291,12.301,1.000,0.000,0.0000
409.030,-89.913,23.584,0.309,2.550,6.317,12.313,1.000,0.000,0.0000
409.040,-89.887,23.615,0.309,2.576,6.343,12.325,1.000,0.000,0.0000
409.050,-89.861,23.647,0.310,2.602,6.369,12.338,1.000,0.000,0.0000
409.060,-89.835,23.680,0.310,2.628,6.395,12.351,1.000,0.000,0.0000
409.070,-89.809,23.712,0.310,2.653,6.422,12.364,1.000,0.000,0.0000
409.080,-89.782,23.745,0.311,2.678,6.448,12.377,1.000,0.000,0.0000
409.090,-89.755,23.778,0.311,2.704,6.475,12.390,1.000,0.000,0.0000
409.100,-89.727,23.812,0.311,2.728,6.503,12.404,1.000,0.000,0.0000
409.110,-89.700,23.845,0.312,2.749,6.530,12.417,1.000,0.000,0.0000
409.120,-89.672,23.879,0.312,2.773,6.558,12.431,1.000,0.000,0.0000
409.130,-89.644,23.913,0.312,2.799,6.586,12.445,1.000,0.000,0.0000
409.140,-89.616,23.948,0.312,2.825,6.614,12.460,1.000,0.000,0.0000
409.150,-89.587,23.983,0.312,2.852,6.643,12.474,1.000,0.000,0.0000
409.160,-89.559,24.018,0.312,2.878,6.671,12.489,1.000,0.000,0.0000
409.170,-89.530,24.053,0.312,2.905,6.700,12.504,1.000,0.000,0.0000
409.180,-89.500,24.089,0.312,2.931,6.730,12.519,1.000,0.000,0.0000
409.190,-89.471,24.125,0.312,2.956,6.759,12.534,1.000,0.000,0.0000
409.200,-89.441,24.161,0.312,2.982,6.789,12.550,1.000,0.000,0.0000
409.210,-89.411,24.198,0.312,3.004,6.819,12.566,1.000,0.000,0.0000
409.220,-89.381,24.234,0.312,3.029,6.849,12.582,1.000,0.000,0.0000
409.230,-89.350,24.272,0.312,3.055,6.880,12.598,1.000,0.000,0.0000
409.240,-89.319,24.309,0.312,3.082,6.911,12.615,1.000,0.000,0.0000
409.250,-89.288,24.347,0.312,3.110,6.942,12.631,1.000,0.000,0.0000
409.260,-89.257,24.385,0.311,3.137,6.973,12.648,1.000,0.000,0.0000
409.270,-89.225,24.423,0.311,3.165,7.005,12.665,1.000,0.000,0.0000
409.280,-89.193,24.462,0.311,3.192,7.037,12.682,1.000,0.000,0.0000
409.290,-89.161,24.501,0.311,3.218,7.069,12.700,1.000,0.000,0.0000
409.300,-89.129,24.540,0.311,3.244,7.101,12.718,1.000,0.000,0.0000
409.310,-89.096,24.580,0.310,3.270,7.134,12.735,1.000,0.000,0.0000
409.320,-89.063,24.620,0.310,3.295,7.167,12.754,1.000,0.000,0.0000
409.330,-89.030,24.661,0.310,3.320,7.200,12.772,1.000,0.000,0.0000
409.340,-88.996,24.701,0.310,3.344,7.234,12.790,1.000,0.000,0.0000
409.350,-88.963,24.742,0.310,3.368,7.267,12.809,1.000,0.000,0.0000
409.360,-88.929,24.783,0.310,3.390,7.301,12.828,1.000,0.000,0.0000
409.370,-88.895,24.825,0.310,3.411,7.335,12.846,1.000,0.000,0.0000
409.380,-88.860,24.867,0.309,3.434,7.370,12.865,1.000,0.000,0.0000
409.390,-88.826,24.909,0.309,3.458,7.404,12.885,1.000,0.000,0.0000
409.400,-88.791,24.951,0.309,3.484,7.439,12.904,1.000,0.000,0.0000
409.410,-88.756,24.994,0.309,3.509,7.474,12.924,1.000,0.000,0.0000
409.420,-88.720,25.037,0.309,3.535,7.510,12.944,1.000,0.000,0.0000
409.430,-88.685,25.081,0.309,3.561,7.545,12.964,1.000,0.000,0.0000
409.440,-88.649,25.124,0.309,3.582,7.581,12.984,1.000,0.000,0.0000
409.450,-88.613,25.168,0.309,3.605,7.617,13.004,1.000,0.000,0.0000
409.460,-88.577,25.213,0.309,3.630,7.653,13.025,1.000,0.000,0.0000
409.470,-88.540,25.257,0.310,3.658,7.690,13.046,1.000,0.000,0.0000
409.480,-88.503,25.302,0.310,3.686,7.727,13.067,1.000,0.000,0.0000
409.490,-88.466,25.348,0.310,3.714,7.764,13.088,1.000,0.000,0.0000
409.500,-88.429,25.393,0.310,3.743,7.801,13.110,1.000,0.000,0.0000
409.510,-88.391,25.439,0.310,3.771,7.839,13.132,1.000,0.000,0.0000
409.520,-88.353,25.486,0.310,3.799,7.877,13.154,1.000,0.000,0.0000
409.530,-88.315,25.532,0.310,3.827,7.915,13.176,1.000,0.000,0.0000
409.540,-88.276,25.579,0.310,3.853,7.954,13.198,1.000,0.000,0.0000
409.550,-88.237,25.626,0.310,3.879,7.993,13.221,1.000,0.000,0.0000
409.560,-88.198,25.674,0.310,3.901,8.032,13.244,1.000,0.000,0.0000
409.570,-88.159,25.721,0.310,3.926,8.071,13.267,1.000,0.000,0.0000
409.580,-88.119,25.769,0.310,3.953,8.111,13.290,1.000,0.000,0.0000
409.590,-88.080,25.818,0.310,3.981,8.150,13.314,1.000,0.000,0.0080
409.600,-88.040,25.866,0.310,4.010,8.190,13.338,1.000,0.000,0.0160
409.610,-87.999,25.915,0.310,4.038,8.231,13.362,1.000,0.000,0.0240
409.620,-87.959,25.964,0.310,4.067,8.272,13.386,1.000,0.000,0.0320
409.630,-87.918,26.013,0.310,4.094,8.312,13.411,1.000,0.000,0.0400
409.640,-87.877,26.063,0.310,4.107,8.354,13.436,1.000,0.000,0.0480
409.650,-87.835,26.113,0.311,4.124,8.395,13.460,1.000,0.000,0.0560
409.660,-87.794,26.163,0.311,4.146,8.436,13.486,1.000,0.000,0.0640
409.670,-87.752,26.213,0.311,4.171,8.478,13.511,0.940,0.000,0.0720
409.680,-87.710,26.263,0.311,4.197,8.520,13.536,0.880,0.000,0.0800
409.690,-87.668,26.314,0.311,4.225,8.562,13.562,0.820,0.000,0.0880
409.700,-87.625,26.365,0.311,4.253,8.605,13.588,0.760,0.000,0.0960
409.710,-87.583,26.416,0.311,4.281,8.647,13.615,0.700,0.000,0.1040
409.720,-87.539,26.468,0.311,4.308,8.691,13.641,0.640,0.000,0.1120
409.730,-87.496,26.519,0.311,4.335,8.734,13.668,0.580,0.000,0.1200
409.740,-87.453,26.571,0.311,4.346,8.777,13.695,0.520,0.000,0.1280
409.750,-87.409,26.623,0.311,4.353,8.821,13.722,0.460,0.000,0.1360
409.760,-87.366,26.675,0.312,4.351,8.864,13.749,0.400,0.000,0.1440
409.770,-87.322,26.726,0.312,4.343,8.908,13.777,0.340,0.000,0.1520
409.780,-87.279,26.777,0.313,4.330,8.951,13.803,0.280,0.000,0.1600
409.790,-87.236,26.828,0.313,4.314,8.994,13.830,0.220,0.000,0.1680
409.800,-87.193,26.879,0.314,4.295,9.037,13.857,0.160,0.000,0.1760
409.810,-87.150,26.929,0.315,4.276,9.080,13.884,0.100,0.000,0.1840
409.820,-87.107,26.979,0.316,4.256,9.123,13.910,0.040,0.000,0.1920
409.830,-87.065,27.028,0.317,4.268,9.165,13.937,0.000,0.000,0.2000
409.840,-87.022,27.077,0.317,4.274,9.208,13.963,0.000,0.000,0.2080
409.850,-86.979,27.126,0.318,4.273,9.251,13.990,0.000,0.000,0.2160
409.860,-86.937,27.175,0.319,4.268,9.293,14.017,0.000,0.000,0.2240
409.870,-86.894,27.223,0.320,4.260,9.336,14.044,0.000,0.000,0.2320
409.880,-86.852,27.271,0.321,4.248,9.378,14.071,0.000,0.000,0.2400
409.890,-86.809,27.319,0.322,4.236,9.421,14.098,0.000,0.000,0.2480
409.900,-86.767,27.365,0.323,4.210,9.463,14.125,0.000,0.000,0.2560
409.910,-86.725,27.410,0.324,4.180,9.505,14.151,0.000,0.000,0.2640
409.920,-86.684,27.455,0.325,4.152,9.546,14.178,0.000,0.000,0.2720
409.930,-86.643,27.499,0.326,4.128,9.587,14.204,0.000,0.000,0.2800
409.940,-86.602,27.543,0.327,4.107,9.628,14.230,0.000,0.000,0.2880
409.950,-86.561,27.586,0.328,4.091,9.669,14.257,0.000,0.000,0.2960
409.960,-86.520,27.628,0.328,4.076,9.710,14.283,0.000,0.000,0.3040
409.970,-86.479,27.670,0.329,4.063,9.751,14.310,0.000,0.000,0.3120
409.980,-86.439,27.712,0.330,4.049,9.791,14.336,0.000,0.000,0.3200
409.990,-86.399,27.753,0.330,3.974,9.831,14.362,0.000,0.000,0.3280
410.000,-86.360,27.793,0.331,3.917,9.870,14.388,0.000,0.000,0.3360
410.010,-86.321,27.832,0.331,3.877,9.909,14.414,0.000,0.000,0.3060
410.020,-86.283,27.870,0.332,3.856,9.948,14.439,0.000,0.000,0.2760
410.030,-86.244,27.908,0.332,3.851,9.986,14.465,0.000,0.000,0.2460
410.040,-86.206,27.946,0.332,3.857,10.025,14.491,0.000,0.000,0.2160
410.050,-86.167,27.984,0.332,3.869,10.063,14.517,0.000,0.000,0.1860
410.060,-86.128,28.021,0.332,3.882,10.102,14.544,0.000,0.000,0.1560
410.070,-86.089,28.058,0.331,3.896,10.141,14.571,0.000,0.000,0.1260
410.080,-86.050,28.095,0.331,3.909,10.180,14.598,0.000,0.000,0.0960
410.090,-86.011,28.132,0.330,3.921,10.219,14.625,0.000,0.000,0.0660
410.100,-85.971,28.168,0.329,3.932,10.259,14.653,0.000,0.000,0.0360
410.110,-85.932,28.205,0.328,3.911,10.298,14.680,0.000,0.000,0.0060
410.120,-85.893,28.240,0.327,3.889,10.337,14.708,0.000,0.000,0.0000
410.130,-85.855,28.276,0.326,3.866,10.375,14.735,0.000,0.000,0.0000
410.140,-85.816,28.310,0.325,3.844,10.414,14.762,0.000,0.000,0.0000
410.150,-85.778,28.345,0.324,3.825,10.452,14.789,0.000,0.000,0.0000
410.160,-85.740,28.380,0.323,3.807,10.490,14.816,0.000,0.000,0.0000
410.170,-85.702,28.414,0.323,3.789,10.528,14.843,0.000,0.000,0.0000
410.180,-85.665,28.448,0.322,3.770,10.566,14.869,0.000,0.000,0.0000
410.190,-85.627,28.482,0.321,3.750,10.603,14.896,0.000,0.000,0.0000
410.200,-85.590,28.515,0.321,3.698,10.640,14.922,0.000,0.000,0.0000
410.210,-85.553,28.548,0.320,3.661,10.677,14.948,0.000,0.000,0.0000
410.220,-85.517,28.581,0.320,3.624,10.713,14.973,0.000,0.000,0.0000
410.230,-85.481,28.613,0.320,3.593,10.749,14.999,0.000,0.000,0.0000
410.240,-85.446,28.646,0.320,3.566,10.784,15.024,0.000,0.000,0.0080
410.250,-85.410,28.678,0.320,3.544,10.820,15.049,0.000,0.000,0.0160
410.260,-85.375,28.709,0.320,3.525,10.855,15.074,0.000,0.000,0.0240
410.270,-85.340,28.741,0.320,3.507,10.890,15.099,0.000,0.000,0.0320
410.280,-85.305,28.772,0.320,3.489,10.925,15.123,0.000,0.000,0.0400
410.290,-85.270,28.804,0.320,3.471,10.960,15.148,0.000,0.000,0.0480
410.300,-85.236,28.835,0.320,3.451,10.994,15.172,0.000,0.000,0.0560
410.310,-85.201,28.865,0.320,3.430,11.029,15.196,0.000,0.000,0.0640
410.320,-85.167,28.896,0.320,3.409,11.063,15.221,0.000,0.000,0.0720
410.330,-85.134,28.926,0.320,3.379,11.096,15.244,0.000,0.000,0.0800
410.340,-85.100,28.956,0.321,3.348,11.130,15.268,0.000,0.000,0.0880
410.350,-85.067,28.985,0.321,3.319,11.163,15.292,0.000,0.000,0.0960
410.360,-85.034,29.014,0.321,3.291,11.196,15.315,0.000,0.000,0.1040
410.370,-85.001,29.043,0.322,3.265,11.229,15.338,0.000,0.000,0.1120
410.380,-84.969,29.072,0.322,3.239,11.261,15.361,0.000,0.000,0.1200
410.390,-84.937,29.100,0.322,3.214,11.293,15.384,0.000,0.000,0.1280
410.400,-84.905,29.128,0.323,3.189,11.325,15.407,0.000,0.000,0.1360
410.410,-84.873,29.155,0.323,3.149,11.357,15.429,0.000,0.000,0.1440
410.420,-84.842,29.182,0.323,3.110,11.388,15.451,0.000,0.000,0.1520
410.430,-84.812,29.209,0.324,3.076,11.418,15.473,0.000,0.000,0.1600
410.440,-84.781,29.235,0.324,3.044,11.449,15.495,0.000,0.000,0.1680
410.450,-84.751,29.261,0.325,3.015,11.479,15.516,0.000,0.000,0.1760
410.460,-84.721,29.287,0.325,2.987,11.509,15.538,0.000,0.000,0.1840
410.470,-84.691,29.312,0.325,2.960,11.539,15.559,0.000,0.000,0.1920
410.480,-84.662,29.337,0.326,2.934,11.568,15.580,0.000,0.000,0.2000
410.490,-84.633,29.361,0.326,2.904,11.597,15.601,0.000,0.000,0.2080
410.500,-84.604,29.386,0.326,2.871,11.626,15.622,0.000,0.000,0.2160
410.510,-84.576,29.410,0.326,2.836,11.654,15.643,0.000,0.000,0.2240
410.520,-84.548,29.433,0.326,2.799,11.682,15.663,0.000,0.000,0.2320
410.530,-84.520,29.456,0.327,2.761,11.710,15.683,0.000,0.000,0.2400
410.540,-84.493,29.479,0.327,2.722,11.737,15.703,0.000,0.000,0.2480
410.550,-84.466,29.502,0.327,2.686,11.764,15.723,0.000,0.000,0.2560
410.560,-84.440,29.524,0.327,2.651,11.790,15.742,0.000,0.000,0.2640
410.570,-84.414,29.545,0.327,2.618,11.816,15.761,0.000,0.000,0.2720
410.580,-84.388,29.567,0.327,2.586,11.842,15.780,0.000,0.000,0.2800
410.590,-84.362,29.587,0.327,2.554,11.868,15.799,0.000,0.000,0.2880
410.600,-84.337,29.608,0.327,2.522,11.893,15.818,0.000,0.000,0.2960
410.610,-84.312,29.628,0.327,2.490,11.918,15.836,0.000,0.000,0.3040
410.620,-84.287,29.649,0.326,2.473,11.943,15.854,0.000,0.000,0.3120
410.630,-84.263,29.669,0.326,2.458,11.967,15.873,0.000,0.000,0.3200
410.640,-84.238,29.689,0.326,2.441,11.992,15.891,0.000,0.000,0.3280
410.650,-84.214,29.708,0.326,2.421,12.016,15.909,0.000,0.000,0.3360
410.660,-84.190,29.728,0.325,2.397,12.040,15.927,0.000,0.000,0.3440
410.670,-84.167,29.747,0.325,2.369,12.063,15.945,0.000,0.000,0.3520
410.680,-84.143,29.765,0.325,2.341,12.087,15.963,0.000,0.000,0.3600
410.690,-84.120,29.784,0.324,2.311,12.110,15.980,0.000,0.000,0.3680
410.700,-84.097,29.802,0.324,2.280,12.133,15.997,0.000,0.000,0.3760
410.710,-84.075,29.820,0.324,2.250,12.155,16.014,0.000,0.000,0.3840
410.720,-84.053,29.837,0.324,2.220,12.177,16.031,0.000,0.000,0.3920
410.730,-84.031,29.854,0.323,2.190,12.199,16.047,0.000,0.000,0.4000
410.740,-84.009,29.871,0.323,2.160,12.221,16.063,0.000,0.000,0.4080
410.750,-83.988,29.887,0.323,2.130,12.242,16.079,0.000,0.000,0.4160
410.760,-83.967,29.903,0.323,2.100,12.263,16.095,0.000,0.000,0.4240
410.770,-83.946,29.918,0.323,2.070,12.284,16.111,0.000,0.000,0.4320
410.780,-83.926,29.934,0.323,2.040,12.304,16.126,0.000,0.000,0.4400
410.790,-83.906,29.949,0.323,2.009,12.324,16.141,0.000,0.000,0.4480
410.800,-83.886,29.963,0.323,1.979,12.344,16.156,0.000,0.000,0.4560
410.810,-83.866,29.978,0.323,1.948,12.364,16.170,0.000,0.000,0.4640
410.820,-83.847,29.991,0.323,1.917,12.383,16.185,0.000,0.000,0.4720
410.830,-83.828,30.005,0.323,1.910,12.402,16.199,0.000,0.000,0.4800
410.840,-83.809,30.018,0.323,1.896,12.421,16.213,0.000,0.000,0.4880
410.850,-83.790,30.032,0.323,1.877,12.440,16.227,0.000,0.000,0.4960
410.860,-83.772,30.045,0.323,1.852,12.458,16.241,0.000,0.000,0.5000
410.870,-83.754,30.057,0.323,1.824,12.476,16.255,0.000,0.000,0.5000
410.880,-83.736,30.070,0.323,1.792,12.494,16.268,0.000,0.000,0.5000
410.890,-83.718,30.082,0.324,1.759,12.512,16.282,0.000,0.000,0.5000
410.900,-83.701,30.093,0.324,1.726,12.529,16.294,0.000,0.000,0.5000
410.910,-83.684,30.105,0.324,1.692,12.546,16.307,0.000,0.000,0.5000
410.920,-83.667,30.116,0.324,1.659,12.563,16.320,0.000,0.000,0.5000
410.930,-83.651,30.127,0.324,1.627,12.579,16.332,0.000,0.000,0.5000
410.940,-83.635,30.137,0.324,1.594,12.595,16.344,0.000,0.000,0.5000
410.950,-83.619,30.147,0.324,1.564,12.611,16.356,0.000,0.000,0.5000
410.960,-83.604,30.157,0.325,1.534,12.626,16.367,0.000,0.000,0.5000
410.970,-83.589,30.167,0.325,1.504,12.641,16.378,0.000,0.000,0.5000
410.980,-83.574,30.177,0.325,1.476,12.656,16.389,0.000,0.000,0.4700
410.990,-83.560,30.186,0.325,1.442,12.670,16.400,0.000,0.000,0.4400
411.000,-83.546,30.195,0.325,1.400,12.684,16.411,0.000,0.000,0.4100
411.010,-83.532,30.203,0.325,1.353,12.698,16.421,0.000,0.000,0.3800
411.020,-83.519,30.212,0.325,1.305,12.711,16.431,0.000,0.000,0.3500
411.030,-83.507,30.220,0.326,1.258,12.723,16.440,0.000,0.000,0.3200
411.040,-83.495,30.227,0.326,1.212,12.735,16.449,0.000,0.000,0.2900
411.050,-83.483,30.235,0.326,1.168,12.747,16.458,0.000,0.000,0.2600
411.060,-83.472,30.242,0.326,1.126,12.758,16.466,0.000,0.000,0.2300
411.070,-83.461,30.248,0.327,1.086,12.769,16.474,0.000,0.000,0.2000
411.080,-83.450,30.255,0.327,1.048,12.780,16.482,0.000,0.000,0.1700
411.090,-83.440,30.261,0.327,1.011,12.790,16.490,0.000,0.000,0.1400
411.100,-83.430,30.267,0.327,0.987,12.800,16.497,0.000,0.000,0.1100
411.110,-83.421,30.273,0.327,0.963,12.809,16.505,0.000,0.000,0.0800
411.120,-83.411,30.279,0.327,0.939,12.819,16.512,0.000,0.000,0.0500
411.130,-83.402,30.285,0.327,0.912,12.828,16.519,0.000,0.000,0.0200
411.140,-83.393,30.291,0.327,0.883,12.837,16.526,0.000,0.000,0.0000
411.150,-83.385,30.296,0.326,0.855,12.845,16.532,0.000,0.000,0.0000
411.160,-83.377,30.301,0.326,0.834,12.854,16.539,0.000,0.000,0.0000
411.170,-83.368,30.306,0.326,0.818,12.862,16.545,0.000,0.000,0.0000
411.180,-83.360,30.311,0.325,0.804,12.870,16.552,0.000,0.000,0.0000
411.190,-83.352,30.316,0.325,0.791,12.878,16.558,0.000,0.000,0.0000
411.200,-83.345,30.321,0.325,0.778,12.885,16.564,0.000,0.000,0.0000
411.210,-83.337,30.326,0.324,0.762,12.893,16.571,0.000,0.000,0.0000
411.220,-83.330,30.331,0.324,0.745,12.900,16.577,0.040,0.000,0.0000
411.230,-83.322,30.335,0.323,0.725,12.908,16.582,0.080,0.000,0.0000
411.240,-83.315,30.340,0.322,0.713,12.915,16.588,0.120,0.000,0.0000
411.250,-83.308,30.344,0.322,0.719,12.922,16.594,0.160,0.000,0.0000
411.260,-83.301,30.349,0.321,0.739,12.929,16.600,0.200,0.000,0.0000
411.270,-83.293,30.354,0.320,0.769,12.937,16.606,0.240,0.000,0.0000
411.280,-83.285,30.359,0.320,0.806,12.945,16.613,0.280,0.000,0.0000
411.290,-83.277,30.364,0.319,0.845,12.953,16.620,0.320,0.000,0.0000
411.300,-83.268,30.369,0.318,0.885,12.962,16.628,0.360,0.000,0.0000
411.310,-83.259,30.375,0.317,0.924,12.971,16.635,0.400,0.000,0.0000
411.320,-83.249,30.381,0.315,0.963,12.981,16.643,0.440,0.000,0.0000
411.330,-83.239,30.387,0.314,1.001,12.991,16.652,0.480,0.000,0.0000
411.340,-83.229,30.393,0.313,1.038,13.001,16.660,0.520,0.000,0.0000
411.350,-83.218,30.399,0.312,1.072,13.012,16.669,0.560,0.000,0.0000
411.360,-83.207,30.406,0.311,1.106,13.023,16.678,0.600,0.000,0.0000
411.370,-83.196,30.413,0.310,1.140,13.034,16.688,0.640,0.000,0.0000
411.380,-83.184,30.420,0.309,1.175,13.046,16.697,0.680,0.000,0.0000
411.390,-83.172,30.427,0.309,1.210,13.058,16.707,0.720,0.000,0.0000
411.400,-83.160,30.434,0.308,1.245,13.070,16.717,0.760,0.000,0.0000
411.410,-83.147,30.442,0.307,1.281,13.083,16.727,0.800,0.000,0.0000
411.420,-83.134,30.450,0.307,1.317,13.096,16.738,0.840,0.000,0.0000
411.430,-83.120,30.458,0.306,1.353,13.110,16.748,0.880,0.000,0.0000
411.440,-83.106,30.466,0.306,1.389,13.124,16.759,0.920,0.000,0.0000
411.450,-83.092,30.475,0.306,1.425,13.138,16.770,0.960,0.000,0.0000
411.460,-83.077,30.483,0.305,1.462,13.153,16.782,1.000,0.000,0.0000
411.470,-83.062,30.492,0.305,1.498,13.168,16.793,1.000,0.000,0.0000
411.480,-83.047,30.501,0.305,1.534,13.183,16.805,1.000,0.000,0.0000
411.490,-83.031,30.511,0.305,1.570,13.199,16.817,1.000,0.000,0.0000
411.500,-83.015,30.520,0.305,1.605,13.215,16.829,1.000,0.000,0.0000
411.510,-82.999,30.530,0.306,1.641,13.231,16.842,1.000,0.000,0.0000
411.520,-82.982,30.540,0.306,1.677,13.248,16.855,1.000,0.000,0.0000
411.530,-82.965,30.550,0.306,1.712,13.265,16.868,1.000,0.000,0.0000
411.540,-82.948,30.561,0.306,1.747,13.282,16.881,1.000,0.000,0.0000
411.550,-82.930,30.571,0.307,1.782,13.300,16.895,1.000,0.000,0.0000
411.560,-82.912,30.582,0.307,1.817,13.318,16.909,1.000,0.000,0.0000
411.570,-82.893,30.593,0.308,1.852,13.337,16.923,1.000,0.000,0.0000
411.580,-82.874,30.604,0.308,1.886,13.356,16.937,1.000,0.000,0.0000
411.590,-82.855,30.616,0.308,1.921,13.375,16.952,1.000,0.000,0.0000
411.600,-82.835,30.628,0.309,1.955,13.395,16.967,1.000,0.000,0.0000
411.610,-82.816,30.639,0.309,1.989,13.414,16.982,1.000,0.000,0.0000
411.620,-82.795,30.651,0.310,2.023,13.435,16.997,1.000,0.000,0.0000
411.630,-82.775,30.664,0.310,2.057,13.455,17.013,1.000,0.000,0.0000
411.640,-82.754,30.676,0.310,2.090,13.476,17.029,1.000,0.000,0.0000
411.650,-82.733,30.689,0.311,2.124,13.497,17.045,1.000,0.000,0.0000
411.660,-82.711,30.702,0.311,2.158,13.519,17.062,1.000,0.000,0.0000
411.670,-82.689,30.715,0.311,2.192,13.541,17.079,1.000,0.000,0.0000
411.680,-82.667,30.728,0.311,2.226,13.563,17.096,1.000,0.000,0.0000
411.690,-82.644,30.741,0.312,2.261,13.586,17.114,1.000,0.000,0.0000
411.700,-82.621,30.755,0.312,2.295,13.609,17.131,1.000,0.000,0.0000
411.710,-82.598,30.769,0.312,2.329,13.632,17.150,1.000,0.000,0.0000
411.720,-82.574,30.783,0.312,2.364,13.656,17.168,1.000,0.000,0.0000
411.730,-82.550,30.797,0.312,2.398,13.680,17.187,1.000,0.000,0.0000
411.740,-82.526,30.811,0.312,2.432,13.704,17.206,1.000,0.000,0.0000
411.750,-82.501,30.826,0.312,2.466,13.729,17.225,1.000,0.000,0.0000
411.760,-82.476,30.841,0.312,2.500,13.754,17.245,1.000,0.000,0.0000
411.770,-82.451,30.856,0.312,2.533,13.779,17.265,1.000,0.000,0.0000
411.780,-82.425,30.871,0.312,2.567,13.805,17.285,1.000,0.000,0.0000
411.790,-82.399,30.886,0.312,2.601,13.831,17.305,1.000,0.000,0.0000
411.800,-82.373,30.902,0.312,2.635,13.857,17.326,1.000,0.000,0.0000
411.810,-82.346,30.918,0.311,2.668,13.884,17.347,1.000,0.000,0.0000
411.820,-82.319,30.934,0.311,2.702,13.911,17.368,1.000,0.000,0.0000
411.830,-82.292,30.950,0.311,2.734,13.938,17.390,1.000,0.000,0.0000
411.840,-82.264,30.966,0.311,2.766,13.966,17.412,1.000,0.000,0.0000
411.850,-82.236,30.983,0.311,2.798,13.994,17.434,1.000,0.000,0.0000
411.860,-82.208,31.000,0.311,2.831,14.022,17.457,1.000,0.000,0.0000
411.870,-82.179,31.017,0.311,2.865,14.051,17.479,1.000,0.000,0.0000
411.880,-82.150,31.034,0.311,2.900,14.080,17.502,1.000,0.000,0.0000
411.890,-82.121,31.052,0.310,2.936,14.109,17.526,1.000,0.000,0.0000
411.900,-82.091,31.069,0.310,2.971,14.139,17.549,1.000,0.000,0.0000
411.910,-82.061,31.087,0.310,3.007,14.169,17.573,1.000,0.000,0.0000
411.920,-82.031,31.105,0.310,3.043,14.199,17.597,1.000,0.000,0.0000
411.930,-82.000,31.124,0.310,3.078,14.230,17.622,1.000,0.000,0.0000
411.940,-81.969,31.142,0.310,3.114,14.261,17.647,1.000,0.000,0.0000
411.950,-81.937,31.161,0.310,3.149,14.293,17.672,1.000,0.000,0.0000
411.960,-81.906,31.180,0.310,3.185,14.324,17.697,1.000,0.000,0.0000
411.970,-81.873,31.199,0.310,3.220,14.357,17.723,1.000,0.000,0.0000
411.980,-81.841,31.218,0.310,3.255,14.389,17.749,1.000,0.000,0.0000
411.990,-81.808,31.238,0.309,3.290,14.422,17.775,1.000,0.000,0.0000
412.000,-81.775,31.258,0.309,3.324,14.455,17.802,1.000,0.000,0.0000
412.010,-81.741,31.277,0.309,3.359,14.489,17.829,1.000,0.000,0.0000
412.020,-81.707,31.298,0.309,3.391,14.523,17.856,1.000,0.000,0.0000
412.030,-81.673,31.318,0.309,3.424,14.557,17.883,1.000,0.000,0.0000
412.040,-81.638,31.338,0.310,3.457,14.592,17.911,1.000,0.000,0.0000
412.050,-81.604,31.359,0.310,3.492,14.626,17.939,1.000,0.000,0.0000
412.060,-81.568,31.380,0.310,3.526,14.662,17.967,1.000,0.000,0.0000
412.070,-81.533,31.401,0.310,3.562,14.697,17.996,1.000,0.000,0.0000
412.080,-81.497,31.422,0.310,3.597,14.733,18.025,1.000,0.000,0.0000
412.090,-81.460,31.444,0.310,3.632,14.770,18.054,1.000,0.000,0.0000
412.100,-81.424,31.466,0.310,3.667,14.806,18.083,1.000,0.000,0.0000
412.110,-81.387,31.488,0.310,3.702,14.843,18.113,1.000,0.000,0.0000
412.120,-81.349,31.510,0.310,3.736,14.881,18.143,1.000,0.000,0.0000
412.130,-81.312,31.532,0.310,3.770,14.918,18.174,1.000,0.000,0.0000
412.140,-81.274,31.555,0.310,3.801,14.956,18.204,1.000,0.000,0.0000
412.150,-81.235,31.577,0.310,3.834,14.995,18.235,1.000,0.000,0.0000
412.160,-81.197,31.600,0.310,3.869,15.033,18.267,1.000,0.000,0.0000
412.170,-81.158,31.623,0.310,3.905,15.072,18.298,1.000,0.000,0.0000
412.180,-81.118,31.646,0.310,3.942,15.112,18.330,1.000,0.000,0.0000
412.190,-81.078,31.670,0.310,3.978,15.152,18.363,1.000,0.000,0.0000
412.200,-81.038,31.694,0.310,4.015,15.192,18.395,1.000,0.000,0.0000
412.210,-80.998,31.717,0.310,4.051,15.232,18.428,1.000,0.000,0.0000
412.220,-80.957,31.741,0.310,4.088,15.273,18.461,1.000,0.000,0.0000
412.230,-80.916,31.766,0.310,4.123,15.314,18.495,1.000,0.000,0.0000
412.240,-80.874,31.790,0.310,4.158,15.356,18.529,1.000,0.000,0.0000
412.250,-80.832,31.815,0.310,4.193,15.398,18.563,1.000,0.000,0.0000
412.260,-80.790,31.840,0.310,4.227,15.440,18.598,1.000,0.000,0.0000
412.270,-80.747,31.865,0.310,4.260,15.483,18.633,1.000,0.000,0.0000
412.280,-80.704,31.890,0.310,4.290,15.526,18.668,1.000,0.000,0.0080
412.290,-80.661,31.915,0.310,4.319,15.569,18.703,1.000,0.000,0.0160
412.300,-80.618,31.941,0.310,4.349,15.612,18.739,1.000,0.000,0.0240
412.310,-80.574,31.967,0.310,4.378,15.656,18.775,1.000,0.000,0.0320
412.320,-80.530,31.993,0.310,4.408,15.700,18.811,1.000,0.000,0.0400
412.330,-80.485,32.019,0.311,4.438,15.745,18.847,1.000,0.000,0.0480
412.340,-80.441,32.045,0.311,4.468,15.789,18.884,1.000,0.000,0.0560
412.350,-80.396,32.071,0.311,4.498,15.834,18.921,1.000,0.000,0.0640
412.360,-80.350,32.098,0.311,4.528,15.880,18.959,1.000,0.000,0.0720
412.370,-80.305,32.125,0.311,4.559,15.925,18.996,1.000,0.000,0.0800
412.380,-80.259,32.152,0.311,4.601,15.971,19.034,1.000,0.000,0.0880
412.390,-80.212,32.179,0.311,4.644,16.018,19.073,1.000,0.000,0.0960
412.400,-80.166,32.206,0.311,4.686,16.064,19.111,1.000,0.000,0.1040
412.410,-80.118,32.234,0.311,4.727,16.112,19.151,1.000,0.000,0.1120
412.420,-80.071,32.262,0.311,4.767,16.159,19.190,1.000,0.000,0.1200
412.430,-80.023,32.290,0.310,4.806,16.207,19.230,1.000,0.000,0.1280
412.440,-79.974,32.318,0.310,4.844,16.256,19.271,1.000,0.000,0.1360
412.450,-79.925,32.347,0.310,4.881,16.305,19.311,1.000,0.000,0.1440
412.460,-79.876,32.375,0.310,4.917,16.354,19.352,0.940,0.000,0.1520
412.470,-79.827,32.404,0.310,4.953,16.403,19.394,0.880,0.000,0.1600
412.480,-79.777,32.433,0.310,4.989,16.453,19.435,0.820,0.000,0.1680
412.490,-79.726,32.462,0.310,5.024,16.504,19.477,0.760,0.000,0.1760
412.500,-79.676,32.491,0.310,5.058,16.554,19.519,0.700,0.000,0.1840
412.510,-79.625,32.520,0.310,5.128,16.605,19.562,0.640,0.000,0.1540
412.520,-79.573,32.549,0.310,5.179,16.657,19.606,0.580,0.000,0.1240
412.530,-79.521,32.578,0.310,5.215,16.709,19.650,0.520,0.000,0.0940
412.540,-79.468,32.607,0.310,5.219,16.762,19.693,0.460,0.000,0.0640
412.550,-79.416,32.636,0.310,5.201,16.814,19.737,0.400,0.000,0.0340
412.560,-79.365,32.665,0.311,5.168,16.865,19.780,0.340,0.000,0.0040
412.570,-79.313,32.693,0.311,5.127,16.917,19.823,0.280,0.000,0.0000
412.580,-79.262,32.721,0.312,5.107,16.968,19.865,0.220,0.000,0.0000
412.590,-79.212,32.749,0.313,5.091,17.018,19.908,0.160,0.000,0.0000
412.600,-79.161,32.776,0.314,5.076,17.069,19.950,0.100,0.000,0.0000
412.610,-79.110,32.803,0.315,5.059,17.120,19.992,0.040,0.000,0.0000
412.620,-79.060,32.830,0.316,5.040,17.170,20.035,0.000,0.000,0.0000
412.630,-79.010,32.857,0.317,5.018,17.220,20.076,0.000,0.000,0.0000
412.640,-78.960,32.884,0.318,4.993,17.270,20.118,0.000,0.000,0.0000
412.650,-78.910,32.910,0.319,4.965,17.320,20.160,0.000,0.000,0.0000
412.660,-78.861,32.936,0.320,4.935,17.369,20.201,0.000,0.000,0.0000
412.670,-78.812,32.962,0.321,4.903,17.418,20.242,0.000,0.000,0.0000
412.680,-78.763,32.988,0.322,4.870,17.467,20.283,0.000,0.000,0.0000
412.690,-78.715,33.013,0.323,4.835,17.515,20.323,0.000,0.000,0.0000
412.700,-78.667,33.038,0.324,4.798,17.563,20.364,0.000,0.000,0.0000
412.710,-78.619,33.063,0.324,4.761,17.611,20.404,0.000,0.000,0.0000
412.720,-78.572,33.088,0.325,4.726,17.658,20.444,0.000,0.000,0.0000
412.730,-78.525,33.113,0.326,4.692,17.705,20.483,0.000,0.000,0.0000
412.740,-78.478,33.137,0.326,4.658,17.752,20.523,0.000,0.000,0.0000
412.750,-78.432,33.161,0.327,4.623,17.798,20.562,0.000,0.000,0.0000
412.760,-78.386,33.185,0.327,4.588,17.844,20.601,0.000,0.000,0.0000
412.770,-78.341,33.209,0.328,4.553,17.889,20.640,0.000,0.000,0.0000
412.780,-78.296,33.232,0.328,4.517,17.934,20.678,0.000,0.000,0.0000
412.790,-78.251,33.256,0.328,4.480,17.979,20.717,0.000,0.000,0.0000
412.800,-78.206,33.279,0.328,4.436,18.024,20.755,0.000,0.000,0.0000
412.810,-78.162,33.302,0.328,4.392,18.068,20.792,0.000,0.000,0.0000
412.820,-78.119,33.325,0.328,4.350,18.111,20.830,0.000,0.000,0.0000
412.830,-78.076,33.347,0.328,4.310,18.154,20.867,0.000,0.000,0.0000
412.840,-78.033,33.370,0.328,4.273,18.197,20.903,0.000,0.000,0.0000
412.850,-77.991,33.392,0.328,4.237,18.239,20.940,0.000,0.000,0.0000
412.860,-77.949,33.414,0.328,4.202,18.281,20.976,0.000,0.000,0.0000
412.870,-77.907,33.436,0.328,4.167,18.323,21.012,0.000,0.000,0.0000
412.880,-77.866,33.458,0.327,4.132,18.364,21.048,0.000,0.000,0.0000
412.890,-77.825,33.480,0.327,4.097,18.405,21.083,0.000,0.000,0.0000
412.900,-77.784,33.501,0.327,4.062,18.446,21.119,0.000,0.000,0.0000
412.910,-77.744,33.523,0.326,4.027,18.486,21.154,0.000,0.000,0.0000
412.920,-77.704,33.544,0.326,3.992,18.526,21.188,0.000,0.000,0.0000
412.930,-77.664,33.565,0.325,3.957,18.566,21.223,0.000,0.000,0.0000
412.940,-77.625,33.585,0.325,3.921,18.605,21.257,0.000,0.000,0.0000
412.950,-77.586,33.606,0.325,3.886,18.644,21.290,0.000,0.000,0.0000
412.960,-77.548,33.626,0.324,3.850,18.682,21.324,0.000,0.000,0.0000
412.970,-77.510,33.646,0.324,3.809,18.720,21.357,0.000,0.000,0.0000
412.980,-77.472,33.666,0.324,3.771,18.758,21.390,0.000,0.000,0.0000
412.990,-77.435,33.686,0.323,3.735,18.795,21.422,0.000,0.000,0.0000
413.000,-77.398,33.706,0.323,3.700,18.832,21.454,0.000,0.000,0.0000
413.010,-77.361,33.725,0.323,3.667,18.869,21.486,0.000,0.000,0.0000
413.020,-77.325,33.744,0.323,3.634,18.905,21.518,0.000,0.000,0.0000
413.030,-77.289,33.763,0.323,3.601,18.941,21.549,0.000,0.000,0.0000
413.040,-77.253,33.782,0.323,3.568,18.977,21.580,0.000,0.000,0.0000
413.050,-77.218,33.801,0.322,3.535,19.012,21.611,0.040,0.000,0.0080
413.060,-77.183,33.819,0.322,3.500,19.047,21.642,0.080,0.000,0.0160
413.070,-77.148,33.838,0.322,3.467,19.082,21.672,0.120,0.000,0.0240
413.080,-77.114,33.856,0.322,3.434,19.116,21.702,0.160,0.000,0.0320
413.090,-77.080,33.873,0.322,3.402,19.150,21.731,0.200,0.000,0.0400
413.100,-77.046,33.891,0.322,3.370,19.184,21.761,0.240,0.000,0.0480
413.110,-77.013,33.908,0.322,3.336,19.217,21.790,0.280,0.000,0.0560
413.120,-76.980,33.925,0.322,3.301,19.250,21.818,0.320,0.000,0.0640
413.130,-76.947,33.942,0.322,3.267,19.283,21.847,0.360,0.000,0.0720
413.140,-76.914,33.959,0.323,3.254,19.316,21.875,0.400,0.000,0.0800
413.150,-76.882,33.976,0.322,3.260,19.348,21.904,0.440,0.000,0.0880
413.160,-76.849,33.993,0.322,3.280,19.381,21.932,0.480,0.000,0.0960
413.170,-76.816,34.010,0.322,3.308,19.414,21.961,0.520,0.000,0.1040
413.180,-76.783,34.027,0.321,3.342,19.448,21.991,0.560,0.000,0.1120
413.190,-76.749,34.044,0.321,3.379,19.481,22.021,0.600,0.000,0.1200
413.200,-76.715,34.062,0.320,3.416,19.515,22.051,0.640,0.000,0.1280
413.210,-76.680,34.080,0.319,3.453,19.550,22.082,0.680,0.000,0.1360
413.220,-76.645,34.097,0.318,3.489,19.585,22.113,0.720,0.000,0.1440
413.230,-76.610,34.115,0.317,3.525,19.620,22.144,0.760,0.000,0.1520
413.240,-76.574,34.134,0.316,3.560,19.656,22.176,0.800,0.000,0.1600
413.250,-76.538,34.152,0.315,3.595,19.692,22.208,0.840,0.000,0.1680
413.260,-76.502,34.170,0.314,3.630,19.728,22.240,0.880,0.000,0.1760
413.270,-76.466,34.189,0.313,3.627,19.764,22.272,0.920,0.000,0.1840
413.280,-76.430,34.207,0.313,3.632,19.800,22.304,0.960,0.000,0.1920
413.290,-76.393,34.226,0.312,3.648,19.837,22.337,1.000,0.000,0.2000
413.300,-76.356,34.244,0.311,3.673,19.874,22.369,1.000,0.000,0.2080
413.310,-76.319,34.263,0.311,3.703,19.911,22.402,1.000,0.000,0.2160
413.320,-76.282,34.282,0.310,3.737,19.948,22.435,1.000,0.000,0.2240
413.330,-76.244,34.300,0.310,3.773,19.986,22.468,1.000,0.000,0.2320
413.340,-76.206,34.319,0.309,3.810,20.024,22.502,0.940,0.000,0.2400
413.350,-76.168,34.338,0.309,3.847,20.062,22.536,0.880,0.000,0.2480
413.360,-76.129,34.357,0.308,3.884,20.101,22.571,0.820,0.000,0.2560
413.370,-76.090,34.376,0.308,3.920,20.140,22.605,0.760,0.000,0.2640
413.380,-76.050,34.395,0.308,3.955,20.180,22.640,0.700,0.000,0.2720
413.390,-76.010,34.415,0.308,4.013,20.220,22.676,0.640,0.000,0.2800
413.400,-75.969,34.434,0.308,4.072,20.261,22.712,0.580,0.000,0.2880
413.410,-75.928,34.454,0.307,4.126,20.302,22.748,0.520,0.000,0.2960
413.420,-75.886,34.474,0.307,4.175,20.344,22.785,0.460,0.000,0.3040
413.430,-75.844,34.494,0.307,4.212,20.386,22.822,0.400,0.000,0.3120
413.440,-75.802,34.513,0.307,4.225,20.428,22.860,0.340,0.000,0.3200
413.450,-75.760,34.533,0.307,4.219,20.470,22.897,0.280,0.000,0.3280
413.460,-75.718,34.552,0.308,4.199,20.512,22.934,0.220,0.000,0.3360
413.470,-75.676,34.571,0.309,4.170,20.554,22.970,0.160,0.000,0.3440
413.480,-75.635,34.590,0.309,4.136,20.595,23.006,0.100,0.000,0.3520
413.490,-75.594,34.608,0.310,4.100,20.636,23.042,0.040,0.000,0.3600
413.500,-75.553,34.626,0.312,4.063,20.677,23.078,0.000,0.000,0.3680
413.510,-75.513,34.643,0.313,4.025,20.717,23.113,0.000,0.000,0.3760
413.520,-75.473,34.660,0.314,3.987,20.757,23.147,0.000,0.000,0.3840
413.530,-75.434,34.677,0.316,3.948,20.797,23.182,0.000,0.000,0.3920
413.540,-75.394,34.693,0.317,3.909,20.836,23.216,0.000,0.000,0.3620
413.550,-75.355,34.709,0.319,3.908,20.875,23.250,0.000,0.000,0.3320
413.560,-75.317,34.725,0.320,3.889,20.913,23.283,0.000,0.000,0.3400
413.570,-75.278,34.740,0.322,3.868,20.952,23.317,0.000,0.000,0.3480
413.580,-75.239,34.755,0.323,3.846,20.991,23.351,0.000,0.000,0.3560
413.590,-75.201,34.770,0.324,3.822,21.029,23.384,0.000,0.000,0.3640
413.600,-75.164,34.784,0.325,3.765,21.066,23.417,0.000,0.000,0.3720
413.610,-75.127,34.797,0.326,3.706,21.103,23.450,0.000,0.000,0.3800
413.620,-75.090,34.810,0.328,3.650,21.140,23.482,0.000,0.000,0.3880
413.630,-75.054,34.823,0.329,3.601,21.176,23.513,0.000,0.000,0.3960
413.640,-75.019,34.835,0.330,3.556,21.211,23.544,0.000,0.000,0.4040
413.650,-74.983,34.847,0.330,3.520,21.247,23.575,0.000,0.000,0.4120
413.660,-74.948,34.859,0.331,3.492,21.282,23.606,0.000,0.000,0.4200
413.670,-74.914,34.870,0.331,3.463,21.316,23.637,0.000,0.000,0.4280
413.680,-74.880,34.881,0.332,3.431,21.351,23.667,0.000,0.000,0.4360
413.690,-74.846,34.892,0.332,3.397,21.384,23.698,0.000,0.000,0.4440
413.700,-74.812,34.903,0.332,3.361,21.418,23.728,0.000,0.000,0.4520
413.710,-74.779,34.914,0.332,3.321,21.451,23.757,0.000,0.000,0.4600
413.720,-74.746,34.924,0.332,3.281,21.484,23.787,0.000,0.000,0.4300
413.730,-74.714,34.934,0.331,3.237,21.516,23.816,0.000,0.000,0.4000
413.740,-74.682,34.944,0.331,3.192,21.548,23.844,0.000,0.000,0.3700
413.750,-74.650,34.953,0.331,3.149,21.580,23.873,0.000,0.000,0.3400
413.760,-74.619,34.963,0.330,3.110,21.611,23.901,0.000,0.000,0.3100
413.770,-74.588,34.972,0.330,3.075,21.642,23.928,0.000,0.000,0.2800
413.780,-74.558,34.981,0.329,3.043,21.672,23.956,0.000,0.000,0.2500
413.790,-74.528,34.990,0.329,3.015,21.702,23.983,0.000,0.000,0.2200
413.800,-74.498,34.998,0.328,2.989,21.732,24.010,0.000,0.000,0.1900
413.810,-74.468,35.007,0.327,2.966,21.762,24.037,0.000,0.000,0.1600
413.820,-74.439,35.015,0.327,2.945,21.791,24.064,0.000,0.000,0.1300
413.830,-74.410,35.024,0.326,2.925,21.821,24.090,0.000,0.000,0.1000
413.840,-74.380,35.032,0.325,2.906,21.850,24.117,0.000,0.000,0.0700
413.850,-74.352,35.040,0.324,2.887,21.878,24.143,0.000,0.000,0.0400
413.860,-74.323,35.048,0.323,2.867,21.907,24.169,0.000,0.000,0.0100
413.870,-74.294,35.056,0.323,2.848,21.936,24.195,0.000,0.000,0.0000
413.880,-74.266,35.064,0.322,2.828,21.964,24.221,0.000,0.000,0.0000
413.890,-74.238,35.071,0.321,2.815,21.992,24.246,0.000,0.000,0.0000
413.900,-74.210,35.079,0.320,2.804,22.020,24.272,0.000,0.000,0.0000
413.910,-74.182,35.086,0.320,2.784,22.048,24.297,0.000,0.000,0.0000
413.920,-74.155,35.093,0.319,2.762,22.075,24.322,0.000,0.000,0.0000
413.930,-74.127,35.100,0.319,2.739,22.103,24.347,0.000,0.000,0.0000
413.940,-74.100,35.107,0.318,2.716,22.130,24.371,0.000,0.000,0.0000
413.950,-74.073,35.114,0.318,2.687,22.157,24.396,0.000,0.000,0.0000
413.960,-74.047,35.121,0.318,2.654,22.183,24.420,0.000,0.000,0.0000
413.970,-74.020,35.127,0.318,2.617,22.210,24.443,0.000,0.000,0.0000
413.980,-73.995,35.134,0.318,2.578,22.235,24.466,0.000,0.000,0.0000
413.990,-73.969,35.140,0.318,2.537,22.261,24.489,0.000,0.000,0.0000
414.000,-73.944,35.147,0.318,2.498,22.286,24.511,0.000,0.000,0.0000
414.010,-73.920,35.153,0.318,2.459,22.310,24.534,0.000,0.000,0.0000
414.020,-73.896,35.159,0.319,2.422,22.334,24.555,0.000,0.000,0.0000
414.030,-73.872,35.165,0.319,2.384,22.358,24.576,0.000,0.000,0.0000
414.040,-73.848,35.171,0.319,2.347,22.382,24.597,0.000,0.000,0.0000
414.050,-73.825,35.177,0.320,2.310,22.405,24.618,0.000,0.000,0.0000
414.060,-73.802,35.183,0.320,2.273,22.428,24.638,0.000,0.000,0.0000
414.070,-73.780,35.189,0.321,2.235,22.450,24.658,0.000,0.000,0.0000
414.080,-73.758,35.195,0.321,2.197,22.472,24.678,0.000,0.000,0.0000
414.090,-73.737,35.200,0.322,2.159,22.493,24.697,0.000,0.000,0.0000
414.100,-73.715,35.206,0.322,2.121,22.515,24.716,0.000,0.000,0.0000
414.110,-73.695,35.211,0.323,2.082,22.536,24.735,0.000,0.000,0.0000
414.120,-73.674,35.216,0.323,2.044,22.556,24.753,0.000,0.000,0.0000
414.130,-73.654,35.222,0.324,2.005,22.576,24.771,0.000,0.000,0.0000
414.140,-73.634,35.227,0.324,1.966,22.596,24.788,0.000,0.000,0.0000
414.150,-73.615,35.232,0.324,1.927,22.615,24.805,0.000,0.000,0.0000
414.160,-73.596,35.236,0.325,1.887,22.634,24.822,0.000,0.000,0.0000
414.170,-73.578,35.241,0.325,1.848,22.652,24.839,0.000,0.000,0.0000
414.180,-73.560,35.246,0.325,1.809,22.670,24.855,0.000,0.000,0.0000
414.190,-73.542,35.250,0.325,1.770,22.688,24.871,0.000,0.000,0.0000
414.200,-73.525,35.255,0.326,1.730,22.705,24.886,0.000,0.000,0.0000
414.210,-73.508,35.259,0.326,1.691,22.722,24.902,0.000,0.000,0.0000
414.220,-73.491,35.263,0.326,1.652,22.739,24.917,0.000,0.000,0.0000
414.230,-73.475,35.268,0.326,1.613,22.755,24.931,0.000,0.000,0.0000
414.240,-73.459,35.272,0.326,1.573,22.771,24.945,0.000,0.000,0.0000
414.250,-73.444,35.276,0.326,1.534,22.786,24.959,0.000,0.000,0.0000
414.260,-73.429,35.279,0.326,1.495,22.801,24.973,0.000,0.000,0.0000
414.270,-73.415,35.283,0.326,1.456,22.815,24.986,0.000,0.000,0.0000
414.280,-73.400,35.287,0.326,1.417,22.830,24.999,0.000,0.000,0.0000
414.290,-73.387,35.290,0.326,1.378,22.843,25.011,0.000,0.000,0.0000
414.300,-73.373,35.294,0.326,1.339,22.857,25.023,0.000,0.000,0.0000
414.310,-73.360,35.297,0.326,1.300,22.870,25.035,0.000,0.000,0.0000
414.320,-73.348,35.300,0.325,1.261,22.882,25.047,0.000,0.000,0.0000
414.330,-73.335,35.303,0.325,1.222,22.895,25.058,0.000,0.000,0.0000
414.340,-73.324,35.306,0.325,1.183,22.906,25.069,0.000,0.000,0.0000
414.350,-73.312,35.309,0.325,1.144,22.918,25.079,0.000,0.000,0.0000
414.360,-73.301,35.312,0.325,1.105,22.929,25.089,0.000,0.000,0.0000
414.370,-73.290,35.315,0.325,1.067,22.940,25.099,0.000,0.000,0.0000
414.380,-73.280,35.317,0.324,1.028,22.950,25.108,0.000,0.000,0.0000
414.390,-73.270,35.320,0.324,0.990,22.960,25.117,0.000,0.000,0.0000
414.400,-73.261,35.322,0.324,0.951,22.969,25.126,0.000,0.000,0.0000
414.410,-73.252,35.325,0.324,0.913,22.978,25.134,0.000,0.000,0.0000
414.420,-73.243,35.327,0.324,0.874,22.987,25.142,0.000,0.000,0.0000
414.430,-73.235,35.329,0.324,0.836,22.996,25.150,0.000,0.000,0.0000
414.440,-73.227,35.331,0.324,0.797,23.003,25.157,0.000,0.000,0.0000
414.450,-73.219,35.333,0.323,0.759,23.011,25.164,0.000,0.000,0.0000
414.460,-73.212,35.335,0.323,0.720,23.018,25.170,0.000,0.000,0.0000
414.470,-73.205,35.336,0.323,0.682,23.025,25.177,0.000,0.000,0.0000
414.480,-73.198,35.338,0.323,0.643,23.032,25.182,0.000,0.000,0.0000
414.490,-73.192,35.340,0.323,0.605,23.038,25.188,0.000,0.000,0.0000
414.500,-73.187,35.341,0.323,0.566,23.043,25.193,0.000,0.000,0.0000
414.510,-73.182,35.343,0.323,0.528,23.049,25.198,0.000,0.000,0.0000
414.520,-73.177,35.344,0.323,0.489,23.053,25.202,0.000,0.000,0.0000
414.530,-73.172,35.345,0.323,0.451,23.058,25.206,0.000,0.000,0.0000
414.540,-73.168,35.346,0.323,0.412,23.062,25.210,0.040,0.000,0.0000
414.550,-73.164,35.347,0.323,0.393,23.066,25.214,0.080,0.000,0.0000
414.560,-73.160,35.348,0.323,0.397,23.070,25.217,0.120,0.000,0.0000
414.570,-73.156,35.349,0.323,0.418,23.074,25.221,0.160,0.000,0.0000
414.580,-73.151,35.350,0.322,0.451,23.079,25.225,0.200,0.000,0.0000
414.590,-73.147,35.352,0.322,0.490,23.083,25.230,0.240,0.000,0.0000
414.600,-73.141,35.353,0.321,0.531,23.089,25.235,0.280,0.000,0.0000
414.610,-73.136,35.355,0.320,0.572,23.094,25.241,0.320,0.000,0.0000
414.620,-73.130,35.356,0.319,0.613,23.100,25.247,0.360,0.000,0.0000
414.630,-73.123,35.358,0.318,0.653,23.107,25.253,0.400,0.000,0.0000
414.640,-73.116,35.360,0.317,0.692,23.114,25.259,0.440,0.000,0.0000
414.650,-73.109,35.362,0.316,0.730,23.121,25.266,0.480,0.000,0.0000
414.660,-73.101,35.364,0.315,0.769,23.129,25.274,0.520,0.000,0.0000
414.670,-73.093,35.366,0.314,0.807,23.137,25.282,0.560,0.000,0.0000
414.680,-73.085,35.368,0.313,0.845,23.145,25.290,0.600,0.000,0.0000
414.690,-73.076,35.370,0.312,0.883,23.154,25.298,0.640,0.000,0.0000
414.700,-73.067,35.372,0.311,0.922,23.163,25.307,0.680,0.000,0.0000
414.710,-73.058,35.375,0.310,0.961,23.172,25.316,0.720,0.000,0.0000
414.720,-73.048,35.378,0.309,1.001,23.182,25.325,0.760,0.000,0.0000
414.730,-73.037,35.380,0.308,1.040,23.193,25.335,0.800,0.000,0.0000
414.740,-73.026,35.383,0.308,1.080,23.204,25.345,0.840,0.000,0.0000
414.750,-73.015,35.386,0.307,1.119,23.215,25.355,0.880,0.000,0.0000
414.760,-73.004,35.389,0.307,1.157,23.226,25.366,0.920,0.000,0.0000
414.770,-72.992,35.392,0.306,1.197,23.238,25.377,0.960,0.000,0.0000
414.780,-72.979,35.395,0.306,1.236,23.251,25.388,1.000,0.000,0.0000
414.790,-72.967,35.398,0.306,1.276,23.263,25.400,1.000,0.000,0.0000
414.800,-72.953,35.402,0.306,1.316,23.277,25.412,1.000,0.000,0.0000
414.810,-72.940,35.405,0.305,1.357,23.290,25.424,1.000,0.000,0.0000
414.820,-72.926,35.409,0.305,1.397,23.304,25.437,1.000,0.000,0.0000
414.830,-72.912,35.412,0.306,1.437,23.318,25.450,1.000,0.000,0.0000
414.840,-72.897,35.416,0.306,1.476,23.333,25.463,1.000,0.000,0.0000
414.850,-72.882,35.420,0.306,1.516,23.348,25.477,1.000,0.000,0.0000
414.860,-72.866,35.424,0.306,1.554,23.364,25.491,1.000,0.000,0.0000
414.870,-72.850,35.428,0.306,1.591,23.380,25.505,1.000,0.000,0.0000
414.880,-72.834,35.432,0.307,1.627,23.396,25.520,1.000,0.000,0.0000
414.890,-72.817,35.436,0.307,1.662,23.413,25.535,1.000,0.000,0.0000
414.900,-72.800,35.441,0.308,1.698,23.430,25.550,1.000,0.000,0.0000
414.910,-72.783,35.445,0.308,1.736,23.447,25.566,1.000,0.000,0.0000
414.920,-72.765,35.449,0.308,1.774,23.465,25.582,1.000,0.000,0.0000
414.930,-72.747,35.454,0.309,1.812,23.483,25.598,1.000,0.000,0.0000
414.940,-72.729,35.459,0.309,1.851,23.501,25.615,1.000,0.000,0.0000
414.950,-72.710,35.463,0.310,1.890,23.520,25.632,1.000,0.000,0.0000
414.960,-72.690,35.468,0.310,1.929,23.540,25.649,1.000,0.000,0.0000
414.970,-72.671,35.473,0.310,1.968,23.559,25.667,1.000,0.000,0.0000
414.980,-72.651,35.478,0.311,2.006,23.579,25.685,1.000,0.000,0.0000
414.990,-72.630,35.483,0.311,2.045,23.600,25.703,1.000,0.000,0.0000
415.000,-72.609,35.488,0.311,2.083,23.621,25.722,1.000,0.000,0.0000
415.010,-72.588,35.494,0.311,2.122,23.642,25.741,1.000,0.000,0.0000
415.020,-72.567,35.499,0.312,2.160,23.663,25.761,1.000,0.000,0.0000
415.030,-72.545,35.505,0.312,2.199,23.685,25.781,1.000,0.000,0.0000
415.040,-72.522,35.510,0.312,2.237,23.708,25.801,0.940,0.000,0.0000
415.050,-72.500,35.516,0.312,2.276,23.731,25.822,0.880,0.000,0.0000
415.060,-72.476,35.522,0.312,2.314,23.754,25.843,0.820,0.000,0.0000
415.070,-72.453,35.527,0.312,2.353,23.777,25.864,0.760,0.000,0.0000
415.080,-72.429,35.533,0.312,2.392,23.801,25.886,0.700,0.000,0.0000
415.090,-72.405,35.539,0.312,2.430,23.825,25.908,0.640,0.000,0.0000
415.100,-72.380,35.546,0.312,2.469,23.850,25.931,0.580,0.000,0.0000
415.110,-72.355,35.552,0.312,2.507,23.875,25.954,0.520,0.000,0.0000
415.120,-72.329,35.558,0.312,2.546,23.901,25.977,0.460,0.000,0.0000
415.130,-72.304,35.565,0.312,2.585,23.926,26.000,0.400,0.000,0.0000
415.140,-72.277,35.571,0.311,2.624,23.953,26.024,0.340,0.000,0.0000
415.150,-72.251,35.578,0.311,2.662,23.979,26.049,0.280,0.000,0.0000
415.160,-72.224,35.584,0.311,2.701,24.006,26.073,0.220,0.000,0.0000
415.170,-72.197,35.591,0.311,2.716,24.033,26.098,0.160,0.000,0.0000
415.180,-72.169,35.598,0.311,2.711,24.061,26.123,0.100,0.000,0.0000
415.190,-72.142,35.604,0.311,2.691,24.088,26.147,0.040,0.000,0.0000
415.200,-72.116,35.611,0.312,2.662,24.114,26.172,0.000,0.000,0.0000
415.210,-72.090,35.618,0.312,2.626,24.140,26.195,0.000,0.000,0.0000
415.220,-72.064,35.624,0.313,2.589,24.166,26.219,0.000,0.000,0.0000
415.230,-72.038,35.630,0.313,2.548,24.192,26.242,0.000,0.000,0.0000
415.240,-72.013,35.636,0.314,2.507,24.217,26.264,0.000,0.000,0.0000
415.250,-71.989,35.643,0.315,2.467,24.241,26.286,0.000,0.000,0.0000
415.260,-71.964,35.649,0.316,2.428,24.266,26.308,0.000,0.000,0.0000
415.270,-71.940,35.655,0.317,2.389,24.290,26.329,0.000,0.000,0.0000
415.280,-71.917,35.660,0.318,2.350,24.313,26.351,0.000,0.000,0.0000
415.290,-71.894,35.666,0.319,2.311,24.336,26.371,0.000,0.000,0.0000
415.300,-71.871,35.672,0.320,2.264,24.359,26.391,0.000,0.000,0.0000
415.310,-71.849,35.677,0.321,2.218,24.381,26.411,0.000,0.000,0.0000
415.320,-71.827,35.683,0.323,2.173,24.403,26.431,0.000,0.000,0.0000
415.330,-71.806,35.688,0.324,2.130,24.424,26.450,0.000,0.000,0.0000
415.340,-71.785,35.693,0.324,2.089,24.445,26.468,0.000,0.000,0.0000
415.350,-71.765,35.698,0.325,2.048,24.465,26.487,0.000,0.000,0.0000
415.360,-71.745,35.703,0.326,2.008,24.485,26.505,0.000,0.000,0.0000
415.370,-71.725,35.708,0.327,1.967,24.505,26.523,0.000,0.000,0.0000
415.380,-71.706,35.713,0.327,1.929,24.524,26.540,0.000,0.000,0.0000
415.390,-71.687,35.718,0.328,1.893,24.543,26.557,0.000,0.000,0.0000
415.400,-71.668,35.722,0.328,1.859,24.562,26.574,0.000,0.000,0.0000
415.410,-71.650,35.727,0.328,1.824,24.580,26.591,0.000,0.000,0.0000
415.420,-71.632,35.731,0.329,1.786,24.598,26.607,0.000,0.000,0.0000
415.430,-71.615,35.735,0.329,1.747,24.615,26.623,0.000,0.000,0.0000
415.440,-71.598,35.739,0.329,1.707,24.632,26.638,0.000,0.000,0.0000
415.450,-71.581,35.744,0.329,1.666,24.649,26.654,0.000,0.000,0.0000
415.460,-71.565,35.748,0.329,1.626,24.665,26.669,0.000,0.000,0.0000
415.470,-71.549,35.751,0.328,1.586,24.681,26.683,0.000,0.000,0.0000
415.480,-71.533,35.755,0.328,1.547,24.697,26.698,0.000,0.000,0.0000
415.490,-71.518,35.759,0.328,1.508,24.712,26.711,0.000,0.000,0.0000
415.500,-71.504,35.763,0.328,1.470,24.726,26.725,0.000,0.000,0.0000
415.510,-71.489,35.766,0.327,1.431,24.741,26.738,0.000,0.000,0.0000
415.520,-71.475,35.770,0.327,1.393,24.755,26.751,0.000,0.000,0.0000
415.530,-71.462,35.773,0.326,1.354,24.768,26.764,0.000,0.000,0.0000
415.540,-71.449,35.776,0.326,1.315,24.781,26.776,0.000,0.000,0.0000
415.550,-71.436,35.779,0.326,1.277,24.794,26.788,0.000,0.000,0.0000
415.560,-71.424,35.782,0.325,1.239,24.806,26.799,0.000,0.000,0.0000
415.570,-71.412,35.785,0.325,1.200,24.818,26.811,0.000,0.080,0.0000
415.580,-71.400,35.788,0.324,1.160,24.830,26.821,0.000,0.160,0.0000
415.590,-71.389,35.791,0.324,1.118,24.841,26.832,0.000,0.240,0.0000
415.600,-71.378,35.794,0.324,1.075,24.852,26.842,0.000,0.320,0.0000
415.610,-71.368,35.796,0.324,1.032,24.862,26.851,0.000,0.400,0.0000
415.620,-71.358,35.799,0.323,0.988,24.872,26.860,0.000,0.480,0.0000
415.630,-71.348,35.801,0.323,0.946,24.882,26.869,0.000,0.560,0.0000
415.640,-71.339,35.803,0.323,0.903,24.891,26.878,0.000,0.640,0.0000
415.650,-71.331,35.806,0.323,0.860,24.899,26.885,0.000,0.720,0.0000
415.660,-71.323,35.808,0.323,0.818,24.907,26.893,0.000,0.800,0.0000
415.670,-71.315,35.810,0.323,0.775,24.915,26.900,0.000,0.880,0.0000
415.680,-71.308,35.811,0.323,0.733,24.922,26.907,0.000,0.960,0.0000
415.690,-71.301,35.813,0.323,0.691,24.929,26.913,0.000,1.000,0.0000
415.700,-71.294,35.815,0.323,0.649,24.936,26.919,0.000,1.000,0.0000
415.710,-71.288,35.816,0.323,0.610,24.942,26.925,0.000,1.000,0.0000
415.720,-71.282,35.818,0.323,0.571,24.948,26.930,0.000,1.000,0.0000
415.730,-71.277,35.819,0.323,0.533,24.953,26.935,0.000,1.000,0.0000
415.740,-71.272,35.820,0.323,0.496,24.958,26.939,0.000,1.000,0.0000
415.750,-71.267,35.822,0.323,0.458,24.963,26.943,0.000,1.000,0.0000
415.760,-71.263,35.823,0.323,0.420,24.967,26.947,0.000,1.000,0.0000
415.770,-71.259,35.824,0.323,0.382,24.971,26.951,0.000,1.000,0.0000
415.780,-71.256,35.824,0.323,0.345,24.974,26.954,0.000,1.000,0.0000
415.790,-71.253,35.825,0.323,0.307,24.977,26.957,0.000,1.000,0.0000
415.800,-71.250,35.826,0.323,0.270,24.980,26.959,0.000,1.000,0.0000
415.810,-71.248,35.827,0.324,0.232,24.982,26.961,0.000,1.000,0.0000
415.820,-71.246,35.827,0.324,0.194,24.984,26.963,0.000,1.000,0.0000
415.830,-71.244,35.828,0.324,0.157,24.986,26.964,0.000,1.000,0.0000
415.840,-71.243,35.828,0.324,0.120,24.987,26.965,0.000,1.000,0.0000
415.850,-71.242,35.828,0.324,0.085,24.988,26.966,0.000,1.000,0.0000
415.860,-71.242,35.828,0.324,0.052,24.988,26.967,0.000,1.000,0.0000
415.870,-71.242,35.828,0.324,0.025,24.988,26.967,0.000,1.000,0.0000
415.880,-71.242,35.828,0.324,0.008,24.988,26.967,0.000,1.000,0.0000
415.890,-71.242,35.828,0.324,0.014,24.988,26.967,0.000,1.000,0.0000
415.900,-71.242,35.828,0.323,0.023,24.988,26.967,0.000,1.000,0.0000
415.910,-71.242,35.828,0.323,0.031,24.988,26.967,0.000,1.000,0.0000
415.920,-71.242,35.828,0.323,0.038,24.988,26.967,0.000,1.000,0.0000
415.930,-71.242,35.828,0.322,0.044,24.988,26.967,0.000,1.000,0.0000
415.940,-71.242,35.828,0.322,0.049,24.988,26.967,0.000,1.000,0.0000
415.950,-71.242,35.828,0.321,0.053,24.988,26.967,0.000,1.000,0.0000
415.960,-71.242,35.828,0.321,0.056,24.988,26.967,0.000,1.000,0.0000
415.970,-71.243,35.828,0.320,0.058,24.987,26.967,0.000,1.000,0.0000
415.980,-71.243,35.828,0.320,0.059,24.987,26.968,0.000,1.000,0.0000
415.990,-71.243,35.828,0.319,0.059,24.987,26.968,0.000,1.000,0.0000
416.000,-71.243,35.828,0.319,0.058,24.987,26.968,0.000,1.000,0.0000
416.010,-71.243,35.828,0.318,0.056,24.987,26.968,0.000,1.000,0.0000
416.020,-71.243,35.828,0.318,0.054,24.987,26.968,0.000,1.000,0.0000
416.030,-71.243,35.828,0.317,0.051,24.987,26.968,0.000,1.000,0.0000
416.040,-71.243,35.828,0.317,0.047,24.987,26.968,0.000,1.000,0.0000
416.050,-71.243,35.828,0.316,0.043,24.987,26.968,0.000,1.000,0.0000
416.060,-71.243,35.828,0.316,0.039,24.987,26.968,0.000,1.000,0.0000
416.070,-71.244,35.828,0.315,0.035,24.986,26.968,0.000,1.000,0.0000
416.080,-71.244,35.828,0.315,0.030,24.986,26.969,0.000,1.000,0.0000
416.090,-71.244,35.828,0.315,0.025,24.986,26.969,0.000,1.000,0.0000
416.100,-71.244,35.828,0.315,0.020,24.986,26.969,0.000,1.000,0.0000
416.110,-71.244,35.828,0.315,0.015,24.986,26.969,0.000,1.000,0.0000
416.120,-71.244,35.828,0.314,0.011,24.986,26.969,0.000,1.000,0.0000
416.130,-71.244,35.828,0.314,0.006,24.986,26.969,0.000,1.000,0.0000
416.140,-71.244,35.828,0.314,0.002,24.986,26.969,0.000,1.000,0.0000
416.150,-71.244,35.828,0.314,0.002,24.986,26.969,0.000,1.000,0.0000
416.160,-71.244,35.828,0.314,0.006,24.986,26.969,0.000,1.000,0.0000
416.170,-71.244,35.828,0.314,0.009,24.986,26.969,0.000,1.000,0.0000
416.180,-71.244,35.828,0.315,0.012,24.986,26.969,0.000,1.000,0.0000
416.190,-71.244,35.828,0.315,0.015,24.986,26.969,0.000,0.900,0.0000
416.200,-71.244,35.828,0.315,0.017,24.987,26.969,0.000,0.800,0.0000
416.210,-71.243,35.828,0.315,0.019,24.987,26.969,0.000,0.700,0.0000
416.220,-71.243,35.828,0.315,0.020,24.987,26.969,0.000,0.600,0.0000
416.230,-71.243,35.828,0.316,0.021,24.987,26.969,0.000,0.500,0.0000
416.240,-71.243,35.828,0.316,0.022,24.987,26.969,0.000,0.400,0.0000
416.250,-71.243,35.828,0.316,0.022,24.987,26.968,0.000,0.300,0.0000
416.260,-71.243,35.828,0.316,0.022,24.987,26.968,0.000,0.200,0.0000
416.270,-71.243,35.828,0.316,0.021,24.987,26.968,0.000,0.100,0.0000
416.280,-71.243,35.828,0.317,0.021,24.987,26.968,0.000,0.000,0.0000
416.290,-71.243,35.828,0.317,0.020,24.987,26.968,0.000,0.000,0.0000
416.300,-71.243,35.828,0.317,0.018,24.987,26.968,0.000,0.000,0.0000
416.310,-71.243,35.828,0.317,0.017,24.987,26.968,0.000,0.000,0.0000
416.320,-71.243,35.828,0.317,0.016,24.987,26.968,0.000,0.000,0.0000
416.330,-71.243,35.828,0.317,0.014,24.987,26.968,0.000,0.000,0.0000
416.340,-71.243,35.828,0.318,0.012,24.987,26.968,0.000,0.000,0.0000
416.350,-71.243,35.828,0.318,0.010,24.987,26.968,0.000,0.000,0.0000
416.360,-71.243,35.828,0.318,0.009,24.987,26.968,0.000,0.000,0.0000
416.370,-71.243,35.828,0.318,0.007,24.987,26.968,0.000,0.000,0.0000
416.380,-71.243,35.828,0.318,0.005,24.987,26.968,0.000,0.000,0.0000
416.390,-71.243,35.828,0.318,0.003,24.987,26.968,0.000,0.000,0.0000
416.400,-71.243,35.828,0.318,0.002,24.987,26.968,0.000,0.000,0.0000
416.410,-71.243,35.828,0.318,0.000,24.987,26.968,0.000,0.000,0.0000
416.420,-71.243,35.828,0.318,0.001,24.987,26.968,0.000,0.000,0.0000
416.430,-71.243,35.828,0.318,0.003,24.987,26.968,0.000,0.000,0.0000
416.440,-71.243,35.828,0.318,0.004,24.987,26.968,0.000,0.000,0.0000
416.450,-71.243,35.828,0.318,0.005,24.987,26.968,0.000,0.000,0.0000
416.460,-71.243,35.828,0.318,0.006,24.987,26.968,0.000,0.000,0.0000
416.470,-71.243,35.828,0.318,0.006,24.987,26.968,0.000,0.000,0.0000
416.480,-71.243,35.828,0.318,0.007,24.987,26.968,0.000,0.000,0.0000
416.490,-71.243,35.828,0.317,0.008,24.987,26.968,0.000,0.000,0.0000
416.500,-71.243,35.828,0.317,0.008,24.987,26.968,0.000,0.000,0.0000
416.510,-71.243,35.828,0.317,0.008,24.987,26.968,0.000,0.000,0.0000
416.520,-71.243,35.828,0.317,0.008,24.987,26.968,0.000,0.000,0.0000
416.530,-71.243,35.828,0.317,0.008,24.987,26.968,0.000,0.000,0.0000
416.540,-71.243,35.828,0.317,0.008,24.987,26.968,0.000,0.000,0.0000
416.550,-71.243,35.828,0.317,0.007,24.987,26.968,0.000,0.000,0.0000
416.560,-71.243,35.828,0.317,0.007,24.987,26.968,0.000,0.000,0.0000
416.570,-71.243,35.828,0.317,0.007,24.987,26.968,0.000,0.000,0.0000
416.580,-71.243,35.828,0.317,0.006,24.987,26.968,0.000,0.000,0.0000
416.590,-71.243,35.828,0.317,0.005,24.987,26.968,0.000,0.000,0.0000
416.600,-71.243,35.828,0.317,0.005,24.987,26.968,0.000,0.000,0.0000
416.610,-71.243,35.828,0.317,0.004,24.987,26.968,0.000,0.000,0.0000
416.620,-71.243,35.828,0.317,0.003,24.987,26.968,0.000,0.000,0.0000
416.630,-71.243,35.828,0.317,0.003,24.987,26.968,0.000,0.000,0.0000
416.640,-71.243,35.828,0.317,0.002,24.987,26.968,0.000,0.000,0.0000
416.650,-71.243,35.828,0.317,0.002,24.987,26.968,0.000,0.000,0.0000
416.660,-71.243,35.828,0.317,0.001,24.987,26.968,0.000,0.000,0.0000
416.670,-71.243,35.828,0.317,0.000,24.987,26.968,0.000,0.000,0.0000
416.680,-71.243,35.828,0.317,0.000,24.987,26.968,0.000,0.000,0.0000
416.690,-71.243,35.828,0.317,0.001,24.987,26.968,0.000,0.000,0.0000
416.700,-71.243,35.828,0.317,0.001,24.987,26.968,0.000,0.000,0.0000
416.710,-71.243,35.828,0.317,0.002,24.987,26.968,0.000,0.000,0.0000
416.720,-71.243,35.828,0.317,0.002,24.987,26.968,0.000,0.000,0.0000
416.730,-71.243,35.828,0.317,0.002,24.987,26.968,0.000,0.000,0.0000
416.740,-71.243,35.828,0.317,0.003,24.987,26.968,0.000,0.000,0.0000
416.750,-71.243,35.828,0.317,0.003,24.987,26.968,0.000,0.000,0.0000
416.760,-71.243,35.828,0.317,0.003,24.987,26.968,0.000,0.000,0.0000
416.770,-71.243,35.828,0.317,0.003,24.987,26.968,0.000,0.000,0.0000
416.780,-71.243,35.828,0.317,0.003,24.987,26.968,0.000,0.000,0.0000
416.790,-71.243,35.828,0.317,0.003,24.987,26.968,0.000,0.000,0.0000
416.800,-71.243,35.828,0.317,0.003,24.987,26.968,0.000,0.000,0.0000
416.810,-71.243,35.828,0.317,0.003,24.987,26.968,0.000,0.000,0.0000
416.820,-71.243,35.828,0.317,0.003,24.987,26.968,0.000,0.000,0.0000
416.830,-71.243,35.828,0.317,0.002,24.987,26.968,0.000,0.000,0.0000
416.840,-71.243,35.828,0.317,0.002,24.987,26.968,0.000,0.000,0.0000
416.850,-71.243,35.828,0.317,0.002,24.987,26.968,0.000,0.000,0.0000
416.860,-71.243,35.828,0.317,0.002,24.987,26.968,0.000,0.000,0.0000
416.870,-71.243,35.828,0.317,0.002,24.987,26.968,0.000,0.000,0.0000
416.880,-71.243,35.828,0.317,0.001,24.987,26.968,0.000,0.000,0.0000
416.890,-71.243,35.828,0.317,0.001,24.987,26.968,0.000,0.000,0.0000
416.900,-71.243,35.828,0.317,0.001,24.987,26.968,0.000,0.000,0.0000
416.910,-71.243,35.828,0.317,0.001,24.987,26.968,0.000,0.000,0.0000
416.920,-71.243,35.828,0.317,0.000,24.987,26.968,0.000,0.000,0.0000
416.930,-71.243,35.828,0.317,0.000,24.987,26.968,0.000,0.000,0.0000
416.940,-71.243,35.828,0.317,0.000,24.987,26.968,0.000,0.000,0.0000
416.950,-71.243,35.828,0.317,0.000,24.987,26.968,0.000,0.000,0.0000
416.960,-71.243,35.828,0.317,0.000,24.987,26.968,0.000,0.000,0.0000
416.970,-71.243,35.828,0.317,0.001,24.987,26.968,0.000,0.000,0.0000
416.980,-71.243,35.828,0.317,0.001,24.987,26.968,0.000,0.000,0.0000
416.990,-71.243,35.828,0.317,0.001,24.987,26.968,0.000,0.000,0.0000
417.000,-71.243,35.828,0.317,0.001,24.987,26.968,0.000,0.000,0.0000
417.010,-71.243,35.828,0.317,0.001,24.987,26.968,0.000,0.000,0.0000
417.020,-71.243,35.828,0.317,0.001,24.987,26.968,0.000,0.000,0.0000
417.030,-71.243,35.828,0.317,0.001,24.987,26.968,0.000,0.000,0.0000
417.040,-71.243,35.828,0.317,0.001,24.987,26.968,0.000,0.000,0.0000
417.050,-71.243,35.828,0.317,0.001,24.987,26.968,0.000,0.000,0.0000
417.060,-71.243,35.828,0.317,0.001,24.987,26.968,0.000,0.000,0.0000
417.070,-71.243,35.828,0.317,0.001,24.987,26.968,0.000,0.000,0.0000
417.080,-71.243,35.828,0.317,0.001,24.987,26.968,0.000,0.000,0.0000
417.090,-71.243,35.828,0.317,0.001,24.987,26.968,0.000,0.000,0.0000
417.100,-71.243,35.828,0.317,0.001,24.987,26.968,0.000,0.000,0.0000
417.110,-71.243,35.828,0.317,0.001,24.987,26.968,0.000,0.000,0.0000
417.120,-71.243,35.828,0.317,0.001,24.987,26.968,0.000,0.000,0.0000
417.130,-71.243,35.828,0.317,0.001,24.987,26.968,0.000,0.000,0.0000
417.140,-71.243,35.828,0.317,0.001,24.987,26.968,0.000,0.000,0.0000
417.150,-71.243,35.828,0.317,0.000,24.987,26.968,0.000,0.000,0.0000
417.160,-71.243,35.828,0.317,0.000,24.987,26.968,0.000,0.000,0.0000
417.170,-71.243,35.828,0.317,0.000,24.987,26.968,0.000,0.000,0.0000
417.180,-71.243,35.828,0.317,0.000,24.987,26.968,0.000,0.000,0.0000
417.190,-71.243,35.828,0.317,0.000,24.987,26.968,0.000,0.000,0.0000
417.200,-71.243,35.828,0.317,0.000,24.987,26.968,0.000,0.000,0.0000
417.210,-71.243,35.828,0.317,0.000,24.987,26.968,0.000,0.000,0.0000
417.220,-71.243,35.828,0.317,0.000,24.987,26.968,0.000,0.000,0.0000
417.230,-71.243,35.828,0.317,0.000,24.987,26.968,0.000,0.000,0.0000
417.240,-71.243,35.828,0.317,0.000,24.987,26.968,0.000,0.000,0.0000
417.250,-71.243,35.828,0.317,0.000,24.987,26.968,0.000,0.000,0.0000
417.260,-71.243,35.828,0.317,0.000,24.987,26.968,0.000,0.000,0.0000
417.270,-71.243,35.828,0.317,0.000,24.987,26.968,0.000,0.000,0.0000
417.280,-71.243,35.828,0.317,0.000,24.987,26.968,0.000,0.000,0.0000
417.290,-71.243,35.828,0.317,0.000,24.987,26.968,0.000,0.000,0.0000
417.300,-71.243,35.828,0.317,0.000,24.987,26.968,0.000,0.000,0.0000
417.310,-71.243,35.828,0.317,0.000,24.987,26.968,0.000,0.000,0.0000
417.320,-71.243,35.828,0.317,0.000,24.987,26.968,0.000,0.000,0.0000
417.330,-71.243,35.828,0.317,0.000,24.987,26.968,0.000,0.000,0.0000
417.340,-71.243,35.828,0.317,0.000,24.987,26.968,0.000,0.000,0.0000
417.350,-71.243,35.828,0.317,0.000,24.987,26.968,0.000,0.000,0.0000
417.360,-71.243,35.828,0.317,0.000,24.987,26.968,0.000,0.000,0.0000
417.370,-71.243,35.828,0.317,0.000,24.987,26.968,0.000,0.000,0.0000
417.380,-71.243,35.828,0.317,0.000,24.987,26.968,0.000,0.000,0.0000
417.390,-71.243,35.828,0.317,0.000,24.987,26.968,0.000,0.000,0.0000
417.400,-71.243,35.828,0.317,0.000,24.987,26.968,0.000,0.000,0.0000
417.410,-71.243,35.828,0.317,0.000,24.987,26.968,0.000,0.000,0.0000
417.420,-71.243,35.828,0.317,0.000,24.987,26.968,0.000,0.000,0.0000
417.430,-71.243,35.828,0.317,0.000,24.987,26.968,0.000,0.000,0.0000
417.440,-71.243,35.828,0.317,0.000,24.987,26.968,0.000,0.000,0.0000
417.450,-71.243,35.828,0.317,0.000,24.987,26.968,0.000,0.000,0.0000
417.460,-71.243,35.828,0.317,0.000,24.987,26.968,0.000,0.000,0.0000
417.470,-71.243,35.828,0.317,0.000,24.987,26.968,0.000,0.000,0.0000
417.480,-71.243,35.828,0.317,0.000,24.987,26.968,0.000,0.000,0.0000
417.490,-71.243,35.828,0.317,0.000,24.987,26.968,0.000,0.000,0.0000
417.500,-71.243,35.828,0.317,0.000,24.987,26.968,0.000,0.000,0.0000
417.510,-71.243,35.828,0.317,0.000,24.987,26.968,0.000,0.000,0.0000
417.520,-71.243,35.828,0.317,0.000,24.987,26.968,0.000,0.000,0.0000
417.530,-71.243,35.828,0.317,0.000,24.987,26.968,0.000,0.000,0.0000
417.540,-71.243,35.828,0.317,0.000,24.987,26.968,0.000,0.000,0.0000
417.550,-71.243,35.828,0.317,0.000,24.987,26.968,0.000,0.000,0.0000
417.560,-71.243,35.828,0.317,0.000,24.987,26.968,0.000,0.000,0.0000
417.570,-71.243,35.828,0.317,0.000,24.987,26.968,0.000,0.000,0.0000
417.580,-71.243,35.828,0.317,0.000,24.987,26.968,0.000,0.000,0.0000
417.590,-71.243,35.828,0.317,0.000,24.987,26.968,0.000,0.000,0.0000
417.600,-71.243,35.828,0.317,0.000,24.987,26.968,0.000,0.000,0.0000
417.610,-71.243,35.828,0.317,0.000,24.987,26.968,0.000,0.000,0.0000
417.620,-71.243,35.828,0.317,0.000,24.987,26.968,0.000,0.000,0.0000
417.630,-71.243,35.828,0.317,0.000,24.987,26.968,0.000,0.000,0.0000
417.640,-71.243,35.828,0.317,0.000,24.987,26.968,0.000,0.000,0.0000
417.650,-71.243,35.828,0.317,0.000,24.987,26.968,0.000,0.000,0.0000
417.660,-71.243,35.828,0.317,0.000,24.987,26.968,0.000,0.000,0.0000
417.670,-71.243,35.828,0.317,0.000,24.987,26.968,0.000,0.000,0.0000
417.680,-71.243,35.828,0.317,0.000,24.987,26.968,0.000,0.000,0.0000
417.690,-71.243,35.828,0.317,0.000,24.987,26.968,0.000,0.000,0.0000
417.700,-71.243,35.828,0.317,0.000,24.987,26.968,0.000,0.000,0.0000
417.710,-71.243,35.828,0.317,0.000,24.987,26.968,0.000,0.000,0.0000
417.720,-71.243,35.828,0.317,0.000,24.987,26.968,0.000,0.000,0.0000
417.730,-71.243,35.828,0.317,0.000,24.987,26.968,0.000,0.000,0.0000
417.740,-71.243,35.828,0.317,0.000,24.987,26.968,0.000,0.000,0.0000
417.750,-71.243,35.828,0.317,0.000,24.987,26.968,0.000,0.000,0.0000
417.760,-71.243,35.828,0.317,0.000,24.987,26.968,0.000,0.000,0.0000
417.770,-71.243,35.828,0.317,0.000,24.987,26.968,0.000,0.000,0.0000
417.780,-71.243,35.828,0.317,0.000,24.987,26.968,0.000,0.000,0.0000
417.790,-71.243,35.828,0.317,0.000,24.987,26.968,0.000,0.000,0.0000
417.800,-71.243,35.828,0.317,0.000,24.987,26.968,0.000,0.000,0.0000
417.810,-71.243,35.828,0.317,0.000,24.987,26.968,0.000,0.000,0.0000
417.820,-71.243,35.828,0.317,0.000,24.987,26.968,0.000,0.000,0.0000
417.830,-71.243,35.828,0.317,0.000,24.987,26.968,0.000,0.000,0.0000
417.840,-71.243,35.828,0.317,0.000,24.987,26.968,0.000,0.000,0.0000
417.850,-71.243,35.828,0.317,0.000,24.987,26.968,0.000,0.000,0.0000
417.860,-71.243,35.828,0.317,0.000,24.987,26.968,0.000,0.000,0.0000
417.870,-71.243,35.828,0.317,0.000,24.987,26.968,0.000,0.000,0.0000
417.880,-71.243,35.828,0.317,0.000,24.987,26.968,0.000,0.000,0.0000
417.890,-71.243,35.828,0.317,0.000,24.987,26.968,0.000,0.000,0.0000
417.900,-71.243,35.828,0.317,0.000,24.987,26.968,0.000,0.000,0.0000
417.910,-71.243,35.828,0.317,0.000,24.987,26.968,0.000,0.000,0.0000
417.920,-71.243,35.828,0.317,0.000,24.987,26.968,0.000,0.000,0.0000
417.930,-71.243,35.828,0.317,0.000,24.987,26.968,0.000,0.000,0.0000
417.940,-71.243,35.828,0.317,0.000,24.987,26.968,0.000,0.000,0.0000
417.950,-71.243,35.828,0.317,0.000,24.987,26.968,0.000,0.000,0.0000
417.960,-71.243,35.828,0.317,0.000,24.987,26.968,0.000,0.000,0.0000
417.970,-71.243,35.828,0.317,0.000,24.987,26.968,0.000,0.000,0.0000
417.980,-71.243,35.828,0.317,0.000,24.987,26.968,0.000,0.000,0.0000
417.990,-71.243,35.828,0.317,0.000,24.987,26.968,0.000,0.000,0.0000
418.000,-71.243,35.828,0.317,0.000,24.987,26.968,0.000,0.000,0.0000
418.010,-71.243,35.828,0.317,0.000,24.987,26.968,0.000,0.000,0.0000
418.020,-71.243,35.828,0.317,0.000,24.987,26.968,0.000,0.000,0.0000
418.030,-71.243,35.828,0.317,0.000,24.987,26.968,0.000,0.000,0.0000
418.040,-71.243,35.828,0.317,0.000,24.987,26.968,0.000,0.000,0.0000
418.050,-71.243,35.828,0.317,0.000,24.987,26.968,0.000,0.000,0.0000
418.060,-71.243,35.828,0.317,0.000,24.987,26.968,0.000,0.000,0.0000
418.070,-71.243,35.828,0.317,0.000,24.987,26.968,0.000,0.000,0.0000
418.080,-71.243,35.828,0.317,0.000,24.987,26.968,0.000,0.000,0.0000
418.090,-71.243,35.828,0.317,0.000,24.987,26.968,0.000,0.000,0.0000
418.100,-71.243,35.828,0.317,0.000,24.987,26.968,0.000,0.000,0.0000
418.110,-71.243,35.828,0.317,0.000,24.987,26.968,0.000,0.000,0.0000
418.120,-71.243,35.828,0.317,0.000,24.987,26.968,0.000,0.000,0.0000
418.130,-71.243,35.828,0.317,0.000,24.987,26.968,0.000,0.000,0.0000
418.140,-71.243,35.828,0.317,0.000,24.987,26.968,0.000,0.000,0.0000
418.150,-71.243,35.828,0.317,0.000,24.987,26.968,0.000,0.000,0.0000
418.160,-71.243,35.828,0.317,0.000,24.987,26.968,0.000,0.000,0.0000
418.170,-71.243,35.828,0.317,0.000,24.987,26.968,0.000,0.000,0.0000
418.180,-71.243,35.828,0.317,0.000,24.987,26.968,0.000,0.000,0.0000
418.190,-71.243,35.828,0.317,0.000,24.987,26.968,0.000,0.000,0.0000
418.200,-71.243,35.828,0.317,0.000,24.987,26.968,0.000,0.000,0.0000
418.210,-71.243,35.828,0.317,0.000,24.987,26.968,0.000,0.000,0.0000
418.220,-71.243,35.828,0.317,0.000,24.987,26.968,0.000,0.000,0.0000
418.230,-71.243,35.828,0.317,0.000,24.987,26.968,0.000,0.000,0.0000
418.240,-71.243,35.828,0.317,0.000,24.987,26.968,0.000,0.000,0.0000
418.250,-71.243,35.828,0.317,0.000,24.987,26.968,0.000,0.000,0.0000
418.260,-71.243,35.828,0.317,0.000,24.987,26.968,0.000,0.000,0.0000
418.270,-71.243,35.828,0.317,0.000,24.987,26.968,0.000,0.000,0.0000
418.280,-71.243,35.828,0.317,0.000,24.987,26.968,0.000,0.000,0.0000
418.290,-71.243,35.828,0.317,0.000,24.987,26.968,0.000,0.000,0.0000
418.300,-71.243,35.828,0.317,0.000,24.987,26.968,0.000,0.000,0.0000
418.310,-71.243,35.828,0.317,0.000,24.987,26.968,0.000,0.000,0.0000
418.320,-71.243,35.828,0.317,0.000,24.987,26.968,0.000,0.000,0.0000
418.330,-71.243,35.828,0.317,0.000,24.987,26.968,0.000,0.000,0.0000
418.340,-71.243,35.828,0.317,0.000,24.987,26.968,0.000,0.000,0.0000
418.350,-71.243,35.828,0.317,0.000,24.987,26.968,0.000,0.000,0.0000
418.360,-71.243,35.828,0.317,0.000,24.987,26.968,0.000,0.000,0.0000
418.370,-71.243,35.828,0.317,0.000,24.987,26.968,0.000,0.000,0.0000
418.380,-71.243,35.828,0.317,0.000,24.987,26.968,0.000,0.000,0.0000
418.390,-71.243,35.828,0.317,0.000,24.987,26.968,0.000,0.000,0.0000
418.400,-71.243,35.828,0.317,0.000,24.987,26.968,0.000,0.000,0.0000
418.410,-71.243,35.828,0.317,0.000,24.987,26.968,0.000,0.000,0.0000
418.420,-71.243,35.828,0.317,0.000,24.987,26.968,0.000,0.000,0.0000
418.430,-71.243,35.828,0.317,0.000,24.987,26.968,0.000,0.000,0.0000
418.440,-71.243,35.828,0.317,0.000,24.987,26.968,0.000,0.000,0.0000
418.450,-71.243,35.828,0.317,0.000,24.987,26.968,0.000,0.000,0.0000
418.460,-71.243,35.828,0.317,0.000,24.987,26.968,0.000,0.000,0.0000
418.470,-71.243,35.828,0.317,0.000,24.987,26.968,0.000,0.000,0.0000
418.480,-71.243,35.828,0.317,0.000,24.987,26.968,0.000,0.000,0.0000
418.490,-71.243,35.828,0.317,0.000,24.987,26.968,0.000,0.000,0.0000
418.500,-71.243,35.828,0.317,0.000,24.987,26.968,0.000,0.000,0.0000
418.510,-71.243,35.828,0.317,0.000,24.987,26.968,0.000,0.000,0.0000
418.520,-71.243,35.828,0.317,0.000,24.987,26.968,0.000,0.000,0.0000
418.530,-71.243,35.828,0.317,0.000,24.987,26.968,0.000,0.000,0.0000
418.540,-71.243,35.828,0.317,0.000,24.987,26.968,0.000,0.000,0.0000
418.550,-71.243,35.828,0.317,0.000,24.987,26.968,0.000,0.000,0.0000
418.560,-71.243,35.828,0.317,0.000,24.987,26.968,0.000,0.000,0.0000
418.570,-71.243,35.828,0.317,0.000,24.987,26.968,0.000,0.000,0.0000
418.580,-71.243,35.828,0.317,0.000,24.987,26.968,0.000,0.000,0.0000
418.590,-71.243,35.828,0.317,0.000,24.987,26.968,0.000,0.000,0.0000
418.600,-71.243,35.828,0.317,0.000,24.987,26.968,0.000,0.000,0.0000
418.610,-71.243,35.828,0.317,0.000,24.987,26.968,0.000,0.000,0.0000
418.620,-71.243,35.828,0.317,0.000,24.987,26.968,0.000,0.000,0.0000
418.630,-71.243,35.828,0.317,0.000,24.987,26.968,0.000,0.000,0.0000
418.640,-71.243,35.828,0.317,0.000,24.987,26.968,0.000,0.000,0.0000
418.650,-71.243,35.828,0.317,0.000,24.987,26.968,0.000,0.000,0.0000
418.660,-71.243,35.828,0.317,0.000,24.987,26.968,0.000,0.000,0.0000
418.670,-71.243,35.828,0.317,0.000,24.987,26.968,0.000,0.000,0.0000
418.680,-71.243,35.828,0.317,0.000,24.987,26.968,0.000,0.000,0.0000
418.690,-71.243,35.828,0.317,0.000,24.987,26.968,0.000,0.000,0.0000
418.700,-71.243,35.828,0.317,0.000,24.987,26.968,0.000,0.000,0.0000
418.710,-71.243,35.828,0.317,0.000,24.987,26.968,0.000,0.000,0.0000
418.720,-71.243,35.828,0.317,0.000,24.987,26.968,0.000,0.000,0.0000
418.730,-71.243,35.828,0.317,0.000,24.987,26.968,0.000,0.000,0.0000
418.740,-71.243,35.828,0.317,0.000,24.987,26.968,0.000,0.000,0.0000
418.750,-71.243,35.828,0.317,0.000,24.987,26.968,0.000,0.000,0.0000
418.760,-71.243,35.828,0.317,0.000,24.987,26.968,0.000,0.000,0.0000
418.770,-71.243,35.828,0.317,0.000,24.987,26.968,0.000,0.000,0.0000
418.780,-71.243,35.828,0.317,0.000,24.987,26.968,0.000,0.000,0.0000
418.790,-71.243,35.828,0.317,0.000,24.987,26.968,0.000,0.000,0.0000
418.800,-71.243,35.828,0.317,0.000,24.987,26.968,0.000,0.000,0.0000
418.810,-71.243,35.828,0.317,0.000,24.987,26.968,0.000,0.000,0.0000
418.820,-71.243,35.828,0.317,0.000,24.987,26.968,0.000,0.000,0.0000
418.830,-71.243,35.828,0.317,0.000,24.987,26.968,0.000,0.000,0.0000
418.840,-71.243,35.828,0.317,0.000,24.987,26.968,0.000,0.000,0.0000
418.850,-71.243,35.828,0.317,0.000,24.987,26.968,0.000,0.000,0.0000
418.860,-71.243,35.828,0.317,0.000,24.987,26.968,0.000,0.000,0.0000
418.870,-71.243,35.828,0.317,0.000,24.987,26.968,0.000,0.000,0.0000
418.880,-71.243,35.828,0.317,0.000,24.987,26.968,0.000,0.000,0.0000
418.890,-71.243,35.828,0.317,0.000,24.987,26.968,0.000,0.000,0.0000
418.900,-71.243,35.828,0.317,0.000,24.987,26.968,0.000,0.000,0.0000
418.910,-71.243,35.828,0.317,0.000,24.987,26.968,0.000,0.000,0.0000
418.920,-71.243,35.828,0.317,0.000,24.987,26.968,0.000,0.000,0.0000
418.930,-71.243,35.828,0.317,0.000,24.987,26.968,0.000,0.000,0.0000
418.940,-71.243,35.828,0.317,0.000,24.987,26.968,0.000,0.000,0.0000
418.950,-71.243,35.828,0.317,0.000,24.987,26.968,0.000,0.000,0.0000
418.960,-71.243,35.828,0.317,0.000,24.987,26.968,0.000,0.000,0.0000
418.970,-71.243,35.828,0.317,0.000,24.987,26.968,0.000,0.000,0.0000
418.980,-71.243,35.828,0.317,0.000,24.987,26.968,0.000,0.000,0.0000
418.990,-71.243,35.828,0.317,0.000,24.987,26.968,0.000,0.000,0.0000
419.000,-71.243,35.828,0.317,0.000,24.987,26.968,0.000,0.000,0.0000
419.010,-71.243,35.828,0.317,0.000,24.987,26.968,0.000,0.000,0.0000
419.020,-71.243,35.828,0.317,0.000,24.987,26.968,0.000,0.000,0.0000
419.030,-71.243,35.828,0.317,0.000,24.987,26.968,0.000,0.000,0.0000
419.040,-71.243,35.828,0.317,0.000,24.987,26.968,0.000,0.000,0.0000
419.050,-71.243,35.828,0.317,0.000,24.987,26.968,0.000,0.000,0.0000
419.060,-71.243,35.828,0.317,0.000,24.987,26.968,0.000,0.000,0.0000
419.070,-71.243,35.828,0.317,0.000,24.987,26.968,0.000,0.000,0.0000
419.080,-71.243,35.828,0.317,0.000,24.987,26.968,0.000,0.000,0.0000
419.090,-71.243,35.828,0.317,0.000,24.987,26.968,0.000,0.000,0.0000
419.100,-71.243,35.828,0.317,0.000,24.987,26.968,0.000,0.000,0.0000
419.110,-71.243,35.828,0.317,0.000,24.987,26.968,0.000,0.000,0.0000
419.120,-71.243,35.828,0.317,0.000,24.987,26.968,0.000,0.000,0.0000
419.130,-71.243,35.828,0.317,0.000,24.987,26.968,0.000,0.000,0.0000
419.140,-71.243,35.828,0.317,0.000,24.987,26.968,0.000,0.000,0.0000
419.150,-71.243,35.828,0.317,0.000,24.987,26.968,0.000,0.000,0.0000
419.160,-71.243,35.828,0.317,0.000,24.987,26.968,0.000,0.000,0.0000
419.170,-71.243,35.828,0.317,0.000,24.987,26.968,0.000,0.000,0.0000
419.180,-71.243,35.828,0.317,0.000,24.987,26.968,0.000,0.000,0.0000
419.190,-71.243,35.828,0.317,0.000,24.987,26.968,0.000,0.000,0.0000
419.200,-71.243,35.828,0.317,0.000,24.987,26.968,0.000,0.000,0.0000
419.210,-71.243,35.828,0.317,0.000,24.987,26.968,0.000,0.000,0.0000
419.220,-71.243,35.828,0.317,0.000,24.987,26.968,0.000,0.000,0.0000
419.230,-71.243,35.828,0.317,0.000,24.987,26.968,0.000,0.000,0.0000
419.240,-71.243,35.828,0.317,0.000,24.987,26.968,0.000,0.000,0.0000
419.250,-71.243,35.828,0.317,0.000,24.987,26.968,0.000,0.000,0.0000
419.260,-71.243,35.828,0.317,0.000,24.987,26.968,0.000,0.000,0.0000
419.270,-71.243,35.828,0.317,0.000,24.987,26.968,0.000,0.000,0.0000
419.280,-71.243,35.828,0.317,0.000,24.987,26.968,0.000,0.000,0.0000
419.290,-71.243,35.828,0.317,0.000,24.987,26.968,0.000,0.000,0.0000
419.300,-71.243,35.828,0.317,0.000,24.987,26.968,0.000,0.000,0.0000
419.310,-71.243,35.828,0.317,0.000,24.987,26.968,0.000,0.000,0.0000
419.320,-71.243,35.828,0.317,0.000,24.987,26.968,0.000,0.000,0.0000
419.330,-71.243,35.828,0.317,0.000,24.987,26.968,0.000,0.000,0.0000
419.340,-71.243,35.828,0.317,0.000,24.987,26.968,0.000,0.000,0.0000
419.350,-71.243,35.828,0.317,0.000,24.987,26.968,0.000,0.000,0.0000
419.360,-71.243,35.828,0.317,0.000,24.987,26.968,0.000,0.000,0.0000
419.370,-71.243,35.828,0.317,0.000,24.987,26.968,0.000,0.000,0.0000
419.380,-71.243,35.828,0.317,0.000,24.987,26.968,0.000,0.000,0.0000
419.390,-71.243,35.828,0.317,0.000,24.987,26.968,0.000,0.000,0.0000
419.400,-71.243,35.828,0.317,0.000,24.987,26.968,0.000,0.000,0.0000
419.410,-71.243,35.828,0.317,0.000,24.987,26.968,0.000,0.000,0.0000
419.420,-71.243,35.828,0.317,0.000,24.987,26.968,0.000,0.000,0.0000
419.430,-71.243,35.828,0.317,0.000,24.987,26.968,0.000,0.000,0.0000
419.440,-71.243,35.828,0.317,0.000,24.987,26.968,0.000,0.000,0.0000
419.450,-71.243,35.828,0.317,0.000,24.987,26.968,0.000,0.000,0.0000
419.460,-71.243,35.828,0.317,0.000,24.987,26.968,0.000,0.000,0.0000
419.470,-71.243,35.828,0.317,0.000,24.987,26.968,0.000,0.000,0.0000
419.480,-71.243,35.828,0.317,0.000,24.987,26.968,0.000,0.000,0.0000
419.490,-71.243,35.828,0.317,0.000,24.987,26.968,0.000,0.000,0.0000
419.500,-71.243,35.828,0.317,0.000,24.987,26.968,0.000,0.000,0.0000
419.510,-71.243,35.828,0.317,0.000,24.987,26.968,0.000,0.000,0.0000
419.520,-71.243,35.828,0.317,0.000,24.987,26.968,0.000,0.000,0.0000
419.530,-71.243,35.828,0.317,0.000,24.987,26.968,0.000,0.000,0.0000
419.540,-71.243,35.828,0.317,0.000,24.987,26.968,0.000,0.000,0.0000
419.550,-71.243,35.828,0.317,0.000,24.987,26.968,0.000,0.000,0.0000
419.560,-71.243,35.828,0.317,0.000,24.987,26.968,0.000,0.000,0.0000
419.570,-71.243,35.828,0.317,0.000,24.987,26.968,0.000,0.000,0.0000
419.580,-71.243,35.828,0.317,0.000,24.987,26.968,0.000,0.000,0.0000
419.590,-71.243,35.828,0.317,0.000,24.987,26.968,0.000,0.000,0.0000
419.600,-71.243,35.828,0.317,0.000,24.987,26.968,0.000,0.000,0.0000
419.610,-71.243,35.828,0.317,0.000,24.987,26.968,0.000,0.000,0.0000
419.620,-71.243,35.828,0.317,0.000,24.987,26.968,0.000,0.000,0.0000
419.630,-71.243,35.828,0.317,0.000,24.987,26.968,0.000,0.000,0.0000
419.640,-71.243,35.828,0.317,0.000,24.987,26.968,0.000,0.000,0.0000
419.650,-71.243,35.828,0.317,0.000,24.987,26.968,0.000,0.000,0.0000
419.660,-71.243,35.828,0.317,0.000,24.987,26.968,0.000,0.000,0.0000
419.670,-71.243,35.828,0.317,0.000,24.987,26.968,0.000,0.000,0.0000
419.680,-71.243,35.828,0.317,0.000,24.987,26.968,0.000,0.000,0.0000
419.690,-71.243,35.828,0.317,0.000,24.987,26.968,0.000,0.000,0.0000
419.700,-71.243,35.828,0.317,0.000,24.987,26.968,0.000,0.000,0.0000
419.710,-71.243,35.828,0.317,0.000,24.987,26.968,0.000,0.000,0.0000
419.720,-71.243,35.828,0.317,0.000,24.987,26.968,0.000,0.000,0.0000
419.730,-71.243,35.828,0.317,0.000,24.987,26.968,0.000,0.000,0.0000
419.740,-71.243,35.828,0.317,0.000,24.987,26.968,0.000,0.000,0.0000
419.750,-71.243,35.828,0.317,0.000,24.987,26.968,0.000,0.000,0.0000
419.760,-71.243,35.828,0.317,0.000,24.987,26.968,0.000,0.000,0.0000
419.770,-71.243,35.828,0.317,0.000,24.987,26.968,0.000,0.000,0.0000
419.780,-71.243,35.828,0.317,0.000,24.987,26.968,0.000,0.000,0.0000
419.790,-71.243,35.828,0.317,0.000,24.987,26.968,0.000,0.000,0.0000
419.800,-71.243,35.828,0.317,0.000,24.987,26.968,0.000,0.000,0.0000
419.810,-71.243,35.828,0.317,0.000,24.987,26.968,0.000,0.000,0.0000
419.820,-71.243,35.828,0.317,0.000,24.987,26.968,0.000,0.000,0.0000
419.830,-71.243,35.828,0.317,0.000,24.987,26.968,0.000,0.000,0.0000
419.840,-71.243,35.828,0.317,0.000,24.987,26.968,0.000,0.000,0.0000
419.850,-71.243,35.828,0.317,0.000,24.987,26.968,0.000,0.000,0.0000
419.860,-71.243,35.828,0.317,0.000,24.987,26.968,0.000,0.000,0.0000
419.870,-71.243,35.828,0.317,0.000,24.987,26.968,0.000,0.000,0.0000
419.880,-71.243,35.828,0.317,0.000,24.987,26.968,0.000,0.000,0.0000
419.890,-71.243,35.828,0.317,0.000,24.987,26.968,0.000,0.000,0.0000
419.900,-71.243,35.828,0.317,0.000,24.987,26.968,0.000,0.000,0.0000
419.910,-71.243,35.828,0.317,0.000,24.987,26.968,0.000,0.000,0.0000
419.920,-71.243,35.828,0.317,0.000,24.987,26.968,0.000,0.000,0.0000
419.930,-71.243,35.828,0.317,0.000,24.987,26.968,0.000,0.000,0.0000
419.940,-71.243,35.828,0.317,0.000,24.987,26.968,0.000,0.000,0.0000
419.950,-71.243,35.828,0.317,0.000,24.987,26.968,0.000,0.000,0.0000
419.960,-71.243,35.828,0.317,0.000,24.987,26.968,0.000,0.000,0.0000
419.970,-71.243,35.828,0.317,0.000,24.987,26.968,0.000,0.000,0.0000
419.980,-71.243,35.828,0.317,0.000,24.987,26.968,0.000,0.000,0.0000
419.990,-71.243,35.828,0.317,0.000,24.987,26.968,0.000,0.000,0.0000
420.000,-71.243,35.828,0.317,0.000,24.987,26.968,0.000,0.000,0.0000
420.010,-71.243,35.828,0.317,0.000,24.987,26.968,0.000,0.000,0.0000
420.020,-71.243,35.828,0.317,0.000,24.987,26.968,0.000,0.000,0.0000
420.030,-71.243,35.828,0.317,0.000,24.987,26.968,0.000,0.000,0.0000
420.040,-71.243,35.828,0.317,0.000,24.987,26.968,0.000,0.000,0.0000
420.050,-71.243,35.828,0.317,0.000,24.987,26.968,0.000,0.000,0.0000
420.060,-71.243,35.828,0.317,0.000,24.987,26.968,0.000,0.000,0.0000
420.070,-71.243,35.828,0.317,0.000,24.987,26.968,0.000,0.000,0.0000
420.080,-71.243,35.828,0.317,0.000,24.987,26.968,0.000,0.000,0.0000
420.090,-71.243,35.828,0.317,0.000,24.987,26.968,0.000,0.000,0.0000
420.100,-71.243,35.828,0.317,0.000,24.987,26.968,0.000,0.000,0.0000
420.110,-71.243,35.828,0.317,0.000,24.987,26.968,0.000,0.000,0.0000
420.120,-71.243,35.828,0.317,0.000,24.987,26.968,0.000,0.000,0.0000
420.130,-71.243,35.828,0.317,0.000,24.987,26.968,0.000,0.000,0.0000
420.140,-71.243,35.828,0.317,0.000,24.987,26.968,0.000,0.000,0.0000
420.150,-71.243,35.828,0.317,0.000,24.987,26.968,0.000,0.000,0.0000
420.160,-71.243,35.828,0.317,0.000,24.987,26.968,0.000,0.000,0.0000
420.170,-71.243,35.828,0.317,0.000,24.987,26.968,0.000,0.000,0.0000
420.180,-71.243,35.828,0.317,0.000,24.987,26.968,0.000,0.000,0.0000
420.190,-71.243,35.828,0.317,0.000,24.987,26.968,0.000,0.000,0.0000
420.200,-71.243,35.828,0.317,0.000,24.987,26.968,0.000,0.000,0.0000
420.210,-71.243,35.828,0.317,0.000,24.987,26.968,0.000,0.000,0.0000
420.220,-71.243,35.828,0.317,0.000,24.987,26.968,0.000,0.000,0.0000
420.230,-71.243,35.828,0.317,0.000,24.987,26.968,0.000,0.000,0.0000
420.240,-71.243,35.828,0.317,0.000,24.987,26.968,0.000,0.000,0.0000
420.250,-71.243,35.828,0.317,0.000,24.987,26.968,0.000,0.000,0.0000
420.260,-71.243,35.828,0.317,0.000,24.987,26.968,0.000,0.000,0.0000
420.270,-71.243,35.828,0.317,0.000,24.987,26.968,0.000,0.000,0.0000
420.280,-71.243,35.828,0.317,0.000,24.987,26.968,0.000,0.000,0.0000
420.290,-71.243,35.828,0.317,0.000,24.987,26.968,0.000,0.000,0.0000
420.300,-71.243,35.828,0.317,0.000,24.987,26.968,0.000,0.000,0.0000
420.310,-71.243,35.828,0.317,0.000,24.987,26.968,0.000,0.000,0.0000
420.320,-71.243,35.828,0.317,0.000,24.987,26.968,0.000,0.000,0.0000
420.330,-71.243,35.828,0.317,0.000,24.987,26.968,0.000,0.000,0.0000
420.340,-71.243,35.828,0.317,0.000,24.987,26.968,0.000,0.000,0.0000
420.350,-71.243,35.828,0.317,0.000,24.987,26.968,0.000,0.000,0.0000
420.360,-71.243,35.828,0.317,0.000,24.987,26.968,0.000,0.000,0.0000
420.370,-71.243,35.828,0.317,0.000,24.987,26.968,0.000,0.000,0.0000
420.380,-71.243,35.828,0.317,0.000,24.987,26.968,0.000,0.000,0.0000
420.390,-71.243,35.828,0.317,0.000,24.987,26.968,0.000,0.000,0.0000
420.400,-71.243,35.828,0.317,0.000,24.987,26.968,0.000,0.000,0.0000
420.410,-71.243,35.828,0.317,0.000,24.987,26.968,0.000,0.000,0.0000
420.420,-71.243,35.828,0.317,0.000,24.987,26.968,0.000,0.000,0.0080
420.430,-71.243,35.828,0.317,0.000,24.987,26.968,0.000,0.000,0.0160
420.440,-71.243,35.828,0.317,0.000,24.987,26.968,0.000,0.000,0.0240
420.450,-71.243,35.828,0.317,0.000,24.987,26.968,0.000,0.000,0.0320
420.460,-71.243,35.828,0.317,0.000,24.987,26.968,0.000,0.000,0.0400
420.470,-71.243,35.828,0.317,0.001,24.987,26.968,0.000,0.000,0.0480
420.480,-71.243,35.828,0.317,0.001,24.987,26.968,0.000,0.000,0.0560
420.490,-71.243,35.828,0.317,0.001,24.987,26.968,0.000,0.000,0.0640
420.500,-71.243,35.828,0.317,0.001,24.987,26.968,0.000,0.000,0.0720
420.510,-71.243,35.828,0.317,0.001,24.987,26.968,0.000,0.000,0.0800
420.520,-71.243,35.828,0.317,0.001,24.987,26.968,0.000,0.000,0.0880
420.530,-71.243,35.827,0.317,0.001,24.987,26.968,0.000,0.000,0.0960
420.540,-71.243,35.827,0.317,0.001,24.987,26.968,0.000,0.000,0.1040
420.550,-71.243,35.827,0.317,0.001,24.987,26.968,0.000,0.000,0.1120
420.560,-71.243,35.827,0.317,0.001,24.987,26.968,0.000,0.000,0.1200
420.570,-71.243,35.827,0.317,0.001,24.987,26.968,0.000,0.000,0.1280
420.580,-71.243,35.827,0.317,0.001,24.987,26.968,0.000,0.000,0.1360
420.590,-71.243,35.827,0.317,0.001,24.987,26.968,0.000,0.000,0.1440
420.600,-71.243,35.827,0.317,0.001,24.987,26.968,0.000,0.000,0.1520
420.610,-71.243,35.827,0.317,0.001,24.987,26.968,0.000,0.000,0.1600
420.620,-71.243,35.827,0.317,0.001,24.987,26.968,0.000,0.000,0.1680
420.630,-71.243,35.827,0.317,0.001,24.987,26.968,0.000,0.000,0.1760
420.640,-71.243,35.827,0.317,0.001,24.987,26.968,0.000,0.000,0.1840
420.650,-71.243,35.827,0.317,0.001,24.987,26.968,0.000,0.000,0.1920
420.660,-71.243,35.827,0.317,0.001,24.987,26.969,0.000,0.000,0.2000
420.670,-71.243,35.827,0.317,0.001,24.987,26.969,0.000,0.000,0.2080
420.680,-71.243,35.827,0.317,0.001,24.987,26.969,0.000,0.000,0.2160
420.690,-71.243,35.827,0.317,0.001,24.987,26.969,0.000,0.000,0.2240
420.700,-71.243,35.827,0.317,0.001,24.987,26.969,0.000,0.000,0.2320
420.710,-71.243,35.827,0.317,0.001,24.987,26.969,0.000,0.000,0.2400
420.720,-71.243,35.827,0.317,0.001,24.987,26.969,0.000,0.000,0.2480
420.730,-71.243,35.827,0.317,0.001,24.987,26.969,0.000,0.000,0.2560
420.740,-71.243,35.827,0.317,0.001,24.987,26.969,0.000,0.000,0.2640
420.750,-71.243,35.827,0.317,0.001,24.987,26.969,0.000,0.000,0.2720
420.760,-71.243,35.827,0.317,0.001,24.987,26.969,0.000,0.000,0.2800
420.770,-71.243,35.827,0.317,0.001,24.987,26.969,0.000,0.000,0.2880
420.780,-71.243,35.827,0.317,0.001,24.987,26.969,0.000,0.000,0.2960
420.790,-71.243,35.827,0.317,0.001,24.987,26.969,0.000,0.000,0.3040
420.800,-71.243,35.827,0.317,0.001,24.987,26.969,0.000,0.000,0.3120
420.810,-71.243,35.827,0.317,0.001,24.987,26.969,0.000,0.000,0.3200
420.820,-71.243,35.827,0.317,0.001,24.987,26.969,0.000,0.000,0.3280
420.830,-71.243,35.827,0.317,0.001,24.987,26.969,0.000,0.000,0.3360
420.840,-71.243,35.827,0.317,0.001,24.987,26.969,0.000,0.000,0.3440
420.850,-71.243,35.827,0.317,0.001,24.987,26.969,0.000,0.000,0.3520
420.860,-71.243,35.827,0.317,0.001,24.987,26.969,0.000,0.000,0.3600
420.870,-71.243,35.827,0.317,0.001,24.987,26.969,0.000,0.000,0.3680
420.880,-71.243,35.827,0.317,0.001,24.987,26.969,0.000,0.000,0.3760
420.890,-71.243,35.827,0.317,0.001,24.987,26.969,0.000,0.000,0.3840
420.900,-71.243,35.826,0.317,0.001,24.987,26.969,0.000,0.000,0.3920
420.910,-71.243,35.826,0.317,0.001,24.987,26.969,0.000,0.000,0.4000
420.920,-71.243,35.826,0.317,0.001,24.987,26.969,0.000,0.000,0.4080
420.930,-71.243,35.826,0.317,0.001,24.987,26.969,0.040,0.000,0.4160
420.940,-71.242,35.826,0.317,0.014,24.988,26.969,0.080,0.000,0.4240
420.950,-71.242,35.826,0.317,0.038,24.988,26.969,0.120,0.000,0.4320
420.960,-71.241,35.827,0.317,0.069,24.989,26.970,0.160,0.000,0.4400
420.970,-71.240,35.827,0.316,0.102,24.990,26.971,0.200,0.000,0.4480
420.980,-71.239,35.827,0.316,0.138,24.991,26.972,0.240,0.000,0.4560
420.990,-71.237,35.827,0.316,0.173,24.993,26.974,0.280,0.000,0.4640
421.000,-71.235,35.828,0.315,0.208,24.995,26.976,0.320,0.000,0.4720
421.010,-71.233,35.828,0.315,0.242,24.997,26.978,0.360,0.000,0.4800
421.020,-71.230,35.829,0.314,0.275,25.000,26.981,0.400,0.000,0.4880
421.030,-71.227,35.830,0.314,0.307,25.003,26.984,0.440,0.000,0.4960
421.040,-71.224,35.830,0.313,0.339,25.006,26.987,0.480,0.000,0.5000
421.050,-71.220,35.831,0.313,0.372,25.010,26.991,0.520,0.000,0.5000
421.060,-71.216,35.832,0.312,0.405,25.014,26.995,0.560,0.000,0.5000
421.070,-71.212,35.833,0.312,0.439,25.018,26.999,0.600,0.000,0.5000
421.080,-71.207,35.834,0.312,0.474,25.023,27.003,0.640,0.000,0.5000
421.090,-71.202,35.835,0.311,0.509,25.028,27.008,0.580,0.000,0.5000
421.100,-71.197,35.837,0.311,0.543,25.033,27.013,0.520,0.000,0.5000
421.110,-71.191,35.838,0.310,0.577,25.039,27.019,0.460,0.000,0.5000
421.120,-71.185,35.839,0.310,0.610,25.045,27.025,0.400,0.000,0.5000
421.130,-71.178,35.841,0.310,0.644,25.052,27.031,0.340,0.000,0.5000
421.140,-71.172,35.842,0.310,0.677,25.058,27.037,0.280,0.000,0.5000
421.150,-71.164,35.844,0.309,0.710,25.066,27.043,0.220,0.000,0.5000
421.160,-71.157,35.845,0.309,0.743,25.073,27.050,0.160,0.000,0.5000
421.170,-71.149,35.847,0.309,0.775,25.081,27.058,0.100,0.000,0.5000
421.180,-71.141,35.848,0.309,0.807,25.089,27.065,0.040,0.000,0.5000
421.190,-71.133,35.850,0.309,0.817,25.097,27.072,0.000,0.000,0.5000
421.200,-71.125,35.852,0.309,0.809,25.105,27.080,0.000,0.000,0.5000
421.210,-71.117,35.853,0.310,0.787,25.113,27.087,0.000,0.000,0.5000
421.220,-71.110,35.855,0.310,0.759,25.120,27.094,0.000,0.000,0.5000
421.230,-71.102,35.856,0.311,0.726,25.128,27.100,0.000,0.000,0.5000
421.240,-71.095,35.858,0.311,0.693,25.135,27.106,0.000,0.000,0.5000
421.250,-71.089,35.859,0.312,0.660,25.141,27.112,0.000,0.000,0.5000
421.260,-71.083,35.860,0.313,0.628,25.147,27.117,0.000,0.000,0.5000
421.270,-71.077,35.861,0.314,0.596,25.153,27.122,0.000,0.000,0.5000
421.280,-71.071,35.862,0.315,0.564,25.159,27.127,0.000,0.000,0.5000
421.290,-71.066,35.863,0.317,0.532,25.164,27.131,0.000,0.000,0.5000
421.300,-71.061,35.864,0.318,0.500,25.169,27.135,0.000,0.000,0.5000
421.310,-71.057,35.865,0.319,0.467,25.173,27.139,0.000,0.000,0.5000
421.320,-71.052,35.865,0.320,0.434,25.178,27.142,0.000,0.000,0.5000
421.330,-71.049,35.866,0.321,0.399,25.181,27.145,0.000,0.000,0.5000
421.340,-71.045,35.866,0.322,0.363,25.185,27.148,0.000,0.000,0.5000
421.350,-71.042,35.867,0.323,0.327,25.188,27.151,0.000,0.000,0.5000
421.360,-71.039,35.867,0.324,0.290,25.191,27.153,0.000,0.000,0.5000
421.370,-71.037,35.868,0.324,0.253,25.193,27.155,0.000,0.000,0.5000
421.380,-71.035,35.868,0.325,0.216,25.195,27.157,0.000,0.000,0.5000
421.390,-71.033,35.869,0.326,0.179,25.197,27.158,0.000,0.000,0.5000
421.400,-71.032,35.869,0.326,0.141,25.198,27.159,0.000,0.000,0.4700
421.410,-71.031,35.869,0.327,0.106,25.199,27.160,0.000,0.000,0.4400
421.420,-71.030,35.869,0.327,0.075,25.200,27.160,0.000,0.000,0.4100
421.430,-71.030,35.869,0.327,0.048,25.200,27.160,0.000,0.000,0.3800
421.440,-71.029,35.869,0.327,0.032,25.201,27.161,0.000,0.000,0.3500
421.450,-71.029,35.869,0.327,0.031,25.201,27.161,0.000,0.000,0.3200
421.460,-71.029,35.869,0.327,0.043,25.201,27.161,0.000,0.000,0.2900
421.470,-71.028,35.869,0.326,0.060,25.202,27.162,0.000,0.000,0.2600
421.480,-71.028,35.869,0.326,0.079,25.202,27.163,0.000,0.000,0.2300
421.490,-71.027,35.869,0.325,0.099,25.203,27.164,0.000,0.000,0.2000
421.500,-71.026,35.870,0.324,0.119,25.204,27.165,0.000,0.000,0.1700
421.510,-71.025,35.870,0.323,0.138,25.205,27.166,0.000,0.000,0.1400
421.520,-71.024,35.870,0.322,0.156,25.206,27.168,0.000,0.000,0.1100
421.530,-71.023,35.870,0.321,0.172,25.207,27.169,0.000,0.000,0.0800
421.540,-71.021,35.870,0.320,0.186,25.209,27.171,0.000,0.000,0.0500
421.550,-71.020,35.871,0.319,0.199,25.210,27.173,0.000,0.000,0.0200
421.560,-71.018,35.871,0.318,0.211,25.212,27.175,0.000,0.000,0.0000
421.570,-71.016,35.871,0.317,0.217,25.214,27.177,0.000,0.000,0.0000
421.580,-71.014,35.872,0.316,0.212,25.216,27.179,0.000,0.000,0.0000
421.590,-71.012,35.872,0.315,0.198,25.218,27.181,0.000,0.000,0.0000
421.600,-71.011,35.872,0.314,0.179,25.219,27.183,0.000,0.000,0.0000
421.610,-71.009,35.873,0.314,0.157,25.221,27.185,0.000,0.000,0.0000
421.620,-71.008,35.873,0.313,0.135,25.222,27.186,0.000,0.000,0.0000
421.630,-71.007,35.873,0.313,0.114,25.223,27.187,0.000,0.000,0.0000
421.640,-71.006,35.873,0.313,0.095,25.224,27.188,0.000,0.000,0.0000
421.650,-71.005,35.873,0.313,0.079,25.225,27.189,0.000,0.000,0.0000
421.660,-71.004,35.873,0.313,0.065,25.226,27.189,0.000,0.000,0.0000
421.670,-71.004,35.873,0.313,0.056,25.226,27.190,0.040,0.000,0.0000
421.680,-71.003,35.873,0.313,0.061,25.227,27.190,0.080,0.000,0.0000
421.690,-71.002,35.873,0.313,0.079,25.228,27.191,0.120,0.000,0.0000
421.700,-71.001,35.874,0.313,0.106,25.229,27.192,0.160,0.000,0.0000
421.710,-71.000,35.874,0.313,0.139,25.230,27.193,0.200,0.000,0.0000
421.720,-70.998,35.874,0.313,0.176,25.232,27.195,0.240,0.000,0.0000
421.730,-70.996,35.875,0.313,0.213,25.234,27.197,0.280,0.000,0.0000
421.740,-70.994,35.875,0.313,0.251,25.236,27.199,0.320,0.000,0.0000
421.750,-70.991,35.876,0.313,0.289,25.239,27.202,0.360,0.000,0.0000
421.760,-70.987,35.876,0.313,0.326,25.243,27.205,0.400,0.000,0.0000
421.770,-70.984,35.877,0.313,0.363,25.246,27.208,0.440,0.000,0.0000
421.780,-70.980,35.878,0.313,0.400,25.250,27.212,0.480,0.000,0.0000
421.790,-70.975,35.879,0.313,0.437,25.255,27.216,0.520,0.000,0.0000
421.800,-70.971,35.880,0.312,0.474,25.259,27.220,0.560,0.000,0.0000
421.810,-70.966,35.881,0.312,0.511,25.264,27.225,0.600,0.000,0.0000
421.820,-70.960,35.882,0.312,0.549,25.270,27.230,0.640,0.000,0.0000
421.830,-70.954,35.883,0.312,0.587,25.276,27.236,0.680,0.000,0.0000
421.840,-70.948,35.884,0.311,0.625,25.282,27.242,0.720,0.000,0.0000
421.850,-70.941,35.886,0.311,0.663,25.289,27.248,0.760,0.000,0.0000
421.860,-70.934,35.887,0.311,0.701,25.296,27.254,0.800,0.000,0.0000
421.870,-70.927,35.889,0.311,0.740,25.303,27.261,0.840,0.000,0.0000
421.880,-70.919,35.890,0.310,0.779,25.311,27.268,0.880,0.000,0.0000
421.890,-70.911,35.892,0.310,0.818,25.319,27.276,0.920,0.000,0.0000
421.900,-70.902,35.894,0.310,0.857,25.328,27.284,0.960,0.000,0.0000
421.910,-70.893,35.896,0.310,0.896,25.337,27.292,1.000,0.000,0.0000
421.920,-70.884,35.898,0.310,0.935,25.346,27.301,1.000,0.000,0.0080
421.930,-70.874,35.900,0.310,0.973,25.356,27.310,1.000,0.000,0.0160
421.940,-70.864,35.902,0.309,1.010,25.366,27.319,1.000,0.000,0.0240
421.950,-70.854,35.904,0.309,1.047,25.376,27.329,1.000,0.000,0.0320
421.960,-70.843,35.906,0.309,1.083,25.387,27.339,1.000,0.000,0.0400
421.970,-70.832,35.909,0.309,1.119,25.398,27.349,1.000,0.000,0.0480
421.980,-70.820,35.911,0.309,1.156,25.410,27.360,1.000,0.000,0.0560
421.990,-70.808,35.914,0.309,1.192,25.422,27.371,1.000,0.000,0.0640
422.000,-70.796,35.916,0.309,1.229,25.434,27.382,1.000,0.000,0.0720
422.010,-70.783,35.919,0.309,1.266,25.447,27.394,1.000,0.000,0.0800
422.020,-70.770,35.921,0.309,1.304,25.460,27.406,1.000,0.000,0.0880
422.030,-70.757,35.924,0.309,1.346,25.473,27.418,1.000,0.000,0.0960
422.040,-70.743,35.927,0.310,1.387,25.487,27.431,1.000,0.000,0.1040
422.050,-70.729,35.930,0.310,1.428,25.501,27.444,1.000,0.000,0.1120
422.060,-70.714,35.933,0.310,1.467,25.516,27.458,1.000,0.000,0.1200
422.070,-70.699,35.936,0.310,1.506,25.531,27.471,1.000,0.000,0.1280
422.080,-70.684,35.939,0.310,1.545,25.546,27.486,1.000,0.000,0.1360
422.090,-70.668,35.942,0.310,1.583,25.562,27.500,1.000,0.000,0.1440
422.100,-70.652,35.946,0.310,1.621,25.578,27.515,1.000,0.000,0.1520
422.110,-70.635,35.949,0.310,1.659,25.595,27.530,1.000,0.000,0.1600
422.120,-70.618,35.952,0.310,1.697,25.612,27.546,1.000,0.000,0.1680
422.130,-70.601,35.956,0.310,1.735,25.629,27.562,1.000,0.000,0.1760
422.140,-70.583,35.959,0.310,1.773,25.647,27.578,1.000,0.000,0.1840
422.150,-70.565,35.963,0.310,1.810,25.665,27.595,1.000,0.000,0.1920
422.160,-70.546,35.967,0.310,1.848,25.684,27.612,1.000,0.000,0.2000
422.170,-70.527,35.970,0.310,1.886,25.703,27.629,1.000,0.000,0.2080
422.180,-70.508,35.974,0.311,1.923,25.722,27.647,1.000,0.000,0.2160
422.190,-70.489,35.978,0.311,1.960,25.741,27.665,1.000,0.000,0.2240
422.200,-70.469,35.981,0.311,1.998,25.761,27.683,1.000,0.000,0.2320
422.210,-70.448,35.985,0.311,2.035,25.782,27.702,1.000,0.000,0.2400
422.220,-70.428,35.989,0.311,2.072,25.802,27.721,1.000,0.000,0.2480
422.230,-70.407,35.993,0.311,2.109,25.823,27.741,1.000,0.000,0.2560
422.240,-70.385,35.997,0.311,2.145,25.845,27.760,1.000,0.000,0.2640
422.250,-70.363,36.001,0.311,2.182,25.867,27.781,1.000,0.000,0.2720
422.260,-70.341,36.005,0.311,2.218,25.889,27.801,1.000,0.000,0.2800
422.270,-70.319,36.009,0.311,2.254,25.911,27.822,1.000,0.000,0.2880
422.280,-70.296,36.013,0.311,2.290,25.934,27.843,1.000,0.000,0.2960
422.290,-70.272,36.017,0.311,2.326,25.958,27.864,1.000,0.000,0.3040
422.300,-70.249,36.021,0.311,2.361,25.981,27.886,1.000,0.000,0.3120
422.310,-70.225,36.026,0.311,2.396,26.005,27.908,1.000,0.000,0.3200
422.320,-70.200,36.030,0.311,2.431,26.030,27.931,1.000,0.000,0.3280
422.330,-70.176,36.034,0.311,2.466,26.054,27.954,1.000,0.000,0.3360
422.340,-70.151,36.038,0.311,2.500,26.079,27.977,1.000,0.000,0.3440
422.350,-70.125,36.042,0.311,2.534,26.105,28.000,1.000,0.000,0.3520
422.360,-70.100,36.046,0.311,2.567,26.130,28.024,0.940,0.000,0.3600
422.370,-70.074,36.050,0.311,2.602,26.156,28.048,0.880,0.000,0.3680
422.380,-70.047,36.054,0.311,2.637,26.183,28.072,0.820,0.000,0.3760
422.390,-70.021,36.058,0.311,2.672,26.209,28.097,0.760,0.000,0.3840
422.400,-69.994,36.063,0.311,2.708,26.236,28.122,0.700,0.000,0.3920
422.410,-69.966,36.067,0.311,2.744,26.264,28.147,0.640,0.000,0.4000
422.420,-69.938,36.071,0.311,2.780,26.292,28.173,0.580,0.000,0.4080
422.430,-69.910,36.075,0.311,2.813,26.320,28.199,0.520,0.000,0.4160
422.440,-69.882,36.079,0.311,2.845,26.348,28.225,0.460,0.000,0.4240
422.450,-69.853,36.083,0.311,2.875,26.377,28.252,0.400,0.000,0.4320
422.460,-69.824,36.086,0.311,2.904,26.406,28.279,0.340,0.000,0.4400
422.470,-69.795,36.090,0.311,2.932,26.435,28.306,0.280,0.000,0.4480
422.480,-69.765,36.094,0.312,2.959,26.465,28.333,0.220,0.000,0.4560
422.490,-69.735,36.098,0.312,2.966,26.495,28.361,0.160,0.000,0.4640
422.500,-69.706,36.101,0.312,2.955,26.524,28.388,0.100,0.000,0.4720
422.510,-69.677,36.105,0.312,2.927,26.553,28.415,0.040,0.000,0.4800
422.520,-69.648,36.108,0.313,2.888,26.582,28.441,0.000,0.000,0.4880
422.530,-69.619,36.111,0.314,2.841,26.611,28.467,0.000,0.000,0.4960
422.540,-69.591,36.114,0.314,2.790,26.639,28.493,0.000,0.000,0.5000
422.550,-69.564,36.117,0.315,2.738,26.666,28.518,0.000,0.000,0.5000
422.560,-69.537,36.119,0.316,2.687,26.693,28.542,0.000,0.000,0.4700
422.570,-69.511,36.121,0.318,2.633,26.719,28.566,0.000,0.000,0.4400
422.580,-69.485,36.124,0.319,2.578,26.745,28.590,0.000,0.000,0.4100
422.590,-69.460,36.126,0.320,2.528,26.770,28.613,0.000,0.000,0.3800
422.600,-69.435,36.128,0.321,2.482,26.795,28.635,0.000,0.000,0.3500
422.610,-69.411,36.129,0.322,2.437,26.819,28.658,0.000,0.000,0.3200
422.620,-69.387,36.131,0.323,2.394,26.843,28.679,0.000,0.000,0.2900
422.630,-69.363,36.133,0.324,2.353,26.867,28.701,0.000,0.000,0.2600
422.640,-69.340,36.134,0.325,2.313,26.890,28.722,0.000,0.000,0.2300
422.650,-69.318,36.136,0.326,2.274,26.912,28.743,0.000,0.000,0.2000
422.660,-69.295,36.137,0.327,2.237,26.935,28.763,0.000,0.000,0.1700
422.670,-69.273,36.139,0.328,2.201,26.957,28.783,0.000,0.000,0.1400
422.680,-69.252,36.140,0.328,2.163,26.978,28.803,0.000,0.000,0.1100
422.690,-69.230,36.141,0.329,2.117,27.000,28.823,0.000,0.000,0.0800
422.700,-69.210,36.143,0.329,2.067,27.020,28.842,0.000,0.000,0.0500
422.710,-69.190,36.144,0.329,2.016,27.040,28.860,0.000,0.000,0.0200
422.720,-69.170,36.145,0.330,1.967,27.060,28.878,0.000,0.000,0.0000
422.730,-69.151,36.146,0.330,1.924,27.079,28.896,0.000,0.000,0.0000
422.740,-69.132,36.147,0.330,1.895,27.098,28.914,0.000,0.000,0.0000
422.750,-69.113,36.148,0.330,1.874,27.117,28.931,0.000,0.000,0.0000
422.760,-69.094,36.149,0.330,1.857,27.136,28.949,0.000,0.000,0.0000
422.770,-69.076,36.150,0.329,1.843,27.154,28.966,0.000,0.000,0.0000
422.780,-69.058,36.151,0.329,1.828,27.172,28.983,0.000,0.000,0.0000
422.790,-69.040,36.152,0.328,1.810,27.190,29.000,0.000,0.000,0.0000
422.800,-69.022,36.153,0.328,1.791,27.208,29.017,0.000,0.000,0.0000
422.810,-69.004,36.154,0.327,1.769,27.226,29.034,0.000,0.000,0.0000
422.820,-68.987,36.155,0.326,1.744,27.243,29.050,0.000,0.000,0.0000
422.830,-68.969,36.156,0.325,1.718,27.261,29.066,0.000,0.000,0.0000
422.840,-68.953,36.157,0.325,1.690,27.277,29.082,0.000,0.000,0.0000
422.850,-68.936,36.157,0.324,1.661,27.294,29.098,0.000,0.000,0.0000
422.860,-68.920,36.158,0.323,1.631,27.310,29.113,0.000,0.000,0.0000
422.870,-68.904,36.159,0.323,1.600,27.326,29.129,0.000,0.000,0.0000
422.880,-68.888,36.160,0.322,1.568,27.342,29.143,0.000,0.000,0.0000
422.890,-68.873,36.161,0.321,1.536,27.357,29.158,0.000,0.000,0.0000
422.900,-68.858,36.162,0.321,1.503,27.372,29.172,0.000,0.000,0.0000
422.910,-68.843,36.162,0.321,1.470,27.387,29.186,0.040,0.000,0.0000
422.920,-68.829,36.163,0.320,1.436,27.401,29.199,0.080,0.000,0.0000
422.930,-68.815,36.164,0.320,1.402,27.415,29.212,0.120,0.000,0.0000
422.940,-68.801,36.165,0.320,1.370,27.429,29.225,0.160,0.000,0.0000
422.950,-68.787,36.165,0.319,1.362,27.443,29.238,0.200,0.000,0.0000
422.960,-68.774,36.166,0.319,1.374,27.457,29.251,0.240,0.000,0.0000
422.970,-68.759,36.167,0.319,1.407,27.471,29.264,0.280,0.000,0.0000
422.980,-68.745,36.167,0.318,1.452,27.485,29.278,0.320,0.000,0.0000
422.990,-68.730,36.168,0.318,1.501,27.500,29.292,0.360,0.000,0.0000
423.000,-68.714,36.169,0.317,1.548,27.516,29.307,0.400,0.000,0.0000
423.010,-68.699,36.170,0.316,1.593,27.531,29.322,0.440,0.000,0.0000
423.020,-68.682,36.170,0.315,1.635,27.548,29.337,0.480,0.000,0.0000
423.030,-68.666,36.171,0.315,1.675,27.564,29.353,0.520,0.000,0.0000
423.040,-68.648,36.172,0.314,1.714,27.582,29.369,0.560,0.000,0.0000
423.050,-68.632,36.173,0.313,1.684,27.598,29.385,0.600,0.000,0.0000
423.060,-68.615,36.174,0.312,1.697,27.615,29.401,0.640,0.000,0.0000
423.070,-68.597,36.175,0.312,1.729,27.633,29.418,0.680,0.000,0.0000
423.080,-68.580,36.176,0.311,1.770,27.650,29.434,0.720,0.000,0.0000
423.090,-68.562,36.177,0.311,1.762,27.668,29.451,0.760,0.000,0.0000
423.100,-68.544,36.178,0.310,1.802,27.686,29.468,0.800,0.000,0.0000
423.110,-68.525,36.179,0.310,1.859,27.705,29.485,0.840,0.000,0.0000
423.120,-68.506,36.180,0.309,1.900,27.724,29.503,0.880,0.000,0.0000
423.130,-68.487,36.180,0.309,1.934,27.743,29.521,0.920,0.000,0.0000
423.140,-68.467,36.181,0.308,1.998,27.763,29.540,0.960,0.000,0.0000
423.150,-68.447,36.182,0.308,2.063,27.784,29.560,1.000,0.000,0.0000
423.160,-68.425,36.183,0.307,2.127,27.805,29.580,1.000,0.000,0.0000
423.170,-68.403,36.184,0.307,2.186,27.827,29.600,1.000,0.000,0.0000
423.180,-68.381,36.185,0.307,2.237,27.849,29.621,1.000,0.000,0.0000
423.190,-68.358,36.186,0.306,2.284,27.872,29.643,1.000,0.000,0.0000
423.200,-68.335,36.187,0.306,2.328,27.895,29.664,1.000,0.000,0.0000
423.210,-68.311,36.187,0.306,2.369,27.919,29.686,1.000,0.000,0.0000
423.220,-68.287,36.188,0.306,2.410,27.943,29.709,1.000,0.000,0.0000
423.230,-68.263,36.189,0.306,2.451,27.967,29.732,1.000,0.000,0.0000
423.240,-68.238,36.190,0.306,2.493,27.992,29.755,1.000,0.000,0.0000
423.250,-68.212,36.191,0.306,2.537,28.018,29.779,1.000,0.000,0.0000
423.260,-68.186,36.192,0.306,2.581,28.044,29.803,1.000,0.000,0.0000
423.270,-68.160,36.193,0.307,2.626,28.070,29.827,1.000,0.000,0.0000
423.280,-68.134,36.194,0.307,2.671,28.096,29.852,1.000,0.000,0.0000
423.290,-68.106,36.196,0.307,2.717,28.124,29.877,1.000,0.000,0.0000
423.300,-68.079,36.197,0.307,2.762,28.151,29.903,1.000,0.000,0.0000
423.310,-68.051,36.198,0.308,2.809,28.179,29.929,1.000,0.000,0.0000
423.320,-68.022,36.199,0.308,2.854,28.208,29.956,1.000,0.000,0.0000
423.330,-67.993,36.200,0.308,2.899,28.237,29.983,1.000,0.000,0.0000
423.340,-67.964,36.202,0.308,2.943,28.266,30.010,1.000,0.000,0.0000
423.350,-67.934,36.203,0.309,2.986,28.296,30.038,1.000,0.000,0.0000
423.360,-67.904,36.205,0.309,3.027,28.326,30.066,1.000,0.000,0.0000
423.370,-67.873,36.206,0.309,3.068,28.357,30.095,1.000,0.000,0.0000
423.380,-67.842,36.207,0.310,3.108,28.388,30.124,1.000,0.000,0.0000
423.390,-67.810,36.209,0.310,3.146,28.420,30.153,1.000,0.000,0.0000
423.400,-67.778,36.210,0.310,3.185,28.452,30.183,1.000,0.000,0.0000
423.410,-67.746,36.212,0.310,3.223,28.484,30.213,1.000,0.000,0.0000
423.420,-67.714,36.213,0.311,3.261,28.516,30.243,1.000,0.000,0.0000
423.430,-67.681,36.215,0.311,3.298,28.549,30.274,1.000,0.000,0.0000
423.440,-67.647,36.216,0.311,3.335,28.583,30.305,1.000,0.000,0.0000
423.450,-67.614,36.218,0.311,3.373,28.616,30.336,1.000,0.000,0.0000
423.460,-67.579,36.219,0.312,3.410,28.651,30.368,1.000,0.000,0.0000
423.470,-67.545,36.221,0.312,3.447,28.685,30.400,1.000,0.000,0.0000
423.480,-67.510,36.223,0.312,3.484,28.720,30.433,1.000,0.000,0.0000
423.490,-67.475,36.224,0.312,3.520,28.755,30.466,1.000,0.000,0.0000
423.500,-67.439,36.226,0.312,3.557,28.791,30.499,1.000,0.000,0.0000
423.510,-67.403,36.227,0.312,3.595,28.827,30.533,1.000,0.000,0.0000
423.520,-67.367,36.229,0.312,3.632,28.863,30.567,1.000,0.000,0.0000
423.530,-67.330,36.231,0.312,3.670,28.900,30.601,1.000,0.000,0.0000
423.540,-67.293,36.233,0.312,3.709,28.937,30.636,1.000,0.000,0.0000
423.550,-67.256,36.234,0.312,3.746,28.974,30.671,1.000,0.000,0.0000
423.560,-67.218,36.236,0.312,3.780,29.012,30.706,1.000,0.000,0.0000
423.570,-67.180,36.238,0.312,3.815,29.050,30.742,1.000,0.000,0.0000
423.580,-67.141,36.240,0.312,3.851,29.089,30.778,1.000,0.000,0.0000
423.590,-67.103,36.241,0.312,3.890,29.127,30.815,1.000,0.000,0.0000
423.600,-67.063,36.243,0.312,3.930,29.167,30.852,1.000,0.000,0.0000
423.610,-67.024,36.245,0.312,3.970,29.206,30.889,1.000,0.000,0.0000
423.620,-66.983,36.247,0.312,4.012,29.247,30.927,1.000,0.000,0.0000
423.630,-66.943,36.249,0.311,4.053,29.287,30.965,1.000,0.000,0.0000
423.640,-66.902,36.250,0.311,4.094,29.328,31.003,1.000,0.000,0.0000
423.650,-66.861,36.252,0.311,4.136,29.369,31.042,1.000,0.000,0.0000
423.660,-66.819,36.254,0.311,4.177,29.411,31.081,1.000,0.000,0.0000
423.670,-66.777,36.256,0.311,4.218,29.453,31.121,1.000,0.000,0.0000
423.680,-66.734,36.258,0.311,4.259,29.496,31.161,1.000,0.000,0.0000
423.690,-66.691,36.260,0.311,4.300,29.539,31.202,1.000,0.000,0.0000
423.700,-66.648,36.262,0.310,4.342,29.582,31.242,1.000,0.000,0.0000
423.710,-66.604,36.263,0.310,4.385,29.626,31.284,1.000,0.000,0.0000
423.720,-66.560,36.265,0.310,4.427,29.670,31.325,1.000,0.000,0.0000
423.730,-66.515,36.267,0.310,4.469,29.715,31.367,1.000,0.000,0.0000
423.740,-66.470,36.269,0.310,4.509,29.760,31.410,1.000,0.000,0.0000
423.750,-66.424,36.271,0.310,4.549,29.806,31.453,1.000,0.000,0.0000
423.760,-66.378,36.273,0.310,4.588,29.852,31.496,1.000,0.000,0.0000
423.770,-66.332,36.275,0.310,4.627,29.898,31.539,1.000,0.000,0.0000
423.780,-66.285,36.277,0.310,4.665,29.945,31.583,1.000,0.000,0.0000
423.790,-66.238,36.279,0.310,4.704,29.992,31.627,1.000,0.000,0.0000
423.800,-66.191,36.281,0.310,4.741,30.039,31.672,1.000,0.000,0.0000
423.810,-66.143,36.283,0.310,4.775,30.087,31.717,1.000,0.000,0.0000
423.820,-66.095,36.284,0.310,4.809,30.135,31.762,1.000,0.000,0.0000
423.830,-66.047,36.286,0.310,4.846,30.183,31.808,1.000,0.000,0.0000
423.840,-65.998,36.288,0.310,4.885,30.232,31.854,1.000,0.000,0.0000
423.850,-65.949,36.290,0.310,4.925,30.281,31.900,1.000,0.000,0.0000
423.860,-65.899,36.292,0.310,4.967,30.331,31.947,1.000,0.000,0.0000
423.870,-65.849,36.294,0.310,5.010,30.381,31.994,1.000,0.000,0.0000
423.880,-65.798,36.296,0.310,5.052,30.432,32.042,1.000,0.000,0.0000
423.890,-65.747,36.298,0.310,5.095,30.483,32.090,1.000,0.000,0.0000
423.900,-65.696,36.300,0.310,5.137,30.534,32.138,1.000,0.000,0.0000
423.910,-65.644,36.302,0.310,5.179,30.586,32.187,1.000,0.000,0.0000
423.920,-65.592,36.305,0.312,5.174,30.638,32.235,1.000,0.000,0.0000
423.930,-65.541,36.307,0.314,5.187,30.689,32.283,1.000,0.000,0.0000
423.940,-65.488,36.309,0.318,5.272,30.742,32.332,1.000,0.000,0.0000
423.950,-65.435,36.312,0.321,5.350,30.795,32.381,1.000,0.000,0.0000
423.960,-65.381,36.314,0.324,5.420,30.849,32.431,1.000,0.000,0.0000
423.970,-65.326,36.317,0.328,5.474,30.904,32.482,1.000,0.000,0.0000
423.980,-65.271,36.319,0.331,5.519,30.959,32.532,1.000,0.000,0.0000
423.990,-65.215,36.322,0.335,5.557,31.015,32.584,1.000,0.000,0.0000
424.000,-65.160,36.324,0.338,5.593,31.070,32.635,1.000,0.000,0.0000
424.010,-65.103,36.326,0.342,5.628,31.127,32.687,1.000,0.000,0.0000
424.020,-65.047,36.329,0.345,5.656,31.183,32.739,1.000,0.000,0.0000
424.030,-64.990,36.331,0.348,5.683,31.240,32.792,1.000,0.000,0.0000
424.040,-64.933,36.333,0.351,5.715,31.297,32.845,1.000,0.000,0.0000
424.050,-64.876,36.336,0.354,5.750,31.354,32.899,1.000,0.000,0.0000
424.060,-64.818,36.338,0.357,5.788,31.412,32.952,1.000,0.000,0.0000
424.070,-64.760,36.341,0.359,5.827,31.470,33.007,1.000,0.000,0.0000
424.080,-64.701,36.343,0.361,5.867,31.529,33.062,1.000,0.000,0.0000
424.090,-64.642,36.346,0.362,5.908,31.588,33.117,1.000,0.000,0.0000
424.100,-64.582,36.349,0.363,5.948,31.648,33.173,1.000,0.000,0.0000
424.110,-64.523,36.351,0.364,5.988,31.707,33.229,1.000,0.000,0.0000
424.120,-64.462,36.354,0.365,6.027,31.768,33.286,1.000,0.000,0.0000
424.130,-64.402,36.356,0.365,6.068,31.828,33.344,1.000,0.000,0.0000
424.140,-64.341,36.359,0.365,6.108,31.889,33.402,1.000,0.000,0.0000
424.150,-64.279,36.361,0.365,6.146,31.951,33.460,1.000,0.000,0.0000
424.160,-64.217,36.364,0.365,6.183,32.013,33.519,1.000,0.000,0.0000
424.170,-64.155,36.367,0.364,6.219,32.075,33.578,1.000,0.000,0.0000
424.180,-64.093,36.369,0.364,6.255,32.138,33.637,1.000,0.000,0.0000
424.190,-64.030,36.372,0.363,6.291,32.200,33.697,1.000,0.000,0.0000
424.200,-63.966,36.374,0.362,6.325,32.264,33.758,1.000,0.000,0.0000
424.210,-63.903,36.377,0.361,6.353,32.327,33.818,1.000,0.000,0.0000
424.220,-63.839,36.379,0.360,6.381,32.391,33.879,1.000,0.000,0.0080
424.230,-63.775,36.382,0.358,6.411,32.455,33.940,1.000,0.000,0.0160
424.240,-63.711,36.384,0.357,6.442,32.519,34.002,1.000,0.000,0.0240
424.250,-63.646,36.387,0.356,6.476,32.584,34.064,1.000,0.000,0.0320
424.260,-63.581,36.389,0.355,6.512,32.649,34.126,1.000,0.000,0.0400
424.270,-63.515,36.392,0.354,6.549,32.715,34.189,1.000,0.000,0.0480
424.280,-63.449,36.394,0.353,6.587,32.781,34.251,1.000,0.000,0.0560
424.290,-63.383,36.396,0.352,6.625,32.847,34.315,1.000,0.000,0.0640
424.300,-63.317,36.399,0.351,6.664,32.914,34.378,1.000,0.000,0.0720
424.310,-63.250,36.401,0.350,6.703,32.981,34.442,1.000,0.000,0.0800
424.320,-63.182,36.404,0.349,6.744,33.048,34.507,1.000,0.000,0.0880
424.330,-63.114,36.406,0.348,6.791,33.116,34.572,1.000,0.000,0.0960
424.340,-63.046,36.409,0.347,6.839,33.184,34.637,1.000,0.000,0.1040
424.350,-62.977,36.411,0.347,6.885,33.253,34.703,1.000,0.000,0.1120
424.360,-62.908,36.413,0.346,6.928,33.322,34.769,1.000,0.000,0.0820
424.370,-62.838,36.416,0.346,6.975,33.392,34.835,1.000,0.000,0.0520
424.380,-62.768,36.418,0.345,7.023,33.462,34.902,1.000,0.000,0.0220
424.390,-62.697,36.420,0.345,7.051,33.533,34.969,1.000,0.000,0.0000
424.400,-62.626,36.422,0.345,7.069,33.604,35.037,1.000,0.000,0.0000
424.410,-62.556,36.424,0.345,7.096,33.675,35.104,1.000,0.000,0.0000
424.420,-62.484,36.426,0.345,7.132,33.746,35.172,1.000,0.000,0.0000
424.430,-62.412,36.429,0.346,7.177,33.818,35.241,1.000,0.000,0.0000
424.440,-62.340,36.431,0.346,7.226,33.890,35.309,1.000,0.000,0.0000
424.450,-62.267,36.432,0.346,7.279,33.963,35.379,1.000,0.000,0.0000
424.460,-62.194,36.434,0.346,7.332,34.036,35.449,1.000,0.000,0.0000
424.470,-62.120,36.436,0.346,7.385,34.110,35.519,1.000,0.000,0.0000
424.480,-62.046,36.438,0.347,7.436,34.184,35.590,1.000,0.000,0.0000
424.490,-61.971,36.440,0.347,7.488,34.259,35.661,1.000,0.000,0.0000
424.500,-61.896,36.442,0.347,7.538,34.334,35.733,1.000,0.000,0.0000
424.510,-61.820,36.443,0.348,7.583,34.410,35.805,1.000,0.000,0.0000
424.520,-61.744,36.445,0.348,7.625,34.487,35.878,1.000,0.000,0.0000
424.530,-61.667,36.447,0.348,7.663,34.563,35.951,1.000,0.000,0.0000
424.540,-61.590,36.448,0.349,7.694,34.640,36.024,1.000,0.000,0.0000
424.550,-61.513,36.450,0.349,7.721,34.717,36.098,1.000,0.000,0.0000
424.560,-61.435,36.451,0.349,7.752,34.795,36.172,1.000,0.000,0.0000
424.570,-61.357,36.453,0.350,7.792,34.873,36.246,1.000,0.000,0.0000
424.580,-61.279,36.454,0.350,7.836,34.951,36.321,1.000,0.000,0.0000
424.590,-61.200,36.456,0.350,7.884,35.030,36.396,1.000,0.000,0.0000
424.600,-61.121,36.457,0.351,7.932,35.109,36.472,1.000,0.000,0.0000
424.610,-61.041,36.458,0.351,7.980,35.189,36.549,1.000,0.000,0.0000
424.620,-60.961,36.460,0.351,8.028,35.269,36.625,1.000,0.000,0.0000
424.630,-60.880,36.461,0.351,8.076,35.350,36.703,1.000,0.000,0.0000
424.640,-60.799,36.462,0.351,8.120,35.431,36.780,1.000,0.000,0.0000
424.650,-60.717,36.464,0.351,8.162,35.513,36.858,1.000,0.000,0.0000
424.660,-60.635,36.465,0.351,8.201,35.595,36.937,1.000,0.000,0.0000
424.670,-60.553,36.466,0.351,8.238,35.677,37.016,1.000,0.000,0.0000
424.680,-60.470,36.468,0.351,8.273,35.760,37.095,1.000,0.000,0.0000
424.690,-60.387,36.469,0.351,8.301,35.843,37.174,1.000,0.000,0.0000
424.700,-60.304,36.470,0.351,8.298,35.926,37.254,1.000,0.000,0.0000
424.710,-60.221,36.472,0.352,8.293,36.009,37.333,1.000,0.000,0.0000
424.720,-60.138,36.473,0.352,8.288,36.092,37.413,1.000,0.000,0.0000
424.730,-60.055,36.475,0.352,8.283,36.175,37.492,1.000,0.000,0.0000
424.740,-59.973,36.476,0.352,8.279,36.257,37.571,1.000,0.000,0.0000
424.750,-59.890,36.478,0.353,8.274,36.340,37.650,1.000,0.000,0.0000
424.760,-59.806,36.479,0.353,8.409,36.424,37.731,1.000,0.000,0.0000
424.770,-59.720,36.481,0.353,8.533,36.510,37.813,1.000,0.000,0.0000
424.780,-59.634,36.482,0.352,8.637,36.596,37.896,1.000,0.000,0.0000
424.790,-59.547,36.484,0.352,8.719,36.683,37.980,1.000,0.000,0.0000
424.800,-59.459,36.485,0.351,8.781,36.771,38.064,1.000,0.000,0.0000
424.810,-59.371,36.487,0.351,8.827,36.859,38.149,1.000,0.000,0.0000
424.820,-59.282,36.489,0.350,8.863,36.948,38.234,1.000,0.000,0.0000
424.830,-59.193,36.490,0.350,8.874,37.037,38.320,1.000,0.000,0.0000
424.840,-59.105,36.492,0.350,8.890,37.126,38.405,1.000,0.000,0.0000
424.850,-59.015,36.494,0.349,8.915,37.215,38.491,1.000,0.000,0.0000
424.860,-58.926,36.495,0.349,8.949,37.304,38.577,1.000,0.000,0.0000
424.870,-58.836,36.497,0.349,8.989,37.394,38.663,1.000,0.000,0.0000
424.880,-58.746,36.498,0.349,9.034,37.484,38.750,1.000,0.000,0.0000
424.890,-58.655,36.500,0.349,9.081,37.575,38.838,1.000,0.000,0.0000
424.900,-58.564,36.501,0.349,9.128,37.666,38.925,1.000,0.000,0.0000
424.910,-58.472,36.503,0.349,9.173,37.758,39.014,1.000,0.000,0.0000
424.920,-58.380,36.504,0.349,9.216,37.850,39.102,1.000,0.000,0.0000
424.930,-58.287,36.505,0.349,9.256,37.943,39.191,1.000,0.000,0.0000
424.940,-58.194,36.507,0.349,9.293,38.036,39.281,1.000,0.000,0.0000
424.950,-58.101,36.508,0.349,9.328,38.129,39.371,1.000,0.000,0.0000
424.960,-58.007,36.510,0.349,9.351,38.223,39.461,1.000,0.000,0.0000
424.970,-57.914,36.511,0.349,9.371,38.316,39.551,1.000,0.000,0.0000
424.980,-57.820,36.513,0.349,9.400,38.410,39.641,1.000,0.000,0.0000
424.990,-57.725,36.514,0.349,9.438,38.505,39.732,1.000,0.000,0.0000
425.000,-57.631,36.516,0.349,9.482,38.600,39.823,1.000,0.000,0.0000
425.010,-57.535,36.517,0.350,9.532,38.695,39.915,1.000,0.000,0.0000
425.020,-57.439,36.519,0.350,9.582,38.791,40.008,1.000,0.000,0.0000
425.030,-57.343,36.521,0.349,9.633,38.887,40.101,1.000,0.000,0.0000
425.040,-57.246,36.522,0.348,9.680,38.984,40.194,1.000,0.000,0.0000
425.050,-57.149,36.524,0.346,9.722,39.081,40.289,1.000,0.000,0.0000
425.060,-57.052,36.526,0.342,9.759,39.179,40.383,1.000,0.000,0.0000
425.070,-56.954,36.528,0.338,9.787,39.276,40.479,1.000,0.000,0.0000
425.080,-56.856,36.530,0.334,9.813,39.374,40.575,1.000,0.000,0.0000
425.090,-56.757,36.531,0.330,9.834,39.473,40.670,1.000,0.000,0.0000
425.100,-56.659,36.533,0.326,9.838,39.571,40.766,1.000,0.000,0.0000
425.110,-56.560,36.535,0.323,9.876,39.670,40.862,1.000,0.000,0.0000
425.120,-56.461,36.536,0.319,9.923,39.769,40.959,1.000,0.000,0.0000
425.130,-56.362,36.538,0.315,9.977,39.868,41.056,1.000,0.000,0.0000
425.140,-56.261,36.540,0.312,10.032,39.969,41.154,1.000,0.000,0.0000
425.150,-56.161,36.541,0.308,10.087,40.070,41.252,1.000,0.000,0.0000
425.160,-56.059,36.543,0.305,10.139,40.171,41.351,1.000,0.000,0.0000
425.170,-55.957,36.544,0.303,10.188,40.273,41.450,1.000,0.000,0.0000
425.180,-55.855,36.546,0.300,10.232,40.375,41.550,1.000,0.000,0.0000
425.190,-55.752,36.547,0.298,10.272,40.478,41.649,1.000,0.000,0.0000
425.200,-55.649,36.549,0.296,10.307,40.581,41.749,1.000,0.000,0.0000
425.210,-55.546,36.550,0.295,10.336,40.684,41.850,1.000,0.000,0.0000
425.220,-55.442,36.551,0.294,10.366,40.788,41.950,1.000,0.000,0.0000
425.230,-55.338,36.553,0.293,10.404,40.892,42.051,1.000,0.000,0.0000
425.240,-55.234,36.555,0.293,10.450,40.996,42.152,1.000,0.000,0.0000
425.250,-55.129,36.556,0.293,10.502,41.101,42.254,1.000,0.000,0.0000
425.260,-55.023,36.558,0.293,10.555,41.207,42.356,1.000,0.000,0.0000
425.270,-54.917,36.559,0.294,10.607,41.313,42.458,1.000,0.000,0.0000
425.280,-54.811,36.561,0.294,10.656,41.419,42.561,1.000,0.000,0.0000
425.290,-54.704,36.563,0.295,10.702,41.526,42.664,1.000,0.000,0.0000
425.300,-54.596,36.564,0.296,10.742,41.634,42.768,1.000,0.000,0.0000
425.310,-54.488,36.566,0.297,10.778,41.742,42.872,1.000,0.000,0.0000
425.320,-54.380,36.568,0.298,10.804,41.850,42.977,1.000,0.000,0.0000
425.330,-54.272,36.569,0.300,10.830,41.958,43.081,1.000,0.000,0.0000
425.340,-54.163,36.571,0.301,10.865,42.067,43.186,1.000,0.000,0.0000
425.350,-54.054,36.573,0.303,10.909,42.176,43.291,1.000,0.000,0.0000
425.360,-53.945,36.574,0.304,10.957,42.285,43.397,1.000,0.000,0.0000
425.370,-53.835,36.576,0.306,11.008,42.395,43.503,1.000,0.000,0.0000
425.380,-53.724,36.577,0.307,11.058,42.506,43.610,1.000,0.000,0.0000
425.390,-53.613,36.579,0.308,11.105,42.617,43.718,1.000,0.000,0.0000
425.400,-53.502,36.581,0.309,11.142,42.728,43.825,1.000,0.000,0.0000
425.410,-53.390,36.582,0.311,11.164,42.840,43.933,1.000,0.000,0.0000
425.420,-53.278,36.584,0.312,11.172,42.952,44.041,1.000,0.000,0.0000
425.430,-53.167,36.585,0.313,11.166,43.063,44.149,1.000,0.000,0.0000
425.440,-53.055,36.586,0.314,11.156,43.175,44.257,1.000,0.000,0.0000
425.450,-52.944,36.588,0.315,11.152,43.286,44.365,1.000,0.000,0.0000
425.460,-52.832,36.590,0.316,11.155,43.398,44.473,1.000,0.000,0.0000
425.470,-52.720,36.591,0.317,11.163,43.510,44.581,1.000,0.000,0.0000
425.480,-52.609,36.593,0.318,11.172,43.621,44.690,1.000,0.000,0.0000
425.490,-52.497,36.595,0.319,11.179,43.733,44.798,1.000,0.000,0.0000
425.500,-52.385,36.596,0.320,11.184,43.845,44.907,1.000,0.000,0.0000
425.510,-52.273,36.598,0.320,11.184,43.957,45.015,1.000,0.000,0.0000
425.520,-52.161,36.600,0.321,11.180,44.069,45.124,1.000,0.000,0.0000
425.530,-52.050,36.601,0.321,11.163,44.180,45.232,1.000,0.000,0.0000
425.540,-51.938,36.603,0.321,11.143,44.292,45.340,1.000,0.000,0.0000
425.550,-51.827,36.605,0.322,11.133,44.403,45.448,1.000,0.000,0.0000
425.560,-51.716,36.606,0.322,11.133,44.514,45.556,1.000,0.000,0.0000
425.570,-51.604,36.608,0.322,11.139,44.626,45.665,1.000,0.000,0.0000
425.580,-51.493,36.609,0.322,11.149,44.737,45.773,1.000,0.000,0.0000
425.590,-51.381,36.611,0.322,11.158,44.849,45.882,1.000,0.000,0.0000
425.600,-51.270,36.612,0.322,11.166,44.960,45.990,1.000,0.000,0.0000
425.610,-51.158,36.614,0.321,11.169,45.072,46.099,1.000,0.000,0.0000
425.620,-51.046,36.615,0.321,11.168,45.184,46.208,1.000,0.000,0.0000
425.630,-50.935,36.617,0.321,11.162,45.295,46.316,1.000,0.000,0.0000
425.640,-50.823,36.618,0.320,11.137,45.407,46.425,1.000,0.000,0.0000
425.650,-50.712,36.620,0.320,11.124,45.518,46.533,1.000,0.000,0.0000
425.660,-50.601,36.621,0.320,11.119,45.629,46.641,1.000,0.000,0.0000
425.670,-50.490,36.623,0.320,11.122,45.740,46.750,1.000,0.000,0.0000
425.680,-50.378,36.625,0.319,11.130,45.852,46.858,1.000,0.000,0.0080
425.690,-50.267,36.626,0.319,11.144,45.963,46.967,1.000,0.000,0.0160
425.700,-50.155,36.628,0.318,11.159,46.075,47.075,1.000,0.000,0.0240
425.710,-50.043,36.630,0.318,11.172,46.187,47.184,1.000,0.000,0.0320
425.720,-49.932,36.632,0.317,11.182,46.298,47.293,1.000,0.000,0.0400
425.730,-49.820,36.633,0.317,11.187,46.410,47.403,1.000,0.000,0.0480
425.740,-49.708,36.635,0.317,11.165,46.522,47.511,1.000,0.000,0.0560
425.750,-49.597,36.637,0.316,11.121,46.633,47.620,1.000,0.000,0.0640
425.760,-49.486,36.639,0.316,11.090,46.744,47.728,1.000,0.000,0.0720
425.770,-49.375,36.640,0.316,11.072,46.855,47.836,1.000,0.000,0.0800
425.780,-49.265,36.642,0.316,11.066,46.965,47.944,1.000,0.000,0.0880
425.790,-49.154,36.643,0.316,11.067,47.076,48.052,1.000,0.000,0.0960
425.800,-49.043,36.644,0.316,11.071,47.187,48.159,1.000,0.000,0.1040
425.810,-48.933,36.645,0.316,11.073,47.297,48.267,1.000,0.000,0.1120
425.820,-48.822,36.646,0.316,11.073,47.408,48.375,1.000,0.000,0.1200
425.830,-48.711,36.647,0.316,11.067,47.519,48.483,1.000,0.000,0.1280
425.840,-48.601,36.648,0.316,11.055,47.629,48.591,1.000,0.000,0.1360
425.850,-48.490,36.648,0.316,11.064,47.740,48.699,1.000,0.000,0.1440
425.860,-48.379,36.648,0.316,11.073,47.851,48.807,1.000,0.000,0.1520
425.870,-48.268,36.648,0.316,11.117,47.962,48.916,1.000,0.000,0.1220
425.880,-48.157,36.647,0.316,11.145,48.073,49.024,1.000,0.000,0.0920
425.890,-48.045,36.646,0.316,11.155,48.185,49.133,1.000,0.000,0.0620
425.900,-47.934,36.645,0.316,11.152,48.296,49.242,1.000,0.000,0.0320
425.910,-47.822,36.643,0.316,11.141,48.408,49.351,1.000,0.000,0.0020
425.920,-47.711,36.641,0.316,11.124,48.519,49.459,1.000,0.000,0.0000
425.930,-47.600,36.638,0.316,11.114,48.630,49.568,1.000,0.000,0.0000
425.940,-47.489,36.635,0.316,11.104,48.741,49.676,1.000,0.000,0.0000
425.950,-47.378,36.632,0.316,11.099,48.852,49.785,1.000,0.000,0.0000
425.960,-47.267,36.628,0.316,11.099,48.963,49.893,1.000,0.000,0.0000
425.970,-47.156,36.624,0.317,11.100,49.074,50.002,1.000,0.000,0.0000
425.980,-47.045,36.619,0.317,11.107,49.185,50.110,1.000,0.000,0.0000
425.990,-46.933,36.615,0.317,11.119,49.297,50.219,1.000,0.000,0.0000
426.000,-46.822,36.610,0.317,11.135,49.408,50.327,1.000,0.000,0.0000
426.010,-46.711,36.605,0.317,11.151,49.519,50.436,1.000,0.000,0.0000
426.020,-46.599,36.599,0.317,11.166,49.631,50.546,1.000,0.000,0.0000
426.030,-46.487,36.594,0.317,11.177,49.743,50.655,1.000,0.000,0.0000
426.040,-46.375,36.588,0.317,11.184,49.855,50.764,1.000,0.000,0.0000
426.050,-46.264,36.583,0.316,11.185,49.966,50.873,1.000,0.000,0.0000
426.060,-46.152,36.577,0.316,11.180,50.078,50.983,1.000,0.000,0.0000
426.070,-46.040,36.571,0.316,11.170,50.190,51.092,1.000,0.000,0.0000
426.080,-45.928,36.565,0.316,11.152,50.302,51.201,1.000,0.000,0.0000
426.090,-45.817,36.560,0.317,11.137,50.413,51.310,1.000,0.000,0.0000
426.100,-45.706,36.554,0.317,11.126,50.524,51.419,1.000,0.000,0.0000
426.110,-45.595,36.548,0.317,11.125,50.635,51.528,1.000,0.000,0.0000
426.120,-45.483,36.542,0.317,11.131,50.747,51.636,1.000,0.000,0.0000
426.130,-45.372,36.536,0.317,11.142,50.858,51.745,1.000,0.000,0.0000
426.140,-45.260,36.531,0.317,11.152,50.970,51.855,1.000,0.000,0.0000
426.150,-45.149,36.525,0.317,11.158,51.081,51.964,1.000,0.000,0.0000
426.160,-45.037,36.519,0.317,11.160,51.193,52.073,1.000,0.000,0.0000
426.170,-44.926,36.514,0.317,11.157,51.304,52.182,1.000,0.000,0.0000
426.180,-44.814,36.508,0.317,11.144,51.416,52.291,1.000,0.000,0.0000
426.190,-44.703,36.502,0.317,11.146,51.527,52.400,1.000,0.000,0.0000
426.200,-44.591,36.497,0.317,11.137,51.639,52.509,1.000,0.000,0.0000
426.210,-44.480,36.491,0.317,11.135,51.750,52.618,1.000,0.000,0.0000
426.220,-44.369,36.485,0.317,11.139,51.861,52.727,1.000,0.000,0.0000
426.230,-44.257,36.479,0.317,11.147,51.973,52.837,1.000,0.000,0.0000
426.240,-44.146,36.474,0.317,11.157,52.084,52.946,1.000,0.000,0.0000
426.250,-44.034,36.468,0.317,11.164,52.196,53.055,1.000,0.000,0.0000
426.260,-43.922,36.462,0.317,11.167,52.308,53.165,1.000,0.000,0.0000
426.270,-43.811,36.456,0.317,11.166,52.419,53.274,1.000,0.000,0.0000
426.280,-43.699,36.450,0.317,11.149,52.531,53.383,1.000,0.000,0.0000
426.290,-43.588,36.444,0.317,11.136,52.642,53.492,0.940,0.000,0.0000
426.300,-43.477,36.438,0.317,11.106,52.753,53.601,0.880,0.000,0.0000
426.310,-43.366,36.432,0.317,11.078,52.864,53.710,0.820,0.000,0.0000
426.320,-43.255,36.426,0.318,11.051,52.975,53.818,0.760,0.000,0.0000
426.330,-43.145,36.421,0.318,11.026,53.085,53.926,0.700,0.000,0.0000
426.340,-43.035,36.415,0.318,11.001,53.195,54.034,0.640,0.000,0.0000
426.350,-42.925,36.409,0.318,10.973,53.305,54.141,0.580,0.000,0.0000
426.360,-42.816,36.404,0.319,10.941,53.414,54.248,0.520,0.000,0.0000
426.370,-42.707,36.398,0.319,10.905,53.523,54.355,0.560,0.000,0.0000
426.380,-42.598,36.392,0.320,10.863,53.632,54.462,0.600,0.000,0.0000
426.390,-42.490,36.387,0.320,10.809,53.740,54.568,0.640,0.000,0.0000
426.400,-42.383,36.381,0.321,10.758,53.847,54.673,0.680,0.000,0.0000
426.410,-42.276,36.375,0.321,10.703,53.954,54.778,0.720,0.000,0.0000
426.420,-42.169,36.370,0.322,10.659,54.061,54.882,0.760,0.000,0.0000
426.430,-42.063,36.364,0.323,10.622,54.167,54.986,0.800,0.000,0.0000
426.440,-41.957,36.358,0.323,10.591,54.273,55.090,0.840,0.000,0.0000
426.450,-41.851,36.352,0.324,10.562,54.379,55.194,0.880,0.000,0.0000
426.460,-41.746,36.347,0.324,10.533,54.484,55.297,0.920,0.000,0.0000
426.470,-41.641,36.341,0.324,10.500,54.589,55.400,0.960,0.000,0.0000
426.480,-41.536,36.335,0.325,10.487,54.694,55.503,1.000,0.000,0.0000
426.490,-41.431,36.329,0.325,10.489,54.799,55.606,1.000,0.000,0.0000
426.500,-41.326,36.324,0.325,10.495,54.904,55.709,1.000,0.000,0.0000
426.510,-41.221,36.318,0.324,10.512,55.009,55.812,1.000,0.000,0.0000
426.520,-41.116,36.312,0.324,10.531,55.114,55.915,1.000,0.000,0.0000
426.530,-41.010,36.306,0.324,10.563,55.220,56.019,1.000,0.000,0.0000
426.540,-40.904,36.301,0.323,10.605,55.326,56.123,1.000,0.000,0.0000
426.550,-40.798,36.295,0.322,10.653,55.432,56.228,1.000,0.000,0.0000
426.560,-40.691,36.289,0.321,10.704,55.539,56.333,1.000,0.000,0.0000
426.570,-40.583,36.284,0.320,10.755,55.647,56.439,1.000,0.000,0.0000
426.580,-40.475,36.278,0.319,10.803,55.755,56.545,1.000,0.000,0.0000
426.590,-40.367,36.272,0.317,10.847,55.863,56.652,1.000,0.000,0.0000
426.600,-40.258,36.267,0.316,10.886,55.972,56.759,1.000,0.000,0.0000
426.610,-40.148,36.261,0.315,10.920,56.082,56.867,1.000,0.000,0.0000
426.620,-40.039,36.255,0.314,10.947,56.191,56.974,1.000,0.000,0.0000
426.630,-39.929,36.250,0.313,10.976,56.301,57.082,1.000,0.000,0.0000
426.640,-39.819,36.244,0.312,11.008,56.411,57.191,1.000,0.000,0.0000
426.650,-39.709,36.238,0.311,11.048,56.521,57.299,1.000,0.000,0.0000
426.660,-39.598,36.232,0.310,11.084,56.632,57.409,1.000,0.000,0.0000
426.670,-39.487,36.226,0.309,11.114,56.743,57.518,1.000,0.000,0.0000
426.680,-39.375,36.220,0.308,11.136,56.855,57.627,1.000,0.000,0.0000
426.690,-39.264,36.214,0.308,11.150,56.966,57.737,1.000,0.000,0.0000
426.700,-39.152,36.208,0.307,11.158,57.078,57.847,1.000,0.000,0.0000
426.710,-39.041,36.202,0.307,11.159,57.189,57.956,1.000,0.000,0.0000
426.720,-38.929,36.196,0.307,11.154,57.301,58.066,1.000,0.000,0.0000
426.730,-38.818,36.190,0.307,11.143,57.412,58.176,1.000,0.000,0.0000
426.740,-38.706,36.184,0.307,11.130,57.524,58.285,1.000,0.000,0.0000
426.750,-38.595,36.178,0.308,11.129,57.635,58.394,1.000,0.000,0.0000
426.760,-38.484,36.172,0.308,11.135,57.746,58.504,1.000,0.000,0.0000
426.770,-38.372,36.166,0.309,11.146,57.858,58.613,1.000,0.000,0.0000
426.780,-38.261,36.161,0.310,11.159,57.969,58.723,1.000,0.000,0.0000
426.790,-38.149,36.155,0.310,11.170,58.081,58.832,1.000,0.000,0.0000
426.800,-38.037,36.149,0.311,11.177,58.193,58.942,1.000,0.000,0.0000
426.810,-37.926,36.143,0.312,11.179,58.304,59.052,1.000,0.000,0.0000
426.820,-37.814,36.137,0.313,11.176,58.416,59.162,1.000,0.000,0.0000
426.830,-37.702,36.131,0.313,11.162,58.528,59.271,1.000,0.000,0.0000
426.840,-37.591,36.125,0.314,11.140,58.639,59.381,1.000,0.000,0.0000
426.850,-37.479,36.120,0.315,11.129,58.751,59.490,1.000,0.000,0.0000
426.860,-37.368,36.114,0.316,11.127,58.862,59.599,1.000,0.000,0.0000
426.870,-37.257,36.108,0.317,11.134,58.973,59.709,1.000,0.000,0.0000
426.880,-37.145,36.102,0.317,11.144,59.085,59.818,1.000,0.000,0.0000
426.890,-37.034,36.096,0.318,11.154,59.196,59.928,1.000,0.000,0.0000
426.900,-36.922,36.090,0.319,11.162,59.308,60.038,1.000,0.000,0.0000
426.910,-36.811,36.084,0.319,11.166,59.419,60.148,1.000,0.000,0.0000
426.920,-36.699,36.078,0.319,11.165,59.531,60.257,1.000,0.000,0.0000
426.930,-36.587,36.072,0.320,11.158,59.643,60.367,1.000,0.000,0.0000
426.940,-36.476,36.066,0.320,11.144,59.754,60.477,1.000,0.000,0.0000
426.950,-36.365,36.060,0.320,11.125,59.865,60.586,1.000,0.000,0.0000
426.960,-36.254,36.054,0.320,11.116,59.976,60.696,1.000,0.000,0.0000
426.970,-36.142,36.048,0.321,11.116,60.088,60.805,1.000,0.000,0.0000
426.980,-36.031,36.042,0.321,11.123,60.199,60.914,1.000,0.000,0.0000
426.990,-35.920,36.036,0.321,11.134,60.310,61.024,1.000,0.000,0.0000
427.000,-35.808,36.030,0.321,11.144,60.422,61.134,1.000,0.000,0.0000
427.010,-35.697,36.024,0.320,11.151,60.533,61.244,1.000,0.000,0.0000
427.020,-35.585,36.019,0.320,11.154,60.645,61.353,1.000,0.000,0.0000
427.030,-35.474,36.013,0.320,11.152,60.756,61.463,1.000,0.000,0.0000
427.040,-35.362,36.007,0.320,11.138,60.868,61.573,1.000,0.000,0.0000
427.050,-35.251,36.001,0.319,11.126,60.979,61.683,1.000,0.000,0.0000
427.060,-35.140,35.995,0.319,11.112,61.090,61.792,1.000,0.000,0.0000
427.070,-35.029,35.990,0.319,11.108,61.201,61.902,1.000,0.000,0.0000
427.080,-34.918,35.984,0.319,11.112,61.312,62.011,1.000,0.000,0.0000
427.090,-34.807,35.978,0.318,11.121,61.423,62.121,1.000,0.000,0.0000
427.100,-34.695,35.972,0.318,11.132,61.535,62.230,1.000,0.000,0.0000
427.110,-34.584,35.966,0.318,11.142,61.646,62.340,1.000,0.000,0.0000
427.120,-34.472,35.960,0.317,11.149,61.758,62.450,1.000,0.000,0.0000
427.130,-34.361,35.954,0.317,11.151,61.869,62.560,1.000,0.000,0.0000
427.140,-34.249,35.948,0.317,11.148,61.981,62.670,1.000,0.000,0.0000
427.150,-34.138,35.942,0.317,11.136,62.092,62.780,1.000,0.000,0.0000
427.160,-34.027,35.936,0.316,11.125,62.203,62.889,1.000,0.000,0.0000
427.170,-33.916,35.930,0.316,11.115,62.314,62.999,1.000,0.000,0.0000
427.180,-33.804,35.924,0.316,11.114,62.426,63.109,1.000,0.000,0.0000
427.190,-33.693,35.918,0.316,11.120,62.537,63.218,1.000,0.000,0.0000
427.200,-33.582,35.912,0.316,11.130,62.648,63.328,1.000,0.000,0.0000
427.210,-33.471,35.906,0.316,11.141,62.759,63.438,1.000,0.000,0.0000
427.220,-33.359,35.900,0.316,11.150,62.871,63.548,1.000,0.000,0.0000
427.230,-33.248,35.895,0.316,11.155,62.982,63.658,1.000,0.000,0.0000
427.240,-33.136,35.889,0.315,11.156,63.094,63.768,1.000,0.000,0.0000
427.250,-33.024,35.883,0.315,11.151,63.206,63.878,1.000,0.000,0.0000
427.260,-32.913,35.877,0.315,11.139,63.317,63.987,1.000,0.000,0.0000
427.270,-32.802,35.871,0.316,11.122,63.428,64.097,1.000,0.000,0.0000
427.280,-32.691,35.866,0.316,11.115,63.539,64.207,1.000,0.000,0.0000
427.290,-32.580,35.860,0.316,11.116,63.650,64.316,1.000,0.000,0.0000
427.300,-32.468,35.854,0.316,11.124,63.762,64.426,1.000,0.000,0.0000
427.310,-32.357,35.848,0.316,11.135,63.873,64.536,1.000,0.000,0.0000
427.320,-32.245,35.842,0.316,11.145,63.985,64.645,1.000,0.000,0.0000
427.330,-32.134,35.836,0.316,11.152,64.096,64.755,1.000,0.000,0.0000
427.340,-32.022,35.830,0.316,11.156,64.208,64.865,1.000,0.000,0.0000
427.350,-31.911,35.824,0.316,11.154,64.319,64.976,1.000,0.000,0.0000
427.360,-31.799,35.818,0.316,11.141,64.431,65.085,1.000,0.000,0.0000
427.370,-31.688,35.812,0.317,11.130,64.542,65.195,1.000,0.000,0.0000
427.380,-31.577,35.806,0.317,11.118,64.653,65.305,1.000,0.000,0.0000
427.390,-31.466,35.800,0.317,11.114,64.764,65.414,1.000,0.000,0.0000
427.400,-31.355,35.794,0.317,11.118,64.875,65.524,1.000,0.000,0.0000
427.410,-31.243,35.788,0.317,11.127,64.987,65.634,1.000,0.000,0.0000
427.420,-31.132,35.782,0.317,11.138,65.098,65.744,1.000,0.000,0.0000
427.430,-31.021,35.777,0.317,11.147,65.209,65.854,1.000,0.000,0.0000
427.440,-30.909,35.771,0.317,11.153,65.321,65.964,1.000,0.000,0.0000
427.450,-30.797,35.765,0.317,11.155,65.433,66.074,1.000,0.000,0.0000
427.460,-30.686,35.759,0.317,11.152,65.544,66.184,1.000,0.000,0.0000
427.470,-30.575,35.753,0.317,11.139,65.655,66.294,1.000,0.000,0.0000
427.480,-30.463,35.748,0.317,11.129,65.767,66.404,1.000,0.000,0.0000
427.490,-30.352,35.742,0.317,11.118,65.878,66.513,1.000,0.000,0.0000
427.500,-30.241,35.736,0.317,11.116,65.989,66.623,1.000,0.000,0.0000
427.510,-30.130,35.730,0.317,11.121,66.100,66.733,1.000,0.000,0.0000
427.520,-30.018,35.724,0.317,11.130,66.212,66.843,1.000,0.000,0.0000
427.530,-29.907,35.718,0.317,11.139,66.323,66.953,1.000,0.000,0.0000
427.540,-29.796,35.712,0.317,11.147,66.434,67.063,1.000,0.000,0.0000
427.550,-29.684,35.706,0.317,11.152,66.546,67.173,1.000,0.000,0.0000
427.560,-29.572,35.700,0.317,11.152,66.658,67.283,1.000,0.000,0.0000
427.570,-29.461,35.694,0.317,11.147,66.769,67.393,1.000,0.000,0.0000
427.580,-29.350,35.688,0.317,11.135,66.880,67.503,1.000,0.000,0.0000
427.590,-29.238,35.682,0.317,11.119,66.992,67.613,1.000,0.000,0.0000
427.600,-29.127,35.676,0.317,11.112,67.103,67.722,1.000,0.000,0.0000
427.610,-29.016,35.670,0.317,11.114,67.214,67.832,1.000,0.000,0.0000
427.620,-28.905,35.664,0.317,11.121,67.325,67.942,1.000,0.000,0.0000
427.630,-28.794,35.659,0.317,11.132,67.436,68.052,1.000,0.000,0.0000
427.640,-28.682,35.653,0.317,11.141,67.548,68.162,1.000,0.000,0.0000
427.650,-28.571,35.647,0.317,11.149,67.659,68.272,1.000,0.000,0.0000
427.660,-28.459,35.641,0.317,11.152,67.771,68.382,1.000,0.000,0.0000
427.670,-28.348,35.635,0.317,11.150,67.882,68.492,1.000,0.000,0.0000
427.680,-28.236,35.630,0.317,11.138,67.994,68.602,1.000,0.000,0.0000
427.690,-28.125,35.624,0.317,11.128,68.105,68.712,1.000,0.000,0.0000
427.700,-28.014,35.618,0.317,11.116,68.216,68.822,1.000,0.000,0.0000
427.710,-27.903,35.612,0.317,11.112,68.327,68.932,1.000,0.000,0.0000
427.720,-27.792,35.606,0.317,11.116,68.438,69.042,1.000,0.000,0.0000
427.730,-27.680,35.600,0.317,11.124,68.550,69.152,1.000,0.000,0.0000
427.740,-27.569,35.594,0.317,11.134,68.661,69.262,1.000,0.000,0.0000
427.750,-27.458,35.588,0.317,11.143,68.772,69.372,1.000,0.000,0.0000
427.760,-27.346,35.582,0.317,11.149,68.884,69.482,1.000,0.000,0.0000
427.770,-27.235,35.576,0.317,11.150,68.995,69.592,1.000,0.000,0.0000
427.780,-27.123,35.570,0.317,11.147,69.107,69.702,1.000,0.000,0.0000
427.790,-27.012,35.564,0.317,11.136,69.218,69.812,1.000,0.000,0.0000
427.800,-26.901,35.558,0.317,11.118,69.329,69.922,1.000,0.000,0.0000
427.810,-26.790,35.553,0.317,11.111,69.440,70.032,1.000,0.000,0.0000
427.820,-26.678,35.547,0.317,11.111,69.552,70.142,1.000,0.000,0.0000
427.830,-26.567,35.541,0.317,11.118,69.663,70.252,1.000,0.000,0.0000
427.840,-26.456,35.535,0.317,11.128,69.774,70.362,1.000,0.000,0.0000
427.850,-26.345,35.529,0.317,11.138,69.885,70.472,1.000,0.000,0.0000
427.860,-26.233,35.523,0.317,11.146,69.997,70.582,1.000,0.000,0.0000
427.870,-26.122,35.518,0.317,11.151,70.108,70.692,1.000,0.000,0.0000
427.880,-26.010,35.512,0.317,11.151,70.220,70.802,1.000,0.000,0.0000
427.890,-25.899,35.506,0.317,11.139,70.331,70.912,1.000,0.000,0.0000
427.900,-25.787,35.500,0.317,11.128,70.443,71.022,1.000,0.000,0.0000
427.910,-25.676,35.494,0.317,11.114,70.554,71.132,1.000,0.000,0.0000
427.920,-25.565,35.489,0.317,11.109,70.665,71.242,1.000,0.000,0.0000
427.930,-25.454,35.483,0.317,11.111,70.776,71.352,1.000,0.000,0.0000
427.940,-25.343,35.477,0.317,11.119,70.887,71.462,1.000,0.000,0.0000
427.950,-25.232,35.471,0.317,11.129,70.998,71.572,1.000,0.000,0.0000
427.960,-25.120,35.465,0.317,11.139,71.110,71.682,1.000,0.000,0.0000
427.970,-25.009,35.459,0.317,11.146,71.221,71.792,1.000,0.000,0.0000
427.980,-24.897,35.453,0.317,11.149,71.333,71.903,1.000,0.000,0.0000
427.990,-24.786,35.447,0.317,11.147,71.444,72.013,1.000,0.000,0.0000
428.000,-24.674,35.441,0.317,11.136,71.556,72.123,0.940,0.000,0.0000
428.010,-24.563,35.435,0.317,11.114,71.667,72.233,0.880,0.000,0.0000
428.020,-24.453,35.429,0.317,11.080,71.777,72.342,0.820,0.000,0.0000
428.030,-24.342,35.423,0.317,11.047,71.888,72.452,0.760,0.000,0.0000
428.040,-24.232,35.417,0.318,11.016,71.998,72.561,0.700,0.000,0.0000
428.050,-24.122,35.412,0.318,10.987,72.108,72.669,0.640,0.000,0.0000
428.060,-24.012,35.406,0.318,10.957,72.218,72.777,0.580,0.000,0.0000
428.070,-23.903,35.400,0.319,10.926,72.327,72.885,0.520,0.000,0.0000
428.080,-23.794,35.395,0.319,10.891,72.436,72.993,0.460,0.000,0.0000
428.090,-23.686,35.389,0.320,10.853,72.544,73.100,0.400,0.000,0.0000
428.100,-23.578,35.384,0.320,10.811,72.652,73.207,0.340,0.000,0.0000
428.110,-23.470,35.378,0.321,10.761,72.760,73.314,0.280,0.000,0.0000
428.120,-23.363,35.372,0.321,10.703,72.867,73.420,0.220,0.000,0.0000
428.130,-23.256,35.367,0.322,10.654,72.974,73.525,0.160,0.000,0.0000
428.140,-23.150,35.361,0.322,10.612,73.080,73.630,0.100,0.000,0.0000
428.150,-23.045,35.356,0.323,10.577,73.185,73.734,0.040,0.000,0.0000
428.160,-22.939,35.350,0.323,10.546,73.291,73.839,0.000,0.000,0.0000
428.170,-22.834,35.344,0.324,10.515,73.396,73.943,0.000,0.000,0.0000
428.180,-22.729,35.339,0.324,10.483,73.501,74.046,0.000,0.000,0.0000
428.190,-22.625,35.333,0.325,10.448,73.605,74.150,0.000,0.000,0.0000
428.200,-22.521,35.327,0.325,10.409,73.709,74.253,0.000,0.000,0.0000
428.210,-22.417,35.322,0.325,10.367,73.813,74.355,0.000,0.000,0.0000
428.220,-22.314,35.316,0.326,10.316,73.916,74.457,0.000,0.000,0.0000
428.230,-22.211,35.311,0.326,10.256,74.019,74.559,0.000,0.000,0.0000
428.240,-22.109,35.305,0.326,10.205,74.121,74.660,0.000,0.000,0.0000
428.250,-22.008,35.300,0.326,10.162,74.222,74.760,0.000,0.000,0.0000
428.260,-21.906,35.295,0.326,10.125,74.324,74.860,0.000,0.000,0.0000
428.270,-21.805,35.289,0.327,10.093,74.425,74.960,0.000,0.000,0.0000
428.280,-21.705,35.284,0.327,10.062,74.525,75.060,0.000,0.000,0.0000
