timestamp_sec,ego_x,ego_y,ego_z,ego_speed_mps,distance_to_intersection_m,distance_to_pedestrian_m,human_throttle,human_brake,human_steering_rad
1260.970,-97.020,-52.451,0.317,0.000,0.790,10.547,0.000,0.000,0.0000
1260.980,-97.020,-52.451,0.317,0.000,0.790,10.564,0.000,0.000,0.0000
1260.990,-97.020,-52.451,0.317,0.000,0.790,10.582,0.000,0.000,0.0000
1261.000,-97.020,-52.451,0.317,0.000,0.790,10.600,0.000,0.000,0.0000
1261.010,-97.020,-52.451,0.317,0.000,0.790,10.618,0.000,0.000,0.0000
1261.020,-97.020,-52.451,0.317,0.000,0.790,10.636,0.000,0.000,0.0000
1261.030,-97.020,-52.451,0.317,0.000,0.790,10.654,0.000,0.000,0.0000
1261.040,-97.020,-52.451,0.317,0.000,0.790,10.672,0.000,0.000,0.0000
1261.050,-97.020,-52.451,0.317,0.000,0.790,10.690,0.000,0.000,0.0000
1261.060,-97.020,-52.451,0.317,0.000,0.790,10.708,0.000,0.000,0.0000
1261.070,-97.020,-52.451,0.317,0.000,0.790,10.726,0.000,0.000,0.0000
1261.080,-97.020,-52.451,0.317,0.000,0.790,10.744,0.000,0.000,0.0000
1261.090,-97.020,-52.451,0.317,0.000,0.790,10.744,0.000,0.000,0.0000
1261.100,-97.020,-52.451,0.317,0.000,0.790,10.744,0.000,0.000,0.0000
1261.110,-97.020,-52.451,0.317,0.000,0.790,10.744,0.000,0.000,0.0000
1261.120,-97.020,-52.451,0.317,0.000,0.790,10.744,0.000,0.000,0.0000
1261.130,-97.020,-52.451,0.317,0.000,0.790,10.744,0.000,0.000,0.0000
1261.140,-97.020,-52.451,0.317,0.000,0.790,10.744,0.000,0.000,0.0000
1261.150,-97.020,-52.451,0.317,0.000,0.790,10.744,0.000,0.000,0.0000
1261.160,-97.020,-52.451,0.317,0.000,0.790,10.744,0.000,0.000,0.0000
1261.170,-97.020,-52.451,0.317,0.000,0.790,10.744,0.000,0.000,0.0000
1261.180,-97.020,-52.451,0.317,0.000,0.790,10.744,0.000,0.000,0.0000
1261.190,-97.020,-52.451,0.317,0.000,0.790,10.744,0.000,0.000,0.0000
1261.200,-97.020,-52.451,0.317,0.000,0.790,10.744,0.040,0.000,0.0000
1261.210,-97.020,-52.451,0.317,0.004,0.790,10.744,0.080,0.000,0.0000
1261.220,-97.020,-52.451,0.317,0.010,0.790,10.744,0.120,0.000,0.0000
1261.230,-97.020,-52.450,0.317,0.018,0.790,10.744,0.160,0.000,0.0000
1261.240,-97.020,-52.449,0.316,0.027,0.790,10.744,0.200,0.000,0.0000
1261.250,-97.020,-52.447,0.316,0.034,0.790,10.745,0.240,0.000,0.0000
1261.260,-97.020,-52.446,0.316,0.041,0.790,10.745,0.280,0.000,0.0000
1261.270,-97.020,-52.443,0.315,0.047,0.790,10.745,0.320,0.000,0.0000
1261.280,-97.020,-52.440,0.315,0.051,0.790,10.746,0.360,0.000,0.0000
1261.290,-97.020,-52.437,0.314,0.054,0.790,10.746,0.400,0.000,0.0000
1261.300,-97.020,-52.434,0.314,0.056,0.790,10.747,0.440,0.000,0.0000
1261.310,-97.020,-52.430,0.313,0.056,0.790,10.748,0.480,0.000,0.0000
1261.320,-97.020,-52.425,0.312,0.056,0.790,10.748,0.520,0.000,0.0000
1261.330,-97.020,-52.421,0.312,0.055,0.790,10.749,0.560,0.000,0.0000
1261.340,-97.020,-52.415,0.311,0.054,0.790,10.749,0.600,0.000,0.0000
1261.350,-97.020,-52.410,0.311,0.051,0.790,10.750,0.640,0.000,0.0000
1261.360,-97.020,-52.404,0.310,0.048,0.790,10.750,0.680,0.000,0.0000
1261.370,-97.020,-52.397,0.310,0.045,0.790,10.751,0.720,0.000,0.0000
1261.380,-97.020,-52.391,0.309,0.041,0.790,10.751,0.760,0.000,0.0000
1261.390,-97.020,-52.384,0.309,0.037,0.790,10.751,0.800,0.000,0.0000
1261.400,-97.020,-52.376,0.309,0.033,0.790,10.752,0.840,0.000,0.0000
1261.410,-97.020,-52.368,0.308,0.028,0.790,10.752,0.880,0.000,0.0000
1261.420,-97.020,-52.360,0.308,0.024,0.790,10.752,0.920,0.000,0.0000
1261.430,-97.020,-52.351,0.308,0.019,0.790,10.752,0.960,0.000,0.0000
1261.440,-97.020,-52.341,0.308,0.014,0.790,10.753,1.000,0.000,0.0000
1261.450,-97.020,-52.332,0.308,0.010,0.790,10.753,1.000,0.000,0.0000
1261.460,-97.020,-52.322,0.308,0.006,0.790,10.753,1.000,0.000,0.0000
1261.470,-97.020,-52.311,0.308,0.002,0.790,10.753,1.000,0.000,0.0000
1261.480,-97.020,-52.301,0.308,0.003,0.790,10.753,1.000,0.000,0.0000
1261.490,-97.020,-52.289,0.308,0.006,0.790,10.753,1.000,0.000,0.0000
1261.500,-97.020,-52.278,0.308,0.009,0.790,10.753,1.000,0.000,0.0000
1261.510,-97.020,-52.266,0.308,0.012,0.790,10.752,1.000,0.000,0.0000
1261.520,-97.020,-52.253,0.308,0.014,0.790,10.752,1.000,0.000,0.0000
1261.530,-97.020,-52.240,0.308,0.016,0.790,10.752,1.000,0.000,0.0000
1261.540,-97.020,-52.227,0.308,0.018,0.790,10.752,1.000,0.000,0.0000
1261.550,-97.020,-52.213,0.309,0.019,0.790,10.752,1.000,0.000,0.0000
1261.560,-97.020,-52.199,0.309,0.020,0.790,10.752,1.000,0.000,0.0000
1261.570,-97.020,-52.185,0.309,0.021,0.790,10.751,1.000,0.000,0.0000
1261.580,-97.020,-52.170,0.309,0.021,0.790,10.751,1.000,0.000,0.0000
1261.590,-97.020,-52.155,0.310,0.021,0.790,10.751,1.000,0.000,0.0000
1261.600,-97.020,-52.139,0.310,0.020,0.790,10.751,1.000,0.000,0.0000
1261.610,-97.020,-52.123,0.310,0.020,0.790,10.751,1.000,0.000,0.0000
1261.620,-97.020,-52.107,0.310,0.019,0.790,10.750,1.000,0.000,0.0000
1261.630,-97.020,-52.090,0.310,0.018,0.790,10.750,1.000,0.000,0.0000
1261.640,-97.020,-52.073,0.310,0.016,0.790,10.750,1.000,0.000,0.0000
1261.650,-97.020,-52.055,0.311,0.015,0.790,10.750,1.000,0.000,0.0000
1261.660,-97.020,-52.037,0.311,0.013,0.790,10.750,1.000,0.000,0.0000
1261.670,-97.020,-52.019,0.311,0.012,0.790,10.750,1.000,0.000,0.0000
1261.680,-97.020,-52.000,0.311,0.010,0.790,10.750,1.000,0.000,0.0000
1261.690,-97.020,-51.981,0.311,0.008,0.790,10.749,1.000,0.000,0.0000
1261.700,-97.020,-51.961,0.311,0.006,0.790,10.749,1.000,0.000,0.0000
1261.710,-97.020,-51.941,0.311,0.005,0.790,10.749,1.000,0.000,0.0000
1261.720,-97.020,-51.921,0.311,0.003,0.790,10.749,1.000,0.000,0.0000
1261.730,-97.020,-51.900,0.311,0.002,0.790,10.749,1.000,0.000,0.0000
1261.740,-97.020,-51.879,0.311,0.002,0.790,10.749,1.000,0.000,0.0000
1261.750,-97.020,-51.857,0.311,0.002,0.790,10.749,1.000,0.000,0.0000
1261.760,-97.020,-51.835,0.311,0.003,0.790,10.749,1.000,0.000,0.0000
1261.770,-97.019,-51.813,0.311,0.004,0.790,10.749,1.000,0.000,0.0000
1261.780,-97.019,-51.790,0.311,0.005,0.790,10.749,1.000,0.000,0.0000
1261.790,-97.019,-51.767,0.311,0.006,0.790,10.749,1.000,0.000,0.0000
1261.800,-97.019,-51.744,0.311,0.007,0.790,10.750,1.000,0.000,0.0000
1261.810,-97.019,-51.720,0.311,0.007,0.790,10.750,1.000,0.000,0.0000
1261.820,-97.019,-51.695,0.311,0.008,0.790,10.750,1.000,0.000,0.0000
1261.830,-97.019,-51.671,0.311,0.008,0.790,10.750,1.000,0.000,0.0000
1261.840,-97.019,-51.646,0.311,0.008,0.790,10.750,1.000,0.000,0.0000
1261.850,-97.019,-51.620,0.311,0.008,0.790,10.750,1.000,0.000,0.0000
1261.860,-97.019,-51.594,0.310,0.008,0.790,10.750,1.000,0.000,0.0000
1261.870,-97.019,-51.568,0.310,0.008,0.790,10.750,1.000,0.000,0.0000
1261.880,-97.019,-51.541,0.310,0.007,0.790,10.750,1.000,0.000,0.0000
1261.890,-97.019,-51.514,0.310,0.007,0.790,10.750,1.000,0.000,0.0000
1261.900,-97.019,-51.487,0.310,0.007,0.789,10.750,1.000,0.000,0.0000
1261.910,-97.019,-51.459,0.310,0.006,0.789,10.750,1.000,0.000,0.0000
1261.920,-97.019,-51.430,0.310,0.006,0.789,10.750,1.000,0.000,0.0000
1261.930,-97.019,-51.402,0.310,0.005,0.789,10.750,1.000,0.000,0.0000
1261.940,-97.019,-51.373,0.310,0.004,0.789,10.750,1.000,0.000,0.0000
1261.950,-97.019,-51.343,0.310,0.004,0.789,10.750,1.000,0.000,0.0000
1261.960,-97.019,-51.313,0.310,0.003,0.789,10.750,1.000,0.000,0.0000
1261.970,-97.019,-51.283,0.310,0.003,0.789,10.751,1.000,0.000,0.0000
1261.980,-97.019,-51.252,0.310,0.003,0.789,10.751,1.000,0.000,0.0000
1261.990,-97.019,-51.221,0.310,0.003,0.789,10.751,1.000,0.000,0.0000
1262.000,-97.019,-51.190,0.310,0.003,0.789,10.751,1.000,0.000,0.0000
1262.010,-97.019,-51.158,0.310,0.003,0.789,10.751,1.000,0.000,0.0000
1262.020,-97.019,-51.126,0.310,0.003,0.789,10.750,1.000,0.000,0.0000
1262.030,-97.019,-51.093,0.310,0.003,0.789,10.750,1.000,0.000,0.0000
1262.040,-97.019,-51.060,0.310,0.003,0.789,10.750,1.000,0.000,0.0000
1262.050,-97.019,-51.027,0.310,0.003,0.789,10.750,1.000,0.000,0.0000
1262.060,-97.019,-50.993,0.310,0.004,0.789,10.750,1.000,0.000,0.0000
1262.070,-97.019,-50.958,0.310,0.004,0.789,10.750,1.000,0.000,0.0000
1262.080,-97.019,-50.924,0.310,0.004,0.789,10.750,1.000,0.000,0.0000
1262.090,-97.019,-50.889,0.310,0.004,0.789,10.750,1.000,0.000,0.0000
1262.100,-97.019,-50.853,0.310,0.004,0.789,10.750,1.000,0.000,0.0000
1262.110,-97.019,-50.817,0.310,0.004,0.789,10.750,1.000,0.000,0.0000
1262.120,-97.019,-50.781,0.310,0.004,0.789,10.750,1.000,0.000,0.0000
1262.130,-97.019,-50.745,0.310,0.004,0.789,10.750,1.000,0.000,0.0000
1262.140,-97.019,-50.708,0.310,0.004,0.789,10.750,1.000,0.000,0.0000
1262.150,-97.019,-50.670,0.310,0.004,0.789,10.750,1.000,0.000,0.0000
1262.160,-97.019,-50.632,0.310,0.004,0.789,10.750,1.000,0.000,0.0000
1262.170,-97.019,-50.594,0.310,0.004,0.789,10.750,1.000,0.000,0.0000
1262.180,-97.018,-50.556,0.310,0.004,0.789,10.750,1.000,0.000,0.0000
1262.190,-97.018,-50.516,0.310,0.004,0.789,10.750,1.000,0.000,0.0000
1262.200,-97.018,-50.477,0.310,0.003,0.789,10.750,1.000,0.000,0.0000
1262.210,-97.018,-50.437,0.310,0.003,0.789,10.750,1.000,0.000,0.0000
1262.220,-97.018,-50.397,0.310,0.003,0.789,10.750,1.000,0.000,0.0000
1262.230,-97.018,-50.356,0.310,0.003,0.789,10.750,1.000,0.000,0.0000
1262.240,-97.018,-50.315,0.310,0.003,0.789,10.750,1.000,0.000,0.0000
1262.250,-97.018,-50.274,0.310,0.003,0.789,10.750,1.000,0.000,0.0000
1262.260,-97.018,-50.232,0.310,0.003,0.788,10.750,1.000,0.000,0.0000
1262.270,-97.018,-50.190,0.310,0.003,0.788,10.750,1.000,0.000,0.0000
1262.280,-97.018,-50.148,0.310,0.003,0.788,10.750,1.000,0.000,0.0000
1262.290,-97.018,-50.105,0.310,0.003,0.788,10.750,1.000,0.000,0.0000
1262.300,-97.018,-50.061,0.310,0.004,0.788,10.750,1.000,0.000,0.0000
1262.310,-97.018,-50.017,0.310,0.004,0.788,10.750,1.000,0.000,0.0000
1262.320,-97.018,-49.973,0.310,0.004,0.788,10.750,1.000,0.000,0.0000
1262.330,-97.018,-49.929,0.310,0.004,0.788,10.750,1.000,0.000,0.0000
1262.340,-97.018,-49.884,0.310,0.004,0.788,10.750,1.000,0.000,0.0000
1262.350,-97.018,-49.838,0.310,0.004,0.788,10.750,1.000,0.000,0.0000
1262.360,-97.018,-49.793,0.310,0.004,0.788,10.750,1.000,0.000,0.0000
1262.370,-97.018,-49.747,0.310,0.004,0.788,10.750,1.000,0.000,0.0000
1262.380,-97.018,-49.700,0.310,0.004,0.788,10.750,1.000,0.000,0.0000
1262.390,-97.018,-49.653,0.310,0.004,0.788,10.750,1.000,0.000,0.0000
1262.400,-97.018,-49.606,0.310,0.004,0.788,10.750,1.000,0.000,0.0000
1262.410,-97.018,-49.558,0.310,0.004,0.788,10.750,1.000,0.000,0.0000
1262.420,-97.018,-49.510,0.310,0.004,0.788,10.750,1.000,0.000,0.0000
1262.430,-97.018,-49.461,0.310,0.004,0.788,10.750,1.000,0.000,0.0000
1262.440,-97.018,-49.412,0.310,0.004,0.788,10.750,1.000,0.000,0.0000
1262.450,-97.018,-49.363,0.310,0.004,0.788,10.750,1.000,0.000,0.0000
1262.460,-97.017,-49.313,0.310,0.004,0.788,10.750,1.000,0.000,0.0000
1262.470,-97.017,-49.263,0.310,0.004,0.788,10.750,1.000,0.000,0.0000
1262.480,-97.017,-49.213,0.310,0.004,0.788,10.750,1.000,0.000,0.0000
1262.490,-97.017,-49.162,0.310,0.004,0.788,10.750,1.000,0.000,0.0000
1262.500,-97.017,-49.110,0.310,0.004,0.788,10.750,1.000,0.000,0.0000
1262.510,-97.017,-49.059,0.310,0.004,0.788,10.750,1.000,0.000,0.0000
1262.520,-97.017,-49.007,0.310,0.004,0.788,10.750,1.000,0.000,0.0000
1262.530,-97.017,-48.954,0.310,0.004,0.787,10.750,1.000,0.000,0.0000
1262.540,-97.017,-48.901,0.310,0.004,0.787,10.750,1.000,0.000,0.0000
1262.550,-97.017,-48.848,0.310,0.004,0.787,10.750,1.000,0.000,0.0000
1262.560,-97.017,-48.794,0.310,0.004,0.787,10.750,1.000,0.000,0.0000
1262.570,-97.017,-48.740,0.310,0.004,0.787,10.750,1.000,0.000,0.0000
1262.580,-97.017,-48.686,0.310,0.004,0.787,10.750,1.000,0.000,0.0000
1262.590,-97.017,-48.631,0.310,0.004,0.787,10.750,1.000,0.000,0.0000
1262.600,-97.017,-48.576,0.310,0.004,0.787,10.750,1.000,0.000,0.0000
1262.610,-97.017,-48.520,0.310,0.004,0.787,10.750,1.000,0.000,0.0000
1262.620,-97.017,-48.464,0.310,0.004,0.787,10.750,1.000,0.000,0.0000
1262.630,-97.017,-48.407,0.310,0.005,0.787,10.750,1.000,0.000,0.0000
1262.640,-97.017,-48.350,0.310,0.005,0.787,10.750,1.000,0.000,0.0000
1262.650,-97.017,-48.293,0.310,0.005,0.787,10.750,1.000,0.000,0.0000
1262.660,-97.017,-48.236,0.310,0.005,0.787,10.750,1.000,0.000,0.0000
1262.670,-97.017,-48.178,0.310,0.005,0.787,10.750,1.000,0.000,0.0000
1262.680,-97.017,-48.119,0.310,0.005,0.787,10.750,1.000,0.000,0.0000
1262.690,-97.016,-48.060,0.310,0.005,0.787,10.750,1.000,0.000,0.0000
1262.700,-97.016,-48.001,0.310,0.005,0.787,10.750,1.000,0.000,0.0000
1262.710,-97.016,-47.941,0.310,0.005,0.787,10.750,1.000,0.000,0.0000
1262.720,-97.016,-47.881,0.310,0.005,0.787,10.750,1.000,0.000,0.0000
1262.730,-97.016,-47.821,0.310,0.005,0.787,10.750,1.000,0.000,0.0000
1262.740,-97.016,-47.760,0.310,0.005,0.787,10.750,1.000,0.000,0.0000
1262.750,-97.016,-47.699,0.310,0.005,0.786,10.750,1.000,0.000,0.0000
1262.760,-97.016,-47.637,0.310,0.005,0.786,10.750,1.000,0.000,0.0000
1262.770,-97.016,-47.575,0.310,0.005,0.786,10.750,1.000,0.000,0.0000
1262.780,-97.016,-47.513,0.310,0.005,0.786,10.750,1.000,0.000,0.0000
1262.790,-97.016,-47.450,0.310,0.005,0.786,10.750,1.000,0.000,0.0000
1262.800,-97.016,-47.387,0.310,0.005,0.786,10.750,1.000,0.000,0.0000
1262.810,-97.016,-47.323,0.310,0.005,0.786,10.750,1.000,0.000,0.0000
1262.820,-97.016,-47.259,0.310,0.005,0.786,10.750,1.000,0.000,0.0000
1262.830,-97.016,-47.195,0.310,0.005,0.786,10.750,1.000,0.000,0.0000
1262.840,-97.016,-47.130,0.310,0.005,0.786,10.750,1.000,0.000,0.0000
1262.850,-97.016,-47.065,0.310,0.005,0.786,10.750,1.000,0.000,0.0000
1262.860,-97.016,-46.999,0.310,0.005,0.786,10.750,1.000,0.000,0.0000
1262.870,-97.016,-46.933,0.310,0.005,0.786,10.750,1.000,0.000,0.0000
1262.880,-97.016,-46.867,0.310,0.005,0.786,10.750,1.000,0.000,0.0000
1262.890,-97.015,-46.800,0.310,0.005,0.786,10.750,1.000,0.000,0.0000
1262.900,-97.015,-46.733,0.310,0.005,0.786,10.750,1.000,0.000,0.0000
1262.910,-97.015,-46.665,0.310,0.005,0.786,10.750,1.000,0.000,0.0000
1262.920,-97.015,-46.597,0.310,0.005,0.786,10.750,1.000,0.000,0.0000
1262.930,-97.015,-46.529,0.310,0.005,0.786,10.750,1.000,0.000,0.0000
1262.940,-97.015,-46.460,0.310,0.005,0.785,10.750,1.000,0.000,0.0000
1262.950,-97.015,-46.391,0.310,0.006,0.785,10.750,1.000,0.000,0.0000
1262.960,-97.015,-46.321,0.310,0.006,0.785,10.750,1.000,0.000,0.0000
1262.970,-97.015,-46.251,0.310,0.006,0.785,10.750,1.000,0.000,0.0000
1262.980,-97.015,-46.181,0.310,0.006,0.785,10.750,1.000,0.000,0.0000
1262.990,-97.015,-46.110,0.310,0.006,0.785,10.750,1.000,0.000,0.0000
1263.000,-97.015,-46.039,0.310,0.006,0.785,10.750,1.000,0.000,0.0000
1263.010,-97.015,-45.968,0.310,0.006,0.785,10.750,1.000,0.000,0.0000
1263.020,-97.015,-45.896,0.310,0.006,0.785,10.750,1.000,0.000,0.0000
1263.030,-97.015,-45.823,0.310,0.006,0.785,10.750,1.000,0.000,0.0000
1263.040,-97.015,-45.751,0.310,0.006,0.785,10.750,1.000,0.000,0.0000
1263.050,-97.015,-45.678,0.310,0.006,0.785,10.750,1.000,0.000,0.0000
1263.060,-97.015,-45.604,0.310,0.006,0.785,10.750,1.000,0.000,0.0000
1263.070,-97.014,-45.530,0.310,0.006,0.785,10.750,1.000,0.000,0.0000
1263.080,-97.014,-45.456,0.310,0.006,0.785,10.750,1.000,0.000,0.0000
1263.090,-97.014,-45.381,0.310,0.006,0.785,10.750,1.000,0.000,0.0000
1263.100,-97.014,-45.306,0.310,0.006,0.785,10.750,1.000,0.000,0.0000
1263.110,-97.014,-45.230,0.310,0.006,0.785,10.750,1.000,0.000,0.0000
1263.120,-97.014,-45.154,0.310,0.006,0.784,10.750,1.000,0.000,0.0000
1263.130,-97.014,-45.078,0.310,0.006,0.784,10.750,1.000,0.000,0.0000
1263.140,-97.014,-45.001,0.310,0.006,0.784,10.750,1.000,0.000,0.0000
1263.150,-97.014,-44.924,0.310,0.006,0.784,10.750,1.000,0.000,0.0000
1263.160,-97.014,-44.847,0.310,0.006,0.784,10.750,1.000,0.000,0.0000
1263.170,-97.014,-44.769,0.310,0.006,0.784,10.750,1.000,0.000,0.0000
1263.180,-97.014,-44.691,0.310,0.006,0.784,10.750,1.000,0.000,0.0000
1263.190,-97.014,-44.612,0.310,0.006,0.784,10.750,1.000,0.000,0.0000
1263.200,-97.014,-44.533,0.310,0.006,0.784,10.750,1.000,0.000,0.0000
1263.210,-97.014,-44.453,0.310,0.006,0.784,10.750,1.000,0.000,0.0000
1263.220,-97.014,-44.374,0.310,0.006,0.784,10.750,1.000,0.000,0.0000
1263.230,-97.013,-44.293,0.310,0.006,0.784,10.750,1.000,0.000,0.0000
1263.240,-97.013,-44.213,0.310,0.006,0.784,10.750,1.000,0.000,0.0000
1263.250,-97.013,-44.132,0.310,0.006,0.784,10.750,1.000,0.000,0.0000
1263.260,-97.013,-44.050,0.310,0.006,0.784,10.750,1.000,0.000,0.0000
1263.270,-97.013,-43.968,0.310,0.007,0.783,10.750,1.000,0.000,0.0000
1263.280,-97.013,-43.886,0.310,0.007,0.783,10.750,1.000,0.000,0.0000
1263.290,-97.013,-43.803,0.310,0.007,0.783,10.750,1.000,0.000,0.0000
1263.300,-97.013,-43.720,0.310,0.007,0.783,10.750,1.000,0.000,0.0000
1263.310,-97.013,-43.637,0.310,0.007,0.783,10.750,1.000,0.000,0.0000
1263.320,-97.013,-43.553,0.310,0.007,0.783,10.750,1.000,0.000,0.0000
1263.330,-97.013,-43.469,0.310,0.007,0.783,10.750,1.000,0.000,0.0000
1263.340,-97.013,-43.384,0.310,0.007,0.783,10.750,1.000,0.000,0.0000
1263.350,-97.013,-43.299,0.310,0.007,0.783,10.750,1.000,0.000,0.0000
1263.360,-97.013,-43.214,0.310,0.007,0.783,10.750,1.000,0.000,0.0000
1263.370,-97.013,-43.128,0.310,0.007,0.783,10.750,1.000,0.000,0.0000
1263.380,-97.012,-43.042,0.310,0.007,0.783,10.750,1.000,0.000,0.0000
1263.390,-97.012,-42.955,0.310,0.007,0.783,10.750,1.000,0.000,0.0000
1263.400,-97.012,-42.868,0.310,0.007,0.783,10.750,1.000,0.000,0.0000
1263.410,-97.012,-42.781,0.310,0.007,0.783,10.750,1.000,0.000,0.0000
1263.420,-97.012,-42.693,0.310,0.007,0.782,10.750,1.000,0.000,0.0000
1263.430,-97.012,-42.605,0.310,0.007,0.782,10.750,1.000,0.000,0.0000
1263.440,-97.012,-42.516,0.310,0.007,0.782,10.750,1.000,0.000,0.0000
1263.450,-97.012,-42.427,0.310,0.007,0.782,10.750,1.000,0.000,0.0000
1263.460,-97.012,-42.338,0.310,0.007,0.782,10.750,1.000,0.000,0.0000
1263.470,-97.012,-42.248,0.310,0.007,0.782,10.750,1.000,0.000,0.0000
1263.480,-97.012,-42.158,0.310,0.007,0.782,10.749,1.000,0.000,0.0000
1263.490,-97.012,-42.067,0.310,0.007,0.782,10.749,1.000,0.000,0.0000
1263.500,-97.012,-41.976,0.310,0.007,0.782,10.749,1.000,0.000,0.0000
1263.510,-97.012,-41.885,0.310,0.007,0.782,10.749,1.000,0.000,0.0000
1263.520,-97.011,-41.793,0.310,0.007,0.782,10.749,1.000,0.000,0.0000
1263.530,-97.011,-41.701,0.310,0.007,0.782,10.749,1.000,0.000,0.0000
1263.540,-97.011,-41.608,0.310,0.007,0.782,10.749,1.000,0.000,0.0000
1263.550,-97.011,-41.515,0.310,0.007,0.782,10.749,1.000,0.000,0.0000
1263.560,-97.011,-41.422,0.310,0.007,0.781,10.749,1.000,0.000,0.0000
1263.570,-97.011,-41.328,0.310,0.007,0.781,10.749,1.000,0.000,0.0000
1263.580,-97.011,-41.234,0.310,0.008,0.781,10.749,1.000,0.000,0.0000
1263.590,-97.011,-41.139,0.310,0.008,0.781,10.749,1.000,0.000,0.0000
1263.600,-97.011,-41.044,0.310,0.008,0.781,10.749,1.000,0.000,0.0000
1263.610,-97.011,-40.949,0.310,0.008,0.781,10.749,1.000,0.000,0.0000
1263.620,-97.011,-40.853,0.310,0.008,0.781,10.749,1.000,0.000,0.0000
1263.630,-97.011,-40.757,0.310,0.008,0.781,10.749,1.000,0.000,0.0000
1263.640,-97.011,-40.660,0.310,0.008,0.781,10.749,1.000,0.000,0.0000
1263.650,-97.011,-40.564,0.310,0.008,0.781,10.749,1.000,0.000,0.0000
1263.660,-97.010,-40.466,0.310,0.008,0.781,10.749,1.000,0.000,0.0000
1263.670,-97.010,-40.368,0.310,0.008,0.781,10.749,1.000,0.000,0.0000
1263.680,-97.010,-40.270,0.310,0.008,0.781,10.749,1.000,0.000,0.0000
1263.690,-97.010,-40.172,0.310,0.008,0.780,10.749,1.000,0.000,0.0000
1263.700,-97.010,-40.073,0.310,0.008,0.780,10.749,1.000,0.000,0.0000
1263.710,-97.010,-39.974,0.310,0.008,0.780,10.749,1.000,0.000,0.0000
1263.720,-97.010,-39.874,0.310,0.008,0.780,10.749,1.000,0.000,0.0000
1263.730,-97.010,-39.774,0.310,0.008,0.780,10.749,1.000,0.000,0.0000
1263.740,-97.010,-39.673,0.310,0.008,0.780,10.749,1.000,0.000,0.0000
1263.750,-97.010,-39.572,0.310,0.008,0.780,10.749,1.000,0.000,0.0000
1263.760,-97.010,-39.471,0.310,0.008,0.780,10.749,1.000,0.000,0.0000
1263.770,-97.010,-39.369,0.310,0.008,0.780,10.749,1.000,0.000,0.0000
1263.780,-97.009,-39.267,0.310,0.008,0.780,10.749,1.000,0.000,0.0000
1263.790,-97.009,-39.165,0.310,0.008,0.780,10.749,1.000,0.000,0.0000
1263.800,-97.009,-39.062,0.310,0.008,0.780,10.749,1.000,0.000,0.0000
1263.810,-97.009,-38.959,0.310,0.008,0.780,10.749,1.000,0.000,0.0000
1263.820,-97.009,-38.855,0.310,0.008,0.779,10.749,1.000,0.000,0.0000
1263.830,-97.009,-38.751,0.310,0.008,0.779,10.749,1.000,0.000,0.0000
1263.840,-97.009,-38.646,0.310,0.008,0.779,10.749,1.000,0.000,0.0000
1263.850,-97.009,-38.541,0.310,0.008,0.779,10.749,1.000,0.000,0.0000
1263.860,-97.009,-38.436,0.310,0.008,0.779,10.749,1.000,0.000,0.0000
1263.870,-97.009,-38.331,0.310,0.008,0.779,10.749,1.000,0.000,0.0000
1263.880,-97.009,-38.224,0.310,0.008,0.779,10.749,1.000,0.000,0.0000
1263.890,-97.009,-38.118,0.310,0.008,0.779,10.749,1.000,0.000,0.0000
1263.900,-97.008,-38.011,0.310,0.009,0.779,10.749,1.000,0.000,0.0000
1263.910,-97.008,-37.904,0.310,0.009,0.779,10.749,1.000,0.000,0.0000
1263.920,-97.008,-37.796,0.310,0.009,0.779,10.749,1.000,0.000,0.0000
1263.930,-97.008,-37.688,0.310,0.009,0.778,10.749,1.000,0.000,0.0000
1263.940,-97.008,-37.580,0.310,0.009,0.778,10.749,1.000,0.000,0.0000
1263.950,-97.008,-37.471,0.310,0.009,0.778,10.749,1.000,0.000,0.0000
1263.960,-97.008,-37.362,0.310,0.009,0.778,10.749,1.000,0.000,0.0000
1263.970,-97.008,-37.252,0.310,0.009,0.778,10.749,1.000,0.000,0.0000
1263.980,-97.008,-37.142,0.310,0.009,0.778,10.749,1.000,0.000,0.0000
1263.990,-97.008,-37.032,0.310,0.009,0.778,10.749,1.000,0.000,0.0000
1264.000,-97.008,-36.921,0.310,0.009,0.778,10.749,1.000,0.000,0.0000
1264.010,-97.008,-36.810,0.310,0.010,0.778,10.749,1.000,0.000,0.0000
1264.020,-97.007,-36.698,0.310,0.014,0.778,10.749,1.000,0.000,0.0000
1264.030,-97.007,-36.587,0.311,0.020,0.778,10.749,1.000,0.000,0.0000
1264.040,-97.007,-36.476,0.311,0.028,0.778,10.748,1.000,0.000,0.0000
1264.050,-97.007,-36.365,0.311,0.035,0.777,10.748,1.000,0.000,0.0000
1264.060,-97.007,-36.253,0.312,0.042,0.777,10.748,1.000,0.000,0.0000
1264.070,-97.007,-36.142,0.312,0.047,0.777,10.747,1.000,0.000,0.0000
1264.080,-97.007,-36.031,0.313,0.051,0.777,10.747,1.000,0.000,0.0000
1264.090,-97.007,-35.920,0.313,0.054,0.777,10.746,1.000,0.000,0.0000
1264.100,-97.007,-35.809,0.314,0.056,0.777,10.746,1.000,0.000,0.0000
1264.110,-97.007,-35.697,0.314,0.056,0.777,10.745,1.000,0.000,0.0000
1264.120,-97.007,-35.586,0.315,0.056,0.777,10.745,1.000,0.000,0.0000
1264.130,-97.006,-35.475,0.315,0.056,0.777,10.744,1.000,0.000,0.0000
1264.140,-97.006,-35.364,0.316,0.054,0.777,10.743,1.000,0.000,0.0000
1264.150,-97.006,-35.252,0.316,0.052,0.777,10.743,1.000,0.000,0.0000
1264.160,-97.006,-35.141,0.317,0.049,0.777,10.742,1.000,0.000,0.0000
1264.170,-97.006,-35.030,0.317,0.046,0.777,10.742,1.000,0.000,0.0000
1264.180,-97.006,-34.919,0.318,0.042,0.777,10.742,1.000,0.000,0.0000
1264.190,-97.006,-34.808,0.318,0.038,0.776,10.741,1.000,0.000,0.0000
1264.200,-97.006,-34.696,0.318,0.034,0.776,10.741,1.000,0.000,0.0000
1264.210,-97.006,-34.585,0.319,0.030,0.776,10.741,1.000,0.000,0.0000
1264.220,-97.006,-34.474,0.319,0.026,0.776,10.740,1.000,0.000,0.0000
1264.230,-97.006,-34.363,0.319,0.022,0.776,10.740,1.000,0.000,0.0000
1264.240,-97.005,-34.252,0.319,0.017,0.776,10.740,1.000,0.000,0.0000
1264.250,-97.005,-34.141,0.319,0.014,0.776,10.740,1.000,0.000,0.0000
1264.260,-97.005,-34.030,0.319,0.011,0.776,10.740,1.000,0.000,0.0000
1264.270,-97.005,-33.919,0.319,0.009,0.776,10.740,1.000,0.000,0.0000
1264.280,-97.005,-33.807,0.319,0.009,0.776,10.740,1.000,0.000,0.0000
1264.290,-97.005,-33.696,0.319,0.010,0.776,10.740,1.000,0.000,0.0000
1264.300,-97.005,-33.585,0.319,0.012,0.776,10.740,1.000,0.000,0.0000
1264.310,-97.005,-33.474,0.319,0.014,0.775,10.740,1.000,0.000,0.0000
1264.320,-97.005,-33.363,0.319,0.016,0.775,10.740,1.000,0.000,0.0000
1264.330,-97.005,-33.252,0.319,0.018,0.775,10.740,1.000,0.000,0.0000
1264.340,-97.005,-33.141,0.319,0.020,0.775,10.740,1.000,0.000,0.0000
1264.350,-97.005,-33.030,0.319,0.021,0.775,10.741,1.000,0.000,0.0000
1264.360,-97.004,-32.919,0.318,0.022,0.775,10.741,1.000,0.000,0.0000
1264.370,-97.004,-32.808,0.318,0.022,0.775,10.741,1.000,0.000,0.0000
1264.380,-97.004,-32.697,0.318,0.023,0.775,10.741,1.000,0.000,0.0000
1264.390,-97.004,-32.586,0.318,0.022,0.775,10.741,1.000,0.000,0.0000
1264.400,-97.004,-32.475,0.317,0.022,0.775,10.742,1.000,0.000,0.0000
1264.410,-97.004,-32.364,0.317,0.022,0.774,10.742,1.000,0.000,0.0000
1264.420,-97.004,-32.253,0.317,0.021,0.774,10.742,1.000,0.000,0.0000
1264.430,-97.004,-32.142,0.317,0.020,0.774,10.742,1.000,0.000,0.0000
1264.440,-97.004,-32.030,0.317,0.019,0.774,10.742,1.000,0.000,0.0000
1264.450,-97.004,-31.919,0.317,0.017,0.774,10.742,1.000,0.000,0.0000
1264.460,-97.004,-31.808,0.316,0.016,0.774,10.742,1.000,0.000,0.0000
1264.470,-97.003,-31.697,0.316,0.015,0.774,10.743,1.000,0.000,0.0000
1264.480,-97.003,-31.586,0.316,0.014,0.774,10.743,1.000,0.000,0.0000
1264.490,-97.003,-31.475,0.316,0.012,0.774,10.743,1.000,0.000,0.0000
1264.500,-97.003,-31.364,0.316,0.011,0.774,10.743,1.000,0.000,0.0000
1264.510,-97.003,-31.253,0.316,0.010,0.774,10.743,1.000,0.000,0.0000
1264.520,-97.003,-31.142,0.316,0.010,0.773,10.743,1.000,0.000,0.0000
1264.530,-97.003,-31.031,0.316,0.009,0.773,10.743,1.000,0.000,0.0000
1264.540,-97.003,-30.920,0.316,0.009,0.773,10.743,1.000,0.000,0.0000
1264.550,-97.003,-30.809,0.316,0.009,0.773,10.743,1.000,0.000,0.0000
1264.560,-97.003,-30.697,0.316,0.009,0.773,10.743,1.000,0.000,0.0000
1264.570,-97.003,-30.586,0.316,0.010,0.773,10.743,1.000,0.000,0.0000
1264.580,-97.002,-30.475,0.316,0.010,0.773,10.743,1.000,0.000,0.0000
1264.590,-97.002,-30.364,0.316,0.010,0.773,10.743,1.000,0.000,0.0000
1264.600,-97.002,-30.253,0.316,0.011,0.773,10.743,1.000,0.000,0.0000
1264.610,-97.002,-30.142,0.316,0.011,0.773,10.743,1.000,0.000,0.0000
1264.620,-97.002,-30.031,0.316,0.011,0.773,10.742,1.000,0.000,0.0000
1264.630,-97.002,-29.920,0.316,0.012,0.772,10.742,1.000,0.000,0.0000
1264.640,-97.002,-29.809,0.317,0.012,0.772,10.742,1.000,0.000,0.0000
1264.650,-97.002,-29.697,0.317,0.012,0.772,10.742,1.000,0.000,0.0000
1264.660,-97.002,-29.586,0.317,0.012,0.772,10.742,1.000,0.000,0.0000
1264.670,-97.002,-29.475,0.317,0.012,0.772,10.742,1.000,0.000,0.0000
1264.680,-97.002,-29.364,0.317,0.011,0.772,10.742,1.000,0.000,0.0000
1264.690,-97.001,-29.253,0.317,0.011,0.772,10.742,1.000,0.000,0.0000
1264.700,-97.001,-29.142,0.317,0.011,0.772,10.742,1.000,0.000,0.0000
1264.710,-97.001,-29.031,0.317,0.011,0.772,10.742,1.000,0.000,0.0000
1264.720,-97.001,-28.920,0.317,0.010,0.772,10.742,1.000,0.000,0.0000
1264.730,-97.001,-28.809,0.317,0.010,0.772,10.742,1.000,0.000,0.0000
1264.740,-97.001,-28.697,0.317,0.010,0.772,10.742,1.000,0.000,0.0000
1264.750,-97.001,-28.586,0.317,0.010,0.771,10.742,1.000,0.000,0.0000
1264.760,-97.001,-28.475,0.317,0.009,0.771,10.742,1.000,0.000,0.0000
1264.770,-97.001,-28.364,0.317,0.009,0.771,10.741,1.000,0.000,0.0000
1264.780,-97.001,-28.253,0.317,0.009,0.771,10.741,1.000,0.000,0.0000
1264.790,-97.001,-28.142,0.317,0.009,0.771,10.741,1.000,0.000,0.0000
1264.800,-97.001,-28.031,0.317,0.009,0.771,10.741,1.000,0.000,0.0000
1264.810,-97.000,-27.920,0.317,0.009,0.771,10.741,1.000,0.000,0.0000
1264.820,-97.000,-27.809,0.317,0.009,0.771,10.741,1.000,0.000,0.0000
1264.830,-97.000,-27.698,0.317,0.009,0.771,10.741,1.000,0.000,0.0000
1264.840,-97.000,-27.586,0.317,0.009,0.771,10.741,1.000,0.000,0.0000
1264.850,-97.000,-27.475,0.317,0.009,0.771,10.741,1.000,0.000,0.0000
1264.860,-97.000,-27.364,0.317,0.009,0.770,10.741,1.000,0.000,0.0000
1264.870,-97.000,-27.253,0.317,0.009,0.770,10.741,1.000,0.000,0.0000
1264.880,-97.000,-27.142,0.317,0.009,0.770,10.741,1.000,0.000,0.0000
1264.890,-97.000,-27.031,0.317,0.009,0.770,10.742,1.000,0.000,0.0000
1264.900,-97.000,-26.920,0.317,0.009,0.770,10.742,1.000,0.000,0.0000
1264.910,-97.000,-26.809,0.317,0.009,0.770,10.742,1.000,0.000,0.0000
1264.920,-96.999,-26.698,0.317,0.009,0.770,10.742,1.000,0.000,0.0000
1264.930,-96.999,-26.587,0.317,0.009,0.770,10.742,1.000,0.000,0.0000
1264.940,-96.999,-26.475,0.317,0.009,0.770,10.742,1.000,0.000,0.0000
1264.950,-96.999,-26.364,0.317,0.009,0.770,10.742,1.000,0.000,0.0000
1264.960,-96.999,-26.253,0.317,0.009,0.770,10.742,1.000,0.000,0.0000
1264.970,-96.999,-26.142,0.317,0.009,0.769,10.742,1.000,0.000,0.0000
1264.980,-96.999,-26.031,0.317,0.009,0.769,10.742,1.000,0.000,0.0000
1264.990,-96.999,-25.920,0.317,0.009,0.769,10.742,1.000,0.000,0.0000
1265.000,-96.999,-25.809,0.317,0.009,0.769,10.742,1.000,0.000,0.0000
1265.010,-96.999,-25.698,0.317,0.009,0.769,10.742,1.000,0.000,0.0000
1265.020,-96.999,-25.587,0.317,0.009,0.769,10.742,1.000,0.000,0.0000
1265.030,-96.998,-25.476,0.317,0.009,0.769,10.742,1.000,0.000,0.0000
1265.040,-96.998,-25.365,0.317,0.009,0.769,10.742,1.000,0.000,0.0000
1265.050,-96.998,-25.253,0.317,0.009,0.769,10.742,1.000,0.000,0.0000
1265.060,-96.998,-25.142,0.317,0.009,0.769,10.742,1.000,0.000,0.0000
1265.070,-96.998,-25.031,0.317,0.009,0.769,10.742,1.000,0.000,0.0000
1265.080,-96.998,-24.920,0.317,0.009,0.769,10.742,1.000,0.000,0.0000
1265.090,-96.998,-24.809,0.317,0.009,0.768,10.742,1.000,0.000,0.0000
1265.100,-96.998,-24.698,0.317,0.009,0.768,10.742,1.000,0.000,0.0000
1265.110,-96.998,-24.587,0.317,0.009,0.768,10.742,1.000,0.000,0.0000
1265.120,-96.998,-24.476,0.317,0.009,0.768,10.742,1.000,0.000,0.0000
1265.130,-96.998,-24.365,0.317,0.009,0.768,10.742,1.000,0.000,0.0000
1265.140,-96.998,-24.254,0.317,0.009,0.768,10.742,1.000,0.000,0.0000
1265.150,-96.997,-24.142,0.317,0.009,0.768,10.742,1.000,0.000,0.0000
1265.160,-96.997,-24.031,0.317,0.009,0.768,10.742,1.000,0.000,0.0000
1265.170,-96.997,-23.920,0.317,0.009,0.768,10.742,1.000,0.000,0.0000
1265.180,-96.997,-23.809,0.317,0.009,0.768,10.742,1.000,0.000,0.0000
1265.190,-96.997,-23.698,0.317,0.009,0.768,10.741,1.000,0.000,0.0000
1265.200,-96.997,-23.587,0.317,0.009,0.767,10.741,1.000,0.000,0.0000
1265.210,-96.997,-23.476,0.317,0.009,0.767,10.741,1.000,0.000,0.0000
1265.220,-96.997,-23.365,0.317,0.009,0.767,10.741,1.000,0.000,0.0000
1265.230,-96.997,-23.254,0.317,0.009,0.767,10.741,1.000,0.000,0.0000
1265.240,-96.997,-23.143,0.317,0.009,0.767,10.741,1.000,0.000,0.0000
1265.250,-96.997,-23.031,0.317,0.009,0.767,10.741,1.000,0.000,0.0000
1265.260,-96.996,-22.920,0.317,0.009,0.767,10.741,1.000,0.000,0.0000
1265.270,-96.996,-22.809,0.317,0.009,0.767,10.741,1.000,0.000,0.0000
1265.280,-96.996,-22.698,0.317,0.009,0.767,10.741,1.000,0.000,0.0000
1265.290,-96.996,-22.587,0.317,0.009,0.767,10.741,1.000,0.000,0.0000
1265.300,-96.996,-22.476,0.317,0.009,0.767,10.741,1.000,0.000,0.0000
1265.310,-96.996,-22.365,0.317,0.009,0.766,10.741,1.000,0.000,0.0000
1265.320,-96.996,-22.254,0.317,0.009,0.766,10.741,1.000,0.000,0.0000
1265.330,-96.996,-22.143,0.317,0.009,0.766,10.741,1.000,0.000,0.0000
1265.340,-96.996,-22.032,0.317,0.009,0.766,10.741,1.000,0.000,0.0000
1265.350,-96.996,-21.920,0.317,0.009,0.766,10.741,1.000,0.000,0.0000
1265.360,-96.996,-21.809,0.317,0.009,0.766,10.741,1.000,0.000,0.0000
1265.370,-96.995,-21.698,0.317,0.009,0.766,10.741,1.000,0.000,0.0000
1265.380,-96.995,-21.587,0.317,0.009,0.766,10.741,1.000,0.000,0.0000
1265.390,-96.995,-21.476,0.317,0.009,0.766,10.741,1.000,0.000,0.0000
1265.400,-96.995,-21.365,0.317,0.009,0.766,10.741,1.000,0.000,0.0000
1265.410,-96.995,-21.254,0.317,0.009,0.766,10.741,1.000,0.000,0.0000
1265.420,-96.995,-21.143,0.317,0.009,0.766,10.741,1.000,0.000,0.0000
1265.430,-96.995,-21.032,0.317,0.009,0.765,10.741,1.000,0.000,0.0000
1265.440,-96.995,-20.921,0.317,0.009,0.765,10.741,1.000,0.000,0.0000
1265.450,-96.995,-20.809,0.317,0.009,0.765,10.741,1.000,0.000,0.0000
1265.460,-96.995,-20.698,0.317,0.009,0.765,10.741,1.000,0.000,0.0000
1265.470,-96.995,-20.587,0.317,0.009,0.765,10.741,1.000,0.000,0.0000
1265.480,-96.994,-20.476,0.317,0.009,0.765,10.741,1.000,0.000,0.0000
1265.490,-96.994,-20.365,0.317,0.009,0.765,10.741,1.000,0.000,0.0000
1265.500,-96.994,-20.254,0.317,0.009,0.765,10.741,1.000,0.000,0.0000
1265.510,-96.994,-20.143,0.317,0.009,0.765,10.741,1.000,0.000,0.0000
1265.520,-96.994,-20.032,0.317,0.009,0.765,10.741,1.000,0.000,0.0000
1265.530,-96.994,-19.921,0.317,0.009,0.765,10.741,1.000,0.000,0.0000
1265.540,-96.994,-19.810,0.317,0.009,0.764,10.741,1.000,0.000,0.0000
1265.550,-96.994,-19.698,0.317,0.009,0.764,10.741,1.000,0.000,0.0000
1265.560,-96.994,-19.587,0.317,0.009,0.764,10.741,1.000,0.000,0.0000
1265.570,-96.994,-19.476,0.317,0.009,0.764,10.741,1.000,0.000,0.0000
1265.580,-96.994,-19.365,0.317,0.009,0.764,10.741,1.000,0.000,0.0000
1265.590,-96.994,-19.254,0.317,0.009,0.764,10.741,1.000,0.000,0.0000
1265.600,-96.993,-19.143,0.317,0.009,0.764,10.741,1.000,0.000,0.0000
1265.610,-96.993,-19.032,0.317,0.009,0.764,10.741,1.000,0.000,0.0000
1265.620,-96.993,-18.921,0.317,0.009,0.764,10.741,1.000,0.000,0.0000
1265.630,-96.993,-18.810,0.317,0.009,0.764,10.741,1.000,0.000,0.0000
1265.640,-96.993,-18.699,0.317,0.009,0.764,10.741,1.000,0.000,0.0000
1265.650,-96.993,-18.587,0.317,0.009,0.763,10.741,1.000,0.000,0.0000
1265.660,-96.993,-18.476,0.317,0.009,0.763,10.741,1.000,0.000,0.0000
1265.670,-96.993,-18.365,0.317,0.009,0.763,10.741,1.000,0.000,0.0000
1265.680,-96.993,-18.254,0.317,0.009,0.763,10.741,1.000,0.000,0.0000
1265.690,-96.993,-18.143,0.317,0.009,0.763,10.741,1.000,0.000,0.0000
1265.700,-96.993,-18.032,0.317,0.009,0.763,10.741,1.000,0.000,0.0000
1265.710,-96.992,-17.921,0.317,0.009,0.763,10.741,1.000,0.000,0.0000
1265.720,-96.992,-17.810,0.317,0.009,0.763,10.741,1.000,0.000,0.0000
1265.730,-96.992,-17.699,0.317,0.009,0.763,10.741,1.000,0.000,0.0000
1265.740,-96.992,-17.588,0.317,0.009,0.763,10.741,1.000,0.000,0.0000
1265.750,-96.992,-17.476,0.317,0.009,0.763,10.741,1.000,0.000,0.0000
1265.760,-96.992,-17.365,0.317,0.009,0.762,10.741,1.000,0.000,0.0000
1265.770,-96.992,-17.254,0.317,0.009,0.762,10.741,1.000,0.000,0.0000
1265.780,-96.992,-17.143,0.317,0.009,0.762,10.741,1.000,0.000,0.0000
1265.790,-96.992,-17.032,0.317,0.009,0.762,10.741,1.000,0.000,0.0000
1265.800,-96.992,-16.921,0.317,0.009,0.762,10.741,1.000,0.000,0.0000
1265.810,-96.992,-16.810,0.317,0.009,0.762,10.741,1.000,0.000,0.0000
1265.820,-96.991,-16.699,0.317,0.009,0.762,10.741,1.000,0.000,0.0000
1265.830,-96.991,-16.588,0.317,0.009,0.762,10.741,1.000,0.000,0.0000
1265.840,-96.991,-16.477,0.317,0.009,0.762,10.741,1.000,0.000,0.0000
1265.850,-96.991,-16.366,0.317,0.009,0.762,10.741,1.000,0.000,0.0000
1265.860,-96.991,-16.254,0.317,0.009,0.762,10.741,1.000,0.000,0.0000
1265.870,-96.991,-16.143,0.317,0.009,0.762,10.741,1.000,0.000,0.0000
1265.880,-96.991,-16.032,0.317,0.009,0.761,10.741,1.000,0.000,0.0000
1265.890,-96.991,-15.921,0.317,0.009,0.761,10.741,1.000,0.000,0.0000
1265.900,-96.991,-15.810,0.317,0.009,0.761,10.741,1.000,0.000,0.0000
1265.910,-96.991,-15.699,0.317,0.009,0.761,10.741,1.000,0.000,0.0000
1265.920,-96.991,-15.588,0.317,0.009,0.761,10.741,1.000,0.000,0.0000
1265.930,-96.991,-15.477,0.317,0.009,0.761,10.741,1.000,0.000,0.0000
1265.940,-96.990,-15.366,0.317,0.009,0.761,10.741,1.000,0.000,0.0000
1265.950,-96.990,-15.255,0.317,0.009,0.761,10.741,1.000,0.000,0.0000
1265.960,-96.990,-15.143,0.317,0.009,0.761,10.741,1.000,0.000,0.0000
1265.970,-96.990,-15.032,0.317,0.009,0.761,10.741,1.000,0.000,0.0000
1265.980,-96.990,-14.921,0.317,0.009,0.761,10.741,1.000,0.000,0.0000
1265.990,-96.990,-14.810,0.317,0.009,0.760,10.741,1.000,0.000,0.0000
1266.000,-96.990,-14.699,0.317,0.009,0.760,10.741,1.000,0.000,0.0000
1266.010,-96.990,-14.588,0.317,0.009,0.760,10.741,1.000,0.000,0.0000
1266.020,-96.990,-14.477,0.317,0.009,0.760,10.741,1.000,0.000,0.0000
1266.030,-96.990,-14.366,0.317,0.009,0.760,10.741,1.000,0.000,0.0000
1266.040,-96.990,-14.255,0.317,0.009,0.760,10.741,1.000,0.000,0.0000
1266.050,-96.989,-14.144,0.317,0.009,0.760,10.741,1.000,0.000,0.0000
1266.060,-96.989,-14.032,0.317,0.009,0.760,10.741,1.000,0.000,0.0000
1266.070,-96.989,-13.921,0.317,0.009,0.760,10.741,1.000,0.000,0.0000
1266.080,-96.989,-13.810,0.317,0.009,0.760,10.741,1.000,0.000,0.0000
1266.090,-96.989,-13.699,0.317,0.009,0.760,10.741,1.000,0.000,0.0000
1266.100,-96.989,-13.588,0.317,0.009,0.759,10.741,1.000,0.000,0.0000
1266.110,-96.989,-13.477,0.317,0.009,0.759,10.741,1.000,0.000,0.0000
1266.120,-96.989,-13.366,0.317,0.009,0.759,10.741,1.000,0.000,0.0000
1266.130,-96.989,-13.255,0.317,0.009,0.759,10.741,1.000,0.000,0.0000
1266.140,-96.989,-13.144,0.317,0.009,0.759,10.741,1.000,0.000,0.0000
1266.150,-96.989,-13.033,0.317,0.009,0.759,10.741,1.000,0.000,0.0000
1266.160,-96.988,-12.921,0.317,0.009,0.759,10.741,1.000,0.000,0.0000
1266.170,-96.988,-12.810,0.317,0.009,0.759,10.741,1.000,0.000,0.0000
1266.180,-96.988,-12.699,0.317,0.009,0.759,10.741,1.000,0.000,0.0000
1266.190,-96.988,-12.588,0.317,0.009,0.759,10.741,1.000,0.000,0.0000
1266.200,-96.988,-12.477,0.317,0.009,0.759,10.741,1.000,0.000,0.0000
1266.210,-96.988,-12.366,0.317,0.009,0.759,10.741,1.000,0.000,0.0000
1266.220,-96.988,-12.255,0.317,0.009,0.758,10.741,1.000,0.000,0.0000
1266.230,-96.988,-12.144,0.317,0.009,0.758,10.741,1.000,0.000,0.0000
1266.240,-96.988,-12.033,0.317,0.009,0.758,10.741,1.000,0.000,0.0000
1266.250,-96.988,-11.922,0.317,0.009,0.758,10.741,1.000,0.000,0.0000
1266.260,-96.988,-11.810,0.317,0.009,0.758,10.741,1.000,0.000,0.0000
1266.270,-96.987,-11.699,0.317,0.009,0.758,10.741,1.000,0.000,0.0000
1266.280,-96.987,-11.588,0.317,0.009,0.758,10.741,1.000,0.000,0.0000
1266.290,-96.987,-11.477,0.317,0.009,0.758,10.741,1.000,0.000,0.0000
1266.300,-96.987,-11.366,0.317,0.009,0.758,10.741,1.000,0.000,0.0000
1266.310,-96.987,-11.255,0.317,0.009,0.758,10.741,1.000,0.000,0.0000
1266.320,-96.987,-11.144,0.317,0.009,0.758,10.741,1.000,0.000,0.0000
1266.330,-96.987,-11.033,0.317,0.009,0.757,10.741,1.000,0.000,0.0000
1266.340,-96.987,-10.922,0.317,0.009,0.757,10.741,1.000,0.000,0.0000
1266.350,-96.987,-10.811,0.317,0.009,0.757,10.741,1.000,0.000,0.0000
1266.360,-96.987,-10.699,0.317,0.009,0.757,10.740,1.000,0.000,0.0000
1266.370,-96.987,-10.588,0.317,0.009,0.757,10.740,1.000,0.000,0.0000
1266.380,-96.987,-10.477,0.317,0.009,0.757,10.740,1.000,0.000,0.0000
1266.390,-96.986,-10.366,0.317,0.009,0.757,10.740,1.000,0.000,0.0000
1266.400,-96.986,-10.255,0.317,0.009,0.757,10.740,1.000,0.000,0.0000
1266.410,-96.986,-10.144,0.317,0.009,0.757,10.740,1.000,0.000,0.0000
1266.420,-96.986,-10.033,0.317,0.009,0.757,10.740,1.000,0.000,0.0000
1266.430,-96.986,-9.922,0.317,0.009,0.757,10.740,1.000,0.000,0.0000
1266.440,-96.986,-9.811,0.317,0.009,0.756,10.740,1.000,0.000,0.0000
1266.450,-96.986,-9.700,0.317,0.009,0.756,10.740,1.000,0.000,0.0000
1266.460,-96.986,-9.588,0.317,0.009,0.756,10.740,1.000,0.000,0.0000
1266.470,-96.986,-9.477,0.317,0.009,0.756,10.740,1.000,0.000,0.0000
1266.480,-96.986,-9.366,0.317,0.009,0.756,10.740,1.000,0.000,0.0000
1266.490,-96.986,-9.255,0.317,0.009,0.756,10.740,1.000,0.000,0.0000
1266.500,-96.985,-9.144,0.317,0.009,0.756,10.740,1.000,0.000,0.0000
1266.510,-96.985,-9.033,0.317,0.009,0.756,10.740,1.000,0.000,0.0000
1266.520,-96.985,-8.922,0.317,0.009,0.756,10.740,1.000,0.000,0.0000
1266.530,-96.985,-8.811,0.317,0.009,0.756,10.740,1.000,0.000,0.0000
1266.540,-96.985,-8.700,0.317,0.009,0.756,10.740,1.000,0.000,0.0000
1266.550,-96.985,-8.589,0.317,0.009,0.755,10.740,1.000,0.000,0.0000
1266.560,-96.985,-8.478,0.317,0.009,0.755,10.740,1.000,0.000,0.0000
1266.570,-96.985,-8.366,0.317,0.009,0.755,10.740,1.000,0.000,0.0000
1266.580,-96.985,-8.255,0.317,0.009,0.755,10.740,1.000,0.000,0.0000
1266.590,-96.985,-8.144,0.317,0.009,0.755,10.740,1.000,0.000,0.0000
1266.600,-96.985,-8.033,0.317,0.009,0.755,10.740,1.000,0.000,0.0000
1266.610,-96.984,-7.922,0.317,0.009,0.755,10.740,1.000,0.000,0.0000
1266.620,-96.984,-7.811,0.317,0.009,0.755,10.740,1.000,0.000,0.0000
1266.630,-96.984,-7.700,0.317,0.009,0.755,10.740,1.000,0.000,0.0000
1266.640,-96.984,-7.589,0.317,0.009,0.755,10.740,1.000,0.000,0.0000
1266.650,-96.984,-7.478,0.317,0.009,0.755,10.740,1.000,0.000,0.0000
1266.660,-96.984,-7.367,0.317,0.009,0.755,10.740,1.000,0.000,0.0000
1266.670,-96.984,-7.255,0.317,0.009,0.754,10.740,1.000,0.000,0.0000
1266.680,-96.984,-7.144,0.317,0.009,0.754,10.740,1.000,0.000,0.0000
1266.690,-96.984,-7.033,0.317,0.009,0.754,10.740,1.000,0.000,0.0000
1266.700,-96.984,-6.922,0.317,0.009,0.754,10.740,1.000,0.000,0.0000
1266.710,-96.984,-6.811,0.317,0.009,0.754,10.740,1.000,0.000,0.0000
1266.720,-96.984,-6.700,0.317,0.009,0.754,10.740,1.000,0.000,0.0000
1266.730,-96.983,-6.589,0.317,0.009,0.754,10.740,1.000,0.000,0.0000
1266.740,-96.983,-6.478,0.317,0.009,0.754,10.740,1.000,0.000,0.0000
1266.750,-96.983,-6.367,0.317,0.009,0.754,10.740,1.000,0.000,0.0000
1266.760,-96.983,-6.256,0.317,0.009,0.754,10.740,1.000,0.000,0.0000
1266.770,-96.983,-6.144,0.317,0.009,0.754,10.740,1.000,0.000,0.0000
1266.780,-96.983,-6.033,0.317,0.009,0.753,10.740,1.000,0.000,0.0000
1266.790,-96.983,-5.922,0.317,0.009,0.753,10.740,1.000,0.000,0.0000
1266.800,-96.983,-5.811,0.317,0.009,0.753,10.740,1.000,0.000,0.0000
1266.810,-96.983,-5.700,0.317,0.009,0.753,10.740,1.000,0.000,0.0000
1266.820,-96.983,-5.589,0.317,0.009,0.753,10.740,1.000,0.000,0.0000
1266.830,-96.983,-5.478,0.317,0.009,0.753,10.740,1.000,0.000,0.0000
1266.840,-96.982,-5.367,0.317,0.009,0.753,10.740,1.000,0.000,0.0000
1266.850,-96.982,-5.256,0.317,0.009,0.753,10.740,1.000,0.000,0.0000
1266.860,-96.982,-5.145,0.317,0.009,0.753,10.740,1.000,0.000,0.0000
1266.870,-96.982,-5.033,0.317,0.009,0.753,10.740,1.000,0.000,0.0000
1266.880,-96.982,-4.922,0.317,0.009,0.753,10.740,1.000,0.000,0.0000
1266.890,-96.982,-4.811,0.317,0.009,0.752,10.740,0.940,0.000,0.0000
1266.900,-96.982,-4.700,0.317,0.010,0.752,10.740,0.880,0.000,0.0000
1266.910,-96.982,-4.590,0.317,0.014,0.752,10.740,0.820,0.000,0.0000
1266.920,-96.982,-4.479,0.317,0.020,0.752,10.740,0.760,0.000,0.0000
1266.930,-96.982,-4.369,0.318,0.028,0.752,10.739,0.700,0.000,0.0000
1266.940,-96.982,-4.260,0.318,0.036,0.752,10.739,0.640,0.000,0.0000
1266.950,-96.981,-4.151,0.318,0.042,0.752,10.739,0.580,0.000,0.0000
1266.960,-96.981,-4.042,0.319,0.048,0.752,10.738,0.520,0.000,0.0000
1266.970,-96.981,-3.934,0.319,0.052,0.752,10.738,0.460,0.000,0.0000
1266.980,-96.981,-3.826,0.320,0.055,0.752,10.737,0.400,0.000,0.0000
1266.990,-96.981,-3.718,0.320,0.057,0.752,10.737,0.340,0.000,0.0000
1267.000,-96.981,-3.611,0.321,0.058,0.752,10.736,0.280,0.000,0.0000
1267.010,-96.981,-3.504,0.321,0.058,0.752,10.735,0.220,0.000,0.0000
1267.020,-96.981,-3.398,0.322,0.057,0.752,10.735,0.160,0.000,0.0000
1267.030,-96.981,-3.292,0.323,0.055,0.751,10.734,0.100,0.000,0.0000
1267.040,-96.981,-3.186,0.323,0.053,0.751,10.734,0.040,0.000,0.0000
1267.050,-96.981,-3.081,0.324,0.050,0.751,10.733,0.000,0.000,0.0000
1267.060,-96.981,-2.977,0.324,0.047,0.751,10.733,0.000,0.000,0.0000
1267.070,-96.980,-2.872,0.325,0.044,0.751,10.732,0.000,0.000,0.0000
1267.080,-96.980,-2.768,0.325,0.040,0.751,10.732,0.000,0.000,0.0000
1267.090,-96.980,-2.665,0.325,0.036,0.751,10.732,0.000,0.000,0.0000
1267.100,-96.980,-2.562,0.326,0.031,0.751,10.731,0.000,0.000,0.0000
1267.110,-96.980,-2.459,0.326,0.027,0.751,10.731,0.000,0.000,0.0000
1267.120,-96.980,-2.357,0.326,0.022,0.751,10.731,0.000,0.000,0.0000
1267.130,-96.980,-2.255,0.326,0.018,0.751,10.731,0.000,0.000,0.0000
1267.140,-96.980,-2.153,0.326,0.014,0.751,10.731,0.000,0.000,0.0000
1267.150,-96.980,-2.052,0.326,0.011,0.751,10.730,0.000,0.000,0.0000
1267.160,-96.980,-1.952,0.326,0.009,0.751,10.730,0.000,0.000,0.0000
1267.170,-96.980,-1.851,0.326,0.008,0.751,10.730,0.000,0.000,0.0000
1267.180,-96.980,-1.752,0.326,0.009,0.750,10.730,0.000,0.000,0.0000
1267.190,-96.979,-1.652,0.326,0.011,0.750,10.731,0.000,0.000,0.0000
1267.200,-96.979,-1.553,0.326,0.013,0.750,10.731,0.000,0.000,0.0000
1267.210,-96.979,-1.454,0.326,0.015,0.750,10.731,0.000,0.000,0.0000
1267.220,-96.979,-1.356,0.326,0.017,0.750,10.731,0.000,0.000,0.0000
1267.230,-96.979,-1.258,0.326,0.019,0.750,10.731,0.000,0.000,0.0000
1267.240,-96.979,-1.161,0.326,0.020,0.750,10.731,0.000,0.000,0.0000
1267.250,-96.979,-1.064,0.325,0.021,0.750,10.731,0.000,0.000,0.0000
1267.260,-96.979,-0.967,0.325,0.022,0.750,10.732,0.000,0.000,0.0000
1267.270,-96.979,-0.871,0.325,0.022,0.750,10.732,0.000,0.000,0.0000
1267.280,-96.979,-0.775,0.325,0.022,0.750,10.732,0.000,0.000,0.0000
1267.290,-96.979,-0.680,0.324,0.022,0.749,10.732,0.000,0.000,0.0000
1267.300,-96.979,-0.585,0.324,0.022,0.749,10.732,0.000,0.000,0.0000
1267.310,-96.979,-0.490,0.324,0.021,0.749,10.733,0.000,0.000,0.0000
1267.320,-96.978,-0.396,0.324,0.020,0.749,10.733,0.000,0.000,0.0000
1267.330,-96.978,-0.302,0.324,0.019,0.749,10.733,0.000,0.000,0.0000
1267.340,-96.978,-0.208,0.324,0.017,0.749,10.733,0.000,0.000,0.0000
1267.350,-96.978,-0.115,0.323,0.016,0.749,10.733,0.000,0.000,0.0000
1267.360,-96.978,-0.022,0.323,0.015,0.749,10.733,0.000,0.000,0.0000
1267.370,-96.978,0.070,0.323,0.013,0.749,10.733,0.040,0.000,0.0000
1267.380,-96.978,0.162,0.323,0.012,0.749,10.734,0.080,0.000,0.0000
1267.390,-96.978,0.253,0.323,0.010,0.749,10.734,0.120,0.000,0.0000
1267.400,-96.978,0.344,0.323,0.009,0.749,10.734,0.160,0.000,0.0000
1267.410,-96.978,0.435,0.323,0.008,0.749,10.734,0.200,0.000,0.0000
1267.420,-96.978,0.526,0.323,0.008,0.748,10.734,0.240,0.000,0.0000
1267.430,-96.978,0.615,0.323,0.007,0.748,10.734,0.280,0.000,0.0000
1267.440,-96.978,0.705,0.323,0.007,0.748,10.734,0.320,0.000,0.0000
1267.450,-96.978,0.794,0.323,0.007,0.748,10.734,0.360,0.000,0.0000
1267.460,-96.977,0.883,0.323,0.008,0.748,10.734,0.400,0.000,0.0000
1267.470,-96.977,0.971,0.323,0.008,0.748,10.734,0.440,0.000,0.0000
1267.480,-96.977,1.059,0.323,0.009,0.748,10.734,0.480,0.000,0.0000
1267.490,-96.977,1.147,0.323,0.009,0.748,10.733,0.520,0.000,0.0000
1267.500,-96.977,1.234,0.323,0.010,0.748,10.733,0.560,0.000,0.0000
1267.510,-96.977,1.321,0.323,0.010,0.748,10.733,0.600,0.000,0.0000
1267.520,-96.977,1.407,0.323,0.010,0.748,10.733,0.640,0.000,0.0000
1267.530,-96.977,1.493,0.323,0.010,0.748,10.733,0.680,0.000,0.0000
1267.540,-96.977,1.579,0.323,0.010,0.748,10.733,0.720,0.000,0.0000
1267.550,-96.977,1.664,0.324,0.010,0.748,10.733,0.760,0.000,0.0000
1267.560,-96.977,1.749,0.324,0.010,0.748,10.733,0.800,0.000,0.0000
1267.570,-96.977,1.834,0.324,0.007,0.747,10.733,0.840,0.000,0.0000
1267.580,-96.977,1.918,0.323,0.016,0.747,10.733,0.880,0.000,0.0000
1267.590,-96.977,2.003,0.323,0.032,0.747,10.733,0.920,0.000,0.0000
1267.600,-96.976,2.089,0.323,0.049,0.747,10.734,0.960,0.000,0.0000
1267.610,-96.976,2.175,0.322,0.065,0.747,10.734,1.000,0.000,0.0000
1267.620,-96.976,2.261,0.321,0.079,0.747,10.735,1.000,0.000,0.0000
1267.630,-96.976,2.348,0.320,0.091,0.747,10.736,1.000,0.000,0.0000
1267.640,-96.976,2.435,0.319,0.100,0.747,10.737,1.000,0.000,0.0000
1267.650,-96.976,2.523,0.318,0.106,0.747,10.738,1.000,0.000,0.0000
1267.660,-96.976,2.611,0.317,0.111,0.747,10.739,1.000,0.000,0.0000
1267.670,-96.976,2.699,0.316,0.113,0.746,10.740,1.000,0.000,0.0000
1267.680,-96.976,2.788,0.315,0.113,0.746,10.741,1.000,0.000,0.0000
1267.690,-96.976,2.877,0.314,0.112,0.746,10.743,0.940,0.000,0.0000
1267.700,-96.976,2.966,0.313,0.109,0.746,10.744,0.880,0.000,0.0000
1267.710,-96.976,3.056,0.312,0.105,0.746,10.745,0.820,0.000,0.0000
1267.720,-96.976,3.147,0.311,0.100,0.746,10.746,0.760,0.000,0.0000
1267.730,-96.976,3.237,0.310,0.085,0.746,10.747,0.700,0.000,0.0000
1267.740,-96.976,3.328,0.309,0.065,0.746,10.747,0.640,0.000,0.0000
1267.750,-96.975,3.418,0.309,0.042,0.746,10.748,0.580,0.000,0.0000
1267.760,-96.975,3.507,0.309,0.018,0.746,10.748,0.520,0.000,0.0000
1267.770,-96.975,3.597,0.309,0.011,0.746,10.748,0.460,0.000,0.0000
1267.780,-96.975,3.686,0.309,0.031,0.745,10.747,0.400,0.000,0.0000
1267.790,-96.975,3.774,0.309,0.051,0.745,10.747,0.340,0.000,0.0080
1267.800,-96.975,3.862,0.310,0.068,0.745,10.746,0.280,0.000,0.0160
1267.810,-96.975,3.950,0.311,0.083,0.745,10.745,0.220,0.000,0.0240
1267.820,-96.975,4.038,0.312,0.096,0.745,10.744,0.160,0.000,0.0320
1267.830,-96.975,4.125,0.313,0.106,0.745,10.743,0.100,0.000,0.0400
1267.840,-96.975,4.211,0.314,0.114,0.745,10.742,0.040,0.000,0.0480
1267.850,-96.975,4.298,0.315,0.120,0.745,10.741,0.000,0.000,0.0560
1267.860,-96.974,4.383,0.317,0.124,0.745,10.740,0.000,0.000,0.0640
1267.870,-96.974,4.469,0.318,0.126,0.745,10.738,0.000,0.000,0.0720
1267.880,-96.974,4.554,0.319,0.127,0.745,10.737,0.000,0.000,0.0800
1267.890,-96.974,4.639,0.320,0.126,0.744,10.736,0.000,0.000,0.0880
1267.900,-96.973,4.723,0.321,0.125,0.744,10.735,0.000,0.000,0.0960
1267.910,-96.973,4.807,0.323,0.123,0.744,10.734,0.000,0.000,0.1040
1267.920,-96.972,4.890,0.324,0.121,0.743,10.732,0.000,0.000,0.1120
1267.930,-96.972,4.973,0.325,0.119,0.742,10.731,0.000,0.000,0.1200
1267.940,-96.971,5.056,0.326,0.119,0.742,10.730,0.000,0.000,0.1280
1267.950,-96.970,5.138,0.327,0.120,0.741,10.729,0.000,0.000,0.1360
1267.960,-96.969,5.219,0.327,0.123,0.740,10.729,0.000,0.000,0.1440
1267.970,-96.968,5.300,0.328,0.129,0.739,10.728,0.000,0.000,0.1520
1267.980,-96.967,5.381,0.329,0.138,0.738,10.727,0.000,0.000,0.1600
1267.990,-96.965,5.461,0.329,0.149,0.736,10.727,0.000,0.000,0.1680
1268.000,-96.964,5.541,0.329,0.162,0.735,10.726,0.000,0.000,0.1760
1268.010,-96.962,5.620,0.330,0.177,0.733,10.726,0.000,0.000,0.1840
1268.020,-96.960,5.699,0.330,0.194,0.731,10.725,0.000,0.000,0.1920
1268.030,-96.958,5.778,0.330,0.212,0.729,10.725,0.000,0.000,0.2000
1268.040,-96.956,5.856,0.330,0.232,0.727,10.725,0.000,0.000,0.2080
1268.050,-96.953,5.933,0.330,0.254,0.724,10.725,0.000,0.000,0.2160
1268.060,-96.950,6.010,0.330,0.278,0.721,10.725,0.000,0.000,0.2240
1268.070,-96.947,6.087,0.329,0.304,0.718,10.724,0.000,0.000,0.2320
1268.080,-96.944,6.163,0.329,0.330,0.715,10.724,0.000,0.000,0.2400
1268.090,-96.940,6.238,0.329,0.358,0.712,10.724,0.000,0.000,0.2480
1268.100,-96.937,6.313,0.329,0.387,0.708,10.724,0.000,0.000,0.2560
1268.110,-96.933,6.387,0.329,0.399,0.704,10.724,0.000,0.000,0.2640
1268.120,-96.928,6.460,0.328,0.439,0.699,10.724,0.000,0.000,0.2720
1268.130,-96.924,6.533,0.328,0.457,0.695,10.724,0.000,0.000,0.2800
1268.140,-96.919,6.605,0.328,0.500,0.690,10.723,0.000,0.000,0.2880
1268.150,-96.913,6.677,0.328,0.519,0.685,10.723,0.000,0.000,0.2580
1268.160,-96.908,6.748,0.328,0.548,0.679,10.723,0.000,0.000,0.2280
1268.170,-96.902,6.818,0.327,0.600,0.673,10.723,0.000,0.000,0.1980
1268.180,-96.896,6.888,0.327,0.640,0.667,10.722,0.000,0.000,0.1680
1268.190,-96.889,6.958,0.327,0.672,0.660,10.722,0.000,0.000,0.1380
1268.200,-96.882,7.028,0.326,0.701,0.653,10.722,0.000,0.000,0.1080
1268.210,-96.875,7.097,0.326,0.729,0.646,10.722,0.000,0.000,0.0780
1268.220,-96.867,7.166,0.325,0.752,0.638,10.722,0.000,0.000,0.0480
1268.230,-96.859,7.235,0.325,0.771,0.630,10.721,0.000,0.000,0.0180
1268.240,-96.852,7.303,0.325,0.788,0.623,10.721,0.000,0.000,0.0000
1268.250,-96.844,7.371,0.324,0.800,0.615,10.721,0.000,0.000,0.0000
1268.260,-96.835,7.438,0.324,0.815,0.606,10.721,0.000,0.000,0.0000
1268.270,-96.827,7.505,0.323,0.830,0.598,10.721,0.000,0.000,0.0000
1268.280,-96.819,7.572,0.323,0.844,0.590,10.720,0.000,0.000,0.0000
1268.290,-96.810,7.639,0.323,0.859,0.581,10.720,0.000,0.000,0.0000
1268.300,-96.801,7.705,0.322,0.872,0.572,10.720,0.000,0.000,0.0000
1268.310,-96.793,7.772,0.322,0.883,0.563,10.720,0.000,0.000,0.0000
1268.320,-96.784,7.838,0.321,0.892,0.555,10.719,0.000,0.000,0.0000
1268.330,-96.775,7.905,0.321,0.897,0.546,10.719,0.000,0.000,0.0000
1268.340,-96.766,7.970,0.320,0.899,0.537,10.719,0.000,0.000,0.0000
1268.350,-96.757,8.036,0.320,0.900,0.528,10.719,0.000,0.000,0.0000
1268.360,-96.748,8.101,0.320,0.899,0.519,10.718,0.000,0.000,0.0000
1268.370,-96.739,8.166,0.320,0.898,0.510,10.718,0.000,0.000,0.0000
1268.380,-96.730,8.231,0.319,0.898,0.501,10.718,0.000,0.000,0.0000
1268.390,-96.721,8.295,0.319,0.898,0.492,10.717,0.000,0.000,0.0000
1268.400,-96.712,8.360,0.319,0.896,0.483,10.716,0.000,0.000,0.0000
1268.410,-96.703,8.423,0.319,0.894,0.474,10.716,0.000,0.000,0.0000
1268.420,-96.694,8.487,0.319,0.891,0.465,10.715,0.000,0.000,0.0000
1268.430,-96.685,8.550,0.319,0.887,0.456,10.715,0.000,0.000,0.0000
1268.440,-96.676,8.612,0.320,0.882,0.447,10.714,0.000,0.000,0.0080
1268.450,-96.668,8.675,0.320,0.874,0.439,10.713,0.000,0.000,0.0160
1268.460,-96.659,8.736,0.320,0.865,0.430,10.712,0.000,0.000,0.0240
1268.470,-96.650,8.797,0.320,0.859,0.421,10.711,0.000,0.000,0.0320
1268.480,-96.642,8.858,0.321,0.853,0.413,10.710,0.000,0.000,0.0400
1268.490,-96.633,8.918,0.321,0.847,0.405,10.709,0.000,0.000,0.0480
1268.500,-96.625,8.978,0.322,0.841,0.396,10.708,0.000,0.000,0.0560
1268.510,-96.617,9.037,0.322,0.835,0.388,10.707,0.000,0.000,0.0640
1268.520,-96.608,9.096,0.323,0.830,0.380,10.706,0.000,0.000,0.0720
1268.530,-96.600,9.154,0.323,0.825,0.372,10.706,0.000,0.000,0.0800
1268.540,-96.592,9.212,0.324,0.820,0.364,10.705,0.000,0.000,0.0880
1268.550,-96.584,9.270,0.324,0.816,0.355,10.704,0.040,0.000,0.0960
1268.560,-96.576,9.327,0.324,0.813,0.347,10.703,0.080,0.000,0.1040
1268.570,-96.568,9.384,0.325,0.810,0.339,10.702,0.120,0.000,0.1120
1268.580,-96.560,9.441,0.325,0.808,0.331,10.702,0.160,0.000,0.1200
1268.590,-96.551,9.497,0.325,0.807,0.323,10.701,0.200,0.000,0.1280
1268.600,-96.543,9.553,0.325,0.808,0.315,10.700,0.240,0.000,0.1360
1268.610,-96.535,9.608,0.326,0.811,0.307,10.700,0.280,0.000,0.1060
1268.620,-96.527,9.664,0.326,0.811,0.299,10.699,0.320,0.000,0.0760
1268.630,-96.519,9.718,0.326,0.812,0.291,10.699,0.360,0.000,0.0460
1268.640,-96.511,9.772,0.326,0.811,0.283,10.698,0.400,0.000,0.0160
1268.650,-96.503,9.826,0.326,0.809,0.275,10.698,0.440,0.000,0.0000
1268.660,-96.495,9.878,0.326,0.807,0.267,10.697,0.480,0.000,0.0000
1268.670,-96.487,9.931,0.326,0.809,0.259,10.697,0.520,0.000,0.0000
1268.680,-96.479,9.983,0.326,0.816,0.251,10.697,0.560,0.000,0.0000
1268.690,-96.470,10.036,0.326,0.826,0.243,10.697,0.600,0.000,0.0000
1268.700,-96.462,10.088,0.325,0.839,0.235,10.697,0.640,0.000,0.0000
1268.710,-96.453,10.142,0.325,0.855,0.226,10.697,0.680,0.000,0.0000
1268.720,-96.445,10.195,0.324,0.872,0.217,10.697,0.720,0.000,0.0000
1268.730,-96.436,10.249,0.323,0.889,0.208,10.698,0.760,0.000,0.0000
1268.740,-96.427,10.304,0.322,0.905,0.199,10.699,0.800,0.000,0.0000
1268.750,-96.418,10.359,0.320,0.919,0.190,10.700,0.840,0.000,0.0000
1268.760,-96.409,10.415,0.319,0.931,0.181,10.701,0.880,0.000,0.0000
1268.770,-96.399,10.471,0.318,0.941,0.172,10.702,0.920,0.000,0.0000
1268.780,-96.390,10.527,0.316,0.951,0.162,10.703,0.960,0.000,0.0000
1268.790,-96.380,10.584,0.315,0.959,0.152,10.704,1.000,0.000,0.0000
1268.800,-96.371,10.641,0.314,0.965,0.143,10.705,1.000,0.000,0.0000
1268.810,-96.361,10.699,0.312,0.972,0.133,10.706,1.000,0.000,0.0000
1268.820,-96.351,10.756,0.311,0.980,0.123,10.707,1.000,0.000,0.0000
1268.830,-96.342,10.815,0.310,0.987,0.113,10.707,1.000,0.000,0.0000
1268.840,-96.332,10.873,0.309,0.994,0.103,10.708,1.000,0.000,0.0000
1268.850,-96.322,10.932,0.308,1.000,0.094,10.709,1.000,0.000,0.0000
1268.860,-96.312,10.992,0.307,1.006,0.084,10.709,1.000,0.000,0.0000
1268.870,-96.302,11.052,0.306,1.012,0.073,10.710,1.000,0.000,0.0000
1268.880,-96.292,11.112,0.306,1.017,0.063,10.710,1.000,0.000,0.0000
1268.890,-96.281,11.173,0.305,1.023,0.053,10.711,1.000,0.000,0.0000
1268.900,-96.271,11.235,0.305,1.028,0.044,10.711,1.000,0.000,0.0000
1268.910,-96.261,11.296,0.304,1.033,0.034,10.711,1.000,0.000,0.0000
1268.920,-96.250,11.359,0.304,1.038,0.025,10.711,1.000,0.000,0.0000
1268.930,-96.240,11.421,0.304,1.044,0.017,10.711,1.000,0.000,0.0000
1268.940,-96.229,11.484,0.304,1.049,0.014,10.711,1.000,0.000,0.0000
1268.950,-96.219,11.547,0.304,1.055,0.018,10.710,1.000,0.000,0.0000
1268.960,-96.208,11.611,0.304,1.059,0.026,10.710,1.000,0.000,0.0000
1268.970,-96.198,11.675,0.304,1.066,0.035,10.709,1.000,0.000,0.0000
1268.980,-96.187,11.740,0.305,1.067,0.046,10.709,1.000,0.000,0.0000
1268.990,-96.176,11.804,0.305,1.068,0.056,10.708,1.000,0.000,0.0000
1269.000,-96.166,11.870,0.306,1.071,0.066,10.708,1.000,0.000,0.0000
1269.010,-96.155,11.935,0.306,1.076,0.077,10.707,1.000,0.000,0.0000
1269.020,-96.144,12.001,0.307,1.081,0.088,10.706,1.000,0.000,0.0000
1269.030,-96.133,12.067,0.307,1.087,0.098,10.705,1.000,0.000,0.0000
1269.040,-96.122,12.134,0.308,1.094,0.109,10.705,1.000,0.000,0.0000
1269.050,-96.111,12.201,0.308,1.102,0.120,10.704,1.000,0.000,0.0080
1269.060,-96.100,12.269,0.309,1.110,0.131,10.704,1.000,0.000,0.0160
1269.070,-96.089,12.337,0.309,1.118,0.142,10.703,1.000,0.000,0.0240
1269.080,-96.078,12.406,0.310,1.128,0.154,10.703,0.940,0.000,0.0320
1269.090,-96.066,12.475,0.310,1.137,0.165,10.702,0.880,0.000,0.0400
1269.100,-96.055,12.545,0.310,1.147,0.176,10.702,0.820,0.000,0.0480
1269.110,-96.043,12.615,0.311,1.157,0.188,10.701,0.760,0.000,0.0560
1269.120,-96.032,12.685,0.311,1.171,0.199,10.701,0.700,0.000,0.0640
1269.130,-96.020,12.756,0.311,1.171,0.211,10.701,0.640,0.000,0.0720
1269.140,-96.008,12.826,0.312,1.172,0.223,10.700,0.580,0.000,0.0800
1269.150,-95.996,12.896,0.312,1.176,0.235,10.700,0.520,0.000,0.0880
1269.160,-95.985,12.966,0.313,1.181,0.246,10.699,0.460,0.000,0.0960
1269.170,-95.973,13.035,0.313,1.185,0.258,10.699,0.400,0.000,0.1040
1269.180,-95.961,13.104,0.314,1.189,0.270,10.698,0.340,0.000,0.1120
1269.190,-95.949,13.173,0.315,1.192,0.282,10.697,0.280,0.000,0.1200
1269.200,-95.937,13.241,0.316,1.194,0.294,10.696,0.220,0.000,0.1280
1269.210,-95.925,13.308,0.317,1.197,0.306,10.695,0.160,0.000,0.1360
1269.220,-95.913,13.376,0.318,1.201,0.318,10.694,0.100,0.000,0.1440
1269.230,-95.901,13.442,0.319,1.204,0.330,10.693,0.040,0.000,0.1520
1269.240,-95.889,13.509,0.320,1.207,0.342,10.692,0.000,0.000,0.1600
1269.250,-95.877,13.575,0.321,1.210,0.354,10.691,0.000,0.000,0.1680
1269.260,-95.865,13.640,0.322,1.214,0.366,10.690,0.000,0.000,0.1760
1269.270,-95.853,13.705,0.323,1.217,0.378,10.690,0.000,0.000,0.1840
1269.280,-95.841,13.770,0.324,1.221,0.391,10.689,0.000,0.000,0.1920
1269.290,-95.829,13.834,0.325,1.225,0.403,10.688,0.000,0.000,0.2000
1269.300,-95.816,13.897,0.326,1.229,0.415,10.688,0.000,0.000,0.2080
1269.310,-95.804,13.961,0.327,1.247,0.428,10.687,0.000,0.000,0.2160
1269.320,-95.791,14.024,0.327,1.258,0.440,10.687,0.000,0.000,0.2240
1269.330,-95.779,14.087,0.327,1.265,0.453,10.687,0.000,0.000,0.2320
1269.340,-95.766,14.150,0.328,1.273,0.466,10.687,0.000,0.000,0.2400
1269.350,-95.753,14.212,0.328,1.281,0.478,10.687,0.000,0.000,0.2480
1269.360,-95.740,14.275,0.328,1.292,0.491,10.688,0.000,0.000,0.2560
1269.370,-95.727,14.337,0.327,1.304,0.504,10.688,0.000,0.000,0.2640
1269.380,-95.714,14.398,0.327,1.317,0.517,10.688,0.000,0.000,0.2720
1269.390,-95.701,14.460,0.327,1.333,0.531,10.689,0.000,0.000,0.2800
1269.400,-95.687,14.520,0.327,1.349,0.544,10.690,0.000,0.000,0.2880
1269.410,-95.673,14.580,0.327,1.366,0.558,10.690,0.000,0.000,0.2960
1269.420,-95.660,14.640,0.327,1.384,0.572,10.691,0.000,0.000,0.3040
1269.430,-95.646,14.699,0.326,1.405,0.586,10.691,0.000,0.000,0.3120
1269.440,-95.631,14.757,0.326,1.425,0.600,10.692,0.000,0.000,0.3200
1269.450,-95.617,14.814,0.326,1.443,0.614,10.693,0.000,0.000,0.3280
1269.460,-95.602,14.871,0.326,1.457,0.629,10.693,0.000,0.000,0.3360
1269.470,-95.588,14.926,0.327,1.464,0.643,10.693,0.000,0.000,0.3440
1269.480,-95.573,14.981,0.327,1.469,0.658,10.694,0.000,0.000,0.3520
1269.490,-95.558,15.034,0.327,1.473,0.673,10.694,0.000,0.000,0.3600
1269.500,-95.544,15.087,0.328,1.476,0.687,10.694,0.000,0.000,0.3680
1269.510,-95.529,15.139,0.328,1.482,0.702,10.694,0.000,0.000,0.3760
1269.520,-95.514,15.190,0.328,1.483,0.717,10.695,0.000,0.000,0.3840
1269.530,-95.499,15.240,0.329,1.493,0.732,10.695,0.000,0.000,0.3920
1269.540,-95.484,15.290,0.329,1.506,0.747,10.695,0.000,0.000,0.4000
1269.550,-95.469,15.340,0.329,1.521,0.762,10.696,0.000,0.000,0.4080
1269.560,-95.453,15.388,0.329,1.531,0.778,10.697,0.000,0.000,0.4160
1269.570,-95.438,15.437,0.329,1.541,0.793,10.697,0.000,0.000,0.4240
1269.580,-95.422,15.484,0.329,1.551,0.808,10.698,0.000,0.000,0.4320
1269.590,-95.407,15.532,0.329,1.557,0.824,10.699,0.000,0.000,0.4400
1269.600,-95.391,15.578,0.329,1.563,0.840,10.700,0.000,0.000,0.4480
1269.610,-95.376,15.624,0.329,1.570,0.855,10.701,0.000,0.000,0.4560
1269.620,-95.360,15.670,0.329,1.577,0.871,10.702,0.000,0.000,0.4640
1269.630,-95.344,15.715,0.329,1.583,0.887,10.704,0.000,0.000,0.4720
1269.640,-95.328,15.759,0.328,1.589,0.903,10.705,0.000,0.000,0.4800
1269.650,-95.312,15.803,0.328,1.595,0.919,10.706,0.000,0.000,0.4880
1269.660,-95.296,15.846,0.328,1.600,0.935,10.707,0.000,0.000,0.4960
1269.670,-95.280,15.888,0.327,1.605,0.951,10.709,0.000,0.000,0.5000
1269.680,-95.264,15.930,0.327,1.610,0.967,10.710,0.000,0.000,0.5000
1269.690,-95.248,15.972,0.327,1.616,0.983,10.712,0.000,0.000,0.5000
1269.700,-95.232,16.013,0.327,1.622,0.999,10.713,0.000,0.000,0.5000
1269.710,-95.215,16.053,0.326,1.625,1.015,10.715,0.000,0.000,0.5000
1269.720,-95.199,16.093,0.326,1.631,1.032,10.716,0.000,0.000,0.5000
1269.730,-95.183,16.132,0.326,1.637,1.048,10.718,0.000,0.000,0.5000
1269.740,-95.166,16.171,0.325,1.675,1.065,10.719,0.000,0.000,0.5000
1269.750,-95.149,16.210,0.325,1.694,1.082,10.721,0.000,0.000,0.5000
1269.760,-95.132,16.249,0.324,1.707,1.099,10.723,0.000,0.000,0.5000
1269.770,-95.115,16.287,0.324,1.718,1.116,10.725,0.000,0.000,0.4700
1269.780,-95.098,16.325,0.323,1.725,1.133,10.727,0.000,0.000,0.4400
1269.790,-95.080,16.363,0.323,1.731,1.150,10.729,0.000,0.000,0.4100
1269.800,-95.063,16.400,0.323,1.739,1.168,10.730,0.000,0.000,0.3800
1269.810,-95.045,16.437,0.322,1.748,1.185,10.732,0.000,0.000,0.3500
1269.820,-95.028,16.473,0.322,1.756,1.203,10.734,0.000,0.000,0.3200
1269.830,-95.010,16.508,0.322,1.763,1.220,10.736,0.000,0.000,0.2900
1269.840,-94.993,16.544,0.322,1.770,1.238,10.737,0.000,0.000,0.2600
1269.850,-94.975,16.578,0.322,1.777,1.256,10.739,0.000,0.000,0.2300
1269.860,-94.957,16.613,0.322,1.783,1.273,10.741,0.000,0.000,0.2000
1269.870,-94.939,16.647,0.322,1.789,1.291,10.743,0.000,0.000,0.1700
1269.880,-94.921,16.681,0.322,1.795,1.309,10.745,0.000,0.000,0.1400
1269.890,-94.903,16.714,0.322,1.800,1.327,10.746,0.000,0.000,0.1100
1269.900,-94.885,16.748,0.322,1.803,1.345,10.748,0.000,0.000,0.0800
1269.910,-94.867,16.781,0.322,1.805,1.363,10.750,0.000,0.000,0.0500
1269.920,-94.849,16.814,0.322,1.806,1.381,10.752,0.040,0.000,0.0200
1269.930,-94.831,16.846,0.322,1.806,1.399,10.754,0.080,0.000,0.0000
1269.940,-94.813,16.878,0.322,1.806,1.418,10.756,0.120,0.000,0.0000
1269.950,-94.795,16.911,0.322,1.808,1.436,10.758,0.160,0.000,0.0000
1269.960,-94.777,16.943,0.321,1.811,1.454,10.760,0.200,0.000,0.0000
1269.970,-94.759,16.974,0.321,1.813,1.472,10.762,0.240,0.000,0.0000
1269.980,-94.740,17.006,0.321,1.813,1.490,10.765,0.280,0.000,0.0000
1269.990,-94.722,17.038,0.321,1.811,1.508,10.767,0.320,0.000,0.0000
1270.000,-94.704,17.069,0.321,1.806,1.526,10.769,0.360,0.000,0.0000
1270.010,-94.686,17.101,0.321,1.811,1.544,10.772,0.400,0.000,0.0000
1270.020,-94.668,17.133,0.320,1.824,1.562,10.774,0.440,0.000,0.0000
1270.030,-94.649,17.165,0.320,1.843,1.581,10.777,0.480,0.000,0.0000
1270.040,-94.631,17.197,0.319,1.867,1.599,10.780,0.520,0.000,0.0000
1270.050,-94.612,17.231,0.319,1.910,1.619,10.783,0.560,0.000,0.0000
1270.060,-94.592,17.264,0.318,1.955,1.638,10.787,0.600,0.000,0.0000
1270.070,-94.572,17.299,0.316,1.994,1.658,10.790,0.640,0.000,0.0000
1270.080,-94.552,17.334,0.315,2.027,1.678,10.794,0.680,0.000,0.0000
1270.090,-94.532,17.369,0.314,2.054,1.699,10.798,0.720,0.000,0.0000
1270.100,-94.511,17.405,0.313,2.077,1.719,10.802,0.760,0.000,0.0000
1270.110,-94.490,17.441,0.312,2.098,1.740,10.806,0.800,0.000,0.0000
1270.120,-94.469,17.477,0.311,2.118,1.761,10.810,0.840,0.000,0.0000
1270.130,-94.447,17.514,0.310,2.138,1.783,10.814,0.880,0.000,0.0000
1270.140,-94.426,17.551,0.309,2.158,1.804,10.818,0.920,0.000,0.0000
1270.150,-94.404,17.588,0.308,2.178,1.826,10.822,0.960,0.000,0.0000
1270.160,-94.382,17.626,0.307,2.198,1.848,10.826,1.000,0.000,0.0000
1270.170,-94.360,17.664,0.307,2.219,1.870,10.830,1.000,0.000,0.0000
1270.180,-94.337,17.702,0.306,2.240,1.893,10.834,1.000,0.000,0.0000
1270.190,-94.315,17.741,0.306,2.261,1.915,10.838,1.000,0.000,0.0000
1270.200,-94.292,17.780,0.306,2.282,1.938,10.842,1.000,0.000,0.0000
1270.210,-94.269,17.820,0.305,2.303,1.961,10.846,1.000,0.000,0.0000
1270.220,-94.246,17.860,0.305,2.324,1.984,10.850,1.000,0.000,0.0000
1270.230,-94.222,17.900,0.305,2.345,2.008,10.854,1.000,0.000,0.0000
1270.240,-94.199,17.941,0.305,2.366,2.031,10.857,1.000,0.000,0.0000
1270.250,-94.175,17.982,0.305,2.387,2.055,10.861,1.000,0.000,0.0000
1270.260,-94.151,18.023,0.305,2.407,2.079,10.865,1.000,0.000,0.0000
1270.270,-94.126,18.065,0.305,2.427,2.104,10.869,1.000,0.000,0.0000
1270.280,-94.102,18.107,0.306,2.447,2.128,10.873,1.000,0.000,0.0000
1270.290,-94.077,18.149,0.306,2.467,2.153,10.877,1.000,0.000,0.0000
1270.300,-94.052,18.192,0.306,2.486,2.178,10.881,1.000,0.000,0.0000
1270.310,-94.027,18.235,0.307,2.505,2.203,10.885,1.000,0.000,0.0000
1270.320,-94.002,18.278,0.307,2.524,2.228,10.890,1.000,0.000,0.0000
1270.330,-93.977,18.321,0.308,2.537,2.253,10.894,1.000,0.000,0.0000
1270.340,-93.951,18.365,0.308,2.551,2.279,10.898,1.000,0.000,0.0000
1270.350,-93.926,18.409,0.309,2.567,2.304,10.902,1.000,0.000,0.0000
1270.360,-93.900,18.453,0.309,2.586,2.330,10.907,1.000,0.000,0.0000
1270.370,-93.874,18.498,0.310,2.607,2.356,10.911,1.000,0.000,0.0000
1270.380,-93.847,18.543,0.310,2.629,2.383,10.916,1.000,0.000,0.0000
1270.390,-93.821,18.589,0.311,2.652,2.409,10.921,1.000,0.000,0.0000
1270.400,-93.794,18.635,0.311,2.676,2.436,10.926,1.000,0.000,0.0000
1270.410,-93.767,18.681,0.311,2.699,2.463,10.931,1.000,0.000,0.0000
1270.420,-93.740,18.728,0.311,2.722,2.490,10.937,1.000,0.000,0.0000
1270.430,-93.712,18.775,0.312,2.745,2.518,10.942,1.000,0.000,0.0000
1270.440,-93.685,18.822,0.312,2.768,2.545,10.948,1.000,0.000,0.0000
1270.450,-93.657,18.870,0.312,2.790,2.573,10.954,1.000,0.000,0.0000
1270.460,-93.629,18.918,0.312,2.812,2.601,10.960,1.000,0.000,0.0000
1270.470,-93.600,18.967,0.312,2.833,2.630,10.966,1.000,0.000,0.0000
1270.480,-93.572,19.016,0.312,2.854,2.658,10.972,1.000,0.000,0.0000
1270.490,-93.543,19.065,0.312,2.875,2.687,10.979,1.000,0.000,0.0000
1270.500,-93.514,19.114,0.312,2.895,2.716,10.985,1.000,0.000,0.0000
1270.510,-93.485,19.164,0.312,2.914,2.745,10.992,1.000,0.000,0.0080
1270.520,-93.456,19.214,0.312,2.935,2.774,10.999,1.000,0.000,0.0160
1270.530,-93.426,19.264,0.312,2.952,2.804,11.005,1.000,0.000,0.0240
1270.540,-93.396,19.315,0.312,2.972,2.834,11.013,1.000,0.000,0.0320
1270.550,-93.367,19.365,0.312,2.981,2.863,11.020,1.000,0.000,0.0400
1270.560,-93.337,19.416,0.312,2.995,2.893,11.027,1.000,0.000,0.0480
1270.570,-93.307,19.467,0.312,3.014,2.923,11.034,1.000,0.000,0.0560
1270.580,-93.276,19.518,0.312,3.035,2.954,11.042,1.000,0.000,0.0640
1270.590,-93.246,19.570,0.312,3.058,2.984,11.049,1.000,0.000,0.0720
1270.600,-93.215,19.622,0.312,3.082,3.015,11.057,1.000,0.000,0.0800
1270.610,-93.184,19.675,0.311,3.107,3.046,11.065,1.000,0.000,0.0880
1270.620,-93.152,19.727,0.311,3.132,3.078,11.073,1.000,0.000,0.0960
1270.630,-93.121,19.780,0.311,3.156,3.109,11.081,1.000,0.000,0.1040
1270.640,-93.089,19.834,0.311,3.180,3.141,11.090,0.940,0.000,0.1120
1270.650,-93.057,19.887,0.311,3.204,3.173,11.098,0.880,0.000,0.1200
1270.660,-93.025,19.941,0.311,3.227,3.205,11.107,0.820,0.000,0.1280
1270.670,-92.992,19.996,0.311,3.250,3.238,11.116,0.760,0.000,0.1360
1270.680,-92.960,20.050,0.311,3.273,3.271,11.125,0.700,0.000,0.1440
1270.690,-92.927,20.105,0.311,3.295,3.303,11.134,0.640,0.000,0.1520
1270.700,-92.893,20.160,0.311,3.318,3.337,11.143,0.580,0.000,0.1600
1270.710,-92.860,20.215,0.311,3.331,3.370,11.153,0.520,0.000,0.1680
1270.720,-92.827,20.270,0.311,3.334,3.403,11.162,0.460,0.000,0.1760
1270.730,-92.793,20.325,0.311,3.335,3.437,11.171,0.400,0.000,0.1840
1270.740,-92.760,20.380,0.311,3.360,3.470,11.181,0.340,0.000,0.1920
1270.750,-92.726,20.435,0.311,3.345,3.504,11.190,0.280,0.000,0.2000
1270.760,-92.693,20.489,0.312,3.364,3.537,11.200,0.220,0.000,0.2080
1270.770,-92.659,20.544,0.312,3.375,3.571,11.209,0.160,0.000,0.2160
1270.780,-92.625,20.598,0.313,3.380,3.605,11.219,0.100,0.000,0.2240
1270.790,-92.591,20.652,0.314,3.380,3.639,11.228,0.140,0.000,0.1940
1270.800,-92.558,20.705,0.315,3.370,3.672,11.238,0.180,0.000,0.1640
1270.810,-92.524,20.758,0.315,3.354,3.706,11.247,0.220,0.000,0.1340
1270.820,-92.491,20.810,0.317,3.337,3.739,11.256,0.260,0.000,0.1040
1270.830,-92.458,20.862,0.318,3.318,3.772,11.266,0.200,0.000,0.0740
1270.840,-92.425,20.913,0.319,3.299,3.805,11.275,0.140,0.000,0.0440
1270.850,-92.392,20.963,0.320,3.281,3.838,11.284,0.180,0.000,0.0140
1270.860,-92.359,21.012,0.322,3.264,3.871,11.293,0.220,0.000,0.0000
1270.870,-92.327,21.061,0.323,3.250,3.903,11.303,0.260,0.000,0.0000
1270.880,-92.294,21.110,0.324,3.240,3.936,11.312,0.300,0.000,0.0000
1270.890,-92.262,21.158,0.325,3.231,3.968,11.322,0.340,0.000,0.0000
1270.900,-92.230,21.206,0.326,3.226,4.000,11.331,0.380,0.000,0.0000
1270.910,-92.198,21.254,0.327,3.218,4.032,11.341,0.320,0.000,0.0000
1270.920,-92.166,21.301,0.328,3.214,4.065,11.351,0.260,0.000,0.0000
1270.930,-92.134,21.348,0.328,3.207,4.097,11.362,0.200,0.000,0.0000
1270.940,-92.102,21.395,0.329,3.206,4.129,11.372,0.140,0.000,0.0000
1270.950,-92.069,21.442,0.329,3.202,4.161,11.383,0.080,0.000,0.0000
1270.960,-92.038,21.488,0.329,3.193,4.193,11.394,0.020,0.000,0.0000
1270.970,-92.006,21.534,0.329,3.181,4.224,11.405,0.000,0.000,0.0000
1270.980,-91.974,21.579,0.329,3.165,4.256,11.416,0.000,0.000,0.0000
1270.990,-91.943,21.624,0.329,3.148,4.288,11.428,0.000,0.000,0.0000
1271.000,-91.911,21.669,0.329,3.129,4.319,11.439,0.000,0.000,0.0000
1271.010,-91.880,21.714,0.328,3.108,4.350,11.450,0.000,0.000,0.0000
1271.020,-91.849,21.758,0.328,3.087,4.381,11.462,0.000,0.000,0.0000
1271.030,-91.819,21.802,0.328,3.065,4.411,11.473,0.000,0.000,0.0000
1271.040,-91.788,21.846,0.327,3.042,4.442,11.485,0.000,0.000,0.0000
1271.050,-91.758,21.889,0.327,3.019,4.472,11.496,0.000,0.000,0.0000
1271.060,-91.728,21.932,0.326,2.995,4.502,11.508,0.000,0.000,0.0000
1271.070,-91.698,21.975,0.326,2.970,4.532,11.519,0.000,0.000,0.0000
1271.080,-91.669,22.017,0.325,2.945,4.561,11.531,0.000,0.000,0.0000
1271.090,-91.640,22.059,0.325,2.920,4.590,11.542,0.000,0.000,0.0000
1271.100,-91.611,22.101,0.325,2.894,4.619,11.554,0.000,0.000,0.0000
1271.110,-91.582,22.142,0.324,2.868,4.648,11.565,0.000,0.000,0.0000
1271.120,-91.554,22.183,0.324,2.842,4.676,11.576,0.000,0.000,0.0000
1271.130,-91.526,22.224,0.323,2.816,4.704,11.587,0.000,0.000,0.0000
1271.140,-91.498,22.264,0.323,2.790,4.732,11.598,0.000,0.000,0.0000
1271.150,-91.470,22.304,0.323,2.761,4.760,11.609,0.000,0.000,0.0000
1271.160,-91.443,22.344,0.323,2.731,4.787,11.620,0.000,0.000,0.0000
1271.170,-91.416,22.383,0.323,2.702,4.814,11.631,0.000,0.000,0.0000
1271.180,-91.389,22.422,0.323,2.667,4.841,11.641,0.000,0.000,0.0080
1271.190,-91.363,22.461,0.323,2.638,4.867,11.652,0.000,0.000,0.0160
1271.200,-91.337,22.499,0.323,2.616,4.894,11.662,0.000,0.000,0.0240
1271.210,-91.311,22.537,0.323,2.598,4.919,11.673,0.000,0.000,0.0320
1271.220,-91.285,22.575,0.322,2.581,4.945,11.683,0.000,0.000,0.0400
1271.230,-91.259,22.612,0.322,2.566,4.971,11.694,0.000,0.000,0.0480
1271.240,-91.234,22.650,0.322,2.552,4.996,11.704,0.000,0.000,0.0560
1271.250,-91.208,22.687,0.322,2.537,5.022,11.715,0.000,0.000,0.0640
1271.260,-91.183,22.723,0.322,2.523,5.047,11.725,0.000,0.000,0.0720
1271.270,-91.158,22.760,0.322,2.508,5.072,11.735,0.000,0.000,0.0800
1271.280,-91.133,22.796,0.322,2.493,5.097,11.746,0.040,0.000,0.0880
1271.290,-91.108,22.832,0.322,2.477,5.122,11.756,0.080,0.000,0.0960
1271.300,-91.084,22.868,0.322,2.462,5.146,11.766,0.120,0.000,0.1040
1271.310,-91.059,22.903,0.322,2.446,5.171,11.776,0.160,0.000,0.1120
1271.320,-91.035,22.938,0.322,2.430,5.195,11.787,0.200,0.000,0.1200
1271.330,-91.011,22.973,0.322,2.414,5.219,11.797,0.240,0.000,0.0900
1271.340,-90.987,23.007,0.322,2.389,5.243,11.807,0.280,0.000,0.0600
1271.350,-90.963,23.041,0.322,2.359,5.267,11.817,0.320,0.000,0.0300
1271.360,-90.940,23.074,0.323,2.325,5.290,11.826,0.360,0.000,0.0000
1271.370,-90.917,23.106,0.323,2.301,5.313,11.836,0.400,0.000,0.0000
1271.380,-90.894,23.139,0.323,2.294,5.336,11.846,0.440,0.000,0.0000
1271.390,-90.871,23.171,0.323,2.301,5.359,11.855,0.480,0.000,0.0000
1271.400,-90.848,23.204,0.323,2.319,5.382,11.866,0.520,0.000,0.0080
1271.410,-90.824,23.236,0.323,2.348,5.406,11.876,0.560,0.000,0.0160
1271.420,-90.801,23.270,0.323,2.380,5.430,11.887,0.600,0.000,0.0240
1271.430,-90.776,23.303,0.322,2.413,5.454,11.898,0.640,0.000,0.0320
1271.440,-90.752,23.337,0.321,2.444,5.478,11.909,0.580,0.000,0.0400
1271.450,-90.727,23.371,0.320,2.471,5.503,11.921,0.520,0.000,0.0480
1271.460,-90.702,23.405,0.319,2.497,5.528,11.933,0.460,0.000,0.0560
1271.470,-90.677,23.440,0.318,2.509,5.553,11.945,0.400,0.000,0.0640
1271.480,-90.652,23.475,0.317,2.524,5.578,11.957,0.340,0.000,0.0720
1271.490,-90.627,23.510,0.316,2.529,5.603,11.969,0.280,0.000,0.0800
1271.500,-90.602,23.544,0.316,2.525,5.628,11.982,0.220,0.000,0.0880
1271.510,-90.576,23.579,0.315,2.512,5.654,11.993,0.160,0.000,0.0960
1271.520,-90.552,23.613,0.314,2.494,5.679,12.005,0.100,0.000,0.1040
1271.530,-90.527,23.647,0.314,2.473,5.703,12.017,0.040,0.000,0.1120
1271.540,-90.502,23.680,0.314,2.451,5.728,12.028,0.000,0.000,0.1200
1271.550,-90.478,23.713,0.314,2.429,5.752,12.039,0.000,0.000,0.1280
1271.560,-90.454,23.746,0.314,2.407,5.776,12.050,0.000,0.000,0.1360
1271.570,-90.430,23.779,0.314,2.385,5.800,12.061,0.000,0.000,0.1440
1271.580,-90.406,23.811,0.315,2.364,5.824,12.071,0.000,0.000,0.1520
1271.590,-90.383,23.843,0.315,2.342,5.847,12.082,0.000,0.000,0.1600
1271.600,-90.360,23.874,0.316,2.321,5.870,12.092,0.000,0.000,0.1680
1271.610,-90.337,23.906,0.316,2.299,5.893,12.102,0.000,0.000,0.1760
1271.620,-90.314,23.936,0.317,2.277,5.916,12.112,0.000,0.000,0.1840
1271.630,-90.292,23.967,0.318,2.255,5.939,12.122,0.000,0.000,0.1920
1271.640,-90.269,23.997,0.319,2.232,5.961,12.132,0.000,0.000,0.2000
1271.650,-90.247,24.027,0.320,2.210,5.983,12.142,0.000,0.000,0.2080
1271.660,-90.225,24.056,0.320,2.187,6.005,12.151,0.000,0.000,0.2160
1271.670,-90.204,24.085,0.321,2.163,6.026,12.161,0.000,0.000,0.2240
1271.680,-90.182,24.114,0.322,2.140,6.048,12.170,0.000,0.000,0.2320
1271.690,-90.161,24.142,0.323,2.116,6.069,12.180,0.000,0.000,0.2400
1271.700,-90.140,24.169,0.324,2.092,6.090,12.189,0.000,0.000,0.2480
1271.710,-90.120,24.197,0.325,2.068,6.111,12.198,0.000,0.000,0.2560
1271.720,-90.099,24.223,0.325,2.044,6.131,12.208,0.000,0.000,0.2640
1271.730,-90.079,24.250,0.326,2.020,6.151,12.217,0.040,0.000,0.2720
1271.740,-90.059,24.276,0.326,1.999,6.171,12.226,0.080,0.000,0.2800
1271.750,-90.039,24.302,0.327,1.978,6.191,12.235,0.120,0.000,0.2880
1271.760,-90.020,24.327,0.327,1.958,6.210,12.245,0.160,0.000,0.2580
1271.770,-90.000,24.352,0.328,1.945,6.230,12.254,0.200,0.000,0.2280
1271.780,-89.981,24.377,0.328,1.936,6.249,12.263,0.240,0.000,0.1980
1271.790,-89.962,24.402,0.328,1.928,6.269,12.273,0.280,0.000,0.1680
1271.800,-89.942,24.426,0.328,1.910,6.288,12.282,0.320,0.000,0.1380
1271.810,-89.923,24.450,0.328,1.900,6.307,12.292,0.360,0.000,0.1080
1271.820,-89.904,24.474,0.327,1.898,6.326,12.301,0.400,0.000,0.0780
1271.830,-89.885,24.499,0.327,1.906,6.345,12.311,0.440,0.000,0.0480
1271.840,-89.866,24.523,0.326,1.920,6.364,12.321,0.480,0.000,0.0180
1271.850,-89.847,24.547,0.326,1.939,6.383,12.331,0.520,0.000,0.0000
1271.860,-89.827,24.571,0.325,1.965,6.403,12.342,0.560,0.000,0.0000
1271.870,-89.807,24.596,0.324,1.999,6.423,12.353,0.600,0.000,0.0000
1271.880,-89.787,24.621,0.323,2.039,6.443,12.364,0.640,0.000,0.0000
1271.890,-89.766,24.647,0.321,2.081,6.464,12.376,0.680,0.000,0.0000
1271.900,-89.745,24.673,0.320,2.124,6.485,12.388,0.720,0.000,0.0000
1271.910,-89.723,24.699,0.318,2.167,6.507,12.400,0.760,0.000,0.0000
1271.920,-89.701,24.726,0.317,2.208,6.529,12.412,0.800,0.000,0.0000
1271.930,-89.679,24.754,0.315,2.247,6.551,12.425,0.840,0.000,0.0000
1271.940,-89.656,24.781,0.313,2.285,6.574,12.438,0.880,0.000,0.0000
1271.950,-89.633,24.809,0.312,2.321,6.597,12.451,0.920,0.000,0.0000
1271.960,-89.609,24.838,0.310,2.355,6.621,12.465,0.960,0.000,0.0000
1271.970,-89.586,24.867,0.309,2.389,6.644,12.478,1.000,0.000,0.0000
1271.980,-89.561,24.896,0.308,2.422,6.669,12.492,1.000,0.000,0.0000
1271.990,-89.537,24.925,0.306,2.454,6.693,12.505,1.000,0.000,0.0000
1272.000,-89.512,24.955,0.305,2.485,6.718,12.519,1.000,0.000,0.0000
1272.010,-89.487,24.986,0.304,2.515,6.743,12.533,1.000,0.000,0.0000
1272.020,-89.462,25.016,0.304,2.545,6.769,12.547,1.000,0.000,0.0000
1272.030,-89.436,25.047,0.303,2.574,6.794,12.561,1.000,0.000,0.0000
1272.040,-89.410,25.078,0.302,2.603,6.820,12.575,1.000,0.000,0.0000
1272.050,-89.383,25.110,0.302,2.630,6.847,12.589,1.000,0.000,0.0000
1272.060,-89.357,25.142,0.302,2.658,6.873,12.603,1.000,0.000,0.0000
1272.070,-89.330,25.174,0.302,2.684,6.900,12.617,1.000,0.000,0.0000
1272.080,-89.303,25.207,0.302,2.709,6.927,12.632,1.000,0.000,0.0000
1272.090,-89.276,25.240,0.302,2.738,6.954,12.646,1.000,0.000,0.0000
1272.100,-89.248,25.273,0.302,2.767,6.982,12.660,1.000,0.000,0.0000
1272.110,-89.220,25.306,0.303,2.795,7.010,12.675,1.000,0.000,0.0000
1272.120,-89.192,25.340,0.303,2.825,7.038,12.690,1.000,0.000,0.0000
1272.130,-89.163,25.374,0.304,2.855,7.067,12.705,1.000,0.000,0.0000
1272.140,-89.134,25.409,0.304,2.885,7.096,12.720,1.000,0.000,0.0000
1272.150,-89.105,25.444,0.305,2.916,7.125,12.735,1.000,0.000,0.0000
1272.160,-89.076,25.479,0.306,2.946,7.154,12.750,1.000,0.000,0.0000
1272.170,-89.046,25.514,0.306,2.976,7.184,12.766,1.000,0.000,0.0000
1272.180,-89.016,25.550,0.307,3.005,7.214,12.782,1.000,0.000,0.0000
1272.190,-88.986,25.586,0.308,3.034,7.244,12.798,1.000,0.000,0.0000
1272.200,-88.955,25.623,0.308,3.062,7.275,12.814,1.000,0.000,0.0000
1272.210,-88.924,25.659,0.309,3.090,7.306,12.831,1.000,0.000,0.0000
1272.220,-88.893,25.696,0.309,3.117,7.337,12.847,1.000,0.000,0.0000
1272.230,-88.861,25.734,0.310,3.143,7.369,12.864,1.000,0.000,0.0000
1272.240,-88.830,25.772,0.310,3.169,7.400,12.882,1.000,0.000,0.0000
1272.250,-88.798,25.810,0.311,3.194,7.432,12.899,1.000,0.000,0.0000
1272.260,-88.766,25.848,0.311,3.218,7.464,12.917,1.000,0.000,0.0000
1272.270,-88.733,25.887,0.312,3.242,7.497,12.935,1.000,0.000,0.0000
1272.280,-88.701,25.926,0.312,3.266,7.529,12.953,1.000,0.000,0.0000
1272.290,-88.668,25.965,0.312,3.289,7.562,12.971,1.000,0.000,0.0000
1272.300,-88.635,26.004,0.312,3.311,7.595,12.990,1.000,0.000,0.0000
1272.310,-88.601,26.044,0.313,3.333,7.629,13.008,1.000,0.000,0.0080
1272.320,-88.568,26.084,0.313,3.354,7.662,13.027,1.000,0.000,0.0160
1272.330,-88.534,26.124,0.313,3.373,7.696,13.047,1.000,0.000,0.0240
1272.340,-88.500,26.165,0.313,3.393,7.730,13.066,1.000,0.000,0.0320
1272.350,-88.466,26.205,0.313,3.414,7.764,13.085,1.000,0.000,0.0400
1272.360,-88.432,26.247,0.313,3.442,7.799,13.105,1.000,0.000,0.0480
1272.370,-88.397,26.288,0.313,3.480,7.833,13.126,1.000,0.000,0.0560
1272.380,-88.362,26.330,0.313,3.515,7.868,13.146,1.000,0.000,0.0640
1272.390,-88.326,26.372,0.313,3.548,7.904,13.167,1.000,0.000,0.0720
1272.400,-88.290,26.415,0.312,3.582,7.940,13.188,1.000,0.000,0.0800
1272.410,-88.254,26.458,0.312,3.616,7.976,13.209,1.000,0.000,0.0880
1272.420,-88.218,26.502,0.312,3.650,8.012,13.231,1.000,0.000,0.0960
1272.430,-88.181,26.545,0.311,3.684,8.049,13.253,1.000,0.000,0.1040
1272.440,-88.144,26.589,0.311,3.718,8.086,13.275,1.000,0.000,0.1120
1272.450,-88.106,26.634,0.311,3.752,8.124,13.298,1.000,0.000,0.1200
1272.460,-88.068,26.679,0.310,3.786,8.162,13.321,1.000,0.000,0.1280
1272.470,-88.030,26.724,0.310,3.820,8.200,13.344,1.000,0.000,0.1360
1272.480,-87.991,26.769,0.310,3.853,8.239,13.367,1.000,0.000,0.1440
1272.490,-87.953,26.814,0.309,3.887,8.277,13.391,0.940,0.000,0.1520
1272.500,-87.913,26.860,0.309,3.919,8.317,13.414,0.880,0.000,0.1600
1272.510,-87.874,26.906,0.309,3.952,8.356,13.438,0.820,0.000,0.1680
1272.520,-87.834,26.952,0.309,3.971,8.396,13.462,0.760,0.000,0.1760
1272.530,-87.794,26.997,0.309,3.989,8.436,13.487,0.700,0.000,0.1840
1272.540,-87.754,27.043,0.309,4.010,8.476,13.511,0.640,0.000,0.1920
1272.550,-87.714,27.088,0.309,4.035,8.516,13.535,0.580,0.000,0.2000
1272.560,-87.673,27.134,0.310,4.065,8.557,13.560,0.520,0.000,0.2080
1272.570,-87.633,27.180,0.310,4.042,8.597,13.585,0.460,0.000,0.2160
1272.580,-87.593,27.225,0.311,4.023,8.637,13.609,0.400,0.000,0.2240
1272.590,-87.553,27.270,0.311,4.007,8.678,13.633,0.340,0.000,0.2320
1272.600,-87.513,27.314,0.312,3.994,8.717,13.657,0.280,0.000,0.2400
1272.610,-87.473,27.358,0.313,3.981,8.757,13.681,0.220,0.000,0.2480
1272.620,-87.433,27.401,0.314,3.969,8.797,13.705,0.160,0.000,0.2560
1272.630,-87.394,27.444,0.315,3.956,8.836,13.729,0.100,0.000,0.2640
1272.640,-87.354,27.486,0.317,3.942,8.876,13.753,0.040,0.000,0.2720
1272.650,-87.315,27.528,0.318,3.926,8.915,13.777,0.000,0.000,0.2800
1272.660,-87.276,27.570,0.319,3.909,8.954,13.800,0.000,0.000,0.2880
1272.670,-87.237,27.611,0.320,3.891,8.993,13.824,0.000,0.000,0.2960
1272.680,-87.198,27.651,0.322,3.870,9.032,13.848,0.000,0.000,0.3040
1272.690,-87.160,27.691,0.323,3.848,9.070,13.871,0.000,0.000,0.3120
1272.700,-87.122,27.730,0.324,3.825,9.108,13.895,0.000,0.000,0.3200
1272.710,-87.084,27.769,0.325,3.800,9.146,13.918,0.000,0.000,0.3280
1272.720,-87.046,27.808,0.326,3.786,9.184,13.942,0.000,0.000,0.3360
1272.730,-87.008,27.846,0.327,3.764,9.222,13.965,0.000,0.000,0.3440
1272.740,-86.971,27.884,0.328,3.750,9.259,13.989,0.000,0.000,0.3520
1272.750,-86.933,27.921,0.328,3.740,9.297,14.012,0.000,0.000,0.3600
1272.760,-86.896,27.958,0.329,3.729,9.334,14.036,0.000,0.000,0.3680
1272.770,-86.859,27.995,0.329,3.715,9.371,14.060,0.000,0.000,0.3760
1272.780,-86.821,28.031,0.329,3.746,9.409,14.084,0.000,0.000,0.3840
1272.790,-86.784,28.067,0.330,3.764,9.446,14.109,0.000,0.000,0.3920
1272.800,-86.746,28.102,0.329,3.768,9.484,14.133,0.000,0.000,0.4000
1272.810,-86.708,28.137,0.329,3.766,9.522,14.158,0.000,0.000,0.4080
1272.820,-86.671,28.172,0.329,3.758,9.559,14.183,0.000,0.000,0.4160
1272.830,-86.633,28.206,0.329,3.745,9.597,14.208,0.000,0.000,0.4240
1272.840,-86.596,28.240,0.328,3.729,9.634,14.233,0.000,0.000,0.4320
1272.850,-86.559,28.273,0.328,3.712,9.671,14.258,0.000,0.000,0.4400
1272.860,-86.522,28.306,0.328,3.694,9.708,14.282,0.000,0.000,0.4480
1272.870,-86.485,28.338,0.328,3.675,9.745,14.307,0.000,0.000,0.4180
1272.880,-86.449,28.369,0.327,3.646,9.781,14.331,0.000,0.000,0.3880
1272.890,-86.413,28.400,0.327,3.610,9.817,14.355,0.000,0.000,0.3580
1272.900,-86.377,28.430,0.327,3.565,9.853,14.379,0.000,0.000,0.3280
1272.910,-86.342,28.458,0.327,3.513,9.888,14.403,0.000,0.000,0.2980
1272.920,-86.307,28.486,0.328,3.482,9.923,14.426,0.000,0.000,0.2680
1272.930,-86.273,28.514,0.328,3.461,9.958,14.449,0.000,0.000,0.2380
1272.940,-86.238,28.542,0.328,3.450,9.992,14.472,0.000,0.000,0.2080
1272.950,-86.204,28.569,0.327,3.445,10.027,14.496,0.000,0.000,0.1780
1272.960,-86.169,28.595,0.327,3.444,10.061,14.519,0.000,0.000,0.1480
1272.970,-86.135,28.622,0.327,3.443,10.095,14.543,0.000,0.000,0.1180
1272.980,-86.100,28.648,0.327,3.443,10.130,14.567,0.000,0.000,0.0880
1272.990,-86.066,28.674,0.326,3.440,10.164,14.590,0.000,0.000,0.0580
1273.000,-86.032,28.700,0.326,3.435,10.199,14.614,0.000,0.000,0.0280
1273.010,-85.997,28.726,0.325,3.429,10.233,14.638,0.000,0.000,0.0000
1273.020,-85.963,28.752,0.324,3.421,10.267,14.662,0.000,0.000,0.0000
1273.030,-85.929,28.777,0.324,3.412,10.301,14.686,0.000,0.000,0.0000
1273.040,-85.895,28.802,0.323,3.400,10.335,14.709,0.000,0.000,0.0000
1273.050,-85.861,28.827,0.322,3.436,10.369,14.734,0.000,0.000,0.0000
1273.060,-85.826,28.853,0.322,3.455,10.404,14.758,0.000,0.000,0.0000
1273.070,-85.791,28.878,0.321,3.457,10.439,14.782,0.000,0.000,0.0000
1273.080,-85.757,28.902,0.320,3.444,10.473,14.807,0.000,0.000,0.0000
1273.090,-85.723,28.927,0.319,3.420,10.507,14.831,0.000,0.000,0.0000
1273.100,-85.689,28.952,0.319,3.390,10.541,14.855,0.000,0.000,0.0000
1273.110,-85.655,28.976,0.318,3.356,10.575,14.878,0.000,0.000,0.0000
1273.120,-85.622,29.000,0.318,3.321,10.608,14.902,0.000,0.000,0.0000
1273.130,-85.589,29.024,0.318,3.285,10.641,14.925,0.000,0.000,0.0000
1273.140,-85.557,29.047,0.318,3.249,10.673,14.947,0.000,0.000,0.0000
1273.150,-85.525,29.070,0.318,3.214,10.705,14.970,0.000,0.000,0.0000
1273.160,-85.493,29.093,0.318,3.179,10.737,14.992,0.000,0.000,0.0000
1273.170,-85.461,29.116,0.318,3.144,10.769,15.014,0.000,0.000,0.0000
1273.180,-85.430,29.139,0.318,3.109,10.800,15.036,0.000,0.000,0.0000
1273.190,-85.400,29.161,0.319,3.075,10.830,15.057,0.000,0.000,0.0000
1273.200,-85.369,29.183,0.319,3.040,10.861,15.078,0.000,0.000,0.0000
1273.210,-85.339,29.205,0.320,2.999,10.891,15.099,0.040,0.000,0.0000
1273.220,-85.310,29.227,0.320,2.958,10.920,15.119,0.080,0.000,0.0000
1273.230,-85.280,29.248,0.321,2.919,10.950,15.140,0.120,0.000,0.0000
1273.240,-85.252,29.269,0.321,2.882,10.978,15.160,0.160,0.000,0.0000
1273.250,-85.223,29.290,0.322,2.847,11.007,15.180,0.200,0.000,0.0000
1273.260,-85.195,29.310,0.322,2.814,11.035,15.199,0.240,0.000,0.0000
1273.270,-85.167,29.330,0.323,2.781,11.063,15.219,0.280,0.000,0.0000
1273.280,-85.140,29.351,0.324,2.748,11.090,15.238,0.320,0.000,0.0000
1273.290,-85.112,29.371,0.324,2.736,11.118,15.257,0.360,0.000,0.0000
1273.300,-85.085,29.391,0.324,2.742,11.145,15.276,0.400,0.000,0.0000
1273.310,-85.057,29.411,0.324,2.758,11.173,15.296,0.440,0.000,0.0000
1273.320,-85.030,29.431,0.324,2.781,11.200,15.316,0.480,0.000,0.0000
1273.330,-85.002,29.451,0.324,2.810,11.229,15.336,0.520,0.000,0.0000
1273.340,-84.973,29.472,0.323,2.840,11.257,15.357,0.560,0.000,0.0000
1273.350,-84.944,29.493,0.323,2.872,11.286,15.378,0.600,0.000,0.0000
1273.360,-84.915,29.514,0.322,2.905,11.315,15.400,0.640,0.000,0.0000
1273.370,-84.886,29.535,0.321,2.937,11.344,15.421,0.680,0.000,0.0000
1273.380,-84.856,29.556,0.320,2.970,11.374,15.443,0.720,0.000,0.0000
1273.390,-84.826,29.578,0.319,3.002,11.404,15.466,0.760,0.000,0.0000
1273.400,-84.796,29.600,0.318,3.030,11.434,15.488,0.800,0.000,0.0000
1273.410,-84.765,29.622,0.317,3.061,11.465,15.511,0.840,0.000,0.0000
1273.420,-84.735,29.644,0.316,3.093,11.495,15.535,0.880,0.000,0.0000
1273.430,-84.703,29.667,0.314,3.126,11.527,15.558,0.920,0.000,0.0000
1273.440,-84.672,29.689,0.313,3.161,11.558,15.582,0.960,0.000,0.0000
1273.450,-84.640,29.712,0.312,3.197,11.590,15.606,1.000,0.000,0.0000
1273.460,-84.607,29.736,0.311,3.233,11.623,15.630,1.000,0.000,0.0000
1273.470,-84.575,29.759,0.310,3.269,11.655,15.655,1.000,0.000,0.0000
1273.480,-84.542,29.783,0.309,3.305,11.688,15.679,1.000,0.000,0.0000
1273.490,-84.508,29.807,0.308,3.341,11.722,15.704,1.000,0.000,0.0000
1273.500,-84.475,29.831,0.308,3.377,11.755,15.730,1.000,0.000,0.0000
1273.510,-84.440,29.856,0.307,3.413,11.790,15.755,1.000,0.000,0.0000
1273.520,-84.406,29.880,0.306,3.448,11.824,15.781,1.000,0.000,0.0000
1273.530,-84.371,29.905,0.306,3.483,11.859,15.807,1.000,0.000,0.0000
1273.540,-84.336,29.930,0.305,3.513,11.894,15.833,1.000,0.000,0.0000
1273.550,-84.301,29.956,0.305,3.550,11.929,15.859,1.000,0.000,0.0080
1273.560,-84.265,29.981,0.305,3.584,11.965,15.886,1.000,0.000,0.0160
1273.570,-84.229,30.007,0.305,3.618,12.001,15.913,1.000,0.000,0.0240
1273.580,-84.192,30.033,0.305,3.653,12.038,15.940,1.000,0.000,0.0320
1273.590,-84.155,30.060,0.305,3.688,12.075,15.967,1.000,0.000,0.0400
1273.600,-84.118,30.086,0.305,3.723,12.112,15.994,1.000,0.000,0.0480
1273.610,-84.080,30.113,0.305,3.758,12.150,16.022,1.000,0.000,0.0560
1273.620,-84.042,30.140,0.306,3.792,12.188,16.050,1.000,0.000,0.0640
1273.630,-84.004,30.167,0.306,3.827,12.226,16.079,1.000,0.000,0.0720
1273.640,-83.966,30.194,0.306,3.861,12.264,16.107,1.000,0.000,0.0800
1273.650,-83.927,30.222,0.307,3.894,12.303,16.136,1.000,0.000,0.0880
1273.660,-83.887,30.249,0.307,3.928,12.343,16.165,1.000,0.000,0.0960
1273.670,-83.848,30.277,0.308,3.933,12.382,16.194,1.000,0.000,0.1040
1273.680,-83.808,30.305,0.308,3.949,12.422,16.224,1.000,0.000,0.1120
1273.690,-83.769,30.333,0.309,3.971,12.461,16.253,1.000,0.000,0.1200
1273.700,-83.729,30.362,0.309,3.998,12.501,16.283,1.000,0.000,0.1280
1273.710,-83.689,30.390,0.310,4.028,12.541,16.313,1.000,0.000,0.1360
1273.720,-83.648,30.418,0.310,4.060,12.582,16.343,1.000,0.000,0.1440
1273.730,-83.607,30.447,0.311,4.094,12.623,16.374,1.000,0.000,0.1520
1273.740,-83.566,30.476,0.311,4.129,12.664,16.405,1.000,0.000,0.1600
1273.750,-83.524,30.505,0.312,4.163,12.706,16.436,1.000,0.000,0.1680
1273.760,-83.482,30.534,0.312,4.197,12.748,16.468,1.000,0.000,0.1760
1273.770,-83.440,30.563,0.313,4.231,12.790,16.500,1.000,0.000,0.1840
1273.780,-83.397,30.593,0.313,4.264,12.833,16.532,1.000,0.000,0.1920
1273.790,-83.354,30.622,0.313,4.296,12.876,16.565,1.000,0.000,0.2000
1273.800,-83.311,30.652,0.313,4.346,12.919,16.598,1.000,0.000,0.2080
1273.810,-83.267,30.682,0.313,4.396,12.963,16.631,1.000,0.000,0.2160
1273.820,-83.222,30.713,0.313,4.443,13.008,16.665,1.000,0.000,0.2240
1273.830,-83.177,30.743,0.313,4.487,13.053,16.700,1.000,0.000,0.2320
1273.840,-83.132,30.774,0.313,4.528,13.098,16.735,1.000,0.000,0.2400
1273.850,-83.087,30.805,0.313,4.565,13.143,16.770,1.000,0.000,0.2480
1273.860,-83.041,30.835,0.312,4.601,13.189,16.806,1.000,0.000,0.2560
1273.870,-82.994,30.866,0.312,4.635,13.236,16.842,1.000,0.000,0.2640
1273.880,-82.948,30.897,0.312,4.669,13.283,16.878,1.000,0.000,0.2720
1273.890,-82.900,30.927,0.312,4.702,13.330,16.914,1.000,0.000,0.2800
1273.900,-82.853,30.958,0.312,4.734,13.377,16.951,1.000,0.000,0.2880
1273.910,-82.805,30.989,0.312,4.817,13.425,16.988,1.000,0.000,0.2960
1273.920,-82.756,31.020,0.311,4.891,13.474,17.027,1.000,0.000,0.3040
1273.930,-82.707,31.051,0.311,4.955,13.523,17.065,1.000,0.000,0.3120
1273.940,-82.656,31.082,0.311,5.009,13.574,17.105,1.000,0.000,0.3200
1273.950,-82.606,31.113,0.310,5.051,13.624,17.144,1.000,0.000,0.3280
1273.960,-82.555,31.144,0.310,5.086,13.675,17.184,1.000,0.000,0.3360
1273.970,-82.504,31.174,0.310,5.081,13.726,17.224,1.000,0.000,0.3440
1273.980,-82.454,31.204,0.310,5.068,13.776,17.264,1.000,0.000,0.3520
1273.990,-82.403,31.233,0.311,5.056,13.827,17.303,1.000,0.000,0.3600
1274.000,-82.353,31.263,0.311,5.052,13.878,17.342,1.000,0.000,0.3680
1274.010,-82.302,31.291,0.312,5.058,13.928,17.382,1.000,0.000,0.3760
1274.020,-82.251,31.320,0.312,5.071,13.979,17.422,1.000,0.000,0.3840
1274.030,-82.200,31.348,0.313,5.091,14.030,17.461,1.000,0.000,0.3920
1274.040,-82.149,31.376,0.314,5.114,14.081,17.501,1.000,0.000,0.3620
1274.050,-82.098,31.404,0.314,5.144,14.132,17.542,1.000,0.000,0.3320
1274.060,-82.046,31.432,0.315,5.181,14.184,17.583,1.000,0.000,0.3020
1274.070,-81.994,31.460,0.315,5.228,14.236,17.624,1.000,0.000,0.2720
1274.080,-81.941,31.487,0.315,5.284,14.289,17.666,1.000,0.000,0.2420
1274.090,-81.887,31.515,0.315,5.385,14.343,17.709,1.000,0.000,0.2120
1274.100,-81.832,31.543,0.315,5.454,14.398,17.752,1.000,0.000,0.1820
1274.110,-81.777,31.570,0.315,5.536,14.453,17.796,1.000,0.000,0.1520
1274.120,-81.721,31.598,0.315,5.623,14.509,17.842,1.000,0.000,0.1220
1274.130,-81.664,31.625,0.314,5.711,14.566,17.888,1.000,0.000,0.0920
1274.140,-81.606,31.653,0.314,5.801,14.624,17.935,1.000,0.000,0.0620
1274.150,-81.547,31.680,0.313,5.891,14.683,17.982,1.000,0.000,0.0320
1274.160,-81.487,31.708,0.312,5.983,14.743,18.031,1.000,0.000,0.0020
1274.170,-81.427,31.735,0.311,6.024,14.803,18.080,1.000,0.000,0.0000
1274.180,-81.366,31.763,0.311,6.066,14.864,18.129,1.000,0.000,0.0000
1274.190,-81.305,31.790,0.310,6.116,14.925,18.179,1.000,0.000,0.0000
1274.200,-81.243,31.817,0.309,6.174,14.987,18.229,1.000,0.000,0.0000
1274.210,-81.181,31.845,0.309,6.240,15.049,18.280,1.000,0.000,0.0000
1274.220,-81.118,31.872,0.308,6.311,15.112,18.332,1.000,0.000,0.0000
1274.230,-81.054,31.900,0.307,6.383,15.176,18.384,1.000,0.000,0.0000
1274.240,-80.989,31.928,0.307,6.456,15.241,18.437,1.000,0.000,0.0000
1274.250,-80.924,31.956,0.306,6.523,15.306,18.491,1.000,0.000,0.0000
1274.260,-80.858,31.984,0.305,6.581,15.372,18.545,1.000,0.000,0.0000
1274.270,-80.792,32.012,0.305,6.631,15.438,18.599,1.000,0.000,0.0000
1274.280,-80.725,32.041,0.305,6.653,15.505,18.654,1.000,0.000,0.0000
1274.290,-80.659,32.069,0.305,6.677,15.571,18.708,1.000,0.000,0.0000
1274.300,-80.592,32.097,0.305,6.708,15.638,18.763,1.000,0.000,0.0000
1274.310,-80.524,32.126,0.305,6.753,15.706,18.819,1.000,0.000,0.0000
1274.320,-80.456,32.155,0.305,6.803,15.774,18.875,1.000,0.000,0.0000
1274.330,-80.387,32.184,0.305,6.856,15.843,18.931,1.000,0.000,0.0000
1274.340,-80.318,32.213,0.305,6.909,15.912,18.988,1.000,0.000,0.0000
1274.350,-80.249,32.242,0.305,6.960,15.981,19.046,1.000,0.000,0.0000
1274.360,-80.179,32.271,0.305,7.009,16.051,19.103,1.000,0.000,0.0000
1274.370,-80.108,32.301,0.306,7.056,16.122,19.162,1.000,0.000,0.0000
1274.380,-80.037,32.330,0.306,7.099,16.193,19.221,1.000,0.000,0.0000
1274.390,-79.966,32.360,0.306,7.141,16.264,19.280,1.000,0.000,0.0000
1274.400,-79.894,32.390,0.307,7.180,16.336,19.339,1.000,0.000,0.0000
1274.410,-79.822,32.420,0.307,7.216,16.408,19.399,1.000,0.000,0.0000
1274.420,-79.749,32.450,0.308,7.250,16.481,19.459,1.000,0.000,0.0000
1274.430,-79.676,32.480,0.308,7.282,16.554,19.520,1.000,0.000,0.0000
1274.440,-79.603,32.510,0.309,7.322,16.627,19.581,1.000,0.000,0.0000
1274.450,-79.530,32.541,0.309,7.360,16.700,19.642,1.000,0.000,0.0000
1274.460,-79.456,32.571,0.309,7.391,16.774,19.704,1.000,0.000,0.0000
1274.470,-79.381,32.601,0.310,7.425,16.849,19.766,1.000,0.000,0.0000
1274.480,-79.307,32.632,0.310,7.462,16.923,19.829,1.000,0.000,0.0000
1274.490,-79.232,32.663,0.311,7.502,16.998,19.892,1.000,0.000,0.0000
1274.500,-79.156,32.694,0.311,7.545,17.074,19.955,1.000,0.000,0.0000
1274.510,-79.081,32.725,0.311,7.588,17.149,20.019,1.000,0.000,0.0000
1274.520,-79.004,32.756,0.311,7.630,17.226,20.084,1.000,0.000,0.0000
1274.530,-78.928,32.787,0.312,7.671,17.302,20.149,1.000,0.000,0.0000
1274.540,-78.850,32.819,0.312,7.709,17.380,20.214,1.000,0.000,0.0000
1274.550,-78.773,32.851,0.312,7.745,17.457,20.280,1.000,0.000,0.0000
1274.560,-78.695,32.883,0.312,7.779,17.535,20.346,1.000,0.000,0.0000
1274.570,-78.617,32.915,0.312,7.810,17.613,20.412,1.000,0.000,0.0000
1274.580,-78.539,32.947,0.312,7.835,17.691,20.479,1.000,0.000,0.0000
1274.590,-78.460,32.979,0.312,7.863,17.770,20.546,0.940,0.000,0.0000
1274.600,-78.381,33.011,0.312,7.889,17.849,20.613,0.880,0.000,0.0000
1274.610,-78.302,33.043,0.312,7.926,17.928,20.681,0.920,0.000,0.0000
1274.620,-78.222,33.076,0.312,7.965,18.008,20.749,0.960,0.000,0.0000
1274.630,-78.142,33.109,0.312,8.009,18.088,20.818,1.000,0.000,0.0000
1274.640,-78.062,33.142,0.312,8.054,18.168,20.887,1.000,0.000,0.0000
1274.650,-77.981,33.175,0.312,8.100,18.249,20.957,1.000,0.000,0.0000
1274.660,-77.899,33.208,0.312,8.145,18.331,21.027,1.000,0.000,0.0000
1274.670,-77.817,33.241,0.311,8.188,18.413,21.098,1.000,0.000,0.0000
1274.680,-77.735,33.275,0.311,8.227,18.495,21.169,1.000,0.000,0.0000
1274.690,-77.652,33.308,0.311,8.264,18.578,21.240,1.000,0.000,0.0000
1274.700,-77.569,33.342,0.311,8.297,18.661,21.312,1.000,0.000,0.0000
1274.710,-77.486,33.376,0.311,8.327,18.744,21.384,1.000,0.000,0.0000
1274.720,-77.403,33.410,0.310,8.355,18.827,21.457,1.000,0.000,0.0000
1274.730,-77.319,33.444,0.310,8.385,18.911,21.529,1.000,0.000,0.0000
1274.740,-77.235,33.478,0.310,8.419,18.995,21.603,0.940,0.000,0.0000
1274.750,-77.150,33.512,0.310,8.456,19.080,21.676,0.880,0.000,0.0000
1274.760,-77.065,33.547,0.310,8.498,19.165,21.750,0.820,0.000,0.0000
1274.770,-76.980,33.581,0.310,8.528,19.250,21.824,0.760,0.000,0.0000
1274.780,-76.894,33.616,0.310,8.539,19.336,21.899,0.700,0.000,0.0000
1274.790,-76.809,33.650,0.310,8.532,19.421,21.973,0.640,0.000,0.0000
1274.800,-76.724,33.684,0.310,8.513,19.506,22.047,0.580,0.000,0.0000
1274.810,-76.639,33.719,0.311,8.483,19.591,22.121,0.520,0.000,0.0000
1274.820,-76.555,33.753,0.312,8.448,19.675,22.195,0.460,0.000,0.0000
1274.830,-76.471,33.787,0.312,8.407,19.759,22.268,0.400,0.000,0.0000
1274.840,-76.387,33.821,0.313,8.363,19.843,22.341,0.340,0.000,0.0000
1274.850,-76.304,33.855,0.314,8.314,19.926,22.414,0.280,0.000,0.0000
1274.860,-76.221,33.888,0.315,8.269,20.009,22.486,0.220,0.000,0.0000
1274.870,-76.139,33.921,0.316,8.226,20.091,22.558,0.160,0.000,0.0000
1274.880,-76.057,33.955,0.318,8.190,20.173,22.629,0.100,0.000,0.0000
1274.890,-75.975,33.988,0.319,8.158,20.255,22.701,0.040,0.000,0.0000
1274.900,-75.894,34.020,0.320,8.129,20.336,22.772,0.000,0.000,0.0000
1274.910,-75.813,34.053,0.321,8.100,20.417,22.843,0.000,0.000,0.0000
1274.920,-75.732,34.086,0.322,8.070,20.498,22.914,0.000,0.000,0.0000
1274.930,-75.652,34.118,0.323,8.038,20.578,22.985,0.000,0.000,0.0000
1274.940,-75.572,34.151,0.324,8.003,20.658,23.055,0.000,0.080,0.0000
1274.950,-75.492,34.183,0.325,7.963,20.738,23.125,0.000,0.160,0.0000
1274.960,-75.413,34.215,0.326,7.918,20.817,23.195,0.000,0.240,0.0000
1274.970,-75.335,34.247,0.326,7.869,20.895,23.265,0.000,0.320,0.0000
1274.980,-75.256,34.278,0.327,7.814,20.974,23.334,0.000,0.400,0.0000
1274.990,-75.179,34.309,0.328,7.761,21.051,23.402,0.000,0.480,0.0000
1275.000,-75.102,34.340,0.328,7.709,21.128,23.471,0.000,0.560,0.0000
1275.010,-75.025,34.371,0.329,7.662,21.205,23.539,0.000,0.640,0.0000
1275.020,-74.949,34.402,0.329,7.620,21.281,23.607,0.000,0.720,0.0000
1275.030,-74.873,34.432,0.329,7.583,21.357,23.674,0.000,0.800,0.0000
1275.040,-74.798,34.463,0.330,7.547,21.432,23.741,0.000,0.880,0.0000
1275.050,-74.722,34.493,0.330,7.511,21.508,23.808,0.000,0.960,0.0000
1275.060,-74.648,34.523,0.330,7.475,21.582,23.875,0.000,1.000,0.0000
1275.070,-74.573,34.553,0.330,7.439,21.657,23.942,0.000,1.000,0.0000
1275.080,-74.499,34.583,0.329,7.402,21.731,24.008,0.000,1.000,0.0000
1275.090,-74.426,34.613,0.329,7.365,21.804,24.074,0.000,1.000,0.0000
1275.100,-74.352,34.642,0.329,7.326,21.878,24.140,0.000,1.000,0.0000
1275.110,-74.280,34.671,0.328,7.285,21.950,24.206,0.000,1.000,0.0000
1275.120,-74.207,34.701,0.328,7.243,22.023,24.271,0.000,1.000,0.0000
1275.130,-74.135,34.730,0.328,7.194,22.095,24.336,0.000,1.000,0.0000
1275.140,-74.064,34.758,0.327,7.142,22.166,24.400,0.000,1.000,0.0000
1275.150,-73.993,34.787,0.327,7.098,22.237,24.464,0.000,0.900,0.0000
1275.160,-73.922,34.815,0.327,7.063,22.308,24.528,0.000,0.800,0.0000
1275.170,-73.852,34.844,0.326,7.035,22.378,24.591,0.000,0.700,0.0000
1275.180,-73.782,34.872,0.326,7.011,22.448,24.655,0.000,0.600,0.0000
1275.190,-73.712,34.900,0.325,6.989,22.518,24.718,0.000,0.500,0.0000
1275.200,-73.642,34.928,0.325,6.966,22.588,24.781,0.000,0.580,0.0000
1275.210,-73.573,34.956,0.324,6.937,22.657,24.844,0.000,0.660,0.0000
1275.220,-73.504,34.984,0.324,6.903,22.726,24.906,0.000,0.740,0.0000
1275.230,-73.435,35.011,0.323,6.866,22.795,24.969,0.000,0.820,0.0000
1275.240,-73.367,35.039,0.323,6.826,22.863,25.030,0.000,0.900,0.0000
1275.250,-73.299,35.066,0.322,6.784,22.931,25.092,0.000,0.980,0.0000
1275.260,-73.232,35.093,0.322,6.740,22.998,25.153,0.000,1.000,0.0000
1275.270,-73.165,35.120,0.322,6.697,23.065,25.214,0.000,1.000,0.0000
1275.280,-73.098,35.147,0.322,6.655,23.132,25.274,0.000,1.000,0.0000
1275.290,-73.032,35.173,0.322,6.609,23.198,25.334,0.000,1.000,0.0000
1275.300,-72.966,35.200,0.322,6.563,23.264,25.393,0.000,1.000,0.0000
1275.310,-72.901,35.226,0.322,6.522,23.329,25.453,0.000,1.000,0.0000
1275.320,-72.836,35.252,0.322,6.485,23.394,25.511,0.000,1.000,0.0000
1275.330,-72.772,35.277,0.322,6.451,23.458,25.570,0.000,1.000,0.0000
1275.340,-72.708,35.303,0.322,6.420,23.522,25.628,0.000,1.000,0.0000
1275.350,-72.644,35.329,0.322,6.390,23.586,25.686,0.000,1.000,0.0000
1275.360,-72.580,35.354,0.322,6.360,23.650,25.744,0.000,1.000,0.0000
1275.370,-72.517,35.380,0.322,6.329,23.713,25.802,0.000,1.000,0.0000
1275.380,-72.454,35.405,0.322,6.297,23.776,25.859,0.000,1.000,0.0000
1275.390,-72.391,35.430,0.322,6.264,23.839,25.916,0.000,1.000,0.0000
1275.400,-72.329,35.455,0.323,6.229,23.901,25.973,0.000,1.000,0.0000
1275.410,-72.267,35.480,0.323,6.193,23.963,26.029,0.000,1.000,0.0000
1275.420,-72.205,35.504,0.323,6.155,24.025,26.085,0.000,1.000,0.0000
1275.430,-72.144,35.529,0.323,6.116,24.086,26.141,0.000,1.000,0.0000
1275.440,-72.084,35.553,0.323,6.076,24.147,26.196,0.000,1.000,0.0000
1275.450,-72.023,35.577,0.323,6.035,24.207,26.251,0.000,1.000,0.0000
1275.460,-71.963,35.601,0.323,5.988,24.267,26.306,0.000,1.000,0.0000
1275.470,-71.904,35.625,0.324,5.938,24.326,26.360,0.000,1.000,0.0000
1275.480,-71.845,35.649,0.324,5.894,24.385,26.414,0.000,1.000,0.0000
1275.490,-71.786,35.672,0.324,5.855,24.444,26.468,0.000,1.000,0.0000
1275.500,-71.728,35.696,0.324,5.820,24.502,26.521,0.000,1.000,0.0000
1275.510,-71.670,35.719,0.324,5.788,24.560,26.574,0.000,1.000,0.0000
1275.520,-71.613,35.742,0.325,5.756,24.617,26.626,0.000,1.000,0.0000
1275.530,-71.556,35.765,0.325,5.725,24.675,26.679,0.000,1.000,0.0000
1275.540,-71.499,35.787,0.325,5.693,24.731,26.731,0.000,1.000,0.0000
1275.550,-71.442,35.810,0.325,5.661,24.788,26.783,0.000,1.000,0.0000
1275.560,-71.386,35.832,0.325,5.628,24.844,26.834,0.000,1.000,0.0000
1275.570,-71.330,35.855,0.325,5.594,24.900,26.886,0.000,1.000,0.0000
1275.580,-71.274,35.877,0.325,5.559,24.956,26.937,0.000,1.000,0.0000
1275.590,-71.219,35.899,0.325,5.523,25.011,26.987,0.000,1.000,0.0000
1275.600,-71.164,35.921,0.324,5.486,25.066,27.038,0.000,1.000,0.0000
1275.610,-71.110,35.943,0.324,5.449,25.120,27.088,0.000,1.000,0.0000
1275.620,-71.055,35.964,0.324,5.410,25.175,27.138,0.000,1.000,0.0000
1275.630,-71.002,35.986,0.324,5.371,25.228,27.187,0.000,1.000,0.0000
1275.640,-70.948,36.007,0.324,5.331,25.282,27.236,0.000,1.000,0.0000
1275.650,-70.896,36.028,0.324,5.286,25.334,27.285,0.000,1.000,0.0000
1275.660,-70.843,36.049,0.324,5.243,25.387,27.333,0.000,1.000,0.0000
1275.670,-70.791,36.070,0.324,5.200,25.439,27.381,0.000,1.000,0.0000
1275.680,-70.740,36.090,0.324,5.162,25.490,27.428,0.000,1.000,0.0000
1275.690,-70.688,36.110,0.324,5.124,25.542,27.476,0.000,1.000,0.0000
1275.700,-70.637,36.131,0.324,5.088,25.593,27.523,0.000,1.000,0.0000
1275.710,-70.587,36.151,0.324,5.054,25.643,27.569,0.000,1.000,0.0000
1275.720,-70.537,36.171,0.324,5.020,25.693,27.615,0.000,1.000,0.0000
1275.730,-70.487,36.191,0.324,4.987,25.743,27.661,0.000,1.000,0.0000
1275.740,-70.437,36.210,0.324,4.954,25.793,27.707,0.000,1.000,0.0000
1275.750,-70.388,36.230,0.324,4.921,25.842,27.753,0.000,1.000,0.0000
1275.760,-70.339,36.249,0.324,4.887,25.891,27.798,0.000,1.000,0.0000
1275.770,-70.291,36.269,0.324,4.852,25.939,27.843,0.000,1.000,0.0000
1275.780,-70.243,36.288,0.324,4.817,25.988,27.887,0.000,1.000,0.0000
1275.790,-70.195,36.307,0.324,4.781,26.035,27.931,0.000,1.000,0.0000
1275.800,-70.147,36.326,0.324,4.745,26.083,27.975,0.000,1.000,0.0000
1275.810,-70.100,36.344,0.323,4.708,26.130,28.019,0.000,1.000,0.0000
1275.820,-70.053,36.363,0.323,4.671,26.177,28.062,0.000,1.000,0.0000
1275.830,-70.007,36.381,0.323,4.633,26.223,28.105,0.000,1.000,0.0000
1275.840,-69.961,36.400,0.323,4.595,26.269,28.147,0.000,1.000,0.0080
1275.850,-69.916,36.418,0.323,4.557,26.314,28.189,0.000,0.900,0.0160
1275.860,-69.870,36.436,0.323,4.520,26.360,28.231,0.000,0.800,0.0240
1275.870,-69.826,36.454,0.323,4.486,26.404,28.273,0.000,0.700,0.0320
1275.880,-69.781,36.471,0.323,4.458,26.449,28.314,0.000,0.600,0.0400
1275.890,-69.737,36.489,0.323,4.422,26.493,28.355,0.000,0.500,0.0480
1275.900,-69.693,36.507,0.323,4.395,26.537,28.396,0.000,0.400,0.0560
1275.910,-69.649,36.524,0.323,4.364,26.581,28.436,0.000,0.300,0.0640
1275.920,-69.606,36.541,0.323,4.329,26.624,28.476,0.000,0.200,0.0720
1275.930,-69.563,36.558,0.323,4.296,26.667,28.516,0.000,0.100,0.0800
1275.940,-69.520,36.575,0.323,4.264,26.710,28.556,0.000,0.000,0.0880
1275.950,-69.478,36.591,0.323,4.234,26.752,28.595,0.000,0.000,0.0960
1275.960,-69.436,36.608,0.323,4.202,26.794,28.634,0.000,0.000,0.1040
1275.970,-69.394,36.624,0.323,4.168,26.836,28.673,0.000,0.000,0.1120
1275.980,-69.353,36.640,0.323,4.134,26.877,28.711,0.000,0.000,0.1200
1275.990,-69.312,36.656,0.323,4.100,26.918,28.749,0.000,0.000,0.1280
1276.000,-69.271,36.672,0.323,4.065,26.959,28.787,0.000,0.000,0.1360
1276.010,-69.231,36.688,0.323,4.030,26.999,28.824,0.000,0.000,0.1440
1276.020,-69.191,36.703,0.323,3.994,27.039,28.861,0.000,0.000,0.1520
1276.030,-69.151,36.718,0.323,3.959,27.079,28.898,0.000,0.000,0.1600
1276.040,-69.112,36.733,0.323,3.923,27.118,28.935,0.000,0.000,0.1680
1276.050,-69.073,36.748,0.323,3.887,27.157,28.971,0.000,0.000,0.1760
1276.060,-69.035,36.763,0.323,3.850,27.195,29.006,0.000,0.000,0.1840
1276.070,-68.997,36.777,0.323,3.813,27.233,29.042,0.000,0.000,0.1920
1276.080,-68.959,36.791,0.324,3.776,27.271,29.077,0.000,0.000,0.2000
1276.090,-68.922,36.805,0.324,3.738,27.309,29.112,0.000,0.000,0.2080
1276.100,-68.885,36.819,0.324,3.700,27.346,29.146,0.000,0.000,0.2160
1276.110,-68.848,36.833,0.324,3.662,27.382,29.180,0.000,0.000,0.2240
1276.120,-68.812,36.846,0.324,3.623,27.418,29.214,0.000,0.000,0.2320
1276.130,-68.776,36.859,0.324,3.568,27.454,29.247,0.000,0.000,0.2400
1276.140,-68.741,36.872,0.324,3.515,27.489,29.280,0.000,0.000,0.2480
1276.150,-68.708,36.885,0.325,3.333,27.523,29.310,0.000,0.000,0.2560
1276.160,-68.675,36.897,0.325,3.285,27.555,29.341,0.000,0.000,0.2640
1276.170,-68.642,36.909,0.325,3.241,27.588,29.371,0.000,0.000,0.2720
1276.180,-68.610,36.921,0.326,3.200,27.620,29.401,0.000,0.000,0.2800
1276.190,-68.578,36.933,0.326,3.214,27.652,29.430,0.000,0.000,0.2880
1276.200,-68.546,36.944,0.326,3.184,27.684,29.460,0.000,0.000,0.2960
1276.210,-68.515,36.956,0.326,3.142,27.715,29.489,0.000,0.000,0.3040
1276.220,-68.484,36.967,0.326,3.099,27.746,29.518,0.000,0.000,0.3120
1276.230,-68.453,36.978,0.326,3.062,27.777,29.547,0.000,0.000,0.3200
1276.240,-68.423,36.988,0.326,3.031,27.807,29.575,0.000,0.000,0.3280
1276.250,-68.393,36.999,0.326,3.005,27.837,29.603,0.000,0.000,0.3360
1276.260,-68.363,37.009,0.326,2.981,27.867,29.631,0.000,0.000,0.3440
1276.270,-68.333,37.019,0.326,2.958,27.897,29.659,0.000,0.000,0.3520
1276.280,-68.304,37.030,0.326,2.934,27.926,29.686,0.000,0.000,0.3600
1276.290,-68.275,37.039,0.325,2.907,27.955,29.713,0.000,0.000,0.3680
1276.300,-68.246,37.049,0.325,2.876,27.984,29.740,0.000,0.000,0.3760
1276.310,-68.218,37.058,0.325,2.842,28.012,29.767,0.000,0.000,0.3840
1276.320,-68.191,37.067,0.325,2.691,28.039,29.792,0.000,0.000,0.3920
1276.330,-68.164,37.075,0.325,2.695,28.066,29.817,0.000,0.000,0.4000
1276.340,-68.138,37.083,0.325,2.623,28.092,29.842,0.000,0.000,0.4080
1276.350,-68.112,37.090,0.325,2.585,28.118,29.866,0.000,0.000,0.4160
1276.360,-68.086,37.098,0.325,2.560,28.144,29.890,0.000,0.000,0.4240
1276.370,-68.061,37.105,0.324,2.539,28.169,29.913,0.000,0.000,0.4320
1276.380,-68.035,37.113,0.324,2.556,28.195,29.937,0.000,0.000,0.4400
1276.390,-68.010,37.120,0.324,2.536,28.220,29.961,0.000,0.000,0.4480
1276.400,-67.985,37.127,0.324,2.504,28.245,29.985,0.000,0.000,0.4560
1276.410,-67.960,37.133,0.323,2.467,28.270,30.008,0.000,0.000,0.4640
1276.420,-67.936,37.140,0.323,2.425,28.294,30.031,0.000,0.000,0.4720
1276.430,-67.912,37.146,0.323,2.383,28.318,30.053,0.000,0.000,0.4800
1276.440,-67.889,37.152,0.323,2.341,28.341,30.075,0.000,0.000,0.4880
1276.450,-67.866,37.158,0.323,2.300,28.364,30.096,0.000,0.000,0.4960
1276.460,-67.843,37.164,0.323,2.261,28.387,30.118,0.000,0.000,0.5000
1276.470,-67.821,37.170,0.322,2.223,28.409,30.138,0.000,0.000,0.5000
1276.480,-67.799,37.175,0.322,2.186,28.431,30.159,0.000,0.000,0.5000
1276.490,-67.778,37.181,0.322,2.149,28.452,30.179,0.000,0.000,0.5000
1276.500,-67.757,37.186,0.322,2.112,28.473,30.199,0.000,0.000,0.5000
1276.510,-67.736,37.191,0.322,2.075,28.494,30.218,0.000,0.000,0.5000
1276.520,-67.715,37.196,0.322,2.037,28.515,30.237,0.000,0.000,0.5000
1276.530,-67.695,37.201,0.323,1.998,28.535,30.256,0.000,0.000,0.5000
1276.540,-67.676,37.206,0.323,1.956,28.554,30.274,0.000,0.000,0.5000
1276.550,-67.657,37.210,0.323,1.914,28.573,30.292,0.000,0.000,0.5000
1276.560,-67.638,37.214,0.323,1.872,28.592,30.309,0.000,0.000,0.5000
1276.570,-67.620,37.219,0.323,1.826,28.610,30.326,0.000,0.000,0.5000
1276.580,-67.602,37.223,0.323,1.781,28.628,30.343,0.000,0.000,0.5000
1276.590,-67.585,37.226,0.323,1.739,28.645,30.359,0.000,0.000,0.5000
1276.600,-67.568,37.230,0.324,1.699,28.662,30.375,0.000,0.000,0.5000
1276.610,-67.551,37.234,0.324,1.661,28.679,30.390,0.000,0.000,0.4700
1276.620,-67.535,37.237,0.324,1.621,28.695,30.406,0.000,0.000,0.4400
1276.630,-67.519,37.241,0.324,1.575,28.711,30.420,0.000,0.000,0.4100
1276.640,-67.504,37.244,0.324,1.526,28.726,30.434,0.000,0.000,0.3800
1276.650,-67.489,37.247,0.325,1.477,28.741,30.448,0.000,0.000,0.3500
1276.660,-67.475,37.250,0.325,1.431,28.755,30.462,0.000,0.000,0.3200
1276.670,-67.461,37.253,0.325,1.389,28.769,30.474,0.000,0.000,0.2900
1276.680,-67.447,37.256,0.325,1.351,28.783,30.487,0.000,0.000,0.2600
1276.690,-67.434,37.259,0.325,1.316,28.796,30.499,0.000,0.000,0.2300
1276.700,-67.421,37.262,0.325,1.284,28.809,30.511,0.000,0.000,0.2000
1276.710,-67.409,37.264,0.325,1.253,28.821,30.523,0.000,0.000,0.1700
1276.720,-67.397,37.267,0.325,1.225,28.833,30.535,0.000,0.000,0.1400
1276.730,-67.385,37.269,0.325,1.200,28.845,30.546,0.000,0.000,0.1100
1276.740,-67.373,37.272,0.325,1.175,28.857,30.557,0.000,0.000,0.0800
1276.750,-67.361,37.274,0.325,1.151,28.869,30.568,0.000,0.000,0.0500
1276.760,-67.350,37.277,0.325,1.127,28.880,30.578,0.000,0.000,0.0200
1276.770,-67.339,37.279,0.325,1.102,28.891,30.589,0.000,0.000,0.0000
1276.780,-67.328,37.282,0.324,1.078,28.902,30.599,0.000,0.000,0.0000
1276.790,-67.318,37.284,0.324,1.051,28.912,30.609,0.000,0.000,0.0000
1276.800,-67.307,37.286,0.324,1.024,28.923,30.619,0.000,0.000,0.0000
1276.810,-67.298,37.288,0.323,0.995,28.932,30.628,0.000,0.000,0.0000
1276.820,-67.288,37.290,0.323,0.966,28.942,30.637,0.000,0.000,0.0000
1276.830,-67.279,37.292,0.323,0.937,28.952,30.646,0.000,0.000,0.0000
1276.840,-67.269,37.294,0.322,0.908,28.961,30.655,0.000,0.000,0.0000
1276.850,-67.261,37.296,0.322,0.879,28.969,30.663,0.000,0.000,0.0000
1276.860,-67.252,37.297,0.322,0.849,28.978,30.671,0.000,0.000,0.0000
1276.870,-67.244,37.299,0.322,0.818,28.986,30.679,0.000,0.000,0.0000
1276.880,-67.236,37.301,0.321,0.786,28.994,30.686,0.000,0.000,0.0000
1276.890,-67.229,37.302,0.321,0.753,29.001,30.693,0.000,0.000,0.0000
1276.900,-67.221,37.304,0.321,0.720,29.009,30.700,0.000,0.000,0.0000
1276.910,-67.215,37.305,0.321,0.686,29.015,30.707,0.000,0.000,0.0000
1276.920,-67.208,37.306,0.321,0.652,29.022,30.713,0.000,0.000,0.0000
1276.930,-67.202,37.308,0.321,0.617,29.028,30.719,0.000,0.000,0.0000
1276.940,-67.196,37.309,0.321,0.582,29.034,30.724,0.000,0.000,0.0000
1276.950,-67.191,37.310,0.321,0.546,29.039,30.729,0.000,0.000,0.0000
1276.960,-67.185,37.311,0.321,0.509,29.045,30.734,0.000,0.000,0.0000
1276.970,-67.181,37.312,0.321,0.473,29.049,30.738,0.000,0.000,0.0000
1276.980,-67.176,37.313,0.321,0.435,29.054,30.742,0.000,0.000,0.0000
1276.990,-67.172,37.314,0.321,0.398,29.058,30.746,0.000,0.000,0.0000
1277.000,-67.169,37.314,0.322,0.360,29.061,30.749,0.000,0.000,0.0000
1277.010,-67.166,37.315,0.322,0.323,29.064,30.752,0.000,0.000,0.0000
1277.020,-67.163,37.316,0.322,0.285,29.067,30.755,0.000,0.000,0.0000
1277.030,-67.160,37.316,0.322,0.246,29.070,30.757,0.000,0.000,0.0000
1277.040,-67.158,37.317,0.322,0.208,29.072,30.759,0.000,0.000,0.0000
1277.050,-67.157,37.317,0.322,0.170,29.073,30.761,0.000,0.000,0.0000
1277.060,-67.155,37.318,0.323,0.131,29.075,30.762,0.000,0.080,0.0000
1277.070,-67.154,37.318,0.323,0.094,29.076,30.762,0.000,0.160,0.0000
1277.080,-67.154,37.318,0.323,0.061,29.076,30.763,0.000,0.240,0.0000
1277.090,-67.153,37.318,0.323,0.034,29.077,30.763,0.000,0.320,0.0000
1277.100,-67.153,37.318,0.323,0.013,29.077,30.763,0.000,0.400,0.0000
1277.110,-67.153,37.318,0.323,0.004,29.077,30.763,0.000,0.480,0.0000
1277.120,-67.153,37.318,0.323,0.010,29.077,30.763,0.000,0.560,0.0000
1277.130,-67.154,37.318,0.323,0.018,29.076,30.763,0.000,0.640,0.0000
1277.140,-67.154,37.318,0.323,0.025,29.076,30.763,0.000,0.720,0.0000
1277.150,-67.154,37.318,0.323,0.032,29.076,30.763,0.000,0.800,0.0000
1277.160,-67.154,37.318,0.322,0.038,29.076,30.763,0.000,0.880,0.0000
1277.170,-67.154,37.318,0.322,0.043,29.076,30.763,0.000,0.960,0.0000
1277.180,-67.154,37.318,0.321,0.047,29.076,30.763,0.000,1.000,0.0000
1277.190,-67.154,37.318,0.321,0.050,29.076,30.763,0.000,1.000,0.0000
1277.200,-67.154,37.318,0.320,0.053,29.076,30.763,0.000,1.000,0.0000
1277.210,-67.154,37.318,0.320,0.054,29.076,30.763,0.000,1.000,0.0000
1277.220,-67.155,37.318,0.319,0.054,29.075,30.764,0.000,1.000,0.0000
1277.230,-67.155,37.318,0.319,0.054,29.075,30.764,0.000,1.000,0.0000
1277.240,-67.155,37.318,0.318,0.053,29.075,30.764,0.000,1.000,0.0000
1277.250,-67.155,37.318,0.318,0.051,29.075,30.764,0.000,1.000,0.0000
1277.260,-67.155,37.318,0.317,0.048,29.075,30.764,0.000,1.000,0.0000
1277.270,-67.155,37.318,0.317,0.045,29.075,30.764,0.000,1.000,0.0000
1277.280,-67.155,37.318,0.316,0.042,29.075,30.764,0.000,1.000,0.0000
1277.290,-67.155,37.318,0.316,0.038,29.075,30.764,0.000,1.000,0.0000
1277.300,-67.155,37.318,0.316,0.034,29.075,30.764,0.000,1.000,0.0000
1277.310,-67.155,37.318,0.315,0.030,29.075,30.764,0.000,1.000,0.0000
1277.320,-67.155,37.318,0.315,0.025,29.075,30.764,0.000,1.000,0.0000
1277.330,-67.155,37.318,0.315,0.021,29.075,30.764,0.000,1.000,0.0000
1277.340,-67.155,37.318,0.315,0.016,29.075,30.764,0.000,1.000,0.0000
1277.350,-67.155,37.318,0.315,0.012,29.075,30.764,0.000,1.000,0.0000
1277.360,-67.155,37.318,0.315,0.008,29.075,30.764,0.000,1.000,0.0000
1277.370,-67.155,37.318,0.314,0.004,29.075,30.764,0.000,1.000,0.0000
1277.380,-67.155,37.318,0.314,0.001,29.075,30.764,0.000,1.000,0.0000
1277.390,-67.155,37.318,0.315,0.004,29.075,30.764,0.000,1.000,0.0000
1277.400,-67.155,37.318,0.315,0.007,29.075,30.764,0.000,1.000,0.0000
1277.410,-67.155,37.318,0.315,0.010,29.075,30.764,0.000,1.000,0.0000
1277.420,-67.155,37.318,0.315,0.012,29.075,30.764,0.000,1.000,0.0000
1277.430,-67.155,37.318,0.315,0.015,29.075,30.764,0.000,1.000,0.0000
1277.440,-67.155,37.318,0.315,0.017,29.075,30.764,0.000,1.000,0.0000
1277.450,-67.155,37.318,0.315,0.018,29.075,30.764,0.000,1.000,0.0000
1277.460,-67.155,37.318,0.315,0.019,29.075,30.764,0.000,1.000,0.0000
1277.470,-67.155,37.318,0.316,0.020,29.075,30.764,0.000,1.000,0.0000
1277.480,-67.155,37.318,0.316,0.020,29.075,30.764,0.000,0.900,0.0000
1277.490,-67.155,37.318,0.316,0.020,29.075,30.764,0.000,0.800,0.0000
1277.500,-67.155,37.318,0.316,0.020,29.075,30.764,0.000,0.700,0.0000
1277.510,-67.155,37.318,0.316,0.019,29.075,30.764,0.000,0.600,0.0000
1277.520,-67.155,37.318,0.317,0.019,29.075,30.764,0.000,0.500,0.0000
1277.530,-67.155,37.318,0.317,0.018,29.075,30.764,0.000,0.400,0.0000
1277.540,-67.155,37.318,0.317,0.016,29.075,30.764,0.000,0.300,0.0000
1277.550,-67.155,37.318,0.317,0.015,29.075,30.764,0.000,0.200,0.0000
1277.560,-67.155,37.318,0.317,0.014,29.075,30.764,0.000,0.100,0.0000
1277.570,-67.155,37.318,0.317,0.012,29.075,30.764,0.000,0.000,0.0000
1277.580,-67.155,37.318,0.317,0.010,29.075,30.764,0.000,0.000,0.0000
1277.590,-67.155,37.318,0.318,0.009,29.075,30.764,0.000,0.000,0.0000
1277.600,-67.155,37.318,0.318,0.007,29.075,30.764,0.000,0.000,0.0000
1277.610,-67.155,37.318,0.318,0.005,29.075,30.764,0.000,0.000,0.0000
1277.620,-67.155,37.318,0.318,0.004,29.075,30.764,0.000,0.000,0.0000
1277.630,-67.155,37.318,0.318,0.002,29.075,30.764,0.000,0.000,0.0000
1277.640,-67.155,37.318,0.318,0.001,29.075,30.764,0.000,0.000,0.0000
1277.650,-67.155,37.318,0.318,0.001,29.075,30.764,0.000,0.000,0.0000
1277.660,-67.155,37.318,0.318,0.002,29.075,30.764,0.000,0.000,0.0000
1277.670,-67.155,37.318,0.318,0.003,29.075,30.764,0.000,0.000,0.0000
1277.680,-67.155,37.318,0.318,0.004,29.075,30.764,0.000,0.000,0.0000
1277.690,-67.155,37.318,0.318,0.005,29.075,30.764,0.000,0.000,0.0000
1277.700,-67.155,37.318,0.318,0.006,29.075,30.764,0.000,0.000,0.0000
1277.710,-67.155,37.318,0.317,0.006,29.075,30.764,0.000,0.000,0.0000
1277.720,-67.155,37.318,0.317,0.007,29.075,30.764,0.000,0.000,0.0000
1277.730,-67.155,37.318,0.317,0.007,29.075,30.764,0.000,0.000,0.0000
1277.740,-67.155,37.318,0.317,0.007,29.075,30.764,0.000,0.000,0.0000
1277.750,-67.155,37.318,0.317,0.007,29.075,30.764,0.000,0.000,0.0000
1277.760,-67.155,37.318,0.317,0.007,29.075,30.764,0.000,0.000,0.0000
1277.770,-67.155,37.318,0.317,0.007,29.075,30.764,0.000,0.000,0.0000
1277.780,-67.155,37.318,0.317,0.007,29.075,30.764,0.000,0.000,0.0000
1277.790,-67.155,37.318,0.317,0.007,29.075,30.764,0.000,0.000,0.0000
1277.800,-67.155,37.318,0.317,0.006,29.075,30.764,0.000,0.000,0.0000
1277.810,-67.155,37.318,0.317,0.006,29.075,30.764,0.000,0.000,0.0000
1277.820,-67.155,37.318,0.317,0.005,29.075,30.764,0.000,0.000,0.0000
1277.830,-67.155,37.318,0.317,0.005,29.075,30.764,0.000,0.000,0.0000
1277.840,-67.155,37.318,0.317,0.004,29.075,30.764,0.000,0.000,0.0000
1277.850,-67.155,37.318,0.317,0.004,29.075,30.764,0.000,0.000,0.0000
1277.860,-67.155,37.318,0.317,0.003,29.075,30.764,0.000,0.000,0.0000
1277.870,-67.155,37.318,0.317,0.002,29.075,30.764,0.000,0.000,0.0000
1277.880,-67.155,37.318,0.317,0.002,29.075,30.764,0.000,0.000,0.0000
1277.890,-67.155,37.318,0.317,0.001,29.075,30.764,0.000,0.000,0.0000
1277.900,-67.155,37.318,0.317,0.001,29.075,30.764,0.000,0.000,0.0000
1277.910,-67.155,37.318,0.317,0.000,29.075,30.764,0.000,0.000,0.0000
1277.920,-67.155,37.318,0.317,0.001,29.075,30.764,0.000,0.000,0.0000
1277.930,-67.155,37.318,0.317,0.001,29.075,30.764,0.000,0.000,0.0000
1277.940,-67.155,37.318,0.317,0.001,29.075,30.764,0.000,0.000,0.0000
1277.950,-67.155,37.318,0.317,0.002,29.075,30.764,0.000,0.000,0.0000
1277.960,-67.155,37.318,0.317,0.002,29.075,30.764,0.000,0.000,0.0000
1277.970,-67.155,37.318,0.317,0.002,29.075,30.764,0.000,0.000,0.0000
1277.980,-67.155,37.318,0.317,0.002,29.075,30.764,0.000,0.000,0.0000
1277.990,-67.155,37.318,0.317,0.003,29.075,30.764,0.000,0.000,0.0000
1278.000,-67.155,37.318,0.317,0.003,29.075,30.764,0.000,0.000,0.0000
1278.010,-67.155,37.318,0.317,0.003,29.075,30.764,0.000,0.000,0.0000
1278.020,-67.155,37.318,0.317,0.003,29.075,30.764,0.000,0.000,0.0000
1278.030,-67.155,37.318,0.317,0.003,29.075,30.764,0.000,0.000,0.0000
1278.040,-67.155,37.318,0.317,0.003,29.075,30.764,0.000,0.000,0.0000
1278.050,-67.155,37.318,0.317,0.003,29.075,30.764,0.000,0.000,0.0000
1278.060,-67.155,37.318,0.317,0.002,29.075,30.764,0.000,0.000,0.0000
1278.070,-67.155,37.318,0.317,0.002,29.075,30.764,0.000,0.000,0.0000
1278.080,-67.155,37.318,0.317,0.002,29.075,30.764,0.000,0.000,0.0000
1278.090,-67.155,37.318,0.317,0.002,29.075,30.764,0.000,0.000,0.0000
1278.100,-67.155,37.318,0.317,0.002,29.075,30.764,0.000,0.000,0.0000
1278.110,-67.155,37.318,0.317,0.001,29.075,30.764,0.000,0.000,0.0000
1278.120,-67.155,37.318,0.317,0.001,29.075,30.764,0.000,0.000,0.0000
1278.130,-67.155,37.318,0.317,0.001,29.075,30.764,0.000,0.000,0.0000
1278.140,-67.155,37.318,0.317,0.001,29.075,30.764,0.000,0.000,0.0000
1278.150,-67.155,37.318,0.317,0.000,29.075,30.764,0.000,0.000,0.0000
1278.160,-67.155,37.318,0.317,0.000,29.075,30.764,0.000,0.000,0.0000
1278.170,-67.155,37.318,0.317,0.000,29.075,30.764,0.000,0.000,0.0000
1278.180,-67.155,37.318,0.317,0.000,29.075,30.764,0.000,0.000,0.0000
1278.190,-67.155,37.318,0.317,0.000,29.075,30.764,0.000,0.000,0.0000
1278.200,-67.155,37.318,0.317,0.000,29.075,30.764,0.000,0.000,0.0000
1278.210,-67.155,37.318,0.317,0.001,29.075,30.764,0.000,0.000,0.0000
1278.220,-67.155,37.318,0.317,0.001,29.075,30.764,0.000,0.000,0.0000
1278.230,-67.155,37.318,0.317,0.001,29.075,30.764,0.000,0.000,0.0000
1278.240,-67.155,37.318,0.317,0.001,29.075,30.764,0.000,0.000,0.0000
1278.250,-67.155,37.318,0.317,0.001,29.075,30.764,0.000,0.000,0.0000
1278.260,-67.155,37.318,0.317,0.001,29.075,30.764,0.000,0.000,0.0000
1278.270,-67.155,37.318,0.317,0.001,29.075,30.764,0.000,0.000,0.0000
1278.280,-67.155,37.318,0.317,0.001,29.075,30.764,0.000,0.000,0.0000
1278.290,-67.155,37.318,0.317,0.001,29.075,30.764,0.000,0.000,0.0000
1278.300,-67.155,37.318,0.317,0.001,29.075,30.764,0.000,0.000,0.0000
1278.310,-67.155,37.318,0.317,0.001,29.075,30.764,0.000,0.000,0.0000
1278.320,-67.155,37.318,0.317,0.001,29.075,30.764,0.000,0.000,0.0000
1278.330,-67.155,37.318,0.317,0.001,29.075,30.764,0.000,0.000,0.0000
1278.340,-67.155,37.318,0.317,0.001,29.075,30.764,0.000,0.000,0.0000
1278.350,-67.155,37.318,0.317,0.001,29.075,30.764,0.000,0.000,0.0000
1278.360,-67.155,37.318,0.317,0.001,29.075,30.764,0.000,0.000,0.0000
1278.370,-67.155,37.318,0.317,0.001,29.075,30.764,0.000,0.000,0.0000
1278.380,-67.155,37.318,0.317,0.000,29.075,30.764,0.000,0.000,0.0000
1278.390,-67.155,37.318,0.317,0.000,29.075,30.764,0.000,0.000,0.0000
1278.400,-67.155,37.318,0.317,0.000,29.075,30.764,0.000,0.000,0.0000
1278.410,-67.155,37.318,0.317,0.000,29.075,30.764,0.000,0.000,0.0000
1278.420,-67.155,37.318,0.317,0.000,29.075,30.764,0.000,0.000,0.0000
1278.430,-67.155,37.318,0.317,0.000,29.075,30.764,0.000,0.000,0.0000
1278.440,-67.155,37.318,0.317,0.000,29.075,30.764,0.000,0.000,0.0000
1278.450,-67.155,37.318,0.317,0.000,29.075,30.764,0.000,0.000,0.0000
1278.460,-67.155,37.318,0.317,0.000,29.075,30.764,0.000,0.000,0.0000
1278.470,-67.155,37.318,0.317,0.000,29.075,30.764,0.000,0.000,0.0000
1278.480,-67.155,37.318,0.317,0.000,29.075,30.764,0.000,0.000,0.0000
1278.490,-67.155,37.318,0.317,0.000,29.075,30.764,0.000,0.000,0.0000
1278.500,-67.155,37.318,0.317,0.000,29.075,30.764,0.000,0.000,0.0000
1278.510,-67.155,37.318,0.317,0.000,29.075,30.764,0.000,0.000,0.0000
1278.520,-67.155,37.318,0.317,0.000,29.075,30.764,0.000,0.000,0.0000
1278.530,-67.155,37.318,0.317,0.000,29.075,30.764,0.000,0.000,0.0000
1278.540,-67.155,37.318,0.317,0.000,29.075,30.764,0.000,0.000,0.0000
1278.550,-67.155,37.318,0.317,0.000,29.075,30.764,0.000,0.000,0.0000
1278.560,-67.155,37.318,0.317,0.000,29.075,30.764,0.000,0.000,0.0000
1278.570,-67.155,37.318,0.317,0.000,29.075,30.764,0.000,0.000,0.0000
1278.580,-67.155,37.318,0.317,0.000,29.075,30.764,0.000,0.000,0.0000
1278.590,-67.155,37.318,0.317,0.000,29.075,30.764,0.000,0.000,0.0000
1278.600,-67.155,37.318,0.317,0.000,29.075,30.764,0.000,0.000,0.0000
1278.610,-67.155,37.318,0.317,0.000,29.075,30.764,0.000,0.000,0.0000
1278.620,-67.155,37.318,0.317,0.000,29.075,30.764,0.000,0.000,0.0000
1278.630,-67.155,37.318,0.317,0.000,29.075,30.764,0.000,0.000,0.0000
1278.640,-67.155,37.318,0.317,0.000,29.075,30.764,0.000,0.000,0.0000
1278.650,-67.155,37.318,0.317,0.000,29.075,30.764,0.000,0.000,0.0000
1278.660,-67.155,37.318,0.317,0.000,29.075,30.764,0.000,0.000,0.0000
1278.670,-67.155,37.318,0.317,0.000,29.075,30.764,0.000,0.000,0.0000
1278.680,-67.155,37.318,0.317,0.000,29.075,30.764,0.000,0.000,0.0000
1278.690,-67.155,37.318,0.317,0.000,29.075,30.764,0.000,0.000,0.0000
1278.700,-67.155,37.318,0.317,0.000,29.075,30.764,0.000,0.000,0.0000
1278.710,-67.155,37.318,0.317,0.000,29.075,30.764,0.000,0.000,0.0000
1278.720,-67.155,37.318,0.317,0.000,29.075,30.764,0.000,0.000,0.0000
1278.730,-67.155,37.318,0.317,0.000,29.075,30.764,0.000,0.000,0.0000
1278.740,-67.155,37.318,0.317,0.000,29.075,30.764,0.000,0.000,0.0000
1278.750,-67.155,37.318,0.317,0.000,29.075,30.764,0.000,0.000,0.0000
1278.760,-67.155,37.318,0.317,0.000,29.075,30.764,0.000,0.000,0.0000
1278.770,-67.155,37.318,0.317,0.000,29.075,30.764,0.000,0.000,0.0000
1278.780,-67.155,37.318,0.317,0.000,29.075,30.764,0.000,0.000,0.0000
1278.790,-67.155,37.318,0.317,0.000,29.075,30.764,0.000,0.000,0.0000
1278.800,-67.155,37.318,0.317,0.000,29.075,30.764,0.000,0.000,0.0000
1278.810,-67.155,37.318,0.317,0.000,29.075,30.764,0.000,0.000,0.0000
1278.820,-67.155,37.318,0.317,0.000,29.075,30.764,0.000,0.000,0.0000
1278.830,-67.155,37.318,0.317,0.000,29.075,30.764,0.000,0.000,0.0000
1278.840,-67.155,37.318,0.317,0.000,29.075,30.764,0.000,0.000,0.0000
1278.850,-67.155,37.318,0.317,0.000,29.075,30.764,0.000,0.000,0.0000
1278.860,-67.155,37.318,0.317,0.000,29.075,30.764,0.000,0.000,0.0000
1278.870,-67.155,37.318,0.317,0.000,29.075,30.764,0.000,0.000,0.0000
1278.880,-67.155,37.318,0.317,0.000,29.075,30.764,0.000,0.000,0.0000
1278.890,-67.155,37.318,0.317,0.000,29.075,30.764,0.000,0.000,0.0000
1278.900,-67.155,37.318,0.317,0.000,29.075,30.764,0.000,0.000,0.0000
1278.910,-67.155,37.318,0.317,0.000,29.075,30.764,0.000,0.000,0.0000
1278.920,-67.155,37.318,0.317,0.000,29.075,30.764,0.000,0.000,0.0000
1278.930,-67.155,37.318,0.317,0.000,29.075,30.764,0.000,0.000,0.0000
1278.940,-67.155,37.318,0.317,0.000,29.075,30.764,0.000,0.000,0.0000
1278.950,-67.155,37.318,0.317,0.000,29.075,30.764,0.000,0.000,0.0000
1278.960,-67.155,37.318,0.317,0.000,29.075,30.764,0.000,0.000,0.0000
1278.970,-67.155,37.318,0.317,0.000,29.075,30.764,0.000,0.000,0.0000
1278.980,-67.155,37.318,0.317,0.000,29.075,30.764,0.000,0.000,0.0000
1278.990,-67.155,37.318,0.317,0.000,29.075,30.764,0.000,0.000,0.0000
1279.000,-67.155,37.318,0.317,0.000,29.075,30.764,0.000,0.000,0.0000
1279.010,-67.155,37.318,0.317,0.000,29.075,30.764,0.000,0.000,0.0000
1279.020,-67.155,37.318,0.317,0.000,29.075,30.764,0.000,0.000,0.0000
1279.030,-67.155,37.318,0.317,0.000,29.075,30.764,0.000,0.000,0.0000
1279.040,-67.155,37.318,0.317,0.000,29.075,30.764,0.000,0.000,0.0000
1279.050,-67.155,37.318,0.317,0.000,29.075,30.764,0.000,0.000,0.0000
1279.060,-67.155,37.318,0.317,0.000,29.075,30.764,0.000,0.000,0.0000
1279.070,-67.155,37.318,0.317,0.000,29.075,30.764,0.000,0.000,0.0000
1279.080,-67.155,37.318,0.317,0.000,29.075,30.764,0.000,0.000,0.0000
1279.090,-67.155,37.318,0.317,0.000,29.075,30.764,0.000,0.000,0.0000
1279.100,-67.155,37.318,0.317,0.000,29.075,30.764,0.000,0.000,0.0000
1279.110,-67.155,37.318,0.317,0.000,29.075,30.764,0.000,0.000,0.0000
1279.120,-67.155,37.318,0.317,0.000,29.075,30.764,0.000,0.000,0.0000
1279.130,-67.155,37.318,0.317,0.000,29.075,30.764,0.000,0.000,0.0000
1279.140,-67.155,37.318,0.317,0.000,29.075,30.764,0.000,0.000,0.0000
1279.150,-67.155,37.318,0.317,0.000,29.075,30.764,0.000,0.000,0.0000
1279.160,-67.155,37.318,0.317,0.000,29.075,30.764,0.000,0.000,0.0000
1279.170,-67.155,37.318,0.317,0.000,29.075,30.764,0.000,0.000,0.0000
1279.180,-67.155,37.318,0.317,0.000,29.075,30.764,0.000,0.000,0.0000
1279.190,-67.155,37.318,0.317,0.000,29.075,30.764,0.000,0.000,0.0000
1279.200,-67.155,37.318,0.317,0.000,29.075,30.764,0.000,0.000,0.0000
1279.210,-67.155,37.318,0.317,0.000,29.075,30.764,0.000,0.000,0.0000
1279.220,-67.155,37.318,0.317,0.000,29.075,30.764,0.000,0.000,0.0000
1279.230,-67.155,37.318,0.317,0.000,29.075,30.764,0.000,0.000,0.0000
1279.240,-67.155,37.318,0.317,0.000,29.075,30.764,0.000,0.000,0.0000
1279.250,-67.155,37.318,0.317,0.000,29.075,30.764,0.000,0.000,0.0000
1279.260,-67.155,37.318,0.317,0.000,29.075,30.764,0.000,0.000,0.0000
1279.270,-67.155,37.318,0.317,0.000,29.075,30.764,0.000,0.000,0.0000
1279.280,-67.155,37.318,0.317,0.000,29.075,30.764,0.000,0.000,0.0000
1279.290,-67.155,37.318,0.317,0.000,29.075,30.764,0.000,0.000,0.0000
1279.300,-67.155,37.318,0.317,0.000,29.075,30.764,0.000,0.000,0.0000
1279.310,-67.155,37.318,0.317,0.000,29.075,30.764,0.000,0.000,0.0000
1279.320,-67.155,37.318,0.317,0.000,29.075,30.764,0.000,0.000,0.0000
1279.330,-67.155,37.318,0.317,0.000,29.075,30.764,0.000,0.000,0.0000
1279.340,-67.155,37.318,0.317,0.000,29.075,30.764,0.000,0.000,0.0000
1279.350,-67.155,37.318,0.317,0.000,29.075,30.764,0.000,0.000,0.0000
1279.360,-67.155,37.318,0.317,0.000,29.075,30.764,0.000,0.000,0.0000
1279.370,-67.155,37.318,0.317,0.000,29.075,30.764,0.000,0.000,0.0000
1279.380,-67.155,37.318,0.317,0.000,29.075,30.764,0.000,0.000,0.0000
1279.390,-67.155,37.318,0.317,0.000,29.075,30.764,0.000,0.000,0.0000
1279.400,-67.155,37.318,0.317,0.000,29.075,30.764,0.000,0.000,0.0000
1279.410,-67.155,37.318,0.317,0.000,29.075,30.764,0.000,0.000,0.0000
1279.420,-67.155,37.318,0.317,0.000,29.075,30.764,0.000,0.000,0.0000
1279.430,-67.155,37.318,0.317,0.000,29.075,30.764,0.000,0.000,0.0000
1279.440,-67.155,37.318,0.317,0.000,29.075,30.764,0.000,0.000,0.0000
1279.450,-67.155,37.318,0.317,0.000,29.075,30.764,0.000,0.000,0.0000
1279.460,-67.155,37.318,0.317,0.000,29.075,30.764,0.000,0.000,0.0000
1279.470,-67.155,37.318,0.317,0.000,29.075,30.764,0.000,0.000,0.0000
1279.480,-67.155,37.318,0.317,0.000,29.075,30.764,0.000,0.000,0.0000
1279.490,-67.155,37.318,0.317,0.000,29.075,30.764,0.000,0.000,0.0000
1279.500,-67.155,37.318,0.317,0.000,29.075,30.764,0.000,0.000,0.0000
1279.510,-67.155,37.318,0.317,0.000,29.075,30.764,0.000,0.000,0.0000
1279.520,-67.155,37.318,0.317,0.000,29.075,30.764,0.000,0.000,0.0000
1279.530,-67.155,37.318,0.317,0.000,29.075,30.764,0.040,0.000,0.0000
1279.540,-67.155,37.318,0.317,0.014,29.075,30.764,0.080,0.000,0.0000
1279.550,-67.154,37.318,0.317,0.039,29.076,30.764,0.120,0.000,0.0000
1279.560,-67.154,37.318,0.317,0.072,29.076,30.765,0.160,0.000,0.0000
1279.570,-67.153,37.318,0.316,0.109,29.077,30.766,0.200,0.000,0.0000
1279.580,-67.151,37.319,0.316,0.149,29.079,30.768,0.240,0.000,0.0000
1279.590,-67.149,37.319,0.316,0.190,29.081,30.770,0.280,0.000,0.0000
1279.600,-67.147,37.319,0.315,0.230,29.083,30.772,0.320,0.000,0.0000
1279.610,-67.144,37.320,0.315,0.270,29.086,30.775,0.360,0.000,0.0000
1279.620,-67.141,37.320,0.314,0.310,29.089,30.778,0.400,0.000,0.0000
1279.630,-67.138,37.321,0.314,0.349,29.092,30.781,0.440,0.000,0.0000
1279.640,-67.134,37.322,0.313,0.388,29.096,30.785,0.480,0.000,0.0000
1279.650,-67.130,37.322,0.313,0.426,29.100,30.789,0.520,0.000,0.0000
1279.660,-67.125,37.323,0.312,0.465,29.105,30.793,0.560,0.000,0.0000
1279.670,-67.120,37.324,0.312,0.504,29.110,30.798,0.600,0.000,0.0000
1279.680,-67.115,37.325,0.311,0.543,29.115,30.804,0.640,0.000,0.0000
1279.690,-67.109,37.326,0.311,0.583,29.121,30.809,0.680,0.000,0.0000
1279.700,-67.103,37.327,0.310,0.622,29.127,30.815,0.720,0.000,0.0000
1279.710,-67.096,37.329,0.310,0.662,29.134,30.821,0.760,0.000,0.0000
1279.720,-67.089,37.330,0.309,0.702,29.141,30.828,0.800,0.000,0.0000
1279.730,-67.082,37.331,0.309,0.742,29.148,30.835,0.840,0.000,0.0000
1279.740,-67.074,37.333,0.309,0.782,29.156,30.843,0.880,0.000,0.0000
1279.750,-67.066,37.334,0.309,0.822,29.164,30.850,0.920,0.000,0.0000
1279.760,-67.057,37.336,0.308,0.862,29.173,30.859,0.960,0.000,0.0000
1279.770,-67.048,37.337,0.308,0.902,29.182,30.867,1.000,0.000,0.0080
1279.780,-67.039,37.339,0.308,0.942,29.191,30.876,1.000,0.000,0.0160
1279.790,-67.029,37.341,0.308,0.982,29.201,30.885,1.000,0.000,0.0240
1279.800,-67.019,37.343,0.308,1.021,29.211,30.895,1.000,0.000,0.0320
1279.810,-67.008,37.344,0.308,1.059,29.222,30.905,1.000,0.000,0.0400
1279.820,-66.997,37.346,0.308,1.097,29.233,30.915,1.000,0.000,0.0480
1279.830,-66.986,37.348,0.308,1.135,29.244,30.926,1.000,0.000,0.0560
1279.840,-66.974,37.350,0.308,1.173,29.256,30.937,1.000,0.000,0.0640
1279.850,-66.962,37.352,0.309,1.211,29.268,30.948,1.000,0.000,0.0720
1279.860,-66.949,37.355,0.309,1.251,29.281,30.960,1.000,0.000,0.0800
1279.870,-66.937,37.357,0.309,1.290,29.293,30.972,1.000,0.000,0.0880
1279.880,-66.923,37.359,0.309,1.330,29.307,30.984,1.000,0.000,0.0960
1279.890,-66.910,37.361,0.309,1.370,29.320,30.997,1.000,0.000,0.1040
1279.900,-66.895,37.364,0.309,1.410,29.335,31.010,1.000,0.000,0.1120
1279.910,-66.881,37.366,0.310,1.450,29.349,31.024,1.000,0.000,0.1200
1279.920,-66.866,37.369,0.310,1.490,29.364,31.037,1.000,0.000,0.1280
1279.930,-66.851,37.372,0.310,1.530,29.379,31.052,1.000,0.000,0.1360
1279.940,-66.835,37.374,0.310,1.570,29.395,31.066,1.000,0.000,0.1440
1279.950,-66.819,37.377,0.310,1.610,29.411,31.081,1.000,0.000,0.1520
1279.960,-66.802,37.380,0.311,1.649,29.428,31.097,1.000,0.000,0.1600
1279.970,-66.786,37.383,0.311,1.689,29.444,31.113,1.000,0.000,0.1680
1279.980,-66.768,37.386,0.311,1.729,29.462,31.129,1.000,0.000,0.1760
1279.990,-66.751,37.389,0.311,1.769,29.479,31.145,1.000,0.000,0.1840
1280.000,-66.733,37.392,0.311,1.808,29.497,31.162,1.000,0.000,0.1920
1280.010,-66.714,37.395,0.311,1.848,29.516,31.180,1.000,0.000,0.2000
1280.020,-66.695,37.398,0.311,1.888,29.535,31.197,1.000,0.000,0.2080
1280.030,-66.676,37.401,0.311,1.927,29.554,31.216,1.000,0.000,0.2160
1280.040,-66.656,37.404,0.311,1.966,29.574,31.234,1.000,0.000,0.2240
1280.050,-66.636,37.407,0.311,2.004,29.594,31.253,1.000,0.000,0.2320
1280.060,-66.616,37.411,0.311,2.040,29.614,31.272,1.000,0.000,0.2400
1280.070,-66.595,37.414,0.311,2.075,29.635,31.291,1.000,0.000,0.2480
1280.080,-66.574,37.417,0.311,2.110,29.656,31.311,1.000,0.000,0.2560
1280.090,-66.553,37.421,0.311,2.143,29.677,31.331,1.000,0.000,0.2640
1280.100,-66.531,37.424,0.311,2.170,29.699,31.352,1.000,0.000,0.2720
1280.110,-66.509,37.428,0.311,2.191,29.721,31.372,1.000,0.000,0.2800
1280.120,-66.487,37.431,0.312,2.206,29.743,31.393,1.000,0.000,0.2880
1280.130,-66.465,37.435,0.312,2.223,29.765,31.414,1.000,0.000,0.2960
1280.140,-66.442,37.438,0.312,2.245,29.788,31.435,1.000,0.000,0.3040
1280.150,-66.419,37.442,0.312,2.270,29.811,31.456,1.000,0.000,0.3120
1280.160,-66.397,37.445,0.312,2.297,29.834,31.478,1.000,0.000,0.3200
1280.170,-66.373,37.449,0.312,2.324,29.857,31.500,1.000,0.000,0.3280
1280.180,-66.350,37.452,0.312,2.350,29.880,31.522,1.000,0.000,0.3360
1280.190,-66.326,37.456,0.312,2.377,29.904,31.544,1.000,0.000,0.3440
1280.200,-66.302,37.459,0.313,2.405,29.928,31.567,1.000,0.000,0.3520
1280.210,-66.278,37.463,0.313,2.437,29.952,31.590,1.000,0.000,0.3600
1280.220,-66.253,37.466,0.313,2.469,29.977,31.613,1.000,0.000,0.3680
1280.230,-66.228,37.470,0.313,2.503,30.002,31.636,1.000,0.000,0.3760
1280.240,-66.202,37.473,0.313,2.538,30.028,31.660,1.000,0.000,0.3840
1280.250,-66.177,37.477,0.313,2.579,30.053,31.684,1.000,0.000,0.3920
1280.260,-66.150,37.481,0.313,2.625,30.080,31.709,1.000,0.000,0.4000
1280.270,-66.124,37.484,0.312,2.670,30.106,31.734,0.940,0.000,0.4080
1280.280,-66.097,37.488,0.312,2.715,30.133,31.760,0.880,0.000,0.4160
1280.290,-66.069,37.491,0.312,2.760,30.161,31.786,0.820,0.000,0.4240
1280.300,-66.041,37.495,0.312,2.800,30.189,31.812,0.760,0.000,0.4320
1280.310,-66.013,37.498,0.312,2.837,30.217,31.839,0.700,0.000,0.4400
1280.320,-65.984,37.502,0.312,2.870,30.246,31.866,0.640,0.000,0.4480
1280.330,-65.955,37.505,0.311,2.902,30.275,31.894,0.580,0.000,0.4560
1280.340,-65.926,37.509,0.311,2.932,30.304,31.921,0.520,0.000,0.4640
1280.350,-65.896,37.512,0.311,2.961,30.334,31.949,0.460,0.000,0.4720
1280.360,-65.866,37.515,0.311,2.991,30.364,31.978,0.400,0.000,0.4800
1280.370,-65.836,37.518,0.311,3.022,30.394,32.006,0.340,0.000,0.4880
1280.380,-65.805,37.521,0.311,3.051,30.425,32.035,0.280,0.000,0.4960
1280.390,-65.775,37.524,0.311,3.069,30.455,32.064,0.220,0.000,0.5000
1280.400,-65.744,37.527,0.311,3.069,30.486,32.093,0.160,0.000,0.5000
1280.410,-65.713,37.529,0.311,3.054,30.517,32.121,0.100,0.000,0.5000
1280.420,-65.683,37.531,0.312,3.030,30.547,32.150,0.040,0.000,0.5000
1280.430,-65.654,37.534,0.313,2.962,30.576,32.177,0.000,0.000,0.5000
1280.440,-65.624,37.536,0.315,2.919,30.606,32.204,0.000,0.000,0.5000
1280.450,-65.596,37.539,0.317,2.877,30.634,32.231,0.000,0.000,0.5000
1280.460,-65.567,37.541,0.319,2.848,30.663,32.257,0.000,0.000,0.5000
1280.470,-65.540,37.542,0.322,2.786,30.690,32.282,0.000,0.000,0.5000
1280.480,-65.512,37.544,0.326,2.765,30.718,32.306,0.000,0.000,0.4700
1280.490,-65.485,37.545,0.330,2.751,30.745,32.330,0.000,0.000,0.4400
1280.500,-65.458,37.546,0.335,2.730,30.772,32.354,0.000,0.000,0.4100
1280.510,-65.431,37.547,0.339,2.715,30.799,32.378,0.000,0.000,0.3800
1280.520,-65.405,37.548,0.344,2.682,30.825,32.402,0.000,0.000,0.3500
1280.530,-65.379,37.548,0.349,2.635,30.851,32.424,0.000,0.000,0.3200
1280.540,-65.354,37.548,0.354,2.577,30.876,32.447,0.000,0.000,0.2900
1280.550,-65.329,37.549,0.358,2.518,30.901,32.469,0.000,0.000,0.2600
1280.560,-65.305,37.549,0.362,2.464,30.925,32.490,0.000,0.000,0.2300
1280.570,-65.281,37.549,0.366,2.417,30.949,32.512,0.000,0.000,0.2000
1280.580,-65.257,37.549,0.370,2.377,30.973,32.533,0.000,0.000,0.1700
1280.590,-65.234,37.549,0.373,2.341,30.996,32.553,0.000,0.000,0.1400
1280.600,-65.211,37.549,0.376,2.304,31.019,32.574,0.000,0.000,0.1100
1280.610,-65.189,37.549,0.379,2.264,31.041,32.595,0.000,0.000,0.0800
1280.620,-65.167,37.548,0.381,2.223,31.063,32.615,0.000,0.000,0.0500
1280.630,-65.145,37.548,0.382,2.180,31.085,32.635,0.000,0.000,0.0200
1280.640,-65.124,37.548,0.383,2.137,31.107,32.655,0.000,0.000,0.0000
1280.650,-65.103,37.547,0.384,2.098,31.128,32.674,0.000,0.000,0.0000
1280.660,-65.082,37.547,0.385,2.068,31.148,32.693,0.000,0.000,0.0000
1280.670,-65.061,37.547,0.385,2.047,31.169,32.713,0.000,0.000,0.0000
1280.680,-65.041,37.546,0.384,2.030,31.189,32.732,0.000,0.000,0.0000
1280.690,-65.021,37.546,0.384,2.015,31.209,32.751,0.000,0.000,0.0000
1280.700,-65.001,37.546,0.383,2.001,31.229,32.771,0.000,0.000,0.0000
1280.710,-64.981,37.546,0.381,1.985,31.249,32.790,0.000,0.000,0.0000
1280.720,-64.962,37.545,0.380,1.969,31.269,32.809,0.000,0.000,0.0000
1280.730,-64.942,37.545,0.378,1.950,31.288,32.828,0.000,0.000,0.0000
1280.740,-64.923,37.545,0.376,1.928,31.307,32.847,0.000,0.000,0.0000
1280.750,-64.904,37.545,0.375,1.903,31.326,32.865,0.000,0.000,0.0000
1280.760,-64.885,37.545,0.373,1.874,31.345,32.883,0.000,0.000,0.0000
1280.770,-64.867,37.545,0.371,1.843,31.363,32.901,0.000,0.000,0.0000
1280.780,-64.849,37.545,0.369,1.811,31.381,32.919,0.040,0.000,0.0000
1280.790,-64.831,37.544,0.367,1.778,31.399,32.936,0.080,0.000,0.0000
1280.800,-64.814,37.544,0.365,1.744,31.416,32.953,0.120,0.000,0.0000
1280.810,-64.797,37.544,0.363,1.709,31.433,32.970,0.160,0.000,0.0000
1280.820,-64.780,37.544,0.362,1.698,31.450,32.986,0.200,0.000,0.0000
1280.830,-64.763,37.544,0.360,1.710,31.467,33.003,0.240,0.000,0.0000
1280.840,-64.746,37.544,0.359,1.739,31.484,33.020,0.280,0.000,0.0000
1280.850,-64.728,37.543,0.357,1.779,31.502,33.037,0.320,0.000,0.0000
1280.860,-64.710,37.543,0.355,1.824,31.520,33.055,0.360,0.000,0.0000
1280.870,-64.691,37.543,0.354,1.867,31.539,33.073,0.400,0.000,0.0000
1280.880,-64.672,37.543,0.352,1.909,31.558,33.092,0.440,0.000,0.0000
1280.890,-64.653,37.542,0.351,1.950,31.577,33.111,0.480,0.000,0.0000
1280.900,-64.633,37.542,0.350,1.991,31.597,33.130,0.520,0.000,0.0000
1280.910,-64.613,37.542,0.348,2.032,31.617,33.149,0.560,0.000,0.0000
1280.920,-64.592,37.541,0.347,2.072,31.638,33.169,0.600,0.000,0.0000
1280.930,-64.571,37.541,0.346,2.113,31.659,33.190,0.640,0.000,0.0000
1280.940,-64.549,37.541,0.345,2.154,31.681,33.210,0.680,0.000,0.0000
1280.950,-64.527,37.540,0.345,2.195,31.703,33.231,0.720,0.000,0.0000
1280.960,-64.505,37.540,0.344,2.236,31.725,33.253,0.760,0.000,0.0000
1280.970,-64.482,37.539,0.344,2.278,31.748,33.274,0.800,0.000,0.0000
1280.980,-64.459,37.539,0.343,2.319,31.771,33.296,0.840,0.000,0.0000
1280.990,-64.435,37.538,0.343,2.361,31.795,33.319,0.880,0.000,0.0000
1281.000,-64.411,37.538,0.343,2.403,31.819,33.342,0.920,0.000,0.0000
1281.010,-64.387,37.537,0.343,2.444,31.843,33.365,0.960,0.000,0.0000
1281.020,-64.362,37.537,0.343,2.486,31.868,33.388,1.000,0.000,0.0000
1281.030,-64.337,37.536,0.344,2.528,31.893,33.412,1.000,0.000,0.0000
1281.040,-64.311,37.536,0.344,2.569,31.919,33.436,1.000,0.000,0.0000
1281.050,-64.285,37.535,0.344,2.610,31.945,33.461,1.000,0.000,0.0000
1281.060,-64.259,37.535,0.345,2.652,31.971,33.486,1.000,0.000,0.0000
1281.070,-64.232,37.534,0.345,2.694,31.998,33.511,1.000,0.000,0.0000
1281.080,-64.204,37.534,0.346,2.736,32.026,33.537,1.000,0.000,0.0000
1281.090,-64.177,37.533,0.346,2.778,32.054,33.563,1.000,0.000,0.0000
1281.100,-64.148,37.533,0.347,2.819,32.082,33.590,1.000,0.000,0.0000
1281.110,-64.120,37.532,0.347,2.862,32.110,33.617,1.000,0.000,0.0000
1281.120,-64.091,37.532,0.348,2.905,32.139,33.644,1.000,0.000,0.0000
1281.130,-64.061,37.531,0.348,2.948,32.169,33.672,1.000,0.000,0.0000
1281.140,-64.031,37.530,0.349,2.991,32.199,33.700,1.000,0.000,0.0000
1281.150,-64.001,37.530,0.349,3.034,32.229,33.729,1.000,0.000,0.0000
1281.160,-63.970,37.529,0.350,3.078,32.260,33.758,1.000,0.000,0.0000
1281.170,-63.939,37.529,0.350,3.121,32.291,33.787,1.000,0.000,0.0000
1281.180,-63.907,37.528,0.351,3.162,32.323,33.817,1.000,0.000,0.0000
1281.190,-63.875,37.527,0.351,3.203,32.355,33.847,1.000,0.000,0.0000
1281.200,-63.843,37.527,0.351,3.243,32.387,33.878,1.000,0.000,0.0000
1281.210,-63.810,37.526,0.352,3.282,32.420,33.909,1.000,0.000,0.0000
1281.220,-63.777,37.526,0.352,3.321,32.453,33.941,1.000,0.000,0.0000
1281.230,-63.743,37.525,0.352,3.360,32.487,33.973,1.000,0.000,0.0000
1281.240,-63.709,37.524,0.352,3.398,32.521,34.005,1.000,0.000,0.0000
1281.250,-63.675,37.524,0.352,3.436,32.555,34.037,1.000,0.000,0.0000
1281.260,-63.640,37.523,0.352,3.473,32.590,34.070,1.000,0.000,0.0000
1281.270,-63.605,37.522,0.352,3.503,32.625,34.104,1.000,0.000,0.0000
1281.280,-63.570,37.522,0.352,3.535,32.660,34.137,1.000,0.000,0.0000
1281.290,-63.534,37.521,0.352,3.570,32.696,34.171,1.000,0.000,0.0000
1281.300,-63.498,37.520,0.352,3.608,32.732,34.205,1.000,0.000,0.0000
1281.310,-63.462,37.520,0.352,3.647,32.768,34.240,1.000,0.000,0.0000
1281.320,-63.425,37.519,0.352,3.686,32.805,34.275,1.000,0.000,0.0000
1281.330,-63.387,37.518,0.352,3.727,32.843,34.311,1.000,0.000,0.0000
1281.340,-63.350,37.518,0.352,3.766,32.880,34.346,1.000,0.000,0.0000
1281.350,-63.312,37.517,0.352,3.806,32.918,34.383,1.000,0.000,0.0000
1281.360,-63.273,37.516,0.352,3.845,32.957,34.419,1.000,0.000,0.0000
1281.370,-63.234,37.515,0.352,3.884,32.996,34.456,1.000,0.000,0.0000
1281.380,-63.195,37.515,0.351,3.923,33.035,34.494,1.000,0.000,0.0000
1281.390,-63.156,37.514,0.351,3.961,33.074,34.531,1.000,0.000,0.0000
1281.400,-63.116,37.513,0.351,3.999,33.114,34.569,1.000,0.000,0.0000
1281.410,-63.075,37.512,0.351,4.037,33.155,34.608,1.000,0.000,0.0000
1281.420,-63.034,37.511,0.351,4.077,33.196,34.647,1.000,0.000,0.0000
1281.430,-62.993,37.511,0.351,4.119,33.237,34.686,1.000,0.000,0.0000
1281.440,-62.952,37.510,0.350,4.163,33.278,34.726,1.000,0.000,0.0000
1281.450,-62.910,37.509,0.350,4.208,33.320,34.766,1.000,0.000,0.0000
1281.460,-62.867,37.508,0.350,4.255,33.363,34.806,1.000,0.000,0.0000
1281.470,-62.824,37.507,0.350,4.301,33.406,34.847,1.000,0.000,0.0000
1281.480,-62.781,37.506,0.350,4.346,33.450,34.889,1.000,0.000,0.0000
1281.490,-62.737,37.506,0.350,4.389,33.493,34.930,1.000,0.000,0.0000
1281.500,-62.692,37.505,0.349,4.431,33.538,34.973,1.000,0.000,0.0000
1281.510,-62.648,37.504,0.349,4.472,33.582,35.015,1.000,0.000,0.0000
1281.520,-62.603,37.503,0.349,4.512,33.628,35.058,1.000,0.000,0.0000
1281.530,-62.557,37.502,0.349,4.551,33.673,35.102,1.000,0.000,0.0000
1281.540,-62.511,37.501,0.349,4.587,33.719,35.145,1.000,0.000,0.0000
1281.550,-62.465,37.500,0.349,4.617,33.765,35.189,1.000,0.000,0.0000
1281.560,-62.418,37.499,0.349,4.650,33.812,35.234,1.000,0.000,0.0000
1281.570,-62.372,37.498,0.349,4.685,33.858,35.278,1.000,0.000,0.0000
1281.580,-62.324,37.497,0.349,4.724,33.906,35.323,1.000,0.000,0.0000
1281.590,-62.277,37.496,0.349,4.764,33.953,35.369,1.000,0.000,0.0000
1281.600,-62.229,37.495,0.349,4.805,34.001,35.415,1.000,0.000,0.0000
1281.610,-62.180,37.493,0.350,4.845,34.050,35.461,1.000,0.000,0.0000
1281.620,-62.131,37.492,0.350,4.886,34.099,35.507,1.000,0.000,0.0000
1281.630,-62.082,37.491,0.350,4.926,34.148,35.554,1.000,0.000,0.0000
1281.640,-62.032,37.490,0.350,4.965,34.198,35.602,1.000,0.000,0.0000
1281.650,-61.982,37.489,0.350,5.002,34.248,35.649,1.000,0.000,0.0000
1281.660,-61.932,37.487,0.350,5.038,34.298,35.697,1.000,0.000,0.0000
1281.670,-61.881,37.486,0.350,5.076,34.349,35.746,1.000,0.000,0.0000
1281.680,-61.830,37.485,0.350,5.116,34.400,35.795,1.000,0.000,0.0000
1281.690,-61.779,37.484,0.350,5.160,34.451,35.844,1.000,0.000,0.0000
1281.700,-61.727,37.483,0.350,5.205,34.504,35.893,1.000,0.000,0.0000
1281.710,-61.674,37.481,0.350,5.254,34.556,35.944,1.000,0.000,0.0000
1281.720,-61.621,37.480,0.350,5.301,34.609,35.994,1.000,0.000,0.0000
1281.730,-61.567,37.479,0.350,5.346,34.663,36.045,1.000,0.000,0.0000
1281.740,-61.514,37.477,0.350,5.389,34.716,36.097,1.000,0.000,0.0000
1281.750,-61.459,37.476,0.350,5.431,34.771,36.149,1.000,0.000,0.0000
1281.760,-61.405,37.475,0.350,5.470,34.825,36.201,1.000,0.000,0.0000
1281.770,-61.350,37.474,0.350,5.506,34.881,36.254,1.000,0.000,0.0000
1281.780,-61.294,37.472,0.350,5.536,34.936,36.307,1.000,0.000,0.0000
1281.790,-61.239,37.471,0.350,5.567,34.992,36.360,1.000,0.000,0.0000
1281.800,-61.182,37.470,0.350,5.602,35.048,36.413,1.000,0.000,0.0000
1281.810,-61.126,37.468,0.350,5.640,35.104,36.467,1.000,0.000,0.0000
1281.820,-61.069,37.467,0.350,5.680,35.161,36.522,1.000,0.000,0.0000
1281.830,-61.012,37.466,0.350,5.721,35.218,36.576,1.000,0.000,0.0000
1281.840,-60.954,37.465,0.350,5.761,35.276,36.631,1.000,0.000,0.0000
1281.850,-60.896,37.463,0.350,5.801,35.334,36.687,1.000,0.000,0.0000
1281.860,-60.838,37.462,0.350,5.840,35.392,36.743,1.000,0.000,0.0000
1281.870,-60.779,37.461,0.350,5.876,35.451,36.799,1.000,0.000,0.0000
1281.880,-60.720,37.459,0.350,5.914,35.510,36.856,1.000,0.000,0.0000
1281.890,-60.661,37.458,0.350,5.956,35.569,36.913,1.000,0.000,0.0000
1281.900,-60.601,37.457,0.350,6.001,35.629,36.970,1.000,0.000,0.0000
1281.910,-60.540,37.456,0.350,6.049,35.690,37.028,1.000,0.000,0.0000
1281.920,-60.479,37.454,0.350,6.096,35.751,37.086,1.000,0.000,0.0000
1281.930,-60.418,37.453,0.350,6.144,35.812,37.145,1.000,0.000,0.0000
1281.940,-60.356,37.452,0.350,6.148,35.874,37.204,1.000,0.000,0.0000
1281.950,-60.295,37.450,0.350,6.144,35.935,37.263,1.000,0.000,0.0000
1281.960,-60.233,37.449,0.351,6.139,35.997,37.322,1.000,0.000,0.0000
1281.970,-60.172,37.447,0.351,6.134,36.058,37.381,1.000,0.000,0.0000
1281.980,-60.111,37.446,0.351,6.130,36.119,37.439,1.000,0.000,0.0000
1281.990,-60.049,37.445,0.352,6.125,36.181,37.498,1.000,0.000,0.0000
1282.000,-59.987,37.443,0.352,6.242,36.243,37.558,1.000,0.000,0.0000
1282.010,-59.925,37.442,0.352,6.245,36.305,37.617,1.000,0.000,0.0000
1282.020,-59.861,37.440,0.352,6.358,36.369,37.678,1.000,0.000,0.0000
1282.030,-59.796,37.438,0.352,6.463,36.434,37.740,1.000,0.000,0.0000
1282.040,-59.731,37.437,0.351,6.550,36.499,37.803,1.000,0.000,0.0000
1282.050,-59.665,37.435,0.351,6.619,36.565,37.867,1.000,0.000,0.0000
1282.060,-59.598,37.434,0.350,6.672,36.632,37.931,1.000,0.000,0.0000
1282.070,-59.531,37.432,0.350,6.711,36.699,37.996,1.000,0.000,0.0000
1282.080,-59.463,37.430,0.350,6.747,36.767,38.061,1.000,0.000,0.0000
1282.090,-59.396,37.428,0.349,6.782,36.834,38.126,1.000,0.000,0.0000
1282.100,-59.327,37.427,0.349,6.819,36.903,38.191,1.000,0.000,0.0000
1282.110,-59.259,37.425,0.349,6.857,36.971,38.257,1.000,0.000,0.0000
1282.120,-59.190,37.423,0.349,6.896,37.040,38.324,1.000,0.000,0.0000
1282.130,-59.121,37.421,0.349,6.935,37.110,38.390,1.000,0.000,0.0000
1282.140,-59.051,37.419,0.348,6.973,37.179,38.457,1.000,0.000,0.0000
1282.150,-58.981,37.417,0.348,7.003,37.249,38.524,1.000,0.000,0.0000
1282.160,-58.910,37.415,0.348,7.036,37.320,38.592,1.000,0.000,0.0000
1282.170,-58.840,37.414,0.348,7.071,37.390,38.660,1.000,0.000,0.0000
1282.180,-58.769,37.412,0.349,7.109,37.461,38.728,1.000,0.000,0.0000
1282.190,-58.697,37.410,0.349,7.149,37.533,38.797,1.000,0.000,0.0000
1282.200,-58.625,37.408,0.349,7.188,37.605,38.866,1.000,0.000,0.0000
1282.210,-58.553,37.406,0.349,7.228,37.677,38.936,1.000,0.000,0.0000
1282.220,-58.480,37.405,0.349,7.267,37.750,39.006,1.000,0.000,0.0000
1282.230,-58.407,37.403,0.349,7.297,37.823,39.076,1.000,0.000,0.0000
1282.240,-58.334,37.401,0.349,7.332,37.896,39.146,1.000,0.000,0.0000
1282.250,-58.260,37.399,0.349,7.372,37.970,39.217,1.000,0.000,0.0000
1282.260,-58.186,37.398,0.350,7.415,38.044,39.288,1.000,0.000,0.0000
1282.270,-58.112,37.396,0.350,7.460,38.119,39.360,1.000,0.000,0.0000
1282.280,-58.036,37.394,0.350,7.506,38.194,39.432,1.000,0.000,0.0000
1282.290,-57.961,37.393,0.350,7.552,38.269,39.505,1.000,0.000,0.0000
1282.300,-57.885,37.391,0.350,7.596,38.345,39.578,1.000,0.000,0.0000
1282.310,-57.809,37.389,0.350,7.638,38.421,39.652,1.000,0.000,0.0000
1282.320,-57.732,37.387,0.350,7.674,38.498,39.726,1.000,0.000,0.0000
1282.330,-57.655,37.385,0.350,7.711,38.575,39.800,1.000,0.000,0.0000
1282.340,-57.577,37.383,0.350,7.751,38.653,39.875,1.000,0.000,0.0000
1282.350,-57.499,37.382,0.350,7.792,38.731,39.950,1.000,0.000,0.0000
1282.360,-57.421,37.380,0.350,7.832,38.809,40.025,1.000,0.000,0.0000
1282.370,-57.342,37.378,0.350,7.874,38.888,40.101,1.000,0.000,0.0000
1282.380,-57.263,37.376,0.349,7.914,38.967,40.178,1.000,0.000,0.0000
1282.390,-57.184,37.374,0.347,7.943,39.046,40.255,1.000,0.000,0.0000
1282.400,-57.104,37.373,0.343,7.977,39.126,40.333,1.000,0.000,0.0000
1282.410,-57.024,37.372,0.340,8.008,39.206,40.411,1.000,0.000,0.0000
1282.420,-56.944,37.370,0.335,8.043,39.286,40.489,1.000,0.000,0.0000
1282.430,-56.863,37.368,0.331,8.082,39.367,40.568,1.000,0.000,0.0000
1282.440,-56.782,37.365,0.327,8.128,39.448,40.648,1.000,0.000,0.0000
1282.450,-56.700,37.363,0.323,8.170,39.530,40.727,1.000,0.000,0.0000
1282.460,-56.618,37.361,0.319,8.212,39.612,40.808,1.000,0.000,0.0000
1282.470,-56.536,37.358,0.315,8.248,39.694,40.888,1.000,0.000,0.0000
1282.480,-56.453,37.356,0.311,8.286,39.777,40.969,1.000,0.000,0.0000
1282.490,-56.370,37.354,0.308,8.326,39.860,41.050,1.000,0.000,0.0000
1282.500,-56.286,37.351,0.305,8.368,39.944,41.132,1.000,0.000,0.0000
1282.510,-56.202,37.349,0.302,8.409,40.028,41.214,1.000,0.000,0.0000
1282.520,-56.118,37.347,0.300,8.450,40.112,41.296,1.000,0.000,0.0000
1282.530,-56.033,37.345,0.298,8.490,40.197,41.378,1.000,0.000,0.0000
1282.540,-55.948,37.342,0.296,8.526,40.282,41.461,1.000,0.000,0.0000
1282.550,-55.862,37.340,0.295,8.567,40.368,41.544,1.000,0.000,0.0000
1282.560,-55.776,37.338,0.294,8.612,40.454,41.628,1.000,0.000,0.0000
1282.570,-55.689,37.336,0.293,8.659,40.541,41.712,1.000,0.000,0.0000
1282.580,-55.602,37.333,0.292,8.707,40.628,41.796,1.000,0.000,0.0000
1282.590,-55.515,37.331,0.292,8.753,40.715,41.880,1.000,0.000,0.0000
1282.600,-55.427,37.329,0.293,8.798,40.803,41.965,1.000,0.000,0.0000
1282.610,-55.338,37.327,0.293,8.836,40.892,42.051,1.000,0.000,0.0000
1282.620,-55.250,37.324,0.294,8.876,40.980,42.136,1.000,0.000,0.0000
1282.630,-55.160,37.322,0.295,8.918,41.070,42.222,1.000,0.000,0.0000
1282.640,-55.071,37.319,0.296,8.960,41.159,42.309,1.000,0.000,0.0000
1282.650,-54.981,37.317,0.297,9.002,41.249,42.396,1.000,0.000,0.0000
1282.660,-54.890,37.315,0.298,9.042,41.340,42.483,1.000,0.000,0.0000
1282.670,-54.800,37.312,0.299,9.074,41.430,42.570,1.000,0.000,0.0000
1282.680,-54.709,37.310,0.301,9.113,41.521,42.658,1.000,0.000,0.0000
1282.690,-54.617,37.307,0.302,9.156,41.613,42.746,1.000,0.000,0.0000
1282.700,-54.525,37.304,0.304,9.201,41.705,42.835,1.000,0.000,0.0000
1282.710,-54.433,37.302,0.305,9.247,41.797,42.924,1.000,0.000,0.0000
1282.720,-54.340,37.299,0.307,9.292,41.890,43.014,1.000,0.000,0.0000
1282.730,-54.246,37.296,0.308,9.334,41.984,43.104,1.000,0.000,0.0000
1282.740,-54.153,37.293,0.309,9.370,42.077,43.194,1.000,0.000,0.0000
1282.750,-54.059,37.291,0.311,9.407,42.171,43.285,1.000,0.000,0.0000
1282.760,-53.964,37.288,0.312,9.446,42.266,43.376,1.000,0.000,0.0000
1282.770,-53.869,37.285,0.313,9.486,42.361,43.468,1.000,0.000,0.0000
1282.780,-53.774,37.282,0.314,9.524,42.456,43.560,1.000,0.000,0.0000
1282.790,-53.678,37.280,0.314,9.561,42.552,43.653,1.000,0.000,0.0000
1282.800,-53.582,37.277,0.315,9.592,42.648,43.746,1.000,0.000,0.0000
1282.810,-53.486,37.274,0.316,9.628,42.744,43.839,1.000,0.000,0.0000
1282.820,-53.389,37.272,0.316,9.668,42.841,43.932,1.000,0.000,0.0000
1282.830,-53.292,37.269,0.316,9.712,42.938,44.027,1.000,0.000,0.0000
1282.840,-53.195,37.266,0.316,9.756,43.035,44.121,1.000,0.000,0.0000
1282.850,-53.097,37.263,0.316,9.798,43.133,44.216,1.000,0.000,0.0000
1282.860,-52.999,37.261,0.316,9.833,43.232,44.312,1.000,0.000,0.0000
1282.870,-52.900,37.258,0.316,9.852,43.330,44.407,1.000,0.000,0.0000
1282.880,-52.801,37.255,0.316,9.895,43.429,44.503,1.000,0.000,0.0000
1282.890,-52.702,37.252,0.316,9.939,43.528,44.600,1.000,0.000,0.0000
1282.900,-52.602,37.250,0.315,9.983,43.628,44.697,1.000,0.000,0.0000
1282.910,-52.502,37.247,0.315,10.023,43.728,44.794,1.000,0.000,0.0000
1282.920,-52.401,37.244,0.315,10.055,43.829,44.892,1.000,0.000,0.0000
1282.930,-52.300,37.241,0.314,10.093,43.930,44.990,1.000,0.000,0.0000
1282.940,-52.199,37.238,0.314,10.135,44.031,45.089,1.000,0.000,0.0000
1282.950,-52.097,37.235,0.313,10.180,44.133,45.188,1.000,0.000,0.0000
1282.960,-51.995,37.232,0.313,10.225,44.235,45.287,1.000,0.000,0.0000
1282.970,-51.892,37.229,0.312,10.268,44.338,45.387,1.000,0.000,0.0000
1282.980,-51.789,37.226,0.312,10.304,44.441,45.488,1.000,0.000,0.0000
1282.990,-51.686,37.223,0.311,10.343,44.544,45.588,1.000,0.000,0.0000
1283.000,-51.582,37.220,0.311,10.383,44.648,45.689,1.000,0.000,0.0000
1283.010,-51.478,37.217,0.310,10.424,44.752,45.791,1.000,0.000,0.0000
1283.020,-51.373,37.213,0.310,10.463,44.857,45.892,1.000,0.000,0.0000
1283.030,-51.268,37.210,0.309,10.500,44.962,45.995,1.000,0.000,0.0000
1283.040,-51.163,37.207,0.309,10.533,45.067,46.097,1.000,0.000,0.0000
1283.050,-51.057,37.204,0.309,10.572,45.173,46.200,1.000,0.000,0.0000
1283.060,-50.951,37.201,0.309,10.616,45.279,46.303,1.000,0.000,0.0000
1283.070,-50.844,37.198,0.308,10.661,45.386,46.407,1.000,0.000,0.0000
1283.080,-50.737,37.195,0.308,10.705,45.493,46.511,1.000,0.000,0.0000
1283.090,-50.630,37.192,0.308,10.742,45.600,46.616,1.000,0.000,0.0000
1283.100,-50.522,37.189,0.308,10.762,45.708,46.721,1.000,0.000,0.0000
1283.110,-50.414,37.186,0.308,10.808,45.816,46.826,1.000,0.000,0.0000
1283.120,-50.305,37.182,0.308,10.855,45.925,46.932,1.000,0.000,0.0000
1283.130,-50.196,37.179,0.308,10.900,46.034,47.038,1.000,0.000,0.0000
1283.140,-50.087,37.176,0.308,10.941,46.143,47.144,1.000,0.000,0.0000
1283.150,-49.977,37.173,0.308,10.975,46.253,47.251,1.000,0.000,0.0000
1283.160,-49.867,37.170,0.308,11.014,46.363,47.358,1.000,0.000,0.0000
1283.170,-49.756,37.167,0.309,11.058,46.474,47.466,1.000,0.000,0.0000
1283.180,-49.645,37.163,0.309,11.098,46.585,47.574,1.000,0.000,0.0000
1283.190,-49.534,37.160,0.309,11.132,46.696,47.683,1.000,0.000,0.0000
1283.200,-49.423,37.156,0.309,11.152,46.807,47.791,1.000,0.000,0.0000
1283.210,-49.311,37.153,0.309,11.166,46.919,47.900,1.000,0.000,0.0000
1283.220,-49.199,37.149,0.310,11.176,47.031,48.009,1.000,0.000,0.0000
1283.230,-49.087,37.146,0.310,11.182,47.143,48.118,1.000,0.000,0.0000
1283.240,-48.976,37.142,0.311,11.183,47.254,48.227,1.000,0.000,0.0000
1283.250,-48.864,37.139,0.311,11.179,47.366,48.336,1.000,0.000,0.0000
1283.260,-48.752,37.136,0.312,11.174,47.478,48.444,1.000,0.000,0.0000
1283.270,-48.640,37.132,0.313,11.173,47.590,48.553,1.000,0.000,0.0000
1283.280,-48.529,37.129,0.313,11.177,47.701,48.662,1.000,0.000,0.0000
1283.290,-48.417,37.126,0.314,11.181,47.813,48.771,1.000,0.000,0.0000
1283.300,-48.305,37.122,0.314,11.184,47.925,48.880,1.000,0.000,0.0000
1283.310,-48.193,37.119,0.315,11.183,48.037,48.989,1.000,0.000,0.0000
1283.320,-48.081,37.116,0.316,11.183,48.149,49.098,1.000,0.000,0.0000
1283.330,-47.969,37.112,0.316,11.184,48.261,49.207,1.000,0.000,0.0000
1283.340,-47.858,37.109,0.317,11.184,48.372,49.316,1.000,0.000,0.0000
1283.350,-47.746,37.106,0.317,11.181,48.484,49.425,1.000,0.000,0.0000
1283.360,-47.634,37.103,0.318,11.170,48.596,49.534,1.000,0.000,0.0000
1283.370,-47.522,37.099,0.318,11.165,48.708,49.643,1.000,0.000,0.0000
1283.380,-47.411,37.096,0.319,11.165,48.819,49.752,1.000,0.000,0.0000
1283.390,-47.299,37.092,0.319,11.169,48.931,49.861,1.000,0.000,0.0000
1283.400,-47.187,37.089,0.319,11.173,49.043,49.970,1.000,0.000,0.0000
1283.410,-47.076,37.086,0.320,11.169,49.154,50.079,1.000,0.000,0.0000
1283.420,-46.964,37.082,0.320,11.167,49.266,50.188,1.000,0.000,0.0000
1283.430,-46.852,37.079,0.320,11.168,49.378,50.297,1.000,0.000,0.0000
1283.440,-46.741,37.075,0.320,11.170,49.489,50.406,1.000,0.000,0.0000
1283.450,-46.629,37.072,0.320,11.170,49.601,50.516,1.000,0.000,0.0000
1283.460,-46.517,37.069,0.320,11.166,49.713,50.625,1.000,0.000,0.0000
1283.470,-46.406,37.065,0.320,11.157,49.824,50.734,1.000,0.000,0.0000
1283.480,-46.294,37.062,0.320,11.154,49.936,50.843,1.000,0.000,0.0000
1283.490,-46.183,37.059,0.320,11.157,50.047,50.952,1.000,0.000,0.0000
1283.500,-46.071,37.055,0.319,11.161,50.159,51.061,1.000,0.000,0.0000
1283.510,-45.959,37.052,0.319,11.164,50.271,51.170,1.000,0.000,0.0000
1283.520,-45.848,37.049,0.319,11.161,50.382,51.280,1.000,0.000,0.0000
1283.530,-45.736,37.046,0.319,11.161,50.494,51.389,1.000,0.000,0.0000
1283.540,-45.624,37.042,0.318,11.163,50.606,51.498,1.000,0.000,0.0000
1283.550,-45.513,37.039,0.318,11.164,50.717,51.607,1.000,0.000,0.0000
1283.560,-45.401,37.036,0.318,11.163,50.829,51.717,1.000,0.000,0.0000
1283.570,-45.290,37.033,0.318,11.159,50.940,51.826,1.000,0.000,0.0000
1283.580,-45.178,37.029,0.318,11.153,51.052,51.935,1.000,0.000,0.0000
1283.590,-45.067,37.026,0.317,11.153,51.163,52.044,1.000,0.000,0.0000
1283.600,-44.955,37.023,0.317,11.156,51.275,52.153,1.000,0.000,0.0000
1283.610,-44.843,37.019,0.317,11.161,51.387,52.263,1.000,0.000,0.0000
1283.620,-44.732,37.016,0.317,11.165,51.498,52.372,1.000,0.000,0.0000
1283.630,-44.620,37.013,0.316,11.164,51.610,52.481,1.000,0.000,0.0000
1283.640,-44.508,37.009,0.316,11.164,51.722,52.591,1.000,0.000,0.0000
1283.650,-44.397,37.006,0.316,11.166,51.833,52.700,1.000,0.000,0.0000
1283.660,-44.285,37.002,0.316,11.167,51.945,52.809,1.000,0.000,0.0000
1283.670,-44.173,36.999,0.316,11.165,52.057,52.919,1.000,0.000,0.0000
1283.680,-44.062,36.996,0.316,11.155,52.168,53.028,1.000,0.000,0.0000
1283.690,-43.950,36.993,0.316,11.152,52.280,53.137,1.000,0.000,0.0000
1283.700,-43.839,36.989,0.316,11.154,52.391,53.247,1.000,0.000,0.0000
1283.710,-43.727,36.986,0.316,11.159,52.503,53.356,1.000,0.000,0.0000
1283.720,-43.616,36.983,0.316,11.164,52.614,53.465,1.000,0.000,0.0000
1283.730,-43.504,36.980,0.316,11.162,52.726,53.575,1.000,0.000,0.0000
1283.740,-43.392,36.977,0.316,11.162,52.838,53.684,1.000,0.000,0.0000
1283.750,-43.281,36.973,0.316,11.164,52.949,53.793,1.000,0.000,0.0000
1283.760,-43.169,36.970,0.316,11.167,53.061,53.903,1.000,0.000,0.0000
1283.770,-43.057,36.967,0.316,11.167,53.173,54.012,1.000,0.000,0.0000
1283.780,-42.946,36.964,0.316,11.165,53.284,54.122,1.000,0.000,0.0000
1283.790,-42.834,36.960,0.316,11.157,53.396,54.231,1.000,0.000,0.0000
1283.800,-42.723,36.957,0.316,11.155,53.507,54.340,1.000,0.000,0.0000
1283.810,-42.611,36.954,0.316,11.158,53.619,54.450,1.000,0.000,0.0000
1283.820,-42.499,36.951,0.317,11.163,53.731,54.559,1.000,0.000,0.0000
1283.830,-42.388,36.947,0.317,11.167,53.842,54.669,1.000,0.000,0.0000
1283.840,-42.276,36.944,0.317,11.165,53.954,54.778,1.000,0.000,0.0000
1283.850,-42.164,36.940,0.317,11.165,54.066,54.888,1.000,0.000,0.0000
1283.860,-42.053,36.937,0.317,11.167,54.177,54.997,1.000,0.000,0.0000
1283.870,-41.941,36.934,0.317,11.168,54.289,55.107,1.000,0.000,0.0000
1283.880,-41.829,36.931,0.317,11.167,54.401,55.216,1.000,0.000,0.0000
1283.890,-41.718,36.927,0.317,11.155,54.512,55.326,1.000,0.000,0.0000
1283.900,-41.606,36.924,0.317,11.156,54.624,55.435,1.000,0.000,0.0000
1283.910,-41.495,36.921,0.317,11.158,54.735,55.545,1.000,0.000,0.0000
1283.920,-41.383,36.918,0.317,11.162,54.847,55.654,1.000,0.000,0.0000
1283.930,-41.271,36.915,0.317,11.166,54.959,55.764,1.000,0.000,0.0000
1283.940,-41.160,36.911,0.317,11.169,55.070,55.873,1.000,0.000,0.0000
1283.950,-41.048,36.908,0.317,11.167,55.182,55.983,1.000,0.000,0.0000
1283.960,-40.936,36.905,0.317,11.167,55.294,56.093,1.000,0.000,0.0000
1283.970,-40.825,36.902,0.317,11.168,55.405,56.202,1.000,0.000,0.0000
1283.980,-40.713,36.899,0.317,11.168,55.517,56.312,1.000,0.000,0.0000
1283.990,-40.601,36.896,0.317,11.165,55.629,56.421,1.000,0.000,0.0000
1284.000,-40.490,36.892,0.317,11.155,55.740,56.531,1.000,0.000,0.0000
1284.010,-40.378,36.889,0.317,11.151,55.852,56.641,1.000,0.000,0.0000
1284.020,-40.267,36.886,0.317,11.153,55.963,56.750,1.000,0.000,0.0000
1284.030,-40.155,36.883,0.317,11.157,56.075,56.860,1.000,0.000,0.0000
1284.040,-40.044,36.879,0.317,11.162,56.186,56.969,1.000,0.000,0.0000
1284.050,-39.932,36.876,0.317,11.159,56.298,57.079,1.000,0.000,0.0000
1284.060,-39.820,36.873,0.317,11.159,56.410,57.188,1.000,0.000,0.0000
1284.070,-39.709,36.869,0.317,11.161,56.521,57.298,1.000,0.000,0.0000
1284.080,-39.597,36.866,0.317,11.163,56.633,57.408,1.000,0.000,0.0000
1284.090,-39.486,36.863,0.317,11.163,56.744,57.518,1.000,0.000,0.0000
1284.100,-39.374,36.860,0.317,11.160,56.856,57.627,1.000,0.000,0.0000
1284.110,-39.262,36.857,0.317,11.153,56.968,57.737,1.000,0.000,0.0000
1284.120,-39.151,36.853,0.317,11.152,57.079,57.846,1.000,0.000,0.0000
1284.130,-39.039,36.850,0.317,11.155,57.191,57.956,1.000,0.000,0.0000
1284.140,-38.928,36.847,0.317,11.159,57.302,58.066,1.000,0.000,0.0000
1284.150,-38.816,36.844,0.317,11.163,57.414,58.175,1.000,0.000,0.0000
1284.160,-38.705,36.841,0.317,11.162,57.525,58.285,1.000,0.000,0.0000
1284.170,-38.593,36.838,0.317,11.162,57.637,58.395,1.000,0.000,0.0000
1284.180,-38.481,36.835,0.317,11.164,57.749,58.505,1.000,0.000,0.0000
1284.190,-38.370,36.831,0.317,11.165,57.860,58.614,1.000,0.000,0.0000
1284.200,-38.258,36.828,0.317,11.163,57.972,58.724,1.000,0.000,0.0000
1284.210,-38.146,36.825,0.317,11.152,58.084,58.834,1.000,0.000,0.0000
1284.220,-38.035,36.822,0.317,11.152,58.195,58.943,1.000,0.000,0.0000
1284.230,-37.923,36.819,0.317,11.154,58.307,59.053,1.000,0.000,0.0000
1284.240,-37.812,36.816,0.317,11.158,58.418,59.163,1.000,0.000,0.0000
1284.250,-37.700,36.812,0.317,11.163,58.530,59.273,1.000,0.000,0.0000
1284.260,-37.589,36.809,0.317,11.159,58.641,59.382,1.000,0.000,0.0000
1284.270,-37.477,36.806,0.317,11.158,58.753,59.492,1.000,0.000,0.0000
1284.280,-37.365,36.802,0.317,11.160,58.865,59.602,1.000,0.000,0.0000
1284.290,-37.254,36.799,0.317,11.162,58.976,59.712,1.000,0.000,0.0000
1284.300,-37.142,36.796,0.317,11.163,59.088,59.822,1.000,0.000,0.0000
1284.310,-37.031,36.793,0.317,11.162,59.199,59.932,1.000,0.000,0.0000
1284.320,-36.919,36.790,0.317,11.153,59.311,60.041,1.000,0.000,0.0000
1284.330,-36.808,36.787,0.317,11.150,59.422,60.151,1.000,0.000,0.0000
1284.340,-36.696,36.783,0.317,11.152,59.534,60.261,1.000,0.000,0.0000
1284.350,-36.584,36.780,0.317,11.157,59.646,60.370,1.000,0.000,0.0000
1284.360,-36.473,36.777,0.317,11.161,59.757,60.480,1.000,0.000,0.0000
1284.370,-36.361,36.774,0.317,11.159,59.869,60.590,1.000,0.000,0.0000
1284.380,-36.250,36.771,0.317,11.159,59.980,60.700,1.000,0.000,0.0000
1284.390,-36.138,36.768,0.317,11.161,60.092,60.810,1.000,0.000,0.0000
1284.400,-36.026,36.765,0.317,11.162,60.204,60.920,1.000,0.000,0.0000
1284.410,-35.915,36.762,0.317,11.162,60.315,61.030,1.000,0.000,0.0000
1284.420,-35.803,36.759,0.317,11.159,60.427,61.140,1.000,0.000,0.0000
1284.430,-35.692,36.756,0.317,11.152,60.538,61.249,1.000,0.000,0.0000
1284.440,-35.580,36.753,0.317,11.151,60.650,61.359,1.000,0.000,0.0000
1284.450,-35.469,36.749,0.317,11.153,60.761,61.469,1.000,0.000,0.0000
1284.460,-35.357,36.746,0.317,11.158,60.873,61.579,1.000,0.000,0.0000
1284.470,-35.245,36.743,0.317,11.162,60.985,61.689,1.000,0.000,0.0000
1284.480,-35.134,36.740,0.317,11.160,61.096,61.799,1.000,0.000,0.0000
1284.490,-35.022,36.736,0.317,11.161,61.208,61.909,1.000,0.000,0.0000
1284.500,-34.911,36.733,0.317,11.162,61.319,62.019,1.000,0.000,0.0000
1284.510,-34.799,36.730,0.317,11.163,61.431,62.129,1.000,0.000,0.0000
1284.520,-34.687,36.727,0.317,11.161,61.543,62.238,1.000,0.000,0.0000
1284.530,-34.576,36.724,0.317,11.151,61.654,62.348,1.000,0.000,0.0000
1284.540,-34.464,36.721,0.317,11.151,61.766,62.458,1.000,0.000,0.0000
1284.550,-34.353,36.718,0.317,11.153,61.877,62.568,1.000,0.000,0.0000
1284.560,-34.241,36.715,0.317,11.157,61.989,62.678,1.000,0.000,0.0000
1284.570,-34.130,36.711,0.317,11.162,62.100,62.788,1.000,0.000,0.0000
1284.580,-34.018,36.708,0.317,11.158,62.212,62.898,1.000,0.000,0.0000
1284.590,-33.906,36.705,0.317,11.157,62.324,63.008,1.000,0.000,0.0000
1284.600,-33.795,36.702,0.317,11.159,62.435,63.118,1.000,0.000,0.0000
1284.610,-33.683,36.699,0.317,11.161,62.547,63.228,1.000,0.000,0.0000
1284.620,-33.572,36.696,0.317,11.161,62.658,63.338,1.000,0.000,0.0000
1284.630,-33.460,36.693,0.317,11.159,62.770,63.448,1.000,0.000,0.0000
1284.640,-33.349,36.690,0.317,11.151,62.881,63.558,1.000,0.000,0.0000
1284.650,-33.237,36.687,0.317,11.148,62.993,63.668,1.000,0.000,0.0000
1284.660,-33.126,36.684,0.317,11.150,63.104,63.778,1.000,0.000,0.0000
1284.670,-33.014,36.681,0.317,11.154,63.216,63.888,1.000,0.000,0.0000
1284.680,-32.902,36.678,0.317,11.159,63.328,63.998,1.000,0.000,0.0000
1284.690,-32.791,36.674,0.317,11.157,63.439,64.108,1.000,0.000,0.0000
1284.700,-32.679,36.671,0.317,11.157,63.551,64.218,1.000,0.000,0.0000
1284.710,-32.568,36.668,0.317,11.159,63.662,64.328,1.000,0.000,0.0000
1284.720,-32.456,36.665,0.317,11.160,63.774,64.438,1.000,0.000,0.0000
1284.730,-32.345,36.662,0.317,11.160,63.885,64.548,1.000,0.000,0.0000
1284.740,-32.233,36.659,0.317,11.156,63.997,64.658,1.000,0.000,0.0000
1284.750,-32.121,36.656,0.317,11.150,64.109,64.768,1.000,0.000,0.0000
1284.760,-32.010,36.653,0.317,11.149,64.220,64.878,1.000,0.000,0.0000
1284.770,-31.898,36.650,0.317,11.152,64.332,64.988,1.000,0.000,0.0000
1284.780,-31.787,36.647,0.317,11.157,64.443,65.098,1.000,0.000,0.0000
1284.790,-31.675,36.644,0.317,11.160,64.555,65.208,1.000,0.000,0.0000
1284.800,-31.564,36.641,0.317,11.159,64.666,65.318,1.000,0.000,0.0000
1284.810,-31.452,36.638,0.317,11.159,64.778,65.428,1.000,0.000,0.0000
1284.820,-31.340,36.635,0.317,11.161,64.890,65.538,1.000,0.000,0.0000
1284.830,-31.229,36.632,0.317,11.161,65.001,65.648,1.000,0.000,0.0000
1284.840,-31.117,36.629,0.317,11.159,65.113,65.758,1.000,0.000,0.0000
1284.850,-31.006,36.626,0.317,11.149,65.224,65.868,1.000,0.000,0.0000
1284.860,-30.894,36.623,0.317,11.144,65.336,65.978,1.000,0.000,0.0000
1284.870,-30.783,36.620,0.317,11.146,65.447,66.088,1.000,0.000,0.0000
1284.880,-30.671,36.617,0.317,11.150,65.559,66.198,1.000,0.000,0.0000
1284.890,-30.560,36.613,0.317,11.156,65.670,66.308,1.000,0.000,0.0000
1284.900,-30.448,36.610,0.317,11.154,65.782,66.418,1.000,0.000,0.0000
1284.910,-30.337,36.607,0.317,11.154,65.893,66.529,1.000,0.000,0.0000
1284.920,-30.225,36.604,0.317,11.156,66.005,66.639,1.000,0.000,0.0000
1284.930,-30.114,36.601,0.317,11.158,66.116,66.749,1.000,0.000,0.0000
1284.940,-30.002,36.598,0.317,11.159,66.228,66.859,1.000,0.000,0.0000
1284.950,-29.890,36.595,0.317,11.157,66.340,66.969,1.000,0.000,0.0000
1284.960,-29.779,36.592,0.317,11.149,66.451,67.079,1.000,0.000,0.0000
1284.970,-29.668,36.589,0.317,11.146,66.562,67.189,1.000,0.000,0.0000
1284.980,-29.556,36.586,0.317,11.149,66.674,67.299,1.000,0.000,0.0000
1284.990,-29.444,36.583,0.317,11.154,66.786,67.409,1.000,0.000,0.0000
1285.000,-29.333,36.580,0.317,11.158,66.897,67.520,1.000,0.000,0.0000
1285.010,-29.221,36.577,0.317,11.156,67.009,67.630,1.000,0.000,0.0000
1285.020,-29.110,36.574,0.317,11.156,67.120,67.740,1.000,0.000,0.0000
1285.030,-28.998,36.571,0.317,11.158,67.232,67.850,1.000,0.000,0.0000
1285.040,-28.887,36.568,0.317,11.159,67.343,67.960,1.000,0.000,0.0000
1285.050,-28.775,36.565,0.317,11.159,67.455,68.070,1.000,0.000,0.0000
1285.060,-28.663,36.562,0.317,11.155,67.567,68.181,1.000,0.000,0.0000
1285.070,-28.552,36.559,0.317,11.149,67.678,68.291,1.000,0.000,0.0000
1285.080,-28.440,36.556,0.317,11.148,67.790,68.401,1.000,0.000,0.0000
1285.090,-28.329,36.553,0.317,11.151,67.901,68.511,1.000,0.000,0.0000
1285.100,-28.217,36.550,0.317,11.155,68.013,68.621,1.000,0.000,0.0000
1285.110,-28.106,36.547,0.317,11.159,68.124,68.731,1.000,0.000,0.0000
1285.120,-27.994,36.544,0.317,11.158,68.236,68.842,1.000,0.000,0.0000
1285.130,-27.883,36.540,0.317,11.158,68.347,68.952,1.000,0.000,0.0000
1285.140,-27.771,36.537,0.317,11.159,68.459,69.062,1.000,0.000,0.0000
1285.150,-27.659,36.534,0.317,11.159,68.571,69.172,1.000,0.000,0.0000
1285.160,-27.548,36.531,0.317,11.157,68.682,69.283,1.000,0.000,0.0000
1285.170,-27.436,36.528,0.317,11.147,68.794,69.393,1.000,0.000,0.0000
1285.180,-27.325,36.525,0.317,11.143,68.905,69.503,1.000,0.000,0.0000
1285.190,-27.214,36.523,0.317,11.145,69.016,69.613,1.000,0.000,0.0000
1285.200,-27.102,36.520,0.317,11.149,69.128,69.723,1.000,0.000,0.0000
1285.210,-26.991,36.517,0.317,11.155,69.239,69.833,1.000,0.000,0.0000
1285.220,-26.879,36.514,0.317,11.153,69.351,69.944,1.000,0.000,0.0000
1285.230,-26.767,36.511,0.317,11.153,69.463,70.054,1.000,0.000,0.0000
1285.240,-26.656,36.508,0.317,11.154,69.574,70.164,1.000,0.000,0.0000
1285.250,-26.544,36.505,0.317,11.156,69.686,70.274,1.000,0.000,0.0000
1285.260,-26.433,36.502,0.317,11.157,69.797,70.385,1.000,0.000,0.0000
1285.270,-26.321,36.499,0.317,11.155,69.909,70.495,1.000,0.000,0.0000
1285.280,-26.210,36.496,0.317,11.147,70.020,70.605,0.940,0.000,0.0000
1285.290,-26.098,36.493,0.317,11.133,70.132,70.715,0.880,0.000,0.0000
1285.300,-25.987,36.490,0.317,11.112,70.243,70.825,0.820,0.000,0.0000
1285.310,-25.876,36.487,0.317,11.087,70.354,70.934,0.760,0.000,0.0000
1285.320,-25.766,36.484,0.317,11.057,70.464,71.044,0.700,0.000,0.0000
1285.330,-25.656,36.481,0.318,11.017,70.574,71.153,0.640,0.000,0.0000
1285.340,-25.546,36.478,0.318,10.978,70.684,71.261,0.580,0.000,0.0000
1285.350,-25.437,36.475,0.319,10.939,70.793,71.369,0.520,0.000,0.0000
1285.360,-25.328,36.472,0.319,10.900,70.902,71.477,0.460,0.000,0.0000
1285.370,-25.219,36.469,0.320,10.860,71.011,71.584,0.400,0.000,0.0000
1285.380,-25.111,36.466,0.320,10.817,71.119,71.691,0.340,0.000,0.0000
