timestamp_sec,ego_x,ego_y,ego_z,ego_speed_mps,distance_to_intersection_m,distance_to_pedestrian_m,human_throttle,human_brake,human_steering_rad
53.630,-97.020,-52.451,0.317,0.000,0.790,10.744,0.000,0.000,0.0000
53.640,-97.020,-52.451,0.317,0.000,0.790,10.744,0.000,0.000,0.0000
53.650,-97.020,-52.451,0.317,0.000,0.790,10.744,0.000,0.000,0.0000
53.660,-97.020,-52.451,0.317,0.000,0.790,10.744,0.000,0.000,0.0000
53.670,-97.020,-52.451,0.317,0.000,0.790,10.744,0.000,0.000,0.0000
53.680,-97.020,-52.451,0.317,0.000,0.790,10.744,0.000,0.000,0.0000
53.690,-97.020,-52.451,0.317,0.000,0.790,10.744,0.000,0.000,0.0000
53.700,-97.020,-52.451,0.317,0.000,0.790,10.744,0.000,0.000,0.0000
53.710,-97.020,-52.451,0.317,0.000,0.790,10.744,0.000,0.000,0.0000
53.720,-97.020,-52.451,0.317,0.000,0.790,10.744,0.000,0.000,0.0000
53.730,-97.020,-52.451,0.317,0.000,0.790,10.744,0.000,0.000,0.0000
53.740,-97.020,-52.451,0.317,0.000,0.790,10.744,0.000,0.000,0.0000
53.750,-97.020,-52.451,0.317,0.000,0.790,10.744,0.000,0.000,0.0000
53.760,-97.020,-52.451,0.317,0.000,0.790,10.744,0.000,0.000,0.0000
53.770,-97.020,-52.451,0.317,0.000,0.790,10.744,0.000,0.000,0.0000
53.780,-97.020,-52.451,0.317,0.000,0.790,10.744,0.000,0.000,0.0000
53.790,-97.020,-52.451,0.317,0.000,0.790,10.744,0.000,0.000,0.0000
53.800,-97.020,-52.451,0.317,0.000,0.790,10.744,0.000,0.000,0.0000
53.810,-97.020,-52.451,0.317,0.000,0.790,10.744,0.000,0.000,0.0000
53.820,-97.020,-52.451,0.317,0.000,0.790,10.744,0.000,0.000,0.0000
53.830,-97.020,-52.451,0.317,0.000,0.790,10.744,0.000,0.000,0.0000
53.840,-97.020,-52.451,0.317,0.000,0.790,10.744,0.000,0.000,0.0000
53.850,-97.020,-52.451,0.317,0.000,0.790,10.744,0.000,0.000,0.0000
53.860,-97.020,-52.451,0.317,0.000,0.790,10.744,0.000,0.000,0.0000
53.870,-97.020,-52.451,0.317,0.000,0.790,10.744,0.000,0.000,0.0000
53.880,-97.020,-52.451,0.317,0.000,0.790,10.744,0.000,0.000,0.0000
53.890,-97.020,-52.451,0.317,0.000,0.790,10.744,0.000,0.000,0.0000
53.900,-97.020,-52.451,0.317,0.000,0.790,10.744,0.000,0.000,0.0000
53.910,-97.020,-52.451,0.317,0.000,0.790,10.744,0.000,0.000,0.0000
53.920,-97.020,-52.451,0.317,0.000,0.790,10.744,0.040,0.000,0.0000
53.930,-97.020,-52.451,0.317,0.004,0.790,10.744,0.080,0.000,0.0000
53.940,-97.020,-52.451,0.317,0.010,0.790,10.744,0.120,0.000,0.0000
53.950,-97.020,-52.450,0.317,0.018,0.790,10.744,0.160,0.000,0.0000
53.960,-97.020,-52.449,0.316,0.027,0.790,10.744,0.200,0.000,0.0000
53.970,-97.020,-52.447,0.316,0.035,0.790,10.745,0.240,0.000,0.0000
53.980,-97.020,-52.446,0.316,0.041,0.790,10.745,0.280,0.000,0.0000
53.990,-97.020,-52.443,0.315,0.047,0.790,10.745,0.320,0.000,0.0000
54.000,-97.020,-52.440,0.315,0.051,0.790,10.746,0.360,0.000,0.0000
54.010,-97.020,-52.437,0.314,0.054,0.790,10.746,0.400,0.000,0.0000
54.020,-97.020,-52.434,0.314,0.056,0.790,10.747,0.440,0.000,0.0000
54.030,-97.020,-52.430,0.313,0.056,0.790,10.748,0.480,0.000,0.0000
54.040,-97.020,-52.425,0.312,0.056,0.790,10.748,0.520,0.000,0.0000
54.050,-97.020,-52.421,0.312,0.055,0.790,10.749,0.560,0.000,0.0000
54.060,-97.020,-52.415,0.311,0.054,0.790,10.749,0.600,0.000,0.0000
54.070,-97.020,-52.410,0.311,0.051,0.790,10.750,0.640,0.000,0.0000
54.080,-97.020,-52.404,0.310,0.048,0.790,10.750,0.680,0.000,0.0000
54.090,-97.020,-52.397,0.310,0.045,0.790,10.751,0.720,0.000,0.0000
54.100,-97.020,-52.391,0.309,0.041,0.790,10.751,0.760,0.000,0.0000
54.110,-97.020,-52.384,0.309,0.037,0.790,10.751,0.800,0.000,0.0000
54.120,-97.020,-52.376,0.309,0.033,0.790,10.752,0.840,0.000,0.0000
54.130,-97.020,-52.368,0.308,0.028,0.790,10.752,0.880,0.000,0.0000
54.140,-97.020,-52.360,0.308,0.024,0.790,10.752,0.920,0.000,0.0000
54.150,-97.020,-52.351,0.308,0.019,0.790,10.752,0.960,0.000,0.0000
54.160,-97.020,-52.341,0.308,0.014,0.790,10.753,1.000,0.000,0.0000
54.170,-97.020,-52.332,0.308,0.010,0.790,10.753,1.000,0.000,0.0000
54.180,-97.020,-52.322,0.308,0.006,0.790,10.753,1.000,0.000,0.0000
54.190,-97.020,-52.311,0.308,0.002,0.790,10.753,1.000,0.000,0.0000
54.200,-97.020,-52.301,0.308,0.003,0.790,10.753,1.000,0.000,0.0000
54.210,-97.020,-52.289,0.308,0.006,0.790,10.753,1.000,0.000,0.0000
54.220,-97.020,-52.278,0.308,0.009,0.790,10.753,1.000,0.000,0.0000
54.230,-97.020,-52.266,0.308,0.012,0.790,10.752,1.000,0.000,0.0000
54.240,-97.020,-52.253,0.308,0.014,0.790,10.752,1.000,0.000,0.0000
54.250,-97.020,-52.240,0.308,0.016,0.790,10.752,1.000,0.000,0.0000
54.260,-97.020,-52.227,0.308,0.018,0.790,10.752,1.000,0.000,0.0000
54.270,-97.020,-52.213,0.309,0.019,0.790,10.752,1.000,0.000,0.0000
54.280,-97.020,-52.199,0.309,0.020,0.790,10.752,1.000,0.000,0.0000
54.290,-97.020,-52.185,0.309,0.021,0.790,10.751,1.000,0.000,0.0000
54.300,-97.020,-52.170,0.309,0.021,0.790,10.751,1.000,0.000,0.0000
54.310,-97.020,-52.155,0.310,0.021,0.790,10.751,1.000,0.000,0.0000
54.320,-97.020,-52.139,0.310,0.020,0.790,10.751,1.000,0.000,0.0000
54.330,-97.020,-52.123,0.310,0.020,0.790,10.751,1.000,0.000,0.0000
54.340,-97.020,-52.107,0.310,0.019,0.790,10.750,1.000,0.000,0.0000
54.350,-97.020,-52.090,0.310,0.018,0.790,10.750,1.000,0.000,0.0000
54.360,-97.020,-52.073,0.310,0.016,0.790,10.750,1.000,0.000,0.0000
54.370,-97.020,-52.055,0.311,0.015,0.790,10.750,1.000,0.000,0.0000
54.380,-97.020,-52.037,0.311,0.013,0.790,10.750,1.000,0.000,0.0000
54.390,-97.020,-52.019,0.311,0.012,0.790,10.750,1.000,0.000,0.0000
54.400,-97.020,-52.000,0.311,0.010,0.790,10.750,1.000,0.000,0.0000
54.410,-97.020,-51.981,0.311,0.008,0.790,10.749,1.000,0.000,0.0000
54.420,-97.020,-51.961,0.311,0.006,0.790,10.749,1.000,0.000,0.0000
54.430,-97.020,-51.941,0.311,0.005,0.790,10.749,1.000,0.000,0.0000
54.440,-97.020,-51.921,0.311,0.003,0.790,10.749,1.000,0.000,0.0000
54.450,-97.020,-51.900,0.311,0.002,0.790,10.749,1.000,0.000,0.0000
54.460,-97.020,-51.879,0.311,0.002,0.790,10.749,1.000,0.000,0.0000
54.470,-97.020,-51.857,0.311,0.002,0.790,10.749,1.000,0.000,0.0000
54.480,-97.020,-51.835,0.311,0.003,0.790,10.749,1.000,0.000,0.0000
54.490,-97.019,-51.813,0.311,0.004,0.790,10.749,1.000,0.000,0.0000
54.500,-97.019,-51.790,0.311,0.005,0.790,10.749,1.000,0.000,0.0000
54.510,-97.019,-51.767,0.311,0.006,0.790,10.749,1.000,0.000,0.0000
54.520,-97.019,-51.744,0.311,0.007,0.790,10.750,1.000,0.000,0.0000
54.530,-97.019,-51.720,0.311,0.007,0.790,10.750,1.000,0.000,0.0000
54.540,-97.019,-51.695,0.311,0.008,0.790,10.750,1.000,0.000,0.0000
54.550,-97.019,-51.671,0.311,0.008,0.790,10.750,1.000,0.000,0.0000
54.560,-97.019,-51.646,0.311,0.008,0.790,10.750,1.000,0.000,0.0000
54.570,-97.019,-51.620,0.311,0.008,0.790,10.750,1.000,0.000,0.0000
54.580,-97.019,-51.594,0.310,0.008,0.790,10.750,1.000,0.000,0.0000
54.590,-97.019,-51.568,0.310,0.008,0.790,10.750,1.000,0.000,0.0000
54.600,-97.019,-51.541,0.310,0.007,0.790,10.750,1.000,0.000,0.0000
54.610,-97.019,-51.514,0.310,0.007,0.790,10.750,1.000,0.000,0.0000
54.620,-97.019,-51.487,0.310,0.007,0.789,10.750,1.000,0.000,0.0000
54.630,-97.019,-51.459,0.310,0.006,0.789,10.750,1.000,0.000,0.0000
54.640,-97.019,-51.430,0.310,0.006,0.789,10.750,1.000,0.000,0.0000
54.650,-97.019,-51.402,0.310,0.005,0.789,10.750,1.000,0.000,0.0000
54.660,-97.019,-51.373,0.310,0.004,0.789,10.750,1.000,0.000,0.0000
54.670,-97.019,-51.343,0.310,0.004,0.789,10.750,1.000,0.000,0.0000
54.680,-97.019,-51.313,0.310,0.003,0.789,10.750,1.000,0.000,0.0000
54.690,-97.019,-51.283,0.310,0.003,0.789,10.751,1.000,0.000,0.0000
54.700,-97.019,-51.252,0.310,0.003,0.789,10.751,1.000,0.000,0.0000
54.710,-97.019,-51.221,0.310,0.003,0.789,10.751,1.000,0.000,0.0000
54.720,-97.019,-51.190,0.310,0.003,0.789,10.751,1.000,0.000,0.0000
54.730,-97.019,-51.158,0.310,0.003,0.789,10.751,1.000,0.000,0.0000
54.740,-97.019,-51.126,0.310,0.003,0.789,10.750,1.000,0.000,0.0000
54.750,-97.019,-51.093,0.310,0.003,0.789,10.750,1.000,0.000,0.0000
54.760,-97.019,-51.060,0.310,0.003,0.789,10.750,1.000,0.000,0.0000
54.770,-97.019,-51.027,0.310,0.003,0.789,10.750,1.000,0.000,0.0000
54.780,-97.019,-50.993,0.310,0.004,0.789,10.750,1.000,0.000,0.0000
54.790,-97.019,-50.958,0.310,0.004,0.789,10.750,1.000,0.000,0.0000
54.800,-97.019,-50.924,0.310,0.004,0.789,10.750,1.000,0.000,0.0000
54.810,-97.019,-50.889,0.310,0.004,0.789,10.750,1.000,0.000,0.0000
54.820,-97.019,-50.853,0.310,0.004,0.789,10.750,1.000,0.000,0.0000
54.830,-97.019,-50.817,0.310,0.004,0.789,10.750,1.000,0.000,0.0000
54.840,-97.019,-50.781,0.310,0.004,0.789,10.750,1.000,0.000,0.0000
54.850,-97.019,-50.745,0.310,0.004,0.789,10.750,1.000,0.000,0.0000
54.860,-97.019,-50.708,0.310,0.004,0.789,10.750,1.000,0.000,0.0000
54.870,-97.019,-50.670,0.310,0.004,0.789,10.750,1.000,0.000,0.0000
54.880,-97.019,-50.632,0.310,0.004,0.789,10.750,1.000,0.000,0.0000
54.890,-97.019,-50.594,0.310,0.004,0.789,10.750,1.000,0.000,0.0000
54.900,-97.018,-50.556,0.310,0.004,0.789,10.750,1.000,0.000,0.0000
54.910,-97.018,-50.516,0.310,0.004,0.789,10.750,1.000,0.000,0.0000
54.920,-97.018,-50.477,0.310,0.003,0.789,10.750,1.000,0.000,0.0000
54.930,-97.018,-50.437,0.310,0.003,0.789,10.750,1.000,0.000,0.0000
54.940,-97.018,-50.397,0.310,0.003,0.789,10.750,1.000,0.000,0.0000
54.950,-97.018,-50.356,0.310,0.003,0.789,10.750,1.000,0.000,0.0000
54.960,-97.018,-50.315,0.310,0.003,0.789,10.750,1.000,0.000,0.0000
54.970,-97.018,-50.274,0.310,0.003,0.789,10.750,1.000,0.000,0.0000
54.980,-97.018,-50.232,0.310,0.003,0.788,10.750,1.000,0.000,0.0000
54.990,-97.018,-50.190,0.310,0.003,0.788,10.750,1.000,0.000,0.0000
55.000,-97.018,-50.148,0.310,0.003,0.788,10.750,1.000,0.000,0.0000
55.010,-97.018,-50.105,0.310,0.003,0.788,10.750,1.000,0.000,0.0000
55.020,-97.018,-50.061,0.310,0.004,0.788,10.750,1.000,0.000,0.0000
55.030,-97.018,-50.017,0.310,0.004,0.788,10.750,1.000,0.000,0.0000
55.040,-97.018,-49.973,0.310,0.004,0.788,10.750,1.000,0.000,0.0000
55.050,-97.018,-49.929,0.310,0.004,0.788,10.750,1.000,0.000,0.0000
55.060,-97.018,-49.884,0.310,0.004,0.788,10.750,1.000,0.000,0.0000
55.070,-97.018,-49.838,0.310,0.004,0.788,10.750,1.000,0.000,0.0000
55.080,-97.018,-49.793,0.310,0.004,0.788,10.750,1.000,0.000,0.0000
55.090,-97.018,-49.747,0.310,0.004,0.788,10.750,1.000,0.000,0.0000
55.100,-97.018,-49.700,0.310,0.004,0.788,10.750,1.000,0.000,0.0000
55.110,-97.018,-49.653,0.310,0.004,0.788,10.750,1.000,0.000,0.0000
55.120,-97.018,-49.606,0.310,0.004,0.788,10.750,1.000,0.000,0.0000
55.130,-97.018,-49.558,0.310,0.004,0.788,10.750,1.000,0.000,0.0000
55.140,-97.018,-49.510,0.310,0.004,0.788,10.750,1.000,0.000,0.0000
55.150,-97.018,-49.461,0.310,0.004,0.788,10.750,1.000,0.000,0.0000
55.160,-97.018,-49.412,0.310,0.004,0.788,10.750,1.000,0.000,0.0000
55.170,-97.018,-49.363,0.310,0.004,0.788,10.750,1.000,0.000,0.0000
55.180,-97.017,-49.313,0.310,0.004,0.788,10.750,1.000,0.000,0.0000
55.190,-97.017,-49.263,0.310,0.004,0.788,10.750,1.000,0.000,0.0000
55.200,-97.017,-49.213,0.310,0.004,0.788,10.750,1.000,0.000,0.0000
55.210,-97.017,-49.162,0.310,0.004,0.788,10.750,1.000,0.000,0.0000
55.220,-97.017,-49.110,0.310,0.004,0.788,10.750,1.000,0.000,0.0000
55.230,-97.017,-49.059,0.310,0.004,0.788,10.750,1.000,0.000,0.0000
55.240,-97.017,-49.007,0.310,0.004,0.788,10.750,1.000,0.000,0.0000
55.250,-97.017,-48.954,0.310,0.004,0.787,10.750,1.000,0.000,0.0000
55.260,-97.017,-48.901,0.310,0.004,0.787,10.750,1.000,0.000,0.0000
55.270,-97.017,-48.848,0.310,0.004,0.787,10.750,1.000,0.000,0.0000
55.280,-97.017,-48.794,0.310,0.004,0.787,10.750,1.000,0.000,0.0000
55.290,-97.017,-48.740,0.310,0.004,0.787,10.750,1.000,0.000,0.0000
55.300,-97.017,-48.686,0.310,0.004,0.787,10.750,1.000,0.000,0.0000
55.310,-97.017,-48.631,0.310,0.004,0.787,10.750,1.000,0.000,0.0000
55.320,-97.017,-48.576,0.310,0.004,0.787,10.750,1.000,0.000,0.0000
55.330,-97.017,-48.520,0.310,0.004,0.787,10.750,1.000,0.000,0.0000
55.340,-97.017,-48.464,0.310,0.004,0.787,10.750,1.000,0.000,0.0000
55.350,-97.017,-48.407,0.310,0.005,0.787,10.750,1.000,0.000,0.0000
55.360,-97.017,-48.350,0.310,0.005,0.787,10.750,1.000,0.000,0.0000
55.370,-97.017,-48.293,0.310,0.005,0.787,10.750,1.000,0.000,0.0000
55.380,-97.017,-48.236,0.310,0.005,0.787,10.750,1.000,0.000,0.0000
55.390,-97.017,-48.178,0.310,0.005,0.787,10.750,1.000,0.000,0.0000
55.400,-97.017,-48.119,0.310,0.005,0.787,10.750,1.000,0.000,0.0000
55.410,-97.016,-48.060,0.310,0.005,0.787,10.750,1.000,0.000,0.0000
55.420,-97.016,-48.001,0.310,0.005,0.787,10.750,1.000,0.000,0.0000
55.430,-97.016,-47.941,0.310,0.005,0.787,10.750,1.000,0.000,0.0000
55.440,-97.016,-47.881,0.310,0.005,0.787,10.750,1.000,0.000,0.0000
55.450,-97.016,-47.821,0.310,0.005,0.787,10.750,1.000,0.000,0.0000
55.460,-97.016,-47.760,0.310,0.005,0.787,10.750,1.000,0.000,0.0000
55.470,-97.016,-47.699,0.310,0.005,0.786,10.750,1.000,0.000,0.0000
55.480,-97.016,-47.637,0.310,0.005,0.786,10.750,1.000,0.000,0.0000
55.490,-97.016,-47.575,0.310,0.005,0.786,10.750,1.000,0.000,0.0000
55.500,-97.016,-47.513,0.310,0.005,0.786,10.750,1.000,0.000,0.0000
55.510,-97.016,-47.450,0.310,0.005,0.786,10.750,1.000,0.000,0.0000
55.520,-97.016,-47.387,0.310,0.005,0.786,10.750,1.000,0.000,0.0000
55.530,-97.016,-47.323,0.310,0.005,0.786,10.750,1.000,0.000,0.0000
55.540,-97.016,-47.259,0.310,0.005,0.786,10.750,1.000,0.000,0.0000
55.550,-97.016,-47.195,0.310,0.005,0.786,10.750,1.000,0.000,0.0000
55.560,-97.016,-47.130,0.310,0.005,0.786,10.750,1.000,0.000,0.0000
55.570,-97.016,-47.065,0.310,0.005,0.786,10.750,1.000,0.000,0.0000
55.580,-97.016,-46.999,0.310,0.005,0.786,10.750,1.000,0.000,0.0000
55.590,-97.016,-46.933,0.310,0.005,0.786,10.750,1.000,0.000,0.0000
55.600,-97.016,-46.867,0.310,0.005,0.786,10.750,1.000,0.000,0.0000
55.610,-97.015,-46.800,0.310,0.005,0.786,10.750,1.000,0.000,0.0000
55.620,-97.015,-46.733,0.310,0.005,0.786,10.750,1.000,0.000,0.0000
55.630,-97.015,-46.665,0.310,0.005,0.786,10.750,1.000,0.000,0.0000
55.640,-97.015,-46.597,0.310,0.005,0.786,10.750,1.000,0.000,0.0000
55.650,-97.015,-46.529,0.310,0.005,0.786,10.750,1.000,0.000,0.0000
55.660,-97.015,-46.460,0.310,0.005,0.785,10.750,1.000,0.000,0.0000
55.670,-97.015,-46.391,0.310,0.006,0.785,10.750,1.000,0.000,0.0000
55.680,-97.015,-46.321,0.310,0.006,0.785,10.750,1.000,0.000,0.0000
55.690,-97.015,-46.251,0.310,0.006,0.785,10.750,1.000,0.000,0.0000
55.700,-97.015,-46.181,0.310,0.006,0.785,10.750,1.000,0.000,0.0000
55.710,-97.015,-46.110,0.310,0.006,0.785,10.750,1.000,0.000,0.0000
55.720,-97.015,-46.039,0.310,0.006,0.785,10.750,1.000,0.000,0.0000
55.730,-97.015,-45.968,0.310,0.006,0.785,10.750,1.000,0.000,0.0000
55.740,-97.015,-45.896,0.310,0.006,0.785,10.750,1.000,0.000,0.0000
55.750,-97.015,-45.823,0.310,0.006,0.785,10.750,1.000,0.000,0.0000
55.760,-97.015,-45.751,0.310,0.006,0.785,10.750,1.000,0.000,0.0000
55.770,-97.015,-45.678,0.310,0.006,0.785,10.750,1.000,0.000,0.0000
55.780,-97.015,-45.604,0.310,0.006,0.785,10.750,1.000,0.000,0.0000
55.790,-97.014,-45.530,0.310,0.006,0.785,10.750,1.000,0.000,0.0000
55.800,-97.014,-45.456,0.310,0.006,0.785,10.750,1.000,0.000,0.0000
55.810,-97.014,-45.381,0.310,0.006,0.785,10.750,1.000,0.000,0.0000
55.820,-97.014,-45.306,0.310,0.006,0.785,10.750,1.000,0.000,0.0000
55.830,-97.014,-45.230,0.310,0.006,0.784,10.750,1.000,0.000,0.0000
55.840,-97.014,-45.154,0.310,0.006,0.784,10.750,1.000,0.000,0.0000
55.850,-97.014,-45.078,0.310,0.006,0.784,10.750,1.000,0.000,0.0000
55.860,-97.014,-45.001,0.310,0.006,0.784,10.750,1.000,0.000,0.0000
55.870,-97.014,-44.924,0.310,0.006,0.784,10.750,1.000,0.000,0.0000
55.880,-97.014,-44.847,0.310,0.006,0.784,10.750,1.000,0.000,0.0000
55.890,-97.014,-44.769,0.310,0.006,0.784,10.750,1.000,0.000,0.0000
55.900,-97.014,-44.691,0.310,0.006,0.784,10.750,1.000,0.000,0.0000
55.910,-97.014,-44.612,0.310,0.006,0.784,10.750,1.000,0.000,0.0000
55.920,-97.014,-44.533,0.310,0.006,0.784,10.750,1.000,0.000,0.0000
55.930,-97.014,-44.453,0.310,0.006,0.784,10.750,1.000,0.000,0.0000
55.940,-97.014,-44.374,0.310,0.006,0.784,10.750,1.000,0.000,0.0000
55.950,-97.013,-44.293,0.310,0.006,0.784,10.750,1.000,0.000,0.0000
55.960,-97.013,-44.213,0.310,0.006,0.784,10.750,1.000,0.000,0.0000
55.970,-97.013,-44.132,0.310,0.006,0.784,10.750,1.000,0.000,0.0000
55.980,-97.013,-44.050,0.310,0.007,0.784,10.750,1.000,0.000,0.0000
55.990,-97.013,-43.968,0.310,0.007,0.783,10.750,1.000,0.000,0.0000
56.000,-97.013,-43.886,0.310,0.007,0.783,10.750,1.000,0.000,0.0000
56.010,-97.013,-43.803,0.310,0.007,0.783,10.750,1.000,0.000,0.0000
56.020,-97.013,-43.720,0.310,0.007,0.783,10.750,1.000,0.000,0.0000
56.030,-97.013,-43.637,0.310,0.007,0.783,10.750,1.000,0.000,0.0000
56.040,-97.013,-43.553,0.310,0.007,0.783,10.750,1.000,0.000,0.0000
56.050,-97.013,-43.469,0.310,0.007,0.783,10.750,1.000,0.000,0.0000
56.060,-97.013,-43.384,0.310,0.007,0.783,10.750,1.000,0.000,0.0000
56.070,-97.013,-43.299,0.310,0.007,0.783,10.750,1.000,0.000,0.0000
56.080,-97.013,-43.214,0.310,0.007,0.783,10.750,1.000,0.000,0.0000
56.090,-97.013,-43.128,0.310,0.007,0.783,10.750,1.000,0.000,0.0000
56.100,-97.012,-43.042,0.310,0.007,0.783,10.750,1.000,0.000,0.0000
56.110,-97.012,-42.955,0.310,0.007,0.783,10.750,1.000,0.000,0.0000
56.120,-97.012,-42.868,0.310,0.007,0.783,10.750,1.000,0.000,0.0000
56.130,-97.012,-42.781,0.310,0.007,0.783,10.750,1.000,0.000,0.0000
56.140,-97.012,-42.693,0.310,0.007,0.782,10.750,1.000,0.000,0.0000
56.150,-97.012,-42.605,0.310,0.007,0.782,10.750,1.000,0.000,0.0000
56.160,-97.012,-42.516,0.310,0.007,0.782,10.750,1.000,0.000,0.0000
56.170,-97.012,-42.427,0.310,0.007,0.782,10.750,1.000,0.000,0.0000
56.180,-97.012,-42.338,0.310,0.007,0.782,10.750,1.000,0.000,0.0000
56.190,-97.012,-42.248,0.310,0.007,0.782,10.750,1.000,0.000,0.0000
56.200,-97.012,-42.158,0.310,0.007,0.782,10.749,1.000,0.000,0.0000
56.210,-97.012,-42.067,0.310,0.007,0.782,10.749,1.000,0.000,0.0000
56.220,-97.012,-41.976,0.310,0.007,0.782,10.749,1.000,0.000,0.0000
56.230,-97.012,-41.885,0.310,0.007,0.782,10.749,1.000,0.000,0.0000
56.240,-97.011,-41.793,0.310,0.007,0.782,10.749,1.000,0.000,0.0000
56.250,-97.011,-41.701,0.310,0.007,0.782,10.749,1.000,0.000,0.0000
56.260,-97.011,-41.608,0.310,0.007,0.782,10.749,1.000,0.000,0.0000
56.270,-97.011,-41.515,0.310,0.007,0.782,10.749,1.000,0.000,0.0000
56.280,-97.011,-41.422,0.310,0.007,0.781,10.749,1.000,0.000,0.0000
56.290,-97.011,-41.328,0.310,0.007,0.781,10.749,1.000,0.000,0.0000
56.300,-97.011,-41.234,0.310,0.008,0.781,10.749,1.000,0.000,0.0000
56.310,-97.011,-41.139,0.310,0.008,0.781,10.749,1.000,0.000,0.0000
56.320,-97.011,-41.044,0.310,0.008,0.781,10.749,1.000,0.000,0.0000
56.330,-97.011,-40.949,0.310,0.008,0.781,10.749,1.000,0.000,0.0000
56.340,-97.011,-40.853,0.310,0.008,0.781,10.749,1.000,0.000,0.0000
56.350,-97.011,-40.757,0.310,0.008,0.781,10.749,1.000,0.000,0.0000
56.360,-97.011,-40.660,0.310,0.008,0.781,10.749,1.000,0.000,0.0000
56.370,-97.011,-40.564,0.310,0.008,0.781,10.749,1.000,0.000,0.0000
56.380,-97.010,-40.466,0.310,0.008,0.781,10.749,1.000,0.000,0.0000
56.390,-97.010,-40.368,0.310,0.008,0.781,10.749,1.000,0.000,0.0000
56.400,-97.010,-40.270,0.310,0.008,0.781,10.749,1.000,0.000,0.0000
56.410,-97.010,-40.172,0.310,0.008,0.780,10.749,1.000,0.000,0.0000
56.420,-97.010,-40.073,0.310,0.008,0.780,10.749,1.000,0.000,0.0000
56.430,-97.010,-39.974,0.310,0.008,0.780,10.749,1.000,0.000,0.0000
56.440,-97.010,-39.874,0.310,0.008,0.780,10.749,1.000,0.000,0.0000
56.450,-97.010,-39.774,0.310,0.008,0.780,10.749,1.000,0.000,0.0000
56.460,-97.010,-39.673,0.310,0.008,0.780,10.749,1.000,0.000,0.0000
56.470,-97.010,-39.572,0.310,0.008,0.780,10.749,1.000,0.000,0.0000
56.480,-97.010,-39.471,0.310,0.008,0.780,10.749,1.000,0.000,0.0000
56.490,-97.010,-39.369,0.310,0.008,0.780,10.749,1.000,0.000,0.0000
56.500,-97.009,-39.267,0.310,0.008,0.780,10.749,1.000,0.000,0.0000
56.510,-97.009,-39.165,0.310,0.008,0.780,10.749,1.000,0.000,0.0000
56.520,-97.009,-39.062,0.310,0.008,0.780,10.749,1.000,0.000,0.0000
56.530,-97.009,-38.959,0.310,0.008,0.779,10.749,1.000,0.000,0.0000
56.540,-97.009,-38.855,0.310,0.008,0.779,10.749,1.000,0.000,0.0000
56.550,-97.009,-38.751,0.310,0.008,0.779,10.749,1.000,0.000,0.0000
56.560,-97.009,-38.646,0.310,0.008,0.779,10.749,1.000,0.000,0.0000
56.570,-97.009,-38.541,0.310,0.008,0.779,10.749,1.000,0.000,0.0000
56.580,-97.009,-38.436,0.310,0.008,0.779,10.749,1.000,0.000,0.0000
56.590,-97.009,-38.331,0.310,0.008,0.779,10.749,1.000,0.000,0.0000
56.600,-97.009,-38.224,0.310,0.008,0.779,10.749,1.000,0.000,0.0000
56.610,-97.009,-38.118,0.310,0.008,0.779,10.749,1.000,0.000,0.0000
56.620,-97.008,-38.011,0.310,0.009,0.779,10.749,1.000,0.000,0.0000
56.630,-97.008,-37.904,0.310,0.009,0.779,10.749,1.000,0.000,0.0000
56.640,-97.008,-37.796,0.310,0.009,0.779,10.749,1.000,0.000,0.0000
56.650,-97.008,-37.688,0.310,0.009,0.778,10.749,1.000,0.000,0.0000
56.660,-97.008,-37.580,0.310,0.009,0.778,10.749,1.000,0.000,0.0000
56.670,-97.008,-37.471,0.310,0.009,0.778,10.749,1.000,0.000,0.0000
56.680,-97.008,-37.362,0.310,0.009,0.778,10.749,1.000,0.000,0.0000
56.690,-97.008,-37.252,0.310,0.009,0.778,10.749,1.000,0.000,0.0000
56.700,-97.008,-37.142,0.310,0.009,0.778,10.749,1.000,0.000,0.0000
56.710,-97.008,-37.032,0.310,0.009,0.778,10.749,1.000,0.000,0.0000
56.720,-97.008,-36.921,0.310,0.009,0.778,10.749,1.000,0.000,0.0000
56.730,-97.008,-36.810,0.310,0.010,0.778,10.749,1.000,0.000,0.0000
56.740,-97.007,-36.698,0.310,0.014,0.778,10.749,1.000,0.000,0.0000
56.750,-97.007,-36.587,0.311,0.020,0.778,10.749,1.000,0.000,0.0000
56.760,-97.007,-36.476,0.311,0.028,0.778,10.748,1.000,0.000,0.0000
56.770,-97.007,-36.365,0.311,0.035,0.777,10.748,1.000,0.000,0.0000
56.780,-97.007,-36.253,0.312,0.042,0.777,10.748,1.000,0.000,0.0000
56.790,-97.007,-36.142,0.312,0.047,0.777,10.747,1.000,0.000,0.0000
56.800,-97.007,-36.031,0.313,0.051,0.777,10.747,1.000,0.000,0.0000
56.810,-97.007,-35.920,0.313,0.054,0.777,10.746,1.000,0.000,0.0000
56.820,-97.007,-35.809,0.314,0.056,0.777,10.746,1.000,0.000,0.0000
56.830,-97.007,-35.697,0.314,0.056,0.777,10.745,1.000,0.000,0.0000
56.840,-97.007,-35.586,0.315,0.056,0.777,10.745,1.000,0.000,0.0000
56.850,-97.006,-35.475,0.315,0.056,0.777,10.744,1.000,0.000,0.0000
56.860,-97.006,-35.364,0.316,0.054,0.777,10.743,1.000,0.000,0.0000
56.870,-97.006,-35.252,0.316,0.052,0.777,10.743,1.000,0.000,0.0000
56.880,-97.006,-35.141,0.317,0.049,0.777,10.742,1.000,0.000,0.0000
56.890,-97.006,-35.030,0.317,0.046,0.777,10.742,1.000,0.000,0.0000
56.900,-97.006,-34.919,0.318,0.042,0.777,10.742,1.000,0.000,0.0000
56.910,-97.006,-34.808,0.318,0.038,0.776,10.741,1.000,0.000,0.0000
56.920,-97.006,-34.696,0.318,0.034,0.776,10.741,1.000,0.000,0.0000
56.930,-97.006,-34.585,0.319,0.030,0.776,10.741,1.000,0.000,0.0000
56.940,-97.006,-34.474,0.319,0.026,0.776,10.740,1.000,0.000,0.0000
56.950,-97.006,-34.363,0.319,0.022,0.776,10.740,1.000,0.000,0.0000
56.960,-97.005,-34.252,0.319,0.017,0.776,10.740,1.000,0.000,0.0000
56.970,-97.005,-34.141,0.319,0.014,0.776,10.740,1.000,0.000,0.0000
56.980,-97.005,-34.030,0.319,0.011,0.776,10.740,1.000,0.000,0.0000
56.990,-97.005,-33.919,0.319,0.009,0.776,10.740,1.000,0.000,0.0000
57.000,-97.005,-33.807,0.319,0.009,0.776,10.740,1.000,0.000,0.0000
57.010,-97.005,-33.696,0.319,0.010,0.776,10.740,1.000,0.000,0.0000
57.020,-97.005,-33.585,0.319,0.012,0.775,10.740,1.000,0.000,0.0000
57.030,-97.005,-33.474,0.319,0.014,0.775,10.740,1.000,0.000,0.0000
57.040,-97.005,-33.363,0.319,0.016,0.775,10.740,1.000,0.000,0.0000
57.050,-97.005,-33.252,0.319,0.018,0.775,10.740,1.000,0.000,0.0000
57.060,-97.005,-33.141,0.319,0.020,0.775,10.740,1.000,0.000,0.0000
57.070,-97.005,-33.030,0.319,0.021,0.775,10.741,1.000,0.000,0.0000
57.080,-97.004,-32.919,0.318,0.022,0.775,10.741,1.000,0.000,0.0000
57.090,-97.004,-32.808,0.318,0.022,0.775,10.741,1.000,0.000,0.0000
57.100,-97.004,-32.697,0.318,0.023,0.775,10.741,1.000,0.000,0.0000
57.110,-97.004,-32.586,0.318,0.022,0.775,10.741,1.000,0.000,0.0000
57.120,-97.004,-32.475,0.317,0.022,0.775,10.742,1.000,0.000,0.0000
57.130,-97.004,-32.364,0.317,0.022,0.774,10.742,1.000,0.000,0.0000
57.140,-97.004,-32.253,0.317,0.021,0.774,10.742,1.000,0.000,0.0000
57.150,-97.004,-32.142,0.317,0.020,0.774,10.742,1.000,0.000,0.0000
57.160,-97.004,-32.030,0.317,0.019,0.774,10.742,1.000,0.000,0.0000
57.170,-97.004,-31.919,0.317,0.017,0.774,10.742,1.000,0.000,0.0000
57.180,-97.004,-31.808,0.316,0.016,0.774,10.742,1.000,0.000,0.0000
57.190,-97.003,-31.697,0.316,0.015,0.774,10.743,1.000,0.000,0.0000
57.200,-97.003,-31.586,0.316,0.014,0.774,10.743,1.000,0.000,0.0000
57.210,-97.003,-31.475,0.316,0.012,0.774,10.743,1.000,0.000,0.0000
57.220,-97.003,-31.364,0.316,0.011,0.774,10.743,1.000,0.000,0.0000
57.230,-97.003,-31.253,0.316,0.010,0.774,10.743,1.000,0.000,0.0000
57.240,-97.003,-31.142,0.316,0.010,0.773,10.743,1.000,0.000,0.0000
57.250,-97.003,-31.031,0.316,0.009,0.773,10.743,1.000,0.000,0.0000
57.260,-97.003,-30.920,0.316,0.009,0.773,10.743,1.000,0.000,0.0000
57.270,-97.003,-30.809,0.316,0.009,0.773,10.743,1.000,0.000,0.0000
57.280,-97.003,-30.697,0.316,0.009,0.773,10.743,1.000,0.000,0.0000
57.290,-97.003,-30.586,0.316,0.010,0.773,10.743,1.000,0.000,0.0000
57.300,-97.002,-30.475,0.316,0.010,0.773,10.743,1.000,0.000,0.0000
57.310,-97.002,-30.364,0.316,0.010,0.773,10.743,1.000,0.000,0.0000
57.320,-97.002,-30.253,0.316,0.011,0.773,10.743,1.000,0.000,0.0000
57.330,-97.002,-30.142,0.316,0.011,0.773,10.743,1.000,0.000,0.0000
57.340,-97.002,-30.031,0.316,0.011,0.773,10.742,1.000,0.000,0.0000
57.350,-97.002,-29.920,0.316,0.012,0.772,10.742,1.000,0.000,0.0000
57.360,-97.002,-29.809,0.317,0.012,0.772,10.742,1.000,0.000,0.0000
57.370,-97.002,-29.697,0.317,0.012,0.772,10.742,1.000,0.000,0.0000
57.380,-97.002,-29.586,0.317,0.012,0.772,10.742,1.000,0.000,0.0000
57.390,-97.002,-29.475,0.317,0.012,0.772,10.742,1.000,0.000,0.0000
57.400,-97.002,-29.364,0.317,0.011,0.772,10.742,1.000,0.000,0.0000
57.410,-97.001,-29.253,0.317,0.011,0.772,10.742,1.000,0.000,0.0000
57.420,-97.001,-29.142,0.317,0.011,0.772,10.742,1.000,0.000,0.0000
57.430,-97.001,-29.031,0.317,0.011,0.772,10.742,1.000,0.000,0.0000
57.440,-97.001,-28.920,0.317,0.010,0.772,10.742,1.000,0.000,0.0000
57.450,-97.001,-28.809,0.317,0.010,0.772,10.742,1.000,0.000,0.0000
57.460,-97.001,-28.697,0.317,0.010,0.772,10.742,1.000,0.000,0.0000
57.470,-97.001,-28.586,0.317,0.010,0.771,10.742,1.000,0.000,0.0000
57.480,-97.001,-28.475,0.317,0.009,0.771,10.742,1.000,0.000,0.0000
57.490,-97.001,-28.364,0.317,0.009,0.771,10.741,1.000,0.000,0.0000
57.500,-97.001,-28.253,0.317,0.009,0.771,10.741,1.000,0.000,0.0000
57.510,-97.001,-28.142,0.317,0.009,0.771,10.741,1.000,0.000,0.0000
57.520,-97.001,-28.031,0.317,0.009,0.771,10.741,1.000,0.000,0.0000
57.530,-97.000,-27.920,0.317,0.009,0.771,10.741,1.000,0.000,0.0000
57.540,-97.000,-27.809,0.317,0.009,0.771,10.741,1.000,0.000,0.0000
57.550,-97.000,-27.698,0.317,0.009,0.771,10.741,1.000,0.000,0.0000
57.560,-97.000,-27.586,0.317,0.009,0.771,10.741,1.000,0.000,0.0000
57.570,-97.000,-27.475,0.317,0.009,0.771,10.741,1.000,0.000,0.0000
57.580,-97.000,-27.364,0.317,0.009,0.770,10.741,1.000,0.000,0.0000
57.590,-97.000,-27.253,0.317,0.009,0.770,10.741,1.000,0.000,0.0000
57.600,-97.000,-27.142,0.317,0.009,0.770,10.741,1.000,0.000,0.0000
57.610,-97.000,-27.031,0.317,0.009,0.770,10.742,1.000,0.000,0.0000
57.620,-97.000,-26.920,0.317,0.009,0.770,10.742,1.000,0.000,0.0000
57.630,-97.000,-26.809,0.317,0.009,0.770,10.742,1.000,0.000,0.0000
57.640,-96.999,-26.698,0.317,0.009,0.770,10.742,1.000,0.000,0.0000
57.650,-96.999,-26.587,0.317,0.009,0.770,10.742,1.000,0.000,0.0000
57.660,-96.999,-26.475,0.317,0.009,0.770,10.742,1.000,0.000,0.0000
57.670,-96.999,-26.364,0.317,0.009,0.770,10.742,1.000,0.000,0.0000
57.680,-96.999,-26.253,0.317,0.009,0.770,10.742,1.000,0.000,0.0000
57.690,-96.999,-26.142,0.317,0.009,0.769,10.742,1.000,0.000,0.0000
57.700,-96.999,-26.031,0.317,0.009,0.769,10.742,1.000,0.000,0.0000
57.710,-96.999,-25.920,0.317,0.009,0.769,10.742,1.000,0.000,0.0000
57.720,-96.999,-25.809,0.317,0.009,0.769,10.742,1.000,0.000,0.0000
57.730,-96.999,-25.698,0.317,0.009,0.769,10.742,1.000,0.000,0.0000
57.740,-96.999,-25.587,0.317,0.009,0.769,10.742,1.000,0.000,0.0000
57.750,-96.998,-25.476,0.317,0.009,0.769,10.742,1.000,0.000,0.0000
57.760,-96.998,-25.365,0.317,0.009,0.769,10.742,1.000,0.000,0.0000
57.770,-96.998,-25.253,0.317,0.009,0.769,10.742,1.000,0.000,0.0000
57.780,-96.998,-25.142,0.317,0.009,0.769,10.742,1.000,0.000,0.0000
57.790,-96.998,-25.031,0.317,0.009,0.769,10.742,1.000,0.000,0.0000
57.800,-96.998,-24.920,0.317,0.009,0.768,10.742,1.000,0.000,0.0000
57.810,-96.998,-24.809,0.317,0.009,0.768,10.742,1.000,0.000,0.0000
57.820,-96.998,-24.698,0.317,0.009,0.768,10.742,1.000,0.000,0.0000
57.830,-96.998,-24.587,0.317,0.009,0.768,10.742,1.000,0.000,0.0000
57.840,-96.998,-24.476,0.317,0.009,0.768,10.742,1.000,0.000,0.0000
57.850,-96.998,-24.365,0.317,0.009,0.768,10.742,1.000,0.000,0.0000
57.860,-96.997,-24.254,0.317,0.009,0.768,10.742,1.000,0.000,0.0000
57.870,-96.997,-24.142,0.317,0.009,0.768,10.742,1.000,0.000,0.0000
57.880,-96.997,-24.031,0.317,0.009,0.768,10.742,1.000,0.000,0.0000
57.890,-96.997,-23.920,0.317,0.009,0.768,10.742,1.000,0.000,0.0000
57.900,-96.997,-23.809,0.317,0.009,0.768,10.742,1.000,0.000,0.0000
57.910,-96.997,-23.698,0.317,0.009,0.768,10.741,1.000,0.000,0.0000
57.920,-96.997,-23.587,0.317,0.009,0.767,10.741,1.000,0.000,0.0000
57.930,-96.997,-23.476,0.317,0.009,0.767,10.741,1.000,0.000,0.0000
57.940,-96.997,-23.365,0.317,0.009,0.767,10.741,1.000,0.000,0.0000
57.950,-96.997,-23.254,0.317,0.009,0.767,10.741,1.000,0.000,0.0000
57.960,-96.997,-23.143,0.317,0.009,0.767,10.741,1.000,0.000,0.0000
57.970,-96.997,-23.031,0.317,0.009,0.767,10.741,1.000,0.000,0.0000
57.980,-96.996,-22.920,0.317,0.009,0.767,10.741,1.000,0.000,0.0000
57.990,-96.996,-22.809,0.317,0.009,0.767,10.741,1.000,0.000,0.0000
58.000,-96.996,-22.698,0.317,0.009,0.767,10.741,1.000,0.000,0.0000
58.010,-96.996,-22.587,0.317,0.009,0.767,10.741,1.000,0.000,0.0000
58.020,-96.996,-22.476,0.317,0.009,0.767,10.741,1.000,0.000,0.0000
58.030,-96.996,-22.365,0.317,0.009,0.766,10.741,1.000,0.000,0.0000
58.040,-96.996,-22.254,0.317,0.009,0.766,10.741,1.000,0.000,0.0000
58.050,-96.996,-22.143,0.317,0.009,0.766,10.741,1.000,0.000,0.0000
58.060,-96.996,-22.032,0.317,0.009,0.766,10.741,1.000,0.000,0.0000
58.070,-96.996,-21.920,0.317,0.009,0.766,10.741,1.000,0.000,0.0000
58.080,-96.996,-21.809,0.317,0.009,0.766,10.741,1.000,0.000,0.0000
58.090,-96.995,-21.698,0.317,0.009,0.766,10.741,1.000,0.000,0.0000
58.100,-96.995,-21.587,0.317,0.009,0.766,10.741,1.000,0.000,0.0000
58.110,-96.995,-21.476,0.317,0.009,0.766,10.741,1.000,0.000,0.0000
58.120,-96.995,-21.365,0.317,0.009,0.766,10.741,1.000,0.000,0.0000
58.130,-96.995,-21.254,0.317,0.009,0.766,10.741,1.000,0.000,0.0000
58.140,-96.995,-21.143,0.317,0.009,0.765,10.741,1.000,0.000,0.0000
58.150,-96.995,-21.032,0.317,0.009,0.765,10.741,1.000,0.000,0.0000
58.160,-96.995,-20.921,0.317,0.009,0.765,10.741,1.000,0.000,0.0000
58.170,-96.995,-20.809,0.317,0.009,0.765,10.741,1.000,0.000,0.0000
58.180,-96.995,-20.698,0.317,0.009,0.765,10.741,1.000,0.000,0.0000
58.190,-96.995,-20.587,0.317,0.009,0.765,10.741,1.000,0.000,0.0000
58.200,-96.994,-20.476,0.317,0.009,0.765,10.741,1.000,0.000,0.0000
58.210,-96.994,-20.365,0.317,0.009,0.765,10.741,1.000,0.000,0.0000
58.220,-96.994,-20.254,0.317,0.009,0.765,10.741,1.000,0.000,0.0000
58.230,-96.994,-20.143,0.317,0.009,0.765,10.741,1.000,0.000,0.0000
58.240,-96.994,-20.032,0.317,0.009,0.765,10.741,1.000,0.000,0.0000
58.250,-96.994,-19.921,0.317,0.009,0.765,10.741,1.000,0.000,0.0000
58.260,-96.994,-19.810,0.317,0.009,0.764,10.741,1.000,0.000,0.0000
58.270,-96.994,-19.698,0.317,0.009,0.764,10.741,1.000,0.000,0.0000
58.280,-96.994,-19.587,0.317,0.009,0.764,10.741,1.000,0.000,0.0000
58.290,-96.994,-19.476,0.317,0.009,0.764,10.741,1.000,0.000,0.0000
58.300,-96.994,-19.365,0.317,0.009,0.764,10.741,1.000,0.000,0.0000
58.310,-96.994,-19.254,0.317,0.009,0.764,10.741,1.000,0.000,0.0000
58.320,-96.993,-19.143,0.317,0.009,0.764,10.741,1.000,0.000,0.0000
58.330,-96.993,-19.032,0.317,0.009,0.764,10.741,1.000,0.000,0.0000
58.340,-96.993,-18.921,0.317,0.009,0.764,10.741,1.000,0.000,0.0000
58.350,-96.993,-18.810,0.317,0.009,0.764,10.741,1.000,0.000,0.0000
58.360,-96.993,-18.699,0.317,0.009,0.764,10.741,1.000,0.000,0.0000
58.370,-96.993,-18.587,0.317,0.009,0.763,10.741,1.000,0.000,0.0000
58.380,-96.993,-18.476,0.317,0.009,0.763,10.741,1.000,0.000,0.0000
58.390,-96.993,-18.365,0.317,0.009,0.763,10.741,1.000,0.000,0.0000
58.400,-96.993,-18.254,0.317,0.009,0.763,10.741,1.000,0.000,0.0000
58.410,-96.993,-18.143,0.317,0.009,0.763,10.741,1.000,0.000,0.0000
58.420,-96.993,-18.032,0.317,0.009,0.763,10.741,1.000,0.000,0.0000
58.430,-96.992,-17.921,0.317,0.009,0.763,10.741,1.000,0.000,0.0000
58.440,-96.992,-17.810,0.317,0.009,0.763,10.741,1.000,0.000,0.0000
58.450,-96.992,-17.699,0.317,0.009,0.763,10.741,1.000,0.000,0.0000
58.460,-96.992,-17.588,0.317,0.009,0.763,10.741,1.000,0.000,0.0000
58.470,-96.992,-17.476,0.317,0.009,0.763,10.741,1.000,0.000,0.0000
58.480,-96.992,-17.365,0.317,0.009,0.762,10.741,1.000,0.000,0.0000
58.490,-96.992,-17.254,0.317,0.009,0.762,10.741,1.000,0.000,0.0000
58.500,-96.992,-17.143,0.317,0.009,0.762,10.741,1.000,0.000,0.0000
58.510,-96.992,-17.032,0.317,0.009,0.762,10.741,1.000,0.000,0.0000
58.520,-96.992,-16.921,0.317,0.009,0.762,10.741,1.000,0.000,0.0000
58.530,-96.992,-16.810,0.317,0.009,0.762,10.741,1.000,0.000,0.0000
58.540,-96.991,-16.699,0.317,0.009,0.762,10.741,1.000,0.000,0.0000
58.550,-96.991,-16.588,0.317,0.009,0.762,10.741,1.000,0.000,0.0000
58.560,-96.991,-16.477,0.317,0.009,0.762,10.741,1.000,0.000,0.0000
58.570,-96.991,-16.366,0.317,0.009,0.762,10.741,1.000,0.000,0.0000
58.580,-96.991,-16.254,0.317,0.009,0.762,10.741,1.000,0.000,0.0000
58.590,-96.991,-16.143,0.317,0.009,0.762,10.741,1.000,0.000,0.0000
58.600,-96.991,-16.032,0.317,0.009,0.761,10.741,1.000,0.000,0.0000
58.610,-96.991,-15.921,0.317,0.009,0.761,10.741,1.000,0.000,0.0000
58.620,-96.991,-15.810,0.317,0.009,0.761,10.741,1.000,0.000,0.0000
58.630,-96.991,-15.699,0.317,0.009,0.761,10.741,1.000,0.000,0.0000
58.640,-96.991,-15.588,0.317,0.009,0.761,10.741,1.000,0.000,0.0000
58.650,-96.990,-15.477,0.317,0.009,0.761,10.741,1.000,0.000,0.0000
58.660,-96.990,-15.366,0.317,0.009,0.761,10.741,1.000,0.000,0.0000
58.670,-96.990,-15.255,0.317,0.009,0.761,10.741,1.000,0.000,0.0000
58.680,-96.990,-15.143,0.317,0.009,0.761,10.741,1.000,0.000,0.0000
58.690,-96.990,-15.032,0.317,0.009,0.761,10.741,1.000,0.000,0.0000
58.700,-96.990,-14.921,0.317,0.009,0.761,10.741,1.000,0.000,0.0000
58.710,-96.990,-14.810,0.317,0.009,0.760,10.741,1.000,0.000,0.0000
58.720,-96.990,-14.699,0.317,0.009,0.760,10.741,1.000,0.000,0.0000
58.730,-96.990,-14.588,0.317,0.009,0.760,10.741,1.000,0.000,0.0000
58.740,-96.990,-14.477,0.317,0.009,0.760,10.741,1.000,0.000,0.0000
58.750,-96.990,-14.366,0.317,0.009,0.760,10.741,1.000,0.000,0.0000
58.760,-96.990,-14.255,0.317,0.009,0.760,10.741,1.000,0.000,0.0000
58.770,-96.989,-14.144,0.317,0.009,0.760,10.741,1.000,0.000,0.0000
58.780,-96.989,-14.032,0.317,0.009,0.760,10.741,1.000,0.000,0.0000
58.790,-96.989,-13.921,0.317,0.009,0.760,10.741,1.000,0.000,0.0000
58.800,-96.989,-13.810,0.317,0.009,0.760,10.741,1.000,0.000,0.0000
58.810,-96.989,-13.699,0.317,0.009,0.760,10.741,1.000,0.000,0.0000
58.820,-96.989,-13.588,0.317,0.009,0.759,10.741,1.000,0.000,0.0000
58.830,-96.989,-13.477,0.317,0.009,0.759,10.741,0.940,0.000,0.0000
58.840,-96.989,-13.366,0.317,0.010,0.759,10.741,0.880,0.000,0.0000
58.850,-96.989,-13.255,0.317,0.014,0.759,10.741,0.820,0.000,0.0000
58.860,-96.989,-13.145,0.317,0.020,0.759,10.740,0.760,0.000,0.0000
58.870,-96.989,-13.035,0.318,0.028,0.759,10.740,0.700,0.000,0.0000
58.880,-96.988,-12.925,0.318,0.036,0.759,10.740,0.640,0.000,0.0000
58.890,-96.988,-12.816,0.318,0.042,0.759,10.739,0.580,0.000,0.0000
58.900,-96.988,-12.708,0.319,0.048,0.759,10.739,0.520,0.000,0.0000
58.910,-96.988,-12.599,0.319,0.052,0.759,10.738,0.460,0.000,0.0000
58.920,-96.988,-12.491,0.320,0.055,0.759,10.738,0.400,0.000,0.0000
58.930,-96.988,-12.384,0.320,0.057,0.759,10.737,0.340,0.000,0.0000
58.940,-96.988,-12.277,0.321,0.058,0.759,10.737,0.280,0.000,0.0000
58.950,-96.988,-12.170,0.321,0.058,0.759,10.736,0.220,0.000,0.0000
58.960,-96.988,-12.064,0.322,0.057,0.758,10.735,0.160,0.000,0.0000
58.970,-96.988,-11.958,0.323,0.055,0.758,10.735,0.100,0.000,0.0000
58.980,-96.988,-11.852,0.323,0.053,0.758,10.734,0.040,0.000,0.0000
58.990,-96.988,-11.747,0.324,0.050,0.758,10.734,0.000,0.000,0.0000
59.000,-96.987,-11.642,0.324,0.047,0.758,10.733,0.000,0.000,0.0000
59.010,-96.987,-11.538,0.325,0.044,0.758,10.733,0.000,0.000,0.0000
59.020,-96.987,-11.434,0.325,0.040,0.758,10.733,0.000,0.000,0.0000
59.030,-96.987,-11.330,0.325,0.036,0.758,10.732,0.000,0.000,0.0000
59.040,-96.987,-11.227,0.326,0.031,0.758,10.732,0.000,0.000,0.0000
59.050,-96.987,-11.125,0.326,0.027,0.758,10.732,0.000,0.000,0.0000
59.060,-96.987,-11.022,0.326,0.022,0.758,10.731,0.000,0.000,0.0000
59.070,-96.987,-10.921,0.326,0.018,0.758,10.731,0.000,0.000,0.0000
59.080,-96.987,-10.819,0.326,0.014,0.758,10.731,0.000,0.000,0.0000
59.090,-96.987,-10.718,0.326,0.011,0.758,10.731,0.000,0.000,0.0000
59.100,-96.987,-10.617,0.326,0.009,0.757,10.731,0.000,0.000,0.0000
59.110,-96.987,-10.517,0.326,0.008,0.757,10.731,0.000,0.000,0.0000
59.120,-96.986,-10.417,0.326,0.009,0.757,10.731,0.000,0.000,0.0000
59.130,-96.986,-10.318,0.326,0.011,0.757,10.731,0.000,0.000,0.0000
59.140,-96.986,-10.219,0.326,0.013,0.757,10.731,0.000,0.000,0.0000
59.150,-96.986,-10.120,0.326,0.015,0.757,10.731,0.000,0.000,0.0000
59.160,-96.986,-10.022,0.326,0.017,0.757,10.732,0.000,0.000,0.0000
59.170,-96.986,-9.924,0.326,0.019,0.757,10.732,0.000,0.000,0.0000
59.180,-96.986,-9.827,0.326,0.020,0.757,10.732,0.000,0.000,0.0000
59.190,-96.986,-9.730,0.325,0.021,0.757,10.732,0.000,0.000,0.0000
59.200,-96.986,-9.633,0.325,0.022,0.757,10.732,0.000,0.000,0.0000
59.210,-96.986,-9.537,0.325,0.022,0.757,10.732,0.000,0.000,0.0000
59.220,-96.986,-9.441,0.325,0.022,0.756,10.733,0.000,0.000,0.0000
59.230,-96.986,-9.345,0.324,0.022,0.756,10.733,0.000,0.000,0.0000
59.240,-96.986,-9.250,0.324,0.022,0.756,10.733,0.000,0.000,0.0000
59.250,-96.985,-9.156,0.324,0.021,0.756,10.733,0.000,0.000,0.0000
59.260,-96.985,-9.061,0.324,0.020,0.756,10.733,0.000,0.000,0.0000
59.270,-96.985,-8.967,0.324,0.019,0.756,10.734,0.000,0.000,0.0000
59.280,-96.985,-8.874,0.324,0.017,0.756,10.734,0.000,0.000,0.0000
59.290,-96.985,-8.781,0.323,0.016,0.756,10.734,0.000,0.000,0.0000
59.300,-96.985,-8.688,0.323,0.015,0.756,10.734,0.000,0.000,0.0000
59.310,-96.985,-8.596,0.323,0.013,0.756,10.734,0.000,0.000,0.0000
59.320,-96.985,-8.504,0.323,0.012,0.756,10.734,0.000,0.000,0.0000
59.330,-96.985,-8.412,0.323,0.010,0.756,10.734,0.000,0.000,0.0000
59.340,-96.985,-8.321,0.323,0.009,0.756,10.734,0.000,0.000,0.0000
59.350,-96.985,-8.231,0.323,0.008,0.755,10.734,0.000,0.000,0.0000
59.360,-96.985,-8.140,0.323,0.008,0.755,10.734,0.000,0.000,0.0000
59.370,-96.985,-8.050,0.323,0.007,0.755,10.734,0.000,0.000,0.0000
59.380,-96.984,-7.961,0.323,0.007,0.755,10.734,0.000,0.000,0.0000
59.390,-96.984,-7.871,0.323,0.007,0.755,10.734,0.000,0.000,0.0000
59.400,-96.984,-7.783,0.323,0.008,0.755,10.734,0.000,0.000,0.0000
59.410,-96.984,-7.694,0.323,0.008,0.755,10.734,0.000,0.000,0.0000
59.420,-96.984,-7.606,0.323,0.009,0.755,10.734,0.000,0.000,0.0000
59.430,-96.984,-7.519,0.323,0.009,0.755,10.734,0.000,0.000,0.0000
59.440,-96.984,-7.432,0.323,0.010,0.755,10.734,0.000,0.000,0.0000
59.450,-96.984,-7.345,0.323,0.010,0.755,10.734,0.000,0.000,0.0000
59.460,-96.984,-7.258,0.323,0.010,0.755,10.734,0.000,0.000,0.0000
59.470,-96.984,-7.172,0.323,0.010,0.755,10.734,0.000,0.000,0.0000
59.480,-96.984,-7.087,0.323,0.010,0.755,10.734,0.000,0.000,0.0000
59.490,-96.984,-7.002,0.324,0.010,0.754,10.734,0.000,0.000,0.0000
59.500,-96.984,-6.917,0.324,0.010,0.754,10.734,0.000,0.000,0.0000
59.510,-96.984,-6.832,0.324,0.010,0.754,10.733,0.000,0.000,0.0000
59.520,-96.984,-6.748,0.324,0.010,0.754,10.733,0.000,0.000,0.0000
59.530,-96.983,-6.665,0.324,0.009,0.754,10.733,0.000,0.000,0.0000
59.540,-96.983,-6.582,0.324,0.009,0.754,10.733,0.000,0.000,0.0000
59.550,-96.983,-6.499,0.324,0.009,0.754,10.733,0.000,0.000,0.0000
59.560,-96.983,-6.416,0.324,0.008,0.754,10.733,0.000,0.000,0.0000
59.570,-96.983,-6.334,0.324,0.008,0.754,10.733,0.000,0.000,0.0000
59.580,-96.983,-6.253,0.324,0.008,0.754,10.733,0.000,0.000,0.0000
59.590,-96.983,-6.172,0.324,0.007,0.754,10.733,0.000,0.000,0.0000
59.600,-96.983,-6.091,0.324,0.007,0.754,10.733,0.000,0.000,0.0000
59.610,-96.983,-6.010,0.324,0.007,0.754,10.733,0.000,0.000,0.0000
59.620,-96.983,-5.930,0.324,0.007,0.754,10.733,0.000,0.000,0.0000
59.630,-96.983,-5.851,0.324,0.006,0.754,10.733,0.000,0.000,0.0000
59.640,-96.983,-5.771,0.324,0.006,0.754,10.733,0.000,0.000,0.0000
59.650,-96.983,-5.693,0.324,0.006,0.753,10.733,0.000,0.000,0.0000
59.660,-96.983,-5.614,0.324,0.006,0.753,10.733,0.000,0.000,0.0000
59.670,-96.983,-5.536,0.324,0.006,0.753,10.733,0.000,0.000,0.0000
59.680,-96.982,-5.458,0.324,0.006,0.753,10.733,0.000,0.000,0.0000
59.690,-96.982,-5.381,0.324,0.006,0.753,10.733,0.000,0.000,0.0000
59.700,-96.982,-5.304,0.324,0.007,0.753,10.733,0.000,0.000,0.0000
59.710,-96.982,-5.228,0.324,0.007,0.753,10.733,0.000,0.000,0.0000
59.720,-96.982,-5.152,0.324,0.007,0.753,10.733,0.000,0.000,0.0000
59.730,-96.982,-5.076,0.324,0.007,0.753,10.733,0.000,0.000,0.0000
59.740,-96.982,-5.001,0.324,0.007,0.753,10.733,0.000,0.000,0.0000
59.750,-96.982,-4.926,0.324,0.007,0.753,10.733,0.000,0.000,0.0000
59.760,-96.982,-4.852,0.324,0.007,0.753,10.733,0.000,0.000,0.0000
59.770,-96.982,-4.778,0.324,0.007,0.753,10.733,0.000,0.000,0.0000
59.780,-96.982,-4.704,0.324,0.006,0.753,10.733,0.000,0.000,0.0000
59.790,-96.982,-4.631,0.324,0.006,0.753,10.733,0.000,0.000,0.0000
59.800,-96.982,-4.558,0.324,0.006,0.753,10.733,0.000,0.000,0.0000
59.810,-96.982,-4.485,0.324,0.006,0.752,10.733,0.000,0.000,0.0000
59.820,-96.982,-4.413,0.324,0.006,0.752,10.733,0.000,0.000,0.0000
59.830,-96.982,-4.341,0.324,0.006,0.752,10.733,0.000,0.000,0.0000
59.840,-96.982,-4.270,0.324,0.006,0.752,10.733,0.000,0.000,0.0000
59.850,-96.981,-4.199,0.324,0.006,0.752,10.733,0.000,0.000,0.0000
59.860,-96.981,-4.129,0.324,0.006,0.752,10.733,0.000,0.000,0.0000
59.870,-96.981,-4.059,0.324,0.006,0.752,10.733,0.000,0.000,0.0000
59.880,-96.981,-3.989,0.324,0.006,0.752,10.733,0.000,0.000,0.0000
59.890,-96.981,-3.920,0.324,0.006,0.752,10.733,0.000,0.000,0.0000
59.900,-96.981,-3.851,0.324,0.006,0.752,10.733,0.000,0.000,0.0000
59.910,-96.981,-3.782,0.324,0.005,0.752,10.733,0.000,0.000,0.0000
59.920,-96.981,-3.714,0.324,0.005,0.752,10.733,0.000,0.000,0.0000
59.930,-96.981,-3.646,0.324,0.005,0.752,10.733,0.000,0.000,0.0000
59.940,-96.981,-3.579,0.324,0.005,0.752,10.733,0.000,0.000,0.0000
59.950,-96.981,-3.512,0.324,0.005,0.752,10.733,0.000,0.000,0.0000
59.960,-96.981,-3.446,0.324,0.005,0.752,10.733,0.000,0.000,0.0000
59.970,-96.981,-3.379,0.324,0.005,0.752,10.733,0.000,0.000,0.0000
59.980,-96.981,-3.314,0.324,0.005,0.752,10.733,0.000,0.000,0.0000
59.990,-96.981,-3.248,0.324,0.005,0.751,10.733,0.000,0.000,0.0000
60.000,-96.981,-3.183,0.324,0.005,0.751,10.733,0.000,0.000,0.0000
60.010,-96.981,-3.119,0.324,0.005,0.751,10.733,0.000,0.000,0.0000
60.020,-96.981,-3.055,0.324,0.005,0.751,10.733,0.000,0.000,0.0000
60.030,-96.981,-2.991,0.324,0.005,0.751,10.733,0.040,0.000,0.0000
60.040,-96.980,-2.928,0.324,0.005,0.751,10.733,0.080,0.000,0.0000
60.050,-96.980,-2.865,0.324,0.005,0.751,10.733,0.120,0.000,0.0000
60.060,-96.980,-2.802,0.324,0.005,0.751,10.733,0.160,0.000,0.0000
60.070,-96.980,-2.740,0.324,0.005,0.751,10.733,0.200,0.000,0.0000
60.080,-96.980,-2.678,0.324,0.005,0.751,10.733,0.240,0.000,0.0000
60.090,-96.980,-2.617,0.324,0.005,0.751,10.733,0.280,0.000,0.0000
60.100,-96.980,-2.556,0.324,0.005,0.751,10.733,0.320,0.000,0.0000
60.110,-96.980,-2.495,0.324,0.005,0.751,10.733,0.360,0.000,0.0000
60.120,-96.980,-2.435,0.324,0.005,0.751,10.733,0.400,0.000,0.0000
60.130,-96.980,-2.375,0.324,0.005,0.751,10.733,0.440,0.000,0.0000
60.140,-96.980,-2.316,0.324,0.005,0.751,10.733,0.480,0.000,0.0000
60.150,-96.980,-2.257,0.324,0.005,0.751,10.733,0.520,0.000,0.0000
60.160,-96.980,-2.198,0.324,0.005,0.751,10.733,0.560,0.000,0.0000
60.170,-96.980,-2.140,0.324,0.009,0.751,10.733,0.600,0.000,0.0000
60.180,-96.980,-2.081,0.324,0.022,0.751,10.733,0.640,0.000,0.0000
60.190,-96.980,-2.022,0.323,0.038,0.750,10.734,0.680,0.000,0.0000
60.200,-96.980,-1.963,0.323,0.055,0.750,10.734,0.720,0.000,0.0000
60.210,-96.980,-1.903,0.322,0.071,0.750,10.735,0.760,0.000,0.0000
60.220,-96.980,-1.843,0.321,0.084,0.750,10.736,0.800,0.000,0.0000
60.230,-96.980,-1.782,0.320,0.095,0.750,10.737,0.840,0.000,0.0000
60.240,-96.980,-1.721,0.319,0.104,0.750,10.738,0.880,0.000,0.0000
60.250,-96.979,-1.660,0.318,0.110,0.750,10.739,0.920,0.000,0.0000
60.260,-96.979,-1.598,0.317,0.113,0.750,10.740,0.960,0.000,0.0000
60.270,-96.979,-1.536,0.316,0.115,0.750,10.741,1.000,0.000,0.0000
60.280,-96.979,-1.474,0.315,0.115,0.750,10.742,1.000,0.000,0.0000
60.290,-96.979,-1.411,0.313,0.113,0.750,10.743,1.000,0.000,0.0000
60.300,-96.979,-1.347,0.312,0.109,0.750,10.744,1.000,0.000,0.0000
60.310,-96.979,-1.283,0.311,0.105,0.749,10.745,1.000,0.000,0.0000
60.320,-96.979,-1.219,0.310,0.099,0.749,10.746,1.000,0.000,0.0000
60.330,-96.979,-1.155,0.309,0.092,0.749,10.747,0.940,0.000,0.0000
60.340,-96.979,-1.090,0.309,0.084,0.749,10.748,0.880,0.000,0.0000
60.350,-96.979,-1.024,0.308,0.076,0.749,10.749,0.820,0.000,0.0000
60.360,-96.979,-0.958,0.307,0.067,0.749,10.749,0.760,0.000,0.0000
60.370,-96.979,-0.892,0.307,0.058,0.749,10.750,0.700,0.000,0.0000
60.380,-96.979,-0.825,0.306,0.048,0.749,10.751,0.640,0.000,0.0000
60.390,-96.979,-0.758,0.306,0.039,0.749,10.751,0.580,0.000,0.0000
60.400,-96.979,-0.691,0.306,0.022,0.749,10.751,0.520,0.000,0.0000
60.410,-96.979,-0.624,0.306,0.005,0.749,10.751,0.460,0.000,0.0000
60.420,-96.979,-0.557,0.306,0.025,0.749,10.751,0.400,0.000,0.0000
60.430,-96.979,-0.491,0.306,0.050,0.749,10.750,0.340,0.000,0.0000
60.440,-96.978,-0.425,0.307,0.072,0.749,10.750,0.280,0.000,0.0000
60.450,-96.978,-0.359,0.308,0.093,0.749,10.749,0.220,0.000,0.0000
60.460,-96.978,-0.294,0.309,0.110,0.749,10.748,0.160,0.000,0.0000
60.470,-96.978,-0.229,0.310,0.124,0.749,10.746,0.100,0.000,0.0000
60.480,-96.978,-0.164,0.312,0.135,0.749,10.745,0.040,0.000,0.0000
60.490,-96.978,-0.100,0.313,0.143,0.749,10.744,0.000,0.000,0.0000
60.500,-96.978,-0.037,0.315,0.148,0.749,10.742,0.000,0.000,0.0000
60.510,-96.978,0.027,0.316,0.151,0.749,10.741,0.000,0.000,0.0000
60.520,-96.978,0.090,0.318,0.151,0.749,10.739,0.000,0.000,0.0000
60.530,-96.978,0.152,0.319,0.149,0.749,10.738,0.000,0.000,0.0000
60.540,-96.978,0.214,0.320,0.146,0.749,10.736,0.000,0.000,0.0000
60.550,-96.978,0.276,0.322,0.140,0.749,10.735,0.000,0.000,0.0000
60.560,-96.978,0.337,0.323,0.133,0.749,10.733,0.000,0.000,0.0000
60.570,-96.978,0.398,0.324,0.125,0.749,10.732,0.000,0.000,0.0000
60.580,-96.978,0.459,0.326,0.115,0.749,10.731,0.000,0.000,0.0000
60.590,-96.978,0.519,0.327,0.104,0.749,10.730,0.000,0.000,0.0000
60.600,-96.978,0.578,0.328,0.093,0.749,10.729,0.000,0.000,0.0000
60.610,-96.978,0.637,0.328,0.081,0.749,10.728,0.000,0.000,0.0000
60.620,-96.978,0.696,0.329,0.069,0.749,10.728,0.000,0.000,0.0000
60.630,-96.978,0.754,0.330,0.056,0.749,10.727,0.000,0.000,0.0000
60.640,-96.977,0.812,0.330,0.044,0.749,10.727,0.000,0.000,0.0000
60.650,-96.977,0.870,0.330,0.032,0.749,10.726,0.000,0.000,0.0000
60.660,-96.977,0.927,0.331,0.021,0.749,10.726,0.000,0.000,0.0000
60.670,-96.977,0.983,0.331,0.010,0.748,10.726,0.000,0.000,0.0000
60.680,-96.977,1.039,0.331,0.005,0.748,10.726,0.000,0.000,0.0000
60.690,-96.977,1.095,0.331,0.012,0.748,10.726,0.000,0.000,0.0000
60.700,-96.977,1.151,0.330,0.021,0.748,10.726,0.000,0.000,0.0000
60.710,-96.977,1.206,0.330,0.029,0.748,10.727,0.000,0.000,0.0000
60.720,-96.977,1.260,0.330,0.036,0.748,10.727,0.000,0.000,0.0000
60.730,-96.977,1.314,0.329,0.041,0.748,10.727,0.000,0.000,0.0000
60.740,-96.977,1.368,0.329,0.046,0.748,10.728,0.000,0.000,0.0000
60.750,-96.977,1.421,0.328,0.050,0.748,10.728,0.000,0.000,0.0000
60.760,-96.977,1.474,0.328,0.053,0.748,10.729,0.000,0.000,0.0000
60.770,-96.977,1.527,0.327,0.055,0.748,10.729,0.000,0.000,0.0000
60.780,-96.977,1.579,0.327,0.056,0.748,10.730,0.000,0.000,0.0000
60.790,-96.977,1.631,0.326,0.056,0.748,10.730,0.000,0.000,0.0000
60.800,-96.977,1.682,0.326,0.056,0.748,10.731,0.000,0.000,0.0000
60.810,-96.977,1.733,0.325,0.054,0.748,10.732,0.000,0.000,0.0000
60.820,-96.977,1.784,0.324,0.052,0.748,10.732,0.000,0.000,0.0000
60.830,-96.977,1.834,0.324,0.049,0.747,10.733,0.000,0.000,0.0000
60.840,-96.977,1.883,0.324,0.046,0.747,10.733,0.000,0.000,0.0000
60.850,-96.977,1.933,0.323,0.042,0.747,10.733,0.000,0.000,0.0000
60.860,-96.977,1.982,0.323,0.038,0.747,10.734,0.000,0.000,0.0000
60.870,-96.977,2.031,0.322,0.034,0.747,10.734,0.000,0.000,0.0000
60.880,-96.976,2.079,0.322,0.029,0.747,10.734,0.000,0.000,0.0000
60.890,-96.976,2.127,0.322,0.025,0.747,10.735,0.000,0.000,0.0000
60.900,-96.976,2.174,0.322,0.020,0.747,10.735,0.000,0.000,0.0000
60.910,-96.976,2.221,0.322,0.016,0.747,10.735,0.000,0.000,0.0000
60.920,-96.976,2.268,0.321,0.011,0.747,10.735,0.000,0.000,0.0000
60.930,-96.976,2.314,0.321,0.007,0.747,10.735,0.000,0.000,0.0000
60.940,-96.976,2.360,0.321,0.004,0.747,10.735,0.000,0.000,0.0000
60.950,-96.976,2.406,0.321,0.004,0.747,10.735,0.000,0.000,0.0000
60.960,-96.976,2.451,0.321,0.006,0.747,10.735,0.000,0.000,0.0000
60.970,-96.976,2.495,0.321,0.009,0.747,10.735,0.000,0.000,0.0000
60.980,-96.976,2.540,0.322,0.012,0.747,10.735,0.000,0.000,0.0000
60.990,-96.976,2.584,0.322,0.014,0.747,10.735,0.000,0.000,0.0000
61.000,-96.976,2.627,0.322,0.016,0.747,10.735,0.000,0.000,0.0000
61.010,-96.976,2.670,0.322,0.018,0.747,10.734,0.000,0.000,0.0000
61.020,-96.976,2.713,0.322,0.019,0.747,10.734,0.000,0.000,0.0000
61.030,-96.976,2.756,0.322,0.020,0.747,10.734,0.000,0.000,0.0000
61.040,-96.976,2.798,0.323,0.021,0.747,10.734,0.000,0.000,0.0000
61.050,-96.976,2.839,0.323,0.021,0.747,10.734,0.000,0.000,0.0000
61.060,-96.976,2.880,0.323,0.021,0.747,10.733,0.000,0.000,0.0000
61.070,-96.976,2.921,0.323,0.021,0.747,10.733,0.000,0.000,0.0000
61.080,-96.976,2.962,0.323,0.020,0.747,10.733,0.000,0.000,0.0000
61.090,-96.976,3.001,0.324,0.019,0.747,10.733,0.040,0.000,0.0000
61.100,-96.976,3.041,0.324,0.018,0.746,10.733,0.080,0.000,0.0000
61.110,-96.976,3.080,0.324,0.017,0.746,10.732,0.120,0.000,0.0000
61.120,-96.976,3.119,0.324,0.015,0.746,10.732,0.160,0.000,0.0000
61.130,-96.976,3.157,0.324,0.014,0.746,10.732,0.200,0.000,0.0000
61.140,-96.976,3.195,0.324,0.012,0.746,10.732,0.240,0.000,0.0000
61.150,-96.976,3.233,0.325,0.011,0.746,10.732,0.280,0.000,0.0000
61.160,-96.976,3.270,0.325,0.009,0.746,10.732,0.320,0.000,0.0000
61.170,-96.976,3.307,0.325,0.007,0.746,10.732,0.360,0.000,0.0000
61.180,-96.975,3.344,0.325,0.004,0.746,10.732,0.400,0.000,0.0000
61.190,-96.975,3.380,0.324,0.018,0.746,10.732,0.440,0.000,0.0000
61.200,-96.975,3.417,0.324,0.036,0.746,10.732,0.480,0.000,0.0000
61.210,-96.975,3.455,0.324,0.054,0.746,10.733,0.520,0.000,0.0000
61.220,-96.975,3.493,0.323,0.072,0.746,10.734,0.560,0.000,0.0000
61.230,-96.975,3.531,0.322,0.086,0.746,10.734,0.600,0.000,0.0000
61.240,-96.975,3.570,0.321,0.099,0.746,10.735,0.640,0.000,0.0000
61.250,-96.975,3.609,0.320,0.108,0.746,10.736,0.680,0.000,0.0000
61.260,-96.975,3.649,0.319,0.115,0.746,10.738,0.720,0.000,0.0000
61.270,-96.975,3.689,0.318,0.119,0.746,10.739,0.760,0.000,0.0000
61.280,-96.975,3.729,0.316,0.121,0.746,10.740,0.800,0.000,0.0000
61.290,-96.975,3.770,0.315,0.122,0.746,10.741,0.840,0.000,0.0000
61.300,-96.975,3.811,0.314,0.120,0.745,10.742,0.880,0.000,0.0000
61.310,-96.975,3.852,0.313,0.117,0.745,10.744,0.920,0.000,0.0000
61.320,-96.975,3.894,0.312,0.112,0.745,10.745,0.960,0.000,0.0000
61.330,-96.975,3.937,0.311,0.106,0.745,10.746,1.000,0.000,0.0000
61.340,-96.975,3.979,0.310,0.099,0.745,10.747,1.000,0.000,0.0000
61.350,-96.975,4.022,0.309,0.091,0.745,10.748,1.000,0.000,0.0000
61.360,-96.975,4.066,0.308,0.082,0.745,10.748,0.940,0.000,0.0000
61.370,-96.975,4.110,0.307,0.073,0.745,10.749,0.880,0.000,0.0000
61.380,-96.975,4.155,0.307,0.063,0.745,10.750,0.820,0.000,0.0000
61.390,-96.975,4.199,0.306,0.053,0.745,10.750,0.760,0.000,0.0000
61.400,-96.975,4.245,0.306,0.043,0.745,10.751,0.700,0.000,0.0000
61.410,-96.975,4.290,0.305,0.033,0.745,10.751,0.640,0.000,0.0000
61.420,-96.975,4.336,0.305,0.023,0.745,10.751,0.580,0.000,0.0000
61.430,-96.975,4.383,0.305,0.014,0.745,10.751,0.520,0.000,0.0000
61.440,-96.975,4.430,0.305,0.006,0.745,10.751,0.460,0.000,0.0000
61.450,-96.975,4.477,0.305,0.005,0.745,10.751,0.400,0.000,0.0000
61.460,-96.975,4.525,0.305,0.019,0.745,10.751,0.340,0.000,0.0000
61.470,-96.974,4.572,0.305,0.039,0.745,10.751,0.280,0.000,0.0000
61.480,-96.974,4.619,0.306,0.061,0.745,10.750,0.220,0.000,0.0000
61.490,-96.974,4.666,0.307,0.082,0.745,10.749,0.160,0.000,0.0000
61.500,-96.974,4.712,0.308,0.102,0.745,10.748,0.100,0.000,0.0000
61.510,-96.974,4.758,0.309,0.119,0.745,10.747,0.040,0.000,0.0000
61.520,-96.974,4.804,0.310,0.133,0.745,10.746,0.000,0.000,0.0000
61.530,-96.974,4.849,0.312,0.143,0.745,10.744,0.000,0.000,0.0000
61.540,-96.974,4.893,0.313,0.150,0.745,10.743,0.000,0.000,0.0000
61.550,-96.974,4.938,0.315,0.155,0.745,10.741,0.000,0.000,0.0000
61.560,-96.974,4.981,0.316,0.156,0.745,10.740,0.000,0.000,0.0000
61.570,-96.974,5.025,0.318,0.156,0.745,10.738,0.000,0.000,0.0000
61.580,-96.974,5.068,0.320,0.153,0.745,10.737,0.000,0.000,0.0000
61.590,-96.974,5.111,0.321,0.148,0.745,10.735,0.000,0.000,0.0000
61.600,-96.974,5.153,0.322,0.142,0.745,10.734,0.000,0.000,0.0000
61.610,-96.974,5.195,0.324,0.134,0.745,10.733,0.000,0.000,0.0080
61.620,-96.974,5.236,0.325,0.124,0.745,10.731,0.000,0.000,0.0160
61.630,-96.974,5.277,0.326,0.114,0.745,10.730,0.000,0.000,0.0240
61.640,-96.974,5.318,0.327,0.102,0.745,10.729,0.000,0.000,0.0320
61.650,-96.974,5.358,0.328,0.090,0.745,10.728,0.000,0.000,0.0400
61.660,-96.974,5.397,0.329,0.078,0.745,10.727,0.000,0.000,0.0480
61.670,-96.974,5.437,0.329,0.065,0.745,10.727,0.000,0.000,0.0560
61.680,-96.974,5.476,0.330,0.053,0.745,10.726,0.000,0.000,0.0640
61.690,-96.973,5.514,0.330,0.041,0.745,10.726,0.000,0.000,0.0720
61.700,-96.973,5.552,0.331,0.029,0.744,10.726,0.000,0.000,0.0800
61.710,-96.973,5.590,0.331,0.020,0.744,10.725,0.000,0.000,0.0880
61.720,-96.973,5.627,0.331,0.015,0.744,10.725,0.000,0.000,0.0960
61.730,-96.973,5.663,0.331,0.018,0.744,10.725,0.000,0.000,0.1040
61.740,-96.973,5.700,0.331,0.024,0.744,10.726,0.000,0.000,0.1120
61.750,-96.973,5.736,0.330,0.032,0.744,10.726,0.000,0.000,0.1200
61.760,-96.972,5.771,0.330,0.040,0.743,10.726,0.000,0.000,0.1280
61.770,-96.972,5.806,0.330,0.047,0.743,10.726,0.000,0.000,0.1360
61.780,-96.972,5.841,0.329,0.053,0.743,10.727,0.000,0.000,0.1440
61.790,-96.971,5.875,0.329,0.059,0.742,10.727,0.000,0.000,0.1520
61.800,-96.971,5.909,0.328,0.064,0.742,10.728,0.000,0.000,0.1600
61.810,-96.971,5.942,0.328,0.068,0.742,10.728,0.000,0.000,0.1680
61.820,-96.970,5.975,0.327,0.071,0.741,10.729,0.000,0.000,0.1760
61.830,-96.970,6.008,0.327,0.074,0.741,10.729,0.000,0.000,0.1840
61.840,-96.969,6.040,0.326,0.076,0.740,10.730,0.000,0.000,0.1920
61.850,-96.969,6.072,0.326,0.077,0.739,10.730,0.000,0.000,0.2000
61.860,-96.968,6.103,0.325,0.078,0.739,10.731,0.000,0.000,0.2080
61.870,-96.967,6.134,0.325,0.079,0.738,10.731,0.000,0.000,0.2160
61.880,-96.967,6.164,0.324,0.080,0.738,10.732,0.000,0.000,0.2240
61.890,-96.966,6.194,0.324,0.081,0.737,10.732,0.000,0.000,0.2320
61.900,-96.965,6.224,0.323,0.082,0.736,10.732,0.000,0.000,0.2400
61.910,-96.965,6.253,0.323,0.083,0.735,10.732,0.000,0.000,0.2480
61.920,-96.964,6.282,0.323,0.085,0.735,10.733,0.000,0.000,0.2560
61.930,-96.963,6.310,0.322,0.087,0.734,10.733,0.000,0.000,0.2640
61.940,-96.962,6.338,0.322,0.090,0.733,10.733,0.000,0.000,0.2720
61.950,-96.961,6.365,0.322,0.093,0.732,10.733,0.000,0.000,0.2800
61.960,-96.960,6.392,0.322,0.096,0.731,10.733,0.000,0.000,0.2880
61.970,-96.959,6.419,0.322,0.099,0.730,10.733,0.000,0.000,0.2960
61.980,-96.958,6.445,0.322,0.103,0.729,10.733,0.000,0.000,0.3040
61.990,-96.957,6.471,0.322,0.106,0.728,10.733,0.000,0.000,0.3120
62.000,-96.956,6.496,0.322,0.110,0.727,10.733,0.000,0.000,0.3200
62.010,-96.955,6.521,0.322,0.114,0.726,10.732,0.000,0.000,0.3280
62.020,-96.954,6.545,0.322,0.117,0.724,10.732,0.000,0.000,0.3360
62.030,-96.953,6.569,0.322,0.121,0.723,10.732,0.000,0.000,0.3440
62.040,-96.951,6.593,0.322,0.124,0.722,10.732,0.000,0.000,0.3520
62.050,-96.950,6.616,0.323,0.127,0.721,10.731,0.000,0.000,0.3600
62.060,-96.949,6.639,0.323,0.129,0.720,10.731,0.000,0.000,0.3680
62.070,-96.947,6.661,0.323,0.132,0.718,10.731,0.000,0.000,0.3760
62.080,-96.946,6.683,0.323,0.134,0.717,10.731,0.000,0.000,0.3840
62.090,-96.945,6.704,0.323,0.137,0.716,10.730,0.000,0.000,0.3920
62.100,-96.943,6.725,0.324,0.139,0.714,10.730,0.000,0.000,0.4000
62.110,-96.942,6.746,0.324,0.141,0.713,10.730,0.000,0.000,0.4080
62.120,-96.941,6.766,0.324,0.142,0.711,10.729,0.000,0.000,0.4160
62.130,-96.939,6.786,0.324,0.144,0.710,10.729,0.000,0.000,0.4240
62.140,-96.938,6.806,0.324,0.146,0.709,10.729,0.000,0.000,0.4320
62.150,-96.936,6.825,0.324,0.147,0.707,10.729,0.000,0.000,0.4400
62.160,-96.935,6.843,0.324,0.148,0.706,10.728,0.000,0.000,0.4480
62.170,-96.933,6.862,0.325,0.149,0.704,10.728,0.000,0.000,0.4560
62.180,-96.932,6.879,0.325,0.149,0.703,10.728,0.000,0.000,0.4640
62.190,-96.930,6.897,0.325,0.150,0.701,10.728,0.000,0.000,0.4720
62.200,-96.929,6.914,0.325,0.150,0.700,10.728,0.000,0.000,0.4800
62.210,-96.927,6.930,0.325,0.150,0.698,10.727,0.000,0.000,0.4880
62.220,-96.926,6.946,0.325,0.150,0.697,10.727,0.000,0.000,0.4960
62.230,-96.924,6.962,0.325,0.150,0.695,10.727,0.000,0.000,0.5000
62.240,-96.923,6.977,0.325,0.149,0.694,10.727,0.000,0.000,0.5000
62.250,-96.921,6.992,0.325,0.148,0.692,10.727,0.000,0.000,0.5000
62.260,-96.920,7.006,0.325,0.147,0.691,10.727,0.000,0.000,0.5000
62.270,-96.918,7.020,0.325,0.146,0.689,10.727,0.000,0.000,0.5000
62.280,-96.917,7.034,0.325,0.145,0.688,10.726,0.000,0.000,0.5000
62.290,-96.916,7.047,0.325,0.144,0.686,10.726,0.000,0.000,0.5000
62.300,-96.914,7.060,0.325,0.142,0.685,10.726,0.000,0.000,0.5000
62.310,-96.913,7.072,0.325,0.141,0.684,10.726,0.000,0.000,0.5000
62.320,-96.911,7.084,0.325,0.139,0.682,10.726,0.000,0.000,0.5000
62.330,-96.910,7.096,0.325,0.137,0.681,10.726,0.000,0.000,0.5000
62.340,-96.909,7.107,0.325,0.134,0.679,10.726,0.000,0.000,0.5000
62.350,-96.907,7.117,0.325,0.132,0.678,10.726,0.000,0.000,0.5000
62.360,-96.906,7.128,0.324,0.129,0.677,10.726,0.000,0.000,0.5000
62.370,-96.905,7.138,0.324,0.127,0.676,10.726,0.000,0.000,0.5000
62.380,-96.903,7.147,0.324,0.124,0.674,10.726,0.000,0.000,0.5000
62.390,-96.902,7.157,0.324,0.120,0.673,10.726,0.000,0.000,0.4700
62.400,-96.901,7.166,0.324,0.115,0.672,10.726,0.040,0.000,0.4400
62.410,-96.900,7.174,0.324,0.109,0.671,10.726,0.080,0.000,0.4100
62.420,-96.899,7.183,0.324,0.102,0.670,10.726,0.120,0.000,0.3800
62.430,-96.898,7.191,0.324,0.100,0.669,10.726,0.160,0.000,0.3500
62.440,-96.897,7.199,0.323,0.102,0.668,10.726,0.200,0.000,0.3200
62.450,-96.896,7.208,0.323,0.106,0.667,10.727,0.240,0.000,0.2900
62.460,-96.895,7.217,0.322,0.113,0.666,10.727,0.280,0.000,0.2600
62.470,-96.894,7.226,0.322,0.119,0.665,10.728,0.320,0.000,0.2300
62.480,-96.893,7.235,0.321,0.125,0.664,10.728,0.360,0.000,0.2000
62.490,-96.892,7.244,0.320,0.129,0.663,10.729,0.400,0.000,0.1700
62.500,-96.891,7.253,0.320,0.133,0.662,10.729,0.440,0.000,0.1400
62.510,-96.890,7.263,0.319,0.137,0.660,10.730,0.480,0.000,0.1100
62.520,-96.889,7.273,0.318,0.141,0.659,10.731,0.520,0.000,0.0800
62.530,-96.887,7.283,0.317,0.146,0.658,10.731,0.560,0.000,0.0500
62.540,-96.886,7.293,0.316,0.151,0.657,10.732,0.600,0.000,0.0200
62.550,-96.885,7.304,0.316,0.157,0.655,10.733,0.640,0.000,0.0000
62.560,-96.883,7.315,0.315,0.164,0.654,10.734,0.680,0.000,0.0000
62.570,-96.882,7.326,0.314,0.173,0.652,10.734,0.720,0.000,0.0000
62.580,-96.880,7.338,0.313,0.183,0.651,10.735,0.760,0.000,0.0000
62.590,-96.879,7.351,0.312,0.194,0.649,10.736,0.800,0.000,0.0000
62.600,-96.877,7.365,0.311,0.204,0.647,10.737,0.840,0.000,0.0000
62.610,-96.875,7.379,0.310,0.213,0.645,10.738,0.880,0.000,0.0000
62.620,-96.873,7.394,0.309,0.221,0.643,10.738,0.920,0.000,0.0000
62.630,-96.871,7.409,0.308,0.228,0.641,10.739,0.960,0.000,0.0000
62.640,-96.869,7.425,0.307,0.234,0.639,10.740,1.000,0.000,0.0000
62.650,-96.866,7.441,0.306,0.240,0.637,10.741,1.000,0.000,0.0000
62.660,-96.864,7.459,0.306,0.246,0.634,10.741,1.000,0.000,0.0000
62.670,-96.862,7.476,0.305,0.251,0.632,10.741,1.000,0.000,0.0000
62.680,-96.859,7.494,0.305,0.257,0.629,10.742,1.000,0.000,0.0000
62.690,-96.856,7.513,0.304,0.263,0.627,10.742,1.000,0.000,0.0000
62.700,-96.854,7.532,0.304,0.269,0.624,10.742,1.000,0.000,0.0000
62.710,-96.851,7.552,0.304,0.275,0.621,10.742,1.000,0.000,0.0000
62.720,-96.848,7.572,0.303,0.282,0.618,10.742,1.000,0.000,0.0000
62.730,-96.845,7.593,0.303,0.288,0.616,10.742,1.000,0.000,0.0000
62.740,-96.842,7.614,0.303,0.295,0.613,10.742,1.000,0.000,0.0000
62.750,-96.839,7.635,0.304,0.302,0.610,10.741,1.000,0.000,0.0000
62.760,-96.836,7.657,0.304,0.309,0.607,10.741,1.000,0.000,0.0000
62.770,-96.833,7.680,0.304,0.316,0.603,10.740,1.000,0.000,0.0000
62.780,-96.830,7.703,0.304,0.322,0.600,10.740,1.000,0.000,0.0000
62.790,-96.827,7.726,0.305,0.329,0.597,10.739,1.000,0.000,0.0000
62.800,-96.823,7.750,0.305,0.336,0.594,10.738,1.000,0.000,0.0000
62.810,-96.820,7.774,0.306,0.342,0.590,10.738,1.000,0.000,0.0000
62.820,-96.817,7.799,0.306,0.348,0.587,10.737,1.000,0.000,0.0000
62.830,-96.813,7.824,0.307,0.354,0.583,10.736,1.000,0.000,0.0000
62.840,-96.810,7.849,0.307,0.358,0.580,10.735,1.000,0.000,0.0000
62.850,-96.806,7.875,0.308,0.364,0.576,10.735,1.000,0.000,0.0000
62.860,-96.802,7.902,0.308,0.371,0.573,10.734,1.000,0.000,0.0000
62.870,-96.798,7.929,0.309,0.378,0.569,10.733,1.000,0.000,0.0000
62.880,-96.795,7.956,0.309,0.385,0.565,10.732,1.000,0.000,0.0000
62.890,-96.791,7.984,0.310,0.392,0.561,10.732,1.000,0.000,0.0000
62.900,-96.787,8.012,0.310,0.398,0.557,10.731,1.000,0.000,0.0000
62.910,-96.783,8.040,0.310,0.404,0.553,10.730,1.000,0.000,0.0000
62.920,-96.779,8.069,0.311,0.411,0.549,10.730,1.000,0.000,0.0000
62.930,-96.775,8.098,0.311,0.419,0.545,10.729,1.000,0.000,0.0000
62.940,-96.770,8.127,0.311,0.426,0.541,10.728,1.000,0.000,0.0000
62.950,-96.766,8.157,0.312,0.432,0.536,10.728,1.000,0.000,0.0000
62.960,-96.762,8.188,0.312,0.439,0.532,10.727,1.000,0.000,0.0000
62.970,-96.757,8.218,0.312,0.444,0.528,10.727,1.000,0.000,0.0000
62.980,-96.753,8.249,0.312,0.450,0.523,10.726,1.000,0.000,0.0000
62.990,-96.748,8.280,0.312,0.456,0.519,10.726,1.000,0.000,0.0000
63.000,-96.743,8.312,0.312,0.462,0.514,10.725,1.000,0.000,0.0000
63.010,-96.739,8.344,0.313,0.467,0.509,10.725,1.000,0.000,0.0000
63.020,-96.734,8.377,0.313,0.472,0.505,10.725,1.000,0.000,0.0000
63.030,-96.729,8.410,0.312,0.477,0.500,10.724,1.000,0.000,0.0000
63.040,-96.724,8.443,0.312,0.482,0.495,10.724,1.000,0.000,0.0000
63.050,-96.720,8.477,0.312,0.487,0.490,10.724,1.000,0.000,0.0000
63.060,-96.715,8.511,0.312,0.492,0.485,10.724,1.000,0.000,0.0000
63.070,-96.710,8.546,0.312,0.497,0.480,10.724,1.000,0.000,0.0000
63.080,-96.705,8.580,0.312,0.502,0.475,10.723,1.000,0.000,0.0000
63.090,-96.700,8.616,0.312,0.506,0.470,10.723,1.000,0.000,0.0000
63.100,-96.695,8.652,0.311,0.511,0.465,10.723,1.000,0.000,0.0000
63.110,-96.689,8.688,0.311,0.516,0.460,10.723,1.000,0.000,0.0000
63.120,-96.684,8.724,0.311,0.521,0.455,10.723,1.000,0.000,0.0000
63.130,-96.679,8.761,0.311,0.526,0.449,10.723,1.000,0.000,0.0000
63.140,-96.674,8.798,0.311,0.531,0.444,10.723,1.000,0.000,0.0000
63.150,-96.668,8.836,0.310,0.536,0.439,10.722,1.000,0.000,0.0000
63.160,-96.663,8.874,0.310,0.542,0.433,10.722,1.000,0.000,0.0000
63.170,-96.657,8.913,0.310,0.547,0.428,10.722,1.000,0.000,0.0000
63.180,-96.652,8.952,0.310,0.552,0.422,10.722,1.000,0.000,0.0000
63.190,-96.646,8.991,0.310,0.558,0.417,10.722,1.000,0.000,0.0000
63.200,-96.641,9.031,0.310,0.564,0.411,10.721,1.000,0.000,0.0000
63.210,-96.635,9.071,0.310,0.568,0.405,10.721,1.000,0.000,0.0000
63.220,-96.629,9.111,0.309,0.573,0.400,10.721,1.000,0.000,0.0000
63.230,-96.623,9.152,0.309,0.579,0.394,10.721,1.000,0.000,0.0000
63.240,-96.618,9.194,0.309,0.585,0.388,10.720,1.000,0.000,0.0000
63.250,-96.612,9.235,0.309,0.589,0.382,10.720,1.000,0.000,0.0000
63.260,-96.606,9.277,0.309,0.592,0.376,10.720,1.000,0.000,0.0000
63.270,-96.600,9.319,0.309,0.596,0.370,10.719,1.000,0.000,0.0000
63.280,-96.594,9.362,0.309,0.600,0.364,10.719,1.000,0.000,0.0000
63.290,-96.588,9.405,0.309,0.605,0.358,10.719,1.000,0.000,0.0000
63.300,-96.582,9.449,0.310,0.611,0.352,10.718,1.000,0.000,0.0000
63.310,-96.575,9.493,0.310,0.617,0.346,10.718,1.000,0.000,0.0000
63.320,-96.569,9.537,0.310,0.624,0.340,10.717,1.000,0.000,0.0000
63.330,-96.563,9.582,0.310,0.631,0.334,10.717,1.000,0.000,0.0000
63.340,-96.557,9.627,0.310,0.638,0.327,10.717,1.000,0.000,0.0000
63.350,-96.550,9.673,0.310,0.645,0.321,10.716,1.000,0.000,0.0000
63.360,-96.544,9.719,0.310,0.653,0.314,10.716,1.000,0.000,0.0000
63.370,-96.537,9.765,0.310,0.660,0.308,10.716,1.000,0.000,0.0000
63.380,-96.530,9.812,0.310,0.667,0.301,10.715,1.000,0.000,0.0000
63.390,-96.524,9.859,0.310,0.675,0.294,10.715,1.000,0.000,0.0000
63.400,-96.517,9.907,0.310,0.682,0.287,10.714,1.000,0.000,0.0000
63.410,-96.510,9.955,0.310,0.689,0.281,10.714,1.000,0.000,0.0000
63.420,-96.503,10.003,0.310,0.696,0.274,10.714,1.000,0.000,0.0000
63.430,-96.496,10.052,0.310,0.703,0.267,10.713,1.000,0.000,0.0000
63.440,-96.489,10.101,0.310,0.709,0.260,10.713,1.000,0.000,0.0000
63.450,-96.482,10.151,0.310,0.717,0.252,10.713,1.000,0.000,0.0000
63.460,-96.474,10.201,0.310,0.724,0.245,10.712,1.000,0.000,0.0000
63.470,-96.467,10.251,0.310,0.732,0.238,10.712,1.000,0.000,0.0000
63.480,-96.460,10.302,0.310,0.740,0.231,10.712,1.000,0.000,0.0000
63.490,-96.452,10.353,0.310,0.747,0.223,10.711,1.000,0.000,0.0000
63.500,-96.445,10.404,0.310,0.751,0.216,10.711,1.000,0.000,0.0000
63.510,-96.437,10.456,0.310,0.758,0.208,10.710,1.000,0.000,0.0080
63.520,-96.429,10.508,0.311,0.765,0.201,10.710,1.000,0.000,0.0160
63.530,-96.422,10.560,0.311,0.772,0.193,10.710,1.000,0.000,0.0240
63.540,-96.414,10.613,0.311,0.779,0.185,10.709,1.000,0.000,0.0320
63.550,-96.406,10.666,0.311,0.785,0.177,10.709,0.940,0.000,0.0400
63.560,-96.398,10.720,0.311,0.791,0.169,10.709,0.880,0.000,0.0480
63.570,-96.390,10.773,0.311,0.797,0.162,10.708,0.820,0.000,0.0560
63.580,-96.382,10.828,0.311,0.802,0.154,10.708,0.760,0.000,0.0640
63.590,-96.374,10.882,0.311,0.808,0.146,10.708,0.700,0.000,0.0720
63.600,-96.366,10.937,0.311,0.814,0.138,10.707,0.640,0.000,0.0800
63.610,-96.358,10.992,0.311,0.820,0.129,10.707,0.580,0.000,0.0880
63.620,-96.350,11.048,0.311,0.827,0.121,10.707,0.520,0.000,0.0960
63.630,-96.341,11.104,0.311,0.829,0.113,10.706,0.460,0.000,0.1040
63.640,-96.333,11.160,0.311,0.831,0.105,10.706,0.400,0.000,0.1120
63.650,-96.325,11.215,0.311,0.832,0.097,10.705,0.340,0.000,0.1200
63.660,-96.316,11.271,0.312,0.832,0.089,10.705,0.280,0.000,0.1280
63.670,-96.308,11.326,0.312,0.832,0.081,10.704,0.220,0.000,0.1360
63.680,-96.300,11.380,0.313,0.829,0.073,10.703,0.160,0.000,0.1440
63.690,-96.291,11.435,0.314,0.828,0.066,10.702,0.100,0.000,0.1520
63.700,-96.283,11.489,0.315,0.826,0.059,10.701,0.040,0.000,0.1600
63.710,-96.275,11.542,0.315,0.825,0.052,10.700,0.000,0.000,0.1680
63.720,-96.267,11.596,0.316,0.838,0.045,10.699,0.000,0.000,0.1760
63.730,-96.258,11.649,0.317,0.845,0.039,10.698,0.000,0.000,0.1840
63.740,-96.250,11.703,0.318,0.850,0.034,10.697,0.000,0.000,0.1920
63.750,-96.241,11.756,0.319,0.855,0.031,10.696,0.000,0.000,0.2000
63.760,-96.233,11.808,0.320,0.859,0.030,10.695,0.000,0.000,0.2080
63.770,-96.224,11.861,0.320,0.864,0.031,10.694,0.000,0.000,0.2160
63.780,-96.215,11.912,0.321,0.869,0.034,10.693,0.000,0.000,0.2240
63.790,-96.207,11.964,0.322,0.874,0.040,10.692,0.000,0.000,0.2320
63.800,-96.198,12.015,0.323,0.881,0.046,10.691,0.000,0.000,0.2400
63.810,-96.189,12.066,0.323,0.890,0.053,10.690,0.000,0.000,0.2480
63.820,-96.180,12.116,0.324,0.901,0.060,10.689,0.000,0.000,0.2560
63.830,-96.171,12.165,0.325,0.911,0.068,10.688,0.000,0.000,0.2640
63.840,-96.162,12.214,0.326,0.920,0.077,10.688,0.000,0.000,0.2720
63.850,-96.153,12.262,0.326,0.932,0.085,10.687,0.000,0.000,0.2800
63.860,-96.143,12.310,0.327,0.944,0.094,10.686,0.000,0.000,0.2880
63.870,-96.134,12.357,0.328,0.956,0.103,10.685,0.000,0.000,0.2960
63.880,-96.124,12.403,0.328,0.967,0.113,10.684,0.000,0.000,0.3040
63.890,-96.114,12.448,0.329,0.973,0.122,10.684,0.000,0.000,0.3120
63.900,-96.105,12.492,0.330,0.978,0.132,10.683,0.000,0.000,0.3200
63.910,-96.095,12.536,0.330,0.984,0.141,10.682,0.000,0.000,0.3280
63.920,-96.085,12.580,0.330,0.992,0.151,10.682,0.000,0.000,0.3360
63.930,-96.075,12.623,0.331,0.994,0.160,10.682,0.000,0.000,0.3440
63.940,-96.065,12.665,0.331,0.995,0.170,10.681,0.000,0.000,0.3520
63.950,-96.055,12.707,0.331,0.997,0.180,10.681,0.000,0.000,0.3600
63.960,-96.045,12.748,0.331,0.999,0.190,10.681,0.000,0.000,0.3680
63.970,-96.035,12.789,0.331,1.001,0.199,10.681,0.000,0.000,0.3760
63.980,-96.025,12.829,0.331,0.997,0.209,10.681,0.000,0.000,0.3840
63.990,-96.015,12.868,0.331,0.994,0.219,10.681,0.000,0.000,0.3920
64.000,-96.005,12.907,0.330,0.993,0.228,10.682,0.000,0.000,0.4000
64.010,-95.995,12.945,0.330,0.991,0.238,10.682,0.000,0.000,0.4080
64.020,-95.985,12.983,0.330,0.989,0.248,10.682,0.000,0.000,0.4160
64.030,-95.975,13.020,0.330,0.984,0.258,10.682,0.000,0.000,0.4240
64.040,-95.966,13.057,0.329,0.982,0.267,10.683,0.000,0.000,0.4320
64.050,-95.956,13.093,0.329,0.981,0.277,10.683,0.000,0.000,0.4400
64.060,-95.946,13.128,0.329,0.981,0.287,10.684,0.000,0.000,0.4480
64.070,-95.936,13.163,0.328,0.981,0.296,10.684,0.000,0.000,0.4560
64.080,-95.926,13.197,0.328,0.981,0.306,10.685,0.000,0.000,0.4640
64.090,-95.917,13.231,0.327,0.980,0.316,10.685,0.000,0.000,0.4720
64.100,-95.907,13.265,0.327,0.979,0.325,10.686,0.000,0.000,0.4800
64.110,-95.897,13.297,0.326,0.978,0.335,10.686,0.000,0.000,0.4880
64.120,-95.887,13.330,0.326,0.977,0.345,10.687,0.000,0.000,0.4960
64.130,-95.878,13.362,0.326,0.975,0.354,10.687,0.000,0.000,0.5000
64.140,-95.868,13.393,0.325,0.974,0.364,10.688,0.000,0.000,0.5000
64.150,-95.858,13.424,0.325,0.974,0.373,10.688,0.000,0.000,0.5000
64.160,-95.848,13.454,0.324,0.974,0.383,10.689,0.000,0.000,0.5000
64.170,-95.839,13.484,0.324,0.973,0.393,10.689,0.000,0.000,0.5000
64.180,-95.829,13.514,0.324,0.973,0.402,10.690,0.000,0.000,0.5000
64.190,-95.819,13.543,0.323,0.972,0.412,10.690,0.000,0.000,0.5000
64.200,-95.810,13.571,0.323,0.972,0.422,10.690,0.000,0.000,0.5000
64.210,-95.800,13.600,0.323,0.972,0.431,10.691,0.000,0.000,0.5000
64.220,-95.790,13.628,0.323,0.972,0.441,10.691,0.000,0.000,0.5000
64.230,-95.780,13.655,0.323,0.973,0.451,10.692,0.000,0.000,0.5000
64.240,-95.771,13.682,0.322,0.974,0.460,10.692,0.000,0.000,0.5000
64.250,-95.761,13.709,0.322,0.976,0.470,10.693,0.000,0.000,0.5000
64.260,-95.751,13.736,0.322,1.003,0.480,10.693,0.000,0.000,0.5000
64.270,-95.741,13.763,0.322,1.017,0.490,10.694,0.000,0.000,0.5000
64.280,-95.730,13.789,0.321,1.024,0.500,10.694,0.000,0.000,0.5000
64.290,-95.720,13.816,0.321,1.026,0.511,10.695,0.000,0.000,0.5000
64.300,-95.710,13.842,0.321,1.028,0.521,10.695,0.000,0.000,0.5000
64.310,-95.700,13.868,0.320,1.027,0.531,10.696,0.000,0.000,0.5000
64.320,-95.689,13.893,0.320,1.025,0.541,10.696,0.000,0.000,0.5000
64.330,-95.679,13.918,0.320,1.022,0.552,10.697,0.000,0.000,0.5000
64.340,-95.669,13.943,0.320,1.018,0.562,10.697,0.000,0.000,0.5000
64.350,-95.659,13.967,0.320,1.015,0.572,10.697,0.000,0.000,0.4700
64.360,-95.649,13.991,0.321,1.006,0.582,10.697,0.000,0.000,0.4400
64.370,-95.639,14.014,0.321,0.995,0.592,10.697,0.000,0.000,0.4100
64.380,-95.629,14.036,0.321,0.983,0.602,10.697,0.000,0.000,0.3800
64.390,-95.619,14.058,0.322,0.971,0.611,10.697,0.000,0.000,0.3500
64.400,-95.610,14.080,0.322,0.959,0.621,10.697,0.000,0.000,0.3200
64.410,-95.600,14.101,0.323,0.948,0.631,10.697,0.040,0.000,0.2900
64.420,-95.591,14.122,0.323,0.938,0.640,10.697,0.080,0.000,0.2600
64.430,-95.582,14.142,0.324,0.928,0.649,10.697,0.120,0.000,0.2300
64.440,-95.572,14.162,0.324,0.919,0.658,10.696,0.160,0.000,0.2000
64.450,-95.563,14.181,0.325,0.909,0.667,10.696,0.200,0.000,0.1700
64.460,-95.554,14.200,0.325,0.900,0.676,10.696,0.240,0.000,0.1400
64.470,-95.545,14.219,0.325,0.900,0.685,10.696,0.280,0.000,0.1100
64.480,-95.536,14.238,0.325,0.909,0.695,10.697,0.320,0.000,0.0800
64.490,-95.527,14.258,0.325,0.923,0.704,10.697,0.360,0.000,0.0500
64.500,-95.518,14.277,0.325,0.942,0.713,10.698,0.400,0.000,0.0200
64.510,-95.508,14.297,0.325,0.964,0.723,10.699,0.440,0.000,0.0000
64.520,-95.498,14.318,0.324,0.989,0.733,10.700,0.480,0.000,0.0000
64.530,-95.488,14.338,0.323,1.018,0.743,10.701,0.520,0.000,0.0000
64.540,-95.478,14.360,0.322,1.051,0.753,10.703,0.560,0.000,0.0000
64.550,-95.467,14.382,0.321,1.084,0.764,10.705,0.600,0.000,0.0000
64.560,-95.456,14.404,0.319,1.117,0.775,10.707,0.640,0.000,0.0000
64.570,-95.444,14.428,0.318,1.148,0.786,10.709,0.680,0.000,0.0000
64.580,-95.433,14.451,0.316,1.178,0.798,10.711,0.720,0.000,0.0000
64.590,-95.421,14.476,0.315,1.207,0.810,10.713,0.760,0.000,0.0000
64.600,-95.408,14.500,0.313,1.234,0.822,10.715,0.800,0.000,0.0000
64.610,-95.396,14.526,0.312,1.259,0.834,10.717,0.840,0.000,0.0000
64.620,-95.383,14.551,0.310,1.284,0.847,10.720,0.880,0.000,0.0000
64.630,-95.370,14.578,0.309,1.307,0.860,10.722,0.920,0.000,0.0000
64.640,-95.357,14.604,0.307,1.330,0.873,10.724,0.960,0.000,0.0000
64.650,-95.344,14.632,0.306,1.352,0.887,10.726,1.000,0.000,0.0000
64.660,-95.330,14.659,0.305,1.374,0.900,10.728,1.000,0.000,0.0000
64.670,-95.316,14.687,0.304,1.396,0.914,10.730,1.000,0.000,0.0000
64.680,-95.302,14.716,0.303,1.417,0.928,10.731,1.000,0.000,0.0000
64.690,-95.287,14.745,0.303,1.442,0.943,10.733,1.000,0.000,0.0000
64.700,-95.273,14.774,0.302,1.467,0.957,10.734,1.000,0.000,0.0000
64.710,-95.258,14.804,0.302,1.492,0.972,10.736,1.000,0.000,0.0000
64.720,-95.243,14.835,0.302,1.515,0.987,10.737,1.000,0.000,0.0000
64.730,-95.227,14.866,0.301,1.542,1.003,10.738,1.000,0.000,0.0000
64.740,-95.212,14.897,0.301,1.567,1.019,10.740,1.000,0.000,0.0000
64.750,-95.196,14.929,0.302,1.591,1.034,10.741,1.000,0.000,0.0000
64.760,-95.179,14.961,0.302,1.613,1.051,10.742,1.000,0.000,0.0000
64.770,-95.163,14.993,0.302,1.634,1.067,10.743,1.000,0.000,0.0000
64.780,-95.147,15.026,0.303,1.655,1.083,10.743,1.000,0.000,0.0000
64.790,-95.130,15.059,0.303,1.675,1.100,10.744,1.000,0.000,0.0000
64.800,-95.113,15.093,0.304,1.695,1.117,10.745,1.000,0.000,0.0000
64.810,-95.096,15.126,0.304,1.714,1.134,10.746,1.000,0.000,0.0000
64.820,-95.078,15.161,0.305,1.734,1.152,10.747,1.000,0.000,0.0000
64.830,-95.061,15.195,0.306,1.753,1.169,10.748,1.000,0.000,0.0000
64.840,-95.043,15.230,0.306,1.771,1.187,10.748,1.000,0.000,0.0000
64.850,-95.025,15.266,0.307,1.790,1.205,10.749,1.000,0.000,0.0000
64.860,-95.007,15.302,0.308,1.808,1.223,10.750,1.000,0.000,0.0000
64.870,-94.989,15.338,0.308,1.826,1.241,10.751,1.000,0.000,0.0000
64.880,-94.971,15.374,0.309,1.843,1.260,10.752,1.000,0.000,0.0000
64.890,-94.952,15.411,0.310,1.861,1.278,10.754,1.000,0.000,0.0000
64.900,-94.933,15.448,0.310,1.878,1.297,10.755,1.000,0.000,0.0000
64.910,-94.914,15.486,0.311,1.895,1.316,10.756,1.000,0.000,0.0000
64.920,-94.895,15.523,0.311,1.912,1.335,10.758,1.000,0.000,0.0000
64.930,-94.876,15.562,0.312,1.929,1.354,10.759,1.000,0.000,0.0000
64.940,-94.856,15.600,0.312,1.946,1.374,10.761,1.000,0.000,0.0000
64.950,-94.837,15.639,0.312,1.962,1.393,10.763,1.000,0.000,0.0000
64.960,-94.817,15.678,0.313,1.979,1.413,10.764,1.000,0.000,0.0000
64.970,-94.797,15.718,0.313,1.995,1.433,10.766,1.000,0.000,0.0000
64.980,-94.777,15.757,0.313,2.013,1.453,10.768,1.000,0.000,0.0000
64.990,-94.757,15.798,0.313,2.027,1.473,10.771,1.000,0.000,0.0000
65.000,-94.736,15.838,0.313,2.042,1.494,10.773,1.000,0.000,0.0000
65.010,-94.716,15.879,0.314,2.056,1.514,10.775,1.000,0.000,0.0000
65.020,-94.695,15.920,0.314,2.069,1.535,10.778,1.000,0.000,0.0000
65.030,-94.674,15.961,0.314,2.083,1.556,10.780,1.000,0.000,0.0000
65.040,-94.653,16.003,0.313,2.099,1.577,10.783,1.000,0.000,0.0000
65.050,-94.632,16.045,0.313,2.117,1.598,10.786,1.000,0.000,0.0000
65.060,-94.611,16.087,0.313,2.136,1.619,10.789,1.000,0.000,0.0000
65.070,-94.589,16.130,0.313,2.157,1.641,10.792,1.000,0.000,0.0000
65.080,-94.567,16.173,0.313,2.177,1.663,10.795,1.000,0.000,0.0000
65.090,-94.545,16.217,0.312,2.198,1.685,10.798,1.000,0.000,0.0000
65.100,-94.523,16.261,0.312,2.219,1.707,10.801,1.000,0.000,0.0000
65.110,-94.501,16.306,0.312,2.240,1.729,10.805,1.000,0.000,0.0000
65.120,-94.478,16.350,0.311,2.261,1.752,10.808,1.000,0.000,0.0000
65.130,-94.455,16.395,0.311,2.281,1.775,10.812,1.000,0.000,0.0000
65.140,-94.432,16.441,0.311,2.302,1.798,10.815,1.000,0.000,0.0000
65.150,-94.409,16.487,0.310,2.322,1.821,10.819,1.000,0.000,0.0000
65.160,-94.386,16.533,0.310,2.342,1.844,10.823,1.000,0.000,0.0000
65.170,-94.362,16.580,0.310,2.362,1.868,10.827,1.000,0.000,0.0000
65.180,-94.338,16.627,0.310,2.382,1.892,10.831,1.000,0.000,0.0000
65.190,-94.314,16.674,0.309,2.400,1.916,10.835,1.000,0.000,0.0000
65.200,-94.290,16.721,0.309,2.419,1.940,10.838,1.000,0.000,0.0000
65.210,-94.266,16.769,0.309,2.434,1.964,10.842,1.000,0.000,0.0000
65.220,-94.241,16.818,0.309,2.452,1.989,10.847,1.000,0.000,0.0000
65.230,-94.217,16.866,0.309,2.471,2.014,10.851,1.000,0.000,0.0000
65.240,-94.192,16.915,0.309,2.491,2.038,10.855,1.000,0.000,0.0000
65.250,-94.167,16.964,0.309,2.510,2.064,10.859,1.000,0.000,0.0000
65.260,-94.141,17.013,0.309,2.527,2.089,10.863,1.000,0.000,0.0000
65.270,-94.116,17.063,0.309,2.546,2.114,10.868,1.000,0.000,0.0000
65.280,-94.090,17.113,0.309,2.568,2.140,10.872,1.000,0.000,0.0000
65.290,-94.064,17.164,0.309,2.590,2.166,10.876,1.000,0.000,0.0000
65.300,-94.038,17.214,0.309,2.612,2.192,10.881,1.000,0.000,0.0000
65.310,-94.012,17.266,0.309,2.634,2.218,10.886,1.000,0.000,0.0000
65.320,-93.985,17.317,0.309,2.655,2.245,10.891,1.000,0.000,0.0000
65.330,-93.958,17.370,0.309,2.676,2.272,10.896,1.000,0.000,0.0000
65.340,-93.931,17.422,0.309,2.695,2.299,10.901,1.000,0.000,0.0000
65.350,-93.904,17.475,0.309,2.714,2.326,10.906,1.000,0.000,0.0000
65.360,-93.877,17.528,0.309,2.733,2.353,10.911,1.000,0.000,0.0000
65.370,-93.850,17.582,0.310,2.751,2.381,10.916,1.000,0.000,0.0000
65.380,-93.822,17.636,0.310,2.768,2.408,10.922,1.000,0.000,0.0000
65.390,-93.794,17.690,0.310,2.784,2.436,10.927,1.000,0.000,0.0000
65.400,-93.766,17.745,0.310,2.800,2.464,10.933,1.000,0.000,0.0000
65.410,-93.738,17.800,0.310,2.816,2.492,10.939,1.000,0.000,0.0000
65.420,-93.710,17.855,0.310,2.832,2.521,10.944,1.000,0.000,0.0000
65.430,-93.681,17.911,0.310,2.846,2.549,10.950,0.940,0.000,0.0000
65.440,-93.652,17.967,0.310,2.859,2.578,10.956,0.880,0.000,0.0000
65.450,-93.624,18.023,0.310,2.873,2.606,10.962,0.820,0.000,0.0000
65.460,-93.595,18.079,0.310,2.885,2.635,10.969,0.760,0.000,0.0000
65.470,-93.566,18.136,0.311,2.899,2.664,10.975,0.700,0.000,0.0000
65.480,-93.537,18.194,0.311,2.916,2.693,10.981,0.640,0.000,0.0000
65.490,-93.507,18.251,0.311,2.936,2.723,10.988,0.580,0.000,0.0000
65.500,-93.478,18.309,0.311,2.951,2.752,10.994,0.520,0.000,0.0000
65.510,-93.448,18.367,0.311,2.956,2.782,11.001,0.460,0.000,0.0000
65.520,-93.419,18.425,0.311,2.951,2.811,11.008,0.400,0.000,0.0000
65.530,-93.389,18.483,0.312,2.942,2.841,11.014,0.340,0.000,0.0000
65.540,-93.360,18.541,0.312,2.928,2.870,11.021,0.280,0.000,0.0000
65.550,-93.331,18.598,0.313,2.913,2.899,11.027,0.220,0.000,0.0000
65.560,-93.302,18.655,0.313,2.896,2.928,11.033,0.160,0.000,0.0000
65.570,-93.273,18.711,0.314,2.879,2.957,11.040,0.100,0.000,0.0000
65.580,-93.245,18.767,0.315,2.862,2.985,11.046,0.040,0.000,0.0000
65.590,-93.216,18.823,0.316,2.844,3.014,11.052,0.000,0.000,0.0000
65.600,-93.188,18.878,0.317,2.826,3.042,11.058,0.000,0.000,0.0000
65.610,-93.160,18.933,0.318,2.809,3.070,11.064,0.000,0.000,0.0080
65.620,-93.132,18.987,0.320,2.793,3.098,11.070,0.000,0.000,0.0160
65.630,-93.104,19.041,0.321,2.777,3.126,11.077,0.000,0.000,0.0240
65.640,-93.077,19.095,0.322,2.753,3.153,11.083,0.000,0.000,0.0320
65.650,-93.049,19.147,0.323,2.731,3.181,11.089,0.000,0.000,0.0400
65.660,-93.022,19.200,0.324,2.713,3.208,11.095,0.000,0.000,0.0480
65.670,-92.995,19.252,0.325,2.695,3.235,11.101,0.000,0.000,0.0560
65.680,-92.969,19.304,0.326,2.679,3.262,11.108,0.000,0.000,0.0640
65.690,-92.942,19.355,0.327,2.663,3.288,11.114,0.000,0.000,0.0720
65.700,-92.916,19.406,0.327,2.647,3.315,11.121,0.000,0.000,0.0800
65.710,-92.889,19.456,0.328,2.630,3.341,11.128,0.000,0.000,0.0880
65.720,-92.863,19.507,0.328,2.613,3.367,11.135,0.000,0.000,0.0960
65.730,-92.837,19.556,0.329,2.596,3.393,11.142,0.000,0.000,0.1040
65.740,-92.811,19.606,0.329,2.578,3.419,11.149,0.000,0.000,0.1120
65.750,-92.786,19.655,0.329,2.560,3.444,11.156,0.000,0.000,0.1200
65.760,-92.760,19.703,0.329,2.541,3.470,11.163,0.000,0.000,0.1280
65.770,-92.735,19.751,0.330,2.523,3.495,11.170,0.000,0.000,0.1360
65.780,-92.710,19.799,0.330,2.504,3.520,11.178,0.000,0.000,0.1440
65.790,-92.685,19.846,0.329,2.485,3.545,11.185,0.000,0.000,0.1520
65.800,-92.661,19.893,0.329,2.468,3.570,11.193,0.000,0.000,0.1600
65.810,-92.636,19.940,0.329,2.455,3.594,11.200,0.000,0.000,0.1680
65.820,-92.612,19.986,0.329,2.443,3.619,11.208,0.000,0.000,0.1760
65.830,-92.587,20.032,0.328,2.432,3.643,11.216,0.000,0.000,0.1840
65.840,-92.563,20.078,0.328,2.419,3.667,11.223,0.000,0.000,0.1920
65.850,-92.539,20.123,0.327,2.406,3.691,11.231,0.000,0.000,0.2000
65.860,-92.515,20.168,0.327,2.417,3.715,11.239,0.000,0.000,0.2080
65.870,-92.491,20.213,0.326,2.421,3.739,11.247,0.000,0.000,0.2160
65.880,-92.467,20.258,0.325,2.419,3.764,11.256,0.000,0.000,0.2240
65.890,-92.442,20.302,0.325,2.414,3.788,11.264,0.000,0.000,0.2320
65.900,-92.418,20.346,0.324,2.408,3.812,11.272,0.000,0.000,0.2400
65.910,-92.394,20.390,0.324,2.401,3.836,11.280,0.000,0.000,0.2480
65.920,-92.370,20.433,0.323,2.393,3.860,11.288,0.000,0.000,0.2560
65.930,-92.347,20.476,0.323,2.387,3.884,11.297,0.000,0.000,0.2640
65.940,-92.323,20.518,0.322,2.382,3.907,11.305,0.000,0.000,0.2720
65.950,-92.299,20.560,0.322,2.376,3.931,11.313,0.000,0.000,0.2800
65.960,-92.275,20.602,0.321,2.369,3.955,11.321,0.000,0.000,0.2880
65.970,-92.252,20.643,0.321,2.363,3.978,11.329,0.000,0.000,0.2960
65.980,-92.228,20.683,0.321,2.357,4.002,11.337,0.000,0.000,0.3040
65.990,-92.205,20.723,0.321,2.351,4.026,11.345,0.000,0.000,0.3120
66.000,-92.181,20.762,0.321,2.342,4.049,11.352,0.000,0.000,0.3200
66.010,-92.158,20.801,0.322,2.323,4.072,11.360,0.000,0.000,0.3280
66.020,-92.135,20.838,0.322,2.303,4.095,11.367,0.000,0.000,0.3360
66.030,-92.112,20.875,0.323,2.285,4.118,11.375,0.000,0.000,0.3440
66.040,-92.089,20.911,0.323,2.270,4.141,11.382,0.000,0.000,0.3520
66.050,-92.067,20.946,0.324,2.259,4.163,11.389,0.000,0.000,0.3600
66.060,-92.044,20.982,0.324,2.249,4.186,11.397,0.000,0.000,0.3680
66.070,-92.022,21.016,0.324,2.240,4.208,11.404,0.000,0.000,0.3760
66.080,-92.000,21.051,0.325,2.230,4.231,11.411,0.000,0.000,0.3840
66.090,-91.977,21.085,0.325,2.220,4.253,11.419,0.000,0.000,0.3920
66.100,-91.956,21.118,0.326,2.178,4.275,11.426,0.000,0.000,0.4000
66.110,-91.934,21.150,0.326,2.154,4.296,11.433,0.000,0.000,0.4080
66.120,-91.913,21.182,0.327,2.125,4.317,11.440,0.000,0.000,0.4160
66.130,-91.892,21.214,0.327,2.095,4.338,11.448,0.000,0.000,0.4240
66.140,-91.871,21.244,0.327,2.062,4.359,11.455,0.000,0.000,0.4320
66.150,-91.851,21.275,0.328,2.036,4.379,11.462,0.000,0.000,0.4400
66.160,-91.831,21.304,0.328,2.016,4.399,11.469,0.000,0.000,0.4480
66.170,-91.811,21.333,0.328,1.997,4.419,11.475,0.000,0.000,0.4180
66.180,-91.791,21.361,0.329,1.988,4.439,11.483,0.000,0.000,0.3880
66.190,-91.771,21.390,0.329,1.985,4.459,11.490,0.000,0.000,0.3580
66.200,-91.751,21.418,0.329,1.987,4.479,11.497,0.000,0.000,0.3280
66.210,-91.731,21.446,0.328,1.992,4.499,11.505,0.000,0.000,0.2980
66.220,-91.711,21.474,0.328,2.000,4.519,11.513,0.000,0.000,0.2680
66.230,-91.691,21.501,0.327,2.008,4.539,11.521,0.000,0.000,0.2380
66.240,-91.671,21.529,0.327,2.016,4.559,11.529,0.000,0.000,0.2080
66.250,-91.651,21.557,0.326,2.024,4.579,11.537,0.000,0.000,0.1780
66.260,-91.631,21.584,0.325,2.032,4.600,11.546,0.000,0.000,0.1480
66.270,-91.610,21.611,0.324,2.039,4.620,11.554,0.000,0.000,0.1180
66.280,-91.590,21.639,0.323,2.045,4.640,11.563,0.040,0.000,0.0880
66.290,-91.569,21.666,0.322,2.050,4.661,11.572,0.080,0.000,0.0580
66.300,-91.549,21.693,0.322,2.026,4.681,11.580,0.120,0.000,0.0280
66.310,-91.529,21.719,0.321,2.002,4.701,11.588,0.160,0.000,0.0000
66.320,-91.509,21.744,0.320,1.978,4.721,11.597,0.200,0.000,0.0000
66.330,-91.490,21.770,0.320,1.954,4.740,11.605,0.240,0.000,0.0000
66.340,-91.470,21.795,0.319,1.932,4.760,11.612,0.280,0.000,0.0000
66.350,-91.451,21.819,0.319,1.916,4.779,11.620,0.320,0.000,0.0000
66.360,-91.432,21.844,0.319,1.916,4.798,11.628,0.360,0.000,0.0000
66.370,-91.413,21.869,0.318,1.928,4.817,11.636,0.400,0.000,0.0000
66.380,-91.393,21.894,0.318,1.948,4.837,11.644,0.440,0.000,0.0000
66.390,-91.374,21.920,0.317,1.962,4.856,11.652,0.480,0.000,0.0000
66.400,-91.354,21.945,0.317,1.987,4.876,11.661,0.520,0.000,0.0000
66.410,-91.334,21.971,0.316,2.012,4.896,11.669,0.560,0.000,0.0000
66.420,-91.313,21.998,0.316,2.037,4.917,11.678,0.600,0.000,0.0000
66.430,-91.293,22.024,0.315,2.060,4.937,11.687,0.640,0.000,0.0000
66.440,-91.272,22.051,0.314,2.080,4.958,11.696,0.680,0.000,0.0000
66.450,-91.251,22.078,0.313,2.097,4.979,11.705,0.720,0.000,0.0000
66.460,-91.230,22.106,0.313,2.119,5.000,11.714,0.760,0.000,0.0000
66.470,-91.208,22.134,0.312,2.145,5.022,11.724,0.800,0.000,0.0000
66.480,-91.187,22.162,0.311,2.173,5.043,11.733,0.840,0.000,0.0000
66.490,-91.165,22.190,0.311,2.202,5.065,11.743,0.880,0.000,0.0000
66.500,-91.142,22.219,0.310,2.232,5.088,11.753,0.920,0.000,0.0000
66.510,-91.120,22.248,0.310,2.262,5.110,11.763,0.960,0.000,0.0000
66.520,-91.097,22.277,0.309,2.292,5.133,11.773,1.000,0.000,0.0000
66.530,-91.074,22.307,0.309,2.322,5.156,11.783,1.000,0.000,0.0000
66.540,-91.050,22.337,0.308,2.351,5.180,11.793,1.000,0.000,0.0000
66.550,-91.026,22.368,0.308,2.380,5.204,11.803,1.000,0.000,0.0000
66.560,-91.002,22.399,0.307,2.408,5.228,11.814,1.000,0.000,0.0000
66.570,-90.978,22.430,0.307,2.436,5.252,11.824,1.000,0.000,0.0000
66.580,-90.953,22.461,0.307,2.464,5.277,11.835,1.000,0.000,0.0000
66.590,-90.928,22.493,0.307,2.492,5.302,11.846,1.000,0.000,0.0000
66.600,-90.903,22.525,0.307,2.519,5.327,11.857,1.000,0.000,0.0000
66.610,-90.878,22.557,0.307,2.544,5.352,11.868,1.000,0.000,0.0000
66.620,-90.852,22.590,0.307,2.572,5.378,11.879,1.000,0.000,0.0000
66.630,-90.826,22.623,0.307,2.600,5.404,11.890,1.000,0.000,0.0000
66.640,-90.800,22.657,0.307,2.628,5.430,11.901,1.000,0.000,0.0000
66.650,-90.773,22.690,0.307,2.656,5.457,11.913,1.000,0.000,0.0000
66.660,-90.746,22.724,0.307,2.683,5.484,11.925,1.000,0.000,0.0000
66.670,-90.719,22.759,0.307,2.710,5.511,11.936,1.000,0.000,0.0000
66.680,-90.692,22.793,0.308,2.737,5.538,11.948,1.000,0.000,0.0000
66.690,-90.664,22.828,0.308,2.763,5.566,11.960,1.000,0.000,0.0000
66.700,-90.636,22.863,0.308,2.789,5.594,11.973,1.000,0.000,0.0000
66.710,-90.608,22.899,0.308,2.816,5.622,11.985,1.000,0.000,0.0000
66.720,-90.580,22.935,0.309,2.843,5.650,11.998,1.000,0.000,0.0000
66.730,-90.551,22.971,0.309,2.869,5.679,12.010,1.000,0.000,0.0000
66.740,-90.522,23.008,0.309,2.893,5.708,12.023,1.000,0.000,0.0000
66.750,-90.493,23.045,0.309,2.918,5.737,12.036,1.000,0.000,0.0000
66.760,-90.464,23.082,0.310,2.943,5.766,12.050,1.000,0.000,0.0000
66.770,-90.434,23.119,0.310,2.968,5.796,12.063,1.000,0.000,0.0000
66.780,-90.404,23.157,0.310,2.993,5.826,12.077,1.000,0.000,0.0000
66.790,-90.374,23.195,0.310,3.018,5.856,12.090,1.000,0.000,0.0000
66.800,-90.343,23.234,0.311,3.043,5.887,12.104,1.000,0.000,0.0000
66.810,-90.313,23.272,0.311,3.067,5.917,12.119,1.000,0.000,0.0000
66.820,-90.282,23.311,0.311,3.090,5.948,12.133,1.000,0.000,0.0000
66.830,-90.251,23.351,0.311,3.114,5.979,12.148,1.000,0.000,0.0000
66.840,-90.219,23.391,0.311,3.137,6.011,12.163,1.000,0.000,0.0000
66.850,-90.188,23.431,0.311,3.160,6.042,12.177,1.000,0.000,0.0000
66.860,-90.156,23.471,0.311,3.182,6.074,12.193,1.000,0.000,0.0000
66.870,-90.124,23.511,0.311,3.202,6.106,12.208,1.000,0.000,0.0000
66.880,-90.092,23.552,0.311,3.223,6.138,12.223,1.000,0.000,0.0000
66.890,-90.059,23.593,0.311,3.244,6.171,12.239,1.000,0.000,0.0000
66.900,-90.026,23.635,0.311,3.267,6.204,12.255,1.000,0.000,0.0000
66.910,-89.994,23.677,0.311,3.291,6.236,12.271,1.000,0.000,0.0000
66.920,-89.960,23.719,0.311,3.316,6.270,12.287,1.000,0.000,0.0000
66.930,-89.927,23.761,0.311,3.340,6.303,12.304,1.000,0.000,0.0000
66.940,-89.893,23.804,0.311,3.364,6.337,12.321,1.000,0.000,0.0000
66.950,-89.859,23.847,0.311,3.388,6.371,12.337,1.000,0.000,0.0000
66.960,-89.825,23.891,0.311,3.411,6.405,12.355,1.000,0.000,0.0000
66.970,-89.791,23.935,0.311,3.435,6.439,12.372,1.000,0.000,0.0000
66.980,-89.756,23.979,0.311,3.461,6.474,12.389,1.000,0.000,0.0000
66.990,-89.722,24.023,0.311,3.487,6.509,12.407,1.000,0.000,0.0000
67.000,-89.686,24.068,0.311,3.514,6.544,12.425,1.000,0.000,0.0000
67.010,-89.651,24.113,0.311,3.540,6.579,12.443,1.000,0.000,0.0000
67.020,-89.615,24.158,0.310,3.567,6.615,12.461,1.000,0.000,0.0000
67.030,-89.579,24.204,0.310,3.594,6.651,12.480,1.000,0.000,0.0000
67.040,-89.543,24.250,0.310,3.620,6.687,12.499,1.000,0.000,0.0000
67.050,-89.507,24.296,0.310,3.646,6.723,12.518,1.000,0.000,0.0000
67.060,-89.470,24.343,0.310,3.671,6.760,12.537,1.000,0.000,0.0000
67.070,-89.433,24.390,0.310,3.693,6.797,12.556,1.000,0.000,0.0000
67.080,-89.396,24.437,0.310,3.718,6.834,12.576,1.000,0.000,0.0000
67.090,-89.358,24.484,0.310,3.743,6.872,12.595,1.000,0.000,0.0000
67.100,-89.321,24.532,0.310,3.770,6.909,12.615,1.000,0.000,0.0000
67.110,-89.283,24.580,0.310,3.797,6.947,12.636,1.000,0.000,0.0000
67.120,-89.245,24.628,0.310,3.824,6.985,12.656,1.000,0.000,0.0000
67.130,-89.206,24.677,0.310,3.851,7.024,12.677,1.000,0.000,0.0000
67.140,-89.167,24.725,0.310,3.873,7.063,12.697,1.000,0.000,0.0000
67.150,-89.128,24.775,0.310,3.898,7.102,12.718,1.000,0.000,0.0000
67.160,-89.089,24.824,0.310,3.925,7.141,12.740,1.000,0.000,0.0000
67.170,-89.050,24.874,0.310,3.953,7.181,12.761,1.000,0.000,0.0000
67.180,-89.010,24.924,0.310,3.982,7.220,12.783,1.000,0.000,0.0000
67.190,-88.970,24.974,0.310,4.009,7.260,12.805,1.000,0.000,0.0000
67.200,-88.929,25.025,0.310,4.036,7.301,12.827,1.000,0.000,0.0000
67.210,-88.889,25.076,0.310,4.063,7.341,12.849,1.000,0.000,0.0000
67.220,-88.848,25.128,0.310,4.088,7.382,12.872,1.000,0.000,0.0000
67.230,-88.807,25.180,0.310,4.113,7.423,12.895,1.000,0.000,0.0000
67.240,-88.765,25.232,0.310,4.137,7.465,12.918,1.000,0.000,0.0000
67.250,-88.724,25.284,0.310,4.160,7.506,12.941,1.000,0.000,0.0080
67.260,-88.682,25.337,0.310,4.182,7.548,12.965,1.000,0.000,0.0160
67.270,-88.640,25.390,0.310,4.201,7.590,12.989,1.000,0.000,0.0240
67.280,-88.598,25.443,0.310,4.221,7.632,13.013,0.940,0.000,0.0320
67.290,-88.555,25.496,0.310,4.242,7.675,13.037,0.880,0.000,0.0400
67.300,-88.513,25.550,0.310,4.265,7.717,13.061,0.820,0.000,0.0480
67.310,-88.470,25.605,0.310,4.294,7.760,13.086,0.760,0.000,0.0560
67.320,-88.426,25.659,0.310,4.323,7.804,13.111,0.700,0.000,0.0640
67.330,-88.383,25.714,0.310,4.356,7.847,13.136,0.640,0.000,0.0720
67.340,-88.339,25.770,0.310,4.380,7.891,13.161,0.580,0.000,0.0800
67.350,-88.295,25.825,0.310,4.392,7.935,13.187,0.520,0.000,0.0880
67.360,-88.251,25.881,0.310,4.394,7.979,13.213,0.460,0.000,0.0960
67.370,-88.207,25.936,0.311,4.387,8.023,13.238,0.400,0.000,0.1040
67.380,-88.164,25.991,0.311,4.376,8.067,13.264,0.340,0.000,0.1120
67.390,-88.120,26.046,0.312,4.361,8.110,13.289,0.280,0.000,0.1200
67.400,-88.076,26.101,0.312,4.345,8.154,13.314,0.220,0.000,0.1280
67.410,-88.033,26.155,0.313,4.329,8.197,13.339,0.160,0.000,0.1360
67.420,-87.990,26.208,0.314,4.303,8.240,13.364,0.100,0.000,0.1440
67.430,-87.947,26.261,0.315,4.274,8.283,13.389,0.040,0.000,0.1520
67.440,-87.905,26.313,0.316,4.247,8.325,13.414,0.000,0.000,0.1600
67.450,-87.863,26.365,0.318,4.224,8.367,13.438,0.000,0.000,0.1680
67.460,-87.821,26.416,0.319,4.193,8.409,13.462,0.000,0.000,0.1760
67.470,-87.779,26.467,0.320,4.167,8.451,13.487,0.000,0.000,0.1840
67.480,-87.738,26.517,0.322,4.146,8.492,13.511,0.000,0.000,0.1920
67.490,-87.697,26.567,0.323,4.127,8.534,13.535,0.000,0.000,0.2000
67.500,-87.655,26.616,0.324,4.105,8.575,13.559,0.000,0.000,0.2080
67.510,-87.615,26.664,0.326,4.080,8.615,13.584,0.000,0.000,0.2160
67.520,-87.574,26.712,0.327,4.052,8.656,13.608,0.000,0.000,0.2240
67.530,-87.534,26.760,0.328,4.023,8.696,13.632,0.000,0.000,0.2320
67.540,-87.494,26.806,0.329,4.000,8.736,13.656,0.000,0.000,0.2400
67.550,-87.454,26.853,0.330,3.979,8.776,13.680,0.000,0.000,0.2480
67.560,-87.415,26.898,0.330,3.960,8.815,13.704,0.000,0.000,0.2560
67.570,-87.375,26.944,0.331,3.941,8.855,13.729,0.000,0.000,0.2640
67.580,-87.336,26.988,0.331,3.922,8.894,13.753,0.000,0.000,0.2720
67.590,-87.297,27.032,0.332,3.902,8.933,13.777,0.000,0.000,0.2800
67.600,-87.258,27.076,0.332,3.883,8.972,13.801,0.000,0.000,0.2880
67.610,-87.219,27.119,0.332,3.873,9.011,13.826,0.000,0.000,0.2960
67.620,-87.181,27.163,0.332,3.868,9.049,13.851,0.000,0.000,0.3040
67.630,-87.142,27.205,0.332,3.864,9.088,13.876,0.000,0.000,0.3120
67.640,-87.104,27.248,0.331,3.857,9.127,13.900,0.000,0.000,0.3200
67.650,-87.065,27.290,0.331,3.846,9.165,13.925,0.000,0.000,0.3280
67.660,-87.027,27.331,0.330,3.833,9.203,13.950,0.000,0.000,0.3360
67.670,-86.989,27.372,0.330,3.818,9.242,13.975,0.000,0.000,0.3440
67.680,-86.951,27.413,0.329,3.801,9.280,14.000,0.000,0.000,0.3520
67.690,-86.913,27.453,0.329,3.785,9.317,14.025,0.000,0.000,0.3600
67.700,-86.875,27.492,0.328,3.768,9.355,14.050,0.000,0.000,0.3680
67.710,-86.837,27.531,0.328,3.793,9.393,14.075,0.000,0.000,0.3760
67.720,-86.799,27.570,0.327,3.807,9.431,14.101,0.000,0.000,0.3840
67.730,-86.761,27.608,0.326,3.813,9.469,14.126,0.000,0.000,0.3920
67.740,-86.723,27.645,0.325,3.818,9.507,14.152,0.000,0.000,0.4000
67.750,-86.685,27.683,0.325,3.819,9.545,14.177,0.000,0.000,0.4080
67.760,-86.646,27.720,0.324,3.814,9.584,14.203,0.000,0.000,0.4160
67.770,-86.609,27.755,0.324,3.776,9.621,14.228,0.000,0.000,0.4240
67.780,-86.571,27.790,0.323,3.722,9.659,14.253,0.000,0.000,0.4320
67.790,-86.535,27.823,0.324,3.666,9.695,14.277,0.000,0.000,0.4400
67.800,-86.499,27.856,0.324,3.619,9.731,14.301,0.000,0.000,0.4480
67.810,-86.463,27.888,0.324,3.585,9.767,14.325,0.000,0.000,0.4560
67.820,-86.427,27.920,0.324,3.561,9.803,14.348,0.000,0.000,0.4640
67.830,-86.392,27.951,0.325,3.542,9.838,14.372,0.000,0.000,0.4720
67.840,-86.356,27.981,0.325,3.525,9.874,14.395,0.000,0.000,0.4800
67.850,-86.321,28.011,0.325,3.508,9.909,14.418,0.000,0.000,0.4880
67.860,-86.287,28.041,0.325,3.486,9.944,14.441,0.000,0.000,0.4960
67.870,-86.252,28.069,0.326,3.461,9.978,14.465,0.000,0.000,0.5000
67.880,-86.218,28.098,0.326,3.435,10.013,14.488,0.000,0.000,0.5000
67.890,-86.183,28.126,0.326,3.412,10.047,14.510,0.000,0.000,0.5000
67.900,-86.150,28.153,0.326,3.391,10.081,14.533,0.000,0.000,0.5000
67.910,-86.116,28.180,0.326,3.371,10.114,14.556,0.000,0.000,0.5000
67.920,-86.082,28.207,0.327,3.349,10.148,14.579,0.000,0.000,0.5000
67.930,-86.049,28.233,0.327,3.327,10.181,14.601,0.000,0.000,0.5000
67.940,-86.016,28.258,0.327,3.306,10.214,14.624,0.000,0.000,0.5000
67.950,-85.983,28.283,0.327,3.286,10.247,14.646,0.000,0.000,0.5000
67.960,-85.950,28.308,0.327,3.266,10.280,14.669,0.000,0.000,0.5000
67.970,-85.918,28.332,0.327,3.246,10.312,14.691,0.000,0.000,0.5000
67.980,-85.886,28.356,0.327,3.225,10.344,14.713,0.000,0.000,0.5000
67.990,-85.854,28.379,0.327,3.203,10.376,14.735,0.000,0.000,0.4700
68.000,-85.822,28.402,0.326,3.187,10.408,14.757,0.000,0.000,0.4400
68.010,-85.790,28.424,0.326,3.176,10.440,14.779,0.000,0.000,0.4100
68.020,-85.758,28.447,0.326,3.171,10.472,14.801,0.000,0.000,0.3800
68.030,-85.727,28.469,0.326,3.171,10.503,14.824,0.040,0.000,0.3500
68.040,-85.695,28.490,0.325,3.160,10.535,14.846,0.080,0.000,0.3200
68.050,-85.664,28.512,0.325,3.152,10.566,14.868,0.120,0.000,0.2900
68.060,-85.632,28.533,0.324,3.146,10.598,14.890,0.160,0.000,0.2600
68.070,-85.601,28.554,0.324,3.140,10.629,14.912,0.200,0.000,0.2300
68.080,-85.569,28.574,0.323,3.130,10.661,14.935,0.240,0.000,0.2000
68.090,-85.538,28.594,0.323,3.115,10.692,14.957,0.280,0.000,0.1700
68.100,-85.507,28.614,0.323,3.099,10.723,14.979,0.320,0.000,0.1400
68.110,-85.476,28.634,0.322,3.082,10.754,15.001,0.360,0.000,0.1100
68.120,-85.446,28.653,0.322,3.072,10.784,15.022,0.400,0.000,0.0800
68.130,-85.415,28.673,0.321,3.082,10.815,15.044,0.440,0.000,0.0500
68.140,-85.384,28.692,0.321,3.104,10.846,15.067,0.480,0.000,0.0200
68.150,-85.353,28.712,0.320,3.134,10.877,15.089,0.520,0.000,0.0000
68.160,-85.321,28.731,0.320,3.170,10.909,15.112,0.560,0.000,0.0000
68.170,-85.289,28.751,0.319,3.221,10.941,15.135,0.600,0.000,0.0000
68.180,-85.256,28.771,0.318,3.283,10.974,15.159,0.640,0.000,0.0000
68.190,-85.222,28.792,0.317,3.349,11.008,15.184,0.680,0.000,0.0000
68.200,-85.188,28.812,0.316,3.416,11.042,15.209,0.720,0.000,0.0000
68.210,-85.153,28.834,0.314,3.481,11.077,15.234,0.760,0.000,0.0000
68.220,-85.118,28.855,0.313,3.543,11.112,15.261,0.800,0.000,0.0000
68.230,-85.082,28.876,0.312,3.602,11.148,15.287,0.840,0.000,0.0000
68.240,-85.046,28.898,0.310,3.658,11.185,15.314,0.880,0.000,0.0000
68.250,-85.008,28.920,0.309,3.710,11.222,15.342,0.920,0.000,0.0000
68.260,-84.971,28.943,0.308,3.760,11.259,15.369,0.960,0.000,0.0000
68.270,-84.933,28.965,0.307,3.807,11.297,15.397,1.000,0.000,0.0000
68.280,-84.894,28.988,0.306,3.853,11.336,15.426,1.000,0.000,0.0000
68.290,-84.855,29.011,0.305,3.897,11.375,15.454,1.000,0.000,0.0000
68.300,-84.816,29.034,0.304,3.951,11.414,15.483,1.000,0.000,0.0000
68.310,-84.776,29.058,0.304,4.008,11.454,15.513,1.000,0.000,0.0000
68.320,-84.735,29.082,0.303,4.058,11.495,15.543,1.000,0.000,0.0000
68.330,-84.694,29.106,0.303,4.109,11.536,15.573,1.000,0.000,0.0000
68.340,-84.652,29.130,0.302,4.158,11.578,15.603,1.000,0.000,0.0000
68.350,-84.610,29.155,0.302,4.204,11.620,15.634,1.000,0.000,0.0000
68.360,-84.568,29.180,0.302,4.247,11.662,15.665,1.000,0.000,0.0000
68.370,-84.525,29.204,0.302,4.288,11.705,15.696,1.000,0.000,0.0000
68.380,-84.482,29.230,0.302,4.328,11.748,15.728,1.000,0.000,0.0000
68.390,-84.438,29.255,0.303,4.367,11.792,15.760,1.000,0.000,0.0000
68.400,-84.394,29.280,0.303,4.405,11.836,15.792,1.000,0.000,0.0000
68.410,-84.350,29.306,0.303,4.443,11.880,15.824,1.000,0.000,0.0000
68.420,-84.305,29.332,0.304,4.480,11.925,15.857,1.000,0.000,0.0000
68.430,-84.260,29.358,0.304,4.517,11.970,15.890,1.000,0.000,0.0000
68.440,-84.214,29.385,0.305,4.554,12.016,15.923,1.000,0.000,0.0000
68.450,-84.168,29.411,0.305,4.589,12.062,15.957,1.000,0.000,0.0000
68.460,-84.122,29.438,0.306,4.624,12.108,15.991,1.000,0.000,0.0000
68.470,-84.075,29.465,0.307,4.659,12.155,16.025,1.000,0.000,0.0000
68.480,-84.029,29.492,0.307,4.692,12.201,16.059,1.000,0.000,0.0000
68.490,-83.981,29.519,0.308,4.725,12.249,16.094,1.000,0.000,0.0000
68.500,-83.934,29.547,0.309,4.757,12.296,16.129,1.000,0.000,0.0000
68.510,-83.886,29.574,0.309,4.788,12.344,16.165,1.000,0.000,0.0000
68.520,-83.838,29.602,0.310,4.810,12.392,16.200,1.000,0.000,0.0000
68.530,-83.789,29.630,0.311,4.833,12.441,16.236,1.000,0.000,0.0000
68.540,-83.741,29.658,0.311,4.857,12.489,16.272,1.000,0.000,0.0000
68.550,-83.692,29.686,0.312,4.883,12.538,16.309,1.000,0.000,0.0000
68.560,-83.643,29.715,0.312,4.913,12.587,16.346,1.000,0.000,0.0000
68.570,-83.593,29.743,0.313,4.948,12.637,16.383,1.000,0.000,0.0000
68.580,-83.544,29.772,0.313,4.986,12.686,16.420,1.000,0.000,0.0000
68.590,-83.493,29.801,0.313,5.025,12.737,16.458,1.000,0.000,0.0000
68.600,-83.443,29.831,0.313,5.064,12.787,16.497,1.000,0.000,0.0000
68.610,-83.392,29.860,0.314,5.104,12.838,16.536,1.000,0.000,0.0000
68.620,-83.340,29.890,0.314,5.143,12.890,16.575,1.000,0.000,0.0000
68.630,-83.288,29.920,0.314,5.182,12.942,16.615,1.000,0.000,0.0000
68.640,-83.236,29.950,0.313,5.220,12.994,16.655,1.000,0.000,0.0000
68.650,-83.184,29.980,0.313,5.257,13.046,16.695,1.000,0.000,0.0000
68.660,-83.131,30.011,0.313,5.294,13.099,16.736,1.000,0.000,0.0000
68.670,-83.077,30.042,0.313,5.330,13.153,16.777,1.000,0.000,0.0000
68.680,-83.024,30.073,0.313,5.365,13.206,16.818,1.000,0.000,0.0000
68.690,-82.970,30.104,0.312,5.399,13.260,16.860,1.000,0.000,0.0000
68.700,-82.915,30.135,0.312,5.433,13.315,16.902,1.000,0.000,0.0000
68.710,-82.861,30.166,0.312,5.465,13.369,16.945,1.000,0.000,0.0000
68.720,-82.806,30.198,0.312,5.497,13.424,16.988,1.000,0.000,0.0000
68.730,-82.751,30.229,0.311,5.517,13.479,17.031,1.000,0.000,0.0000
68.740,-82.695,30.261,0.311,5.543,13.535,17.074,1.000,0.000,0.0000
68.750,-82.639,30.293,0.311,5.576,13.591,17.118,1.000,0.000,0.0000
68.760,-82.583,30.325,0.311,5.614,13.647,17.162,1.000,0.000,0.0000
68.770,-82.527,30.357,0.311,5.654,13.703,17.206,1.000,0.000,0.0000
68.780,-82.470,30.390,0.310,5.697,13.760,17.251,1.000,0.000,0.0000
68.790,-82.412,30.422,0.310,5.739,13.818,17.296,1.000,0.000,0.0000
68.800,-82.355,30.455,0.310,5.781,13.875,17.342,1.000,0.000,0.0000
68.810,-82.296,30.488,0.310,5.823,13.934,17.388,1.000,0.000,0.0000
68.820,-82.238,30.521,0.310,5.863,13.992,17.434,1.000,0.000,0.0000
68.830,-82.179,30.555,0.309,5.902,14.051,17.481,1.000,0.000,0.0000
68.840,-82.119,30.588,0.309,5.940,14.111,17.528,1.000,0.000,0.0000
68.850,-82.060,30.622,0.309,5.976,14.170,17.575,1.000,0.000,0.0000
68.860,-81.999,30.656,0.309,6.010,14.231,17.623,1.000,0.000,0.0000
68.870,-81.939,30.691,0.309,6.043,14.291,17.671,1.000,0.000,0.0000
68.880,-81.878,30.725,0.309,6.075,14.352,17.720,1.000,0.000,0.0000
68.890,-81.817,30.760,0.309,6.106,14.413,17.768,1.000,0.000,0.0000
68.900,-81.756,30.795,0.309,6.126,14.474,17.817,1.000,0.000,0.0000
68.910,-81.694,30.830,0.309,6.148,14.536,17.866,1.000,0.000,0.0000
68.920,-81.633,30.865,0.309,6.176,14.597,17.916,1.000,0.000,0.0000
68.930,-81.571,30.900,0.309,6.208,14.659,17.965,1.000,0.000,0.0000
68.940,-81.508,30.936,0.309,6.245,14.722,18.016,1.000,0.000,0.0000
68.950,-81.445,30.972,0.309,6.285,14.785,18.066,1.000,0.000,0.0000
68.960,-81.382,31.008,0.310,6.326,14.848,18.117,1.000,0.000,0.0000
68.970,-81.318,31.044,0.310,6.368,14.912,18.168,1.000,0.000,0.0000
68.980,-81.254,31.081,0.310,6.409,14.976,18.220,1.000,0.000,0.0000
68.990,-81.190,31.118,0.310,6.450,15.040,18.272,1.000,0.000,0.0000
69.000,-81.125,31.155,0.310,6.489,15.105,18.325,1.000,0.000,0.0000
69.010,-81.060,31.192,0.310,6.526,15.170,18.378,0.940,0.000,0.0000
69.020,-80.994,31.229,0.310,6.563,15.236,18.431,0.880,0.000,0.0000
69.030,-80.928,31.267,0.310,6.597,15.302,18.485,0.820,0.000,0.0000
69.040,-80.862,31.304,0.310,6.630,15.368,18.539,0.760,0.000,0.0000
69.050,-80.795,31.342,0.310,6.661,15.435,18.594,0.700,0.000,0.0000
69.060,-80.728,31.380,0.310,6.682,15.502,18.648,0.640,0.000,0.0000
69.070,-80.662,31.418,0.310,6.662,15.568,18.703,0.580,0.000,0.0000
69.080,-80.595,31.456,0.311,6.650,15.635,18.757,0.520,0.000,0.0000
69.090,-80.529,31.493,0.311,6.636,15.701,18.811,0.460,0.000,0.0000
69.100,-80.463,31.531,0.312,6.620,15.767,18.865,0.400,0.000,0.0000
69.110,-80.397,31.568,0.313,6.601,15.833,18.919,0.340,0.000,0.0000
69.120,-80.331,31.605,0.313,6.580,15.899,18.973,0.280,0.000,0.0000
69.130,-80.265,31.642,0.314,6.556,15.965,19.027,0.220,0.000,0.0000
69.140,-80.200,31.679,0.315,6.529,16.030,19.080,0.160,0.000,0.0000
69.150,-80.135,31.715,0.316,6.501,16.095,19.134,0.100,0.000,0.0000
69.160,-80.070,31.751,0.317,6.471,16.160,19.187,0.040,0.000,0.0000
69.170,-80.006,31.788,0.318,6.438,16.224,19.240,0.000,0.000,0.0080
69.180,-79.942,31.823,0.319,6.401,16.288,19.292,0.000,0.000,0.0160
69.190,-79.878,31.859,0.320,6.360,16.352,19.345,0.000,0.000,0.0240
69.200,-79.815,31.894,0.321,6.317,16.415,19.397,0.000,0.000,0.0320
69.210,-79.753,31.930,0.322,6.259,16.477,19.449,0.000,0.000,0.0400
69.220,-79.691,31.965,0.323,6.210,16.540,19.500,0.000,0.000,0.0480
69.230,-79.629,31.999,0.324,6.167,16.601,19.551,0.000,0.000,0.0560
69.240,-79.568,32.034,0.325,6.130,16.662,19.602,0.000,0.000,0.0640
69.250,-79.507,32.068,0.326,6.099,16.723,19.653,0.000,0.000,0.0720
69.260,-79.446,32.102,0.327,6.075,16.784,19.703,0.000,0.000,0.0800
69.270,-79.385,32.137,0.327,6.059,16.845,19.754,0.000,0.000,0.0880
69.280,-79.325,32.171,0.328,6.045,16.905,19.804,0.000,0.000,0.0960
69.290,-79.265,32.205,0.328,6.029,16.966,19.855,0.000,0.000,0.1040
69.300,-79.204,32.238,0.328,6.008,17.026,19.906,0.000,0.000,0.1120
69.310,-79.145,32.272,0.328,5.985,17.085,19.956,0.000,0.000,0.1200
69.320,-79.085,32.305,0.328,5.958,17.145,20.007,0.000,0.000,0.1280
69.330,-79.026,32.338,0.328,5.930,17.204,20.057,0.000,0.000,0.1360
69.340,-78.967,32.371,0.328,5.896,17.263,20.107,0.000,0.000,0.1440
69.350,-78.908,32.403,0.328,5.857,17.322,20.157,0.000,0.000,0.1520
69.360,-78.850,32.435,0.327,5.813,17.380,20.206,0.000,0.000,0.1600
69.370,-78.792,32.467,0.327,5.765,17.438,20.255,0.000,0.000,0.1680
69.380,-78.735,32.498,0.327,5.693,17.495,20.303,0.000,0.000,0.1760
69.390,-78.679,32.528,0.327,5.630,17.551,20.351,0.000,0.000,0.1840
69.400,-78.623,32.558,0.327,5.579,17.607,20.399,0.000,0.000,0.1920
69.410,-78.568,32.587,0.327,5.532,17.662,20.446,0.000,0.000,0.2000
69.420,-78.513,32.616,0.327,5.491,17.717,20.493,0.000,0.000,0.2080
69.430,-78.459,32.645,0.327,5.453,17.771,20.539,0.000,0.000,0.2160
69.440,-78.404,32.673,0.327,5.418,17.826,20.586,0.000,0.000,0.2240
69.450,-78.351,32.701,0.327,5.384,17.879,20.632,0.000,0.000,0.2320
69.460,-78.297,32.728,0.327,5.345,17.933,20.677,0.000,0.000,0.2400
69.470,-78.244,32.755,0.327,5.309,17.986,20.723,0.000,0.000,0.2480
69.480,-78.191,32.782,0.327,5.274,18.039,20.768,0.000,0.000,0.2560
69.490,-78.139,32.808,0.327,5.241,18.091,20.813,0.000,0.000,0.2640
69.500,-78.087,32.834,0.327,5.207,18.143,20.858,0.000,0.000,0.2720
69.510,-78.035,32.860,0.327,5.174,18.195,20.903,0.000,0.000,0.2800
69.520,-77.984,32.885,0.326,5.139,18.246,20.947,0.000,0.000,0.2880
69.530,-77.933,32.909,0.326,5.103,18.297,20.991,0.000,0.000,0.2960
69.540,-77.882,32.933,0.326,5.067,18.348,21.035,0.000,0.000,0.3040
69.550,-77.832,32.957,0.326,5.029,18.398,21.078,0.000,0.000,0.3120
69.560,-77.782,32.981,0.326,4.990,18.448,21.121,0.000,0.000,0.3200
69.570,-77.732,33.004,0.326,4.951,18.498,21.164,0.000,0.000,0.3280
69.580,-77.683,33.026,0.326,4.910,18.547,21.206,0.000,0.000,0.3360
69.590,-77.634,33.049,0.325,4.897,18.596,21.249,0.000,0.000,0.3440
69.600,-77.585,33.071,0.325,4.886,18.645,21.291,0.000,0.000,0.3520
69.610,-77.536,33.093,0.325,4.904,18.694,21.334,0.000,0.000,0.3600
69.620,-77.487,33.115,0.324,4.908,18.743,21.376,0.000,0.000,0.3300
69.630,-77.438,33.136,0.324,4.902,18.792,21.419,0.000,0.000,0.3000
69.640,-77.389,33.157,0.323,4.882,18.841,21.462,0.000,0.000,0.2700
69.650,-77.341,33.177,0.323,4.852,18.889,21.504,0.000,0.000,0.2400
69.660,-77.293,33.198,0.323,4.810,18.937,21.546,0.000,0.000,0.2100
69.670,-77.245,33.217,0.323,4.761,18.985,21.587,0.000,0.000,0.1800
69.680,-77.198,33.237,0.323,4.711,19.032,21.628,0.000,0.000,0.1880
69.690,-77.151,33.255,0.323,4.679,19.079,21.669,0.000,0.000,0.1960
69.700,-77.105,33.274,0.323,4.659,19.125,21.709,0.000,0.000,0.2040
69.710,-77.058,33.292,0.323,4.647,19.172,21.750,0.000,0.000,0.2120
69.720,-77.012,33.310,0.323,4.639,19.218,21.790,0.000,0.000,0.2200
69.730,-76.966,33.328,0.322,4.631,19.265,21.831,0.000,0.000,0.2280
69.740,-76.919,33.345,0.322,4.621,19.311,21.871,0.000,0.000,0.2360
69.750,-76.873,33.362,0.322,4.608,19.357,21.911,0.000,0.000,0.2440
69.760,-76.827,33.379,0.322,4.591,19.403,21.951,0.000,0.000,0.2140
69.770,-76.782,33.396,0.322,4.559,19.448,21.991,0.000,0.000,0.1840
69.780,-76.737,33.412,0.322,4.515,19.493,22.031,0.000,0.000,0.1540
69.790,-76.692,33.428,0.322,4.471,19.538,22.070,0.000,0.000,0.1240
69.800,-76.648,33.444,0.322,4.432,19.582,22.108,0.000,0.000,0.0940
69.810,-76.604,33.459,0.323,4.403,19.627,22.147,0.000,0.000,0.0640
69.820,-76.560,33.474,0.323,4.383,19.670,22.185,0.000,0.000,0.0340
69.830,-76.516,33.489,0.323,4.367,19.714,22.224,0.000,0.000,0.0040
69.840,-76.472,33.504,0.323,4.354,19.758,22.262,0.000,0.000,0.0000
69.850,-76.429,33.518,0.323,4.342,19.801,22.300,0.000,0.000,0.0000
69.860,-76.386,33.532,0.323,4.330,19.844,22.338,0.000,0.000,0.0000
69.870,-76.343,33.547,0.323,4.315,19.887,22.376,0.000,0.000,0.0000
69.880,-76.300,33.561,0.323,4.291,19.930,22.414,0.000,0.000,0.0000
69.890,-76.257,33.574,0.322,4.261,19.973,22.451,0.000,0.000,0.0000
69.900,-76.215,33.588,0.322,4.226,20.015,22.488,0.000,0.000,0.0000
69.910,-76.173,33.601,0.322,4.188,20.057,22.525,0.000,0.000,0.0000
69.920,-76.131,33.615,0.322,4.148,20.099,22.562,0.000,0.000,0.0000
69.930,-76.090,33.628,0.322,4.108,20.140,22.598,0.000,0.000,0.0000
69.940,-76.050,33.641,0.322,4.070,20.180,22.634,0.000,0.000,0.0000
69.950,-76.009,33.654,0.323,4.035,20.221,22.669,0.000,0.000,0.0000
69.960,-75.969,33.667,0.323,4.004,20.261,22.704,0.000,0.000,0.0000
69.970,-75.930,33.679,0.323,3.975,20.300,22.740,0.000,0.000,0.0000
69.980,-75.890,33.692,0.323,3.947,20.340,22.774,0.000,0.000,0.0000
69.990,-75.851,33.704,0.323,3.915,20.379,22.809,0.000,0.000,0.0000
70.000,-75.812,33.716,0.323,3.880,20.418,22.843,0.000,0.000,0.0000
70.010,-75.774,33.728,0.323,3.843,20.456,22.877,0.000,0.000,0.0000
70.020,-75.736,33.740,0.323,3.803,20.494,22.911,0.000,0.000,0.0000
70.030,-75.698,33.752,0.323,3.763,20.532,22.944,0.000,0.000,0.0000
70.040,-75.661,33.764,0.323,3.723,20.569,22.977,0.000,0.000,0.0000
70.050,-75.624,33.776,0.323,3.682,20.606,23.009,0.000,0.000,0.0000
70.060,-75.588,33.787,0.323,3.641,20.642,23.042,0.000,0.000,0.0000
70.070,-75.552,33.799,0.323,3.601,20.678,23.073,0.000,0.000,0.0000
70.080,-75.516,33.810,0.324,3.555,20.714,23.105,0.000,0.000,0.0000
70.090,-75.481,33.821,0.324,3.511,20.749,23.136,0.000,0.000,0.0000
70.100,-75.446,33.833,0.324,3.468,20.784,23.167,0.000,0.000,0.0000
70.110,-75.412,33.843,0.324,3.427,20.818,23.197,0.040,0.000,0.0000
70.120,-75.378,33.854,0.324,3.385,20.852,23.227,0.080,0.000,0.0000
70.130,-75.345,33.865,0.324,3.345,20.885,23.257,0.120,0.000,0.0000
70.140,-75.312,33.876,0.324,3.305,20.918,23.286,0.160,0.000,0.0000
70.150,-75.279,33.886,0.324,3.267,20.951,23.315,0.200,0.000,0.0000
70.160,-75.247,33.896,0.325,3.229,20.983,23.344,0.240,0.000,0.0000
70.170,-75.215,33.907,0.325,3.192,21.015,23.372,0.280,0.000,0.0000
70.180,-75.183,33.917,0.325,3.155,21.047,23.400,0.320,0.000,0.0000
70.190,-75.152,33.927,0.325,3.140,21.078,23.428,0.360,0.000,0.0000
70.200,-75.120,33.937,0.325,3.146,21.110,23.456,0.400,0.000,0.0000
70.210,-75.089,33.947,0.324,3.166,21.141,23.484,0.440,0.000,0.0000
70.220,-75.057,33.957,0.324,3.196,21.173,23.513,0.480,0.000,0.0000
70.230,-75.024,33.968,0.323,3.226,21.206,23.542,0.520,0.000,0.0000
70.240,-74.992,33.978,0.322,3.260,21.238,23.571,0.560,0.000,0.0000
70.250,-74.959,33.988,0.321,3.296,21.271,23.601,0.600,0.000,0.0000
70.260,-74.926,33.999,0.320,3.333,21.304,23.631,0.640,0.000,0.0000
70.270,-74.892,34.010,0.319,3.371,21.338,23.662,0.680,0.000,0.0000
70.280,-74.858,34.020,0.318,3.409,21.372,23.693,0.720,0.000,0.0000
70.290,-74.823,34.031,0.317,3.451,21.407,23.724,0.760,0.000,0.0000
70.300,-74.788,34.042,0.316,3.493,21.442,23.756,0.800,0.000,0.0000
70.310,-74.753,34.053,0.315,3.534,21.477,23.788,0.840,0.000,0.0000
70.320,-74.717,34.065,0.313,3.575,21.513,23.820,0.880,0.000,0.0000
70.330,-74.681,34.076,0.312,3.616,21.549,23.853,0.920,0.000,0.0000
70.340,-74.645,34.088,0.311,3.656,21.585,23.886,0.960,0.000,0.0000
70.350,-74.608,34.099,0.310,3.696,21.622,23.920,1.000,0.000,0.0000
70.360,-74.570,34.111,0.309,3.737,21.660,23.954,1.000,0.000,0.0000
70.370,-74.533,34.123,0.308,3.777,21.697,23.988,1.000,0.000,0.0000
70.380,-74.494,34.135,0.307,3.817,21.736,24.022,1.000,0.000,0.0000
70.390,-74.456,34.147,0.307,3.857,21.774,24.057,1.000,0.000,0.0000
70.400,-74.417,34.159,0.306,3.896,21.813,24.092,1.000,0.000,0.0000
70.410,-74.378,34.171,0.306,3.936,21.852,24.128,1.000,0.000,0.0000
70.420,-74.338,34.184,0.305,3.971,21.892,24.164,1.000,0.000,0.0000
70.430,-74.298,34.196,0.305,4.008,21.932,24.200,1.000,0.000,0.0000
70.440,-74.257,34.209,0.305,4.047,21.973,24.236,1.000,0.000,0.0000
70.450,-74.216,34.222,0.305,4.087,22.014,24.273,1.000,0.000,0.0000
70.460,-74.175,34.234,0.305,4.129,22.055,24.310,1.000,0.000,0.0000
70.470,-74.133,34.247,0.305,4.170,22.097,24.347,1.000,0.000,0.0000
70.480,-74.091,34.260,0.305,4.211,22.139,24.385,0.940,0.000,0.0000
70.490,-74.049,34.273,0.305,4.253,22.181,24.423,0.880,0.000,0.0000
70.500,-74.006,34.287,0.306,4.293,22.224,24.462,0.820,0.000,0.0000
70.510,-73.963,34.300,0.306,4.334,22.267,24.500,0.760,0.000,0.0000
70.520,-73.919,34.314,0.306,4.374,22.311,24.540,0.700,0.000,0.0000
70.530,-73.875,34.327,0.307,4.413,22.355,24.579,0.640,0.000,0.0000
70.540,-73.830,34.341,0.307,4.447,22.400,24.619,0.580,0.000,0.0000
70.550,-73.785,34.355,0.307,4.482,22.445,24.659,0.520,0.000,0.0000
70.560,-73.740,34.369,0.308,4.519,22.490,24.700,0.460,0.000,0.0000
70.570,-73.695,34.383,0.308,4.559,22.535,24.741,0.400,0.000,0.0000
70.580,-73.649,34.397,0.309,4.577,22.581,24.782,0.340,0.000,0.0000
70.590,-73.603,34.411,0.309,4.575,22.627,24.823,0.280,0.000,0.0000
70.600,-73.558,34.425,0.310,4.557,22.672,24.863,0.220,0.000,0.0000
70.610,-73.512,34.439,0.311,4.530,22.718,24.904,0.160,0.000,0.0000
70.620,-73.467,34.453,0.312,4.496,22.763,24.944,0.100,0.000,0.0000
70.630,-73.423,34.467,0.313,4.459,22.807,24.984,0.040,0.000,0.0000
70.640,-73.379,34.480,0.314,4.420,22.851,25.023,0.000,0.000,0.0000
70.650,-73.335,34.494,0.315,4.381,22.895,25.063,0.000,0.000,0.0000
70.660,-73.291,34.507,0.317,4.342,22.939,25.101,0.000,0.000,0.0000
70.670,-73.248,34.521,0.318,4.298,22.982,25.140,0.000,0.000,0.0000
70.680,-73.206,34.534,0.319,4.256,23.024,25.178,0.000,0.000,0.0000
70.690,-73.164,34.547,0.320,4.214,23.066,25.215,0.000,0.000,0.0000
70.700,-73.122,34.560,0.322,4.174,23.108,25.252,0.000,0.000,0.0000
70.710,-73.081,34.572,0.323,4.135,23.149,25.289,0.000,0.000,0.0000
70.720,-73.040,34.585,0.324,4.097,23.190,25.326,0.000,0.000,0.0000
70.730,-72.999,34.598,0.325,4.058,23.231,25.362,0.000,0.000,0.0000
70.740,-72.959,34.610,0.326,4.020,23.271,25.398,0.000,0.000,0.0000
70.750,-72.919,34.623,0.327,3.981,23.311,25.434,0.000,0.000,0.0000
70.760,-72.880,34.635,0.327,3.941,23.350,25.470,0.000,0.080,0.0000
70.770,-72.841,34.647,0.328,3.885,23.389,25.505,0.000,0.160,0.0000
70.780,-72.803,34.659,0.329,3.829,23.427,25.539,0.000,0.240,0.0000
70.790,-72.765,34.671,0.329,3.777,23.465,25.573,0.000,0.320,0.0000
70.800,-72.728,34.683,0.330,3.727,23.502,25.607,0.000,0.400,0.0000
70.810,-72.691,34.694,0.330,3.680,23.539,25.640,0.000,0.480,0.0000
70.820,-72.654,34.706,0.330,3.635,23.576,25.673,0.000,0.560,0.0000
70.830,-72.619,34.717,0.330,3.592,23.612,25.706,0.000,0.640,0.0000
70.840,-72.583,34.728,0.330,3.548,23.647,25.738,0.000,0.720,0.0000
70.850,-72.548,34.739,0.330,3.506,23.682,25.770,0.000,0.800,0.0000
70.860,-72.513,34.750,0.330,3.463,23.717,25.802,0.000,0.880,0.0000
70.870,-72.479,34.760,0.330,3.423,23.751,25.833,0.000,0.960,0.0000
70.880,-72.445,34.771,0.330,3.385,23.785,25.864,0.000,1.000,0.0000
70.890,-72.412,34.781,0.329,3.350,23.818,25.895,0.000,1.000,0.0000
70.900,-72.379,34.792,0.329,3.317,23.851,25.925,0.000,1.000,0.0000
70.910,-72.346,34.802,0.328,3.284,23.884,25.955,0.000,1.000,0.0000
70.920,-72.313,34.812,0.328,3.249,23.917,25.985,0.000,1.000,0.0000
70.930,-72.281,34.822,0.327,3.213,23.949,26.014,0.000,1.000,0.0000
70.940,-72.249,34.832,0.327,3.176,23.981,26.044,0.000,1.000,0.0000
70.950,-72.218,34.841,0.326,3.141,24.012,26.072,0.000,1.000,0.0000
70.960,-72.187,34.851,0.326,3.107,24.043,26.101,0.000,1.000,0.0000
70.970,-72.156,34.860,0.325,3.073,24.074,26.129,0.000,1.000,0.0000
70.980,-72.126,34.870,0.324,3.037,24.104,26.157,0.000,1.000,0.0000
70.990,-72.096,34.879,0.324,3.001,24.134,26.185,0.000,1.000,0.0000
71.000,-72.066,34.888,0.324,2.963,24.164,26.212,0.000,1.000,0.0000
71.010,-72.037,34.897,0.323,2.921,24.193,26.239,0.000,1.000,0.0000
71.020,-72.008,34.906,0.323,2.879,24.222,26.265,0.000,1.000,0.0000
71.030,-71.980,34.914,0.322,2.839,24.250,26.291,0.000,1.000,0.0000
71.040,-71.952,34.923,0.322,2.800,24.278,26.317,0.000,1.000,0.0000
71.050,-71.924,34.931,0.322,2.762,24.306,26.342,0.000,1.000,0.0000
71.060,-71.897,34.939,0.322,2.725,24.333,26.367,0.000,1.000,0.0000
71.070,-71.870,34.947,0.322,2.688,24.360,26.392,0.000,1.000,0.0000
71.080,-71.844,34.955,0.322,2.652,24.386,26.416,0.000,1.000,0.0000
71.090,-71.817,34.963,0.321,2.615,24.413,26.440,0.000,1.000,0.0000
71.100,-71.792,34.971,0.321,2.578,24.438,26.464,0.000,1.000,0.0000
71.110,-71.766,34.979,0.321,2.541,24.464,26.487,0.000,1.000,0.0000
71.120,-71.741,34.986,0.322,2.503,24.489,26.510,0.000,1.000,0.0000
71.130,-71.717,34.994,0.322,2.466,24.513,26.532,0.000,1.000,0.0000
71.140,-71.692,35.001,0.322,2.428,24.538,26.555,0.000,1.000,0.0000
71.150,-71.668,35.008,0.322,2.390,24.562,26.576,0.000,1.000,0.0000
71.160,-71.645,35.016,0.322,2.352,24.585,26.598,0.000,1.000,0.0000
71.170,-71.622,35.023,0.322,2.307,24.608,26.619,0.000,1.000,0.0000
71.180,-71.599,35.030,0.322,2.263,24.631,26.640,0.000,1.000,0.0000
71.190,-71.577,35.036,0.323,2.220,24.653,26.660,0.000,1.000,0.0000
71.200,-71.555,35.043,0.323,2.179,24.675,26.680,0.000,1.000,0.0000
71.210,-71.534,35.050,0.323,2.139,24.696,26.699,0.000,1.000,0.0000
71.220,-71.513,35.056,0.323,2.100,24.717,26.718,0.000,1.000,0.0000
71.230,-71.492,35.062,0.324,2.062,24.738,26.737,0.000,1.000,0.0000
71.240,-71.472,35.069,0.324,2.023,24.758,26.756,0.000,1.000,0.0000
71.250,-71.452,35.075,0.324,1.985,24.778,26.774,0.000,1.000,0.0000
71.260,-71.433,35.081,0.324,1.947,24.797,26.792,0.000,1.000,0.0000
71.270,-71.414,35.087,0.324,1.909,24.817,26.809,0.000,0.900,0.0000
71.280,-71.395,35.092,0.324,1.873,24.835,26.826,0.000,0.800,0.0000
71.290,-71.376,35.098,0.325,1.839,24.854,26.843,0.000,0.700,0.0000
71.300,-71.358,35.104,0.325,1.806,24.872,26.859,0.000,0.600,0.0000
71.310,-71.341,35.109,0.325,1.773,24.889,26.876,0.000,0.500,0.0000
71.320,-71.323,35.114,0.325,1.740,24.907,26.892,0.000,0.400,0.0000
71.330,-71.306,35.120,0.325,1.707,24.924,26.907,0.000,0.300,0.0000
71.340,-71.289,35.125,0.325,1.673,24.941,26.923,0.000,0.200,0.0000
71.350,-71.273,35.130,0.325,1.639,24.957,26.938,0.000,0.100,0.0000
71.360,-71.257,35.135,0.324,1.605,24.973,26.953,0.000,0.000,0.0000
71.370,-71.241,35.139,0.324,1.571,24.989,26.967,0.000,0.000,0.0000
71.380,-71.226,35.144,0.324,1.534,25.004,26.981,0.000,0.000,0.0000
71.390,-71.211,35.149,0.324,1.496,25.019,26.995,0.000,0.000,0.0000
71.400,-71.196,35.153,0.324,1.457,25.034,27.008,0.000,0.000,0.0000
71.410,-71.182,35.158,0.324,1.419,25.048,27.021,0.000,0.000,0.0000
71.420,-71.168,35.162,0.324,1.382,25.062,27.034,0.000,0.000,0.0000
71.430,-71.155,35.166,0.324,1.345,25.075,27.047,0.000,0.000,0.0000
71.440,-71.142,35.170,0.324,1.308,25.088,27.059,0.000,0.000,0.0000
71.450,-71.129,35.174,0.324,1.275,25.101,27.070,0.000,0.000,0.0000
71.460,-71.117,35.178,0.324,1.242,25.113,27.082,0.000,0.000,0.0000
71.470,-71.105,35.181,0.323,1.208,25.125,27.093,0.000,0.000,0.0000
71.480,-71.093,35.185,0.323,1.173,25.137,27.104,0.000,0.000,0.0000
71.490,-71.081,35.189,0.323,1.138,25.149,27.114,0.000,0.000,0.0000
71.500,-71.070,35.192,0.323,1.102,25.160,27.124,0.000,0.000,0.0000
71.510,-71.060,35.195,0.323,1.065,25.170,27.134,0.000,0.000,0.0000
71.520,-71.050,35.199,0.323,1.029,25.181,27.144,0.000,0.000,0.0000
71.530,-71.040,35.202,0.323,0.992,25.190,27.153,0.000,0.000,0.0000
71.540,-71.030,35.205,0.323,0.956,25.200,27.162,0.000,0.000,0.0000
71.550,-71.021,35.207,0.323,0.919,25.209,27.170,0.000,0.000,0.0000
71.560,-71.012,35.210,0.323,0.883,25.218,27.178,0.000,0.000,0.0000
71.570,-71.004,35.213,0.323,0.846,25.226,27.186,0.000,0.000,0.0000
71.580,-70.995,35.215,0.323,0.809,25.235,27.193,0.000,0.000,0.0000
71.590,-70.988,35.218,0.323,0.772,25.242,27.200,0.000,0.000,0.0000
71.600,-70.980,35.220,0.323,0.734,25.250,27.207,0.000,0.000,0.0000
71.610,-70.973,35.222,0.323,0.696,25.257,27.214,0.000,0.000,0.0000
71.620,-70.967,35.224,0.323,0.658,25.263,27.220,0.000,0.000,0.0000
71.630,-70.961,35.226,0.323,0.620,25.269,27.225,0.000,0.000,0.0000
71.640,-70.955,35.228,0.323,0.582,25.275,27.231,0.000,0.000,0.0000
71.650,-70.949,35.230,0.323,0.544,25.281,27.236,0.000,0.000,0.0000
71.660,-70.944,35.231,0.323,0.506,25.286,27.240,0.000,0.000,0.0000
71.670,-70.940,35.233,0.323,0.468,25.290,27.245,0.000,0.000,0.0000
71.680,-70.935,35.234,0.324,0.430,25.295,27.248,0.000,0.000,0.0000
71.690,-70.931,35.236,0.324,0.391,25.299,27.252,0.000,0.000,0.0000
71.700,-70.928,35.237,0.324,0.353,25.302,27.255,0.000,0.000,0.0000
71.710,-70.925,35.238,0.324,0.315,25.305,27.258,0.000,0.000,0.0000
71.720,-70.922,35.239,0.324,0.277,25.308,27.261,0.000,0.000,0.0000
71.730,-70.920,35.239,0.324,0.238,25.310,27.263,0.000,0.000,0.0000
71.740,-70.918,35.240,0.324,0.200,25.312,27.265,0.000,0.000,0.0000
71.750,-70.916,35.241,0.324,0.160,25.314,27.266,0.000,0.000,0.0000
71.760,-70.915,35.241,0.324,0.122,25.315,27.267,0.000,0.000,0.0000
71.770,-70.914,35.242,0.324,0.090,25.316,27.268,0.000,0.000,0.0000
71.780,-70.913,35.242,0.324,0.063,25.317,27.269,0.000,0.000,0.0000
71.790,-70.913,35.242,0.324,0.039,25.317,27.269,0.000,0.000,0.0000
71.800,-70.913,35.242,0.324,0.019,25.317,27.269,0.000,0.000,0.0000
71.810,-70.913,35.242,0.324,0.015,25.317,27.269,0.000,0.000,0.0000
71.820,-70.913,35.242,0.324,0.023,25.317,27.269,0.000,0.000,0.0000
71.830,-70.913,35.242,0.323,0.031,25.317,27.269,0.000,0.000,0.0000
71.840,-70.913,35.242,0.323,0.039,25.317,27.269,0.000,0.000,0.0000
71.850,-70.913,35.242,0.322,0.045,25.317,27.269,0.000,0.000,0.0000
71.860,-70.913,35.242,0.322,0.050,25.317,27.269,0.000,0.000,0.0000
71.870,-70.913,35.242,0.321,0.054,25.317,27.269,0.000,0.000,0.0000
71.880,-70.914,35.242,0.321,0.057,25.316,27.270,0.000,0.000,0.0000
71.890,-70.914,35.242,0.320,0.058,25.316,27.270,0.000,0.000,0.0000
71.900,-70.914,35.242,0.320,0.059,25.316,27.270,0.000,0.000,0.0000
71.910,-70.914,35.242,0.319,0.059,25.316,27.270,0.000,0.000,0.0000
71.920,-70.914,35.241,0.319,0.058,25.316,27.270,0.000,0.000,0.0000
71.930,-70.914,35.241,0.318,0.057,25.316,27.270,0.000,0.000,0.0000
71.940,-70.914,35.241,0.318,0.054,25.316,27.270,0.000,0.000,0.0000
71.950,-70.914,35.241,0.317,0.051,25.316,27.270,0.000,0.000,0.0000
71.960,-70.914,35.241,0.317,0.048,25.316,27.270,0.000,0.000,0.0000
71.970,-70.915,35.241,0.316,0.044,25.315,27.271,0.000,0.000,0.0000
71.980,-70.915,35.241,0.316,0.040,25.315,27.271,0.000,0.000,0.0000
71.990,-70.915,35.241,0.315,0.035,25.315,27.271,0.000,0.000,0.0000
72.000,-70.915,35.241,0.315,0.030,25.315,27.271,0.000,0.000,0.0000
72.010,-70.915,35.241,0.315,0.025,25.315,27.271,0.000,0.000,0.0000
72.020,-70.915,35.241,0.315,0.020,25.315,27.271,0.000,0.000,0.0000
72.030,-70.915,35.241,0.315,0.016,25.315,27.271,0.000,0.000,0.0000
72.040,-70.915,35.241,0.314,0.011,25.315,27.271,0.000,0.000,0.0000
72.050,-70.915,35.241,0.314,0.006,25.315,27.271,0.000,0.000,0.0000
72.060,-70.915,35.241,0.314,0.002,25.315,27.271,0.000,0.000,0.0000
72.070,-70.915,35.241,0.314,0.002,25.315,27.271,0.000,0.000,0.0000
72.080,-70.915,35.241,0.314,0.006,25.315,27.271,0.000,0.000,0.0000
72.090,-70.915,35.241,0.314,0.009,25.315,27.271,0.000,0.000,0.0000
72.100,-70.915,35.241,0.315,0.012,25.315,27.271,0.000,0.000,0.0000
72.110,-70.915,35.241,0.315,0.015,25.315,27.271,0.000,0.000,0.0000
72.120,-70.915,35.241,0.315,0.017,25.315,27.271,0.000,0.000,0.0000
72.130,-70.915,35.241,0.315,0.019,25.315,27.271,0.000,0.000,0.0000
72.140,-70.915,35.241,0.315,0.020,25.315,27.271,0.000,0.000,0.0000
72.150,-70.915,35.241,0.315,0.021,25.315,27.271,0.000,0.000,0.0000
72.160,-70.915,35.241,0.316,0.022,25.315,27.271,0.000,0.000,0.0000
72.170,-70.915,35.241,0.316,0.022,25.315,27.271,0.000,0.000,0.0000
72.180,-70.915,35.241,0.316,0.022,25.315,27.271,0.000,0.000,0.0000
72.190,-70.914,35.241,0.316,0.021,25.316,27.271,0.000,0.000,0.0000
72.200,-70.914,35.241,0.317,0.021,25.316,27.270,0.000,0.000,0.0000
72.210,-70.914,35.241,0.317,0.020,25.316,27.270,0.000,0.000,0.0000
72.220,-70.914,35.241,0.317,0.019,25.316,27.270,0.000,0.000,0.0000
72.230,-70.914,35.241,0.317,0.017,25.316,27.270,0.000,0.000,0.0000
72.240,-70.914,35.241,0.317,0.016,25.316,27.270,0.000,0.000,0.0000
72.250,-70.914,35.241,0.317,0.014,25.316,27.270,0.000,0.000,0.0000
72.260,-70.914,35.241,0.317,0.012,25.316,27.270,0.000,0.000,0.0000
72.270,-70.914,35.241,0.318,0.011,25.316,27.270,0.000,0.000,0.0000
72.280,-70.914,35.241,0.318,0.009,25.316,27.270,0.000,0.000,0.0000
72.290,-70.914,35.241,0.318,0.007,25.316,27.270,0.000,0.000,0.0000
72.300,-70.914,35.241,0.318,0.005,25.316,27.270,0.000,0.000,0.0000
72.310,-70.914,35.241,0.318,0.003,25.316,27.270,0.000,0.000,0.0000
72.320,-70.914,35.241,0.318,0.002,25.316,27.270,0.000,0.000,0.0000
72.330,-70.914,35.241,0.318,0.000,25.316,27.270,0.000,0.000,0.0000
72.340,-70.914,35.241,0.318,0.001,25.316,27.270,0.000,0.000,0.0000
72.350,-70.914,35.241,0.318,0.003,25.316,27.270,0.000,0.000,0.0000
72.360,-70.914,35.241,0.318,0.004,25.316,27.270,0.000,0.000,0.0000
72.370,-70.914,35.241,0.318,0.005,25.316,27.270,0.000,0.000,0.0000
72.380,-70.914,35.241,0.318,0.006,25.316,27.270,0.000,0.000,0.0000
72.390,-70.914,35.241,0.318,0.006,25.316,27.270,0.000,0.000,0.0000
72.400,-70.914,35.241,0.318,0.007,25.316,27.270,0.000,0.000,0.0000
72.410,-70.914,35.241,0.317,0.008,25.316,27.270,0.000,0.000,0.0000
72.420,-70.914,35.241,0.317,0.008,25.316,27.270,0.000,0.000,0.0000
72.430,-70.914,35.241,0.317,0.008,25.316,27.270,0.000,0.000,0.0000
72.440,-70.914,35.241,0.317,0.008,25.316,27.270,0.000,0.000,0.0000
72.450,-70.914,35.241,0.317,0.008,25.316,27.270,0.000,0.000,0.0000
72.460,-70.914,35.241,0.317,0.008,25.316,27.270,0.000,0.000,0.0000
72.470,-70.914,35.241,0.317,0.007,25.316,27.270,0.000,0.000,0.0000
72.480,-70.914,35.241,0.317,0.007,25.316,27.270,0.000,0.000,0.0000
72.490,-70.914,35.241,0.317,0.007,25.316,27.270,0.000,0.000,0.0000
72.500,-70.914,35.241,0.317,0.006,25.316,27.270,0.000,0.000,0.0000
72.510,-70.914,35.241,0.317,0.005,25.316,27.270,0.000,0.000,0.0000
72.520,-70.914,35.241,0.317,0.005,25.316,27.270,0.000,0.000,0.0000
72.530,-70.914,35.241,0.317,0.004,25.316,27.270,0.000,0.000,0.0000
72.540,-70.914,35.241,0.317,0.004,25.316,27.270,0.000,0.000,0.0000
72.550,-70.914,35.241,0.317,0.003,25.316,27.270,0.000,0.000,0.0000
72.560,-70.914,35.241,0.317,0.002,25.316,27.270,0.000,0.000,0.0000
72.570,-70.914,35.241,0.317,0.002,25.316,27.270,0.000,0.000,0.0000
72.580,-70.914,35.241,0.317,0.001,25.316,27.270,0.000,0.000,0.0000
72.590,-70.914,35.241,0.317,0.000,25.316,27.270,0.000,0.000,0.0000
72.600,-70.914,35.241,0.317,0.000,25.316,27.270,0.000,0.000,0.0000
72.610,-70.914,35.241,0.317,0.001,25.316,27.270,0.000,0.000,0.0000
72.620,-70.914,35.241,0.317,0.001,25.316,27.270,0.000,0.000,0.0000
72.630,-70.914,35.241,0.317,0.002,25.316,27.270,0.000,0.000,0.0000
72.640,-70.914,35.241,0.317,0.002,25.316,27.270,0.000,0.000,0.0000
72.650,-70.914,35.241,0.317,0.002,25.316,27.270,0.000,0.000,0.0000
72.660,-70.914,35.241,0.317,0.003,25.316,27.270,0.000,0.000,0.0000
72.670,-70.914,35.241,0.317,0.003,25.316,27.270,0.000,0.000,0.0000
72.680,-70.914,35.241,0.317,0.003,25.316,27.270,0.000,0.000,0.0000
72.690,-70.914,35.241,0.317,0.003,25.316,27.270,0.000,0.000,0.0000
72.700,-70.914,35.241,0.317,0.003,25.316,27.270,0.000,0.000,0.0000
72.710,-70.914,35.241,0.317,0.003,25.316,27.270,0.000,0.000,0.0000
72.720,-70.914,35.241,0.317,0.003,25.316,27.270,0.000,0.000,0.0000
72.730,-70.914,35.241,0.317,0.003,25.316,27.270,0.000,0.000,0.0000
72.740,-70.914,35.241,0.317,0.003,25.316,27.270,0.000,0.000,0.0000
72.750,-70.914,35.241,0.317,0.002,25.316,27.270,0.000,0.000,0.0000
72.760,-70.914,35.241,0.317,0.002,25.316,27.270,0.000,0.000,0.0000
72.770,-70.914,35.241,0.317,0.002,25.316,27.270,0.000,0.000,0.0000
72.780,-70.914,35.241,0.317,0.002,25.316,27.270,0.000,0.000,0.0000
72.790,-70.914,35.241,0.317,0.002,25.316,27.270,0.000,0.000,0.0000
72.800,-70.914,35.241,0.317,0.001,25.316,27.270,0.000,0.000,0.0000
72.810,-70.914,35.241,0.317,0.001,25.316,27.270,0.000,0.000,0.0000
72.820,-70.914,35.241,0.317,0.001,25.316,27.270,0.000,0.000,0.0000
72.830,-70.914,35.241,0.317,0.001,25.316,27.270,0.000,0.000,0.0000
72.840,-70.914,35.241,0.317,0.000,25.316,27.270,0.000,0.000,0.0000
72.850,-70.914,35.241,0.317,0.000,25.316,27.270,0.000,0.000,0.0000
72.860,-70.914,35.241,0.317,0.000,25.316,27.270,0.000,0.000,0.0000
72.870,-70.914,35.241,0.317,0.000,25.316,27.270,0.000,0.000,0.0000
72.880,-70.914,35.241,0.317,0.000,25.316,27.270,0.000,0.000,0.0000
72.890,-70.914,35.241,0.317,0.001,25.316,27.270,0.000,0.000,0.0000
72.900,-70.914,35.241,0.317,0.001,25.316,27.270,0.000,0.000,0.0000
72.910,-70.914,35.241,0.317,0.001,25.316,27.270,0.000,0.000,0.0000
72.920,-70.914,35.241,0.317,0.001,25.316,27.270,0.000,0.000,0.0000
72.930,-70.914,35.241,0.317,0.001,25.316,27.270,0.000,0.000,0.0000
72.940,-70.914,35.241,0.317,0.001,25.316,27.270,0.000,0.000,0.0000
72.950,-70.914,35.241,0.317,0.001,25.316,27.270,0.000,0.000,0.0000
72.960,-70.914,35.241,0.317,0.001,25.316,27.270,0.000,0.000,0.0000
72.970,-70.914,35.241,0.317,0.001,25.316,27.270,0.000,0.000,0.0000
72.980,-70.914,35.241,0.317,0.001,25.316,27.270,0.000,0.000,0.0000
72.990,-70.914,35.241,0.317,0.001,25.316,27.270,0.000,0.000,0.0000
73.000,-70.914,35.241,0.317,0.001,25.316,27.270,0.000,0.000,0.0000
73.010,-70.914,35.241,0.317,0.001,25.316,27.270,0.000,0.000,0.0000
73.020,-70.914,35.241,0.317,0.001,25.316,27.270,0.000,0.000,0.0000
73.030,-70.914,35.241,0.317,0.001,25.316,27.270,0.000,0.000,0.0000
73.040,-70.914,35.241,0.317,0.001,25.316,27.270,0.000,0.000,0.0000
73.050,-70.914,35.241,0.317,0.001,25.316,27.270,0.000,0.000,0.0000
73.060,-70.914,35.241,0.317,0.001,25.316,27.270,0.000,0.000,0.0000
73.070,-70.914,35.241,0.317,0.000,25.316,27.270,0.000,0.000,0.0000
73.080,-70.914,35.241,0.317,0.000,25.316,27.270,0.000,0.000,0.0000
73.090,-70.914,35.241,0.317,0.000,25.316,27.270,0.000,0.000,0.0000
73.100,-70.914,35.241,0.317,0.000,25.316,27.270,0.000,0.000,0.0000
73.110,-70.914,35.241,0.317,0.000,25.316,27.270,0.000,0.000,0.0000
73.120,-70.914,35.241,0.317,0.000,25.316,27.270,0.000,0.000,0.0000
73.130,-70.914,35.241,0.317,0.000,25.316,27.270,0.000,0.000,0.0000
73.140,-70.914,35.241,0.317,0.000,25.316,27.270,0.000,0.000,0.0000
73.150,-70.914,35.241,0.317,0.000,25.316,27.270,0.000,0.000,0.0000
73.160,-70.914,35.241,0.317,0.000,25.316,27.270,0.000,0.000,0.0000
73.170,-70.914,35.241,0.317,0.000,25.316,27.270,0.000,0.000,0.0000
73.180,-70.914,35.241,0.317,0.000,25.316,27.270,0.000,0.000,0.0000
73.190,-70.914,35.241,0.317,0.000,25.316,27.270,0.000,0.000,0.0000
73.200,-70.914,35.241,0.317,0.000,25.316,27.270,0.000,0.000,0.0000
73.210,-70.914,35.241,0.317,0.000,25.316,27.270,0.000,0.000,0.0000
73.220,-70.914,35.241,0.317,0.000,25.316,27.270,0.000,0.000,0.0000
73.230,-70.914,35.241,0.317,0.000,25.316,27.270,0.000,0.000,0.0000
73.240,-70.914,35.241,0.317,0.000,25.316,27.270,0.000,0.000,0.0000
73.250,-70.914,35.241,0.317,0.000,25.316,27.270,0.000,0.000,0.0000
73.260,-70.914,35.241,0.317,0.000,25.316,27.270,0.000,0.000,0.0000
73.270,-70.914,35.241,0.317,0.000,25.316,27.270,0.000,0.000,0.0000
73.280,-70.914,35.241,0.317,0.000,25.316,27.270,0.000,0.000,0.0000
73.290,-70.914,35.241,0.317,0.000,25.316,27.270,0.000,0.000,0.0000
73.300,-70.914,35.241,0.317,0.000,25.316,27.270,0.000,0.000,0.0000
73.310,-70.914,35.241,0.317,0.000,25.316,27.270,0.000,0.000,0.0000
73.320,-70.914,35.241,0.317,0.000,25.316,27.270,0.000,0.000,0.0000
73.330,-70.914,35.241,0.317,0.000,25.316,27.270,0.000,0.000,0.0000
73.340,-70.914,35.241,0.317,0.000,25.316,27.270,0.000,0.000,0.0000
73.350,-70.914,35.241,0.317,0.000,25.316,27.270,0.000,0.000,0.0000
73.360,-70.914,35.241,0.317,0.000,25.316,27.270,0.000,0.000,0.0000
73.370,-70.914,35.241,0.317,0.000,25.316,27.270,0.000,0.000,0.0000
73.380,-70.914,35.241,0.317,0.000,25.316,27.270,0.000,0.000,0.0000
73.390,-70.914,35.241,0.317,0.000,25.316,27.270,0.000,0.000,0.0000
73.400,-70.914,35.241,0.317,0.000,25.316,27.270,0.000,0.000,0.0000
73.410,-70.914,35.241,0.317,0.000,25.316,27.270,0.000,0.000,0.0000
73.420,-70.914,35.241,0.317,0.000,25.316,27.270,0.000,0.000,0.0000
73.430,-70.914,35.241,0.317,0.000,25.316,27.270,0.000,0.000,0.0000
73.440,-70.914,35.241,0.317,0.000,25.316,27.270,0.000,0.000,0.0000
73.450,-70.914,35.241,0.317,0.000,25.316,27.270,0.000,0.000,0.0000
73.460,-70.914,35.241,0.317,0.000,25.316,27.270,0.000,0.000,0.0000
73.470,-70.914,35.241,0.317,0.000,25.316,27.270,0.000,0.000,0.0000
73.480,-70.914,35.241,0.317,0.000,25.316,27.270,0.000,0.000,0.0000
73.490,-70.914,35.241,0.317,0.000,25.316,27.270,0.000,0.000,0.0000
73.500,-70.914,35.241,0.317,0.000,25.316,27.270,0.000,0.000,0.0000
73.510,-70.914,35.241,0.317,0.000,25.316,27.270,0.000,0.000,0.0000
73.520,-70.914,35.241,0.317,0.000,25.316,27.270,0.000,0.000,0.0000
73.530,-70.914,35.241,0.317,0.000,25.316,27.270,0.000,0.000,0.0000
73.540,-70.914,35.241,0.317,0.000,25.316,27.270,0.000,0.000,0.0000
73.550,-70.914,35.241,0.317,0.000,25.316,27.270,0.000,0.000,0.0000
73.560,-70.914,35.241,0.317,0.000,25.316,27.270,0.000,0.000,0.0000
73.570,-70.914,35.241,0.317,0.000,25.316,27.270,0.000,0.000,0.0000
73.580,-70.914,35.241,0.317,0.000,25.316,27.270,0.000,0.000,0.0000
73.590,-70.914,35.241,0.317,0.000,25.316,27.270,0.000,0.000,0.0000
73.600,-70.914,35.241,0.317,0.000,25.316,27.270,0.000,0.000,0.0000
73.610,-70.914,35.241,0.317,0.000,25.316,27.270,0.000,0.000,0.0000
73.620,-70.914,35.241,0.317,0.000,25.316,27.270,0.000,0.000,0.0000
73.630,-70.914,35.241,0.317,0.000,25.316,27.270,0.000,0.000,0.0000
73.640,-70.914,35.241,0.317,0.000,25.316,27.270,0.000,0.000,0.0000
73.650,-70.914,35.241,0.317,0.000,25.316,27.270,0.000,0.000,0.0000
73.660,-70.914,35.241,0.317,0.000,25.316,27.270,0.000,0.000,0.0000
73.670,-70.914,35.241,0.317,0.000,25.316,27.270,0.000,0.000,0.0000
73.680,-70.914,35.241,0.317,0.000,25.316,27.270,0.000,0.000,0.0000
73.690,-70.914,35.241,0.317,0.000,25.316,27.270,0.000,0.000,0.0000
73.700,-70.914,35.241,0.317,0.000,25.316,27.270,0.000,0.000,0.0000
73.710,-70.914,35.241,0.317,0.000,25.316,27.270,0.000,0.000,0.0000
73.720,-70.914,35.241,0.317,0.000,25.316,27.270,0.000,0.000,0.0000
73.730,-70.914,35.241,0.317,0.000,25.316,27.270,0.000,0.000,0.0000
73.740,-70.914,35.241,0.317,0.000,25.316,27.270,0.000,0.000,0.0000
73.750,-70.914,35.241,0.317,0.000,25.316,27.270,0.000,0.000,0.0000
73.760,-70.914,35.241,0.317,0.000,25.316,27.270,0.000,0.000,0.0000
73.770,-70.914,35.241,0.317,0.000,25.316,27.270,0.000,0.000,0.0000
73.780,-70.914,35.241,0.317,0.000,25.316,27.270,0.000,0.000,0.0000
73.790,-70.914,35.241,0.317,0.000,25.316,27.270,0.000,0.000,0.0000
73.800,-70.914,35.241,0.317,0.000,25.316,27.270,0.000,0.000,0.0000
73.810,-70.914,35.241,0.317,0.000,25.316,27.270,0.000,0.000,0.0000
73.820,-70.914,35.241,0.317,0.000,25.316,27.270,0.000,0.000,0.0000
73.830,-70.914,35.241,0.317,0.000,25.316,27.270,0.000,0.000,0.0000
73.840,-70.914,35.241,0.317,0.000,25.316,27.270,0.000,0.000,0.0000
73.850,-70.914,35.241,0.317,0.000,25.316,27.270,0.000,0.000,0.0000
73.860,-70.914,35.241,0.317,0.000,25.316,27.270,0.000,0.000,0.0000
73.870,-70.914,35.241,0.317,0.000,25.316,27.270,0.000,0.000,0.0000
73.880,-70.914,35.241,0.317,0.000,25.316,27.270,0.000,0.000,0.0000
73.890,-70.914,35.241,0.317,0.000,25.316,27.270,0.000,0.000,0.0000
73.900,-70.914,35.241,0.317,0.000,25.316,27.270,0.000,0.000,0.0000
73.910,-70.914,35.241,0.317,0.000,25.316,27.270,0.000,0.000,0.0000
73.920,-70.914,35.241,0.317,0.000,25.316,27.270,0.000,0.000,0.0000
73.930,-70.914,35.241,0.317,0.000,25.316,27.270,0.000,0.000,0.0000
73.940,-70.914,35.241,0.317,0.000,25.316,27.270,0.000,0.000,0.0000
73.950,-70.914,35.241,0.317,0.000,25.316,27.270,0.000,0.000,0.0000
73.960,-70.914,35.241,0.317,0.000,25.316,27.270,0.000,0.000,0.0000
73.970,-70.914,35.241,0.317,0.000,25.316,27.270,0.000,0.000,0.0000
73.980,-70.914,35.241,0.317,0.000,25.316,27.270,0.000,0.000,0.0000
73.990,-70.914,35.241,0.317,0.000,25.316,27.270,0.000,0.000,0.0000
74.000,-70.914,35.241,0.317,0.000,25.316,27.270,0.000,0.000,0.0000
74.010,-70.914,35.241,0.317,0.000,25.316,27.270,0.000,0.000,0.0000
74.020,-70.914,35.241,0.317,0.000,25.316,27.270,0.000,0.000,0.0000
74.030,-70.914,35.241,0.317,0.000,25.316,27.270,0.000,0.000,0.0000
74.040,-70.914,35.241,0.317,0.000,25.316,27.270,0.000,0.000,0.0000
74.050,-70.914,35.241,0.317,0.000,25.316,27.270,0.000,0.000,0.0000
74.060,-70.914,35.241,0.317,0.000,25.316,27.270,0.000,0.000,0.0000
74.070,-70.914,35.241,0.317,0.000,25.316,27.270,0.000,0.000,0.0000
74.080,-70.914,35.241,0.317,0.000,25.316,27.270,0.000,0.000,0.0000
74.090,-70.914,35.241,0.317,0.000,25.316,27.270,0.000,0.000,0.0000
74.100,-70.914,35.241,0.317,0.000,25.316,27.270,0.000,0.000,0.0000
74.110,-70.914,35.241,0.317,0.000,25.316,27.270,0.000,0.000,0.0000
74.120,-70.914,35.241,0.317,0.000,25.316,27.270,0.000,0.000,0.0000
74.130,-70.914,35.241,0.317,0.000,25.316,27.270,0.000,0.000,0.0000
74.140,-70.914,35.241,0.317,0.000,25.316,27.270,0.000,0.000,0.0000
74.150,-70.914,35.241,0.317,0.000,25.316,27.270,0.000,0.000,0.0000
74.160,-70.914,35.241,0.317,0.000,25.316,27.270,0.000,0.000,0.0000
74.170,-70.914,35.241,0.317,0.000,25.316,27.270,0.000,0.000,0.0000
74.180,-70.914,35.241,0.317,0.000,25.316,27.270,0.000,0.000,0.0000
74.190,-70.914,35.241,0.317,0.000,25.316,27.270,0.000,0.000,0.0000
74.200,-70.914,35.241,0.317,0.000,25.316,27.270,0.000,0.000,0.0000
74.210,-70.914,35.241,0.317,0.000,25.316,27.270,0.000,0.000,0.0000
74.220,-70.914,35.241,0.317,0.000,25.316,27.270,0.000,0.000,0.0000
74.230,-70.914,35.241,0.317,0.000,25.316,27.270,0.000,0.000,0.0000
74.240,-70.914,35.241,0.317,0.000,25.316,27.270,0.000,0.000,0.0000
74.250,-70.914,35.241,0.317,0.000,25.316,27.270,0.000,0.000,0.0000
74.260,-70.914,35.241,0.317,0.000,25.316,27.270,0.000,0.000,0.0000
74.270,-70.914,35.241,0.317,0.000,25.316,27.270,0.000,0.000,0.0000
74.280,-70.914,35.241,0.317,0.000,25.316,27.270,0.000,0.000,0.0000
74.290,-70.914,35.241,0.317,0.000,25.316,27.270,0.000,0.000,0.0000
74.300,-70.914,35.241,0.317,0.000,25.316,27.270,0.000,0.000,0.0000
74.310,-70.914,35.241,0.317,0.000,25.316,27.270,0.000,0.000,0.0000
74.320,-70.914,35.241,0.317,0.000,25.316,27.270,0.000,0.000,0.0000
74.330,-70.914,35.241,0.317,0.000,25.316,27.270,0.000,0.000,0.0000
74.340,-70.914,35.241,0.317,0.000,25.316,27.270,0.000,0.000,0.0000
74.350,-70.914,35.241,0.317,0.000,25.316,27.270,0.000,0.000,0.0000
74.360,-70.914,35.241,0.317,0.000,25.316,27.270,0.000,0.000,0.0000
74.370,-70.914,35.241,0.317,0.000,25.316,27.270,0.000,0.000,0.0000
74.380,-70.914,35.241,0.317,0.000,25.316,27.270,0.000,0.000,0.0000
74.390,-70.914,35.241,0.317,0.000,25.316,27.270,0.000,0.000,0.0000
74.400,-70.914,35.241,0.317,0.000,25.316,27.270,0.000,0.000,0.0000
74.410,-70.914,35.241,0.317,0.000,25.316,27.270,0.000,0.000,0.0000
74.420,-70.914,35.241,0.317,0.000,25.316,27.270,0.000,0.000,0.0000
74.430,-70.914,35.241,0.317,0.000,25.316,27.270,0.000,0.000,0.0000
74.440,-70.914,35.241,0.317,0.000,25.316,27.270,0.000,0.000,0.0000
74.450,-70.914,35.241,0.317,0.000,25.316,27.270,0.000,0.000,0.0000
74.460,-70.914,35.241,0.317,0.000,25.316,27.270,0.000,0.000,0.0000
74.470,-70.914,35.241,0.317,0.000,25.316,27.270,0.000,0.000,0.0000
74.480,-70.914,35.241,0.317,0.000,25.316,27.270,0.000,0.000,0.0000
74.490,-70.914,35.241,0.317,0.000,25.316,27.270,0.000,0.000,0.0000
74.500,-70.914,35.241,0.317,0.000,25.316,27.270,0.000,0.000,0.0000
74.510,-70.914,35.241,0.317,0.000,25.316,27.270,0.000,0.000,0.0000
74.520,-70.914,35.241,0.317,0.000,25.316,27.270,0.000,0.000,0.0000
74.530,-70.914,35.241,0.317,0.000,25.316,27.270,0.000,0.000,0.0000
74.540,-70.914,35.241,0.317,0.000,25.316,27.270,0.000,0.000,0.0000
74.550,-70.914,35.241,0.317,0.000,25.316,27.270,0.000,0.000,0.0000
74.560,-70.914,35.241,0.317,0.000,25.316,27.270,0.000,0.000,0.0000
74.570,-70.914,35.241,0.317,0.000,25.316,27.270,0.000,0.000,0.0000
74.580,-70.914,35.241,0.317,0.000,25.316,27.270,0.000,0.000,0.0000
74.590,-70.914,35.241,0.317,0.000,25.316,27.270,0.000,0.000,0.0000
74.600,-70.914,35.241,0.317,0.000,25.316,27.270,0.000,0.000,0.0000
74.610,-70.914,35.241,0.317,0.000,25.316,27.270,0.000,0.000,0.0000
74.620,-70.914,35.241,0.317,0.000,25.316,27.270,0.000,0.000,0.0000
74.630,-70.914,35.241,0.317,0.000,25.316,27.270,0.000,0.000,0.0000
74.640,-70.914,35.241,0.317,0.000,25.316,27.270,0.000,0.000,0.0000
74.650,-70.914,35.241,0.317,0.000,25.316,27.270,0.040,0.000,0.0000
74.660,-70.914,35.241,0.317,0.014,25.316,27.270,0.080,0.000,0.0000
74.670,-70.914,35.242,0.317,0.040,25.316,27.271,0.120,0.000,0.0000
74.680,-70.913,35.242,0.317,0.074,25.317,27.272,0.160,0.000,0.0000
74.690,-70.912,35.242,0.316,0.113,25.318,27.273,0.200,0.000,0.0000
74.700,-70.911,35.243,0.316,0.153,25.319,27.274,0.240,0.000,0.0000
74.710,-70.909,35.243,0.316,0.193,25.321,27.276,0.280,0.000,0.0000
74.720,-70.906,35.244,0.315,0.232,25.324,27.278,0.320,0.000,0.0000
74.730,-70.904,35.245,0.315,0.271,25.326,27.281,0.360,0.000,0.0000
74.740,-70.901,35.245,0.314,0.309,25.329,27.284,0.400,0.000,0.0000
74.750,-70.897,35.246,0.313,0.347,25.333,27.287,0.440,0.000,0.0000
74.760,-70.894,35.248,0.313,0.384,25.336,27.291,0.480,0.000,0.0000
74.770,-70.889,35.249,0.312,0.422,25.341,27.295,0.520,0.000,0.0000
74.780,-70.885,35.250,0.312,0.459,25.345,27.300,0.560,0.000,0.0000
74.790,-70.880,35.252,0.311,0.497,25.350,27.304,0.600,0.000,0.0000
74.800,-70.875,35.253,0.311,0.535,25.356,27.309,0.640,0.000,0.0000
74.810,-70.869,35.255,0.310,0.574,25.361,27.315,0.680,0.000,0.0000
74.820,-70.863,35.257,0.310,0.612,25.367,27.321,0.720,0.000,0.0000
74.830,-70.856,35.259,0.309,0.651,25.374,27.327,0.760,0.000,0.0000
74.840,-70.849,35.261,0.309,0.690,25.381,27.333,0.800,0.000,0.0000
74.850,-70.842,35.263,0.309,0.728,25.388,27.340,0.840,0.000,0.0000
74.860,-70.834,35.265,0.308,0.765,25.396,27.347,0.880,0.000,0.0000
74.870,-70.826,35.267,0.308,0.802,25.404,27.355,0.920,0.000,0.0000
74.880,-70.818,35.270,0.308,0.839,25.412,27.363,0.960,0.000,0.0000
74.890,-70.809,35.272,0.308,0.877,25.421,27.371,1.000,0.000,0.0000
74.900,-70.800,35.275,0.308,0.916,25.430,27.379,1.000,0.000,0.0000
74.910,-70.791,35.278,0.308,0.955,25.439,27.388,1.000,0.000,0.0000
74.920,-70.781,35.281,0.308,0.994,25.449,27.397,1.000,0.000,0.0000
74.930,-70.770,35.284,0.308,1.033,25.460,27.407,1.000,0.000,0.0000
74.940,-70.760,35.287,0.308,1.072,25.470,27.416,1.000,0.000,0.0000
74.950,-70.748,35.290,0.308,1.111,25.482,27.427,1.000,0.000,0.0000
74.960,-70.737,35.294,0.308,1.150,25.493,27.437,1.000,0.000,0.0000
74.970,-70.725,35.297,0.308,1.188,25.505,27.448,1.000,0.000,0.0000
74.980,-70.713,35.301,0.308,1.226,25.517,27.459,1.000,0.000,0.0000
74.990,-70.700,35.305,0.309,1.265,25.530,27.471,1.000,0.000,0.0000
75.000,-70.687,35.308,0.309,1.303,25.543,27.483,1.000,0.000,0.0000
75.010,-70.674,35.312,0.309,1.341,25.556,27.495,1.000,0.000,0.0000
75.020,-70.660,35.316,0.309,1.379,25.570,27.508,1.000,0.000,0.0000
75.030,-70.646,35.320,0.309,1.417,25.584,27.521,1.000,0.000,0.0000
75.040,-70.631,35.325,0.310,1.455,25.599,27.534,1.000,0.000,0.0000
75.050,-70.616,35.329,0.310,1.493,25.614,27.548,1.000,0.000,0.0000
75.060,-70.601,35.334,0.310,1.531,25.629,27.562,1.000,0.000,0.0000
75.070,-70.585,35.338,0.310,1.569,25.645,27.576,1.000,0.000,0.0000
75.080,-70.569,35.343,0.310,1.607,25.661,27.591,1.000,0.000,0.0000
75.090,-70.553,35.348,0.310,1.645,25.677,27.606,1.000,0.000,0.0000
75.100,-70.536,35.353,0.311,1.683,25.694,27.621,1.000,0.000,0.0000
75.110,-70.519,35.358,0.311,1.721,25.711,27.637,1.000,0.000,0.0000
75.120,-70.501,35.363,0.311,1.760,25.729,27.653,1.000,0.000,0.0000
75.130,-70.483,35.368,0.311,1.798,25.747,27.670,1.000,0.000,0.0000
75.140,-70.465,35.374,0.311,1.836,25.765,27.687,1.000,0.000,0.0000
75.150,-70.446,35.379,0.311,1.874,25.784,27.704,1.000,0.000,0.0000
75.160,-70.427,35.385,0.311,1.912,25.803,27.722,1.000,0.000,0.0000
75.170,-70.407,35.390,0.311,1.950,25.823,27.740,1.000,0.000,0.0000
75.180,-70.388,35.396,0.311,1.988,25.842,27.758,1.000,0.000,0.0000
75.190,-70.367,35.402,0.311,2.026,25.863,27.777,1.000,0.000,0.0000
75.200,-70.347,35.408,0.311,2.064,25.883,27.796,1.000,0.000,0.0000
75.210,-70.326,35.415,0.311,2.102,25.904,27.815,1.000,0.000,0.0000
75.220,-70.304,35.421,0.311,2.140,25.926,27.835,1.000,0.000,0.0000
75.230,-70.282,35.427,0.311,2.177,25.948,27.855,1.000,0.000,0.0000
75.240,-70.260,35.434,0.311,2.215,25.970,27.876,1.000,0.000,0.0080
75.250,-70.238,35.441,0.311,2.255,25.992,27.896,1.000,0.000,0.0160
75.260,-70.215,35.447,0.311,2.295,26.015,27.918,1.000,0.000,0.0240
75.270,-70.191,35.454,0.311,2.336,26.039,27.939,1.000,0.000,0.0320
75.280,-70.168,35.461,0.311,2.377,26.062,27.961,1.000,0.000,0.0400
75.290,-70.144,35.468,0.310,2.418,26.086,27.984,1.000,0.000,0.0480
75.300,-70.119,35.476,0.310,2.458,26.111,28.006,1.000,0.000,0.0560
75.310,-70.094,35.483,0.310,2.499,26.136,28.029,1.000,0.000,0.0640
75.320,-70.069,35.491,0.310,2.539,26.161,28.053,1.000,0.000,0.0720
75.330,-70.043,35.498,0.310,2.579,26.187,28.077,1.000,0.000,0.0800
75.340,-70.017,35.506,0.310,2.619,26.213,28.101,1.000,0.000,0.0880
75.350,-69.990,35.514,0.310,2.659,26.240,28.126,1.000,0.000,0.0960
75.360,-69.963,35.522,0.310,2.699,26.267,28.151,1.000,0.000,0.1040
75.370,-69.936,35.530,0.310,2.730,26.294,28.176,1.000,0.000,0.1120
75.380,-69.908,35.538,0.310,2.761,26.322,28.202,1.000,0.000,0.1200
75.390,-69.880,35.546,0.310,2.793,26.350,28.227,1.000,0.000,0.1280
75.400,-69.852,35.554,0.310,2.823,26.378,28.253,1.000,0.000,0.1360
75.410,-69.823,35.562,0.310,2.851,26.407,28.280,1.000,0.000,0.1440
75.420,-69.795,35.570,0.310,2.882,26.435,28.306,1.000,0.000,0.1520
75.430,-69.765,35.578,0.310,2.917,26.465,28.333,1.000,0.000,0.1600
75.440,-69.736,35.587,0.310,2.954,26.494,28.361,1.000,0.000,0.1680
75.450,-69.706,35.595,0.310,2.992,26.524,28.388,1.000,0.000,0.1760
75.460,-69.676,35.604,0.310,3.032,26.554,28.416,1.000,0.000,0.1840
75.470,-69.645,35.612,0.310,3.071,26.585,28.445,0.940,0.000,0.1920
75.480,-69.614,35.621,0.311,3.111,26.616,28.474,0.880,0.000,0.2000
75.490,-69.582,35.629,0.311,3.149,26.648,28.503,0.820,0.000,0.2080
75.500,-69.550,35.638,0.311,3.188,26.680,28.532,0.760,0.000,0.2160
75.510,-69.518,35.647,0.311,3.226,26.712,28.562,0.700,0.000,0.2240
75.520,-69.486,35.656,0.311,3.264,26.744,28.593,0.640,0.000,0.2320
75.530,-69.453,35.665,0.311,3.302,26.777,28.623,0.580,0.000,0.2400
75.540,-69.419,35.674,0.311,3.339,26.811,28.654,0.520,0.000,0.2480
75.550,-69.385,35.683,0.311,3.376,26.845,28.685,0.460,0.000,0.2560
75.560,-69.351,35.692,0.311,3.411,26.879,28.717,0.400,0.000,0.2640
75.570,-69.317,35.701,0.311,3.445,26.913,28.749,0.340,0.000,0.2720
75.580,-69.282,35.710,0.311,3.466,26.948,28.781,0.280,0.000,0.2800
75.590,-69.248,35.719,0.311,3.466,26.983,28.813,0.220,0.000,0.2880
75.600,-69.213,35.728,0.311,3.448,27.017,28.845,0.160,0.000,0.2960
75.610,-69.179,35.736,0.312,3.417,27.051,28.877,0.100,0.000,0.3040
75.620,-69.145,35.745,0.312,3.379,27.085,28.908,0.040,0.000,0.3120
75.630,-69.112,35.753,0.313,3.338,27.118,28.939,0.000,0.000,0.3200
75.640,-69.079,35.761,0.314,3.295,27.151,28.969,0.000,0.000,0.3280
75.650,-69.046,35.769,0.315,3.253,27.184,28.999,0.000,0.000,0.3360
75.660,-69.014,35.777,0.316,3.210,27.216,29.028,0.000,0.000,0.3440
75.670,-68.983,35.785,0.317,3.167,27.248,29.057,0.000,0.000,0.3520
75.680,-68.951,35.792,0.318,3.124,27.279,29.086,0.000,0.000,0.3600
75.690,-68.921,35.799,0.319,3.080,27.310,29.114,0.000,0.000,0.3680
75.700,-68.890,35.806,0.320,3.036,27.340,29.142,0.000,0.000,0.3760
75.710,-68.860,35.813,0.322,2.991,27.370,29.169,0.000,0.000,0.3840
75.720,-68.831,35.819,0.323,2.953,27.399,29.196,0.000,0.000,0.3920
75.730,-68.802,35.826,0.324,2.910,27.428,29.223,0.000,0.000,0.4000
75.740,-68.773,35.832,0.325,2.869,27.457,29.249,0.000,0.000,0.4080
75.750,-68.745,35.838,0.326,2.830,27.485,29.275,0.000,0.000,0.4160
75.760,-68.718,35.844,0.327,2.657,27.512,29.300,0.000,0.000,0.4240
75.770,-68.692,35.850,0.328,2.601,27.538,29.324,0.000,0.000,0.4320
75.780,-68.667,35.856,0.328,2.521,27.563,29.347,0.000,0.000,0.4400
75.790,-68.642,35.861,0.329,2.489,27.588,29.370,0.000,0.000,0.4480
75.800,-68.617,35.867,0.330,2.471,27.613,29.393,0.000,0.000,0.4560
75.810,-68.593,35.872,0.330,2.446,27.637,29.415,0.000,0.000,0.4640
75.820,-68.569,35.878,0.330,2.432,27.661,29.438,0.000,0.000,0.4720
75.830,-68.544,35.883,0.330,2.416,27.686,29.460,0.000,0.000,0.4800
75.840,-68.520,35.888,0.330,2.404,27.710,29.483,0.000,0.000,0.4880
75.850,-68.497,35.892,0.330,2.379,27.733,29.505,0.000,0.000,0.4960
75.860,-68.473,35.897,0.329,2.344,27.757,29.527,0.000,0.000,0.5000
75.870,-68.450,35.901,0.329,2.302,27.780,29.549,0.000,0.000,0.5000
75.880,-68.428,35.905,0.329,2.259,27.802,29.570,0.000,0.000,0.5000
75.890,-68.407,35.909,0.328,2.096,27.823,29.589,0.000,0.000,0.5000
75.900,-68.387,35.911,0.328,1.992,27.843,29.608,0.000,0.000,0.5000
75.910,-68.367,35.913,0.328,1.922,27.863,29.626,0.000,0.000,0.5000
75.920,-68.349,35.916,0.328,1.882,27.881,29.644,0.000,0.000,0.5000
75.930,-68.330,35.918,0.328,1.862,27.900,29.661,0.000,0.000,0.5000
75.940,-68.312,35.919,0.327,1.848,27.918,29.678,0.000,0.000,0.4700
75.950,-68.293,35.921,0.327,1.832,27.937,29.696,0.000,0.000,0.4400
75.960,-68.275,35.923,0.326,1.809,27.955,29.713,0.000,0.000,0.4100
75.970,-68.257,35.925,0.326,1.778,27.973,29.730,0.000,0.000,0.3800
75.980,-68.240,35.927,0.325,1.748,27.990,29.746,0.000,0.000,0.3500
75.990,-68.223,35.929,0.325,1.712,28.007,29.762,0.000,0.000,0.3200
76.000,-68.206,35.931,0.324,1.674,28.024,29.778,0.000,0.000,0.2900
76.010,-68.190,35.933,0.324,1.634,28.040,29.793,0.040,0.000,0.2600
76.020,-68.174,35.935,0.323,1.595,28.056,29.809,0.080,0.000,0.2300
76.030,-68.158,35.937,0.323,1.558,28.072,29.823,0.120,0.000,0.2000
76.040,-68.143,35.938,0.322,1.522,28.087,29.838,0.160,0.000,0.1700
76.050,-68.128,35.940,0.322,1.493,28.102,29.852,0.200,0.000,0.1400
76.060,-68.113,35.942,0.322,1.490,28.117,29.866,0.240,0.000,0.1100
76.070,-68.098,35.944,0.321,1.508,28.132,29.880,0.280,0.000,0.0800
76.080,-68.083,35.946,0.321,1.542,28.147,29.894,0.320,0.000,0.0500
76.090,-68.067,35.948,0.320,1.584,28.163,29.910,0.360,0.000,0.0200
76.100,-68.051,35.950,0.319,1.628,28.179,29.925,0.400,0.000,0.0000
76.110,-68.034,35.952,0.318,1.680,28.196,29.941,0.440,0.000,0.0000
76.120,-68.017,35.955,0.317,1.736,28.213,29.957,0.480,0.000,0.0000
76.130,-67.999,35.957,0.316,1.801,28.231,29.975,0.520,0.000,0.0000
76.140,-67.980,35.959,0.315,1.865,28.250,29.992,0.560,0.000,0.0000
76.150,-67.961,35.962,0.314,1.930,28.269,30.011,0.600,0.000,0.0000
76.160,-67.941,35.964,0.313,1.994,28.289,30.030,0.640,0.000,0.0000
76.170,-67.920,35.967,0.312,2.056,28.310,30.049,0.680,0.000,0.0000
76.180,-67.899,35.970,0.310,2.117,28.331,30.070,0.720,0.000,0.0000
76.190,-67.877,35.973,0.309,2.176,28.353,30.090,0.760,0.000,0.0000
76.200,-67.855,35.975,0.308,2.233,28.375,30.112,0.800,0.000,0.0000
76.210,-67.832,35.978,0.307,2.290,28.398,30.133,0.840,0.000,0.0000
76.220,-67.809,35.981,0.306,2.345,28.421,30.156,0.880,0.000,0.0000
76.230,-67.785,35.984,0.306,2.398,28.445,30.178,0.920,0.000,0.0000
76.240,-67.760,35.987,0.305,2.450,28.470,30.201,0.960,0.000,0.0000
76.250,-67.735,35.990,0.304,2.501,28.495,30.225,1.000,0.000,0.0000
76.260,-67.710,35.993,0.304,2.552,28.520,30.249,1.000,0.000,0.0000
76.270,-67.684,35.997,0.304,2.601,28.546,30.273,1.000,0.000,0.0000
76.280,-67.657,36.000,0.303,2.648,28.573,30.298,1.000,0.000,0.0000
76.290,-67.630,36.003,0.303,2.693,28.600,30.323,1.000,0.000,0.0000
76.300,-67.603,36.006,0.303,2.734,28.627,30.349,1.000,0.000,0.0000
76.310,-67.575,36.009,0.303,2.775,28.655,30.375,1.000,0.000,0.0000
76.320,-67.547,36.012,0.304,2.817,28.683,30.401,1.000,0.000,0.0000
76.330,-67.519,36.016,0.304,2.859,28.711,30.428,1.000,0.000,0.0000
76.340,-67.490,36.019,0.304,2.901,28.740,30.455,1.000,0.000,0.0000
76.350,-67.460,36.022,0.305,2.943,28.770,30.482,1.000,0.000,0.0000
76.360,-67.430,36.025,0.305,2.984,28.800,30.510,1.000,0.000,0.0000
76.370,-67.400,36.029,0.306,3.025,28.830,30.538,1.000,0.000,0.0000
76.380,-67.369,36.032,0.306,3.066,28.861,30.567,1.000,0.000,0.0000
76.390,-67.338,36.036,0.307,3.106,28.892,30.596,1.000,0.000,0.0000
76.400,-67.307,36.039,0.308,3.147,28.923,30.625,1.000,0.000,0.0000
76.410,-67.275,36.042,0.308,3.187,28.955,30.655,1.000,0.000,0.0000
76.420,-67.243,36.046,0.309,3.226,28.987,30.685,1.000,0.000,0.0000
76.430,-67.210,36.049,0.309,3.266,29.020,30.715,1.000,0.000,0.0000
76.440,-67.177,36.053,0.310,3.305,29.053,30.746,1.000,0.000,0.0000
76.450,-67.144,36.057,0.310,3.345,29.086,30.777,1.000,0.000,0.0000
76.460,-67.110,36.060,0.311,3.387,29.120,30.809,1.000,0.000,0.0000
76.470,-67.075,36.064,0.311,3.428,29.155,30.841,1.000,0.000,0.0000
76.480,-67.041,36.068,0.312,3.469,29.189,30.873,1.000,0.000,0.0000
76.490,-67.006,36.072,0.312,3.509,29.224,30.906,1.000,0.000,0.0000
76.500,-66.970,36.075,0.312,3.549,29.260,30.939,1.000,0.000,0.0000
76.510,-66.934,36.079,0.312,3.589,29.296,30.973,1.000,0.000,0.0000
76.520,-66.898,36.083,0.313,3.630,29.332,31.007,1.000,0.000,0.0000
76.530,-66.861,36.087,0.313,3.671,29.369,31.041,1.000,0.000,0.0000
76.540,-66.824,36.091,0.313,3.714,29.406,31.076,1.000,0.000,0.0000
76.550,-66.787,36.095,0.313,3.757,29.443,31.111,1.000,0.000,0.0000
76.560,-66.749,36.100,0.313,3.799,29.481,31.147,1.000,0.000,0.0000
76.570,-66.710,36.104,0.313,3.841,29.520,31.183,1.000,0.000,0.0000
76.580,-66.671,36.108,0.313,3.881,29.559,31.219,1.000,0.000,0.0000
76.590,-66.632,36.113,0.312,3.920,29.598,31.256,1.000,0.000,0.0000
76.600,-66.593,36.117,0.312,3.958,29.637,31.293,1.000,0.000,0.0000
76.610,-66.553,36.121,0.312,3.994,29.677,31.331,1.000,0.000,0.0000
76.620,-66.512,36.126,0.312,4.029,29.718,31.369,1.000,0.000,0.0000
76.630,-66.472,36.130,0.312,4.055,29.758,31.407,1.000,0.000,0.0000
76.640,-66.431,36.135,0.312,4.082,29.799,31.446,1.000,0.000,0.0000
76.650,-66.390,36.139,0.312,4.113,29.840,31.484,1.000,0.000,0.0000
76.660,-66.348,36.144,0.312,4.148,29.882,31.523,1.000,0.000,0.0000
76.670,-66.307,36.149,0.311,4.186,29.923,31.563,1.000,0.000,0.0000
76.680,-66.264,36.153,0.311,4.227,29.966,31.603,1.000,0.000,0.0000
76.690,-66.222,36.158,0.311,4.268,30.008,31.643,1.000,0.000,0.0000
76.700,-66.178,36.163,0.311,4.310,30.052,31.683,1.000,0.000,0.0000
76.710,-66.135,36.168,0.311,4.351,30.095,31.724,1.000,0.000,0.0000
76.720,-66.091,36.173,0.311,4.393,30.139,31.766,1.000,0.000,0.0000
76.730,-66.047,36.177,0.311,4.434,30.183,31.808,1.000,0.000,0.0000
76.740,-66.002,36.182,0.311,4.476,30.228,31.850,1.000,0.000,0.0000
76.750,-65.957,36.187,0.310,4.519,30.273,31.892,1.000,0.000,0.0000
76.760,-65.911,36.192,0.310,4.562,30.319,31.935,1.000,0.000,0.0000
76.770,-65.865,36.198,0.310,4.605,30.365,31.979,1.000,0.000,0.0000
76.780,-65.819,36.203,0.310,4.648,30.411,32.023,1.000,0.000,0.0000
76.790,-65.772,36.208,0.310,4.693,30.458,32.067,1.000,0.000,0.0000
76.800,-65.724,36.213,0.310,4.739,30.506,32.112,1.000,0.000,0.0000
76.810,-65.677,36.219,0.311,4.731,30.553,32.156,1.000,0.000,0.0000
76.820,-65.629,36.224,0.312,4.800,30.601,32.201,1.000,0.000,0.0000
76.830,-65.580,36.230,0.313,4.864,30.650,32.246,1.000,0.000,0.0000
76.840,-65.531,36.236,0.315,4.915,30.699,32.292,1.000,0.000,0.0000
76.850,-65.482,36.242,0.318,4.927,30.748,32.338,1.000,0.000,0.0000
76.860,-65.432,36.247,0.321,4.987,30.798,32.384,1.000,0.000,0.0000
76.870,-65.382,36.253,0.324,5.032,30.848,32.430,1.000,0.000,0.0000
76.880,-65.331,36.258,0.328,5.074,30.899,32.476,1.000,0.000,0.0000
76.890,-65.280,36.264,0.331,5.110,30.950,32.523,1.000,0.000,0.0000
76.900,-65.229,36.269,0.335,5.149,31.001,32.571,1.000,0.000,0.0000
76.910,-65.177,36.275,0.339,5.188,31.053,32.618,1.000,0.000,0.0000
76.920,-65.125,36.280,0.342,5.228,31.105,32.667,1.000,0.000,0.0000
76.930,-65.073,36.285,0.345,5.268,31.157,32.715,1.000,0.000,0.0000
76.940,-65.020,36.291,0.349,5.308,31.210,32.764,1.000,0.000,0.0000
76.950,-64.966,36.296,0.351,5.349,31.264,32.814,1.000,0.000,0.0000
76.960,-64.912,36.302,0.354,5.388,31.318,32.864,1.000,0.000,0.0000
76.970,-64.858,36.307,0.357,5.428,31.372,32.914,1.000,0.000,0.0000
76.980,-64.804,36.312,0.359,5.468,31.427,32.965,1.000,0.000,0.0000
76.990,-64.748,36.318,0.361,5.508,31.482,33.017,1.000,0.000,0.0000
77.000,-64.693,36.324,0.362,5.549,31.537,33.069,1.000,0.000,0.0000
77.010,-64.637,36.329,0.363,5.591,31.593,33.121,1.000,0.000,0.0000
77.020,-64.581,36.335,0.364,5.635,31.649,33.174,1.000,0.000,0.0000
77.030,-64.524,36.341,0.365,5.678,31.706,33.228,1.000,0.000,0.0000
77.040,-64.467,36.346,0.365,5.719,31.763,33.282,1.000,0.000,0.0000
77.050,-64.409,36.352,0.365,5.759,31.821,33.337,1.000,0.000,0.0000
77.060,-64.351,36.358,0.365,5.796,31.879,33.392,1.000,0.000,0.0000
77.070,-64.293,36.364,0.364,5.830,31.937,33.447,1.000,0.000,0.0000
77.080,-64.234,36.370,0.364,5.858,31.996,33.503,1.000,0.000,0.0000
77.090,-64.176,36.376,0.363,5.878,32.054,33.559,1.000,0.000,0.0000
77.100,-64.117,36.382,0.362,5.900,32.113,33.615,1.000,0.000,0.0000
77.110,-64.057,36.389,0.362,5.927,32.173,33.671,1.000,0.000,0.0000
77.120,-63.998,36.395,0.361,5.961,32.232,33.728,1.000,0.000,0.0000
77.130,-63.938,36.401,0.360,5.997,32.292,33.785,1.000,0.000,0.0000
77.140,-63.877,36.408,0.358,6.037,32.353,33.843,1.000,0.000,0.0000
77.150,-63.817,36.414,0.357,6.079,32.413,33.901,1.000,0.000,0.0000
77.160,-63.755,36.421,0.356,6.121,32.475,33.960,1.000,0.000,0.0000
77.170,-63.694,36.427,0.355,6.165,32.536,34.019,1.000,0.000,0.0000
77.180,-63.632,36.434,0.354,6.210,32.598,34.078,1.000,0.000,0.0000
77.190,-63.569,36.441,0.353,6.257,32.661,34.138,1.000,0.000,0.0000
77.200,-63.506,36.447,0.351,6.306,32.724,34.198,1.000,0.000,0.0000
77.210,-63.443,36.454,0.350,6.356,32.787,34.259,1.000,0.000,0.0000
77.220,-63.379,36.461,0.349,6.404,32.851,34.320,1.000,0.000,0.0000
77.230,-63.314,36.468,0.348,6.450,32.916,34.381,1.000,0.000,0.0000
77.240,-63.249,36.475,0.347,6.494,32.981,34.443,1.000,0.000,0.0000
77.250,-63.184,36.482,0.347,6.535,33.046,34.506,1.000,0.000,0.0000
77.260,-63.118,36.489,0.346,6.574,33.112,34.569,1.000,0.000,0.0000
77.270,-63.052,36.496,0.345,6.604,33.178,34.632,1.000,0.000,0.0000
77.280,-62.986,36.503,0.345,6.627,33.244,34.695,1.000,0.000,0.0000
77.290,-62.919,36.510,0.345,6.652,33.311,34.758,1.000,0.000,0.0000
77.300,-62.852,36.516,0.345,6.684,33.378,34.822,1.000,0.000,0.0000
77.310,-62.785,36.523,0.345,6.721,33.445,34.886,0.940,0.000,0.0000
77.320,-62.718,36.530,0.345,6.762,33.512,34.950,0.880,0.000,0.0000
77.330,-62.650,36.537,0.345,6.805,33.581,35.015,0.820,0.000,0.0000
77.340,-62.581,36.544,0.345,6.848,33.649,35.080,0.760,0.000,0.0080
77.350,-62.512,36.551,0.346,6.889,33.718,35.146,0.700,0.000,0.0160
77.360,-62.443,36.558,0.346,6.930,33.787,35.211,0.640,0.000,0.0240
77.370,-62.373,36.565,0.346,6.972,33.857,35.278,0.580,0.000,0.0320
77.380,-62.303,36.572,0.347,6.991,33.927,35.344,0.520,0.000,0.0400
77.390,-62.233,36.579,0.347,6.988,33.997,35.411,0.460,0.000,0.0480
77.400,-62.164,36.586,0.348,6.966,34.066,35.477,0.400,0.000,0.0560
77.410,-62.094,36.593,0.349,6.931,34.136,35.543,0.340,0.000,0.0640
77.420,-62.025,36.599,0.350,6.888,34.205,35.608,0.280,0.000,0.0720
77.430,-61.957,36.606,0.351,6.837,34.273,35.673,0.220,0.000,0.0800
77.440,-61.889,36.613,0.353,6.785,34.341,35.737,0.160,0.000,0.0880
77.450,-61.822,36.619,0.354,6.740,34.408,35.801,0.100,0.000,0.0960
77.460,-61.755,36.626,0.356,6.699,34.475,35.865,0.040,0.000,0.1040
77.470,-61.688,36.632,0.357,6.671,34.542,35.928,0.000,0.000,0.1120
77.480,-61.622,36.639,0.358,6.642,34.608,35.991,0.000,0.000,0.1200
77.490,-61.556,36.645,0.360,6.610,34.674,36.054,0.000,0.000,0.1280
77.500,-61.490,36.651,0.361,6.576,34.740,36.116,0.000,0.000,0.1360
77.510,-61.425,36.657,0.362,6.540,34.805,36.178,0.000,0.000,0.1440
77.520,-61.360,36.663,0.364,6.512,34.871,36.240,0.000,0.000,0.1520
77.530,-61.295,36.669,0.365,6.489,34.935,36.302,0.000,0.000,0.1600
77.540,-61.230,36.675,0.365,6.462,35.000,36.363,0.000,0.000,0.1680
77.550,-61.166,36.681,0.366,6.429,35.064,36.425,0.000,0.000,0.1760
77.560,-61.102,36.686,0.367,6.391,35.128,36.486,0.000,0.000,0.1840
77.570,-61.038,36.691,0.368,6.348,35.192,36.546,0.000,0.000,0.1920
77.580,-60.975,36.697,0.368,6.302,35.255,36.606,0.000,0.000,0.2000
77.590,-60.913,36.701,0.369,6.254,35.317,36.666,0.000,0.000,0.2080
77.600,-60.851,36.706,0.369,6.204,35.379,36.725,0.000,0.000,0.2160
77.610,-60.789,36.710,0.369,6.152,35.441,36.784,0.000,0.000,0.2240
77.620,-60.728,36.715,0.370,6.096,35.502,36.842,0.000,0.000,0.1940
77.630,-60.668,36.718,0.370,6.030,35.562,36.900,0.000,0.000,0.1640
77.640,-60.608,36.722,0.370,5.970,35.622,36.957,0.000,0.000,0.1340
77.650,-60.549,36.725,0.370,5.920,35.681,37.014,0.000,0.000,0.1040
77.660,-60.490,36.728,0.370,5.879,35.740,37.070,0.000,0.000,0.0740
77.670,-60.432,36.732,0.370,5.846,35.798,37.126,0.000,0.000,0.0440
77.680,-60.374,36.735,0.370,5.761,35.856,37.181,0.000,0.000,0.0140
77.690,-60.317,36.738,0.370,5.758,35.913,37.237,0.000,0.000,0.0000
77.700,-60.259,36.740,0.369,5.758,35.971,37.292,0.000,0.000,0.0000
77.710,-60.201,36.743,0.369,5.757,36.029,37.347,0.000,0.000,0.0000
77.720,-60.144,36.745,0.368,5.756,36.086,37.403,0.000,0.000,0.0000
77.730,-60.086,36.747,0.367,5.753,36.144,37.458,0.000,0.000,0.0000
77.740,-60.029,36.749,0.366,5.696,36.201,37.513,0.000,0.000,0.0000
77.750,-59.973,36.751,0.366,5.655,36.257,37.567,0.000,0.000,0.0000
77.760,-59.917,36.753,0.365,5.612,36.313,37.621,0.000,0.000,0.0000
77.770,-59.861,36.754,0.364,5.567,36.369,37.675,0.000,0.000,0.0000
77.780,-59.806,36.756,0.364,5.522,36.424,37.728,0.000,0.000,0.0000
77.790,-59.751,36.757,0.363,5.475,36.479,37.781,0.040,0.000,0.0000
77.800,-59.697,36.759,0.363,5.432,36.533,37.833,0.080,0.000,0.0000
77.810,-59.643,36.760,0.362,5.378,36.587,37.885,0.120,0.000,0.0000
77.820,-59.590,36.761,0.362,5.330,36.640,37.936,0.160,0.000,0.0000
77.830,-59.537,36.763,0.362,5.286,36.693,37.987,0.200,0.000,0.0000
77.840,-59.484,36.764,0.362,5.244,36.746,38.037,0.240,0.000,0.0000
77.850,-59.432,36.765,0.362,5.202,36.798,38.087,0.280,0.000,0.0000
77.860,-59.381,36.767,0.362,5.160,36.849,38.136,0.320,0.000,0.0000
77.870,-59.330,36.768,0.362,5.119,36.900,38.186,0.360,0.000,0.0000
77.880,-59.279,36.769,0.362,5.079,36.951,38.234,0.400,0.000,0.0000
77.890,-59.228,36.771,0.362,5.039,37.002,38.283,0.440,0.000,0.0000
77.900,-59.178,36.772,0.362,5.001,37.052,38.331,0.480,0.000,0.0000
77.910,-59.129,36.773,0.362,4.985,37.101,38.379,0.520,0.000,0.0000
77.920,-59.079,36.775,0.362,4.991,37.151,38.427,0.560,0.000,0.0000
77.930,-59.029,36.776,0.362,5.011,37.202,38.475,0.600,0.000,0.0000
77.940,-58.978,36.778,0.362,5.041,37.252,38.523,0.640,0.000,0.0000
77.950,-58.927,36.779,0.361,5.077,37.303,38.572,0.680,0.000,0.0000
77.960,-58.876,36.781,0.361,5.116,37.354,38.622,0.720,0.000,0.0000
77.970,-58.825,36.782,0.360,5.151,37.405,38.671,0.760,0.000,0.0000
77.980,-58.773,36.784,0.359,5.187,37.457,38.721,0.800,0.000,0.0000
77.990,-58.721,36.785,0.358,5.225,37.509,38.772,0.840,0.000,0.0000
78.000,-58.668,36.787,0.358,5.263,37.562,38.823,0.880,0.000,0.0000
78.010,-58.615,36.788,0.357,5.301,37.615,38.874,0.920,0.000,0.0000
78.020,-58.562,36.790,0.356,5.339,37.668,38.925,0.960,0.000,0.0000
78.030,-58.508,36.791,0.355,5.379,37.722,38.977,1.000,0.000,0.0000
78.040,-58.454,36.793,0.354,5.419,37.776,39.030,1.000,0.000,0.0000
78.050,-58.399,36.794,0.353,5.461,37.831,39.083,1.000,0.000,0.0000
78.060,-58.344,36.796,0.352,5.503,37.886,39.136,1.000,0.000,0.0000
78.070,-58.289,36.797,0.351,5.543,37.941,39.189,1.000,0.000,0.0000
78.080,-58.233,36.799,0.350,5.584,37.997,39.243,1.000,0.000,0.0000
78.090,-58.177,36.800,0.349,5.627,38.054,39.298,1.000,0.000,0.0000
78.100,-58.120,36.802,0.348,5.671,38.110,39.353,1.000,0.000,0.0000
78.110,-58.063,36.803,0.348,5.717,38.167,39.408,1.000,0.000,0.0000
78.120,-58.005,36.804,0.347,5.762,38.225,39.463,1.000,0.000,0.0000
78.130,-57.947,36.806,0.346,5.808,38.283,39.519,1.000,0.000,0.0000
78.140,-57.888,36.807,0.346,5.854,38.342,39.576,1.000,0.000,0.0000
78.150,-57.829,36.808,0.346,5.899,38.401,39.633,1.000,0.000,0.0000
78.160,-57.770,36.810,0.345,5.944,38.460,39.690,1.000,0.000,0.0000
78.170,-57.710,36.811,0.345,5.987,38.520,39.748,1.000,0.000,0.0000
78.180,-57.650,36.813,0.345,6.030,38.580,39.806,1.000,0.000,0.0000
78.190,-57.589,36.814,0.345,6.072,38.641,39.865,1.000,0.000,0.0000
78.200,-57.528,36.815,0.345,6.113,38.702,39.923,1.000,0.000,0.0000
78.210,-57.466,36.817,0.345,6.153,38.764,39.983,1.000,0.000,0.0000
78.220,-57.405,36.818,0.345,6.188,38.825,40.042,1.000,0.000,0.0000
78.230,-57.342,36.820,0.345,6.225,38.888,40.102,1.000,0.000,0.0000
78.240,-57.280,36.822,0.344,6.261,38.950,40.163,1.000,0.000,0.0000
78.250,-57.217,36.824,0.342,6.295,39.013,40.224,1.000,0.000,0.0000
78.260,-57.154,36.826,0.338,6.325,39.076,40.286,1.000,0.000,0.0000
78.270,-57.090,36.828,0.335,6.349,39.140,40.348,1.000,0.000,0.0000
78.280,-57.026,36.829,0.332,6.386,39.204,40.411,1.000,0.000,0.0000
78.290,-56.962,36.831,0.328,6.424,39.268,40.473,1.000,0.000,0.0000
78.300,-56.898,36.832,0.324,6.467,39.332,40.537,1.000,0.000,0.0000
78.310,-56.833,36.833,0.321,6.508,39.397,40.600,1.000,0.000,0.0000
78.320,-56.767,36.835,0.317,6.551,39.463,40.664,1.000,0.000,0.0000
78.330,-56.701,36.836,0.314,6.594,39.529,40.729,1.000,0.000,0.0000
78.340,-56.635,36.838,0.311,6.637,39.595,40.793,1.000,0.000,0.0000
78.350,-56.568,36.839,0.308,6.679,39.662,40.859,1.000,0.000,0.0000
78.360,-56.501,36.841,0.305,6.721,39.729,40.924,1.000,0.000,0.0000
78.370,-56.434,36.843,0.303,6.762,39.796,40.990,1.000,0.000,0.0000
78.380,-56.366,36.844,0.301,6.802,39.864,41.056,1.000,0.000,0.0000
78.390,-56.297,36.846,0.299,6.837,39.933,41.123,1.000,0.000,0.0000
78.400,-56.229,36.847,0.298,6.874,40.001,41.189,1.000,0.000,0.0000
78.410,-56.160,36.849,0.297,6.912,40.070,41.256,1.000,0.000,0.0000
78.420,-56.090,36.851,0.296,6.953,40.140,41.324,1.000,0.000,0.0000
78.430,-56.020,36.852,0.295,6.995,40.210,41.391,1.000,0.000,0.0000
78.440,-55.950,36.854,0.295,7.032,40.280,41.459,1.000,0.000,0.0000
78.450,-55.879,36.855,0.295,7.072,40.351,41.528,1.000,0.000,0.0000
78.460,-55.808,36.857,0.295,7.115,40.422,41.596,1.000,0.000,0.0000
78.470,-55.736,36.858,0.296,7.160,40.494,41.665,1.000,0.000,0.0000
78.480,-55.664,36.860,0.296,7.206,40.566,41.735,1.000,0.000,0.0000
78.490,-55.592,36.861,0.297,7.253,40.638,41.805,1.000,0.000,0.0000
78.500,-55.519,36.863,0.298,7.299,40.711,41.875,1.000,0.000,0.0000
78.510,-55.445,36.864,0.299,7.345,40.785,41.946,1.000,0.000,0.0000
78.520,-55.371,36.866,0.300,7.389,40.859,42.017,1.000,0.000,0.0000
78.530,-55.297,36.867,0.301,7.432,40.933,42.089,1.000,0.000,0.0000
78.540,-55.222,36.869,0.302,7.473,41.008,42.161,1.000,0.000,0.0000
78.550,-55.147,36.870,0.304,7.513,41.083,42.233,1.000,0.000,0.0000
78.560,-55.072,36.872,0.305,7.547,41.158,42.306,1.000,0.000,0.0000
78.570,-54.996,36.873,0.306,7.582,41.234,42.379,1.000,0.000,0.0000
78.580,-54.920,36.874,0.307,7.618,41.310,42.452,1.000,0.000,0.0000
78.590,-54.843,36.876,0.309,7.657,41.387,42.526,1.000,0.000,0.0000
78.600,-54.766,36.877,0.310,7.691,41.464,42.600,1.000,0.000,0.0000
78.610,-54.689,36.879,0.311,7.728,41.541,42.674,1.000,0.000,0.0000
78.620,-54.611,36.880,0.312,7.769,41.619,42.749,1.000,0.000,0.0000
78.630,-54.533,36.881,0.313,7.811,41.697,42.825,1.000,0.000,0.0000
78.640,-54.455,36.883,0.313,7.855,41.775,42.901,1.000,0.000,0.0000
78.650,-54.376,36.884,0.314,7.899,41.854,42.977,1.000,0.000,0.0000
78.660,-54.296,36.886,0.314,7.943,41.934,43.054,1.000,0.000,0.0000
78.670,-54.216,36.887,0.315,7.986,42.014,43.131,1.000,0.000,0.0000
78.680,-54.136,36.889,0.315,8.027,42.094,43.209,1.000,0.000,0.0000
78.690,-54.056,36.890,0.315,8.067,42.174,43.287,1.000,0.000,0.0000
78.700,-53.974,36.892,0.315,8.105,42.256,43.365,1.000,0.000,0.0000
78.710,-53.893,36.893,0.315,8.136,42.337,43.444,1.000,0.000,0.0000
78.720,-53.811,36.895,0.315,8.169,42.419,43.523,1.000,0.000,0.0000
78.730,-53.729,36.896,0.315,8.204,42.501,43.603,1.000,0.000,0.0000
78.740,-53.647,36.898,0.315,8.241,42.583,43.683,1.000,0.000,0.0000
78.750,-53.564,36.900,0.315,8.274,42.666,43.763,1.000,0.000,0.0000
78.760,-53.481,36.901,0.315,8.311,42.749,43.844,1.000,0.000,0.0000
78.770,-53.398,36.903,0.314,8.352,42.832,43.925,1.000,0.000,0.0000
78.780,-53.314,36.905,0.314,8.395,42.916,44.006,1.000,0.000,0.0000
78.790,-53.229,36.906,0.314,8.440,43.001,44.088,1.000,0.000,0.0000
78.800,-53.144,36.908,0.313,8.484,43.086,44.171,1.000,0.000,0.0000
78.810,-53.059,36.909,0.313,8.529,43.171,44.254,1.000,0.000,0.0000
78.820,-52.973,36.911,0.312,8.572,43.257,44.337,1.000,0.000,0.0000
78.830,-52.887,36.913,0.312,8.613,43.343,44.421,1.000,0.000,0.0000
78.840,-52.801,36.914,0.311,8.653,43.429,44.505,1.000,0.000,0.0000
78.850,-52.714,36.916,0.311,8.684,43.516,44.589,1.000,0.000,0.0000
78.860,-52.627,36.917,0.310,8.717,43.603,44.674,1.000,0.000,0.0000
78.870,-52.539,36.919,0.310,8.752,43.691,44.759,1.000,0.000,0.0000
78.880,-52.451,36.920,0.310,8.790,43.779,44.844,1.000,0.000,0.0000
78.890,-52.363,36.922,0.310,8.825,43.867,44.930,1.000,0.000,0.0000
78.900,-52.274,36.923,0.309,8.864,43.956,45.016,1.000,0.000,0.0000
78.910,-52.185,36.925,0.309,8.907,44.045,45.103,1.000,0.000,0.0000
78.920,-52.096,36.926,0.309,8.952,44.134,45.190,1.000,0.000,0.0000
78.930,-52.006,36.928,0.309,8.998,44.224,45.277,1.000,0.000,0.0000
78.940,-51.915,36.929,0.309,9.044,44.315,45.365,1.000,0.000,0.0000
78.950,-51.825,36.931,0.308,9.089,44.405,45.454,1.000,0.000,0.0000
78.960,-51.733,36.932,0.308,9.132,44.497,45.542,1.000,0.000,0.0000
78.970,-51.641,36.934,0.308,9.173,44.589,45.632,1.000,0.000,0.0000
78.980,-51.549,36.935,0.308,9.212,44.681,45.721,1.000,0.000,0.0000
78.990,-51.457,36.937,0.308,9.245,44.773,45.811,1.000,0.000,0.0000
79.000,-51.364,36.939,0.308,9.279,44.866,45.901,1.000,0.000,0.0000
79.010,-51.271,36.940,0.308,9.315,44.959,45.992,1.000,0.000,0.0000
79.020,-51.178,36.942,0.309,9.348,45.052,46.083,1.000,0.000,0.0000
79.030,-51.084,36.944,0.309,9.387,45.146,46.174,1.000,0.000,0.0000
79.040,-50.989,36.945,0.309,9.429,45.241,46.266,1.000,0.000,0.0000
79.050,-50.895,36.947,0.309,9.474,45.335,46.358,1.000,0.000,0.0000
79.060,-50.799,36.948,0.309,9.521,45.431,46.450,1.000,0.000,0.0000
79.070,-50.704,36.950,0.309,9.567,45.526,46.544,1.000,0.000,0.0000
79.080,-50.608,36.952,0.309,9.611,45.622,46.637,1.000,0.000,0.0000
79.090,-50.511,36.953,0.310,9.654,45.719,46.731,1.000,0.000,0.0000
79.100,-50.414,36.955,0.310,9.694,45.816,46.825,1.000,0.000,0.0000
79.110,-50.317,36.956,0.310,9.725,45.913,46.920,1.000,0.000,0.0000
79.120,-50.219,36.958,0.310,9.757,46.011,47.015,1.000,0.000,0.0000
79.130,-50.121,36.960,0.310,9.792,46.109,47.110,1.000,0.000,0.0000
79.140,-50.023,36.961,0.310,9.824,46.207,47.206,1.000,0.000,0.0000
79.150,-49.925,36.963,0.310,9.861,46.305,47.302,1.000,0.000,0.0000
79.160,-49.826,36.964,0.311,9.903,46.404,47.398,1.000,0.000,0.0000
79.170,-49.726,36.966,0.311,9.949,46.504,47.495,1.000,0.000,0.0000
79.180,-49.626,36.967,0.311,9.996,46.604,47.593,1.000,0.000,0.0000
79.190,-49.526,36.969,0.311,10.042,46.704,47.690,1.000,0.000,0.0000
79.200,-49.425,36.970,0.311,10.087,46.805,47.789,1.000,0.000,0.0000
79.210,-49.323,36.972,0.311,10.130,46.907,47.887,1.000,0.000,0.0000
79.220,-49.222,36.973,0.311,10.170,47.008,47.987,1.000,0.000,0.0000
79.230,-49.120,36.975,0.311,10.201,47.110,48.086,1.000,0.000,0.0000
79.240,-49.017,36.977,0.311,10.234,47.213,48.186,1.000,0.000,0.0000
79.250,-48.915,36.978,0.311,10.268,47.315,48.286,1.000,0.000,0.0000
79.260,-48.812,36.980,0.311,10.300,47.418,48.386,1.000,0.000,0.0000
79.270,-48.708,36.981,0.311,10.338,47.522,48.487,1.000,0.000,0.0000
79.280,-48.605,36.983,0.311,10.381,47.625,48.589,1.000,0.000,0.0000
79.290,-48.500,36.985,0.311,10.427,47.730,48.690,1.000,0.000,0.0000
79.300,-48.396,36.986,0.311,10.474,47.834,48.792,1.000,0.000,0.0000
79.310,-48.290,36.988,0.311,10.520,47.940,48.895,1.000,0.000,0.0000
79.320,-48.185,36.989,0.311,10.565,48.045,48.998,1.000,0.000,0.0000
79.330,-48.079,36.991,0.310,10.607,48.151,49.102,1.000,0.000,0.0000
79.340,-47.972,36.993,0.310,10.645,48.258,49.206,1.000,0.000,0.0000
79.350,-47.865,36.994,0.310,10.676,48.365,49.310,1.000,0.000,0.0000
79.360,-47.758,36.996,0.310,10.708,48.472,49.414,1.000,0.000,0.0000
79.370,-47.651,36.997,0.310,10.738,48.579,49.519,1.000,0.000,0.0000
79.380,-47.543,36.999,0.310,10.774,48.687,49.624,1.000,0.000,0.0000
79.390,-47.435,37.000,0.310,10.816,48.795,49.730,1.000,0.000,0.0000
79.400,-47.326,37.002,0.310,10.862,48.904,49.836,1.000,0.000,0.0000
79.410,-47.217,37.003,0.310,10.910,49.013,49.943,1.000,0.000,0.0000
79.420,-47.108,37.005,0.310,10.957,49.122,50.050,1.000,0.000,0.0000
79.430,-46.998,37.006,0.310,11.002,49.232,50.157,1.000,0.000,0.0000
79.440,-46.887,37.008,0.310,11.044,49.343,50.265,1.000,0.000,0.0000
79.450,-46.777,37.009,0.310,11.078,49.453,50.373,1.000,0.000,0.0000
79.460,-46.666,37.011,0.310,11.098,49.564,50.482,1.000,0.000,0.0000
79.470,-46.554,37.012,0.310,11.115,49.676,50.590,1.000,0.000,0.0000
79.480,-46.443,37.014,0.310,11.122,49.787,50.699,1.000,0.000,0.0000
79.490,-46.332,37.015,0.310,11.128,49.898,50.808,1.000,0.000,0.0000
79.500,-46.221,37.017,0.311,11.135,50.009,50.917,1.000,0.000,0.0000
79.510,-46.109,37.018,0.311,11.144,50.121,51.026,1.000,0.000,0.0000
79.520,-45.998,37.020,0.311,11.152,50.232,51.135,1.000,0.000,0.0000
79.530,-45.886,37.021,0.312,11.159,50.344,51.244,1.000,0.000,0.0000
79.540,-45.774,37.023,0.312,11.164,50.456,51.353,1.000,0.000,0.0000
79.550,-45.663,37.024,0.313,11.165,50.567,51.462,1.000,0.000,0.0000
79.560,-45.551,37.026,0.313,11.156,50.679,51.571,1.000,0.000,0.0000
79.570,-45.440,37.027,0.314,11.148,50.790,51.680,1.000,0.000,0.0000
79.580,-45.328,37.029,0.315,11.136,50.902,51.789,1.000,0.000,0.0000
79.590,-45.217,37.030,0.315,11.130,51.013,51.897,1.000,0.000,0.0000
79.600,-45.106,37.032,0.316,11.131,51.124,52.006,1.000,0.000,0.0000
79.610,-44.994,37.033,0.316,11.137,51.236,52.115,1.000,0.000,0.0000
79.620,-44.883,37.035,0.317,11.145,51.347,52.224,1.000,0.000,0.0000
79.630,-44.771,37.036,0.317,11.152,51.459,52.333,1.000,0.000,0.0000
79.640,-44.660,37.038,0.318,11.158,51.570,52.442,1.000,0.000,0.0000
79.650,-44.548,37.039,0.318,11.160,51.682,52.551,1.000,0.000,0.0000
79.660,-44.437,37.041,0.318,11.159,51.793,52.661,1.000,0.000,0.0000
79.670,-44.325,37.042,0.319,11.149,51.905,52.770,1.000,0.000,0.0000
79.680,-44.214,37.044,0.319,11.141,52.016,52.879,1.000,0.000,0.0000
79.690,-44.102,37.045,0.319,11.129,52.128,52.988,1.000,0.000,0.0000
79.700,-43.991,37.047,0.319,11.124,52.239,53.097,1.000,0.000,0.0000
79.710,-43.880,37.048,0.319,11.125,52.350,53.206,1.000,0.000,0.0000
79.720,-43.769,37.050,0.319,11.130,52.461,53.315,1.000,0.000,0.0000
79.730,-43.657,37.051,0.319,11.136,52.573,53.424,1.000,0.000,0.0000
79.740,-43.546,37.053,0.319,11.143,52.684,53.533,1.000,0.000,0.0000
79.750,-43.434,37.054,0.319,11.147,52.796,53.642,1.000,0.000,0.0000
79.760,-43.323,37.056,0.319,11.149,52.907,53.751,1.000,0.000,0.0000
79.770,-43.211,37.058,0.319,11.139,53.019,53.861,1.000,0.000,0.0000
79.780,-43.100,37.059,0.319,11.131,53.130,53.970,1.000,0.000,0.0000
79.790,-42.989,37.061,0.319,11.118,53.241,54.079,1.000,0.000,0.0000
79.800,-42.878,37.062,0.319,11.111,53.352,54.188,1.000,0.000,0.0000
79.810,-42.767,37.063,0.319,11.111,53.463,54.297,1.000,0.000,0.0000
79.820,-42.656,37.065,0.318,11.116,53.574,54.406,1.000,0.000,0.0000
79.830,-42.544,37.066,0.318,11.124,53.686,54.515,1.000,0.000,0.0000
79.840,-42.433,37.068,0.318,11.132,53.797,54.624,1.000,0.000,0.0000
79.850,-42.322,37.069,0.318,11.139,53.908,54.733,1.000,0.000,0.0000
79.860,-42.210,37.071,0.318,11.144,54.020,54.843,1.000,0.000,0.0000
79.870,-42.099,37.072,0.317,11.146,54.131,54.952,1.000,0.000,0.0000
79.880,-41.987,37.074,0.317,11.137,54.243,55.061,1.000,0.000,0.0000
79.890,-41.876,37.075,0.317,11.130,54.354,55.170,1.000,0.000,0.0000
79.900,-41.765,37.077,0.317,11.119,54.465,55.280,1.000,0.000,0.0000
79.910,-41.654,37.078,0.317,11.113,54.576,55.389,1.000,0.000,0.0000
79.920,-41.543,37.080,0.317,11.115,54.687,55.498,1.000,0.000,0.0000
79.930,-41.431,37.081,0.316,11.120,54.799,55.607,1.000,0.000,0.0000
79.940,-41.320,37.083,0.316,11.128,54.910,55.716,1.000,0.000,0.0000
79.950,-41.209,37.084,0.316,11.137,55.021,55.825,1.000,0.000,0.0000
79.960,-41.097,37.086,0.316,11.143,55.133,55.935,1.000,0.000,0.0000
79.970,-40.986,37.087,0.316,11.147,55.244,56.044,1.000,0.000,0.0000
79.980,-40.874,37.089,0.316,11.148,55.356,56.154,1.000,0.000,0.0000
79.990,-40.763,37.090,0.316,11.140,55.467,56.263,1.000,0.000,0.0000
80.000,-40.652,37.092,0.316,11.133,55.578,56.372,1.000,0.000,0.0000
80.010,-40.540,37.093,0.316,11.123,55.690,56.482,1.000,0.000,0.0000
80.020,-40.429,37.095,0.316,11.119,55.801,56.591,1.000,0.000,0.0000
80.030,-40.318,37.096,0.316,11.121,55.912,56.700,1.000,0.000,0.0000
80.040,-40.207,37.098,0.316,11.127,56.023,56.809,1.000,0.000,0.0000
80.050,-40.095,37.099,0.316,11.134,56.135,56.919,1.000,0.000,0.0000
80.060,-39.984,37.101,0.316,11.141,56.246,57.028,1.000,0.000,0.0000
80.070,-39.873,37.102,0.316,11.146,56.357,57.137,1.000,0.000,0.0000
80.080,-39.761,37.104,0.316,11.149,56.469,57.247,1.000,0.000,0.0000
80.090,-39.650,37.105,0.316,11.141,56.580,57.356,1.000,0.000,0.0000
80.100,-39.538,37.107,0.316,11.134,56.692,57.466,1.000,0.000,0.0000
80.110,-39.427,37.108,0.317,11.129,56.803,57.575,1.000,0.000,0.0000
80.120,-39.316,37.110,0.317,11.122,56.914,57.684,1.000,0.000,0.0000
80.130,-39.205,37.111,0.317,11.120,57.025,57.794,1.000,0.000,0.0000
80.140,-39.093,37.113,0.317,11.123,57.137,57.903,1.000,0.000,0.0000
80.150,-38.982,37.114,0.317,11.129,57.248,58.012,1.000,0.000,0.0000
80.160,-38.871,37.116,0.317,11.136,57.359,58.122,1.000,0.000,0.0000
80.170,-38.759,37.117,0.317,11.142,57.471,58.231,1.000,0.000,0.0000
80.180,-38.648,37.119,0.317,11.146,57.582,58.341,1.000,0.000,0.0000
80.190,-38.536,37.121,0.317,11.148,57.694,58.450,1.000,0.000,0.0000
80.200,-38.425,37.122,0.317,11.139,57.805,58.560,1.000,0.000,0.0000
80.210,-38.314,37.124,0.317,11.132,57.916,58.669,1.000,0.000,0.0000
80.220,-38.202,37.125,0.317,11.121,58.028,58.779,1.000,0.000,0.0000
80.230,-38.091,37.126,0.317,11.116,58.139,58.888,1.000,0.000,0.0000
80.240,-37.980,37.128,0.317,11.116,58.250,58.997,1.000,0.000,0.0000
80.250,-37.869,37.129,0.317,11.121,58.361,59.107,1.000,0.000,0.0000
80.260,-37.758,37.131,0.317,11.128,58.472,59.216,1.000,0.000,0.0000
80.270,-37.646,37.132,0.317,11.136,58.584,59.326,1.000,0.000,0.0000
80.280,-37.535,37.134,0.317,11.141,58.695,59.435,1.000,0.000,0.0000
80.290,-37.423,37.135,0.317,11.145,58.807,59.545,1.000,0.000,0.0000
80.300,-37.312,37.137,0.317,11.137,58.918,59.654,1.000,0.000,0.0000
80.310,-37.201,37.138,0.317,11.130,59.029,59.764,1.000,0.000,0.0000
80.320,-37.089,37.140,0.317,11.126,59.141,59.873,1.000,0.000,0.0000
80.330,-36.978,37.141,0.317,11.118,59.252,59.983,1.000,0.000,0.0000
80.340,-36.867,37.143,0.317,11.115,59.363,60.092,1.000,0.000,0.0000
80.350,-36.756,37.144,0.317,11.117,59.474,60.202,1.000,0.000,0.0000
80.360,-36.645,37.146,0.317,11.123,59.585,60.311,1.000,0.000,0.0000
80.370,-36.533,37.147,0.317,11.130,59.697,60.421,1.000,0.000,0.0000
80.380,-36.422,37.149,0.317,11.137,59.808,60.530,1.000,0.000,0.0000
80.390,-36.311,37.150,0.317,11.142,59.919,60.640,1.000,0.000,0.0000
80.400,-36.199,37.152,0.317,11.144,60.031,60.750,1.000,0.000,0.0000
80.410,-36.088,37.153,0.317,11.137,60.142,60.859,1.000,0.000,0.0000
80.420,-35.977,37.155,0.317,11.130,60.253,60.969,1.000,0.000,0.0000
80.430,-35.865,37.156,0.317,11.118,60.365,61.078,1.000,0.000,0.0000
80.440,-35.754,37.158,0.317,11.112,60.476,61.188,1.000,0.000,0.0000
80.450,-35.643,37.159,0.317,11.112,60.587,61.297,1.000,0.000,0.0000
80.460,-35.532,37.160,0.317,11.116,60.698,61.407,1.000,0.000,0.0000
80.470,-35.421,37.162,0.317,11.123,60.809,61.516,1.000,0.000,0.0000
80.480,-35.309,37.163,0.317,11.131,60.921,61.626,1.000,0.000,0.0000
80.490,-35.198,37.165,0.317,11.138,61.032,61.735,1.000,0.000,0.0000
80.500,-35.087,37.166,0.317,11.142,61.143,61.845,1.000,0.000,0.0000
80.510,-34.975,37.168,0.317,11.144,61.255,61.955,1.000,0.000,0.0000
80.520,-34.864,37.169,0.317,11.137,61.366,62.065,1.000,0.000,0.0000
80.530,-34.753,37.171,0.317,11.130,61.477,62.174,1.000,0.000,0.0000
80.540,-34.641,37.172,0.317,11.120,61.589,62.284,1.000,0.000,0.0000
80.550,-34.530,37.174,0.317,11.114,61.700,62.393,1.000,0.000,0.0000
80.560,-34.419,37.175,0.317,11.115,61.811,62.503,1.000,0.000,0.0000
80.570,-34.308,37.177,0.317,11.119,61.922,62.612,1.000,0.000,0.0000
80.580,-34.197,37.178,0.317,11.126,62.033,62.722,1.000,0.000,0.0000
80.590,-34.085,37.180,0.317,11.133,62.145,62.832,1.000,0.000,0.0000
80.600,-33.974,37.181,0.317,11.139,62.256,62.941,1.000,0.000,0.0000
80.610,-33.862,37.183,0.317,11.142,62.368,63.051,1.000,0.000,0.0000
80.620,-33.751,37.184,0.317,11.136,62.479,63.161,1.000,0.000,0.0000
80.630,-33.640,37.186,0.317,11.129,62.590,63.271,1.000,0.000,0.0000
80.640,-33.529,37.187,0.317,11.125,62.701,63.380,1.000,0.000,0.0000
80.650,-33.417,37.189,0.317,11.117,62.813,63.490,1.000,0.000,0.0000
80.660,-33.306,37.190,0.317,11.114,62.924,63.599,1.000,0.000,0.0000
80.670,-33.195,37.191,0.317,11.116,63.035,63.709,1.000,0.000,0.0000
80.680,-33.084,37.193,0.317,11.122,63.146,63.819,1.000,0.000,0.0000
80.690,-32.973,37.194,0.317,11.128,63.257,63.928,1.000,0.000,0.0000
80.700,-32.861,37.196,0.317,11.135,63.369,64.038,1.000,0.000,0.0000
80.710,-32.750,37.197,0.317,11.140,63.480,64.148,1.000,0.000,0.0000
80.720,-32.638,37.199,0.317,11.142,63.592,64.258,1.000,0.000,0.0000
80.730,-32.527,37.200,0.317,11.135,63.703,64.368,1.000,0.000,0.0000
80.740,-32.416,37.202,0.317,11.129,63.814,64.477,1.000,0.000,0.0000
80.750,-32.305,37.203,0.317,11.117,63.925,64.587,1.000,0.000,0.0000
80.760,-32.193,37.205,0.317,11.111,64.037,64.697,1.000,0.000,0.0000
80.770,-32.082,37.206,0.317,11.111,64.148,64.806,1.000,0.000,0.0000
80.780,-31.971,37.208,0.317,11.115,64.259,64.916,1.000,0.000,0.0000
80.790,-31.860,37.209,0.317,11.121,64.370,65.026,1.000,0.000,0.0000
80.800,-31.749,37.211,0.317,11.129,64.481,65.135,1.000,0.000,0.0000
80.810,-31.637,37.212,0.317,11.135,64.593,65.245,1.000,0.000,0.0000
80.820,-31.526,37.214,0.317,11.139,64.704,65.355,1.000,0.000,0.0000
80.830,-31.415,37.215,0.317,11.136,64.815,65.465,1.000,0.000,0.0000
80.840,-31.303,37.217,0.317,11.132,64.927,65.575,1.000,0.000,0.0000
80.850,-31.192,37.218,0.317,11.127,65.038,65.685,1.000,0.000,0.0000
80.860,-31.081,37.220,0.317,11.117,65.149,65.794,1.000,0.000,0.0000
80.870,-30.970,37.221,0.317,11.112,65.260,65.904,1.000,0.000,0.0000
80.880,-30.859,37.222,0.317,11.113,65.371,66.014,1.000,0.000,0.0000
80.890,-30.747,37.224,0.317,11.117,65.483,66.123,1.000,0.000,0.0000
80.900,-30.636,37.225,0.317,11.123,65.594,66.233,1.000,0.000,0.0000
80.910,-30.525,37.227,0.317,11.130,65.705,66.343,1.000,0.000,0.0000
80.920,-30.414,37.228,0.317,11.136,65.816,66.453,1.000,0.000,0.0000
80.930,-30.302,37.230,0.317,11.139,65.928,66.563,1.000,0.000,0.0000
80.940,-30.191,37.231,0.317,11.136,66.039,66.673,1.000,0.000,0.0000
80.950,-30.079,37.233,0.317,11.131,66.151,66.783,1.000,0.000,0.0000
80.960,-29.968,37.234,0.317,11.126,66.262,66.892,1.000,0.000,0.0000
80.970,-29.857,37.236,0.317,11.117,66.373,67.002,1.000,0.000,0.0000
80.980,-29.746,37.237,0.317,11.114,66.484,67.112,1.000,0.000,0.0000
80.990,-29.635,37.239,0.317,11.115,66.595,67.222,1.000,0.000,0.0000
81.000,-29.524,37.240,0.317,11.119,66.706,67.331,1.000,0.000,0.0000
81.010,-29.412,37.242,0.317,11.126,66.818,67.441,1.000,0.000,0.0000
81.020,-29.301,37.243,0.317,11.132,66.929,67.551,1.000,0.000,0.0000
81.030,-29.190,37.245,0.317,11.137,67.040,67.661,1.000,0.000,0.0000
81.040,-29.078,37.246,0.317,11.139,67.152,67.771,1.000,0.000,0.0000
81.050,-28.967,37.248,0.317,11.135,67.263,67.881,1.000,0.000,0.0000
81.060,-28.856,37.249,0.317,11.130,67.374,67.991,1.000,0.000,0.0000
81.070,-28.744,37.251,0.317,11.119,67.486,68.101,1.000,0.000,0.0000
81.080,-28.633,37.252,0.317,11.112,67.597,68.210,1.000,0.000,0.0000
81.090,-28.522,37.253,0.317,11.111,67.708,68.320,1.000,0.000,0.0000
81.100,-28.411,37.255,0.317,11.114,67.819,68.430,1.000,0.000,0.0000
81.110,-28.300,37.256,0.317,11.120,67.930,68.540,1.000,0.000,0.0000
81.120,-28.189,37.258,0.317,11.126,68.041,68.650,1.000,0.000,0.0000
81.130,-28.077,37.259,0.317,11.132,68.153,68.760,1.000,0.000,0.0000
81.140,-27.966,37.261,0.317,11.137,68.264,68.870,1.000,0.000,0.0000
81.150,-27.855,37.262,0.317,11.134,68.375,68.980,1.000,0.000,0.0000
81.160,-27.743,37.264,0.317,11.130,68.487,69.090,1.000,0.000,0.0000
81.170,-27.632,37.265,0.317,11.125,68.598,69.200,1.000,0.000,0.0000
81.180,-27.521,37.267,0.317,11.116,68.709,69.309,1.000,0.000,0.0000
81.190,-27.410,37.268,0.317,11.111,68.820,69.419,1.000,0.000,0.0000
81.200,-27.299,37.270,0.317,11.111,68.931,69.529,1.000,0.000,0.0000
81.210,-27.187,37.271,0.317,11.115,69.043,69.639,1.000,0.000,0.0000
81.220,-27.076,37.273,0.317,11.121,69.154,69.749,1.000,0.000,0.0000
81.230,-26.965,37.274,0.317,11.127,69.265,69.859,1.000,0.000,0.0000
81.240,-26.854,37.276,0.317,11.133,69.376,69.969,1.000,0.000,0.0000
81.250,-26.742,37.277,0.317,11.137,69.488,70.079,1.000,0.000,0.0000
81.260,-26.631,37.279,0.317,11.134,69.599,70.189,1.000,0.000,0.0000
81.270,-26.520,37.280,0.317,11.129,69.710,70.299,1.000,0.000,0.0000
81.280,-26.408,37.282,0.317,11.120,69.822,70.409,1.000,0.000,0.0000
81.290,-26.297,37.283,0.317,11.112,69.933,70.518,1.000,0.000,0.0000
81.300,-26.186,37.284,0.317,11.109,70.044,70.628,1.000,0.000,0.0000
81.310,-26.075,37.286,0.317,11.111,70.155,70.738,1.000,0.000,0.0000
81.320,-25.964,37.287,0.317,11.116,70.266,70.848,1.000,0.000,0.0000
81.330,-25.853,37.289,0.317,11.122,70.377,70.958,1.000,0.000,0.0000
81.340,-25.741,37.290,0.317,11.128,70.489,71.068,1.000,0.000,0.0000
81.350,-25.630,37.292,0.317,11.133,70.600,71.178,1.000,0.000,0.0000
81.360,-25.519,37.293,0.317,11.132,70.711,71.288,1.000,0.000,0.0000
81.370,-25.407,37.295,0.317,11.129,70.823,71.398,1.000,0.000,0.0000
81.380,-25.296,37.296,0.317,11.125,70.934,71.508,1.000,0.000,0.0000
81.390,-25.185,37.298,0.317,11.116,71.045,71.618,1.000,0.000,0.0000
81.400,-25.074,37.299,0.317,11.110,71.156,71.728,1.000,0.000,0.0000
81.410,-24.963,37.300,0.317,11.109,71.267,71.838,1.000,0.000,0.0000
81.420,-24.852,37.302,0.317,11.112,71.378,71.948,1.000,0.000,0.0000
81.430,-24.741,37.303,0.317,11.117,71.489,72.058,1.000,0.000,0.0000
81.440,-24.629,37.305,0.317,11.123,71.601,72.168,1.000,0.000,0.0000
81.450,-24.518,37.306,0.317,11.129,71.712,72.278,1.000,0.000,0.0000
81.460,-24.407,37.308,0.317,11.134,71.823,72.388,1.000,0.000,0.0000
81.470,-24.295,37.309,0.317,11.132,71.935,72.498,1.000,0.000,0.0000
81.480,-24.184,37.311,0.317,11.128,72.046,72.608,1.000,0.000,0.0000
81.490,-24.073,37.312,0.317,11.125,72.157,72.718,1.000,0.000,0.0000
81.500,-23.962,37.314,0.317,11.116,72.268,72.828,1.000,0.000,0.0000
81.510,-23.851,37.315,0.317,11.111,72.379,72.938,1.000,0.000,0.0000
81.520,-23.740,37.316,0.317,11.110,72.490,73.048,1.000,0.000,0.0000
81.530,-23.628,37.318,0.317,11.113,72.602,73.158,1.000,0.000,0.0000
81.540,-23.517,37.319,0.317,11.119,72.713,73.268,1.000,0.000,0.0000
81.550,-23.406,37.321,0.317,11.125,72.824,73.378,1.000,0.000,0.0000
81.560,-23.295,37.322,0.317,11.130,72.935,73.488,1.000,0.000,0.0000
81.570,-23.183,37.324,0.317,11.129,73.047,73.598,1.000,0.000,0.0000
81.580,-23.072,37.325,0.317,11.127,73.158,73.708,1.000,0.000,0.0000
81.590,-22.961,37.327,0.317,11.125,73.269,73.818,1.000,0.000,0.0000
81.600,-22.850,37.328,0.317,11.118,73.380,73.928,1.000,0.000,0.0000
81.610,-22.739,37.330,0.317,11.114,73.491,74.038,0.940,0.000,0.0000
81.620,-22.628,37.331,0.317,11.099,73.602,74.148,0.880,0.000,0.0000
81.630,-22.517,37.333,0.317,11.077,73.713,74.257,0.820,0.000,0.0000
81.640,-22.406,37.334,0.317,11.051,73.824,74.367,0.760,0.000,0.0000
81.650,-22.296,37.336,0.317,11.021,73.934,74.476,0.700,0.000,0.0000
81.660,-22.186,37.337,0.318,10.989,74.044,74.585,0.640,0.000,0.0000
81.670,-22.077,37.338,0.318,10.954,74.153,74.693,0.580,0.000,0.0000
81.680,-21.968,37.340,0.319,10.909,74.262,74.801,0.520,0.000,0.0000
81.690,-21.859,37.341,0.319,10.863,74.371,74.908,0.460,0.000,0.0000
81.700,-21.751,37.343,0.320,10.811,74.479,75.015,0.400,0.000,0.0000
81.710,-21.643,37.344,0.320,10.761,74.587,75.122,0.340,0.000,0.0000
81.720,-21.536,37.346,0.321,10.719,74.694,75.228,0.280,0.000,0.0000
81.730,-21.429,37.347,0.321,10.682,74.801,75.333,0.220,0.000,0.0000
81.740,-21.323,37.348,0.322,10.648,74.907,75.439,0.160,0.000,0.0000
81.750,-21.217,37.350,0.323,10.616,75.013,75.544,0.100,0.000,0.0000
81.760,-21.111,37.351,0.323,10.583,75.119,75.648,0.040,0.000,0.0000
81.770,-21.005,37.352,0.324,10.544,75.225,75.753,0.000,0.000,0.0000
81.780,-20.900,37.354,0.324,10.501,75.330,75.856,0.000,0.000,0.0000
81.790,-20.796,37.355,0.324,10.458,75.434,75.960,0.000,0.000,0.0000
81.800,-20.692,37.357,0.325,10.407,75.538,76.063,0.000,0.000,0.0000
81.810,-20.588,37.358,0.325,10.358,75.642,76.165,0.000,0.000,0.0000
81.820,-20.485,37.359,0.326,10.312,75.745,76.267,0.000,0.000,0.0000
81.830,-20.382,37.361,0.326,10.268,75.848,76.369,0.000,0.000,0.0000
81.840,-20.280,37.362,0.326,10.230,75.950,76.470,0.000,0.000,0.0000
