timestamp_sec,ego_x,ego_y,ego_z,ego_speed_mps,distance_to_intersection_m,distance_to_pedestrian_m,human_throttle,human_brake,human_steering_rad
1199.240,-97.020,-52.451,0.317,0.000,0.790,10.744,0.000,0.000,0.0000
1199.250,-97.020,-52.451,0.317,0.000,0.790,10.744,0.000,0.000,0.0000
1199.260,-97.020,-52.451,0.317,0.000,0.790,10.744,0.000,0.000,0.0000
1199.270,-97.020,-52.451,0.317,0.000,0.790,10.744,0.000,0.000,0.0000
1199.280,-97.020,-52.451,0.317,0.000,0.790,10.744,0.000,0.000,0.0000
1199.290,-97.020,-52.451,0.317,0.000,0.790,10.744,0.000,0.000,0.0000
1199.300,-97.020,-52.451,0.317,0.000,0.790,10.744,0.000,0.000,0.0000
1199.310,-97.020,-52.451,0.317,0.000,0.790,10.744,0.000,0.000,0.0000
1199.320,-97.020,-52.451,0.317,0.000,0.790,10.744,0.000,0.000,0.0000
1199.330,-97.020,-52.451,0.317,0.000,0.790,10.744,0.000,0.000,0.0000
1199.340,-97.020,-52.451,0.317,0.000,0.790,10.744,0.000,0.000,0.0000
1199.350,-97.020,-52.451,0.317,0.000,0.790,10.744,0.000,0.000,0.0000
1199.360,-97.020,-52.451,0.317,0.000,0.790,10.744,0.000,0.000,0.0000
1199.370,-97.020,-52.451,0.317,0.000,0.790,10.744,0.000,0.000,0.0000
1199.380,-97.020,-52.451,0.317,0.000,0.790,10.744,0.000,0.000,0.0000
1199.390,-97.020,-52.451,0.317,0.000,0.790,10.744,0.000,0.000,0.0000
1199.400,-97.020,-52.451,0.317,0.000,0.790,10.744,0.040,0.000,0.0000
1199.410,-97.020,-52.451,0.317,0.004,0.790,10.744,0.080,0.000,0.0000
1199.420,-97.020,-52.451,0.317,0.010,0.790,10.744,0.120,0.000,0.0000
1199.430,-97.020,-52.450,0.317,0.018,0.790,10.744,0.160,0.000,0.0000
1199.440,-97.020,-52.449,0.316,0.027,0.790,10.744,0.200,0.000,0.0000
1199.450,-97.020,-52.447,0.316,0.035,0.790,10.745,0.240,0.000,0.0000
1199.460,-97.020,-52.445,0.316,0.041,0.790,10.745,0.280,0.000,0.0000
1199.470,-97.020,-52.443,0.315,0.047,0.790,10.745,0.320,0.000,0.0000
1199.480,-97.020,-52.440,0.315,0.051,0.790,10.746,0.360,0.000,0.0000
1199.490,-97.020,-52.437,0.314,0.054,0.790,10.746,0.400,0.000,0.0000
1199.500,-97.020,-52.433,0.314,0.056,0.790,10.747,0.440,0.000,0.0000
1199.510,-97.020,-52.429,0.313,0.056,0.790,10.748,0.480,0.000,0.0000
1199.520,-97.020,-52.425,0.312,0.056,0.790,10.748,0.520,0.000,0.0000
1199.530,-97.020,-52.420,0.312,0.055,0.790,10.749,0.560,0.000,0.0000
1199.540,-97.020,-52.415,0.311,0.054,0.790,10.749,0.600,0.000,0.0000
1199.550,-97.020,-52.410,0.311,0.051,0.790,10.750,0.640,0.000,0.0000
1199.560,-97.020,-52.404,0.310,0.048,0.790,10.750,0.680,0.000,0.0000
1199.570,-97.020,-52.397,0.310,0.045,0.790,10.751,0.720,0.000,0.0000
1199.580,-97.020,-52.390,0.309,0.041,0.790,10.751,0.760,0.000,0.0000
1199.590,-97.020,-52.383,0.309,0.037,0.790,10.751,0.800,0.000,0.0000
1199.600,-97.020,-52.376,0.309,0.033,0.790,10.752,0.840,0.000,0.0000
1199.610,-97.020,-52.368,0.308,0.028,0.790,10.752,0.880,0.000,0.0000
1199.620,-97.020,-52.359,0.308,0.024,0.790,10.752,0.920,0.000,0.0000
1199.630,-97.020,-52.351,0.308,0.019,0.790,10.752,0.960,0.000,0.0000
1199.640,-97.020,-52.341,0.308,0.014,0.790,10.753,1.000,0.000,0.0000
1199.650,-97.020,-52.332,0.308,0.010,0.790,10.753,1.000,0.000,0.0000
1199.660,-97.020,-52.322,0.308,0.006,0.790,10.753,1.000,0.000,0.0000
1199.670,-97.020,-52.311,0.308,0.002,0.790,10.753,1.000,0.000,0.0000
1199.680,-97.020,-52.300,0.308,0.003,0.790,10.753,1.000,0.000,0.0000
1199.690,-97.020,-52.289,0.308,0.006,0.790,10.753,1.000,0.000,0.0000
1199.700,-97.020,-52.277,0.308,0.009,0.790,10.753,1.000,0.000,0.0000
1199.710,-97.020,-52.265,0.308,0.012,0.790,10.752,1.000,0.000,0.0000
1199.720,-97.020,-52.253,0.308,0.014,0.790,10.752,1.000,0.000,0.0000
1199.730,-97.020,-52.240,0.308,0.016,0.790,10.752,1.000,0.000,0.0000
1199.740,-97.020,-52.227,0.308,0.018,0.790,10.752,1.000,0.000,0.0000
1199.750,-97.020,-52.213,0.309,0.019,0.790,10.752,1.000,0.000,0.0000
1199.760,-97.020,-52.199,0.309,0.020,0.790,10.752,1.000,0.000,0.0000
1199.770,-97.020,-52.185,0.309,0.021,0.790,10.751,1.000,0.000,0.0000
1199.780,-97.020,-52.170,0.309,0.021,0.790,10.751,1.000,0.000,0.0000
1199.790,-97.020,-52.155,0.310,0.021,0.790,10.751,1.000,0.000,0.0000
1199.800,-97.020,-52.139,0.310,0.020,0.790,10.751,1.000,0.000,0.0000
1199.810,-97.020,-52.123,0.310,0.020,0.790,10.751,1.000,0.000,0.0000
1199.820,-97.020,-52.106,0.310,0.019,0.790,10.750,1.000,0.000,0.0000
1199.830,-97.020,-52.090,0.310,0.018,0.790,10.750,1.000,0.000,0.0000
1199.840,-97.020,-52.072,0.310,0.016,0.790,10.750,1.000,0.000,0.0000
1199.850,-97.020,-52.055,0.311,0.015,0.790,10.750,1.000,0.000,0.0000
1199.860,-97.020,-52.037,0.311,0.013,0.790,10.750,1.000,0.000,0.0000
1199.870,-97.020,-52.018,0.311,0.012,0.790,10.750,1.000,0.000,0.0000
1199.880,-97.020,-52.000,0.311,0.010,0.790,10.750,1.000,0.000,0.0000
1199.890,-97.020,-51.980,0.311,0.008,0.790,10.749,1.000,0.000,0.0000
1199.900,-97.020,-51.961,0.311,0.006,0.790,10.749,1.000,0.000,0.0000
1199.910,-97.020,-51.941,0.311,0.005,0.790,10.749,1.000,0.000,0.0000
1199.920,-97.020,-51.921,0.311,0.003,0.790,10.749,1.000,0.000,0.0000
1199.930,-97.020,-51.900,0.311,0.002,0.790,10.749,1.000,0.000,0.0000
1199.940,-97.020,-51.879,0.311,0.002,0.790,10.749,1.000,0.000,0.0000
1199.950,-97.019,-51.857,0.311,0.002,0.790,10.749,1.000,0.000,0.0000
1199.960,-97.019,-51.835,0.311,0.003,0.790,10.749,1.000,0.000,0.0000
1199.970,-97.019,-51.813,0.311,0.004,0.790,10.749,1.000,0.000,0.0000
1199.980,-97.019,-51.790,0.311,0.005,0.790,10.749,1.000,0.000,0.0000
1199.990,-97.019,-51.767,0.311,0.006,0.790,10.749,1.000,0.000,0.0000
1200.000,-97.019,-51.743,0.311,0.007,0.790,10.750,1.000,0.000,0.0000
1200.010,-97.019,-51.720,0.311,0.007,0.790,10.750,1.000,0.000,0.0000
1200.020,-97.019,-51.695,0.311,0.008,0.790,10.750,1.000,0.000,0.0000
1200.030,-97.019,-51.671,0.311,0.008,0.790,10.750,1.000,0.000,0.0000
1200.040,-97.019,-51.645,0.311,0.008,0.790,10.750,1.000,0.000,0.0000
1200.050,-97.019,-51.620,0.311,0.008,0.790,10.750,1.000,0.000,0.0000
1200.060,-97.019,-51.594,0.310,0.008,0.790,10.750,1.000,0.000,0.0000
1200.070,-97.019,-51.568,0.310,0.008,0.790,10.750,1.000,0.000,0.0000
1200.080,-97.019,-51.541,0.310,0.007,0.790,10.750,1.000,0.000,0.0000
1200.090,-97.019,-51.514,0.310,0.007,0.789,10.750,1.000,0.000,0.0000
1200.100,-97.019,-51.486,0.310,0.007,0.789,10.750,1.000,0.000,0.0000
1200.110,-97.019,-51.459,0.310,0.006,0.789,10.750,1.000,0.000,0.0000
1200.120,-97.019,-51.430,0.310,0.006,0.789,10.750,1.000,0.000,0.0000
1200.130,-97.019,-51.402,0.310,0.005,0.789,10.750,1.000,0.000,0.0000
1200.140,-97.019,-51.372,0.310,0.004,0.789,10.750,1.000,0.000,0.0000
1200.150,-97.019,-51.343,0.310,0.004,0.789,10.750,1.000,0.000,0.0000
1200.160,-97.019,-51.313,0.310,0.003,0.789,10.750,1.000,0.000,0.0000
1200.170,-97.019,-51.283,0.310,0.003,0.789,10.751,1.000,0.000,0.0000
1200.180,-97.019,-51.252,0.310,0.003,0.789,10.751,1.000,0.000,0.0000
1200.190,-97.019,-51.221,0.310,0.002,0.789,10.751,1.000,0.000,0.0000
1200.200,-97.019,-51.190,0.310,0.002,0.789,10.751,1.000,0.000,0.0000
1200.210,-97.019,-51.158,0.310,0.002,0.789,10.751,1.000,0.000,0.0000
1200.220,-97.019,-51.126,0.310,0.003,0.789,10.750,1.000,0.000,0.0000
1200.230,-97.019,-51.093,0.310,0.003,0.789,10.750,1.000,0.000,0.0000
1200.240,-97.019,-51.060,0.310,0.003,0.789,10.750,1.000,0.000,0.0000
1200.250,-97.019,-51.026,0.310,0.003,0.789,10.750,1.000,0.000,0.0000
1200.260,-97.019,-50.992,0.310,0.003,0.789,10.750,1.000,0.000,0.0000
1200.270,-97.019,-50.958,0.310,0.004,0.789,10.750,1.000,0.000,0.0000
1200.280,-97.019,-50.924,0.310,0.004,0.789,10.750,1.000,0.000,0.0000
1200.290,-97.019,-50.889,0.310,0.004,0.789,10.750,1.000,0.000,0.0000
1200.300,-97.019,-50.853,0.310,0.004,0.789,10.750,1.000,0.000,0.0000
1200.310,-97.019,-50.817,0.310,0.004,0.789,10.750,1.000,0.000,0.0000
1200.320,-97.019,-50.781,0.310,0.004,0.789,10.750,1.000,0.000,0.0000
1200.330,-97.019,-50.744,0.310,0.004,0.789,10.750,1.000,0.000,0.0000
1200.340,-97.019,-50.707,0.310,0.004,0.789,10.750,1.000,0.000,0.0000
1200.350,-97.019,-50.670,0.310,0.004,0.789,10.750,1.000,0.000,0.0000
1200.360,-97.019,-50.632,0.310,0.004,0.789,10.750,1.000,0.000,0.0000
1200.370,-97.019,-50.594,0.310,0.004,0.789,10.750,1.000,0.000,0.0000
1200.380,-97.019,-50.555,0.310,0.003,0.789,10.750,1.000,0.000,0.0000
1200.390,-97.018,-50.516,0.310,0.003,0.789,10.750,1.000,0.000,0.0000
1200.400,-97.018,-50.477,0.310,0.003,0.789,10.750,1.000,0.000,0.0000
1200.410,-97.018,-50.437,0.310,0.003,0.789,10.750,1.000,0.000,0.0000
1200.420,-97.018,-50.397,0.310,0.003,0.789,10.750,1.000,0.000,0.0000
1200.430,-97.018,-50.356,0.310,0.003,0.789,10.750,1.000,0.000,0.0000
1200.440,-97.018,-50.315,0.310,0.003,0.789,10.750,1.000,0.000,0.0000
1200.450,-97.018,-50.274,0.310,0.003,0.789,10.750,1.000,0.000,0.0000
1200.460,-97.018,-50.232,0.310,0.003,0.789,10.750,1.000,0.000,0.0000
1200.470,-97.018,-50.190,0.310,0.003,0.789,10.750,1.000,0.000,0.0000
1200.480,-97.018,-50.147,0.310,0.003,0.788,10.750,1.000,0.000,0.0000
1200.490,-97.018,-50.104,0.310,0.003,0.788,10.750,1.000,0.000,0.0000
1200.500,-97.018,-50.061,0.310,0.003,0.788,10.750,1.000,0.000,0.0000
1200.510,-97.018,-50.017,0.310,0.003,0.788,10.750,1.000,0.000,0.0000
1200.520,-97.018,-49.973,0.310,0.003,0.788,10.750,1.000,0.000,0.0000
1200.530,-97.018,-49.929,0.310,0.003,0.788,10.750,1.000,0.000,0.0000
1200.540,-97.018,-49.884,0.310,0.003,0.788,10.750,1.000,0.000,0.0000
1200.550,-97.018,-49.838,0.310,0.004,0.788,10.750,1.000,0.000,0.0000
1200.560,-97.018,-49.792,0.310,0.004,0.788,10.750,1.000,0.000,0.0000
1200.570,-97.018,-49.746,0.310,0.004,0.788,10.750,1.000,0.000,0.0000
1200.580,-97.018,-49.700,0.310,0.004,0.788,10.750,1.000,0.000,0.0000
1200.590,-97.018,-49.653,0.310,0.004,0.788,10.750,1.000,0.000,0.0000
1200.600,-97.018,-49.605,0.310,0.004,0.788,10.750,1.000,0.000,0.0000
1200.610,-97.018,-49.558,0.310,0.004,0.788,10.750,1.000,0.000,0.0000
1200.620,-97.018,-49.510,0.310,0.004,0.788,10.750,1.000,0.000,0.0000
1200.630,-97.018,-49.461,0.310,0.004,0.788,10.750,1.000,0.000,0.0000
1200.640,-97.018,-49.412,0.310,0.004,0.788,10.750,1.000,0.000,0.0000
1200.650,-97.018,-49.363,0.310,0.004,0.788,10.750,1.000,0.000,0.0000
1200.660,-97.018,-49.313,0.310,0.004,0.788,10.750,1.000,0.000,0.0000
1200.670,-97.018,-49.263,0.310,0.004,0.788,10.750,1.000,0.000,0.0000
1200.680,-97.018,-49.212,0.310,0.004,0.788,10.750,1.000,0.000,0.0000
1200.690,-97.017,-49.162,0.310,0.004,0.788,10.750,1.000,0.000,0.0000
1200.700,-97.017,-49.110,0.310,0.004,0.788,10.750,1.000,0.000,0.0000
1200.710,-97.017,-49.059,0.310,0.004,0.788,10.750,1.000,0.000,0.0000
1200.720,-97.017,-49.006,0.310,0.004,0.788,10.750,1.000,0.000,0.0000
1200.730,-97.017,-48.954,0.310,0.004,0.788,10.750,1.000,0.000,0.0000
1200.740,-97.017,-48.901,0.310,0.004,0.788,10.750,1.000,0.000,0.0000
1200.750,-97.017,-48.848,0.310,0.004,0.788,10.750,1.000,0.000,0.0000
1200.760,-97.017,-48.794,0.310,0.004,0.787,10.750,1.000,0.000,0.0000
1200.770,-97.017,-48.740,0.310,0.004,0.787,10.750,1.000,0.000,0.0000
1200.780,-97.017,-48.686,0.310,0.004,0.787,10.750,1.000,0.000,0.0000
1200.790,-97.017,-48.631,0.310,0.004,0.787,10.750,1.000,0.000,0.0000
1200.800,-97.017,-48.575,0.310,0.004,0.787,10.750,1.000,0.000,0.0000
1200.810,-97.017,-48.520,0.310,0.004,0.787,10.750,1.000,0.000,0.0000
1200.820,-97.017,-48.464,0.310,0.004,0.787,10.750,1.000,0.000,0.0000
1200.830,-97.017,-48.407,0.310,0.004,0.787,10.750,1.000,0.000,0.0000
1200.840,-97.017,-48.350,0.310,0.004,0.787,10.750,1.000,0.000,0.0000
1200.850,-97.017,-48.293,0.310,0.004,0.787,10.750,1.000,0.000,0.0000
1200.860,-97.017,-48.235,0.310,0.004,0.787,10.750,1.000,0.000,0.0000
1200.870,-97.017,-48.177,0.310,0.004,0.787,10.750,1.000,0.000,0.0000
1200.880,-97.017,-48.119,0.310,0.004,0.787,10.750,1.000,0.000,0.0000
1200.890,-97.017,-48.060,0.310,0.004,0.787,10.750,1.000,0.000,0.0000
1200.900,-97.017,-48.001,0.310,0.004,0.787,10.750,1.000,0.000,0.0000
1200.910,-97.017,-47.941,0.310,0.004,0.787,10.750,1.000,0.000,0.0000
1200.920,-97.017,-47.881,0.310,0.004,0.787,10.750,1.000,0.000,0.0000
1200.930,-97.016,-47.821,0.310,0.005,0.787,10.750,1.000,0.000,0.0000
1200.940,-97.016,-47.760,0.310,0.005,0.787,10.750,1.000,0.000,0.0000
1200.950,-97.016,-47.699,0.310,0.005,0.787,10.750,1.000,0.000,0.0000
1200.960,-97.016,-47.637,0.310,0.005,0.787,10.750,1.000,0.000,0.0000
1200.970,-97.016,-47.575,0.310,0.005,0.787,10.750,1.000,0.000,0.0000
1200.980,-97.016,-47.513,0.310,0.005,0.787,10.750,1.000,0.000,0.0000
1200.990,-97.016,-47.450,0.310,0.005,0.786,10.750,1.000,0.000,0.0000
1201.000,-97.016,-47.387,0.310,0.005,0.786,10.750,1.000,0.000,0.0000
1201.010,-97.016,-47.323,0.310,0.005,0.786,10.750,1.000,0.000,0.0000
1201.020,-97.016,-47.259,0.310,0.005,0.786,10.750,1.000,0.000,0.0000
1201.030,-97.016,-47.195,0.310,0.005,0.786,10.750,1.000,0.000,0.0000
1201.040,-97.016,-47.130,0.310,0.005,0.786,10.750,1.000,0.000,0.0000
1201.050,-97.016,-47.065,0.310,0.005,0.786,10.750,1.000,0.000,0.0000
1201.060,-97.016,-46.999,0.310,0.005,0.786,10.750,1.000,0.000,0.0000
1201.070,-97.016,-46.933,0.310,0.005,0.786,10.750,1.000,0.000,0.0000
1201.080,-97.016,-46.867,0.310,0.005,0.786,10.750,1.000,0.000,0.0000
1201.090,-97.016,-46.800,0.310,0.005,0.786,10.750,1.000,0.000,0.0000
1201.100,-97.016,-46.733,0.310,0.005,0.786,10.750,1.000,0.000,0.0000
1201.110,-97.016,-46.665,0.310,0.005,0.786,10.750,1.000,0.000,0.0000
1201.120,-97.016,-46.597,0.310,0.005,0.786,10.750,1.000,0.000,0.0000
1201.130,-97.016,-46.529,0.310,0.005,0.786,10.750,1.000,0.000,0.0000
1201.140,-97.015,-46.460,0.310,0.005,0.786,10.750,1.000,0.000,0.0000
1201.150,-97.015,-46.391,0.310,0.005,0.786,10.750,1.000,0.000,0.0000
1201.160,-97.015,-46.321,0.310,0.005,0.786,10.750,1.000,0.000,0.0000
1201.170,-97.015,-46.251,0.310,0.005,0.786,10.750,1.000,0.000,0.0000
1201.180,-97.015,-46.181,0.310,0.005,0.786,10.750,1.000,0.000,0.0000
1201.190,-97.015,-46.110,0.310,0.005,0.785,10.750,1.000,0.000,0.0000
1201.200,-97.015,-46.039,0.310,0.005,0.785,10.750,1.000,0.000,0.0000
1201.210,-97.015,-45.967,0.310,0.005,0.785,10.750,1.000,0.000,0.0000
1201.220,-97.015,-45.895,0.310,0.005,0.785,10.750,1.000,0.000,0.0000
1201.230,-97.015,-45.823,0.310,0.005,0.785,10.750,1.000,0.000,0.0000
1201.240,-97.015,-45.750,0.310,0.005,0.785,10.750,1.000,0.000,0.0000
1201.250,-97.015,-45.677,0.310,0.005,0.785,10.750,1.000,0.000,0.0000
1201.260,-97.015,-45.604,0.310,0.005,0.785,10.750,1.000,0.000,0.0000
1201.270,-97.015,-45.530,0.310,0.006,0.785,10.750,1.000,0.000,0.0000
1201.280,-97.015,-45.456,0.310,0.006,0.785,10.750,1.000,0.000,0.0000
1201.290,-97.015,-45.381,0.310,0.006,0.785,10.750,1.000,0.000,0.0000
1201.300,-97.015,-45.306,0.310,0.006,0.785,10.750,1.000,0.000,0.0000
1201.310,-97.015,-45.230,0.310,0.006,0.785,10.750,1.000,0.000,0.0000
1201.320,-97.014,-45.154,0.310,0.006,0.785,10.750,1.000,0.000,0.0000
1201.330,-97.014,-45.078,0.310,0.006,0.785,10.750,1.000,0.000,0.0000
1201.340,-97.014,-45.001,0.310,0.006,0.785,10.750,1.000,0.000,0.0000
1201.350,-97.014,-44.924,0.310,0.006,0.785,10.750,1.000,0.000,0.0000
1201.360,-97.014,-44.847,0.310,0.006,0.785,10.750,1.000,0.000,0.0000
1201.370,-97.014,-44.769,0.310,0.006,0.784,10.750,1.000,0.000,0.0000
1201.380,-97.014,-44.690,0.310,0.006,0.784,10.750,1.000,0.000,0.0000
1201.390,-97.014,-44.612,0.310,0.006,0.784,10.750,1.000,0.000,0.0000
1201.400,-97.014,-44.533,0.310,0.006,0.784,10.750,1.000,0.000,0.0000
1201.410,-97.014,-44.453,0.310,0.006,0.784,10.750,1.000,0.000,0.0000
1201.420,-97.014,-44.373,0.310,0.006,0.784,10.750,1.000,0.000,0.0000
1201.430,-97.014,-44.293,0.310,0.006,0.784,10.750,1.000,0.000,0.0000
1201.440,-97.014,-44.212,0.310,0.006,0.784,10.750,1.000,0.000,0.0000
1201.450,-97.014,-44.131,0.310,0.006,0.784,10.750,1.000,0.000,0.0000
1201.460,-97.014,-44.050,0.310,0.006,0.784,10.750,1.000,0.000,0.0000
1201.470,-97.014,-43.968,0.310,0.006,0.784,10.750,1.000,0.000,0.0000
1201.480,-97.014,-43.886,0.310,0.006,0.784,10.750,1.000,0.000,0.0000
1201.490,-97.013,-43.803,0.310,0.006,0.784,10.750,1.000,0.000,0.0000
1201.500,-97.013,-43.720,0.310,0.006,0.784,10.750,1.000,0.000,0.0000
1201.510,-97.013,-43.637,0.310,0.006,0.784,10.750,1.000,0.000,0.0000
1201.520,-97.013,-43.553,0.310,0.006,0.784,10.750,1.000,0.000,0.0000
1201.530,-97.013,-43.469,0.310,0.006,0.783,10.750,1.000,0.000,0.0000
1201.540,-97.013,-43.384,0.310,0.006,0.783,10.750,1.000,0.000,0.0000
1201.550,-97.013,-43.299,0.310,0.006,0.783,10.750,1.000,0.000,0.0000
1201.560,-97.013,-43.213,0.310,0.006,0.783,10.750,1.000,0.000,0.0000
1201.570,-97.013,-43.128,0.310,0.006,0.783,10.750,1.000,0.000,0.0000
1201.580,-97.013,-43.041,0.310,0.006,0.783,10.750,1.000,0.000,0.0000
1201.590,-97.013,-42.955,0.310,0.006,0.783,10.750,1.000,0.000,0.0000
1201.600,-97.013,-42.868,0.310,0.006,0.783,10.750,1.000,0.000,0.0000
1201.610,-97.013,-42.780,0.310,0.007,0.783,10.750,1.000,0.000,0.0000
1201.620,-97.013,-42.693,0.310,0.007,0.783,10.750,1.000,0.000,0.0000
1201.630,-97.013,-42.604,0.310,0.007,0.783,10.750,1.000,0.000,0.0000
1201.640,-97.013,-42.516,0.310,0.007,0.783,10.750,1.000,0.000,0.0000
1201.650,-97.012,-42.427,0.310,0.007,0.783,10.750,1.000,0.000,0.0000
1201.660,-97.012,-42.337,0.310,0.007,0.783,10.750,1.000,0.000,0.0000
1201.670,-97.012,-42.248,0.310,0.007,0.783,10.750,1.000,0.000,0.0000
1201.680,-97.012,-42.157,0.310,0.007,0.783,10.750,1.000,0.000,0.0000
1201.690,-97.012,-42.067,0.310,0.007,0.782,10.750,1.000,0.000,0.0000
1201.700,-97.012,-41.976,0.310,0.007,0.782,10.750,1.000,0.000,0.0000
1201.710,-97.012,-41.884,0.310,0.007,0.782,10.750,1.000,0.000,0.0000
1201.720,-97.012,-41.793,0.310,0.007,0.782,10.750,1.000,0.000,0.0000
1201.730,-97.012,-41.700,0.310,0.007,0.782,10.750,1.000,0.000,0.0000
1201.740,-97.012,-41.608,0.310,0.007,0.782,10.750,1.000,0.000,0.0000
1201.750,-97.012,-41.515,0.310,0.007,0.782,10.749,1.000,0.000,0.0000
1201.760,-97.012,-41.421,0.310,0.007,0.782,10.749,1.000,0.000,0.0000
1201.770,-97.012,-41.328,0.310,0.007,0.782,10.749,1.000,0.000,0.0000
1201.780,-97.012,-41.234,0.310,0.007,0.782,10.749,1.000,0.000,0.0000
1201.790,-97.011,-41.139,0.310,0.007,0.782,10.749,1.000,0.000,0.0000
1201.800,-97.011,-41.044,0.310,0.007,0.782,10.749,1.000,0.000,0.0000
1201.810,-97.011,-40.949,0.310,0.007,0.782,10.749,1.000,0.000,0.0000
1201.820,-97.011,-40.853,0.310,0.007,0.782,10.749,1.000,0.000,0.0000
1201.830,-97.011,-40.757,0.310,0.007,0.781,10.749,1.000,0.000,0.0000
1201.840,-97.011,-40.660,0.310,0.007,0.781,10.749,1.000,0.000,0.0000
1201.850,-97.011,-40.563,0.310,0.007,0.781,10.749,1.000,0.000,0.0000
1201.860,-97.011,-40.466,0.310,0.007,0.781,10.749,1.000,0.000,0.0000
1201.870,-97.011,-40.368,0.310,0.007,0.781,10.749,1.000,0.000,0.0000
1201.880,-97.011,-40.270,0.310,0.007,0.781,10.749,1.000,0.000,0.0000
1201.890,-97.011,-40.172,0.310,0.007,0.781,10.749,1.000,0.000,0.0000
1201.900,-97.011,-40.073,0.310,0.007,0.781,10.749,1.000,0.000,0.0000
1201.910,-97.011,-39.973,0.310,0.007,0.781,10.749,1.000,0.000,0.0000
1201.920,-97.011,-39.874,0.310,0.007,0.781,10.749,1.000,0.000,0.0000
1201.930,-97.010,-39.774,0.310,0.007,0.781,10.749,1.000,0.000,0.0000
1201.940,-97.010,-39.673,0.310,0.007,0.781,10.749,1.000,0.000,0.0000
1201.950,-97.010,-39.572,0.310,0.008,0.781,10.749,1.000,0.000,0.0000
1201.960,-97.010,-39.471,0.310,0.008,0.781,10.749,1.000,0.000,0.0000
1201.970,-97.010,-39.369,0.310,0.008,0.780,10.749,1.000,0.000,0.0000
1201.980,-97.010,-39.267,0.310,0.008,0.780,10.749,1.000,0.000,0.0000
1201.990,-97.010,-39.165,0.310,0.008,0.780,10.749,1.000,0.000,0.0000
1202.000,-97.010,-39.062,0.310,0.008,0.780,10.749,1.000,0.000,0.0000
1202.010,-97.010,-38.958,0.310,0.008,0.780,10.749,1.000,0.000,0.0000
1202.020,-97.010,-38.855,0.310,0.008,0.780,10.749,1.000,0.000,0.0000
1202.030,-97.010,-38.751,0.310,0.008,0.780,10.749,1.000,0.000,0.0000
1202.040,-97.010,-38.646,0.310,0.008,0.780,10.749,1.000,0.000,0.0000
1202.050,-97.010,-38.541,0.310,0.008,0.780,10.749,1.000,0.000,0.0000
1202.060,-97.009,-38.436,0.310,0.008,0.780,10.749,1.000,0.000,0.0000
1202.070,-97.009,-38.330,0.310,0.008,0.780,10.749,1.000,0.000,0.0000
1202.080,-97.009,-38.224,0.310,0.008,0.780,10.749,1.000,0.000,0.0000
1202.090,-97.009,-38.118,0.310,0.008,0.780,10.749,1.000,0.000,0.0000
1202.100,-97.009,-38.011,0.310,0.008,0.779,10.749,1.000,0.000,0.0000
1202.110,-97.009,-37.904,0.310,0.008,0.779,10.749,1.000,0.000,0.0000
1202.120,-97.009,-37.796,0.310,0.008,0.779,10.749,1.000,0.000,0.0000
1202.130,-97.009,-37.688,0.310,0.008,0.779,10.749,1.000,0.000,0.0000
1202.140,-97.009,-37.580,0.310,0.008,0.779,10.749,1.000,0.000,0.0000
1202.150,-97.009,-37.471,0.310,0.008,0.779,10.749,1.000,0.000,0.0000
1202.160,-97.009,-37.361,0.310,0.008,0.779,10.749,1.000,0.000,0.0000
1202.170,-97.009,-37.252,0.310,0.008,0.779,10.749,1.000,0.000,0.0000
1202.180,-97.009,-37.142,0.310,0.008,0.779,10.749,1.000,0.000,0.0000
1202.190,-97.008,-37.031,0.310,0.008,0.779,10.749,1.000,0.000,0.0000
1202.200,-97.008,-36.921,0.310,0.008,0.779,10.749,1.000,0.000,0.0000
1202.210,-97.008,-36.809,0.310,0.009,0.779,10.749,1.000,0.000,0.0000
1202.220,-97.008,-36.698,0.310,0.013,0.778,10.749,1.000,0.000,0.0000
1202.230,-97.008,-36.587,0.311,0.020,0.778,10.749,1.000,0.000,0.0000
1202.240,-97.008,-36.476,0.311,0.028,0.778,10.749,1.000,0.000,0.0000
1202.250,-97.008,-36.364,0.311,0.035,0.778,10.748,1.000,0.000,0.0000
1202.260,-97.008,-36.253,0.312,0.041,0.778,10.748,1.000,0.000,0.0000
1202.270,-97.008,-36.142,0.312,0.047,0.778,10.747,1.000,0.000,0.0000
1202.280,-97.008,-36.031,0.313,0.051,0.778,10.747,1.000,0.000,0.0000
1202.290,-97.008,-35.920,0.313,0.054,0.778,10.746,1.000,0.000,0.0000
1202.300,-97.008,-35.808,0.314,0.056,0.778,10.746,1.000,0.000,0.0000
1202.310,-97.007,-35.697,0.314,0.056,0.778,10.745,1.000,0.000,0.0000
1202.320,-97.007,-35.586,0.315,0.056,0.778,10.745,1.000,0.000,0.0000
1202.330,-97.007,-35.475,0.315,0.055,0.778,10.744,1.000,0.000,0.0000
1202.340,-97.007,-35.363,0.316,0.054,0.778,10.744,1.000,0.000,0.0000
1202.350,-97.007,-35.252,0.316,0.052,0.778,10.743,1.000,0.000,0.0000
1202.360,-97.007,-35.141,0.317,0.049,0.777,10.743,1.000,0.000,0.0000
1202.370,-97.007,-35.030,0.317,0.046,0.777,10.742,1.000,0.000,0.0000
1202.380,-97.007,-34.919,0.318,0.042,0.777,10.742,1.000,0.000,0.0000
1202.390,-97.007,-34.807,0.318,0.038,0.777,10.741,1.000,0.000,0.0000
1202.400,-97.007,-34.696,0.318,0.034,0.777,10.741,1.000,0.000,0.0000
1202.410,-97.007,-34.585,0.319,0.030,0.777,10.741,1.000,0.000,0.0000
1202.420,-97.007,-34.474,0.319,0.026,0.777,10.740,1.000,0.000,0.0000
1202.430,-97.006,-34.363,0.319,0.021,0.777,10.740,1.000,0.000,0.0000
1202.440,-97.006,-34.252,0.319,0.017,0.777,10.740,1.000,0.000,0.0000
1202.450,-97.006,-34.141,0.319,0.013,0.777,10.740,1.000,0.000,0.0000
1202.460,-97.006,-34.029,0.319,0.010,0.777,10.740,1.000,0.000,0.0000
1202.470,-97.006,-33.918,0.319,0.009,0.777,10.740,1.000,0.000,0.0000
1202.480,-97.006,-33.807,0.319,0.008,0.777,10.740,1.000,0.000,0.0000
1202.490,-97.006,-33.696,0.319,0.010,0.777,10.740,1.000,0.000,0.0000
1202.500,-97.006,-33.585,0.319,0.012,0.776,10.740,1.000,0.000,0.0000
1202.510,-97.006,-33.474,0.319,0.014,0.776,10.740,1.000,0.000,0.0000
1202.520,-97.006,-33.363,0.319,0.016,0.776,10.740,1.000,0.000,0.0000
1202.530,-97.006,-33.252,0.319,0.018,0.776,10.740,1.000,0.000,0.0000
1202.540,-97.006,-33.141,0.319,0.019,0.776,10.740,1.000,0.000,0.0000
1202.550,-97.005,-33.030,0.319,0.021,0.776,10.741,1.000,0.000,0.0000
1202.560,-97.005,-32.919,0.318,0.021,0.776,10.741,1.000,0.000,0.0000
1202.570,-97.005,-32.808,0.318,0.022,0.776,10.741,1.000,0.000,0.0000
1202.580,-97.005,-32.697,0.318,0.022,0.776,10.741,1.000,0.000,0.0000
1202.590,-97.005,-32.586,0.318,0.022,0.776,10.741,1.000,0.000,0.0000
1202.600,-97.005,-32.475,0.317,0.022,0.776,10.742,1.000,0.000,0.0000
1202.610,-97.005,-32.363,0.317,0.021,0.775,10.742,1.000,0.000,0.0000
1202.620,-97.005,-32.252,0.317,0.021,0.775,10.742,1.000,0.000,0.0000
1202.630,-97.005,-32.141,0.317,0.020,0.775,10.742,1.000,0.000,0.0000
1202.640,-97.005,-32.030,0.317,0.018,0.775,10.742,1.000,0.000,0.0000
1202.650,-97.005,-31.919,0.317,0.017,0.775,10.742,1.000,0.000,0.0000
1202.660,-97.005,-31.808,0.316,0.016,0.775,10.743,1.000,0.000,0.0000
1202.670,-97.004,-31.697,0.316,0.015,0.775,10.743,1.000,0.000,0.0000
1202.680,-97.004,-31.586,0.316,0.013,0.775,10.743,1.000,0.000,0.0000
1202.690,-97.004,-31.475,0.316,0.012,0.775,10.743,1.000,0.000,0.0000
1202.700,-97.004,-31.364,0.316,0.011,0.775,10.743,1.000,0.000,0.0000
1202.710,-97.004,-31.253,0.316,0.010,0.775,10.743,1.000,0.000,0.0000
1202.720,-97.004,-31.142,0.316,0.009,0.774,10.743,1.000,0.000,0.0000
1202.730,-97.004,-31.031,0.316,0.008,0.774,10.743,1.000,0.000,0.0000
1202.740,-97.004,-30.919,0.316,0.008,0.774,10.743,1.000,0.000,0.0000
1202.750,-97.004,-30.808,0.316,0.008,0.774,10.743,1.000,0.000,0.0000
1202.760,-97.004,-30.697,0.316,0.009,0.774,10.743,1.000,0.000,0.0000
1202.770,-97.004,-30.586,0.316,0.009,0.774,10.743,1.000,0.000,0.0000
1202.780,-97.004,-30.475,0.316,0.009,0.774,10.743,1.000,0.000,0.0000
1202.790,-97.003,-30.364,0.316,0.010,0.774,10.743,1.000,0.000,0.0000
1202.800,-97.003,-30.253,0.316,0.010,0.774,10.743,1.000,0.000,0.0000
1202.810,-97.003,-30.142,0.316,0.011,0.774,10.743,1.000,0.000,0.0000
1202.820,-97.003,-30.031,0.316,0.011,0.774,10.743,1.000,0.000,0.0000
1202.830,-97.003,-29.919,0.316,0.011,0.774,10.742,1.000,0.000,0.0000
1202.840,-97.003,-29.808,0.317,0.011,0.774,10.742,1.000,0.000,0.0000
1202.850,-97.003,-29.697,0.317,0.011,0.773,10.742,1.000,0.000,0.0000
1202.860,-97.003,-29.586,0.317,0.011,0.773,10.742,1.000,0.000,0.0000
1202.870,-97.003,-29.475,0.317,0.011,0.773,10.742,1.000,0.000,0.0000
1202.880,-97.003,-29.364,0.317,0.011,0.773,10.742,1.000,0.000,0.0000
1202.890,-97.003,-29.253,0.317,0.011,0.773,10.742,1.000,0.000,0.0000
1202.900,-97.003,-29.142,0.317,0.010,0.773,10.742,1.000,0.000,0.0000
1202.910,-97.002,-29.031,0.317,0.010,0.773,10.742,1.000,0.000,0.0000
1202.920,-97.002,-28.919,0.317,0.010,0.773,10.742,1.000,0.000,0.0000
1202.930,-97.002,-28.808,0.317,0.010,0.773,10.742,1.000,0.000,0.0000
1202.940,-97.002,-28.697,0.317,0.009,0.773,10.742,1.000,0.000,0.0000
1202.950,-97.002,-28.586,0.317,0.009,0.773,10.742,1.000,0.000,0.0000
1202.960,-97.002,-28.475,0.317,0.009,0.773,10.742,1.000,0.000,0.0000
1202.970,-97.002,-28.364,0.317,0.009,0.772,10.742,1.000,0.000,0.0000
1202.980,-97.002,-28.253,0.317,0.008,0.772,10.742,1.000,0.000,0.0000
1202.990,-97.002,-28.142,0.317,0.008,0.772,10.742,1.000,0.000,0.0000
1203.000,-97.002,-28.031,0.317,0.008,0.772,10.742,1.000,0.000,0.0000
1203.010,-97.002,-27.920,0.317,0.008,0.772,10.742,1.000,0.000,0.0000
1203.020,-97.002,-27.808,0.317,0.008,0.772,10.742,1.000,0.000,0.0000
1203.030,-97.001,-27.697,0.317,0.008,0.772,10.742,1.000,0.000,0.0000
1203.040,-97.001,-27.586,0.317,0.008,0.772,10.742,1.000,0.000,0.0000
1203.050,-97.001,-27.475,0.317,0.008,0.772,10.742,1.000,0.000,0.0000
1203.060,-97.001,-27.364,0.317,0.009,0.772,10.742,1.000,0.000,0.0000
1203.070,-97.001,-27.253,0.317,0.009,0.772,10.742,1.000,0.000,0.0000
1203.080,-97.001,-27.142,0.317,0.009,0.772,10.742,1.000,0.000,0.0000
1203.090,-97.001,-27.031,0.317,0.009,0.771,10.742,1.000,0.000,0.0000
1203.100,-97.001,-26.920,0.317,0.009,0.771,10.742,1.000,0.000,0.0000
1203.110,-97.001,-26.809,0.317,0.009,0.771,10.742,1.000,0.000,0.0000
1203.120,-97.001,-26.697,0.317,0.009,0.771,10.742,1.000,0.000,0.0000
1203.130,-97.001,-26.586,0.317,0.009,0.771,10.742,1.000,0.000,0.0000
1203.140,-97.001,-26.475,0.317,0.009,0.771,10.742,1.000,0.000,0.0000
1203.150,-97.000,-26.364,0.317,0.009,0.771,10.742,1.000,0.000,0.0000
1203.160,-97.000,-26.253,0.317,0.009,0.771,10.742,1.000,0.000,0.0000
1203.170,-97.000,-26.142,0.317,0.009,0.771,10.742,1.000,0.000,0.0000
1203.180,-97.000,-26.031,0.317,0.009,0.771,10.742,1.000,0.000,0.0000
1203.190,-97.000,-25.920,0.317,0.008,0.771,10.742,1.000,0.000,0.0000
1203.200,-97.000,-25.809,0.317,0.008,0.771,10.742,1.000,0.000,0.0000
1203.210,-97.000,-25.698,0.317,0.008,0.770,10.742,1.000,0.000,0.0000
1203.220,-97.000,-25.587,0.317,0.008,0.770,10.742,1.000,0.000,0.0000
1203.230,-97.000,-25.475,0.317,0.008,0.770,10.742,1.000,0.000,0.0000
1203.240,-97.000,-25.364,0.317,0.008,0.770,10.742,1.000,0.000,0.0000
1203.250,-97.000,-25.253,0.317,0.008,0.770,10.742,1.000,0.000,0.0000
1203.260,-97.000,-25.142,0.317,0.008,0.770,10.742,1.000,0.000,0.0000
1203.270,-96.999,-25.031,0.317,0.008,0.770,10.742,1.000,0.000,0.0000
1203.280,-96.999,-24.920,0.317,0.008,0.770,10.742,1.000,0.000,0.0000
1203.290,-96.999,-24.809,0.317,0.008,0.770,10.742,1.000,0.000,0.0000
1203.300,-96.999,-24.698,0.317,0.008,0.770,10.742,1.000,0.000,0.0000
1203.310,-96.999,-24.587,0.317,0.008,0.770,10.742,1.000,0.000,0.0000
1203.320,-96.999,-24.476,0.317,0.008,0.770,10.742,1.000,0.000,0.0000
1203.330,-96.999,-24.364,0.317,0.008,0.769,10.742,1.000,0.000,0.0000
1203.340,-96.999,-24.253,0.317,0.008,0.769,10.742,1.000,0.000,0.0000
1203.350,-96.999,-24.142,0.317,0.008,0.769,10.742,1.000,0.000,0.0000
1203.360,-96.999,-24.031,0.317,0.008,0.769,10.742,1.000,0.000,0.0000
1203.370,-96.999,-23.920,0.317,0.008,0.769,10.742,1.000,0.000,0.0000
1203.380,-96.999,-23.809,0.317,0.008,0.769,10.742,1.000,0.000,0.0000
1203.390,-96.998,-23.698,0.317,0.008,0.769,10.742,1.000,0.000,0.0000
1203.400,-96.998,-23.587,0.317,0.008,0.769,10.742,1.000,0.000,0.0000
1203.410,-96.998,-23.476,0.317,0.008,0.769,10.742,1.000,0.000,0.0000
1203.420,-96.998,-23.365,0.317,0.008,0.769,10.742,1.000,0.000,0.0000
1203.430,-96.998,-23.253,0.317,0.008,0.769,10.742,1.000,0.000,0.0000
1203.440,-96.998,-23.142,0.317,0.008,0.769,10.742,1.000,0.000,0.0000
1203.450,-96.998,-23.031,0.317,0.008,0.768,10.742,1.000,0.000,0.0000
1203.460,-96.998,-22.920,0.317,0.008,0.768,10.742,1.000,0.000,0.0000
1203.470,-96.998,-22.809,0.317,0.008,0.768,10.741,1.000,0.000,0.0000
1203.480,-96.998,-22.698,0.317,0.008,0.768,10.741,1.000,0.000,0.0000
1203.490,-96.998,-22.587,0.317,0.008,0.768,10.741,1.000,0.000,0.0000
1203.500,-96.998,-22.476,0.317,0.008,0.768,10.741,1.000,0.000,0.0000
1203.510,-96.998,-22.365,0.317,0.008,0.768,10.741,1.000,0.000,0.0000
1203.520,-96.997,-22.254,0.317,0.008,0.768,10.741,1.000,0.000,0.0000
1203.530,-96.997,-22.142,0.317,0.008,0.768,10.741,1.000,0.000,0.0000
1203.540,-96.997,-22.031,0.317,0.008,0.768,10.741,1.000,0.000,0.0000
1203.550,-96.997,-21.920,0.317,0.008,0.768,10.741,1.000,0.000,0.0000
1203.560,-96.997,-21.809,0.317,0.008,0.768,10.741,1.000,0.000,0.0000
1203.570,-96.997,-21.698,0.317,0.008,0.767,10.741,1.000,0.000,0.0000
1203.580,-96.997,-21.587,0.317,0.008,0.767,10.741,1.000,0.000,0.0000
1203.590,-96.997,-21.476,0.317,0.008,0.767,10.741,1.000,0.000,0.0000
1203.600,-96.997,-21.365,0.317,0.008,0.767,10.741,1.000,0.000,0.0000
1203.610,-96.997,-21.254,0.317,0.008,0.767,10.741,1.000,0.000,0.0000
1203.620,-96.997,-21.143,0.317,0.008,0.767,10.741,1.000,0.000,0.0000
1203.630,-96.997,-21.031,0.317,0.008,0.767,10.741,1.000,0.000,0.0000
1203.640,-96.996,-20.920,0.317,0.008,0.767,10.741,1.000,0.000,0.0000
1203.650,-96.996,-20.809,0.317,0.008,0.767,10.741,0.940,0.000,0.0000
1203.660,-96.996,-20.698,0.317,0.009,0.767,10.741,0.880,0.000,0.0000
1203.670,-96.996,-20.588,0.317,0.013,0.767,10.741,0.820,0.000,0.0000
1203.680,-96.996,-20.477,0.317,0.020,0.767,10.741,0.760,0.000,0.0000
1203.690,-96.996,-20.367,0.318,0.028,0.767,10.741,0.700,0.000,0.0000
1203.700,-96.996,-20.258,0.318,0.035,0.766,10.740,0.640,0.000,0.0000
1203.710,-96.996,-20.149,0.318,0.042,0.766,10.740,0.580,0.000,0.0000
1203.720,-96.996,-20.040,0.319,0.047,0.766,10.740,0.520,0.000,0.0000
1203.730,-96.996,-19.932,0.319,0.052,0.766,10.739,0.460,0.000,0.0000
1203.740,-96.996,-19.824,0.320,0.055,0.766,10.738,0.400,0.000,0.0000
1203.750,-96.996,-19.716,0.320,0.056,0.766,10.738,0.340,0.000,0.0000
1203.760,-96.995,-19.609,0.321,0.057,0.766,10.737,0.280,0.000,0.0000
1203.770,-96.995,-19.502,0.321,0.057,0.766,10.737,0.220,0.000,0.0000
1203.780,-96.995,-19.396,0.322,0.057,0.766,10.736,0.160,0.000,0.0000
1203.790,-96.995,-19.290,0.323,0.055,0.766,10.736,0.100,0.000,0.0000
1203.800,-96.995,-19.184,0.323,0.053,0.766,10.735,0.040,0.000,0.0000
1203.810,-96.995,-19.079,0.324,0.050,0.766,10.735,0.000,0.000,0.0000
1203.820,-96.995,-18.975,0.324,0.047,0.766,10.734,0.000,0.000,0.0000
1203.830,-96.995,-18.870,0.325,0.044,0.766,10.734,0.000,0.000,0.0000
1203.840,-96.995,-18.766,0.325,0.040,0.766,10.733,0.000,0.000,0.0000
1203.850,-96.995,-18.663,0.325,0.035,0.766,10.733,0.000,0.000,0.0000
1203.860,-96.995,-18.560,0.326,0.031,0.765,10.733,0.000,0.000,0.0000
1203.870,-96.995,-18.457,0.326,0.027,0.765,10.732,0.000,0.000,0.0000
1203.880,-96.995,-18.355,0.326,0.022,0.765,10.732,0.000,0.000,0.0000
1203.890,-96.994,-18.253,0.326,0.018,0.765,10.732,0.000,0.000,0.0000
1203.900,-96.994,-18.151,0.326,0.014,0.765,10.732,0.000,0.000,0.0000
1203.910,-96.994,-18.050,0.326,0.011,0.765,10.732,0.000,0.000,0.0000
1203.920,-96.994,-17.950,0.326,0.008,0.765,10.732,0.000,0.000,0.0000
1203.930,-96.994,-17.849,0.326,0.008,0.765,10.732,0.000,0.000,0.0000
1203.940,-96.994,-17.750,0.326,0.009,0.765,10.732,0.000,0.000,0.0000
1203.950,-96.994,-17.650,0.326,0.011,0.765,10.732,0.000,0.000,0.0000
1203.960,-96.994,-17.551,0.326,0.013,0.765,10.732,0.000,0.000,0.0000
1203.970,-96.994,-17.452,0.326,0.015,0.765,10.732,0.000,0.000,0.0000
1203.980,-96.994,-17.354,0.326,0.017,0.765,10.732,0.000,0.000,0.0000
1203.990,-96.994,-17.256,0.326,0.019,0.765,10.732,0.000,0.000,0.0000
1204.000,-96.994,-17.159,0.326,0.020,0.764,10.733,0.000,0.000,0.0000
1204.010,-96.994,-17.062,0.325,0.021,0.764,10.733,0.000,0.000,0.0000
1204.020,-96.993,-16.965,0.325,0.022,0.764,10.733,0.000,0.000,0.0000
1204.030,-96.993,-16.869,0.325,0.022,0.764,10.733,0.000,0.000,0.0000
1204.040,-96.993,-16.773,0.325,0.022,0.764,10.733,0.000,0.000,0.0000
1204.050,-96.993,-16.678,0.324,0.022,0.764,10.734,0.000,0.000,0.0000
1204.060,-96.993,-16.583,0.324,0.021,0.764,10.734,0.000,0.000,0.0000
1204.070,-96.993,-16.488,0.324,0.021,0.764,10.734,0.000,0.000,0.0000
1204.080,-96.993,-16.394,0.324,0.020,0.764,10.734,0.000,0.000,0.0000
1204.090,-96.993,-16.300,0.324,0.019,0.764,10.734,0.000,0.000,0.0000
1204.100,-96.993,-16.206,0.324,0.017,0.764,10.734,0.000,0.000,0.0000
1204.110,-96.993,-16.113,0.323,0.016,0.764,10.735,0.000,0.000,0.0000
1204.120,-96.993,-16.020,0.323,0.014,0.764,10.735,0.000,0.000,0.0000
1204.130,-96.993,-15.928,0.323,0.013,0.763,10.735,0.000,0.000,0.0000
1204.140,-96.993,-15.836,0.323,0.012,0.763,10.735,0.000,0.000,0.0000
1204.150,-96.993,-15.745,0.323,0.010,0.763,10.735,0.000,0.000,0.0000
1204.160,-96.993,-15.654,0.323,0.009,0.763,10.735,0.000,0.000,0.0000
1204.170,-96.992,-15.563,0.323,0.008,0.763,10.735,0.000,0.000,0.0000
1204.180,-96.992,-15.472,0.323,0.007,0.763,10.735,0.000,0.000,0.0000
1204.190,-96.992,-15.383,0.323,0.007,0.763,10.735,0.000,0.000,0.0000
1204.200,-96.992,-15.293,0.323,0.007,0.763,10.735,0.000,0.000,0.0000
1204.210,-96.992,-15.204,0.323,0.007,0.763,10.735,0.000,0.000,0.0000
1204.220,-96.992,-15.115,0.323,0.007,0.763,10.735,0.000,0.000,0.0000
1204.230,-96.992,-15.027,0.323,0.008,0.763,10.735,0.000,0.000,0.0000
1204.240,-96.992,-14.939,0.323,0.008,0.763,10.735,0.000,0.000,0.0000
1204.250,-96.992,-14.851,0.323,0.009,0.763,10.735,0.000,0.000,0.0000
1204.260,-96.992,-14.764,0.323,0.009,0.763,10.735,0.000,0.000,0.0000
1204.270,-96.992,-14.677,0.323,0.010,0.762,10.735,0.000,0.000,0.0000
1204.280,-96.992,-14.591,0.323,0.010,0.762,10.735,0.000,0.000,0.0000
1204.290,-96.992,-14.505,0.323,0.010,0.762,10.735,0.000,0.000,0.0000
1204.300,-96.992,-14.419,0.323,0.010,0.762,10.734,0.000,0.000,0.0000
1204.310,-96.992,-14.334,0.324,0.010,0.762,10.734,0.000,0.000,0.0000
1204.320,-96.991,-14.249,0.324,0.010,0.762,10.734,0.000,0.000,0.0000
1204.330,-96.991,-14.165,0.324,0.010,0.762,10.734,0.000,0.000,0.0000
1204.340,-96.991,-14.081,0.324,0.009,0.762,10.734,0.000,0.000,0.0000
1204.350,-96.991,-13.997,0.324,0.009,0.762,10.734,0.000,0.000,0.0000
1204.360,-96.991,-13.914,0.324,0.009,0.762,10.734,0.000,0.000,0.0000
1204.370,-96.991,-13.831,0.324,0.008,0.762,10.734,0.000,0.000,0.0000
1204.380,-96.991,-13.749,0.324,0.008,0.762,10.734,0.000,0.000,0.0000
1204.390,-96.991,-13.667,0.324,0.008,0.762,10.734,0.000,0.000,0.0000
1204.400,-96.991,-13.585,0.324,0.007,0.762,10.734,0.000,0.000,0.0000
1204.410,-96.991,-13.504,0.324,0.007,0.762,10.734,0.000,0.000,0.0000
1204.420,-96.991,-13.423,0.324,0.007,0.762,10.734,0.000,0.000,0.0000
1204.430,-96.991,-13.343,0.324,0.006,0.762,10.734,0.000,0.000,0.0000
1204.440,-96.991,-13.263,0.324,0.006,0.761,10.734,0.000,0.000,0.0000
1204.450,-96.991,-13.183,0.324,0.006,0.761,10.734,0.000,0.000,0.0000
1204.460,-96.991,-13.104,0.324,0.006,0.761,10.734,0.040,0.000,0.0000
1204.470,-96.991,-13.025,0.324,0.006,0.761,10.734,0.080,0.000,0.0000
1204.480,-96.990,-12.946,0.324,0.006,0.761,10.734,0.120,0.000,0.0000
1204.490,-96.990,-12.868,0.324,0.006,0.761,10.734,0.160,0.000,0.0000
1204.500,-96.990,-12.791,0.324,0.006,0.761,10.734,0.200,0.000,0.0000
1204.510,-96.990,-12.714,0.324,0.006,0.761,10.734,0.240,0.000,0.0000
1204.520,-96.990,-12.637,0.324,0.006,0.761,10.734,0.280,0.000,0.0000
1204.530,-96.990,-12.560,0.324,0.006,0.761,10.734,0.320,0.000,0.0000
1204.540,-96.990,-12.484,0.324,0.006,0.761,10.734,0.360,0.000,0.0000
1204.550,-96.990,-12.409,0.324,0.006,0.761,10.734,0.400,0.000,0.0000
1204.560,-96.990,-12.333,0.324,0.006,0.761,10.734,0.440,0.000,0.0000
1204.570,-96.990,-12.258,0.324,0.006,0.761,10.734,0.480,0.000,0.0000
1204.580,-96.990,-12.184,0.324,0.006,0.761,10.734,0.520,0.000,0.0000
1204.590,-96.990,-12.110,0.324,0.006,0.761,10.734,0.560,0.000,0.0000
1204.600,-96.990,-12.036,0.324,0.006,0.761,10.734,0.600,0.000,0.0000
1204.610,-96.990,-11.963,0.324,0.006,0.761,10.734,0.640,0.000,0.0000
1204.620,-96.990,-11.890,0.324,0.006,0.760,10.734,0.680,0.000,0.0000
1204.630,-96.990,-11.817,0.324,0.011,0.760,10.734,0.720,0.000,0.0000
1204.640,-96.990,-11.744,0.323,0.024,0.760,10.734,0.760,0.000,0.0000
1204.650,-96.990,-11.671,0.323,0.040,0.760,10.735,0.800,0.000,0.0000
1204.660,-96.989,-11.598,0.323,0.056,0.760,10.735,0.840,0.000,0.0000
1204.670,-96.989,-11.524,0.322,0.072,0.760,10.736,0.880,0.000,0.0000
1204.680,-96.989,-11.449,0.321,0.085,0.760,10.737,0.920,0.000,0.0000
1204.690,-96.989,-11.374,0.320,0.096,0.760,10.738,0.960,0.000,0.0000
1204.700,-96.989,-11.299,0.319,0.104,0.760,10.739,1.000,0.000,0.0000
1204.710,-96.989,-11.223,0.318,0.110,0.760,10.740,1.000,0.000,0.0000
1204.720,-96.989,-11.147,0.317,0.113,0.760,10.741,1.000,0.000,0.0000
1204.730,-96.989,-11.071,0.316,0.115,0.760,10.742,1.000,0.000,0.0000
1204.740,-96.989,-10.994,0.314,0.114,0.759,10.743,1.000,0.000,0.0000
1204.750,-96.989,-10.917,0.313,0.112,0.759,10.744,1.000,0.000,0.0000
1204.760,-96.989,-10.839,0.312,0.108,0.759,10.745,1.000,0.000,0.0000
1204.770,-96.989,-10.761,0.311,0.104,0.759,10.746,1.000,0.000,0.0000
1204.780,-96.989,-10.683,0.310,0.098,0.759,10.747,1.000,0.000,0.0000
1204.790,-96.989,-10.604,0.309,0.091,0.759,10.748,1.000,0.000,0.0000
1204.800,-96.989,-10.524,0.309,0.083,0.759,10.749,1.000,0.000,0.0000
1204.810,-96.989,-10.445,0.308,0.075,0.759,10.750,1.000,0.000,0.0000
1204.820,-96.989,-10.365,0.307,0.066,0.759,10.750,1.000,0.000,0.0000
1204.830,-96.989,-10.284,0.307,0.056,0.759,10.751,1.000,0.000,0.0000
1204.840,-96.988,-10.203,0.306,0.047,0.759,10.751,1.000,0.000,0.0000
1204.850,-96.988,-10.122,0.306,0.038,0.759,10.752,1.000,0.000,0.0000
1204.860,-96.988,-10.040,0.305,0.029,0.758,10.752,1.000,0.000,0.0000
1204.870,-96.988,-9.958,0.305,0.020,0.758,10.752,1.000,0.000,0.0000
1204.880,-96.988,-9.875,0.305,0.012,0.758,10.752,1.000,0.000,0.0000
1204.890,-96.988,-9.792,0.305,0.007,0.758,10.752,1.000,0.000,0.0000
1204.900,-96.988,-9.709,0.305,0.008,0.758,10.752,1.000,0.000,0.0000
1204.910,-96.988,-9.625,0.305,0.014,0.758,10.752,1.000,0.000,0.0000
1204.920,-96.988,-9.540,0.306,0.020,0.758,10.752,1.000,0.000,0.0000
1204.930,-96.988,-9.456,0.306,0.025,0.758,10.752,1.000,0.000,0.0000
1204.940,-96.988,-9.371,0.306,0.030,0.758,10.751,1.000,0.000,0.0000
1204.950,-96.988,-9.285,0.306,0.034,0.758,10.751,1.000,0.000,0.0000
1204.960,-96.988,-9.199,0.307,0.037,0.758,10.751,1.000,0.000,0.0000
1204.970,-96.988,-9.113,0.307,0.040,0.758,10.750,1.000,0.000,0.0000
1204.980,-96.988,-9.026,0.308,0.042,0.758,10.750,1.000,0.000,0.0000
1204.990,-96.987,-8.939,0.308,0.043,0.758,10.749,1.000,0.000,0.0000
1205.000,-96.987,-8.852,0.308,0.043,0.758,10.749,1.000,0.000,0.0000
1205.010,-96.987,-8.764,0.309,0.043,0.758,10.749,1.000,0.000,0.0000
1205.020,-96.987,-8.675,0.309,0.042,0.758,10.748,1.000,0.000,0.0000
1205.030,-96.987,-8.587,0.310,0.040,0.757,10.748,1.000,0.000,0.0000
1205.040,-96.987,-8.498,0.310,0.038,0.757,10.747,1.000,0.000,0.0000
1205.050,-96.987,-8.408,0.310,0.036,0.757,10.747,1.000,0.000,0.0000
1205.060,-96.987,-8.318,0.311,0.033,0.757,10.747,1.000,0.000,0.0000
1205.070,-96.987,-8.228,0.311,0.030,0.757,10.746,1.000,0.000,0.0000
1205.080,-96.987,-8.137,0.311,0.027,0.757,10.746,1.000,0.000,0.0000
1205.090,-96.987,-8.046,0.311,0.024,0.757,10.746,1.000,0.000,0.0000
1205.100,-96.987,-7.955,0.312,0.020,0.757,10.746,1.000,0.000,0.0000
1205.110,-96.987,-7.863,0.312,0.017,0.757,10.746,1.000,0.000,0.0000
1205.120,-96.987,-7.771,0.312,0.014,0.757,10.745,1.000,0.000,0.0000
1205.130,-96.987,-7.678,0.312,0.011,0.757,10.745,1.000,0.000,0.0000
1205.140,-96.986,-7.585,0.312,0.009,0.757,10.745,1.000,0.000,0.0000
1205.150,-96.986,-7.492,0.312,0.007,0.757,10.745,1.000,0.000,0.0000
1205.160,-96.986,-7.398,0.312,0.007,0.757,10.745,1.000,0.000,0.0000
1205.170,-96.986,-7.304,0.312,0.008,0.757,10.745,1.000,0.000,0.0000
1205.180,-96.986,-7.210,0.312,0.009,0.757,10.745,1.000,0.000,0.0000
1205.190,-96.986,-7.115,0.312,0.011,0.756,10.745,1.000,0.000,0.0000
1205.200,-96.986,-7.019,0.312,0.012,0.756,10.746,1.000,0.000,0.0000
1205.210,-96.986,-6.924,0.312,0.014,0.756,10.746,1.000,0.000,0.0000
1205.220,-96.986,-6.827,0.312,0.015,0.756,10.746,1.000,0.000,0.0000
1205.230,-96.986,-6.731,0.311,0.016,0.756,10.746,1.000,0.000,0.0000
1205.240,-96.986,-6.634,0.311,0.017,0.756,10.746,1.000,0.000,0.0000
1205.250,-96.986,-6.537,0.311,0.017,0.756,10.746,1.000,0.000,0.0000
1205.260,-96.986,-6.439,0.311,0.017,0.756,10.746,1.000,0.000,0.0000
1205.270,-96.986,-6.341,0.311,0.017,0.756,10.746,1.000,0.000,0.0000
1205.280,-96.985,-6.242,0.311,0.017,0.756,10.747,1.000,0.000,0.0000
1205.290,-96.985,-6.144,0.311,0.017,0.756,10.747,1.000,0.000,0.0000
1205.300,-96.985,-6.044,0.310,0.016,0.756,10.747,1.000,0.000,0.0000
1205.310,-96.985,-5.945,0.310,0.015,0.756,10.747,1.000,0.000,0.0000
1205.320,-96.985,-5.844,0.310,0.014,0.755,10.747,1.000,0.000,0.0000
1205.330,-96.985,-5.744,0.310,0.014,0.755,10.747,1.000,0.000,0.0000
1205.340,-96.985,-5.643,0.310,0.013,0.755,10.747,1.000,0.000,0.0000
1205.350,-96.985,-5.542,0.310,0.012,0.755,10.747,1.000,0.000,0.0000
1205.360,-96.985,-5.440,0.310,0.011,0.755,10.747,1.000,0.000,0.0000
1205.370,-96.985,-5.338,0.310,0.010,0.755,10.748,1.000,0.000,0.0000
1205.380,-96.985,-5.236,0.310,0.009,0.755,10.748,1.000,0.000,0.0000
1205.390,-96.985,-5.133,0.310,0.009,0.755,10.748,1.000,0.000,0.0000
1205.400,-96.985,-5.029,0.310,0.008,0.755,10.748,1.000,0.000,0.0000
1205.410,-96.985,-4.926,0.310,0.008,0.755,10.748,1.000,0.000,0.0000
1205.420,-96.984,-4.822,0.310,0.008,0.755,10.748,1.000,0.000,0.0000
1205.430,-96.984,-4.717,0.310,0.008,0.755,10.748,1.000,0.000,0.0000
1205.440,-96.984,-4.612,0.310,0.008,0.755,10.748,1.000,0.000,0.0000
1205.450,-96.984,-4.507,0.310,0.008,0.754,10.748,1.000,0.000,0.0000
1205.460,-96.984,-4.401,0.310,0.009,0.754,10.748,1.000,0.000,0.0000
1205.470,-96.984,-4.295,0.310,0.009,0.754,10.747,1.000,0.000,0.0000
1205.480,-96.984,-4.189,0.310,0.009,0.754,10.747,1.000,0.000,0.0000
1205.490,-96.984,-4.082,0.310,0.009,0.754,10.747,1.000,0.000,0.0000
1205.500,-96.984,-3.975,0.310,0.010,0.754,10.747,1.000,0.000,0.0000
1205.510,-96.984,-3.867,0.310,0.010,0.754,10.747,1.000,0.000,0.0000
1205.520,-96.984,-3.759,0.310,0.010,0.754,10.747,1.000,0.000,0.0000
1205.530,-96.984,-3.650,0.310,0.010,0.754,10.747,1.000,0.000,0.0000
1205.540,-96.983,-3.542,0.310,0.010,0.754,10.747,1.000,0.000,0.0000
1205.550,-96.983,-3.432,0.310,0.010,0.754,10.747,1.000,0.000,0.0000
1205.560,-96.983,-3.323,0.310,0.010,0.754,10.747,1.000,0.000,0.0000
1205.570,-96.983,-3.213,0.310,0.010,0.754,10.747,1.000,0.000,0.0000
1205.580,-96.983,-3.102,0.310,0.009,0.753,10.747,1.000,0.000,0.0000
1205.590,-96.983,-2.991,0.310,0.009,0.753,10.747,1.000,0.000,0.0000
1205.600,-96.983,-2.880,0.310,0.011,0.753,10.747,1.000,0.000,0.0000
1205.610,-96.983,-2.769,0.311,0.016,0.753,10.747,1.000,0.000,0.0000
1205.620,-96.983,-2.658,0.311,0.023,0.753,10.746,1.000,0.000,0.0000
1205.630,-96.983,-2.547,0.311,0.030,0.753,10.746,1.000,0.000,0.0000
1205.640,-96.983,-2.435,0.311,0.037,0.753,10.746,1.000,0.000,0.0000
1205.650,-96.983,-2.324,0.312,0.043,0.753,10.745,1.000,0.000,0.0000
1205.660,-96.982,-2.213,0.312,0.048,0.753,10.745,1.000,0.000,0.0000
1205.670,-96.982,-2.102,0.313,0.051,0.753,10.744,1.000,0.000,0.0000
1205.680,-96.982,-1.990,0.313,0.054,0.753,10.744,1.000,0.000,0.0000
1205.690,-96.982,-1.879,0.314,0.055,0.753,10.743,1.000,0.000,0.0000
1205.700,-96.982,-1.768,0.314,0.056,0.753,10.743,1.000,0.000,0.0000
1205.710,-96.982,-1.657,0.315,0.055,0.752,10.742,1.000,0.000,0.0000
1205.720,-96.982,-1.545,0.315,0.054,0.752,10.741,1.000,0.000,0.0000
1205.730,-96.982,-1.434,0.316,0.053,0.752,10.741,1.000,0.000,0.0000
1205.740,-96.982,-1.323,0.316,0.050,0.752,10.740,1.000,0.000,0.0000
1205.750,-96.982,-1.212,0.317,0.047,0.752,10.740,1.000,0.000,0.0000
1205.760,-96.982,-1.101,0.317,0.044,0.752,10.740,1.000,0.000,0.0000
1205.770,-96.982,-0.989,0.318,0.040,0.752,10.739,1.000,0.000,0.0000
1205.780,-96.981,-0.878,0.318,0.036,0.752,10.739,1.000,0.000,0.0000
1205.790,-96.981,-0.767,0.318,0.032,0.752,10.738,1.000,0.000,0.0000
1205.800,-96.981,-0.656,0.319,0.028,0.752,10.738,1.000,0.000,0.0000
1205.810,-96.981,-0.545,0.319,0.024,0.752,10.738,1.000,0.000,0.0000
1205.820,-96.981,-0.434,0.319,0.019,0.752,10.738,1.000,0.000,0.0000
1205.830,-96.981,-0.323,0.319,0.016,0.752,10.738,1.000,0.000,0.0000
1205.840,-96.981,-0.211,0.319,0.012,0.752,10.738,1.000,0.000,0.0000
1205.850,-96.981,-0.100,0.319,0.010,0.751,10.738,1.000,0.000,0.0000
1205.860,-96.981,0.011,0.319,0.008,0.751,10.737,1.000,0.000,0.0000
1205.870,-96.981,0.122,0.319,0.009,0.751,10.738,1.000,0.000,0.0000
1205.880,-96.981,0.233,0.319,0.010,0.751,10.738,1.000,0.000,0.0000
1205.890,-96.981,0.344,0.319,0.012,0.751,10.738,1.000,0.000,0.0000
1205.900,-96.980,0.455,0.319,0.015,0.751,10.738,1.000,0.000,0.0000
1205.910,-96.980,0.566,0.319,0.016,0.751,10.738,1.000,0.000,0.0000
1205.920,-96.980,0.677,0.319,0.018,0.751,10.738,0.940,0.000,0.0000
1205.930,-96.980,0.788,0.319,0.016,0.751,10.738,0.880,0.000,0.0000
1205.940,-96.980,0.899,0.319,0.012,0.751,10.738,0.820,0.000,0.0000
1205.950,-96.980,1.009,0.319,0.008,0.751,10.738,0.760,0.000,0.0000
1205.960,-96.980,1.119,0.319,0.010,0.751,10.738,0.700,0.000,0.0000
1205.970,-96.980,1.228,0.319,0.016,0.750,10.738,0.640,0.000,0.0000
1205.980,-96.980,1.338,0.319,0.023,0.750,10.738,0.580,0.000,0.0000
1205.990,-96.980,1.446,0.319,0.028,0.750,10.738,0.520,0.000,0.0000
1206.000,-96.980,1.555,0.320,0.033,0.750,10.737,0.460,0.000,0.0000
1206.010,-96.980,1.662,0.320,0.037,0.750,10.737,0.400,0.000,0.0000
1206.020,-96.980,1.770,0.320,0.040,0.750,10.736,0.340,0.000,0.0000
1206.030,-96.979,1.877,0.321,0.042,0.750,10.736,0.280,0.000,0.0000
1206.040,-96.979,1.984,0.321,0.043,0.750,10.736,0.220,0.000,0.0000
1206.050,-96.979,2.090,0.322,0.044,0.750,10.735,0.160,0.000,0.0000
1206.060,-96.979,2.196,0.322,0.044,0.750,10.735,0.100,0.000,0.0000
1206.070,-96.979,2.302,0.322,0.044,0.750,10.734,0.040,0.000,0.0000
1206.080,-96.979,2.407,0.323,0.043,0.750,10.734,0.000,0.000,0.0000
1206.090,-96.979,2.511,0.323,0.041,0.750,10.733,0.000,0.000,0.0000
1206.100,-96.979,2.616,0.324,0.039,0.750,10.733,0.000,0.000,0.0000
1206.110,-96.979,2.720,0.324,0.037,0.750,10.733,0.000,0.000,0.0000
1206.120,-96.979,2.823,0.324,0.034,0.750,10.732,0.000,0.000,0.0000
1206.130,-96.979,2.926,0.325,0.031,0.749,10.732,0.000,0.000,0.0000
1206.140,-96.979,3.029,0.325,0.028,0.749,10.732,0.000,0.000,0.0000
1206.150,-96.979,3.131,0.325,0.025,0.749,10.732,0.000,0.000,0.0000
1206.160,-96.978,3.233,0.325,0.021,0.749,10.731,0.000,0.000,0.0000
1206.170,-96.978,3.335,0.326,0.018,0.749,10.731,0.000,0.000,0.0000
1206.180,-96.978,3.436,0.326,0.015,0.749,10.731,0.000,0.000,0.0080
1206.190,-96.978,3.536,0.326,0.012,0.749,10.731,0.000,0.000,0.0160
1206.200,-96.978,3.637,0.326,0.011,0.749,10.731,0.000,0.000,0.0240
1206.210,-96.978,3.736,0.326,0.010,0.749,10.731,0.000,0.000,0.0320
1206.220,-96.978,3.836,0.326,0.011,0.749,10.731,0.000,0.000,0.0400
1206.230,-96.978,3.935,0.326,0.013,0.749,10.731,0.000,0.000,0.0480
1206.240,-96.978,4.034,0.326,0.016,0.748,10.731,0.000,0.000,0.0560
1206.250,-96.977,4.132,0.326,0.020,0.748,10.731,0.000,0.000,0.0640
1206.260,-96.977,4.230,0.326,0.025,0.748,10.731,0.000,0.000,0.0720
1206.270,-96.977,4.327,0.325,0.030,0.748,10.731,0.000,0.000,0.0800
1206.280,-96.977,4.424,0.325,0.037,0.747,10.731,0.000,0.000,0.0880
1206.290,-96.976,4.521,0.325,0.045,0.747,10.731,0.000,0.000,0.0960
1206.300,-96.976,4.617,0.325,0.054,0.746,10.731,0.000,0.000,0.1040
1206.310,-96.975,4.713,0.325,0.065,0.746,10.732,0.000,0.000,0.1120
1206.320,-96.974,4.808,0.325,0.076,0.745,10.732,0.000,0.000,0.1200
1206.330,-96.973,4.903,0.325,0.090,0.744,10.732,0.000,0.000,0.1280
1206.340,-96.972,4.998,0.324,0.104,0.743,10.732,0.000,0.000,0.1360
1206.350,-96.971,5.092,0.324,0.120,0.742,10.732,0.000,0.000,0.1440
1206.360,-96.970,5.186,0.324,0.136,0.741,10.732,0.000,0.000,0.1520
1206.370,-96.968,5.279,0.324,0.155,0.739,10.732,0.000,0.000,0.1600
1206.380,-96.967,5.372,0.324,0.175,0.737,10.732,0.000,0.000,0.1680
1206.390,-96.965,5.465,0.324,0.197,0.735,10.732,0.000,0.000,0.1760
1206.400,-96.962,5.557,0.324,0.220,0.733,10.732,0.000,0.000,0.1840
1206.410,-96.960,5.648,0.324,0.244,0.731,10.731,0.000,0.000,0.1920
1206.420,-96.957,5.739,0.324,0.271,0.728,10.731,0.000,0.000,0.2000
1206.430,-96.954,5.830,0.324,0.301,0.725,10.731,0.000,0.000,0.2080
1206.440,-96.951,5.920,0.324,0.334,0.722,10.730,0.000,0.000,0.2160
1206.450,-96.947,6.009,0.324,0.352,0.718,10.730,0.000,0.000,0.2240
1206.460,-96.943,6.098,0.324,0.398,0.714,10.729,0.000,0.000,0.2320
1206.470,-96.939,6.186,0.324,0.424,0.710,10.729,0.000,0.000,0.2400
1206.480,-96.935,6.273,0.325,0.456,0.705,10.728,0.000,0.000,0.2480
1206.490,-96.930,6.359,0.325,0.492,0.701,10.727,0.000,0.000,0.2560
1206.500,-96.924,6.445,0.326,0.529,0.695,10.726,0.000,0.000,0.2640
1206.510,-96.919,6.530,0.326,0.566,0.690,10.725,0.000,0.000,0.2720
1206.520,-96.913,6.614,0.326,0.606,0.684,10.725,0.000,0.000,0.2800
1206.530,-96.906,6.698,0.327,0.651,0.677,10.724,0.000,0.000,0.2880
1206.540,-96.899,6.782,0.327,0.696,0.670,10.723,0.000,0.000,0.2960
1206.550,-96.892,6.865,0.327,0.742,0.663,10.722,0.000,0.000,0.3040
1206.560,-96.884,6.947,0.328,0.784,0.655,10.721,0.000,0.000,0.3120
1206.570,-96.876,7.029,0.328,0.826,0.647,10.720,0.000,0.000,0.3200
1206.580,-96.867,7.110,0.328,0.869,0.638,10.719,0.000,0.000,0.3280
1206.590,-96.858,7.190,0.328,0.912,0.629,10.718,0.000,0.000,0.3360
1206.600,-96.848,7.270,0.328,0.955,0.620,10.717,0.000,0.000,0.3440
1206.610,-96.838,7.350,0.328,1.000,0.610,10.717,0.000,0.000,0.3520
1206.620,-96.828,7.428,0.328,1.042,0.599,10.716,0.000,0.000,0.3600
1206.630,-96.817,7.506,0.329,1.090,0.588,10.715,0.000,0.000,0.3680
1206.640,-96.806,7.584,0.329,1.132,0.577,10.714,0.000,0.000,0.3760
1206.650,-96.794,7.661,0.329,1.175,0.565,10.713,0.000,0.000,0.3840
1206.660,-96.782,7.737,0.329,1.224,0.553,10.712,0.000,0.000,0.3920
1206.670,-96.769,7.812,0.329,1.266,0.540,10.711,0.000,0.000,0.4000
1206.680,-96.756,7.887,0.329,1.313,0.527,10.710,0.000,0.000,0.4080
1206.690,-96.742,7.961,0.329,1.357,0.514,10.709,0.000,0.000,0.4160
1206.700,-96.728,8.034,0.329,1.398,0.500,10.708,0.000,0.000,0.4240
1206.710,-96.714,8.106,0.329,1.443,0.486,10.707,0.000,0.000,0.4320
1206.720,-96.699,8.178,0.329,1.487,0.471,10.706,0.000,0.000,0.4400
1206.730,-96.684,8.249,0.329,1.529,0.456,10.705,0.000,0.000,0.4480
1206.740,-96.668,8.319,0.329,1.571,0.440,10.704,0.000,0.000,0.4180
1206.750,-96.652,8.389,0.329,1.615,0.424,10.703,0.000,0.000,0.3880
1206.760,-96.635,8.458,0.329,1.663,0.407,10.702,0.000,0.000,0.3580
1206.770,-96.618,8.527,0.329,1.714,0.390,10.701,0.000,0.000,0.3280
1206.780,-96.601,8.596,0.328,1.768,0.373,10.701,0.000,0.000,0.2980
1206.790,-96.582,8.664,0.328,1.830,0.354,10.700,0.000,0.000,0.2680
1206.800,-96.563,8.731,0.328,1.874,0.336,10.699,0.000,0.000,0.2380
1206.810,-96.544,8.798,0.327,1.916,0.317,10.699,0.000,0.000,0.2080
1206.820,-96.525,8.864,0.327,1.956,0.297,10.698,0.000,0.000,0.1780
1206.830,-96.505,8.930,0.327,1.997,0.277,10.697,0.000,0.000,0.1480
1206.840,-96.484,8.996,0.326,2.039,0.257,10.697,0.000,0.000,0.1180
1206.850,-96.464,9.062,0.325,2.082,0.236,10.697,0.000,0.000,0.0880
1206.860,-96.442,9.127,0.325,2.126,0.215,10.696,0.000,0.000,0.0580
1206.870,-96.421,9.193,0.324,2.170,0.194,10.696,0.000,0.000,0.0280
1206.880,-96.399,9.258,0.323,2.207,0.172,10.696,0.000,0.000,0.0000
1206.890,-96.376,9.324,0.322,2.246,0.150,10.696,0.000,0.000,0.0000
1206.900,-96.353,9.390,0.321,2.287,0.127,10.697,0.000,0.000,0.0000
1206.910,-96.330,9.456,0.320,2.320,0.105,10.697,0.000,0.000,0.0000
1206.920,-96.307,9.522,0.319,2.348,0.082,10.697,0.000,0.000,0.0000
1206.930,-96.283,9.588,0.318,2.368,0.060,10.698,0.000,0.000,0.0000
1206.940,-96.259,9.655,0.317,2.383,0.040,10.698,0.000,0.000,0.0000
1206.950,-96.235,9.721,0.316,2.394,0.027,10.698,0.000,0.000,0.0000
1206.960,-96.211,9.787,0.315,2.401,0.032,10.699,0.000,0.000,0.0000
1206.970,-96.187,9.853,0.315,2.406,0.049,10.699,0.000,0.000,0.0000
1206.980,-96.163,9.918,0.314,2.408,0.071,10.699,0.000,0.000,0.0000
1206.990,-96.139,9.984,0.314,2.406,0.094,10.699,0.040,0.000,0.0000
1207.000,-96.115,10.049,0.313,2.402,0.117,10.699,0.080,0.000,0.0000
1207.010,-96.091,10.114,0.313,2.396,0.141,10.699,0.120,0.000,0.0000
1207.020,-96.067,10.178,0.313,2.387,0.164,10.699,0.160,0.000,0.0000
1207.030,-96.044,10.242,0.314,2.378,0.188,10.698,0.200,0.000,0.0000
1207.040,-96.020,10.306,0.314,2.367,0.212,10.698,0.240,0.000,0.0000
1207.050,-95.996,10.369,0.314,2.356,0.235,10.698,0.280,0.000,0.0000
1207.060,-95.973,10.432,0.315,2.344,0.258,10.697,0.320,0.000,0.0000
1207.070,-95.950,10.495,0.316,2.323,0.282,10.696,0.360,0.000,0.0000
1207.080,-95.927,10.557,0.316,2.304,0.305,10.696,0.400,0.000,0.0000
1207.090,-95.904,10.618,0.317,2.287,0.327,10.695,0.440,0.000,0.0000
1207.100,-95.881,10.679,0.318,2.271,0.350,10.694,0.480,0.000,0.0000
1207.110,-95.859,10.740,0.319,2.252,0.373,10.694,0.520,0.000,0.0000
1207.120,-95.836,10.800,0.320,2.233,0.395,10.693,0.560,0.000,0.0000
1207.130,-95.814,10.859,0.321,2.215,0.417,10.692,0.600,0.000,0.0000
1207.140,-95.792,10.919,0.322,2.207,0.439,10.692,0.640,0.000,0.0000
1207.150,-95.770,10.978,0.323,2.208,0.461,10.692,0.680,0.000,0.0000
1207.160,-95.748,11.038,0.323,2.216,0.483,10.692,0.720,0.000,0.0000
1207.170,-95.726,11.098,0.324,2.229,0.506,10.692,0.760,0.000,0.0000
1207.180,-95.703,11.158,0.324,2.244,0.528,10.692,0.800,0.000,0.0000
1207.190,-95.681,11.219,0.324,2.260,0.550,10.693,0.840,0.000,0.0000
1207.200,-95.658,11.280,0.323,2.277,0.573,10.694,0.880,0.000,0.0000
1207.210,-95.635,11.342,0.323,2.294,0.596,10.696,0.920,0.000,0.0000
1207.220,-95.612,11.404,0.322,2.312,0.619,10.697,0.960,0.000,0.0000
1207.230,-95.588,11.466,0.321,2.330,0.642,10.699,1.000,0.000,0.0000
1207.240,-95.565,11.529,0.320,2.347,0.666,10.701,1.000,0.000,0.0000
1207.250,-95.541,11.592,0.319,2.365,0.689,10.703,1.000,0.000,0.0000
1207.260,-95.518,11.656,0.318,2.382,0.713,10.705,1.000,0.000,0.0000
1207.270,-95.494,11.719,0.317,2.394,0.737,10.707,1.000,0.000,0.0000
1207.280,-95.470,11.784,0.316,2.410,0.761,10.709,1.000,0.000,0.0000
1207.290,-95.445,11.848,0.315,2.429,0.785,10.712,1.000,0.000,0.0000
1207.300,-95.421,11.913,0.314,2.448,0.809,10.714,1.000,0.000,0.0000
1207.310,-95.396,11.978,0.313,2.467,0.834,10.716,1.000,0.000,0.0000
1207.320,-95.371,12.043,0.312,2.485,0.859,10.719,1.000,0.000,0.0000
1207.330,-95.346,12.109,0.311,2.503,0.884,10.721,1.000,0.000,0.0000
1207.340,-95.321,12.175,0.310,2.521,0.909,10.724,1.000,0.000,0.0000
1207.350,-95.296,12.241,0.309,2.538,0.934,10.726,1.000,0.000,0.0000
1207.360,-95.270,12.308,0.308,2.555,0.960,10.729,1.000,0.000,0.0000
1207.370,-95.245,12.376,0.307,2.571,0.986,10.731,1.000,0.000,0.0000
1207.380,-95.219,12.444,0.307,2.588,1.011,10.734,1.000,0.000,0.0000
1207.390,-95.193,12.512,0.306,2.603,1.037,10.736,1.000,0.000,0.0000
1207.400,-95.167,12.581,0.306,2.618,1.064,10.739,1.000,0.000,0.0000
1207.410,-95.140,12.650,0.305,2.633,1.090,10.741,1.000,0.000,0.0000
1207.420,-95.114,12.719,0.305,2.646,1.116,10.743,1.000,0.000,0.0000
1207.430,-95.087,12.789,0.305,2.660,1.143,10.746,1.000,0.000,0.0000
1207.440,-95.060,12.860,0.305,2.672,1.170,10.748,1.000,0.000,0.0000
1207.450,-95.034,12.930,0.305,2.682,1.196,10.751,1.000,0.000,0.0000
1207.460,-95.007,13.001,0.305,2.691,1.223,10.753,1.000,0.000,0.0000
1207.470,-94.980,13.072,0.305,2.702,1.250,10.755,1.000,0.000,0.0000
1207.480,-94.953,13.144,0.306,2.711,1.278,10.757,1.000,0.000,0.0000
1207.490,-94.925,13.216,0.306,2.721,1.305,10.760,1.000,0.000,0.0000
1207.500,-94.898,13.288,0.306,2.732,1.332,10.762,1.000,0.000,0.0000
1207.510,-94.871,13.361,0.307,2.744,1.360,10.765,1.000,0.000,0.0000
1207.520,-94.843,13.434,0.307,2.758,1.387,10.767,1.000,0.000,0.0000
1207.530,-94.815,13.508,0.308,2.772,1.415,10.770,1.000,0.000,0.0000
1207.540,-94.787,13.582,0.308,2.787,1.443,10.773,1.000,0.000,0.0000
1207.550,-94.759,13.657,0.308,2.802,1.471,10.775,1.000,0.000,0.0000
1207.560,-94.731,13.732,0.309,2.816,1.499,10.778,1.000,0.000,0.0000
1207.570,-94.703,13.807,0.309,2.831,1.527,10.781,1.000,0.000,0.0000
1207.580,-94.675,13.883,0.309,2.845,1.556,10.784,1.000,0.000,0.0000
1207.590,-94.646,13.959,0.310,2.859,1.584,10.788,1.000,0.000,0.0000
1207.600,-94.617,14.035,0.310,2.869,1.613,10.791,1.000,0.000,0.0000
1207.610,-94.588,14.112,0.310,2.882,1.642,10.794,1.000,0.000,0.0000
1207.620,-94.559,14.189,0.311,2.897,1.671,10.798,1.000,0.000,0.0000
1207.630,-94.530,14.266,0.311,2.914,1.700,10.801,1.000,0.000,0.0000
1207.640,-94.501,14.343,0.311,2.933,1.729,10.805,1.000,0.000,0.0000
1207.650,-94.471,14.421,0.312,2.951,1.759,10.809,1.000,0.000,0.0000
1207.660,-94.442,14.500,0.312,2.970,1.788,10.813,1.000,0.000,0.0000
1207.670,-94.412,14.578,0.312,2.988,1.818,10.817,1.000,0.000,0.0000
1207.680,-94.382,14.658,0.312,3.006,1.848,10.822,1.000,0.000,0.0000
1207.690,-94.352,14.737,0.312,3.023,1.879,10.826,1.000,0.000,0.0000
1207.700,-94.321,14.817,0.312,3.039,1.909,10.831,1.000,0.000,0.0000
1207.710,-94.291,14.897,0.312,3.054,1.939,10.836,1.000,0.000,0.0000
1207.720,-94.260,14.978,0.312,3.069,1.970,10.841,1.000,0.000,0.0000
1207.730,-94.229,15.059,0.312,3.082,2.001,10.846,1.000,0.000,0.0000
1207.740,-94.198,15.141,0.312,3.092,2.032,10.851,1.000,0.000,0.0000
1207.750,-94.167,15.222,0.312,3.101,2.063,10.856,1.000,0.000,0.0000
1207.760,-94.136,15.304,0.312,3.111,2.094,10.861,1.000,0.000,0.0000
1207.770,-94.105,15.386,0.312,3.121,2.125,10.867,1.000,0.000,0.0000
1207.780,-94.074,15.469,0.311,3.131,2.156,10.873,1.000,0.000,0.0000
1207.790,-94.042,15.552,0.311,3.142,2.188,10.878,1.000,0.000,0.0000
1207.800,-94.011,15.636,0.311,3.154,2.219,10.884,1.000,0.000,0.0000
1207.810,-93.979,15.720,0.311,3.168,2.251,10.890,1.000,0.000,0.0000
1207.820,-93.947,15.804,0.311,3.182,2.283,10.896,1.000,0.000,0.0000
1207.830,-93.915,15.889,0.311,3.196,2.315,10.902,1.000,0.000,0.0000
1207.840,-93.883,15.974,0.311,3.211,2.347,10.909,1.000,0.000,0.0000
1207.850,-93.851,16.060,0.310,3.225,2.379,10.915,1.000,0.000,0.0000
1207.860,-93.818,16.146,0.310,3.238,2.412,10.922,1.000,0.000,0.0000
1207.870,-93.786,16.232,0.310,3.246,2.444,10.929,1.000,0.000,0.0000
1207.880,-93.753,16.319,0.310,3.259,2.477,10.935,1.000,0.000,0.0000
1207.890,-93.721,16.406,0.310,3.275,2.509,10.942,1.000,0.000,0.0000
1207.900,-93.688,16.493,0.310,3.290,2.542,10.949,1.000,0.000,0.0000
1207.910,-93.655,16.580,0.310,3.308,2.575,10.956,1.000,0.000,0.0000
1207.920,-93.621,16.668,0.310,3.326,2.609,10.963,1.000,0.000,0.0000
1207.930,-93.588,16.757,0.310,3.345,2.642,10.971,1.000,0.000,0.0000
1207.940,-93.554,16.845,0.310,3.364,2.676,10.978,1.000,0.000,0.0000
1207.950,-93.521,16.935,0.310,3.382,2.710,10.986,1.000,0.000,0.0000
1207.960,-93.487,17.024,0.310,3.399,2.744,10.994,1.000,0.000,0.0000
1207.970,-93.452,17.114,0.309,3.415,2.778,11.002,1.000,0.000,0.0000
1207.980,-93.418,17.205,0.309,3.430,2.812,11.010,1.000,0.000,0.0000
1207.990,-93.384,17.295,0.309,3.444,2.846,11.018,1.000,0.000,0.0000
1208.000,-93.349,17.387,0.309,3.455,2.881,11.026,1.000,0.000,0.0000
1208.010,-93.314,17.478,0.309,3.465,2.916,11.034,1.000,0.000,0.0000
1208.020,-93.280,17.570,0.310,3.477,2.950,11.043,1.000,0.000,0.0000
1208.030,-93.245,17.662,0.310,3.487,2.985,11.051,1.000,0.000,0.0080
1208.040,-93.210,17.754,0.310,3.499,3.020,11.060,1.000,0.000,0.0160
1208.050,-93.175,17.847,0.310,3.513,3.055,11.069,0.940,0.000,0.0240
1208.060,-93.139,17.940,0.310,3.529,3.091,11.078,0.880,0.000,0.0320
1208.070,-93.104,18.034,0.310,3.537,3.126,11.087,0.820,0.000,0.0400
1208.080,-93.069,18.128,0.310,3.538,3.161,11.096,0.760,0.000,0.0480
1208.090,-93.033,18.221,0.310,3.534,3.197,11.105,0.700,0.000,0.0560
1208.100,-92.998,18.315,0.311,3.527,3.232,11.114,0.640,0.000,0.0640
1208.110,-92.963,18.408,0.311,3.504,3.267,11.123,0.580,0.000,0.0720
1208.120,-92.928,18.500,0.312,3.487,3.302,11.132,0.520,0.000,0.0800
1208.130,-92.893,18.592,0.313,3.477,3.337,11.141,0.460,0.000,0.0880
1208.140,-92.859,18.683,0.314,3.466,3.371,11.149,0.400,0.000,0.0960
1208.150,-92.824,18.773,0.316,3.457,3.406,11.158,0.340,0.000,0.1040
1208.160,-92.790,18.863,0.317,3.451,3.440,11.166,0.280,0.000,0.1120
1208.170,-92.755,18.952,0.318,3.447,3.475,11.175,0.220,0.000,0.1200
1208.180,-92.721,19.041,0.320,3.446,3.509,11.184,0.160,0.000,0.1280
1208.190,-92.686,19.129,0.321,3.446,3.544,11.193,0.100,0.000,0.1360
1208.200,-92.652,19.217,0.322,3.446,3.578,11.202,0.040,0.000,0.1440
1208.210,-92.618,19.304,0.323,3.447,3.613,11.211,0.000,0.000,0.1520
1208.220,-92.583,19.391,0.325,3.448,3.647,11.220,0.000,0.000,0.1600
1208.230,-92.549,19.478,0.326,3.449,3.682,11.230,0.000,0.000,0.1680
1208.240,-92.514,19.564,0.326,3.475,3.716,11.240,0.000,0.000,0.1760
1208.250,-92.479,19.649,0.327,3.491,3.751,11.250,0.000,0.000,0.1840
1208.260,-92.444,19.735,0.328,3.498,3.786,11.260,0.000,0.000,0.1920
1208.270,-92.409,19.820,0.328,3.508,3.821,11.271,0.000,0.000,0.2000
1208.280,-92.374,19.905,0.328,3.522,3.857,11.282,0.000,0.000,0.2080
1208.290,-92.338,19.990,0.329,3.540,3.892,11.294,0.000,0.000,0.2160
1208.300,-92.303,20.075,0.329,3.560,3.928,11.305,0.000,0.000,0.2240
1208.310,-92.267,20.159,0.329,3.580,3.963,11.317,0.000,0.000,0.2320
1208.320,-92.231,20.242,0.328,3.601,3.999,11.329,0.000,0.000,0.2400
1208.330,-92.195,20.325,0.328,3.611,4.035,11.341,0.000,0.000,0.2480
1208.340,-92.159,20.406,0.328,3.601,4.071,11.353,0.000,0.000,0.2560
1208.350,-92.123,20.486,0.329,3.583,4.107,11.365,0.000,0.000,0.2640
1208.360,-92.087,20.565,0.329,3.575,4.143,11.377,0.000,0.000,0.2720
1208.370,-92.051,20.643,0.330,3.578,4.179,11.389,0.000,0.000,0.2800
1208.380,-92.015,20.719,0.330,3.587,4.215,11.401,0.000,0.000,0.2880
1208.390,-91.979,20.795,0.330,3.603,4.251,11.413,0.000,0.000,0.2960
1208.400,-91.943,20.870,0.331,3.624,4.287,11.426,0.000,0.000,0.3040
1208.410,-91.907,20.945,0.331,3.648,4.323,11.438,0.000,0.000,0.3120
1208.420,-91.870,21.019,0.331,3.674,4.360,11.451,0.000,0.000,0.3200
1208.430,-91.833,21.092,0.331,3.697,4.397,11.465,0.000,0.000,0.3280
1208.440,-91.796,21.165,0.331,3.718,4.434,11.478,0.000,0.000,0.3360
1208.450,-91.758,21.237,0.331,3.737,4.472,11.492,0.000,0.000,0.3440
1208.460,-91.721,21.308,0.331,3.754,4.509,11.506,0.000,0.000,0.3520
1208.470,-91.683,21.378,0.331,3.770,4.547,11.520,0.000,0.000,0.3600
1208.480,-91.645,21.448,0.331,3.785,4.585,11.535,0.000,0.000,0.3680
1208.490,-91.607,21.516,0.331,3.799,4.623,11.549,0.000,0.000,0.3760
1208.500,-91.569,21.584,0.331,3.813,4.661,11.564,0.000,0.000,0.3840
1208.510,-91.531,21.651,0.330,3.825,4.699,11.579,0.000,0.000,0.3920
1208.520,-91.493,21.717,0.330,3.837,4.738,11.594,0.000,0.000,0.4000
1208.530,-91.454,21.782,0.330,3.849,4.776,11.609,0.000,0.000,0.4080
1208.540,-91.416,21.847,0.330,3.860,4.815,11.624,0.000,0.000,0.4160
1208.550,-91.376,21.910,0.330,3.922,4.854,11.640,0.000,0.000,0.4240
1208.560,-91.337,21.974,0.329,3.957,4.893,11.656,0.000,0.000,0.4320
1208.570,-91.297,22.037,0.329,3.992,4.933,11.673,0.000,0.000,0.4400
1208.580,-91.257,22.100,0.328,4.022,4.974,11.689,0.000,0.000,0.4480
1208.590,-91.216,22.163,0.328,4.048,5.014,11.706,0.000,0.000,0.4560
1208.600,-91.175,22.224,0.327,4.067,5.055,11.724,0.000,0.000,0.4640
1208.610,-91.135,22.285,0.327,4.079,5.095,11.741,0.000,0.000,0.4720
1208.620,-91.094,22.345,0.326,4.078,5.136,11.758,0.000,0.000,0.4800
1208.630,-91.053,22.403,0.326,4.063,5.177,11.775,0.000,0.000,0.4880
1208.640,-91.013,22.460,0.326,4.038,5.217,11.792,0.000,0.000,0.4960
1208.650,-90.973,22.516,0.327,4.019,5.257,11.809,0.000,0.000,0.4660
1208.660,-90.933,22.570,0.327,4.006,5.297,11.826,0.000,0.000,0.4360
1208.670,-90.893,22.623,0.328,4.005,5.338,11.842,0.000,0.000,0.4060
1208.680,-90.852,22.676,0.328,4.024,5.378,11.859,0.000,0.000,0.3760
1208.690,-90.812,22.728,0.329,4.057,5.418,11.877,0.000,0.000,0.3460
1208.700,-90.771,22.780,0.329,4.099,5.459,11.894,0.000,0.000,0.3160
1208.710,-90.729,22.831,0.329,4.149,5.501,11.913,0.000,0.000,0.2860
1208.720,-90.687,22.882,0.329,4.202,5.543,11.932,0.000,0.000,0.2560
1208.730,-90.645,22.933,0.328,4.258,5.585,11.951,0.000,0.000,0.2260
1208.740,-90.602,22.983,0.328,4.316,5.629,11.971,0.000,0.000,0.1960
1208.750,-90.558,23.033,0.327,4.374,5.672,11.991,0.000,0.000,0.1660
1208.760,-90.514,23.084,0.326,4.432,5.717,12.012,0.000,0.000,0.1360
1208.770,-90.469,23.134,0.325,4.491,5.761,12.034,0.000,0.000,0.1060
1208.780,-90.423,23.183,0.324,4.528,5.807,12.055,0.000,0.000,0.0760
1208.790,-90.378,23.233,0.323,4.567,5.852,12.078,0.000,0.000,0.0460
1208.800,-90.332,23.282,0.322,4.599,5.898,12.100,0.000,0.000,0.0160
1208.810,-90.286,23.330,0.321,4.611,5.944,12.123,0.000,0.000,0.0000
1208.820,-90.239,23.379,0.320,4.622,5.991,12.145,0.000,0.000,0.0000
1208.830,-90.193,23.427,0.319,4.631,6.037,12.168,0.000,0.000,0.0000
1208.840,-90.147,23.475,0.318,4.642,6.083,12.191,0.000,0.000,0.0000
1208.850,-90.100,23.523,0.317,4.655,6.130,12.214,0.000,0.000,0.0000
1208.860,-90.053,23.571,0.316,4.669,6.177,12.238,0.000,0.000,0.0000
1208.870,-90.007,23.619,0.316,4.683,6.223,12.261,0.000,0.000,0.0000
1208.880,-89.960,23.666,0.315,4.696,6.270,12.284,0.000,0.000,0.0000
1208.890,-89.913,23.714,0.315,4.706,6.317,12.308,0.000,0.000,0.0000
1208.900,-89.866,23.761,0.314,4.707,6.364,12.332,0.000,0.000,0.0000
1208.910,-89.819,23.809,0.314,4.700,6.411,12.356,0.000,0.000,0.0000
1208.920,-89.772,23.856,0.314,4.687,6.458,12.379,0.000,0.000,0.0000
1208.930,-89.725,23.902,0.314,4.671,6.505,12.403,0.000,0.000,0.0000
1208.940,-89.678,23.949,0.314,4.654,6.552,12.426,0.000,0.000,0.0000
1208.950,-89.632,23.995,0.314,4.633,6.598,12.450,0.000,0.000,0.0000
1208.960,-89.586,24.041,0.314,4.611,6.644,12.473,0.000,0.000,0.0000
1208.970,-89.540,24.087,0.315,4.587,6.690,12.496,0.000,0.000,0.0000
1208.980,-89.495,24.133,0.315,4.560,6.735,12.520,0.000,0.000,0.0000
1208.990,-89.449,24.178,0.316,4.531,6.781,12.543,0.000,0.000,0.0000
1209.000,-89.404,24.222,0.317,4.499,6.826,12.566,0.000,0.000,0.0000
1209.010,-89.360,24.267,0.317,4.464,6.870,12.588,0.000,0.000,0.0000
1209.020,-89.315,24.311,0.318,4.427,6.915,12.611,0.000,0.000,0.0000
1209.030,-89.271,24.355,0.319,4.393,6.959,12.634,0.000,0.000,0.0000
1209.040,-89.228,24.398,0.320,4.363,7.002,12.656,0.000,0.000,0.0000
1209.050,-89.185,24.441,0.321,4.333,7.046,12.679,0.000,0.000,0.0000
1209.060,-89.141,24.484,0.322,4.305,7.089,12.701,0.000,0.000,0.0000
1209.070,-89.099,24.526,0.323,4.276,7.131,12.723,0.000,0.000,0.0000
1209.080,-89.056,24.569,0.324,4.248,7.174,12.746,0.000,0.000,0.0000
1209.090,-89.014,24.611,0.324,4.219,7.216,12.768,0.000,0.000,0.0000
1209.100,-88.972,24.652,0.325,4.190,7.258,12.791,0.000,0.000,0.0000
1209.110,-88.931,24.694,0.326,4.160,7.299,12.813,0.000,0.000,0.0000
1209.120,-88.889,24.735,0.326,4.131,7.341,12.835,0.000,0.000,0.0000
1209.130,-88.848,24.776,0.327,4.102,7.382,12.858,0.000,0.000,0.0000
1209.140,-88.808,24.816,0.327,4.074,7.423,12.880,0.040,0.000,0.0000
1209.150,-88.767,24.857,0.327,4.046,7.463,12.903,0.080,0.000,0.0000
1209.160,-88.727,24.897,0.328,4.019,7.503,12.925,0.120,0.000,0.0000
1209.170,-88.687,24.936,0.328,3.992,7.543,12.947,0.160,0.000,0.0000
1209.180,-88.647,24.976,0.328,3.966,7.583,12.970,0.200,0.000,0.0000
1209.190,-88.608,25.015,0.328,3.939,7.622,12.992,0.240,0.000,0.0000
1209.200,-88.569,25.054,0.328,3.913,7.661,13.014,0.280,0.000,0.0000
1209.210,-88.530,25.092,0.328,3.886,7.700,13.037,0.320,0.000,0.0000
1209.220,-88.491,25.131,0.328,3.856,7.739,13.059,0.360,0.000,0.0000
1209.230,-88.453,25.168,0.327,3.826,7.777,13.081,0.400,0.000,0.0000
1209.240,-88.415,25.206,0.327,3.797,7.815,13.103,0.440,0.000,0.0000
1209.250,-88.377,25.243,0.327,3.769,7.853,13.125,0.480,0.000,0.0000
1209.260,-88.340,25.280,0.327,3.762,7.890,13.147,0.520,0.000,0.0000
1209.270,-88.302,25.318,0.326,3.773,7.928,13.170,0.560,0.000,0.0000
1209.280,-88.264,25.355,0.325,3.796,7.966,13.193,0.600,0.000,0.0000
1209.290,-88.226,25.393,0.325,3.825,8.004,13.216,0.640,0.000,0.0000
1209.300,-88.187,25.431,0.324,3.858,8.043,13.239,0.680,0.000,0.0000
1209.310,-88.148,25.469,0.322,3.891,8.082,13.263,0.720,0.000,0.0000
1209.320,-88.109,25.507,0.321,3.923,8.121,13.288,0.760,0.000,0.0000
1209.330,-88.070,25.546,0.320,3.952,8.160,13.312,0.800,0.000,0.0000
1209.340,-88.030,25.585,0.318,3.978,8.200,13.337,0.840,0.000,0.0000
1209.350,-87.990,25.624,0.317,4.006,8.240,13.362,0.880,0.000,0.0000
1209.360,-87.950,25.664,0.316,4.034,8.280,13.387,0.920,0.000,0.0000
1209.370,-87.909,25.704,0.314,4.063,8.321,13.413,0.960,0.000,0.0000
1209.380,-87.868,25.744,0.313,4.092,8.362,13.439,1.000,0.000,0.0000
1209.390,-87.827,25.785,0.312,4.121,8.403,13.465,1.000,0.000,0.0000
1209.400,-87.785,25.825,0.310,4.150,8.445,13.491,1.000,0.000,0.0000
1209.410,-87.744,25.866,0.309,4.179,8.486,13.517,1.000,0.000,0.0000
1209.420,-87.702,25.908,0.308,4.208,8.528,13.544,1.000,0.000,0.0000
1209.430,-87.659,25.950,0.307,4.237,8.571,13.571,1.000,0.000,0.0000
1209.440,-87.617,25.992,0.306,4.266,8.613,13.597,1.000,0.000,0.0000
1209.450,-87.574,26.034,0.306,4.294,8.656,13.624,1.000,0.000,0.0000
1209.460,-87.530,26.076,0.305,4.323,8.700,13.652,1.000,0.000,0.0000
1209.470,-87.487,26.119,0.305,4.351,8.743,13.679,1.000,0.000,0.0000
1209.480,-87.443,26.163,0.304,4.380,8.787,13.707,1.000,0.000,0.0000
1209.490,-87.399,26.206,0.304,4.408,8.831,13.734,1.000,0.000,0.0000
1209.500,-87.355,26.250,0.304,4.436,8.875,13.762,1.000,0.000,0.0000
1209.510,-87.310,26.294,0.304,4.464,8.920,13.790,1.000,0.000,0.0000
1209.520,-87.265,26.339,0.304,4.489,8.965,13.819,0.940,0.000,0.0000
1209.530,-87.220,26.384,0.304,4.515,9.010,13.847,0.880,0.000,0.0000
1209.540,-87.175,26.429,0.304,4.542,9.055,13.876,0.820,0.000,0.0000
1209.550,-87.129,26.474,0.305,4.571,9.101,13.905,0.760,0.000,0.0000
1209.560,-87.083,26.520,0.305,4.601,9.147,13.934,0.700,0.000,0.0000
1209.570,-87.037,26.565,0.306,4.631,9.193,13.963,0.640,0.000,0.0000
1209.580,-86.990,26.612,0.306,4.662,9.240,13.993,0.580,0.000,0.0000
1209.590,-86.943,26.658,0.307,4.674,9.287,14.023,0.520,0.000,0.0000
1209.600,-86.897,26.704,0.307,4.670,9.333,14.052,0.460,0.000,0.0000
1209.610,-86.850,26.750,0.308,4.654,9.380,14.082,0.400,0.000,0.0000
1209.620,-86.804,26.796,0.309,4.631,9.426,14.111,0.340,0.000,0.0080
1209.630,-86.758,26.842,0.310,4.606,9.472,14.140,0.280,0.000,0.0160
1209.640,-86.712,26.887,0.311,4.580,9.518,14.169,0.220,0.000,0.0240
1209.650,-86.666,26.932,0.313,4.554,9.564,14.198,0.160,0.000,0.0320
1209.660,-86.621,26.977,0.314,4.519,9.609,14.227,0.100,0.000,0.0400
1209.670,-86.576,27.021,0.316,4.487,9.654,14.255,0.040,0.000,0.0480
1209.680,-86.532,27.065,0.317,4.457,9.698,14.284,0.000,0.000,0.0560
1209.690,-86.488,27.108,0.319,4.430,9.743,14.312,0.000,0.000,0.0640
1209.700,-86.444,27.151,0.320,4.403,9.787,14.340,0.000,0.000,0.0720
1209.710,-86.400,27.194,0.322,4.373,9.830,14.368,0.000,0.000,0.0800
1209.720,-86.356,27.237,0.323,4.339,9.874,14.396,0.000,0.000,0.0880
1209.730,-86.313,27.279,0.324,4.307,9.917,14.424,0.000,0.000,0.0960
1209.740,-86.271,27.321,0.326,4.277,9.959,14.452,0.000,0.000,0.1040
1209.750,-86.228,27.362,0.327,4.248,10.002,14.480,0.000,0.000,0.1120
1209.760,-86.186,27.403,0.328,4.219,10.044,14.508,0.000,0.000,0.1200
1209.770,-86.144,27.444,0.329,4.190,10.086,14.535,0.000,0.000,0.1280
1209.780,-86.102,27.484,0.329,4.161,10.128,14.563,0.000,0.000,0.1360
1209.790,-86.061,27.524,0.330,4.132,10.169,14.591,0.000,0.000,0.1440
1209.800,-86.020,27.564,0.331,4.102,10.210,14.618,0.000,0.000,0.1520
1209.810,-85.979,27.603,0.331,4.072,10.251,14.646,0.000,0.000,0.1600
1209.820,-85.939,27.642,0.331,4.042,10.291,14.673,0.000,0.000,0.1680
1209.830,-85.899,27.680,0.331,4.012,10.331,14.701,0.000,0.000,0.1760
1209.840,-85.859,27.718,0.331,3.982,10.371,14.728,0.000,0.000,0.1460
1209.850,-85.820,27.756,0.331,3.957,10.411,14.755,0.000,0.000,0.1160
1209.860,-85.780,27.793,0.331,3.948,10.450,14.783,0.000,0.000,0.0860
1209.870,-85.741,27.830,0.331,3.933,10.489,14.810,0.000,0.000,0.0560
1209.880,-85.702,27.867,0.330,3.914,10.529,14.838,0.000,0.000,0.0260
1209.890,-85.663,27.903,0.330,3.888,10.567,14.865,0.000,0.000,0.0000
1209.900,-85.624,27.940,0.329,3.850,10.606,14.892,0.000,0.000,0.0000
1209.910,-85.586,27.975,0.329,3.812,10.644,14.919,0.000,0.000,0.0000
1209.920,-85.548,28.011,0.328,3.783,10.682,14.946,0.000,0.000,0.0000
1209.930,-85.511,28.046,0.328,3.759,10.719,14.973,0.000,0.000,0.0000
1209.940,-85.473,28.081,0.327,3.740,10.757,14.999,0.000,0.000,0.0000
1209.950,-85.436,28.116,0.327,3.723,10.794,15.026,0.000,0.000,0.0000
1209.960,-85.399,28.150,0.326,3.706,10.831,15.052,0.000,0.000,0.0000
1209.970,-85.362,28.184,0.325,3.689,10.868,15.079,0.000,0.000,0.0000
1209.980,-85.325,28.218,0.325,3.670,10.905,15.105,0.000,0.000,0.0000
1209.990,-85.289,28.252,0.324,3.651,10.941,15.132,0.000,0.000,0.0000
1210.000,-85.253,28.285,0.323,3.630,10.977,15.158,0.000,0.000,0.0000
1210.010,-85.217,28.319,0.323,3.608,11.014,15.184,0.000,0.000,0.0000
1210.020,-85.181,28.352,0.322,3.585,11.049,15.210,0.000,0.000,0.0000
1210.030,-85.145,28.384,0.322,3.561,11.085,15.235,0.000,0.000,0.0000
1210.040,-85.110,28.417,0.321,3.534,11.120,15.261,0.000,0.000,0.0000
1210.050,-85.075,28.449,0.321,3.505,11.155,15.286,0.000,0.000,0.0000
1210.060,-85.040,28.481,0.321,3.477,11.190,15.311,0.000,0.000,0.0000
1210.070,-85.005,28.512,0.321,3.449,11.225,15.336,0.000,0.000,0.0000
1210.080,-84.971,28.544,0.320,3.421,11.259,15.360,0.000,0.000,0.0000
1210.090,-84.937,28.575,0.320,3.392,11.293,15.385,0.000,0.000,0.0000
1210.100,-84.904,28.605,0.320,3.365,11.326,15.409,0.000,0.000,0.0000
1210.110,-84.870,28.636,0.320,3.338,11.360,15.433,0.000,0.000,0.0000
1210.120,-84.837,28.666,0.320,3.311,11.393,15.457,0.000,0.000,0.0000
1210.130,-84.804,28.695,0.321,3.284,11.426,15.481,0.000,0.000,0.0000
1210.140,-84.772,28.725,0.321,3.257,11.458,15.504,0.000,0.000,0.0000
1210.150,-84.739,28.754,0.321,3.236,11.491,15.527,0.000,0.000,0.0000
1210.160,-84.707,28.783,0.321,3.214,11.523,15.551,0.000,0.000,0.0000
1210.170,-84.675,28.812,0.321,3.191,11.555,15.574,0.000,0.000,0.0000
1210.180,-84.644,28.841,0.322,3.166,11.586,15.597,0.000,0.000,0.0000
1210.190,-84.612,28.869,0.322,3.140,11.618,15.619,0.000,0.000,0.0000
1210.200,-84.581,28.898,0.322,3.112,11.649,15.642,0.000,0.000,0.0000
1210.210,-84.550,28.925,0.322,3.084,11.680,15.664,0.000,0.000,0.0000
1210.220,-84.520,28.953,0.322,3.054,11.710,15.686,0.000,0.000,0.0000
1210.230,-84.490,28.981,0.323,3.024,11.740,15.708,0.000,0.000,0.0000
1210.240,-84.460,29.008,0.323,2.994,11.770,15.730,0.000,0.000,0.0000
1210.250,-84.430,29.035,0.323,2.964,11.800,15.752,0.000,0.000,0.0080
1210.260,-84.401,29.061,0.323,2.932,11.829,15.773,0.000,0.000,0.0160
1210.270,-84.372,29.088,0.324,2.897,11.858,15.794,0.000,0.000,0.0240
1210.280,-84.343,29.114,0.324,2.862,11.887,15.815,0.000,0.000,0.0320
1210.290,-84.315,29.139,0.324,2.826,11.915,15.836,0.000,0.000,0.0400
1210.300,-84.287,29.165,0.324,2.790,11.943,15.856,0.000,0.000,0.0480
1210.310,-84.259,29.190,0.325,2.755,11.971,15.877,0.000,0.000,0.0560
1210.320,-84.232,29.215,0.325,2.719,11.998,15.897,0.000,0.000,0.0640
1210.330,-84.205,29.239,0.325,2.686,12.025,15.916,0.000,0.000,0.0720
1210.340,-84.179,29.264,0.325,2.652,12.051,15.936,0.000,0.000,0.0800
1210.350,-84.153,29.288,0.325,2.620,12.077,15.955,0.000,0.000,0.0880
1210.360,-84.127,29.311,0.325,2.588,12.103,15.974,0.000,0.000,0.0960
1210.370,-84.101,29.335,0.326,2.556,12.129,15.993,0.000,0.000,0.1040
1210.380,-84.076,29.358,0.326,2.524,12.154,16.012,0.000,0.000,0.1120
1210.390,-84.051,29.380,0.326,2.503,12.179,16.031,0.000,0.000,0.1200
1210.400,-84.026,29.403,0.326,2.480,12.204,16.049,0.000,0.000,0.1280
1210.410,-84.002,29.425,0.326,2.454,12.229,16.067,0.000,0.000,0.1360
1210.420,-83.977,29.447,0.326,2.427,12.253,16.086,0.000,0.000,0.1440
1210.430,-83.953,29.469,0.325,2.399,12.277,16.104,0.000,0.000,0.1520
1210.440,-83.930,29.490,0.325,2.370,12.300,16.121,0.000,0.000,0.1600
1210.450,-83.906,29.512,0.325,2.341,12.324,16.139,0.000,0.000,0.1680
1210.460,-83.883,29.532,0.325,2.312,12.347,16.156,0.000,0.000,0.1760
1210.470,-83.860,29.553,0.325,2.283,12.370,16.174,0.000,0.000,0.1840
1210.480,-83.838,29.573,0.325,2.254,12.392,16.191,0.000,0.000,0.1920
1210.490,-83.815,29.593,0.325,2.226,12.415,16.207,0.000,0.000,0.2000
1210.500,-83.793,29.612,0.325,2.197,12.437,16.224,0.000,0.000,0.2080
1210.510,-83.772,29.632,0.325,2.170,12.458,16.240,0.000,0.000,0.2160
1210.520,-83.750,29.651,0.324,2.145,12.480,16.257,0.000,0.000,0.2240
1210.530,-83.729,29.669,0.324,2.124,12.501,16.273,0.000,0.000,0.2320
1210.540,-83.708,29.688,0.324,2.105,12.522,16.289,0.000,0.000,0.2400
1210.550,-83.687,29.706,0.324,2.088,12.543,16.305,0.000,0.000,0.2480
1210.560,-83.666,29.724,0.324,2.071,12.564,16.320,0.000,0.000,0.2560
1210.570,-83.646,29.742,0.324,2.051,12.584,16.336,0.000,0.000,0.2640
1210.580,-83.626,29.760,0.323,2.030,12.604,16.352,0.000,0.000,0.2720
1210.590,-83.606,29.777,0.323,2.006,12.624,16.367,0.000,0.000,0.2800
1210.600,-83.586,29.794,0.323,1.981,12.644,16.382,0.000,0.000,0.2880
1210.610,-83.566,29.811,0.323,1.955,12.664,16.397,0.000,0.000,0.2960
1210.620,-83.547,29.828,0.323,1.928,12.683,16.412,0.000,0.000,0.3040
1210.630,-83.528,29.844,0.323,1.901,12.702,16.426,0.000,0.000,0.3120
1210.640,-83.509,29.860,0.323,1.873,12.721,16.440,0.000,0.000,0.3200
1210.650,-83.491,29.875,0.323,1.844,12.739,16.454,0.000,0.000,0.3280
1210.660,-83.473,29.890,0.323,1.815,12.757,16.468,0.000,0.000,0.3360
1210.670,-83.455,29.905,0.323,1.785,12.775,16.482,0.000,0.000,0.3440
1210.680,-83.437,29.920,0.323,1.755,12.793,16.495,0.000,0.000,0.3520
1210.690,-83.420,29.934,0.323,1.725,12.810,16.508,0.000,0.000,0.3600
1210.700,-83.403,29.948,0.323,1.694,12.827,16.521,0.000,0.000,0.3680
1210.710,-83.386,29.962,0.323,1.662,12.844,16.533,0.000,0.000,0.3760
1210.720,-83.370,29.975,0.323,1.630,12.860,16.546,0.000,0.000,0.3840
1210.730,-83.354,29.988,0.324,1.597,12.876,16.558,0.000,0.000,0.3920
1210.740,-83.338,30.000,0.324,1.564,12.892,16.570,0.000,0.000,0.4000
1210.750,-83.323,30.012,0.324,1.531,12.907,16.581,0.000,0.000,0.4080
1210.760,-83.308,30.024,0.324,1.497,12.922,16.592,0.000,0.000,0.4160
1210.770,-83.294,30.036,0.325,1.462,12.936,16.603,0.000,0.000,0.4240
1210.780,-83.279,30.047,0.325,1.428,12.951,16.614,0.000,0.000,0.4320
1210.790,-83.265,30.058,0.325,1.392,12.965,16.625,0.000,0.000,0.4400
1210.800,-83.252,30.068,0.325,1.355,12.978,16.635,0.000,0.000,0.4480
1210.810,-83.239,30.079,0.326,1.318,12.991,16.645,0.000,0.000,0.4560
1210.820,-83.226,30.088,0.326,1.281,13.004,16.655,0.000,0.000,0.4640
1210.830,-83.213,30.098,0.326,1.244,13.017,16.664,0.000,0.000,0.4720
1210.840,-83.201,30.107,0.326,1.206,13.029,16.673,0.000,0.000,0.4800
1210.850,-83.190,30.116,0.326,1.170,13.040,16.682,0.000,0.000,0.4880
1210.860,-83.178,30.125,0.326,1.135,13.052,16.691,0.000,0.000,0.4960
1210.870,-83.167,30.133,0.327,1.102,13.063,16.699,0.000,0.000,0.5000
1210.880,-83.157,30.141,0.327,1.068,13.073,16.707,0.000,0.000,0.5000
1210.890,-83.146,30.148,0.327,1.035,13.084,16.715,0.000,0.000,0.5000
1210.900,-83.136,30.156,0.327,1.002,13.094,16.723,0.000,0.000,0.5000
1210.910,-83.127,30.163,0.327,0.970,13.103,16.730,0.000,0.000,0.5000
1210.920,-83.117,30.170,0.327,0.938,13.113,16.738,0.000,0.000,0.5000
1210.930,-83.108,30.176,0.326,0.908,13.122,16.745,0.000,0.000,0.5000
1210.940,-83.099,30.183,0.326,0.878,13.131,16.751,0.000,0.000,0.5000
1210.950,-83.091,30.189,0.326,0.848,13.139,16.758,0.000,0.000,0.5000
1210.960,-83.083,30.195,0.326,0.818,13.147,16.764,0.000,0.000,0.5000
1210.970,-83.075,30.201,0.326,0.789,13.155,16.771,0.000,0.000,0.4700
1210.980,-83.067,30.206,0.326,0.758,13.163,16.777,0.000,0.000,0.4400
1210.990,-83.060,30.211,0.325,0.728,13.170,16.782,0.000,0.000,0.4100
1211.000,-83.053,30.216,0.325,0.696,13.177,16.788,0.000,0.000,0.3800
1211.010,-83.046,30.221,0.325,0.662,13.184,16.793,0.000,0.000,0.3500
1211.020,-83.040,30.226,0.325,0.628,13.190,16.798,0.000,0.000,0.3200
1211.030,-83.034,30.230,0.324,0.594,13.196,16.803,0.000,0.000,0.2900
1211.040,-83.029,30.235,0.324,0.561,13.201,16.807,0.000,0.000,0.2600
1211.050,-83.023,30.238,0.324,0.529,13.207,16.812,0.000,0.000,0.2300
1211.060,-83.018,30.242,0.324,0.497,13.212,16.816,0.000,0.000,0.2000
1211.070,-83.014,30.246,0.324,0.467,13.216,16.819,0.000,0.000,0.1700
1211.080,-83.009,30.249,0.323,0.437,13.221,16.823,0.000,0.000,0.1400
1211.090,-83.005,30.252,0.323,0.407,13.225,16.826,0.000,0.000,0.1100
1211.100,-83.001,30.255,0.323,0.374,13.229,16.829,0.000,0.000,0.0800
1211.110,-82.998,30.258,0.323,0.341,13.232,16.832,0.000,0.000,0.0500
1211.120,-82.995,30.260,0.323,0.307,13.235,16.834,0.000,0.000,0.0200
1211.130,-82.992,30.263,0.323,0.273,13.238,16.836,0.000,0.000,0.0000
1211.140,-82.990,30.265,0.323,0.241,13.240,16.838,0.000,0.000,0.0000
1211.150,-82.988,30.266,0.323,0.217,13.242,16.840,0.000,0.000,0.0000
1211.160,-82.986,30.268,0.323,0.199,13.244,16.841,0.040,0.000,0.0000
1211.170,-82.984,30.270,0.323,0.204,13.246,16.843,0.080,0.000,0.0000
1211.180,-82.981,30.272,0.322,0.228,13.249,16.845,0.120,0.000,0.0000
1211.190,-82.979,30.274,0.322,0.263,13.251,16.847,0.160,0.000,0.0000
1211.200,-82.976,30.276,0.321,0.303,13.254,16.850,0.200,0.000,0.0000
1211.210,-82.972,30.279,0.321,0.344,13.258,16.853,0.240,0.000,0.0000
1211.220,-82.969,30.282,0.320,0.384,13.261,16.856,0.280,0.000,0.0000
1211.230,-82.965,30.285,0.319,0.422,13.265,16.860,0.320,0.000,0.0000
1211.240,-82.960,30.288,0.318,0.458,13.270,16.864,0.360,0.000,0.0000
1211.250,-82.955,30.292,0.317,0.492,13.275,16.869,0.400,0.000,0.0000
1211.260,-82.950,30.296,0.315,0.526,13.280,16.873,0.440,0.000,0.0000
1211.270,-82.945,30.300,0.314,0.559,13.285,16.878,0.480,0.000,0.0000
1211.280,-82.939,30.304,0.313,0.593,13.291,16.884,0.520,0.000,0.0000
1211.290,-82.933,30.309,0.312,0.626,13.297,16.889,0.560,0.000,0.0000
1211.300,-82.926,30.314,0.311,0.659,13.304,16.895,0.600,0.000,0.0000
1211.310,-82.919,30.319,0.310,0.693,13.311,16.901,0.640,0.000,0.0000
1211.320,-82.912,30.324,0.309,0.727,13.318,16.907,0.680,0.000,0.0000
1211.330,-82.905,30.330,0.309,0.762,13.325,16.913,0.720,0.000,0.0000
1211.340,-82.897,30.335,0.308,0.797,13.333,16.920,0.760,0.000,0.0000
1211.350,-82.888,30.341,0.307,0.831,13.342,16.927,0.800,0.000,0.0000
1211.360,-82.880,30.348,0.307,0.866,13.350,16.934,0.840,0.000,0.0000
1211.370,-82.871,30.354,0.306,0.900,13.359,16.941,0.880,0.000,0.0000
1211.380,-82.861,30.361,0.306,0.934,13.369,16.948,0.920,0.000,0.0000
1211.390,-82.852,30.368,0.305,0.968,13.378,16.956,0.960,0.000,0.0000
1211.400,-82.842,30.375,0.305,1.001,13.388,16.964,1.000,0.000,0.0000
1211.410,-82.831,30.383,0.305,1.035,13.399,16.972,1.000,0.000,0.0000
1211.420,-82.821,30.391,0.305,1.068,13.409,16.980,1.000,0.000,0.0000
1211.430,-82.810,30.399,0.305,1.101,13.420,16.989,1.000,0.000,0.0000
1211.440,-82.798,30.407,0.305,1.134,13.432,16.998,1.000,0.000,0.0000
1211.450,-82.787,30.416,0.305,1.167,13.443,17.007,1.000,0.000,0.0000
1211.460,-82.775,30.424,0.306,1.200,13.455,17.016,1.000,0.000,0.0000
1211.470,-82.762,30.433,0.306,1.233,13.468,17.025,1.000,0.000,0.0000
1211.480,-82.750,30.443,0.306,1.266,13.480,17.035,1.000,0.000,0.0000
1211.490,-82.737,30.452,0.307,1.298,13.493,17.045,1.000,0.000,0.0000
1211.500,-82.723,30.462,0.307,1.331,13.507,17.055,1.000,0.000,0.0000
1211.510,-82.710,30.472,0.308,1.363,13.520,17.065,1.000,0.000,0.0000
1211.520,-82.696,30.482,0.308,1.395,13.534,17.076,1.000,0.000,0.0000
1211.530,-82.682,30.493,0.308,1.427,13.548,17.086,1.000,0.000,0.0000
1211.540,-82.667,30.503,0.309,1.459,13.563,17.098,1.000,0.000,0.0000
1211.550,-82.652,30.514,0.309,1.490,13.578,17.109,1.000,0.000,0.0000
1211.560,-82.637,30.525,0.310,1.522,13.593,17.121,1.000,0.000,0.0000
1211.570,-82.621,30.537,0.310,1.553,13.609,17.132,1.000,0.000,0.0000
1211.580,-82.605,30.548,0.310,1.585,13.625,17.145,1.000,0.000,0.0000
1211.590,-82.589,30.560,0.311,1.616,13.641,17.157,1.000,0.000,0.0000
1211.600,-82.573,30.572,0.311,1.648,13.657,17.170,1.000,0.000,0.0000
1211.610,-82.556,30.584,0.311,1.679,13.674,17.183,1.000,0.000,0.0000
1211.620,-82.539,30.597,0.311,1.711,13.691,17.196,1.000,0.000,0.0000
1211.630,-82.522,30.610,0.312,1.742,13.708,17.209,1.000,0.000,0.0000
1211.640,-82.504,30.623,0.312,1.773,13.726,17.223,1.000,0.000,0.0000
1211.650,-82.486,30.636,0.312,1.805,13.744,17.237,1.000,0.000,0.0000
1211.660,-82.467,30.649,0.312,1.836,13.763,17.252,1.000,0.000,0.0000
1211.670,-82.449,30.663,0.312,1.868,13.781,17.266,1.000,0.000,0.0000
1211.680,-82.430,30.677,0.312,1.899,13.800,17.281,1.000,0.000,0.0000
1211.690,-82.410,30.691,0.312,1.931,13.820,17.296,1.000,0.000,0.0000
1211.700,-82.391,30.705,0.312,1.962,13.839,17.312,1.000,0.000,0.0000
1211.710,-82.371,30.720,0.312,1.994,13.859,17.328,1.000,0.000,0.0000
1211.720,-82.351,30.735,0.312,2.026,13.879,17.344,1.000,0.000,0.0000
1211.730,-82.330,30.750,0.312,2.058,13.900,17.360,1.000,0.000,0.0000
1211.740,-82.309,30.765,0.312,2.089,13.921,17.376,1.000,0.000,0.0000
1211.750,-82.288,30.780,0.312,2.121,13.942,17.393,1.000,0.000,0.0000
1211.760,-82.266,30.796,0.311,2.153,13.964,17.410,1.000,0.000,0.0000
1211.770,-82.245,30.812,0.311,2.185,13.985,17.428,1.000,0.000,0.0000
1211.780,-82.222,30.828,0.311,2.217,14.008,17.445,1.000,0.000,0.0000
1211.790,-82.200,30.845,0.311,2.249,14.030,17.463,1.000,0.000,0.0000
1211.800,-82.177,30.862,0.311,2.281,14.053,17.481,1.000,0.000,0.0000
1211.810,-82.154,30.879,0.311,2.313,14.076,17.499,1.000,0.000,0.0000
1211.820,-82.131,30.896,0.311,2.345,14.099,17.518,1.000,0.000,0.0000
1211.830,-82.107,30.913,0.310,2.377,14.123,17.537,1.000,0.000,0.0000
1211.840,-82.083,30.931,0.310,2.409,14.147,17.556,1.000,0.000,0.0080
1211.850,-82.058,30.949,0.310,2.441,14.172,17.576,1.000,0.000,0.0160
1211.860,-82.034,30.967,0.310,2.473,14.196,17.595,1.000,0.000,0.0240
1211.870,-82.008,30.985,0.310,2.506,14.222,17.615,1.000,0.000,0.0320
1211.880,-81.983,31.004,0.310,2.538,14.247,17.636,1.000,0.000,0.0400
1211.890,-81.957,31.023,0.310,2.571,14.273,17.656,1.000,0.000,0.0480
1211.900,-81.931,31.042,0.310,2.603,14.299,17.677,1.000,0.000,0.0560
1211.910,-81.905,31.061,0.310,2.636,14.325,17.698,1.000,0.000,0.0640
1211.920,-81.878,31.080,0.310,2.668,14.352,17.719,1.000,0.000,0.0720
1211.930,-81.851,31.100,0.310,2.701,14.379,17.741,1.000,0.000,0.0800
1211.940,-81.824,31.120,0.310,2.734,14.406,17.762,1.000,0.000,0.0880
1211.950,-81.796,31.140,0.310,2.766,14.434,17.784,1.000,0.000,0.0960
1211.960,-81.768,31.161,0.310,2.799,14.462,17.807,1.000,0.000,0.1040
1211.970,-81.740,31.181,0.310,2.832,14.490,17.829,1.000,0.000,0.1120
1211.980,-81.711,31.202,0.310,2.865,14.519,17.852,1.000,0.000,0.1200
1211.990,-81.682,31.223,0.310,2.898,14.548,17.876,1.000,0.000,0.1280
1212.000,-81.653,31.244,0.310,2.931,14.577,17.899,1.000,0.000,0.1360
1212.010,-81.623,31.266,0.310,2.964,14.607,17.923,1.000,0.000,0.1440
1212.020,-81.593,31.287,0.310,2.997,14.637,17.947,1.000,0.000,0.1520
1212.030,-81.563,31.309,0.310,3.030,14.667,17.971,1.000,0.000,0.1600
1212.040,-81.532,31.331,0.310,3.063,14.698,17.996,1.000,0.000,0.1680
1212.050,-81.502,31.353,0.310,3.097,14.728,18.020,1.000,0.000,0.1760
1212.060,-81.470,31.376,0.310,3.130,14.760,18.046,1.000,0.000,0.1840
1212.070,-81.439,31.398,0.310,3.163,14.791,18.071,1.000,0.000,0.1920
1212.080,-81.407,31.421,0.310,3.196,14.823,18.097,1.000,0.000,0.2000
1212.090,-81.374,31.444,0.310,3.230,14.856,18.123,1.000,0.000,0.2080
1212.100,-81.342,31.467,0.311,3.263,14.888,18.149,1.000,0.000,0.2160
1212.110,-81.309,31.490,0.311,3.297,14.921,18.176,1.000,0.000,0.2240
1212.120,-81.275,31.513,0.311,3.330,14.955,18.202,1.000,0.000,0.2320
1212.130,-81.242,31.536,0.311,3.364,14.988,18.230,1.000,0.000,0.2400
1212.140,-81.208,31.560,0.311,3.396,15.022,18.257,1.000,0.000,0.2100
1212.150,-81.174,31.584,0.311,3.427,15.056,18.285,1.000,0.000,0.1800
1212.160,-81.139,31.607,0.311,3.454,15.091,18.313,1.000,0.000,0.1500
1212.170,-81.104,31.631,0.311,3.480,15.126,18.341,1.000,0.000,0.1200
1212.180,-81.069,31.655,0.311,3.505,15.161,18.369,1.000,0.000,0.0900
1212.190,-81.034,31.679,0.311,3.529,15.196,18.398,1.000,0.000,0.0600
1212.200,-80.998,31.703,0.312,3.554,15.232,18.427,1.000,0.000,0.0300
1212.210,-80.963,31.727,0.312,3.579,15.267,18.456,1.000,0.000,0.0000
1212.220,-80.927,31.752,0.312,3.605,15.304,18.485,1.000,0.000,0.0000
1212.230,-80.890,31.776,0.312,3.638,15.340,18.515,1.000,0.000,0.0000
1212.240,-80.853,31.801,0.312,3.676,15.377,18.545,1.000,0.000,0.0000
1212.250,-80.816,31.825,0.312,3.718,15.414,18.575,1.000,0.000,0.0000
1212.260,-80.779,31.850,0.312,3.763,15.451,18.606,1.000,0.000,0.0000
1212.270,-80.740,31.876,0.312,3.810,15.490,18.637,1.000,0.000,0.0000
1212.280,-80.702,31.901,0.312,3.856,15.528,18.669,1.000,0.000,0.0000
1212.290,-80.663,31.927,0.312,3.902,15.567,18.701,1.000,0.000,0.0000
1212.300,-80.623,31.953,0.312,3.946,15.607,18.733,1.000,0.000,0.0000
1212.310,-80.584,31.979,0.311,3.989,15.646,18.766,1.000,0.000,0.0000
1212.320,-80.543,32.006,0.311,4.030,15.687,18.799,1.000,0.000,0.0000
1212.330,-80.502,32.032,0.311,4.084,15.728,18.833,1.000,0.000,0.0000
1212.340,-80.461,32.059,0.310,4.135,15.769,18.867,1.000,0.000,0.0000
1212.350,-80.419,32.087,0.310,4.180,15.811,18.902,1.000,0.000,0.0000
1212.360,-80.377,32.114,0.310,4.222,15.853,18.937,1.000,0.000,0.0000
1212.370,-80.334,32.142,0.309,4.260,15.896,18.972,1.000,0.000,0.0000
1212.380,-80.291,32.170,0.309,4.294,15.939,19.008,1.000,0.000,0.0000
1212.390,-80.248,32.198,0.309,4.325,15.982,19.044,1.000,0.000,0.0000
1212.400,-80.205,32.226,0.309,4.358,16.025,19.080,1.000,0.000,0.0000
1212.410,-80.161,32.255,0.309,4.392,16.069,19.117,1.000,0.000,0.0000
1212.420,-80.116,32.284,0.308,4.428,16.114,19.153,1.000,0.000,0.0080
1212.430,-80.072,32.313,0.308,4.462,16.158,19.190,1.000,0.000,0.0160
1212.440,-80.027,32.342,0.308,4.494,16.203,19.228,1.000,0.000,0.0240
1212.450,-79.982,32.371,0.308,4.525,16.248,19.265,1.000,0.000,0.0320
1212.460,-79.936,32.401,0.308,4.555,16.294,19.303,0.940,0.000,0.0400
1212.470,-79.890,32.430,0.308,4.584,16.340,19.341,0.880,0.000,0.0480
1212.480,-79.844,32.460,0.309,4.614,16.386,19.380,0.820,0.000,0.0560
1212.490,-79.798,32.490,0.309,4.643,16.432,19.418,0.760,0.000,0.0640
1212.500,-79.751,32.521,0.309,4.673,16.479,19.457,0.700,0.000,0.0720
1212.510,-79.704,32.551,0.309,4.703,16.526,19.497,0.640,0.000,0.0800
1212.520,-79.657,32.582,0.309,4.734,16.573,19.536,0.580,0.000,0.0880
1212.530,-79.609,32.613,0.309,4.764,16.621,19.576,0.520,0.000,0.0960
1212.540,-79.561,32.643,0.310,4.782,16.669,19.616,0.460,0.000,0.1040
1212.550,-79.513,32.674,0.310,4.783,16.717,19.656,0.400,0.000,0.1120
1212.560,-79.466,32.705,0.310,4.770,16.764,19.695,0.340,0.000,0.1200
1212.570,-79.418,32.736,0.311,4.760,16.812,19.735,0.280,0.000,0.1280
1212.580,-79.371,32.766,0.312,4.740,16.859,19.775,0.220,0.000,0.1360
1212.590,-79.323,32.796,0.313,4.713,16.907,19.814,0.160,0.000,0.1440
1212.600,-79.277,32.826,0.314,4.685,16.953,19.853,0.100,0.000,0.1520
1212.610,-79.230,32.856,0.315,4.657,17.000,19.891,0.040,0.000,0.1600
1212.620,-79.184,32.885,0.316,4.634,17.046,19.930,0.000,0.000,0.1680
1212.630,-79.138,32.914,0.317,4.615,17.092,19.968,0.000,0.000,0.1760
1212.640,-79.092,32.943,0.318,4.599,17.138,20.007,0.000,0.000,0.1840
1212.650,-79.046,32.972,0.319,4.583,17.184,20.045,0.000,0.000,0.1920
1212.660,-79.000,33.001,0.320,4.565,17.230,20.083,0.000,0.000,0.2000
1212.670,-78.955,33.029,0.321,4.545,17.275,20.121,0.000,0.000,0.2080
1212.680,-78.909,33.057,0.322,4.523,17.321,20.159,0.000,0.000,0.2160
1212.690,-78.865,33.085,0.322,4.498,17.366,20.196,0.000,0.000,0.2240
1212.700,-78.820,33.113,0.323,4.471,17.410,20.234,0.000,0.000,0.2320
1212.710,-78.775,33.140,0.324,4.437,17.455,20.271,0.000,0.000,0.2400
1212.720,-78.731,33.167,0.325,4.398,17.499,20.308,0.000,0.000,0.2480
1212.730,-78.688,33.193,0.326,4.352,17.542,20.345,0.000,0.000,0.2560
1212.740,-78.645,33.218,0.326,4.304,17.585,20.381,0.000,0.000,0.2640
1212.750,-78.602,33.243,0.327,4.258,17.628,20.417,0.000,0.000,0.2720
1212.760,-78.560,33.268,0.328,4.215,17.670,20.452,0.000,0.000,0.2800
1212.770,-78.519,33.292,0.329,4.172,17.712,20.488,0.000,0.000,0.2880
1212.780,-78.477,33.316,0.329,4.126,17.753,20.522,0.000,0.000,0.2960
1212.790,-78.436,33.339,0.330,4.078,17.794,20.557,0.000,0.000,0.3040
1212.800,-78.396,33.361,0.330,4.029,17.834,20.591,0.000,0.000,0.3120
1212.810,-78.356,33.384,0.331,3.981,17.874,20.625,0.000,0.000,0.3200
1212.820,-78.317,33.405,0.331,3.936,17.913,20.658,0.000,0.000,0.3280
1212.830,-78.278,33.427,0.331,3.893,17.952,20.692,0.000,0.000,0.3360
1212.840,-78.240,33.448,0.331,3.853,17.990,20.725,0.000,0.000,0.3440
1212.850,-78.201,33.468,0.332,3.813,18.029,20.757,0.000,0.000,0.3520
1212.860,-78.164,33.488,0.332,3.772,18.066,20.790,0.000,0.000,0.3600
1212.870,-78.126,33.508,0.331,3.731,18.104,20.822,0.000,0.000,0.3680
1212.880,-78.089,33.527,0.331,3.691,18.141,20.853,0.000,0.000,0.3760
1212.890,-78.053,33.546,0.331,3.643,18.177,20.885,0.000,0.000,0.3840
1212.900,-78.017,33.565,0.331,3.598,18.213,20.916,0.000,0.000,0.3920
1212.910,-77.982,33.583,0.330,3.557,18.249,20.947,0.000,0.000,0.4000
1212.920,-77.946,33.601,0.330,3.518,18.284,20.977,0.000,0.000,0.4080
1212.930,-77.912,33.619,0.330,3.481,18.319,21.007,0.000,0.000,0.4160
1212.940,-77.877,33.636,0.329,3.446,18.353,21.037,0.000,0.000,0.4240
1212.950,-77.843,33.653,0.329,3.411,18.387,21.067,0.000,0.000,0.4320
1212.960,-77.809,33.669,0.328,3.375,18.421,21.096,0.000,0.000,0.4400
1212.970,-77.776,33.685,0.328,3.339,18.454,21.125,0.000,0.000,0.4480
1212.980,-77.743,33.701,0.327,3.303,18.487,21.154,0.000,0.000,0.4560
1212.990,-77.710,33.716,0.327,3.265,18.520,21.182,0.000,0.000,0.4640
1213.000,-77.678,33.732,0.326,3.228,18.552,21.211,0.000,0.000,0.4720
1213.010,-77.646,33.746,0.326,3.190,18.584,21.238,0.000,0.000,0.4800
1213.020,-77.614,33.761,0.325,3.151,18.616,21.266,0.000,0.000,0.4880
1213.030,-77.583,33.775,0.325,3.113,18.647,21.293,0.000,0.000,0.4960
1213.040,-77.553,33.789,0.324,3.074,18.677,21.320,0.000,0.000,0.5000
1213.050,-77.522,33.802,0.324,3.034,18.708,21.346,0.000,0.000,0.5000
1213.060,-77.492,33.816,0.324,3.010,18.738,21.372,0.000,0.000,0.5000
1213.070,-77.462,33.828,0.323,2.984,18.768,21.398,0.000,0.000,0.5000
1213.080,-77.433,33.841,0.323,2.956,18.797,21.424,0.000,0.000,0.5000
1213.090,-77.403,33.853,0.323,2.930,18.827,21.450,0.000,0.000,0.5000
1213.100,-77.374,33.865,0.322,2.906,18.856,21.475,0.000,0.000,0.5000
1213.110,-77.346,33.877,0.322,2.885,18.884,21.500,0.000,0.000,0.5000
1213.120,-77.317,33.888,0.322,2.866,18.913,21.525,0.000,0.000,0.4700
1213.130,-77.288,33.900,0.322,2.848,18.942,21.550,0.000,0.000,0.4400
1213.140,-77.260,33.911,0.321,2.825,18.970,21.575,0.000,0.000,0.4100
1213.150,-77.232,33.921,0.321,2.790,18.998,21.599,0.000,0.000,0.3800
1213.160,-77.205,33.932,0.321,2.750,19.025,21.623,0.000,0.000,0.3500
1213.170,-77.178,33.942,0.321,2.708,19.052,21.646,0.000,0.000,0.3200
1213.180,-77.151,33.952,0.321,2.668,19.079,21.670,0.000,0.000,0.2900
1213.190,-77.125,33.962,0.322,2.632,19.105,21.692,0.000,0.000,0.2600
1213.200,-77.099,33.971,0.322,2.602,19.131,21.715,0.000,0.000,0.2300
1213.210,-77.073,33.981,0.322,2.576,19.157,21.737,0.000,0.000,0.2000
1213.220,-77.047,33.990,0.322,2.551,19.183,21.759,0.000,0.000,0.1700
1213.230,-77.022,33.999,0.322,2.527,19.208,21.781,0.000,0.000,0.1400
1213.240,-76.997,34.007,0.322,2.503,19.233,21.803,0.000,0.000,0.1100
1213.250,-76.972,34.016,0.323,2.478,19.258,21.825,0.000,0.000,0.0800
1213.260,-76.948,34.024,0.323,2.453,19.282,21.846,0.000,0.000,0.0500
1213.270,-76.924,34.033,0.323,2.427,19.307,21.867,0.000,0.000,0.0200
1213.280,-76.900,34.041,0.323,2.401,19.331,21.888,0.000,0.000,0.0000
1213.290,-76.876,34.049,0.323,2.377,19.354,21.909,0.000,0.000,0.0000
1213.300,-76.852,34.057,0.323,2.360,19.378,21.929,0.040,0.000,0.0000
1213.310,-76.829,34.065,0.323,2.349,19.401,21.950,0.080,0.000,0.0000
1213.320,-76.805,34.072,0.323,2.340,19.425,21.970,0.120,0.000,0.0000
1213.330,-76.782,34.080,0.323,2.331,19.448,21.991,0.160,0.000,0.0000
1213.340,-76.759,34.088,0.323,2.319,19.471,22.011,0.200,0.000,0.0000
1213.350,-76.736,34.095,0.323,2.305,19.494,22.031,0.240,0.000,0.0000
1213.360,-76.713,34.103,0.322,2.310,19.517,22.052,0.280,0.000,0.0000
1213.370,-76.689,34.111,0.322,2.333,19.541,22.072,0.320,0.000,0.0000
1213.380,-76.666,34.118,0.321,2.368,19.564,22.093,0.360,0.000,0.0000
1213.390,-76.642,34.126,0.321,2.411,19.589,22.115,0.400,0.000,0.0000
1213.400,-76.617,34.134,0.320,2.458,19.613,22.136,0.440,0.000,0.0000
1213.410,-76.592,34.142,0.319,2.506,19.638,22.159,0.480,0.000,0.0000
1213.420,-76.566,34.151,0.318,2.553,19.664,22.182,0.520,0.000,0.0000
1213.430,-76.540,34.159,0.317,2.600,19.690,22.205,0.560,0.000,0.0000
1213.440,-76.514,34.168,0.316,2.646,19.716,22.229,0.600,0.000,0.0000
1213.450,-76.487,34.176,0.315,2.690,19.743,22.253,0.640,0.000,0.0000
1213.460,-76.460,34.185,0.313,2.733,19.770,22.277,0.680,0.000,0.0000
1213.470,-76.432,34.194,0.312,2.776,19.798,22.302,0.720,0.000,0.0000
1213.480,-76.404,34.204,0.311,2.818,19.826,22.327,0.760,0.000,0.0000
1213.490,-76.375,34.213,0.310,2.860,19.855,22.353,0.800,0.000,0.0000
1213.500,-76.346,34.222,0.309,2.901,19.884,22.379,0.840,0.000,0.0000
1213.510,-76.317,34.232,0.308,2.945,19.913,22.405,0.880,0.000,0.0000
1213.520,-76.287,34.241,0.308,2.990,19.943,22.432,0.920,0.000,0.0000
1213.530,-76.257,34.251,0.307,3.038,19.973,22.459,0.960,0.000,0.0000
1213.540,-76.226,34.261,0.306,3.084,20.004,22.486,1.000,0.000,0.0000
1213.550,-76.195,34.271,0.306,3.128,20.035,22.514,1.000,0.000,0.0000
1213.560,-76.163,34.281,0.305,3.172,20.067,22.542,1.000,0.000,0.0000
1213.570,-76.131,34.292,0.305,3.214,20.099,22.571,1.000,0.000,0.0000
1213.580,-76.098,34.302,0.305,3.255,20.132,22.599,1.000,0.000,0.0000
1213.590,-76.065,34.312,0.305,3.296,20.165,22.628,1.000,0.000,0.0000
1213.600,-76.032,34.323,0.304,3.337,20.198,22.658,1.000,0.000,0.0000
1213.610,-75.998,34.334,0.304,3.378,20.232,22.688,1.000,0.000,0.0000
1213.620,-75.964,34.345,0.305,3.419,20.266,22.718,1.000,0.000,0.0000
1213.630,-75.929,34.356,0.305,3.459,20.301,22.748,1.000,0.000,0.0000
1213.640,-75.894,34.367,0.305,3.500,20.336,22.779,1.000,0.000,0.0000
1213.650,-75.859,34.378,0.305,3.540,20.371,22.810,1.000,0.000,0.0000
1213.660,-75.823,34.389,0.306,3.580,20.407,22.842,1.000,0.000,0.0000
1213.670,-75.787,34.401,0.306,3.620,20.443,22.873,1.000,0.000,0.0000
1213.680,-75.750,34.413,0.306,3.659,20.480,22.905,1.000,0.000,0.0000
1213.690,-75.713,34.424,0.307,3.699,20.517,22.938,1.000,0.000,0.0000
1213.700,-75.676,34.436,0.307,3.738,20.554,22.971,1.000,0.000,0.0000
1213.710,-75.638,34.448,0.308,3.776,20.592,23.004,1.000,0.000,0.0000
1213.720,-75.600,34.461,0.308,3.814,20.630,23.038,1.000,0.000,0.0000
1213.730,-75.561,34.473,0.309,3.852,20.669,23.072,1.000,0.000,0.0000
1213.740,-75.523,34.485,0.309,3.889,20.707,23.106,1.000,0.000,0.0000
1213.750,-75.483,34.498,0.310,3.926,20.747,23.140,1.000,0.000,0.0000
1213.760,-75.444,34.511,0.310,3.963,20.786,23.175,1.000,0.000,0.0000
1213.770,-75.404,34.523,0.310,3.999,20.826,23.211,1.000,0.000,0.0000
1213.780,-75.363,34.536,0.311,4.035,20.867,23.246,1.000,0.000,0.0000
1213.790,-75.323,34.549,0.311,4.071,20.907,23.282,1.000,0.000,0.0000
1213.800,-75.282,34.563,0.311,4.106,20.948,23.319,1.000,0.000,0.0000
1213.810,-75.240,34.576,0.312,4.140,20.990,23.355,1.000,0.000,0.0000
1213.820,-75.198,34.589,0.312,4.172,21.032,23.392,1.000,0.000,0.0000
1213.830,-75.156,34.603,0.312,4.203,21.074,23.430,1.000,0.000,0.0000
1213.840,-75.114,34.616,0.312,4.232,21.116,23.467,1.000,0.000,0.0000
1213.850,-75.071,34.630,0.312,4.264,21.159,23.505,1.000,0.000,0.0000
1213.860,-75.028,34.644,0.313,4.300,21.202,23.543,1.000,0.000,0.0000
1213.870,-74.985,34.658,0.313,4.338,21.245,23.582,1.000,0.000,0.0000
1213.880,-74.941,34.672,0.313,4.378,21.289,23.621,1.000,0.000,0.0000
1213.890,-74.897,34.686,0.313,4.419,21.333,23.660,1.000,0.000,0.0000
1213.900,-74.853,34.700,0.312,4.461,21.377,23.700,1.000,0.000,0.0000
1213.910,-74.807,34.715,0.312,4.503,21.423,23.740,1.000,0.000,0.0000
1213.920,-74.762,34.729,0.312,4.545,21.468,23.781,1.000,0.000,0.0000
1213.930,-74.716,34.744,0.312,4.586,21.514,23.822,1.000,0.000,0.0000
1213.940,-74.670,34.759,0.312,4.628,21.560,23.863,0.940,0.000,0.0000
1213.950,-74.623,34.774,0.312,4.669,21.607,23.905,0.880,0.000,0.0000
1213.960,-74.576,34.789,0.311,4.709,21.654,23.948,0.820,0.000,0.0000
1213.970,-74.529,34.804,0.311,4.749,21.701,23.990,0.760,0.000,0.0000
1213.980,-74.481,34.820,0.311,4.789,21.749,24.033,0.700,0.000,0.0000
1213.990,-74.432,34.835,0.311,4.828,21.798,24.076,0.640,0.000,0.0000
1214.000,-74.384,34.851,0.310,4.867,21.846,24.120,0.580,0.000,0.0000
1214.010,-74.335,34.866,0.310,4.905,21.895,24.164,0.520,0.000,0.0000
1214.020,-74.285,34.882,0.310,4.942,21.945,24.209,0.460,0.000,0.0000
1214.030,-74.236,34.898,0.310,4.956,21.994,24.253,0.400,0.000,0.0000
1214.040,-74.186,34.914,0.310,4.949,22.044,24.298,0.340,0.000,0.0000
1214.050,-74.137,34.929,0.310,4.927,22.093,24.342,0.280,0.000,0.0000
1214.060,-74.088,34.945,0.311,4.891,22.142,24.385,0.220,0.000,0.0000
1214.070,-74.040,34.960,0.311,4.851,22.190,24.429,0.160,0.000,0.0000
1214.080,-73.992,34.975,0.312,4.807,22.238,24.472,0.100,0.000,0.0000
1214.090,-73.944,34.990,0.313,4.766,22.286,24.514,0.040,0.000,0.0000
1214.100,-73.897,35.005,0.314,4.728,22.333,24.556,0.000,0.000,0.0000
1214.110,-73.850,35.020,0.315,4.693,22.380,24.598,0.000,0.000,0.0000
1214.120,-73.803,35.034,0.316,4.660,22.427,24.640,0.000,0.000,0.0000
1214.130,-73.757,35.049,0.317,4.627,22.473,24.681,0.000,0.000,0.0000
1214.140,-73.711,35.063,0.318,4.595,22.519,24.722,0.000,0.000,0.0000
1214.150,-73.665,35.078,0.319,4.561,22.565,24.762,0.000,0.000,0.0000
1214.160,-73.620,35.092,0.320,4.527,22.610,24.803,0.000,0.080,0.0000
1214.170,-73.575,35.106,0.321,4.489,22.655,24.843,0.000,0.160,0.0000
1214.180,-73.531,35.120,0.322,4.449,22.699,24.883,0.000,0.240,0.0000
1214.190,-73.487,35.133,0.323,4.407,22.743,24.922,0.000,0.320,0.0000
1214.200,-73.443,35.147,0.324,4.363,22.787,24.961,0.000,0.400,0.0000
1214.210,-73.400,35.161,0.325,4.319,22.830,25.000,0.000,0.480,0.0000
1214.220,-73.357,35.174,0.326,4.274,22.873,25.038,0.000,0.560,0.0000
1214.230,-73.315,35.187,0.327,4.229,22.915,25.076,0.000,0.640,0.0000
1214.240,-73.273,35.200,0.327,4.183,22.957,25.113,0.000,0.720,0.0000
1214.250,-73.232,35.214,0.328,4.137,22.998,25.151,0.000,0.800,0.0000
1214.260,-73.191,35.226,0.328,4.091,23.039,25.187,0.000,0.880,0.0000
1214.270,-73.150,35.239,0.329,4.044,23.080,25.224,0.000,0.960,0.0000
1214.280,-73.110,35.252,0.329,3.998,23.120,25.260,0.000,1.000,0.0000
1214.290,-73.071,35.264,0.329,3.952,23.159,25.296,0.000,1.000,0.0000
1214.300,-73.032,35.277,0.329,3.908,23.198,25.331,0.000,1.000,0.0000
1214.310,-72.993,35.289,0.330,3.865,23.237,25.366,0.000,1.000,0.0000
1214.320,-72.955,35.301,0.330,3.816,23.275,25.401,0.000,1.000,0.0000
1214.330,-72.917,35.314,0.329,3.770,23.313,25.435,0.000,1.000,0.0000
1214.340,-72.880,35.326,0.329,3.723,23.350,25.469,0.000,1.000,0.0000
1214.350,-72.843,35.337,0.329,3.679,23.387,25.502,0.000,1.000,0.0000
1214.360,-72.807,35.349,0.329,3.637,23.423,25.535,0.000,1.000,0.0000
1214.370,-72.771,35.361,0.329,3.600,23.459,25.568,0.000,1.000,0.0000
1214.380,-72.735,35.372,0.328,3.565,23.495,25.601,0.000,1.000,0.0000
1214.390,-72.700,35.384,0.328,3.530,23.530,25.633,0.000,1.000,0.0000
1214.400,-72.665,35.395,0.327,3.496,23.565,25.665,0.000,1.000,0.0000
1214.410,-72.630,35.406,0.327,3.461,23.600,25.697,0.000,1.000,0.0000
1214.420,-72.596,35.418,0.326,3.427,23.634,25.728,0.000,1.000,0.0000
1214.430,-72.562,35.429,0.326,3.392,23.668,25.759,0.000,1.000,0.0000
1214.440,-72.529,35.439,0.325,3.357,23.701,25.790,0.000,1.000,0.0000
1214.450,-72.495,35.450,0.325,3.322,23.735,25.820,0.000,1.000,0.0000
1214.460,-72.462,35.461,0.324,3.286,23.768,25.850,0.000,0.900,0.0000
1214.470,-72.430,35.471,0.324,3.254,23.800,25.880,0.000,0.800,0.0000
1214.480,-72.398,35.481,0.324,3.223,23.832,25.910,0.000,0.700,0.0000
1214.490,-72.366,35.492,0.323,3.194,23.864,25.939,0.000,0.600,0.0000
1214.500,-72.334,35.502,0.323,3.164,23.896,25.968,0.000,0.500,0.0000
1214.510,-72.303,35.512,0.322,3.135,23.927,25.997,0.000,0.400,0.0000
1214.520,-72.272,35.522,0.322,3.105,23.958,26.025,0.000,0.300,0.0000
1214.530,-72.241,35.531,0.322,3.075,23.989,26.053,0.000,0.200,0.0000
1214.540,-72.211,35.541,0.321,3.044,24.019,26.081,0.000,0.280,0.0000
1214.550,-72.180,35.550,0.321,3.008,24.050,26.109,0.000,0.360,0.0000
1214.560,-72.151,35.560,0.321,2.968,24.079,26.136,0.000,0.440,0.0000
1214.570,-72.122,35.569,0.321,2.925,24.108,26.163,0.000,0.520,0.0000
1214.580,-72.093,35.578,0.321,2.882,24.137,26.189,0.000,0.600,0.0000
1214.590,-72.064,35.587,0.321,2.839,24.166,26.215,0.000,0.680,0.0000
1214.600,-72.036,35.596,0.321,2.796,24.194,26.240,0.000,0.760,0.0000
1214.610,-72.009,35.604,0.321,2.752,24.221,26.265,0.000,0.840,0.0000
1214.620,-71.982,35.613,0.321,2.709,24.248,26.290,0.000,0.920,0.0000
1214.630,-71.955,35.621,0.322,2.666,24.275,26.314,0.000,1.000,0.0000
1214.640,-71.929,35.629,0.322,2.624,24.301,26.338,0.000,1.000,0.0000
1214.650,-71.903,35.637,0.322,2.584,24.327,26.362,0.000,1.000,0.0000
1214.660,-71.878,35.645,0.322,2.545,24.352,26.385,0.000,1.000,0.0000
1214.670,-71.853,35.653,0.323,2.508,24.378,26.408,0.000,1.000,0.0000
1214.680,-71.828,35.661,0.323,2.471,24.402,26.430,0.000,1.000,0.0000
1214.690,-71.803,35.669,0.323,2.433,24.427,26.452,0.000,1.000,0.0000
1214.700,-71.780,35.676,0.324,2.391,24.450,26.474,0.000,1.000,0.0000
1214.710,-71.756,35.683,0.324,2.349,24.474,26.495,0.000,1.000,0.0000
1214.720,-71.733,35.691,0.324,2.308,24.497,26.516,0.000,1.000,0.0000
1214.730,-71.710,35.698,0.324,2.269,24.520,26.537,0.000,1.000,0.0000
1214.740,-71.688,35.705,0.325,2.230,24.542,26.557,0.000,1.000,0.0000
1214.750,-71.666,35.711,0.325,2.191,24.564,26.577,0.000,0.900,0.0000
1214.760,-71.645,35.718,0.325,2.152,24.585,26.597,0.000,0.800,0.0000
1214.770,-71.623,35.725,0.325,2.116,24.607,26.616,0.000,0.880,0.0000
1214.780,-71.603,35.731,0.325,2.077,24.627,26.635,0.000,0.960,0.0000
1214.790,-71.582,35.737,0.325,2.035,24.648,26.654,0.000,1.000,0.0000
1214.800,-71.562,35.744,0.325,1.993,24.668,26.672,0.000,1.000,0.0000
1214.810,-71.543,35.750,0.325,1.953,24.687,26.690,0.000,1.000,0.0000
1214.820,-71.524,35.756,0.325,1.914,24.706,26.708,0.000,1.000,0.0000
1214.830,-71.505,35.761,0.325,1.878,24.725,26.725,0.000,1.000,0.0000
1214.840,-71.487,35.767,0.325,1.843,24.744,26.742,0.000,1.000,0.0000
1214.850,-71.468,35.773,0.325,1.808,24.762,26.758,0.000,1.000,0.0000
1214.860,-71.451,35.778,0.325,1.772,24.779,26.775,0.000,1.000,0.0000
1214.870,-71.433,35.784,0.325,1.736,24.797,26.791,0.000,1.000,0.0000
1214.880,-71.416,35.789,0.325,1.698,24.814,26.806,0.000,1.000,0.0000
1214.890,-71.400,35.794,0.325,1.661,24.830,26.821,0.000,1.000,0.0000
1214.900,-71.384,35.799,0.325,1.623,24.846,26.836,0.000,1.000,0.0000
1214.910,-71.368,35.804,0.325,1.584,24.862,26.851,0.000,1.000,0.0000
1214.920,-71.352,35.809,0.324,1.546,24.878,26.865,0.000,1.000,0.0000
1214.930,-71.337,35.814,0.324,1.508,24.893,26.879,0.000,1.000,0.0000
1214.940,-71.322,35.818,0.324,1.470,24.908,26.893,0.000,1.000,0.0000
1214.950,-71.308,35.823,0.324,1.432,24.922,26.906,0.000,1.000,0.0000
1214.960,-71.294,35.827,0.324,1.394,24.936,26.919,0.000,1.000,0.0000
1214.970,-71.281,35.832,0.324,1.357,24.949,26.931,0.000,1.000,0.0000
1214.980,-71.267,35.836,0.324,1.319,24.963,26.943,0.000,1.000,0.0000
1214.990,-71.255,35.840,0.324,1.281,24.975,26.955,0.000,1.000,0.0000
1215.000,-71.242,35.844,0.323,1.243,24.988,26.967,0.000,1.000,0.0000
1215.010,-71.230,35.848,0.323,1.205,25.000,26.978,0.000,1.000,0.0000
1215.020,-71.218,35.852,0.323,1.168,25.012,26.988,0.000,1.000,0.0000
1215.030,-71.207,35.855,0.323,1.130,25.023,26.999,0.000,0.900,0.0000
1215.040,-71.196,35.859,0.323,1.095,25.034,27.009,0.000,0.800,0.0000
1215.050,-71.186,35.862,0.323,1.062,25.044,27.019,0.000,0.700,0.0000
1215.060,-71.175,35.865,0.323,1.030,25.055,27.028,0.000,0.600,0.0000
1215.070,-71.165,35.869,0.323,0.999,25.065,27.037,0.000,0.500,0.0000
1215.080,-71.156,35.872,0.323,0.968,25.074,27.046,0.000,0.400,0.0000
1215.090,-71.146,35.875,0.323,0.936,25.084,27.055,0.000,0.480,0.0000
1215.100,-71.137,35.878,0.323,0.899,25.093,27.063,0.000,0.560,0.0000
1215.110,-71.129,35.880,0.323,0.859,25.101,27.071,0.000,0.640,0.0000
1215.120,-71.121,35.883,0.323,0.816,25.110,27.079,0.000,0.720,0.0000
1215.130,-71.113,35.885,0.323,0.773,25.117,27.086,0.000,0.800,0.0000
1215.140,-71.105,35.888,0.323,0.729,25.125,27.092,0.000,0.880,0.0000
1215.150,-71.099,35.890,0.323,0.686,25.131,27.099,0.000,0.960,0.0000
1215.160,-71.092,35.892,0.323,0.644,25.138,27.104,0.000,1.000,0.0000
1215.170,-71.086,35.894,0.323,0.602,25.144,27.110,0.000,1.000,0.0000
1215.180,-71.081,35.896,0.323,0.563,25.149,27.115,0.000,1.000,0.0000
1215.190,-71.075,35.897,0.324,0.524,25.155,27.120,0.000,1.000,0.0000
1215.200,-71.070,35.899,0.324,0.487,25.160,27.124,0.000,1.000,0.0000
1215.210,-71.066,35.900,0.324,0.450,25.164,27.128,0.000,1.000,0.0000
1215.220,-71.062,35.902,0.324,0.412,25.168,27.132,0.000,1.000,0.0000
1215.230,-71.058,35.903,0.324,0.375,25.172,27.135,0.000,1.000,0.0000
1215.240,-71.055,35.904,0.324,0.338,25.175,27.139,0.000,1.000,0.0000
1215.250,-71.052,35.905,0.324,0.300,25.178,27.141,0.000,1.000,0.0000
1215.260,-71.049,35.906,0.324,0.263,25.181,27.144,0.000,1.000,0.0000
1215.270,-71.047,35.906,0.324,0.225,25.183,27.146,0.000,1.000,0.0000
1215.280,-71.045,35.907,0.324,0.188,25.185,27.147,0.000,1.000,0.0000
1215.290,-71.043,35.907,0.324,0.151,25.187,27.149,0.000,1.000,0.0000
1215.300,-71.042,35.908,0.324,0.115,25.188,27.150,0.000,1.000,0.0000
1215.310,-71.041,35.908,0.324,0.080,25.189,27.151,0.000,1.000,0.0000
1215.320,-71.041,35.908,0.324,0.047,25.189,27.151,0.000,1.000,0.0000
1215.330,-71.041,35.908,0.324,0.022,25.189,27.151,0.000,1.000,0.0000
1215.340,-71.041,35.908,0.324,0.012,25.189,27.151,0.000,1.000,0.0000
1215.350,-71.041,35.908,0.324,0.020,25.189,27.151,0.000,1.000,0.0000
1215.360,-71.041,35.908,0.324,0.029,25.189,27.151,0.000,1.000,0.0000
1215.370,-71.041,35.908,0.323,0.037,25.189,27.151,0.000,1.000,0.0000
1215.380,-71.041,35.908,0.323,0.044,25.189,27.151,0.000,1.000,0.0000
1215.390,-71.041,35.908,0.322,0.049,25.189,27.152,0.000,0.900,0.0000
1215.400,-71.041,35.908,0.322,0.054,25.189,27.152,0.000,0.800,0.0000
1215.410,-71.042,35.908,0.321,0.057,25.188,27.152,0.000,0.700,0.0000
1215.420,-71.042,35.908,0.321,0.060,25.188,27.152,0.000,0.600,0.0000
1215.430,-71.042,35.908,0.320,0.061,25.188,27.152,0.000,0.500,0.0000
1215.440,-71.042,35.908,0.320,0.061,25.188,27.152,0.000,0.400,0.0000
1215.450,-71.042,35.908,0.319,0.061,25.188,27.152,0.000,0.300,0.0000
1215.460,-71.042,35.908,0.318,0.059,25.188,27.152,0.000,0.200,0.0000
1215.470,-71.042,35.908,0.318,0.057,25.188,27.152,0.000,0.100,0.0000
1215.480,-71.042,35.908,0.317,0.054,25.188,27.152,0.000,0.000,0.0000
1215.490,-71.043,35.908,0.317,0.051,25.187,27.153,0.000,0.000,0.0000
1215.500,-71.043,35.908,0.316,0.047,25.187,27.153,0.000,0.000,0.0000
1215.510,-71.043,35.908,0.316,0.043,25.187,27.153,0.000,0.000,0.0000
1215.520,-71.043,35.908,0.316,0.038,25.187,27.153,0.000,0.000,0.0000
1215.530,-71.043,35.908,0.315,0.033,25.187,27.153,0.000,0.000,0.0000
1215.540,-71.043,35.908,0.315,0.028,25.187,27.153,0.000,0.000,0.0000
1215.550,-71.043,35.908,0.315,0.023,25.187,27.153,0.000,0.000,0.0000
1215.560,-71.043,35.908,0.315,0.018,25.187,27.153,0.000,0.000,0.0000
1215.570,-71.043,35.908,0.314,0.013,25.187,27.153,0.000,0.000,0.0000
1215.580,-71.043,35.908,0.314,0.009,25.187,27.153,0.000,0.000,0.0000
1215.590,-71.043,35.908,0.314,0.004,25.187,27.153,0.000,0.000,0.0000
1215.600,-71.043,35.908,0.314,0.000,25.187,27.153,0.000,0.000,0.0000
1215.610,-71.043,35.908,0.314,0.004,25.187,27.153,0.000,0.000,0.0000
1215.620,-71.043,35.908,0.314,0.008,25.187,27.153,0.000,0.000,0.0000
1215.630,-71.043,35.908,0.314,0.011,25.187,27.153,0.000,0.000,0.0000
1215.640,-71.043,35.908,0.315,0.014,25.187,27.153,0.000,0.000,0.0000
1215.650,-71.043,35.908,0.315,0.016,25.187,27.153,0.000,0.000,0.0000
1215.660,-71.043,35.908,0.315,0.018,25.187,27.153,0.000,0.000,0.0000
1215.670,-71.043,35.908,0.315,0.020,25.187,27.153,0.000,0.000,0.0000
1215.680,-71.043,35.908,0.315,0.021,25.187,27.153,0.000,0.000,0.0000
1215.690,-71.043,35.908,0.316,0.022,25.187,27.153,0.000,0.000,0.0000
1215.700,-71.043,35.908,0.316,0.022,25.187,27.153,0.000,0.000,0.0000
1215.710,-71.043,35.908,0.316,0.022,25.187,27.153,0.000,0.000,0.0000
1215.720,-71.043,35.908,0.316,0.022,25.187,27.153,0.000,0.000,0.0000
1215.730,-71.043,35.908,0.316,0.021,25.187,27.153,0.000,0.000,0.0000
1215.740,-71.043,35.908,0.317,0.021,25.187,27.153,0.000,0.000,0.0000
1215.750,-71.043,35.908,0.317,0.020,25.187,27.152,0.000,0.000,0.0000
1215.760,-71.043,35.908,0.317,0.018,25.187,27.152,0.000,0.000,0.0000
1215.770,-71.043,35.908,0.317,0.017,25.187,27.152,0.000,0.000,0.0000
1215.780,-71.043,35.908,0.317,0.015,25.187,27.152,0.000,0.000,0.0000
1215.790,-71.042,35.908,0.317,0.014,25.188,27.152,0.000,0.000,0.0000
1215.800,-71.042,35.908,0.318,0.012,25.188,27.152,0.000,0.000,0.0000
1215.810,-71.042,35.908,0.318,0.010,25.188,27.152,0.000,0.000,0.0000
1215.820,-71.042,35.908,0.318,0.008,25.188,27.152,0.000,0.000,0.0000
1215.830,-71.042,35.908,0.318,0.006,25.188,27.152,0.000,0.000,0.0000
1215.840,-71.042,35.908,0.318,0.004,25.188,27.152,0.000,0.000,0.0000
1215.850,-71.042,35.908,0.318,0.003,25.188,27.152,0.000,0.000,0.0000
1215.860,-71.042,35.908,0.318,0.001,25.188,27.152,0.000,0.000,0.0000
1215.870,-71.042,35.908,0.318,0.000,25.188,27.152,0.000,0.000,0.0000
1215.880,-71.042,35.908,0.318,0.002,25.188,27.152,0.000,0.000,0.0000
1215.890,-71.042,35.908,0.318,0.003,25.188,27.152,0.000,0.000,0.0000
1215.900,-71.042,35.908,0.318,0.004,25.188,27.152,0.000,0.000,0.0000
1215.910,-71.042,35.908,0.318,0.005,25.188,27.152,0.000,0.000,0.0000
1215.920,-71.042,35.908,0.318,0.006,25.188,27.152,0.000,0.000,0.0000
1215.930,-71.042,35.908,0.318,0.007,25.188,27.152,0.000,0.000,0.0000
1215.940,-71.042,35.908,0.318,0.007,25.188,27.152,0.000,0.000,0.0000
1215.950,-71.042,35.908,0.317,0.008,25.188,27.152,0.000,0.000,0.0000
1215.960,-71.043,35.908,0.317,0.008,25.188,27.152,0.000,0.000,0.0000
1215.970,-71.043,35.908,0.317,0.008,25.187,27.152,0.000,0.000,0.0000
1215.980,-71.043,35.908,0.317,0.008,25.187,27.152,0.000,0.000,0.0000
1215.990,-71.043,35.908,0.317,0.008,25.187,27.152,0.000,0.000,0.0000
1216.000,-71.043,35.908,0.317,0.008,25.187,27.152,0.000,0.000,0.0000
1216.010,-71.043,35.908,0.317,0.007,25.187,27.152,0.000,0.000,0.0000
1216.020,-71.043,35.908,0.317,0.007,25.187,27.152,0.000,0.000,0.0000
1216.030,-71.043,35.908,0.317,0.006,25.187,27.152,0.000,0.000,0.0000
1216.040,-71.043,35.908,0.317,0.006,25.187,27.152,0.000,0.000,0.0000
1216.050,-71.043,35.908,0.317,0.005,25.187,27.153,0.000,0.000,0.0000
1216.060,-71.043,35.908,0.317,0.005,25.187,27.153,0.000,0.000,0.0000
1216.070,-71.043,35.908,0.317,0.004,25.187,27.153,0.000,0.000,0.0000
1216.080,-71.043,35.908,0.317,0.003,25.187,27.153,0.000,0.000,0.0000
1216.090,-71.043,35.908,0.317,0.003,25.187,27.153,0.000,0.000,0.0000
1216.100,-71.043,35.908,0.317,0.002,25.187,27.153,0.000,0.000,0.0000
1216.110,-71.043,35.908,0.317,0.001,25.187,27.153,0.000,0.000,0.0000
1216.120,-71.043,35.908,0.317,0.001,25.187,27.153,0.000,0.000,0.0000
1216.130,-71.043,35.908,0.317,0.000,25.187,27.153,0.000,0.000,0.0000
1216.140,-71.043,35.908,0.317,0.000,25.187,27.153,0.000,0.000,0.0000
1216.150,-71.043,35.908,0.317,0.001,25.187,27.153,0.000,0.000,0.0000
1216.160,-71.043,35.908,0.317,0.001,25.187,27.153,0.000,0.000,0.0000
1216.170,-71.043,35.908,0.317,0.002,25.187,27.153,0.000,0.000,0.0000
1216.180,-71.043,35.908,0.317,0.002,25.187,27.153,0.000,0.000,0.0000
1216.190,-71.043,35.908,0.317,0.002,25.187,27.153,0.000,0.000,0.0000
1216.200,-71.043,35.908,0.317,0.003,25.187,27.153,0.000,0.000,0.0000
1216.210,-71.043,35.908,0.317,0.003,25.187,27.153,0.000,0.000,0.0000
1216.220,-71.043,35.908,0.317,0.003,25.187,27.153,0.000,0.000,0.0000
1216.230,-71.043,35.908,0.317,0.003,25.187,27.153,0.000,0.000,0.0000
1216.240,-71.043,35.908,0.317,0.003,25.187,27.153,0.000,0.000,0.0000
1216.250,-71.043,35.908,0.317,0.003,25.187,27.153,0.000,0.000,0.0000
1216.260,-71.043,35.908,0.317,0.003,25.187,27.152,0.000,0.000,0.0000
1216.270,-71.043,35.908,0.317,0.003,25.187,27.152,0.000,0.000,0.0000
1216.280,-71.043,35.908,0.317,0.003,25.187,27.152,0.000,0.000,0.0000
1216.290,-71.043,35.908,0.317,0.002,25.187,27.152,0.000,0.000,0.0000
1216.300,-71.043,35.908,0.317,0.002,25.187,27.152,0.000,0.000,0.0000
1216.310,-71.043,35.908,0.317,0.002,25.187,27.152,0.000,0.000,0.0000
1216.320,-71.043,35.908,0.317,0.002,25.187,27.152,0.000,0.000,0.0000
1216.330,-71.043,35.908,0.317,0.002,25.187,27.152,0.000,0.000,0.0000
1216.340,-71.043,35.908,0.317,0.001,25.187,27.152,0.000,0.000,0.0000
1216.350,-71.043,35.908,0.317,0.001,25.187,27.152,0.000,0.000,0.0000
1216.360,-71.043,35.908,0.317,0.001,25.187,27.152,0.000,0.000,0.0000
1216.370,-71.043,35.908,0.317,0.001,25.187,27.152,0.000,0.000,0.0000
1216.380,-71.043,35.908,0.317,0.000,25.187,27.152,0.000,0.000,0.0000
1216.390,-71.043,35.908,0.317,0.000,25.187,27.152,0.000,0.000,0.0000
1216.400,-71.043,35.908,0.317,0.000,25.187,27.152,0.000,0.000,0.0000
1216.410,-71.043,35.908,0.317,0.000,25.187,27.152,0.000,0.000,0.0000
1216.420,-71.043,35.908,0.317,0.000,25.187,27.152,0.000,0.000,0.0000
1216.430,-71.043,35.908,0.317,0.001,25.187,27.152,0.000,0.000,0.0000
1216.440,-71.043,35.908,0.317,0.001,25.187,27.152,0.000,0.000,0.0000
1216.450,-71.043,35.908,0.317,0.001,25.187,27.152,0.000,0.000,0.0000
1216.460,-71.043,35.908,0.317,0.001,25.187,27.152,0.000,0.000,0.0000
1216.470,-71.043,35.908,0.317,0.001,25.187,27.152,0.000,0.000,0.0000
1216.480,-71.043,35.908,0.317,0.001,25.187,27.152,0.000,0.000,0.0000
1216.490,-71.043,35.908,0.317,0.001,25.187,27.152,0.000,0.000,0.0000
1216.500,-71.043,35.908,0.317,0.001,25.187,27.152,0.000,0.000,0.0000
1216.510,-71.043,35.908,0.317,0.001,25.187,27.152,0.000,0.000,0.0000
1216.520,-71.043,35.908,0.317,0.001,25.187,27.152,0.000,0.000,0.0000
1216.530,-71.043,35.908,0.317,0.001,25.187,27.152,0.000,0.000,0.0000
1216.540,-71.043,35.908,0.317,0.001,25.187,27.152,0.000,0.000,0.0000
1216.550,-71.043,35.908,0.317,0.001,25.187,27.152,0.000,0.000,0.0000
1216.560,-71.043,35.908,0.317,0.001,25.187,27.152,0.000,0.000,0.0000
1216.570,-71.043,35.908,0.317,0.001,25.187,27.152,0.000,0.000,0.0000
1216.580,-71.043,35.908,0.317,0.001,25.187,27.152,0.000,0.000,0.0000
1216.590,-71.043,35.908,0.317,0.001,25.187,27.152,0.000,0.000,0.0000
1216.600,-71.043,35.908,0.317,0.001,25.187,27.152,0.000,0.000,0.0000
1216.610,-71.043,35.908,0.317,0.000,25.187,27.152,0.000,0.000,0.0000
1216.620,-71.043,35.908,0.317,0.000,25.187,27.152,0.000,0.000,0.0000
1216.630,-71.043,35.908,0.317,0.000,25.187,27.153,0.000,0.000,0.0000
1216.640,-71.043,35.908,0.317,0.000,25.187,27.153,0.000,0.000,0.0000
1216.650,-71.043,35.908,0.317,0.000,25.187,27.153,0.000,0.000,0.0000
1216.660,-71.043,35.908,0.317,0.000,25.187,27.153,0.000,0.000,0.0000
1216.670,-71.043,35.908,0.317,0.000,25.187,27.152,0.000,0.000,0.0000
1216.680,-71.043,35.908,0.317,0.000,25.187,27.152,0.000,0.000,0.0000
1216.690,-71.043,35.908,0.317,0.000,25.187,27.152,0.000,0.000,0.0000
1216.700,-71.043,35.908,0.317,0.000,25.187,27.152,0.000,0.000,0.0000
1216.710,-71.043,35.908,0.317,0.000,25.187,27.152,0.000,0.000,0.0000
1216.720,-71.043,35.908,0.317,0.000,25.187,27.152,0.000,0.000,0.0000
1216.730,-71.043,35.908,0.317,0.000,25.187,27.152,0.000,0.000,0.0000
1216.740,-71.043,35.908,0.317,0.000,25.187,27.152,0.000,0.000,0.0000
1216.750,-71.043,35.908,0.317,0.000,25.187,27.152,0.000,0.000,0.0000
1216.760,-71.043,35.908,0.317,0.000,25.187,27.152,0.000,0.000,0.0000
1216.770,-71.043,35.908,0.317,0.000,25.187,27.152,0.000,0.000,0.0000
1216.780,-71.043,35.908,0.317,0.000,25.187,27.152,0.000,0.000,0.0000
1216.790,-71.043,35.908,0.317,0.000,25.187,27.152,0.000,0.000,0.0000
1216.800,-71.043,35.908,0.317,0.000,25.187,27.152,0.000,0.000,0.0000
1216.810,-71.043,35.908,0.317,0.000,25.187,27.152,0.000,0.000,0.0000
1216.820,-71.043,35.908,0.317,0.000,25.187,27.152,0.000,0.000,0.0000
1216.830,-71.043,35.908,0.317,0.000,25.187,27.152,0.000,0.000,0.0000
1216.840,-71.043,35.908,0.317,0.000,25.187,27.152,0.000,0.000,0.0000
1216.850,-71.043,35.908,0.317,0.000,25.187,27.152,0.000,0.000,0.0000
1216.860,-71.043,35.908,0.317,0.000,25.187,27.152,0.000,0.000,0.0000
1216.870,-71.043,35.908,0.317,0.000,25.187,27.152,0.000,0.000,0.0000
1216.880,-71.043,35.908,0.317,0.000,25.187,27.152,0.000,0.000,0.0000
1216.890,-71.043,35.908,0.317,0.000,25.187,27.152,0.000,0.000,0.0000
1216.900,-71.043,35.908,0.317,0.000,25.187,27.152,0.000,0.000,0.0000
1216.910,-71.043,35.908,0.317,0.000,25.187,27.152,0.000,0.000,0.0000
1216.920,-71.043,35.908,0.317,0.000,25.187,27.152,0.000,0.000,0.0000
1216.930,-71.043,35.908,0.317,0.000,25.187,27.152,0.000,0.000,0.0000
1216.940,-71.043,35.908,0.317,0.000,25.187,27.152,0.000,0.000,0.0000
1216.950,-71.043,35.908,0.317,0.000,25.187,27.152,0.000,0.000,0.0000
1216.960,-71.043,35.908,0.317,0.000,25.187,27.152,0.000,0.000,0.0000
1216.970,-71.043,35.908,0.317,0.000,25.187,27.152,0.000,0.000,0.0000
1216.980,-71.043,35.908,0.317,0.000,25.187,27.152,0.000,0.000,0.0000
1216.990,-71.043,35.908,0.317,0.000,25.187,27.152,0.000,0.000,0.0000
1217.000,-71.043,35.908,0.317,0.000,25.187,27.152,0.000,0.000,0.0000
1217.010,-71.043,35.908,0.317,0.000,25.187,27.152,0.000,0.000,0.0000
1217.020,-71.043,35.908,0.317,0.000,25.187,27.152,0.000,0.000,0.0000
1217.030,-71.043,35.908,0.317,0.000,25.187,27.152,0.000,0.000,0.0000
1217.040,-71.043,35.908,0.317,0.000,25.187,27.152,0.000,0.000,0.0000
1217.050,-71.043,35.908,0.317,0.000,25.187,27.152,0.000,0.000,0.0000
1217.060,-71.043,35.908,0.317,0.000,25.187,27.152,0.000,0.000,0.0000
1217.070,-71.043,35.908,0.317,0.000,25.187,27.152,0.000,0.000,0.0000
1217.080,-71.043,35.908,0.317,0.000,25.187,27.152,0.000,0.000,0.0000
1217.090,-71.043,35.908,0.317,0.000,25.187,27.152,0.000,0.000,0.0000
1217.100,-71.043,35.908,0.317,0.000,25.187,27.152,0.000,0.000,0.0000
1217.110,-71.043,35.908,0.317,0.000,25.187,27.152,0.000,0.000,0.0000
1217.120,-71.043,35.908,0.317,0.000,25.187,27.152,0.000,0.000,0.0000
1217.130,-71.043,35.908,0.317,0.000,25.187,27.152,0.000,0.000,0.0000
1217.140,-71.043,35.908,0.317,0.000,25.187,27.152,0.000,0.000,0.0000
1217.150,-71.043,35.908,0.317,0.000,25.187,27.152,0.000,0.000,0.0000
1217.160,-71.043,35.908,0.317,0.000,25.187,27.152,0.000,0.000,0.0000
1217.170,-71.043,35.908,0.317,0.000,25.187,27.152,0.000,0.000,0.0000
1217.180,-71.043,35.908,0.317,0.000,25.187,27.152,0.000,0.000,0.0000
1217.190,-71.043,35.908,0.317,0.000,25.187,27.152,0.000,0.000,0.0000
1217.200,-71.043,35.908,0.317,0.000,25.187,27.152,0.000,0.000,0.0000
1217.210,-71.043,35.908,0.317,0.000,25.187,27.152,0.000,0.000,0.0000
1217.220,-71.043,35.908,0.317,0.000,25.187,27.152,0.000,0.000,0.0000
1217.230,-71.043,35.908,0.317,0.000,25.187,27.152,0.000,0.000,0.0000
1217.240,-71.043,35.908,0.317,0.000,25.187,27.152,0.000,0.000,0.0000
1217.250,-71.043,35.908,0.317,0.000,25.187,27.152,0.000,0.000,0.0000
1217.260,-71.043,35.908,0.317,0.000,25.187,27.152,0.000,0.000,0.0000
1217.270,-71.043,35.908,0.317,0.000,25.187,27.152,0.000,0.000,0.0000
1217.280,-71.043,35.908,0.317,0.000,25.187,27.152,0.000,0.000,0.0000
1217.290,-71.043,35.908,0.317,0.000,25.187,27.152,0.000,0.000,0.0000
1217.300,-71.043,35.908,0.317,0.000,25.187,27.152,0.000,0.000,0.0000
1217.310,-71.043,35.908,0.317,0.000,25.187,27.152,0.000,0.000,0.0000
1217.320,-71.043,35.908,0.317,0.000,25.187,27.152,0.000,0.000,0.0000
1217.330,-71.043,35.908,0.317,0.000,25.187,27.152,0.000,0.000,0.0000
1217.340,-71.043,35.908,0.317,0.000,25.187,27.152,0.000,0.000,0.0000
1217.350,-71.043,35.908,0.317,0.000,25.187,27.152,0.000,0.000,0.0000
1217.360,-71.043,35.908,0.317,0.000,25.187,27.152,0.000,0.000,0.0000
1217.370,-71.043,35.908,0.317,0.000,25.187,27.152,0.000,0.000,0.0000
1217.380,-71.043,35.908,0.317,0.000,25.187,27.152,0.000,0.000,0.0000
1217.390,-71.043,35.908,0.317,0.000,25.187,27.152,0.000,0.000,0.0000
1217.400,-71.043,35.908,0.317,0.000,25.187,27.152,0.000,0.000,0.0000
1217.410,-71.043,35.908,0.317,0.000,25.187,27.152,0.000,0.000,0.0000
1217.420,-71.043,35.908,0.317,0.000,25.187,27.152,0.000,0.000,0.0000
1217.430,-71.043,35.908,0.317,0.000,25.187,27.152,0.000,0.000,0.0000
1217.440,-71.043,35.908,0.317,0.000,25.187,27.152,0.000,0.000,0.0000
1217.450,-71.043,35.908,0.317,0.000,25.187,27.152,0.000,0.000,0.0000
1217.460,-71.043,35.908,0.317,0.000,25.187,27.152,0.000,0.000,0.0000
1217.470,-71.043,35.908,0.317,0.000,25.187,27.152,0.000,0.000,0.0000
1217.480,-71.043,35.908,0.317,0.000,25.187,27.152,0.000,0.000,0.0000
1217.490,-71.043,35.908,0.317,0.000,25.187,27.152,0.000,0.000,0.0000
1217.500,-71.043,35.908,0.317,0.000,25.187,27.152,0.000,0.000,0.0000
1217.510,-71.043,35.908,0.317,0.000,25.187,27.152,0.000,0.000,0.0000
1217.520,-71.043,35.908,0.317,0.000,25.187,27.152,0.000,0.000,0.0000
1217.530,-71.043,35.908,0.317,0.000,25.187,27.152,0.000,0.000,0.0000
1217.540,-71.043,35.908,0.317,0.000,25.187,27.152,0.000,0.000,0.0000
1217.550,-71.043,35.908,0.317,0.000,25.187,27.152,0.000,0.000,0.0000
1217.560,-71.043,35.908,0.317,0.000,25.187,27.152,0.000,0.000,0.0000
1217.570,-71.043,35.908,0.317,0.000,25.187,27.152,0.000,0.000,0.0000
1217.580,-71.043,35.908,0.317,0.000,25.187,27.152,0.000,0.000,0.0000
1217.590,-71.043,35.908,0.317,0.000,25.187,27.152,0.000,0.000,0.0000
1217.600,-71.043,35.908,0.317,0.000,25.187,27.152,0.000,0.000,0.0000
1217.610,-71.043,35.908,0.317,0.000,25.187,27.152,0.000,0.000,0.0000
1217.620,-71.043,35.908,0.317,0.000,25.187,27.152,0.000,0.000,0.0000
1217.630,-71.043,35.908,0.317,0.000,25.187,27.152,0.000,0.000,0.0000
1217.640,-71.043,35.908,0.317,0.000,25.187,27.152,0.000,0.000,0.0000
1217.650,-71.043,35.908,0.317,0.000,25.187,27.152,0.000,0.000,0.0000
1217.660,-71.043,35.908,0.317,0.000,25.187,27.152,0.000,0.000,0.0000
1217.670,-71.043,35.908,0.317,0.000,25.187,27.152,0.000,0.000,0.0000
1217.680,-71.043,35.908,0.317,0.000,25.187,27.152,0.000,0.000,0.0000
1217.690,-71.043,35.908,0.317,0.000,25.187,27.152,0.000,0.000,0.0000
1217.700,-71.043,35.908,0.317,0.000,25.187,27.152,0.000,0.000,0.0000
1217.710,-71.043,35.908,0.317,0.000,25.187,27.152,0.000,0.000,0.0000
1217.720,-71.043,35.908,0.317,0.000,25.187,27.152,0.000,0.000,0.0000
1217.730,-71.043,35.908,0.317,0.000,25.187,27.152,0.000,0.000,0.0000
1217.740,-71.043,35.908,0.317,0.000,25.187,27.152,0.040,0.000,0.0000
1217.750,-71.042,35.908,0.317,0.014,25.188,27.153,0.080,0.000,0.0000
1217.760,-71.042,35.908,0.317,0.040,25.188,27.153,0.120,0.000,0.0000
1217.770,-71.041,35.908,0.317,0.074,25.189,27.154,0.160,0.000,0.0000
1217.780,-71.040,35.909,0.316,0.112,25.190,27.155,0.200,0.000,0.0000
1217.790,-71.039,35.909,0.316,0.152,25.191,27.156,0.240,0.000,0.0000
1217.800,-71.037,35.910,0.316,0.192,25.193,27.158,0.280,0.000,0.0000
1217.810,-71.035,35.910,0.315,0.231,25.195,27.160,0.320,0.000,0.0000
1217.820,-71.032,35.911,0.315,0.270,25.198,27.163,0.360,0.000,0.0000
1217.830,-71.029,35.912,0.314,0.307,25.201,27.166,0.400,0.000,0.0000
1217.840,-71.026,35.913,0.314,0.344,25.204,27.169,0.440,0.000,0.0000
1217.850,-71.022,35.914,0.313,0.380,25.208,27.173,0.480,0.000,0.0000
1217.860,-71.018,35.916,0.312,0.417,25.212,27.177,0.520,0.000,0.0000
1217.870,-71.013,35.917,0.312,0.454,25.217,27.181,0.560,0.000,0.0000
1217.880,-71.008,35.919,0.311,0.491,25.222,27.186,0.600,0.000,0.0000
1217.890,-71.003,35.920,0.311,0.528,25.227,27.191,0.640,0.000,0.0000
1217.900,-70.997,35.922,0.310,0.566,25.233,27.197,0.680,0.000,0.0000
1217.910,-70.991,35.924,0.310,0.605,25.239,27.202,0.720,0.000,0.0000
1217.920,-70.985,35.926,0.309,0.643,25.245,27.208,0.760,0.000,0.0000
1217.930,-70.978,35.928,0.309,0.682,25.252,27.215,0.800,0.000,0.0000
1217.940,-70.971,35.930,0.309,0.721,25.259,27.222,0.840,0.000,0.0000
1217.950,-70.963,35.933,0.309,0.760,25.267,27.229,0.880,0.000,0.0000
1217.960,-70.955,35.935,0.308,0.799,25.275,27.236,0.920,0.000,0.0000
1217.970,-70.947,35.938,0.308,0.839,25.283,27.244,0.960,0.000,0.0000
1217.980,-70.938,35.941,0.308,0.878,25.292,27.252,1.000,0.000,0.0000
1217.990,-70.929,35.943,0.308,0.918,25.301,27.260,1.000,0.000,0.0000
1218.000,-70.919,35.946,0.308,0.957,25.311,27.269,1.000,0.000,0.0000
1218.010,-70.910,35.949,0.308,0.997,25.320,27.278,1.000,0.000,0.0000
1218.020,-70.899,35.953,0.308,1.036,25.331,27.288,1.000,0.000,0.0000
1218.030,-70.888,35.956,0.308,1.074,25.342,27.298,1.000,0.000,0.0080
1218.040,-70.877,35.959,0.308,1.113,25.353,27.308,1.000,0.000,0.0160
1218.050,-70.866,35.963,0.308,1.151,25.364,27.319,1.000,0.000,0.0240
1218.060,-70.854,35.967,0.308,1.189,25.376,27.329,1.000,0.000,0.0320
1218.070,-70.842,35.970,0.308,1.226,25.388,27.341,1.000,0.000,0.0400
1218.080,-70.829,35.974,0.308,1.263,25.401,27.352,1.000,0.000,0.0480
1218.090,-70.816,35.978,0.309,1.300,25.414,27.364,1.000,0.000,0.0560
1218.100,-70.803,35.983,0.309,1.337,25.427,27.376,1.000,0.000,0.0640
1218.110,-70.789,35.987,0.309,1.375,25.441,27.389,1.000,0.000,0.0720
1218.120,-70.775,35.991,0.309,1.412,25.455,27.402,1.000,0.000,0.0800
1218.130,-70.760,35.996,0.310,1.449,25.470,27.415,1.000,0.000,0.0880
1218.140,-70.745,36.000,0.310,1.486,25.485,27.429,1.000,0.000,0.0960
1218.150,-70.730,36.005,0.310,1.523,25.500,27.443,1.000,0.000,0.1040
1218.160,-70.715,36.010,0.310,1.560,25.515,27.457,1.000,0.000,0.1120
1218.170,-70.699,36.015,0.310,1.596,25.531,27.472,1.000,0.000,0.1200
1218.180,-70.682,36.020,0.311,1.633,25.548,27.486,1.000,0.000,0.1280
1218.190,-70.666,36.025,0.311,1.670,25.564,27.502,1.000,0.000,0.1360
1218.200,-70.649,36.030,0.311,1.707,25.581,27.517,1.000,0.000,0.1440
1218.210,-70.631,36.035,0.311,1.744,25.599,27.533,1.000,0.000,0.1520
1218.220,-70.613,36.041,0.311,1.783,25.617,27.550,1.000,0.000,0.1600
1218.230,-70.595,36.046,0.311,1.822,25.635,27.567,1.000,0.000,0.1680
1218.240,-70.576,36.052,0.311,1.861,25.654,27.584,1.000,0.000,0.1380
1218.250,-70.557,36.058,0.311,1.901,25.673,27.601,1.000,0.000,0.1080
1218.260,-70.538,36.063,0.311,1.939,25.692,27.619,1.000,0.000,0.0780
1218.270,-70.518,36.069,0.311,1.977,25.712,27.637,1.000,0.000,0.0480
1218.280,-70.498,36.075,0.311,2.015,25.732,27.656,1.000,0.000,0.0180
1218.290,-70.478,36.082,0.311,2.049,25.752,27.675,1.000,0.000,0.0000
1218.300,-70.457,36.088,0.311,2.082,25.773,27.694,1.000,0.000,0.0000
1218.310,-70.436,36.094,0.311,2.116,25.794,27.714,1.000,0.000,0.0000
1218.320,-70.414,36.100,0.311,2.150,25.816,27.733,1.000,0.000,0.0000
1218.330,-70.392,36.107,0.311,2.185,25.838,27.754,1.000,0.000,0.0000
1218.340,-70.370,36.113,0.311,2.221,25.860,27.774,1.000,0.000,0.0000
1218.350,-70.348,36.120,0.311,2.258,25.882,27.795,1.000,0.000,0.0000
1218.360,-70.325,36.127,0.311,2.295,25.905,27.816,1.000,0.000,0.0000
1218.370,-70.301,36.134,0.311,2.333,25.929,27.838,1.000,0.000,0.0000
1218.380,-70.278,36.141,0.311,2.371,25.952,27.860,1.000,0.000,0.0000
1218.390,-70.253,36.148,0.311,2.409,25.977,27.882,1.000,0.000,0.0000
1218.400,-70.229,36.155,0.311,2.446,26.001,27.904,1.000,0.000,0.0000
1218.410,-70.204,36.162,0.311,2.484,26.026,27.927,1.000,0.000,0.0000
1218.420,-70.179,36.170,0.311,2.521,26.051,27.951,1.000,0.000,0.0000
1218.430,-70.153,36.177,0.311,2.558,26.077,27.974,1.000,0.000,0.0000
1218.440,-70.127,36.185,0.311,2.597,26.103,27.998,1.000,0.000,0.0000
1218.450,-70.101,36.193,0.310,2.637,26.129,28.023,1.000,0.000,0.0000
1218.460,-70.074,36.201,0.310,2.677,26.156,28.048,1.000,0.000,0.0000
1218.470,-70.047,36.209,0.310,2.718,26.183,28.073,1.000,0.000,0.0000
1218.480,-70.019,36.217,0.310,2.758,26.211,28.098,1.000,0.000,0.0000
1218.490,-69.991,36.225,0.310,2.802,26.239,28.124,1.000,0.000,0.0000
1218.500,-69.963,36.234,0.310,2.845,26.267,28.151,1.000,0.000,0.0000
1218.510,-69.934,36.242,0.310,2.888,26.296,28.177,1.000,0.000,0.0000
1218.520,-69.905,36.251,0.310,2.929,26.325,28.204,1.000,0.000,0.0000
1218.530,-69.875,36.260,0.310,2.969,26.355,28.232,1.000,0.000,0.0000
1218.540,-69.845,36.269,0.310,3.009,26.385,28.260,1.000,0.000,0.0000
1218.550,-69.815,36.278,0.310,3.048,26.415,28.288,1.000,0.000,0.0000
1218.560,-69.784,36.287,0.310,3.087,26.446,28.317,1.000,0.000,0.0000
1218.570,-69.752,36.296,0.310,3.126,26.478,28.346,1.000,0.000,0.0000
1218.580,-69.721,36.305,0.309,3.164,26.509,28.375,1.000,0.000,0.0000
1218.590,-69.689,36.315,0.309,3.205,26.541,28.405,1.000,0.000,0.0000
1218.600,-69.656,36.324,0.309,3.246,26.574,28.435,1.000,0.000,0.0000
1218.610,-69.623,36.334,0.309,3.286,26.607,28.465,1.000,0.000,0.0000
1218.620,-69.590,36.343,0.309,3.326,26.640,28.496,1.000,0.000,0.0080
1218.630,-69.557,36.353,0.309,3.365,26.673,28.527,1.000,0.000,0.0160
1218.640,-69.523,36.363,0.310,3.402,26.707,28.559,1.000,0.000,0.0240
1218.650,-69.488,36.373,0.310,3.437,26.742,28.591,1.000,0.000,0.0320
1218.660,-69.453,36.383,0.310,3.470,26.777,28.623,1.000,0.000,0.0400
1218.670,-69.418,36.393,0.310,3.504,26.812,28.655,1.000,0.000,0.0480
1218.680,-69.383,36.404,0.310,3.539,26.847,28.688,1.000,0.000,0.0560
1218.690,-69.347,36.414,0.310,3.575,26.883,28.721,1.000,0.000,0.0640
1218.700,-69.311,36.424,0.310,3.610,26.919,28.755,1.000,0.000,0.0720
1218.710,-69.275,36.435,0.310,3.642,26.955,28.788,1.000,0.000,0.0800
1218.720,-69.238,36.446,0.310,3.672,26.992,28.822,1.000,0.000,0.0880
1218.730,-69.201,36.456,0.310,3.701,27.029,28.857,1.000,0.000,0.0960
1218.740,-69.164,36.467,0.311,3.729,27.066,28.891,1.000,0.000,0.1040
1218.750,-69.126,36.478,0.311,3.756,27.104,28.926,1.000,0.000,0.1120
1218.760,-69.088,36.489,0.311,3.785,27.142,28.961,1.000,0.000,0.1200
1218.770,-69.050,36.500,0.311,3.816,27.180,28.997,1.000,0.000,0.1280
1218.780,-69.012,36.511,0.311,3.849,27.218,29.032,1.000,0.000,0.1360
1218.790,-68.973,36.522,0.311,3.884,27.257,29.068,1.000,0.000,0.1440
1218.800,-68.934,36.533,0.311,3.919,27.296,29.105,1.000,0.000,0.1520
1218.810,-68.894,36.545,0.312,3.954,27.336,29.142,1.000,0.000,0.1600
1218.820,-68.854,36.556,0.312,3.989,27.376,29.179,1.000,0.000,0.1680
1218.830,-68.814,36.567,0.312,4.024,27.416,29.216,1.000,0.000,0.1760
1218.840,-68.773,36.579,0.312,4.058,27.457,29.254,1.000,0.000,0.1840
1218.850,-68.732,36.590,0.312,4.093,27.498,29.292,1.000,0.000,0.1920
1218.860,-68.692,36.602,0.312,4.029,27.538,29.329,1.000,0.000,0.2000
1218.870,-68.652,36.614,0.312,4.025,27.578,29.367,1.000,0.000,0.2080
1218.880,-68.611,36.625,0.312,4.120,27.619,29.405,1.000,0.000,0.2160
1218.890,-68.570,36.637,0.312,4.112,27.660,29.443,1.000,0.000,0.2240
1218.900,-68.528,36.649,0.312,4.195,27.702,29.482,1.000,0.000,0.2320
1218.910,-68.485,36.661,0.312,4.242,27.745,29.522,1.000,0.000,0.2400
1218.920,-68.442,36.672,0.312,4.292,27.788,29.562,1.000,0.000,0.2480
1218.930,-68.399,36.684,0.312,4.336,27.831,29.602,1.000,0.000,0.2560
1218.940,-68.355,36.696,0.312,4.392,27.875,29.644,1.000,0.000,0.2640
1218.950,-68.311,36.707,0.312,4.449,27.919,29.685,1.000,0.000,0.2720
1218.960,-68.267,36.718,0.312,4.345,27.963,29.726,1.000,0.000,0.2800
1218.970,-68.223,36.730,0.312,4.430,28.007,29.767,1.000,0.000,0.2880
1218.980,-68.178,36.741,0.312,4.473,28.052,29.809,1.000,0.000,0.2960
1218.990,-68.133,36.752,0.311,4.553,28.097,29.851,1.000,0.000,0.3040
1219.000,-68.086,36.763,0.311,4.614,28.144,29.894,1.000,0.000,0.3120
1219.010,-68.040,36.774,0.311,4.663,28.190,29.938,1.000,0.000,0.3200
1219.020,-67.993,36.785,0.311,4.704,28.237,29.982,1.000,0.000,0.3280
1219.030,-67.945,36.796,0.311,4.740,28.285,30.026,1.000,0.000,0.3360
1219.040,-67.898,36.807,0.310,4.772,28.332,30.071,1.000,0.000,0.3440
1219.050,-67.850,36.818,0.310,4.803,28.380,30.116,1.000,0.000,0.3520
1219.060,-67.801,36.828,0.310,4.832,28.429,30.161,1.000,0.000,0.3600
1219.070,-67.753,36.838,0.310,4.860,28.477,30.207,1.000,0.000,0.3680
1219.080,-67.704,36.848,0.310,4.886,28.526,30.252,1.000,0.000,0.3760
1219.090,-67.655,36.858,0.310,4.910,28.575,30.298,0.940,0.000,0.3840
1219.100,-67.605,36.868,0.311,4.933,28.625,30.344,0.880,0.000,0.3540
1219.110,-67.556,36.877,0.311,4.947,28.674,30.390,0.820,0.000,0.3240
1219.120,-67.506,36.887,0.311,4.952,28.724,30.437,0.760,0.000,0.2940
1219.130,-67.457,36.895,0.312,4.959,28.773,30.483,0.700,0.000,0.2640
1219.140,-67.407,36.904,0.312,4.973,28.823,30.529,0.640,0.000,0.2340
1219.150,-67.357,36.913,0.312,5.006,28.873,30.576,0.580,0.000,0.2040
1219.160,-67.306,36.921,0.313,5.054,28.924,30.623,0.520,0.000,0.1740
1219.170,-67.255,36.929,0.313,5.118,28.975,30.671,0.460,0.000,0.1440
1219.180,-67.203,36.937,0.313,5.184,29.027,30.720,0.400,0.000,0.1140
1219.190,-67.151,36.945,0.313,5.247,29.079,30.769,0.340,0.000,0.0840
1219.200,-67.098,36.952,0.313,5.296,29.132,30.819,0.280,0.000,0.0540
1219.210,-67.045,36.959,0.313,5.323,29.185,30.869,0.220,0.000,0.0240
1219.220,-66.991,36.967,0.313,5.331,29.239,30.919,0.160,0.000,0.0000
1219.230,-66.938,36.974,0.313,5.326,29.292,30.969,0.100,0.000,0.0000
1219.240,-66.885,36.980,0.313,5.314,29.345,31.018,0.040,0.000,0.0000
1219.250,-66.832,36.987,0.314,5.296,29.398,31.068,0.000,0.000,0.0000
1219.260,-66.779,36.993,0.314,5.277,29.451,31.117,0.000,0.000,0.0000
1219.270,-66.727,37.000,0.314,5.250,29.503,31.167,0.000,0.000,0.0000
1219.280,-66.675,37.006,0.315,5.215,29.555,31.215,0.000,0.000,0.0000
1219.290,-66.623,37.012,0.316,5.176,29.607,31.264,0.000,0.000,0.0000
1219.300,-66.572,37.017,0.316,5.134,29.658,31.312,0.000,0.000,0.0000
1219.310,-66.521,37.023,0.317,5.090,29.709,31.359,0.000,0.000,0.0000
1219.320,-66.470,37.029,0.318,5.047,29.760,31.406,0.000,0.000,0.0000
1219.330,-66.420,37.034,0.319,5.006,29.810,31.453,0.000,0.000,0.0000
1219.340,-66.371,37.040,0.320,4.968,29.859,31.500,0.000,0.000,0.0000
1219.350,-66.321,37.045,0.321,4.932,29.909,31.546,0.000,0.000,0.0000
1219.360,-66.272,37.050,0.321,4.897,29.958,31.592,0.000,0.000,0.0000
1219.370,-66.224,37.056,0.322,4.863,30.006,31.637,0.000,0.000,0.0000
1219.380,-66.175,37.061,0.323,4.827,30.055,31.682,0.000,0.000,0.0000
1219.390,-66.127,37.066,0.324,4.790,30.103,31.727,0.000,0.000,0.0000
1219.400,-66.080,37.071,0.324,4.751,30.150,31.772,0.000,0.000,0.0000
1219.410,-66.033,37.076,0.325,4.710,30.197,31.816,0.000,0.000,0.0000
1219.420,-65.986,37.081,0.325,4.667,30.244,31.860,0.000,0.000,0.0000
1219.430,-65.940,37.086,0.326,4.623,30.290,31.903,0.000,0.000,0.0000
1219.440,-65.894,37.091,0.326,4.578,30.336,31.946,0.000,0.000,0.0000
1219.450,-65.849,37.096,0.326,4.532,30.381,31.989,0.000,0.000,0.0000
1219.460,-65.804,37.101,0.327,4.486,30.426,32.031,0.000,0.000,0.0000
1219.470,-65.760,37.106,0.327,4.443,30.470,32.073,0.040,0.000,0.0000
1219.480,-65.716,37.111,0.327,4.402,30.514,32.114,0.080,0.000,0.0000
1219.490,-65.672,37.116,0.328,4.323,30.558,32.154,0.120,0.000,0.0000
1219.500,-65.629,37.121,0.330,4.307,30.601,32.195,0.160,0.000,0.0000
1219.510,-65.586,37.126,0.331,4.288,30.644,32.234,0.200,0.000,0.0000
1219.520,-65.544,37.131,0.333,4.264,30.686,32.274,0.240,0.000,0.0000
1219.530,-65.502,37.136,0.336,4.200,30.728,32.313,0.280,0.000,0.0000
1219.540,-65.460,37.141,0.339,4.184,30.770,32.351,0.320,0.000,0.0000
1219.550,-65.419,37.146,0.342,4.161,30.811,32.389,0.360,0.000,0.0000
1219.560,-65.378,37.151,0.346,4.134,30.852,32.427,0.400,0.000,0.0000
1219.570,-65.336,37.155,0.349,4.129,30.894,32.465,0.440,0.000,0.0000
1219.580,-65.295,37.160,0.352,4.141,30.935,32.503,0.480,0.000,0.0000
1219.590,-65.254,37.164,0.355,4.167,30.977,32.541,0.520,0.000,0.0000
1219.600,-65.212,37.169,0.357,4.202,31.018,32.580,0.560,0.000,0.0000
1219.610,-65.169,37.173,0.360,4.241,31.061,32.619,0.600,0.000,0.0000
1219.620,-65.126,37.178,0.362,4.281,31.104,32.659,0.640,0.000,0.0000
1219.630,-65.083,37.182,0.363,4.321,31.147,32.699,0.680,0.000,0.0000
1219.640,-65.040,37.187,0.365,4.361,31.190,32.740,0.720,0.000,0.0000
1219.650,-64.996,37.191,0.366,4.399,31.234,32.781,0.760,0.000,0.0000
1219.660,-64.951,37.196,0.366,4.437,31.279,32.823,0.800,0.000,0.0000
1219.670,-64.907,37.201,0.367,4.474,31.323,32.865,0.840,0.000,0.0000
1219.680,-64.862,37.205,0.367,4.511,31.369,32.908,0.880,0.000,0.0000
1219.690,-64.816,37.210,0.366,4.549,31.414,32.951,0.920,0.000,0.0000
1219.700,-64.770,37.215,0.366,4.587,31.460,32.995,0.960,0.000,0.0000
1219.710,-64.724,37.220,0.365,4.625,31.506,33.039,1.000,0.000,0.0000
1219.720,-64.677,37.224,0.365,4.663,31.553,33.083,1.000,0.000,0.0000
1219.730,-64.630,37.229,0.364,4.700,31.600,33.128,1.000,0.000,0.0000
1219.740,-64.583,37.234,0.362,4.737,31.647,33.173,1.000,0.000,0.0000
1219.750,-64.535,37.239,0.361,4.776,31.695,33.219,1.000,0.000,0.0000
1219.760,-64.487,37.244,0.360,4.815,31.743,33.265,1.000,0.000,0.0000
1219.770,-64.439,37.249,0.359,4.854,31.792,33.311,1.000,0.000,0.0000
1219.780,-64.390,37.254,0.357,4.894,31.840,33.358,1.000,0.000,0.0000
1219.790,-64.340,37.259,0.356,4.933,31.890,33.405,1.000,0.000,0.0000
1219.800,-64.291,37.265,0.354,4.973,31.939,33.452,1.000,0.000,0.0000
1219.810,-64.240,37.270,0.353,5.013,31.990,33.500,1.000,0.000,0.0000
1219.820,-64.190,37.275,0.352,5.053,32.040,33.549,1.000,0.000,0.0000
1219.830,-64.139,37.280,0.351,5.094,32.091,33.597,1.000,0.000,0.0000
1219.840,-64.088,37.286,0.350,5.135,32.142,33.646,1.000,0.000,0.0000
1219.850,-64.036,37.291,0.349,5.177,32.194,33.696,1.000,0.000,0.0000
1219.860,-63.984,37.296,0.348,5.219,32.246,33.746,1.000,0.000,0.0000
1219.870,-63.931,37.302,0.347,5.260,32.299,33.796,1.000,0.000,0.0000
1219.880,-63.878,37.307,0.346,5.302,32.352,33.846,1.000,0.000,0.0000
1219.890,-63.825,37.313,0.346,5.343,32.405,33.897,1.000,0.000,0.0000
1219.900,-63.771,37.318,0.345,5.385,32.459,33.948,1.000,0.000,0.0000
1219.910,-63.717,37.324,0.345,5.426,32.513,34.000,1.000,0.000,0.0000
1219.920,-63.662,37.329,0.344,5.467,32.568,34.052,1.000,0.000,0.0000
1219.930,-63.607,37.335,0.344,5.508,32.623,34.104,1.000,0.000,0.0000
1219.940,-63.551,37.341,0.344,5.546,32.679,34.157,1.000,0.000,0.0000
1219.950,-63.496,37.347,0.344,5.584,32.734,34.210,1.000,0.000,0.0000
1219.960,-63.439,37.352,0.344,5.623,32.791,34.264,1.000,0.000,0.0000
1219.970,-63.383,37.358,0.345,5.662,32.847,34.317,1.000,0.000,0.0000
1219.980,-63.326,37.364,0.345,5.701,32.904,34.371,1.000,0.000,0.0000
1219.990,-63.268,37.370,0.345,5.740,32.962,34.426,1.000,0.000,0.0000
1220.000,-63.211,37.376,0.346,5.779,33.020,34.481,1.000,0.000,0.0000
1220.010,-63.152,37.382,0.346,5.818,33.078,34.536,1.000,0.000,0.0000
1220.020,-63.094,37.388,0.347,5.858,33.136,34.591,1.000,0.000,0.0000
1220.030,-63.035,37.395,0.347,5.897,33.195,34.647,1.000,0.000,0.0000
1220.040,-62.975,37.401,0.348,5.937,33.255,34.704,1.000,0.000,0.0000
1220.050,-62.916,37.407,0.348,5.977,33.314,34.760,1.000,0.000,0.0000
1220.060,-62.855,37.413,0.349,6.018,33.375,34.818,1.000,0.000,0.0000
1220.070,-62.795,37.420,0.349,6.059,33.435,34.875,1.000,0.000,0.0000
1220.080,-62.734,37.426,0.350,6.100,33.496,34.933,1.000,0.000,0.0000
1220.090,-62.673,37.433,0.350,6.140,33.558,34.991,1.000,0.000,0.0000
1220.100,-62.611,37.439,0.350,6.181,33.619,35.050,1.000,0.000,0.0000
1220.110,-62.548,37.446,0.351,6.221,33.682,35.109,1.000,0.000,0.0000
1220.120,-62.486,37.452,0.351,6.261,33.744,35.169,1.000,0.000,0.0000
1220.130,-62.423,37.459,0.351,6.301,33.807,35.229,1.000,0.000,0.0000
1220.140,-62.359,37.465,0.352,6.338,33.871,35.289,1.000,0.000,0.0000
1220.150,-62.296,37.472,0.352,6.375,33.934,35.350,1.000,0.000,0.0000
1220.160,-62.232,37.478,0.352,6.412,33.998,35.411,1.000,0.000,0.0000
1220.170,-62.167,37.485,0.352,6.450,34.063,35.472,1.000,0.000,0.0000
1220.180,-62.102,37.492,0.352,6.489,34.128,35.534,1.000,0.000,0.0000
1220.190,-62.037,37.498,0.352,6.527,34.193,35.597,1.000,0.000,0.0000
1220.200,-61.971,37.505,0.352,6.566,34.259,35.659,1.000,0.000,0.0000
1220.210,-61.905,37.512,0.352,6.605,34.325,35.722,1.000,0.000,0.0000
1220.220,-61.839,37.518,0.352,6.643,34.391,35.786,1.000,0.000,0.0000
1220.230,-61.772,37.525,0.352,6.683,34.458,35.850,1.000,0.000,0.0000
1220.240,-61.705,37.532,0.352,6.724,34.525,35.914,1.000,0.000,0.0000
1220.250,-61.637,37.539,0.352,6.765,34.593,35.978,1.000,0.000,0.0000
1220.260,-61.569,37.546,0.352,6.806,34.661,36.043,1.000,0.000,0.0000
1220.270,-61.501,37.552,0.352,6.847,34.729,36.109,1.000,0.000,0.0000
1220.280,-61.432,37.559,0.352,6.888,34.798,36.175,1.000,0.000,0.0000
1220.290,-61.362,37.566,0.351,6.929,34.868,36.241,1.000,0.000,0.0000
1220.300,-61.293,37.573,0.351,6.970,34.937,36.308,1.000,0.000,0.0000
1220.310,-61.223,37.580,0.351,7.008,35.007,36.375,1.000,0.000,0.0000
1220.320,-61.152,37.587,0.351,7.045,35.078,36.442,1.000,0.000,0.0000
1220.330,-61.081,37.594,0.351,7.083,35.149,36.510,1.000,0.000,0.0000
1220.340,-61.010,37.601,0.350,7.121,35.220,36.578,1.000,0.000,0.0000
1220.350,-60.939,37.609,0.350,7.159,35.291,36.647,1.000,0.000,0.0000
1220.360,-60.867,37.616,0.350,7.197,35.363,36.716,1.000,0.000,0.0000
1220.370,-60.794,37.623,0.350,7.236,35.436,36.785,1.000,0.000,0.0000
1220.380,-60.722,37.631,0.350,7.274,35.509,36.854,1.000,0.000,0.0000
1220.390,-60.648,37.638,0.350,7.313,35.582,36.925,1.000,0.000,0.0000
1220.400,-60.575,37.646,0.350,7.353,35.655,36.995,1.000,0.000,0.0000
1220.410,-60.501,37.653,0.350,7.394,35.729,37.066,1.000,0.000,0.0000
1220.420,-60.427,37.661,0.350,7.431,35.803,37.137,1.000,0.000,0.0000
1220.430,-60.352,37.668,0.350,7.475,35.878,37.209,1.000,0.000,0.0000
1220.440,-60.277,37.676,0.350,7.522,35.953,37.281,1.000,0.000,0.0000
1220.450,-60.201,37.684,0.350,7.520,36.029,37.353,1.000,0.000,0.0000
1220.460,-60.126,37.691,0.350,7.515,36.104,37.425,1.000,0.000,0.0000
1220.470,-60.051,37.698,0.350,7.510,36.179,37.497,1.000,0.000,0.0000
1220.480,-59.976,37.706,0.350,7.505,36.254,37.568,1.000,0.000,0.0000
1220.490,-59.901,37.713,0.351,7.561,36.330,37.641,1.000,0.000,0.0000
1220.500,-59.824,37.721,0.351,7.669,36.406,37.714,1.000,0.000,0.0000
1220.510,-59.746,37.729,0.351,7.768,36.484,37.789,1.000,0.000,0.0000
1220.520,-59.668,37.737,0.350,7.851,36.562,37.864,1.000,0.000,0.0000
1220.530,-59.588,37.745,0.350,7.915,36.642,37.940,1.000,0.000,0.0000
1220.540,-59.509,37.753,0.350,7.963,36.721,38.017,1.000,0.000,0.0000
1220.550,-59.429,37.761,0.350,8.001,36.801,38.094,1.000,0.000,0.0000
1220.560,-59.349,37.769,0.349,8.034,36.882,38.171,1.000,0.000,0.0000
1220.570,-59.268,37.777,0.349,8.067,36.962,38.248,1.000,0.000,0.0000
1220.580,-59.187,37.785,0.349,8.101,37.043,38.326,1.000,0.000,0.0000
1220.590,-59.105,37.793,0.349,8.136,37.125,38.404,1.000,0.000,0.0000
1220.600,-59.024,37.801,0.349,8.172,37.206,38.483,1.000,0.000,0.0000
1220.610,-58.942,37.809,0.349,8.208,37.288,38.562,1.000,0.000,0.0000
1220.620,-58.859,37.817,0.349,8.245,37.371,38.641,1.000,0.000,0.0000
1220.630,-58.776,37.826,0.349,8.282,37.454,38.721,1.000,0.000,0.0000
1220.640,-58.693,37.834,0.349,8.314,37.537,38.801,1.000,0.000,0.0000
1220.650,-58.610,37.842,0.349,8.347,37.620,38.881,1.000,0.000,0.0000
1220.660,-58.526,37.850,0.349,8.381,37.704,38.961,1.000,0.000,0.0000
1220.670,-58.442,37.859,0.350,8.416,37.788,39.042,1.000,0.000,0.0000
1220.680,-58.357,37.867,0.350,8.453,37.873,39.124,1.000,0.000,0.0000
1220.690,-58.272,37.876,0.350,8.490,37.958,39.205,1.000,0.000,0.0000
1220.700,-58.187,37.884,0.350,8.529,38.043,39.287,1.000,0.000,0.0000
1220.710,-58.101,37.893,0.350,8.570,38.129,39.370,1.000,0.000,0.0000
1220.720,-58.015,37.902,0.350,8.611,38.215,39.453,1.000,0.000,0.0080
1220.730,-57.929,37.910,0.350,8.654,38.301,39.536,1.000,0.000,0.0160
1220.740,-57.842,37.919,0.350,8.698,38.388,39.620,1.000,0.000,0.0240
1220.750,-57.754,37.928,0.350,8.742,38.476,39.704,1.000,0.000,0.0320
1220.760,-57.666,37.936,0.350,8.786,38.564,39.789,1.000,0.000,0.0400
1220.770,-57.578,37.945,0.350,8.830,38.652,39.874,1.000,0.000,0.0480
1220.780,-57.490,37.954,0.351,8.869,38.741,39.959,1.000,0.000,0.0560
1220.790,-57.400,37.963,0.351,8.910,38.830,40.045,1.000,0.000,0.0640
1220.800,-57.311,37.972,0.351,8.923,38.919,40.131,1.000,0.000,0.0720
1220.810,-57.222,37.981,0.350,8.938,39.008,40.217,1.000,0.000,0.0800
1220.820,-57.132,37.990,0.348,8.956,39.098,40.304,1.000,0.000,0.0880
1220.830,-57.043,37.999,0.345,8.978,39.188,40.391,1.000,0.000,0.0960
1220.840,-56.953,38.008,0.342,8.998,39.277,40.479,1.000,0.000,0.1040
1220.850,-56.862,38.016,0.338,9.027,39.368,40.567,1.000,0.000,0.0740
1220.860,-56.772,38.025,0.334,9.070,39.458,40.655,1.000,0.000,0.0440
1220.870,-56.681,38.033,0.330,9.126,39.549,40.744,1.000,0.000,0.0140
1220.880,-56.589,38.041,0.326,9.186,39.641,40.834,1.000,0.000,0.0000
1220.890,-56.497,38.049,0.322,9.243,39.734,40.924,1.000,0.000,0.0000
1220.900,-56.404,38.057,0.319,9.295,39.826,41.015,1.000,0.000,0.0000
1220.910,-56.310,38.065,0.315,9.341,39.920,41.106,1.000,0.000,0.0000
1220.920,-56.217,38.073,0.311,9.384,40.013,41.197,1.000,0.000,0.0000
1220.930,-56.122,38.080,0.308,9.415,40.108,41.289,1.000,0.000,0.0000
1220.940,-56.028,38.088,0.305,9.450,40.202,41.381,1.000,0.000,0.0000
1220.950,-55.933,38.096,0.303,9.490,40.297,41.473,1.000,0.000,0.0000
1220.960,-55.838,38.103,0.300,9.535,40.392,41.566,1.000,0.000,0.0000
1220.970,-55.742,38.111,0.298,9.582,40.488,41.659,1.000,0.000,0.0000
1220.980,-55.646,38.118,0.297,9.630,40.584,41.753,1.000,0.000,0.0000
1220.990,-55.549,38.126,0.295,9.678,40.681,41.847,1.000,0.000,0.0000
1221.000,-55.452,38.133,0.294,9.725,40.778,41.941,1.000,0.000,0.0000
1221.010,-55.354,38.141,0.294,9.770,40.876,42.035,1.000,0.000,0.0000
1221.020,-55.256,38.148,0.293,9.812,40.974,42.130,1.000,0.000,0.0000
1221.030,-55.157,38.156,0.293,9.855,41.073,42.226,1.000,0.000,0.0000
1221.040,-55.058,38.163,0.293,9.893,41.172,42.321,1.000,0.000,0.0000
1221.050,-54.959,38.170,0.294,9.934,41.271,42.417,1.000,0.000,0.0000
1221.060,-54.859,38.178,0.294,9.977,41.371,42.514,1.000,0.000,0.0000
1221.070,-54.759,38.185,0.295,10.022,41.471,42.611,1.000,0.000,0.0000
1221.080,-54.658,38.192,0.296,10.068,41.572,42.708,1.000,0.000,0.0000
1221.090,-54.557,38.200,0.297,10.113,41.673,42.805,1.000,0.000,0.0000
1221.100,-54.456,38.207,0.298,10.159,41.774,42.903,1.000,0.000,0.0000
1221.110,-54.354,38.214,0.300,10.204,41.876,43.002,1.000,0.000,0.0000
1221.120,-54.251,38.222,0.301,10.245,41.979,43.101,1.000,0.000,0.0000
1221.130,-54.148,38.229,0.302,10.280,42.082,43.200,1.000,0.000,0.0000
1221.140,-54.045,38.237,0.304,10.315,42.185,43.300,1.000,0.000,0.0000
1221.150,-53.942,38.244,0.305,10.343,42.288,43.400,1.000,0.000,0.0000
1221.160,-53.838,38.252,0.307,10.376,42.392,43.500,1.000,0.000,0.0000
1221.170,-53.734,38.259,0.308,10.414,42.496,43.600,1.000,0.000,0.0000
1221.180,-53.629,38.267,0.309,10.455,42.601,43.701,1.000,0.000,0.0000
1221.190,-53.524,38.275,0.311,10.498,42.706,43.803,1.000,0.000,0.0000
1221.200,-53.419,38.283,0.312,10.543,42.811,43.905,1.000,0.000,0.0000
1221.210,-53.313,38.290,0.313,10.586,42.917,44.007,1.000,0.000,0.0000
1221.220,-53.207,38.298,0.314,10.629,43.023,44.110,1.000,0.000,0.0000
1221.230,-53.100,38.306,0.314,10.671,43.130,44.214,1.000,0.000,0.0000
1221.240,-52.993,38.314,0.315,10.710,43.237,44.317,1.000,0.000,0.0080
1221.250,-52.886,38.322,0.315,10.745,43.344,44.421,1.000,0.000,0.0160
1221.260,-52.778,38.330,0.316,10.766,43.452,44.526,1.000,0.000,0.0240
1221.270,-52.670,38.337,0.316,10.791,43.560,44.631,1.000,0.000,0.0320
1221.280,-52.562,38.345,0.316,10.819,43.668,44.736,1.000,0.000,0.0400
1221.290,-52.453,38.353,0.317,10.852,43.777,44.841,1.000,0.000,0.0480
1221.300,-52.344,38.361,0.317,10.888,43.886,44.947,1.000,0.000,0.0560
1221.310,-52.235,38.368,0.317,10.919,43.995,45.053,1.000,0.000,0.0640
1221.320,-52.126,38.376,0.316,10.941,44.104,45.159,1.000,0.000,0.0720
1221.330,-52.016,38.384,0.316,10.955,44.214,45.265,1.000,0.000,0.0800
1221.340,-51.907,38.391,0.316,10.963,44.323,45.372,1.000,0.000,0.0880
1221.350,-51.797,38.399,0.316,10.983,44.433,45.479,1.000,0.000,0.0960
1221.360,-51.687,38.406,0.316,11.002,44.543,45.586,1.000,0.000,0.1040
1221.370,-51.577,38.414,0.316,11.017,44.653,45.693,1.000,0.000,0.1120
1221.380,-51.466,38.421,0.316,11.053,44.764,45.800,1.000,0.000,0.1200
1221.390,-51.355,38.428,0.315,11.087,44.875,45.908,1.000,0.000,0.1280
1221.400,-51.244,38.435,0.315,11.118,44.986,46.016,1.000,0.000,0.1360
1221.410,-51.133,38.442,0.315,11.144,45.097,46.125,1.000,0.000,0.1440
1221.420,-51.021,38.449,0.314,11.159,45.209,46.234,1.000,0.000,0.1520
1221.430,-50.909,38.455,0.314,11.167,45.321,46.342,1.000,0.000,0.1600
1221.440,-50.798,38.461,0.314,11.166,45.432,46.451,1.000,0.000,0.1680
1221.450,-50.686,38.467,0.314,11.149,45.544,46.559,1.000,0.000,0.1760
1221.460,-50.575,38.472,0.314,11.093,45.655,46.667,1.000,0.000,0.1840
1221.470,-50.465,38.477,0.314,11.034,45.765,46.775,1.000,0.000,0.1920
1221.480,-50.355,38.481,0.315,10.975,45.875,46.881,1.000,0.000,0.2000
1221.490,-50.246,38.485,0.315,10.932,45.984,46.988,1.000,0.000,0.2080
1221.500,-50.137,38.489,0.316,10.905,46.093,47.094,1.000,0.000,0.2160
1221.510,-50.028,38.492,0.317,10.888,46.202,47.200,1.000,0.000,0.2240
1221.520,-49.919,38.494,0.318,10.878,46.311,47.306,1.000,0.000,0.2320
1221.530,-49.811,38.496,0.318,10.871,46.419,47.411,1.000,0.000,0.2400
1221.540,-49.702,38.498,0.319,10.863,46.528,47.517,1.000,0.000,0.2480
1221.550,-49.593,38.498,0.319,10.853,46.637,47.623,1.000,0.000,0.2560
1221.560,-49.485,38.498,0.320,10.839,46.745,47.728,1.000,0.000,0.2640
1221.570,-49.377,38.498,0.320,10.822,46.853,47.833,1.000,0.000,0.2720
1221.580,-49.269,38.496,0.321,10.800,46.961,47.939,1.000,0.000,0.2420
1221.590,-49.161,38.494,0.321,10.789,47.069,48.044,1.000,0.000,0.2120
1221.600,-49.053,38.491,0.322,10.821,47.177,48.149,1.000,0.000,0.1820
1221.610,-48.944,38.487,0.322,10.851,47.286,48.255,1.000,0.000,0.1520
1221.620,-48.835,38.482,0.322,10.875,47.395,48.361,1.000,0.000,0.1220
1221.630,-48.726,38.477,0.322,10.892,47.504,48.467,1.000,0.000,0.0920
1221.640,-48.617,38.470,0.322,10.905,47.613,48.574,1.000,0.000,0.0620
1221.650,-48.508,38.463,0.322,10.915,47.722,48.680,1.000,0.000,0.0320
1221.660,-48.399,38.454,0.321,10.931,47.831,48.787,1.000,0.000,0.0020
1221.670,-48.290,38.445,0.321,10.948,47.941,48.894,1.000,0.000,0.0000
1221.680,-48.180,38.435,0.321,10.969,48.050,49.001,1.000,0.000,0.0000
1221.690,-48.070,38.424,0.320,10.987,48.160,49.108,1.000,0.000,0.0000
1221.700,-47.960,38.413,0.320,11.000,48.270,49.216,1.000,0.000,0.0000
1221.710,-47.850,38.401,0.319,11.012,48.380,49.323,1.000,0.000,0.0000
1221.720,-47.740,38.388,0.319,11.024,48.490,49.431,1.000,0.000,0.0000
1221.730,-47.629,38.375,0.318,11.035,48.601,49.539,1.000,0.000,0.0000
1221.740,-47.519,38.361,0.317,11.046,48.711,49.647,1.000,0.000,0.0000
1221.750,-47.408,38.347,0.317,11.057,48.822,49.755,1.000,0.000,0.0000
1221.760,-47.298,38.332,0.316,11.066,48.932,49.863,1.000,0.000,0.0000
1221.770,-47.187,38.317,0.316,11.074,49.043,49.971,1.000,0.000,0.0000
1221.780,-47.076,38.302,0.315,11.079,49.154,50.080,1.000,0.000,0.0000
1221.790,-46.965,38.287,0.315,11.081,49.265,50.188,1.000,0.000,0.0000
1221.800,-46.854,38.271,0.314,11.080,49.376,50.296,1.000,0.000,0.0000
1221.810,-46.744,38.256,0.314,11.075,49.486,50.405,1.000,0.000,0.0000
1221.820,-46.633,38.240,0.314,11.059,49.597,50.513,1.000,0.000,0.0000
1221.830,-46.523,38.225,0.314,11.045,49.707,50.621,1.000,0.000,0.0000
1221.840,-46.412,38.209,0.314,11.023,49.818,50.729,1.000,0.000,0.0000
1221.850,-46.302,38.193,0.314,10.990,49.928,50.836,1.000,0.000,0.0000
1221.860,-46.193,38.178,0.314,10.993,50.037,50.943,1.000,0.000,0.0000
1221.870,-46.083,38.162,0.314,11.005,50.147,51.051,1.000,0.000,0.0000
1221.880,-45.972,38.147,0.314,11.019,50.258,51.159,1.000,0.000,0.0000
1221.890,-45.862,38.131,0.315,11.032,50.368,51.266,1.000,0.000,0.0000
1221.900,-45.752,38.115,0.315,11.041,50.478,51.374,1.000,0.000,0.0000
1221.910,-45.641,38.100,0.315,11.045,50.589,51.482,1.000,0.000,0.0000
1221.920,-45.531,38.084,0.315,11.044,50.699,51.590,1.000,0.000,0.0000
1221.930,-45.420,38.069,0.315,11.041,50.810,51.698,1.000,0.000,0.0000
1221.940,-45.310,38.053,0.316,11.032,50.920,51.806,1.000,0.000,0.0000
1221.950,-45.200,38.038,0.316,11.026,51.030,51.914,1.000,0.000,0.0000
1221.960,-45.089,38.022,0.316,11.028,51.141,52.022,1.000,0.000,0.0000
1221.970,-44.979,38.006,0.316,11.035,51.251,52.130,1.000,0.000,0.0000
1221.980,-44.869,37.991,0.317,11.043,51.361,52.238,1.000,0.000,0.0000
1221.990,-44.758,37.975,0.317,11.050,51.472,52.346,1.000,0.000,0.0000
1222.000,-44.648,37.959,0.317,11.055,51.582,52.454,1.000,0.000,0.0000
1222.010,-44.537,37.943,0.317,11.047,51.693,52.562,1.000,0.000,0.0000
1222.020,-44.427,37.927,0.317,11.040,51.803,52.670,1.000,0.000,0.0000
1222.030,-44.316,37.911,0.317,11.034,51.914,52.779,1.000,0.000,0.0000
1222.040,-44.206,37.896,0.317,11.028,52.024,52.886,1.000,0.000,0.0000
1222.050,-44.096,37.880,0.318,11.017,52.134,52.994,1.000,0.000,0.0000
1222.060,-43.986,37.864,0.318,11.014,52.244,53.102,1.000,0.000,0.0000
1222.070,-43.876,37.848,0.318,11.017,52.354,53.210,1.000,0.000,0.0000
1222.080,-43.765,37.832,0.318,11.024,52.465,53.318,1.000,0.000,0.0000
1222.090,-43.655,37.817,0.318,11.032,52.575,53.426,1.000,0.000,0.0000
1222.100,-43.545,37.801,0.318,11.039,52.685,53.534,1.000,0.000,0.0000
1222.110,-43.434,37.785,0.318,11.035,52.796,53.642,1.000,0.000,0.0000
1222.120,-43.324,37.769,0.318,11.030,52.906,53.751,1.000,0.000,0.0000
1222.130,-43.214,37.753,0.318,11.026,53.016,53.859,1.000,0.000,0.0000
1222.140,-43.104,37.737,0.318,11.023,53.126,53.967,1.000,0.000,0.0000
1222.150,-42.993,37.721,0.318,11.011,53.237,54.075,1.000,0.000,0.0000
1222.160,-42.883,37.706,0.318,11.005,53.347,54.182,1.000,0.000,0.0000
1222.170,-42.773,37.690,0.318,11.007,53.457,54.290,1.000,0.000,0.0000
1222.180,-42.663,37.674,0.318,11.014,53.567,54.398,0.940,0.000,0.0000
1222.190,-42.553,37.657,0.318,11.011,53.677,54.506,0.880,0.000,0.0000
1222.200,-42.443,37.641,0.318,10.998,53.787,54.614,0.820,0.000,0.0000
1222.210,-42.333,37.625,0.318,10.975,53.897,54.722,0.760,0.000,0.0000
1222.220,-42.224,37.609,0.318,10.944,54.006,54.829,0.700,0.000,0.0000
1222.230,-42.115,37.593,0.318,10.901,54.115,54.936,0.640,0.000,0.0000
1222.240,-42.006,37.577,0.318,10.856,54.224,55.042,0.580,0.000,0.0000
1222.250,-41.898,37.562,0.319,10.811,54.332,55.148,0.520,0.000,0.0000
1222.260,-41.791,37.546,0.319,10.760,54.439,55.254,0.460,0.000,0.0000
1222.270,-41.683,37.530,0.319,10.715,54.547,55.359,0.400,0.000,0.0000
1222.280,-41.577,37.515,0.320,10.678,54.653,55.464,0.340,0.000,0.0000
1222.290,-41.470,37.500,0.321,10.645,54.760,55.568,0.280,0.000,0.0000
1222.300,-41.364,37.484,0.321,10.615,54.866,55.672,0.220,0.000,0.0000
1222.310,-41.258,37.469,0.322,10.584,54.972,55.776,0.160,0.000,0.0000
1222.320,-41.153,37.454,0.322,10.551,55.077,55.879,0.100,0.000,0.0000
1222.330,-41.048,37.439,0.322,10.505,55.182,55.982,0.040,0.000,0.0000
1222.340,-40.943,37.424,0.323,10.457,55.287,56.085,0.000,0.000,0.0000
1222.350,-40.839,37.409,0.323,10.414,55.391,56.187,0.000,0.000,0.0000
1222.360,-40.735,37.394,0.324,10.372,55.495,56.289,0.000,0.000,0.0000
1222.370,-40.632,37.379,0.324,10.322,55.598,56.390,0.000,0.000,0.0000
1222.380,-40.529,37.364,0.325,10.277,55.701,56.491,0.000,0.000,0.0000
1222.390,-40.427,37.349,0.325,10.238,55.803,56.591,0.000,0.000,0.0000
1222.400,-40.325,37.335,0.325,10.203,55.905,56.691,0.040,0.000,0.0000
1222.410,-40.223,37.320,0.326,10.170,56.007,56.791,0.080,0.000,0.0000
1222.420,-40.122,37.305,0.326,10.137,56.108,56.891,0.120,0.000,0.0000
1222.430,-40.021,37.290,0.326,10.104,56.209,56.990,0.160,0.000,0.0000
1222.440,-39.920,37.276,0.326,10.057,56.310,57.089,0.200,0.000,0.0000
1222.450,-39.820,37.261,0.326,10.010,56.410,57.187,0.240,0.000,0.0000
1222.460,-39.720,37.246,0.326,9.967,56.510,57.285,0.280,0.000,0.0000
1222.470,-39.621,37.232,0.326,9.926,56.609,57.383,0.320,0.000,0.0000
1222.480,-39.522,37.218,0.326,9.885,56.708,57.480,0.360,0.000,0.0000
1222.490,-39.424,37.203,0.326,9.838,56.806,57.576,0.400,0.000,0.0000
1222.500,-39.326,37.189,0.326,9.796,56.904,57.673,0.440,0.000,0.0000
1222.510,-39.228,37.175,0.326,9.759,57.002,57.769,0.480,0.000,0.0000
1222.520,-39.131,37.161,0.326,9.725,57.099,57.864,0.520,0.000,0.0000
1222.530,-39.034,37.147,0.326,9.693,57.196,57.959,0.560,0.000,0.0000
1222.540,-38.938,37.134,0.325,9.661,57.292,58.054,0.600,0.000,-0.0080
1222.550,-38.841,37.120,0.325,9.625,57.389,58.149,0.640,0.000,-0.0160
1222.560,-38.746,37.106,0.325,9.577,57.484,58.243,0.680,0.000,-0.0240
1222.570,-38.650,37.092,0.325,9.528,57.580,58.337,0.720,0.000,-0.0320
1222.580,-38.555,37.079,0.325,9.481,57.675,58.430,0.760,0.000,-0.0400
1222.590,-38.461,37.065,0.325,9.444,57.769,58.523,0.800,0.000,-0.0480
1222.600,-38.367,37.052,0.324,9.407,57.863,58.616,0.840,0.000,-0.0560
1222.610,-38.273,37.039,0.324,9.387,57.957,58.708,0.880,0.000,-0.0640
1222.620,-38.179,37.025,0.324,9.393,58.051,58.800,0.920,0.000,-0.0720
1222.630,-38.085,37.012,0.323,9.419,58.145,58.893,0.960,0.000,-0.0800
1222.640,-37.990,36.998,0.323,9.459,58.240,58.986,1.000,0.000,-0.0880
1222.650,-37.895,36.984,0.322,9.506,58.335,59.080,1.000,0.000,-0.0960
1222.660,-37.800,36.971,0.321,9.554,58.430,59.174,1.000,0.000,-0.1040
1222.670,-37.704,36.957,0.320,9.592,58.526,59.268,1.000,0.000,-0.1120
1222.680,-37.608,36.944,0.319,9.631,58.622,59.363,1.000,0.000,-0.1200
1222.690,-37.511,36.930,0.318,9.661,58.719,59.459,1.000,0.000,-0.1280
1222.700,-37.414,36.917,0.317,9.683,58.816,59.554,1.000,0.000,-0.1360
1222.710,-37.317,36.904,0.316,9.702,58.913,59.650,1.000,0.000,-0.1440
1222.720,-37.220,36.891,0.315,9.727,59.010,59.746,1.000,0.000,-0.1520
1222.730,-37.123,36.878,0.314,9.717,59.107,59.841,1.000,0.000,-0.1600
1222.740,-37.026,36.866,0.313,9.717,59.204,59.937,1.000,0.000,-0.1680
1222.750,-36.928,36.854,0.312,9.731,59.302,60.033,1.000,0.000,-0.1760
1222.760,-36.831,36.842,0.312,9.757,59.399,60.129,1.000,0.000,-0.1840
1222.770,-36.733,36.831,0.311,9.792,59.497,60.226,1.000,0.000,-0.1920
1222.780,-36.634,36.819,0.311,9.831,59.596,60.322,1.000,0.000,-0.2000
1222.790,-36.536,36.809,0.310,9.871,59.694,60.420,1.000,0.000,-0.2080
1222.800,-36.437,36.798,0.310,9.902,59.793,60.517,1.000,0.000,-0.2160
1222.810,-36.337,36.788,0.309,9.926,59.893,60.615,1.000,0.000,-0.2240
1222.820,-36.238,36.778,0.309,9.945,59.992,60.713,1.000,0.000,-0.2320
1222.830,-36.138,36.769,0.309,9.959,60.092,60.811,1.000,0.000,-0.2400
1222.840,-36.039,36.760,0.309,9.969,60.191,60.909,1.000,0.000,-0.2480
1222.850,-35.939,36.752,0.309,9.975,60.291,61.007,1.000,0.000,-0.2560
1222.860,-35.839,36.744,0.310,9.996,60.391,61.106,1.000,0.000,-0.2640
1222.870,-35.738,36.737,0.310,10.058,60.492,61.204,1.000,0.000,-0.2720
1222.880,-35.637,36.730,0.310,10.120,60.593,61.304,0.940,0.000,-0.2800
1222.890,-35.535,36.723,0.310,10.177,60.695,61.404,0.880,0.000,-0.2880
1222.900,-35.434,36.717,0.310,10.196,60.796,61.505,0.820,0.000,-0.2580
1222.910,-35.332,36.712,0.311,10.191,60.898,61.605,0.760,0.000,-0.2280
1222.920,-35.230,36.708,0.311,10.156,61.000,61.705,0.700,0.000,-0.1980
1222.930,-35.129,36.704,0.312,10.085,61.101,61.804,0.640,0.000,-0.1680
1222.940,-35.029,36.702,0.313,10.017,61.201,61.903,0.580,0.000,-0.1380
1222.950,-34.929,36.700,0.314,9.972,61.301,62.001,0.520,0.000,-0.1080
1222.960,-34.830,36.699,0.315,9.947,61.400,62.098,0.460,0.000,-0.0780
1222.970,-34.730,36.698,0.316,9.940,61.500,62.196,0.400,0.000,-0.0480
1222.980,-34.631,36.698,0.318,9.951,61.599,62.294,0.340,0.000,-0.0180
1222.990,-34.531,36.699,0.319,9.975,61.699,62.392,0.280,0.000,0.0000
1223.000,-34.431,36.701,0.319,9.996,61.799,62.490,0.220,0.000,0.0000
1223.010,-34.331,36.702,0.320,10.003,61.899,62.589,0.160,0.000,0.0000
1223.020,-34.231,36.705,0.321,9.996,61.999,62.687,0.100,0.000,0.0000
1223.030,-34.132,36.708,0.322,9.977,62.098,62.785,0.040,0.000,0.0000
1223.040,-34.032,36.711,0.322,9.949,62.198,62.883,0.000,0.000,0.0000
1223.050,-33.933,36.715,0.323,9.915,62.297,62.981,0.000,0.000,0.0000
1223.060,-33.834,36.719,0.323,9.877,62.396,63.078,0.000,0.000,0.0000
1223.070,-33.736,36.723,0.324,9.836,62.494,63.175,0.000,0.000,0.0000
1223.080,-33.638,36.727,0.324,9.794,62.592,63.271,0.000,0.000,0.0000
1223.090,-33.540,36.732,0.325,9.751,62.690,63.367,0.000,0.000,0.0000
1223.100,-33.443,36.737,0.325,9.707,62.787,63.463,0.000,0.000,0.0000
1223.110,-33.347,36.742,0.325,9.648,62.883,63.558,0.000,0.000,0.0000
1223.120,-33.251,36.747,0.326,9.595,62.979,63.653,0.000,0.000,0.0000
1223.130,-33.156,36.752,0.326,9.533,63.074,63.747,0.000,0.000,0.0000
1223.140,-33.061,36.757,0.326,9.477,63.169,63.840,0.000,0.000,0.0000
1223.150,-32.966,36.762,0.327,9.427,63.264,63.933,0.000,0.000,0.0000
1223.160,-32.873,36.767,0.327,9.382,63.357,64.025,0.000,0.000,0.0000
1223.170,-32.779,36.771,0.327,9.340,63.451,64.117,0.000,0.000,0.0000
1223.180,-32.686,36.776,0.327,9.299,63.544,64.209,0.000,0.000,0.0000
1223.190,-32.594,36.781,0.327,9.262,63.636,64.300,0.000,0.000,0.0000
1223.200,-32.501,36.786,0.327,9.227,63.729,64.391,0.000,0.000,0.0000
1223.210,-32.409,36.791,0.327,9.190,63.821,64.482,0.000,0.000,0.0000
1223.220,-32.318,36.796,0.327,9.151,63.912,64.572,0.000,0.000,0.0000
1223.230,-32.227,36.800,0.327,9.111,64.003,64.662,0.000,0.000,0.0000
1223.240,-32.136,36.805,0.327,9.066,64.094,64.751,0.000,0.000,0.0000
1223.250,-32.046,36.810,0.327,9.019,64.184,64.840,0.000,0.000,0.0000
1223.260,-31.956,36.815,0.327,8.973,64.274,64.929,0.000,0.000,0.0000
1223.270,-31.867,36.820,0.326,8.930,64.363,65.017,0.000,0.000,0.0000
1223.280,-31.778,36.825,0.326,8.888,64.452,65.105,0.000,0.000,0.0000
1223.290,-31.690,36.830,0.326,8.847,64.540,65.192,0.000,0.000,0.0000
1223.300,-31.602,36.835,0.326,8.807,64.628,65.279,0.000,0.000,0.0000
1223.310,-31.514,36.840,0.325,8.767,64.716,65.366,0.000,0.000,0.0000
1223.320,-31.427,36.845,0.325,8.731,64.803,65.452,0.000,0.000,0.0000
1223.330,-31.340,36.850,0.325,8.705,64.890,65.538,0.040,0.000,0.0000
1223.340,-31.253,36.855,0.324,8.679,64.977,65.623,0.080,0.000,0.0000
1223.350,-31.166,36.860,0.324,8.652,65.064,65.709,0.120,0.000,0.0000
1223.360,-31.080,36.865,0.324,8.621,65.150,65.794,0.160,0.000,0.0000
1223.370,-30.994,36.871,0.323,8.580,65.236,65.879,0.200,0.000,0.0000
1223.380,-30.909,36.876,0.323,8.534,65.321,65.963,0.240,0.000,0.0000
1223.390,-30.824,36.881,0.323,8.486,65.406,66.047,0.280,0.000,0.0000
1223.400,-30.740,36.886,0.323,8.437,65.490,66.130,0.320,0.000,0.0000
1223.410,-30.656,36.891,0.323,8.386,65.574,66.213,0.260,0.000,0.0000
1223.420,-30.572,36.896,0.323,8.337,65.658,66.295,0.200,0.000,0.0000
1223.430,-30.490,36.901,0.323,8.291,65.740,66.377,0.140,0.000,0.0000
1223.440,-30.407,36.906,0.323,8.249,65.823,66.458,0.080,0.000,0.0000
1223.450,-30.325,36.911,0.323,8.208,65.905,66.539,0.020,0.000,0.0000
1223.460,-30.243,36.916,0.323,8.175,65.987,66.620,0.000,0.000,0.0000
1223.470,-30.162,36.921,0.323,8.142,66.068,66.700,0.000,0.000,0.0000
1223.480,-30.081,36.926,0.323,8.109,66.149,66.780,0.000,0.000,0.0000
1223.490,-30.000,36.931,0.323,8.077,66.230,66.860,0.000,0.000,0.0000
1223.500,-29.920,36.936,0.323,8.038,66.310,66.939,0.000,0.000,0.0000
1223.510,-29.840,36.941,0.323,7.991,66.390,67.018,0.000,0.000,0.0000
1223.520,-29.760,36.946,0.323,7.944,66.470,67.097,0.000,0.000,0.0000
1223.530,-29.681,36.951,0.323,7.898,66.549,67.175,0.000,0.000,0.0000
1223.540,-29.603,36.956,0.323,7.852,66.627,67.252,0.000,0.000,0.0000
1223.550,-29.525,36.961,0.323,7.809,66.705,67.329,0.000,0.000,0.0000
1223.560,-29.447,36.966,0.323,7.768,66.783,67.406,0.000,0.000,0.0000
1223.570,-29.370,36.971,0.324,7.729,66.860,67.482,0.040,0.000,0.0000
1223.580,-29.293,36.976,0.324,7.690,66.937,67.558,0.080,0.000,0.0000
1223.590,-29.216,36.981,0.324,7.651,67.014,67.634,0.120,0.000,0.0000
1223.600,-29.140,36.986,0.324,7.611,67.090,67.709,0.160,0.000,0.0000
1223.610,-29.064,36.991,0.324,7.580,67.166,67.784,0.200,0.000,0.0000
1223.620,-28.989,36.996,0.324,7.546,67.241,67.858,0.240,0.000,0.0000
1223.630,-28.914,37.000,0.324,7.513,67.316,67.932,0.280,0.000,0.0000
1223.640,-28.839,37.005,0.324,7.480,67.391,68.006,0.320,0.000,0.0000
1223.650,-28.764,37.010,0.324,7.447,67.466,68.080,0.360,0.000,0.0000
1223.660,-28.690,37.015,0.324,7.408,67.540,68.153,0.400,0.000,0.0000
1223.670,-28.617,37.020,0.324,7.364,67.613,68.226,0.440,0.000,0.0000
1223.680,-28.544,37.025,0.324,7.319,67.686,68.298,0.480,0.000,0.0000
1223.690,-28.471,37.030,0.324,7.276,67.759,68.370,0.520,0.000,0.0000
1223.700,-28.398,37.035,0.324,7.232,67.832,68.441,0.560,0.000,0.0000
1223.710,-28.327,37.039,0.324,7.187,67.903,68.512,0.600,0.000,0.0000
1223.720,-28.255,37.044,0.324,7.142,67.975,68.583,0.640,0.000,0.0000
1223.730,-28.184,37.049,0.324,7.113,68.046,68.653,0.680,0.000,0.0000
1223.740,-28.113,37.054,0.324,7.110,68.117,68.723,0.720,0.000,0.0000
1223.750,-28.042,37.058,0.324,7.135,68.188,68.794,0.760,0.000,0.0000
1223.760,-27.970,37.063,0.323,7.176,68.260,68.865,0.800,0.000,0.0000
1223.770,-27.898,37.068,0.323,7.221,68.332,68.936,0.840,0.000,0.0000
1223.780,-27.825,37.073,0.322,7.267,68.405,69.008,0.880,0.000,0.0000
1223.790,-27.752,37.078,0.321,7.312,68.478,69.080,0.920,0.000,0.0000
1223.800,-27.678,37.083,0.320,7.351,68.552,69.153,0.960,0.000,0.0000
1223.810,-27.605,37.088,0.319,7.382,68.625,69.226,1.000,0.000,0.0000
1223.820,-27.530,37.093,0.318,7.408,68.700,69.300,1.000,0.000,0.0000
1223.830,-27.456,37.098,0.317,7.438,68.774,69.373,1.000,0.000,0.0000
1223.840,-27.381,37.103,0.315,7.473,68.849,69.447,1.000,0.000,0.0000
1223.850,-27.306,37.108,0.314,7.511,68.924,69.522,1.000,0.000,0.0000
1223.860,-27.231,37.114,0.313,7.552,68.999,69.596,1.000,0.000,0.0000
1223.870,-27.155,37.119,0.312,7.594,69.075,69.672,1.000,0.000,0.0000
1223.880,-27.078,37.124,0.311,7.637,69.152,69.747,1.000,0.000,0.0000
1223.890,-27.002,37.130,0.310,7.680,69.228,69.823,1.000,0.000,0.0000
1223.900,-26.924,37.135,0.309,7.723,69.306,69.900,1.000,0.000,0.0000
1223.910,-26.847,37.141,0.309,7.765,69.383,69.977,1.000,0.000,0.0000
1223.920,-26.769,37.146,0.308,7.807,69.461,70.054,1.000,0.000,0.0000
1223.930,-26.690,37.152,0.307,7.849,69.540,70.132,1.000,0.000,0.0000
1223.940,-26.611,37.158,0.307,7.890,69.619,70.210,1.000,0.000,0.0000
1223.950,-26.532,37.163,0.306,7.929,69.698,70.288,1.000,0.000,0.0000
1223.960,-26.452,37.169,0.306,7.972,69.778,70.367,1.000,0.000,0.0000
1223.970,-26.372,37.175,0.305,8.013,69.858,70.446,1.000,0.000,0.0000
1223.980,-26.292,37.181,0.305,8.057,69.938,70.526,1.000,0.000,0.0000
1223.990,-26.211,37.187,0.305,8.101,70.019,70.606,1.000,0.000,0.0000
1224.000,-26.129,37.193,0.305,8.144,70.101,70.686,1.000,0.000,0.0000
1224.010,-26.047,37.199,0.305,8.185,70.183,70.767,1.000,0.000,0.0000
1224.020,-25.965,37.204,0.305,8.225,70.265,70.849,1.000,0.000,0.0000
1224.030,-25.882,37.210,0.305,8.265,70.348,70.930,1.000,0.000,0.0000
1224.040,-25.799,37.216,0.306,8.305,70.431,71.012,1.000,0.000,0.0000
1224.050,-25.716,37.222,0.306,8.345,70.514,71.095,1.000,0.000,0.0000
1224.060,-25.632,37.228,0.306,8.385,70.598,71.178,1.000,0.000,0.0000
1224.070,-25.548,37.234,0.307,8.425,70.682,71.261,1.000,0.000,0.0000
1224.080,-25.463,37.241,0.307,8.464,70.767,71.344,1.000,0.000,0.0000
1224.090,-25.378,37.247,0.308,8.503,70.852,71.428,1.000,0.000,0.0000
1224.100,-25.293,37.253,0.308,8.543,70.937,71.513,1.000,0.000,0.0000
1224.110,-25.207,37.259,0.308,8.578,71.023,71.598,1.000,0.000,0.0000
1224.120,-25.121,37.265,0.309,8.614,71.109,71.683,1.000,0.000,0.0000
1224.130,-25.034,37.272,0.309,8.652,71.196,71.768,1.000,0.000,0.0000
1224.140,-24.947,37.278,0.310,8.692,71.283,71.854,1.000,0.000,0.0000
1224.150,-24.860,37.284,0.310,8.733,71.370,71.940,1.000,0.000,0.0000
1224.160,-24.772,37.291,0.310,8.774,71.458,72.027,1.000,0.000,0.0000
1224.170,-24.684,37.297,0.311,8.815,71.546,72.114,1.000,0.000,0.0000
1224.180,-24.596,37.304,0.311,8.855,71.634,72.202,1.000,0.000,0.0000
1224.190,-24.507,37.311,0.311,8.895,71.723,72.290,1.000,0.000,0.0000
1224.200,-24.417,37.317,0.311,8.934,71.813,72.378,1.000,0.000,0.0000
1224.210,-24.328,37.324,0.312,8.973,71.902,72.467,1.000,0.000,0.0000
1224.220,-24.237,37.331,0.312,9.017,71.993,72.556,1.000,0.000,0.0000
1224.230,-24.147,37.337,0.312,9.058,72.083,72.646,1.000,0.000,0.0000
1224.240,-24.056,37.344,0.312,9.091,72.174,72.735,1.000,0.000,0.0000
1224.250,-23.965,37.351,0.312,9.128,72.265,72.826,1.000,0.000,0.0000
1224.260,-23.873,37.358,0.312,9.169,72.357,72.916,1.000,0.000,0.0000
1224.270,-23.781,37.365,0.312,9.210,72.449,73.008,1.000,0.000,0.0000
1224.280,-23.688,37.372,0.312,9.251,72.542,73.099,1.000,0.000,0.0000
1224.290,-23.595,37.379,0.312,9.289,72.635,73.191,1.000,0.000,0.0000
1224.300,-23.502,37.386,0.312,9.327,72.728,73.283,1.000,0.000,0.0000
1224.310,-23.409,37.393,0.312,9.365,72.821,73.376,1.000,0.000,0.0000
1224.320,-23.314,37.401,0.312,9.404,72.916,73.469,1.000,0.000,0.0000
1224.330,-23.220,37.408,0.311,9.442,73.010,73.562,1.000,0.000,0.0000
1224.340,-23.125,37.415,0.311,9.481,73.105,73.656,1.000,0.000,0.0000
1224.350,-23.030,37.422,0.311,9.518,73.200,73.750,1.000,0.000,0.0000
1224.360,-22.935,37.429,0.311,9.554,73.295,73.845,1.000,0.000,0.0000
1224.370,-22.839,37.437,0.311,9.590,73.391,73.940,1.000,0.000,0.0000
1224.380,-22.742,37.444,0.311,9.629,73.488,74.035,1.000,0.000,0.0000
1224.390,-22.646,37.451,0.311,9.670,73.584,74.131,1.000,0.000,0.0000
1224.400,-22.549,37.459,0.311,9.712,73.681,74.227,1.000,0.000,0.0000
1224.410,-22.451,37.466,0.310,9.754,73.779,74.323,1.000,0.000,0.0000
1224.420,-22.353,37.474,0.310,9.795,73.877,74.420,1.000,0.000,0.0000
1224.430,-22.255,37.482,0.310,9.836,73.975,74.518,1.000,0.000,0.0000
1224.440,-22.156,37.489,0.310,9.876,74.074,74.616,1.000,0.000,0.0000
1224.450,-22.057,37.497,0.310,9.916,74.173,74.714,1.000,0.000,0.0000
1224.460,-21.957,37.505,0.310,9.955,74.273,74.812,1.000,0.000,0.0000
1224.470,-21.857,37.513,0.310,9.993,74.373,74.911,1.000,0.000,0.0000
1224.480,-21.757,37.520,0.310,10.030,74.473,75.010,1.000,0.000,0.0000
1224.490,-21.656,37.528,0.310,10.069,74.574,75.110,1.000,0.000,0.0000
1224.500,-21.555,37.536,0.310,10.112,74.675,75.210,1.000,0.000,0.0000
1224.510,-21.454,37.544,0.310,10.157,74.776,75.311,1.000,0.000,0.0000
1224.520,-21.352,37.553,0.310,10.201,74.878,75.412,1.000,0.000,0.0000
1224.530,-21.249,37.561,0.309,10.244,74.981,75.513,1.000,0.000,0.0000
1224.540,-21.146,37.569,0.309,10.281,75.084,75.615,1.000,0.000,0.0000
1224.550,-21.043,37.577,0.309,10.319,75.187,75.717,1.000,0.000,0.0000
1224.560,-20.940,37.585,0.310,10.356,75.290,75.820,1.000,0.000,0.0000
1224.570,-20.836,37.593,0.310,10.394,75.394,75.922,1.000,0.000,0.0000
1224.580,-20.731,37.602,0.310,10.432,75.499,76.026,1.000,0.000,0.0000
1224.590,-20.627,37.610,0.310,10.467,75.603,76.129,1.000,0.000,0.0000
1224.600,-20.522,37.618,0.310,10.501,75.708,76.233,1.000,0.000,0.0000
1224.610,-20.416,37.626,0.310,10.539,75.814,76.338,1.000,0.000,0.0000
1224.620,-20.310,37.635,0.310,10.581,75.920,76.442,1.000,0.000,0.0000
1224.630,-20.204,37.643,0.310,10.625,76.026,76.548,1.000,0.000,0.0000
1224.640,-20.098,37.652,0.310,10.667,76.132,76.653,1.000,0.000,0.0000
1224.650,-19.990,37.661,0.310,10.708,76.240,76.759,0.940,0.000,0.0000
1224.660,-19.883,37.669,0.310,10.722,76.347,76.865,0.880,0.000,0.0000
1224.670,-19.776,37.678,0.310,10.713,76.454,76.971,0.820,0.000,0.0000
1224.680,-19.669,37.686,0.311,10.688,76.561,77.077,0.760,0.000,0.0000
1224.690,-19.563,37.695,0.311,10.655,76.667,77.183,0.700,0.000,0.0000
1224.700,-19.456,37.704,0.312,10.616,76.774,77.288,0.640,0.000,0.0000
1224.710,-19.351,37.712,0.313,10.571,76.879,77.392,0.580,0.000,0.0000
1224.720,-19.245,37.721,0.314,10.531,76.985,77.497,0.520,0.000,0.0000
1224.730,-19.141,37.729,0.315,10.496,77.089,77.600,0.460,0.000,0.0000
1224.740,-19.036,37.738,0.316,10.462,77.194,77.704,0.400,0.000,0.0000
1224.750,-18.932,37.746,0.317,10.427,77.298,77.807,0.340,0.000,0.0000
1224.760,-18.828,37.755,0.318,10.387,77.402,77.910,0.280,0.000,0.0000
1224.770,-18.724,37.763,0.319,10.343,77.506,78.012,0.220,0.000,0.0000
1224.780,-18.621,37.772,0.320,10.301,77.609,78.114,0.160,0.000,0.0000
1224.790,-18.519,37.780,0.321,10.259,77.711,78.215,0.100,0.000,0.0000
1224.800,-18.417,37.788,0.322,10.217,77.813,78.316,0.040,0.000,0.0000
1224.810,-18.315,37.797,0.323,10.175,77.915,78.417,0.000,0.000,0.0000
1224.820,-18.214,37.805,0.324,10.134,78.016,78.517,0.000,0.000,0.0000
1224.830,-18.113,37.813,0.325,10.087,78.117,78.617,0.000,0.000,0.0000
1224.840,-18.012,37.821,0.326,10.039,78.218,78.716,0.000,0.000,0.0000
1224.850,-17.912,37.830,0.327,9.994,78.318,78.815,0.000,0.000,0.0000
