timestamp_sec,ego_x,ego_y,ego_z,ego_speed_mps,distance_to_intersection_m,distance_to_pedestrian_m,human_throttle,human_brake,human_steering_rad
619.060,-97.020,-52.451,0.317,0.000,0.790,10.744,0.000,0.000,0.0000
619.070,-97.020,-52.451,0.317,0.000,0.790,10.744,0.000,0.000,0.0000
619.080,-97.020,-52.451,0.317,0.000,0.790,10.744,0.000,0.000,0.0000
619.090,-97.020,-52.451,0.317,0.000,0.790,10.744,0.000,0.000,0.0000
619.100,-97.020,-52.451,0.317,0.000,0.790,10.744,0.000,0.000,0.0000
619.110,-97.020,-52.451,0.317,0.000,0.790,10.744,0.000,0.000,0.0000
619.120,-97.020,-52.451,0.317,0.000,0.790,10.744,0.000,0.000,0.0000
619.130,-97.020,-52.451,0.317,0.000,0.790,10.744,0.000,0.000,0.0000
619.140,-97.020,-52.451,0.317,0.000,0.790,10.744,0.000,0.000,0.0000
619.150,-97.020,-52.451,0.317,0.000,0.790,10.744,0.000,0.000,0.0000
619.160,-97.020,-52.451,0.317,0.000,0.790,10.744,0.000,0.000,0.0000
619.170,-97.020,-52.451,0.317,0.000,0.790,10.744,0.000,0.000,0.0000
619.180,-97.020,-52.451,0.317,0.000,0.790,10.744,0.000,0.000,0.0000
619.190,-97.020,-52.451,0.317,0.000,0.790,10.744,0.000,0.000,0.0000
619.200,-97.020,-52.451,0.317,0.000,0.790,10.744,0.000,0.000,0.0000
619.210,-97.020,-52.451,0.317,0.000,0.790,10.744,0.000,0.000,0.0000
619.220,-97.020,-52.451,0.317,0.000,0.790,10.744,0.000,0.000,0.0000
619.230,-97.020,-52.451,0.317,0.000,0.790,10.744,0.000,0.000,0.0000
619.240,-97.020,-52.451,0.317,0.000,0.790,10.744,0.000,0.000,0.0000
619.250,-97.020,-52.451,0.317,0.000,0.790,10.744,0.000,0.000,0.0000
619.260,-97.020,-52.451,0.317,0.000,0.790,10.744,0.000,0.000,0.0000
619.270,-97.020,-52.451,0.317,0.000,0.790,10.744,0.000,0.000,0.0000
619.280,-97.020,-52.451,0.317,0.000,0.790,10.744,0.000,0.000,0.0000
619.290,-97.020,-52.451,0.317,0.000,0.790,10.744,0.000,0.000,0.0000
619.300,-97.020,-52.451,0.317,0.000,0.790,10.744,0.000,0.000,0.0000
619.310,-97.020,-52.451,0.317,0.000,0.790,10.744,0.000,0.000,0.0000
619.320,-97.020,-52.451,0.317,0.000,0.790,10.744,0.000,0.000,0.0000
619.330,-97.020,-52.451,0.317,0.000,0.790,10.744,0.000,0.000,0.0000
619.340,-97.020,-52.451,0.317,0.000,0.790,10.744,0.000,0.000,0.0000
619.350,-97.020,-52.451,0.317,0.000,0.790,10.744,0.000,0.000,0.0000
619.360,-97.020,-52.451,0.317,0.000,0.790,10.744,0.000,0.000,0.0000
619.370,-97.020,-52.451,0.317,0.000,0.790,10.744,0.000,0.000,0.0000
619.380,-97.020,-52.451,0.317,0.000,0.790,10.744,0.000,0.000,0.0000
619.390,-97.020,-52.451,0.317,0.000,0.790,10.744,0.000,0.000,0.0000
619.400,-97.020,-52.451,0.317,0.000,0.790,10.744,0.000,0.000,0.0000
619.410,-97.020,-52.451,0.317,0.000,0.790,10.744,0.000,0.000,0.0000
619.420,-97.020,-52.451,0.317,0.000,0.790,10.744,0.000,0.000,0.0000
619.430,-97.020,-52.451,0.317,0.000,0.790,10.744,0.000,0.000,0.0000
619.440,-97.020,-52.451,0.317,0.000,0.790,10.744,0.000,0.000,0.0000
619.450,-97.020,-52.451,0.317,0.000,0.790,10.744,0.000,0.000,0.0000
619.460,-97.020,-52.451,0.317,0.000,0.790,10.744,0.000,0.000,0.0000
619.470,-97.020,-52.451,0.317,0.000,0.790,10.744,0.000,0.000,0.0000
619.480,-97.020,-52.451,0.317,0.000,0.790,10.744,0.040,0.000,0.0000
619.490,-97.020,-52.451,0.317,0.004,0.790,10.744,0.080,0.000,0.0000
619.500,-97.020,-52.451,0.317,0.010,0.790,10.744,0.120,0.000,0.0000
619.510,-97.020,-52.450,0.317,0.018,0.790,10.744,0.160,0.000,0.0000
619.520,-97.020,-52.449,0.316,0.027,0.790,10.744,0.200,0.000,0.0000
619.530,-97.020,-52.447,0.316,0.035,0.790,10.745,0.240,0.000,0.0000
619.540,-97.020,-52.446,0.316,0.041,0.790,10.745,0.280,0.000,0.0000
619.550,-97.020,-52.443,0.315,0.047,0.790,10.745,0.320,0.000,0.0000
619.560,-97.020,-52.440,0.315,0.051,0.790,10.746,0.360,0.000,0.0000
619.570,-97.020,-52.437,0.314,0.054,0.790,10.746,0.400,0.000,0.0000
619.580,-97.020,-52.434,0.314,0.056,0.790,10.747,0.440,0.000,0.0000
619.590,-97.020,-52.430,0.313,0.056,0.790,10.748,0.480,0.000,0.0000
619.600,-97.020,-52.425,0.312,0.056,0.790,10.748,0.520,0.000,0.0000
619.610,-97.020,-52.421,0.312,0.055,0.790,10.749,0.560,0.000,0.0000
619.620,-97.020,-52.415,0.311,0.054,0.790,10.749,0.600,0.000,0.0000
619.630,-97.020,-52.410,0.311,0.051,0.790,10.750,0.640,0.000,0.0000
619.640,-97.020,-52.404,0.310,0.048,0.790,10.750,0.680,0.000,0.0000
619.650,-97.020,-52.397,0.310,0.045,0.790,10.751,0.720,0.000,0.0000
619.660,-97.020,-52.391,0.309,0.041,0.790,10.751,0.760,0.000,0.0000
619.670,-97.020,-52.384,0.309,0.037,0.790,10.751,0.800,0.000,0.0000
619.680,-97.020,-52.376,0.309,0.033,0.790,10.752,0.840,0.000,0.0000
619.690,-97.020,-52.368,0.308,0.028,0.790,10.752,0.880,0.000,0.0000
619.700,-97.020,-52.360,0.308,0.024,0.790,10.752,0.920,0.000,0.0000
619.710,-97.020,-52.351,0.308,0.019,0.790,10.752,0.960,0.000,0.0000
619.720,-97.020,-52.341,0.308,0.014,0.790,10.753,1.000,0.000,0.0000
619.730,-97.020,-52.332,0.308,0.010,0.790,10.753,1.000,0.000,0.0000
619.740,-97.020,-52.322,0.308,0.006,0.790,10.753,1.000,0.000,0.0000
619.750,-97.020,-52.311,0.308,0.002,0.790,10.753,1.000,0.000,0.0000
619.760,-97.020,-52.301,0.308,0.003,0.790,10.753,1.000,0.000,0.0000
619.770,-97.020,-52.289,0.308,0.006,0.790,10.753,1.000,0.000,0.0000
619.780,-97.020,-52.278,0.308,0.009,0.790,10.753,1.000,0.000,0.0000
619.790,-97.020,-52.266,0.308,0.012,0.790,10.752,1.000,0.000,0.0000
619.800,-97.020,-52.253,0.308,0.014,0.790,10.752,1.000,0.000,0.0000
619.810,-97.020,-52.240,0.308,0.016,0.790,10.752,1.000,0.000,0.0000
619.820,-97.020,-52.227,0.308,0.018,0.790,10.752,1.000,0.000,0.0000
619.830,-97.020,-52.213,0.309,0.019,0.790,10.752,1.000,0.000,0.0000
619.840,-97.020,-52.199,0.309,0.020,0.790,10.752,1.000,0.000,0.0000
619.850,-97.020,-52.185,0.309,0.021,0.790,10.751,1.000,0.000,0.0000
619.860,-97.020,-52.170,0.309,0.021,0.790,10.751,1.000,0.000,0.0000
619.870,-97.020,-52.155,0.310,0.021,0.790,10.751,1.000,0.000,0.0000
619.880,-97.020,-52.139,0.310,0.020,0.790,10.751,1.000,0.000,0.0000
619.890,-97.020,-52.123,0.310,0.020,0.790,10.751,1.000,0.000,0.0000
619.900,-97.020,-52.107,0.310,0.019,0.790,10.750,1.000,0.000,0.0000
619.910,-97.020,-52.090,0.310,0.018,0.790,10.750,1.000,0.000,0.0000
619.920,-97.020,-52.073,0.310,0.016,0.790,10.750,1.000,0.000,0.0000
619.930,-97.020,-52.055,0.311,0.015,0.790,10.750,1.000,0.000,0.0000
619.940,-97.020,-52.037,0.311,0.013,0.790,10.750,1.000,0.000,0.0000
619.950,-97.020,-52.019,0.311,0.012,0.790,10.750,1.000,0.000,0.0000
619.960,-97.020,-52.000,0.311,0.010,0.790,10.750,1.000,0.000,0.0000
619.970,-97.020,-51.981,0.311,0.008,0.790,10.749,1.000,0.000,0.0000
619.980,-97.020,-51.961,0.311,0.006,0.790,10.749,1.000,0.000,0.0000
619.990,-97.020,-51.941,0.311,0.005,0.790,10.749,1.000,0.000,0.0000
620.000,-97.020,-51.921,0.311,0.003,0.790,10.749,1.000,0.000,0.0000
620.010,-97.020,-51.900,0.311,0.002,0.790,10.749,1.000,0.000,0.0000
620.020,-97.020,-51.879,0.311,0.002,0.790,10.749,1.000,0.000,0.0000
620.030,-97.020,-51.857,0.311,0.002,0.790,10.749,1.000,0.000,0.0000
620.040,-97.020,-51.835,0.311,0.003,0.790,10.749,1.000,0.000,0.0000
620.050,-97.019,-51.813,0.311,0.004,0.790,10.749,1.000,0.000,0.0000
620.060,-97.019,-51.790,0.311,0.005,0.790,10.749,1.000,0.000,0.0000
620.070,-97.019,-51.767,0.311,0.006,0.790,10.749,1.000,0.000,0.0000
620.080,-97.019,-51.744,0.311,0.007,0.790,10.750,1.000,0.000,0.0000
620.090,-97.019,-51.720,0.311,0.007,0.790,10.750,1.000,0.000,0.0000
620.100,-97.019,-51.695,0.311,0.008,0.790,10.750,1.000,0.000,0.0000
620.110,-97.019,-51.671,0.311,0.008,0.790,10.750,1.000,0.000,0.0000
620.120,-97.019,-51.646,0.311,0.008,0.790,10.750,1.000,0.000,0.0000
620.130,-97.019,-51.620,0.311,0.008,0.790,10.750,1.000,0.000,0.0000
620.140,-97.019,-51.594,0.310,0.008,0.790,10.750,1.000,0.000,0.0000
620.150,-97.019,-51.568,0.310,0.008,0.790,10.750,1.000,0.000,0.0000
620.160,-97.019,-51.541,0.310,0.007,0.790,10.750,1.000,0.000,0.0000
620.170,-97.019,-51.514,0.310,0.007,0.790,10.750,1.000,0.000,0.0000
620.180,-97.019,-51.487,0.310,0.007,0.789,10.750,1.000,0.000,0.0000
620.190,-97.019,-51.459,0.310,0.006,0.789,10.750,1.000,0.000,0.0000
620.200,-97.019,-51.430,0.310,0.006,0.789,10.750,1.000,0.000,0.0000
620.210,-97.019,-51.402,0.310,0.005,0.789,10.750,1.000,0.000,0.0000
620.220,-97.019,-51.373,0.310,0.004,0.789,10.750,1.000,0.000,0.0000
620.230,-97.019,-51.343,0.310,0.004,0.789,10.750,1.000,0.000,0.0000
620.240,-97.019,-51.313,0.310,0.003,0.789,10.750,1.000,0.000,0.0000
620.250,-97.019,-51.283,0.310,0.003,0.789,10.751,1.000,0.000,0.0000
620.260,-97.019,-51.252,0.310,0.003,0.789,10.751,1.000,0.000,0.0000
620.270,-97.019,-51.221,0.310,0.003,0.789,10.751,1.000,0.000,0.0000
620.280,-97.019,-51.190,0.310,0.003,0.789,10.751,1.000,0.000,0.0000
620.290,-97.019,-51.158,0.310,0.003,0.789,10.751,1.000,0.000,0.0000
620.300,-97.019,-51.126,0.310,0.003,0.789,10.750,1.000,0.000,0.0000
620.310,-97.019,-51.093,0.310,0.003,0.789,10.750,1.000,0.000,0.0000
620.320,-97.019,-51.060,0.310,0.003,0.789,10.750,1.000,0.000,0.0000
620.330,-97.019,-51.027,0.310,0.003,0.789,10.750,1.000,0.000,0.0000
620.340,-97.019,-50.993,0.310,0.004,0.789,10.750,1.000,0.000,0.0000
620.350,-97.019,-50.958,0.310,0.004,0.789,10.750,1.000,0.000,0.0000
620.360,-97.019,-50.924,0.310,0.004,0.789,10.750,1.000,0.000,0.0000
620.370,-97.019,-50.889,0.310,0.004,0.789,10.750,1.000,0.000,0.0000
620.380,-97.019,-50.853,0.310,0.004,0.789,10.750,1.000,0.000,0.0000
620.390,-97.019,-50.817,0.310,0.004,0.789,10.750,1.000,0.000,0.0000
620.400,-97.019,-50.781,0.310,0.004,0.789,10.750,1.000,0.000,0.0000
620.410,-97.019,-50.745,0.310,0.004,0.789,10.750,1.000,0.000,0.0000
620.420,-97.019,-50.708,0.310,0.004,0.789,10.750,1.000,0.000,0.0000
620.430,-97.019,-50.670,0.310,0.004,0.789,10.750,1.000,0.000,0.0000
620.440,-97.019,-50.632,0.310,0.004,0.789,10.750,1.000,0.000,0.0000
620.450,-97.019,-50.594,0.310,0.004,0.789,10.750,1.000,0.000,0.0000
620.460,-97.018,-50.556,0.310,0.004,0.789,10.750,1.000,0.000,0.0000
620.470,-97.018,-50.516,0.310,0.004,0.789,10.750,1.000,0.000,0.0000
620.480,-97.018,-50.477,0.310,0.003,0.789,10.750,1.000,0.000,0.0000
620.490,-97.018,-50.437,0.310,0.003,0.789,10.750,1.000,0.000,0.0000
620.500,-97.018,-50.397,0.310,0.003,0.789,10.750,1.000,0.000,0.0000
620.510,-97.018,-50.356,0.310,0.003,0.789,10.750,1.000,0.000,0.0000
620.520,-97.018,-50.315,0.310,0.003,0.789,10.750,1.000,0.000,0.0000
620.530,-97.018,-50.274,0.310,0.003,0.789,10.750,1.000,0.000,0.0000
620.540,-97.018,-50.232,0.310,0.003,0.788,10.750,1.000,0.000,0.0000
620.550,-97.018,-50.190,0.310,0.003,0.788,10.750,1.000,0.000,0.0000
620.560,-97.018,-50.148,0.310,0.003,0.788,10.750,1.000,0.000,0.0000
620.570,-97.018,-50.105,0.310,0.003,0.788,10.750,1.000,0.000,0.0000
620.580,-97.018,-50.061,0.310,0.004,0.788,10.750,1.000,0.000,0.0000
620.590,-97.018,-50.017,0.310,0.004,0.788,10.750,1.000,0.000,0.0000
620.600,-97.018,-49.973,0.310,0.004,0.788,10.750,1.000,0.000,0.0000
620.610,-97.018,-49.929,0.310,0.004,0.788,10.750,1.000,0.000,0.0000
620.620,-97.018,-49.884,0.310,0.004,0.788,10.750,1.000,0.000,0.0000
620.630,-97.018,-49.838,0.310,0.004,0.788,10.750,1.000,0.000,0.0000
620.640,-97.018,-49.793,0.310,0.004,0.788,10.750,1.000,0.000,0.0000
620.650,-97.018,-49.747,0.310,0.004,0.788,10.750,1.000,0.000,0.0000
620.660,-97.018,-49.700,0.310,0.004,0.788,10.750,1.000,0.000,0.0000
620.670,-97.018,-49.653,0.310,0.004,0.788,10.750,1.000,0.000,0.0000
620.680,-97.018,-49.606,0.310,0.004,0.788,10.750,1.000,0.000,0.0000
620.690,-97.018,-49.558,0.310,0.004,0.788,10.750,1.000,0.000,0.0000
620.700,-97.018,-49.510,0.310,0.004,0.788,10.750,1.000,0.000,0.0000
620.710,-97.018,-49.461,0.310,0.004,0.788,10.750,1.000,0.000,0.0000
620.720,-97.018,-49.412,0.310,0.004,0.788,10.750,1.000,0.000,0.0000
620.730,-97.018,-49.363,0.310,0.004,0.788,10.750,1.000,0.000,0.0000
620.740,-97.017,-49.313,0.310,0.004,0.788,10.750,1.000,0.000,0.0000
620.750,-97.017,-49.263,0.310,0.004,0.788,10.750,1.000,0.000,0.0000
620.760,-97.017,-49.213,0.310,0.004,0.788,10.750,1.000,0.000,0.0000
620.770,-97.017,-49.162,0.310,0.004,0.788,10.750,1.000,0.000,0.0000
620.780,-97.017,-49.110,0.310,0.004,0.788,10.750,1.000,0.000,0.0000
620.790,-97.017,-49.059,0.310,0.004,0.788,10.750,1.000,0.000,0.0000
620.800,-97.017,-49.007,0.310,0.004,0.788,10.750,1.000,0.000,0.0000
620.810,-97.017,-48.954,0.310,0.004,0.787,10.750,1.000,0.000,0.0000
620.820,-97.017,-48.901,0.310,0.004,0.787,10.750,1.000,0.000,0.0000
620.830,-97.017,-48.848,0.310,0.004,0.787,10.750,1.000,0.000,0.0000
620.840,-97.017,-48.794,0.310,0.004,0.787,10.750,1.000,0.000,0.0000
620.850,-97.017,-48.740,0.310,0.004,0.787,10.750,1.000,0.000,0.0000
620.860,-97.017,-48.686,0.310,0.004,0.787,10.750,1.000,0.000,0.0000
620.870,-97.017,-48.631,0.310,0.004,0.787,10.750,1.000,0.000,0.0000
620.880,-97.017,-48.576,0.310,0.004,0.787,10.750,1.000,0.000,0.0000
620.890,-97.017,-48.520,0.310,0.004,0.787,10.750,1.000,0.000,0.0000
620.900,-97.017,-48.464,0.310,0.005,0.787,10.750,1.000,0.000,0.0000
620.910,-97.017,-48.407,0.310,0.005,0.787,10.750,1.000,0.000,0.0000
620.920,-97.017,-48.350,0.310,0.005,0.787,10.750,1.000,0.000,0.0000
620.930,-97.017,-48.293,0.310,0.005,0.787,10.750,1.000,0.000,0.0000
620.940,-97.017,-48.236,0.310,0.005,0.787,10.750,1.000,0.000,0.0000
620.950,-97.017,-48.178,0.310,0.005,0.787,10.750,1.000,0.000,0.0000
620.960,-97.017,-48.119,0.310,0.005,0.787,10.750,1.000,0.000,0.0000
620.970,-97.016,-48.060,0.310,0.005,0.787,10.750,1.000,0.000,0.0000
620.980,-97.016,-48.001,0.310,0.005,0.787,10.750,1.000,0.000,0.0000
620.990,-97.016,-47.941,0.310,0.005,0.787,10.750,1.000,0.000,0.0000
621.000,-97.016,-47.881,0.310,0.005,0.787,10.750,1.000,0.000,0.0000
621.010,-97.016,-47.821,0.310,0.005,0.787,10.750,1.000,0.000,0.0000
621.020,-97.016,-47.760,0.310,0.005,0.787,10.750,1.000,0.000,0.0000
621.030,-97.016,-47.699,0.310,0.005,0.786,10.750,1.000,0.000,0.0000
621.040,-97.016,-47.637,0.310,0.005,0.786,10.750,1.000,0.000,0.0000
621.050,-97.016,-47.575,0.310,0.005,0.786,10.750,1.000,0.000,0.0000
621.060,-97.016,-47.513,0.310,0.005,0.786,10.750,1.000,0.000,0.0000
621.070,-97.016,-47.450,0.310,0.005,0.786,10.750,1.000,0.000,0.0000
621.080,-97.016,-47.387,0.310,0.005,0.786,10.750,1.000,0.000,0.0000
621.090,-97.016,-47.323,0.310,0.005,0.786,10.750,1.000,0.000,0.0000
621.100,-97.016,-47.259,0.310,0.005,0.786,10.750,1.000,0.000,0.0000
621.110,-97.016,-47.195,0.310,0.005,0.786,10.750,1.000,0.000,0.0000
621.120,-97.016,-47.130,0.310,0.005,0.786,10.750,1.000,0.000,0.0000
621.130,-97.016,-47.065,0.310,0.005,0.786,10.750,1.000,0.000,0.0000
621.140,-97.016,-46.999,0.310,0.005,0.786,10.750,1.000,0.000,0.0000
621.150,-97.016,-46.933,0.310,0.005,0.786,10.750,1.000,0.000,0.0000
621.160,-97.016,-46.867,0.310,0.005,0.786,10.750,1.000,0.000,0.0000
621.170,-97.015,-46.800,0.310,0.005,0.786,10.750,1.000,0.000,0.0000
621.180,-97.015,-46.733,0.310,0.005,0.786,10.750,1.000,0.000,0.0000
621.190,-97.015,-46.665,0.310,0.005,0.786,10.750,1.000,0.000,0.0000
621.200,-97.015,-46.597,0.310,0.005,0.786,10.750,1.000,0.000,0.0000
621.210,-97.015,-46.529,0.310,0.005,0.786,10.750,1.000,0.000,0.0000
621.220,-97.015,-46.460,0.310,0.006,0.785,10.750,1.000,0.000,0.0000
621.230,-97.015,-46.391,0.310,0.006,0.785,10.750,1.000,0.000,0.0000
621.240,-97.015,-46.321,0.310,0.006,0.785,10.750,1.000,0.000,0.0000
621.250,-97.015,-46.251,0.310,0.006,0.785,10.750,1.000,0.000,0.0000
621.260,-97.015,-46.181,0.310,0.006,0.785,10.750,1.000,0.000,0.0000
621.270,-97.015,-46.110,0.310,0.006,0.785,10.750,1.000,0.000,0.0000
621.280,-97.015,-46.039,0.310,0.006,0.785,10.750,1.000,0.000,0.0000
621.290,-97.015,-45.968,0.310,0.006,0.785,10.750,1.000,0.000,0.0000
621.300,-97.015,-45.896,0.310,0.006,0.785,10.750,1.000,0.000,0.0000
621.310,-97.015,-45.823,0.310,0.006,0.785,10.750,1.000,0.000,0.0000
621.320,-97.015,-45.751,0.310,0.006,0.785,10.750,1.000,0.000,0.0000
621.330,-97.015,-45.678,0.310,0.006,0.785,10.750,1.000,0.000,0.0000
621.340,-97.015,-45.604,0.310,0.006,0.785,10.750,1.000,0.000,0.0000
621.350,-97.014,-45.530,0.310,0.006,0.785,10.750,1.000,0.000,0.0000
621.360,-97.014,-45.456,0.310,0.006,0.785,10.750,1.000,0.000,0.0000
621.370,-97.014,-45.381,0.310,0.006,0.785,10.750,1.000,0.000,0.0000
621.380,-97.014,-45.306,0.310,0.006,0.785,10.750,1.000,0.000,0.0000
621.390,-97.014,-45.230,0.310,0.006,0.784,10.750,1.000,0.000,0.0000
621.400,-97.014,-45.154,0.310,0.006,0.784,10.750,1.000,0.000,0.0000
621.410,-97.014,-45.078,0.310,0.006,0.784,10.750,1.000,0.000,0.0000
621.420,-97.014,-45.001,0.310,0.006,0.784,10.750,1.000,0.000,0.0000
621.430,-97.014,-44.924,0.310,0.006,0.784,10.750,1.000,0.000,0.0000
621.440,-97.014,-44.847,0.310,0.006,0.784,10.750,1.000,0.000,0.0000
621.450,-97.014,-44.769,0.310,0.006,0.784,10.750,1.000,0.000,0.0000
621.460,-97.014,-44.691,0.310,0.006,0.784,10.750,1.000,0.000,0.0000
621.470,-97.014,-44.612,0.310,0.006,0.784,10.750,1.000,0.000,0.0000
621.480,-97.014,-44.533,0.310,0.006,0.784,10.750,1.000,0.000,0.0000
621.490,-97.014,-44.453,0.310,0.006,0.784,10.750,1.000,0.000,0.0000
621.500,-97.014,-44.374,0.310,0.006,0.784,10.750,1.000,0.000,0.0000
621.510,-97.013,-44.293,0.310,0.006,0.784,10.750,1.000,0.000,0.0000
621.520,-97.013,-44.213,0.310,0.006,0.784,10.750,1.000,0.000,0.0000
621.530,-97.013,-44.132,0.310,0.007,0.784,10.750,1.000,0.000,0.0000
621.540,-97.013,-44.050,0.310,0.007,0.784,10.750,1.000,0.000,0.0000
621.550,-97.013,-43.968,0.310,0.007,0.783,10.750,1.000,0.000,0.0000
621.560,-97.013,-43.886,0.310,0.007,0.783,10.750,1.000,0.000,0.0000
621.570,-97.013,-43.803,0.310,0.007,0.783,10.750,1.000,0.000,0.0000
621.580,-97.013,-43.720,0.310,0.007,0.783,10.750,1.000,0.000,0.0000
621.590,-97.013,-43.637,0.310,0.007,0.783,10.750,1.000,0.000,0.0000
621.600,-97.013,-43.553,0.310,0.007,0.783,10.750,1.000,0.000,0.0000
621.610,-97.013,-43.469,0.310,0.007,0.783,10.750,1.000,0.000,0.0000
621.620,-97.013,-43.384,0.310,0.007,0.783,10.750,1.000,0.000,0.0000
621.630,-97.013,-43.299,0.310,0.007,0.783,10.750,1.000,0.000,0.0000
621.640,-97.013,-43.214,0.310,0.007,0.783,10.750,1.000,0.000,0.0000
621.650,-97.013,-43.128,0.310,0.007,0.783,10.750,1.000,0.000,0.0000
621.660,-97.012,-43.042,0.310,0.007,0.783,10.750,1.000,0.000,0.0000
621.670,-97.012,-42.955,0.310,0.007,0.783,10.750,1.000,0.000,0.0000
621.680,-97.012,-42.868,0.310,0.007,0.783,10.750,1.000,0.000,0.0000
621.690,-97.012,-42.781,0.310,0.007,0.783,10.750,1.000,0.000,0.0000
621.700,-97.012,-42.693,0.310,0.007,0.782,10.750,1.000,0.000,0.0000
621.710,-97.012,-42.605,0.310,0.007,0.782,10.750,1.000,0.000,0.0000
621.720,-97.012,-42.516,0.310,0.007,0.782,10.750,1.000,0.000,0.0000
621.730,-97.012,-42.427,0.310,0.007,0.782,10.750,1.000,0.000,0.0000
621.740,-97.012,-42.338,0.310,0.007,0.782,10.750,1.000,0.000,0.0000
621.750,-97.012,-42.248,0.310,0.007,0.782,10.749,1.000,0.000,0.0000
621.760,-97.012,-42.158,0.310,0.007,0.782,10.749,1.000,0.000,0.0000
621.770,-97.012,-42.067,0.310,0.007,0.782,10.749,1.000,0.000,0.0000
621.780,-97.012,-41.976,0.310,0.007,0.782,10.749,1.000,0.000,0.0000
621.790,-97.012,-41.885,0.310,0.007,0.782,10.749,1.000,0.000,0.0000
621.800,-97.011,-41.793,0.310,0.007,0.782,10.749,1.000,0.000,0.0000
621.810,-97.011,-41.701,0.310,0.007,0.782,10.749,1.000,0.000,0.0000
621.820,-97.011,-41.608,0.310,0.007,0.782,10.749,1.000,0.000,0.0000
621.830,-97.011,-41.515,0.310,0.007,0.781,10.749,1.000,0.000,0.0000
621.840,-97.011,-41.422,0.310,0.008,0.781,10.749,1.000,0.000,0.0000
621.850,-97.011,-41.328,0.310,0.008,0.781,10.749,1.000,0.000,0.0000
621.860,-97.011,-41.234,0.310,0.008,0.781,10.749,1.000,0.000,0.0000
621.870,-97.011,-41.139,0.310,0.008,0.781,10.749,1.000,0.000,0.0000
621.880,-97.011,-41.044,0.310,0.008,0.781,10.749,1.000,0.000,0.0000
621.890,-97.011,-40.949,0.310,0.008,0.781,10.749,1.000,0.000,0.0000
621.900,-97.011,-40.853,0.310,0.008,0.781,10.749,1.000,0.000,0.0000
621.910,-97.011,-40.757,0.310,0.008,0.781,10.749,1.000,0.000,0.0000
621.920,-97.011,-40.660,0.310,0.008,0.781,10.749,1.000,0.000,0.0000
621.930,-97.010,-40.564,0.310,0.008,0.781,10.749,1.000,0.000,0.0000
621.940,-97.010,-40.466,0.310,0.008,0.781,10.749,1.000,0.000,0.0000
621.950,-97.010,-40.368,0.310,0.008,0.781,10.749,1.000,0.000,0.0000
621.960,-97.010,-40.270,0.310,0.008,0.780,10.749,1.000,0.000,0.0000
621.970,-97.010,-40.172,0.310,0.008,0.780,10.749,1.000,0.000,0.0000
621.980,-97.010,-40.073,0.310,0.008,0.780,10.749,1.000,0.000,0.0000
621.990,-97.010,-39.974,0.310,0.008,0.780,10.749,1.000,0.000,0.0000
622.000,-97.010,-39.874,0.310,0.008,0.780,10.749,1.000,0.000,0.0000
622.010,-97.010,-39.774,0.310,0.008,0.780,10.749,1.000,0.000,0.0000
622.020,-97.010,-39.673,0.310,0.008,0.780,10.749,1.000,0.000,0.0000
622.030,-97.010,-39.572,0.310,0.008,0.780,10.749,1.000,0.000,0.0000
622.040,-97.010,-39.471,0.310,0.008,0.780,10.749,1.000,0.000,0.0000
622.050,-97.009,-39.369,0.310,0.008,0.780,10.749,1.000,0.000,0.0000
622.060,-97.009,-39.267,0.310,0.008,0.780,10.749,1.000,0.000,0.0000
622.070,-97.009,-39.165,0.310,0.008,0.780,10.749,1.000,0.000,0.0000
622.080,-97.009,-39.062,0.310,0.008,0.780,10.749,1.000,0.000,0.0000
622.090,-97.009,-38.959,0.310,0.008,0.779,10.749,1.000,0.000,0.0000
622.100,-97.009,-38.855,0.310,0.008,0.779,10.749,1.000,0.000,0.0000
622.110,-97.009,-38.751,0.310,0.008,0.779,10.749,1.000,0.000,0.0000
622.120,-97.009,-38.646,0.310,0.008,0.779,10.749,1.000,0.000,0.0000
622.130,-97.009,-38.541,0.310,0.008,0.779,10.749,1.000,0.000,0.0000
622.140,-97.009,-38.436,0.310,0.008,0.779,10.749,1.000,0.000,0.0000
622.150,-97.009,-38.331,0.310,0.008,0.779,10.749,1.000,0.000,0.0000
622.160,-97.009,-38.224,0.310,0.009,0.779,10.749,1.000,0.000,0.0000
622.170,-97.008,-38.118,0.310,0.009,0.779,10.749,1.000,0.000,0.0000
622.180,-97.008,-38.011,0.310,0.009,0.779,10.749,1.000,0.000,0.0000
622.190,-97.008,-37.904,0.310,0.009,0.779,10.749,1.000,0.000,0.0000
622.200,-97.008,-37.796,0.310,0.009,0.778,10.749,1.000,0.000,0.0000
622.210,-97.008,-37.688,0.310,0.009,0.778,10.749,1.000,0.000,0.0000
622.220,-97.008,-37.580,0.310,0.009,0.778,10.749,1.000,0.000,0.0000
622.230,-97.008,-37.471,0.310,0.009,0.778,10.749,1.000,0.000,0.0000
622.240,-97.008,-37.362,0.310,0.009,0.778,10.749,1.000,0.000,0.0000
622.250,-97.008,-37.252,0.310,0.009,0.778,10.749,1.000,0.000,0.0000
622.260,-97.008,-37.142,0.310,0.009,0.778,10.749,1.000,0.000,0.0000
622.270,-97.008,-37.032,0.310,0.009,0.778,10.749,1.000,0.000,0.0000
622.280,-97.008,-36.921,0.310,0.009,0.778,10.749,1.000,0.000,0.0000
622.290,-97.007,-36.810,0.310,0.010,0.778,10.749,1.000,0.000,0.0000
622.300,-97.007,-36.698,0.310,0.014,0.778,10.749,1.000,0.000,0.0000
622.310,-97.007,-36.587,0.311,0.020,0.778,10.749,1.000,0.000,0.0000
622.320,-97.007,-36.476,0.311,0.028,0.777,10.748,1.000,0.000,0.0000
622.330,-97.007,-36.365,0.311,0.035,0.777,10.748,1.000,0.000,0.0000
622.340,-97.007,-36.253,0.312,0.042,0.777,10.748,1.000,0.000,0.0000
622.350,-97.007,-36.142,0.312,0.047,0.777,10.747,1.000,0.000,0.0000
622.360,-97.007,-36.031,0.313,0.051,0.777,10.747,1.000,0.000,0.0000
622.370,-97.007,-35.920,0.313,0.054,0.777,10.746,1.000,0.000,0.0000
622.380,-97.007,-35.809,0.314,0.056,0.777,10.746,1.000,0.000,0.0000
622.390,-97.007,-35.697,0.314,0.056,0.777,10.745,1.000,0.000,0.0000
622.400,-97.006,-35.586,0.315,0.056,0.777,10.745,1.000,0.000,0.0000
622.410,-97.006,-35.475,0.315,0.056,0.777,10.744,1.000,0.000,0.0000
622.420,-97.006,-35.364,0.316,0.054,0.777,10.743,1.000,0.000,0.0000
622.430,-97.006,-35.252,0.316,0.052,0.777,10.743,1.000,0.000,0.0000
622.440,-97.006,-35.141,0.317,0.049,0.777,10.742,1.000,0.000,0.0000
622.450,-97.006,-35.030,0.317,0.046,0.776,10.742,1.000,0.000,0.0000
622.460,-97.006,-34.919,0.318,0.042,0.776,10.742,1.000,0.000,0.0000
622.470,-97.006,-34.808,0.318,0.038,0.776,10.741,1.000,0.000,0.0000
622.480,-97.006,-34.696,0.318,0.034,0.776,10.741,1.000,0.000,0.0000
622.490,-97.006,-34.585,0.319,0.030,0.776,10.741,1.000,0.000,0.0000
622.500,-97.006,-34.474,0.319,0.026,0.776,10.740,1.000,0.000,0.0000
622.510,-97.005,-34.363,0.319,0.022,0.776,10.740,1.000,0.000,0.0000
622.520,-97.005,-34.252,0.319,0.018,0.776,10.740,1.000,0.000,0.0000
622.530,-97.005,-34.141,0.319,0.014,0.776,10.740,1.000,0.000,0.0000
622.540,-97.005,-34.030,0.319,0.011,0.776,10.740,1.000,0.000,0.0000
622.550,-97.005,-33.919,0.319,0.009,0.776,10.740,1.000,0.000,0.0000
622.560,-97.005,-33.807,0.319,0.009,0.776,10.740,1.000,0.000,0.0000
622.570,-97.005,-33.696,0.319,0.010,0.775,10.740,1.000,0.000,0.0000
622.580,-97.005,-33.585,0.319,0.012,0.775,10.740,1.000,0.000,0.0000
622.590,-97.005,-33.474,0.319,0.014,0.775,10.740,1.000,0.000,0.0000
622.600,-97.005,-33.363,0.319,0.016,0.775,10.740,1.000,0.000,0.0000
622.610,-97.005,-33.252,0.319,0.018,0.775,10.740,1.000,0.000,0.0000
622.620,-97.004,-33.141,0.319,0.020,0.775,10.740,1.000,0.000,0.0000
622.630,-97.004,-33.030,0.319,0.021,0.775,10.741,1.000,0.000,0.0000
622.640,-97.004,-32.919,0.318,0.022,0.775,10.741,1.000,0.000,0.0000
622.650,-97.004,-32.808,0.318,0.022,0.775,10.741,1.000,0.000,0.0000
622.660,-97.004,-32.697,0.318,0.023,0.775,10.741,1.000,0.000,0.0000
622.670,-97.004,-32.586,0.318,0.023,0.775,10.741,1.000,0.000,0.0000
622.680,-97.004,-32.475,0.317,0.022,0.774,10.742,1.000,0.000,0.0000
622.690,-97.004,-32.364,0.317,0.022,0.774,10.742,1.000,0.000,0.0000
622.700,-97.004,-32.253,0.317,0.021,0.774,10.742,1.000,0.000,0.0000
622.710,-97.004,-32.142,0.317,0.020,0.774,10.742,1.000,0.000,0.0000
622.720,-97.004,-32.030,0.317,0.019,0.774,10.742,1.000,0.000,0.0000
622.730,-97.004,-31.919,0.317,0.018,0.774,10.742,1.000,0.000,0.0000
622.740,-97.003,-31.808,0.316,0.016,0.774,10.742,1.000,0.000,0.0000
622.750,-97.003,-31.697,0.316,0.015,0.774,10.743,1.000,0.000,0.0000
622.760,-97.003,-31.586,0.316,0.014,0.774,10.743,1.000,0.000,0.0000
622.770,-97.003,-31.475,0.316,0.012,0.774,10.743,1.000,0.000,0.0000
622.780,-97.003,-31.364,0.316,0.011,0.774,10.743,1.000,0.000,0.0000
622.790,-97.003,-31.253,0.316,0.010,0.773,10.743,1.000,0.000,0.0000
622.800,-97.003,-31.142,0.316,0.010,0.773,10.743,1.000,0.000,0.0000
622.810,-97.003,-31.031,0.316,0.009,0.773,10.743,1.000,0.000,0.0000
622.820,-97.003,-30.920,0.316,0.009,0.773,10.743,1.000,0.000,0.0000
622.830,-97.003,-30.809,0.316,0.009,0.773,10.743,1.000,0.000,0.0000
622.840,-97.003,-30.697,0.316,0.009,0.773,10.743,1.000,0.000,0.0000
622.850,-97.002,-30.586,0.316,0.010,0.773,10.743,1.000,0.000,0.0000
622.860,-97.002,-30.475,0.316,0.010,0.773,10.743,1.000,0.000,0.0000
622.870,-97.002,-30.364,0.316,0.010,0.773,10.743,1.000,0.000,0.0000
622.880,-97.002,-30.253,0.316,0.011,0.773,10.743,1.000,0.000,0.0000
622.890,-97.002,-30.142,0.316,0.011,0.773,10.743,1.000,0.000,0.0000
622.900,-97.002,-30.031,0.316,0.011,0.772,10.742,1.000,0.000,0.0000
622.910,-97.002,-29.920,0.316,0.012,0.772,10.742,1.000,0.000,0.0000
622.920,-97.002,-29.809,0.317,0.012,0.772,10.742,1.000,0.000,0.0000
622.930,-97.002,-29.697,0.317,0.012,0.772,10.742,1.000,0.000,0.0000
622.940,-97.002,-29.586,0.317,0.012,0.772,10.742,1.000,0.000,0.0000
622.950,-97.002,-29.475,0.317,0.012,0.772,10.742,1.000,0.000,0.0000
622.960,-97.001,-29.364,0.317,0.011,0.772,10.742,1.000,0.000,0.0000
622.970,-97.001,-29.253,0.317,0.011,0.772,10.742,1.000,0.000,0.0000
622.980,-97.001,-29.142,0.317,0.011,0.772,10.742,1.000,0.000,0.0000
622.990,-97.001,-29.031,0.317,0.011,0.772,10.742,1.000,0.000,0.0000
623.000,-97.001,-28.920,0.317,0.010,0.772,10.742,1.000,0.000,0.0000
623.010,-97.001,-28.809,0.317,0.010,0.771,10.742,1.000,0.000,0.0000
623.020,-97.001,-28.697,0.317,0.010,0.771,10.742,1.000,0.000,0.0000
623.030,-97.001,-28.586,0.317,0.010,0.771,10.742,1.000,0.000,0.0000
623.040,-97.001,-28.475,0.317,0.009,0.771,10.742,1.000,0.000,0.0000
623.050,-97.001,-28.364,0.317,0.009,0.771,10.741,1.000,0.000,0.0000
623.060,-97.001,-28.253,0.317,0.009,0.771,10.741,1.000,0.000,0.0000
623.070,-97.000,-28.142,0.317,0.009,0.771,10.741,1.000,0.000,0.0000
623.080,-97.000,-28.031,0.317,0.009,0.771,10.741,1.000,0.000,0.0000
623.090,-97.000,-27.920,0.317,0.009,0.771,10.741,1.000,0.000,0.0000
623.100,-97.000,-27.809,0.317,0.009,0.771,10.741,1.000,0.000,0.0000
623.110,-97.000,-27.698,0.317,0.009,0.771,10.741,1.000,0.000,0.0000
623.120,-97.000,-27.586,0.317,0.009,0.771,10.741,1.000,0.000,0.0000
623.130,-97.000,-27.475,0.317,0.009,0.770,10.741,1.000,0.000,0.0000
623.140,-97.000,-27.364,0.317,0.009,0.770,10.741,1.000,0.000,0.0000
623.150,-97.000,-27.253,0.317,0.009,0.770,10.741,1.000,0.000,0.0000
623.160,-97.000,-27.142,0.317,0.009,0.770,10.741,1.000,0.000,0.0000
623.170,-97.000,-27.031,0.317,0.009,0.770,10.741,1.000,0.000,0.0000
623.180,-96.999,-26.920,0.317,0.009,0.770,10.742,1.000,0.000,0.0000
623.190,-96.999,-26.809,0.317,0.009,0.770,10.742,1.000,0.000,0.0000
623.200,-96.999,-26.698,0.317,0.009,0.770,10.742,1.000,0.000,0.0000
623.210,-96.999,-26.587,0.317,0.009,0.770,10.742,1.000,0.000,0.0000
623.220,-96.999,-26.475,0.317,0.009,0.770,10.742,1.000,0.000,0.0000
623.230,-96.999,-26.364,0.317,0.009,0.770,10.742,1.000,0.000,0.0000
623.240,-96.999,-26.253,0.317,0.009,0.769,10.742,1.000,0.000,0.0000
623.250,-96.999,-26.142,0.317,0.009,0.769,10.742,1.000,0.000,0.0000
623.260,-96.999,-26.031,0.317,0.009,0.769,10.742,1.000,0.000,0.0000
623.270,-96.999,-25.920,0.317,0.009,0.769,10.742,1.000,0.000,0.0000
623.280,-96.999,-25.809,0.317,0.009,0.769,10.742,1.000,0.000,0.0000
623.290,-96.999,-25.698,0.317,0.009,0.769,10.742,1.000,0.000,0.0000
623.300,-96.998,-25.587,0.317,0.009,0.769,10.742,1.000,0.000,0.0000
623.310,-96.998,-25.476,0.317,0.009,0.769,10.742,1.000,0.000,0.0000
623.320,-96.998,-25.365,0.317,0.009,0.769,10.742,1.000,0.000,0.0000
623.330,-96.998,-25.253,0.317,0.009,0.769,10.742,1.000,0.000,0.0000
623.340,-96.998,-25.142,0.317,0.009,0.769,10.742,1.000,0.000,0.0000
623.350,-96.998,-25.031,0.317,0.009,0.768,10.742,1.000,0.000,0.0000
623.360,-96.998,-24.920,0.317,0.009,0.768,10.742,1.000,0.000,0.0000
623.370,-96.998,-24.809,0.317,0.009,0.768,10.742,1.000,0.000,0.0000
623.380,-96.998,-24.698,0.317,0.009,0.768,10.742,1.000,0.000,0.0000
623.390,-96.998,-24.587,0.317,0.009,0.768,10.742,1.000,0.000,0.0000
623.400,-96.998,-24.476,0.317,0.009,0.768,10.742,1.000,0.000,0.0000
623.410,-96.997,-24.365,0.317,0.009,0.768,10.742,1.000,0.000,0.0000
623.420,-96.997,-24.254,0.317,0.009,0.768,10.742,1.000,0.000,0.0000
623.430,-96.997,-24.142,0.317,0.009,0.768,10.742,1.000,0.000,0.0000
623.440,-96.997,-24.031,0.317,0.009,0.768,10.742,1.000,0.000,0.0000
623.450,-96.997,-23.920,0.317,0.009,0.768,10.742,1.000,0.000,0.0000
623.460,-96.997,-23.809,0.317,0.009,0.767,10.741,1.000,0.000,0.0000
623.470,-96.997,-23.698,0.317,0.009,0.767,10.741,1.000,0.000,0.0000
623.480,-96.997,-23.587,0.317,0.009,0.767,10.741,1.000,0.000,0.0000
623.490,-96.997,-23.476,0.317,0.009,0.767,10.741,1.000,0.000,0.0000
623.500,-96.997,-23.365,0.317,0.009,0.767,10.741,1.000,0.000,0.0000
623.510,-96.997,-23.254,0.317,0.009,0.767,10.741,1.000,0.000,0.0000
623.520,-96.996,-23.143,0.317,0.009,0.767,10.741,1.000,0.000,0.0000
623.530,-96.996,-23.031,0.317,0.009,0.767,10.741,1.000,0.000,0.0000
623.540,-96.996,-22.920,0.317,0.009,0.767,10.741,1.000,0.000,0.0000
623.550,-96.996,-22.809,0.317,0.009,0.767,10.741,1.000,0.000,0.0000
623.560,-96.996,-22.698,0.317,0.009,0.767,10.741,1.000,0.000,0.0000
623.570,-96.996,-22.587,0.317,0.009,0.766,10.741,1.000,0.000,0.0000
623.580,-96.996,-22.476,0.317,0.009,0.766,10.741,1.000,0.000,0.0000
623.590,-96.996,-22.365,0.317,0.009,0.766,10.741,1.000,0.000,0.0000
623.600,-96.996,-22.254,0.317,0.009,0.766,10.741,1.000,0.000,0.0000
623.610,-96.996,-22.143,0.317,0.009,0.766,10.741,1.000,0.000,0.0000
623.620,-96.996,-22.032,0.317,0.009,0.766,10.741,1.000,0.000,0.0000
623.630,-96.995,-21.920,0.317,0.009,0.766,10.741,1.000,0.000,0.0000
623.640,-96.995,-21.809,0.317,0.009,0.766,10.741,1.000,0.000,0.0000
623.650,-96.995,-21.698,0.317,0.009,0.766,10.741,1.000,0.000,0.0000
623.660,-96.995,-21.587,0.317,0.009,0.766,10.741,1.000,0.000,0.0000
623.670,-96.995,-21.476,0.317,0.009,0.766,10.741,1.000,0.000,0.0000
623.680,-96.995,-21.365,0.317,0.009,0.766,10.741,1.000,0.000,0.0000
623.690,-96.995,-21.254,0.317,0.009,0.765,10.741,1.000,0.000,0.0000
623.700,-96.995,-21.143,0.317,0.009,0.765,10.741,1.000,0.000,0.0000
623.710,-96.995,-21.032,0.317,0.009,0.765,10.741,1.000,0.000,0.0000
623.720,-96.995,-20.921,0.317,0.009,0.765,10.741,1.000,0.000,0.0000
623.730,-96.995,-20.809,0.317,0.009,0.765,10.741,1.000,0.000,0.0000
623.740,-96.994,-20.698,0.317,0.009,0.765,10.741,1.000,0.000,0.0000
623.750,-96.994,-20.587,0.317,0.009,0.765,10.741,1.000,0.000,0.0000
623.760,-96.994,-20.476,0.317,0.009,0.765,10.741,1.000,0.000,0.0000
623.770,-96.994,-20.365,0.317,0.009,0.765,10.741,1.000,0.000,0.0000
623.780,-96.994,-20.254,0.317,0.009,0.765,10.741,1.000,0.000,0.0000
623.790,-96.994,-20.143,0.317,0.009,0.765,10.741,1.000,0.000,0.0000
623.800,-96.994,-20.032,0.317,0.009,0.764,10.741,1.000,0.000,0.0000
623.810,-96.994,-19.921,0.317,0.009,0.764,10.741,1.000,0.000,0.0000
623.820,-96.994,-19.810,0.317,0.009,0.764,10.741,1.000,0.000,0.0000
623.830,-96.994,-19.698,0.317,0.009,0.764,10.741,1.000,0.000,0.0000
623.840,-96.994,-19.587,0.317,0.009,0.764,10.741,1.000,0.000,0.0000
623.850,-96.994,-19.476,0.317,0.009,0.764,10.741,1.000,0.000,0.0000
623.860,-96.993,-19.365,0.317,0.009,0.764,10.741,1.000,0.000,0.0000
623.870,-96.993,-19.254,0.317,0.009,0.764,10.741,1.000,0.000,0.0000
623.880,-96.993,-19.143,0.317,0.009,0.764,10.741,1.000,0.000,0.0000
623.890,-96.993,-19.032,0.317,0.009,0.764,10.741,1.000,0.000,0.0000
623.900,-96.993,-18.921,0.317,0.009,0.764,10.741,1.000,0.000,0.0000
623.910,-96.993,-18.810,0.317,0.009,0.763,10.741,1.000,0.000,0.0000
623.920,-96.993,-18.699,0.317,0.009,0.763,10.741,1.000,0.000,0.0000
623.930,-96.993,-18.587,0.317,0.009,0.763,10.741,1.000,0.000,0.0000
623.940,-96.993,-18.476,0.317,0.009,0.763,10.741,1.000,0.000,0.0000
623.950,-96.993,-18.365,0.317,0.009,0.763,10.741,1.000,0.000,0.0000
623.960,-96.993,-18.254,0.317,0.009,0.763,10.741,1.000,0.000,0.0000
623.970,-96.992,-18.143,0.317,0.009,0.763,10.741,1.000,0.000,0.0000
623.980,-96.992,-18.032,0.317,0.009,0.763,10.741,1.000,0.000,0.0000
623.990,-96.992,-17.921,0.317,0.009,0.763,10.741,1.000,0.000,0.0000
624.000,-96.992,-17.810,0.317,0.009,0.763,10.741,1.000,0.000,0.0000
624.010,-96.992,-17.699,0.317,0.009,0.763,10.741,1.000,0.000,0.0000
624.020,-96.992,-17.588,0.317,0.009,0.762,10.741,1.000,0.000,0.0000
624.030,-96.992,-17.476,0.317,0.009,0.762,10.741,1.000,0.000,0.0000
624.040,-96.992,-17.365,0.317,0.009,0.762,10.741,1.000,0.000,0.0000
624.050,-96.992,-17.254,0.317,0.009,0.762,10.741,1.000,0.000,0.0000
624.060,-96.992,-17.143,0.317,0.009,0.762,10.741,1.000,0.000,0.0000
624.070,-96.992,-17.032,0.317,0.009,0.762,10.741,1.000,0.000,0.0000
624.080,-96.991,-16.921,0.317,0.009,0.762,10.741,1.000,0.000,0.0000
624.090,-96.991,-16.810,0.317,0.009,0.762,10.741,1.000,0.000,0.0000
624.100,-96.991,-16.699,0.317,0.009,0.762,10.741,1.000,0.000,0.0000
624.110,-96.991,-16.588,0.317,0.009,0.762,10.741,1.000,0.000,0.0000
624.120,-96.991,-16.477,0.317,0.009,0.762,10.741,1.000,0.000,0.0000
624.130,-96.991,-16.366,0.317,0.009,0.761,10.741,1.000,0.000,0.0000
624.140,-96.991,-16.254,0.317,0.009,0.761,10.741,1.000,0.000,0.0000
624.150,-96.991,-16.143,0.317,0.009,0.761,10.741,1.000,0.000,0.0000
624.160,-96.991,-16.032,0.317,0.009,0.761,10.741,1.000,0.000,0.0000
624.170,-96.991,-15.921,0.317,0.009,0.761,10.741,1.000,0.000,0.0000
624.180,-96.991,-15.810,0.317,0.009,0.761,10.741,1.000,0.000,0.0000
624.190,-96.990,-15.699,0.317,0.009,0.761,10.741,1.000,0.000,0.0000
624.200,-96.990,-15.588,0.317,0.009,0.761,10.741,1.000,0.000,0.0000
624.210,-96.990,-15.477,0.317,0.009,0.761,10.741,1.000,0.000,0.0000
624.220,-96.990,-15.366,0.317,0.009,0.761,10.741,1.000,0.000,0.0000
624.230,-96.990,-15.255,0.317,0.009,0.761,10.741,1.000,0.000,0.0000
624.240,-96.990,-15.143,0.317,0.009,0.761,10.741,1.000,0.000,0.0000
624.250,-96.990,-15.032,0.317,0.009,0.760,10.741,1.000,0.000,0.0000
624.260,-96.990,-14.921,0.317,0.009,0.760,10.741,1.000,0.000,0.0000
624.270,-96.990,-14.810,0.317,0.009,0.760,10.741,1.000,0.000,0.0000
624.280,-96.990,-14.699,0.317,0.009,0.760,10.741,1.000,0.000,0.0000
624.290,-96.990,-14.588,0.317,0.009,0.760,10.741,1.000,0.000,0.0000
624.300,-96.989,-14.477,0.317,0.009,0.760,10.741,1.000,0.000,0.0000
624.310,-96.989,-14.366,0.317,0.009,0.760,10.741,1.000,0.000,0.0000
624.320,-96.989,-14.255,0.317,0.009,0.760,10.741,0.940,0.000,0.0000
624.330,-96.989,-14.144,0.317,0.010,0.760,10.741,0.880,0.000,0.0000
624.340,-96.989,-14.033,0.317,0.014,0.760,10.741,0.820,0.000,0.0000
624.350,-96.989,-13.923,0.317,0.020,0.760,10.740,0.760,0.000,0.0000
624.360,-96.989,-13.813,0.318,0.028,0.759,10.740,0.700,0.000,0.0000
624.370,-96.989,-13.703,0.318,0.036,0.759,10.740,0.640,0.000,0.0000
624.380,-96.989,-13.594,0.318,0.042,0.759,10.739,0.580,0.000,0.0000
624.390,-96.989,-13.485,0.319,0.048,0.759,10.739,0.520,0.000,0.0000
624.400,-96.989,-13.377,0.319,0.052,0.759,10.738,0.460,0.000,0.0000
624.410,-96.989,-13.269,0.320,0.055,0.759,10.738,0.400,0.000,0.0000
624.420,-96.988,-13.161,0.320,0.057,0.759,10.737,0.340,0.000,0.0000
624.430,-96.988,-13.054,0.321,0.058,0.759,10.737,0.280,0.000,0.0000
624.440,-96.988,-12.948,0.321,0.058,0.759,10.736,0.220,0.000,0.0000
624.450,-96.988,-12.841,0.322,0.057,0.759,10.736,0.160,0.000,0.0000
624.460,-96.988,-12.735,0.323,0.055,0.759,10.735,0.100,0.000,0.0000
624.470,-96.988,-12.630,0.323,0.053,0.759,10.734,0.040,0.000,0.0000
624.480,-96.988,-12.525,0.324,0.051,0.759,10.734,0.000,0.000,0.0000
624.490,-96.988,-12.420,0.324,0.047,0.759,10.733,0.000,0.000,0.0000
624.500,-96.988,-12.316,0.325,0.044,0.759,10.733,0.000,0.000,0.0000
624.510,-96.988,-12.212,0.325,0.040,0.758,10.733,0.000,0.000,0.0000
624.520,-96.988,-12.108,0.325,0.036,0.758,10.732,0.000,0.000,0.0000
624.530,-96.988,-12.005,0.326,0.031,0.758,10.732,0.000,0.000,0.0000
624.540,-96.987,-11.902,0.326,0.027,0.758,10.732,0.000,0.000,0.0000
624.550,-96.987,-11.800,0.326,0.022,0.758,10.731,0.000,0.000,0.0000
624.560,-96.987,-11.698,0.326,0.018,0.758,10.731,0.000,0.000,0.0000
624.570,-96.987,-11.597,0.326,0.014,0.758,10.731,0.000,0.000,0.0000
624.580,-96.987,-11.496,0.326,0.011,0.758,10.731,0.000,0.000,0.0000
624.590,-96.987,-11.395,0.326,0.009,0.758,10.731,0.000,0.000,0.0000
624.600,-96.987,-11.295,0.326,0.008,0.758,10.731,0.040,0.000,0.0000
624.610,-96.987,-11.195,0.326,0.009,0.758,10.731,0.080,0.000,0.0000
624.620,-96.987,-11.095,0.326,0.011,0.758,10.731,0.020,0.000,0.0000
624.630,-96.987,-10.996,0.326,0.013,0.758,10.731,0.000,0.000,0.0000
624.640,-96.987,-10.898,0.326,0.016,0.757,10.731,0.000,0.000,0.0000
624.650,-96.987,-10.800,0.326,0.017,0.757,10.732,0.000,0.000,0.0000
624.660,-96.986,-10.702,0.326,0.019,0.757,10.732,0.000,0.000,0.0000
624.670,-96.986,-10.604,0.326,0.020,0.757,10.732,0.000,0.000,0.0000
624.680,-96.986,-10.507,0.325,0.021,0.757,10.732,0.000,0.000,0.0000
624.690,-96.986,-10.411,0.325,0.022,0.757,10.732,0.000,0.000,0.0000
624.700,-96.986,-10.314,0.325,0.022,0.757,10.733,0.000,0.000,0.0000
624.710,-96.986,-10.218,0.325,0.022,0.757,10.733,0.000,0.000,0.0000
624.720,-96.986,-10.123,0.324,0.022,0.757,10.733,0.000,0.000,0.0000
624.730,-96.986,-10.028,0.324,0.022,0.757,10.733,0.000,0.000,0.0000
624.740,-96.986,-9.933,0.324,0.021,0.757,10.733,0.000,0.000,0.0000
624.750,-96.986,-9.839,0.324,0.020,0.757,10.733,0.000,0.000,0.0000
624.760,-96.986,-9.745,0.324,0.019,0.756,10.734,0.000,0.000,0.0000
624.770,-96.986,-9.652,0.324,0.018,0.756,10.734,0.000,0.000,0.0000
624.780,-96.986,-9.559,0.323,0.016,0.756,10.734,0.000,0.000,0.0000
624.790,-96.985,-9.466,0.323,0.015,0.756,10.734,0.000,0.000,0.0000
624.800,-96.985,-9.374,0.323,0.013,0.756,10.734,0.000,0.000,0.0000
624.810,-96.985,-9.282,0.323,0.012,0.756,10.734,0.000,0.000,0.0000
624.820,-96.985,-9.190,0.323,0.010,0.756,10.734,0.000,0.000,0.0000
624.830,-96.985,-9.099,0.323,0.009,0.756,10.734,0.000,0.000,0.0000
624.840,-96.985,-9.008,0.323,0.008,0.756,10.734,0.000,0.000,0.0000
624.850,-96.985,-8.918,0.323,0.008,0.756,10.734,0.000,0.000,0.0000
624.860,-96.985,-8.828,0.323,0.007,0.756,10.734,0.000,0.000,0.0000
624.870,-96.985,-8.738,0.323,0.007,0.756,10.734,0.000,0.000,0.0000
624.880,-96.985,-8.649,0.323,0.007,0.756,10.734,0.000,0.000,0.0000
624.890,-96.985,-8.560,0.323,0.008,0.755,10.734,0.000,0.000,0.0000
624.900,-96.985,-8.472,0.323,0.008,0.755,10.734,0.000,0.000,0.0000
624.910,-96.985,-8.384,0.323,0.009,0.755,10.734,0.000,0.000,0.0000
624.920,-96.985,-8.297,0.323,0.009,0.755,10.734,0.000,0.000,0.0000
624.930,-96.984,-8.209,0.323,0.010,0.755,10.734,0.000,0.000,0.0000
624.940,-96.984,-8.123,0.323,0.010,0.755,10.734,0.000,0.000,0.0000
624.950,-96.984,-8.036,0.323,0.010,0.755,10.734,0.000,0.000,0.0000
624.960,-96.984,-7.950,0.323,0.010,0.755,10.734,0.000,0.000,0.0000
624.970,-96.984,-7.865,0.323,0.010,0.755,10.734,0.000,0.000,0.0000
624.980,-96.984,-7.779,0.324,0.010,0.755,10.734,0.000,0.000,0.0000
624.990,-96.984,-7.695,0.324,0.010,0.755,10.734,0.000,0.000,0.0000
625.000,-96.984,-7.610,0.324,0.010,0.755,10.734,0.000,0.000,0.0000
625.010,-96.984,-7.526,0.324,0.010,0.755,10.733,0.000,0.000,0.0000
625.020,-96.984,-7.443,0.324,0.009,0.755,10.733,0.000,0.000,0.0000
625.030,-96.984,-7.359,0.324,0.009,0.755,10.733,0.000,0.000,0.0000
625.040,-96.984,-7.277,0.324,0.009,0.754,10.733,0.000,0.000,0.0000
625.050,-96.984,-7.194,0.324,0.008,0.754,10.733,0.000,0.000,0.0000
625.060,-96.984,-7.112,0.324,0.008,0.754,10.733,0.000,0.000,0.0000
625.070,-96.984,-7.030,0.324,0.008,0.754,10.733,0.000,0.000,0.0000
625.080,-96.983,-6.949,0.324,0.007,0.754,10.733,0.000,0.000,0.0000
625.090,-96.983,-6.868,0.324,0.007,0.754,10.733,0.000,0.000,0.0000
625.100,-96.983,-6.788,0.324,0.007,0.754,10.733,0.000,0.000,0.0000
625.110,-96.983,-6.708,0.324,0.007,0.754,10.733,0.000,0.000,0.0000
625.120,-96.983,-6.628,0.324,0.006,0.754,10.733,0.000,0.000,0.0000
625.130,-96.983,-6.549,0.324,0.006,0.754,10.733,0.000,0.000,0.0000
625.140,-96.983,-6.470,0.324,0.006,0.754,10.733,0.000,0.000,0.0000
625.150,-96.983,-6.392,0.324,0.006,0.754,10.733,0.000,0.000,0.0000
625.160,-96.983,-6.314,0.324,0.006,0.754,10.733,0.000,0.000,0.0000
625.170,-96.983,-6.236,0.324,0.006,0.754,10.733,0.000,0.000,0.0000
625.180,-96.983,-6.159,0.324,0.007,0.754,10.733,0.000,0.000,0.0000
625.190,-96.983,-6.082,0.324,0.007,0.754,10.733,0.000,0.000,0.0000
625.200,-96.983,-6.006,0.324,0.007,0.753,10.733,0.000,0.000,0.0000
625.210,-96.983,-5.930,0.324,0.007,0.753,10.733,0.000,0.000,0.0000
625.220,-96.983,-5.854,0.324,0.007,0.753,10.733,0.000,0.000,0.0000
625.230,-96.983,-5.779,0.324,0.007,0.753,10.733,0.000,0.000,0.0000
625.240,-96.982,-5.704,0.324,0.007,0.753,10.733,0.000,0.000,0.0000
625.250,-96.982,-5.629,0.324,0.007,0.753,10.733,0.000,0.000,0.0000
625.260,-96.982,-5.555,0.324,0.007,0.753,10.733,0.000,0.000,0.0000
625.270,-96.982,-5.482,0.324,0.006,0.753,10.733,0.000,0.000,0.0000
625.280,-96.982,-5.408,0.324,0.006,0.753,10.733,0.000,0.000,0.0000
625.290,-96.982,-5.335,0.324,0.006,0.753,10.733,0.000,0.000,0.0000
625.300,-96.982,-5.263,0.324,0.006,0.753,10.733,0.000,0.000,0.0000
625.310,-96.982,-5.191,0.324,0.006,0.753,10.733,0.000,0.000,0.0000
625.320,-96.982,-5.119,0.324,0.006,0.753,10.733,0.000,0.000,0.0000
625.330,-96.982,-5.048,0.324,0.006,0.753,10.733,0.000,0.000,0.0000
625.340,-96.982,-4.977,0.324,0.006,0.753,10.733,0.000,0.000,0.0000
625.350,-96.982,-4.906,0.324,0.006,0.753,10.733,0.000,0.000,0.0000
625.360,-96.982,-4.836,0.324,0.006,0.753,10.733,0.000,0.000,0.0000
625.370,-96.982,-4.767,0.324,0.006,0.752,10.733,0.000,0.000,0.0000
625.380,-96.982,-4.697,0.324,0.006,0.752,10.733,0.000,0.000,0.0000
625.390,-96.982,-4.628,0.324,0.006,0.752,10.733,0.000,0.000,0.0000
625.400,-96.982,-4.560,0.324,0.006,0.752,10.733,0.000,0.000,0.0000
625.410,-96.981,-4.492,0.324,0.005,0.752,10.733,0.000,0.000,0.0000
625.420,-96.981,-4.424,0.324,0.005,0.752,10.733,0.000,0.000,0.0000
625.430,-96.981,-4.357,0.324,0.005,0.752,10.733,0.000,0.000,0.0000
625.440,-96.981,-4.290,0.324,0.005,0.752,10.733,0.000,0.000,0.0000
625.450,-96.981,-4.223,0.324,0.005,0.752,10.733,0.000,0.000,0.0000
625.460,-96.981,-4.157,0.324,0.005,0.752,10.733,0.000,0.000,0.0000
625.470,-96.981,-4.091,0.324,0.005,0.752,10.733,0.000,0.000,0.0000
625.480,-96.981,-4.026,0.324,0.005,0.752,10.733,0.000,0.000,0.0000
625.490,-96.981,-3.961,0.324,0.005,0.752,10.733,0.000,0.000,0.0000
625.500,-96.981,-3.896,0.324,0.005,0.752,10.733,0.000,0.000,0.0000
625.510,-96.981,-3.832,0.324,0.005,0.752,10.733,0.000,0.000,0.0000
625.520,-96.981,-3.769,0.324,0.005,0.752,10.733,0.000,0.000,0.0000
625.530,-96.981,-3.705,0.324,0.005,0.752,10.733,0.000,0.000,0.0000
625.540,-96.981,-3.642,0.324,0.005,0.752,10.733,0.000,0.000,0.0000
625.550,-96.981,-3.580,0.324,0.005,0.752,10.733,0.000,0.000,0.0000
625.560,-96.981,-3.517,0.324,0.005,0.751,10.733,0.000,0.000,0.0000
625.570,-96.981,-3.456,0.324,0.005,0.751,10.733,0.000,0.000,0.0000
625.580,-96.981,-3.394,0.324,0.005,0.751,10.733,0.000,0.000,0.0000
625.590,-96.981,-3.333,0.324,0.005,0.751,10.733,0.000,0.000,0.0000
625.600,-96.980,-3.273,0.324,0.005,0.751,10.733,0.000,0.000,0.0000
625.610,-96.980,-3.213,0.324,0.005,0.751,10.733,0.000,0.000,0.0000
625.620,-96.980,-3.153,0.324,0.005,0.751,10.733,0.000,0.000,0.0000
625.630,-96.980,-3.093,0.324,0.005,0.751,10.733,0.000,0.000,0.0000
625.640,-96.980,-3.034,0.324,0.005,0.751,10.733,0.000,0.000,0.0000
625.650,-96.980,-2.976,0.324,0.005,0.751,10.733,0.000,0.000,0.0000
625.660,-96.980,-2.918,0.324,0.005,0.751,10.733,0.040,0.000,0.0000
625.670,-96.980,-2.860,0.324,0.005,0.751,10.733,0.080,0.000,0.0000
625.680,-96.980,-2.802,0.324,0.005,0.751,10.733,0.120,0.000,0.0000
625.690,-96.980,-2.745,0.324,0.005,0.751,10.733,0.160,0.000,0.0000
625.700,-96.980,-2.689,0.324,0.005,0.751,10.733,0.200,0.000,0.0000
625.710,-96.980,-2.633,0.324,0.005,0.751,10.733,0.240,0.000,0.0000
625.720,-96.980,-2.577,0.324,0.004,0.751,10.733,0.280,0.000,0.0000
625.730,-96.980,-2.521,0.324,0.004,0.751,10.733,0.320,0.000,0.0000
625.740,-96.980,-2.466,0.324,0.004,0.751,10.733,0.360,0.000,0.0000
625.750,-96.980,-2.412,0.324,0.004,0.751,10.733,0.400,0.000,0.0000
625.760,-96.980,-2.357,0.324,0.004,0.751,10.733,0.440,0.000,0.0000
625.770,-96.980,-2.304,0.324,0.004,0.750,10.733,0.480,0.000,0.0000
625.780,-96.980,-2.250,0.324,0.005,0.750,10.733,0.520,0.000,0.0000
625.790,-96.980,-2.197,0.324,0.012,0.750,10.733,0.560,0.000,0.0000
625.800,-96.980,-2.143,0.323,0.025,0.750,10.733,0.600,0.000,0.0000
625.810,-96.980,-2.089,0.323,0.041,0.750,10.734,0.640,0.000,0.0000
625.820,-96.979,-2.035,0.322,0.058,0.750,10.734,0.680,0.000,0.0000
625.830,-96.979,-1.980,0.322,0.073,0.750,10.735,0.720,0.000,0.0000
625.840,-96.979,-1.925,0.321,0.086,0.750,10.736,0.760,0.000,0.0000
625.850,-96.979,-1.869,0.320,0.097,0.750,10.737,0.800,0.000,0.0000
625.860,-96.979,-1.813,0.319,0.105,0.750,10.738,0.840,0.000,0.0000
625.870,-96.979,-1.757,0.318,0.110,0.750,10.739,0.880,0.000,0.0000
625.880,-96.979,-1.700,0.317,0.113,0.750,10.740,0.920,0.000,0.0000
625.890,-96.979,-1.643,0.315,0.115,0.750,10.741,0.960,0.000,0.0000
625.900,-96.979,-1.585,0.314,0.114,0.750,10.742,1.000,0.000,0.0000
625.910,-96.979,-1.528,0.313,0.112,0.749,10.743,1.000,0.000,0.0000
625.920,-96.979,-1.469,0.312,0.108,0.749,10.745,1.000,0.000,0.0000
625.930,-96.979,-1.410,0.311,0.103,0.749,10.746,1.000,0.000,0.0000
625.940,-96.979,-1.351,0.310,0.097,0.749,10.747,1.000,0.000,0.0000
625.950,-96.979,-1.292,0.309,0.090,0.749,10.747,1.000,0.000,0.0000
625.960,-96.979,-1.232,0.308,0.082,0.749,10.748,1.000,0.000,0.0000
625.970,-96.979,-1.171,0.308,0.074,0.749,10.749,1.000,0.000,0.0000
625.980,-96.979,-1.110,0.307,0.065,0.749,10.750,1.000,0.000,0.0000
625.990,-96.979,-1.049,0.307,0.055,0.749,10.750,1.000,0.000,0.0000
626.000,-96.979,-0.987,0.306,0.046,0.749,10.751,1.000,0.000,0.0000
626.010,-96.979,-0.925,0.306,0.037,0.749,10.751,1.000,0.000,0.0000
626.020,-96.979,-0.863,0.305,0.027,0.749,10.751,1.000,0.000,0.0000
626.030,-96.979,-0.800,0.305,0.019,0.749,10.751,1.000,0.000,0.0000
626.040,-96.978,-0.736,0.305,0.011,0.749,10.751,1.000,0.000,0.0000
626.050,-96.978,-0.673,0.305,0.005,0.749,10.751,1.000,0.000,0.0000
626.060,-96.978,-0.608,0.305,0.008,0.749,10.751,1.000,0.000,0.0000
626.070,-96.978,-0.544,0.305,0.014,0.748,10.751,1.000,0.000,0.0000
626.080,-96.978,-0.479,0.306,0.020,0.748,10.751,1.000,0.000,0.0000
626.090,-96.978,-0.413,0.306,0.026,0.748,10.751,1.000,0.000,0.0000
626.100,-96.978,-0.348,0.306,0.030,0.748,10.751,1.000,0.000,0.0000
626.110,-96.978,-0.281,0.306,0.034,0.748,10.750,1.000,0.000,0.0000
626.120,-96.978,-0.215,0.307,0.038,0.748,10.750,1.000,0.000,0.0000
626.130,-96.978,-0.148,0.307,0.040,0.748,10.749,1.000,0.000,0.0000
626.140,-96.978,-0.080,0.308,0.042,0.748,10.749,1.000,0.000,0.0000
626.150,-96.978,-0.013,0.308,0.043,0.748,10.749,1.000,0.000,0.0000
626.160,-96.978,0.056,0.308,0.043,0.748,10.748,1.000,0.000,0.0000
626.170,-96.978,0.124,0.309,0.042,0.748,10.748,1.000,0.000,0.0000
626.180,-96.978,0.193,0.309,0.041,0.748,10.747,1.000,0.000,0.0000
626.190,-96.978,0.263,0.310,0.040,0.748,10.747,0.940,0.000,0.0000
626.200,-96.978,0.332,0.310,0.038,0.748,10.747,0.880,0.000,0.0000
626.210,-96.978,0.403,0.310,0.035,0.748,10.746,0.820,0.000,0.0000
626.220,-96.977,0.473,0.311,0.033,0.748,10.746,0.760,0.000,0.0000
626.230,-96.977,0.544,0.311,0.030,0.748,10.746,0.700,0.000,0.0000
626.240,-96.977,0.616,0.311,0.026,0.748,10.745,0.640,0.000,0.0000
626.250,-96.977,0.687,0.312,0.031,0.748,10.745,0.580,0.000,0.0000
626.260,-96.977,0.758,0.312,0.040,0.748,10.745,0.520,0.000,0.0000
626.270,-96.977,0.829,0.312,0.052,0.748,10.744,0.460,0.000,0.0000
626.280,-96.977,0.900,0.313,0.065,0.747,10.743,0.400,0.000,0.0000
626.290,-96.977,0.970,0.314,0.077,0.747,10.743,0.340,0.000,0.0000
626.300,-96.977,1.040,0.315,0.087,0.747,10.742,0.280,0.000,0.0000
626.310,-96.977,1.109,0.316,0.095,0.747,10.741,0.220,0.000,0.0000
626.320,-96.977,1.178,0.317,0.100,0.747,10.740,0.160,0.000,0.0000
626.330,-96.977,1.247,0.318,0.103,0.747,10.739,0.100,0.000,0.0000
626.340,-96.977,1.315,0.319,0.105,0.747,10.738,0.040,0.000,0.0000
626.350,-96.977,1.383,0.320,0.104,0.747,10.737,0.000,0.000,0.0000
626.360,-96.977,1.450,0.321,0.102,0.747,10.736,0.000,0.000,0.0000
626.370,-96.977,1.517,0.322,0.099,0.747,10.735,0.000,0.000,0.0000
626.380,-96.977,1.583,0.323,0.095,0.747,10.734,0.000,0.000,0.0000
626.390,-96.977,1.649,0.324,0.090,0.747,10.733,0.000,0.000,0.0000
626.400,-96.976,1.715,0.325,0.083,0.747,10.732,0.000,0.000,0.0000
626.410,-96.976,1.780,0.325,0.077,0.747,10.731,0.000,0.000,0.0000
626.420,-96.976,1.845,0.326,0.069,0.747,10.731,0.000,0.000,0.0000
626.430,-96.976,1.910,0.327,0.061,0.747,10.730,0.000,0.000,0.0000
626.440,-96.976,1.974,0.327,0.053,0.747,10.729,0.000,0.000,0.0080
626.450,-96.976,2.037,0.328,0.045,0.747,10.729,0.000,0.000,0.0160
626.460,-96.976,2.101,0.328,0.037,0.747,10.729,0.000,0.000,0.0240
626.470,-96.976,2.163,0.328,0.028,0.747,10.728,0.000,0.000,0.0320
626.480,-96.976,2.226,0.328,0.021,0.747,10.728,0.000,0.000,0.0400
626.490,-96.976,2.288,0.328,0.014,0.747,10.728,0.000,0.000,0.0480
626.500,-96.976,2.349,0.329,0.011,0.747,10.728,0.000,0.000,0.0560
626.510,-96.976,2.410,0.328,0.012,0.747,10.728,0.000,0.000,0.0640
626.520,-96.976,2.471,0.328,0.017,0.747,10.728,0.000,0.000,0.0720
626.530,-96.975,2.531,0.328,0.023,0.746,10.728,0.000,0.000,0.0800
626.540,-96.975,2.591,0.328,0.028,0.746,10.728,0.000,0.000,0.0880
626.550,-96.975,2.651,0.328,0.034,0.746,10.729,0.000,0.000,0.0960
626.560,-96.975,2.710,0.328,0.040,0.746,10.729,0.000,0.000,0.1040
626.570,-96.974,2.768,0.327,0.046,0.745,10.729,0.000,0.000,0.1120
626.580,-96.974,2.827,0.327,0.051,0.745,10.729,0.000,0.000,0.1200
626.590,-96.974,2.884,0.327,0.057,0.744,10.730,0.000,0.000,0.1280
626.600,-96.973,2.942,0.326,0.063,0.744,10.730,0.000,0.000,0.1360
626.610,-96.972,2.999,0.326,0.068,0.743,10.730,0.000,0.000,0.1440
626.620,-96.972,3.055,0.325,0.075,0.743,10.731,0.000,0.000,0.1520
626.630,-96.971,3.112,0.325,0.081,0.742,10.731,0.000,0.000,0.1600
626.640,-96.970,3.167,0.325,0.088,0.741,10.731,0.000,0.000,0.1680
626.650,-96.969,3.223,0.324,0.096,0.740,10.731,0.000,0.000,0.1760
626.660,-96.968,3.278,0.324,0.104,0.739,10.732,0.000,0.000,0.1840
626.670,-96.967,3.332,0.324,0.113,0.738,10.732,0.000,0.000,0.1540
626.680,-96.966,3.386,0.324,0.119,0.737,10.732,0.000,0.000,0.1240
626.690,-96.965,3.440,0.323,0.126,0.736,10.732,0.000,0.000,0.0940
626.700,-96.963,3.493,0.323,0.133,0.734,10.732,0.000,0.000,0.0640
626.710,-96.962,3.546,0.323,0.141,0.733,10.732,0.000,0.000,0.0340
626.720,-96.961,3.598,0.323,0.147,0.731,10.732,0.000,0.000,0.0040
626.730,-96.959,3.650,0.323,0.152,0.730,10.732,0.000,0.000,0.0000
626.740,-96.958,3.701,0.323,0.157,0.728,10.732,0.000,0.000,0.0000
626.750,-96.956,3.752,0.323,0.163,0.727,10.732,0.000,0.000,0.0000
626.760,-96.954,3.803,0.323,0.168,0.725,10.732,0.000,0.000,0.0000
626.770,-96.953,3.853,0.323,0.172,0.723,10.732,0.000,0.000,0.0000
626.780,-96.951,3.903,0.323,0.175,0.722,10.731,0.000,0.000,0.0000
626.790,-96.949,3.952,0.323,0.177,0.720,10.731,0.000,0.000,0.0000
626.800,-96.947,4.002,0.323,0.179,0.718,10.731,0.000,0.000,0.0000
626.810,-96.945,4.051,0.323,0.182,0.716,10.731,0.000,0.000,0.0000
626.820,-96.944,4.099,0.323,0.184,0.714,10.731,0.000,0.000,0.0000
626.830,-96.942,4.147,0.323,0.186,0.712,10.730,0.000,0.000,0.0000
626.840,-96.940,4.195,0.323,0.188,0.711,10.730,0.000,0.000,0.0000
626.850,-96.938,4.243,0.323,0.189,0.709,10.730,0.000,0.000,0.0000
626.860,-96.936,4.290,0.323,0.189,0.707,10.730,0.000,0.000,0.0000
626.870,-96.934,4.337,0.323,0.190,0.705,10.730,0.000,0.000,0.0000
626.880,-96.932,4.383,0.323,0.190,0.703,10.730,0.000,0.000,0.0000
626.890,-96.930,4.429,0.323,0.190,0.701,10.729,0.000,0.000,0.0000
626.900,-96.928,4.475,0.323,0.190,0.699,10.729,0.000,0.000,0.0000
626.910,-96.927,4.520,0.323,0.190,0.697,10.729,0.000,0.000,0.0000
626.920,-96.925,4.565,0.323,0.190,0.695,10.729,0.000,0.000,0.0000
626.930,-96.923,4.610,0.323,0.190,0.694,10.729,0.000,0.000,0.0000
626.940,-96.921,4.654,0.323,0.190,0.692,10.728,0.000,0.000,0.0000
626.950,-96.919,4.697,0.323,0.189,0.690,10.728,0.000,0.000,0.0000
626.960,-96.917,4.741,0.323,0.188,0.688,10.728,0.000,0.000,0.0000
626.970,-96.915,4.783,0.324,0.188,0.686,10.728,0.000,0.000,0.0000
626.980,-96.913,4.826,0.324,0.187,0.684,10.727,0.000,0.000,0.0000
626.990,-96.911,4.868,0.324,0.185,0.682,10.727,0.000,0.000,0.0000
627.000,-96.910,4.910,0.324,0.184,0.680,10.727,0.000,0.000,0.0000
627.010,-96.908,4.951,0.324,0.182,0.679,10.727,0.000,0.000,0.0000
627.020,-96.906,4.992,0.324,0.180,0.677,10.726,0.000,0.000,0.0000
627.030,-96.904,5.032,0.324,0.177,0.675,10.726,0.000,0.000,0.0000
627.040,-96.902,5.072,0.324,0.175,0.673,10.726,0.000,0.000,0.0000
627.050,-96.901,5.112,0.324,0.173,0.672,10.726,0.000,0.000,0.0080
627.060,-96.899,5.152,0.324,0.171,0.670,10.726,0.000,0.000,0.0160
627.070,-96.897,5.190,0.324,0.170,0.668,10.726,0.000,0.000,0.0240
627.080,-96.896,5.229,0.324,0.168,0.667,10.725,0.000,0.000,0.0320
627.090,-96.894,5.267,0.324,0.165,0.665,10.725,0.000,0.000,0.0400
627.100,-96.892,5.305,0.324,0.163,0.663,10.725,0.000,0.000,0.0480
627.110,-96.891,5.342,0.324,0.161,0.662,10.725,0.000,0.000,0.0560
627.120,-96.889,5.379,0.324,0.159,0.660,10.725,0.000,0.000,0.0640
627.130,-96.888,5.416,0.324,0.157,0.659,10.725,0.000,0.000,0.0720
627.140,-96.886,5.452,0.324,0.156,0.657,10.725,0.000,0.000,0.0800
627.150,-96.885,5.487,0.324,0.155,0.655,10.724,0.000,0.000,0.0880
627.160,-96.883,5.523,0.324,0.154,0.654,10.724,0.000,0.000,0.0960
627.170,-96.881,5.558,0.324,0.153,0.652,10.724,0.000,0.000,0.1040
627.180,-96.880,5.592,0.324,0.153,0.651,10.724,0.000,0.000,0.1120
627.190,-96.878,5.626,0.324,0.153,0.649,10.724,0.000,0.000,0.1200
627.200,-96.877,5.660,0.324,0.153,0.648,10.724,0.000,0.000,0.1280
627.210,-96.875,5.693,0.324,0.154,0.646,10.724,0.000,0.000,0.1360
627.220,-96.874,5.726,0.324,0.155,0.645,10.724,0.000,0.000,0.1440
627.230,-96.872,5.759,0.324,0.156,0.643,10.723,0.000,0.000,0.1520
627.240,-96.871,5.791,0.324,0.157,0.642,10.723,0.000,0.000,0.1600
627.250,-96.869,5.822,0.324,0.158,0.640,10.723,0.000,0.000,0.1680
627.260,-96.867,5.854,0.324,0.160,0.638,10.723,0.000,0.000,0.1760
627.270,-96.866,5.884,0.324,0.162,0.637,10.723,0.000,0.000,0.1840
627.280,-96.864,5.915,0.324,0.164,0.635,10.723,0.000,0.000,0.1920
627.290,-96.863,5.945,0.324,0.166,0.633,10.723,0.000,0.000,0.2000
627.300,-96.861,5.974,0.324,0.168,0.632,10.723,0.000,0.000,0.2080
627.310,-96.859,6.003,0.324,0.170,0.630,10.722,0.000,0.000,0.2160
627.320,-96.857,6.032,0.324,0.171,0.628,10.722,0.000,0.000,0.2240
627.330,-96.856,6.060,0.324,0.172,0.627,10.722,0.000,0.000,0.2320
627.340,-96.854,6.088,0.324,0.174,0.625,10.722,0.000,0.000,0.2400
627.350,-96.852,6.116,0.324,0.175,0.623,10.722,0.000,0.000,0.2480
627.360,-96.850,6.143,0.324,0.176,0.621,10.722,0.000,0.000,0.2560
627.370,-96.849,6.170,0.324,0.178,0.620,10.722,0.000,0.000,0.2640
627.380,-96.847,6.196,0.324,0.180,0.618,10.722,0.000,0.000,0.2720
627.390,-96.845,6.222,0.324,0.181,0.616,10.721,0.000,0.000,0.2800
627.400,-96.843,6.248,0.324,0.183,0.614,10.721,0.000,0.000,0.2880
627.410,-96.841,6.273,0.324,0.184,0.612,10.721,0.000,0.000,0.2960
627.420,-96.840,6.298,0.324,0.186,0.611,10.721,0.040,0.000,0.3040
627.430,-96.838,6.323,0.324,0.188,0.609,10.721,0.080,0.000,0.3120
627.440,-96.836,6.347,0.324,0.189,0.607,10.721,0.120,0.000,0.3200
627.450,-96.834,6.370,0.324,0.190,0.605,10.721,0.160,0.000,0.3280
627.460,-96.832,6.393,0.324,0.192,0.603,10.720,0.200,0.000,0.3360
627.470,-96.830,6.416,0.324,0.191,0.601,10.720,0.240,0.000,0.3440
627.480,-96.828,6.439,0.324,0.194,0.599,10.720,0.280,0.000,0.3520
627.490,-96.826,6.462,0.324,0.201,0.597,10.720,0.320,0.000,0.3600
627.500,-96.824,6.485,0.323,0.211,0.595,10.721,0.360,0.000,0.3680
627.510,-96.822,6.509,0.323,0.222,0.593,10.721,0.400,0.000,0.3760
627.520,-96.820,6.533,0.322,0.235,0.591,10.721,0.440,0.000,0.3840
627.530,-96.817,6.557,0.321,0.247,0.588,10.722,0.480,0.000,0.3920
627.540,-96.815,6.582,0.320,0.260,0.586,10.723,0.520,0.000,0.4000
627.550,-96.812,6.607,0.319,0.273,0.583,10.724,0.560,0.000,0.4080
627.560,-96.810,6.633,0.318,0.286,0.580,10.724,0.600,0.000,0.4160
627.570,-96.807,6.659,0.317,0.297,0.578,10.725,0.540,0.000,0.4240
627.580,-96.804,6.686,0.316,0.309,0.575,10.726,0.480,0.000,0.4320
627.590,-96.801,6.712,0.315,0.319,0.572,10.727,0.420,0.000,0.4400
627.600,-96.798,6.739,0.314,0.330,0.568,10.728,0.360,0.000,0.4480
627.610,-96.795,6.767,0.313,0.341,0.565,10.729,0.300,0.000,0.4560
627.620,-96.791,6.794,0.312,0.352,0.562,10.729,0.240,0.000,0.4640
627.630,-96.788,6.822,0.311,0.359,0.558,10.730,0.180,0.000,0.4720
627.640,-96.784,6.849,0.311,0.364,0.555,10.730,0.120,0.000,0.4800
627.650,-96.781,6.877,0.310,0.369,0.551,10.730,0.060,0.000,0.4880
627.660,-96.777,6.903,0.310,0.374,0.547,10.730,0.000,0.000,0.4960
627.670,-96.773,6.930,0.310,0.379,0.543,10.730,0.000,0.000,0.5000
627.680,-96.769,6.955,0.311,0.384,0.540,10.729,0.000,0.000,0.5000
627.690,-96.765,6.980,0.311,0.389,0.536,10.728,0.000,0.000,0.5000
627.700,-96.761,7.005,0.312,0.395,0.532,10.727,0.000,0.000,0.5000
627.710,-96.758,7.028,0.313,0.402,0.528,10.726,0.000,0.000,0.5000
627.720,-96.754,7.052,0.314,0.409,0.524,10.724,0.000,0.000,0.5000
627.730,-96.750,7.074,0.315,0.413,0.520,10.723,0.000,0.000,0.5000
627.740,-96.746,7.096,0.317,0.416,0.516,10.721,0.000,0.000,0.5000
627.750,-96.742,7.118,0.318,0.417,0.513,10.720,0.000,0.000,0.5000
627.760,-96.738,7.139,0.319,0.418,0.509,10.718,0.000,0.000,0.5000
627.770,-96.734,7.160,0.320,0.417,0.505,10.717,0.000,0.000,0.5000
627.780,-96.730,7.181,0.322,0.416,0.501,10.715,0.000,0.000,0.5000
627.790,-96.726,7.201,0.323,0.414,0.497,10.714,0.000,0.000,0.5000
627.800,-96.722,7.221,0.324,0.410,0.493,10.713,0.000,0.000,0.5000
627.810,-96.718,7.240,0.325,0.407,0.489,10.711,0.000,0.000,0.5000
627.820,-96.714,7.259,0.326,0.402,0.485,10.710,0.000,0.000,0.5000
627.830,-96.710,7.278,0.326,0.397,0.482,10.709,0.000,0.000,0.5000
627.840,-96.706,7.296,0.327,0.392,0.478,10.708,0.000,0.000,0.5000
627.850,-96.702,7.314,0.328,0.387,0.474,10.707,0.000,0.000,0.5000
627.860,-96.699,7.331,0.328,0.381,0.470,10.707,0.000,0.000,0.5000
627.870,-96.695,7.348,0.329,0.376,0.467,10.706,0.000,0.000,0.5000
627.880,-96.691,7.365,0.329,0.370,0.463,10.705,0.000,0.000,0.5000
627.890,-96.688,7.381,0.329,0.365,0.459,10.705,0.000,0.000,0.5000
627.900,-96.684,7.397,0.329,0.360,0.456,10.705,0.000,0.000,0.5000
627.910,-96.680,7.412,0.329,0.354,0.452,10.705,0.000,0.000,0.5000
627.920,-96.677,7.427,0.329,0.349,0.449,10.705,0.000,0.000,0.5000
627.930,-96.673,7.442,0.329,0.344,0.445,10.704,0.000,0.000,0.5000
627.940,-96.670,7.457,0.328,0.339,0.442,10.705,0.000,0.000,0.5000
627.950,-96.667,7.471,0.328,0.334,0.438,10.705,0.000,0.000,0.5000
627.960,-96.664,7.484,0.328,0.328,0.435,10.705,0.000,0.000,0.5000
627.970,-96.660,7.498,0.327,0.323,0.432,10.705,0.000,0.000,0.5000
627.980,-96.657,7.511,0.327,0.317,0.429,10.705,0.000,0.000,0.5000
627.990,-96.654,7.523,0.326,0.312,0.426,10.706,0.000,0.000,0.5000
628.000,-96.651,7.535,0.326,0.306,0.423,10.706,0.000,0.000,0.5000
628.010,-96.648,7.547,0.325,0.300,0.420,10.706,0.000,0.000,0.5000
628.020,-96.645,7.559,0.325,0.293,0.417,10.707,0.000,0.000,0.5000
628.030,-96.642,7.570,0.324,0.287,0.414,10.707,0.000,0.000,0.5000
628.040,-96.640,7.581,0.324,0.280,0.411,10.707,0.000,0.000,0.5000
628.050,-96.637,7.592,0.323,0.273,0.408,10.708,0.000,0.000,0.5000
628.060,-96.634,7.602,0.323,0.266,0.406,10.708,0.000,0.000,0.5000
628.070,-96.632,7.612,0.322,0.259,0.403,10.708,0.000,0.000,0.5000
628.080,-96.629,7.621,0.322,0.251,0.401,10.708,0.000,0.000,0.5000
628.090,-96.627,7.631,0.322,0.244,0.398,10.709,0.000,0.000,0.5000
628.100,-96.625,7.640,0.321,0.236,0.396,10.709,0.000,0.000,0.5000
628.110,-96.622,7.648,0.321,0.228,0.394,10.709,0.000,0.000,0.5000
628.120,-96.620,7.656,0.321,0.220,0.391,10.709,0.000,0.000,0.5000
628.130,-96.618,7.664,0.321,0.212,0.389,10.709,0.000,0.000,0.5000
628.140,-96.616,7.672,0.321,0.204,0.387,10.709,0.000,0.000,0.5000
628.150,-96.614,7.679,0.321,0.195,0.385,10.709,0.000,0.000,0.5000
628.160,-96.612,7.686,0.321,0.187,0.383,10.709,0.000,0.000,0.5000
628.170,-96.610,7.693,0.321,0.179,0.382,10.709,0.000,0.000,0.5000
628.180,-96.609,7.699,0.321,0.170,0.380,10.709,0.000,0.000,0.5000
628.190,-96.607,7.705,0.321,0.161,0.378,10.709,0.000,0.000,0.5000
628.200,-96.606,7.710,0.321,0.153,0.377,10.708,0.000,0.000,0.5000
628.210,-96.604,7.716,0.321,0.144,0.375,10.708,0.000,0.000,0.5000
628.220,-96.603,7.721,0.321,0.135,0.374,10.708,0.000,0.000,0.5000
628.230,-96.602,7.725,0.321,0.126,0.373,10.708,0.000,0.000,0.5000
628.240,-96.600,7.730,0.321,0.117,0.372,10.708,0.000,0.000,0.5000
628.250,-96.599,7.733,0.321,0.108,0.371,10.707,0.000,0.000,0.5000
628.260,-96.598,7.737,0.322,0.098,0.370,10.707,0.000,0.000,0.5000
628.270,-96.597,7.740,0.322,0.089,0.369,10.707,0.000,0.000,0.5000
628.280,-96.597,7.743,0.322,0.080,0.368,10.707,0.000,0.000,0.5000
628.290,-96.596,7.746,0.322,0.070,0.367,10.706,0.000,0.000,0.5000
628.300,-96.595,7.748,0.322,0.060,0.367,10.706,0.000,0.000,0.5000
628.310,-96.595,7.750,0.323,0.051,0.366,10.706,0.000,0.000,0.4700
628.320,-96.595,7.752,0.323,0.039,0.366,10.706,0.000,0.000,0.4400
628.330,-96.594,7.753,0.323,0.028,0.366,10.706,0.000,0.000,0.4100
628.340,-96.594,7.754,0.323,0.018,0.366,10.705,0.000,0.000,0.3800
628.350,-96.594,7.755,0.323,0.013,0.366,10.705,0.040,0.000,0.3500
628.360,-96.594,7.755,0.323,0.004,0.366,10.705,0.080,0.000,0.3200
628.370,-96.594,7.756,0.323,0.010,0.366,10.705,0.120,0.000,0.2900
628.380,-96.594,7.757,0.323,0.027,0.366,10.706,0.160,0.000,0.2600
628.390,-96.594,7.758,0.322,0.046,0.365,10.706,0.200,0.000,0.2300
628.400,-96.594,7.760,0.322,0.062,0.365,10.707,0.240,0.000,0.2000
628.410,-96.593,7.762,0.321,0.075,0.365,10.707,0.280,0.000,0.1700
628.420,-96.593,7.764,0.320,0.085,0.364,10.708,0.320,0.000,0.1400
628.430,-96.593,7.767,0.320,0.093,0.364,10.709,0.360,0.000,0.1100
628.440,-96.592,7.769,0.319,0.100,0.363,10.710,0.400,0.000,0.0800
628.450,-96.592,7.772,0.318,0.105,0.363,10.711,0.440,0.000,0.0500
628.460,-96.591,7.775,0.317,0.109,0.362,10.711,0.480,0.000,0.0200
628.470,-96.590,7.778,0.316,0.114,0.361,10.712,0.520,0.000,0.0000
628.480,-96.589,7.782,0.315,0.120,0.360,10.713,0.560,0.000,0.0000
628.490,-96.588,7.786,0.314,0.130,0.359,10.714,0.600,0.000,0.0000
628.500,-96.587,7.790,0.313,0.142,0.358,10.715,0.640,0.000,0.0000
628.510,-96.586,7.795,0.313,0.156,0.357,10.715,0.680,0.000,0.0000
628.520,-96.585,7.801,0.312,0.169,0.355,10.716,0.720,0.000,0.0000
628.530,-96.583,7.807,0.311,0.182,0.354,10.717,0.760,0.000,0.0000
628.540,-96.581,7.813,0.310,0.194,0.352,10.718,0.800,0.000,0.0000
628.550,-96.579,7.820,0.309,0.205,0.350,10.719,0.840,0.000,0.0000
628.560,-96.577,7.827,0.308,0.217,0.348,10.719,0.880,0.000,0.0000
628.570,-96.575,7.835,0.308,0.228,0.346,10.720,0.920,0.000,0.0000
628.580,-96.573,7.843,0.307,0.239,0.343,10.720,0.960,0.000,0.0000
628.590,-96.570,7.852,0.306,0.250,0.341,10.721,1.000,0.000,0.0000
628.600,-96.568,7.861,0.306,0.261,0.338,10.721,1.000,0.000,0.0000
628.610,-96.565,7.871,0.306,0.273,0.335,10.721,1.000,0.000,0.0000
628.620,-96.562,7.881,0.305,0.285,0.333,10.721,1.000,0.000,0.0000
628.630,-96.559,7.891,0.305,0.297,0.330,10.721,1.000,0.000,0.0000
628.640,-96.556,7.902,0.305,0.309,0.327,10.721,1.000,0.000,0.0000
628.650,-96.553,7.914,0.305,0.322,0.323,10.721,1.000,0.000,0.0000
628.660,-96.550,7.925,0.305,0.334,0.320,10.721,1.000,0.000,0.0000
628.670,-96.546,7.937,0.305,0.346,0.317,10.721,1.000,0.000,0.0000
628.680,-96.543,7.950,0.305,0.359,0.313,10.720,1.000,0.000,0.0000
628.690,-96.539,7.963,0.306,0.371,0.309,10.720,1.000,0.000,0.0000
628.700,-96.535,7.976,0.306,0.384,0.306,10.719,1.000,0.000,0.0000
628.710,-96.531,7.990,0.306,0.396,0.302,10.719,1.000,0.000,0.0000
628.720,-96.527,8.004,0.307,0.408,0.298,10.718,1.000,0.000,0.0000
628.730,-96.523,8.019,0.307,0.420,0.293,10.718,1.000,0.000,0.0000
628.740,-96.519,8.034,0.307,0.432,0.289,10.717,1.000,0.000,0.0000
628.750,-96.514,8.049,0.308,0.444,0.285,10.717,1.000,0.000,0.0000
628.760,-96.510,8.065,0.308,0.456,0.280,10.716,1.000,0.000,0.0000
628.770,-96.505,8.081,0.308,0.467,0.276,10.715,1.000,0.000,0.0000
628.780,-96.500,8.098,0.309,0.478,0.271,10.715,1.000,0.000,0.0000
628.790,-96.495,8.115,0.309,0.489,0.266,10.714,1.000,0.000,0.0000
628.800,-96.490,8.132,0.310,0.501,0.261,10.714,1.000,0.000,0.0000
628.810,-96.485,8.150,0.310,0.512,0.256,10.713,1.000,0.000,0.0000
628.820,-96.480,8.168,0.310,0.523,0.251,10.712,1.000,0.000,0.0000
628.830,-96.475,8.187,0.311,0.534,0.246,10.712,1.000,0.000,0.0000
628.840,-96.469,8.206,0.311,0.545,0.240,10.711,1.000,0.000,0.0000
628.850,-96.464,8.225,0.311,0.556,0.235,10.711,1.000,0.000,0.0000
628.860,-96.458,8.245,0.311,0.567,0.229,10.710,1.000,0.000,0.0000
628.870,-96.452,8.265,0.311,0.579,0.223,10.710,1.000,0.000,0.0000
628.880,-96.446,8.285,0.312,0.590,0.217,10.710,1.000,0.000,0.0000
628.890,-96.440,8.306,0.312,0.602,0.211,10.709,1.000,0.000,0.0000
628.900,-96.434,8.327,0.312,0.613,0.205,10.709,1.000,0.000,0.0000
628.910,-96.428,8.349,0.312,0.625,0.199,10.709,1.000,0.000,0.0000
628.920,-96.422,8.371,0.312,0.636,0.193,10.708,1.000,0.000,0.0000
628.930,-96.415,8.393,0.312,0.648,0.186,10.708,1.000,0.000,0.0000
628.940,-96.409,8.416,0.312,0.659,0.180,10.708,1.000,0.000,0.0000
628.950,-96.402,8.439,0.312,0.671,0.173,10.708,1.000,0.000,0.0000
628.960,-96.395,8.462,0.312,0.682,0.166,10.708,1.000,0.000,0.0000
628.970,-96.388,8.486,0.312,0.694,0.160,10.707,1.000,0.000,0.0000
628.980,-96.381,8.510,0.312,0.706,0.153,10.707,1.000,0.000,0.0000
628.990,-96.374,8.535,0.311,0.717,0.145,10.707,1.000,0.000,0.0000
629.000,-96.367,8.560,0.311,0.729,0.138,10.707,1.000,0.000,0.0000
629.010,-96.359,8.585,0.311,0.741,0.131,10.707,1.000,0.000,0.0000
629.020,-96.352,8.611,0.311,0.752,0.123,10.707,1.000,0.000,0.0000
629.030,-96.344,8.637,0.311,0.764,0.116,10.707,1.000,0.000,0.0000
629.040,-96.336,8.663,0.311,0.775,0.108,10.707,1.000,0.000,0.0000
629.050,-96.328,8.690,0.311,0.787,0.100,10.706,1.000,0.000,0.0000
629.060,-96.320,8.717,0.310,0.799,0.093,10.706,1.000,0.000,0.0000
629.070,-96.312,8.745,0.310,0.810,0.085,10.706,1.000,0.000,0.0000
629.080,-96.304,8.773,0.310,0.822,0.077,10.706,1.000,0.000,0.0000
629.090,-96.296,8.801,0.310,0.834,0.069,10.706,1.000,0.000,0.0000
629.100,-96.287,8.830,0.310,0.845,0.061,10.706,1.000,0.000,0.0000
629.110,-96.279,8.859,0.310,0.857,0.053,10.706,1.000,0.000,0.0000
629.120,-96.270,8.889,0.310,0.868,0.045,10.706,1.000,0.000,0.0000
629.130,-96.261,8.919,0.310,0.879,0.037,10.705,1.000,0.000,0.0000
629.140,-96.252,8.949,0.310,0.891,0.030,10.705,1.000,0.000,0.0000
629.150,-96.243,8.979,0.310,0.902,0.024,10.705,1.000,0.000,0.0000
629.160,-96.234,9.010,0.310,0.913,0.020,10.705,1.000,0.000,0.0000
629.170,-96.225,9.042,0.310,0.924,0.020,10.705,1.000,0.000,0.0000
629.180,-96.216,9.073,0.310,0.935,0.024,10.704,1.000,0.000,0.0000
629.190,-96.206,9.105,0.310,0.946,0.031,10.704,1.000,0.000,0.0000
629.200,-96.197,9.138,0.310,0.957,0.039,10.704,1.000,0.000,0.0000
629.210,-96.187,9.170,0.310,0.968,0.047,10.704,1.000,0.000,0.0000
629.220,-96.177,9.204,0.310,0.979,0.057,10.704,1.000,0.000,0.0000
629.230,-96.167,9.237,0.310,0.990,0.066,10.703,1.000,0.000,0.0000
629.240,-96.157,9.271,0.310,1.001,0.076,10.703,1.000,0.000,0.0000
629.250,-96.147,9.306,0.310,1.012,0.085,10.703,1.000,0.000,0.0000
629.260,-96.137,9.340,0.310,1.024,0.095,10.703,1.000,0.000,0.0000
629.270,-96.126,9.375,0.310,1.035,0.105,10.703,1.000,0.000,0.0000
629.280,-96.116,9.411,0.310,1.046,0.116,10.703,1.000,0.000,0.0000
629.290,-96.105,9.447,0.310,1.057,0.126,10.702,1.000,0.000,0.0000
629.300,-96.095,9.483,0.310,1.068,0.137,10.702,1.000,0.000,0.0000
629.310,-96.084,9.520,0.310,1.079,0.147,10.702,1.000,0.000,0.0000
629.320,-96.073,9.557,0.310,1.090,0.158,10.702,1.000,0.000,0.0000
629.330,-96.062,9.595,0.310,1.101,0.169,10.702,1.000,0.000,0.0000
629.340,-96.051,9.633,0.310,1.112,0.180,10.702,1.000,0.000,0.0000
629.350,-96.040,9.671,0.310,1.122,0.191,10.702,1.000,0.000,0.0000
629.360,-96.028,9.710,0.310,1.133,0.203,10.702,1.000,0.000,0.0000
629.370,-96.017,9.749,0.310,1.144,0.214,10.702,1.000,0.000,0.0000
629.380,-96.005,9.788,0.310,1.155,0.226,10.702,1.000,0.000,0.0000
629.390,-95.994,9.828,0.310,1.166,0.237,10.702,1.000,0.000,0.0000
629.400,-95.982,9.868,0.310,1.177,0.249,10.702,1.000,0.000,0.0000
629.410,-95.970,9.909,0.310,1.189,0.261,10.702,1.000,0.000,0.0000
629.420,-95.958,9.950,0.310,1.200,0.273,10.702,1.000,0.000,0.0000
629.430,-95.946,9.991,0.310,1.211,0.285,10.702,1.000,0.000,0.0000
629.440,-95.934,10.033,0.310,1.223,0.297,10.702,1.000,0.000,0.0000
629.450,-95.921,10.075,0.310,1.235,0.309,10.702,1.000,0.000,0.0000
629.460,-95.909,10.117,0.310,1.247,0.322,10.702,1.000,0.000,0.0000
629.470,-95.896,10.160,0.310,1.259,0.334,10.702,1.000,0.000,0.0000
629.480,-95.884,10.203,0.310,1.270,0.347,10.702,1.000,0.000,0.0000
629.490,-95.871,10.247,0.310,1.282,0.360,10.702,1.000,0.000,0.0000
629.500,-95.858,10.291,0.310,1.294,0.373,10.703,1.000,0.000,0.0000
629.510,-95.845,10.335,0.310,1.307,0.386,10.703,1.000,0.000,0.0000
629.520,-95.832,10.380,0.310,1.319,0.399,10.703,1.000,0.000,0.0000
629.530,-95.818,10.425,0.310,1.332,0.412,10.703,1.000,0.000,0.0000
629.540,-95.805,10.470,0.310,1.345,0.426,10.703,1.000,0.000,0.0000
629.550,-95.791,10.516,0.310,1.358,0.439,10.704,1.000,0.000,0.0000
629.560,-95.778,10.563,0.310,1.371,0.453,10.704,1.000,0.000,0.0000
629.570,-95.764,10.609,0.310,1.383,0.467,10.704,1.000,0.000,0.0000
629.580,-95.750,10.656,0.310,1.396,0.481,10.705,1.000,0.000,0.0000
629.590,-95.736,10.703,0.310,1.409,0.495,10.705,1.000,0.000,0.0000
629.600,-95.721,10.751,0.310,1.422,0.509,10.705,1.000,0.000,0.0000
629.610,-95.707,10.799,0.310,1.435,0.523,10.706,1.000,0.000,0.0000
629.620,-95.693,10.848,0.310,1.448,0.538,10.706,1.000,0.000,0.0000
629.630,-95.678,10.897,0.310,1.461,0.552,10.707,1.000,0.000,0.0000
629.640,-95.663,10.946,0.310,1.473,0.567,10.707,1.000,0.000,0.0000
629.650,-95.648,10.996,0.310,1.486,0.582,10.708,1.000,0.000,0.0000
629.660,-95.633,11.046,0.310,1.498,0.597,10.708,1.000,0.000,0.0000
629.670,-95.618,11.096,0.310,1.510,0.612,10.709,1.000,0.000,0.0000
629.680,-95.603,11.147,0.310,1.522,0.627,10.709,1.000,0.000,0.0000
629.690,-95.588,11.198,0.310,1.533,0.643,10.710,1.000,0.000,0.0000
629.700,-95.572,11.249,0.310,1.545,0.658,10.710,1.000,0.000,0.0000
629.710,-95.557,11.301,0.310,1.556,0.674,10.711,1.000,0.000,0.0000
629.720,-95.541,11.353,0.310,1.567,0.689,10.711,1.000,0.000,0.0000
629.730,-95.525,11.405,0.310,1.578,0.705,10.712,1.000,0.000,0.0000
629.740,-95.509,11.458,0.310,1.590,0.721,10.713,1.000,0.000,0.0000
629.750,-95.493,11.511,0.310,1.601,0.737,10.714,1.000,0.000,0.0000
629.760,-95.477,11.565,0.310,1.612,0.753,10.714,1.000,0.000,0.0000
629.770,-95.461,11.619,0.310,1.623,0.769,10.715,1.000,0.000,0.0000
629.780,-95.445,11.674,0.310,1.634,0.786,10.716,1.000,0.000,0.0000
629.790,-95.428,11.729,0.310,1.644,0.802,10.717,1.000,0.000,0.0000
629.800,-95.412,11.784,0.310,1.654,0.819,10.718,1.000,0.000,0.0000
629.810,-95.395,11.840,0.310,1.664,0.835,10.719,1.000,0.000,0.0000
629.820,-95.378,11.896,0.310,1.674,0.852,10.720,1.000,0.000,0.0000
629.830,-95.361,11.952,0.310,1.684,0.869,10.721,1.000,0.000,0.0000
629.840,-95.345,12.009,0.310,1.694,0.886,10.722,1.000,0.000,0.0000
629.850,-95.328,12.066,0.310,1.704,0.903,10.723,1.000,0.000,0.0000
629.860,-95.310,12.124,0.310,1.715,0.920,10.724,1.000,0.000,0.0000
629.870,-95.293,12.182,0.310,1.726,0.937,10.725,1.000,0.000,0.0000
629.880,-95.276,12.240,0.310,1.737,0.954,10.726,1.000,0.000,0.0000
629.890,-95.258,12.299,0.310,1.747,0.972,10.728,1.000,0.000,0.0000
629.900,-95.241,12.358,0.310,1.758,0.990,10.729,1.000,0.000,0.0000
629.910,-95.223,12.417,0.310,1.769,1.007,10.730,1.000,0.000,0.0000
629.920,-95.205,12.477,0.310,1.781,1.025,10.731,1.000,0.000,0.0000
629.930,-95.187,12.537,0.310,1.793,1.043,10.733,1.000,0.000,0.0000
629.940,-95.169,12.598,0.310,1.805,1.061,10.734,1.000,0.000,0.0000
629.950,-95.151,12.659,0.310,1.818,1.079,10.735,1.000,0.000,0.0000
629.960,-95.133,12.721,0.310,1.832,1.097,10.737,1.000,0.000,0.0000
629.970,-95.114,12.782,0.310,1.846,1.116,10.738,1.000,0.000,0.0000
629.980,-95.096,12.845,0.310,1.860,1.135,10.740,1.000,0.000,0.0000
629.990,-95.077,12.907,0.310,1.874,1.153,10.742,1.000,0.000,0.0000
630.000,-95.058,12.970,0.310,1.888,1.172,10.743,1.000,0.000,0.0000
630.010,-95.039,13.033,0.310,1.902,1.191,10.745,1.000,0.000,0.0000
630.020,-95.020,13.097,0.310,1.916,1.210,10.747,1.000,0.000,0.0000
630.030,-95.001,13.161,0.310,1.930,1.230,10.748,1.000,0.000,0.0000
630.040,-94.981,13.225,0.310,1.944,1.249,10.750,1.000,0.000,0.0000
630.050,-94.962,13.290,0.310,1.957,1.269,10.752,1.000,0.000,0.0000
630.060,-94.942,13.355,0.310,1.970,1.288,10.754,1.000,0.000,0.0000
630.070,-94.922,13.420,0.310,1.983,1.308,10.756,1.000,0.000,0.0000
630.080,-94.902,13.486,0.310,1.996,1.328,10.758,1.000,0.000,0.0000
630.090,-94.882,13.552,0.310,2.008,1.348,10.760,1.000,0.000,0.0000
630.100,-94.862,13.619,0.310,2.021,1.368,10.762,1.000,0.000,0.0000
630.110,-94.841,13.685,0.310,2.033,1.389,10.764,1.000,0.000,0.0000
630.120,-94.821,13.753,0.310,2.045,1.409,10.766,1.000,0.000,0.0000
630.130,-94.800,13.820,0.310,2.056,1.430,10.769,1.000,0.000,0.0000
630.140,-94.780,13.889,0.310,2.068,1.450,10.771,1.000,0.000,0.0000
630.150,-94.759,13.957,0.310,2.079,1.471,10.773,1.000,0.000,0.0000
630.160,-94.738,14.026,0.310,2.089,1.492,10.776,1.000,0.000,0.0000
630.170,-94.717,14.095,0.310,2.099,1.513,10.778,1.000,0.000,0.0000
630.180,-94.696,14.165,0.310,2.108,1.534,10.781,1.000,0.000,0.0000
630.190,-94.675,14.235,0.310,2.118,1.555,10.784,1.000,0.000,0.0000
630.200,-94.654,14.306,0.310,2.128,1.577,10.786,1.000,0.000,0.0000
630.210,-94.632,14.376,0.310,2.137,1.598,10.789,1.000,0.000,0.0000
630.220,-94.611,14.447,0.310,2.146,1.619,10.792,1.000,0.000,0.0000
630.230,-94.589,14.519,0.310,2.155,1.641,10.794,1.000,0.000,0.0000
630.240,-94.568,14.591,0.310,2.164,1.663,10.797,1.000,0.000,0.0000
630.250,-94.546,14.663,0.310,2.174,1.684,10.800,1.000,0.000,0.0000
630.260,-94.524,14.736,0.310,2.185,1.706,10.803,1.000,0.000,0.0000
630.270,-94.502,14.809,0.310,2.197,1.728,10.806,1.000,0.000,0.0080
630.280,-94.480,14.882,0.310,2.209,1.750,10.809,1.000,0.000,0.0160
630.290,-94.458,14.956,0.310,2.222,1.772,10.812,1.000,0.000,0.0240
630.300,-94.435,15.030,0.310,2.236,1.795,10.816,1.000,0.000,0.0320
630.310,-94.413,15.105,0.310,2.251,1.817,10.819,1.000,0.000,0.0400
630.320,-94.390,15.180,0.310,2.267,1.840,10.822,1.000,0.000,0.0480
630.330,-94.367,15.255,0.310,2.283,1.863,10.826,1.000,0.000,0.0560
630.340,-94.344,15.331,0.310,2.299,1.886,10.829,1.000,0.000,0.0640
630.350,-94.321,15.407,0.310,2.315,1.909,10.833,1.000,0.000,0.0720
630.360,-94.298,15.483,0.310,2.327,1.932,10.836,0.940,0.000,0.0800
630.370,-94.275,15.559,0.310,2.337,1.956,10.840,0.880,0.000,0.0880
630.380,-94.251,15.636,0.310,2.350,1.979,10.843,0.820,0.000,0.0960
630.390,-94.227,15.713,0.311,2.367,2.003,10.847,0.760,0.000,0.1040
630.400,-94.203,15.790,0.311,2.386,2.027,10.851,0.700,0.000,0.1120
630.410,-94.179,15.867,0.311,2.400,2.051,10.855,0.640,0.000,0.1200
630.420,-94.155,15.944,0.311,2.409,2.075,10.858,0.580,0.000,0.1280
630.430,-94.131,16.020,0.312,2.414,2.099,10.862,0.520,0.000,0.1360
630.440,-94.107,16.097,0.312,2.416,2.123,10.866,0.460,0.000,0.1440
630.450,-94.083,16.173,0.313,2.417,2.147,10.869,0.400,0.000,0.1520
630.460,-94.059,16.248,0.314,2.417,2.171,10.873,0.340,0.000,0.1600
630.470,-94.035,16.323,0.315,2.418,2.196,10.876,0.280,0.000,0.1680
630.480,-94.010,16.398,0.316,2.437,2.220,10.880,0.220,0.000,0.1760
630.490,-93.986,16.472,0.317,2.447,2.244,10.883,0.160,0.000,0.1840
630.500,-93.961,16.547,0.318,2.454,2.269,10.887,0.100,0.000,0.1920
630.510,-93.937,16.621,0.318,2.460,2.293,10.891,0.040,0.000,0.2000
630.520,-93.912,16.694,0.319,2.468,2.318,10.895,0.000,0.000,0.2080
630.530,-93.887,16.768,0.320,2.478,2.343,10.899,0.000,0.000,0.1780
630.540,-93.862,16.841,0.321,2.485,2.368,10.903,0.000,0.000,0.1480
630.550,-93.838,16.913,0.322,2.491,2.393,10.907,0.000,0.000,0.1180
630.560,-93.813,16.985,0.323,2.497,2.418,10.911,0.000,0.000,0.0880
630.570,-93.788,17.056,0.324,2.501,2.443,10.915,0.000,0.000,0.0580
630.580,-93.763,17.126,0.325,2.504,2.468,10.919,0.000,0.000,0.0280
630.590,-93.738,17.195,0.326,2.504,2.493,10.923,0.000,0.000,0.0000
630.600,-93.713,17.264,0.327,2.504,2.518,10.928,0.000,0.000,0.0000
630.610,-93.687,17.332,0.327,2.510,2.543,10.932,0.000,0.000,0.0000
630.620,-93.662,17.401,0.328,2.520,2.568,10.937,0.000,0.000,0.0000
630.630,-93.637,17.468,0.328,2.533,2.593,10.942,0.000,0.000,0.0000
630.640,-93.611,17.536,0.329,2.544,2.619,10.947,0.000,0.000,0.0000
630.650,-93.586,17.603,0.329,2.551,2.644,10.952,0.000,0.000,0.0000
630.660,-93.560,17.670,0.329,2.553,2.670,10.958,0.000,0.000,0.0000
630.670,-93.535,17.737,0.329,2.553,2.695,10.964,0.000,0.000,0.0000
630.680,-93.509,17.803,0.329,2.551,2.721,10.970,0.000,0.000,0.0000
630.690,-93.484,17.869,0.329,2.547,2.746,10.976,0.000,0.000,0.0000
630.700,-93.458,17.935,0.328,2.546,2.772,10.982,0.000,0.000,0.0000
630.710,-93.433,18.001,0.328,2.542,2.797,10.988,0.000,0.000,0.0000
630.720,-93.408,18.066,0.327,2.536,2.823,10.995,0.000,0.000,0.0000
630.730,-93.382,18.130,0.327,2.528,2.848,11.001,0.000,0.000,0.0000
630.740,-93.357,18.195,0.326,2.518,2.873,11.007,0.000,0.000,0.0000
630.750,-93.332,18.259,0.326,2.506,2.898,11.014,0.000,0.000,0.0000
630.760,-93.307,18.323,0.325,2.494,2.923,11.021,0.000,0.000,0.0000
630.770,-93.282,18.386,0.325,2.481,2.948,11.027,0.000,0.000,0.0000
630.780,-93.258,18.449,0.325,2.467,2.972,11.034,0.000,0.000,0.0000
630.790,-93.233,18.511,0.324,2.452,2.997,11.040,0.000,0.000,0.0000
630.800,-93.209,18.574,0.324,2.437,3.021,11.047,0.000,0.000,0.0000
630.810,-93.185,18.636,0.323,2.421,3.045,11.053,0.000,0.000,0.0000
630.820,-93.161,18.697,0.323,2.402,3.069,11.060,0.000,0.000,0.0000
630.830,-93.137,18.758,0.323,2.371,3.093,11.066,0.000,0.000,0.0000
630.840,-93.114,18.818,0.323,2.345,3.117,11.072,0.000,0.000,0.0000
630.850,-93.090,18.878,0.322,2.322,3.140,11.078,0.000,0.000,0.0000
630.860,-93.067,18.938,0.322,2.303,3.163,11.085,0.000,0.000,0.0000
630.870,-93.044,18.997,0.322,2.285,3.186,11.091,0.000,0.000,0.0000
630.880,-93.022,19.056,0.322,2.268,3.208,11.097,0.000,0.000,0.0000
630.890,-92.999,19.114,0.322,2.254,3.231,11.103,0.000,0.000,0.0000
630.900,-92.977,19.172,0.322,2.242,3.253,11.109,0.000,0.000,0.0000
630.910,-92.954,19.230,0.322,2.229,3.276,11.115,0.000,0.000,0.0000
630.920,-92.932,19.288,0.322,2.218,3.298,11.121,0.000,0.000,0.0000
630.930,-92.910,19.345,0.322,2.206,3.320,11.127,0.000,0.000,0.0000
630.940,-92.888,19.402,0.322,2.195,3.342,11.133,0.000,0.000,0.0000
630.950,-92.866,19.459,0.322,2.183,3.364,11.139,0.000,0.000,0.0000
630.960,-92.845,19.515,0.323,2.172,3.385,11.145,0.000,0.000,0.0000
630.970,-92.823,19.571,0.323,2.161,3.407,11.152,0.000,0.000,0.0000
630.980,-92.802,19.626,0.323,2.150,3.429,11.158,0.000,0.000,0.0000
630.990,-92.780,19.682,0.323,2.139,3.450,11.164,0.000,0.000,0.0000
631.000,-92.759,19.736,0.323,2.128,3.471,11.170,0.040,0.000,0.0000
631.010,-92.738,19.791,0.323,2.117,3.492,11.176,0.080,0.000,0.0000
631.020,-92.717,19.845,0.323,2.105,3.513,11.182,0.120,0.000,0.0080
631.030,-92.696,19.898,0.323,2.094,3.534,11.188,0.160,0.000,0.0160
631.040,-92.675,19.951,0.323,2.078,3.555,11.194,0.200,0.000,0.0240
631.050,-92.654,20.004,0.324,2.063,3.576,11.200,0.140,0.000,0.0320
631.060,-92.634,20.056,0.324,2.050,3.596,11.206,0.080,0.000,0.0400
631.070,-92.614,20.107,0.324,2.038,3.617,11.212,0.020,0.000,0.0480
631.080,-92.593,20.158,0.324,2.026,3.637,11.218,0.000,0.000,0.0560
631.090,-92.573,20.209,0.324,2.015,3.657,11.224,0.000,0.000,0.0640
631.100,-92.553,20.259,0.325,2.001,3.677,11.230,0.000,0.000,0.0720
631.110,-92.533,20.309,0.325,1.989,3.697,11.235,0.000,0.000,0.0800
631.120,-92.513,20.359,0.325,1.976,3.717,11.241,0.000,0.000,0.0880
631.130,-92.494,20.408,0.325,1.964,3.736,11.247,0.000,0.000,0.0960
631.140,-92.474,20.456,0.325,1.951,3.756,11.253,0.000,0.000,0.1040
631.150,-92.455,20.505,0.325,1.938,3.775,11.259,0.000,0.000,0.1120
631.160,-92.436,20.552,0.325,1.925,3.794,11.265,0.000,0.000,0.1200
631.170,-92.417,20.600,0.325,1.913,3.814,11.271,0.000,0.000,0.1280
631.180,-92.398,20.647,0.325,1.899,3.833,11.277,0.000,0.000,0.1360
631.190,-92.379,20.693,0.325,1.886,3.851,11.284,0.000,0.000,0.1440
631.200,-92.360,20.740,0.325,1.873,3.870,11.290,0.000,0.000,0.1520
631.210,-92.341,20.785,0.325,1.861,3.889,11.296,0.000,0.000,0.1600
631.220,-92.323,20.831,0.325,1.848,3.907,11.302,0.000,0.000,0.1680
631.230,-92.305,20.876,0.325,1.835,3.926,11.308,0.000,0.000,0.1760
631.240,-92.286,20.920,0.325,1.823,3.944,11.314,0.000,0.000,0.1840
631.250,-92.268,20.964,0.325,1.811,3.962,11.320,0.000,0.000,0.1920
631.260,-92.250,21.008,0.325,1.800,3.980,11.326,0.000,0.000,0.2000
631.270,-92.232,21.051,0.325,1.789,3.998,11.332,0.000,0.000,0.2080
631.280,-92.215,21.094,0.325,1.778,4.016,11.338,0.000,0.000,0.2160
631.290,-92.197,21.136,0.325,1.785,4.033,11.344,0.000,0.000,0.2240
631.300,-92.179,21.179,0.325,1.786,4.051,11.350,0.000,0.000,0.2320
631.310,-92.161,21.221,0.324,1.783,4.069,11.356,0.000,0.000,0.2400
631.320,-92.143,21.263,0.324,1.778,4.087,11.363,0.000,0.000,0.2480
631.330,-92.125,21.305,0.324,1.775,4.105,11.369,0.000,0.000,0.2560
631.340,-92.108,21.346,0.323,1.775,4.122,11.375,0.000,0.000,0.2640
631.350,-92.090,21.388,0.323,1.776,4.140,11.382,0.000,0.000,0.2720
631.360,-92.072,21.429,0.323,1.777,4.158,11.388,0.000,0.000,0.2800
631.370,-92.054,21.469,0.322,1.776,4.176,11.394,0.000,0.000,0.2880
631.380,-92.037,21.509,0.322,1.773,4.193,11.401,0.000,0.000,0.2960
631.390,-92.019,21.549,0.322,1.770,4.211,11.407,0.000,0.000,0.3040
631.400,-92.001,21.588,0.322,1.768,4.229,11.413,0.000,0.000,0.3120
631.410,-91.984,21.627,0.322,1.765,4.246,11.420,0.000,0.000,0.3200
631.420,-91.966,21.666,0.322,1.762,4.264,11.426,0.000,0.000,0.3280
631.430,-91.949,21.703,0.322,1.758,4.282,11.432,0.000,0.000,0.3360
631.440,-91.931,21.741,0.322,1.754,4.299,11.438,0.000,0.000,0.3440
631.450,-91.913,21.777,0.322,1.749,4.317,11.444,0.000,0.000,0.3520
631.460,-91.896,21.814,0.322,1.743,4.334,11.450,0.000,0.000,0.3600
631.470,-91.879,21.849,0.323,1.736,4.351,11.456,0.000,0.000,0.3680
631.480,-91.861,21.884,0.323,1.728,4.369,11.462,0.000,0.000,0.3760
631.490,-91.844,21.918,0.324,1.719,4.386,11.468,0.000,0.000,0.3840
631.500,-91.827,21.952,0.324,1.709,4.403,11.474,0.000,0.000,0.3920
631.510,-91.810,21.985,0.324,1.698,4.420,11.479,0.000,0.000,0.4000
631.520,-91.793,22.017,0.325,1.685,4.437,11.485,0.000,0.000,0.4080
631.530,-91.777,22.048,0.326,1.671,4.454,11.491,0.000,0.000,0.4160
631.540,-91.760,22.079,0.326,1.655,4.470,11.496,0.000,0.000,0.4240
631.550,-91.744,22.110,0.327,1.641,4.486,11.502,0.000,0.000,0.4320
631.560,-91.727,22.140,0.327,1.629,4.503,11.508,0.000,0.000,0.4400
631.570,-91.711,22.169,0.327,1.613,4.519,11.513,0.000,0.000,0.4480
631.580,-91.695,22.198,0.328,1.597,4.535,11.519,0.000,0.000,0.4560
631.590,-91.679,22.226,0.328,1.582,4.551,11.524,0.000,0.000,0.4640
631.600,-91.664,22.254,0.328,1.568,4.566,11.530,0.000,0.000,0.4720
631.610,-91.648,22.281,0.328,1.554,4.582,11.536,0.000,0.000,0.4800
631.620,-91.633,22.308,0.329,1.539,4.597,11.542,0.000,0.000,0.4880
631.630,-91.618,22.335,0.329,1.524,4.613,11.547,0.000,0.000,0.4960
631.640,-91.603,22.361,0.329,1.509,4.628,11.553,0.000,0.000,0.5000
631.650,-91.588,22.386,0.329,1.493,4.643,11.559,0.000,0.000,0.5000
631.660,-91.573,22.411,0.328,1.479,4.657,11.565,0.000,0.000,0.5000
631.670,-91.558,22.436,0.328,1.465,4.672,11.570,0.000,0.000,0.5000
631.680,-91.544,22.460,0.328,1.450,4.686,11.576,0.000,0.000,0.5000
631.690,-91.529,22.484,0.328,1.436,4.701,11.582,0.000,0.000,0.5000
631.700,-91.515,22.508,0.327,1.421,4.715,11.588,0.000,0.000,0.5000
631.710,-91.501,22.531,0.327,1.407,4.729,11.593,0.000,0.000,0.5000
631.720,-91.487,22.553,0.327,1.392,4.743,11.599,0.000,0.000,0.5000
631.730,-91.473,22.575,0.326,1.378,4.757,11.605,0.000,0.000,0.5000
631.740,-91.460,22.597,0.326,1.363,4.770,11.611,0.000,0.000,0.5000
631.750,-91.446,22.619,0.326,1.349,4.784,11.616,0.000,0.000,0.5000
631.760,-91.433,22.640,0.325,1.335,4.797,11.622,0.000,0.000,0.5000
631.770,-91.420,22.660,0.325,1.322,4.810,11.627,0.000,0.000,0.5000
631.780,-91.407,22.681,0.324,1.308,4.824,11.633,0.000,0.000,0.5000
631.790,-91.394,22.701,0.324,1.295,4.836,11.639,0.000,0.000,0.5000
631.800,-91.381,22.720,0.323,1.282,4.849,11.644,0.000,0.000,0.5000
631.810,-91.368,22.740,0.323,1.269,4.862,11.649,0.000,0.000,0.5000
631.820,-91.356,22.759,0.323,1.256,4.874,11.655,0.000,0.000,0.5000
631.830,-91.343,22.777,0.322,1.238,4.887,11.660,0.000,0.000,0.5000
631.840,-91.331,22.795,0.322,1.220,4.899,11.665,0.000,0.000,0.5000
631.850,-91.319,22.813,0.322,1.202,4.911,11.670,0.000,0.000,0.5000
631.860,-91.307,22.830,0.322,1.186,4.923,11.675,0.000,0.000,0.5000
631.870,-91.295,22.847,0.322,1.172,4.935,11.680,0.000,0.000,0.5000
631.880,-91.284,22.863,0.321,1.158,4.946,11.685,0.040,0.000,0.5000
631.890,-91.272,22.880,0.321,1.144,4.958,11.689,0.080,0.000,0.5000
631.900,-91.261,22.896,0.321,1.131,4.969,11.694,0.120,0.000,0.5000
631.910,-91.250,22.911,0.321,1.117,4.980,11.699,0.160,0.000,0.5000
631.920,-91.239,22.927,0.321,1.104,4.991,11.703,0.200,0.000,0.5000
631.930,-91.228,22.942,0.321,1.094,5.002,11.708,0.240,0.000,0.5000
631.940,-91.217,22.957,0.321,1.099,5.013,11.712,0.280,0.000,0.5000
631.950,-91.206,22.973,0.321,1.115,5.024,11.717,0.320,0.000,0.5000
631.960,-91.194,22.988,0.320,1.138,5.036,11.722,0.360,0.000,0.5000
631.970,-91.183,23.004,0.320,1.166,5.047,11.727,0.400,0.000,0.5000
631.980,-91.171,23.020,0.319,1.195,5.059,11.733,0.440,0.000,0.4700
631.990,-91.159,23.036,0.319,1.226,5.071,11.738,0.480,0.000,0.4400
632.000,-91.146,23.053,0.318,1.254,5.084,11.744,0.520,0.000,0.4100
632.010,-91.133,23.070,0.317,1.280,5.097,11.750,0.560,0.000,0.3800
632.020,-91.120,23.087,0.316,1.305,5.110,11.756,0.600,0.000,0.3500
632.030,-91.107,23.105,0.315,1.326,5.123,11.763,0.640,0.000,0.3200
632.040,-91.094,23.122,0.315,1.343,5.136,11.769,0.680,0.000,0.2900
632.050,-91.080,23.140,0.314,1.358,5.150,11.775,0.720,0.000,0.2600
632.060,-91.066,23.158,0.313,1.373,5.164,11.781,0.760,0.000,0.2300
632.070,-91.052,23.175,0.313,1.393,5.178,11.788,0.800,0.000,0.2000
632.080,-91.038,23.193,0.312,1.419,5.192,11.794,0.840,0.000,0.1700
632.090,-91.024,23.212,0.312,1.448,5.206,11.801,0.880,0.000,0.1400
632.100,-91.009,23.230,0.311,1.481,5.221,11.808,0.920,0.000,0.1100
632.110,-90.994,23.249,0.311,1.516,5.236,11.814,0.960,0.000,0.0800
632.120,-90.978,23.269,0.310,1.552,5.252,11.821,1.000,0.000,0.0500
632.130,-90.962,23.288,0.310,1.589,5.268,11.829,1.000,0.000,0.0200
632.140,-90.946,23.308,0.309,1.626,5.284,11.836,1.000,0.000,0.0000
632.150,-90.930,23.328,0.309,1.665,5.300,11.843,1.000,0.000,0.0000
632.160,-90.912,23.349,0.308,1.710,5.318,11.851,1.000,0.000,0.0000
632.170,-90.895,23.370,0.308,1.759,5.335,11.859,1.000,0.000,0.0000
632.180,-90.877,23.392,0.307,1.808,5.353,11.867,1.000,0.000,0.0000
632.190,-90.858,23.415,0.307,1.857,5.372,11.876,1.000,0.000,0.0000
632.200,-90.839,23.437,0.307,1.905,5.391,11.884,1.000,0.000,0.0000
632.210,-90.820,23.461,0.306,1.950,5.410,11.893,1.000,0.000,0.0000
632.220,-90.800,23.485,0.306,1.993,5.430,11.902,1.000,0.000,0.0000
632.230,-90.779,23.509,0.305,2.034,5.451,11.912,1.000,0.000,0.0000
632.240,-90.759,23.534,0.305,2.074,5.471,11.921,1.000,0.000,0.0000
632.250,-90.738,23.559,0.305,2.111,5.492,11.930,1.000,0.000,0.0000
632.260,-90.716,23.584,0.305,2.147,5.514,11.940,1.000,0.000,0.0000
632.270,-90.694,23.610,0.305,2.181,5.536,11.950,1.000,0.000,0.0000
632.280,-90.672,23.636,0.305,2.215,5.558,11.960,1.000,0.000,0.0000
632.290,-90.650,23.663,0.305,2.247,5.580,11.970,1.000,0.000,0.0000
632.300,-90.627,23.690,0.305,2.279,5.603,11.980,1.000,0.000,0.0000
632.310,-90.604,23.717,0.305,2.309,5.626,11.990,1.000,0.000,0.0000
632.320,-90.580,23.745,0.305,2.339,5.650,12.000,1.000,0.000,0.0000
632.330,-90.557,23.773,0.306,2.369,5.673,12.011,1.000,0.000,0.0000
632.340,-90.533,23.801,0.306,2.398,5.697,12.021,1.000,0.000,0.0000
632.350,-90.508,23.830,0.306,2.431,5.722,12.032,1.000,0.000,0.0000
632.360,-90.484,23.859,0.306,2.470,5.746,12.043,1.000,0.000,0.0000
632.370,-90.459,23.889,0.307,2.507,5.771,12.054,1.000,0.000,0.0000
632.380,-90.433,23.919,0.307,2.541,5.797,12.066,1.000,0.000,0.0000
632.390,-90.408,23.949,0.307,2.572,5.822,12.077,1.000,0.000,0.0000
632.400,-90.382,23.979,0.308,2.602,5.848,12.089,1.000,0.000,0.0000
632.410,-90.355,24.010,0.308,2.631,5.875,12.101,1.000,0.000,0.0000
632.420,-90.329,24.041,0.309,2.658,5.901,12.113,1.000,0.000,0.0000
632.430,-90.302,24.072,0.309,2.686,5.928,12.125,1.000,0.000,0.0000
632.440,-90.275,24.104,0.309,2.713,5.955,12.138,1.000,0.000,0.0000
632.450,-90.247,24.136,0.310,2.740,5.983,12.151,1.000,0.000,0.0000
632.460,-90.220,24.168,0.310,2.766,6.010,12.163,1.000,0.000,0.0000
632.470,-90.192,24.201,0.310,2.793,6.038,12.176,1.000,0.000,0.0000
632.480,-90.164,24.233,0.310,2.819,6.067,12.190,1.000,0.000,0.0000
632.490,-90.135,24.267,0.311,2.845,6.095,12.203,1.000,0.000,0.0000
632.500,-90.106,24.300,0.311,2.871,6.124,12.217,1.000,0.000,0.0000
632.510,-90.077,24.334,0.311,2.897,6.153,12.231,1.000,0.000,0.0000
632.520,-90.048,24.368,0.311,2.922,6.182,12.245,1.000,0.000,0.0000
632.530,-90.019,24.402,0.311,2.947,6.211,12.259,1.000,0.000,0.0000
632.540,-89.989,24.437,0.311,2.972,6.241,12.273,1.000,0.000,0.0000
632.550,-89.959,24.472,0.312,2.997,6.271,12.288,1.000,0.000,0.0000
632.560,-89.929,24.507,0.312,3.021,6.301,12.303,1.000,0.000,0.0000
632.570,-89.898,24.543,0.312,3.046,6.332,12.318,1.000,0.000,0.0000
632.580,-89.868,24.579,0.312,3.070,6.362,12.333,1.000,0.000,0.0000
632.590,-89.837,24.615,0.312,3.093,6.393,12.348,1.000,0.000,0.0000
632.600,-89.806,24.651,0.312,3.117,6.424,12.364,1.000,0.000,0.0000
632.610,-89.774,24.687,0.312,3.139,6.456,12.380,1.000,0.000,0.0000
632.620,-89.743,24.724,0.312,3.160,6.487,12.396,1.000,0.000,0.0000
632.630,-89.711,24.761,0.312,3.178,6.519,12.412,1.000,0.000,0.0000
632.640,-89.679,24.799,0.312,3.200,6.551,12.428,1.000,0.000,0.0000
632.650,-89.647,24.836,0.312,3.224,6.583,12.445,1.000,0.000,0.0000
632.660,-89.614,24.874,0.311,3.251,6.616,12.461,1.000,0.000,0.0000
632.670,-89.581,24.913,0.311,3.279,6.649,12.478,1.000,0.000,0.0000
632.680,-89.548,24.952,0.311,3.308,6.682,12.495,1.000,0.000,0.0000
632.690,-89.515,24.991,0.311,3.338,6.715,12.513,1.000,0.000,0.0000
632.700,-89.481,25.030,0.311,3.368,6.749,12.530,1.000,0.000,0.0000
632.710,-89.447,25.070,0.311,3.398,6.783,12.548,1.000,0.000,0.0000
632.720,-89.413,25.110,0.311,3.427,6.817,12.566,1.000,0.000,0.0000
632.730,-89.378,25.150,0.310,3.457,6.852,12.585,1.000,0.000,0.0000
632.740,-89.343,25.191,0.310,3.486,6.887,12.603,1.000,0.000,0.0000
632.750,-89.308,25.232,0.310,3.515,6.922,12.622,1.000,0.000,0.0000
632.760,-89.273,25.273,0.310,3.543,6.957,12.641,1.000,0.000,0.0000
632.770,-89.237,25.314,0.310,3.571,6.993,12.660,1.000,0.000,0.0000
632.780,-89.201,25.356,0.310,3.599,7.029,12.679,1.000,0.000,0.0000
632.790,-89.165,25.398,0.310,3.626,7.065,12.699,1.000,0.000,0.0000
632.800,-89.128,25.441,0.309,3.652,7.102,12.719,1.000,0.000,0.0000
632.810,-89.092,25.483,0.309,3.678,7.138,12.739,1.000,0.000,0.0000
632.820,-89.055,25.526,0.309,3.698,7.175,12.759,1.000,0.000,0.0000
632.830,-89.017,25.569,0.309,3.722,7.213,12.779,1.000,0.000,0.0000
632.840,-88.980,25.613,0.309,3.748,7.250,12.799,1.000,0.000,0.0000
632.850,-88.942,25.656,0.310,3.771,7.288,12.820,1.000,0.000,0.0000
632.860,-88.904,25.700,0.310,3.797,7.326,12.841,1.000,0.000,0.0000
632.870,-88.866,25.744,0.310,3.826,7.364,12.862,1.000,0.000,0.0000
632.880,-88.827,25.788,0.310,3.856,7.403,12.883,1.000,0.000,0.0000
632.890,-88.789,25.833,0.310,3.888,7.441,12.905,1.000,0.000,0.0000
632.900,-88.749,25.878,0.310,3.919,7.481,12.927,1.000,0.000,0.0000
632.910,-88.710,25.924,0.310,3.951,7.520,12.949,1.000,0.000,0.0000
632.920,-88.670,25.969,0.310,3.981,7.560,12.972,1.000,0.000,0.0000
632.930,-88.630,26.015,0.310,4.011,7.600,12.994,1.000,0.000,0.0000
632.940,-88.590,26.062,0.310,4.039,7.640,13.017,1.000,0.000,0.0000
632.950,-88.549,26.109,0.310,4.067,7.681,13.040,1.000,0.000,0.0000
632.960,-88.508,26.156,0.310,4.094,7.722,13.064,1.000,0.000,0.0000
632.970,-88.467,26.203,0.310,4.120,7.763,13.088,1.000,0.000,0.0000
632.980,-88.425,26.251,0.310,4.145,7.805,13.111,1.000,0.000,0.0000
632.990,-88.384,26.299,0.310,4.169,7.846,13.136,1.000,0.000,0.0080
633.000,-88.342,26.347,0.310,4.191,7.888,13.160,1.000,0.000,0.0160
633.010,-88.300,26.395,0.310,4.211,7.930,13.184,0.940,0.000,0.0240
633.020,-88.257,26.444,0.310,4.233,7.973,13.209,0.880,0.000,0.0320
633.030,-88.215,26.493,0.310,4.253,8.015,13.234,0.820,0.000,0.0400
633.040,-88.172,26.542,0.310,4.280,8.058,13.259,0.760,0.000,0.0480
633.050,-88.129,26.592,0.310,4.309,8.101,13.285,0.700,0.000,0.0560
633.060,-88.085,26.642,0.310,4.341,8.145,13.310,0.640,0.000,0.0640
633.070,-88.042,26.693,0.310,4.376,8.188,13.337,0.580,0.000,0.0720
633.080,-87.998,26.743,0.310,4.395,8.232,13.363,0.520,0.000,0.0800
633.090,-87.954,26.794,0.310,4.401,8.276,13.389,0.460,0.000,0.0880
633.100,-87.910,26.845,0.311,4.397,8.320,13.415,0.400,0.000,0.0960
633.110,-87.866,26.895,0.311,4.386,8.364,13.442,0.340,0.000,0.1040
633.120,-87.822,26.945,0.311,4.372,8.408,13.468,0.280,0.000,0.1120
633.130,-87.779,26.995,0.312,4.356,8.451,13.494,0.220,0.000,0.1200
633.140,-87.735,27.045,0.313,4.338,8.495,13.520,0.160,0.000,0.1280
633.150,-87.692,27.094,0.314,4.320,8.538,13.545,0.100,0.000,0.1360
633.160,-87.649,27.143,0.315,4.302,8.581,13.571,0.040,0.000,0.1440
633.170,-87.606,27.192,0.316,4.284,8.624,13.597,0.000,0.000,0.1520
633.180,-87.564,27.239,0.317,4.253,8.666,13.622,0.000,0.000,0.1600
633.190,-87.522,27.286,0.318,4.219,8.709,13.647,0.000,0.000,0.1680
633.200,-87.480,27.333,0.319,4.187,8.750,13.672,0.000,0.000,0.1760
633.210,-87.438,27.379,0.321,4.121,8.792,13.697,0.000,0.000,0.1840
633.220,-87.398,27.424,0.322,4.080,8.832,13.721,0.000,0.000,0.1920
633.230,-87.357,27.468,0.324,4.040,8.873,13.745,0.000,0.000,0.2000
633.240,-87.317,27.512,0.325,4.011,8.913,13.770,0.000,0.000,0.2080
633.250,-87.277,27.555,0.326,3.989,8.953,13.794,0.000,0.000,0.2160
633.260,-87.238,27.598,0.328,3.970,8.992,13.818,0.000,0.000,0.2240
633.270,-87.198,27.640,0.329,3.954,9.032,13.842,0.000,0.000,0.2320
633.280,-87.159,27.682,0.330,3.937,9.071,13.866,0.000,0.000,0.2400
633.290,-87.120,27.724,0.330,3.920,9.110,13.891,0.000,0.000,0.2480
633.300,-87.081,27.765,0.331,3.901,9.149,13.915,0.000,0.000,0.2560
633.310,-87.042,27.806,0.332,3.882,9.188,13.940,0.000,0.000,0.2640
633.320,-87.003,27.846,0.332,3.861,9.227,13.964,0.000,0.000,0.2720
633.330,-86.965,27.885,0.332,3.839,9.265,13.989,0.000,0.000,0.2420
633.340,-86.927,27.925,0.332,3.826,9.304,14.014,0.000,0.000,0.2120
633.350,-86.888,27.964,0.332,3.819,9.342,14.039,0.000,0.000,0.1820
633.360,-86.850,28.002,0.332,3.819,9.380,14.064,0.000,0.000,0.1520
633.370,-86.812,28.041,0.331,3.821,9.418,14.089,0.000,0.000,0.1220
633.380,-86.774,28.079,0.331,3.826,9.456,14.114,0.000,0.000,0.0920
633.390,-86.736,28.117,0.330,3.815,9.495,14.140,0.000,0.000,0.0620
633.400,-86.698,28.154,0.329,3.803,9.533,14.165,0.000,0.000,0.0320
633.410,-86.660,28.191,0.329,3.790,9.570,14.191,0.000,0.000,0.0020
633.420,-86.622,28.228,0.328,3.730,9.608,14.216,0.000,0.000,0.0000
633.430,-86.586,28.264,0.327,3.681,9.645,14.241,0.000,0.000,0.0000
633.440,-86.549,28.299,0.327,3.648,9.681,14.265,0.000,0.000,0.0000
633.450,-86.513,28.335,0.326,3.628,9.717,14.290,0.000,0.000,0.0000
633.460,-86.477,28.370,0.326,3.615,9.753,14.314,0.000,0.000,0.0000
633.470,-86.441,28.404,0.325,3.605,9.789,14.339,0.000,0.000,0.0080
633.480,-86.405,28.439,0.324,3.599,9.825,14.363,0.000,0.000,0.0160
633.490,-86.369,28.473,0.324,3.592,9.861,14.388,0.000,0.000,0.0240
633.500,-86.333,28.508,0.323,3.585,9.897,14.412,0.000,0.000,0.0320
633.510,-86.297,28.542,0.322,3.575,9.933,14.437,0.000,0.000,0.0400
633.520,-86.261,28.576,0.322,3.564,9.969,14.461,0.000,0.000,0.0480
633.530,-86.226,28.610,0.321,3.550,10.004,14.485,0.000,0.000,0.0180
633.540,-86.191,28.644,0.321,3.524,10.039,14.510,0.000,0.000,0.0000
633.550,-86.156,28.677,0.320,3.493,10.074,14.533,0.000,0.000,0.0000
633.560,-86.121,28.710,0.320,3.462,10.109,14.557,0.000,0.000,0.0000
633.570,-86.087,28.742,0.320,3.434,10.143,14.581,0.000,0.000,0.0000
633.580,-86.053,28.774,0.320,3.407,10.177,14.604,0.000,0.000,0.0000
633.590,-86.019,28.806,0.319,3.381,10.211,14.627,0.000,0.000,0.0000
633.600,-85.985,28.838,0.319,3.357,10.245,14.650,0.000,0.000,0.0000
633.610,-85.952,28.869,0.320,3.335,10.278,14.673,0.000,0.000,0.0000
633.620,-85.919,28.900,0.320,3.313,10.311,14.695,0.000,0.000,0.0000
633.630,-85.886,28.931,0.320,3.290,10.344,14.718,0.000,0.000,0.0000
633.640,-85.853,28.962,0.320,3.261,10.377,14.740,0.000,0.000,0.0000
633.650,-85.821,28.992,0.320,3.231,10.409,14.762,0.000,0.000,0.0000
633.660,-85.789,29.022,0.321,3.203,10.441,14.784,0.000,0.000,0.0000
633.670,-85.757,29.052,0.321,3.182,10.473,14.806,0.000,0.000,0.0000
633.680,-85.726,29.081,0.321,3.165,10.504,14.828,0.000,0.000,0.0000
633.690,-85.694,29.110,0.321,3.145,10.536,14.849,0.000,0.000,0.0000
633.700,-85.663,29.139,0.322,3.122,10.567,14.871,0.000,0.000,0.0000
633.710,-85.632,29.168,0.322,3.097,10.598,14.892,0.000,0.000,0.0000
633.720,-85.601,29.196,0.322,3.071,10.629,14.913,0.000,0.000,0.0000
633.730,-85.571,29.224,0.323,3.043,10.659,14.934,0.000,0.000,0.0000
633.740,-85.541,29.252,0.323,3.015,10.689,14.955,0.000,0.000,0.0000
633.750,-85.511,29.280,0.323,2.986,10.719,14.976,0.000,0.000,0.0000
633.760,-85.481,29.307,0.323,2.956,10.749,14.996,0.000,0.000,0.0000
633.770,-85.452,29.334,0.324,2.926,10.778,15.017,0.000,0.000,0.0000
633.780,-85.423,29.361,0.324,2.896,10.807,15.037,0.000,0.000,0.0000
633.790,-85.394,29.388,0.324,2.865,10.836,15.057,0.000,0.000,0.0000
633.800,-85.366,29.414,0.324,2.835,10.864,15.077,0.000,0.000,0.0000
633.810,-85.338,29.440,0.324,2.804,10.892,15.096,0.000,0.000,0.0000
633.820,-85.310,29.466,0.325,2.773,10.920,15.116,0.000,0.000,0.0000
633.830,-85.283,29.491,0.325,2.742,10.947,15.135,0.000,0.000,0.0080
633.840,-85.256,29.516,0.325,2.709,10.974,15.154,0.000,0.000,0.0160
633.850,-85.229,29.541,0.325,2.674,11.001,15.173,0.000,0.000,0.0240
633.860,-85.203,29.566,0.325,2.638,11.027,15.192,0.000,0.000,0.0320
633.870,-85.177,29.590,0.325,2.602,11.053,15.210,0.000,0.000,0.0400
633.880,-85.151,29.614,0.325,2.566,11.079,15.228,0.000,0.000,0.0480
633.890,-85.126,29.638,0.325,2.535,11.104,15.246,0.000,0.000,0.0560
633.900,-85.101,29.661,0.325,2.503,11.129,15.264,0.000,0.000,0.0640
633.910,-85.076,29.684,0.325,2.472,11.154,15.282,0.000,0.000,0.0720
633.920,-85.051,29.707,0.325,2.444,11.179,15.299,0.000,0.000,0.0800
633.930,-85.027,29.730,0.325,2.416,11.203,15.317,0.000,0.000,0.0880
633.940,-85.003,29.752,0.325,2.388,11.227,15.334,0.000,0.000,0.0960
633.950,-84.980,29.774,0.325,2.361,11.250,15.351,0.000,0.000,0.1040
633.960,-84.956,29.796,0.325,2.332,11.274,15.368,0.000,0.000,0.1120
633.970,-84.933,29.818,0.325,2.304,11.297,15.384,0.000,0.000,0.1200
633.980,-84.911,29.839,0.325,2.276,11.319,15.401,0.000,0.000,0.1280
633.990,-84.888,29.860,0.325,2.249,11.342,15.417,0.000,0.000,0.1360
634.000,-84.866,29.881,0.325,2.222,11.364,15.433,0.000,0.000,0.1440
634.010,-84.844,29.902,0.325,2.196,11.386,15.449,0.000,0.000,0.1520
634.020,-84.822,29.922,0.324,2.169,11.408,15.465,0.000,0.000,0.1600
634.030,-84.801,29.942,0.324,2.144,11.429,15.481,0.000,0.000,0.1680
634.040,-84.780,29.961,0.324,2.122,11.450,15.496,0.000,0.000,0.1760
634.050,-84.759,29.981,0.324,2.104,11.471,15.511,0.000,0.000,0.1840
634.060,-84.738,30.000,0.324,2.087,11.492,15.527,0.000,0.000,0.1920
634.070,-84.717,30.019,0.324,2.072,11.513,15.542,0.000,0.000,0.2000
634.080,-84.696,30.037,0.323,2.057,11.534,15.557,0.000,0.000,0.2080
634.090,-84.676,30.056,0.323,2.041,11.554,15.572,0.000,0.000,0.2160
634.100,-84.656,30.074,0.323,2.022,11.574,15.587,0.000,0.000,0.2240
634.110,-84.636,30.092,0.323,1.999,11.594,15.601,0.000,0.000,0.2320
634.120,-84.616,30.110,0.323,1.974,11.614,15.616,0.000,0.000,0.2400
634.130,-84.597,30.127,0.322,1.948,11.633,15.630,0.000,0.000,0.2480
634.140,-84.577,30.144,0.322,1.921,11.653,15.644,0.000,0.000,0.2560
634.150,-84.558,30.161,0.322,1.894,11.672,15.658,0.000,0.000,0.2640
634.160,-84.540,30.177,0.322,1.866,11.690,15.672,0.000,0.000,0.2720
634.170,-84.521,30.193,0.322,1.838,11.709,15.685,0.000,0.000,0.2800
634.180,-84.503,30.209,0.322,1.810,11.727,15.698,0.000,0.000,0.2880
634.190,-84.486,30.225,0.323,1.781,11.745,15.711,0.000,0.000,0.2960
634.200,-84.468,30.240,0.323,1.753,11.762,15.724,0.000,0.000,0.3040
634.210,-84.451,30.255,0.323,1.724,11.779,15.737,0.000,0.000,0.3120
634.220,-84.434,30.269,0.323,1.695,11.796,15.749,0.000,0.000,0.3200
634.230,-84.417,30.283,0.323,1.666,11.813,15.761,0.000,0.000,0.3280
634.240,-84.401,30.297,0.323,1.637,11.829,15.773,0.000,0.000,0.3360
634.250,-84.385,30.311,0.324,1.607,11.845,15.785,0.000,0.000,0.3440
634.260,-84.369,30.324,0.324,1.577,11.861,15.796,0.000,0.000,0.3520
634.270,-84.353,30.337,0.324,1.547,11.877,15.808,0.000,0.000,0.3600
634.280,-84.338,30.350,0.324,1.517,11.892,15.819,0.040,0.000,0.3680
634.290,-84.324,30.362,0.324,1.473,11.907,15.829,0.080,0.000,0.3760
634.300,-84.309,30.374,0.325,1.427,11.921,15.840,0.120,0.000,0.3840
634.310,-84.295,30.385,0.325,1.382,11.935,15.849,0.160,0.000,0.3920
634.320,-84.282,30.396,0.325,1.349,11.948,15.859,0.200,0.000,0.4000
634.330,-84.269,30.407,0.326,1.339,11.961,15.869,0.240,0.000,0.4080
634.340,-84.255,30.418,0.326,1.347,11.975,15.879,0.280,0.000,0.4160
634.350,-84.241,30.429,0.326,1.368,11.989,15.889,0.320,0.000,0.4240
634.360,-84.228,30.440,0.325,1.395,12.003,15.900,0.360,0.000,0.4320
634.370,-84.213,30.452,0.325,1.424,12.017,15.911,0.400,0.000,0.4400
634.380,-84.199,30.463,0.324,1.452,12.031,15.922,0.440,0.000,0.4480
634.390,-84.184,30.475,0.323,1.478,12.046,15.933,0.480,0.000,0.4560
634.400,-84.169,30.487,0.322,1.500,12.061,15.945,0.520,0.000,0.4640
634.410,-84.154,30.498,0.321,1.522,12.076,15.957,0.560,0.000,0.4720
634.420,-84.138,30.510,0.320,1.545,12.092,15.969,0.600,0.000,0.4800
634.430,-84.123,30.523,0.319,1.569,12.107,15.981,0.640,0.000,0.4880
634.440,-84.107,30.535,0.318,1.594,12.123,15.994,0.680,0.000,0.4960
634.450,-84.091,30.547,0.317,1.620,12.139,16.007,0.720,0.000,0.5000
634.460,-84.074,30.560,0.316,1.646,12.156,16.020,0.760,0.000,0.5000
634.470,-84.058,30.572,0.315,1.672,12.172,16.033,0.800,0.000,0.5000
634.480,-84.041,30.585,0.314,1.698,12.189,16.046,0.840,0.000,0.5000
634.490,-84.023,30.598,0.313,1.725,12.207,16.060,0.880,0.000,0.5000
634.500,-84.006,30.611,0.312,1.752,12.224,16.073,0.920,0.000,0.5000
634.510,-83.988,30.624,0.311,1.779,12.242,16.087,0.960,0.000,0.5000
634.520,-83.970,30.638,0.310,1.808,12.260,16.101,1.000,0.000,0.5000
634.530,-83.952,30.651,0.309,1.837,12.278,16.115,1.000,0.000,0.5000
634.540,-83.933,30.665,0.309,1.867,12.297,16.130,1.000,0.000,0.5000
634.550,-83.914,30.679,0.308,1.897,12.316,16.144,1.000,0.000,0.5000
634.560,-83.895,30.692,0.308,1.927,12.335,16.159,1.000,0.000,0.5000
634.570,-83.875,30.706,0.308,1.956,12.355,16.174,1.000,0.000,0.5000
634.580,-83.855,30.720,0.307,1.986,12.375,16.189,0.940,0.000,0.5000
634.590,-83.835,30.735,0.307,2.015,12.395,16.204,0.880,0.000,0.5000
634.600,-83.815,30.749,0.307,2.045,12.415,16.219,0.820,0.000,0.5000
634.610,-83.794,30.763,0.307,2.074,12.436,16.235,0.760,0.000,0.5000
634.620,-83.773,30.777,0.307,2.104,12.457,16.251,0.700,0.000,0.5000
634.630,-83.752,30.792,0.307,2.135,12.478,16.267,0.640,0.000,0.5000
634.640,-83.730,30.807,0.308,2.165,12.500,16.283,0.580,0.000,0.5000
634.650,-83.708,30.821,0.308,2.196,12.522,16.299,0.520,0.000,0.5000
634.660,-83.686,30.836,0.308,2.228,12.544,16.316,0.460,0.000,0.5000
634.670,-83.663,30.851,0.308,2.259,12.567,16.333,0.400,0.000,0.5000
634.680,-83.640,30.865,0.309,2.291,12.590,16.350,0.340,0.000,0.5000
634.690,-83.617,30.880,0.309,2.324,12.613,16.367,0.280,0.000,0.5000
634.700,-83.594,30.895,0.309,2.348,12.636,16.385,0.220,0.000,0.5000
634.710,-83.570,30.910,0.310,2.358,12.660,16.402,0.160,0.000,0.5000
634.720,-83.546,30.925,0.310,2.354,12.684,16.420,0.100,0.000,0.5000
634.730,-83.523,30.939,0.311,2.342,12.707,16.437,0.040,0.000,0.5000
634.740,-83.500,30.953,0.312,2.327,12.730,16.454,0.000,0.000,0.5000
634.750,-83.477,30.967,0.313,2.305,12.753,16.471,0.000,0.000,0.5000
634.760,-83.454,30.981,0.314,2.284,12.776,16.488,0.000,0.000,0.5000
634.770,-83.431,30.994,0.315,2.264,12.799,16.505,0.000,0.000,0.5000
634.780,-83.409,31.007,0.316,2.246,12.821,16.521,0.000,0.000,0.5000
634.790,-83.387,31.020,0.317,2.228,12.843,16.537,0.000,0.000,0.5000
634.800,-83.365,31.033,0.318,2.209,12.865,16.554,0.000,0.000,0.5000
634.810,-83.343,31.046,0.319,2.188,12.887,16.570,0.000,0.000,0.5000
634.820,-83.321,31.058,0.320,2.165,12.909,16.586,0.000,0.000,0.5000
634.830,-83.300,31.070,0.321,2.140,12.930,16.601,0.000,0.000,0.5000
634.840,-83.279,31.082,0.322,2.114,12.951,16.617,0.000,0.000,0.5000
634.850,-83.258,31.093,0.323,2.087,12.972,16.632,0.000,0.000,0.5000
634.860,-83.237,31.104,0.323,2.067,12.993,16.647,0.000,0.000,0.5000
634.870,-83.217,31.115,0.324,2.046,13.013,16.663,0.000,0.000,0.5000
634.880,-83.196,31.126,0.325,2.023,13.034,16.678,0.000,0.000,0.5000
634.890,-83.176,31.136,0.325,1.998,13.054,16.693,0.000,0.000,0.5000
634.900,-83.157,31.147,0.326,1.971,13.073,16.708,0.000,0.000,0.5000
634.910,-83.137,31.157,0.326,1.942,13.093,16.722,0.000,0.000,0.5000
634.920,-83.118,31.167,0.327,1.913,13.112,16.737,0.000,0.000,0.5000
634.930,-83.099,31.176,0.327,1.883,13.131,16.751,0.000,0.000,0.5000
634.940,-83.081,31.185,0.327,1.853,13.149,16.765,0.000,0.000,0.5000
634.950,-83.063,31.194,0.327,1.822,13.167,16.779,0.000,0.000,0.5000
634.960,-83.045,31.203,0.327,1.792,13.185,16.793,0.000,0.000,0.5000
634.970,-83.027,31.212,0.328,1.761,13.203,16.806,0.000,0.000,0.5000
634.980,-83.010,31.220,0.327,1.730,13.220,16.820,0.000,0.000,0.5000
634.990,-82.993,31.228,0.327,1.699,13.237,16.833,0.000,0.000,0.5000
635.000,-82.976,31.236,0.327,1.669,13.254,16.846,0.000,0.000,0.5000
635.010,-82.960,31.244,0.327,1.638,13.270,16.859,0.000,0.000,0.5000
635.020,-82.944,31.252,0.327,1.607,13.286,16.871,0.000,0.000,0.5000
635.030,-82.928,31.259,0.327,1.576,13.302,16.884,0.000,0.000,0.5000
635.040,-82.912,31.266,0.326,1.545,13.318,16.896,0.000,0.000,0.5000
635.050,-82.897,31.273,0.326,1.514,13.333,16.908,0.000,0.000,0.5000
635.060,-82.883,31.280,0.326,1.482,13.348,16.919,0.000,0.000,0.5000
635.070,-82.868,31.286,0.326,1.451,13.362,16.931,0.000,0.000,0.5000
635.080,-82.854,31.293,0.325,1.420,13.376,16.942,0.000,0.000,0.5000
635.090,-82.840,31.299,0.325,1.388,13.390,16.953,0.000,0.000,0.5000
635.100,-82.826,31.305,0.325,1.357,13.404,16.964,0.000,0.000,0.5000
635.110,-82.813,31.311,0.324,1.325,13.417,16.974,0.000,0.000,0.5000
635.120,-82.800,31.316,0.324,1.294,13.430,16.984,0.000,0.000,0.5000
635.130,-82.788,31.322,0.324,1.262,13.442,16.994,0.000,0.000,0.5000
635.140,-82.775,31.327,0.324,1.231,13.455,17.004,0.000,0.000,0.5000
635.150,-82.763,31.332,0.324,1.200,13.467,17.013,0.000,0.000,0.5000
635.160,-82.752,31.337,0.323,1.170,13.478,17.023,0.000,0.000,0.5000
635.170,-82.740,31.342,0.323,1.140,13.490,17.032,0.000,0.000,0.5000
635.180,-82.729,31.347,0.323,1.110,13.501,17.040,0.000,0.000,0.5000
635.190,-82.718,31.352,0.323,1.080,13.512,17.049,0.000,0.000,0.5000
635.200,-82.708,31.356,0.323,1.049,13.522,17.057,0.000,0.000,0.5000
635.210,-82.698,31.360,0.323,1.019,13.532,17.065,0.000,0.000,0.5000
635.220,-82.688,31.364,0.323,0.987,13.542,17.073,0.000,0.000,0.5000
635.230,-82.678,31.368,0.323,0.956,13.552,17.080,0.000,0.000,0.5000
635.240,-82.669,31.372,0.323,0.925,13.561,17.087,0.000,0.000,0.5000
635.250,-82.660,31.376,0.323,0.890,13.570,17.094,0.000,0.000,0.5000
635.260,-82.651,31.379,0.323,0.856,13.579,17.101,0.000,0.000,0.5000
635.270,-82.643,31.383,0.323,0.823,13.587,17.107,0.000,0.000,0.4700
635.280,-82.635,31.386,0.323,0.783,13.595,17.113,0.000,0.000,0.4400
635.290,-82.628,31.389,0.323,0.746,13.602,17.119,0.000,0.000,0.4100
635.300,-82.621,31.392,0.323,0.711,13.609,17.125,0.000,0.000,0.3800
635.310,-82.614,31.395,0.323,0.673,13.616,17.130,0.000,0.000,0.3500
635.320,-82.608,31.398,0.323,0.634,13.622,17.135,0.000,0.000,0.3200
635.330,-82.602,31.400,0.323,0.593,13.628,17.139,0.000,0.000,0.2900
635.340,-82.596,31.402,0.324,0.549,13.634,17.143,0.000,0.000,0.2600
635.350,-82.591,31.405,0.324,0.503,13.639,17.147,0.000,0.000,0.2300
635.360,-82.587,31.407,0.324,0.457,13.643,17.151,0.000,0.000,0.2000
635.370,-82.583,31.409,0.324,0.412,13.647,17.154,0.000,0.000,0.1700
635.380,-82.579,31.410,0.325,0.367,13.651,17.156,0.000,0.000,0.1400
635.390,-82.576,31.412,0.325,0.323,13.654,17.159,0.000,0.000,0.1100
635.400,-82.573,31.413,0.325,0.280,13.657,17.161,0.000,0.000,0.0800
635.410,-82.571,31.414,0.325,0.237,13.659,17.163,0.000,0.000,0.0500
635.420,-82.569,31.416,0.326,0.194,13.661,17.164,0.000,0.000,0.0200
635.430,-82.567,31.416,0.326,0.152,13.663,17.165,0.000,0.000,0.0000
635.440,-82.566,31.417,0.326,0.113,13.664,17.166,0.000,0.000,0.0000
635.450,-82.565,31.418,0.326,0.083,13.665,17.166,0.000,0.000,0.0000
635.460,-82.565,31.419,0.326,0.059,13.665,17.167,0.000,0.000,0.0000
635.470,-82.564,31.419,0.326,0.040,13.666,17.167,0.000,0.000,0.0000
635.480,-82.564,31.420,0.326,0.031,13.666,17.167,0.000,0.000,0.0000
635.490,-82.564,31.420,0.326,0.031,13.666,17.168,0.000,0.000,0.0000
635.500,-82.564,31.420,0.325,0.036,13.666,17.168,0.000,0.000,0.0000
635.510,-82.564,31.421,0.325,0.042,13.667,17.168,0.000,0.000,0.0000
635.520,-82.563,31.421,0.324,0.048,13.667,17.169,0.000,0.000,0.0000
635.530,-82.564,31.421,0.324,0.053,13.667,17.169,0.000,0.000,0.0000
635.540,-82.564,31.421,0.323,0.058,13.666,17.169,0.000,0.000,0.0000
635.550,-82.564,31.421,0.323,0.062,13.666,17.170,0.000,0.000,0.0000
635.560,-82.564,31.421,0.322,0.067,13.666,17.170,0.000,0.000,0.0000
635.570,-82.564,31.421,0.321,0.071,13.666,17.170,0.000,0.000,0.0000
635.580,-82.565,31.421,0.321,0.073,13.665,17.170,0.000,0.000,0.0000
635.590,-82.565,31.421,0.320,0.074,13.665,17.170,0.000,0.000,0.0000
635.600,-82.566,31.421,0.320,0.073,13.664,17.170,0.000,0.000,0.0000
635.610,-82.566,31.421,0.319,0.072,13.664,17.170,0.000,0.000,0.0000
635.620,-82.566,31.421,0.318,0.070,13.664,17.170,0.000,0.000,0.0000
635.630,-82.567,31.421,0.318,0.066,13.664,17.171,0.000,0.000,0.0000
635.640,-82.567,31.421,0.317,0.063,13.663,17.171,0.000,0.000,0.0000
635.650,-82.567,31.421,0.317,0.058,13.663,17.171,0.000,0.000,0.0000
635.660,-82.567,31.421,0.316,0.054,13.663,17.171,0.000,0.000,0.0000
635.670,-82.567,31.421,0.316,0.049,13.663,17.171,0.000,0.000,0.0000
635.680,-82.568,31.421,0.315,0.043,13.662,17.171,0.000,0.000,0.0000
635.690,-82.568,31.420,0.315,0.038,13.662,17.171,0.000,0.000,0.0000
635.700,-82.568,31.420,0.315,0.032,13.662,17.171,0.000,0.000,0.0000
635.710,-82.568,31.420,0.314,0.026,13.662,17.172,0.040,0.000,0.0000
635.720,-82.568,31.420,0.314,0.023,13.662,17.172,0.080,0.000,0.0000
635.730,-82.568,31.420,0.314,0.037,13.662,17.172,0.120,0.000,0.0000
635.740,-82.567,31.421,0.314,0.065,13.663,17.173,0.160,0.000,0.0000
635.750,-82.566,31.421,0.313,0.101,13.664,17.174,0.200,0.000,0.0000
635.760,-82.565,31.422,0.313,0.139,13.665,17.175,0.240,0.000,0.0000
635.770,-82.563,31.422,0.313,0.178,13.667,17.176,0.280,0.000,0.0000
635.780,-82.561,31.423,0.312,0.216,13.669,17.178,0.320,0.000,0.0000
635.790,-82.558,31.424,0.312,0.255,13.672,17.181,0.360,0.000,0.0000
635.800,-82.555,31.425,0.312,0.293,13.675,17.183,0.400,0.000,0.0000
635.810,-82.552,31.426,0.311,0.330,13.678,17.186,0.440,0.000,0.0000
635.820,-82.548,31.428,0.311,0.368,13.682,17.189,0.480,0.000,0.0000
635.830,-82.544,31.429,0.311,0.405,13.686,17.192,0.520,0.000,0.0000
635.840,-82.540,31.431,0.310,0.442,13.690,17.196,0.560,0.000,0.0000
635.850,-82.535,31.433,0.310,0.480,13.695,17.200,0.600,0.000,0.0000
635.860,-82.530,31.435,0.310,0.517,13.700,17.204,0.640,0.000,0.0000
635.870,-82.524,31.437,0.309,0.555,13.706,17.209,0.680,0.000,0.0000
635.880,-82.519,31.439,0.309,0.593,13.711,17.213,0.720,0.000,0.0000
635.890,-82.512,31.441,0.309,0.630,13.718,17.218,0.760,0.000,0.0000
635.900,-82.506,31.444,0.309,0.668,13.724,17.224,0.800,0.000,0.0000
635.910,-82.498,31.447,0.309,0.706,13.732,17.229,0.840,0.000,0.0000
635.920,-82.491,31.449,0.309,0.744,13.739,17.235,0.880,0.000,0.0000
635.930,-82.483,31.452,0.309,0.782,13.747,17.241,0.920,0.000,0.0000
635.940,-82.475,31.455,0.309,0.820,13.755,17.248,0.960,0.000,0.0000
635.950,-82.466,31.459,0.309,0.858,13.764,17.255,1.000,0.000,0.0000
635.960,-82.457,31.462,0.309,0.896,13.773,17.262,1.000,0.000,0.0000
635.970,-82.448,31.465,0.309,0.934,13.782,17.269,1.000,0.000,0.0000
635.980,-82.438,31.469,0.309,0.972,13.792,17.277,1.000,0.000,0.0000
635.990,-82.428,31.473,0.309,1.010,13.802,17.284,1.000,0.000,0.0000
636.000,-82.418,31.477,0.309,1.047,13.812,17.293,1.000,0.000,0.0000
636.010,-82.407,31.481,0.309,1.084,13.823,17.301,1.000,0.000,0.0000
636.020,-82.396,31.485,0.309,1.120,13.834,17.310,1.000,0.000,0.0000
636.030,-82.384,31.489,0.309,1.154,13.846,17.319,1.000,0.000,0.0000
636.040,-82.372,31.494,0.309,1.190,13.858,17.328,1.000,0.000,0.0000
636.050,-82.360,31.498,0.309,1.226,13.870,17.338,1.000,0.000,0.0000
636.060,-82.347,31.503,0.310,1.262,13.883,17.347,1.000,0.000,0.0000
636.070,-82.335,31.508,0.310,1.299,13.896,17.358,1.000,0.000,0.0000
636.080,-82.321,31.513,0.310,1.336,13.909,17.368,1.000,0.000,0.0000
636.090,-82.307,31.518,0.310,1.373,13.923,17.379,1.000,0.000,0.0000
636.100,-82.293,31.524,0.310,1.411,13.937,17.390,1.000,0.000,0.0000
636.110,-82.279,31.529,0.310,1.448,13.951,17.401,1.000,0.000,0.0000
636.120,-82.264,31.535,0.310,1.485,13.966,17.413,1.000,0.000,0.0000
636.130,-82.249,31.540,0.311,1.522,13.981,17.425,1.000,0.000,0.0000
636.140,-82.233,31.546,0.311,1.559,13.997,17.437,1.000,0.000,0.0000
636.150,-82.217,31.552,0.311,1.596,14.013,17.449,1.000,0.000,0.0000
636.160,-82.201,31.558,0.311,1.633,14.029,17.462,1.000,0.000,0.0000
636.170,-82.184,31.565,0.311,1.670,14.046,17.475,1.000,0.000,0.0000
636.180,-82.167,31.571,0.311,1.707,14.063,17.489,1.000,0.000,0.0000
636.190,-82.150,31.578,0.311,1.744,14.080,17.503,1.000,0.000,0.0000
636.200,-82.132,31.584,0.311,1.782,14.098,17.517,1.000,0.000,0.0000
636.210,-82.114,31.591,0.311,1.819,14.116,17.531,1.000,0.000,0.0000
636.220,-82.095,31.598,0.311,1.856,14.135,17.546,1.000,0.000,0.0000
636.230,-82.076,31.605,0.311,1.893,14.154,17.561,1.000,0.000,0.0000
636.240,-82.057,31.613,0.311,1.930,14.173,17.576,1.000,0.000,0.0000
636.250,-82.037,31.620,0.311,1.967,14.193,17.592,1.000,0.000,0.0000
636.260,-82.017,31.628,0.311,2.007,14.213,17.608,1.000,0.000,0.0000
636.270,-81.997,31.635,0.311,2.047,14.233,17.624,1.000,0.000,0.0000
636.280,-81.976,31.643,0.311,2.086,14.254,17.641,1.000,0.000,0.0000
636.290,-81.955,31.651,0.310,2.124,14.275,17.658,1.000,0.000,0.0000
636.300,-81.933,31.659,0.310,2.162,14.297,17.675,1.000,0.000,0.0000
636.310,-81.911,31.668,0.310,2.200,14.319,17.693,1.000,0.000,0.0000
636.320,-81.889,31.676,0.310,2.238,14.341,17.710,1.000,0.000,0.0000
636.330,-81.866,31.685,0.310,2.275,14.364,17.729,1.000,0.000,0.0000
636.340,-81.843,31.693,0.310,2.312,14.387,17.747,1.000,0.000,0.0000
636.350,-81.819,31.702,0.310,2.350,14.411,17.766,1.000,0.000,0.0000
636.360,-81.795,31.711,0.310,2.387,14.435,17.785,1.000,0.000,0.0000
636.370,-81.771,31.720,0.310,2.424,14.459,17.804,1.000,0.000,0.0000
636.380,-81.746,31.729,0.310,2.462,14.484,17.824,1.000,0.000,0.0000
636.390,-81.721,31.739,0.310,2.499,14.509,17.844,1.000,0.000,0.0000
636.400,-81.696,31.748,0.310,2.535,14.534,17.864,1.000,0.000,0.0000
636.410,-81.670,31.758,0.310,2.569,14.560,17.885,1.000,0.000,0.0000
636.420,-81.644,31.768,0.310,2.605,14.586,17.906,1.000,0.000,0.0000
636.430,-81.618,31.778,0.310,2.640,14.612,17.927,1.000,0.000,0.0000
636.440,-81.591,31.788,0.310,2.677,14.639,17.948,1.000,0.000,0.0000
636.450,-81.564,31.798,0.310,2.713,14.666,17.970,1.000,0.000,0.0000
636.460,-81.537,31.808,0.310,2.750,14.693,17.992,1.000,0.000,0.0000
636.470,-81.509,31.819,0.310,2.787,14.721,18.015,1.000,0.000,0.0000
636.480,-81.480,31.830,0.310,2.826,14.750,18.037,1.000,0.000,0.0000
636.490,-81.452,31.840,0.310,2.865,14.778,18.061,1.000,0.000,0.0000
636.500,-81.423,31.851,0.310,2.902,14.807,18.084,1.000,0.000,0.0000
636.510,-81.393,31.863,0.310,2.938,14.837,18.108,1.000,0.000,0.0000
636.520,-81.364,31.874,0.310,2.972,14.866,18.132,1.000,0.000,0.0000
636.530,-81.334,31.885,0.310,3.007,14.896,18.156,1.000,0.000,0.0000
636.540,-81.303,31.897,0.310,3.042,14.927,18.180,1.000,0.000,0.0000
636.550,-81.272,31.908,0.310,3.079,14.958,18.205,1.000,0.000,0.0000
636.560,-81.241,31.920,0.310,3.116,14.989,18.230,1.000,0.000,0.0000
636.570,-81.210,31.932,0.310,3.154,15.020,18.256,1.000,0.000,0.0000
636.580,-81.178,31.944,0.310,3.191,15.052,18.282,1.000,0.000,0.0000
636.590,-81.145,31.957,0.310,3.230,15.085,18.308,1.000,0.000,0.0000
636.600,-81.113,31.969,0.310,3.268,15.117,18.335,1.000,0.000,0.0000
636.610,-81.080,31.982,0.310,3.306,15.150,18.361,1.000,0.000,0.0000
636.620,-81.046,31.994,0.310,3.344,15.184,18.389,1.000,0.000,0.0000
636.630,-81.012,32.007,0.310,3.382,15.218,18.416,1.000,0.000,0.0000
636.640,-80.978,32.020,0.310,3.419,15.252,18.444,1.000,0.000,0.0000
636.650,-80.944,32.033,0.310,3.457,15.286,18.472,1.000,0.000,0.0000
636.660,-80.909,32.046,0.310,3.497,15.321,18.501,1.000,0.000,0.0000
636.670,-80.873,32.060,0.310,3.536,15.357,18.529,1.000,0.000,0.0000
636.680,-80.838,32.073,0.310,3.574,15.392,18.559,1.000,0.000,0.0000
636.690,-80.802,32.087,0.310,3.612,15.428,18.588,1.000,0.000,0.0000
636.700,-80.765,32.101,0.310,3.650,15.465,18.618,1.000,0.000,0.0000
636.710,-80.728,32.115,0.310,3.687,15.502,18.648,1.000,0.000,0.0000
636.720,-80.691,32.129,0.310,3.724,15.539,18.679,1.000,0.000,0.0000
636.730,-80.653,32.143,0.310,3.758,15.577,18.710,1.000,0.000,0.0000
636.740,-80.615,32.157,0.310,3.793,15.615,18.741,1.000,0.000,0.0000
636.750,-80.577,32.172,0.310,3.829,15.653,18.772,1.000,0.000,0.0000
636.760,-80.538,32.186,0.310,3.866,15.692,18.804,1.000,0.000,0.0000
636.770,-80.499,32.201,0.310,3.902,15.731,18.836,1.000,0.000,0.0000
636.780,-80.460,32.216,0.310,3.939,15.770,18.868,1.000,0.000,0.0000
636.790,-80.420,32.231,0.310,3.977,15.810,18.901,1.000,0.000,0.0000
636.800,-80.380,32.246,0.310,4.010,15.850,18.934,1.000,0.000,0.0000
636.810,-80.340,32.262,0.310,4.046,15.890,18.968,1.000,0.000,0.0000
636.820,-80.299,32.277,0.310,4.083,15.931,19.001,1.000,0.000,0.0000
636.830,-80.258,32.293,0.310,4.120,15.972,19.035,1.000,0.000,0.0000
636.840,-80.216,32.308,0.310,4.158,16.014,19.070,1.000,0.000,0.0000
636.850,-80.174,32.324,0.310,4.197,16.056,19.105,1.000,0.000,0.0000
636.860,-80.132,32.340,0.310,4.236,16.098,19.140,1.000,0.000,0.0000
636.870,-80.089,32.356,0.310,4.275,16.141,19.175,1.000,0.000,0.0000
636.880,-80.046,32.372,0.310,4.314,16.184,19.211,1.000,0.000,0.0000
636.890,-80.002,32.388,0.310,4.352,16.228,19.247,1.000,0.000,0.0000
636.900,-79.958,32.405,0.310,4.391,16.272,19.284,1.000,0.000,0.0000
636.910,-79.914,32.422,0.310,4.429,16.316,19.320,1.000,0.000,0.0000
636.920,-79.870,32.438,0.310,4.467,16.360,19.358,1.000,0.000,0.0000
636.930,-79.824,32.455,0.310,4.506,16.406,19.395,1.000,0.000,0.0000
636.940,-79.779,32.472,0.310,4.544,16.451,19.433,1.000,0.000,0.0000
636.950,-79.733,32.490,0.310,4.583,16.497,19.471,1.000,0.000,0.0000
636.960,-79.687,32.507,0.310,4.621,16.543,19.510,1.000,0.000,0.0000
636.970,-79.640,32.524,0.310,4.659,16.590,19.549,1.000,0.000,0.0000
636.980,-79.593,32.542,0.310,4.696,16.637,19.588,1.000,0.000,0.0000
636.990,-79.546,32.560,0.310,4.732,16.684,19.628,1.000,0.000,0.0000
637.000,-79.498,32.578,0.310,4.766,16.732,19.668,1.000,0.000,0.0000
637.010,-79.450,32.596,0.310,4.802,16.780,19.708,1.000,0.000,0.0000
637.020,-79.402,32.614,0.310,4.838,16.828,19.749,1.000,0.000,0.0000
637.030,-79.353,32.632,0.310,4.874,16.877,19.790,1.000,0.000,0.0000
637.040,-79.304,32.651,0.310,4.911,16.926,19.831,1.000,0.000,0.0000
637.050,-79.255,32.669,0.310,4.944,16.975,19.873,1.000,0.000,0.0000
637.060,-79.205,32.688,0.310,4.977,17.025,19.915,1.000,0.000,0.0000
637.070,-79.155,32.707,0.310,5.012,17.075,19.957,1.000,0.000,0.0000
637.080,-79.104,32.726,0.310,5.048,17.126,20.000,1.000,0.000,0.0000
637.090,-79.054,32.745,0.310,5.086,17.176,20.043,1.000,0.000,0.0000
637.100,-79.002,32.765,0.310,5.125,17.228,20.086,1.000,0.000,0.0000
637.110,-78.951,32.784,0.310,5.164,17.279,20.130,1.000,0.000,0.0000
637.120,-78.899,32.804,0.310,5.203,17.331,20.174,1.000,0.000,0.0000
637.130,-78.846,32.824,0.310,5.242,17.384,20.218,1.000,0.000,0.0000
637.140,-78.793,32.844,0.310,5.281,17.437,20.263,1.000,0.000,0.0000
637.150,-78.740,32.864,0.310,5.320,17.490,20.308,1.000,0.000,0.0000
637.160,-78.687,32.884,0.310,5.358,17.543,20.354,1.000,0.000,0.0000
637.170,-78.633,32.905,0.310,5.396,17.597,20.400,1.000,0.000,0.0000
637.180,-78.578,32.925,0.310,5.434,17.652,20.446,1.000,0.000,0.0000
637.190,-78.524,32.946,0.310,5.469,17.706,20.493,1.000,0.000,0.0000
637.200,-78.469,32.967,0.310,5.504,17.761,20.540,1.000,0.000,0.0000
637.210,-78.413,32.988,0.310,5.540,17.817,20.587,1.000,0.000,0.0000
637.220,-78.357,33.009,0.310,5.576,17.873,20.635,1.000,0.000,0.0000
637.230,-78.301,33.030,0.310,5.613,17.929,20.683,1.000,0.000,0.0000
637.240,-78.245,33.052,0.310,5.650,17.985,20.731,1.000,0.000,0.0000
637.250,-78.188,33.073,0.310,5.687,18.042,20.780,1.000,0.000,0.0000
637.260,-78.131,33.095,0.310,5.719,18.099,20.829,1.000,0.000,0.0000
637.270,-78.073,33.117,0.310,5.754,18.157,20.878,1.000,0.000,0.0000
637.280,-78.015,33.139,0.310,5.792,18.215,20.928,1.000,0.000,0.0000
637.290,-77.957,33.161,0.310,5.831,18.273,20.978,1.000,0.000,0.0000
637.300,-77.898,33.183,0.310,5.870,18.332,21.029,1.000,0.000,0.0000
637.310,-77.839,33.205,0.310,5.911,18.391,21.079,1.000,0.000,0.0000
637.320,-77.780,33.228,0.310,5.951,18.450,21.131,1.000,0.000,0.0000
637.330,-77.720,33.250,0.310,5.991,18.510,21.182,1.000,0.000,0.0000
637.340,-77.659,33.273,0.310,6.031,18.571,21.234,1.000,0.000,0.0000
637.350,-77.599,33.296,0.310,6.070,18.631,21.287,1.000,0.000,0.0000
637.360,-77.538,33.319,0.310,6.110,18.692,21.340,1.000,0.000,0.0000
637.370,-77.476,33.342,0.310,6.148,18.754,21.393,1.000,0.000,0.0000
637.380,-77.414,33.365,0.310,6.185,18.816,21.447,1.000,0.000,0.0000
637.390,-77.352,33.388,0.310,6.220,18.878,21.501,1.000,0.000,0.0000
637.400,-77.290,33.412,0.310,6.255,18.940,21.555,1.000,0.000,0.0000
637.410,-77.227,33.435,0.310,6.291,19.003,21.609,1.000,0.000,0.0000
637.420,-77.163,33.459,0.310,6.328,19.067,21.664,1.000,0.000,0.0000
637.430,-77.100,33.483,0.310,6.364,19.130,21.720,1.000,0.000,0.0000
637.440,-77.036,33.507,0.310,6.397,19.194,21.775,1.000,0.000,0.0000
637.450,-76.971,33.531,0.310,6.430,19.259,21.831,1.000,0.000,0.0000
637.460,-76.907,33.555,0.310,6.465,19.323,21.888,1.000,0.000,0.0000
637.470,-76.842,33.580,0.310,6.502,19.388,21.945,1.000,0.000,0.0000
637.480,-76.776,33.604,0.310,6.540,19.454,22.002,1.000,0.000,0.0000
637.490,-76.711,33.629,0.310,6.580,19.519,22.059,1.000,0.000,0.0000
637.500,-76.644,33.654,0.310,6.620,19.586,22.117,1.000,0.000,0.0000
637.510,-76.578,33.679,0.310,6.659,19.652,22.175,0.940,0.000,0.0000
637.520,-76.511,33.705,0.310,6.698,19.719,22.234,0.880,0.000,0.0000
637.530,-76.443,33.730,0.310,6.736,19.787,22.293,0.820,0.000,0.0000
637.540,-76.376,33.756,0.310,6.772,19.854,22.353,0.760,0.000,0.0000
637.550,-76.308,33.782,0.310,6.806,19.922,22.412,0.700,0.000,0.0000
637.560,-76.239,33.808,0.310,6.841,19.991,22.473,0.640,0.000,0.0000
637.570,-76.171,33.834,0.310,6.855,20.059,22.533,0.580,0.000,0.0000
637.580,-76.102,33.860,0.310,6.850,20.128,22.593,0.520,0.000,0.0000
637.590,-76.034,33.886,0.311,6.830,20.196,22.653,0.460,0.000,0.0000
637.600,-75.966,33.911,0.311,6.801,20.264,22.713,0.400,0.000,0.0000
637.610,-75.898,33.937,0.312,6.764,20.332,22.772,0.340,0.000,0.0000
637.620,-75.831,33.962,0.313,6.726,20.399,22.831,0.280,0.000,0.0000
637.630,-75.764,33.988,0.313,6.689,20.466,22.890,0.220,0.000,0.0000
637.640,-75.698,34.013,0.314,6.654,20.532,22.948,0.160,0.000,0.0000
637.650,-75.631,34.038,0.315,6.619,20.599,23.006,0.100,0.000,0.0000
637.660,-75.566,34.063,0.316,6.586,20.664,23.064,0.040,0.000,0.0000
637.670,-75.500,34.087,0.318,6.545,20.730,23.122,0.000,0.000,0.0000
637.680,-75.435,34.112,0.319,6.504,20.795,23.179,0.000,0.000,0.0000
637.690,-75.371,34.136,0.320,6.464,20.860,23.236,0.000,0.000,0.0000
637.700,-75.306,34.160,0.321,6.426,20.924,23.292,0.000,0.000,0.0000
637.710,-75.242,34.184,0.322,6.387,20.988,23.349,0.000,0.000,0.0000
637.720,-75.179,34.208,0.323,6.349,21.051,23.405,0.000,0.000,0.0000
637.730,-75.116,34.232,0.324,6.311,21.114,23.460,0.000,0.000,0.0000
637.740,-75.053,34.255,0.325,6.272,21.177,23.516,0.000,0.000,0.0000
637.750,-74.991,34.279,0.326,6.235,21.239,23.571,0.000,0.000,0.0000
637.760,-74.929,34.302,0.326,6.197,21.301,23.626,0.000,0.000,0.0000
637.770,-74.867,34.325,0.327,6.155,21.363,23.680,0.000,0.000,0.0000
637.780,-74.806,34.348,0.328,6.113,21.424,23.735,0.000,0.000,0.0000
637.790,-74.745,34.371,0.328,6.071,21.485,23.789,0.000,0.000,0.0000
637.800,-74.685,34.393,0.328,6.029,21.545,23.842,0.000,0.000,0.0000
637.810,-74.625,34.416,0.329,5.986,21.605,23.896,0.000,0.000,0.0000
637.820,-74.566,34.438,0.329,5.945,21.664,23.949,0.000,0.000,0.0000
637.830,-74.507,34.461,0.329,5.906,21.723,24.002,0.000,0.000,0.0000
637.840,-74.448,34.483,0.329,5.868,21.782,24.054,0.000,0.000,0.0000
637.850,-74.390,34.505,0.329,5.830,21.840,24.107,0.000,0.000,0.0000
637.860,-74.332,34.527,0.329,5.792,21.898,24.159,0.000,0.000,0.0000
637.870,-74.274,34.548,0.329,5.754,21.956,24.210,0.000,0.000,0.0000
637.880,-74.217,34.570,0.328,5.717,22.013,24.262,0.000,0.000,0.0000
637.890,-74.160,34.592,0.328,5.679,22.070,24.313,0.000,0.000,0.0000
637.900,-74.104,34.613,0.328,5.641,22.126,24.364,0.000,0.000,0.0000
637.910,-74.048,34.634,0.327,5.603,22.182,24.414,0.000,0.000,0.0000
637.920,-73.992,34.655,0.327,5.565,22.238,24.464,0.000,0.000,0.0000
637.930,-73.937,34.676,0.327,5.528,22.293,24.514,0.000,0.000,0.0000
637.940,-73.882,34.697,0.326,5.493,22.348,24.564,0.000,0.000,0.0000
637.950,-73.827,34.718,0.326,5.458,22.403,24.613,0.000,0.000,0.0000
637.960,-73.773,34.739,0.325,5.421,22.457,24.662,0.000,0.000,0.0000
637.970,-73.719,34.759,0.325,5.384,22.511,24.711,0.000,0.000,0.0000
637.980,-73.666,34.779,0.324,5.349,22.564,24.760,0.000,0.000,0.0000
637.990,-73.613,34.799,0.324,5.314,22.617,24.808,0.000,0.000,0.0080
638.000,-73.560,34.819,0.324,5.278,22.670,24.855,0.000,0.000,0.0160
638.010,-73.508,34.839,0.323,5.240,22.722,24.903,0.000,0.000,0.0240
638.020,-73.456,34.858,0.323,5.201,22.774,24.950,0.000,0.000,0.0320
638.030,-73.404,34.877,0.323,5.160,22.826,24.997,0.000,0.000,0.0400
638.040,-73.353,34.897,0.323,5.120,22.877,25.043,0.000,0.000,0.0480
638.050,-73.302,34.915,0.322,5.081,22.928,25.089,0.000,0.000,0.0560
638.060,-73.252,34.934,0.322,5.044,22.978,25.135,0.000,0.000,0.0640
638.070,-73.202,34.953,0.322,5.008,23.029,25.180,0.000,0.000,0.0720
638.080,-73.152,34.971,0.322,4.972,23.078,25.225,0.000,0.000,0.0800
638.090,-73.102,34.990,0.322,4.936,23.128,25.270,0.000,0.000,0.0880
638.100,-73.053,35.008,0.322,4.901,23.177,25.314,0.000,0.000,0.0960
638.110,-73.005,35.026,0.322,4.865,23.225,25.358,0.000,0.000,0.1040
638.120,-72.956,35.044,0.322,4.829,23.274,25.402,0.000,0.000,0.1120
638.130,-72.909,35.061,0.322,4.789,23.321,25.446,0.000,0.000,0.1200
638.140,-72.861,35.079,0.322,4.746,23.369,25.489,0.000,0.000,0.1280
638.150,-72.814,35.096,0.323,4.701,23.416,25.531,0.000,0.000,0.0980
638.160,-72.767,35.113,0.323,4.667,23.463,25.574,0.000,0.000,0.0680
638.170,-72.721,35.130,0.323,4.645,23.509,25.616,0.000,0.000,0.0380
638.180,-72.675,35.147,0.323,4.624,23.555,25.658,0.000,0.000,0.0080
638.190,-72.629,35.163,0.323,4.587,23.601,25.700,0.000,0.000,0.0000
638.200,-72.583,35.180,0.323,4.547,23.647,25.741,0.000,0.000,0.0000
638.210,-72.538,35.196,0.323,4.507,23.692,25.782,0.000,0.000,0.0000
638.220,-72.494,35.212,0.323,4.469,23.736,25.822,0.000,0.000,0.0000
638.230,-72.449,35.228,0.323,4.433,23.781,25.863,0.000,0.000,0.0000
638.240,-72.405,35.244,0.324,4.398,23.825,25.903,0.000,0.000,0.0000
638.250,-72.362,35.260,0.324,4.363,23.868,25.942,0.000,0.000,0.0000
638.260,-72.318,35.275,0.324,4.329,23.912,25.982,0.000,0.000,0.0000
638.270,-72.275,35.291,0.324,4.294,23.955,26.021,0.000,0.000,0.0000
638.280,-72.233,35.306,0.324,4.259,23.997,26.060,0.000,0.000,0.0000
638.290,-72.191,35.322,0.324,4.224,24.039,26.098,0.000,0.000,0.0000
638.300,-72.149,35.337,0.324,4.188,24.081,26.136,0.000,0.000,0.0000
638.310,-72.107,35.352,0.324,4.151,24.123,26.174,0.000,0.000,0.0000
638.320,-72.066,35.366,0.324,4.114,24.164,26.212,0.000,0.000,0.0000
638.330,-72.025,35.381,0.324,4.078,24.205,26.249,0.000,0.000,0.0000
638.340,-71.985,35.396,0.324,4.041,24.245,26.286,0.000,0.000,0.0000
638.350,-71.945,35.410,0.324,4.003,24.285,26.323,0.000,0.000,0.0000
638.360,-71.905,35.424,0.324,3.966,24.325,26.359,0.000,0.000,0.0000
638.370,-71.866,35.438,0.324,3.929,24.364,26.395,0.000,0.000,0.0000
638.380,-71.827,35.452,0.324,3.891,24.403,26.430,0.000,0.000,0.0000
638.390,-71.789,35.466,0.324,3.854,24.441,26.466,0.000,0.000,0.0000
638.400,-71.750,35.480,0.324,3.816,24.480,26.500,0.000,0.000,0.0000
638.410,-71.713,35.493,0.324,3.778,24.517,26.535,0.000,0.000,0.0000
638.420,-71.675,35.507,0.324,3.741,24.555,26.569,0.000,0.000,0.0000
638.430,-71.638,35.520,0.324,3.703,24.592,26.603,0.000,0.000,0.0000
638.440,-71.601,35.533,0.324,3.665,24.629,26.637,0.000,0.000,0.0000
638.450,-71.565,35.546,0.324,3.623,24.665,26.670,0.000,0.000,0.0000
638.460,-71.529,35.559,0.324,3.583,24.701,26.703,0.000,0.000,0.0000
638.470,-71.494,35.571,0.324,3.544,24.736,26.735,0.000,0.000,0.0000
638.480,-71.459,35.584,0.324,3.506,24.771,26.767,0.000,0.000,0.0000
638.490,-71.424,35.596,0.324,3.471,24.806,26.799,0.000,0.000,0.0000
638.500,-71.390,35.608,0.324,3.437,24.840,26.831,0.040,0.000,0.0000
638.510,-71.356,35.620,0.324,3.403,24.874,26.862,0.080,0.000,0.0000
638.520,-71.322,35.632,0.324,3.367,24.908,26.893,0.120,0.000,0.0000
638.530,-71.289,35.644,0.324,3.331,24.941,26.923,0.160,0.000,0.0000
638.540,-71.256,35.655,0.324,3.295,24.974,26.954,0.200,0.000,0.0000
638.550,-71.223,35.667,0.324,3.258,25.007,26.984,0.140,0.000,0.0000
638.560,-71.191,35.678,0.324,3.221,25.039,27.013,0.080,0.000,0.0000
638.570,-71.159,35.689,0.324,3.184,25.071,27.043,0.020,0.000,0.0000
638.580,-71.128,35.700,0.324,3.147,25.102,27.071,0.000,0.000,0.0000
638.590,-71.097,35.711,0.324,3.109,25.133,27.100,0.000,0.000,0.0000
638.600,-71.066,35.722,0.324,3.072,25.164,27.128,0.000,0.000,0.0000
638.610,-71.036,35.733,0.324,3.034,25.194,27.156,0.000,0.000,0.0000
638.620,-71.006,35.743,0.324,2.997,25.224,27.184,0.000,0.000,0.0000
638.630,-70.976,35.754,0.324,2.959,25.254,27.211,0.000,0.000,0.0000
638.640,-70.947,35.764,0.324,2.922,25.283,27.238,0.000,0.000,0.0000
638.650,-70.918,35.774,0.324,2.884,25.312,27.264,0.000,0.000,0.0000
638.660,-70.890,35.784,0.324,2.846,25.340,27.291,0.000,0.000,0.0000
638.670,-70.861,35.794,0.324,2.809,25.369,27.316,0.000,0.000,0.0000
638.680,-70.834,35.804,0.324,2.771,25.396,27.342,0.000,0.000,0.0000
638.690,-70.806,35.814,0.324,2.733,25.424,27.367,0.000,0.000,0.0000
638.700,-70.779,35.823,0.324,2.696,25.451,27.392,0.000,0.000,0.0000
638.710,-70.753,35.833,0.324,2.658,25.477,27.416,0.000,0.000,0.0000
638.720,-70.727,35.842,0.324,2.620,25.503,27.440,0.000,0.000,0.0000
638.730,-70.701,35.851,0.324,2.583,25.529,27.464,0.000,0.000,0.0000
638.740,-70.675,35.860,0.324,2.545,25.555,27.488,0.000,0.080,0.0000
638.750,-70.650,35.869,0.324,2.505,25.580,27.511,0.000,0.160,0.0000
638.760,-70.626,35.878,0.324,2.464,25.604,27.533,0.000,0.240,0.0000
638.770,-70.602,35.886,0.324,2.422,25.628,27.556,0.000,0.320,0.0000
638.780,-70.578,35.895,0.324,2.380,25.652,27.578,0.000,0.400,0.0000
638.790,-70.554,35.903,0.324,2.338,25.676,27.599,0.000,0.480,0.0000
638.800,-70.531,35.911,0.324,2.297,25.699,27.620,0.000,0.560,0.0000
638.810,-70.509,35.919,0.324,2.255,25.721,27.641,0.000,0.640,0.0000
638.820,-70.487,35.927,0.324,2.214,25.743,27.662,0.000,0.720,0.0000
638.830,-70.465,35.935,0.324,2.171,25.765,27.682,0.000,0.800,0.0000
638.840,-70.444,35.943,0.324,2.129,25.786,27.701,0.000,0.880,0.0000
638.850,-70.423,35.950,0.324,2.087,25.807,27.720,0.000,0.960,0.0000
638.860,-70.402,35.957,0.324,2.046,25.828,27.739,0.000,1.000,0.0000
638.870,-70.382,35.964,0.324,2.006,25.848,27.758,0.000,1.000,0.0000
638.880,-70.363,35.971,0.325,1.969,25.867,27.776,0.000,1.000,0.0000
638.890,-70.343,35.978,0.325,1.932,25.887,27.794,0.000,1.000,0.0000
638.900,-70.324,35.985,0.325,1.895,25.906,27.811,0.000,1.000,0.0000
638.910,-70.306,35.992,0.325,1.859,25.924,27.828,0.000,1.000,0.0000
638.920,-70.288,35.998,0.325,1.822,25.942,27.845,0.000,1.000,0.0000
638.930,-70.270,36.005,0.325,1.784,25.960,27.862,0.000,1.000,0.0000
638.940,-70.252,36.011,0.325,1.747,25.978,27.878,0.000,1.000,0.0000
638.950,-70.235,36.017,0.325,1.709,25.995,27.894,0.000,1.000,0.0000
638.960,-70.218,36.023,0.324,1.671,26.012,27.909,0.000,1.000,0.0000
638.970,-70.202,36.029,0.324,1.634,26.028,27.924,0.000,1.000,0.0000
638.980,-70.186,36.035,0.324,1.596,26.044,27.939,0.000,1.000,0.0000
638.990,-70.171,36.040,0.324,1.559,26.059,27.953,0.000,1.000,0.0000
639.000,-70.155,36.046,0.324,1.522,26.075,27.967,0.000,1.000,0.0000
639.010,-70.140,36.051,0.324,1.485,26.090,27.981,0.000,0.900,0.0000
639.020,-70.126,36.056,0.324,1.450,26.104,27.995,0.000,0.800,0.0000
639.030,-70.112,36.061,0.324,1.418,26.118,28.008,0.000,0.700,0.0000
639.040,-70.098,36.066,0.324,1.386,26.132,28.021,0.000,0.600,0.0000
639.050,-70.084,36.071,0.324,1.354,26.146,28.033,0.000,0.500,0.0000
639.060,-70.071,36.076,0.324,1.322,26.159,28.045,0.000,0.400,0.0000
639.070,-70.058,36.080,0.324,1.290,26.172,28.057,0.000,0.300,0.0000
639.080,-70.046,36.085,0.323,1.257,26.184,28.069,0.000,0.200,0.0000
639.090,-70.033,36.089,0.323,1.224,26.197,28.080,0.000,0.100,0.0000
639.100,-70.022,36.093,0.323,1.192,26.208,28.091,0.000,0.000,0.0000
639.110,-70.010,36.098,0.323,1.159,26.220,28.102,0.000,0.000,0.0000
639.120,-69.999,36.102,0.323,1.123,26.231,28.113,0.000,0.000,0.0000
639.130,-69.988,36.105,0.323,1.085,26.242,28.123,0.000,0.000,0.0000
639.140,-69.977,36.109,0.323,1.047,26.253,28.132,0.000,0.000,0.0000
639.150,-69.967,36.113,0.323,1.009,26.263,28.142,0.000,0.000,0.0000
639.160,-69.958,36.116,0.323,0.971,26.272,28.151,0.000,0.000,0.0000
639.170,-69.948,36.120,0.323,0.933,26.282,28.159,0.000,0.000,0.0000
639.180,-69.939,36.123,0.323,0.895,26.291,28.168,0.000,0.000,0.0000
639.190,-69.931,36.126,0.323,0.858,26.299,28.176,0.000,0.000,0.0000
639.200,-69.923,36.129,0.323,0.821,26.307,28.183,0.000,0.000,0.0000
639.210,-69.915,36.131,0.323,0.784,26.315,28.190,0.000,0.000,0.0000
639.220,-69.907,36.134,0.323,0.746,26.323,28.197,0.000,0.000,0.0000
639.230,-69.900,36.137,0.323,0.709,26.330,28.204,0.000,0.000,0.0000
639.240,-69.893,36.139,0.323,0.672,26.337,28.210,0.000,0.000,0.0000
639.250,-69.887,36.141,0.323,0.634,26.343,28.216,0.000,0.000,0.0000
639.260,-69.881,36.143,0.323,0.597,26.349,28.221,0.000,0.000,0.0000
639.270,-69.876,36.145,0.323,0.559,26.354,28.226,0.000,0.000,0.0000
639.280,-69.870,36.147,0.324,0.522,26.360,28.231,0.000,0.000,0.0000
639.290,-69.865,36.149,0.324,0.484,26.365,28.236,0.000,0.000,0.0000
639.300,-69.861,36.151,0.324,0.447,26.369,28.240,0.000,0.000,0.0000
639.310,-69.857,36.152,0.324,0.409,26.373,28.244,0.000,0.000,0.0000
639.320,-69.853,36.153,0.324,0.372,26.377,28.247,0.000,0.000,0.0000
639.330,-69.850,36.155,0.324,0.334,26.380,28.250,0.000,0.000,0.0000
639.340,-69.847,36.156,0.324,0.296,26.383,28.253,0.000,0.000,0.0000
639.350,-69.844,36.157,0.324,0.259,26.386,28.255,0.000,0.000,0.0000
639.360,-69.842,36.158,0.324,0.221,26.388,28.257,0.000,0.000,0.0000
639.370,-69.840,36.158,0.324,0.183,26.390,28.259,0.000,0.000,0.0000
639.380,-69.839,36.159,0.324,0.146,26.391,28.260,0.000,0.000,0.0000
639.390,-69.838,36.159,0.324,0.108,26.392,28.261,0.000,0.000,0.0000
639.400,-69.837,36.159,0.324,0.071,26.393,28.262,0.000,0.000,0.0000
639.410,-69.837,36.160,0.324,0.033,26.393,28.262,0.000,0.000,0.0000
639.420,-69.837,36.160,0.324,0.008,26.393,28.262,0.000,0.000,0.0000
639.430,-69.837,36.160,0.324,0.011,26.393,28.262,0.000,0.000,0.0000
639.440,-69.837,36.160,0.324,0.022,26.393,28.262,0.000,0.000,0.0000
639.450,-69.837,36.159,0.324,0.031,26.393,28.262,0.000,0.000,0.0000
639.460,-69.837,36.159,0.323,0.038,26.393,28.262,0.000,0.000,0.0000
639.470,-69.837,36.159,0.323,0.044,26.393,28.262,0.000,0.000,0.0000
639.480,-69.837,36.159,0.322,0.050,26.393,28.262,0.000,0.000,0.0000
639.490,-69.838,36.159,0.322,0.054,26.393,28.262,0.000,0.000,0.0000
639.500,-69.838,36.159,0.321,0.058,26.392,28.262,0.000,0.000,0.0000
639.510,-69.838,36.159,0.321,0.060,26.392,28.262,0.000,0.000,0.0000
639.520,-69.838,36.159,0.320,0.061,26.392,28.263,0.000,0.000,0.0000
639.530,-69.838,36.159,0.319,0.062,26.392,28.263,0.000,0.000,0.0000
639.540,-69.838,36.159,0.319,0.061,26.392,28.263,0.000,0.000,0.0000
639.550,-69.838,36.159,0.318,0.060,26.392,28.263,0.000,0.000,0.0000
639.560,-69.838,36.159,0.318,0.057,26.392,28.263,0.000,0.000,0.0000
639.570,-69.838,36.159,0.317,0.054,26.392,28.263,0.000,0.000,0.0000
639.580,-69.839,36.159,0.317,0.051,26.391,28.263,0.000,0.000,0.0000
639.590,-69.839,36.159,0.316,0.047,26.391,28.263,0.000,0.000,0.0000
639.600,-69.839,36.159,0.316,0.043,26.391,28.263,0.000,0.000,0.0000
639.610,-69.839,36.159,0.315,0.038,26.391,28.263,0.000,0.000,0.0000
639.620,-69.839,36.159,0.315,0.033,26.391,28.263,0.000,0.000,0.0000
639.630,-69.839,36.159,0.315,0.028,26.391,28.264,0.000,0.000,0.0000
639.640,-69.839,36.159,0.315,0.023,26.391,28.264,0.000,0.000,0.0000
639.650,-69.839,36.159,0.314,0.018,26.391,28.264,0.000,0.000,0.0000
639.660,-69.839,36.159,0.314,0.013,26.391,28.264,0.000,0.000,0.0000
639.670,-69.839,36.159,0.314,0.008,26.391,28.264,0.000,0.000,0.0000
639.680,-69.839,36.159,0.314,0.004,26.391,28.264,0.000,0.000,0.0000
639.690,-69.839,36.159,0.314,0.001,26.391,28.264,0.000,0.000,0.0000
639.700,-69.839,36.159,0.314,0.005,26.391,28.264,0.000,0.000,0.0000
639.710,-69.839,36.159,0.314,0.008,26.391,28.264,0.000,0.000,0.0000
639.720,-69.839,36.159,0.314,0.011,26.391,28.264,0.000,0.000,0.0000
639.730,-69.839,36.159,0.315,0.014,26.391,28.264,0.000,0.000,0.0000
639.740,-69.839,36.159,0.315,0.017,26.391,28.264,0.000,0.000,0.0000
639.750,-69.839,36.159,0.315,0.019,26.391,28.264,0.000,0.000,0.0000
639.760,-69.839,36.159,0.315,0.020,26.391,28.264,0.000,0.000,0.0000
639.770,-69.839,36.159,0.315,0.021,26.391,28.263,0.000,0.000,0.0000
639.780,-69.839,36.159,0.316,0.022,26.391,28.263,0.000,0.000,0.0000
639.790,-69.839,36.159,0.316,0.023,26.391,28.263,0.000,0.000,0.0000
639.800,-69.839,36.159,0.316,0.023,26.391,28.263,0.000,0.000,0.0000
639.810,-69.839,36.159,0.316,0.022,26.391,28.263,0.000,0.000,0.0000
639.820,-69.839,36.159,0.316,0.022,26.391,28.263,0.000,0.000,0.0000
639.830,-69.839,36.159,0.317,0.021,26.391,28.263,0.000,0.000,0.0000
639.840,-69.839,36.159,0.317,0.020,26.391,28.263,0.000,0.000,0.0000
639.850,-69.839,36.159,0.317,0.018,26.391,28.263,0.000,0.000,0.0000
639.860,-69.839,36.159,0.317,0.017,26.391,28.263,0.000,0.000,0.0000
639.870,-69.839,36.159,0.317,0.015,26.392,28.263,0.000,0.000,0.0000
639.880,-69.838,36.159,0.317,0.013,26.392,28.263,0.000,0.000,0.0000
639.890,-69.838,36.159,0.318,0.012,26.392,28.263,0.000,0.000,0.0000
639.900,-69.838,36.159,0.318,0.010,26.392,28.263,0.000,0.000,0.0000
639.910,-69.838,36.159,0.318,0.008,26.392,28.263,0.000,0.000,0.0000
639.920,-69.838,36.159,0.318,0.006,26.392,28.263,0.000,0.000,0.0000
639.930,-69.838,36.159,0.318,0.004,26.392,28.263,0.000,0.000,0.0000
639.940,-69.838,36.159,0.318,0.003,26.392,28.263,0.000,0.000,0.0000
639.950,-69.838,36.159,0.318,0.001,26.392,28.263,0.000,0.000,0.0000
639.960,-69.838,36.159,0.318,0.001,26.392,28.263,0.000,0.000,0.0000
639.970,-69.838,36.159,0.318,0.002,26.392,28.263,0.000,0.000,0.0000
639.980,-69.838,36.159,0.318,0.003,26.392,28.263,0.000,0.000,0.0000
639.990,-69.838,36.159,0.318,0.005,26.392,28.263,0.000,0.000,0.0000
640.000,-69.838,36.159,0.318,0.006,26.392,28.263,0.000,0.000,0.0000
640.010,-69.838,36.159,0.318,0.006,26.392,28.263,0.000,0.000,0.0000
640.020,-69.838,36.159,0.318,0.007,26.392,28.263,0.000,0.000,0.0000
640.030,-69.839,36.159,0.318,0.008,26.392,28.263,0.000,0.000,0.0000
640.040,-69.839,36.159,0.317,0.008,26.391,28.263,0.000,0.000,0.0000
640.050,-69.839,36.159,0.317,0.008,26.391,28.263,0.000,0.000,0.0000
640.060,-69.839,36.159,0.317,0.008,26.391,28.263,0.000,0.000,0.0000
640.070,-69.839,36.159,0.317,0.008,26.391,28.263,0.000,0.000,0.0000
640.080,-69.839,36.159,0.317,0.008,26.391,28.263,0.000,0.000,0.0000
640.090,-69.839,36.159,0.317,0.008,26.391,28.263,0.000,0.000,0.0000
640.100,-69.839,36.159,0.317,0.008,26.391,28.263,0.000,0.000,0.0000
640.110,-69.839,36.159,0.317,0.007,26.391,28.263,0.000,0.000,0.0000
640.120,-69.839,36.159,0.317,0.007,26.391,28.263,0.000,0.000,0.0000
640.130,-69.839,36.159,0.317,0.006,26.391,28.263,0.000,0.000,0.0000
640.140,-69.839,36.159,0.317,0.005,26.391,28.263,0.000,0.000,0.0000
640.150,-69.839,36.159,0.317,0.005,26.391,28.263,0.000,0.000,0.0000
640.160,-69.839,36.159,0.317,0.004,26.391,28.263,0.000,0.000,0.0000
640.170,-69.839,36.159,0.317,0.003,26.391,28.263,0.000,0.000,0.0000
640.180,-69.839,36.159,0.317,0.003,26.391,28.263,0.000,0.000,0.0000
640.190,-69.839,36.159,0.317,0.002,26.391,28.263,0.000,0.000,0.0000
640.200,-69.839,36.159,0.317,0.001,26.391,28.263,0.000,0.000,0.0000
640.210,-69.839,36.159,0.317,0.001,26.391,28.263,0.000,0.000,0.0000
640.220,-69.839,36.159,0.317,0.000,26.391,28.263,0.000,0.000,0.0000
640.230,-69.839,36.159,0.317,0.001,26.391,28.263,0.000,0.000,0.0000
640.240,-69.839,36.159,0.317,0.001,26.391,28.263,0.000,0.000,0.0000
640.250,-69.839,36.159,0.317,0.001,26.391,28.263,0.000,0.000,0.0000
640.260,-69.839,36.159,0.317,0.002,26.391,28.263,0.000,0.000,0.0000
640.270,-69.839,36.159,0.317,0.002,26.391,28.263,0.000,0.000,0.0000
640.280,-69.839,36.159,0.317,0.002,26.391,28.263,0.000,0.000,0.0000
640.290,-69.839,36.159,0.317,0.003,26.391,28.263,0.000,0.000,0.0000
640.300,-69.839,36.159,0.317,0.003,26.391,28.263,0.000,0.000,0.0000
640.310,-69.839,36.159,0.317,0.003,26.391,28.263,0.000,0.000,0.0000
640.320,-69.839,36.159,0.317,0.003,26.391,28.263,0.000,0.000,0.0000
640.330,-69.839,36.159,0.317,0.003,26.391,28.263,0.000,0.000,0.0000
640.340,-69.839,36.159,0.317,0.003,26.391,28.263,0.000,0.000,0.0000
640.350,-69.839,36.159,0.317,0.003,26.391,28.263,0.000,0.000,0.0000
640.360,-69.839,36.159,0.317,0.003,26.391,28.263,0.000,0.000,0.0000
640.370,-69.839,36.159,0.317,0.003,26.391,28.263,0.000,0.000,0.0000
640.380,-69.839,36.159,0.317,0.002,26.391,28.263,0.000,0.000,0.0000
640.390,-69.839,36.159,0.317,0.002,26.391,28.263,0.000,0.000,0.0000
640.400,-69.839,36.159,0.317,0.002,26.391,28.263,0.000,0.000,0.0000
640.410,-69.839,36.159,0.317,0.002,26.391,28.263,0.000,0.000,0.0000
640.420,-69.839,36.159,0.317,0.002,26.391,28.263,0.000,0.000,0.0000
640.430,-69.839,36.159,0.317,0.001,26.391,28.263,0.000,0.000,0.0000
640.440,-69.839,36.159,0.317,0.001,26.391,28.263,0.000,0.000,0.0000
640.450,-69.839,36.159,0.317,0.001,26.391,28.263,0.000,0.000,0.0000
640.460,-69.839,36.159,0.317,0.001,26.391,28.263,0.000,0.000,0.0000
640.470,-69.839,36.159,0.317,0.000,26.391,28.263,0.000,0.000,0.0000
640.480,-69.839,36.159,0.317,0.000,26.391,28.263,0.000,0.000,0.0000
640.490,-69.839,36.159,0.317,0.000,26.391,28.263,0.000,0.000,0.0000
640.500,-69.839,36.159,0.317,0.000,26.391,28.263,0.000,0.000,0.0000
640.510,-69.839,36.159,0.317,0.000,26.391,28.263,0.000,0.000,0.0000
640.520,-69.839,36.159,0.317,0.001,26.391,28.263,0.000,0.000,0.0000
640.530,-69.839,36.159,0.317,0.001,26.391,28.263,0.000,0.000,0.0000
640.540,-69.839,36.159,0.317,0.001,26.391,28.263,0.000,0.000,0.0000
640.550,-69.839,36.159,0.317,0.001,26.391,28.263,0.000,0.000,0.0000
640.560,-69.839,36.159,0.317,0.001,26.391,28.263,0.000,0.000,0.0000
640.570,-69.839,36.159,0.317,0.001,26.391,28.263,0.000,0.000,0.0000
640.580,-69.839,36.159,0.317,0.001,26.391,28.263,0.000,0.000,0.0000
640.590,-69.839,36.159,0.317,0.001,26.391,28.263,0.000,0.000,0.0000
640.600,-69.839,36.159,0.317,0.001,26.391,28.263,0.000,0.000,0.0000
640.610,-69.839,36.159,0.317,0.001,26.391,28.263,0.000,0.000,0.0000
640.620,-69.839,36.159,0.317,0.001,26.391,28.263,0.000,0.000,0.0000
640.630,-69.839,36.159,0.317,0.001,26.391,28.263,0.000,0.000,0.0000
640.640,-69.839,36.159,0.317,0.001,26.391,28.263,0.000,0.000,0.0000
640.650,-69.839,36.159,0.317,0.001,26.391,28.263,0.000,0.000,0.0000
640.660,-69.839,36.159,0.317,0.001,26.391,28.263,0.000,0.000,0.0000
640.670,-69.839,36.159,0.317,0.001,26.391,28.263,0.000,0.000,0.0000
640.680,-69.839,36.159,0.317,0.001,26.391,28.263,0.000,0.000,0.0000
640.690,-69.839,36.159,0.317,0.001,26.391,28.263,0.000,0.000,0.0000
640.700,-69.839,36.159,0.317,0.000,26.391,28.263,0.000,0.000,0.0000
640.710,-69.839,36.159,0.317,0.000,26.391,28.263,0.000,0.000,0.0000
640.720,-69.839,36.159,0.317,0.000,26.391,28.263,0.000,0.000,0.0000
640.730,-69.839,36.159,0.317,0.000,26.391,28.263,0.000,0.000,0.0000
640.740,-69.839,36.159,0.317,0.000,26.391,28.263,0.000,0.000,0.0000
640.750,-69.839,36.159,0.317,0.000,26.391,28.263,0.000,0.000,0.0000
640.760,-69.839,36.159,0.317,0.000,26.391,28.263,0.000,0.000,0.0000
640.770,-69.839,36.159,0.317,0.000,26.391,28.263,0.000,0.000,0.0000
640.780,-69.839,36.159,0.317,0.000,26.391,28.263,0.000,0.000,0.0000
640.790,-69.839,36.159,0.317,0.000,26.391,28.263,0.000,0.000,0.0000
640.800,-69.839,36.159,0.317,0.000,26.391,28.263,0.000,0.000,0.0000
640.810,-69.839,36.159,0.317,0.000,26.391,28.263,0.000,0.000,0.0000
640.820,-69.839,36.159,0.317,0.000,26.391,28.263,0.000,0.000,0.0000
640.830,-69.839,36.159,0.317,0.000,26.391,28.263,0.000,0.000,0.0000
640.840,-69.839,36.159,0.317,0.000,26.391,28.263,0.000,0.000,0.0000
640.850,-69.839,36.159,0.317,0.000,26.391,28.263,0.000,0.000,0.0000
640.860,-69.839,36.159,0.317,0.000,26.391,28.263,0.000,0.000,0.0000
640.870,-69.839,36.159,0.317,0.000,26.391,28.263,0.000,0.000,0.0000
640.880,-69.839,36.159,0.317,0.000,26.391,28.263,0.000,0.000,0.0000
640.890,-69.839,36.159,0.317,0.000,26.391,28.263,0.000,0.000,0.0000
640.900,-69.839,36.159,0.317,0.000,26.391,28.263,0.000,0.000,0.0000
640.910,-69.839,36.159,0.317,0.000,26.391,28.263,0.000,0.000,0.0000
640.920,-69.839,36.159,0.317,0.000,26.391,28.263,0.000,0.000,0.0000
640.930,-69.839,36.159,0.317,0.000,26.391,28.263,0.000,0.000,0.0000
640.940,-69.839,36.159,0.317,0.000,26.391,28.263,0.000,0.000,0.0000
640.950,-69.839,36.159,0.317,0.000,26.391,28.263,0.000,0.000,0.0000
640.960,-69.839,36.159,0.317,0.000,26.391,28.263,0.000,0.000,0.0000
640.970,-69.839,36.159,0.317,0.000,26.391,28.263,0.000,0.000,0.0000
640.980,-69.839,36.159,0.317,0.000,26.391,28.263,0.000,0.000,0.0000
640.990,-69.839,36.159,0.317,0.000,26.391,28.263,0.000,0.000,0.0000
641.000,-69.839,36.159,0.317,0.000,26.391,28.263,0.000,0.000,0.0000
641.010,-69.839,36.159,0.317,0.000,26.391,28.263,0.000,0.000,0.0000
641.020,-69.839,36.159,0.317,0.000,26.391,28.263,0.000,0.000,0.0000
641.030,-69.839,36.159,0.317,0.000,26.391,28.263,0.000,0.000,0.0000
641.040,-69.839,36.159,0.317,0.000,26.391,28.263,0.000,0.000,0.0000
641.050,-69.839,36.159,0.317,0.000,26.391,28.263,0.000,0.000,0.0000
641.060,-69.839,36.159,0.317,0.000,26.391,28.263,0.000,0.000,0.0000
641.070,-69.839,36.159,0.317,0.000,26.391,28.263,0.000,0.000,0.0000
641.080,-69.839,36.159,0.317,0.000,26.391,28.263,0.000,0.000,0.0000
641.090,-69.839,36.159,0.317,0.000,26.391,28.263,0.000,0.000,0.0000
641.100,-69.839,36.159,0.317,0.000,26.391,28.263,0.000,0.000,0.0000
641.110,-69.839,36.159,0.317,0.000,26.391,28.263,0.000,0.000,0.0000
641.120,-69.839,36.159,0.317,0.000,26.391,28.263,0.000,0.000,0.0000
641.130,-69.839,36.159,0.317,0.000,26.391,28.263,0.000,0.000,0.0000
641.140,-69.839,36.159,0.317,0.000,26.391,28.263,0.000,0.000,0.0000
641.150,-69.839,36.159,0.317,0.000,26.391,28.263,0.000,0.000,0.0000
641.160,-69.839,36.159,0.317,0.000,26.391,28.263,0.000,0.000,0.0000
641.170,-69.839,36.159,0.317,0.000,26.391,28.263,0.000,0.000,0.0000
641.180,-69.839,36.159,0.317,0.000,26.391,28.263,0.000,0.000,0.0000
641.190,-69.839,36.159,0.317,0.000,26.391,28.263,0.000,0.000,0.0000
641.200,-69.839,36.159,0.317,0.000,26.391,28.263,0.000,0.000,0.0000
641.210,-69.839,36.159,0.317,0.000,26.391,28.263,0.000,0.000,0.0000
641.220,-69.839,36.159,0.317,0.000,26.391,28.263,0.000,0.000,0.0000
641.230,-69.839,36.159,0.317,0.000,26.391,28.263,0.000,0.000,0.0000
641.240,-69.839,36.159,0.317,0.000,26.391,28.263,0.000,0.000,0.0000
641.250,-69.839,36.159,0.317,0.000,26.391,28.263,0.000,0.000,0.0000
641.260,-69.839,36.159,0.317,0.000,26.391,28.263,0.000,0.000,0.0000
641.270,-69.839,36.159,0.317,0.000,26.391,28.263,0.000,0.000,0.0000
641.280,-69.839,36.159,0.317,0.000,26.391,28.263,0.000,0.000,0.0000
641.290,-69.839,36.159,0.317,0.000,26.391,28.263,0.000,0.000,0.0000
641.300,-69.839,36.159,0.317,0.000,26.391,28.263,0.000,0.000,0.0000
641.310,-69.839,36.159,0.317,0.000,26.391,28.263,0.000,0.000,0.0000
641.320,-69.839,36.159,0.317,0.000,26.391,28.263,0.000,0.000,0.0000
641.330,-69.839,36.159,0.317,0.000,26.391,28.263,0.000,0.000,0.0000
641.340,-69.839,36.159,0.317,0.000,26.391,28.263,0.000,0.000,0.0000
641.350,-69.839,36.159,0.317,0.000,26.391,28.263,0.000,0.000,0.0000
641.360,-69.839,36.159,0.317,0.000,26.391,28.263,0.000,0.000,0.0000
641.370,-69.839,36.159,0.317,0.000,26.391,28.263,0.000,0.000,0.0000
641.380,-69.839,36.159,0.317,0.000,26.391,28.263,0.000,0.000,0.0000
641.390,-69.839,36.159,0.317,0.000,26.391,28.263,0.000,0.000,0.0000
641.400,-69.839,36.159,0.317,0.000,26.391,28.263,0.000,0.000,0.0000
641.410,-69.839,36.159,0.317,0.000,26.391,28.263,0.000,0.000,0.0000
641.420,-69.839,36.159,0.317,0.000,26.391,28.263,0.000,0.000,0.0000
641.430,-69.839,36.159,0.317,0.000,26.391,28.263,0.000,0.000,0.0000
641.440,-69.839,36.159,0.317,0.000,26.391,28.263,0.000,0.000,0.0000
641.450,-69.839,36.159,0.317,0.000,26.391,28.263,0.000,0.000,0.0000
641.460,-69.839,36.159,0.317,0.000,26.391,28.263,0.000,0.000,0.0000
641.470,-69.839,36.159,0.317,0.000,26.391,28.263,0.000,0.000,0.0000
641.480,-69.839,36.159,0.317,0.000,26.391,28.263,0.000,0.000,0.0000
641.490,-69.839,36.159,0.317,0.000,26.391,28.263,0.000,0.000,0.0000
641.500,-69.839,36.159,0.317,0.000,26.391,28.263,0.000,0.000,0.0000
641.510,-69.839,36.159,0.317,0.000,26.391,28.263,0.000,0.000,0.0000
641.520,-69.839,36.159,0.317,0.000,26.391,28.263,0.000,0.000,0.0000
641.530,-69.839,36.159,0.317,0.000,26.391,28.263,0.000,0.000,0.0000
641.540,-69.839,36.159,0.317,0.000,26.391,28.263,0.000,0.000,0.0000
641.550,-69.839,36.159,0.317,0.000,26.391,28.263,0.000,0.000,0.0000
641.560,-69.839,36.159,0.317,0.000,26.391,28.263,0.000,0.000,0.0000
641.570,-69.839,36.159,0.317,0.000,26.391,28.263,0.000,0.000,0.0000
641.580,-69.839,36.159,0.317,0.000,26.391,28.263,0.000,0.000,0.0000
641.590,-69.839,36.159,0.317,0.000,26.391,28.263,0.000,0.000,0.0000
641.600,-69.839,36.159,0.317,0.000,26.391,28.263,0.000,0.000,0.0000
641.610,-69.839,36.159,0.317,0.000,26.391,28.263,0.000,0.000,0.0000
641.620,-69.839,36.159,0.317,0.000,26.391,28.263,0.000,0.000,0.0000
641.630,-69.839,36.159,0.317,0.000,26.391,28.263,0.000,0.000,0.0000
641.640,-69.839,36.159,0.317,0.000,26.391,28.263,0.000,0.000,0.0000
641.650,-69.839,36.159,0.317,0.000,26.391,28.263,0.000,0.000,0.0000
641.660,-69.839,36.159,0.317,0.000,26.391,28.263,0.000,0.000,0.0000
641.670,-69.839,36.159,0.317,0.000,26.391,28.263,0.000,0.000,0.0000
641.680,-69.839,36.159,0.317,0.000,26.391,28.263,0.000,0.000,0.0000
641.690,-69.839,36.159,0.317,0.000,26.391,28.263,0.000,0.000,0.0000
641.700,-69.839,36.159,0.317,0.000,26.391,28.263,0.000,0.000,0.0000
641.710,-69.839,36.159,0.317,0.000,26.391,28.263,0.000,0.000,0.0000
641.720,-69.839,36.159,0.317,0.000,26.391,28.263,0.000,0.000,0.0000
641.730,-69.839,36.159,0.317,0.000,26.391,28.263,0.000,0.000,0.0000
641.740,-69.839,36.159,0.317,0.000,26.391,28.263,0.000,0.000,0.0000
641.750,-69.839,36.159,0.317,0.000,26.391,28.263,0.000,0.000,0.0000
641.760,-69.839,36.159,0.317,0.000,26.391,28.263,0.000,0.000,0.0000
641.770,-69.839,36.159,0.317,0.000,26.391,28.263,0.000,0.000,0.0000
641.780,-69.839,36.159,0.317,0.000,26.391,28.263,0.000,0.000,0.0000
641.790,-69.839,36.159,0.317,0.000,26.391,28.263,0.000,0.000,0.0000
641.800,-69.839,36.159,0.317,0.000,26.391,28.263,0.000,0.000,0.0000
641.810,-69.839,36.159,0.317,0.000,26.391,28.263,0.000,0.000,0.0000
641.820,-69.839,36.159,0.317,0.000,26.391,28.263,0.000,0.000,0.0000
641.830,-69.839,36.159,0.317,0.000,26.391,28.263,0.000,0.000,0.0000
641.840,-69.839,36.159,0.317,0.000,26.391,28.263,0.000,0.000,0.0000
641.850,-69.839,36.159,0.317,0.000,26.391,28.263,0.000,0.000,0.0000
641.860,-69.839,36.159,0.317,0.000,26.391,28.263,0.000,0.000,0.0000
641.870,-69.839,36.159,0.317,0.000,26.391,28.263,0.000,0.000,0.0000
641.880,-69.839,36.159,0.317,0.000,26.391,28.263,0.000,0.000,0.0000
641.890,-69.839,36.159,0.317,0.000,26.391,28.263,0.000,0.000,0.0000
641.900,-69.839,36.159,0.317,0.000,26.391,28.263,0.000,0.000,0.0000
641.910,-69.839,36.159,0.317,0.000,26.391,28.263,0.000,0.000,0.0000
641.920,-69.839,36.159,0.317,0.000,26.391,28.263,0.000,0.000,0.0000
641.930,-69.839,36.159,0.317,0.000,26.391,28.263,0.000,0.000,0.0000
641.940,-69.839,36.159,0.317,0.000,26.391,28.263,0.000,0.000,0.0000
641.950,-69.839,36.159,0.317,0.000,26.391,28.263,0.000,0.000,0.0000
641.960,-69.839,36.159,0.317,0.000,26.391,28.263,0.000,0.000,0.0000
641.970,-69.839,36.159,0.317,0.000,26.391,28.263,0.000,0.000,0.0000
641.980,-69.839,36.159,0.317,0.000,26.391,28.263,0.000,0.000,0.0000
641.990,-69.839,36.159,0.317,0.000,26.391,28.263,0.000,0.000,0.0000
642.000,-69.839,36.159,0.317,0.000,26.391,28.263,0.000,0.000,0.0000
642.010,-69.839,36.159,0.317,0.000,26.391,28.263,0.000,0.000,0.0000
642.020,-69.839,36.159,0.317,0.000,26.391,28.263,0.000,0.000,0.0000
642.030,-69.839,36.159,0.317,0.000,26.391,28.263,0.000,0.000,0.0000
642.040,-69.839,36.159,0.317,0.000,26.391,28.263,0.000,0.000,0.0000
642.050,-69.839,36.159,0.317,0.000,26.391,28.263,0.000,0.000,0.0000
642.060,-69.839,36.159,0.317,0.000,26.391,28.263,0.000,0.000,0.0000
642.070,-69.839,36.159,0.317,0.000,26.391,28.263,0.000,0.000,0.0000
642.080,-69.839,36.159,0.317,0.000,26.391,28.263,0.000,0.000,0.0000
642.090,-69.839,36.159,0.317,0.000,26.391,28.263,0.000,0.000,0.0000
642.100,-69.839,36.159,0.317,0.000,26.391,28.263,0.000,0.000,0.0000
642.110,-69.839,36.159,0.317,0.000,26.391,28.263,0.000,0.000,0.0000
642.120,-69.839,36.159,0.317,0.000,26.391,28.263,0.000,0.000,0.0000
642.130,-69.839,36.159,0.317,0.000,26.391,28.263,0.000,0.000,0.0000
642.140,-69.839,36.159,0.317,0.000,26.391,28.263,0.000,0.000,0.0000
642.150,-69.839,36.159,0.317,0.000,26.391,28.263,0.000,0.000,0.0000
642.160,-69.839,36.159,0.317,0.000,26.391,28.263,0.000,0.000,0.0000
642.170,-69.839,36.159,0.317,0.000,26.391,28.263,0.000,0.000,0.0000
642.180,-69.839,36.159,0.317,0.000,26.391,28.263,0.000,0.000,0.0000
642.190,-69.839,36.159,0.317,0.000,26.391,28.263,0.000,0.000,0.0000
642.200,-69.839,36.159,0.317,0.000,26.391,28.263,0.000,0.000,0.0000
642.210,-69.839,36.159,0.317,0.000,26.391,28.263,0.000,0.000,0.0000
642.220,-69.839,36.159,0.317,0.000,26.391,28.263,0.000,0.000,0.0000
642.230,-69.839,36.159,0.317,0.000,26.391,28.263,0.000,0.000,0.0000
642.240,-69.839,36.159,0.317,0.000,26.391,28.263,0.000,0.000,0.0000
642.250,-69.839,36.159,0.317,0.000,26.391,28.263,0.000,0.000,0.0000
642.260,-69.839,36.159,0.317,0.000,26.391,28.263,0.000,0.000,0.0000
642.270,-69.839,36.159,0.317,0.000,26.391,28.263,0.000,0.000,0.0000
642.280,-69.839,36.159,0.317,0.000,26.391,28.263,0.000,0.000,0.0000
642.290,-69.839,36.159,0.317,0.000,26.391,28.263,0.000,0.000,0.0000
642.300,-69.839,36.159,0.317,0.000,26.391,28.263,0.000,0.000,0.0000
642.310,-69.839,36.159,0.317,0.000,26.391,28.263,0.000,0.000,0.0000
642.320,-69.839,36.159,0.317,0.000,26.391,28.263,0.000,0.000,0.0000
642.330,-69.839,36.159,0.317,0.000,26.391,28.263,0.000,0.000,0.0000
642.340,-69.839,36.159,0.317,0.000,26.391,28.263,0.000,0.000,0.0000
642.350,-69.839,36.159,0.317,0.000,26.391,28.263,0.000,0.000,0.0000
642.360,-69.839,36.159,0.317,0.000,26.391,28.263,0.000,0.000,0.0000
642.370,-69.839,36.159,0.317,0.000,26.391,28.263,0.000,0.000,0.0000
642.380,-69.839,36.159,0.317,0.000,26.391,28.263,0.000,0.000,0.0000
642.390,-69.839,36.159,0.317,0.000,26.391,28.263,0.000,0.000,0.0000
642.400,-69.839,36.159,0.317,0.000,26.391,28.263,0.000,0.000,0.0000
642.410,-69.839,36.159,0.317,0.000,26.391,28.263,0.000,0.000,0.0000
642.420,-69.839,36.159,0.317,0.000,26.391,28.263,0.000,0.000,0.0000
642.430,-69.839,36.159,0.317,0.000,26.391,28.263,0.000,0.000,0.0000
642.440,-69.839,36.159,0.317,0.000,26.391,28.263,0.000,0.000,0.0000
642.450,-69.839,36.159,0.317,0.000,26.391,28.263,0.000,0.000,0.0000
642.460,-69.839,36.159,0.317,0.000,26.391,28.263,0.000,0.000,0.0000
642.470,-69.839,36.159,0.317,0.000,26.391,28.263,0.000,0.000,0.0000
642.480,-69.839,36.159,0.317,0.000,26.391,28.263,0.000,0.000,0.0000
642.490,-69.839,36.159,0.317,0.000,26.391,28.263,0.000,0.000,0.0000
642.500,-69.839,36.159,0.317,0.000,26.391,28.263,0.000,0.000,0.0000
642.510,-69.839,36.159,0.317,0.000,26.391,28.263,0.000,0.000,0.0000
642.520,-69.839,36.159,0.317,0.000,26.391,28.263,0.000,0.000,0.0000
642.530,-69.839,36.159,0.317,0.000,26.391,28.263,0.000,0.000,0.0000
642.540,-69.839,36.159,0.317,0.000,26.391,28.263,0.000,0.000,0.0000
642.550,-69.839,36.159,0.317,0.000,26.391,28.263,0.000,0.000,0.0000
642.560,-69.839,36.159,0.317,0.000,26.391,28.263,0.000,0.000,0.0000
642.570,-69.839,36.159,0.317,0.000,26.391,28.263,0.000,0.000,0.0000
642.580,-69.839,36.159,0.317,0.000,26.391,28.263,0.000,0.000,0.0000
642.590,-69.839,36.159,0.317,0.000,26.391,28.263,0.000,0.000,0.0000
642.600,-69.839,36.159,0.317,0.000,26.391,28.263,0.000,0.000,0.0000
642.610,-69.839,36.159,0.317,0.000,26.391,28.263,0.000,0.000,0.0000
642.620,-69.839,36.159,0.317,0.000,26.391,28.263,0.000,0.000,0.0000
642.630,-69.839,36.159,0.317,0.000,26.391,28.263,0.000,0.000,0.0000
642.640,-69.839,36.159,0.317,0.000,26.391,28.263,0.000,0.000,0.0000
642.650,-69.839,36.159,0.317,0.000,26.391,28.263,0.000,0.000,0.0000
642.660,-69.839,36.159,0.317,0.000,26.391,28.263,0.000,0.000,0.0000
642.670,-69.839,36.159,0.317,0.000,26.391,28.263,0.000,0.000,0.0000
642.680,-69.839,36.159,0.317,0.000,26.391,28.263,0.000,0.000,0.0000
642.690,-69.839,36.159,0.317,0.000,26.391,28.263,0.000,0.000,0.0000
642.700,-69.839,36.159,0.317,0.000,26.391,28.263,0.000,0.000,0.0000
642.710,-69.839,36.159,0.317,0.000,26.391,28.263,0.000,0.000,0.0000
642.720,-69.839,36.159,0.317,0.000,26.391,28.263,0.000,0.000,0.0000
642.730,-69.839,36.159,0.317,0.000,26.391,28.263,0.000,0.000,0.0000
642.740,-69.839,36.159,0.317,0.000,26.391,28.263,0.000,0.000,0.0000
642.750,-69.839,36.159,0.317,0.000,26.391,28.263,0.000,0.000,0.0000
642.760,-69.839,36.159,0.317,0.000,26.391,28.263,0.000,0.000,0.0000
642.770,-69.839,36.159,0.317,0.000,26.391,28.263,0.000,0.000,0.0000
642.780,-69.839,36.159,0.317,0.000,26.391,28.263,0.000,0.000,0.0000
642.790,-69.839,36.159,0.317,0.000,26.391,28.263,0.000,0.000,0.0000
642.800,-69.839,36.159,0.317,0.000,26.391,28.263,0.000,0.000,0.0000
642.810,-69.839,36.159,0.317,0.000,26.391,28.263,0.000,0.000,0.0000
642.820,-69.839,36.159,0.317,0.000,26.391,28.263,0.000,0.000,0.0000
642.830,-69.839,36.159,0.317,0.000,26.391,28.263,0.000,0.000,0.0000
642.840,-69.839,36.159,0.317,0.000,26.391,28.263,0.000,0.000,0.0000
642.850,-69.839,36.159,0.317,0.000,26.391,28.263,0.000,0.000,0.0000
642.860,-69.839,36.159,0.317,0.000,26.391,28.263,0.000,0.000,0.0000
642.870,-69.839,36.159,0.317,0.000,26.391,28.263,0.000,0.000,0.0000
642.880,-69.839,36.159,0.317,0.000,26.391,28.263,0.000,0.000,0.0000
642.890,-69.839,36.159,0.317,0.000,26.391,28.263,0.000,0.000,0.0000
642.900,-69.839,36.159,0.317,0.000,26.391,28.263,0.000,0.000,0.0000
642.910,-69.839,36.159,0.317,0.000,26.391,28.263,0.000,0.000,0.0000
642.920,-69.839,36.159,0.317,0.000,26.391,28.263,0.000,0.000,0.0000
642.930,-69.839,36.159,0.317,0.000,26.391,28.263,0.000,0.000,0.0000
642.940,-69.839,36.159,0.317,0.000,26.391,28.263,0.000,0.000,0.0000
642.950,-69.839,36.159,0.317,0.000,26.391,28.263,0.000,0.000,0.0000
642.960,-69.839,36.159,0.317,0.000,26.391,28.263,0.000,0.000,0.0000
642.970,-69.839,36.159,0.317,0.000,26.391,28.263,0.000,0.000,0.0000
642.980,-69.839,36.159,0.317,0.000,26.391,28.263,0.000,0.000,0.0000
642.990,-69.839,36.159,0.317,0.000,26.391,28.263,0.000,0.000,0.0000
643.000,-69.839,36.159,0.317,0.000,26.391,28.263,0.000,0.000,0.0000
643.010,-69.839,36.159,0.317,0.000,26.391,28.263,0.000,0.000,0.0000
643.020,-69.839,36.159,0.317,0.000,26.391,28.263,0.000,0.000,0.0000
643.030,-69.839,36.159,0.317,0.000,26.391,28.263,0.000,0.000,0.0000
643.040,-69.839,36.159,0.317,0.000,26.391,28.263,0.000,0.000,0.0000
643.050,-69.839,36.159,0.317,0.000,26.391,28.263,0.000,0.000,0.0000
643.060,-69.839,36.159,0.317,0.000,26.391,28.263,0.000,0.000,0.0000
643.070,-69.839,36.159,0.317,0.000,26.391,28.263,0.000,0.000,0.0000
643.080,-69.839,36.159,0.317,0.000,26.391,28.263,0.000,0.000,0.0000
643.090,-69.839,36.159,0.317,0.000,26.391,28.263,0.000,0.000,0.0000
643.100,-69.839,36.159,0.317,0.000,26.391,28.263,0.000,0.000,0.0000
643.110,-69.839,36.159,0.317,0.000,26.391,28.263,0.000,0.000,0.0000
643.120,-69.839,36.159,0.317,0.000,26.391,28.263,0.000,0.000,0.0000
643.130,-69.839,36.159,0.317,0.000,26.391,28.263,0.000,0.000,0.0000
643.140,-69.839,36.159,0.317,0.000,26.391,28.263,0.000,0.000,0.0000
643.150,-69.839,36.159,0.317,0.000,26.391,28.263,0.000,0.000,0.0000
643.160,-69.839,36.159,0.317,0.000,26.391,28.263,0.000,0.000,0.0000
643.170,-69.839,36.159,0.317,0.000,26.391,28.263,0.000,0.000,0.0000
643.180,-69.839,36.159,0.317,0.000,26.391,28.263,0.000,0.000,0.0000
643.190,-69.839,36.159,0.317,0.000,26.391,28.263,0.000,0.000,0.0000
643.200,-69.839,36.159,0.317,0.000,26.391,28.263,0.040,0.000,0.0000
643.210,-69.838,36.159,0.317,0.014,26.392,28.263,0.080,0.000,0.0000
643.220,-69.838,36.159,0.317,0.040,26.392,28.264,0.120,0.000,0.0000
643.230,-69.837,36.159,0.317,0.073,26.393,28.264,0.160,0.000,0.0000
643.240,-69.836,36.160,0.316,0.111,26.394,28.265,0.200,0.000,0.0000
643.250,-69.835,36.160,0.316,0.150,26.395,28.267,0.240,0.000,0.0000
643.260,-69.833,36.161,0.316,0.190,26.397,28.269,0.280,0.000,0.0000
643.270,-69.831,36.162,0.315,0.229,26.399,28.271,0.320,0.000,0.0000
643.280,-69.828,36.162,0.315,0.267,26.402,28.274,0.360,0.000,0.0000
643.290,-69.825,36.164,0.314,0.304,26.405,28.277,0.400,0.000,0.0000
643.300,-69.822,36.165,0.313,0.341,26.408,28.280,0.440,0.000,0.0000
643.310,-69.818,36.166,0.313,0.378,26.412,28.284,0.480,0.000,0.0000
643.320,-69.814,36.167,0.312,0.415,26.416,28.288,0.520,0.000,0.0000
643.330,-69.809,36.169,0.312,0.452,26.421,28.292,0.560,0.000,0.0000
643.340,-69.805,36.171,0.311,0.489,26.425,28.297,0.600,0.000,0.0000
643.350,-69.799,36.173,0.311,0.526,26.431,28.302,0.640,0.000,0.0000
643.360,-69.794,36.175,0.310,0.564,26.436,28.307,0.680,0.000,0.0000
643.370,-69.788,36.177,0.310,0.602,26.442,28.313,0.720,0.000,0.0000
643.380,-69.781,36.179,0.309,0.640,26.449,28.319,0.760,0.000,0.0000
643.390,-69.775,36.181,0.309,0.678,26.455,28.325,0.800,0.000,0.0000
643.400,-69.767,36.184,0.309,0.716,26.463,28.332,0.840,0.000,0.0000
643.410,-69.760,36.187,0.308,0.754,26.470,28.339,0.880,0.000,0.0000
643.420,-69.752,36.190,0.308,0.792,26.478,28.347,0.920,0.000,0.0000
643.430,-69.744,36.192,0.308,0.831,26.486,28.354,0.960,0.000,0.0000
643.440,-69.735,36.196,0.308,0.869,26.495,28.362,1.000,0.000,0.0000
643.450,-69.726,36.199,0.308,0.907,26.504,28.371,1.000,0.000,0.0000
643.460,-69.716,36.202,0.308,0.946,26.514,28.380,1.000,0.000,0.0000
643.470,-69.707,36.206,0.308,0.984,26.523,28.389,1.000,0.000,0.0000
643.480,-69.696,36.209,0.308,1.022,26.534,28.398,1.000,0.000,0.0000
643.490,-69.686,36.213,0.308,1.060,26.544,28.408,1.000,0.000,0.0000
643.500,-69.675,36.217,0.308,1.098,26.555,28.418,1.000,0.000,0.0000
643.510,-69.663,36.221,0.308,1.136,26.567,28.429,1.000,0.000,0.0000
643.520,-69.652,36.225,0.308,1.174,26.578,28.439,1.000,0.000,0.0000
643.530,-69.640,36.229,0.308,1.212,26.590,28.451,1.000,0.000,0.0000
643.540,-69.627,36.234,0.308,1.249,26.603,28.462,1.000,0.000,0.0000
643.550,-69.614,36.238,0.309,1.287,26.616,28.474,1.000,0.000,0.0000
643.560,-69.601,36.243,0.309,1.324,26.629,28.486,1.000,0.000,0.0000
643.570,-69.587,36.248,0.309,1.362,26.643,28.499,1.000,0.000,0.0000
643.580,-69.573,36.253,0.309,1.399,26.657,28.512,1.000,0.000,0.0000
643.590,-69.559,36.258,0.310,1.437,26.671,28.525,1.000,0.000,0.0000
643.600,-69.544,36.263,0.310,1.474,26.686,28.538,1.000,0.000,0.0000
643.610,-69.529,36.269,0.310,1.511,26.701,28.552,1.000,0.000,0.0000
643.620,-69.514,36.274,0.310,1.548,26.716,28.567,1.000,0.000,0.0000
643.630,-69.498,36.280,0.310,1.585,26.732,28.581,1.000,0.000,0.0000
643.640,-69.482,36.286,0.310,1.622,26.748,28.596,1.000,0.000,0.0000
643.650,-69.465,36.291,0.311,1.660,26.765,28.612,1.000,0.000,0.0000
643.660,-69.448,36.297,0.311,1.697,26.782,28.627,1.000,0.000,0.0000
643.670,-69.431,36.304,0.311,1.734,26.799,28.643,1.000,0.000,0.0000
643.680,-69.413,36.310,0.311,1.771,26.817,28.660,1.000,0.000,0.0000
643.690,-69.395,36.316,0.311,1.808,26.835,28.676,1.000,0.000,0.0080
643.700,-69.376,36.323,0.311,1.845,26.854,28.694,1.000,0.000,0.0160
643.710,-69.358,36.329,0.311,1.882,26.872,28.711,1.000,0.000,0.0240
643.720,-69.338,36.336,0.311,1.920,26.892,28.729,1.000,0.000,0.0320
643.730,-69.319,36.343,0.311,1.957,26.911,28.747,1.000,0.000,0.0400
643.740,-69.299,36.350,0.311,1.994,26.931,28.765,1.000,0.000,0.0480
643.750,-69.279,36.357,0.311,2.031,26.951,28.784,1.000,0.000,0.0560
643.760,-69.258,36.365,0.311,2.069,26.972,28.804,1.000,0.000,0.0640
643.770,-69.237,36.372,0.311,2.106,26.993,28.823,1.000,0.000,0.0720
643.780,-69.215,36.379,0.311,2.143,27.015,28.843,1.000,0.000,0.0800
643.790,-69.194,36.387,0.311,2.181,27.036,28.863,1.000,0.000,0.0880
643.800,-69.171,36.395,0.311,2.218,27.059,28.884,1.000,0.000,0.0960
643.810,-69.149,36.403,0.311,2.256,27.081,28.905,1.000,0.000,0.1040
643.820,-69.126,36.411,0.311,2.293,27.104,28.926,1.000,0.000,0.1120
643.830,-69.103,36.419,0.311,2.331,27.127,28.948,1.000,0.000,0.1200
643.840,-69.079,36.427,0.311,2.368,27.151,28.970,1.000,0.000,0.1280
643.850,-69.055,36.435,0.311,2.406,27.175,28.992,1.000,0.000,0.1360
643.860,-69.031,36.444,0.310,2.443,27.199,29.015,1.000,0.000,0.1440
643.870,-69.006,36.452,0.310,2.481,27.224,29.038,1.000,0.000,0.1520
643.880,-68.981,36.461,0.310,2.518,27.249,29.062,1.000,0.000,0.1600
643.890,-68.955,36.470,0.310,2.554,27.275,29.085,1.000,0.000,0.1680
643.900,-68.929,36.479,0.310,2.587,27.301,29.109,1.000,0.000,0.1760
643.910,-68.903,36.487,0.310,2.618,27.327,29.134,1.000,0.000,0.1840
643.920,-68.876,36.496,0.310,2.648,27.354,29.158,1.000,0.000,0.1920
643.930,-68.850,36.506,0.310,2.676,27.380,29.183,1.000,0.000,0.2000
643.940,-68.823,36.515,0.310,2.704,27.407,29.208,1.000,0.000,0.2080
643.950,-68.795,36.524,0.310,2.731,27.435,29.234,1.000,0.000,0.2160
643.960,-68.768,36.533,0.311,2.759,27.462,29.259,1.000,0.000,0.2240
643.970,-68.740,36.542,0.311,2.787,27.490,29.285,1.000,0.000,0.2320
643.980,-68.712,36.552,0.311,2.747,27.518,29.311,1.000,0.000,0.2400
643.990,-68.685,36.561,0.311,2.729,27.545,29.336,1.000,0.000,0.2480
644.000,-68.657,36.571,0.311,2.781,27.573,29.362,1.000,0.000,0.2560
644.010,-68.629,36.580,0.312,2.877,27.601,29.389,1.000,0.000,0.2640
644.020,-68.600,36.590,0.312,2.849,27.630,29.415,1.000,0.000,0.2720
644.030,-68.571,36.600,0.312,2.939,27.659,29.443,1.000,0.000,0.2800
644.040,-68.541,36.610,0.312,2.987,27.689,29.470,1.000,0.000,0.2880
644.050,-68.511,36.620,0.312,3.011,27.719,29.498,0.940,0.000,0.2960
644.060,-68.480,36.630,0.312,3.037,27.750,29.527,0.880,0.000,0.3040
644.070,-68.450,36.640,0.312,3.062,27.780,29.555,0.820,0.000,0.3120
644.080,-68.419,36.650,0.312,3.088,27.811,29.584,0.760,0.000,0.3200
644.090,-68.388,36.660,0.312,3.116,27.842,29.613,0.700,0.000,0.3280
644.100,-68.356,36.670,0.312,3.147,27.874,29.642,0.640,0.000,0.3360
644.110,-68.324,36.679,0.312,3.180,27.906,29.672,0.580,0.000,0.3440
644.120,-68.292,36.689,0.312,3.214,27.938,29.702,0.520,0.000,0.3520
644.130,-68.260,36.699,0.312,3.250,27.970,29.732,0.460,0.000,0.3600
644.140,-68.227,36.709,0.312,3.286,28.003,29.763,0.400,0.000,0.3680
644.150,-68.195,36.717,0.312,3.212,28.035,29.793,0.340,0.000,0.3760
644.160,-68.163,36.726,0.313,3.187,28.067,29.822,0.280,0.000,0.3840
644.170,-68.131,36.735,0.313,3.177,28.099,29.852,0.220,0.000,0.3920
644.180,-68.098,36.744,0.313,3.274,28.132,29.882,0.160,0.000,0.4000
644.190,-68.065,36.753,0.313,3.330,28.165,29.914,0.100,0.000,0.4080
644.200,-68.031,36.762,0.313,3.360,28.199,29.945,0.040,0.000,0.4160
644.210,-67.998,36.771,0.313,3.365,28.232,29.976,0.000,0.000,0.4240
644.220,-67.964,36.779,0.314,3.355,28.266,30.008,0.000,0.000,0.4320
644.230,-67.931,36.788,0.314,3.337,28.299,30.039,0.000,0.000,0.4400
644.240,-67.898,36.796,0.314,3.313,28.332,30.069,0.000,0.000,0.4480
644.250,-67.865,36.804,0.315,3.282,28.365,30.100,0.000,0.000,0.4560
644.260,-67.833,36.812,0.316,3.246,28.397,30.130,0.000,0.000,0.4640
644.270,-67.800,36.819,0.316,3.208,28.430,30.160,0.000,0.000,0.4720
644.280,-67.769,36.827,0.317,3.168,28.461,30.189,0.000,0.000,0.4800
644.290,-67.738,36.834,0.318,3.128,28.492,30.218,0.000,0.000,0.4880
644.300,-67.707,36.841,0.319,3.088,28.523,30.247,0.000,0.000,0.4960
644.310,-67.676,36.848,0.320,3.046,28.554,30.275,0.000,0.000,0.5000
644.320,-67.646,36.854,0.321,3.001,28.584,30.303,0.000,0.000,0.5000
644.330,-67.617,36.861,0.321,2.952,28.613,30.330,0.000,0.000,0.5000
644.340,-67.588,36.867,0.322,2.901,28.642,30.357,0.000,0.000,0.5000
644.350,-67.559,36.873,0.323,2.849,28.671,30.383,0.000,0.000,0.5000
644.360,-67.531,36.879,0.324,2.794,28.699,30.409,0.000,0.000,0.5000
644.370,-67.504,36.884,0.325,2.740,28.726,30.434,0.000,0.000,0.5000
644.380,-67.477,36.889,0.326,2.688,28.753,30.459,0.000,0.000,0.5000
644.390,-67.451,36.895,0.327,2.637,28.779,30.483,0.000,0.000,0.5000
644.400,-67.425,36.899,0.328,2.587,28.805,30.507,0.000,0.000,0.5000
644.410,-67.399,36.904,0.328,2.540,28.831,30.531,0.000,0.000,0.5000
644.420,-67.374,36.908,0.329,2.495,28.856,30.554,0.000,0.000,0.5000
644.430,-67.350,36.913,0.329,2.452,28.880,30.577,0.000,0.000,0.5000
644.440,-67.326,36.917,0.330,2.410,28.904,30.599,0.000,0.000,0.5000
644.450,-67.302,36.921,0.330,2.370,28.928,30.621,0.000,0.000,0.5000
644.460,-67.279,36.924,0.330,2.330,28.951,30.643,0.000,0.000,0.5000
644.470,-67.256,36.928,0.330,2.291,28.974,30.665,0.000,0.000,0.5000
644.480,-67.233,36.931,0.330,2.251,28.997,30.686,0.000,0.000,0.5000
644.490,-67.211,36.935,0.330,2.211,29.019,30.706,0.000,0.000,0.5000
644.500,-67.190,36.938,0.330,2.171,29.040,30.727,0.000,0.000,0.5000
644.510,-67.168,36.941,0.330,2.133,29.062,30.747,0.000,0.000,0.5000
644.520,-67.147,36.944,0.330,2.095,29.083,30.767,0.000,0.000,0.5000
644.530,-67.127,36.947,0.329,2.057,29.103,30.786,0.000,0.000,0.5000
644.540,-67.107,36.949,0.329,2.020,29.123,30.805,0.000,0.000,0.5000
644.550,-67.087,36.952,0.328,1.984,29.143,30.824,0.000,0.000,0.5000
644.560,-67.067,36.954,0.328,1.948,29.163,30.842,0.000,0.000,0.5000
644.570,-67.048,36.956,0.328,1.912,29.182,30.860,0.000,0.000,0.5000
644.580,-67.029,36.958,0.327,1.876,29.201,30.878,0.000,0.000,0.4700
644.590,-67.011,36.960,0.326,1.831,29.219,30.896,0.000,0.000,0.4400
644.600,-66.993,36.962,0.326,1.778,29.237,30.912,0.000,0.000,0.4100
644.610,-66.976,36.964,0.326,1.722,29.254,30.929,0.000,0.000,0.3800
644.620,-66.959,36.966,0.325,1.671,29.271,30.944,0.000,0.000,0.3500
644.630,-66.943,36.968,0.325,1.627,29.287,30.960,0.000,0.000,0.3200
644.640,-66.927,36.969,0.325,1.588,29.303,30.975,0.000,0.000,0.2900
644.650,-66.912,36.971,0.324,1.554,29.318,30.990,0.000,0.000,0.2600
644.660,-66.897,36.973,0.324,1.523,29.333,31.004,0.000,0.000,0.2300
644.670,-66.882,36.974,0.324,1.490,29.348,31.018,0.040,0.000,0.2000
644.680,-66.867,36.976,0.323,1.456,29.363,31.032,0.080,0.000,0.1700
644.690,-66.853,36.977,0.323,1.420,29.377,31.045,0.120,0.000,0.1400
644.700,-66.839,36.978,0.323,1.383,29.391,31.058,0.160,0.000,0.1100
644.710,-66.825,36.980,0.323,1.369,29.405,31.071,0.200,0.000,0.0800
644.720,-66.812,36.981,0.322,1.375,29.418,31.084,0.240,0.000,0.0500
644.730,-66.798,36.982,0.322,1.396,29.432,31.097,0.280,0.000,0.0200
644.740,-66.783,36.984,0.321,1.428,29.447,31.111,0.320,0.000,0.0000
644.750,-66.769,36.985,0.321,1.469,29.461,31.125,0.360,0.000,0.0000
644.760,-66.754,36.986,0.320,1.521,29.476,31.140,0.400,0.000,0.0000
644.770,-66.738,36.988,0.319,1.581,29.492,31.155,0.440,0.000,0.0000
644.780,-66.721,36.989,0.318,1.645,29.509,31.171,0.480,0.000,0.0000
644.790,-66.704,36.991,0.317,1.710,29.526,31.187,0.520,0.000,0.0000
644.800,-66.687,36.992,0.316,1.773,29.543,31.204,0.560,0.000,0.0000
644.810,-66.668,36.994,0.314,1.835,29.562,31.222,0.600,0.000,0.0000
644.820,-66.649,36.996,0.313,1.894,29.581,31.240,0.640,0.000,0.0000
644.830,-66.630,36.997,0.312,1.953,29.600,31.259,0.680,0.000,0.0000
644.840,-66.610,36.999,0.311,2.010,29.620,31.278,0.720,0.000,0.0000
644.850,-66.589,37.001,0.309,2.066,29.641,31.298,0.760,0.000,0.0000
644.860,-66.568,37.003,0.308,2.123,29.662,31.318,0.800,0.000,0.0000
644.870,-66.546,37.005,0.307,2.180,29.684,31.339,0.840,0.000,0.0000
644.880,-66.524,37.007,0.306,2.238,29.706,31.360,0.880,0.000,0.0000
644.890,-66.501,37.008,0.306,2.295,29.729,31.382,0.920,0.000,0.0000
644.900,-66.477,37.010,0.305,2.350,29.753,31.404,0.960,0.000,0.0000
644.910,-66.453,37.012,0.304,2.400,29.777,31.427,1.000,0.000,0.0000
644.920,-66.429,37.014,0.304,2.447,29.801,31.450,1.000,0.000,0.0000
644.930,-66.404,37.017,0.303,2.492,29.826,31.474,1.000,0.000,0.0000
644.940,-66.379,37.019,0.303,2.535,29.851,31.498,1.000,0.000,0.0000
644.950,-66.353,37.021,0.303,2.578,29.877,31.522,1.000,0.000,0.0000
644.960,-66.327,37.023,0.303,2.621,29.903,31.547,1.000,0.000,0.0000
644.970,-66.300,37.025,0.303,2.665,29.930,31.572,1.000,0.000,0.0000
644.980,-66.273,37.027,0.303,2.707,29.957,31.597,1.000,0.000,0.0000
644.990,-66.246,37.029,0.304,2.750,29.984,31.623,1.000,0.000,0.0000
645.000,-66.218,37.031,0.304,2.793,30.012,31.649,1.000,0.000,0.0000
645.010,-66.189,37.033,0.304,2.836,30.041,31.675,1.000,0.000,0.0000
645.020,-66.160,37.036,0.305,2.878,30.070,31.702,1.000,0.000,0.0000
645.030,-66.131,37.038,0.306,2.919,30.099,31.730,1.000,0.000,0.0000
645.040,-66.102,37.040,0.306,2.960,30.128,31.757,1.000,0.000,0.0000
645.050,-66.072,37.042,0.307,3.000,30.158,31.785,1.000,0.000,0.0000
645.060,-66.041,37.045,0.307,3.040,30.189,31.814,1.000,0.000,0.0000
645.070,-66.010,37.047,0.308,3.079,30.220,31.843,1.000,0.000,0.0000
645.080,-65.979,37.049,0.309,3.118,30.251,31.872,1.000,0.000,0.0000
645.090,-65.948,37.052,0.309,3.156,30.282,31.901,1.000,0.000,0.0000
645.100,-65.916,37.054,0.310,3.194,30.314,31.931,1.000,0.000,0.0000
645.110,-65.884,37.057,0.310,3.231,30.346,31.961,1.000,0.000,0.0000
645.120,-65.851,37.059,0.311,3.269,30.379,31.992,1.000,0.000,0.0000
645.130,-65.818,37.062,0.311,3.306,30.412,32.023,1.000,0.000,0.0000
645.140,-65.784,37.064,0.312,3.344,30.446,32.054,1.000,0.000,0.0000
645.150,-65.751,37.067,0.312,3.382,30.479,32.086,1.000,0.000,0.0000
645.160,-65.716,37.069,0.312,3.421,30.514,32.118,1.000,0.000,0.0000
645.170,-65.682,37.072,0.313,3.460,30.548,32.151,1.000,0.000,0.0000
645.180,-65.647,37.075,0.314,3.462,30.583,32.183,1.000,0.000,0.0000
645.190,-65.612,37.078,0.315,3.507,30.618,32.216,1.000,0.000,0.0000
645.200,-65.576,37.081,0.317,3.562,30.654,32.249,1.000,0.000,0.0000
645.210,-65.541,37.084,0.319,3.570,30.689,32.281,1.000,0.000,0.0000
645.220,-65.505,37.087,0.322,3.639,30.725,32.315,1.000,0.000,0.0000
645.230,-65.468,37.090,0.326,3.695,30.762,32.348,1.000,0.000,0.0000
645.240,-65.430,37.094,0.329,3.756,30.800,32.382,1.000,0.000,0.0000
645.250,-65.392,37.097,0.333,3.812,30.838,32.417,1.000,0.000,0.0000
645.260,-65.354,37.100,0.336,3.864,30.876,32.452,1.000,0.000,0.0000
645.270,-65.315,37.103,0.339,3.905,30.915,32.488,1.000,0.000,0.0000
645.280,-65.276,37.106,0.343,3.944,30.954,32.524,1.000,0.000,0.0000
645.290,-65.236,37.109,0.346,3.980,30.994,32.561,1.000,0.000,0.0000
645.300,-65.196,37.112,0.349,4.015,31.034,32.597,1.000,0.000,0.0000
645.310,-65.156,37.115,0.351,4.051,31.074,32.635,1.000,0.000,0.0000
645.320,-65.115,37.118,0.354,4.086,31.115,32.672,1.000,0.000,0.0000
645.330,-65.074,37.121,0.356,4.121,31.156,32.711,1.000,0.000,0.0000
645.340,-65.032,37.124,0.358,4.158,31.198,32.749,1.000,0.000,0.0000
645.350,-64.990,37.127,0.360,4.194,31.240,32.788,1.000,0.000,0.0000
645.360,-64.948,37.131,0.361,4.232,31.282,32.828,1.000,0.000,0.0000
645.370,-64.905,37.134,0.362,4.268,31.325,32.868,1.000,0.000,0.0000
645.380,-64.862,37.137,0.363,4.304,31.368,32.908,1.000,0.000,0.0000
645.390,-64.819,37.140,0.364,4.339,31.411,32.949,1.000,0.000,0.0000
645.400,-64.775,37.143,0.364,4.374,31.455,32.990,1.000,0.000,0.0000
645.410,-64.731,37.147,0.364,4.410,31.499,33.032,1.000,0.000,0.0080
645.420,-64.687,37.150,0.364,4.450,31.544,33.074,1.000,0.000,0.0160
645.430,-64.642,37.154,0.364,4.493,31.588,33.117,1.000,0.000,0.0240
645.440,-64.596,37.157,0.363,4.537,31.634,33.160,1.000,0.000,0.0320
645.450,-64.550,37.160,0.363,4.580,31.680,33.204,1.000,0.000,0.0400
645.460,-64.504,37.164,0.362,4.620,31.726,33.248,1.000,0.000,0.0480
645.470,-64.458,37.167,0.361,4.659,31.772,33.292,1.000,0.000,0.0560
645.480,-64.411,37.171,0.360,4.698,31.819,33.337,1.000,0.000,0.0640
645.490,-64.363,37.174,0.359,4.736,31.867,33.382,1.000,0.000,0.0720
645.500,-64.316,37.178,0.358,4.775,31.914,33.428,1.000,0.000,0.0800
645.510,-64.268,37.181,0.356,4.814,31.963,33.474,1.000,0.000,0.0880
645.520,-64.219,37.185,0.355,4.852,32.011,33.520,1.000,0.000,0.0960
645.530,-64.170,37.188,0.354,4.891,32.060,33.567,1.000,0.000,0.1040
645.540,-64.121,37.192,0.353,4.928,32.109,33.614,1.000,0.000,0.1120
645.550,-64.071,37.195,0.352,4.957,32.159,33.661,1.000,0.000,0.1200
645.560,-64.022,37.198,0.351,4.966,32.208,33.709,1.000,0.000,0.1280
645.570,-63.972,37.202,0.350,4.975,32.258,33.756,1.000,0.000,0.1360
645.580,-63.922,37.205,0.350,4.991,32.308,33.804,1.000,0.000,0.1440
645.590,-63.872,37.209,0.349,5.012,32.358,33.851,1.000,0.000,0.1520
645.600,-63.822,37.212,0.349,5.038,32.409,33.899,1.000,0.000,0.1600
645.610,-63.771,37.215,0.348,5.069,32.459,33.948,1.000,0.000,0.1680
645.620,-63.720,37.218,0.348,5.103,32.510,33.996,1.000,0.000,0.1760
645.630,-63.668,37.221,0.348,5.140,32.562,34.045,1.000,0.000,0.1840
645.640,-63.617,37.224,0.347,5.179,32.613,34.094,1.000,0.000,0.1920
645.650,-63.564,37.227,0.347,5.220,32.666,34.144,1.000,0.000,0.1620
645.660,-63.512,37.230,0.347,5.273,32.718,34.194,0.940,0.000,0.1320
645.670,-63.458,37.232,0.347,5.331,32.772,34.245,0.880,0.000,0.1020
645.680,-63.404,37.235,0.347,5.390,32.826,34.296,0.820,0.000,0.0720
645.690,-63.350,37.237,0.347,5.452,32.880,34.348,0.760,0.000,0.0420
645.700,-63.295,37.240,0.347,5.513,32.935,34.400,0.700,0.000,0.0120
645.710,-63.239,37.242,0.347,5.575,32.991,34.453,0.640,0.000,0.0000
645.720,-63.183,37.244,0.347,5.633,33.047,34.507,0.580,0.000,0.0000
645.730,-63.126,37.246,0.347,5.684,33.104,34.561,0.520,0.000,0.0000
645.740,-63.069,37.249,0.347,5.715,33.161,34.615,0.460,0.000,0.0000
645.750,-63.012,37.251,0.347,5.714,33.218,34.670,0.400,0.000,0.0000
645.760,-62.955,37.253,0.347,5.686,33.275,34.724,0.340,0.000,0.0000
645.770,-62.898,37.255,0.348,5.645,33.332,34.777,0.280,0.000,0.0000
645.780,-62.842,37.257,0.349,5.605,33.388,34.830,0.220,0.000,0.0000
645.790,-62.787,37.259,0.350,5.567,33.443,34.883,0.160,0.000,0.0000
645.800,-62.731,37.260,0.351,5.533,33.499,34.935,0.100,0.000,0.0000
645.810,-62.676,37.262,0.352,5.501,33.554,34.987,0.140,0.000,0.0000
645.820,-62.622,37.264,0.353,5.467,33.608,35.039,0.180,0.000,0.0000
645.830,-62.567,37.266,0.355,5.433,33.663,35.090,0.220,0.000,0.0000
645.840,-62.513,37.267,0.356,5.399,33.717,35.141,0.260,0.000,0.0000
645.850,-62.460,37.269,0.357,5.364,33.770,35.192,0.300,0.000,0.0000
645.860,-62.406,37.271,0.359,5.327,33.824,35.242,0.340,0.000,0.0000
645.870,-62.354,37.272,0.360,5.288,33.876,35.292,0.280,0.000,0.0000
645.880,-62.301,37.274,0.361,5.248,33.929,35.342,0.220,0.000,0.0000
645.890,-62.249,37.275,0.362,5.208,33.981,35.391,0.160,0.000,0.0000
645.900,-62.197,37.277,0.364,5.167,34.033,35.440,0.100,0.000,0.0000
645.910,-62.146,37.278,0.365,5.125,34.084,35.489,0.040,0.000,0.0000
645.920,-62.095,37.280,0.366,5.083,34.135,35.537,0.000,0.000,0.0000
645.930,-62.045,37.281,0.367,5.041,34.185,35.585,0.000,0.000,0.0000
645.940,-61.995,37.283,0.367,4.998,34.235,35.632,0.040,0.000,0.0000
645.950,-61.945,37.284,0.368,4.955,34.285,35.679,0.080,0.000,0.0000
645.960,-61.896,37.285,0.369,4.912,34.334,35.726,0.120,0.000,0.0000
645.970,-61.848,37.286,0.369,4.870,34.383,35.772,0.160,0.000,0.0000
645.980,-61.799,37.288,0.369,4.831,34.431,35.818,0.200,0.000,0.0000
645.990,-61.751,37.289,0.370,4.791,34.479,35.864,0.240,0.000,0.0000
646.000,-61.704,37.290,0.370,4.753,34.526,35.909,0.280,0.000,0.0000
646.010,-61.657,37.291,0.370,4.720,34.573,35.954,0.320,0.000,0.0000
646.020,-61.610,37.292,0.370,4.686,34.620,35.999,0.360,0.000,0.0000
646.030,-61.563,37.293,0.369,4.650,34.667,36.044,0.400,0.000,0.0000
646.040,-61.517,37.294,0.369,4.613,34.713,36.088,0.440,0.000,0.0000
646.050,-61.471,37.295,0.369,4.599,34.759,36.132,0.480,0.000,0.0000
646.060,-61.425,37.296,0.368,4.605,34.805,36.176,0.520,0.000,0.0000
646.070,-61.379,37.297,0.367,4.626,34.851,36.221,0.560,0.000,0.0000
646.080,-61.332,37.298,0.366,4.658,34.898,36.265,0.600,0.000,0.0000
646.090,-61.285,37.299,0.365,4.696,34.945,36.311,0.640,0.000,0.0000
646.100,-61.238,37.301,0.364,4.737,34.992,36.356,0.680,0.000,0.0000
646.110,-61.190,37.302,0.363,4.779,35.040,36.402,0.720,0.000,0.0000
646.120,-61.142,37.303,0.361,4.820,35.088,36.449,0.760,0.000,0.0000
646.130,-61.093,37.304,0.360,4.861,35.137,36.496,0.800,0.000,0.0000
646.140,-61.044,37.306,0.358,4.901,35.186,36.543,0.840,0.000,0.0000
646.150,-60.995,37.307,0.357,4.940,35.235,36.591,0.880,0.000,0.0000
646.160,-60.945,37.308,0.355,4.978,35.285,36.639,0.920,0.000,0.0000
646.170,-60.895,37.310,0.353,5.016,35.335,36.687,0.960,0.000,0.0000
646.180,-60.845,37.311,0.352,5.051,35.385,36.736,1.000,0.000,0.0000
646.190,-60.794,37.312,0.351,5.086,35.436,36.785,1.000,0.000,0.0000
646.200,-60.743,37.314,0.349,5.123,35.487,36.834,1.000,0.000,0.0000
646.210,-60.691,37.315,0.348,5.162,35.539,36.884,1.000,0.000,0.0000
646.220,-60.639,37.317,0.347,5.199,35.591,36.934,1.000,0.000,0.0000
646.230,-60.587,37.318,0.346,5.239,35.643,36.985,1.000,0.000,0.0000
646.240,-60.534,37.320,0.346,5.281,35.696,37.035,1.000,0.000,0.0000
646.250,-60.481,37.321,0.345,5.325,35.749,37.087,1.000,0.000,0.0000
646.260,-60.427,37.323,0.345,5.372,35.803,37.138,1.000,0.000,0.0000
646.270,-60.373,37.324,0.344,5.419,35.857,37.190,1.000,0.000,0.0000
646.280,-60.319,37.326,0.344,5.416,35.911,37.242,1.000,0.000,0.0000
646.290,-60.264,37.327,0.344,5.410,35.966,37.294,1.000,0.000,0.0000
646.300,-60.210,37.329,0.344,5.405,36.020,37.346,1.000,0.000,0.0000
646.310,-60.156,37.330,0.345,5.400,36.074,37.397,1.000,0.000,0.0000
646.320,-60.102,37.331,0.345,5.395,36.128,37.449,1.000,0.000,0.0000
646.330,-60.049,37.333,0.346,5.391,36.181,37.500,1.000,0.000,0.0000
646.340,-59.993,37.334,0.346,5.547,36.237,37.553,1.000,0.000,0.0000
646.350,-59.936,37.335,0.346,5.688,36.294,37.608,1.000,0.000,0.0000
646.360,-59.878,37.337,0.346,5.801,36.352,37.664,1.000,0.000,0.0000
646.370,-59.819,37.338,0.346,5.887,36.411,37.720,1.000,0.000,0.0000
646.380,-59.760,37.340,0.346,5.948,36.470,37.777,1.000,0.000,0.0000
646.390,-59.700,37.341,0.346,5.993,36.530,37.835,1.000,0.000,0.0000
646.400,-59.640,37.343,0.346,6.028,36.590,37.892,1.000,0.000,0.0000
646.410,-59.579,37.344,0.347,6.056,36.651,37.950,1.000,0.000,0.0000
646.420,-59.518,37.346,0.347,6.078,36.712,38.009,1.000,0.000,0.0000
646.430,-59.457,37.347,0.347,6.102,36.773,38.067,1.000,0.000,0.0000
646.440,-59.396,37.348,0.348,6.131,36.834,38.126,1.000,0.000,0.0000
646.450,-59.334,37.350,0.348,6.162,36.896,38.185,1.000,0.000,0.0000
646.460,-59.272,37.351,0.349,6.197,36.958,38.244,1.000,0.000,0.0000
646.470,-59.210,37.352,0.349,6.234,37.020,38.304,1.000,0.000,0.0000
646.480,-59.147,37.354,0.349,6.273,37.083,38.364,1.000,0.000,0.0000
646.490,-59.084,37.355,0.350,6.313,37.146,38.425,1.000,0.000,0.0000
646.500,-59.021,37.357,0.350,6.353,37.209,38.486,1.000,0.000,0.0000
646.510,-58.957,37.358,0.351,6.395,37.273,38.547,1.000,0.000,0.0000
646.520,-58.892,37.359,0.351,6.435,37.338,38.609,1.000,0.000,0.0080
646.530,-58.828,37.361,0.351,6.474,37.402,38.671,1.000,0.000,0.0160
646.540,-58.763,37.362,0.351,6.511,37.468,38.733,1.000,0.000,0.0240
646.550,-58.697,37.364,0.352,6.547,37.533,38.796,1.000,0.000,0.0320
646.560,-58.631,37.365,0.352,6.582,37.599,38.860,1.000,0.000,0.0400
646.570,-58.565,37.367,0.352,6.617,37.665,38.923,1.000,0.000,0.0480
646.580,-58.499,37.368,0.352,6.652,37.731,38.987,1.000,0.000,0.0560
646.590,-58.432,37.370,0.352,6.688,37.798,39.051,1.000,0.000,0.0640
646.600,-58.364,37.372,0.352,6.732,37.866,39.116,1.000,0.000,0.0720
646.610,-58.297,37.373,0.352,6.779,37.933,39.181,1.000,0.000,0.0800
646.620,-58.228,37.375,0.352,6.831,38.002,39.247,1.000,0.000,0.0880
646.630,-58.159,37.376,0.352,6.884,38.071,39.313,1.000,0.000,0.0960
646.640,-58.090,37.378,0.352,6.936,38.140,39.380,1.000,0.000,0.1040
646.650,-58.020,37.380,0.351,6.986,38.210,39.448,1.000,0.000,0.1120
646.660,-57.950,37.381,0.351,7.035,38.280,39.515,1.000,0.000,0.1200
646.670,-57.879,37.382,0.351,7.083,38.351,39.584,1.000,0.000,0.0900
646.680,-57.808,37.384,0.351,7.116,38.422,39.652,1.000,0.000,0.0600
646.690,-57.737,37.385,0.350,7.128,38.493,39.721,1.000,0.000,0.0300
646.700,-57.665,37.386,0.350,7.140,38.565,39.790,1.000,0.000,0.0000
646.710,-57.594,37.387,0.350,7.157,38.636,39.859,1.000,0.000,0.0000
646.720,-57.522,37.388,0.350,7.185,38.708,39.928,1.000,0.000,0.0000
646.730,-57.450,37.389,0.350,7.221,38.781,39.998,1.000,0.000,0.0000
646.740,-57.377,37.389,0.350,7.264,38.853,40.068,1.000,0.000,0.0000
646.750,-57.304,37.390,0.349,7.309,38.926,40.138,1.000,0.000,0.0000
646.760,-57.230,37.390,0.347,7.353,39.000,40.210,1.000,0.000,0.0000
646.770,-57.156,37.390,0.344,7.396,39.074,40.282,1.000,0.000,0.0000
646.780,-57.082,37.390,0.340,7.437,39.148,40.355,1.000,0.000,0.0000
646.790,-57.008,37.390,0.336,7.464,39.222,40.427,1.000,0.000,0.0000
646.800,-56.933,37.390,0.332,7.502,39.297,40.501,1.000,0.000,0.0000
646.810,-56.857,37.390,0.328,7.542,39.373,40.575,1.000,0.000,0.0000
646.820,-56.782,37.390,0.324,7.584,39.448,40.649,1.000,0.000,0.0000
646.830,-56.705,37.390,0.320,7.628,39.525,40.723,1.000,0.000,0.0000
646.840,-56.629,37.390,0.316,7.673,39.601,40.798,1.000,0.000,0.0000
646.850,-56.552,37.390,0.313,7.718,39.678,40.873,1.000,0.000,0.0000
646.860,-56.474,37.390,0.309,7.763,39.756,40.949,1.000,0.000,0.0000
646.870,-56.396,37.390,0.306,7.808,39.834,41.025,1.000,0.000,0.0000
646.880,-56.318,37.390,0.303,7.852,39.912,41.102,1.000,0.000,0.0000
646.890,-56.239,37.389,0.301,7.895,39.991,41.179,1.000,0.000,0.0000
646.900,-56.159,37.389,0.298,7.937,40.071,41.256,1.000,0.000,0.0000
646.910,-56.080,37.389,0.297,7.976,40.150,41.333,1.000,0.000,0.0000
646.920,-56.000,37.389,0.295,8.016,40.230,41.411,1.000,0.000,0.0000
646.930,-55.919,37.388,0.294,8.050,40.311,41.489,1.000,0.000,0.0000
646.940,-55.838,37.388,0.293,8.085,40.392,41.567,1.000,0.000,0.0000
646.950,-55.757,37.388,0.293,8.114,40.473,41.646,1.000,0.000,0.0000
646.960,-55.676,37.388,0.293,8.148,40.554,41.725,1.000,0.000,0.0000
646.970,-55.594,37.388,0.293,8.188,40.636,41.804,1.000,0.000,0.0000
646.980,-55.511,37.388,0.293,8.233,40.719,41.883,1.000,0.000,0.0000
646.990,-55.429,37.388,0.294,8.281,40.801,41.963,1.000,0.000,0.0000
647.000,-55.345,37.388,0.295,8.329,40.885,42.044,1.000,0.000,0.0000
647.010,-55.262,37.388,0.296,8.378,40.968,42.124,1.000,0.000,0.0000
647.020,-55.177,37.388,0.297,8.426,41.053,42.205,1.000,0.000,0.0000
647.030,-55.093,37.388,0.298,8.473,41.137,42.287,1.000,0.000,0.0000
647.040,-55.007,37.388,0.299,8.518,41.223,42.369,1.000,0.000,0.0000
647.050,-54.922,37.388,0.301,8.560,41.308,42.452,1.000,0.000,0.0000
647.060,-54.836,37.388,0.302,8.597,41.394,42.535,1.000,0.000,0.0000
647.070,-54.750,37.388,0.304,8.634,41.480,42.618,1.000,0.000,0.0000
647.080,-54.663,37.388,0.305,8.669,41.567,42.701,1.000,0.000,0.0000
647.090,-54.576,37.388,0.306,8.704,41.654,42.785,1.000,0.000,0.0000
647.100,-54.488,37.388,0.308,8.737,41.742,42.869,1.000,0.000,0.0000
647.110,-54.401,37.388,0.309,8.773,41.829,42.954,1.000,0.000,0.0000
647.120,-54.313,37.387,0.310,8.814,41.917,43.039,1.000,0.000,0.0000
647.130,-54.224,37.387,0.312,8.857,42.006,43.125,1.000,0.000,0.0000
647.140,-54.135,37.387,0.312,8.902,42.095,43.211,1.000,0.000,0.0000
647.150,-54.046,37.387,0.313,8.947,42.184,43.297,1.000,0.000,0.0000
647.160,-53.956,37.386,0.314,8.991,42.274,43.384,1.000,0.000,0.0000
647.170,-53.865,37.386,0.315,9.034,42.365,43.471,1.000,0.000,0.0000
647.180,-53.775,37.386,0.315,9.075,42.455,43.559,1.000,0.000,0.0000
647.190,-53.683,37.385,0.316,9.114,42.547,43.647,1.000,0.000,0.0000
647.200,-53.592,37.385,0.316,9.145,42.638,43.736,1.000,0.000,0.0000
647.210,-53.500,37.384,0.316,9.178,42.730,43.825,1.000,0.000,0.0000
647.220,-53.408,37.384,0.316,9.211,42.822,43.914,1.000,0.000,0.0000
647.230,-53.316,37.384,0.316,9.240,42.914,44.004,1.000,0.000,0.0000
647.240,-53.223,37.384,0.316,9.275,43.007,44.094,1.000,0.000,0.0000
647.250,-53.130,37.383,0.316,9.314,43.100,44.184,1.000,0.000,0.0000
647.260,-53.036,37.383,0.316,9.358,43.194,44.275,1.000,0.000,0.0000
647.270,-52.942,37.383,0.315,9.403,43.288,44.367,1.000,0.000,0.0000
647.280,-52.848,37.383,0.315,9.448,43.382,44.458,1.000,0.000,0.0000
647.290,-52.753,37.382,0.315,9.493,43.477,44.551,1.000,0.000,0.0000
647.300,-52.657,37.382,0.314,9.537,43.573,44.643,1.000,0.000,0.0000
647.310,-52.562,37.382,0.314,9.579,43.668,44.736,1.000,0.000,0.0000
647.320,-52.466,37.382,0.313,9.616,43.764,44.830,1.000,0.000,0.0000
647.330,-52.369,37.382,0.313,9.651,43.861,44.924,1.000,0.000,0.0000
647.340,-52.272,37.382,0.312,9.684,43.958,45.018,1.000,0.000,0.0000
647.350,-52.175,37.381,0.312,9.711,44.055,45.112,1.000,0.000,0.0000
647.360,-52.078,37.381,0.311,9.743,44.152,45.207,1.000,0.000,0.0000
647.370,-51.980,37.381,0.311,9.782,44.250,45.302,1.000,0.000,0.0000
647.380,-51.882,37.380,0.310,9.825,44.348,45.398,1.000,0.000,0.0000
647.390,-51.783,37.380,0.310,9.872,44.447,45.494,1.000,0.000,0.0000
647.400,-51.684,37.380,0.310,9.919,44.546,45.590,1.000,0.000,0.0000
647.410,-51.584,37.379,0.309,9.966,44.646,45.687,1.000,0.000,0.0000
647.420,-51.484,37.379,0.309,10.012,44.746,45.785,1.000,0.000,0.0000
647.430,-51.383,37.378,0.309,10.055,44.847,45.883,1.000,0.000,0.0000
647.440,-51.282,37.378,0.308,10.092,44.948,45.981,1.000,0.000,0.0000
647.450,-51.181,37.378,0.308,10.127,45.049,46.079,1.000,0.000,0.0000
647.460,-51.080,37.377,0.308,10.161,45.150,46.178,1.000,0.000,0.0000
647.470,-50.978,37.377,0.308,10.189,45.252,46.277,1.000,0.000,0.0000
647.480,-50.875,37.376,0.308,10.225,45.355,46.377,1.000,0.000,0.0000
647.490,-50.773,37.376,0.308,10.265,45.457,46.477,1.000,0.000,0.0000
647.500,-50.670,37.376,0.308,10.310,45.560,46.577,1.000,0.000,0.0000
647.510,-50.566,37.375,0.308,10.357,45.664,46.678,1.000,0.000,0.0000
647.520,-50.462,37.375,0.308,10.404,45.768,46.779,1.000,0.000,0.0000
647.530,-50.358,37.375,0.308,10.451,45.872,46.881,1.000,0.000,0.0000
647.540,-50.253,37.374,0.308,10.496,45.977,46.983,1.000,0.000,0.0000
647.550,-50.147,37.374,0.309,10.537,46.083,47.085,1.000,0.000,0.0000
647.560,-50.041,37.374,0.309,10.574,46.189,47.188,1.000,0.000,0.0000
647.570,-49.935,37.373,0.309,10.607,46.295,47.292,1.000,0.000,0.0000
647.580,-49.829,37.373,0.309,10.640,46.401,47.395,1.000,0.000,0.0000
647.590,-49.722,37.373,0.309,10.671,46.508,47.499,1.000,0.000,0.0000
647.600,-49.615,37.372,0.309,10.707,46.615,47.604,1.000,0.000,0.0000
647.610,-49.508,37.372,0.310,10.748,46.722,47.708,1.000,0.000,0.0000
647.620,-49.400,37.372,0.310,10.794,46.830,47.813,1.000,0.000,0.0000
647.630,-49.291,37.371,0.310,10.841,46.939,47.919,1.000,0.000,0.0000
647.640,-49.182,37.371,0.310,10.888,47.048,48.025,1.000,0.000,0.0000
647.650,-49.073,37.370,0.310,10.933,47.157,48.132,1.000,0.000,0.0000
647.660,-48.963,37.370,0.310,10.975,47.267,48.239,1.000,0.000,0.0000
647.670,-48.853,37.369,0.310,11.009,47.377,48.346,1.000,0.000,0.0000
647.680,-48.743,37.369,0.311,11.042,47.487,48.454,1.000,0.000,0.0000
647.690,-48.632,37.368,0.311,11.072,47.598,48.562,1.000,0.000,0.0000
647.700,-48.521,37.367,0.311,11.094,47.709,48.670,1.000,0.000,0.0000
647.710,-48.410,37.367,0.311,11.111,47.820,48.778,1.000,0.000,0.0000
647.720,-48.299,37.367,0.311,11.126,47.931,48.887,1.000,0.000,0.0000
647.730,-48.187,37.366,0.311,11.138,48.043,48.995,1.000,0.000,0.0000
647.740,-48.076,37.366,0.312,11.148,48.154,49.104,1.000,0.000,0.0000
647.750,-47.964,37.365,0.312,11.156,48.266,49.213,1.000,0.000,0.0000
647.760,-47.853,37.365,0.312,11.161,48.377,49.322,1.000,0.000,0.0000
647.770,-47.741,37.364,0.313,11.157,48.489,49.431,1.000,0.000,0.0000
647.780,-47.630,37.364,0.313,11.152,48.600,49.539,1.000,0.000,0.0000
647.790,-47.518,37.364,0.314,11.146,48.712,49.648,1.000,0.000,0.0000
647.800,-47.407,37.363,0.314,11.135,48.823,49.757,1.000,0.000,0.0000
647.810,-47.296,37.363,0.315,11.129,48.934,49.865,1.000,0.000,0.0000
647.820,-47.184,37.362,0.315,11.129,49.046,49.974,1.000,0.000,0.0000
647.830,-47.073,37.362,0.316,11.134,49.157,50.082,1.000,0.000,0.0000
647.840,-46.962,37.361,0.316,11.141,49.268,50.191,1.000,0.000,0.0000
647.850,-46.850,37.361,0.317,11.149,49.380,50.300,1.000,0.000,0.0000
647.860,-46.739,37.360,0.317,11.155,49.491,50.409,1.000,0.000,0.0000
647.870,-46.627,37.360,0.318,11.152,49.603,50.518,1.000,0.000,0.0000
647.880,-46.516,37.359,0.318,11.148,49.714,50.627,1.000,0.000,0.0000
647.890,-46.404,37.359,0.318,11.142,49.826,50.736,1.000,0.000,0.0000
647.900,-46.293,37.358,0.318,11.137,49.937,50.844,1.000,0.000,0.0000
647.910,-46.182,37.357,0.319,11.126,50.048,50.953,1.000,0.000,0.0000
647.920,-46.070,37.357,0.319,11.122,50.160,51.062,1.000,0.000,0.0000
647.930,-45.959,37.357,0.319,11.123,50.271,51.171,1.000,0.000,0.0000
647.940,-45.848,37.356,0.319,11.127,50.382,51.279,1.000,0.000,0.0000
647.950,-45.736,37.356,0.319,11.134,50.494,51.388,1.000,0.000,0.0000
647.960,-45.625,37.356,0.319,11.140,50.605,51.497,1.000,0.000,0.0000
647.970,-45.514,37.355,0.319,11.139,50.716,51.606,1.000,0.000,0.0000
647.980,-45.402,37.355,0.319,11.137,50.828,51.715,1.000,0.000,0.0000
647.990,-45.291,37.354,0.319,11.133,50.939,51.824,1.000,0.000,0.0000
648.000,-45.180,37.354,0.319,11.129,51.050,51.933,1.000,0.000,0.0000
648.010,-45.069,37.354,0.319,11.116,51.162,52.042,1.000,0.000,0.0000
648.020,-44.957,37.353,0.319,11.110,51.273,52.151,1.000,0.000,0.0000
648.030,-44.846,37.353,0.319,11.109,51.384,52.259,1.000,0.000,0.0000
648.040,-44.735,37.353,0.318,11.114,51.495,52.368,1.000,0.000,0.0000
648.050,-44.624,37.352,0.318,11.121,51.606,52.477,1.000,0.000,0.0000
648.060,-44.513,37.352,0.318,11.129,51.717,52.586,1.000,0.000,0.0000
648.070,-44.401,37.351,0.318,11.136,51.829,52.695,1.000,0.000,0.0000
648.080,-44.290,37.350,0.318,11.136,51.940,52.804,1.000,0.000,0.0000
648.090,-44.179,37.350,0.317,11.134,52.051,52.913,1.000,0.000,0.0000
648.100,-44.067,37.349,0.317,11.131,52.163,53.022,1.000,0.000,0.0000
648.110,-43.956,37.349,0.317,11.126,52.274,53.131,1.000,0.000,0.0000
648.120,-43.845,37.348,0.317,11.116,52.385,53.240,1.000,0.000,0.0000
648.130,-43.734,37.348,0.317,11.111,52.496,53.349,1.000,0.000,0.0000
648.140,-43.623,37.348,0.317,11.112,52.607,53.458,1.000,0.000,0.0000
648.150,-43.511,37.347,0.317,11.118,52.719,53.567,1.000,0.000,0.0000
648.160,-43.400,37.347,0.316,11.125,52.830,53.676,1.000,0.000,0.0000
648.170,-43.289,37.347,0.316,11.133,52.941,53.785,1.000,0.000,0.0000
648.180,-43.178,37.346,0.316,11.135,53.052,53.894,1.000,0.000,0.0000
648.190,-43.066,37.346,0.316,11.135,53.164,54.004,1.000,0.000,0.0000
648.200,-42.955,37.346,0.316,11.134,53.275,54.113,1.000,0.000,0.0000
648.210,-42.844,37.345,0.316,11.131,53.386,54.222,1.000,0.000,0.0000
648.220,-42.732,37.345,0.316,11.127,53.498,54.331,1.000,0.000,0.0000
648.230,-42.621,37.345,0.316,11.119,53.609,54.440,1.000,0.000,0.0000
648.240,-42.510,37.344,0.316,11.116,53.720,54.549,1.000,0.000,0.0000
648.250,-42.399,37.344,0.316,11.118,53.831,54.658,1.000,0.000,0.0000
648.260,-42.287,37.343,0.316,11.124,53.943,54.767,1.000,0.000,0.0000
648.270,-42.176,37.343,0.316,11.131,54.054,54.876,1.000,0.000,0.0000
648.280,-42.065,37.343,0.316,11.138,54.165,54.986,1.000,0.000,0.0000
648.290,-41.953,37.342,0.316,11.139,54.277,55.095,1.000,0.000,0.0000
648.300,-41.842,37.342,0.316,11.138,54.388,55.204,1.000,0.000,0.0000
648.310,-41.731,37.341,0.316,11.135,54.499,55.313,1.000,0.000,0.0000
648.320,-41.619,37.341,0.316,11.131,54.611,55.422,1.000,0.000,0.0000
648.330,-41.508,37.340,0.316,11.120,54.722,55.532,1.000,0.000,0.0000
648.340,-41.397,37.340,0.317,11.113,54.833,55.641,1.000,0.000,0.0000
648.350,-41.286,37.339,0.317,11.113,54.944,55.750,1.000,0.000,0.0000
648.360,-41.175,37.339,0.317,11.117,55.055,55.859,1.000,0.000,0.0000
648.370,-41.063,37.339,0.317,11.124,55.167,55.968,1.000,0.000,0.0000
648.380,-40.952,37.338,0.317,11.130,55.278,56.077,1.000,0.000,0.0000
648.390,-40.841,37.338,0.317,11.132,55.389,56.186,1.000,0.000,0.0000
648.400,-40.730,37.338,0.317,11.133,55.500,56.296,1.000,0.000,0.0000
648.410,-40.618,37.338,0.317,11.133,55.612,56.405,1.000,0.000,0.0000
648.420,-40.507,37.337,0.317,11.131,55.723,56.514,1.000,0.000,0.0000
648.430,-40.396,37.337,0.317,11.128,55.834,56.624,1.000,0.000,0.0000
648.440,-40.284,37.337,0.317,11.118,55.946,56.733,1.000,0.000,0.0000
648.450,-40.173,37.336,0.317,11.114,56.057,56.842,1.000,0.000,0.0000
648.460,-40.062,37.336,0.317,11.114,56.168,56.951,1.000,0.000,0.0000
648.470,-39.951,37.336,0.317,11.119,56.279,57.060,1.000,0.000,0.0000
648.480,-39.840,37.335,0.317,11.126,56.390,57.170,1.000,0.000,0.0000
648.490,-39.728,37.335,0.317,11.130,56.502,57.279,1.000,0.000,0.0000
648.500,-39.617,37.334,0.317,11.132,56.613,57.388,1.000,0.000,0.0000
648.510,-39.506,37.334,0.317,11.132,56.724,57.498,1.000,0.000,0.0000
648.520,-39.394,37.333,0.317,11.131,56.836,57.607,1.000,0.000,0.0000
648.530,-39.283,37.333,0.317,11.129,56.947,57.716,1.000,0.000,0.0000
648.540,-39.172,37.332,0.317,11.117,57.058,57.826,1.000,0.000,0.0000
648.550,-39.061,37.332,0.317,11.110,57.169,57.935,1.000,0.000,0.0000
648.560,-38.950,37.332,0.317,11.108,57.280,58.044,1.000,0.000,0.0000
648.570,-38.839,37.332,0.317,11.112,57.391,58.153,1.000,0.000,0.0000
648.580,-38.728,37.331,0.317,11.118,57.502,58.262,1.000,0.000,0.0000
648.590,-38.616,37.331,0.317,11.126,57.614,58.372,1.000,0.000,0.0000
648.600,-38.505,37.331,0.317,11.129,57.725,58.481,1.000,0.000,0.0000
648.610,-38.394,37.330,0.317,11.131,57.836,58.591,1.000,0.000,0.0000
648.620,-38.282,37.330,0.317,11.132,57.948,58.700,1.000,0.000,0.0000
648.630,-38.171,37.330,0.317,11.130,58.059,58.810,1.000,0.000,0.0000
648.640,-38.060,37.330,0.317,11.128,58.170,58.919,1.000,0.000,0.0000
648.650,-37.949,37.329,0.317,11.117,58.281,59.028,1.000,0.000,0.0000
648.660,-37.837,37.329,0.317,11.111,58.393,59.138,1.000,0.000,0.0000
648.670,-37.726,37.329,0.317,11.110,58.504,59.247,1.000,0.000,0.0000
648.680,-37.615,37.329,0.317,11.114,58.615,59.356,1.000,0.000,0.0000
648.690,-37.504,37.328,0.317,11.121,58.726,59.466,1.000,0.000,0.0000
648.700,-37.393,37.328,0.317,11.128,58.837,59.575,1.000,0.000,0.0000
648.710,-37.281,37.327,0.317,11.131,58.949,59.685,1.000,0.000,0.0000
648.720,-37.170,37.327,0.317,11.132,59.060,59.794,1.000,0.000,0.0000
648.730,-37.059,37.327,0.317,11.132,59.171,59.904,1.000,0.000,0.0000
648.740,-36.947,37.326,0.317,11.130,59.283,60.013,1.000,0.000,0.0000
648.750,-36.836,37.326,0.317,11.127,59.394,60.123,1.000,0.000,0.0000
648.760,-36.725,37.325,0.317,11.117,59.505,60.232,1.000,0.000,0.0000
648.770,-36.614,37.325,0.317,11.112,59.616,60.341,1.000,0.000,0.0000
648.780,-36.503,37.325,0.317,11.113,59.727,60.451,1.000,0.000,0.0000
648.790,-36.392,37.324,0.317,11.117,59.838,60.560,1.000,0.000,0.0000
648.800,-36.280,37.324,0.317,11.124,59.950,60.670,1.000,0.000,0.0000
648.810,-36.169,37.324,0.317,11.127,60.061,60.779,1.000,0.000,0.0000
648.820,-36.058,37.324,0.317,11.129,60.172,60.889,1.000,0.000,0.0000
648.830,-35.947,37.323,0.317,11.130,60.283,60.998,1.000,0.000,0.0000
648.840,-35.835,37.323,0.317,11.130,60.395,61.108,1.000,0.000,0.0000
648.850,-35.724,37.323,0.317,11.128,60.506,61.218,1.000,0.000,0.0000
648.860,-35.613,37.323,0.317,11.117,60.617,61.327,1.000,0.000,0.0000
648.870,-35.502,37.323,0.317,11.110,60.728,61.436,1.000,0.000,0.0000
648.880,-35.391,37.322,0.317,11.108,60.839,61.546,1.000,0.000,0.0000
648.890,-35.279,37.322,0.317,11.111,60.951,61.655,1.000,0.000,0.0000
648.900,-35.168,37.322,0.317,11.117,61.062,61.765,1.000,0.000,0.0000
648.910,-35.057,37.321,0.317,11.125,61.173,61.874,1.000,0.000,0.0000
648.920,-34.946,37.321,0.317,11.128,61.284,61.984,1.000,0.000,0.0000
648.930,-34.834,37.321,0.317,11.130,61.396,62.094,1.000,0.000,0.0000
648.940,-34.723,37.320,0.317,11.131,61.507,62.203,1.000,0.000,0.0000
648.950,-34.612,37.320,0.317,11.130,61.618,62.313,1.000,0.000,0.0000
648.960,-34.501,37.320,0.317,11.127,61.729,62.422,1.000,0.000,0.0000
648.970,-34.389,37.319,0.317,11.117,61.841,62.532,1.000,0.000,0.0000
648.980,-34.278,37.319,0.317,11.110,61.952,62.641,1.000,0.000,0.0000
648.990,-34.167,37.319,0.317,11.110,62.063,62.751,1.000,0.000,0.0000
649.000,-34.056,37.318,0.317,11.113,62.174,62.860,1.000,0.000,0.0000
649.010,-33.945,37.318,0.317,11.119,62.285,62.970,1.000,0.000,0.0000
649.020,-33.834,37.318,0.317,11.124,62.396,63.080,1.000,0.000,0.0000
649.030,-33.722,37.318,0.317,11.127,62.508,63.189,1.000,0.000,0.0000
649.040,-33.611,37.318,0.317,11.129,62.619,63.299,1.000,0.000,0.0000
649.050,-33.500,37.317,0.317,11.129,62.730,63.409,1.000,0.000,0.0000
649.060,-33.389,37.317,0.317,11.128,62.841,63.518,1.000,0.000,0.0000
649.070,-33.277,37.317,0.317,11.126,62.953,63.628,1.000,0.000,0.0000
649.080,-33.166,37.317,0.317,11.117,63.064,63.738,1.000,0.000,0.0000
649.090,-33.055,37.317,0.317,11.111,63.175,63.847,1.000,0.000,0.0000
649.100,-32.944,37.317,0.317,11.111,63.286,63.957,1.000,0.000,0.0000
649.110,-32.833,37.316,0.317,11.115,63.397,64.066,1.000,0.000,0.0000
649.120,-32.722,37.316,0.317,11.122,63.509,64.176,1.000,0.000,0.0000
649.130,-32.610,37.316,0.317,11.125,63.620,64.286,1.000,0.000,0.0000
649.140,-32.499,37.315,0.317,11.128,63.731,64.395,1.000,0.000,0.0000
649.150,-32.388,37.315,0.317,11.129,63.842,64.505,1.000,0.000,0.0000
649.160,-32.276,37.314,0.317,11.129,63.954,64.615,1.000,0.000,0.0000
649.170,-32.165,37.314,0.317,11.127,64.065,64.725,1.000,0.000,0.0000
649.180,-32.054,37.314,0.317,11.116,64.176,64.834,1.000,0.000,0.0000
649.190,-31.943,37.314,0.317,11.109,64.287,64.944,1.000,0.000,0.0000
649.200,-31.832,37.313,0.317,11.107,64.398,65.053,1.000,0.000,0.0000
649.210,-31.721,37.313,0.317,11.110,64.509,65.163,1.000,0.000,0.0000
649.220,-31.610,37.313,0.317,11.116,64.620,65.273,1.000,0.000,0.0000
649.230,-31.498,37.313,0.317,11.121,64.732,65.382,1.000,0.000,0.0000
649.240,-31.387,37.313,0.317,11.125,64.843,65.492,1.000,0.000,0.0000
649.250,-31.276,37.312,0.317,11.127,64.954,65.602,1.000,0.000,0.0000
649.260,-31.165,37.312,0.317,11.128,65.065,65.712,1.000,0.000,0.0000
649.270,-31.053,37.312,0.317,11.128,65.177,65.821,1.000,0.000,0.0000
649.280,-30.942,37.312,0.317,11.126,65.288,65.931,1.000,0.000,0.0000
649.290,-30.831,37.312,0.317,11.116,65.399,66.041,1.000,0.000,0.0000
649.300,-30.720,37.312,0.317,11.110,65.510,66.151,1.000,0.000,0.0000
649.310,-30.609,37.312,0.317,11.109,65.621,66.260,1.000,0.000,0.0000
649.320,-30.498,37.311,0.317,11.112,65.732,66.370,1.000,0.000,0.0000
649.330,-30.386,37.311,0.317,11.118,65.844,66.480,1.000,0.000,0.0000
649.340,-30.275,37.311,0.317,11.122,65.955,66.589,1.000,0.000,0.0000
649.350,-30.164,37.310,0.317,11.126,66.066,66.699,1.000,0.000,0.0000
649.360,-30.053,37.310,0.317,11.127,66.177,66.809,1.000,0.000,0.0000
649.370,-29.941,37.310,0.317,11.128,66.289,66.919,1.000,0.000,0.0000
649.380,-29.830,37.309,0.317,11.127,66.400,67.029,1.000,0.000,0.0000
649.390,-29.719,37.309,0.317,11.125,66.511,67.139,1.000,0.000,0.0000
649.400,-29.608,37.309,0.317,11.116,66.622,67.248,1.000,0.000,0.0000
649.410,-29.497,37.309,0.317,11.111,66.733,67.358,1.000,0.000,0.0000
649.420,-29.385,37.308,0.317,11.111,66.845,67.468,1.000,0.000,0.0000
649.430,-29.274,37.308,0.317,11.114,66.956,67.577,1.000,0.000,0.0000
649.440,-29.163,37.308,0.317,11.119,67.067,67.687,1.000,0.000,0.0000
649.450,-29.052,37.308,0.317,11.123,67.178,67.797,1.000,0.000,0.0000
649.460,-28.941,37.308,0.317,11.126,67.289,67.907,1.000,0.000,0.0000
649.470,-28.829,37.308,0.317,11.127,67.401,68.017,1.000,0.000,0.0000
649.480,-28.718,37.308,0.317,11.127,67.512,68.127,1.000,0.000,0.0000
649.490,-28.607,37.307,0.317,11.126,67.623,68.237,1.000,0.000,0.0000
649.500,-28.496,37.307,0.317,11.116,67.734,68.346,1.000,0.000,0.0000
649.510,-28.385,37.307,0.317,11.109,67.845,68.456,1.000,0.000,0.0000
649.520,-28.273,37.307,0.317,11.107,67.957,68.566,1.000,0.000,0.0000
649.530,-28.162,37.307,0.317,11.108,68.068,68.676,1.000,0.000,0.0000
649.540,-28.051,37.307,0.317,11.113,68.179,68.785,1.000,0.000,0.0000
649.550,-27.940,37.306,0.317,11.118,68.290,68.895,1.000,0.000,0.0000
649.560,-27.829,37.306,0.317,11.122,68.401,69.005,1.000,0.000,0.0000
649.570,-27.718,37.306,0.317,11.125,68.512,69.115,1.000,0.000,0.0000
649.580,-27.606,37.306,0.317,11.127,68.624,69.225,1.000,0.000,0.0000
649.590,-27.495,37.305,0.317,11.127,68.735,69.335,1.000,0.000,0.0000
649.600,-27.384,37.305,0.317,11.125,68.846,69.445,1.000,0.000,0.0000
649.610,-27.273,37.305,0.317,11.116,68.957,69.555,1.000,0.000,0.0000
649.620,-27.162,37.305,0.317,11.110,69.068,69.664,1.000,0.000,0.0000
649.630,-27.050,37.304,0.317,11.108,69.180,69.774,1.000,0.000,0.0000
649.640,-26.939,37.304,0.317,11.110,69.291,69.884,1.000,0.000,0.0000
649.650,-26.828,37.304,0.317,11.114,69.402,69.994,1.000,0.000,0.0000
649.660,-26.717,37.304,0.317,11.118,69.513,70.104,1.000,0.000,0.0000
649.670,-26.606,37.304,0.317,11.122,69.624,70.213,1.000,0.000,0.0000
649.680,-26.495,37.304,0.317,11.125,69.735,70.323,1.000,0.000,0.0000
649.690,-26.383,37.304,0.317,11.126,69.847,70.433,1.000,0.000,0.0000
649.700,-26.272,37.304,0.317,11.126,69.958,70.543,1.000,0.000,0.0000
649.710,-26.161,37.304,0.317,11.116,70.069,70.653,1.000,0.000,0.0000
649.720,-26.050,37.304,0.317,11.109,70.180,70.763,1.000,0.000,0.0000
649.730,-25.939,37.303,0.317,11.106,70.291,70.873,1.000,0.000,0.0000
649.740,-25.828,37.303,0.317,11.107,70.402,70.983,1.000,0.000,0.0000
649.750,-25.717,37.303,0.317,11.110,70.513,71.092,1.000,0.000,0.0000
649.760,-25.605,37.303,0.317,11.114,70.625,71.202,1.000,0.000,0.0000
649.770,-25.494,37.303,0.317,11.119,70.736,71.312,1.000,0.000,0.0000
649.780,-25.383,37.302,0.317,11.123,70.847,71.422,1.000,0.000,0.0000
649.790,-25.272,37.302,0.317,11.125,70.958,71.532,1.000,0.000,0.0000
649.800,-25.161,37.302,0.317,11.126,71.069,71.642,1.000,0.000,0.0000
649.810,-25.049,37.302,0.317,11.125,71.181,71.752,1.000,0.000,0.0000
649.820,-24.938,37.301,0.317,11.115,71.292,71.862,1.000,0.000,0.0000
649.830,-24.827,37.301,0.317,11.109,71.403,71.972,1.000,0.000,0.0000
649.840,-24.716,37.301,0.317,11.107,71.514,72.082,1.000,0.000,0.0000
649.850,-24.605,37.301,0.317,11.108,71.625,72.192,1.000,0.000,0.0000
649.860,-24.494,37.301,0.317,11.112,71.736,72.302,1.000,0.000,0.0000
649.870,-24.383,37.301,0.317,11.116,71.847,72.412,1.000,0.000,0.0000
649.880,-24.271,37.301,0.317,11.120,71.959,72.522,1.000,0.000,0.0000
649.890,-24.160,37.301,0.317,11.123,72.070,72.632,1.000,0.000,0.0000
649.900,-24.049,37.300,0.317,11.125,72.181,72.742,1.000,0.000,0.0000
649.910,-23.938,37.300,0.317,11.126,72.292,72.852,1.000,0.000,0.0000
649.920,-23.826,37.300,0.317,11.124,72.404,72.962,1.000,0.000,0.0000
649.930,-23.715,37.300,0.317,11.116,72.515,73.072,1.000,0.000,0.0000
649.940,-23.604,37.300,0.317,11.110,72.626,73.182,1.000,0.000,0.0000
649.950,-23.493,37.300,0.317,11.108,72.737,73.291,1.000,0.000,0.0000
649.960,-23.382,37.300,0.317,11.110,72.848,73.401,1.000,0.000,0.0000
649.970,-23.271,37.300,0.317,11.113,72.959,73.511,1.000,0.000,0.0000
649.980,-23.160,37.300,0.317,11.117,73.070,73.621,1.000,0.000,0.0000
649.990,-23.049,37.299,0.317,11.121,73.182,73.731,1.000,0.000,0.0000
650.000,-22.937,37.299,0.317,11.123,73.293,73.841,1.000,0.000,0.0000
650.010,-22.826,37.299,0.317,11.125,73.404,73.951,1.000,0.000,0.0000
650.020,-22.715,37.299,0.317,11.125,73.515,74.062,1.000,0.000,0.0000
650.030,-22.604,37.299,0.317,11.115,73.626,74.172,1.000,0.000,0.0000
650.040,-22.493,37.298,0.317,11.108,73.737,74.281,1.000,0.000,0.0000
650.050,-22.381,37.298,0.317,11.106,73.849,74.391,1.000,0.000,0.0000
650.060,-22.270,37.298,0.317,11.107,73.960,74.501,1.000,0.000,0.0000
650.070,-22.159,37.298,0.317,11.110,74.071,74.611,1.000,0.000,0.0000
650.080,-22.048,37.298,0.317,11.114,74.182,74.721,1.000,0.000,0.0000
650.090,-21.937,37.298,0.317,11.118,74.293,74.831,1.000,0.000,0.0000
650.100,-21.826,37.298,0.317,11.122,74.404,74.941,1.000,0.000,0.0000
650.110,-21.715,37.298,0.317,11.124,74.515,75.051,1.000,0.000,0.0000
650.120,-21.603,37.298,0.317,11.125,74.627,75.162,1.000,0.000,0.0000
650.130,-21.492,37.298,0.317,11.124,74.738,75.272,1.000,0.000,0.0000
650.140,-21.381,37.298,0.317,11.115,74.849,75.382,1.000,0.000,0.0000
650.150,-21.270,37.298,0.317,11.109,74.960,75.492,1.000,0.000,0.0000
650.160,-21.159,37.298,0.317,11.107,75.071,75.602,1.000,0.000,0.0000
650.170,-21.048,37.298,0.317,11.108,75.182,75.712,1.000,0.000,0.0000
650.180,-20.937,37.297,0.317,11.111,75.293,75.822,1.000,0.000,0.0000
650.190,-20.825,37.297,0.317,11.115,75.405,75.932,1.000,0.000,0.0000
650.200,-20.714,37.297,0.317,11.119,75.516,76.042,1.000,0.000,0.0000
650.210,-20.603,37.297,0.317,11.122,75.627,76.152,1.000,0.000,0.0000
650.220,-20.492,37.297,0.317,11.124,75.738,76.262,1.000,0.000,0.0000
650.230,-20.381,37.296,0.317,11.124,75.850,76.372,1.000,0.000,0.0000
650.240,-20.269,37.296,0.317,11.123,75.961,76.482,1.000,0.000,0.0000
650.250,-20.158,37.296,0.317,11.115,76.072,76.592,1.000,0.000,0.0000
650.260,-20.047,37.296,0.317,11.110,76.183,76.702,1.000,0.000,0.0000
650.270,-19.936,37.296,0.317,11.108,76.294,76.812,1.000,0.000,0.0000
650.280,-19.825,37.296,0.317,11.109,76.405,76.922,1.000,0.000,0.0000
650.290,-19.714,37.296,0.317,11.112,76.516,77.032,1.000,0.000,0.0000
650.300,-19.603,37.296,0.317,11.116,76.627,77.142,1.000,0.000,0.0000
650.310,-19.491,37.296,0.317,11.120,76.739,77.253,1.000,0.000,0.0000
650.320,-19.380,37.296,0.317,11.122,76.850,77.363,1.000,0.000,0.0000
650.330,-19.269,37.296,0.317,11.124,76.961,77.473,1.000,0.000,0.0000
650.340,-19.158,37.296,0.317,11.124,77.072,77.583,1.000,0.000,0.0000
650.350,-19.047,37.296,0.317,11.115,77.183,77.693,1.000,0.000,0.0000
650.360,-18.935,37.296,0.317,11.108,77.295,77.803,1.000,0.000,0.0000
650.370,-18.824,37.296,0.317,11.106,77.406,77.913,1.000,0.000,0.0000
650.380,-18.713,37.295,0.317,11.106,77.517,78.023,1.000,0.000,0.0000
650.390,-18.602,37.295,0.317,11.109,77.628,78.133,1.000,0.000,0.0000
650.400,-18.491,37.295,0.317,11.113,77.739,78.243,1.000,0.000,0.0000
650.410,-18.380,37.295,0.317,11.117,77.850,78.353,1.000,0.000,0.0000
650.420,-18.269,37.295,0.317,11.121,77.961,78.464,1.000,0.000,0.0000
650.430,-18.157,37.295,0.317,11.123,78.073,78.574,1.000,0.000,0.0000
650.440,-18.046,37.295,0.317,11.124,78.184,78.684,1.000,0.000,0.0000
650.450,-17.935,37.294,0.317,11.123,78.295,78.794,1.000,0.000,0.0000
650.460,-17.824,37.294,0.317,11.115,78.406,78.904,1.000,0.000,0.0000
650.470,-17.713,37.294,0.317,11.109,78.517,79.014,1.000,0.000,0.0000
650.480,-17.602,37.294,0.317,11.107,78.628,79.124,1.000,0.000,0.0000
650.490,-17.491,37.294,0.317,11.107,78.739,79.234,1.000,0.000,0.0000
650.500,-17.380,37.294,0.317,11.110,78.850,79.345,1.000,0.000,0.0000
650.510,-17.268,37.294,0.317,11.114,78.962,79.455,1.000,0.000,0.0000
650.520,-17.157,37.294,0.317,11.118,79.073,79.565,1.000,0.000,0.0000
650.530,-17.046,37.294,0.317,11.121,79.184,79.675,1.000,0.000,0.0000
650.540,-16.935,37.294,0.317,11.123,79.295,79.785,1.000,0.000,0.0000
650.550,-16.824,37.294,0.317,11.124,79.406,79.896,1.000,0.000,0.0000
650.560,-16.712,37.294,0.317,11.119,79.518,80.006,1.000,0.000,0.0000
650.570,-16.601,37.294,0.317,11.112,79.629,80.116,1.000,0.000,0.0000
650.580,-16.490,37.294,0.317,11.107,79.740,80.226,1.000,0.000,0.0000
650.590,-16.379,37.294,0.317,11.106,79.851,80.336,1.000,0.000,0.0000
650.600,-16.268,37.294,0.317,11.108,79.962,80.446,1.000,0.000,0.0000
650.610,-16.157,37.294,0.317,11.111,80.073,80.556,1.000,0.000,0.0000
650.620,-16.046,37.294,0.317,11.115,80.184,80.666,1.000,0.000,0.0000
650.630,-15.935,37.294,0.317,11.119,80.295,80.777,1.000,0.000,0.0000
650.640,-15.823,37.293,0.317,11.121,80.407,80.887,1.000,0.000,0.0000
650.650,-15.712,37.293,0.317,11.123,80.518,80.997,1.000,0.000,0.0000
650.660,-15.601,37.293,0.317,11.123,80.629,81.107,1.000,0.000,0.0000
650.670,-15.490,37.293,0.317,11.117,80.740,81.218,1.000,0.000,0.0000
650.680,-15.379,37.293,0.317,11.111,80.851,81.328,1.000,0.000,0.0000
650.690,-15.268,37.293,0.317,11.107,80.962,81.438,1.000,0.000,0.0000
650.700,-15.156,37.293,0.317,11.107,81.074,81.548,1.000,0.000,0.0000
650.710,-15.045,37.293,0.317,11.109,81.185,81.658,1.000,0.000,0.0000
650.720,-14.934,37.293,0.317,11.112,81.296,81.768,1.000,0.000,0.0000
650.730,-14.823,37.293,0.317,11.116,81.407,81.878,1.000,0.000,0.0000
650.740,-14.712,37.293,0.317,11.119,81.518,81.989,1.000,0.000,0.0000
650.750,-14.601,37.293,0.317,11.122,81.629,82.099,1.000,0.000,0.0000
650.760,-14.489,37.293,0.317,11.123,81.741,82.209,1.000,0.000,0.0000
650.770,-14.378,37.293,0.317,11.123,81.852,82.319,1.000,0.000,0.0000
650.780,-14.267,37.293,0.317,11.115,81.963,82.430,1.000,0.000,0.0000
650.790,-14.156,37.293,0.317,11.109,82.074,82.540,1.000,0.000,0.0000
650.800,-14.045,37.293,0.317,11.106,82.185,82.650,1.000,0.000,0.0000
650.810,-13.934,37.293,0.317,11.107,82.296,82.760,1.000,0.000,0.0000
650.820,-13.823,37.293,0.317,11.110,82.407,82.870,1.000,0.000,0.0000
650.830,-13.712,37.293,0.317,11.113,82.518,82.980,1.000,0.000,0.0000
650.840,-13.600,37.293,0.317,11.117,82.630,83.091,1.000,0.000,0.0000
650.850,-13.489,37.292,0.317,11.120,82.741,83.201,1.000,0.000,0.0000
650.860,-13.378,37.292,0.317,11.122,82.852,83.311,1.000,0.000,0.0000
650.870,-13.267,37.292,0.317,11.123,82.963,83.422,1.000,0.000,0.0000
650.880,-13.156,37.292,0.317,11.118,83.074,83.532,1.000,0.000,0.0000
650.890,-13.044,37.292,0.317,11.114,83.186,83.642,1.000,0.000,0.0000
650.900,-12.933,37.292,0.317,11.110,83.297,83.752,1.000,0.000,0.0000
650.910,-12.822,37.292,0.317,11.108,83.408,83.862,1.000,0.000,0.0000
650.920,-12.711,37.292,0.317,11.108,83.519,83.973,1.000,0.000,0.0000
650.930,-12.600,37.292,0.317,11.111,83.630,84.083,1.000,0.000,0.0000
650.940,-12.489,37.292,0.317,11.114,83.741,84.193,1.000,0.000,0.0000
650.950,-12.378,37.292,0.317,11.117,83.852,84.303,1.000,0.000,0.0000
650.960,-12.267,37.292,0.317,11.120,83.963,84.414,1.000,0.000,0.0000
650.970,-12.155,37.292,0.317,11.122,84.075,84.524,1.000,0.000,0.0000
650.980,-12.044,37.292,0.317,11.122,84.186,84.634,1.000,0.000,0.0000
650.990,-11.933,37.292,0.317,11.118,84.297,84.745,0.940,0.000,0.0000
651.000,-11.822,37.292,0.317,11.100,84.408,84.855,0.880,0.000,0.0000
651.010,-11.711,37.292,0.317,11.072,84.519,84.965,0.820,0.000,0.0000
651.020,-11.601,37.292,0.317,11.038,84.629,85.074,0.760,0.000,0.0000
651.030,-11.491,37.292,0.317,11.002,84.739,85.183,0.700,0.000,0.0000
651.040,-11.381,37.292,0.318,10.965,84.849,85.292,0.640,0.000,0.0000
651.050,-11.272,37.292,0.318,10.927,84.958,85.400,0.580,0.000,0.0000
651.060,-11.163,37.292,0.319,10.889,85.067,85.508,0.520,0.000,0.0000
651.070,-11.055,37.292,0.319,10.851,85.175,85.616,0.460,0.000,0.0000
651.080,-10.946,37.291,0.320,10.813,85.284,85.723,0.400,0.000,0.0000
651.090,-10.839,37.291,0.320,10.766,85.391,85.830,0.340,0.000,0.0000
651.100,-10.732,37.291,0.321,10.721,85.498,85.936,0.280,0.000,0.0000
651.110,-10.625,37.291,0.321,10.677,85.605,86.042,0.220,0.000,0.0000
651.120,-10.518,37.291,0.322,10.635,85.712,86.147,0.160,0.000,0.0000
651.130,-10.412,37.291,0.323,10.596,85.818,86.252,0.100,0.000,0.0000
651.140,-10.307,37.291,0.323,10.560,85.923,86.357,0.040,0.000,0.0000
651.150,-10.202,37.291,0.324,10.523,86.028,86.462,0.000,0.000,0.0000
651.160,-10.097,37.291,0.324,10.486,86.133,86.566,0.000,0.000,0.0000
651.170,-9.992,37.291,0.324,10.449,86.238,86.669,0.000,0.000,0.0000
651.180,-9.888,37.291,0.325,10.407,86.342,86.772,0.000,0.000,0.0000
651.190,-9.785,37.292,0.325,10.361,86.445,86.875,0.000,0.000,0.0000
651.200,-9.681,37.292,0.326,10.315,86.549,86.978,0.000,0.000,0.0000
651.210,-9.579,37.292,0.326,10.271,86.651,87.079,0.000,0.000,0.0000
651.220,-9.476,37.292,0.326,10.229,86.754,87.181,0.000,0.000,0.0000
651.230,-9.375,37.292,0.326,10.187,86.855,87.282,0.000,0.000,0.0000
651.240,-9.273,37.292,0.326,10.148,86.957,87.383,0.000,0.000,0.0000
651.250,-9.172,37.292,0.326,10.111,87.058,87.483,0.000,0.000,0.0000
651.260,-9.071,37.292,0.326,10.074,87.159,87.583,0.000,0.000,0.0000
651.270,-8.971,37.292,0.326,10.037,87.259,87.683,0.000,0.000,0.0000
