timestamp_sec,ego_x,ego_y,ego_z,ego_speed_mps,distance_to_intersection_m,distance_to_pedestrian_m,human_throttle,human_brake,human_steering_rad
666.330,-97.020,-52.451,0.317,0.000,0.790,10.744,0.000,0.000,0.0000
666.340,-97.020,-52.451,0.317,0.000,0.790,10.744,0.000,0.000,0.0000
666.350,-97.020,-52.451,0.317,0.000,0.790,10.744,0.000,0.000,0.0000
666.360,-97.020,-52.451,0.317,0.000,0.790,10.744,0.000,0.000,0.0000
666.370,-97.020,-52.451,0.317,0.000,0.790,10.744,0.000,0.000,0.0000
666.380,-97.020,-52.451,0.317,0.000,0.790,10.744,0.000,0.000,0.0000
666.390,-97.020,-52.451,0.317,0.000,0.790,10.744,0.000,0.000,0.0000
666.400,-97.020,-52.451,0.317,0.000,0.790,10.744,0.000,0.000,0.0000
666.410,-97.020,-52.451,0.317,0.000,0.790,10.744,0.000,0.000,0.0000
666.420,-97.020,-52.451,0.317,0.000,0.790,10.744,0.000,0.000,0.0000
666.430,-97.020,-52.451,0.317,0.000,0.790,10.744,0.000,0.000,0.0000
666.440,-97.020,-52.451,0.317,0.000,0.790,10.744,0.000,0.000,0.0000
666.450,-97.020,-52.451,0.317,0.000,0.790,10.744,0.000,0.000,0.0000
666.460,-97.020,-52.451,0.317,0.000,0.790,10.744,0.000,0.000,0.0000
666.470,-97.020,-52.451,0.317,0.000,0.790,10.744,0.000,0.000,0.0000
666.480,-97.020,-52.451,0.317,0.000,0.790,10.744,0.000,0.000,0.0000
666.490,-97.020,-52.451,0.317,0.000,0.790,10.744,0.040,0.000,0.0000
666.500,-97.020,-52.451,0.317,0.004,0.790,10.744,0.080,0.000,0.0000
666.510,-97.020,-52.451,0.317,0.010,0.790,10.744,0.120,0.000,0.0000
666.520,-97.020,-52.450,0.317,0.018,0.790,10.744,0.160,0.000,0.0000
666.530,-97.020,-52.449,0.316,0.027,0.790,10.744,0.200,0.000,0.0000
666.540,-97.020,-52.447,0.316,0.035,0.790,10.745,0.240,0.000,0.0000
666.550,-97.020,-52.446,0.316,0.041,0.790,10.745,0.280,0.000,0.0000
666.560,-97.020,-52.443,0.315,0.047,0.790,10.745,0.320,0.000,0.0000
666.570,-97.020,-52.440,0.315,0.051,0.790,10.746,0.360,0.000,0.0000
666.580,-97.020,-52.437,0.314,0.054,0.790,10.746,0.400,0.000,0.0000
666.590,-97.020,-52.434,0.314,0.056,0.790,10.747,0.440,0.000,0.0000
666.600,-97.020,-52.430,0.313,0.056,0.790,10.748,0.480,0.000,0.0000
666.610,-97.020,-52.425,0.312,0.056,0.790,10.748,0.520,0.000,0.0000
666.620,-97.020,-52.421,0.312,0.055,0.790,10.749,0.560,0.000,0.0000
666.630,-97.020,-52.415,0.311,0.054,0.790,10.749,0.600,0.000,0.0000
666.640,-97.020,-52.410,0.311,0.051,0.790,10.750,0.640,0.000,0.0000
666.650,-97.020,-52.404,0.310,0.048,0.790,10.750,0.680,0.000,0.0000
666.660,-97.020,-52.397,0.310,0.045,0.790,10.751,0.720,0.000,0.0000
666.670,-97.020,-52.391,0.309,0.041,0.790,10.751,0.760,0.000,0.0000
666.680,-97.020,-52.384,0.309,0.037,0.790,10.751,0.800,0.000,0.0000
666.690,-97.020,-52.376,0.309,0.033,0.790,10.752,0.840,0.000,0.0000
666.700,-97.020,-52.368,0.308,0.028,0.790,10.752,0.880,0.000,0.0000
666.710,-97.020,-52.360,0.308,0.024,0.790,10.752,0.920,0.000,0.0000
666.720,-97.020,-52.351,0.308,0.019,0.790,10.752,0.960,0.000,0.0000
666.730,-97.020,-52.341,0.308,0.014,0.790,10.753,1.000,0.000,0.0000
666.740,-97.020,-52.332,0.308,0.010,0.790,10.753,1.000,0.000,0.0000
666.750,-97.020,-52.322,0.308,0.006,0.790,10.753,1.000,0.000,0.0000
666.760,-97.020,-52.311,0.308,0.002,0.790,10.753,1.000,0.000,0.0000
666.770,-97.020,-52.301,0.308,0.003,0.790,10.753,1.000,0.000,0.0000
666.780,-97.020,-52.289,0.308,0.006,0.790,10.753,1.000,0.000,0.0000
666.790,-97.020,-52.278,0.308,0.009,0.790,10.753,1.000,0.000,0.0000
666.800,-97.020,-52.266,0.308,0.012,0.790,10.752,1.000,0.000,0.0000
666.810,-97.020,-52.253,0.308,0.014,0.790,10.752,1.000,0.000,0.0000
666.820,-97.020,-52.240,0.308,0.016,0.790,10.752,1.000,0.000,0.0000
666.830,-97.020,-52.227,0.308,0.018,0.790,10.752,1.000,0.000,0.0000
666.840,-97.020,-52.213,0.309,0.019,0.790,10.752,1.000,0.000,0.0000
666.850,-97.020,-52.199,0.309,0.020,0.790,10.752,1.000,0.000,0.0000
666.860,-97.020,-52.185,0.309,0.021,0.790,10.751,1.000,0.000,0.0000
666.870,-97.020,-52.170,0.309,0.021,0.790,10.751,1.000,0.000,0.0000
666.880,-97.020,-52.155,0.310,0.021,0.790,10.751,1.000,0.000,0.0000
666.890,-97.020,-52.139,0.310,0.020,0.790,10.751,1.000,0.000,0.0000
666.900,-97.020,-52.123,0.310,0.020,0.790,10.751,1.000,0.000,0.0000
666.910,-97.020,-52.107,0.310,0.019,0.790,10.750,1.000,0.000,0.0000
666.920,-97.020,-52.090,0.310,0.018,0.790,10.750,1.000,0.000,0.0000
666.930,-97.020,-52.073,0.310,0.016,0.790,10.750,1.000,0.000,0.0000
666.940,-97.020,-52.055,0.311,0.015,0.790,10.750,1.000,0.000,0.0000
666.950,-97.020,-52.037,0.311,0.013,0.790,10.750,1.000,0.000,0.0000
666.960,-97.020,-52.019,0.311,0.012,0.790,10.750,1.000,0.000,0.0000
666.970,-97.020,-52.000,0.311,0.010,0.790,10.750,1.000,0.000,0.0000
666.980,-97.020,-51.981,0.311,0.008,0.790,10.749,1.000,0.000,0.0000
666.990,-97.020,-51.961,0.311,0.006,0.790,10.749,1.000,0.000,0.0000
667.000,-97.020,-51.941,0.311,0.005,0.790,10.749,1.000,0.000,0.0000
667.010,-97.020,-51.921,0.311,0.003,0.790,10.749,1.000,0.000,0.0000
667.020,-97.020,-51.900,0.311,0.002,0.790,10.749,1.000,0.000,0.0000
667.030,-97.020,-51.879,0.311,0.002,0.790,10.749,1.000,0.000,0.0000
667.040,-97.020,-51.857,0.311,0.002,0.790,10.749,1.000,0.000,0.0000
667.050,-97.020,-51.835,0.311,0.003,0.790,10.749,1.000,0.000,0.0000
667.060,-97.019,-51.813,0.311,0.004,0.790,10.749,1.000,0.000,0.0000
667.070,-97.019,-51.790,0.311,0.005,0.790,10.749,1.000,0.000,0.0000
667.080,-97.019,-51.767,0.311,0.006,0.790,10.749,1.000,0.000,0.0000
667.090,-97.019,-51.744,0.311,0.007,0.790,10.750,1.000,0.000,0.0000
667.100,-97.019,-51.720,0.311,0.007,0.790,10.750,1.000,0.000,0.0000
667.110,-97.019,-51.695,0.311,0.008,0.790,10.750,1.000,0.000,0.0000
667.120,-97.019,-51.671,0.311,0.008,0.790,10.750,1.000,0.000,0.0000
667.130,-97.019,-51.646,0.311,0.008,0.790,10.750,1.000,0.000,0.0000
667.140,-97.019,-51.620,0.311,0.008,0.790,10.750,1.000,0.000,0.0000
667.150,-97.019,-51.594,0.310,0.008,0.790,10.750,1.000,0.000,0.0000
667.160,-97.019,-51.568,0.310,0.008,0.790,10.750,1.000,0.000,0.0000
667.170,-97.019,-51.541,0.310,0.007,0.790,10.750,1.000,0.000,0.0000
667.180,-97.019,-51.514,0.310,0.007,0.790,10.750,1.000,0.000,0.0000
667.190,-97.019,-51.487,0.310,0.007,0.789,10.750,1.000,0.000,0.0000
667.200,-97.019,-51.459,0.310,0.006,0.789,10.750,1.000,0.000,0.0000
667.210,-97.019,-51.430,0.310,0.006,0.789,10.750,1.000,0.000,0.0000
667.220,-97.019,-51.402,0.310,0.005,0.789,10.750,1.000,0.000,0.0000
667.230,-97.019,-51.373,0.310,0.004,0.789,10.750,1.000,0.000,0.0000
667.240,-97.019,-51.343,0.310,0.004,0.789,10.750,1.000,0.000,0.0000
667.250,-97.019,-51.313,0.310,0.003,0.789,10.750,1.000,0.000,0.0000
667.260,-97.019,-51.283,0.310,0.003,0.789,10.751,1.000,0.000,0.0000
667.270,-97.019,-51.252,0.310,0.003,0.789,10.751,1.000,0.000,0.0000
667.280,-97.019,-51.221,0.310,0.003,0.789,10.751,1.000,0.000,0.0000
667.290,-97.019,-51.190,0.310,0.003,0.789,10.751,1.000,0.000,0.0000
667.300,-97.019,-51.158,0.310,0.003,0.789,10.751,1.000,0.000,0.0000
667.310,-97.019,-51.126,0.310,0.003,0.789,10.750,1.000,0.000,0.0000
667.320,-97.019,-51.093,0.310,0.003,0.789,10.750,1.000,0.000,0.0000
667.330,-97.019,-51.060,0.310,0.003,0.789,10.750,1.000,0.000,0.0000
667.340,-97.019,-51.027,0.310,0.003,0.789,10.750,1.000,0.000,0.0000
667.350,-97.019,-50.993,0.310,0.004,0.789,10.750,1.000,0.000,0.0000
667.360,-97.019,-50.958,0.310,0.004,0.789,10.750,1.000,0.000,0.0000
667.370,-97.019,-50.924,0.310,0.004,0.789,10.750,1.000,0.000,0.0000
667.380,-97.019,-50.889,0.310,0.004,0.789,10.750,1.000,0.000,0.0000
667.390,-97.019,-50.853,0.310,0.004,0.789,10.750,1.000,0.000,0.0000
667.400,-97.019,-50.817,0.310,0.004,0.789,10.750,1.000,0.000,0.0000
667.410,-97.019,-50.781,0.310,0.004,0.789,10.750,1.000,0.000,0.0000
667.420,-97.019,-50.745,0.310,0.004,0.789,10.750,1.000,0.000,0.0000
667.430,-97.019,-50.708,0.310,0.004,0.789,10.750,1.000,0.000,0.0000
667.440,-97.019,-50.670,0.310,0.004,0.789,10.750,1.000,0.000,0.0000
667.450,-97.019,-50.632,0.310,0.004,0.789,10.750,1.000,0.000,0.0000
667.460,-97.019,-50.594,0.310,0.004,0.789,10.750,1.000,0.000,0.0000
667.470,-97.018,-50.556,0.310,0.004,0.789,10.750,1.000,0.000,0.0000
667.480,-97.018,-50.516,0.310,0.004,0.789,10.750,1.000,0.000,0.0000
667.490,-97.018,-50.477,0.310,0.003,0.789,10.750,1.000,0.000,0.0000
667.500,-97.018,-50.437,0.310,0.003,0.789,10.750,1.000,0.000,0.0000
667.510,-97.018,-50.397,0.310,0.003,0.789,10.750,1.000,0.000,0.0000
667.520,-97.018,-50.356,0.310,0.003,0.789,10.750,1.000,0.000,0.0000
667.530,-97.018,-50.315,0.310,0.003,0.789,10.750,1.000,0.000,0.0000
667.540,-97.018,-50.274,0.310,0.003,0.789,10.750,1.000,0.000,0.0000
667.550,-97.018,-50.232,0.310,0.003,0.788,10.750,1.000,0.000,0.0000
667.560,-97.018,-50.190,0.310,0.003,0.788,10.750,1.000,0.000,0.0000
667.570,-97.018,-50.148,0.310,0.003,0.788,10.750,1.000,0.000,0.0000
667.580,-97.018,-50.105,0.310,0.003,0.788,10.750,1.000,0.000,0.0000
667.590,-97.018,-50.061,0.310,0.004,0.788,10.750,1.000,0.000,0.0000
667.600,-97.018,-50.017,0.310,0.004,0.788,10.750,1.000,0.000,0.0000
667.610,-97.018,-49.973,0.310,0.004,0.788,10.750,1.000,0.000,0.0000
667.620,-97.018,-49.929,0.310,0.004,0.788,10.750,1.000,0.000,0.0000
667.630,-97.018,-49.884,0.310,0.004,0.788,10.750,1.000,0.000,0.0000
667.640,-97.018,-49.838,0.310,0.004,0.788,10.750,1.000,0.000,0.0000
667.650,-97.018,-49.793,0.310,0.004,0.788,10.750,1.000,0.000,0.0000
667.660,-97.018,-49.747,0.310,0.004,0.788,10.750,1.000,0.000,0.0000
667.670,-97.018,-49.700,0.310,0.004,0.788,10.750,1.000,0.000,0.0000
667.680,-97.018,-49.653,0.310,0.004,0.788,10.750,1.000,0.000,0.0000
667.690,-97.018,-49.606,0.310,0.004,0.788,10.750,1.000,0.000,0.0000
667.700,-97.018,-49.558,0.310,0.004,0.788,10.750,1.000,0.000,0.0000
667.710,-97.018,-49.510,0.310,0.004,0.788,10.750,1.000,0.000,0.0000
667.720,-97.018,-49.461,0.310,0.004,0.788,10.750,1.000,0.000,0.0000
667.730,-97.018,-49.412,0.310,0.004,0.788,10.750,1.000,0.000,0.0000
667.740,-97.018,-49.363,0.310,0.004,0.788,10.750,1.000,0.000,0.0000
667.750,-97.017,-49.313,0.310,0.004,0.788,10.750,1.000,0.000,0.0000
667.760,-97.017,-49.263,0.310,0.004,0.788,10.750,1.000,0.000,0.0000
667.770,-97.017,-49.213,0.310,0.004,0.788,10.750,1.000,0.000,0.0000
667.780,-97.017,-49.162,0.310,0.004,0.788,10.750,1.000,0.000,0.0000
667.790,-97.017,-49.110,0.310,0.004,0.788,10.750,1.000,0.000,0.0000
667.800,-97.017,-49.059,0.310,0.004,0.788,10.750,1.000,0.000,0.0000
667.810,-97.017,-49.007,0.310,0.004,0.788,10.750,1.000,0.000,0.0000
667.820,-97.017,-48.954,0.310,0.004,0.787,10.750,1.000,0.000,0.0000
667.830,-97.017,-48.901,0.310,0.004,0.787,10.750,1.000,0.000,0.0000
667.840,-97.017,-48.848,0.310,0.004,0.787,10.750,1.000,0.000,0.0000
667.850,-97.017,-48.794,0.310,0.004,0.787,10.750,1.000,0.000,0.0000
667.860,-97.017,-48.740,0.310,0.004,0.787,10.750,1.000,0.000,0.0000
667.870,-97.017,-48.686,0.310,0.004,0.787,10.750,1.000,0.000,0.0000
667.880,-97.017,-48.631,0.310,0.004,0.787,10.750,1.000,0.000,0.0000
667.890,-97.017,-48.576,0.310,0.004,0.787,10.750,1.000,0.000,0.0000
667.900,-97.017,-48.520,0.310,0.004,0.787,10.750,1.000,0.000,0.0000
667.910,-97.017,-48.464,0.310,0.004,0.787,10.750,1.000,0.000,0.0000
667.920,-97.017,-48.407,0.310,0.005,0.787,10.750,1.000,0.000,0.0000
667.930,-97.017,-48.350,0.310,0.005,0.787,10.750,1.000,0.000,0.0000
667.940,-97.017,-48.293,0.310,0.005,0.787,10.750,1.000,0.000,0.0000
667.950,-97.017,-48.236,0.310,0.005,0.787,10.750,1.000,0.000,0.0000
667.960,-97.017,-48.178,0.310,0.005,0.787,10.750,1.000,0.000,0.0000
667.970,-97.017,-48.119,0.310,0.005,0.787,10.750,1.000,0.000,0.0000
667.980,-97.016,-48.060,0.310,0.005,0.787,10.750,1.000,0.000,0.0000
667.990,-97.016,-48.001,0.310,0.005,0.787,10.750,1.000,0.000,0.0000
668.000,-97.016,-47.941,0.310,0.005,0.787,10.750,1.000,0.000,0.0000
668.010,-97.016,-47.881,0.310,0.005,0.787,10.750,1.000,0.000,0.0000
668.020,-97.016,-47.821,0.310,0.005,0.787,10.750,1.000,0.000,0.0000
668.030,-97.016,-47.760,0.310,0.005,0.787,10.750,1.000,0.000,0.0000
668.040,-97.016,-47.699,0.310,0.005,0.786,10.750,1.000,0.000,0.0000
668.050,-97.016,-47.637,0.310,0.005,0.786,10.750,1.000,0.000,0.0000
668.060,-97.016,-47.575,0.310,0.005,0.786,10.750,1.000,0.000,0.0000
668.070,-97.016,-47.513,0.310,0.005,0.786,10.750,1.000,0.000,0.0000
668.080,-97.016,-47.450,0.310,0.005,0.786,10.750,1.000,0.000,0.0000
668.090,-97.016,-47.387,0.310,0.005,0.786,10.750,1.000,0.000,0.0000
668.100,-97.016,-47.323,0.310,0.005,0.786,10.750,1.000,0.000,0.0000
668.110,-97.016,-47.259,0.310,0.005,0.786,10.750,1.000,0.000,0.0000
668.120,-97.016,-47.195,0.310,0.005,0.786,10.750,1.000,0.000,0.0000
668.130,-97.016,-47.130,0.310,0.005,0.786,10.750,1.000,0.000,0.0000
668.140,-97.016,-47.065,0.310,0.005,0.786,10.750,1.000,0.000,0.0000
668.150,-97.016,-46.999,0.310,0.005,0.786,10.750,1.000,0.000,0.0000
668.160,-97.016,-46.933,0.310,0.005,0.786,10.750,1.000,0.000,0.0000
668.170,-97.016,-46.867,0.310,0.005,0.786,10.750,1.000,0.000,0.0000
668.180,-97.015,-46.800,0.310,0.005,0.786,10.750,1.000,0.000,0.0000
668.190,-97.015,-46.733,0.310,0.005,0.786,10.750,1.000,0.000,0.0000
668.200,-97.015,-46.665,0.310,0.005,0.786,10.750,1.000,0.000,0.0000
668.210,-97.015,-46.597,0.310,0.005,0.786,10.750,1.000,0.000,0.0000
668.220,-97.015,-46.529,0.310,0.005,0.786,10.750,1.000,0.000,0.0000
668.230,-97.015,-46.460,0.310,0.005,0.785,10.750,1.000,0.000,0.0000
668.240,-97.015,-46.391,0.310,0.006,0.785,10.750,1.000,0.000,0.0000
668.250,-97.015,-46.321,0.310,0.006,0.785,10.750,1.000,0.000,0.0000
668.260,-97.015,-46.251,0.310,0.006,0.785,10.750,1.000,0.000,0.0000
668.270,-97.015,-46.181,0.310,0.006,0.785,10.750,1.000,0.000,0.0000
668.280,-97.015,-46.110,0.310,0.006,0.785,10.750,1.000,0.000,0.0000
668.290,-97.015,-46.039,0.310,0.006,0.785,10.750,1.000,0.000,0.0000
668.300,-97.015,-45.968,0.310,0.006,0.785,10.750,1.000,0.000,0.0000
668.310,-97.015,-45.896,0.310,0.006,0.785,10.750,1.000,0.000,0.0000
668.320,-97.015,-45.823,0.310,0.006,0.785,10.750,1.000,0.000,0.0000
668.330,-97.015,-45.751,0.310,0.006,0.785,10.750,1.000,0.000,0.0000
668.340,-97.015,-45.678,0.310,0.006,0.785,10.750,1.000,0.000,0.0000
668.350,-97.015,-45.604,0.310,0.006,0.785,10.750,1.000,0.000,0.0000
668.360,-97.014,-45.530,0.310,0.006,0.785,10.750,1.000,0.000,0.0000
668.370,-97.014,-45.456,0.310,0.006,0.785,10.750,1.000,0.000,0.0000
668.380,-97.014,-45.381,0.310,0.006,0.785,10.750,1.000,0.000,0.0000
668.390,-97.014,-45.306,0.310,0.006,0.785,10.750,1.000,0.000,0.0000
668.400,-97.014,-45.230,0.310,0.006,0.785,10.750,1.000,0.000,0.0000
668.410,-97.014,-45.154,0.310,0.006,0.784,10.750,1.000,0.000,0.0000
668.420,-97.014,-45.078,0.310,0.006,0.784,10.750,1.000,0.000,0.0000
668.430,-97.014,-45.001,0.310,0.006,0.784,10.750,1.000,0.000,0.0000
668.440,-97.014,-44.924,0.310,0.006,0.784,10.750,1.000,0.000,0.0000
668.450,-97.014,-44.847,0.310,0.006,0.784,10.750,1.000,0.000,0.0000
668.460,-97.014,-44.769,0.310,0.006,0.784,10.750,1.000,0.000,0.0000
668.470,-97.014,-44.691,0.310,0.006,0.784,10.750,1.000,0.000,0.0000
668.480,-97.014,-44.612,0.310,0.006,0.784,10.750,1.000,0.000,0.0000
668.490,-97.014,-44.533,0.310,0.006,0.784,10.750,1.000,0.000,0.0000
668.500,-97.014,-44.453,0.310,0.006,0.784,10.750,1.000,0.000,0.0000
668.510,-97.014,-44.374,0.310,0.006,0.784,10.750,1.000,0.000,0.0000
668.520,-97.013,-44.293,0.310,0.006,0.784,10.750,1.000,0.000,0.0000
668.530,-97.013,-44.213,0.310,0.006,0.784,10.750,1.000,0.000,0.0000
668.540,-97.013,-44.132,0.310,0.006,0.784,10.750,1.000,0.000,0.0000
668.550,-97.013,-44.050,0.310,0.006,0.784,10.750,1.000,0.000,0.0000
668.560,-97.013,-43.968,0.310,0.007,0.783,10.750,1.000,0.000,0.0000
668.570,-97.013,-43.886,0.310,0.007,0.783,10.750,1.000,0.000,0.0000
668.580,-97.013,-43.803,0.310,0.007,0.783,10.750,1.000,0.000,0.0000
668.590,-97.013,-43.720,0.310,0.007,0.783,10.750,1.000,0.000,0.0000
668.600,-97.013,-43.637,0.310,0.007,0.783,10.750,1.000,0.000,0.0000
668.610,-97.013,-43.553,0.310,0.007,0.783,10.750,1.000,0.000,0.0000
668.620,-97.013,-43.469,0.310,0.007,0.783,10.750,1.000,0.000,0.0000
668.630,-97.013,-43.384,0.310,0.007,0.783,10.750,1.000,0.000,0.0000
668.640,-97.013,-43.299,0.310,0.007,0.783,10.750,1.000,0.000,0.0000
668.650,-97.013,-43.214,0.310,0.007,0.783,10.750,1.000,0.000,0.0000
668.660,-97.013,-43.128,0.310,0.007,0.783,10.750,1.000,0.000,0.0000
668.670,-97.012,-43.042,0.310,0.007,0.783,10.750,1.000,0.000,0.0000
668.680,-97.012,-42.955,0.310,0.007,0.783,10.750,1.000,0.000,0.0000
668.690,-97.012,-42.868,0.310,0.007,0.783,10.750,1.000,0.000,0.0000
668.700,-97.012,-42.781,0.310,0.007,0.783,10.750,1.000,0.000,0.0000
668.710,-97.012,-42.693,0.310,0.007,0.782,10.750,1.000,0.000,0.0000
668.720,-97.012,-42.605,0.310,0.007,0.782,10.750,1.000,0.000,0.0000
668.730,-97.012,-42.516,0.310,0.007,0.782,10.750,1.000,0.000,0.0000
668.740,-97.012,-42.427,0.310,0.007,0.782,10.750,1.000,0.000,0.0000
668.750,-97.012,-42.338,0.310,0.007,0.782,10.750,1.000,0.000,0.0000
668.760,-97.012,-42.248,0.310,0.007,0.782,10.750,1.000,0.000,0.0000
668.770,-97.012,-42.158,0.310,0.007,0.782,10.749,1.000,0.000,0.0000
668.780,-97.012,-42.067,0.310,0.007,0.782,10.749,1.000,0.000,0.0000
668.790,-97.012,-41.976,0.310,0.007,0.782,10.749,1.000,0.000,0.0000
668.800,-97.012,-41.885,0.310,0.007,0.782,10.749,1.000,0.000,0.0000
668.810,-97.011,-41.793,0.310,0.007,0.782,10.749,1.000,0.000,0.0000
668.820,-97.011,-41.701,0.310,0.007,0.782,10.749,1.000,0.000,0.0000
668.830,-97.011,-41.608,0.310,0.007,0.782,10.749,1.000,0.000,0.0000
668.840,-97.011,-41.515,0.310,0.007,0.782,10.749,1.000,0.000,0.0000
668.850,-97.011,-41.422,0.310,0.007,0.781,10.749,1.000,0.000,0.0000
668.860,-97.011,-41.328,0.310,0.007,0.781,10.749,1.000,0.000,0.0000
668.870,-97.011,-41.234,0.310,0.008,0.781,10.749,1.000,0.000,0.0000
668.880,-97.011,-41.139,0.310,0.008,0.781,10.749,1.000,0.000,0.0000
668.890,-97.011,-41.044,0.310,0.008,0.781,10.749,1.000,0.000,0.0000
668.900,-97.011,-40.949,0.310,0.008,0.781,10.749,1.000,0.000,0.0000
668.910,-97.011,-40.853,0.310,0.008,0.781,10.749,1.000,0.000,0.0000
668.920,-97.011,-40.757,0.310,0.008,0.781,10.749,1.000,0.000,0.0000
668.930,-97.011,-40.660,0.310,0.008,0.781,10.749,1.000,0.000,0.0000
668.940,-97.011,-40.564,0.310,0.008,0.781,10.749,1.000,0.000,0.0000
668.950,-97.010,-40.466,0.310,0.008,0.781,10.749,1.000,0.000,0.0000
668.960,-97.010,-40.368,0.310,0.008,0.781,10.749,1.000,0.000,0.0000
668.970,-97.010,-40.270,0.310,0.008,0.781,10.749,1.000,0.000,0.0000
668.980,-97.010,-40.172,0.310,0.008,0.780,10.749,1.000,0.000,0.0000
668.990,-97.010,-40.073,0.310,0.008,0.780,10.749,1.000,0.000,0.0000
669.000,-97.010,-39.974,0.310,0.008,0.780,10.749,1.000,0.000,0.0000
669.010,-97.010,-39.874,0.310,0.008,0.780,10.749,1.000,0.000,0.0000
669.020,-97.010,-39.774,0.310,0.008,0.780,10.749,1.000,0.000,0.0000
669.030,-97.010,-39.673,0.310,0.008,0.780,10.749,1.000,0.000,0.0000
669.040,-97.010,-39.572,0.310,0.008,0.780,10.749,1.000,0.000,0.0000
669.050,-97.010,-39.471,0.310,0.008,0.780,10.749,1.000,0.000,0.0000
669.060,-97.010,-39.369,0.310,0.008,0.780,10.749,1.000,0.000,0.0000
669.070,-97.009,-39.267,0.310,0.008,0.780,10.749,1.000,0.000,0.0000
669.080,-97.009,-39.165,0.310,0.008,0.780,10.749,1.000,0.000,0.0000
669.090,-97.009,-39.062,0.310,0.008,0.780,10.749,1.000,0.000,0.0000
669.100,-97.009,-38.959,0.310,0.008,0.780,10.749,1.000,0.000,0.0000
669.110,-97.009,-38.855,0.310,0.008,0.779,10.749,1.000,0.000,0.0000
669.120,-97.009,-38.751,0.310,0.008,0.779,10.749,1.000,0.000,0.0000
669.130,-97.009,-38.646,0.310,0.008,0.779,10.749,1.000,0.000,0.0000
669.140,-97.009,-38.541,0.310,0.008,0.779,10.749,1.000,0.000,0.0000
669.150,-97.009,-38.436,0.310,0.008,0.779,10.749,1.000,0.000,0.0000
669.160,-97.009,-38.331,0.310,0.008,0.779,10.749,1.000,0.000,0.0000
669.170,-97.009,-38.224,0.310,0.008,0.779,10.749,1.000,0.000,0.0000
669.180,-97.009,-38.118,0.310,0.008,0.779,10.749,1.000,0.000,0.0000
669.190,-97.008,-38.011,0.310,0.009,0.779,10.749,1.000,0.000,0.0000
669.200,-97.008,-37.904,0.310,0.009,0.779,10.749,1.000,0.000,0.0000
669.210,-97.008,-37.796,0.310,0.009,0.779,10.749,1.000,0.000,0.0000
669.220,-97.008,-37.688,0.310,0.009,0.778,10.749,1.000,0.000,0.0000
669.230,-97.008,-37.580,0.310,0.009,0.778,10.749,1.000,0.000,0.0000
669.240,-97.008,-37.471,0.310,0.009,0.778,10.749,1.000,0.000,0.0000
669.250,-97.008,-37.362,0.310,0.009,0.778,10.749,1.000,0.000,0.0000
669.260,-97.008,-37.252,0.310,0.009,0.778,10.749,1.000,0.000,0.0000
669.270,-97.008,-37.142,0.310,0.009,0.778,10.749,1.000,0.000,0.0000
669.280,-97.008,-37.032,0.310,0.009,0.778,10.749,1.000,0.000,0.0000
669.290,-97.008,-36.921,0.310,0.009,0.778,10.749,1.000,0.000,0.0000
669.300,-97.008,-36.810,0.310,0.010,0.778,10.749,1.000,0.000,0.0000
669.310,-97.007,-36.698,0.310,0.014,0.778,10.749,1.000,0.000,0.0000
669.320,-97.007,-36.587,0.311,0.020,0.778,10.749,1.000,0.000,0.0000
669.330,-97.007,-36.476,0.311,0.028,0.778,10.748,1.000,0.000,0.0000
669.340,-97.007,-36.365,0.311,0.035,0.777,10.748,1.000,0.000,0.0000
669.350,-97.007,-36.253,0.312,0.042,0.777,10.748,1.000,0.000,0.0000
669.360,-97.007,-36.142,0.312,0.047,0.777,10.747,1.000,0.000,0.0000
669.370,-97.007,-36.031,0.313,0.051,0.777,10.747,1.000,0.000,0.0000
669.380,-97.007,-35.920,0.313,0.054,0.777,10.746,1.000,0.000,0.0000
669.390,-97.007,-35.809,0.314,0.056,0.777,10.746,1.000,0.000,0.0000
669.400,-97.007,-35.697,0.314,0.056,0.777,10.745,1.000,0.000,0.0000
669.410,-97.007,-35.586,0.315,0.056,0.777,10.745,1.000,0.000,0.0000
669.420,-97.006,-35.475,0.315,0.056,0.777,10.744,1.000,0.000,0.0000
669.430,-97.006,-35.364,0.316,0.054,0.777,10.743,1.000,0.000,0.0000
669.440,-97.006,-35.252,0.316,0.052,0.777,10.743,1.000,0.000,0.0000
669.450,-97.006,-35.141,0.317,0.049,0.777,10.742,1.000,0.000,0.0000
669.460,-97.006,-35.030,0.317,0.046,0.777,10.742,1.000,0.000,0.0000
669.470,-97.006,-34.919,0.318,0.042,0.777,10.742,1.000,0.000,0.0000
669.480,-97.006,-34.808,0.318,0.038,0.776,10.741,1.000,0.000,0.0000
669.490,-97.006,-34.696,0.318,0.034,0.776,10.741,1.000,0.000,0.0000
669.500,-97.006,-34.585,0.319,0.030,0.776,10.741,1.000,0.000,0.0000
669.510,-97.006,-34.474,0.319,0.026,0.776,10.740,1.000,0.000,0.0000
669.520,-97.006,-34.363,0.319,0.022,0.776,10.740,1.000,0.000,0.0000
669.530,-97.005,-34.252,0.319,0.017,0.776,10.740,1.000,0.000,0.0000
669.540,-97.005,-34.141,0.319,0.014,0.776,10.740,1.000,0.000,0.0000
669.550,-97.005,-34.030,0.319,0.011,0.776,10.740,1.000,0.000,0.0000
669.560,-97.005,-33.919,0.319,0.009,0.776,10.740,1.000,0.000,0.0000
669.570,-97.005,-33.807,0.319,0.009,0.776,10.740,1.000,0.000,0.0000
669.580,-97.005,-33.696,0.319,0.010,0.776,10.740,1.000,0.000,0.0000
669.590,-97.005,-33.585,0.319,0.012,0.776,10.740,1.000,0.000,0.0000
669.600,-97.005,-33.474,0.319,0.014,0.775,10.740,1.000,0.000,0.0000
669.610,-97.005,-33.363,0.319,0.016,0.775,10.740,1.000,0.000,0.0000
669.620,-97.005,-33.252,0.319,0.018,0.775,10.740,1.000,0.000,0.0000
669.630,-97.005,-33.141,0.319,0.020,0.775,10.740,1.000,0.000,0.0000
669.640,-97.005,-33.030,0.319,0.021,0.775,10.741,1.000,0.000,0.0000
669.650,-97.004,-32.919,0.318,0.022,0.775,10.741,1.000,0.000,0.0000
669.660,-97.004,-32.808,0.318,0.022,0.775,10.741,1.000,0.000,0.0000
669.670,-97.004,-32.697,0.318,0.023,0.775,10.741,1.000,0.000,0.0000
669.680,-97.004,-32.586,0.318,0.022,0.775,10.741,1.000,0.000,0.0000
669.690,-97.004,-32.475,0.317,0.022,0.775,10.742,1.000,0.000,0.0000
669.700,-97.004,-32.364,0.317,0.022,0.774,10.742,1.000,0.000,0.0000
669.710,-97.004,-32.253,0.317,0.021,0.774,10.742,1.000,0.000,0.0000
669.720,-97.004,-32.142,0.317,0.020,0.774,10.742,1.000,0.000,0.0000
669.730,-97.004,-32.030,0.317,0.019,0.774,10.742,1.000,0.000,0.0000
669.740,-97.004,-31.919,0.317,0.017,0.774,10.742,1.000,0.000,0.0000
669.750,-97.004,-31.808,0.316,0.016,0.774,10.742,1.000,0.000,0.0000
669.760,-97.003,-31.697,0.316,0.015,0.774,10.743,1.000,0.000,0.0000
669.770,-97.003,-31.586,0.316,0.014,0.774,10.743,1.000,0.000,0.0000
669.780,-97.003,-31.475,0.316,0.012,0.774,10.743,1.000,0.000,0.0000
669.790,-97.003,-31.364,0.316,0.011,0.774,10.743,1.000,0.000,0.0000
669.800,-97.003,-31.253,0.316,0.010,0.774,10.743,1.000,0.000,0.0000
669.810,-97.003,-31.142,0.316,0.010,0.773,10.743,1.000,0.000,0.0000
669.820,-97.003,-31.031,0.316,0.009,0.773,10.743,1.000,0.000,0.0000
669.830,-97.003,-30.920,0.316,0.009,0.773,10.743,1.000,0.000,0.0000
669.840,-97.003,-30.809,0.316,0.009,0.773,10.743,1.000,0.000,0.0000
669.850,-97.003,-30.697,0.316,0.009,0.773,10.743,1.000,0.000,0.0000
669.860,-97.003,-30.586,0.316,0.010,0.773,10.743,1.000,0.000,0.0000
669.870,-97.002,-30.475,0.316,0.010,0.773,10.743,1.000,0.000,0.0000
669.880,-97.002,-30.364,0.316,0.010,0.773,10.743,1.000,0.000,0.0000
669.890,-97.002,-30.253,0.316,0.011,0.773,10.743,1.000,0.000,0.0000
669.900,-97.002,-30.142,0.316,0.011,0.773,10.743,1.000,0.000,0.0000
669.910,-97.002,-30.031,0.316,0.011,0.773,10.742,1.000,0.000,0.0000
669.920,-97.002,-29.920,0.316,0.012,0.772,10.742,1.000,0.000,0.0000
669.930,-97.002,-29.809,0.317,0.012,0.772,10.742,1.000,0.000,0.0000
669.940,-97.002,-29.697,0.317,0.012,0.772,10.742,1.000,0.000,0.0000
669.950,-97.002,-29.586,0.317,0.012,0.772,10.742,1.000,0.000,0.0000
669.960,-97.002,-29.475,0.317,0.012,0.772,10.742,1.000,0.000,0.0000
669.970,-97.002,-29.364,0.317,0.011,0.772,10.742,1.000,0.000,0.0000
669.980,-97.001,-29.253,0.317,0.011,0.772,10.742,1.000,0.000,0.0000
669.990,-97.001,-29.142,0.317,0.011,0.772,10.742,1.000,0.000,0.0000
670.000,-97.001,-29.031,0.317,0.011,0.772,10.742,1.000,0.000,0.0000
670.010,-97.001,-28.920,0.317,0.010,0.772,10.742,1.000,0.000,0.0000
670.020,-97.001,-28.809,0.317,0.010,0.772,10.742,1.000,0.000,0.0000
670.030,-97.001,-28.697,0.317,0.010,0.772,10.742,1.000,0.000,0.0000
670.040,-97.001,-28.586,0.317,0.010,0.771,10.742,1.000,0.000,0.0000
670.050,-97.001,-28.475,0.317,0.009,0.771,10.742,1.000,0.000,0.0000
670.060,-97.001,-28.364,0.317,0.009,0.771,10.741,1.000,0.000,0.0000
670.070,-97.001,-28.253,0.317,0.009,0.771,10.741,1.000,0.000,0.0000
670.080,-97.001,-28.142,0.317,0.009,0.771,10.741,1.000,0.000,0.0000
670.090,-97.001,-28.031,0.317,0.009,0.771,10.741,1.000,0.000,0.0000
670.100,-97.000,-27.920,0.317,0.009,0.771,10.741,1.000,0.000,0.0000
670.110,-97.000,-27.809,0.317,0.009,0.771,10.741,1.000,0.000,0.0000
670.120,-97.000,-27.698,0.317,0.009,0.771,10.741,1.000,0.000,0.0000
670.130,-97.000,-27.586,0.317,0.009,0.771,10.741,1.000,0.000,0.0000
670.140,-97.000,-27.475,0.317,0.009,0.771,10.741,1.000,0.000,0.0000
670.150,-97.000,-27.364,0.317,0.009,0.770,10.741,1.000,0.000,0.0000
670.160,-97.000,-27.253,0.317,0.009,0.770,10.741,1.000,0.000,0.0000
670.170,-97.000,-27.142,0.317,0.009,0.770,10.741,1.000,0.000,0.0000
670.180,-97.000,-27.031,0.317,0.009,0.770,10.742,1.000,0.000,0.0000
670.190,-97.000,-26.920,0.317,0.009,0.770,10.742,1.000,0.000,0.0000
670.200,-97.000,-26.809,0.317,0.009,0.770,10.742,1.000,0.000,0.0000
670.210,-96.999,-26.698,0.317,0.009,0.770,10.742,1.000,0.000,0.0000
670.220,-96.999,-26.587,0.317,0.009,0.770,10.742,1.000,0.000,0.0000
670.230,-96.999,-26.475,0.317,0.009,0.770,10.742,1.000,0.000,0.0000
670.240,-96.999,-26.364,0.317,0.009,0.770,10.742,1.000,0.000,0.0000
670.250,-96.999,-26.253,0.317,0.009,0.770,10.742,1.000,0.000,0.0000
670.260,-96.999,-26.142,0.317,0.009,0.769,10.742,1.000,0.000,0.0000
670.270,-96.999,-26.031,0.317,0.009,0.769,10.742,1.000,0.000,0.0000
670.280,-96.999,-25.920,0.317,0.009,0.769,10.742,1.000,0.000,0.0000
670.290,-96.999,-25.809,0.317,0.009,0.769,10.742,1.000,0.000,0.0000
670.300,-96.999,-25.698,0.317,0.009,0.769,10.742,1.000,0.000,0.0000
670.310,-96.999,-25.587,0.317,0.009,0.769,10.742,1.000,0.000,0.0000
670.320,-96.998,-25.476,0.317,0.009,0.769,10.742,1.000,0.000,0.0000
670.330,-96.998,-25.365,0.317,0.009,0.769,10.742,1.000,0.000,0.0000
670.340,-96.998,-25.253,0.317,0.009,0.769,10.742,1.000,0.000,0.0000
670.350,-96.998,-25.142,0.317,0.009,0.769,10.742,1.000,0.000,0.0000
670.360,-96.998,-25.031,0.317,0.009,0.769,10.742,1.000,0.000,0.0000
670.370,-96.998,-24.920,0.317,0.009,0.769,10.742,1.000,0.000,0.0000
670.380,-96.998,-24.809,0.317,0.009,0.768,10.742,1.000,0.000,0.0000
670.390,-96.998,-24.698,0.317,0.009,0.768,10.742,1.000,0.000,0.0000
670.400,-96.998,-24.587,0.317,0.009,0.768,10.742,1.000,0.000,0.0000
670.410,-96.998,-24.476,0.317,0.009,0.768,10.742,1.000,0.000,0.0000
670.420,-96.998,-24.365,0.317,0.009,0.768,10.742,1.000,0.000,0.0000
670.430,-96.998,-24.254,0.317,0.009,0.768,10.742,1.000,0.000,0.0000
670.440,-96.997,-24.142,0.317,0.009,0.768,10.742,1.000,0.000,0.0000
670.450,-96.997,-24.031,0.317,0.009,0.768,10.742,1.000,0.000,0.0000
670.460,-96.997,-23.920,0.317,0.009,0.768,10.742,1.000,0.000,0.0000
670.470,-96.997,-23.809,0.317,0.009,0.768,10.742,1.000,0.000,0.0000
670.480,-96.997,-23.698,0.317,0.009,0.768,10.741,1.000,0.000,0.0000
670.490,-96.997,-23.587,0.317,0.009,0.767,10.741,1.000,0.000,0.0000
670.500,-96.997,-23.476,0.317,0.009,0.767,10.741,1.000,0.000,0.0000
670.510,-96.997,-23.365,0.317,0.009,0.767,10.741,1.000,0.000,0.0000
670.520,-96.997,-23.254,0.317,0.009,0.767,10.741,1.000,0.000,0.0000
670.530,-96.997,-23.143,0.317,0.009,0.767,10.741,1.000,0.000,0.0000
670.540,-96.997,-23.031,0.317,0.009,0.767,10.741,1.000,0.000,0.0000
670.550,-96.996,-22.920,0.317,0.009,0.767,10.741,1.000,0.000,0.0000
670.560,-96.996,-22.809,0.317,0.009,0.767,10.741,1.000,0.000,0.0000
670.570,-96.996,-22.698,0.317,0.009,0.767,10.741,1.000,0.000,0.0000
670.580,-96.996,-22.587,0.317,0.009,0.767,10.741,1.000,0.000,0.0000
670.590,-96.996,-22.476,0.317,0.009,0.767,10.741,1.000,0.000,0.0000
670.600,-96.996,-22.365,0.317,0.009,0.766,10.741,1.000,0.000,0.0000
670.610,-96.996,-22.254,0.317,0.009,0.766,10.741,1.000,0.000,0.0000
670.620,-96.996,-22.143,0.317,0.009,0.766,10.741,1.000,0.000,0.0000
670.630,-96.996,-22.032,0.317,0.009,0.766,10.741,1.000,0.000,0.0000
670.640,-96.996,-21.920,0.317,0.009,0.766,10.741,1.000,0.000,0.0000
670.650,-96.996,-21.809,0.317,0.009,0.766,10.741,1.000,0.000,0.0000
670.660,-96.995,-21.698,0.317,0.009,0.766,10.741,1.000,0.000,0.0000
670.670,-96.995,-21.587,0.317,0.009,0.766,10.741,1.000,0.000,0.0000
670.680,-96.995,-21.476,0.317,0.009,0.766,10.741,1.000,0.000,0.0000
670.690,-96.995,-21.365,0.317,0.009,0.766,10.741,1.000,0.000,0.0000
670.700,-96.995,-21.254,0.317,0.009,0.766,10.741,1.000,0.000,0.0000
670.710,-96.995,-21.143,0.317,0.009,0.766,10.741,1.000,0.000,0.0000
670.720,-96.995,-21.032,0.317,0.009,0.765,10.741,1.000,0.000,0.0000
670.730,-96.995,-20.921,0.317,0.009,0.765,10.741,1.000,0.000,0.0000
670.740,-96.995,-20.809,0.317,0.009,0.765,10.741,1.000,0.000,0.0000
670.750,-96.995,-20.698,0.317,0.009,0.765,10.741,1.000,0.000,0.0000
670.760,-96.995,-20.587,0.317,0.009,0.765,10.741,1.000,0.000,0.0000
670.770,-96.994,-20.476,0.317,0.009,0.765,10.741,1.000,0.000,0.0000
670.780,-96.994,-20.365,0.317,0.009,0.765,10.741,1.000,0.000,0.0000
670.790,-96.994,-20.254,0.317,0.009,0.765,10.741,1.000,0.000,0.0000
670.800,-96.994,-20.143,0.317,0.009,0.765,10.741,1.000,0.000,0.0000
670.810,-96.994,-20.032,0.317,0.009,0.765,10.741,1.000,0.000,0.0000
670.820,-96.994,-19.921,0.317,0.009,0.765,10.741,1.000,0.000,0.0000
670.830,-96.994,-19.810,0.317,0.009,0.764,10.741,1.000,0.000,0.0000
670.840,-96.994,-19.698,0.317,0.009,0.764,10.741,1.000,0.000,0.0000
670.850,-96.994,-19.587,0.317,0.009,0.764,10.741,1.000,0.000,0.0000
670.860,-96.994,-19.476,0.317,0.009,0.764,10.741,1.000,0.000,0.0000
670.870,-96.994,-19.365,0.317,0.009,0.764,10.741,1.000,0.000,0.0000
670.880,-96.994,-19.254,0.317,0.009,0.764,10.741,1.000,0.000,0.0000
670.890,-96.993,-19.143,0.317,0.009,0.764,10.741,1.000,0.000,0.0000
670.900,-96.993,-19.032,0.317,0.009,0.764,10.741,1.000,0.000,0.0000
670.910,-96.993,-18.921,0.317,0.009,0.764,10.741,1.000,0.000,0.0000
670.920,-96.993,-18.810,0.317,0.009,0.764,10.741,1.000,0.000,0.0000
670.930,-96.993,-18.699,0.317,0.009,0.764,10.741,1.000,0.000,0.0000
670.940,-96.993,-18.587,0.317,0.009,0.763,10.741,1.000,0.000,0.0000
670.950,-96.993,-18.476,0.317,0.009,0.763,10.741,1.000,0.000,0.0000
670.960,-96.993,-18.365,0.317,0.009,0.763,10.741,1.000,0.000,0.0000
670.970,-96.993,-18.254,0.317,0.009,0.763,10.741,1.000,0.000,0.0000
670.980,-96.993,-18.143,0.317,0.009,0.763,10.741,1.000,0.000,0.0000
670.990,-96.993,-18.032,0.317,0.009,0.763,10.741,1.000,0.000,0.0000
671.000,-96.992,-17.921,0.317,0.009,0.763,10.741,1.000,0.000,0.0000
671.010,-96.992,-17.810,0.317,0.009,0.763,10.741,1.000,0.000,0.0000
671.020,-96.992,-17.699,0.317,0.009,0.763,10.741,1.000,0.000,0.0000
671.030,-96.992,-17.588,0.317,0.009,0.763,10.741,1.000,0.000,0.0000
671.040,-96.992,-17.476,0.317,0.009,0.763,10.741,1.000,0.000,0.0000
671.050,-96.992,-17.365,0.317,0.009,0.762,10.741,1.000,0.000,0.0000
671.060,-96.992,-17.254,0.317,0.009,0.762,10.741,1.000,0.000,0.0000
671.070,-96.992,-17.143,0.317,0.009,0.762,10.741,1.000,0.000,0.0000
671.080,-96.992,-17.032,0.317,0.009,0.762,10.741,1.000,0.000,0.0000
671.090,-96.992,-16.921,0.317,0.009,0.762,10.741,1.000,0.000,0.0000
671.100,-96.992,-16.810,0.317,0.009,0.762,10.741,1.000,0.000,0.0000
671.110,-96.991,-16.699,0.317,0.009,0.762,10.741,1.000,0.000,0.0000
671.120,-96.991,-16.588,0.317,0.009,0.762,10.741,1.000,0.000,0.0000
671.130,-96.991,-16.477,0.317,0.009,0.762,10.741,1.000,0.000,0.0000
671.140,-96.991,-16.366,0.317,0.009,0.762,10.741,1.000,0.000,0.0000
671.150,-96.991,-16.254,0.317,0.009,0.762,10.741,1.000,0.000,0.0000
671.160,-96.991,-16.143,0.317,0.009,0.762,10.741,1.000,0.000,0.0000
671.170,-96.991,-16.032,0.317,0.009,0.761,10.741,1.000,0.000,0.0000
671.180,-96.991,-15.921,0.317,0.009,0.761,10.741,1.000,0.000,0.0000
671.190,-96.991,-15.810,0.317,0.009,0.761,10.741,1.000,0.000,0.0000
671.200,-96.991,-15.699,0.317,0.009,0.761,10.741,1.000,0.000,0.0000
671.210,-96.991,-15.588,0.317,0.009,0.761,10.741,1.000,0.000,0.0000
671.220,-96.991,-15.477,0.317,0.009,0.761,10.741,1.000,0.000,0.0000
671.230,-96.990,-15.366,0.317,0.009,0.761,10.741,1.000,0.000,0.0000
671.240,-96.990,-15.255,0.317,0.009,0.761,10.741,1.000,0.000,0.0000
671.250,-96.990,-15.143,0.317,0.009,0.761,10.741,1.000,0.000,0.0000
671.260,-96.990,-15.032,0.317,0.009,0.761,10.741,1.000,0.000,0.0000
671.270,-96.990,-14.921,0.317,0.009,0.761,10.741,1.000,0.000,0.0000
671.280,-96.990,-14.810,0.317,0.009,0.760,10.741,1.000,0.000,0.0000
671.290,-96.990,-14.699,0.317,0.009,0.760,10.741,1.000,0.000,0.0000
671.300,-96.990,-14.588,0.317,0.009,0.760,10.741,1.000,0.000,0.0000
671.310,-96.990,-14.477,0.317,0.009,0.760,10.741,1.000,0.000,0.0000
671.320,-96.990,-14.366,0.317,0.009,0.760,10.741,1.000,0.000,0.0000
671.330,-96.990,-14.255,0.317,0.009,0.760,10.741,1.000,0.000,0.0000
671.340,-96.989,-14.144,0.317,0.009,0.760,10.741,1.000,0.000,0.0000
671.350,-96.989,-14.032,0.317,0.009,0.760,10.741,1.000,0.000,0.0000
671.360,-96.989,-13.921,0.317,0.009,0.760,10.741,1.000,0.000,0.0000
671.370,-96.989,-13.810,0.317,0.009,0.760,10.741,1.000,0.000,0.0000
671.380,-96.989,-13.699,0.317,0.009,0.760,10.741,1.000,0.000,0.0000
671.390,-96.989,-13.588,0.317,0.009,0.759,10.741,0.940,0.000,0.0000
671.400,-96.989,-13.477,0.317,0.010,0.759,10.741,0.880,0.000,0.0000
671.410,-96.989,-13.366,0.317,0.014,0.759,10.741,0.820,0.000,0.0000
671.420,-96.989,-13.256,0.317,0.020,0.759,10.740,0.760,0.000,0.0000
671.430,-96.989,-13.146,0.318,0.028,0.759,10.740,0.700,0.000,0.0000
671.440,-96.989,-13.037,0.318,0.036,0.759,10.740,0.640,0.000,0.0000
671.450,-96.988,-12.927,0.318,0.042,0.759,10.739,0.580,0.000,0.0000
671.460,-96.988,-12.819,0.319,0.048,0.759,10.739,0.520,0.000,0.0000
671.470,-96.988,-12.710,0.319,0.052,0.759,10.738,0.460,0.000,0.0000
671.480,-96.988,-12.602,0.320,0.055,0.759,10.738,0.400,0.000,0.0000
671.490,-96.988,-12.495,0.320,0.057,0.759,10.737,0.340,0.000,0.0000
671.500,-96.988,-12.388,0.321,0.058,0.759,10.737,0.280,0.000,0.0000
671.510,-96.988,-12.281,0.321,0.058,0.759,10.736,0.220,0.000,0.0000
671.520,-96.988,-12.175,0.322,0.057,0.759,10.735,0.160,0.000,0.0000
671.530,-96.988,-12.069,0.323,0.055,0.758,10.735,0.100,0.000,0.0000
671.540,-96.988,-11.963,0.323,0.053,0.758,10.734,0.040,0.000,0.0000
671.550,-96.988,-11.858,0.324,0.050,0.758,10.734,0.000,0.000,0.0000
671.560,-96.988,-11.753,0.324,0.047,0.758,10.733,0.000,0.000,0.0000
671.570,-96.987,-11.649,0.325,0.044,0.758,10.733,0.000,0.000,0.0000
671.580,-96.987,-11.545,0.325,0.040,0.758,10.733,0.000,0.000,0.0000
671.590,-96.987,-11.442,0.325,0.036,0.758,10.732,0.000,0.000,0.0000
671.600,-96.987,-11.338,0.326,0.031,0.758,10.732,0.000,0.000,0.0000
671.610,-96.987,-11.236,0.326,0.027,0.758,10.732,0.000,0.000,0.0000
671.620,-96.987,-11.134,0.326,0.022,0.758,10.731,0.000,0.000,0.0000
671.630,-96.987,-11.032,0.326,0.018,0.758,10.731,0.000,0.000,0.0000
671.640,-96.987,-10.930,0.326,0.014,0.758,10.731,0.000,0.000,0.0000
671.650,-96.987,-10.829,0.326,0.011,0.758,10.731,0.000,0.000,0.0000
671.660,-96.987,-10.728,0.326,0.009,0.758,10.731,0.000,0.000,0.0000
671.670,-96.987,-10.628,0.326,0.008,0.758,10.731,0.000,0.000,0.0000
671.680,-96.987,-10.528,0.326,0.009,0.757,10.731,0.000,0.000,0.0000
671.690,-96.986,-10.429,0.326,0.011,0.757,10.731,0.000,0.000,0.0000
671.700,-96.986,-10.330,0.326,0.013,0.757,10.731,0.000,0.000,0.0000
671.710,-96.986,-10.231,0.326,0.015,0.757,10.731,0.000,0.000,0.0000
671.720,-96.986,-10.133,0.326,0.017,0.757,10.732,0.000,0.000,0.0000
671.730,-96.986,-10.035,0.326,0.019,0.757,10.732,0.000,0.000,0.0000
671.740,-96.986,-9.938,0.326,0.020,0.757,10.732,0.000,0.000,0.0000
671.750,-96.986,-9.841,0.325,0.021,0.757,10.732,0.000,0.000,0.0000
671.760,-96.986,-9.744,0.325,0.022,0.757,10.732,0.000,0.000,0.0000
671.770,-96.986,-9.648,0.325,0.022,0.757,10.732,0.000,0.000,0.0000
671.780,-96.986,-9.552,0.325,0.022,0.757,10.733,0.000,0.000,0.0000
671.790,-96.986,-9.456,0.324,0.022,0.756,10.733,0.000,0.000,0.0000
671.800,-96.986,-9.361,0.324,0.022,0.756,10.733,0.000,0.000,0.0000
671.810,-96.986,-9.267,0.324,0.021,0.756,10.733,0.000,0.000,0.0000
671.820,-96.985,-9.172,0.324,0.020,0.756,10.733,0.000,0.000,0.0000
671.830,-96.985,-9.079,0.324,0.019,0.756,10.734,0.000,0.000,0.0000
671.840,-96.985,-8.985,0.324,0.017,0.756,10.734,0.000,0.000,0.0000
671.850,-96.985,-8.892,0.323,0.016,0.756,10.734,0.000,0.000,0.0000
671.860,-96.985,-8.799,0.323,0.015,0.756,10.734,0.000,0.000,0.0000
671.870,-96.985,-8.707,0.323,0.013,0.756,10.734,0.000,0.000,0.0000
671.880,-96.985,-8.615,0.323,0.012,0.756,10.734,0.000,0.000,0.0000
671.890,-96.985,-8.523,0.323,0.010,0.756,10.734,0.000,0.000,0.0000
671.900,-96.985,-8.432,0.323,0.009,0.756,10.734,0.000,0.000,0.0000
671.910,-96.985,-8.342,0.323,0.008,0.756,10.734,0.000,0.000,0.0000
671.920,-96.985,-8.251,0.323,0.008,0.755,10.734,0.000,0.000,0.0000
671.930,-96.985,-8.161,0.323,0.007,0.755,10.734,0.000,0.000,0.0000
671.940,-96.985,-8.072,0.323,0.007,0.755,10.734,0.000,0.000,0.0000
671.950,-96.985,-7.983,0.323,0.007,0.755,10.734,0.000,0.000,0.0000
671.960,-96.984,-7.894,0.323,0.008,0.755,10.734,0.000,0.000,0.0000
671.970,-96.984,-7.805,0.323,0.008,0.755,10.734,0.000,0.000,0.0000
671.980,-96.984,-7.717,0.323,0.009,0.755,10.734,0.000,0.000,0.0000
671.990,-96.984,-7.630,0.323,0.009,0.755,10.734,0.000,0.000,0.0000
672.000,-96.984,-7.543,0.323,0.010,0.755,10.734,0.000,0.000,0.0000
672.010,-96.984,-7.456,0.323,0.010,0.755,10.734,0.000,0.000,0.0000
672.020,-96.984,-7.370,0.323,0.010,0.755,10.734,0.000,0.000,0.0000
672.030,-96.984,-7.284,0.323,0.010,0.755,10.734,0.000,0.000,0.0000
672.040,-96.984,-7.198,0.323,0.010,0.755,10.734,0.000,0.000,0.0000
672.050,-96.984,-7.113,0.324,0.010,0.755,10.734,0.000,0.000,0.0000
672.060,-96.984,-7.028,0.324,0.010,0.755,10.734,0.000,0.000,0.0000
672.070,-96.984,-6.944,0.324,0.010,0.754,10.733,0.000,0.000,0.0000
672.080,-96.984,-6.860,0.324,0.010,0.754,10.733,0.000,0.000,0.0000
672.090,-96.984,-6.776,0.324,0.009,0.754,10.733,0.000,0.000,0.0000
672.100,-96.984,-6.693,0.324,0.009,0.754,10.733,0.000,0.000,0.0000
672.110,-96.983,-6.610,0.324,0.009,0.754,10.733,0.000,0.000,0.0000
672.120,-96.983,-6.528,0.324,0.008,0.754,10.733,0.000,0.000,0.0000
672.130,-96.983,-6.445,0.324,0.008,0.754,10.733,0.000,0.000,0.0000
672.140,-96.983,-6.364,0.324,0.008,0.754,10.733,0.000,0.000,0.0000
672.150,-96.983,-6.283,0.324,0.007,0.754,10.733,0.000,0.000,0.0000
672.160,-96.983,-6.202,0.324,0.007,0.754,10.733,0.000,0.000,0.0000
672.170,-96.983,-6.121,0.324,0.007,0.754,10.733,0.000,0.000,0.0000
672.180,-96.983,-6.041,0.324,0.007,0.754,10.733,0.000,0.000,0.0000
672.190,-96.983,-5.962,0.324,0.006,0.754,10.733,0.000,0.000,0.0000
672.200,-96.983,-5.883,0.324,0.006,0.754,10.733,0.000,0.000,0.0000
672.210,-96.983,-5.804,0.324,0.006,0.754,10.733,0.000,0.000,0.0000
672.220,-96.983,-5.725,0.324,0.006,0.754,10.733,0.000,0.000,0.0000
672.230,-96.983,-5.647,0.324,0.006,0.753,10.733,0.000,0.000,0.0000
672.240,-96.983,-5.570,0.324,0.006,0.753,10.733,0.000,0.000,0.0000
672.250,-96.983,-5.492,0.324,0.006,0.753,10.733,0.000,0.000,0.0000
672.260,-96.982,-5.415,0.324,0.007,0.753,10.733,0.000,0.000,0.0000
672.270,-96.982,-5.339,0.324,0.007,0.753,10.733,0.000,0.000,0.0000
672.280,-96.982,-5.263,0.324,0.007,0.753,10.733,0.000,0.000,0.0000
672.290,-96.982,-5.187,0.324,0.007,0.753,10.733,0.000,0.000,0.0000
672.300,-96.982,-5.112,0.324,0.007,0.753,10.733,0.000,0.000,0.0000
672.310,-96.982,-5.037,0.324,0.007,0.753,10.733,0.000,0.000,0.0000
672.320,-96.982,-4.963,0.324,0.007,0.753,10.733,0.000,0.000,0.0000
672.330,-96.982,-4.889,0.324,0.007,0.753,10.733,0.000,0.000,0.0000
672.340,-96.982,-4.815,0.324,0.006,0.753,10.733,0.000,0.000,0.0000
672.350,-96.982,-4.742,0.324,0.006,0.753,10.733,0.000,0.000,0.0000
672.360,-96.982,-4.669,0.324,0.006,0.753,10.733,0.000,0.000,0.0000
672.370,-96.982,-4.596,0.324,0.006,0.753,10.733,0.000,0.000,0.0000
672.380,-96.982,-4.524,0.324,0.006,0.753,10.733,0.000,0.000,0.0000
672.390,-96.982,-4.453,0.324,0.006,0.752,10.733,0.000,0.000,0.0000
672.400,-96.982,-4.381,0.324,0.006,0.752,10.733,0.000,0.000,0.0000
672.410,-96.982,-4.310,0.324,0.006,0.752,10.733,0.000,0.000,0.0000
672.420,-96.982,-4.240,0.324,0.006,0.752,10.733,0.000,0.000,0.0000
672.430,-96.981,-4.170,0.324,0.006,0.752,10.733,0.000,0.000,0.0000
672.440,-96.981,-4.100,0.324,0.006,0.752,10.733,0.000,0.000,0.0000
672.450,-96.981,-4.031,0.324,0.006,0.752,10.733,0.000,0.000,0.0000
672.460,-96.981,-3.962,0.324,0.005,0.752,10.733,0.000,0.000,0.0000
672.470,-96.981,-3.893,0.324,0.005,0.752,10.733,0.000,0.000,0.0000
672.480,-96.981,-3.825,0.324,0.005,0.752,10.733,0.000,0.000,0.0000
672.490,-96.981,-3.757,0.324,0.005,0.752,10.733,0.000,0.000,0.0000
672.500,-96.981,-3.690,0.324,0.005,0.752,10.733,0.000,0.000,0.0000
672.510,-96.981,-3.623,0.324,0.005,0.752,10.733,0.000,0.000,0.0000
672.520,-96.981,-3.557,0.324,0.005,0.752,10.733,0.000,0.000,0.0000
672.530,-96.981,-3.490,0.324,0.005,0.752,10.733,0.000,0.000,0.0000
672.540,-96.981,-3.425,0.324,0.005,0.752,10.733,0.000,0.000,0.0000
672.550,-96.981,-3.359,0.324,0.005,0.752,10.733,0.000,0.000,0.0000
672.560,-96.981,-3.294,0.324,0.005,0.752,10.733,0.000,0.000,0.0000
672.570,-96.981,-3.230,0.324,0.005,0.751,10.733,0.000,0.000,0.0000
672.580,-96.981,-3.166,0.324,0.005,0.751,10.733,0.000,0.000,0.0000
672.590,-96.981,-3.102,0.324,0.005,0.751,10.733,0.000,0.000,0.0000
672.600,-96.981,-3.039,0.324,0.005,0.751,10.733,0.000,0.000,0.0000
672.610,-96.981,-2.976,0.324,0.005,0.751,10.733,0.000,0.000,0.0000
672.620,-96.980,-2.913,0.324,0.005,0.751,10.733,0.000,0.000,0.0000
672.630,-96.980,-2.851,0.324,0.005,0.751,10.733,0.000,0.000,0.0000
672.640,-96.980,-2.789,0.324,0.005,0.751,10.733,0.000,0.000,0.0000
672.650,-96.980,-2.728,0.324,0.005,0.751,10.733,0.000,0.000,0.0000
672.660,-96.980,-2.667,0.324,0.005,0.751,10.733,0.000,0.000,0.0000
672.670,-96.980,-2.606,0.324,0.005,0.751,10.733,0.000,0.000,0.0000
672.680,-96.980,-2.546,0.324,0.005,0.751,10.733,0.000,0.000,0.0000
672.690,-96.980,-2.486,0.324,0.005,0.751,10.733,0.000,0.000,0.0000
672.700,-96.980,-2.427,0.324,0.005,0.751,10.733,0.000,0.000,0.0000
672.710,-96.980,-2.368,0.324,0.005,0.751,10.733,0.000,0.000,0.0000
672.720,-96.980,-2.309,0.324,0.005,0.751,10.733,0.000,0.000,0.0000
672.730,-96.980,-2.251,0.324,0.005,0.751,10.733,0.000,0.000,0.0000
672.740,-96.980,-2.193,0.324,0.005,0.751,10.733,0.000,0.000,0.0000
672.750,-96.980,-2.136,0.324,0.005,0.751,10.733,0.000,0.000,0.0000
672.760,-96.980,-2.079,0.324,0.005,0.751,10.733,0.000,0.000,0.0000
672.770,-96.980,-2.022,0.324,0.005,0.751,10.733,0.000,0.000,0.0000
672.780,-96.980,-1.966,0.324,0.004,0.750,10.733,0.000,0.000,0.0000
672.790,-96.980,-1.910,0.324,0.004,0.750,10.733,0.000,0.000,0.0000
672.800,-96.980,-1.855,0.324,0.004,0.750,10.733,0.000,0.000,0.0000
672.810,-96.980,-1.800,0.324,0.004,0.750,10.733,0.000,0.000,0.0000
672.820,-96.980,-1.745,0.324,0.004,0.750,10.733,0.000,0.000,0.0000
672.830,-96.980,-1.691,0.324,0.004,0.750,10.733,0.000,0.000,0.0000
672.840,-96.979,-1.637,0.324,0.004,0.750,10.733,0.000,0.000,0.0000
672.850,-96.979,-1.584,0.324,0.004,0.750,10.733,0.000,0.000,0.0000
672.860,-96.979,-1.530,0.324,0.004,0.750,10.733,0.000,0.000,0.0000
672.870,-96.979,-1.478,0.324,0.004,0.750,10.733,0.000,0.000,0.0000
672.880,-96.979,-1.426,0.324,0.004,0.750,10.733,0.000,0.000,0.0000
672.890,-96.979,-1.374,0.324,0.004,0.750,10.733,0.000,0.000,0.0000
672.900,-96.979,-1.322,0.324,0.004,0.750,10.733,0.000,0.000,0.0000
672.910,-96.979,-1.271,0.324,0.004,0.750,10.733,0.000,0.000,0.0000
672.920,-96.979,-1.221,0.324,0.004,0.750,10.733,0.000,0.000,0.0000
672.930,-96.979,-1.170,0.324,0.004,0.750,10.733,0.000,0.000,0.0000
672.940,-96.979,-1.120,0.324,0.004,0.750,10.733,0.000,0.000,0.0000
672.950,-96.979,-1.071,0.324,0.004,0.750,10.733,0.000,0.000,0.0000
672.960,-96.979,-1.022,0.324,0.004,0.750,10.733,0.000,0.000,0.0000
672.970,-96.979,-0.973,0.324,0.004,0.750,10.733,0.000,0.000,0.0000
672.980,-96.979,-0.925,0.324,0.004,0.750,10.733,0.000,0.000,0.0000
672.990,-96.979,-0.877,0.324,0.004,0.750,10.733,0.000,0.000,0.0000
673.000,-96.979,-0.829,0.324,0.004,0.750,10.733,0.000,0.000,0.0000
673.010,-96.979,-0.782,0.324,0.004,0.750,10.733,0.000,0.000,0.0000
673.020,-96.979,-0.736,0.324,0.004,0.750,10.733,0.000,0.000,0.0000
673.030,-96.979,-0.689,0.324,0.004,0.749,10.733,0.000,0.000,0.0000
673.040,-96.979,-0.643,0.324,0.004,0.749,10.733,0.000,0.000,0.0000
673.050,-96.979,-0.598,0.324,0.004,0.749,10.733,0.000,0.000,0.0000
673.060,-96.979,-0.553,0.324,0.004,0.749,10.733,0.000,0.000,0.0000
673.070,-96.979,-0.508,0.324,0.004,0.749,10.733,0.000,0.000,0.0000
673.080,-96.979,-0.464,0.324,0.004,0.749,10.733,0.000,0.000,0.0000
673.090,-96.978,-0.420,0.324,0.004,0.749,10.733,0.000,0.000,0.0000
673.100,-96.978,-0.376,0.324,0.003,0.749,10.733,0.000,0.000,0.0000
673.110,-96.978,-0.333,0.324,0.003,0.749,10.733,0.000,0.000,0.0000
673.120,-96.978,-0.291,0.324,0.003,0.749,10.733,0.000,0.000,0.0000
673.130,-96.978,-0.248,0.324,0.003,0.749,10.733,0.000,0.000,0.0000
673.140,-96.978,-0.206,0.324,0.003,0.749,10.733,0.000,0.000,0.0000
673.150,-96.978,-0.165,0.324,0.003,0.749,10.733,0.000,0.000,0.0000
673.160,-96.978,-0.124,0.324,0.003,0.749,10.733,0.000,0.000,0.0000
673.170,-96.978,-0.083,0.324,0.003,0.749,10.733,0.000,0.000,0.0000
673.180,-96.978,-0.043,0.324,0.003,0.749,10.733,0.000,0.000,0.0000
673.190,-96.978,-0.003,0.324,0.003,0.749,10.733,0.000,0.000,0.0000
673.200,-96.978,0.037,0.324,0.003,0.749,10.733,0.000,0.000,0.0000
673.210,-96.978,0.076,0.324,0.003,0.749,10.733,0.000,0.000,0.0000
673.220,-96.978,0.115,0.324,0.003,0.749,10.733,0.000,0.000,0.0000
673.230,-96.978,0.153,0.324,0.003,0.749,10.733,0.000,0.000,0.0000
673.240,-96.978,0.191,0.324,0.003,0.749,10.733,0.000,0.000,0.0000
673.250,-96.978,0.229,0.324,0.003,0.749,10.733,0.000,0.000,0.0000
673.260,-96.978,0.266,0.324,0.003,0.749,10.733,0.000,0.000,0.0000
673.270,-96.978,0.303,0.324,0.003,0.749,10.733,0.000,0.000,0.0000
673.280,-96.978,0.339,0.324,0.003,0.749,10.733,0.000,0.000,0.0000
673.290,-96.978,0.375,0.324,0.003,0.749,10.733,0.000,0.000,0.0000
673.300,-96.978,0.411,0.324,0.003,0.749,10.733,0.000,0.000,0.0000
673.310,-96.978,0.446,0.324,0.003,0.749,10.733,0.000,0.000,0.0000
673.320,-96.978,0.481,0.324,0.003,0.749,10.733,0.000,0.000,0.0000
673.330,-96.978,0.515,0.324,0.003,0.749,10.733,0.000,0.000,0.0000
673.340,-96.978,0.549,0.324,0.003,0.748,10.733,0.000,0.000,0.0000
673.350,-96.978,0.583,0.324,0.003,0.748,10.733,0.000,0.000,0.0000
673.360,-96.978,0.616,0.324,0.003,0.748,10.733,0.000,0.000,0.0000
673.370,-96.978,0.649,0.324,0.003,0.748,10.733,0.000,0.000,0.0000
673.380,-96.978,0.681,0.324,0.003,0.748,10.733,0.000,0.000,0.0000
673.390,-96.978,0.713,0.324,0.003,0.748,10.733,0.000,0.000,0.0000
673.400,-96.978,0.745,0.324,0.003,0.748,10.733,0.000,0.000,0.0000
673.410,-96.978,0.776,0.324,0.002,0.748,10.733,0.000,0.000,0.0000
673.420,-96.978,0.807,0.324,0.002,0.748,10.733,0.000,0.000,0.0000
673.430,-96.977,0.837,0.324,0.002,0.748,10.733,0.000,0.000,0.0000
673.440,-96.977,0.867,0.324,0.002,0.748,10.733,0.000,0.000,0.0000
673.450,-96.977,0.897,0.324,0.002,0.748,10.733,0.000,0.000,0.0000
673.460,-96.977,0.926,0.324,0.002,0.748,10.733,0.000,0.000,0.0000
673.470,-96.977,0.955,0.324,0.002,0.748,10.733,0.000,0.000,0.0000
673.480,-96.977,0.983,0.324,0.002,0.748,10.733,0.000,0.000,0.0000
673.490,-96.977,1.012,0.324,0.002,0.748,10.733,0.000,0.000,0.0000
673.500,-96.977,1.039,0.324,0.002,0.748,10.733,0.000,0.000,0.0000
673.510,-96.977,1.066,0.324,0.002,0.748,10.733,0.000,0.000,0.0000
673.520,-96.977,1.093,0.324,0.002,0.748,10.733,0.000,0.000,0.0000
673.530,-96.977,1.120,0.324,0.002,0.748,10.733,0.000,0.000,0.0000
673.540,-96.977,1.146,0.324,0.002,0.748,10.733,0.000,0.000,0.0000
673.550,-96.977,1.171,0.324,0.002,0.748,10.733,0.000,0.000,0.0000
673.560,-96.977,1.197,0.324,0.002,0.748,10.733,0.040,0.000,0.0000
673.570,-96.977,1.222,0.324,0.002,0.748,10.733,0.080,0.000,0.0000
673.580,-96.977,1.246,0.324,0.002,0.748,10.733,0.120,0.000,0.0000
673.590,-96.977,1.270,0.324,0.002,0.748,10.733,0.160,0.000,0.0000
673.600,-96.977,1.294,0.324,0.002,0.748,10.733,0.200,0.000,0.0000
673.610,-96.977,1.317,0.324,0.002,0.748,10.733,0.240,0.000,0.0000
673.620,-96.977,1.340,0.324,0.008,0.748,10.733,0.280,0.000,0.0000
673.630,-96.977,1.364,0.324,0.021,0.748,10.733,0.320,0.000,0.0000
673.640,-96.977,1.387,0.323,0.038,0.748,10.733,0.360,0.000,0.0000
673.650,-96.977,1.411,0.323,0.054,0.748,10.734,0.400,0.000,0.0000
673.660,-96.977,1.436,0.322,0.070,0.748,10.735,0.440,0.000,0.0000
673.670,-96.977,1.460,0.321,0.084,0.748,10.735,0.480,0.000,0.0000
673.680,-96.977,1.486,0.320,0.095,0.748,10.736,0.520,0.000,0.0000
673.690,-96.977,1.511,0.319,0.103,0.748,10.737,0.560,0.000,0.0000
673.700,-96.977,1.537,0.318,0.109,0.747,10.739,0.600,0.000,0.0000
673.710,-96.977,1.564,0.317,0.113,0.747,10.740,0.640,0.000,0.0000
673.720,-96.977,1.591,0.316,0.114,0.747,10.741,0.680,0.000,0.0000
673.730,-96.977,1.618,0.315,0.114,0.747,10.742,0.720,0.000,0.0000
673.740,-96.977,1.646,0.313,0.112,0.747,10.743,0.760,0.000,0.0000
673.750,-96.977,1.674,0.312,0.109,0.747,10.744,0.800,0.000,0.0000
673.760,-96.977,1.702,0.311,0.104,0.747,10.745,0.840,0.000,0.0000
673.770,-96.977,1.731,0.310,0.098,0.747,10.746,0.880,0.000,0.0000
673.780,-96.977,1.760,0.309,0.091,0.747,10.747,0.920,0.000,0.0000
673.790,-96.977,1.790,0.309,0.084,0.747,10.748,0.960,0.000,0.0000
673.800,-96.977,1.820,0.308,0.075,0.747,10.749,1.000,0.000,0.0000
673.810,-96.977,1.851,0.307,0.066,0.747,10.749,1.000,0.000,0.0000
673.820,-96.977,1.882,0.307,0.057,0.747,10.750,1.000,0.000,0.0000
673.830,-96.977,1.913,0.306,0.048,0.747,10.750,1.000,0.000,0.0000
673.840,-96.977,1.945,0.306,0.038,0.747,10.751,1.000,0.000,0.0000
673.850,-96.977,1.977,0.305,0.029,0.747,10.751,1.000,0.000,0.0000
673.860,-96.977,2.010,0.305,0.020,0.747,10.751,1.000,0.000,0.0000
673.870,-96.977,2.043,0.305,0.011,0.747,10.751,1.000,0.000,0.0000
673.880,-96.977,2.076,0.305,0.004,0.747,10.751,1.000,0.000,0.0000
673.890,-96.976,2.110,0.305,0.006,0.747,10.751,1.000,0.000,0.0000
673.900,-96.976,2.144,0.305,0.012,0.747,10.751,1.000,0.000,0.0000
673.910,-96.976,2.179,0.305,0.019,0.747,10.751,1.000,0.000,0.0000
673.920,-96.976,2.214,0.306,0.024,0.747,10.751,1.000,0.000,0.0000
673.930,-96.976,2.249,0.306,0.029,0.747,10.750,1.000,0.000,0.0000
673.940,-96.976,2.285,0.306,0.033,0.747,10.750,1.000,0.000,0.0000
673.950,-96.976,2.322,0.307,0.037,0.746,10.750,1.000,0.000,0.0000
673.960,-96.976,2.358,0.307,0.039,0.746,10.749,1.000,0.000,0.0000
673.970,-96.976,2.396,0.308,0.041,0.746,10.749,1.000,0.000,0.0000
673.980,-96.976,2.433,0.308,0.042,0.746,10.748,1.000,0.000,0.0000
673.990,-96.976,2.471,0.308,0.043,0.746,10.748,1.000,0.000,0.0000
674.000,-96.976,2.509,0.309,0.042,0.746,10.748,1.000,0.000,0.0000
674.010,-96.976,2.548,0.309,0.041,0.746,10.747,1.000,0.000,0.0000
674.020,-96.976,2.587,0.310,0.040,0.746,10.747,1.000,0.000,0.0000
674.030,-96.976,2.626,0.310,0.038,0.746,10.746,1.000,0.000,0.0000
674.040,-96.976,2.666,0.310,0.036,0.746,10.746,1.000,0.000,0.0000
674.050,-96.976,2.707,0.311,0.033,0.746,10.746,1.000,0.000,0.0000
674.060,-96.976,2.747,0.311,0.030,0.746,10.745,1.000,0.000,0.0000
674.070,-96.976,2.788,0.311,0.027,0.746,10.745,1.000,0.000,0.0000
674.080,-96.976,2.830,0.311,0.023,0.746,10.745,1.000,0.000,0.0000
674.090,-96.976,2.872,0.312,0.020,0.746,10.745,1.000,0.000,0.0000
674.100,-96.976,2.914,0.312,0.016,0.746,10.745,1.000,0.000,0.0000
674.110,-96.976,2.956,0.312,0.013,0.746,10.744,1.000,0.000,0.0000
674.120,-96.976,2.999,0.312,0.010,0.746,10.744,1.000,0.000,0.0000
674.130,-96.976,3.043,0.312,0.007,0.746,10.744,1.000,0.000,0.0000
674.140,-96.976,3.086,0.312,0.004,0.746,10.744,1.000,0.000,0.0000
674.150,-96.976,3.131,0.312,0.004,0.746,10.744,1.000,0.000,0.0000
674.160,-96.976,3.175,0.312,0.005,0.746,10.744,1.000,0.000,0.0000
674.170,-96.976,3.220,0.312,0.007,0.746,10.744,1.000,0.000,0.0000
674.180,-96.976,3.265,0.312,0.009,0.746,10.744,1.000,0.000,0.0000
674.190,-96.976,3.311,0.312,0.011,0.746,10.745,0.940,0.000,0.0080
674.200,-96.975,3.357,0.312,0.012,0.746,10.745,0.880,0.000,0.0160
674.210,-96.975,3.404,0.312,0.014,0.746,10.745,0.820,0.000,0.0240
674.220,-96.975,3.451,0.311,0.015,0.746,10.745,0.760,0.000,0.0320
674.230,-96.975,3.498,0.311,0.016,0.746,10.745,0.700,0.000,0.0400
674.240,-96.975,3.546,0.311,0.017,0.746,10.745,0.640,0.000,0.0480
674.250,-96.975,3.594,0.311,0.018,0.745,10.745,0.580,0.000,0.0560
674.260,-96.975,3.642,0.311,0.018,0.745,10.746,0.520,0.000,0.0640
674.270,-96.975,3.691,0.311,0.019,0.745,10.746,0.460,0.000,0.0720
674.280,-96.975,3.741,0.311,0.020,0.745,10.746,0.400,0.000,0.0800
674.290,-96.975,3.790,0.310,0.018,0.745,10.746,0.340,0.000,0.0880
674.300,-96.974,3.839,0.311,0.021,0.745,10.746,0.280,0.000,0.0960
674.310,-96.974,3.888,0.311,0.033,0.745,10.745,0.220,0.000,0.1040
674.320,-96.974,3.937,0.311,0.049,0.744,10.745,0.160,0.000,0.1120
674.330,-96.974,3.985,0.312,0.066,0.744,10.744,0.100,0.000,0.1200
674.340,-96.973,4.033,0.313,0.081,0.744,10.744,0.040,0.000,0.1280
674.350,-96.973,4.080,0.313,0.094,0.743,10.743,0.000,0.000,0.1360
674.360,-96.972,4.127,0.314,0.105,0.743,10.742,0.000,0.000,0.1440
674.370,-96.972,4.173,0.315,0.114,0.742,10.741,0.000,0.000,0.1520
674.380,-96.971,4.219,0.316,0.122,0.742,10.740,0.000,0.000,0.1600
674.390,-96.971,4.265,0.318,0.127,0.741,10.738,0.000,0.000,0.1680
674.400,-96.970,4.310,0.319,0.132,0.741,10.737,0.000,0.000,0.1760
674.410,-96.969,4.355,0.320,0.135,0.740,10.736,0.000,0.000,0.1840
674.420,-96.969,4.399,0.321,0.138,0.739,10.735,0.000,0.000,0.1920
674.430,-96.968,4.443,0.322,0.139,0.738,10.734,0.000,0.000,0.2000
674.440,-96.967,4.487,0.323,0.141,0.737,10.733,0.000,0.000,0.2080
674.450,-96.966,4.530,0.324,0.142,0.737,10.732,0.000,0.000,0.2160
674.460,-96.965,4.572,0.325,0.143,0.735,10.730,0.000,0.000,0.2240
674.470,-96.963,4.614,0.326,0.144,0.734,10.730,0.000,0.000,0.2320
674.480,-96.962,4.656,0.327,0.146,0.733,10.729,0.000,0.000,0.2400
674.490,-96.961,4.697,0.327,0.149,0.732,10.728,0.000,0.000,0.2480
674.500,-96.960,4.738,0.328,0.152,0.731,10.727,0.000,0.000,0.2560
674.510,-96.958,4.778,0.328,0.156,0.729,10.726,0.000,0.000,0.2640
674.520,-96.957,4.818,0.329,0.160,0.728,10.726,0.000,0.000,0.2720
674.530,-96.955,4.857,0.329,0.165,0.726,10.725,0.000,0.000,0.2800
674.540,-96.953,4.896,0.329,0.170,0.724,10.725,0.000,0.000,0.2880
674.550,-96.951,4.934,0.330,0.176,0.723,10.725,0.000,0.000,0.2960
674.560,-96.950,4.972,0.330,0.183,0.721,10.724,0.000,0.000,0.3040
674.570,-96.948,5.010,0.330,0.190,0.719,10.724,0.000,0.000,0.3120
674.580,-96.946,5.047,0.330,0.198,0.717,10.724,0.000,0.000,0.3200
674.590,-96.944,5.084,0.329,0.206,0.715,10.724,0.000,0.000,0.3280
674.600,-96.942,5.120,0.329,0.214,0.713,10.724,0.000,0.000,0.3360
674.610,-96.939,5.156,0.329,0.222,0.710,10.724,0.000,0.000,0.3440
674.620,-96.937,5.191,0.328,0.231,0.708,10.725,0.000,0.000,0.3520
674.630,-96.935,5.226,0.328,0.239,0.706,10.725,0.000,0.000,0.3600
674.640,-96.932,5.261,0.328,0.247,0.703,10.725,0.000,0.000,0.3680
674.650,-96.930,5.295,0.327,0.255,0.701,10.725,0.000,0.000,0.3760
674.660,-96.927,5.329,0.327,0.262,0.698,10.725,0.000,0.000,0.3840
674.670,-96.925,5.362,0.326,0.270,0.695,10.726,0.000,0.000,0.3920
674.680,-96.922,5.395,0.326,0.277,0.693,10.726,0.000,0.000,0.4000
674.690,-96.919,5.427,0.326,0.284,0.690,10.726,0.000,0.000,0.4080
674.700,-96.916,5.459,0.325,0.291,0.687,10.726,0.000,0.000,0.4160
674.710,-96.913,5.490,0.325,0.298,0.684,10.726,0.000,0.000,0.4240
674.720,-96.910,5.521,0.325,0.305,0.681,10.726,0.000,0.000,0.4320
674.730,-96.907,5.552,0.324,0.311,0.678,10.726,0.000,0.000,0.4400
674.740,-96.904,5.582,0.324,0.317,0.675,10.726,0.000,0.000,0.4480
674.750,-96.901,5.611,0.324,0.323,0.671,10.726,0.000,0.000,0.4560
674.760,-96.897,5.641,0.324,0.329,0.668,10.726,0.000,0.000,0.4640
674.770,-96.894,5.669,0.323,0.335,0.665,10.726,0.000,0.000,0.4720
674.780,-96.891,5.697,0.323,0.340,0.661,10.726,0.000,0.000,0.4800
674.790,-96.887,5.725,0.323,0.346,0.658,10.726,0.000,0.000,0.4880
674.800,-96.884,5.752,0.323,0.351,0.654,10.725,0.000,0.000,0.4960
674.810,-96.880,5.779,0.323,0.355,0.651,10.725,0.000,0.000,0.5000
674.820,-96.876,5.805,0.323,0.360,0.647,10.725,0.000,0.000,0.5000
674.830,-96.873,5.831,0.323,0.364,0.644,10.724,0.000,0.000,0.4700
674.840,-96.869,5.856,0.323,0.366,0.640,10.724,0.000,0.000,0.4400
674.850,-96.865,5.881,0.323,0.369,0.636,10.723,0.000,0.000,0.4100
674.860,-96.862,5.905,0.324,0.372,0.633,10.723,0.000,0.000,0.3800
674.870,-96.858,5.929,0.324,0.375,0.629,10.723,0.000,0.000,0.3500
674.880,-96.854,5.952,0.324,0.374,0.625,10.722,0.000,0.000,0.3200
674.890,-96.851,5.975,0.324,0.372,0.622,10.722,0.000,0.000,0.2900
674.900,-96.847,5.997,0.324,0.368,0.618,10.721,0.000,0.000,0.2600
674.910,-96.843,6.019,0.325,0.363,0.614,10.721,0.000,0.000,0.2300
674.920,-96.840,6.041,0.325,0.358,0.611,10.720,0.000,0.000,0.2000
674.930,-96.836,6.062,0.325,0.353,0.607,10.720,0.000,0.000,0.1700
674.940,-96.833,6.083,0.325,0.348,0.604,10.719,0.000,0.000,0.1400
674.950,-96.829,6.103,0.325,0.342,0.600,10.719,0.000,0.000,0.1100
674.960,-96.826,6.123,0.325,0.337,0.597,10.719,0.000,0.000,0.0800
674.970,-96.823,6.143,0.325,0.333,0.594,10.718,0.000,0.000,0.0500
674.980,-96.819,6.162,0.325,0.330,0.590,10.718,0.000,0.000,0.0200
674.990,-96.816,6.181,0.325,0.326,0.587,10.718,0.000,0.000,0.0000
675.000,-96.813,6.199,0.325,0.322,0.584,10.718,0.000,0.000,0.0000
675.010,-96.810,6.217,0.325,0.320,0.581,10.717,0.000,0.000,0.0000
675.020,-96.806,6.235,0.325,0.317,0.577,10.717,0.000,0.000,0.0000
675.030,-96.803,6.253,0.325,0.315,0.574,10.717,0.000,0.000,0.0000
675.040,-96.800,6.270,0.325,0.313,0.571,10.717,0.000,0.000,0.0000
675.050,-96.797,6.288,0.324,0.310,0.568,10.717,0.000,0.000,0.0000
675.060,-96.794,6.305,0.324,0.307,0.565,10.717,0.040,0.000,0.0000
675.070,-96.791,6.322,0.324,0.304,0.562,10.717,0.080,0.000,0.0000
675.080,-96.788,6.339,0.323,0.300,0.559,10.718,0.120,0.000,0.0000
675.090,-96.785,6.356,0.323,0.296,0.556,10.718,0.160,0.000,0.0000
675.100,-96.782,6.372,0.323,0.297,0.553,10.718,0.200,0.000,0.0000
675.110,-96.779,6.389,0.322,0.302,0.550,10.718,0.240,0.000,0.0000
675.120,-96.776,6.406,0.321,0.311,0.547,10.719,0.280,0.000,0.0000
675.130,-96.773,6.424,0.321,0.321,0.544,10.719,0.320,0.000,0.0000
675.140,-96.770,6.442,0.320,0.333,0.541,10.720,0.360,0.000,0.0000
675.150,-96.766,6.460,0.319,0.345,0.537,10.721,0.400,0.000,0.0000
675.160,-96.763,6.479,0.318,0.357,0.534,10.722,0.440,0.000,0.0000
675.170,-96.760,6.499,0.317,0.368,0.530,10.722,0.480,0.000,0.0000
675.180,-96.756,6.518,0.315,0.378,0.527,10.723,0.520,0.000,0.0000
675.190,-96.752,6.539,0.314,0.387,0.523,10.724,0.560,0.000,0.0000
675.200,-96.749,6.559,0.313,0.395,0.519,10.725,0.600,0.000,0.0000
675.210,-96.745,6.580,0.312,0.403,0.515,10.726,0.640,0.000,0.0000
675.220,-96.741,6.602,0.311,0.410,0.511,10.727,0.680,0.000,0.0000
675.230,-96.737,6.624,0.310,0.418,0.507,10.727,0.720,0.000,0.0000
675.240,-96.732,6.646,0.309,0.425,0.503,10.728,0.760,0.000,0.0000
675.250,-96.728,6.669,0.308,0.431,0.499,10.729,0.800,0.000,0.0000
675.260,-96.724,6.692,0.307,0.438,0.494,10.729,0.840,0.000,0.0000
675.270,-96.720,6.716,0.307,0.445,0.490,10.729,0.880,0.000,0.0000
675.280,-96.715,6.740,0.306,0.453,0.485,10.730,0.920,0.000,0.0000
675.290,-96.710,6.764,0.306,0.460,0.481,10.730,0.960,0.000,0.0000
675.300,-96.706,6.789,0.305,0.469,0.476,10.730,1.000,0.000,0.0000
675.310,-96.701,6.814,0.305,0.478,0.471,10.730,1.000,0.000,0.0000
675.320,-96.696,6.840,0.305,0.487,0.466,10.730,1.000,0.000,0.0000
675.330,-96.691,6.866,0.305,0.496,0.461,10.729,1.000,0.000,0.0000
675.340,-96.686,6.893,0.305,0.504,0.456,10.729,1.000,0.000,0.0000
675.350,-96.681,6.919,0.305,0.512,0.451,10.729,1.000,0.000,0.0000
675.360,-96.676,6.947,0.305,0.521,0.446,10.728,1.000,0.000,0.0000
675.370,-96.671,6.975,0.305,0.529,0.441,10.728,1.000,0.000,0.0000
675.380,-96.665,7.003,0.306,0.535,0.435,10.727,1.000,0.000,0.0000
675.390,-96.660,7.031,0.306,0.542,0.430,10.726,1.000,0.000,0.0000
675.400,-96.654,7.060,0.306,0.549,0.425,10.726,1.000,0.000,0.0000
675.410,-96.649,7.089,0.307,0.557,0.419,10.725,1.000,0.000,0.0000
675.420,-96.643,7.119,0.307,0.564,0.413,10.724,1.000,0.000,0.0000
675.430,-96.637,7.149,0.308,0.571,0.408,10.723,1.000,0.000,0.0000
675.440,-96.632,7.180,0.308,0.578,0.402,10.723,1.000,0.000,0.0000
675.450,-96.626,7.210,0.308,0.584,0.396,10.722,1.000,0.000,0.0000
675.460,-96.620,7.242,0.309,0.591,0.390,10.721,1.000,0.000,0.0000
675.470,-96.614,7.273,0.309,0.597,0.384,10.720,1.000,0.000,0.0000
675.480,-96.608,7.305,0.310,0.604,0.378,10.720,1.000,0.000,0.0000
675.490,-96.602,7.338,0.310,0.610,0.372,10.719,1.000,0.000,0.0000
675.500,-96.596,7.370,0.310,0.616,0.366,10.718,1.000,0.000,0.0000
675.510,-96.589,7.404,0.311,0.622,0.360,10.717,1.000,0.000,0.0000
675.520,-96.583,7.437,0.311,0.629,0.354,10.717,1.000,0.000,0.0000
675.530,-96.577,7.471,0.311,0.635,0.348,10.716,1.000,0.000,0.0000
675.540,-96.570,7.506,0.312,0.642,0.341,10.716,1.000,0.000,0.0000
675.550,-96.564,7.540,0.312,0.648,0.335,10.715,1.000,0.000,0.0000
675.560,-96.557,7.575,0.312,0.655,0.328,10.715,1.000,0.000,0.0000
675.570,-96.551,7.611,0.312,0.661,0.322,10.714,1.000,0.000,0.0000
675.580,-96.544,7.647,0.312,0.668,0.315,10.714,1.000,0.000,0.0000
675.590,-96.537,7.683,0.312,0.675,0.308,10.713,1.000,0.000,0.0000
675.600,-96.531,7.720,0.312,0.682,0.301,10.713,1.000,0.000,0.0000
675.610,-96.524,7.757,0.312,0.688,0.295,10.713,1.000,0.000,0.0000
675.620,-96.517,7.794,0.312,0.695,0.288,10.712,1.000,0.000,0.0000
675.630,-96.510,7.832,0.312,0.702,0.281,10.712,1.000,0.000,0.0000
675.640,-96.503,7.871,0.312,0.709,0.273,10.712,1.000,0.000,0.0000
675.650,-96.495,7.909,0.312,0.716,0.266,10.712,1.000,0.000,0.0000
675.660,-96.488,7.948,0.312,0.723,0.259,10.711,1.000,0.000,0.0000
675.670,-96.481,7.988,0.311,0.729,0.252,10.711,1.000,0.000,0.0000
675.680,-96.474,8.027,0.311,0.735,0.245,10.711,1.000,0.000,0.0000
675.690,-96.466,8.068,0.311,0.741,0.237,10.711,1.000,0.000,0.0000
675.700,-96.459,8.108,0.311,0.747,0.230,10.711,1.000,0.000,0.0000
675.710,-96.451,8.149,0.311,0.753,0.222,10.711,1.000,0.000,0.0000
675.720,-96.444,8.190,0.311,0.760,0.215,10.710,1.000,0.000,0.0000
675.730,-96.436,8.232,0.311,0.767,0.207,10.710,1.000,0.000,0.0000
675.740,-96.428,8.274,0.311,0.774,0.199,10.710,1.000,0.000,0.0000
675.750,-96.420,8.317,0.310,0.782,0.191,10.710,1.000,0.000,0.0000
675.760,-96.412,8.359,0.310,0.790,0.184,10.710,1.000,0.000,0.0000
675.770,-96.404,8.403,0.310,0.799,0.176,10.709,1.000,0.000,0.0000
675.780,-96.396,8.446,0.310,0.807,0.168,10.709,1.000,0.000,0.0000
675.790,-96.388,8.490,0.310,0.816,0.159,10.709,1.000,0.000,0.0000
675.800,-96.380,8.535,0.310,0.825,0.151,10.709,1.000,0.000,0.0000
675.810,-96.372,8.580,0.310,0.834,0.143,10.709,1.000,0.000,0.0000
675.820,-96.363,8.625,0.310,0.842,0.135,10.708,1.000,0.000,0.0000
675.830,-96.355,8.671,0.310,0.851,0.126,10.708,1.000,0.000,0.0000
675.840,-96.346,8.717,0.310,0.860,0.118,10.708,1.000,0.000,0.0000
675.850,-96.337,8.763,0.310,0.869,0.109,10.708,1.000,0.000,0.0000
675.860,-96.329,8.810,0.309,0.877,0.101,10.708,1.000,0.000,0.0000
675.870,-96.320,8.857,0.309,0.886,0.092,10.707,1.000,0.000,0.0000
675.880,-96.311,8.905,0.309,0.895,0.083,10.707,1.000,0.000,0.0000
675.890,-96.302,8.953,0.309,0.903,0.074,10.707,1.000,0.000,0.0000
675.900,-96.293,9.001,0.309,0.911,0.066,10.707,1.000,0.000,0.0000
675.910,-96.284,9.050,0.310,0.919,0.057,10.706,1.000,0.000,0.0000
675.920,-96.274,9.099,0.310,0.928,0.048,10.706,1.000,0.000,0.0000
675.930,-96.265,9.149,0.310,0.937,0.040,10.706,1.000,0.000,0.0000
675.940,-96.255,9.199,0.310,0.946,0.032,10.705,1.000,0.000,0.0080
675.950,-96.246,9.249,0.310,0.952,0.025,10.705,1.000,0.000,0.0160
675.960,-96.236,9.299,0.310,0.959,0.021,10.705,1.000,0.000,0.0240
675.970,-96.227,9.350,0.310,0.966,0.020,10.704,1.000,0.000,0.0320
675.980,-96.217,9.401,0.310,0.973,0.024,10.704,1.000,0.000,0.0400
675.990,-96.207,9.453,0.310,0.979,0.031,10.704,1.000,0.000,0.0480
676.000,-96.197,9.505,0.310,0.986,0.039,10.703,1.000,0.000,0.0560
676.010,-96.187,9.557,0.311,0.993,0.047,10.703,1.000,0.000,0.0640
676.020,-96.177,9.609,0.311,1.000,0.057,10.703,1.000,0.000,0.0720
676.030,-96.167,9.662,0.311,1.007,0.066,10.702,1.000,0.000,0.0800
676.040,-96.157,9.716,0.311,1.014,0.076,10.702,1.000,0.000,0.0880
676.050,-96.147,9.769,0.311,1.022,0.086,10.702,1.000,0.000,0.0960
676.060,-96.137,9.823,0.311,1.031,0.096,10.702,1.000,0.000,0.1040
676.070,-96.126,9.877,0.311,1.039,0.106,10.702,1.000,0.000,0.1120
676.080,-96.116,9.932,0.311,1.049,0.116,10.701,1.000,0.000,0.0820
676.090,-96.105,9.987,0.311,1.061,0.127,10.701,1.000,0.000,0.0520
676.100,-96.094,10.043,0.311,1.076,0.137,10.701,1.000,0.000,0.0220
676.110,-96.083,10.099,0.311,1.092,0.148,10.701,1.000,0.000,0.0000
676.120,-96.072,10.156,0.311,1.108,0.159,10.701,1.000,0.000,0.0000
676.130,-96.061,10.213,0.311,1.122,0.170,10.701,1.000,0.000,0.0000
676.140,-96.050,10.270,0.311,1.128,0.181,10.701,1.000,0.000,0.0000
676.150,-96.039,10.328,0.311,1.133,0.193,10.701,1.000,0.000,0.0000
676.160,-96.027,10.386,0.311,1.139,0.204,10.701,1.000,0.000,0.0000
676.170,-96.016,10.444,0.311,1.148,0.215,10.701,1.000,0.000,0.0000
676.180,-96.004,10.503,0.311,1.159,0.227,10.701,1.000,0.000,0.0000
676.190,-95.992,10.562,0.310,1.171,0.239,10.702,1.000,0.000,0.0000
676.200,-95.981,10.621,0.310,1.183,0.250,10.702,1.000,0.000,0.0000
676.210,-95.969,10.681,0.310,1.196,0.262,10.702,1.000,0.000,0.0000
676.220,-95.957,10.742,0.310,1.208,0.274,10.702,1.000,0.000,0.0000
676.230,-95.944,10.803,0.310,1.220,0.286,10.702,1.000,0.000,0.0000
676.240,-95.932,10.864,0.310,1.232,0.299,10.702,1.000,0.000,0.0000
676.250,-95.920,10.926,0.310,1.244,0.311,10.703,1.000,0.000,0.0000
676.260,-95.907,10.988,0.310,1.255,0.324,10.703,1.000,0.000,0.0000
676.270,-95.894,11.051,0.310,1.266,0.336,10.703,1.000,0.000,0.0000
676.280,-95.882,11.114,0.309,1.276,0.349,10.703,1.000,0.000,0.0000
676.290,-95.869,11.177,0.309,1.287,0.362,10.703,1.000,0.000,0.0000
676.300,-95.856,11.241,0.309,1.298,0.375,10.704,1.000,0.000,0.0000
676.310,-95.843,11.305,0.309,1.309,0.388,10.704,1.000,0.000,0.0000
676.320,-95.829,11.370,0.309,1.320,0.401,10.704,1.000,0.000,0.0000
676.330,-95.816,11.435,0.309,1.326,0.414,10.704,1.000,0.000,0.0000
676.340,-95.803,11.500,0.309,1.337,0.428,10.704,1.000,0.000,0.0000
676.350,-95.789,11.565,0.309,1.349,0.441,10.705,1.000,0.000,0.0000
676.360,-95.776,11.631,0.310,1.361,0.455,10.705,1.000,0.000,0.0000
676.370,-95.762,11.698,0.310,1.372,0.468,10.705,1.000,0.000,0.0000
676.380,-95.748,11.765,0.310,1.383,0.482,10.705,1.000,0.000,0.0000
676.390,-95.734,11.832,0.310,1.393,0.496,10.706,1.000,0.000,0.0000
676.400,-95.720,11.900,0.310,1.403,0.510,10.706,1.000,0.000,0.0000
676.410,-95.706,11.968,0.310,1.412,0.524,10.706,1.000,0.000,0.0000
676.420,-95.692,12.036,0.310,1.420,0.538,10.707,1.000,0.000,0.0000
676.430,-95.678,12.106,0.310,1.428,0.553,10.707,1.000,0.000,0.0000
676.440,-95.663,12.175,0.310,1.435,0.567,10.708,1.000,0.000,0.0000
676.450,-95.649,12.245,0.310,1.442,0.581,10.708,1.000,0.000,0.0000
676.460,-95.634,12.315,0.310,1.448,0.596,10.708,1.000,0.000,0.0000
676.470,-95.620,12.385,0.310,1.454,0.611,10.709,1.000,0.000,0.0000
676.480,-95.605,12.456,0.310,1.461,0.625,10.709,1.000,0.000,0.0000
676.490,-95.591,12.527,0.310,1.462,0.640,10.710,1.000,0.000,0.0000
676.500,-95.576,12.599,0.310,1.462,0.654,10.710,1.000,0.000,0.0000
676.510,-95.561,12.670,0.310,1.464,0.669,10.711,1.000,0.000,0.0000
676.520,-95.547,12.743,0.310,1.468,0.684,10.711,1.000,0.000,0.0080
676.530,-95.532,12.815,0.311,1.475,0.698,10.712,1.000,0.000,0.0160
676.540,-95.517,12.888,0.311,1.484,0.713,10.712,1.000,0.000,0.0240
676.550,-95.502,12.962,0.311,1.493,0.728,10.713,1.000,0.000,0.0320
676.560,-95.487,13.036,0.311,1.503,0.743,10.714,1.000,0.000,0.0400
676.570,-95.472,13.111,0.310,1.514,0.758,10.715,1.000,0.000,0.0480
676.580,-95.457,13.186,0.310,1.525,0.774,10.715,1.000,0.000,0.0560
676.590,-95.441,13.262,0.310,1.537,0.789,10.716,1.000,0.000,0.0640
676.600,-95.426,13.338,0.310,1.550,0.804,10.717,1.000,0.000,0.0720
676.610,-95.410,13.414,0.310,1.563,0.820,10.718,1.000,0.000,0.0800
676.620,-95.394,13.491,0.310,1.576,0.836,10.719,1.000,0.000,0.0880
676.630,-95.378,13.568,0.310,1.595,0.852,10.720,1.000,0.000,0.0960
676.640,-95.362,13.645,0.310,1.611,0.868,10.721,1.000,0.000,0.1040
676.650,-95.346,13.723,0.310,1.607,0.884,10.722,1.000,0.000,0.1120
676.660,-95.330,13.800,0.310,1.613,0.900,10.723,1.000,0.000,0.1200
676.670,-95.314,13.877,0.311,1.628,0.916,10.723,1.000,0.000,0.1280
676.680,-95.297,13.954,0.311,1.648,0.933,10.724,1.000,0.000,0.1360
676.690,-95.281,14.032,0.311,1.671,0.950,10.725,1.000,0.000,0.1440
676.700,-95.264,14.110,0.311,1.695,0.966,10.726,1.000,0.000,0.1520
676.710,-95.247,14.188,0.312,1.720,0.984,10.727,1.000,0.000,0.1600
676.720,-95.229,14.267,0.312,1.746,1.001,10.728,1.000,0.000,0.1680
676.730,-95.211,14.346,0.312,1.773,1.019,10.729,1.000,0.000,0.1760
676.740,-95.193,14.426,0.312,1.800,1.037,10.730,1.000,0.000,0.1840
676.750,-95.175,14.505,0.312,1.827,1.055,10.732,1.000,0.000,0.1920
676.760,-95.157,14.585,0.312,1.856,1.074,10.733,1.000,0.000,0.2000
676.770,-95.138,14.665,0.312,1.885,1.093,10.734,1.000,0.000,0.2080
676.780,-95.119,14.745,0.312,1.914,1.112,10.736,1.000,0.000,0.2160
676.790,-95.099,14.826,0.312,1.938,1.131,10.738,1.000,0.000,0.2240
676.800,-95.079,14.908,0.312,1.971,1.151,10.739,1.000,0.000,0.2320
676.810,-95.059,14.990,0.312,2.043,1.171,10.741,1.000,0.000,0.2400
676.820,-95.038,15.072,0.312,2.100,1.192,10.743,1.000,0.000,0.2480
676.830,-95.017,15.156,0.311,2.147,1.214,10.746,1.000,0.000,0.2560
676.840,-94.995,15.239,0.311,2.188,1.235,10.748,1.000,0.000,0.2640
676.850,-94.972,15.323,0.311,2.229,1.258,10.751,1.000,0.000,0.2720
676.860,-94.950,15.407,0.310,2.272,1.280,10.753,0.940,0.000,0.2800
676.870,-94.927,15.491,0.310,2.318,1.304,10.755,0.880,0.000,0.2880
676.880,-94.903,15.574,0.310,2.362,1.327,10.758,0.820,0.000,0.2960
676.890,-94.879,15.657,0.311,2.403,1.351,10.760,0.760,0.000,0.3040
676.900,-94.854,15.739,0.311,2.442,1.376,10.762,0.700,0.000,0.3120
676.910,-94.830,15.821,0.312,2.481,1.401,10.764,0.640,0.000,0.3200
676.920,-94.805,15.901,0.313,2.496,1.425,10.766,0.580,0.000,0.3280
676.930,-94.780,15.982,0.314,2.521,1.451,10.768,0.520,0.000,0.3360
676.940,-94.754,16.061,0.315,2.557,1.476,10.769,0.460,0.000,0.3440
676.950,-94.728,16.140,0.316,2.597,1.502,10.771,0.400,0.000,0.3520
676.960,-94.702,16.218,0.318,2.639,1.529,10.773,0.340,0.000,0.3600
676.970,-94.675,16.295,0.319,2.680,1.555,10.775,0.280,0.000,0.3680
676.980,-94.648,16.372,0.320,2.721,1.583,10.777,0.220,0.000,0.3760
676.990,-94.620,16.448,0.322,2.760,1.610,10.779,0.160,0.000,0.3840
677.000,-94.592,16.523,0.323,2.798,1.638,10.781,0.100,0.000,0.3920
677.010,-94.564,16.597,0.325,2.834,1.666,10.783,0.040,0.000,0.4000
677.020,-94.535,16.671,0.326,2.868,1.695,10.786,0.000,0.000,0.4080
677.030,-94.506,16.744,0.327,2.900,1.724,10.789,0.000,0.000,0.3780
677.040,-94.477,16.816,0.329,2.935,1.753,10.791,0.000,0.000,0.3480
677.050,-94.447,16.887,0.330,2.974,1.783,10.795,0.000,0.000,0.3180
677.060,-94.417,16.958,0.331,3.017,1.813,10.798,0.000,0.000,0.2880
677.070,-94.387,17.029,0.331,3.063,1.844,10.802,0.000,0.000,0.2580
677.080,-94.356,17.099,0.332,3.101,1.875,10.806,0.000,0.000,0.2280
677.090,-94.324,17.168,0.332,3.151,1.906,10.810,0.000,0.000,0.1980
677.100,-94.292,17.238,0.332,3.222,1.939,10.815,0.000,0.000,0.1680
677.110,-94.259,17.307,0.332,3.270,1.971,10.821,0.000,0.000,0.1380
677.120,-94.226,17.375,0.332,3.315,2.005,10.826,0.000,0.000,0.1080
677.130,-94.192,17.444,0.332,3.354,2.038,10.832,0.000,0.000,0.0780
677.140,-94.159,17.511,0.332,3.389,2.072,10.838,0.000,0.000,0.0480
677.150,-94.124,17.578,0.331,3.417,2.106,10.844,0.000,0.000,0.0180
677.160,-94.090,17.645,0.331,3.441,2.140,10.851,0.000,0.000,0.0000
677.170,-94.055,17.711,0.330,3.468,2.175,10.858,0.000,0.000,0.0000
677.180,-94.020,17.778,0.329,3.501,2.210,10.865,0.000,0.000,0.0000
677.190,-93.985,17.844,0.328,3.537,2.245,10.872,0.000,0.000,0.0000
677.200,-93.949,17.911,0.327,3.567,2.281,10.880,0.000,0.000,0.0000
677.210,-93.913,17.977,0.326,3.604,2.317,10.888,0.000,0.000,0.0000
677.220,-93.877,18.044,0.324,3.632,2.353,10.897,0.000,0.000,0.0000
677.230,-93.840,18.110,0.323,3.652,2.390,10.905,0.000,0.000,0.0000
677.240,-93.804,18.176,0.321,3.660,2.426,10.914,0.000,0.000,0.0000
677.250,-93.767,18.242,0.320,3.661,2.463,10.922,0.000,0.000,0.0000
677.260,-93.731,18.308,0.319,3.657,2.499,10.931,0.000,0.000,0.0000
677.270,-93.694,18.373,0.318,3.649,2.536,10.940,0.000,0.000,0.0000
677.280,-93.658,18.438,0.317,3.639,2.572,10.948,0.000,0.000,0.0000
677.290,-93.622,18.503,0.317,3.628,2.609,10.957,0.000,0.000,0.0000
677.300,-93.585,18.568,0.316,3.614,2.645,10.965,0.000,0.000,0.0000
677.310,-93.549,18.632,0.316,3.599,2.681,10.973,0.000,0.000,0.0000
677.320,-93.514,18.696,0.315,3.583,2.716,10.982,0.000,0.000,0.0000
677.330,-93.478,18.759,0.315,3.564,2.752,10.990,0.000,0.000,0.0000
677.340,-93.443,18.822,0.315,3.545,2.788,10.998,0.000,0.000,0.0000
677.350,-93.407,18.885,0.315,3.524,2.823,11.006,0.000,0.000,0.0000
677.360,-93.372,18.948,0.316,3.503,2.858,11.014,0.000,0.000,0.0000
677.370,-93.338,19.009,0.316,3.475,2.893,11.022,0.000,0.000,0.0000
677.380,-93.303,19.071,0.317,3.446,2.927,11.030,0.000,0.000,0.0000
677.390,-93.269,19.132,0.317,3.405,2.961,11.038,0.000,0.000,0.0000
677.400,-93.235,19.192,0.318,3.373,2.995,11.045,0.000,0.000,0.0000
677.410,-93.202,19.252,0.319,3.348,3.028,11.053,0.000,0.000,0.0000
677.420,-93.169,19.312,0.320,3.329,3.062,11.061,0.000,0.000,0.0000
677.430,-93.135,19.371,0.321,3.313,3.095,11.068,0.000,0.000,0.0000
677.440,-93.102,19.430,0.321,3.299,3.128,11.076,0.040,0.000,0.0000
677.450,-93.070,19.489,0.322,3.285,3.161,11.084,0.080,0.000,0.0000
677.460,-93.037,19.548,0.323,3.271,3.193,11.092,0.120,0.000,0.0000
677.470,-93.004,19.606,0.323,3.257,3.226,11.100,0.160,0.000,0.0000
677.480,-92.972,19.664,0.324,3.243,3.258,11.109,0.200,0.000,0.0000
677.490,-92.940,19.722,0.324,3.227,3.290,11.117,0.240,0.000,0.0000
677.500,-92.908,19.779,0.325,3.211,3.323,11.125,0.280,0.000,0.0000
677.510,-92.876,19.836,0.325,3.195,3.355,11.134,0.320,0.000,0.0000
677.520,-92.844,19.893,0.326,3.178,3.386,11.143,0.360,0.000,0.0000
677.530,-92.812,19.949,0.326,3.160,3.418,11.151,0.400,0.000,0.0000
677.540,-92.781,20.005,0.326,3.140,3.449,11.160,0.440,0.000,0.0000
677.550,-92.750,20.060,0.327,3.122,3.481,11.169,0.480,0.000,0.0000
677.560,-92.719,20.115,0.327,3.103,3.512,11.178,0.520,0.000,0.0000
677.570,-92.688,20.169,0.327,3.083,3.542,11.187,0.560,0.000,0.0000
677.580,-92.657,20.223,0.327,3.074,3.573,11.196,0.600,0.000,0.0000
677.590,-92.626,20.277,0.327,3.077,3.604,11.205,0.640,0.000,0.0000
677.600,-92.595,20.331,0.327,3.089,3.635,11.214,0.680,0.000,0.0000
677.610,-92.564,20.385,0.326,3.108,3.666,11.224,0.720,0.000,0.0000
677.620,-92.533,20.440,0.326,3.132,3.697,11.235,0.760,0.000,0.0000
677.630,-92.501,20.494,0.325,3.157,3.729,11.245,0.800,0.000,0.0000
677.640,-92.470,20.550,0.324,3.182,3.761,11.256,0.840,0.000,0.0000
677.650,-92.438,20.605,0.323,3.207,3.793,11.267,0.880,0.000,0.0000
677.660,-92.405,20.662,0.321,3.230,3.825,11.279,0.920,0.000,0.0000
677.670,-92.373,20.718,0.320,3.251,3.857,11.291,0.960,0.000,0.0080
677.680,-92.340,20.775,0.318,3.270,3.890,11.302,1.000,0.000,0.0160
677.690,-92.307,20.832,0.317,3.286,3.923,11.315,1.000,0.000,0.0240
677.700,-92.274,20.889,0.316,3.301,3.956,11.327,1.000,0.000,0.0320
677.710,-92.241,20.947,0.314,3.315,3.989,11.339,1.000,0.000,0.0400
677.720,-92.208,21.005,0.313,3.328,4.022,11.351,1.000,0.000,0.0480
677.730,-92.175,21.064,0.312,3.340,4.055,11.364,1.000,0.000,0.0560
677.740,-92.141,21.122,0.310,3.357,4.089,11.376,1.000,0.000,0.0640
677.750,-92.107,21.181,0.309,3.373,4.123,11.389,1.000,0.000,0.0720
677.760,-92.073,21.241,0.308,3.402,4.157,11.401,1.000,0.000,0.0800
677.770,-92.039,21.300,0.308,3.413,4.191,11.414,1.000,0.000,0.0880
677.780,-92.005,21.361,0.307,3.452,4.225,11.427,1.000,0.000,0.0960
677.790,-91.970,21.421,0.306,3.487,4.260,11.440,1.000,0.000,0.1040
677.800,-91.935,21.483,0.305,3.521,4.295,11.453,1.000,0.000,0.1120
677.810,-91.899,21.545,0.305,3.554,4.331,11.466,1.000,0.000,0.1200
677.820,-91.863,21.607,0.304,3.586,4.367,11.479,1.000,0.000,0.1280
677.830,-91.827,21.670,0.304,3.619,4.403,11.493,0.940,0.000,0.1360
677.840,-91.791,21.733,0.303,3.652,4.439,11.506,0.880,0.000,0.1440
677.850,-91.754,21.796,0.303,3.685,4.476,11.520,0.820,0.000,0.1520
677.860,-91.716,21.860,0.303,3.719,4.514,11.534,0.760,0.000,0.1600
677.870,-91.679,21.924,0.303,3.752,4.551,11.548,0.700,0.000,0.1680
677.880,-91.641,21.988,0.303,3.786,4.589,11.562,0.640,0.000,0.1760
677.890,-91.603,22.053,0.303,3.811,4.627,11.576,0.580,0.000,0.1840
677.900,-91.565,22.116,0.304,3.820,4.665,11.590,0.520,0.000,0.1920
677.910,-91.527,22.180,0.305,3.817,4.703,11.604,0.460,0.000,0.2000
677.920,-91.489,22.242,0.306,3.809,4.741,11.618,0.400,0.000,0.2080
677.930,-91.451,22.304,0.308,3.762,4.779,11.631,0.340,0.000,0.2160
677.940,-91.414,22.365,0.309,3.732,4.816,11.644,0.280,0.000,0.2240
677.950,-91.377,22.425,0.311,3.717,4.853,11.657,0.220,0.000,0.2320
677.960,-91.340,22.485,0.313,3.711,4.891,11.670,0.160,0.000,0.2400
677.970,-91.302,22.544,0.315,3.710,4.928,11.683,0.100,0.000,0.2480
677.980,-91.265,22.602,0.317,3.711,4.965,11.696,0.040,0.000,0.2560
677.990,-91.228,22.660,0.319,3.713,5.002,11.709,0.000,0.000,0.2640
678.000,-91.191,22.718,0.321,3.713,5.039,11.723,0.000,0.000,0.2720
678.010,-91.154,22.775,0.323,3.712,5.076,11.736,0.000,0.000,0.2800
678.020,-91.117,22.831,0.324,3.709,5.113,11.750,0.000,0.000,0.2880
678.030,-91.080,22.887,0.326,3.705,5.150,11.764,0.000,0.000,0.2580
678.040,-91.043,22.942,0.327,3.705,5.187,11.778,0.000,0.000,0.2280
678.050,-91.006,22.997,0.329,3.711,5.224,11.793,0.000,0.000,0.1980
678.060,-90.969,23.051,0.330,3.720,5.261,11.808,0.000,0.000,0.1680
678.070,-90.932,23.105,0.331,3.732,5.299,11.823,0.000,0.000,0.1380
678.080,-90.894,23.159,0.331,3.735,5.336,11.838,0.000,0.000,0.1080
678.090,-90.857,23.212,0.332,3.742,5.373,11.854,0.000,0.000,0.0780
678.100,-90.820,23.265,0.332,3.725,5.411,11.870,0.000,0.000,0.0480
678.110,-90.782,23.317,0.332,3.730,5.448,11.886,0.000,0.000,0.0180
678.120,-90.745,23.369,0.332,3.711,5.485,11.902,0.000,0.000,0.0000
678.130,-90.708,23.420,0.332,3.693,5.522,11.919,0.000,0.000,0.0000
678.140,-90.671,23.471,0.332,3.684,5.559,11.935,0.000,0.000,0.0000
678.150,-90.635,23.521,0.332,3.681,5.596,11.952,0.000,0.000,0.0000
678.160,-90.598,23.571,0.332,3.681,5.632,11.969,0.000,0.000,0.0000
678.170,-90.561,23.621,0.331,3.682,5.669,11.986,0.000,0.000,0.0000
678.180,-90.524,23.671,0.330,3.680,5.706,12.003,0.000,0.000,0.0000
678.190,-90.487,23.721,0.330,3.676,5.743,12.021,0.000,0.000,0.0000
678.200,-90.451,23.770,0.329,3.669,5.779,12.039,0.000,0.000,0.0000
678.210,-90.414,23.819,0.328,3.659,5.816,12.056,0.000,0.000,0.0000
678.220,-90.378,23.868,0.327,3.645,5.852,12.074,0.000,0.000,0.0000
678.230,-90.341,23.916,0.326,3.629,5.889,12.092,0.000,0.000,0.0000
678.240,-90.305,23.964,0.325,3.614,5.925,12.109,0.000,0.000,0.0000
678.250,-90.269,24.012,0.324,3.599,5.961,12.127,0.000,0.000,0.0000
678.260,-90.233,24.059,0.324,3.582,5.997,12.145,0.000,0.000,0.0000
678.270,-90.198,24.107,0.323,3.564,6.032,12.162,0.000,0.000,0.0000
678.280,-90.162,24.153,0.322,3.550,6.068,12.180,0.000,0.000,0.0000
678.290,-90.127,24.200,0.322,3.536,6.103,12.197,0.000,0.000,0.0000
678.300,-90.092,24.246,0.321,3.521,6.138,12.215,0.000,0.000,0.0000
678.310,-90.057,24.292,0.321,3.506,6.173,12.232,0.000,0.000,0.0000
678.320,-90.022,24.338,0.320,3.490,6.208,12.250,0.000,0.000,0.0000
678.330,-89.987,24.383,0.320,3.472,6.243,12.267,0.000,0.000,0.0000
678.340,-89.953,24.428,0.319,3.454,6.278,12.284,0.000,0.000,0.0000
678.350,-89.918,24.473,0.319,3.434,6.312,12.301,0.000,0.000,0.0000
678.360,-89.884,24.518,0.319,3.414,6.346,12.318,0.000,0.000,0.0000
678.370,-89.850,24.562,0.319,3.392,6.380,12.335,0.000,0.000,0.0000
678.380,-89.816,24.606,0.319,3.370,6.414,12.352,0.000,0.000,0.0000
678.390,-89.783,24.650,0.319,3.346,6.447,12.369,0.000,0.000,0.0000
678.400,-89.750,24.694,0.319,3.322,6.480,12.386,0.000,0.000,0.0000
678.410,-89.717,24.737,0.319,3.297,6.513,12.402,0.000,0.000,0.0000
678.420,-89.684,24.780,0.320,3.271,6.546,12.418,0.000,0.000,0.0000
678.430,-89.652,24.822,0.320,3.245,6.578,12.435,0.000,0.000,0.0000
678.440,-89.619,24.864,0.320,3.218,6.611,12.451,0.000,0.000,0.0000
678.450,-89.588,24.906,0.321,3.191,6.642,12.467,0.000,0.000,0.0000
678.460,-89.556,24.947,0.321,3.160,6.674,12.483,0.000,0.000,0.0000
678.470,-89.525,24.988,0.322,3.129,6.705,12.499,0.000,0.000,0.0080
678.480,-89.494,25.029,0.322,3.098,6.736,12.514,0.000,0.000,0.0160
678.490,-89.463,25.069,0.323,3.068,6.767,12.530,0.000,0.000,0.0240
678.500,-89.433,25.109,0.323,3.039,6.797,12.545,0.000,0.000,0.0320
678.510,-89.403,25.149,0.323,3.015,6.828,12.561,0.000,0.000,0.0400
678.520,-89.373,25.189,0.324,2.995,6.858,12.576,0.000,0.000,0.0480
678.530,-89.343,25.228,0.324,2.977,6.887,12.592,0.000,0.000,0.0560
678.540,-89.313,25.267,0.324,2.959,6.917,12.607,0.000,0.000,0.0640
678.550,-89.284,25.306,0.325,2.942,6.946,12.622,0.000,0.000,0.0720
678.560,-89.255,25.345,0.325,2.925,6.976,12.638,0.000,0.000,0.0800
678.570,-89.225,25.383,0.325,2.908,7.005,12.653,0.000,0.000,0.0880
678.580,-89.197,25.421,0.325,2.891,7.034,12.669,0.000,0.000,0.0960
678.590,-89.168,25.459,0.325,2.873,7.062,12.684,0.000,0.000,0.1040
678.600,-89.139,25.496,0.325,2.856,7.091,12.700,0.000,0.000,0.1120
678.610,-89.111,25.533,0.325,2.838,7.119,12.715,0.000,0.000,0.1200
678.620,-89.083,25.570,0.325,2.820,7.147,12.730,0.000,0.000,0.1280
678.630,-89.055,25.607,0.325,2.802,7.175,12.746,0.000,0.000,0.1360
678.640,-89.027,25.643,0.325,2.783,7.203,12.761,0.000,0.000,0.1440
678.650,-88.999,25.678,0.325,2.765,7.231,12.776,0.000,0.000,0.1520
678.660,-88.972,25.714,0.325,2.747,7.258,12.791,0.000,0.000,0.1600
678.670,-88.944,25.749,0.325,2.728,7.286,12.806,0.000,0.000,0.1680
678.680,-88.917,25.783,0.325,2.699,7.313,12.821,0.000,0.000,0.1760
678.690,-88.891,25.817,0.325,2.669,7.339,12.836,0.000,0.000,0.1840
678.700,-88.864,25.850,0.325,2.638,7.366,12.850,0.000,0.000,0.1920
678.710,-88.838,25.882,0.325,2.609,7.392,12.865,0.000,0.000,0.2000
678.720,-88.812,25.914,0.325,2.584,7.418,12.879,0.000,0.000,0.2080
678.730,-88.787,25.946,0.325,2.562,7.443,12.893,0.000,0.000,0.2160
678.740,-88.761,25.977,0.325,2.541,7.469,12.907,0.000,0.000,0.2240
678.750,-88.737,26.008,0.326,2.483,7.494,12.921,0.000,0.000,0.2320
678.760,-88.712,26.038,0.326,2.437,7.518,12.935,0.000,0.000,0.2400
678.770,-88.688,26.067,0.326,2.403,7.542,12.948,0.000,0.000,0.2480
678.780,-88.664,26.096,0.326,2.375,7.566,12.961,0.000,0.000,0.2560
678.790,-88.641,26.125,0.327,2.352,7.589,12.974,0.000,0.000,0.2640
678.800,-88.618,26.153,0.327,2.331,7.612,12.988,0.000,0.000,0.2720
678.810,-88.594,26.181,0.327,2.310,7.636,13.001,0.000,0.000,0.2800
678.820,-88.572,26.208,0.327,2.290,7.658,13.014,0.000,0.000,0.2880
678.830,-88.549,26.235,0.327,2.269,7.681,13.026,0.000,0.000,0.2960
678.840,-88.526,26.261,0.327,2.247,7.704,13.039,0.000,0.000,0.3040
678.850,-88.504,26.288,0.327,2.224,7.726,13.052,0.000,0.000,0.3120
678.860,-88.482,26.313,0.327,2.201,7.748,13.065,0.000,0.000,0.3200
678.870,-88.460,26.339,0.327,2.178,7.770,13.078,0.000,0.000,0.3280
678.880,-88.439,26.364,0.326,2.154,7.791,13.090,0.000,0.000,0.3360
678.890,-88.418,26.389,0.326,2.129,7.812,13.103,0.000,0.000,0.3440
678.900,-88.397,26.413,0.326,2.105,7.834,13.115,0.000,0.000,0.3520
678.910,-88.376,26.437,0.326,2.080,7.854,13.127,0.000,0.000,0.3600
678.920,-88.355,26.460,0.326,2.055,7.875,13.139,0.000,0.000,0.3680
678.930,-88.335,26.483,0.325,2.030,7.895,13.151,0.000,0.000,0.3760
678.940,-88.315,26.506,0.325,2.005,7.915,13.163,0.000,0.000,0.3840
678.950,-88.295,26.528,0.325,1.979,7.935,13.175,0.000,0.000,0.3920
678.960,-88.276,26.550,0.325,1.954,7.955,13.186,0.000,0.000,0.4000
678.970,-88.256,26.572,0.325,1.929,7.974,13.198,0.000,0.000,0.4080
678.980,-88.237,26.593,0.324,1.903,7.993,13.209,0.000,0.000,0.4160
678.990,-88.218,26.614,0.324,1.878,8.012,13.220,0.000,0.000,0.4240
679.000,-88.200,26.634,0.324,1.853,8.030,13.231,0.000,0.000,0.4320
679.010,-88.182,26.654,0.324,1.827,8.048,13.242,0.000,0.000,0.4400
679.020,-88.164,26.673,0.324,1.801,8.066,13.253,0.000,0.000,0.4480
679.030,-88.146,26.693,0.324,1.783,8.084,13.264,0.000,0.000,0.4560
679.040,-88.128,26.712,0.324,1.765,8.102,13.274,0.000,0.000,0.4640
679.050,-88.111,26.731,0.323,1.749,8.119,13.285,0.000,0.000,0.4720
679.060,-88.093,26.749,0.323,1.734,8.137,13.295,0.000,0.000,0.4420
679.070,-88.076,26.767,0.323,1.723,8.154,13.306,0.000,0.000,0.4120
679.080,-88.059,26.785,0.323,1.713,8.171,13.316,0.040,0.000,0.3820
679.090,-88.042,26.803,0.323,1.701,8.188,13.326,0.080,0.000,0.3520
679.100,-88.025,26.820,0.323,1.689,8.205,13.337,0.120,0.000,0.3220
679.110,-88.008,26.837,0.322,1.677,8.222,13.347,0.160,0.000,0.2920
679.120,-87.992,26.854,0.322,1.665,8.238,13.357,0.200,0.000,0.2620
679.130,-87.975,26.871,0.322,1.654,8.255,13.367,0.240,0.000,0.2320
679.140,-87.958,26.887,0.322,1.659,8.272,13.377,0.280,0.000,0.2020
679.150,-87.942,26.903,0.322,1.631,8.288,13.387,0.320,0.000,0.1720
679.160,-87.926,26.919,0.322,1.616,8.304,13.397,0.360,0.000,0.1420
679.170,-87.910,26.935,0.321,1.618,8.320,13.407,0.400,0.000,0.1120
679.180,-87.894,26.951,0.321,1.633,8.337,13.417,0.440,0.000,0.0820
679.190,-87.877,26.967,0.321,1.657,8.353,13.427,0.480,0.000,0.0520
679.200,-87.860,26.984,0.320,1.688,8.370,13.438,0.520,0.000,0.0220
679.210,-87.843,27.000,0.319,1.722,8.387,13.449,0.560,0.000,0.0000
679.220,-87.825,27.017,0.319,1.760,8.405,13.460,0.600,0.000,0.0000
679.230,-87.807,27.035,0.318,1.806,8.423,13.472,0.640,0.000,0.0000
679.240,-87.789,27.053,0.317,1.856,8.441,13.484,0.680,0.000,0.0000
679.250,-87.770,27.071,0.316,1.909,8.460,13.496,0.720,0.000,0.0000
679.260,-87.750,27.089,0.315,1.961,8.480,13.509,0.760,0.000,0.0000
679.270,-87.730,27.109,0.313,2.012,8.500,13.522,0.800,0.000,0.0000
679.280,-87.709,27.128,0.312,2.061,8.521,13.536,0.840,0.000,0.0000
679.290,-87.688,27.148,0.311,2.108,8.542,13.550,0.880,0.000,0.0000
679.300,-87.667,27.168,0.310,2.153,8.563,13.564,0.920,0.000,0.0000
679.310,-87.645,27.189,0.309,2.196,8.585,13.578,0.960,0.000,0.0000
679.320,-87.623,27.210,0.308,2.237,8.607,13.593,1.000,0.000,0.0000
679.330,-87.600,27.232,0.307,2.277,8.630,13.608,1.000,0.000,0.0000
679.340,-87.577,27.253,0.306,2.315,8.653,13.623,1.000,0.000,0.0000
679.350,-87.553,27.276,0.305,2.353,8.677,13.638,1.000,0.000,0.0000
679.360,-87.529,27.298,0.304,2.390,8.701,13.653,1.000,0.000,0.0000
679.370,-87.505,27.321,0.304,2.426,8.725,13.669,1.000,0.000,0.0000
679.380,-87.480,27.344,0.303,2.461,8.750,13.684,1.000,0.000,0.0000
679.390,-87.455,27.367,0.303,2.496,8.775,13.700,1.000,0.000,0.0000
679.400,-87.430,27.391,0.303,2.530,8.800,13.716,1.000,0.000,0.0000
679.410,-87.405,27.415,0.303,2.563,8.825,13.732,1.000,0.000,0.0000
679.420,-87.379,27.440,0.303,2.596,8.851,13.748,1.000,0.000,0.0000
679.430,-87.352,27.464,0.303,2.628,8.878,13.765,1.000,0.000,0.0000
679.440,-87.326,27.489,0.303,2.659,8.904,13.781,1.000,0.000,0.0000
679.450,-87.299,27.514,0.304,2.694,8.931,13.798,1.000,0.000,0.0000
679.460,-87.272,27.540,0.304,2.728,8.958,13.815,1.000,0.000,0.0000
679.470,-87.244,27.566,0.304,2.762,8.986,13.832,1.000,0.000,0.0000
679.480,-87.216,27.592,0.305,2.794,9.014,13.849,1.000,0.000,0.0000
679.490,-87.188,27.618,0.305,2.826,9.042,13.867,1.000,0.000,0.0000
679.500,-87.159,27.645,0.306,2.857,9.071,13.885,1.000,0.000,0.0000
679.510,-87.130,27.672,0.307,2.888,9.100,13.903,1.000,0.000,0.0000
679.520,-87.101,27.699,0.307,2.925,9.129,13.921,1.000,0.000,0.0000
679.530,-87.071,27.726,0.308,2.960,9.159,13.939,1.000,0.000,0.0000
679.540,-87.042,27.754,0.308,2.992,9.189,13.958,1.000,0.000,0.0000
679.550,-87.011,27.782,0.309,3.023,9.219,13.977,1.000,0.000,0.0000
679.560,-86.981,27.810,0.309,3.054,9.249,13.996,1.000,0.000,0.0000
679.570,-86.950,27.839,0.310,3.085,9.280,14.016,1.000,0.000,0.0000
679.580,-86.919,27.867,0.310,3.116,9.311,14.036,1.000,0.000,0.0000
679.590,-86.887,27.896,0.311,3.146,9.343,14.056,1.000,0.000,0.0000
679.600,-86.856,27.926,0.311,3.176,9.375,14.076,1.000,0.000,0.0000
679.610,-86.823,27.956,0.311,3.206,9.407,14.097,1.000,0.000,0.0000
679.620,-86.791,27.986,0.312,3.235,9.439,14.117,1.000,0.000,0.0000
679.630,-86.758,28.016,0.312,3.264,9.472,14.139,1.000,0.000,0.0000
679.640,-86.726,28.046,0.312,3.293,9.504,14.160,1.000,0.000,0.0000
679.650,-86.692,28.077,0.312,3.321,9.538,14.182,1.000,0.000,0.0000
679.660,-86.659,28.108,0.312,3.348,9.571,14.204,1.000,0.000,0.0000
679.670,-86.625,28.139,0.312,3.376,9.605,14.226,1.000,0.000,0.0000
679.680,-86.591,28.171,0.312,3.402,9.639,14.248,1.000,0.000,0.0000
679.690,-86.557,28.203,0.312,3.429,9.673,14.271,1.000,0.000,0.0000
679.700,-86.522,28.235,0.312,3.455,9.708,14.294,1.000,0.000,0.0000
679.710,-86.487,28.267,0.312,3.481,9.743,14.317,1.000,0.000,0.0000
679.720,-86.452,28.300,0.312,3.506,9.778,14.340,1.000,0.000,0.0000
679.730,-86.417,28.332,0.312,3.531,9.813,14.364,1.000,0.000,0.0000
679.740,-86.382,28.365,0.312,3.556,9.849,14.388,1.000,0.000,0.0080
679.750,-86.346,28.399,0.312,3.582,9.884,14.412,1.000,0.000,0.0160
679.760,-86.310,28.432,0.312,3.610,9.920,14.436,1.000,0.000,0.0240
679.770,-86.273,28.466,0.312,3.638,9.957,14.460,1.000,0.000,0.0320
679.780,-86.236,28.500,0.312,3.673,9.994,14.485,1.000,0.000,0.0400
679.790,-86.199,28.535,0.311,3.710,10.031,14.510,1.000,0.000,0.0480
679.800,-86.162,28.569,0.311,3.749,10.068,14.536,1.000,0.000,0.0560
679.810,-86.124,28.605,0.311,3.788,10.106,14.562,0.940,0.000,0.0640
679.820,-86.086,28.640,0.311,3.828,10.144,14.588,0.880,0.000,0.0720
679.830,-86.047,28.676,0.310,3.867,10.183,14.615,0.820,0.000,0.0800
679.840,-86.008,28.712,0.310,3.906,10.222,14.641,0.760,0.000,0.0880
679.850,-85.969,28.749,0.310,3.944,10.261,14.669,0.700,0.000,0.0960
679.860,-85.929,28.785,0.309,3.981,10.301,14.696,0.640,0.000,0.1040
679.870,-85.889,28.822,0.309,4.018,10.341,14.724,0.580,0.000,0.1120
679.880,-85.848,28.860,0.309,4.054,10.382,14.752,0.520,0.000,0.1200
679.890,-85.807,28.897,0.309,4.090,10.423,14.780,0.460,0.000,0.1280
679.900,-85.766,28.935,0.309,4.107,10.464,14.809,0.400,0.000,0.1360
679.910,-85.725,28.972,0.309,4.108,10.505,14.837,0.340,0.000,0.1440
679.920,-85.684,29.009,0.309,4.097,10.546,14.865,0.280,0.000,0.1520
679.930,-85.643,29.046,0.309,4.062,10.587,14.893,0.220,0.000,0.1600
679.940,-85.603,29.083,0.310,4.056,10.627,14.921,0.160,0.000,0.1680
679.950,-85.563,29.119,0.311,4.020,10.667,14.948,0.100,0.000,0.1760
679.960,-85.523,29.154,0.312,3.982,10.707,14.976,0.040,0.000,0.1840
679.970,-85.483,29.189,0.313,3.944,10.747,15.002,0.000,0.000,0.1920
679.980,-85.444,29.224,0.314,3.911,10.786,15.029,0.000,0.000,0.2000
679.990,-85.406,29.258,0.316,3.880,10.824,15.055,0.000,0.000,0.2080
680.000,-85.367,29.291,0.317,3.813,10.863,15.081,0.000,0.000,0.2160
680.010,-85.330,29.324,0.319,3.760,10.900,15.106,0.000,0.000,0.2240
680.020,-85.293,29.356,0.320,3.719,10.937,15.131,0.000,0.000,0.2320
680.030,-85.256,29.388,0.322,3.687,10.974,15.156,0.040,0.000,0.2400
680.040,-85.219,29.420,0.324,3.660,11.011,15.181,0.080,0.000,0.2480
680.050,-85.183,29.451,0.325,3.635,11.047,15.206,0.120,0.000,0.2560
680.060,-85.147,29.481,0.326,3.611,11.083,15.231,0.160,0.000,0.2640
680.070,-85.111,29.512,0.327,3.586,11.119,15.255,0.200,0.000,0.2720
680.080,-85.076,29.542,0.329,3.559,11.155,15.280,0.240,0.000,0.2800
680.090,-85.040,29.571,0.329,3.532,11.190,15.305,0.280,0.000,0.2880
680.100,-85.005,29.600,0.330,3.502,11.225,15.329,0.320,0.000,0.2960
680.110,-84.970,29.629,0.331,3.472,11.260,15.354,0.360,0.000,0.3040
680.120,-84.936,29.657,0.331,3.440,11.294,15.378,0.400,0.000,0.3120
680.130,-84.902,29.685,0.332,3.414,11.328,15.402,0.440,0.000,0.3200
680.140,-84.868,29.713,0.332,3.405,11.362,15.427,0.480,0.000,0.2900
680.150,-84.834,29.740,0.332,3.419,11.396,15.452,0.520,0.000,0.2600
680.160,-84.799,29.768,0.331,3.453,11.431,15.477,0.560,0.000,0.2300
680.170,-84.764,29.796,0.331,3.499,11.466,15.503,0.500,0.000,0.2000
680.180,-84.729,29.824,0.329,3.550,11.501,15.529,0.540,0.000,0.1700
680.190,-84.693,29.853,0.328,3.603,11.537,15.556,0.580,0.000,0.1400
680.200,-84.656,29.881,0.327,3.656,11.574,15.584,0.620,0.000,0.1100
680.210,-84.619,29.910,0.325,3.708,11.611,15.612,0.660,0.000,0.0800
680.220,-84.582,29.939,0.323,3.758,11.648,15.641,0.700,0.000,0.0500
680.230,-84.544,29.968,0.321,3.803,11.686,15.670,0.740,0.000,0.0200
680.240,-84.505,29.997,0.319,3.846,11.725,15.699,0.780,0.000,0.0000
680.250,-84.467,30.026,0.318,3.850,11.763,15.729,0.820,0.000,0.0000
680.260,-84.428,30.056,0.316,3.868,11.802,15.758,0.860,0.000,0.0000
680.270,-84.389,30.085,0.314,3.904,11.841,15.788,0.900,0.000,0.0000
680.280,-84.350,30.114,0.313,3.952,11.880,15.818,0.940,0.000,0.0000
680.290,-84.310,30.144,0.311,4.008,11.920,15.849,0.980,0.000,0.0000
680.300,-84.269,30.174,0.309,4.066,11.961,15.880,1.000,0.000,0.0000
680.310,-84.228,30.205,0.308,4.125,12.002,15.911,1.000,0.000,0.0000
680.320,-84.186,30.236,0.307,4.181,12.044,15.943,1.000,0.000,0.0000
680.330,-84.144,30.267,0.305,4.235,12.086,15.975,1.000,0.000,0.0000
680.340,-84.101,30.298,0.304,4.285,12.129,16.008,1.000,0.000,0.0000
680.350,-84.057,30.330,0.303,4.332,12.173,16.041,1.000,0.000,0.0000
680.360,-84.014,30.362,0.302,4.376,12.216,16.074,1.000,0.000,0.0000
680.370,-83.970,30.394,0.302,4.417,12.260,16.107,1.000,0.000,0.0000
680.380,-83.925,30.426,0.301,4.456,12.305,16.141,1.000,0.000,0.0000
680.390,-83.880,30.459,0.301,4.492,12.350,16.175,1.000,0.000,0.0000
680.400,-83.835,30.492,0.301,4.530,12.395,16.209,1.000,0.000,0.0000
680.410,-83.789,30.525,0.301,4.550,12.441,16.243,1.000,0.000,0.0000
680.420,-83.743,30.558,0.301,4.589,12.487,16.277,1.000,0.000,0.0000
680.430,-83.697,30.591,0.301,4.634,12.533,16.312,1.000,0.000,0.0000
680.440,-83.650,30.625,0.301,4.678,12.580,16.347,1.000,0.000,0.0000
680.450,-83.603,30.659,0.302,4.721,12.627,16.383,1.000,0.000,0.0000
680.460,-83.555,30.694,0.302,4.760,12.675,16.418,1.000,0.000,0.0000
680.470,-83.507,30.728,0.303,4.804,12.723,16.454,1.000,0.000,0.0000
680.480,-83.459,30.763,0.304,4.848,12.771,16.491,1.000,0.000,0.0000
680.490,-83.410,30.798,0.304,4.890,12.820,16.528,1.000,0.000,0.0000
680.500,-83.361,30.833,0.305,4.932,12.869,16.565,1.000,0.000,0.0000
680.510,-83.311,30.869,0.306,4.972,12.919,16.602,1.000,0.000,0.0000
680.520,-83.261,30.904,0.306,5.010,12.969,16.640,1.000,0.000,0.0000
680.530,-83.210,30.940,0.307,5.047,13.020,16.678,1.000,0.000,0.0080
680.540,-83.160,30.977,0.308,5.080,13.070,16.717,1.000,0.000,0.0160
680.550,-83.109,31.013,0.308,5.110,13.121,16.756,1.000,0.000,0.0240
680.560,-83.057,31.050,0.309,5.136,13.173,16.795,1.000,0.000,0.0320
680.570,-83.006,31.086,0.310,5.160,13.224,16.834,1.000,0.000,0.0400
680.580,-82.954,31.123,0.310,5.182,13.276,16.874,1.000,0.000,0.0480
680.590,-82.902,31.160,0.311,5.202,13.328,16.914,1.000,0.000,0.0560
680.600,-82.849,31.198,0.312,5.232,13.381,16.954,1.000,0.000,0.0640
680.610,-82.797,31.235,0.312,5.263,13.433,16.994,1.000,0.000,0.0720
680.620,-82.744,31.273,0.313,5.297,13.486,17.035,1.000,0.000,0.0800
680.630,-82.691,31.311,0.313,5.331,13.539,17.077,1.000,0.000,0.0880
680.640,-82.637,31.349,0.313,5.364,13.593,17.118,1.000,0.000,0.0960
680.650,-82.583,31.388,0.313,5.396,13.647,17.160,0.940,0.000,0.1040
680.660,-82.528,31.426,0.314,5.451,13.702,17.203,0.880,0.000,0.1120
680.670,-82.473,31.465,0.314,5.506,13.757,17.246,0.820,0.000,0.1200
680.680,-82.418,31.504,0.314,5.559,13.812,17.290,0.760,0.000,0.1280
680.690,-82.362,31.544,0.313,5.609,13.868,17.334,0.700,0.000,0.1360
680.700,-82.305,31.583,0.313,5.657,13.925,17.379,0.640,0.000,0.1440
680.710,-82.248,31.623,0.313,5.703,13.982,17.424,0.580,0.000,0.1520
680.720,-82.191,31.663,0.313,5.727,14.039,17.469,0.520,0.000,0.1600
680.730,-82.134,31.703,0.312,5.731,14.096,17.515,0.460,0.000,0.1680
680.740,-82.076,31.742,0.312,5.720,14.154,17.560,0.400,0.000,0.1760
680.750,-82.019,31.781,0.313,5.700,14.211,17.605,0.340,0.000,0.1840
680.760,-81.963,31.820,0.313,5.674,14.267,17.650,0.280,0.000,0.1920
680.770,-81.906,31.858,0.313,5.624,14.324,17.694,0.220,0.000,0.2000
680.780,-81.851,31.896,0.314,5.576,14.379,17.738,0.160,0.000,0.2080
680.790,-81.795,31.932,0.315,5.534,14.435,17.782,0.100,0.000,0.2160
680.800,-81.740,31.969,0.316,5.499,14.490,17.825,0.140,0.000,0.2240
680.810,-81.686,32.005,0.317,5.469,14.544,17.868,0.180,0.000,0.2320
680.820,-81.631,32.040,0.318,5.442,14.599,17.911,0.220,0.000,0.2400
680.830,-81.578,32.075,0.320,5.367,14.652,17.954,0.260,0.000,0.2480
680.840,-81.525,32.109,0.321,5.307,14.706,17.995,0.300,0.000,0.2560
680.850,-81.472,32.143,0.322,5.262,14.758,18.037,0.340,0.000,0.2640
680.860,-81.420,32.176,0.324,5.228,14.810,18.078,0.380,0.000,0.2720
680.870,-81.368,32.209,0.325,5.199,14.862,18.120,0.420,0.000,0.2800
680.880,-81.316,32.241,0.326,5.174,14.914,18.161,0.460,0.000,0.2880
680.890,-81.264,32.273,0.327,5.148,14.966,18.202,0.500,0.000,0.2960
680.900,-81.213,32.304,0.328,5.120,15.017,18.243,0.540,0.000,0.3040
680.910,-81.162,32.335,0.329,5.098,15.068,18.283,0.580,0.000,0.3120
680.920,-81.111,32.366,0.330,5.085,15.119,18.324,0.520,0.000,0.3200
680.930,-81.061,32.396,0.330,5.068,15.169,18.365,0.460,0.000,0.3280
680.940,-81.010,32.425,0.330,5.043,15.220,18.406,0.400,0.000,0.3360
680.950,-80.960,32.455,0.331,5.036,15.270,18.447,0.340,0.000,0.3440
680.960,-80.910,32.484,0.331,5.000,15.320,18.488,0.280,0.000,0.3520
680.970,-80.860,32.513,0.331,4.987,15.370,18.529,0.220,0.000,0.3600
680.980,-80.810,32.541,0.330,4.974,15.420,18.569,0.160,0.000,0.3680
680.990,-80.761,32.569,0.330,4.958,15.469,18.610,0.100,0.000,0.3760
681.000,-80.711,32.597,0.330,4.936,15.519,18.651,0.040,0.000,0.3840
681.010,-80.662,32.624,0.330,4.908,15.568,18.691,0.000,0.000,0.3920
681.020,-80.614,32.650,0.329,4.876,15.616,18.731,0.000,0.000,0.4000
681.030,-80.565,32.676,0.329,4.841,15.665,18.771,0.000,0.000,0.4080
681.040,-80.517,32.702,0.328,4.860,15.713,18.812,0.000,0.000,0.3780
681.050,-80.468,32.727,0.328,4.812,15.762,18.852,0.000,0.000,0.3480
681.060,-80.420,32.751,0.327,4.804,15.810,18.891,0.000,0.000,0.3180
681.070,-80.373,32.775,0.327,4.783,15.857,18.931,0.000,0.000,0.2880
681.080,-80.325,32.799,0.326,4.756,15.905,18.971,0.000,0.000,0.2580
681.090,-80.278,32.822,0.326,4.725,15.952,19.010,0.000,0.000,0.2280
681.100,-80.231,32.844,0.326,4.694,15.999,19.049,0.000,0.000,0.1980
681.110,-80.184,32.866,0.325,4.665,16.046,19.088,0.000,0.000,0.1680
681.120,-80.138,32.888,0.325,4.637,16.092,19.126,0.000,0.000,0.1380
681.130,-80.092,32.909,0.325,4.611,16.138,19.165,0.000,0.000,0.1080
681.140,-80.046,32.930,0.324,4.609,16.184,19.203,0.000,0.000,0.0780
681.150,-80.000,32.950,0.324,4.612,16.230,19.242,0.000,0.000,0.0480
681.160,-79.953,32.971,0.324,4.617,16.277,19.280,0.000,0.000,0.0180
681.170,-79.907,32.991,0.323,4.621,16.323,19.319,0.000,0.000,0.0000
681.180,-79.861,33.011,0.323,4.622,16.369,19.358,0.000,0.000,0.0000
681.190,-79.815,33.031,0.322,4.621,16.415,19.397,0.000,0.000,0.0000
681.200,-79.769,33.050,0.321,4.615,16.461,19.436,0.000,0.000,0.0000
681.210,-79.723,33.070,0.321,4.603,16.507,19.474,0.000,0.000,0.0000
681.220,-79.677,33.089,0.320,4.585,16.553,19.513,0.000,0.000,0.0000
681.230,-79.631,33.108,0.320,4.562,16.599,19.551,0.000,0.000,0.0000
681.240,-79.586,33.126,0.320,4.536,16.644,19.590,0.000,0.000,0.0000
681.250,-79.541,33.145,0.319,4.507,16.689,19.628,0.000,0.000,0.0000
681.260,-79.496,33.163,0.319,4.475,16.734,19.665,0.000,0.000,0.0000
681.270,-79.452,33.181,0.319,4.442,16.778,19.703,0.000,0.000,0.0000
681.280,-79.407,33.199,0.319,4.429,16.823,19.740,0.000,0.000,0.0000
681.290,-79.363,33.217,0.319,4.387,16.867,19.777,0.000,0.000,0.0000
681.300,-79.320,33.235,0.319,4.369,16.910,19.813,0.000,0.000,0.0000
681.310,-79.276,33.252,0.319,4.347,16.954,19.850,0.000,0.000,0.0000
681.320,-79.233,33.269,0.319,4.320,16.997,19.886,0.000,0.000,0.0000
681.330,-79.190,33.287,0.319,4.289,17.040,19.922,0.000,0.000,0.0000
681.340,-79.148,33.304,0.320,4.256,17.082,19.958,0.000,0.000,0.0000
681.350,-79.105,33.321,0.320,4.220,17.125,19.994,0.000,0.000,0.0000
681.360,-79.064,33.337,0.320,4.182,17.166,20.029,0.000,0.000,0.0000
681.370,-79.022,33.354,0.320,4.143,17.208,20.064,0.000,0.000,0.0000
681.380,-78.981,33.371,0.321,4.104,17.249,20.098,0.000,0.000,0.0000
681.390,-78.940,33.387,0.321,4.064,17.290,20.133,0.000,0.000,0.0000
681.400,-78.900,33.403,0.322,4.024,17.330,20.167,0.000,0.000,0.0000
681.410,-78.860,33.419,0.322,3.977,17.370,20.200,0.000,0.000,0.0000
681.420,-78.821,33.435,0.322,3.931,17.409,20.233,0.000,0.000,0.0000
681.430,-78.782,33.451,0.323,3.888,17.448,20.266,0.000,0.000,0.0000
681.440,-78.744,33.466,0.323,3.848,17.486,20.298,0.000,0.000,0.0000
681.450,-78.706,33.482,0.324,3.811,17.524,20.331,0.000,0.000,0.0000
681.460,-78.668,33.497,0.324,3.774,17.562,20.362,0.000,0.000,0.0000
681.470,-78.631,33.512,0.325,3.738,17.600,20.394,0.000,0.000,0.0080
681.480,-78.593,33.527,0.325,3.703,17.637,20.425,0.000,0.000,0.0160
681.490,-78.557,33.542,0.325,3.667,17.673,20.457,0.000,0.000,0.0240
681.500,-78.521,33.557,0.325,3.630,17.709,20.487,0.000,0.000,0.0320
681.510,-78.485,33.571,0.326,3.593,17.745,20.518,0.000,0.000,0.0400
681.520,-78.449,33.586,0.326,3.555,17.781,20.548,0.000,0.000,0.0480
681.530,-78.414,33.600,0.326,3.517,17.816,20.578,0.000,0.000,0.0560
681.540,-78.379,33.614,0.326,3.478,17.851,20.608,0.000,0.000,0.0640
681.550,-78.345,33.628,0.326,3.439,17.885,20.637,0.000,0.000,0.0720
681.560,-78.311,33.641,0.326,3.399,17.919,20.666,0.000,0.000,0.0800
681.570,-78.277,33.655,0.326,3.359,17.953,20.695,0.000,0.000,0.0880
681.580,-78.244,33.668,0.326,3.319,17.986,20.724,0.000,0.000,0.0960
681.590,-78.211,33.681,0.326,3.300,18.019,20.752,0.000,0.000,0.1040
681.600,-78.178,33.694,0.326,3.281,18.052,20.780,0.000,0.000,0.1120
681.610,-78.146,33.707,0.326,3.258,18.084,20.808,0.000,0.000,0.1200
681.620,-78.113,33.720,0.325,3.232,18.117,20.836,0.000,0.000,0.1280
681.630,-78.081,33.732,0.325,3.203,18.149,20.864,0.000,0.000,0.1360
681.640,-78.049,33.745,0.325,3.171,18.181,20.891,0.000,0.000,0.1440
681.650,-78.018,33.757,0.324,3.137,18.212,20.918,0.000,0.000,0.1520
681.660,-77.987,33.769,0.324,3.102,18.243,20.945,0.000,0.000,0.1600
681.670,-77.956,33.781,0.324,3.067,18.274,20.972,0.000,0.000,0.1680
681.680,-77.926,33.793,0.324,3.031,18.304,20.998,0.000,0.000,0.1760
681.690,-77.896,33.805,0.324,2.995,18.334,21.024,0.000,0.000,0.1840
681.700,-77.867,33.816,0.323,2.932,18.363,21.049,0.000,0.000,0.1920
681.710,-77.838,33.827,0.323,2.871,18.392,21.074,0.000,0.000,0.2000
681.720,-77.810,33.837,0.323,2.816,18.420,21.098,0.000,0.000,0.2080
681.730,-77.782,33.848,0.324,2.768,18.448,21.122,0.000,0.000,0.2160
681.740,-77.755,33.858,0.324,2.725,18.475,21.145,0.000,0.000,0.2240
681.750,-77.728,33.868,0.324,2.686,18.502,21.168,0.000,0.000,0.2320
681.760,-77.702,33.877,0.324,2.650,18.528,21.191,0.000,0.000,0.2400
681.770,-77.676,33.887,0.324,2.614,18.554,21.214,0.000,0.000,0.2480
681.780,-77.650,33.896,0.324,2.578,18.580,21.236,0.000,0.000,0.2560
681.790,-77.624,33.905,0.324,2.543,18.606,21.258,0.000,0.000,0.2640
681.800,-77.599,33.914,0.324,2.506,18.631,21.279,0.000,0.000,0.2720
681.810,-77.575,33.923,0.324,2.469,18.655,21.301,0.000,0.000,0.2800
681.820,-77.550,33.931,0.324,2.432,18.680,21.322,0.000,0.000,0.2880
681.830,-77.526,33.940,0.324,2.394,18.704,21.342,0.000,0.000,0.2960
681.840,-77.503,33.948,0.325,2.356,18.727,21.363,0.000,0.000,0.3040
681.850,-77.480,33.956,0.325,2.317,18.750,21.383,0.000,0.000,0.3120
681.860,-77.457,33.964,0.325,2.278,18.773,21.403,0.000,0.000,0.3200
681.870,-77.434,33.971,0.325,2.240,18.796,21.422,0.000,0.000,0.3280
681.880,-77.412,33.979,0.325,2.201,18.818,21.441,0.000,0.000,0.3360
681.890,-77.391,33.986,0.325,2.161,18.839,21.460,0.000,0.000,0.3440
681.900,-77.370,33.993,0.325,2.122,18.860,21.478,0.000,0.000,0.3520
681.910,-77.349,34.000,0.325,2.083,18.881,21.496,0.000,0.000,0.3600
681.920,-77.328,34.007,0.325,2.043,18.902,21.514,0.000,0.000,0.3680
681.930,-77.308,34.014,0.325,2.004,18.922,21.531,0.000,0.000,0.3760
681.940,-77.289,34.020,0.325,1.964,18.941,21.548,0.000,0.000,0.3840
681.950,-77.269,34.026,0.325,1.925,18.961,21.565,0.000,0.000,0.3920
681.960,-77.251,34.033,0.325,1.885,18.979,21.581,0.000,0.000,0.4000
681.970,-77.232,34.039,0.325,1.845,18.998,21.598,0.000,0.000,0.3700
681.980,-77.214,34.044,0.325,1.802,19.016,21.613,0.000,0.000,0.3400
681.990,-77.196,34.050,0.325,1.757,19.034,21.628,0.000,0.000,0.3100
682.000,-77.179,34.056,0.325,1.713,19.051,21.643,0.000,0.000,0.2800
682.010,-77.163,34.061,0.325,1.670,19.067,21.658,0.000,0.000,0.2500
682.020,-77.146,34.066,0.325,1.629,19.084,21.672,0.000,0.000,0.2200
682.030,-77.130,34.072,0.325,1.590,19.100,21.686,0.000,0.000,0.1900
682.040,-77.115,34.077,0.325,1.552,19.115,21.699,0.000,0.000,0.1600
682.050,-77.100,34.082,0.325,1.517,19.130,21.713,0.000,0.000,0.1300
682.060,-77.085,34.087,0.325,1.482,19.145,21.726,0.000,0.000,0.1000
682.070,-77.070,34.091,0.325,1.449,19.160,21.738,0.000,0.000,0.0700
682.080,-77.056,34.096,0.324,1.460,19.174,21.751,0.000,0.000,0.0400
682.090,-77.041,34.101,0.324,1.468,19.189,21.764,0.000,0.000,0.0100
682.100,-77.026,34.105,0.324,1.473,19.204,21.777,0.000,0.000,0.0000
682.110,-77.012,34.110,0.323,1.466,19.218,21.790,0.000,0.000,0.0000
682.120,-76.997,34.114,0.323,1.446,19.233,21.803,0.000,0.000,0.0000
682.130,-76.983,34.119,0.322,1.415,19.247,21.815,0.040,0.000,0.0000
682.140,-76.969,34.123,0.322,1.377,19.261,21.827,0.080,0.000,0.0000
682.150,-76.956,34.127,0.322,1.335,19.274,21.839,0.120,0.000,0.0000
682.160,-76.943,34.131,0.321,1.306,19.287,21.851,0.160,0.000,0.0000
682.170,-76.930,34.135,0.321,1.300,19.300,21.862,0.200,0.000,0.0000
682.180,-76.917,34.139,0.321,1.311,19.313,21.874,0.240,0.000,0.0000
682.190,-76.904,34.143,0.320,1.320,19.326,21.886,0.280,0.000,0.0000
682.200,-76.890,34.147,0.320,1.342,19.340,21.898,0.320,0.000,0.0000
682.210,-76.877,34.151,0.319,1.367,19.353,21.910,0.360,0.000,0.0000
682.220,-76.863,34.155,0.318,1.392,19.367,21.922,0.400,0.000,0.0000
682.230,-76.849,34.159,0.318,1.415,19.381,21.935,0.440,0.000,0.0000
682.240,-76.834,34.163,0.317,1.440,19.396,21.948,0.480,0.000,0.0000
682.250,-76.820,34.168,0.316,1.469,19.410,21.961,0.520,0.000,0.0000
682.260,-76.805,34.172,0.315,1.502,19.425,21.975,0.560,0.000,0.0000
682.270,-76.789,34.177,0.315,1.538,19.441,21.988,0.600,0.000,0.0000
682.280,-76.774,34.182,0.314,1.576,19.456,22.002,0.640,0.000,0.0000
682.290,-76.757,34.186,0.313,1.615,19.473,22.017,0.680,0.000,0.0000
682.300,-76.741,34.191,0.312,1.654,19.489,22.032,0.720,0.000,0.0000
682.310,-76.724,34.197,0.312,1.694,19.506,22.047,0.760,0.000,0.0000
682.320,-76.707,34.202,0.311,1.734,19.523,22.062,0.800,0.000,0.0000
682.330,-76.689,34.207,0.310,1.775,19.541,22.078,0.840,0.000,0.0000
682.340,-76.671,34.213,0.309,1.815,19.559,22.094,0.880,0.000,0.0000
682.350,-76.652,34.218,0.309,1.856,19.578,22.111,0.920,0.000,0.0000
682.360,-76.633,34.224,0.308,1.896,19.597,22.128,0.960,0.000,0.0000
682.370,-76.614,34.230,0.308,1.937,19.616,22.145,1.000,0.000,0.0000
682.380,-76.594,34.236,0.307,1.978,19.636,22.162,1.000,0.000,0.0000
682.390,-76.574,34.242,0.307,2.020,19.656,22.180,1.000,0.000,0.0000
682.400,-76.553,34.248,0.307,2.061,19.677,22.199,1.000,0.000,0.0000
682.410,-76.532,34.254,0.307,2.102,19.698,22.217,1.000,0.000,0.0000
682.420,-76.511,34.260,0.307,2.144,19.719,22.236,1.000,0.000,0.0000
682.430,-76.489,34.267,0.306,2.185,19.741,22.255,1.000,0.000,0.0000
682.440,-76.467,34.273,0.306,2.226,19.763,22.275,1.000,0.000,0.0000
682.450,-76.444,34.280,0.306,2.267,19.786,22.295,1.000,0.000,0.0000
682.460,-76.421,34.287,0.306,2.308,19.809,22.315,1.000,0.000,0.0000
682.470,-76.397,34.293,0.307,2.349,19.833,22.335,1.000,0.000,0.0000
682.480,-76.374,34.300,0.307,2.390,19.856,22.356,1.000,0.000,0.0000
682.490,-76.349,34.308,0.307,2.431,19.881,22.377,1.000,0.000,0.0000
682.500,-76.325,34.315,0.307,2.471,19.905,22.399,1.000,0.000,0.0000
682.510,-76.299,34.322,0.307,2.511,19.931,22.421,1.000,0.000,0.0000
682.520,-76.274,34.329,0.308,2.550,19.956,22.443,1.000,0.000,0.0000
682.530,-76.248,34.337,0.308,2.590,19.982,22.466,1.000,0.000,0.0000
682.540,-76.222,34.345,0.308,2.629,20.008,22.489,1.000,0.000,0.0000
682.550,-76.195,34.352,0.309,2.668,20.035,22.512,1.000,0.000,0.0000
682.560,-76.168,34.360,0.309,2.706,20.062,22.536,1.000,0.000,0.0000
682.570,-76.141,34.368,0.309,2.745,20.089,22.560,1.000,0.000,0.0000
682.580,-76.113,34.376,0.309,2.783,20.117,22.584,1.000,0.000,0.0000
682.590,-76.085,34.384,0.310,2.820,20.145,22.609,1.000,0.000,0.0000
682.600,-76.056,34.393,0.310,2.857,20.174,22.634,1.000,0.000,0.0000
682.610,-76.027,34.401,0.310,2.894,20.203,22.659,1.000,0.000,0.0000
682.620,-75.998,34.409,0.311,2.931,20.232,22.685,1.000,0.000,0.0000
682.630,-75.968,34.418,0.311,2.967,20.262,22.711,1.000,0.000,0.0000
682.640,-75.938,34.427,0.311,3.003,20.292,22.738,1.000,0.000,0.0000
682.650,-75.908,34.435,0.311,3.038,20.322,22.764,1.000,0.000,0.0000
682.660,-75.877,34.444,0.311,3.073,20.353,22.791,1.000,0.000,0.0000
682.670,-75.846,34.453,0.311,3.108,20.384,22.819,1.000,0.000,0.0000
682.680,-75.814,34.462,0.312,3.143,20.416,22.846,1.000,0.000,0.0000
682.690,-75.783,34.471,0.312,3.171,20.447,22.874,1.000,0.000,0.0000
682.700,-75.751,34.481,0.312,3.204,20.479,22.903,1.000,0.000,0.0000
682.710,-75.718,34.490,0.312,3.240,20.512,22.931,1.000,0.000,0.0000
682.720,-75.685,34.500,0.312,3.279,20.545,22.960,1.000,0.000,0.0000
682.730,-75.652,34.509,0.312,3.319,20.578,22.990,1.000,0.000,0.0000
682.740,-75.619,34.519,0.312,3.361,20.611,23.019,1.000,0.000,0.0000
682.750,-75.585,34.529,0.312,3.402,20.645,23.050,1.000,0.000,0.0000
682.760,-75.550,34.539,0.312,3.444,20.680,23.080,1.000,0.000,0.0000
682.770,-75.515,34.549,0.312,3.486,20.715,23.111,1.000,0.000,0.0000
682.780,-75.480,34.559,0.311,3.528,20.750,23.142,1.000,0.000,0.0000
682.790,-75.444,34.569,0.311,3.570,20.786,23.174,1.000,0.000,0.0000
682.800,-75.408,34.579,0.311,3.611,20.822,23.206,1.000,0.000,0.0000
682.810,-75.372,34.590,0.311,3.653,20.858,23.239,1.000,0.000,0.0000
682.820,-75.335,34.600,0.311,3.694,20.895,23.272,1.000,0.000,0.0000
682.830,-75.297,34.611,0.311,3.735,20.933,23.305,1.000,0.000,0.0000
682.840,-75.260,34.622,0.310,3.776,20.970,23.338,1.000,0.000,0.0000
682.850,-75.222,34.633,0.310,3.816,21.008,23.372,1.000,0.000,0.0000
682.860,-75.183,34.644,0.310,3.856,21.047,23.407,1.000,0.000,0.0000
682.870,-75.144,34.655,0.310,3.896,21.086,23.442,1.000,0.000,0.0000
682.880,-75.105,34.666,0.310,3.936,21.125,23.477,1.000,0.000,0.0000
682.890,-75.065,34.677,0.310,3.975,21.165,23.512,1.000,0.000,0.0000
682.900,-75.025,34.689,0.309,4.014,21.205,23.548,1.000,0.000,0.0000
682.910,-74.984,34.700,0.309,4.052,21.246,23.584,1.000,0.000,0.0000
682.920,-74.943,34.712,0.309,4.090,21.287,23.621,1.000,0.000,0.0000
682.930,-74.902,34.723,0.309,4.127,21.328,23.657,1.000,0.000,0.0000
682.940,-74.860,34.735,0.309,4.163,21.370,23.695,1.000,0.000,0.0080
682.950,-74.818,34.747,0.309,4.199,21.412,23.732,1.000,0.000,0.0160
682.960,-74.776,34.759,0.309,4.234,21.454,23.770,1.000,0.000,0.0240
682.970,-74.733,34.771,0.309,4.269,21.497,23.808,1.000,0.000,0.0320
682.980,-74.690,34.783,0.309,4.310,21.540,23.846,1.000,0.000,0.0400
682.990,-74.647,34.795,0.309,4.342,21.583,23.885,1.000,0.000,0.0480
683.000,-74.603,34.807,0.310,4.370,21.627,23.924,1.000,0.000,0.0560
683.010,-74.559,34.820,0.310,4.438,21.671,23.964,1.000,0.000,0.0640
683.020,-74.514,34.832,0.310,4.472,21.716,24.004,1.000,0.000,0.0720
683.030,-74.469,34.845,0.310,4.505,21.761,24.044,1.000,0.000,0.0800
683.040,-74.424,34.858,0.310,4.540,21.806,24.085,1.000,0.000,0.0880
683.050,-74.378,34.870,0.310,4.579,21.852,24.126,1.000,0.000,0.0960
683.060,-74.332,34.883,0.310,4.619,21.898,24.167,1.000,0.000,0.1040
683.070,-74.285,34.896,0.310,4.662,21.945,24.209,1.000,0.000,0.1120
683.080,-74.238,34.909,0.310,4.704,21.992,24.251,1.000,0.000,0.1200
683.090,-74.191,34.922,0.310,4.747,22.039,24.294,1.000,0.000,0.1280
683.100,-74.143,34.936,0.310,4.789,22.087,24.337,1.000,0.000,0.0980
683.110,-74.094,34.949,0.310,4.832,22.136,24.380,0.940,0.000,0.0680
683.120,-74.046,34.962,0.310,4.875,22.184,24.424,0.880,0.000,0.0380
683.130,-73.996,34.975,0.310,4.917,22.234,24.468,0.820,0.000,0.0080
683.140,-73.947,34.988,0.310,4.958,22.283,24.513,0.760,0.000,0.0000
683.150,-73.897,35.001,0.310,4.998,22.333,24.558,0.700,0.000,0.0000
683.160,-73.846,35.015,0.310,5.038,22.384,24.603,0.640,0.000,0.0000
683.170,-73.796,35.028,0.310,5.076,22.434,24.649,0.580,0.000,0.0000
683.180,-73.745,35.041,0.310,5.113,22.485,24.695,0.520,0.000,0.0000
683.190,-73.693,35.055,0.310,5.149,22.537,24.741,0.460,0.000,0.0000
683.200,-73.641,35.068,0.310,5.161,22.589,24.788,0.400,0.000,0.0000
683.210,-73.590,35.082,0.311,5.151,22.640,24.834,0.340,0.000,0.0000
683.220,-73.539,35.095,0.311,5.130,22.691,24.880,0.280,0.000,0.0000
683.230,-73.488,35.108,0.311,5.100,22.742,24.926,0.220,0.000,0.0000
683.240,-73.437,35.121,0.312,5.055,22.793,24.971,0.160,0.000,0.0000
683.250,-73.386,35.134,0.313,5.066,22.844,25.017,0.100,0.000,0.0000
683.260,-73.336,35.147,0.314,5.021,22.894,25.062,0.040,0.000,0.0000
683.270,-73.287,35.160,0.315,4.973,22.943,25.107,0.000,0.000,0.0000
683.280,-73.237,35.172,0.316,4.929,22.993,25.151,0.000,0.000,0.0000
683.290,-73.188,35.185,0.317,4.888,23.042,25.194,0.000,0.000,0.0000
683.300,-73.140,35.197,0.318,4.851,23.090,25.238,0.000,0.000,0.0000
683.310,-73.092,35.209,0.319,4.815,23.138,25.281,0.000,0.000,0.0000
683.320,-73.044,35.222,0.320,4.779,23.186,25.324,0.000,0.000,0.0000
683.330,-72.997,35.234,0.321,4.744,23.233,25.366,0.000,0.000,0.0000
683.340,-72.949,35.246,0.322,4.707,23.281,25.409,0.000,0.000,0.0000
683.350,-72.903,35.258,0.323,4.670,23.327,25.451,0.000,0.000,0.0000
683.360,-72.857,35.269,0.324,4.631,23.374,25.492,0.000,0.000,0.0000
683.370,-72.811,35.281,0.325,4.592,23.419,25.534,0.000,0.000,0.0000
683.380,-72.765,35.293,0.325,4.551,23.465,25.575,0.000,0.000,0.0000
683.390,-72.720,35.304,0.326,4.509,23.510,25.615,0.000,0.000,0.0000
683.400,-72.675,35.316,0.327,4.466,23.555,25.656,0.000,0.000,0.0000
683.410,-72.631,35.327,0.327,4.423,23.599,25.696,0.000,0.000,0.0000
683.420,-72.587,35.338,0.328,4.379,23.643,25.735,0.000,0.000,0.0000
683.430,-72.544,35.349,0.328,4.335,23.686,25.775,0.000,0.000,0.0000
683.440,-72.501,35.360,0.328,4.290,23.729,25.814,0.000,0.000,0.0000
683.450,-72.459,35.371,0.329,4.245,23.771,25.852,0.000,0.000,0.0000
683.460,-72.417,35.381,0.329,4.197,23.813,25.890,0.000,0.000,0.0000
683.470,-72.375,35.392,0.329,4.151,23.855,25.928,0.000,0.000,0.0000
683.480,-72.334,35.402,0.329,4.106,23.896,25.965,0.000,0.000,0.0000
683.490,-72.293,35.413,0.329,4.060,23.937,26.002,0.000,0.000,0.0000
683.500,-72.253,35.423,0.329,4.018,23.977,26.039,0.000,0.000,0.0000
683.510,-72.214,35.433,0.329,3.979,24.017,26.075,0.000,0.000,0.0000
683.520,-72.174,35.443,0.329,3.943,24.056,26.111,0.000,0.000,0.0000
683.530,-72.135,35.453,0.328,3.907,24.095,26.147,0.000,0.000,0.0000
683.540,-72.096,35.462,0.328,3.873,24.134,26.183,0.000,0.000,0.0000
683.550,-72.058,35.472,0.328,3.839,24.172,26.218,0.000,0.000,0.0000
683.560,-72.020,35.482,0.327,3.804,24.210,26.253,0.000,0.080,0.0000
683.570,-71.982,35.491,0.327,3.767,24.248,26.287,0.000,0.160,0.0000
683.580,-71.945,35.500,0.326,3.727,24.285,26.322,0.000,0.240,0.0000
683.590,-71.908,35.510,0.326,3.687,24.322,26.356,0.000,0.320,0.0000
683.600,-71.872,35.519,0.325,3.645,24.358,26.389,0.000,0.400,0.0000
683.610,-71.836,35.528,0.325,3.603,24.394,26.422,0.000,0.480,0.0000
683.620,-71.800,35.536,0.325,3.561,24.430,26.455,0.000,0.560,0.0000
683.630,-71.765,35.545,0.324,3.519,24.465,26.487,0.000,0.640,0.0000
683.640,-71.730,35.554,0.324,3.477,24.500,26.519,0.000,0.720,0.0000
683.650,-71.696,35.562,0.324,3.434,24.534,26.551,0.000,0.800,0.0000
683.660,-71.662,35.571,0.323,3.391,24.568,26.582,0.000,0.880,0.0000
683.670,-71.628,35.579,0.323,3.348,24.602,26.613,0.000,0.960,0.0000
683.680,-71.595,35.587,0.323,3.305,24.635,26.643,0.000,1.000,0.0000
683.690,-71.563,35.596,0.323,3.263,24.667,26.673,0.000,1.000,0.0000
683.700,-71.530,35.604,0.323,3.222,24.700,26.703,0.000,1.000,0.0000
683.710,-71.499,35.611,0.323,3.183,24.731,26.732,0.000,1.000,0.0000
683.720,-71.467,35.619,0.323,3.144,24.763,26.761,0.000,1.000,0.0000
683.730,-71.436,35.627,0.323,3.104,24.794,26.789,0.000,1.000,0.0000
683.740,-71.405,35.635,0.323,3.065,24.825,26.817,0.000,1.000,0.0000
683.750,-71.375,35.642,0.323,3.025,24.855,26.845,0.000,1.000,0.0000
683.760,-71.345,35.650,0.323,2.980,24.885,26.872,0.000,1.000,0.0000
683.770,-71.316,35.657,0.323,2.942,24.914,26.899,0.000,1.000,0.0000
683.780,-71.287,35.664,0.323,2.901,24.943,26.926,0.000,1.000,0.0000
683.790,-71.258,35.671,0.323,2.860,24.972,26.952,0.000,1.000,0.0000
683.800,-71.230,35.678,0.323,2.820,25.000,26.978,0.000,1.000,0.0000
683.810,-71.202,35.685,0.323,2.781,25.028,27.003,0.000,1.000,0.0000
683.820,-71.175,35.692,0.323,2.742,25.055,27.028,0.000,1.000,0.0000
683.830,-71.148,35.698,0.323,2.703,25.082,27.053,0.000,1.000,0.0000
683.840,-71.121,35.705,0.324,2.661,25.109,27.078,0.000,1.000,0.0000
683.850,-71.095,35.711,0.324,2.621,25.135,27.102,0.000,1.000,0.0000
683.860,-71.069,35.718,0.324,2.581,25.161,27.125,0.000,1.000,0.0000
683.870,-71.044,35.724,0.324,2.543,25.186,27.149,0.000,1.000,0.0000
683.880,-71.019,35.730,0.324,2.505,25.211,27.172,0.000,1.000,0.0000
683.890,-70.994,35.736,0.324,2.467,25.236,27.194,0.000,1.000,0.0000
683.900,-70.970,35.742,0.324,2.429,25.260,27.217,0.000,1.000,0.0000
683.910,-70.946,35.748,0.324,2.392,25.284,27.239,0.000,1.000,0.0000
683.920,-70.922,35.754,0.324,2.354,25.308,27.260,0.000,1.000,0.0000
683.930,-70.899,35.760,0.324,2.316,25.331,27.281,0.000,1.000,0.0000
683.940,-70.876,35.766,0.324,2.278,25.354,27.302,0.000,1.000,0.0000
683.950,-70.854,35.772,0.324,2.240,25.376,27.323,0.000,1.000,0.0000
683.960,-70.832,35.777,0.324,2.202,25.398,27.343,0.000,1.000,0.0000
683.970,-70.810,35.783,0.324,2.164,25.420,27.363,0.000,1.000,0.0000
683.980,-70.789,35.788,0.324,2.125,25.441,27.383,0.000,1.000,0.0000
683.990,-70.768,35.793,0.324,2.087,25.462,27.402,0.000,1.000,0.0000
684.000,-70.748,35.798,0.324,2.049,25.482,27.421,0.000,1.000,0.0000
684.010,-70.728,35.803,0.324,2.011,25.502,27.439,0.000,1.000,0.0000
684.020,-70.708,35.808,0.324,1.973,25.522,27.458,0.000,1.000,0.0000
684.030,-70.689,35.813,0.324,1.934,25.541,27.475,0.000,1.000,0.0000
684.040,-70.670,35.818,0.324,1.896,25.560,27.493,0.000,1.000,0.0000
684.050,-70.651,35.823,0.324,1.858,25.579,27.510,0.000,1.000,0.0000
684.060,-70.633,35.827,0.324,1.820,25.597,27.527,0.000,1.000,0.0000
684.070,-70.615,35.832,0.324,1.781,25.615,27.543,0.000,1.000,0.0000
684.080,-70.598,35.836,0.324,1.743,25.632,27.559,0.000,1.000,0.0000
684.090,-70.581,35.840,0.324,1.705,25.649,27.575,0.000,1.000,0.0000
684.100,-70.564,35.844,0.324,1.666,25.666,27.590,0.000,1.000,0.0000
684.110,-70.548,35.848,0.324,1.628,25.682,27.606,0.000,1.000,0.0000
684.120,-70.532,35.852,0.324,1.589,25.698,27.620,0.000,1.000,0.0000
684.130,-70.516,35.856,0.324,1.551,25.714,27.634,0.000,1.000,0.0000
684.140,-70.501,35.860,0.324,1.512,25.729,27.648,0.000,1.000,0.0000
684.150,-70.486,35.864,0.324,1.473,25.744,27.662,0.000,1.000,0.0000
684.160,-70.472,35.867,0.324,1.435,25.758,27.675,0.000,1.000,0.0000
684.170,-70.458,35.871,0.324,1.396,25.772,27.688,0.000,1.000,0.0000
684.180,-70.444,35.874,0.324,1.357,25.786,27.701,0.000,1.000,0.0000
684.190,-70.431,35.877,0.324,1.318,25.799,27.713,0.000,1.000,0.0000
684.200,-70.418,35.880,0.324,1.279,25.812,27.725,0.000,1.000,0.0000
684.210,-70.406,35.883,0.324,1.240,25.824,27.736,0.000,1.000,0.0000
684.220,-70.394,35.886,0.324,1.201,25.836,27.747,0.000,1.000,0.0000
684.230,-70.382,35.889,0.324,1.162,25.848,27.758,0.000,1.000,0.0000
684.240,-70.371,35.892,0.324,1.123,25.859,27.768,0.000,0.900,0.0000
684.250,-70.360,35.895,0.324,1.087,25.870,27.778,0.000,0.800,0.0000
684.260,-70.350,35.897,0.324,1.053,25.880,27.788,0.000,0.700,0.0000
684.270,-70.340,35.900,0.324,1.019,25.890,27.797,0.000,0.600,0.0000
684.280,-70.330,35.903,0.324,0.986,25.900,27.806,0.000,0.500,0.0000
684.290,-70.320,35.905,0.324,0.954,25.910,27.815,0.000,0.400,0.0000
684.300,-70.311,35.907,0.324,0.921,25.919,27.824,0.000,0.300,0.0000
684.310,-70.302,35.910,0.324,0.895,25.928,27.832,0.000,0.200,0.0000
684.320,-70.293,35.912,0.323,0.867,25.937,27.840,0.000,0.100,0.0000
684.330,-70.285,35.914,0.323,0.838,25.945,27.848,0.000,0.000,0.0000
684.340,-70.277,35.916,0.323,0.806,25.953,27.855,0.000,0.000,0.0000
684.350,-70.269,35.918,0.323,0.771,25.961,27.863,0.000,0.000,0.0000
684.360,-70.262,35.920,0.323,0.732,25.968,27.869,0.000,0.000,0.0000
684.370,-70.255,35.922,0.323,0.692,25.975,27.876,0.000,0.000,0.0000
684.380,-70.248,35.924,0.323,0.652,25.982,27.882,0.000,0.000,0.0000
684.390,-70.242,35.925,0.323,0.612,25.988,27.887,0.000,0.000,0.0000
684.400,-70.237,35.927,0.323,0.572,25.993,27.893,0.000,0.000,0.0000
684.410,-70.231,35.928,0.323,0.533,25.999,27.898,0.000,0.000,0.0000
684.420,-70.226,35.930,0.323,0.494,26.004,27.902,0.000,0.000,0.0000
684.430,-70.222,35.931,0.323,0.455,26.008,27.906,0.000,0.000,0.0000
684.440,-70.218,35.932,0.323,0.417,26.012,27.910,0.000,0.000,0.0000
684.450,-70.214,35.933,0.323,0.378,26.016,27.914,0.000,0.000,0.0000
684.460,-70.210,35.934,0.323,0.339,26.020,27.917,0.000,0.000,0.0000
684.470,-70.207,35.935,0.323,0.301,26.023,27.920,0.000,0.000,0.0000
684.480,-70.205,35.936,0.324,0.262,26.025,27.922,0.000,0.000,0.0000
684.490,-70.203,35.937,0.324,0.223,26.027,27.924,0.000,0.000,0.0000
684.500,-70.201,35.937,0.324,0.187,26.029,27.926,0.000,0.000,0.0000
684.510,-70.199,35.938,0.324,0.157,26.031,27.927,0.000,0.000,0.0000
684.520,-70.198,35.938,0.324,0.131,26.032,27.928,0.000,0.000,0.0000
684.530,-70.197,35.939,0.324,0.107,26.033,27.929,0.000,0.000,0.0000
684.540,-70.196,35.939,0.324,0.084,26.034,27.930,0.000,0.000,0.0000
684.550,-70.195,35.939,0.324,0.062,26.035,27.931,0.000,0.000,0.0000
684.560,-70.195,35.939,0.323,0.041,26.035,27.931,0.000,0.000,0.0000
684.570,-70.195,35.939,0.323,0.024,26.035,27.931,0.000,0.000,0.0000
684.580,-70.195,35.939,0.323,0.021,26.035,27.931,0.000,0.000,0.0000
684.590,-70.195,35.939,0.323,0.026,26.035,27.931,0.000,0.000,0.0000
684.600,-70.195,35.939,0.323,0.033,26.035,27.932,0.000,0.000,0.0000
684.610,-70.195,35.939,0.322,0.039,26.035,27.932,0.000,0.000,0.0000
684.620,-70.195,35.939,0.322,0.044,26.035,27.932,0.000,0.000,0.0000
684.630,-70.195,35.939,0.321,0.048,26.035,27.932,0.000,0.000,0.0000
684.640,-70.195,35.939,0.321,0.051,26.035,27.932,0.000,0.000,0.0000
684.650,-70.195,35.939,0.320,0.053,26.035,27.932,0.000,0.000,0.0000
684.660,-70.196,35.939,0.320,0.054,26.034,27.932,0.000,0.000,0.0000
684.670,-70.196,35.939,0.319,0.054,26.034,27.932,0.000,0.000,0.0000
684.680,-70.196,35.939,0.319,0.054,26.034,27.932,0.000,0.000,0.0000
684.690,-70.196,35.939,0.318,0.052,26.034,27.932,0.000,0.000,0.0000
684.700,-70.196,35.939,0.318,0.050,26.034,27.932,0.000,0.000,0.0000
684.710,-70.196,35.939,0.317,0.048,26.034,27.932,0.000,0.000,0.0000
684.720,-70.196,35.939,0.317,0.045,26.034,27.933,0.000,0.000,0.0000
684.730,-70.196,35.939,0.316,0.041,26.034,27.933,0.000,0.000,0.0000
684.740,-70.196,35.939,0.316,0.038,26.034,27.933,0.000,0.000,0.0000
684.750,-70.196,35.939,0.316,0.034,26.034,27.933,0.000,0.000,0.0000
684.760,-70.196,35.939,0.315,0.029,26.034,27.933,0.000,0.000,0.0000
684.770,-70.196,35.938,0.315,0.025,26.034,27.933,0.000,0.000,0.0000
684.780,-70.197,35.938,0.315,0.020,26.033,27.933,0.000,0.000,0.0000
684.790,-70.197,35.938,0.315,0.016,26.033,27.933,0.000,0.000,0.0000
684.800,-70.197,35.938,0.315,0.012,26.033,27.933,0.000,0.000,0.0000
684.810,-70.197,35.938,0.315,0.007,26.033,27.933,0.000,0.000,0.0000
684.820,-70.197,35.938,0.315,0.003,26.033,27.933,0.000,0.000,0.0000
684.830,-70.197,35.938,0.315,0.000,26.033,27.933,0.000,0.000,0.0000
684.840,-70.197,35.938,0.315,0.004,26.033,27.933,0.000,0.000,0.0000
684.850,-70.197,35.938,0.315,0.007,26.033,27.933,0.000,0.000,0.0000
684.860,-70.197,35.938,0.315,0.010,26.033,27.933,0.000,0.000,0.0000
684.870,-70.197,35.938,0.315,0.012,26.034,27.933,0.000,0.000,0.0000
684.880,-70.196,35.939,0.315,0.015,26.034,27.933,0.000,0.000,0.0000
684.890,-70.196,35.939,0.315,0.016,26.034,27.933,0.000,0.000,0.0000
684.900,-70.196,35.939,0.315,0.018,26.034,27.933,0.000,0.000,0.0000
684.910,-70.196,35.939,0.316,0.019,26.034,27.933,0.000,0.000,0.0000
684.920,-70.196,35.939,0.316,0.020,26.034,27.933,0.000,0.000,0.0000
684.930,-70.196,35.939,0.316,0.020,26.034,27.933,0.000,0.000,0.0000
684.940,-70.196,35.939,0.316,0.020,26.034,27.933,0.000,0.000,0.0000
684.950,-70.196,35.939,0.316,0.020,26.034,27.933,0.000,0.000,0.0000
684.960,-70.196,35.939,0.317,0.019,26.034,27.933,0.000,0.000,0.0000
684.970,-70.196,35.939,0.317,0.018,26.034,27.933,0.000,0.000,0.0000
684.980,-70.196,35.939,0.317,0.017,26.034,27.933,0.000,0.000,0.0000
684.990,-70.196,35.939,0.317,0.016,26.034,27.932,0.000,0.000,0.0000
685.000,-70.196,35.939,0.317,0.015,26.034,27.932,0.000,0.000,0.0000
685.010,-70.196,35.939,0.317,0.014,26.034,27.932,0.000,0.000,0.0000
685.020,-70.196,35.939,0.317,0.012,26.034,27.932,0.000,0.000,0.0000
685.030,-70.196,35.939,0.318,0.010,26.034,27.932,0.000,0.000,0.0000
685.040,-70.196,35.939,0.318,0.009,26.034,27.932,0.000,0.000,0.0000
685.050,-70.196,35.939,0.318,0.007,26.034,27.932,0.000,0.000,0.0000
685.060,-70.196,35.939,0.318,0.005,26.034,27.932,0.000,0.000,0.0000
685.070,-70.196,35.939,0.318,0.004,26.034,27.932,0.000,0.000,0.0000
685.080,-70.196,35.939,0.318,0.002,26.034,27.932,0.000,0.000,0.0000
685.090,-70.196,35.939,0.318,0.001,26.034,27.932,0.000,0.000,0.0000
685.100,-70.196,35.939,0.318,0.001,26.034,27.932,0.000,0.000,0.0000
685.110,-70.196,35.939,0.318,0.002,26.034,27.932,0.000,0.000,0.0000
685.120,-70.196,35.939,0.318,0.003,26.034,27.932,0.000,0.000,0.0000
685.130,-70.196,35.939,0.318,0.004,26.034,27.932,0.000,0.000,0.0000
685.140,-70.196,35.939,0.318,0.005,26.034,27.932,0.000,0.000,0.0000
685.150,-70.196,35.939,0.318,0.006,26.034,27.932,0.000,0.000,0.0000
685.160,-70.196,35.939,0.318,0.006,26.034,27.932,0.000,0.000,0.0000
685.170,-70.196,35.939,0.317,0.007,26.034,27.932,0.000,0.000,0.0000
685.180,-70.196,35.939,0.317,0.007,26.034,27.932,0.000,0.000,0.0000
685.190,-70.196,35.939,0.317,0.007,26.034,27.932,0.000,0.000,0.0000
685.200,-70.196,35.939,0.317,0.007,26.034,27.932,0.000,0.000,0.0000
685.210,-70.196,35.939,0.317,0.007,26.034,27.932,0.000,0.000,0.0000
685.220,-70.196,35.939,0.317,0.007,26.034,27.932,0.000,0.000,0.0000
685.230,-70.196,35.939,0.317,0.007,26.034,27.932,0.000,0.000,0.0000
685.240,-70.196,35.939,0.317,0.007,26.034,27.933,0.000,0.000,0.0000
685.250,-70.196,35.939,0.317,0.006,26.034,27.933,0.000,0.000,0.0000
685.260,-70.196,35.939,0.317,0.006,26.034,27.933,0.000,0.000,0.0000
685.270,-70.196,35.939,0.317,0.005,26.034,27.933,0.000,0.000,0.0000
685.280,-70.196,35.939,0.317,0.005,26.034,27.933,0.000,0.000,0.0000
685.290,-70.196,35.939,0.317,0.004,26.034,27.933,0.000,0.000,0.0000
685.300,-70.196,35.939,0.317,0.004,26.034,27.933,0.000,0.000,0.0000
685.310,-70.196,35.939,0.317,0.003,26.034,27.933,0.000,0.000,0.0000
685.320,-70.196,35.939,0.317,0.002,26.034,27.933,0.000,0.000,0.0000
685.330,-70.196,35.939,0.317,0.002,26.034,27.933,0.000,0.000,0.0000
685.340,-70.196,35.939,0.317,0.001,26.034,27.933,0.000,0.000,0.0000
685.350,-70.196,35.939,0.317,0.001,26.034,27.933,0.000,0.000,0.0000
685.360,-70.196,35.939,0.317,0.000,26.034,27.933,0.000,0.000,0.0000
685.370,-70.196,35.939,0.317,0.000,26.034,27.933,0.000,0.000,0.0000
685.380,-70.196,35.939,0.317,0.001,26.034,27.933,0.000,0.000,0.0000
685.390,-70.196,35.939,0.317,0.001,26.034,27.933,0.000,0.000,0.0000
685.400,-70.196,35.939,0.317,0.002,26.034,27.933,0.000,0.000,0.0000
685.410,-70.196,35.939,0.317,0.002,26.034,27.933,0.000,0.000,0.0000
685.420,-70.196,35.939,0.317,0.002,26.034,27.933,0.000,0.000,0.0000
685.430,-70.196,35.939,0.317,0.002,26.034,27.933,0.000,0.000,0.0000
685.440,-70.196,35.939,0.317,0.003,26.034,27.933,0.000,0.000,0.0000
685.450,-70.196,35.939,0.317,0.003,26.034,27.933,0.000,0.000,0.0000
685.460,-70.196,35.939,0.317,0.003,26.034,27.933,0.000,0.000,0.0000
685.470,-70.196,35.939,0.317,0.003,26.034,27.933,0.000,0.000,0.0000
685.480,-70.196,35.939,0.317,0.003,26.034,27.933,0.000,0.000,0.0000
685.490,-70.196,35.939,0.317,0.003,26.034,27.933,0.000,0.000,0.0000
685.500,-70.196,35.939,0.317,0.002,26.034,27.933,0.000,0.000,0.0000
685.510,-70.196,35.939,0.317,0.002,26.034,27.933,0.000,0.000,0.0000
685.520,-70.196,35.939,0.317,0.002,26.034,27.933,0.000,0.000,0.0000
685.530,-70.196,35.939,0.317,0.002,26.034,27.933,0.000,0.000,0.0000
685.540,-70.196,35.939,0.317,0.002,26.034,27.933,0.000,0.000,0.0000
685.550,-70.196,35.939,0.317,0.002,26.034,27.933,0.000,0.000,0.0000
685.560,-70.196,35.939,0.317,0.001,26.034,27.933,0.000,0.000,0.0000
685.570,-70.196,35.939,0.317,0.001,26.034,27.933,0.000,0.000,0.0000
685.580,-70.196,35.939,0.317,0.001,26.034,27.933,0.000,0.000,0.0000
685.590,-70.196,35.939,0.317,0.001,26.034,27.933,0.000,0.000,0.0000
685.600,-70.196,35.939,0.317,0.001,26.034,27.933,0.000,0.000,0.0000
685.610,-70.196,35.939,0.317,0.000,26.034,27.933,0.000,0.000,0.0000
685.620,-70.196,35.939,0.317,0.000,26.034,27.933,0.000,0.000,0.0000
685.630,-70.196,35.939,0.317,0.000,26.034,27.933,0.000,0.000,0.0000
685.640,-70.196,35.939,0.317,0.000,26.034,27.933,0.000,0.000,0.0000
685.650,-70.196,35.939,0.317,0.000,26.034,27.933,0.000,0.000,0.0000
685.660,-70.196,35.939,0.317,0.001,26.034,27.933,0.000,0.000,0.0000
685.670,-70.196,35.939,0.317,0.001,26.034,27.933,0.000,0.000,0.0000
685.680,-70.196,35.939,0.317,0.001,26.034,27.933,0.000,0.000,0.0000
685.690,-70.196,35.939,0.317,0.001,26.034,27.933,0.000,0.000,0.0000
685.700,-70.196,35.939,0.317,0.001,26.034,27.933,0.000,0.000,0.0000
685.710,-70.196,35.939,0.317,0.001,26.034,27.933,0.000,0.000,0.0000
685.720,-70.196,35.939,0.317,0.001,26.034,27.933,0.000,0.000,0.0000
685.730,-70.196,35.939,0.317,0.001,26.034,27.933,0.000,0.000,0.0000
685.740,-70.196,35.939,0.317,0.001,26.034,27.933,0.000,0.000,0.0000
685.750,-70.196,35.939,0.317,0.001,26.034,27.933,0.000,0.000,0.0000
685.760,-70.196,35.939,0.317,0.001,26.034,27.933,0.000,0.000,0.0000
685.770,-70.196,35.939,0.317,0.001,26.034,27.933,0.000,0.000,0.0000
685.780,-70.196,35.939,0.317,0.001,26.034,27.933,0.000,0.000,0.0000
685.790,-70.196,35.939,0.317,0.001,26.034,27.933,0.000,0.000,0.0000
685.800,-70.196,35.939,0.317,0.001,26.034,27.933,0.000,0.000,0.0000
685.810,-70.196,35.939,0.317,0.001,26.034,27.933,0.000,0.000,0.0000
685.820,-70.196,35.939,0.317,0.001,26.034,27.933,0.000,0.000,0.0000
685.830,-70.196,35.939,0.317,0.000,26.034,27.933,0.000,0.000,0.0000
685.840,-70.196,35.939,0.317,0.000,26.034,27.933,0.000,0.000,0.0000
685.850,-70.196,35.939,0.317,0.000,26.034,27.933,0.000,0.000,0.0000
685.860,-70.196,35.939,0.317,0.000,26.034,27.933,0.000,0.000,0.0000
685.870,-70.196,35.939,0.317,0.000,26.034,27.933,0.000,0.000,0.0000
685.880,-70.196,35.939,0.317,0.000,26.034,27.933,0.000,0.000,0.0000
685.890,-70.196,35.939,0.317,0.000,26.034,27.933,0.000,0.000,0.0000
685.900,-70.196,35.939,0.317,0.000,26.034,27.933,0.000,0.000,0.0000
685.910,-70.196,35.939,0.317,0.000,26.034,27.933,0.000,0.000,0.0000
685.920,-70.196,35.939,0.317,0.000,26.034,27.933,0.000,0.000,0.0000
685.930,-70.196,35.939,0.317,0.000,26.034,27.933,0.000,0.000,0.0000
685.940,-70.196,35.939,0.317,0.000,26.034,27.933,0.000,0.000,0.0000
685.950,-70.196,35.939,0.317,0.000,26.034,27.933,0.000,0.000,0.0000
685.960,-70.196,35.939,0.317,0.000,26.034,27.933,0.000,0.000,0.0000
685.970,-70.196,35.939,0.317,0.000,26.034,27.933,0.000,0.000,0.0000
685.980,-70.196,35.939,0.317,0.000,26.034,27.933,0.000,0.000,0.0000
685.990,-70.196,35.939,0.317,0.000,26.034,27.933,0.000,0.000,0.0000
686.000,-70.196,35.939,0.317,0.000,26.034,27.933,0.000,0.000,0.0000
686.010,-70.196,35.939,0.317,0.000,26.034,27.933,0.000,0.000,0.0000
686.020,-70.196,35.939,0.317,0.000,26.034,27.933,0.000,0.000,0.0000
686.030,-70.196,35.939,0.317,0.000,26.034,27.933,0.000,0.000,0.0000
686.040,-70.196,35.939,0.317,0.000,26.034,27.933,0.000,0.000,0.0000
686.050,-70.196,35.939,0.317,0.000,26.034,27.933,0.000,0.000,0.0000
686.060,-70.196,35.939,0.317,0.000,26.034,27.933,0.000,0.000,0.0000
686.070,-70.196,35.939,0.317,0.000,26.034,27.933,0.000,0.000,0.0000
686.080,-70.196,35.939,0.317,0.000,26.034,27.933,0.000,0.000,0.0000
686.090,-70.196,35.939,0.317,0.000,26.034,27.933,0.000,0.000,0.0000
686.100,-70.196,35.939,0.317,0.000,26.034,27.933,0.000,0.000,0.0000
686.110,-70.196,35.939,0.317,0.000,26.034,27.933,0.000,0.000,0.0000
686.120,-70.196,35.939,0.317,0.000,26.034,27.933,0.000,0.000,0.0000
686.130,-70.196,35.939,0.317,0.000,26.034,27.933,0.000,0.000,0.0000
686.140,-70.196,35.939,0.317,0.000,26.034,27.933,0.000,0.000,0.0000
686.150,-70.196,35.939,0.317,0.000,26.034,27.933,0.000,0.000,0.0000
686.160,-70.196,35.939,0.317,0.000,26.034,27.933,0.000,0.000,0.0000
686.170,-70.196,35.939,0.317,0.000,26.034,27.933,0.000,0.000,0.0000
686.180,-70.196,35.939,0.317,0.000,26.034,27.933,0.000,0.000,0.0000
686.190,-70.196,35.939,0.317,0.000,26.034,27.933,0.000,0.000,0.0000
686.200,-70.196,35.939,0.317,0.000,26.034,27.933,0.000,0.000,0.0000
686.210,-70.196,35.939,0.317,0.000,26.034,27.933,0.000,0.000,0.0000
686.220,-70.196,35.939,0.317,0.000,26.034,27.933,0.000,0.000,0.0000
686.230,-70.196,35.939,0.317,0.000,26.034,27.933,0.000,0.000,0.0000
686.240,-70.196,35.939,0.317,0.000,26.034,27.933,0.000,0.000,0.0000
686.250,-70.196,35.939,0.317,0.000,26.034,27.933,0.000,0.000,0.0000
686.260,-70.196,35.939,0.317,0.000,26.034,27.933,0.000,0.000,0.0000
686.270,-70.196,35.939,0.317,0.000,26.034,27.933,0.000,0.000,0.0000
686.280,-70.196,35.939,0.317,0.000,26.034,27.933,0.000,0.000,0.0000
686.290,-70.196,35.939,0.317,0.000,26.034,27.933,0.000,0.000,0.0000
686.300,-70.196,35.939,0.317,0.000,26.034,27.933,0.000,0.000,0.0000
686.310,-70.196,35.939,0.317,0.000,26.034,27.933,0.000,0.000,0.0000
686.320,-70.196,35.939,0.317,0.000,26.034,27.933,0.000,0.000,0.0000
686.330,-70.196,35.939,0.317,0.000,26.034,27.933,0.000,0.000,0.0000
686.340,-70.196,35.939,0.317,0.000,26.034,27.933,0.000,0.000,0.0000
686.350,-70.196,35.939,0.317,0.000,26.034,27.933,0.000,0.000,0.0000
686.360,-70.196,35.939,0.317,0.000,26.034,27.933,0.000,0.000,0.0000
686.370,-70.196,35.939,0.317,0.000,26.034,27.933,0.000,0.000,0.0000
686.380,-70.196,35.939,0.317,0.000,26.034,27.933,0.000,0.000,0.0000
686.390,-70.196,35.939,0.317,0.000,26.034,27.933,0.000,0.000,0.0000
686.400,-70.196,35.939,0.317,0.000,26.034,27.933,0.000,0.000,0.0000
686.410,-70.196,35.939,0.317,0.000,26.034,27.933,0.000,0.000,0.0000
686.420,-70.196,35.939,0.317,0.000,26.034,27.933,0.000,0.000,0.0000
686.430,-70.196,35.939,0.317,0.000,26.034,27.933,0.000,0.000,0.0000
686.440,-70.196,35.939,0.317,0.000,26.034,27.933,0.000,0.000,0.0000
686.450,-70.196,35.939,0.317,0.000,26.034,27.933,0.000,0.000,0.0000
686.460,-70.196,35.939,0.317,0.000,26.034,27.933,0.000,0.000,0.0000
686.470,-70.196,35.939,0.317,0.000,26.034,27.933,0.000,0.000,0.0000
686.480,-70.196,35.939,0.317,0.000,26.034,27.933,0.000,0.000,0.0000
686.490,-70.196,35.939,0.317,0.000,26.034,27.933,0.000,0.000,0.0000
686.500,-70.196,35.939,0.317,0.000,26.034,27.933,0.000,0.000,0.0000
686.510,-70.196,35.939,0.317,0.000,26.034,27.933,0.000,0.000,0.0000
686.520,-70.196,35.939,0.317,0.000,26.034,27.933,0.000,0.000,0.0000
686.530,-70.196,35.939,0.317,0.000,26.034,27.933,0.000,0.000,0.0000
686.540,-70.196,35.939,0.317,0.000,26.034,27.933,0.000,0.000,0.0000
686.550,-70.196,35.939,0.317,0.000,26.034,27.933,0.000,0.000,0.0000
686.560,-70.196,35.939,0.317,0.000,26.034,27.933,0.000,0.000,0.0000
686.570,-70.196,35.939,0.317,0.000,26.034,27.933,0.000,0.000,0.0000
686.580,-70.196,35.939,0.317,0.000,26.034,27.933,0.000,0.000,0.0000
686.590,-70.196,35.939,0.317,0.000,26.034,27.933,0.000,0.000,0.0000
686.600,-70.196,35.939,0.317,0.000,26.034,27.933,0.000,0.000,0.0000
686.610,-70.196,35.939,0.317,0.000,26.034,27.933,0.000,0.000,0.0000
686.620,-70.196,35.939,0.317,0.000,26.034,27.933,0.000,0.000,0.0000
686.630,-70.196,35.939,0.317,0.000,26.034,27.933,0.000,0.000,0.0000
686.640,-70.196,35.939,0.317,0.000,26.034,27.933,0.000,0.000,0.0000
686.650,-70.196,35.939,0.317,0.000,26.034,27.933,0.000,0.000,0.0000
686.660,-70.196,35.939,0.317,0.000,26.034,27.933,0.000,0.000,0.0000
686.670,-70.196,35.939,0.317,0.000,26.034,27.933,0.000,0.000,0.0000
686.680,-70.196,35.939,0.317,0.000,26.034,27.933,0.000,0.000,0.0000
686.690,-70.196,35.939,0.317,0.000,26.034,27.933,0.000,0.000,0.0000
686.700,-70.196,35.939,0.317,0.000,26.034,27.933,0.000,0.000,0.0000
686.710,-70.196,35.939,0.317,0.000,26.034,27.933,0.000,0.000,0.0000
686.720,-70.196,35.939,0.317,0.000,26.034,27.933,0.000,0.000,0.0000
686.730,-70.196,35.939,0.317,0.000,26.034,27.933,0.000,0.000,0.0000
686.740,-70.196,35.939,0.317,0.000,26.034,27.933,0.000,0.000,0.0000
686.750,-70.196,35.939,0.317,0.000,26.034,27.933,0.000,0.000,0.0000
686.760,-70.196,35.939,0.317,0.000,26.034,27.933,0.000,0.000,0.0000
686.770,-70.196,35.939,0.317,0.000,26.034,27.933,0.000,0.000,0.0000
686.780,-70.196,35.939,0.317,0.000,26.034,27.933,0.000,0.000,0.0000
686.790,-70.196,35.939,0.317,0.000,26.034,27.933,0.000,0.000,0.0000
686.800,-70.196,35.939,0.317,0.000,26.034,27.933,0.000,0.000,0.0000
686.810,-70.196,35.939,0.317,0.000,26.034,27.933,0.000,0.000,0.0000
686.820,-70.196,35.939,0.317,0.000,26.034,27.933,0.000,0.000,0.0000
686.830,-70.196,35.939,0.317,0.000,26.034,27.933,0.000,0.000,0.0000
686.840,-70.196,35.939,0.317,0.000,26.034,27.933,0.000,0.000,0.0000
686.850,-70.196,35.939,0.317,0.000,26.034,27.933,0.000,0.000,0.0000
686.860,-70.196,35.939,0.317,0.000,26.034,27.933,0.000,0.000,0.0000
686.870,-70.196,35.939,0.317,0.000,26.034,27.933,0.000,0.000,0.0000
686.880,-70.196,35.939,0.317,0.000,26.034,27.933,0.000,0.000,0.0000
686.890,-70.196,35.939,0.317,0.000,26.034,27.933,0.000,0.000,0.0000
686.900,-70.196,35.939,0.317,0.000,26.034,27.933,0.000,0.000,0.0000
686.910,-70.196,35.939,0.317,0.000,26.034,27.933,0.000,0.000,0.0000
686.920,-70.196,35.939,0.317,0.000,26.034,27.933,0.000,0.000,0.0000
686.930,-70.196,35.939,0.317,0.000,26.034,27.933,0.000,0.000,0.0000
686.940,-70.196,35.939,0.317,0.000,26.034,27.933,0.000,0.000,0.0000
686.950,-70.196,35.939,0.317,0.000,26.034,27.933,0.000,0.000,0.0000
686.960,-70.196,35.939,0.317,0.000,26.034,27.933,0.000,0.000,0.0000
686.970,-70.196,35.939,0.317,0.000,26.034,27.933,0.000,0.000,0.0000
686.980,-70.196,35.939,0.317,0.000,26.034,27.933,0.000,0.000,0.0000
686.990,-70.196,35.939,0.317,0.000,26.034,27.933,0.000,0.000,0.0000
687.000,-70.196,35.939,0.317,0.000,26.034,27.933,0.000,0.000,0.0000
687.010,-70.196,35.939,0.317,0.000,26.034,27.933,0.000,0.000,0.0000
687.020,-70.196,35.939,0.317,0.000,26.034,27.933,0.000,0.000,0.0000
687.030,-70.196,35.939,0.317,0.000,26.034,27.933,0.000,0.000,0.0000
687.040,-70.196,35.939,0.317,0.000,26.034,27.933,0.000,0.000,0.0000
687.050,-70.196,35.939,0.317,0.000,26.034,27.933,0.000,0.000,0.0000
687.060,-70.196,35.939,0.317,0.000,26.034,27.933,0.000,0.000,0.0000
687.070,-70.196,35.939,0.317,0.000,26.034,27.933,0.000,0.000,0.0000
687.080,-70.196,35.939,0.317,0.000,26.034,27.933,0.000,0.000,0.0000
687.090,-70.196,35.939,0.317,0.000,26.034,27.933,0.000,0.000,0.0000
687.100,-70.196,35.939,0.317,0.000,26.034,27.933,0.040,0.000,0.0000
687.110,-70.196,35.939,0.317,0.013,26.034,27.933,0.080,0.000,0.0000
687.120,-70.195,35.939,0.317,0.038,26.035,27.933,0.120,0.000,0.0000
687.130,-70.195,35.939,0.317,0.071,26.035,27.934,0.160,0.000,0.0000
687.140,-70.194,35.939,0.316,0.108,26.036,27.935,0.200,0.000,0.0000
687.150,-70.192,35.939,0.316,0.148,26.038,27.936,0.240,0.000,0.0000
687.160,-70.190,35.940,0.316,0.188,26.040,27.938,0.280,0.000,0.0000
687.170,-70.188,35.940,0.315,0.228,26.042,27.940,0.320,0.000,0.0000
687.180,-70.186,35.941,0.315,0.268,26.044,27.943,0.360,0.000,0.0000
687.190,-70.183,35.942,0.314,0.307,26.047,27.946,0.400,0.000,0.0000
687.200,-70.179,35.943,0.314,0.346,26.051,27.949,0.440,0.000,0.0000
687.210,-70.175,35.943,0.313,0.384,26.055,27.953,0.480,0.000,0.0000
687.220,-70.171,35.944,0.312,0.422,26.059,27.957,0.520,0.000,0.0000
687.230,-70.167,35.946,0.312,0.461,26.063,27.962,0.560,0.000,0.0000
687.240,-70.162,35.947,0.311,0.500,26.068,27.966,0.600,0.000,0.0000
687.250,-70.156,35.948,0.311,0.538,26.074,27.972,0.640,0.000,0.0000
687.260,-70.151,35.949,0.310,0.577,26.079,27.977,0.680,0.000,0.0000
687.270,-70.144,35.951,0.310,0.615,26.086,27.983,0.720,0.000,0.0000
687.280,-70.138,35.952,0.309,0.652,26.092,27.989,0.760,0.000,0.0000
687.290,-70.131,35.954,0.309,0.689,26.099,27.996,0.800,0.000,0.0000
687.300,-70.124,35.955,0.309,0.726,26.106,28.002,0.840,0.000,0.0000
687.310,-70.116,35.957,0.309,0.764,26.114,28.010,0.880,0.000,0.0000
687.320,-70.108,35.959,0.308,0.803,26.122,28.017,0.920,0.000,0.0000
687.330,-70.100,35.961,0.308,0.842,26.130,28.025,0.960,0.000,0.0000
687.340,-70.091,35.963,0.308,0.882,26.139,28.033,1.000,0.000,0.0000
687.350,-70.082,35.965,0.308,0.922,26.148,28.042,1.000,0.000,0.0080
687.360,-70.072,35.967,0.308,0.964,26.158,28.051,1.000,0.000,0.0160
687.370,-70.062,35.970,0.308,1.009,26.168,28.060,1.000,0.000,0.0240
687.380,-70.051,35.972,0.308,1.055,26.179,28.070,1.000,0.000,0.0320
687.390,-70.040,35.975,0.308,1.102,26.190,28.080,1.000,0.000,0.0400
687.400,-70.029,35.977,0.308,1.148,26.201,28.091,1.000,0.000,0.0480
687.410,-70.017,35.980,0.308,1.194,26.213,28.102,1.000,0.000,0.0560
687.420,-70.005,35.983,0.308,1.239,26.225,28.113,1.000,0.000,0.0640
687.430,-69.992,35.986,0.308,1.284,26.238,28.125,1.000,0.000,0.0720
687.440,-69.978,35.989,0.308,1.328,26.252,28.137,1.000,0.000,0.0800
687.450,-69.965,35.992,0.308,1.372,26.265,28.150,1.000,0.000,0.0880
687.460,-69.951,35.995,0.308,1.397,26.279,28.163,1.000,0.000,0.0960
687.470,-69.936,35.999,0.309,1.428,26.294,28.176,1.000,0.000,0.1040
687.480,-69.922,36.002,0.309,1.457,26.308,28.189,1.000,0.000,0.1120
687.490,-69.907,36.005,0.309,1.482,26.323,28.203,1.000,0.000,0.1200
687.500,-69.892,36.009,0.309,1.512,26.338,28.217,1.000,0.000,0.1280
687.510,-69.877,36.012,0.310,1.545,26.353,28.231,1.000,0.000,0.1360
687.520,-69.861,36.016,0.310,1.580,26.369,28.245,1.000,0.000,0.1440
687.530,-69.845,36.020,0.310,1.617,26.385,28.260,1.000,0.000,0.1520
687.540,-69.828,36.023,0.310,1.655,26.402,28.275,1.000,0.000,0.1600
687.550,-69.811,36.027,0.311,1.693,26.419,28.291,1.000,0.000,0.1680
687.560,-69.794,36.031,0.311,1.732,26.436,28.307,1.000,0.000,0.1760
687.570,-69.776,36.035,0.311,1.770,26.454,28.323,1.000,0.000,0.1840
687.580,-69.758,36.039,0.311,1.808,26.472,28.340,1.000,0.000,0.1920
687.590,-69.740,36.043,0.311,1.846,26.490,28.357,1.000,0.000,0.2000
687.600,-69.721,36.048,0.311,1.883,26.509,28.374,1.000,0.000,0.2080
687.610,-69.701,36.052,0.312,1.921,26.529,28.392,1.000,0.000,0.2160
687.620,-69.682,36.056,0.312,1.958,26.548,28.410,1.000,0.000,0.2240
687.630,-69.662,36.061,0.312,1.995,26.568,28.429,1.000,0.000,0.2320
687.640,-69.642,36.065,0.312,2.032,26.588,28.447,1.000,0.000,0.2400
687.650,-69.621,36.070,0.312,2.069,26.609,28.467,1.000,0.000,0.2480
687.660,-69.600,36.074,0.312,2.106,26.630,28.486,1.000,0.000,0.2560
687.670,-69.578,36.079,0.312,2.143,26.652,28.506,1.000,0.000,0.2640
687.680,-69.557,36.084,0.312,2.180,26.673,28.526,1.000,0.000,0.2720
687.690,-69.534,36.089,0.312,2.216,26.696,28.547,1.000,0.000,0.2800
687.700,-69.512,36.093,0.311,2.253,26.718,28.568,1.000,0.000,0.2880
687.710,-69.489,36.098,0.311,2.289,26.741,28.589,1.000,0.000,0.2960
687.720,-69.466,36.103,0.311,2.325,26.764,28.611,1.000,0.000,0.3040
687.730,-69.442,36.108,0.311,2.361,26.788,28.633,1.000,0.000,0.3120
687.740,-69.418,36.113,0.311,2.397,26.812,28.655,1.000,0.000,0.3200
687.750,-69.394,36.118,0.311,2.432,26.836,28.677,1.000,0.000,0.3280
687.760,-69.369,36.123,0.311,2.467,26.861,28.700,1.000,0.000,0.3360
687.770,-69.344,36.128,0.311,2.501,26.886,28.724,1.000,0.000,0.3440
687.780,-69.319,36.133,0.311,2.536,26.911,28.747,1.000,0.000,0.3520
687.790,-69.293,36.138,0.311,2.570,26.937,28.771,1.000,0.000,0.3600
687.800,-69.267,36.143,0.311,2.603,26.963,28.795,1.000,0.000,0.3680
687.810,-69.241,36.148,0.311,2.636,26.989,28.820,1.000,0.000,0.3760
687.820,-69.214,36.152,0.311,2.640,27.016,28.844,1.000,0.000,0.3840
687.830,-69.188,36.157,0.311,2.650,27.042,28.869,1.000,0.000,0.3920
687.840,-69.161,36.162,0.311,2.660,27.069,28.893,1.000,0.000,0.4000
687.850,-69.135,36.166,0.311,2.674,27.095,28.918,1.000,0.000,0.4080
687.860,-69.108,36.170,0.312,2.694,27.122,28.943,1.000,0.000,0.4160
687.870,-69.080,36.175,0.312,2.718,27.150,28.968,1.000,0.000,0.4240
687.880,-69.053,36.179,0.312,2.745,27.177,28.994,1.000,0.000,0.4320
687.890,-69.025,36.183,0.312,2.773,27.205,29.019,1.000,0.000,0.4400
687.900,-68.997,36.188,0.312,2.802,27.233,29.045,1.000,0.000,0.4100
687.910,-68.969,36.192,0.312,2.843,27.261,29.072,1.000,0.000,0.3800
687.920,-68.940,36.196,0.312,2.895,27.290,29.099,1.000,0.000,0.3500
687.930,-68.910,36.200,0.312,2.954,27.320,29.126,1.000,0.000,0.3200
687.940,-68.880,36.204,0.312,3.016,27.350,29.154,1.000,0.000,0.2900
687.950,-68.849,36.208,0.312,3.075,27.381,29.183,1.000,0.000,0.2600
687.960,-68.818,36.212,0.312,3.116,27.412,29.212,1.000,0.000,0.2300
687.970,-68.787,36.216,0.312,3.156,27.443,29.241,1.000,0.000,0.2000
687.980,-68.755,36.220,0.311,3.198,27.475,29.271,1.000,0.000,0.1700
687.990,-68.722,36.224,0.311,3.245,27.508,29.302,1.000,0.000,0.1400
688.000,-68.689,36.228,0.311,3.297,27.541,29.332,1.000,0.000,0.1100
688.010,-68.656,36.233,0.311,3.319,27.574,29.363,1.000,0.000,0.0800
688.020,-68.622,36.237,0.310,3.424,27.608,29.395,1.000,0.000,0.0500
688.030,-68.588,36.241,0.310,3.422,27.642,29.427,1.000,0.000,0.0200
688.040,-68.553,36.245,0.310,3.465,27.677,29.460,1.000,0.000,0.0000
688.050,-68.518,36.249,0.309,3.538,27.712,29.493,1.000,0.000,0.0000
688.060,-68.483,36.253,0.309,3.467,27.747,29.525,1.000,0.000,0.0000
688.070,-68.447,36.256,0.309,3.548,27.783,29.558,1.000,0.000,0.0000
688.080,-68.411,36.260,0.309,3.603,27.819,29.592,1.000,0.000,0.0000
688.090,-68.375,36.263,0.309,3.689,27.855,29.627,1.000,0.000,0.0000
688.100,-68.337,36.267,0.308,3.766,27.893,29.662,1.000,0.000,0.0000
688.110,-68.298,36.270,0.308,3.839,27.932,29.698,1.000,0.000,0.0000
688.120,-68.260,36.274,0.308,3.882,27.970,29.734,1.000,0.000,0.0000
688.130,-68.220,36.277,0.307,3.942,28.010,29.771,1.000,0.000,0.0000
688.140,-68.180,36.280,0.307,3.987,28.050,29.808,1.000,0.000,0.0000
688.150,-68.140,36.284,0.307,4.027,28.090,29.846,1.000,0.000,0.0000
688.160,-68.099,36.287,0.307,4.070,28.131,29.884,1.000,0.000,0.0000
688.170,-68.058,36.291,0.307,4.115,28.172,29.922,1.000,0.000,0.0000
688.180,-68.017,36.294,0.307,4.163,28.213,29.961,1.000,0.000,0.0000
688.190,-67.975,36.298,0.307,4.215,28.255,30.001,1.000,0.000,0.0000
688.200,-67.932,36.302,0.307,4.270,28.298,30.040,1.000,0.000,0.0000
688.210,-67.889,36.305,0.307,4.328,28.341,30.081,1.000,0.000,0.0000
688.220,-67.845,36.309,0.307,4.384,28.385,30.122,1.000,0.000,0.0000
688.230,-67.800,36.312,0.307,4.431,28.430,30.163,1.000,0.000,0.0000
688.240,-67.756,36.316,0.307,4.471,28.474,30.205,1.000,0.000,0.0000
688.250,-67.711,36.320,0.307,4.511,28.519,30.247,1.000,0.000,0.0000
688.260,-67.665,36.324,0.307,4.553,28.565,30.290,1.000,0.000,0.0000
688.270,-67.619,36.328,0.308,4.601,28.611,30.333,1.000,0.000,0.0000
688.280,-67.573,36.332,0.308,4.650,28.657,30.376,1.000,0.000,0.0000
688.290,-67.526,36.336,0.308,4.699,28.704,30.420,1.000,0.000,0.0000
688.300,-67.478,36.340,0.308,4.746,28.752,30.464,1.000,0.000,0.0000
688.310,-67.430,36.343,0.308,4.791,28.800,30.509,1.000,0.000,0.0000
688.320,-67.382,36.348,0.309,4.836,28.848,30.554,1.000,0.000,0.0000
688.330,-67.333,36.352,0.309,4.878,28.897,30.600,1.000,0.000,0.0000
688.340,-67.284,36.356,0.309,4.920,28.946,30.646,1.000,0.000,0.0000
688.350,-67.234,36.360,0.309,4.962,28.996,30.692,1.000,0.000,0.0000
688.360,-67.184,36.364,0.310,5.004,29.046,30.739,1.000,0.000,0.0000
688.370,-67.134,36.368,0.310,5.048,29.096,30.786,1.000,0.000,0.0000
688.380,-67.083,36.372,0.310,5.093,29.147,30.834,1.000,0.000,0.0000
688.390,-67.031,36.376,0.310,5.137,29.199,30.882,1.000,0.000,0.0000
688.400,-66.980,36.381,0.310,5.179,29.250,30.931,1.000,0.000,0.0000
688.410,-66.927,36.385,0.310,5.219,29.303,30.980,1.000,0.000,0.0000
688.420,-66.875,36.389,0.311,5.258,29.355,31.029,1.000,0.000,0.0000
688.430,-66.822,36.394,0.311,5.295,29.408,31.079,1.000,0.000,0.0000
688.440,-66.769,36.398,0.311,5.331,29.461,31.129,1.000,0.000,0.0000
688.450,-66.715,36.402,0.311,5.365,29.515,31.179,1.000,0.000,0.0000
688.460,-66.661,36.407,0.311,5.399,29.569,31.230,1.000,0.000,0.0000
688.470,-66.607,36.411,0.311,5.432,29.623,31.281,1.000,0.000,0.0000
688.480,-66.552,36.416,0.311,5.456,29.678,31.332,1.000,0.000,0.0000
688.490,-66.497,36.420,0.312,5.483,29.733,31.383,1.000,0.000,0.0000
688.500,-66.442,36.425,0.312,5.514,29.788,31.435,1.000,0.000,0.0000
688.510,-66.387,36.429,0.312,5.551,29.843,31.487,1.000,0.000,0.0000
688.520,-66.331,36.434,0.312,5.592,29.899,31.540,1.000,0.000,0.0000
688.530,-66.274,36.439,0.312,5.636,29.956,31.593,1.000,0.000,0.0000
688.540,-66.217,36.443,0.312,5.681,30.013,31.646,1.000,0.000,0.0000
688.550,-66.160,36.448,0.312,5.725,30.070,31.700,1.000,0.000,0.0000
688.560,-66.103,36.453,0.312,5.769,30.127,31.755,1.000,0.000,0.0000
688.570,-66.044,36.458,0.312,5.812,30.186,31.809,1.000,0.000,0.0000
688.580,-65.986,36.463,0.312,5.851,30.244,31.864,1.000,0.000,0.0000
688.590,-65.927,36.468,0.312,5.893,30.303,31.920,1.000,0.000,0.0000
688.600,-65.868,36.473,0.311,5.937,30.362,31.976,1.000,0.000,0.0000
688.610,-65.808,36.478,0.311,5.983,30.422,32.032,1.000,0.000,0.0000
688.620,-65.748,36.483,0.311,6.027,30.483,32.089,1.000,0.000,0.0000
688.630,-65.687,36.488,0.311,6.070,30.543,32.147,1.000,0.000,0.0000
688.640,-65.626,36.493,0.312,6.058,30.604,32.203,1.000,0.000,0.0000
688.650,-65.565,36.499,0.314,6.124,30.665,32.260,1.000,0.000,0.0000
688.660,-65.504,36.504,0.317,6.125,30.726,32.317,1.000,0.000,0.0000
688.670,-65.442,36.510,0.320,6.201,30.788,32.374,1.000,0.000,0.0000
688.680,-65.379,36.515,0.324,6.261,30.851,32.432,1.000,0.000,0.0000
688.690,-65.316,36.520,0.327,6.309,30.914,32.491,1.000,0.000,0.0000
688.700,-65.253,36.526,0.331,6.333,30.977,32.549,1.000,0.000,0.0000
688.710,-65.189,36.531,0.335,6.380,31.041,32.608,1.000,0.000,0.0000
688.720,-65.125,36.536,0.339,6.429,31.105,32.668,1.000,0.000,0.0000
688.730,-65.061,36.542,0.342,6.478,31.169,32.727,1.000,0.000,0.0000
688.740,-64.995,36.547,0.346,6.525,31.235,32.788,1.000,0.000,0.0000
688.750,-64.930,36.552,0.349,6.571,31.300,32.849,1.000,0.000,0.0000
688.760,-64.864,36.558,0.352,6.611,31.366,32.911,1.000,0.000,0.0000
688.770,-64.797,36.563,0.354,6.652,31.433,32.973,1.000,0.000,0.0000
688.780,-64.730,36.568,0.357,6.695,31.500,33.035,1.000,0.000,0.0000
688.790,-64.663,36.574,0.359,6.741,31.567,33.098,1.000,0.000,0.0000
688.800,-64.595,36.579,0.361,6.785,31.635,33.162,1.000,0.000,0.0000
688.810,-64.527,36.584,0.362,6.826,31.703,33.226,1.000,0.000,0.0000
688.820,-64.458,36.590,0.363,6.863,31.772,33.291,1.000,0.000,0.0000
688.830,-64.389,36.595,0.364,6.898,31.841,33.356,1.000,0.000,0.0000
688.840,-64.320,36.601,0.365,6.930,31.910,33.421,1.000,0.000,0.0000
688.850,-64.251,36.607,0.365,6.957,31.980,33.487,1.000,0.000,0.0000
688.860,-64.181,36.612,0.365,6.976,32.049,33.553,1.000,0.000,0.0000
688.870,-64.111,36.618,0.365,6.997,32.119,33.620,1.000,0.000,0.0000
688.880,-64.041,36.624,0.365,7.026,32.190,33.686,1.000,0.000,0.0000
688.890,-63.970,36.630,0.365,7.064,32.260,33.753,1.000,0.000,0.0000
688.900,-63.899,36.636,0.364,7.107,32.331,33.821,1.000,0.000,0.0000
688.910,-63.827,36.642,0.363,7.153,32.403,33.889,1.000,0.000,0.0000
688.920,-63.755,36.648,0.362,7.199,32.475,33.958,1.000,0.000,0.0000
688.930,-63.683,36.654,0.361,7.243,32.547,34.027,1.000,0.000,0.0000
688.940,-63.610,36.660,0.360,7.288,32.620,34.097,1.000,0.000,0.0000
688.950,-63.537,36.666,0.358,7.333,32.693,34.167,1.000,0.000,0.0000
688.960,-63.463,36.672,0.357,7.378,32.767,34.237,1.000,0.000,0.0000
688.970,-63.389,36.679,0.356,7.421,32.841,34.308,1.000,0.000,0.0000
688.980,-63.314,36.685,0.354,7.462,32.916,34.379,1.000,0.000,0.0000
688.990,-63.239,36.692,0.353,7.501,32.991,34.451,1.000,0.000,0.0000
689.000,-63.164,36.698,0.352,7.537,33.066,34.523,1.000,0.000,0.0000
689.010,-63.088,36.705,0.351,7.569,33.142,34.596,1.000,0.000,0.0000
689.020,-63.012,36.711,0.350,7.591,33.218,34.668,1.000,0.000,0.0000
689.030,-62.936,36.718,0.349,7.614,33.294,34.741,1.000,0.000,0.0000
689.040,-62.860,36.725,0.348,7.644,33.370,34.814,1.000,0.000,0.0000
689.050,-62.783,36.731,0.347,7.684,33.447,34.887,1.000,0.000,0.0000
689.060,-62.705,36.738,0.347,7.730,33.525,34.961,1.000,0.000,0.0000
689.070,-62.628,36.744,0.346,7.779,33.602,35.035,1.000,0.000,0.0000
689.080,-62.549,36.751,0.346,7.825,33.681,35.110,1.000,0.000,0.0000
689.090,-62.471,36.758,0.345,7.872,33.759,35.185,1.000,0.000,0.0000
689.100,-62.391,36.764,0.345,7.924,33.839,35.261,1.000,0.000,0.0000
689.110,-62.312,36.771,0.345,7.977,33.918,35.337,1.000,0.000,0.0000
689.120,-62.231,36.778,0.345,8.027,33.999,35.413,1.000,0.000,0.0000
689.130,-62.151,36.784,0.345,8.074,34.079,35.490,1.000,0.000,0.0000
689.140,-62.070,36.791,0.345,8.116,34.160,35.568,1.000,0.000,0.0000
689.150,-61.988,36.798,0.345,8.153,34.242,35.646,1.000,0.000,0.0000
689.160,-61.906,36.805,0.345,8.186,34.324,35.724,1.000,0.000,0.0000
689.170,-61.824,36.812,0.345,8.207,34.406,35.802,1.000,0.000,0.0000
689.180,-61.742,36.819,0.346,8.227,34.488,35.880,1.000,0.000,0.0000
689.190,-61.659,36.825,0.346,8.258,34.571,35.959,1.000,0.000,0.0000
689.200,-61.576,36.832,0.347,8.298,34.654,36.038,1.000,0.000,0.0000
689.210,-61.493,36.840,0.347,8.345,34.737,36.118,1.000,0.000,0.0000
689.220,-61.409,36.847,0.348,8.394,34.821,36.198,1.000,0.000,0.0000
689.230,-61.324,36.854,0.348,8.442,34.906,36.278,1.000,0.000,0.0000
689.240,-61.240,36.861,0.349,8.490,34.990,36.359,1.000,0.000,0.0000
689.250,-61.154,36.868,0.349,8.541,35.076,36.441,1.000,0.000,0.0000
689.260,-61.068,36.876,0.349,8.590,35.162,36.523,1.000,0.000,0.0000
689.270,-60.982,36.883,0.350,8.635,35.248,36.605,1.000,0.000,0.0000
689.280,-60.895,36.891,0.350,8.677,35.335,36.688,1.000,0.000,0.0000
689.290,-60.808,36.898,0.350,8.713,35.422,36.772,1.000,0.000,0.0000
689.300,-60.721,36.906,0.350,8.744,35.509,36.855,1.000,0.000,0.0000
689.310,-60.633,36.914,0.351,8.762,35.597,36.939,1.000,0.000,0.0000
689.320,-60.545,36.921,0.351,8.779,35.685,37.023,1.000,0.000,0.0000
689.330,-60.457,36.929,0.351,8.791,35.773,37.107,1.000,0.000,0.0000
689.340,-60.369,36.937,0.352,8.813,35.861,37.191,1.000,0.000,0.0000
689.350,-60.281,36.945,0.352,8.849,35.949,37.276,1.000,0.000,0.0000
689.360,-60.192,36.952,0.352,8.847,36.038,37.361,1.000,0.000,0.0000
689.370,-60.104,36.960,0.353,8.843,36.126,37.445,1.000,0.000,0.0000
689.380,-60.015,36.967,0.353,8.838,36.215,37.530,1.000,0.000,0.0000
689.390,-59.926,36.975,0.354,8.917,36.304,37.615,1.000,0.000,0.0000
689.400,-59.836,36.982,0.354,9.005,36.394,37.702,1.000,0.000,0.0000
689.410,-59.745,36.990,0.353,9.109,36.485,37.789,1.000,0.000,0.0000
689.420,-59.653,36.998,0.353,9.196,36.577,37.878,1.000,0.000,0.0000
689.430,-59.560,37.006,0.353,9.262,36.670,37.967,1.000,0.000,0.0000
689.440,-59.467,37.014,0.352,9.308,36.763,38.056,1.000,0.000,0.0000
689.450,-59.374,37.022,0.352,9.336,36.856,38.146,1.000,0.000,0.0000
689.460,-59.281,37.030,0.351,9.350,36.950,38.236,1.000,0.000,0.0000
689.470,-59.187,37.038,0.351,9.392,37.043,38.326,1.000,0.000,0.0000
689.480,-59.092,37.046,0.351,9.435,37.138,38.417,1.000,0.000,0.0000
689.490,-58.997,37.055,0.350,9.481,37.233,38.508,1.000,0.000,0.0000
689.500,-58.902,37.063,0.350,9.527,37.328,38.600,1.000,0.000,0.0000
689.510,-58.806,37.071,0.350,9.570,37.424,38.692,1.000,0.000,0.0000
689.520,-58.710,37.079,0.349,9.611,37.520,38.784,1.000,0.000,0.0000
689.530,-58.614,37.088,0.349,9.651,37.616,38.877,1.000,0.000,0.0080
689.540,-58.517,37.096,0.349,9.690,37.713,38.970,1.000,0.000,0.0160
689.550,-58.420,37.105,0.349,9.727,37.810,39.064,1.000,0.000,0.0240
689.560,-58.322,37.114,0.349,9.761,37.908,39.158,1.000,0.000,0.0320
689.570,-58.224,37.122,0.349,9.771,38.006,39.252,1.000,0.000,0.0400
689.580,-58.126,37.131,0.349,9.787,38.104,39.346,1.000,0.000,0.0480
689.590,-58.028,37.140,0.349,9.825,38.202,39.441,1.000,0.000,0.0560
689.600,-57.930,37.148,0.349,9.857,38.300,39.535,1.000,0.000,0.0640
689.610,-57.831,37.157,0.349,9.887,38.399,39.631,1.000,0.000,0.0720
689.620,-57.732,37.165,0.349,9.924,38.498,39.726,1.000,0.000,0.0800
689.630,-57.632,37.174,0.349,9.964,38.598,39.822,1.000,0.000,0.0880
689.640,-57.532,37.182,0.350,10.006,38.698,39.919,1.000,0.000,0.0960
689.650,-57.431,37.190,0.350,10.045,38.799,40.015,1.000,0.000,0.1040
689.660,-57.331,37.198,0.350,10.080,38.899,40.112,1.000,0.000,0.1120
689.670,-57.229,37.206,0.350,10.118,39.001,40.210,1.000,0.000,0.1200
689.680,-57.128,37.213,0.349,10.145,39.102,40.308,1.000,0.000,0.1280
689.690,-57.026,37.220,0.347,10.161,39.204,40.406,1.000,0.000,0.1360
689.700,-56.924,37.225,0.344,10.214,39.306,40.506,1.000,0.000,0.1440
689.710,-56.822,37.231,0.340,10.259,39.408,40.606,1.000,0.000,0.1520
689.720,-56.719,37.237,0.336,10.308,39.511,40.706,1.000,0.000,0.1600
689.730,-56.615,37.244,0.332,10.338,39.615,40.807,1.000,0.000,0.1300
689.740,-56.512,37.251,0.328,10.362,39.718,40.908,1.000,0.000,0.1000
689.750,-56.408,37.258,0.324,10.393,39.822,41.009,1.000,0.000,0.0700
689.760,-56.304,37.265,0.320,10.416,39.926,41.111,1.000,0.000,0.0400
689.770,-56.200,37.271,0.317,10.434,40.030,41.212,1.000,0.000,0.0100
689.780,-56.095,37.278,0.313,10.449,40.135,41.314,1.000,0.000,0.0000
689.790,-55.991,37.283,0.310,10.471,40.239,41.416,1.000,0.000,0.0000
689.800,-55.886,37.289,0.307,10.504,40.344,41.518,1.000,0.000,0.0000
689.810,-55.780,37.294,0.305,10.583,40.450,41.621,1.000,0.000,0.0000
689.820,-55.673,37.299,0.302,10.670,40.557,41.725,1.000,0.000,0.0000
689.830,-55.566,37.304,0.300,10.755,40.664,41.829,1.000,0.000,0.0000
689.840,-55.457,37.309,0.298,10.832,40.773,41.935,1.000,0.000,0.0000
689.850,-55.348,37.313,0.296,10.903,40.882,42.040,1.000,0.000,0.0000
689.860,-55.239,37.318,0.295,10.969,40.991,42.147,1.000,0.000,0.0000
689.870,-55.128,37.322,0.293,11.029,41.102,42.254,1.000,0.000,0.0000
689.880,-55.018,37.326,0.293,11.083,41.212,42.361,1.000,0.000,0.0000
689.890,-54.906,37.330,0.292,11.130,41.324,42.469,1.000,0.000,0.0000
689.900,-54.795,37.334,0.292,11.169,41.435,42.577,1.000,0.000,0.0000
689.910,-54.683,37.338,0.292,11.188,41.547,42.685,1.000,0.000,0.0000
689.920,-54.571,37.341,0.292,11.189,41.659,42.794,1.000,0.000,0.0000
689.930,-54.459,37.345,0.293,11.192,41.771,42.902,1.000,0.000,0.0000
689.940,-54.347,37.349,0.294,11.200,41.883,43.010,1.000,0.000,0.0000
689.950,-54.235,37.352,0.296,11.212,41.995,43.118,1.000,0.000,0.0000
689.960,-54.123,37.356,0.297,11.224,42.107,43.226,1.000,0.000,0.0000
689.970,-54.010,37.359,0.299,11.227,42.220,43.335,1.000,0.000,0.0000
689.980,-53.898,37.363,0.301,11.231,42.332,43.443,1.000,0.000,0.0000
689.990,-53.786,37.366,0.303,11.235,42.444,43.552,1.000,0.000,0.0000
690.000,-53.673,37.370,0.305,11.235,42.557,43.660,1.000,0.000,0.0000
690.010,-53.561,37.373,0.307,11.229,42.669,43.768,1.000,0.000,0.0000
690.020,-53.449,37.377,0.309,11.216,42.781,43.877,1.000,0.000,0.0000
690.030,-53.337,37.381,0.311,11.205,42.893,43.985,1.000,0.000,0.0000
690.040,-53.225,37.384,0.313,11.205,43.005,44.093,1.000,0.000,0.0000
690.050,-53.113,37.388,0.315,11.212,43.117,44.201,1.000,0.000,0.0000
690.060,-53.000,37.391,0.317,11.222,43.230,44.310,1.000,0.000,0.0000
690.070,-52.888,37.395,0.318,11.226,43.342,44.418,1.000,0.000,0.0000
690.080,-52.776,37.398,0.320,11.231,43.454,44.527,1.000,0.000,0.0000
690.090,-52.664,37.402,0.321,11.235,43.566,44.636,1.000,0.000,0.0000
690.100,-52.551,37.405,0.322,11.236,43.679,44.744,1.000,0.000,0.0000
690.110,-52.439,37.408,0.323,11.231,43.791,44.853,1.000,0.000,0.0000
690.120,-52.327,37.412,0.324,11.219,43.903,44.962,1.000,0.000,0.0000
690.130,-52.215,37.415,0.325,11.200,44.015,45.071,1.000,0.000,0.0000
690.140,-52.103,37.419,0.325,11.187,44.127,45.179,1.000,0.000,0.0000
690.150,-51.991,37.422,0.326,11.185,44.239,45.288,1.000,0.000,0.0000
690.160,-51.879,37.425,0.326,11.191,44.351,45.397,1.000,0.000,0.0000
690.170,-51.767,37.429,0.326,11.199,44.463,45.505,1.000,0.000,0.0000
690.180,-51.655,37.432,0.326,11.200,44.575,45.614,1.000,0.000,0.0000
690.190,-51.543,37.435,0.325,11.202,44.687,45.723,1.000,0.000,0.0000
690.200,-51.431,37.439,0.325,11.204,44.799,45.832,1.000,0.000,0.0000
690.210,-51.319,37.442,0.325,11.204,44.911,45.941,1.000,0.000,0.0000
690.220,-51.207,37.446,0.324,11.197,45.023,46.050,1.000,0.000,0.0000
690.230,-51.095,37.450,0.324,11.185,45.135,46.159,1.000,0.000,0.0000
690.240,-50.984,37.453,0.323,11.166,45.246,46.268,1.000,0.000,0.0000
690.250,-50.872,37.457,0.322,11.160,45.358,46.377,1.000,0.000,0.0000
690.260,-50.760,37.460,0.322,11.164,45.470,46.486,1.000,0.000,0.0000
690.270,-50.649,37.464,0.321,11.174,45.581,46.595,1.000,0.000,0.0000
690.280,-50.537,37.467,0.320,11.178,45.693,46.703,1.000,0.000,0.0000
690.290,-50.425,37.471,0.319,11.184,45.805,46.813,1.000,0.000,0.0000
690.300,-50.313,37.474,0.319,11.192,45.917,46.922,1.000,0.000,0.0000
690.310,-50.201,37.478,0.318,11.197,46.029,47.031,1.000,0.000,0.0000
690.320,-50.089,37.481,0.317,11.198,46.141,47.140,1.000,0.000,0.0000
690.330,-49.977,37.484,0.317,11.192,46.253,47.249,1.000,0.000,0.0000
690.340,-49.865,37.488,0.316,11.179,46.365,47.358,1.000,0.000,0.0000
690.350,-49.754,37.491,0.316,11.166,46.476,47.467,1.000,0.000,0.0000
690.360,-49.642,37.495,0.315,11.165,46.588,47.576,1.000,0.000,0.0000
690.370,-49.530,37.498,0.315,11.172,46.700,47.685,1.000,0.000,0.0000
690.380,-49.419,37.501,0.315,11.184,46.811,47.794,1.000,0.000,0.0000
690.390,-49.307,37.505,0.314,11.188,46.923,47.903,1.000,0.000,0.0000
690.400,-49.195,37.508,0.314,11.194,47.035,48.012,1.000,0.000,0.0000
690.410,-49.083,37.512,0.314,11.201,47.147,48.122,1.000,0.000,0.0000
690.420,-48.971,37.515,0.314,11.204,47.259,48.231,1.000,0.000,0.0000
690.430,-48.859,37.519,0.314,11.203,47.371,48.340,1.000,0.000,0.0000
690.440,-48.747,37.523,0.314,11.195,47.483,48.449,1.000,0.000,0.0000
690.450,-48.635,37.526,0.314,11.180,47.595,48.558,1.000,0.000,0.0000
690.460,-48.523,37.530,0.314,11.172,47.707,48.667,1.000,0.000,0.0000
690.470,-48.411,37.534,0.314,11.175,47.819,48.776,1.000,0.000,0.0000
690.480,-48.300,37.537,0.314,11.185,47.930,48.885,1.000,0.000,0.0000
690.490,-48.188,37.541,0.314,11.196,48.042,48.995,1.000,0.000,0.0000
690.500,-48.076,37.544,0.315,11.201,48.154,49.104,1.000,0.000,0.0000
690.510,-47.964,37.548,0.315,11.208,48.266,49.213,1.000,0.000,0.0000
690.520,-47.851,37.551,0.315,11.213,48.379,49.323,1.000,0.000,0.0000
690.530,-47.739,37.555,0.315,11.213,48.491,49.432,1.000,0.000,0.0000
690.540,-47.627,37.558,0.315,11.208,48.603,49.541,1.000,0.000,0.0000
690.550,-47.515,37.562,0.316,11.196,48.715,49.651,1.000,0.000,0.0000
690.560,-47.403,37.566,0.316,11.178,48.827,49.760,1.000,0.000,0.0000
690.570,-47.292,37.569,0.316,11.170,48.938,49.869,1.000,0.000,0.0000
690.580,-47.180,37.573,0.317,11.176,49.050,49.978,1.000,0.000,0.0000
690.590,-47.068,37.576,0.317,11.187,49.162,50.087,1.000,0.000,0.0000
690.600,-46.956,37.580,0.317,11.191,49.274,50.196,1.000,0.000,0.0000
690.610,-46.844,37.583,0.317,11.196,49.386,50.306,1.000,0.000,0.0000
690.620,-46.732,37.587,0.317,11.203,49.498,50.415,1.000,0.000,0.0000
690.630,-46.620,37.591,0.318,11.207,49.610,50.525,1.000,0.000,0.0000
690.640,-46.508,37.594,0.318,11.206,49.722,50.634,1.000,0.000,0.0000
690.650,-46.396,37.598,0.318,11.199,49.834,50.744,1.000,0.000,0.0000
690.660,-46.284,37.602,0.318,11.185,49.946,50.853,1.000,0.000,0.0000
690.670,-46.173,37.606,0.318,11.172,50.057,50.962,1.000,0.000,0.0000
690.680,-46.061,37.610,0.318,11.170,50.169,51.071,1.000,0.000,0.0000
690.690,-45.949,37.613,0.318,11.176,50.281,51.181,1.000,0.000,0.0000
690.700,-45.837,37.617,0.318,11.186,50.393,51.290,1.000,0.000,0.0000
690.710,-45.725,37.621,0.318,11.191,50.505,51.399,1.000,0.000,0.0080
690.720,-45.613,37.625,0.318,11.194,50.617,51.509,1.000,0.000,0.0160
690.730,-45.501,37.628,0.318,11.195,50.729,51.619,1.000,0.000,0.0240
690.740,-45.389,37.632,0.318,11.191,50.841,51.728,1.000,0.000,0.0320
690.750,-45.278,37.636,0.318,11.181,50.952,51.837,1.000,0.000,0.0400
690.760,-45.166,37.640,0.318,11.165,51.064,51.947,1.000,0.000,0.0480
690.770,-45.055,37.643,0.318,11.141,51.175,52.056,1.000,0.000,0.0560
690.780,-44.943,37.647,0.318,11.141,51.287,52.165,1.000,0.000,0.0640
690.790,-44.832,37.651,0.318,11.151,51.398,52.274,1.000,0.000,0.0720
690.800,-44.720,37.654,0.318,11.165,51.510,52.383,1.000,0.000,0.0800
690.810,-44.608,37.658,0.318,11.179,51.622,52.493,1.000,0.000,0.0880
690.820,-44.496,37.661,0.317,11.206,51.734,52.602,1.000,0.000,0.0960
690.830,-44.384,37.665,0.317,11.232,51.846,52.712,1.000,0.000,0.1040
690.840,-44.271,37.668,0.317,11.253,51.959,52.823,1.000,0.000,0.1120
690.850,-44.159,37.672,0.317,11.266,52.071,52.933,1.000,0.000,0.1200
690.860,-44.046,37.675,0.316,11.271,52.184,53.044,1.000,0.000,0.1280
690.870,-43.933,37.678,0.316,11.268,52.297,53.154,1.000,0.000,0.1360
690.880,-43.821,37.681,0.316,11.219,52.409,53.264,1.000,0.000,0.1440
690.890,-43.708,37.683,0.316,11.285,52.522,53.374,1.000,0.000,0.1520
690.900,-43.596,37.685,0.316,11.253,52.634,53.485,1.000,0.000,0.1600
690.910,-43.484,37.687,0.316,11.175,52.746,53.594,1.000,0.000,0.1680
690.920,-43.373,37.688,0.316,11.113,52.857,53.703,1.000,0.000,0.1760
690.930,-43.262,37.689,0.317,11.072,52.968,53.811,1.000,0.000,0.1840
690.940,-43.152,37.690,0.317,11.047,53.078,53.920,1.000,0.000,0.1920
690.950,-43.041,37.690,0.317,11.032,53.189,54.028,1.000,0.000,0.2000
690.960,-42.931,37.690,0.318,11.019,53.299,54.136,1.000,0.000,0.2080
690.970,-42.821,37.689,0.318,11.003,53.409,54.243,1.000,0.000,0.2160
690.980,-42.711,37.688,0.319,10.980,53.519,54.351,1.000,0.000,0.1860
690.990,-42.602,37.687,0.319,10.963,53.628,54.458,1.000,0.000,0.1560
691.000,-42.492,37.684,0.320,10.983,53.738,54.566,1.000,0.000,0.1260
691.010,-42.382,37.681,0.320,11.019,53.848,54.674,1.000,0.000,0.0960
691.020,-42.271,37.677,0.320,11.041,53.959,54.782,1.000,0.000,0.0660
691.030,-42.161,37.673,0.320,11.059,54.069,54.891,1.000,0.000,0.0360
691.040,-42.050,37.667,0.320,11.067,54.180,54.999,1.000,0.000,0.0060
691.050,-41.939,37.662,0.320,11.072,54.291,55.108,1.000,0.000,0.0000
691.060,-41.828,37.655,0.320,11.079,54.402,55.217,1.000,0.000,0.0000
691.070,-41.718,37.648,0.320,11.086,54.512,55.325,1.000,0.000,0.0000
691.080,-41.607,37.641,0.319,11.081,54.623,55.434,1.000,0.000,0.0000
691.090,-41.496,37.633,0.319,11.071,54.734,55.543,1.000,0.000,0.0000
691.100,-41.386,37.624,0.319,11.059,54.844,55.651,1.000,0.000,0.0000
691.110,-41.275,37.615,0.319,11.061,54.955,55.760,1.000,0.000,0.0000
691.120,-41.164,37.606,0.319,11.076,55.066,55.869,1.000,0.000,0.0000
691.130,-41.053,37.596,0.319,11.101,55.177,55.978,1.000,0.000,0.0000
691.140,-40.942,37.586,0.318,11.130,55.288,56.087,1.000,0.000,0.0000
691.150,-40.830,37.576,0.318,11.160,55.400,56.197,1.000,0.000,0.0000
691.160,-40.718,37.565,0.317,11.184,55.512,56.307,1.000,0.000,0.0000
691.170,-40.606,37.555,0.317,11.202,55.624,56.417,1.000,0.000,0.0000
691.180,-40.494,37.544,0.316,11.210,55.736,56.527,1.000,0.000,0.0000
691.190,-40.382,37.533,0.316,11.208,55.848,56.637,1.000,0.000,0.0000
691.200,-40.270,37.522,0.315,11.195,55.960,56.747,1.000,0.000,0.0000
691.210,-40.159,37.511,0.315,11.171,56.071,56.857,1.000,0.000,0.0000
691.220,-40.047,37.500,0.315,11.144,56.183,56.966,1.000,0.000,0.0000
691.230,-39.936,37.489,0.315,11.129,56.294,57.076,1.000,0.000,0.0000
691.240,-39.825,37.478,0.315,11.121,56.405,57.185,1.000,0.000,0.0000
691.250,-39.713,37.467,0.315,11.128,56.517,57.294,1.000,0.000,0.0000
691.260,-39.602,37.456,0.315,11.144,56.628,57.404,1.000,0.000,0.0000
691.270,-39.490,37.445,0.315,11.162,56.740,57.513,1.000,0.000,0.0000
691.280,-39.378,37.434,0.315,11.177,56.852,57.623,1.000,0.000,0.0000
691.290,-39.267,37.424,0.315,11.185,56.963,57.733,1.000,0.000,0.0000
691.300,-39.155,37.413,0.315,11.183,57.075,57.843,1.000,0.000,0.0000
691.310,-39.043,37.402,0.315,11.170,57.187,57.953,1.000,0.000,0.0000
691.320,-38.932,37.391,0.315,11.146,57.298,58.062,1.000,0.000,0.0000
691.330,-38.820,37.381,0.315,11.133,57.410,58.172,1.000,0.000,0.0000
691.340,-38.709,37.370,0.316,11.129,57.521,58.281,1.000,0.000,0.0000
691.350,-38.598,37.359,0.316,11.136,57.632,58.390,1.000,0.000,0.0000
691.360,-38.486,37.348,0.316,11.153,57.744,58.500,1.000,0.000,0.0000
691.370,-38.374,37.337,0.316,11.172,57.856,58.610,1.000,0.000,0.0000
691.380,-38.263,37.326,0.316,11.189,57.967,58.720,1.000,0.000,0.0000
691.390,-38.151,37.315,0.316,11.199,58.079,58.830,1.000,0.000,0.0000
691.400,-38.039,37.304,0.316,11.201,58.191,58.940,1.000,0.000,0.0000
691.410,-37.927,37.293,0.316,11.191,58.303,59.050,1.000,0.000,0.0000
691.420,-37.815,37.282,0.317,11.172,58.415,59.160,1.000,0.000,0.0000
691.430,-37.703,37.271,0.317,11.145,58.527,59.269,1.000,0.000,0.0000
691.440,-37.592,37.260,0.317,11.130,58.638,59.379,1.000,0.000,0.0000
691.450,-37.481,37.250,0.317,11.123,58.749,59.488,1.000,0.000,0.0000
691.460,-37.370,37.239,0.317,11.130,58.860,59.598,1.000,0.000,0.0000
691.470,-37.258,37.228,0.318,11.146,58.972,59.707,1.000,0.000,0.0000
691.480,-37.147,37.217,0.318,11.165,59.083,59.817,1.000,0.000,0.0000
691.490,-37.035,37.206,0.318,11.181,59.195,59.927,1.000,0.000,0.0000
691.500,-36.923,37.195,0.318,11.189,59.307,60.037,1.000,0.000,0.0000
691.510,-36.811,37.184,0.318,11.188,59.419,60.147,1.000,0.000,0.0000
691.520,-36.699,37.173,0.318,11.177,59.531,60.257,1.000,0.000,0.0000
691.530,-36.588,37.162,0.318,11.155,59.642,60.367,1.000,0.000,0.0000
691.540,-36.476,37.151,0.318,11.134,59.754,60.477,1.000,0.000,0.0000
691.550,-36.365,37.141,0.318,11.117,59.865,60.586,1.000,0.000,0.0000
691.560,-36.254,37.130,0.318,11.117,59.976,60.696,1.000,0.000,0.0000
691.570,-36.143,37.119,0.318,11.130,60.087,60.805,1.000,0.000,0.0000
691.580,-36.031,37.107,0.318,11.149,60.199,60.915,1.000,0.000,0.0000
691.590,-35.919,37.096,0.318,11.168,60.311,61.025,1.000,0.000,0.0000
691.600,-35.808,37.085,0.318,11.182,60.422,61.135,1.000,0.000,0.0000
691.610,-35.696,37.074,0.317,11.188,60.534,61.245,1.000,0.000,0.0000
691.620,-35.584,37.063,0.317,11.183,60.646,61.355,1.000,0.000,0.0000
691.630,-35.472,37.052,0.317,11.168,60.758,61.465,1.000,0.000,0.0000
691.640,-35.361,37.041,0.317,11.139,60.869,61.575,1.000,0.000,0.0000
691.650,-35.250,37.030,0.317,11.124,60.980,61.685,1.000,0.000,0.0000
691.660,-35.138,37.019,0.317,11.115,61.092,61.794,1.000,0.000,0.0000
691.670,-35.027,37.008,0.317,11.121,61.203,61.904,1.000,0.000,0.0000
691.680,-34.916,36.997,0.317,11.137,61.314,62.013,1.000,0.000,0.0000
691.690,-34.804,36.986,0.317,11.157,61.426,62.123,1.000,0.000,0.0000
691.700,-34.693,36.975,0.317,11.175,61.537,62.233,1.000,0.000,0.0000
691.710,-34.581,36.964,0.317,11.186,61.649,62.344,1.000,0.000,0.0000
691.720,-34.469,36.953,0.317,11.189,61.761,62.454,1.000,0.000,0.0000
691.730,-34.357,36.942,0.317,11.182,61.873,62.564,0.940,0.000,0.0000
691.740,-34.245,36.932,0.317,11.152,61.985,62.674,0.880,0.000,0.0000
691.750,-34.134,36.921,0.317,11.105,62.096,62.783,0.820,0.000,0.0000
691.760,-34.024,36.910,0.317,11.062,62.206,62.892,0.760,0.000,0.0000
691.770,-33.914,36.899,0.317,11.022,62.316,63.001,0.700,0.000,0.0000
691.780,-33.804,36.889,0.318,10.993,62.426,63.109,0.640,0.000,0.0000
691.790,-33.694,36.878,0.318,10.970,62.536,63.217,0.580,0.000,0.0000
691.800,-33.584,36.867,0.318,10.948,62.646,63.325,0.520,0.000,0.0000
691.810,-33.475,36.857,0.319,10.923,62.755,63.433,0.460,0.000,0.0000
691.820,-33.366,36.846,0.319,10.892,62.864,63.540,0.400,0.000,0.0000
691.830,-33.258,36.835,0.320,10.852,62.972,63.647,0.340,0.000,0.0000
691.840,-33.150,36.825,0.320,10.803,63.080,63.753,0.280,0.000,0.0000
691.850,-33.042,36.814,0.321,10.744,63.188,63.859,0.220,0.000,0.0000
691.860,-32.936,36.804,0.321,10.682,63.294,63.964,0.160,0.000,0.0000
691.870,-32.829,36.793,0.322,10.631,63.401,64.069,0.100,0.000,0.0000
691.880,-32.723,36.783,0.323,10.587,63.507,64.173,0.040,0.000,0.0000
691.890,-32.618,36.773,0.323,10.555,63.612,64.277,0.000,0.000,0.0000
691.900,-32.513,36.763,0.324,10.530,63.718,64.381,0.000,0.000,0.0000
691.910,-32.407,36.752,0.324,10.507,63.823,64.484,0.000,0.000,0.0000
691.920,-32.303,36.742,0.325,10.481,63.927,64.588,0.000,0.000,0.0000
691.930,-32.198,36.732,0.325,10.449,64.032,64.691,0.000,0.000,0.0000
691.940,-32.094,36.723,0.325,10.410,64.136,64.793,0.000,0.000,0.0000
691.950,-31.990,36.713,0.325,10.362,64.240,64.896,0.000,0.000,0.0000
691.960,-31.887,36.703,0.326,10.306,64.343,64.997,0.000,0.000,0.0000
691.970,-31.785,36.693,0.326,10.240,64.445,65.098,0.000,0.000,0.0000
691.980,-31.683,36.683,0.326,10.202,64.547,65.199,0.000,0.000,0.0000
691.990,-31.581,36.674,0.326,10.151,64.649,65.299,0.040,0.000,0.0000
692.000,-31.480,36.664,0.327,10.111,64.750,65.399,0.080,0.000,0.0000
692.010,-31.380,36.654,0.327,10.080,64.850,65.498,0.120,0.000,0.0000
692.020,-31.279,36.644,0.327,10.052,64.951,65.597,0.160,0.000,0.0000
692.030,-31.179,36.635,0.326,10.025,65.051,65.696,0.200,0.000,0.0000
692.040,-31.079,36.625,0.326,9.995,65.151,65.795,0.240,0.000,-0.0080
692.050,-30.979,36.615,0.326,9.962,65.251,65.893,0.280,0.000,-0.0160
692.060,-30.880,36.605,0.326,9.924,65.350,65.991,0.320,0.000,-0.0240
692.070,-30.781,36.596,0.326,9.881,65.449,66.089,0.260,0.000,-0.0320
692.080,-30.683,36.586,0.325,9.831,65.547,66.186,0.200,0.000,-0.0400
692.090,-30.585,36.577,0.325,9.765,65.645,66.282,0.140,0.000,-0.0480
692.100,-30.488,36.568,0.325,9.685,65.742,66.378,0.080,0.000,-0.0560
692.110,-30.392,36.558,0.325,9.621,65.838,66.473,0.020,0.000,-0.0640
692.120,-30.296,36.549,0.325,9.574,65.934,66.567,0.000,0.000,-0.0720
692.130,-30.201,36.540,0.325,9.539,66.029,66.661,0.000,0.000,-0.0800
692.140,-30.106,36.531,0.325,9.509,66.124,66.755,0.000,0.000,-0.0880
692.150,-30.011,36.523,0.325,9.481,66.219,66.849,0.000,0.000,-0.0960
692.160,-29.917,36.514,0.325,9.449,66.313,66.942,0.000,0.000,-0.1040
692.170,-29.822,36.506,0.325,9.412,66.408,67.035,0.000,0.000,-0.1120
692.180,-29.729,36.498,0.325,9.369,66.501,67.127,0.040,0.000,-0.1200
692.190,-29.636,36.489,0.324,9.317,66.594,67.219,0.080,0.000,-0.1280
692.200,-29.543,36.482,0.324,9.258,66.687,67.311,0.120,0.000,-0.1360
692.210,-29.451,36.474,0.324,9.193,66.779,67.402,0.160,0.000,-0.1440
692.220,-29.359,36.466,0.324,9.158,66.871,67.492,0.200,0.000,-0.1520
692.230,-29.268,36.459,0.324,9.130,66.962,67.582,0.240,0.000,-0.1600
692.240,-29.177,36.452,0.324,9.136,67.053,67.672,0.280,0.000,-0.1680
692.250,-29.085,36.445,0.324,9.142,67.145,67.763,0.320,0.000,-0.1760
692.260,-28.994,36.438,0.324,9.140,67.236,67.853,0.360,0.000,-0.1840
692.270,-28.903,36.432,0.323,9.129,67.327,67.943,0.400,0.000,-0.1920
692.280,-28.812,36.426,0.323,9.109,67.418,68.033,0.440,0.000,-0.2000
692.290,-28.721,36.420,0.323,9.079,67.509,68.123,0.480,0.000,-0.2080
692.300,-28.630,36.414,0.322,9.043,67.600,68.212,0.520,0.000,-0.2160
692.310,-28.540,36.409,0.322,9.000,67.690,68.301,0.560,0.000,-0.2240
692.320,-28.451,36.404,0.322,8.951,67.779,68.390,0.600,0.000,-0.2320
692.330,-28.362,36.400,0.322,8.897,67.868,68.478,0.640,0.000,-0.2400
692.340,-28.274,36.396,0.322,8.792,67.956,68.564,0.680,0.000,-0.2480
692.350,-28.188,36.393,0.323,8.641,68.042,68.650,0.720,0.000,-0.2560
692.360,-28.102,36.390,0.323,8.518,68.128,68.734,0.760,0.000,-0.2640
692.370,-28.018,36.387,0.324,8.438,68.212,68.817,0.800,0.000,-0.2720
692.380,-27.934,36.385,0.325,8.395,68.296,68.900,0.840,0.000,-0.2800
692.390,-27.850,36.383,0.325,8.388,68.380,68.983,0.880,0.000,-0.2880
692.400,-27.766,36.382,0.326,8.405,68.464,69.066,0.920,0.000,-0.2960
692.410,-27.682,36.381,0.326,8.434,68.548,69.149,0.960,0.000,-0.3040
692.420,-27.597,36.381,0.326,8.467,68.633,69.232,1.000,0.000,-0.3120
692.430,-27.512,36.381,0.326,8.496,68.718,69.316,1.000,0.000,-0.3200
692.440,-27.427,36.382,0.325,8.520,68.803,69.401,1.000,0.000,-0.3280
692.450,-27.342,36.384,0.325,8.524,68.888,69.485,0.940,0.000,-0.3360
692.460,-27.257,36.386,0.324,8.511,68.973,69.569,0.880,0.000,-0.3440
692.470,-27.172,36.388,0.324,8.486,69.058,69.653,0.820,0.000,-0.3520
692.480,-27.087,36.391,0.323,8.451,69.143,69.737,0.760,0.000,-0.3600
692.490,-27.002,36.395,0.323,8.485,69.228,69.821,0.700,0.000,-0.3680
692.500,-26.917,36.398,0.322,8.513,69.313,69.905,0.640,0.000,-0.3760
692.510,-26.832,36.403,0.321,8.525,69.398,69.989,0.580,0.000,-0.3460
692.520,-26.747,36.408,0.320,8.514,69.483,70.073,0.520,0.000,-0.3160
692.530,-26.662,36.414,0.320,8.526,69.568,70.158,0.460,0.000,-0.2860
692.540,-26.577,36.421,0.319,8.495,69.653,70.242,0.400,0.000,-0.2560
692.550,-26.492,36.429,0.319,8.455,69.738,70.326,0.340,0.000,-0.2260
692.560,-26.408,36.437,0.318,8.408,69.822,70.409,0.280,0.000,-0.1960
692.570,-26.325,36.446,0.318,8.357,69.905,70.491,0.220,0.000,-0.1660
692.580,-26.241,36.456,0.318,8.307,69.989,70.573,0.160,0.000,-0.1360
692.590,-26.159,36.466,0.319,8.258,70.071,70.655,0.100,0.000,-0.1060
692.600,-26.077,36.477,0.319,8.215,70.153,70.736,0.040,0.000,-0.0760
692.610,-25.995,36.488,0.319,8.195,70.235,70.817,0.000,0.000,-0.0460
692.620,-25.913,36.500,0.319,8.186,70.317,70.898,0.000,0.000,-0.0160
692.630,-25.831,36.513,0.319,8.215,70.399,70.979,0.000,0.000,0.0000
692.640,-25.748,36.526,0.319,8.244,70.482,71.061,0.000,0.000,0.0000
692.650,-25.666,36.539,0.319,8.261,70.564,71.142,0.000,0.000,0.0000
692.660,-25.583,36.553,0.319,8.263,70.647,71.224,0.000,0.000,0.0000
692.670,-25.501,36.568,0.319,8.254,70.729,71.306,0.000,0.000,0.0000
692.680,-25.418,36.583,0.319,8.234,70.812,71.387,0.000,0.000,0.0000
692.690,-25.336,36.598,0.319,8.207,70.894,71.468,0.000,0.000,0.0000
692.700,-25.254,36.613,0.319,8.174,70.976,71.549,0.000,0.000,0.0000
692.710,-25.173,36.628,0.319,8.137,71.057,71.630,0.000,0.000,0.0000
692.720,-25.092,36.644,0.319,8.097,71.138,71.710,0.000,0.000,0.0000
692.730,-25.012,36.659,0.319,8.053,71.218,71.789,0.000,0.000,0.0000
692.740,-24.931,36.675,0.319,8.006,71.299,71.868,0.000,0.000,0.0000
692.750,-24.852,36.690,0.320,7.957,71.378,71.947,0.000,0.000,0.0000
692.760,-24.773,36.706,0.320,7.890,71.457,72.025,0.000,0.000,0.0000
692.770,-24.695,36.721,0.321,7.834,71.535,72.102,0.000,0.000,0.0000
692.780,-24.617,36.737,0.321,7.787,71.613,72.179,0.000,0.000,0.0000
692.790,-24.539,36.752,0.322,7.747,71.691,72.256,0.000,0.000,0.0000
692.800,-24.462,36.767,0.322,7.711,71.768,72.332,0.000,0.000,0.0000
692.810,-24.386,36.782,0.323,7.660,71.844,72.408,0.000,0.000,0.0000
692.820,-24.309,36.797,0.323,7.614,71.921,72.483,0.000,0.000,0.0000
692.830,-24.234,36.812,0.324,7.574,71.996,72.558,0.000,0.000,0.0000
692.840,-24.158,36.827,0.324,7.538,72.072,72.632,0.000,0.000,0.0000
692.850,-24.083,36.841,0.325,7.504,72.147,72.706,0.000,0.000,0.0000
692.860,-24.009,36.856,0.325,7.469,72.221,72.780,0.000,0.000,0.0000
692.870,-23.934,36.871,0.325,7.433,72.296,72.854,0.000,0.000,0.0000
692.880,-23.860,36.885,0.326,7.394,72.370,72.927,0.000,0.000,0.0000
692.890,-23.787,36.899,0.326,7.353,72.443,73.000,0.000,0.000,0.0000
692.900,-23.714,36.914,0.326,7.308,72.516,73.072,0.000,0.000,0.0000
692.910,-23.641,36.928,0.326,7.261,72.589,73.144,0.000,0.000,0.0000
692.920,-23.569,36.942,0.326,7.218,72.661,73.215,0.000,0.000,0.0000
692.930,-23.497,36.957,0.326,7.179,72.733,73.286,0.000,0.000,0.0000
692.940,-23.426,36.971,0.326,7.143,72.804,73.357,0.000,0.000,0.0000
692.950,-23.355,36.985,0.326,7.107,72.875,73.427,0.000,0.000,0.0000
692.960,-23.284,36.999,0.326,7.071,72.946,73.497,0.000,0.000,0.0000
692.970,-23.214,37.013,0.326,7.033,73.016,73.567,0.000,0.000,0.0000
692.980,-23.144,37.028,0.326,6.989,73.086,73.636,0.000,0.000,0.0000
692.990,-23.074,37.042,0.326,6.948,73.156,73.705,0.000,0.000,0.0000
693.000,-23.005,37.056,0.326,6.908,73.225,73.773,0.000,0.000,0.0000
693.010,-22.936,37.070,0.325,6.869,73.294,73.841,0.000,0.000,0.0000
693.020,-22.868,37.084,0.325,6.831,73.362,73.909,0.000,0.000,0.0000
693.030,-22.800,37.098,0.325,6.792,73.430,73.976,0.000,0.000,0.0000
693.040,-22.733,37.113,0.325,6.751,73.497,74.043,0.000,0.000,0.0000
693.050,-22.666,37.127,0.325,6.709,73.564,74.109,0.000,0.000,0.0000
693.060,-22.599,37.141,0.324,6.666,73.631,74.175,0.000,0.000,0.0000
693.070,-22.533,37.154,0.324,6.615,73.697,74.240,0.000,0.000,0.0000
693.080,-22.467,37.168,0.324,6.546,73.763,74.305,0.000,0.000,0.0000
693.090,-22.402,37.182,0.324,6.513,73.828,74.370,0.000,0.000,0.0000
693.100,-22.337,37.195,0.324,6.484,73.893,74.434,0.000,0.000,0.0000
693.110,-22.273,37.209,0.324,6.455,73.957,74.498,0.000,0.000,0.0000
693.120,-22.209,37.222,0.324,6.426,74.021,74.561,0.000,0.000,0.0000
693.130,-22.145,37.236,0.324,6.395,74.085,74.625,0.000,0.000,0.0000
693.140,-22.081,37.249,0.323,6.360,74.149,74.688,0.000,0.000,0.0000
693.150,-22.018,37.262,0.323,6.323,74.212,74.750,0.000,0.000,0.0000
693.160,-21.955,37.275,0.323,6.283,74.275,74.813,0.000,0.000,0.0000
693.170,-21.893,37.288,0.323,6.243,74.337,74.874,0.000,0.000,0.0000
693.180,-21.831,37.301,0.323,6.204,74.399,74.936,0.000,0.000,0.0000
693.190,-21.769,37.314,0.323,6.165,74.461,74.997,0.000,0.000,0.0000
693.200,-21.708,37.326,0.323,6.127,74.522,75.057,0.000,0.000,0.0000
693.210,-21.647,37.339,0.323,6.088,74.583,75.118,0.000,0.000,0.0000
693.220,-21.586,37.352,0.323,6.048,74.644,75.178,0.000,0.000,0.0000
693.230,-21.526,37.364,0.323,6.008,74.704,75.237,0.000,0.000,0.0000
693.240,-21.467,37.376,0.323,5.966,74.764,75.296,0.000,0.000,0.0000
693.250,-21.407,37.389,0.323,5.916,74.823,75.355,0.000,0.000,0.0000
693.260,-21.349,37.401,0.323,5.846,74.881,75.412,0.000,0.000,0.0000
693.270,-21.291,37.413,0.323,5.811,74.939,75.470,0.000,0.000,0.0000
