timestamp_sec,ego_x,ego_y,ego_z,ego_speed_mps,distance_to_intersection_m,distance_to_pedestrian_m,human_throttle,human_brake,human_steering_rad
447.500,-97.020,-52.451,0.317,0.000,0.790,10.744,0.000,0.000,0.0000
447.510,-97.020,-52.451,0.317,0.000,0.790,10.744,0.000,0.000,0.0000
447.520,-97.020,-52.451,0.317,0.000,0.790,10.744,0.000,0.000,0.0000
447.530,-97.020,-52.451,0.317,0.000,0.790,10.744,0.000,0.000,0.0000
447.540,-97.020,-52.451,0.317,0.000,0.790,10.744,0.000,0.000,0.0000
447.550,-97.020,-52.451,0.317,0.000,0.790,10.744,0.000,0.000,0.0000
447.560,-97.020,-52.451,0.317,0.000,0.790,10.744,0.000,0.000,0.0000
447.570,-97.020,-52.451,0.317,0.000,0.790,10.744,0.000,0.000,0.0000
447.580,-97.020,-52.451,0.317,0.000,0.790,10.744,0.000,0.000,0.0000
447.590,-97.020,-52.451,0.317,0.000,0.790,10.744,0.000,0.000,0.0000
447.600,-97.020,-52.451,0.317,0.000,0.790,10.744,0.000,0.000,0.0000
447.610,-97.020,-52.451,0.317,0.000,0.790,10.744,0.000,0.000,0.0000
447.620,-97.020,-52.451,0.317,0.000,0.790,10.744,0.000,0.000,0.0000
447.630,-97.020,-52.451,0.317,0.000,0.790,10.744,0.000,0.000,0.0000
447.640,-97.020,-52.451,0.317,0.000,0.790,10.744,0.000,0.000,0.0000
447.650,-97.020,-52.451,0.317,0.000,0.790,10.744,0.000,0.000,0.0000
447.660,-97.020,-52.451,0.317,0.000,0.790,10.744,0.000,0.000,0.0000
447.670,-97.020,-52.451,0.317,0.000,0.790,10.744,0.000,0.000,0.0000
447.680,-97.020,-52.451,0.317,0.000,0.790,10.744,0.000,0.000,0.0000
447.690,-97.020,-52.451,0.317,0.000,0.790,10.744,0.000,0.000,0.0000
447.700,-97.020,-52.451,0.317,0.000,0.790,10.744,0.000,0.000,0.0000
447.710,-97.020,-52.451,0.317,0.000,0.790,10.744,0.000,0.000,0.0000
447.720,-97.020,-52.451,0.317,0.000,0.790,10.744,0.000,0.000,0.0000
447.730,-97.020,-52.451,0.317,0.000,0.790,10.744,0.000,0.000,0.0000
447.740,-97.020,-52.451,0.317,0.000,0.790,10.744,0.000,0.000,0.0000
447.750,-97.020,-52.451,0.317,0.000,0.790,10.744,0.000,0.000,0.0000
447.760,-97.020,-52.451,0.317,0.000,0.790,10.744,0.000,0.000,0.0000
447.770,-97.020,-52.451,0.317,0.000,0.790,10.744,0.000,0.000,0.0000
447.780,-97.020,-52.451,0.317,0.000,0.790,10.744,0.000,0.000,0.0000
447.790,-97.020,-52.451,0.317,0.000,0.790,10.744,0.000,0.000,0.0000
447.800,-97.020,-52.451,0.317,0.000,0.790,10.744,0.000,0.000,0.0000
447.810,-97.020,-52.451,0.317,0.000,0.790,10.744,0.000,0.000,0.0000
447.820,-97.020,-52.451,0.317,0.000,0.790,10.744,0.000,0.000,0.0000
447.830,-97.020,-52.451,0.317,0.000,0.790,10.744,0.000,0.000,0.0000
447.840,-97.020,-52.451,0.317,0.000,0.790,10.744,0.000,0.000,0.0000
447.850,-97.020,-52.451,0.317,0.000,0.790,10.744,0.000,0.000,0.0000
447.860,-97.020,-52.451,0.317,0.000,0.790,10.744,0.000,0.000,0.0000
447.870,-97.020,-52.451,0.317,0.000,0.790,10.744,0.000,0.000,0.0000
447.880,-97.020,-52.451,0.317,0.000,0.790,10.744,0.000,0.000,0.0000
447.890,-97.020,-52.451,0.317,0.000,0.790,10.744,0.000,0.000,0.0000
447.900,-97.020,-52.451,0.317,0.000,0.790,10.744,0.000,0.000,0.0000
447.910,-97.020,-52.451,0.317,0.000,0.790,10.744,0.000,0.000,0.0000
447.920,-97.020,-52.451,0.317,0.000,0.790,10.744,0.000,0.000,0.0000
447.930,-97.020,-52.451,0.317,0.000,0.790,10.744,0.000,0.000,0.0000
447.940,-97.020,-52.451,0.317,0.000,0.790,10.744,0.000,0.000,0.0000
447.950,-97.020,-52.451,0.317,0.000,0.790,10.744,0.000,0.000,0.0000
447.960,-97.020,-52.451,0.317,0.000,0.790,10.744,0.000,0.000,0.0000
447.970,-97.020,-52.451,0.317,0.000,0.790,10.744,0.000,0.000,0.0000
447.980,-97.020,-52.451,0.317,0.000,0.790,10.744,0.000,0.000,0.0000
447.990,-97.020,-52.451,0.317,0.000,0.790,10.744,0.000,0.000,0.0000
448.000,-97.020,-52.451,0.317,0.000,0.790,10.744,0.000,0.000,0.0000
448.010,-97.020,-52.451,0.317,0.000,0.790,10.744,0.000,0.000,0.0000
448.020,-97.020,-52.451,0.317,0.000,0.790,10.744,0.000,0.000,0.0000
448.030,-97.020,-52.451,0.317,0.000,0.790,10.744,0.000,0.000,0.0000
448.040,-97.020,-52.451,0.317,0.000,0.790,10.744,0.000,0.000,0.0000
448.050,-97.020,-52.451,0.317,0.000,0.790,10.744,0.000,0.000,0.0000
448.060,-97.020,-52.451,0.317,0.000,0.790,10.744,0.000,0.000,0.0000
448.070,-97.020,-52.451,0.317,0.000,0.790,10.744,0.000,0.000,0.0000
448.080,-97.020,-52.451,0.317,0.000,0.790,10.744,0.000,0.000,0.0000
448.090,-97.020,-52.451,0.317,0.000,0.790,10.744,0.000,0.000,0.0000
448.100,-97.020,-52.451,0.317,0.000,0.790,10.744,0.000,0.000,0.0000
448.110,-97.020,-52.451,0.317,0.000,0.790,10.744,0.000,0.000,0.0000
448.120,-97.020,-52.451,0.317,0.000,0.790,10.744,0.000,0.000,0.0000
448.130,-97.020,-52.451,0.317,0.000,0.790,10.744,0.000,0.000,0.0000
448.140,-97.020,-52.451,0.317,0.000,0.790,10.744,0.000,0.000,0.0000
448.150,-97.020,-52.451,0.317,0.000,0.790,10.744,0.000,0.000,0.0000
448.160,-97.020,-52.451,0.317,0.000,0.790,10.744,0.000,0.000,0.0000
448.170,-97.020,-52.451,0.317,0.000,0.790,10.744,0.000,0.000,0.0000
448.180,-97.020,-52.451,0.317,0.000,0.790,10.744,0.000,0.000,0.0000
448.190,-97.020,-52.451,0.317,0.000,0.790,10.744,0.000,0.000,0.0000
448.200,-97.020,-52.451,0.317,0.000,0.790,10.744,0.000,0.000,0.0000
448.210,-97.020,-52.451,0.317,0.000,0.790,10.744,0.000,0.000,0.0000
448.220,-97.020,-52.451,0.317,0.000,0.790,10.744,0.000,0.000,0.0000
448.230,-97.020,-52.451,0.317,0.000,0.790,10.744,0.000,0.000,0.0000
448.240,-97.020,-52.451,0.317,0.000,0.790,10.744,0.000,0.000,0.0000
448.250,-97.020,-52.451,0.317,0.000,0.790,10.744,0.000,0.000,0.0000
448.260,-97.020,-52.451,0.317,0.000,0.790,10.744,0.000,0.000,0.0000
448.270,-97.020,-52.451,0.317,0.000,0.790,10.744,0.000,0.000,0.0000
448.280,-97.020,-52.451,0.317,0.000,0.790,10.744,0.000,0.000,0.0000
448.290,-97.020,-52.451,0.317,0.000,0.790,10.744,0.000,0.000,0.0000
448.300,-97.020,-52.451,0.317,0.000,0.790,10.744,0.000,0.000,0.0000
448.310,-97.020,-52.451,0.317,0.000,0.790,10.744,0.000,0.000,0.0000
448.320,-97.020,-52.451,0.317,0.000,0.790,10.744,0.000,0.000,0.0000
448.330,-97.020,-52.451,0.317,0.000,0.790,10.744,0.000,0.000,0.0000
448.340,-97.020,-52.451,0.317,0.000,0.790,10.744,0.000,0.000,0.0000
448.350,-97.020,-52.451,0.317,0.000,0.790,10.744,0.000,0.000,0.0000
448.360,-97.020,-52.451,0.317,0.000,0.790,10.744,0.000,0.000,0.0000
448.370,-97.020,-52.451,0.317,0.000,0.790,10.744,0.000,0.000,0.0000
448.380,-97.020,-52.451,0.317,0.000,0.790,10.744,0.000,0.000,0.0000
448.390,-97.020,-52.451,0.317,0.000,0.790,10.744,0.000,0.000,0.0000
448.400,-97.020,-52.451,0.317,0.000,0.790,10.744,0.000,0.000,0.0000
448.410,-97.020,-52.451,0.317,0.000,0.790,10.744,0.000,0.000,0.0000
448.420,-97.020,-52.451,0.317,0.000,0.790,10.744,0.000,0.000,0.0000
448.430,-97.020,-52.451,0.317,0.000,0.790,10.744,0.000,0.000,0.0000
448.440,-97.020,-52.451,0.317,0.000,0.790,10.744,0.000,0.000,0.0000
448.450,-97.020,-52.451,0.317,0.000,0.790,10.744,0.000,0.000,0.0000
448.460,-97.020,-52.451,0.317,0.000,0.790,10.744,0.000,0.000,0.0000
448.470,-97.020,-52.451,0.317,0.000,0.790,10.744,0.000,0.000,0.0000
448.480,-97.020,-52.451,0.317,0.000,0.790,10.744,0.000,0.000,0.0000
448.490,-97.020,-52.451,0.317,0.000,0.790,10.744,0.000,0.000,0.0000
448.500,-97.020,-52.451,0.317,0.000,0.790,10.744,0.040,0.000,0.0000
448.510,-97.020,-52.451,0.317,0.004,0.790,10.744,0.080,0.000,0.0000
448.520,-97.020,-52.451,0.317,0.010,0.790,10.744,0.120,0.000,0.0000
448.530,-97.020,-52.450,0.317,0.018,0.790,10.744,0.160,0.000,0.0000
448.540,-97.020,-52.449,0.316,0.027,0.790,10.744,0.200,0.000,0.0000
448.550,-97.020,-52.447,0.316,0.035,0.790,10.745,0.240,0.000,0.0000
448.560,-97.020,-52.446,0.316,0.041,0.790,10.745,0.280,0.000,0.0000
448.570,-97.020,-52.443,0.315,0.047,0.790,10.745,0.320,0.000,0.0000
448.580,-97.020,-52.440,0.315,0.051,0.790,10.746,0.360,0.000,0.0000
448.590,-97.020,-52.437,0.314,0.054,0.790,10.746,0.400,0.000,0.0000
448.600,-97.020,-52.434,0.314,0.056,0.790,10.747,0.440,0.000,0.0000
448.610,-97.020,-52.430,0.313,0.056,0.790,10.748,0.480,0.000,0.0000
448.620,-97.020,-52.425,0.312,0.056,0.790,10.748,0.520,0.000,0.0000
448.630,-97.020,-52.421,0.312,0.055,0.790,10.749,0.560,0.000,0.0000
448.640,-97.020,-52.415,0.311,0.054,0.790,10.749,0.600,0.000,0.0000
448.650,-97.020,-52.410,0.311,0.051,0.790,10.750,0.640,0.000,0.0000
448.660,-97.020,-52.404,0.310,0.048,0.790,10.750,0.680,0.000,0.0000
448.670,-97.020,-52.397,0.310,0.045,0.790,10.751,0.720,0.000,0.0000
448.680,-97.020,-52.391,0.309,0.041,0.790,10.751,0.760,0.000,0.0000
448.690,-97.020,-52.384,0.309,0.037,0.790,10.751,0.800,0.000,0.0000
448.700,-97.020,-52.376,0.309,0.033,0.790,10.752,0.840,0.000,0.0000
448.710,-97.020,-52.368,0.308,0.028,0.790,10.752,0.880,0.000,0.0000
448.720,-97.020,-52.360,0.308,0.024,0.790,10.752,0.920,0.000,0.0000
448.730,-97.020,-52.351,0.308,0.019,0.790,10.752,0.960,0.000,0.0000
448.740,-97.020,-52.341,0.308,0.014,0.790,10.753,1.000,0.000,0.0000
448.750,-97.020,-52.332,0.308,0.010,0.790,10.753,1.000,0.000,0.0000
448.760,-97.020,-52.322,0.308,0.006,0.790,10.753,1.000,0.000,0.0000
448.770,-97.020,-52.311,0.308,0.002,0.790,10.753,1.000,0.000,0.0000
448.780,-97.020,-52.301,0.308,0.003,0.790,10.753,1.000,0.000,0.0000
448.790,-97.020,-52.289,0.308,0.006,0.790,10.753,1.000,0.000,0.0000
448.800,-97.020,-52.278,0.308,0.009,0.790,10.753,1.000,0.000,0.0000
448.810,-97.020,-52.266,0.308,0.012,0.790,10.752,1.000,0.000,0.0000
448.820,-97.020,-52.253,0.308,0.014,0.790,10.752,1.000,0.000,0.0000
448.830,-97.020,-52.240,0.308,0.016,0.790,10.752,1.000,0.000,0.0000
448.840,-97.020,-52.227,0.308,0.018,0.790,10.752,1.000,0.000,0.0000
448.850,-97.020,-52.213,0.309,0.019,0.790,10.752,1.000,0.000,0.0000
448.860,-97.020,-52.199,0.309,0.020,0.790,10.752,1.000,0.000,0.0000
448.870,-97.020,-52.185,0.309,0.021,0.790,10.751,1.000,0.000,0.0000
448.880,-97.020,-52.170,0.309,0.021,0.790,10.751,1.000,0.000,0.0000
448.890,-97.020,-52.155,0.310,0.021,0.790,10.751,1.000,0.000,0.0000
448.900,-97.020,-52.139,0.310,0.020,0.790,10.751,1.000,0.000,0.0000
448.910,-97.020,-52.123,0.310,0.020,0.790,10.751,1.000,0.000,0.0000
448.920,-97.020,-52.107,0.310,0.019,0.790,10.750,1.000,0.000,0.0000
448.930,-97.020,-52.090,0.310,0.018,0.790,10.750,1.000,0.000,0.0000
448.940,-97.020,-52.073,0.310,0.016,0.790,10.750,1.000,0.000,0.0000
448.950,-97.020,-52.055,0.311,0.015,0.790,10.750,1.000,0.000,0.0000
448.960,-97.020,-52.037,0.311,0.013,0.790,10.750,1.000,0.000,0.0000
448.970,-97.020,-52.019,0.311,0.012,0.790,10.750,1.000,0.000,0.0000
448.980,-97.020,-52.000,0.311,0.010,0.790,10.750,1.000,0.000,0.0000
448.990,-97.020,-51.981,0.311,0.008,0.790,10.749,1.000,0.000,0.0000
449.000,-97.020,-51.961,0.311,0.006,0.790,10.749,1.000,0.000,0.0000
449.010,-97.020,-51.941,0.311,0.005,0.790,10.749,1.000,0.000,0.0000
449.020,-97.020,-51.921,0.311,0.003,0.790,10.749,1.000,0.000,0.0000
449.030,-97.020,-51.900,0.311,0.002,0.790,10.749,1.000,0.000,0.0000
449.040,-97.020,-51.879,0.311,0.002,0.790,10.749,1.000,0.000,0.0000
449.050,-97.020,-51.857,0.311,0.002,0.790,10.749,1.000,0.000,0.0000
449.060,-97.020,-51.835,0.311,0.003,0.790,10.749,1.000,0.000,0.0000
449.070,-97.019,-51.813,0.311,0.004,0.790,10.749,1.000,0.000,0.0000
449.080,-97.019,-51.790,0.311,0.005,0.790,10.749,1.000,0.000,0.0000
449.090,-97.019,-51.767,0.311,0.006,0.790,10.749,1.000,0.000,0.0000
449.100,-97.019,-51.744,0.311,0.007,0.790,10.750,1.000,0.000,0.0000
449.110,-97.019,-51.720,0.311,0.007,0.790,10.750,1.000,0.000,0.0000
449.120,-97.019,-51.695,0.311,0.008,0.790,10.750,1.000,0.000,0.0000
449.130,-97.019,-51.671,0.311,0.008,0.790,10.750,1.000,0.000,0.0000
449.140,-97.019,-51.646,0.311,0.008,0.790,10.750,1.000,0.000,0.0000
449.150,-97.019,-51.620,0.311,0.008,0.790,10.750,1.000,0.000,0.0000
449.160,-97.019,-51.594,0.310,0.008,0.790,10.750,1.000,0.000,0.0000
449.170,-97.019,-51.568,0.310,0.008,0.790,10.750,1.000,0.000,0.0000
449.180,-97.019,-51.541,0.310,0.007,0.790,10.750,1.000,0.000,0.0000
449.190,-97.019,-51.514,0.310,0.007,0.790,10.750,1.000,0.000,0.0000
449.200,-97.019,-51.487,0.310,0.007,0.789,10.750,1.000,0.000,0.0000
449.210,-97.019,-51.459,0.310,0.006,0.789,10.750,1.000,0.000,0.0000
449.220,-97.019,-51.430,0.310,0.006,0.789,10.750,1.000,0.000,0.0000
449.230,-97.019,-51.402,0.310,0.005,0.789,10.750,1.000,0.000,0.0000
449.240,-97.019,-51.373,0.310,0.004,0.789,10.750,1.000,0.000,0.0000
449.250,-97.019,-51.343,0.310,0.004,0.789,10.750,1.000,0.000,0.0000
449.260,-97.019,-51.313,0.310,0.003,0.789,10.750,1.000,0.000,0.0000
449.270,-97.019,-51.283,0.310,0.003,0.789,10.751,1.000,0.000,0.0000
449.280,-97.019,-51.252,0.310,0.003,0.789,10.751,1.000,0.000,0.0000
449.290,-97.019,-51.221,0.310,0.003,0.789,10.751,1.000,0.000,0.0000
449.300,-97.019,-51.190,0.310,0.003,0.789,10.751,1.000,0.000,0.0000
449.310,-97.019,-51.158,0.310,0.003,0.789,10.751,1.000,0.000,0.0000
449.320,-97.019,-51.126,0.310,0.003,0.789,10.750,1.000,0.000,0.0000
449.330,-97.019,-51.093,0.310,0.003,0.789,10.750,1.000,0.000,0.0000
449.340,-97.019,-51.060,0.310,0.003,0.789,10.750,1.000,0.000,0.0000
449.350,-97.019,-51.027,0.310,0.003,0.789,10.750,1.000,0.000,0.0000
449.360,-97.019,-50.993,0.310,0.004,0.789,10.750,1.000,0.000,0.0000
449.370,-97.019,-50.958,0.310,0.004,0.789,10.750,1.000,0.000,0.0000
449.380,-97.019,-50.924,0.310,0.004,0.789,10.750,1.000,0.000,0.0000
449.390,-97.019,-50.889,0.310,0.004,0.789,10.750,1.000,0.000,0.0000
449.400,-97.019,-50.853,0.310,0.004,0.789,10.750,1.000,0.000,0.0000
449.410,-97.019,-50.817,0.310,0.004,0.789,10.750,1.000,0.000,0.0000
449.420,-97.019,-50.781,0.310,0.004,0.789,10.750,1.000,0.000,0.0000
449.430,-97.019,-50.745,0.310,0.004,0.789,10.750,1.000,0.000,0.0000
449.440,-97.019,-50.708,0.310,0.004,0.789,10.750,1.000,0.000,0.0000
449.450,-97.019,-50.670,0.310,0.004,0.789,10.750,1.000,0.000,0.0000
449.460,-97.019,-50.632,0.310,0.004,0.789,10.750,1.000,0.000,0.0000
449.470,-97.019,-50.594,0.310,0.004,0.789,10.750,1.000,0.000,0.0000
449.480,-97.018,-50.556,0.310,0.004,0.789,10.750,1.000,0.000,0.0000
449.490,-97.018,-50.516,0.310,0.004,0.789,10.750,1.000,0.000,0.0000
449.500,-97.018,-50.477,0.310,0.003,0.789,10.750,1.000,0.000,0.0000
449.510,-97.018,-50.437,0.310,0.003,0.789,10.750,1.000,0.000,0.0000
449.520,-97.018,-50.397,0.310,0.003,0.789,10.750,1.000,0.000,0.0000
449.530,-97.018,-50.356,0.310,0.003,0.789,10.750,1.000,0.000,0.0000
449.540,-97.018,-50.315,0.310,0.003,0.789,10.750,1.000,0.000,0.0000
449.550,-97.018,-50.274,0.310,0.003,0.789,10.750,1.000,0.000,0.0000
449.560,-97.018,-50.232,0.310,0.003,0.788,10.750,1.000,0.000,0.0000
449.570,-97.018,-50.190,0.310,0.003,0.788,10.750,1.000,0.000,0.0000
449.580,-97.018,-50.148,0.310,0.003,0.788,10.750,1.000,0.000,0.0000
449.590,-97.018,-50.105,0.310,0.003,0.788,10.750,1.000,0.000,0.0000
449.600,-97.018,-50.061,0.310,0.004,0.788,10.750,1.000,0.000,0.0000
449.610,-97.018,-50.017,0.310,0.004,0.788,10.750,1.000,0.000,0.0000
449.620,-97.018,-49.973,0.310,0.004,0.788,10.750,1.000,0.000,0.0000
449.630,-97.018,-49.929,0.310,0.004,0.788,10.750,1.000,0.000,0.0000
449.640,-97.018,-49.884,0.310,0.004,0.788,10.750,1.000,0.000,0.0000
449.650,-97.018,-49.838,0.310,0.004,0.788,10.750,1.000,0.000,0.0000
449.660,-97.018,-49.793,0.310,0.004,0.788,10.750,1.000,0.000,0.0000
449.670,-97.018,-49.747,0.310,0.004,0.788,10.750,1.000,0.000,0.0000
449.680,-97.018,-49.700,0.310,0.004,0.788,10.750,1.000,0.000,0.0000
449.690,-97.018,-49.653,0.310,0.004,0.788,10.750,1.000,0.000,0.0000
449.700,-97.018,-49.606,0.310,0.004,0.788,10.750,1.000,0.000,0.0000
449.710,-97.018,-49.558,0.310,0.004,0.788,10.750,1.000,0.000,0.0000
449.720,-97.018,-49.510,0.310,0.004,0.788,10.750,1.000,0.000,0.0000
449.730,-97.018,-49.461,0.310,0.004,0.788,10.750,1.000,0.000,0.0000
449.740,-97.018,-49.412,0.310,0.004,0.788,10.750,1.000,0.000,0.0000
449.750,-97.018,-49.363,0.310,0.004,0.788,10.750,1.000,0.000,0.0000
449.760,-97.017,-49.313,0.310,0.004,0.788,10.750,1.000,0.000,0.0000
449.770,-97.017,-49.263,0.310,0.004,0.788,10.750,1.000,0.000,0.0000
449.780,-97.017,-49.213,0.310,0.004,0.788,10.750,1.000,0.000,0.0000
449.790,-97.017,-49.162,0.310,0.004,0.788,10.750,1.000,0.000,0.0000
449.800,-97.017,-49.110,0.310,0.004,0.788,10.750,1.000,0.000,0.0000
449.810,-97.017,-49.059,0.310,0.004,0.788,10.750,1.000,0.000,0.0000
449.820,-97.017,-49.007,0.310,0.004,0.788,10.750,1.000,0.000,0.0000
449.830,-97.017,-48.954,0.310,0.004,0.787,10.750,1.000,0.000,0.0000
449.840,-97.017,-48.901,0.310,0.004,0.787,10.750,1.000,0.000,0.0000
449.850,-97.017,-48.848,0.310,0.004,0.787,10.750,1.000,0.000,0.0000
449.860,-97.017,-48.794,0.310,0.004,0.787,10.750,1.000,0.000,0.0000
449.870,-97.017,-48.740,0.310,0.004,0.787,10.750,1.000,0.000,0.0000
449.880,-97.017,-48.686,0.310,0.004,0.787,10.750,1.000,0.000,0.0000
449.890,-97.017,-48.631,0.310,0.004,0.787,10.750,1.000,0.000,0.0000
449.900,-97.017,-48.576,0.310,0.004,0.787,10.750,1.000,0.000,0.0000
449.910,-97.017,-48.520,0.310,0.004,0.787,10.750,1.000,0.000,0.0000
449.920,-97.017,-48.464,0.310,0.004,0.787,10.750,1.000,0.000,0.0000
449.930,-97.017,-48.407,0.310,0.005,0.787,10.750,1.000,0.000,0.0000
449.940,-97.017,-48.350,0.310,0.005,0.787,10.750,1.000,0.000,0.0000
449.950,-97.017,-48.293,0.310,0.005,0.787,10.750,1.000,0.000,0.0000
449.960,-97.017,-48.236,0.310,0.005,0.787,10.750,1.000,0.000,0.0000
449.970,-97.017,-48.178,0.310,0.005,0.787,10.750,1.000,0.000,0.0000
449.980,-97.017,-48.119,0.310,0.005,0.787,10.750,1.000,0.000,0.0000
449.990,-97.016,-48.060,0.310,0.005,0.787,10.750,1.000,0.000,0.0000
450.000,-97.016,-48.001,0.310,0.005,0.787,10.750,1.000,0.000,0.0000
450.010,-97.016,-47.941,0.310,0.005,0.787,10.750,1.000,0.000,0.0000
450.020,-97.016,-47.881,0.310,0.005,0.787,10.750,1.000,0.000,0.0000
450.030,-97.016,-47.821,0.310,0.005,0.787,10.750,1.000,0.000,0.0000
450.040,-97.016,-47.760,0.310,0.005,0.787,10.750,1.000,0.000,0.0000
450.050,-97.016,-47.699,0.310,0.005,0.786,10.750,1.000,0.000,0.0000
450.060,-97.016,-47.637,0.310,0.005,0.786,10.750,1.000,0.000,0.0000
450.070,-97.016,-47.575,0.310,0.005,0.786,10.750,1.000,0.000,0.0000
450.080,-97.016,-47.513,0.310,0.005,0.786,10.750,1.000,0.000,0.0000
450.090,-97.016,-47.450,0.310,0.005,0.786,10.750,1.000,0.000,0.0000
450.100,-97.016,-47.387,0.310,0.005,0.786,10.750,1.000,0.000,0.0000
450.110,-97.016,-47.323,0.310,0.005,0.786,10.750,1.000,0.000,0.0000
450.120,-97.016,-47.259,0.310,0.005,0.786,10.750,1.000,0.000,0.0000
450.130,-97.016,-47.195,0.310,0.005,0.786,10.750,1.000,0.000,0.0000
450.140,-97.016,-47.130,0.310,0.005,0.786,10.750,1.000,0.000,0.0000
450.150,-97.016,-47.065,0.310,0.005,0.786,10.750,1.000,0.000,0.0000
450.160,-97.016,-46.999,0.310,0.005,0.786,10.750,1.000,0.000,0.0000
450.170,-97.016,-46.933,0.310,0.005,0.786,10.750,1.000,0.000,0.0000
450.180,-97.016,-46.867,0.310,0.005,0.786,10.750,1.000,0.000,0.0000
450.190,-97.015,-46.800,0.310,0.005,0.786,10.750,1.000,0.000,0.0000
450.200,-97.015,-46.733,0.310,0.005,0.786,10.750,1.000,0.000,0.0000
450.210,-97.015,-46.665,0.310,0.005,0.786,10.750,1.000,0.000,0.0000
450.220,-97.015,-46.597,0.310,0.005,0.786,10.750,1.000,0.000,0.0000
450.230,-97.015,-46.529,0.310,0.005,0.786,10.750,1.000,0.000,0.0000
450.240,-97.015,-46.460,0.310,0.005,0.785,10.750,1.000,0.000,0.0000
450.250,-97.015,-46.391,0.310,0.006,0.785,10.750,1.000,0.000,0.0000
450.260,-97.015,-46.321,0.310,0.006,0.785,10.750,1.000,0.000,0.0000
450.270,-97.015,-46.251,0.310,0.006,0.785,10.750,1.000,0.000,0.0000
450.280,-97.015,-46.181,0.310,0.006,0.785,10.750,1.000,0.000,0.0000
450.290,-97.015,-46.110,0.310,0.006,0.785,10.750,1.000,0.000,0.0000
450.300,-97.015,-46.039,0.310,0.006,0.785,10.750,1.000,0.000,0.0000
450.310,-97.015,-45.968,0.310,0.006,0.785,10.750,1.000,0.000,0.0000
450.320,-97.015,-45.896,0.310,0.006,0.785,10.750,1.000,0.000,0.0000
450.330,-97.015,-45.823,0.310,0.006,0.785,10.750,1.000,0.000,0.0000
450.340,-97.015,-45.751,0.310,0.006,0.785,10.750,1.000,0.000,0.0000
450.350,-97.015,-45.678,0.310,0.006,0.785,10.750,1.000,0.000,0.0000
450.360,-97.015,-45.604,0.310,0.006,0.785,10.750,1.000,0.000,0.0000
450.370,-97.014,-45.530,0.310,0.006,0.785,10.750,1.000,0.000,0.0000
450.380,-97.014,-45.456,0.310,0.006,0.785,10.750,1.000,0.000,0.0000
450.390,-97.014,-45.381,0.310,0.006,0.785,10.750,1.000,0.000,0.0000
450.400,-97.014,-45.306,0.310,0.006,0.785,10.750,1.000,0.000,0.0000
450.410,-97.014,-45.230,0.310,0.006,0.785,10.750,1.000,0.000,0.0000
450.420,-97.014,-45.154,0.310,0.006,0.784,10.750,1.000,0.000,0.0000
450.430,-97.014,-45.078,0.310,0.006,0.784,10.750,1.000,0.000,0.0000
450.440,-97.014,-45.001,0.310,0.006,0.784,10.750,1.000,0.000,0.0000
450.450,-97.014,-44.924,0.310,0.006,0.784,10.750,1.000,0.000,0.0000
450.460,-97.014,-44.847,0.310,0.006,0.784,10.750,1.000,0.000,0.0000
450.470,-97.014,-44.769,0.310,0.006,0.784,10.750,0.940,0.000,0.0000
450.480,-97.014,-44.691,0.310,0.006,0.784,10.750,0.880,0.000,0.0000
450.490,-97.014,-44.612,0.310,0.006,0.784,10.750,0.920,0.000,0.0000
450.500,-97.014,-44.533,0.310,0.006,0.784,10.750,0.960,0.000,0.0000
450.510,-97.014,-44.453,0.310,0.006,0.784,10.750,1.000,0.000,0.0000
450.520,-97.014,-44.374,0.310,0.006,0.784,10.750,1.000,0.000,0.0000
450.530,-97.013,-44.293,0.310,0.006,0.784,10.750,1.000,0.000,0.0000
450.540,-97.013,-44.213,0.310,0.006,0.784,10.750,1.000,0.000,0.0000
450.550,-97.013,-44.132,0.310,0.006,0.784,10.750,1.000,0.000,0.0000
450.560,-97.013,-44.050,0.310,0.006,0.784,10.750,1.000,0.000,0.0000
450.570,-97.013,-43.968,0.310,0.007,0.783,10.750,1.000,0.000,0.0000
450.580,-97.013,-43.886,0.310,0.007,0.783,10.750,1.000,0.000,0.0000
450.590,-97.013,-43.803,0.310,0.007,0.783,10.750,1.000,0.000,0.0000
450.600,-97.013,-43.720,0.310,0.007,0.783,10.750,1.000,0.000,0.0000
450.610,-97.013,-43.637,0.310,0.007,0.783,10.750,1.000,0.000,0.0000
450.620,-97.013,-43.553,0.310,0.007,0.783,10.750,1.000,0.000,0.0000
450.630,-97.013,-43.469,0.310,0.007,0.783,10.750,1.000,0.000,0.0000
450.640,-97.013,-43.384,0.310,0.007,0.783,10.750,1.000,0.000,0.0000
450.650,-97.013,-43.299,0.310,0.007,0.783,10.750,1.000,0.000,0.0000
450.660,-97.013,-43.214,0.310,0.007,0.783,10.750,1.000,0.000,0.0000
450.670,-97.013,-43.128,0.310,0.007,0.783,10.750,1.000,0.000,0.0000
450.680,-97.012,-43.042,0.310,0.007,0.783,10.750,1.000,0.000,0.0000
450.690,-97.012,-42.955,0.310,0.007,0.783,10.750,1.000,0.000,0.0000
450.700,-97.012,-42.868,0.310,0.007,0.783,10.750,1.000,0.000,0.0000
450.710,-97.012,-42.781,0.310,0.007,0.783,10.750,1.000,0.000,0.0000
450.720,-97.012,-42.693,0.310,0.007,0.782,10.750,1.000,0.000,0.0000
450.730,-97.012,-42.605,0.310,0.007,0.782,10.750,1.000,0.000,0.0000
450.740,-97.012,-42.516,0.310,0.007,0.782,10.750,1.000,0.000,0.0000
450.750,-97.012,-42.427,0.310,0.007,0.782,10.750,1.000,0.000,0.0000
450.760,-97.012,-42.338,0.310,0.007,0.782,10.750,1.000,0.000,0.0000
450.770,-97.012,-42.248,0.310,0.007,0.782,10.750,1.000,0.000,0.0000
450.780,-97.012,-42.158,0.310,0.007,0.782,10.749,1.000,0.000,0.0000
450.790,-97.012,-42.067,0.310,0.007,0.782,10.749,1.000,0.000,0.0000
450.800,-97.012,-41.976,0.310,0.007,0.782,10.749,1.000,0.000,0.0000
450.810,-97.012,-41.885,0.310,0.007,0.782,10.749,1.000,0.000,0.0000
450.820,-97.011,-41.793,0.310,0.007,0.782,10.749,1.000,0.000,0.0000
450.830,-97.011,-41.701,0.310,0.007,0.782,10.749,1.000,0.000,0.0000
450.840,-97.011,-41.608,0.310,0.007,0.782,10.749,1.000,0.000,0.0000
450.850,-97.011,-41.515,0.310,0.007,0.782,10.749,1.000,0.000,0.0000
450.860,-97.011,-41.422,0.310,0.007,0.781,10.749,1.000,0.000,0.0000
450.870,-97.011,-41.328,0.310,0.007,0.781,10.749,1.000,0.000,0.0000
450.880,-97.011,-41.234,0.310,0.008,0.781,10.749,1.000,0.000,0.0000
450.890,-97.011,-41.139,0.310,0.008,0.781,10.749,1.000,0.000,0.0000
450.900,-97.011,-41.044,0.310,0.008,0.781,10.749,1.000,0.000,0.0000
450.910,-97.011,-40.949,0.310,0.008,0.781,10.749,1.000,0.000,0.0000
450.920,-97.011,-40.853,0.310,0.008,0.781,10.749,1.000,0.000,0.0000
450.930,-97.011,-40.757,0.310,0.008,0.781,10.749,1.000,0.000,0.0000
450.940,-97.011,-40.660,0.310,0.008,0.781,10.749,1.000,0.000,0.0000
450.950,-97.011,-40.564,0.310,0.008,0.781,10.749,1.000,0.000,0.0000
450.960,-97.010,-40.466,0.310,0.008,0.781,10.749,1.000,0.000,0.0000
450.970,-97.010,-40.368,0.310,0.008,0.781,10.749,1.000,0.000,0.0000
450.980,-97.010,-40.270,0.310,0.008,0.781,10.749,1.000,0.000,0.0000
450.990,-97.010,-40.172,0.310,0.008,0.780,10.749,1.000,0.000,0.0000
451.000,-97.010,-40.073,0.310,0.008,0.780,10.749,1.000,0.000,0.0000
451.010,-97.010,-39.974,0.310,0.008,0.780,10.749,1.000,0.000,0.0000
451.020,-97.010,-39.874,0.310,0.008,0.780,10.749,1.000,0.000,0.0000
451.030,-97.010,-39.774,0.310,0.008,0.780,10.749,1.000,0.000,0.0000
451.040,-97.010,-39.673,0.310,0.008,0.780,10.749,1.000,0.000,0.0000
451.050,-97.010,-39.572,0.310,0.008,0.780,10.749,1.000,0.000,0.0000
451.060,-97.010,-39.471,0.310,0.008,0.780,10.749,1.000,0.000,0.0000
451.070,-97.010,-39.369,0.310,0.008,0.780,10.749,1.000,0.000,0.0000
451.080,-97.009,-39.267,0.310,0.008,0.780,10.749,1.000,0.000,0.0000
451.090,-97.009,-39.165,0.310,0.008,0.780,10.749,1.000,0.000,0.0000
451.100,-97.009,-39.062,0.310,0.008,0.780,10.749,1.000,0.000,0.0000
451.110,-97.009,-38.959,0.310,0.008,0.780,10.749,1.000,0.000,0.0000
451.120,-97.009,-38.855,0.310,0.008,0.779,10.749,1.000,0.000,0.0000
451.130,-97.009,-38.751,0.310,0.008,0.779,10.749,1.000,0.000,0.0000
451.140,-97.009,-38.646,0.310,0.008,0.779,10.749,1.000,0.000,0.0000
451.150,-97.009,-38.541,0.310,0.008,0.779,10.749,1.000,0.000,0.0000
451.160,-97.009,-38.436,0.310,0.008,0.779,10.749,1.000,0.000,0.0000
451.170,-97.009,-38.331,0.310,0.008,0.779,10.749,1.000,0.000,0.0000
451.180,-97.009,-38.224,0.310,0.008,0.779,10.749,1.000,0.000,0.0000
451.190,-97.009,-38.118,0.310,0.008,0.779,10.749,1.000,0.000,0.0000
451.200,-97.008,-38.011,0.310,0.009,0.779,10.749,1.000,0.000,0.0000
451.210,-97.008,-37.904,0.310,0.009,0.779,10.749,1.000,0.000,0.0000
451.220,-97.008,-37.796,0.310,0.009,0.779,10.749,1.000,0.000,0.0000
451.230,-97.008,-37.688,0.310,0.009,0.778,10.749,1.000,0.000,0.0000
451.240,-97.008,-37.580,0.310,0.009,0.778,10.749,1.000,0.000,0.0000
451.250,-97.008,-37.471,0.310,0.009,0.778,10.749,1.000,0.000,0.0000
451.260,-97.008,-37.362,0.310,0.009,0.778,10.749,1.000,0.000,0.0000
451.270,-97.008,-37.252,0.310,0.009,0.778,10.749,1.000,0.000,0.0000
451.280,-97.008,-37.142,0.310,0.009,0.778,10.749,1.000,0.000,0.0000
451.290,-97.008,-37.032,0.310,0.009,0.778,10.749,1.000,0.000,0.0000
451.300,-97.008,-36.921,0.310,0.009,0.778,10.749,1.000,0.000,0.0000
451.310,-97.008,-36.810,0.310,0.010,0.778,10.749,1.000,0.000,0.0000
451.320,-97.007,-36.698,0.310,0.014,0.778,10.749,1.000,0.000,0.0000
451.330,-97.007,-36.587,0.311,0.020,0.778,10.749,1.000,0.000,0.0000
451.340,-97.007,-36.476,0.311,0.028,0.778,10.748,1.000,0.000,0.0000
451.350,-97.007,-36.365,0.311,0.035,0.777,10.748,1.000,0.000,0.0000
451.360,-97.007,-36.253,0.312,0.042,0.777,10.748,1.000,0.000,0.0000
451.370,-97.007,-36.142,0.312,0.047,0.777,10.747,1.000,0.000,0.0000
451.380,-97.007,-36.031,0.313,0.051,0.777,10.747,1.000,0.000,0.0000
451.390,-97.007,-35.920,0.313,0.054,0.777,10.746,1.000,0.000,0.0000
451.400,-97.007,-35.809,0.314,0.056,0.777,10.746,1.000,0.000,0.0000
451.410,-97.007,-35.697,0.314,0.056,0.777,10.745,1.000,0.000,0.0000
451.420,-97.007,-35.586,0.315,0.056,0.777,10.745,1.000,0.000,0.0000
451.430,-97.006,-35.475,0.315,0.056,0.777,10.744,1.000,0.000,0.0000
451.440,-97.006,-35.364,0.316,0.054,0.777,10.743,1.000,0.000,0.0000
451.450,-97.006,-35.252,0.316,0.052,0.777,10.743,1.000,0.000,0.0000
451.460,-97.006,-35.141,0.317,0.049,0.777,10.742,1.000,0.000,0.0000
451.470,-97.006,-35.030,0.317,0.046,0.777,10.742,1.000,0.000,0.0000
451.480,-97.006,-34.919,0.318,0.042,0.777,10.742,1.000,0.000,0.0000
451.490,-97.006,-34.808,0.318,0.038,0.776,10.741,1.000,0.000,0.0000
451.500,-97.006,-34.696,0.318,0.034,0.776,10.741,1.000,0.000,0.0000
451.510,-97.006,-34.585,0.319,0.030,0.776,10.741,1.000,0.000,0.0000
451.520,-97.006,-34.474,0.319,0.026,0.776,10.740,1.000,0.000,0.0000
451.530,-97.006,-34.363,0.319,0.022,0.776,10.740,1.000,0.000,0.0000
451.540,-97.005,-34.252,0.319,0.017,0.776,10.740,1.000,0.000,0.0000
451.550,-97.005,-34.141,0.319,0.014,0.776,10.740,1.000,0.000,0.0000
451.560,-97.005,-34.030,0.319,0.011,0.776,10.740,1.000,0.000,0.0000
451.570,-97.005,-33.919,0.319,0.009,0.776,10.740,1.000,0.000,0.0000
451.580,-97.005,-33.807,0.319,0.009,0.776,10.740,1.000,0.000,0.0000
451.590,-97.005,-33.696,0.319,0.010,0.776,10.740,1.000,0.000,0.0000
451.600,-97.005,-33.585,0.319,0.012,0.776,10.740,1.000,0.000,0.0000
451.610,-97.005,-33.474,0.319,0.014,0.775,10.740,1.000,0.000,0.0000
451.620,-97.005,-33.363,0.319,0.016,0.775,10.740,1.000,0.000,0.0000
451.630,-97.005,-33.252,0.319,0.018,0.775,10.740,1.000,0.000,0.0000
451.640,-97.005,-33.141,0.319,0.020,0.775,10.740,1.000,0.000,0.0000
451.650,-97.005,-33.030,0.319,0.021,0.775,10.741,1.000,0.000,0.0000
451.660,-97.004,-32.919,0.318,0.022,0.775,10.741,1.000,0.000,0.0000
451.670,-97.004,-32.808,0.318,0.022,0.775,10.741,1.000,0.000,0.0000
451.680,-97.004,-32.697,0.318,0.023,0.775,10.741,1.000,0.000,0.0000
451.690,-97.004,-32.586,0.318,0.022,0.775,10.741,1.000,0.000,0.0000
451.700,-97.004,-32.475,0.317,0.022,0.775,10.742,1.000,0.000,0.0000
451.710,-97.004,-32.364,0.317,0.022,0.774,10.742,1.000,0.000,0.0000
451.720,-97.004,-32.253,0.317,0.021,0.774,10.742,1.000,0.000,0.0000
451.730,-97.004,-32.142,0.317,0.020,0.774,10.742,1.000,0.000,0.0000
451.740,-97.004,-32.030,0.317,0.019,0.774,10.742,1.000,0.000,0.0000
451.750,-97.004,-31.919,0.317,0.017,0.774,10.742,1.000,0.000,0.0000
451.760,-97.004,-31.808,0.316,0.016,0.774,10.742,1.000,0.000,0.0000
451.770,-97.003,-31.697,0.316,0.015,0.774,10.743,1.000,0.000,0.0000
451.780,-97.003,-31.586,0.316,0.014,0.774,10.743,1.000,0.000,0.0000
451.790,-97.003,-31.475,0.316,0.012,0.774,10.743,1.000,0.000,0.0000
451.800,-97.003,-31.364,0.316,0.011,0.774,10.743,1.000,0.000,0.0000
451.810,-97.003,-31.253,0.316,0.010,0.774,10.743,1.000,0.000,0.0000
451.820,-97.003,-31.142,0.316,0.010,0.773,10.743,1.000,0.000,0.0000
451.830,-97.003,-31.031,0.316,0.009,0.773,10.743,1.000,0.000,0.0000
451.840,-97.003,-30.920,0.316,0.009,0.773,10.743,1.000,0.000,0.0000
451.850,-97.003,-30.809,0.316,0.009,0.773,10.743,1.000,0.000,0.0000
451.860,-97.003,-30.697,0.316,0.009,0.773,10.743,1.000,0.000,0.0000
451.870,-97.003,-30.586,0.316,0.010,0.773,10.743,1.000,0.000,0.0000
451.880,-97.002,-30.475,0.316,0.010,0.773,10.743,1.000,0.000,0.0000
451.890,-97.002,-30.364,0.316,0.010,0.773,10.743,1.000,0.000,0.0000
451.900,-97.002,-30.253,0.316,0.011,0.773,10.743,1.000,0.000,0.0000
451.910,-97.002,-30.142,0.316,0.011,0.773,10.743,1.000,0.000,0.0000
451.920,-97.002,-30.031,0.316,0.011,0.773,10.742,1.000,0.000,0.0000
451.930,-97.002,-29.920,0.316,0.012,0.772,10.742,1.000,0.000,0.0000
451.940,-97.002,-29.809,0.317,0.012,0.772,10.742,1.000,0.000,0.0000
451.950,-97.002,-29.697,0.317,0.012,0.772,10.742,1.000,0.000,0.0000
451.960,-97.002,-29.586,0.317,0.012,0.772,10.742,1.000,0.000,0.0000
451.970,-97.002,-29.475,0.317,0.012,0.772,10.742,1.000,0.000,0.0000
451.980,-97.002,-29.364,0.317,0.011,0.772,10.742,1.000,0.000,0.0000
451.990,-97.001,-29.253,0.317,0.011,0.772,10.742,1.000,0.000,0.0000
452.000,-97.001,-29.142,0.317,0.011,0.772,10.742,1.000,0.000,0.0000
452.010,-97.001,-29.031,0.317,0.011,0.772,10.742,1.000,0.000,0.0000
452.020,-97.001,-28.920,0.317,0.010,0.772,10.742,1.000,0.000,0.0000
452.030,-97.001,-28.809,0.317,0.010,0.772,10.742,1.000,0.000,0.0000
452.040,-97.001,-28.697,0.317,0.010,0.772,10.742,1.000,0.000,0.0000
452.050,-97.001,-28.586,0.317,0.010,0.771,10.742,1.000,0.000,0.0000
452.060,-97.001,-28.475,0.317,0.009,0.771,10.742,1.000,0.000,0.0000
452.070,-97.001,-28.364,0.317,0.009,0.771,10.741,1.000,0.000,0.0000
452.080,-97.001,-28.253,0.317,0.009,0.771,10.741,1.000,0.000,0.0000
452.090,-97.001,-28.142,0.317,0.009,0.771,10.741,1.000,0.000,0.0000
452.100,-97.001,-28.031,0.317,0.009,0.771,10.741,1.000,0.000,0.0000
452.110,-97.000,-27.920,0.317,0.009,0.771,10.741,1.000,0.000,0.0000
452.120,-97.000,-27.809,0.317,0.009,0.771,10.741,1.000,0.000,0.0000
452.130,-97.000,-27.698,0.317,0.009,0.771,10.741,1.000,0.000,0.0000
452.140,-97.000,-27.586,0.317,0.009,0.771,10.741,1.000,0.000,0.0000
452.150,-97.000,-27.475,0.317,0.009,0.771,10.741,1.000,0.000,0.0000
452.160,-97.000,-27.364,0.317,0.009,0.770,10.741,0.940,0.000,0.0000
452.170,-97.000,-27.253,0.317,0.009,0.770,10.741,0.880,0.000,0.0000
452.180,-97.000,-27.143,0.317,0.012,0.770,10.741,0.920,0.000,0.0000
452.190,-97.000,-27.032,0.317,0.018,0.770,10.741,0.960,0.000,0.0000
452.200,-97.000,-26.922,0.318,0.026,0.770,10.741,1.000,0.000,0.0000
452.210,-97.000,-26.812,0.318,0.026,0.770,10.741,1.000,0.000,0.0000
452.220,-96.999,-26.703,0.318,0.020,0.770,10.741,1.000,0.000,0.0000
452.230,-96.999,-26.592,0.318,0.011,0.770,10.740,1.000,0.000,0.0000
452.240,-96.999,-26.482,0.318,0.010,0.770,10.740,1.000,0.000,0.0000
452.250,-96.999,-26.371,0.318,0.016,0.770,10.741,1.000,0.000,0.0000
452.260,-96.999,-26.260,0.318,0.021,0.770,10.741,1.000,0.000,0.0000
452.270,-96.999,-26.149,0.318,0.023,0.770,10.741,1.000,0.000,0.0000
452.280,-96.999,-26.038,0.317,0.022,0.769,10.741,1.000,0.000,0.0000
452.290,-96.999,-25.926,0.317,0.021,0.769,10.741,1.000,0.000,0.0000
452.300,-96.999,-25.815,0.317,0.020,0.769,10.742,1.000,0.000,0.0000
452.310,-96.999,-25.704,0.317,0.018,0.769,10.742,1.000,0.000,0.0000
452.320,-96.999,-25.593,0.317,0.017,0.769,10.742,1.000,0.000,0.0000
452.330,-96.998,-25.482,0.317,0.015,0.769,10.742,1.000,0.000,0.0000
452.340,-96.998,-25.371,0.316,0.014,0.769,10.742,1.000,0.000,0.0000
452.350,-96.998,-25.260,0.316,0.013,0.769,10.742,1.000,0.000,0.0000
452.360,-96.998,-25.149,0.316,0.012,0.769,10.742,1.000,0.000,0.0000
452.370,-96.998,-25.038,0.316,0.011,0.769,10.742,1.000,0.000,0.0000
452.380,-96.998,-24.927,0.316,0.010,0.768,10.742,1.000,0.000,0.0000
452.390,-96.998,-24.816,0.316,0.010,0.768,10.742,1.000,0.000,0.0000
452.400,-96.998,-24.704,0.316,0.009,0.768,10.742,1.000,0.000,0.0000
452.410,-96.998,-24.593,0.316,0.009,0.768,10.742,1.000,0.000,0.0000
452.420,-96.998,-24.482,0.316,0.009,0.768,10.742,1.000,0.000,0.0000
452.430,-96.998,-24.371,0.316,0.009,0.768,10.742,1.000,0.000,0.0000
452.440,-96.998,-24.260,0.316,0.009,0.768,10.742,1.000,0.000,0.0000
452.450,-96.997,-24.149,0.316,0.010,0.768,10.742,1.000,0.000,0.0000
452.460,-96.997,-24.038,0.316,0.010,0.768,10.742,1.000,0.000,0.0000
452.470,-96.997,-23.927,0.316,0.010,0.768,10.742,1.000,0.000,0.0000
452.480,-96.997,-23.816,0.316,0.011,0.768,10.742,1.000,0.000,0.0000
452.490,-96.997,-23.704,0.316,0.011,0.768,10.742,1.000,0.000,0.0000
452.500,-96.997,-23.593,0.316,0.011,0.767,10.742,1.000,0.000,0.0000
452.510,-96.997,-23.482,0.317,0.011,0.767,10.742,1.000,0.000,0.0000
452.520,-96.997,-23.371,0.317,0.011,0.767,10.742,1.000,0.000,0.0000
452.530,-96.997,-23.260,0.317,0.011,0.767,10.742,1.000,0.000,0.0000
452.540,-96.997,-23.149,0.317,0.011,0.767,10.742,1.000,0.000,0.0000
452.550,-96.997,-23.038,0.317,0.011,0.767,10.742,1.000,0.000,0.0000
452.560,-96.996,-22.927,0.317,0.011,0.767,10.741,1.000,0.000,0.0000
452.570,-96.996,-22.816,0.317,0.011,0.767,10.741,1.000,0.000,0.0000
452.580,-96.996,-22.704,0.317,0.011,0.767,10.741,1.000,0.000,0.0000
452.590,-96.996,-22.593,0.317,0.010,0.767,10.741,1.000,0.000,0.0000
452.600,-96.996,-22.482,0.317,0.010,0.767,10.741,1.000,0.000,0.0000
452.610,-96.996,-22.371,0.317,0.010,0.766,10.741,1.000,0.000,0.0000
452.620,-96.996,-22.260,0.317,0.010,0.766,10.741,1.000,0.000,0.0000
452.630,-96.996,-22.149,0.317,0.009,0.766,10.741,1.000,0.000,0.0000
452.640,-96.996,-22.038,0.317,0.009,0.766,10.741,1.000,0.000,0.0000
452.650,-96.996,-21.927,0.317,0.009,0.766,10.741,1.000,0.000,0.0000
452.660,-96.996,-21.816,0.317,0.009,0.766,10.741,1.000,0.000,0.0000
452.670,-96.995,-21.705,0.317,0.009,0.766,10.741,1.000,0.000,0.0000
452.680,-96.995,-21.593,0.317,0.009,0.766,10.741,1.000,0.000,0.0000
452.690,-96.995,-21.482,0.317,0.009,0.766,10.741,1.000,0.000,0.0000
452.700,-96.995,-21.371,0.317,0.009,0.766,10.741,1.000,0.000,0.0000
452.710,-96.995,-21.260,0.317,0.009,0.766,10.741,1.000,0.000,0.0000
452.720,-96.995,-21.149,0.317,0.009,0.766,10.741,1.000,0.000,0.0000
452.730,-96.995,-21.038,0.317,0.009,0.765,10.741,1.000,0.000,0.0000
452.740,-96.995,-20.927,0.317,0.009,0.765,10.741,1.000,0.000,0.0000
452.750,-96.995,-20.816,0.317,0.009,0.765,10.741,1.000,0.000,0.0000
452.760,-96.995,-20.705,0.317,0.009,0.765,10.741,1.000,0.000,0.0000
452.770,-96.995,-20.594,0.317,0.009,0.765,10.741,1.000,0.000,0.0000
452.780,-96.995,-20.482,0.317,0.009,0.765,10.741,1.000,0.000,0.0000
452.790,-96.994,-20.371,0.317,0.009,0.765,10.741,1.000,0.000,0.0000
452.800,-96.994,-20.260,0.317,0.009,0.765,10.741,1.000,0.000,0.0000
452.810,-96.994,-20.149,0.317,0.009,0.765,10.741,1.000,0.000,0.0000
452.820,-96.994,-20.038,0.317,0.009,0.765,10.741,1.000,0.000,0.0000
452.830,-96.994,-19.927,0.317,0.009,0.765,10.741,1.000,0.000,0.0000
452.840,-96.994,-19.816,0.317,0.009,0.764,10.741,1.000,0.000,0.0000
452.850,-96.994,-19.705,0.317,0.009,0.764,10.741,1.000,0.000,0.0000
452.860,-96.994,-19.594,0.317,0.009,0.764,10.741,1.000,0.000,0.0000
452.870,-96.994,-19.483,0.317,0.009,0.764,10.741,1.000,0.000,0.0000
452.880,-96.994,-19.372,0.317,0.009,0.764,10.741,1.000,0.000,0.0000
452.890,-96.994,-19.260,0.317,0.009,0.764,10.741,1.000,0.000,0.0000
452.900,-96.993,-19.149,0.317,0.009,0.764,10.741,1.000,0.000,0.0000
452.910,-96.993,-19.038,0.317,0.009,0.764,10.741,1.000,0.000,0.0000
452.920,-96.993,-18.927,0.317,0.009,0.764,10.741,1.000,0.000,0.0000
452.930,-96.993,-18.816,0.317,0.009,0.764,10.741,1.000,0.000,0.0000
452.940,-96.993,-18.705,0.317,0.009,0.764,10.741,1.000,0.000,0.0000
452.950,-96.993,-18.594,0.317,0.009,0.763,10.741,1.000,0.000,0.0000
452.960,-96.993,-18.483,0.317,0.009,0.763,10.741,1.000,0.000,0.0000
452.970,-96.993,-18.372,0.317,0.009,0.763,10.741,1.000,0.000,0.0000
452.980,-96.993,-18.261,0.317,0.009,0.763,10.741,1.000,0.000,0.0000
452.990,-96.993,-18.149,0.317,0.009,0.763,10.741,1.000,0.000,0.0000
453.000,-96.993,-18.038,0.317,0.009,0.763,10.741,1.000,0.000,0.0000
453.010,-96.992,-17.927,0.317,0.009,0.763,10.741,1.000,0.000,0.0000
453.020,-96.992,-17.816,0.317,0.009,0.763,10.741,1.000,0.000,0.0000
453.030,-96.992,-17.705,0.317,0.009,0.763,10.741,1.000,0.000,0.0000
453.040,-96.992,-17.594,0.317,0.009,0.763,10.741,1.000,0.000,0.0000
453.050,-96.992,-17.483,0.317,0.009,0.763,10.741,1.000,0.000,0.0000
453.060,-96.992,-17.372,0.317,0.009,0.762,10.741,1.000,0.000,0.0000
453.070,-96.992,-17.261,0.317,0.009,0.762,10.741,1.000,0.000,0.0000
453.080,-96.992,-17.150,0.317,0.009,0.762,10.741,1.000,0.000,0.0000
453.090,-96.992,-17.038,0.317,0.009,0.762,10.741,1.000,0.000,0.0000
453.100,-96.992,-16.927,0.317,0.009,0.762,10.741,1.000,0.000,0.0000
453.110,-96.992,-16.816,0.317,0.009,0.762,10.741,1.000,0.000,0.0000
453.120,-96.991,-16.705,0.317,0.009,0.762,10.741,1.000,0.000,0.0000
453.130,-96.991,-16.594,0.317,0.009,0.762,10.741,1.000,0.000,0.0000
453.140,-96.991,-16.483,0.317,0.009,0.762,10.741,1.000,0.000,0.0000
453.150,-96.991,-16.372,0.317,0.009,0.762,10.741,1.000,0.000,0.0000
453.160,-96.991,-16.261,0.317,0.009,0.762,10.741,1.000,0.000,0.0000
453.170,-96.991,-16.150,0.317,0.009,0.762,10.741,1.000,0.000,0.0000
453.180,-96.991,-16.039,0.317,0.009,0.761,10.741,1.000,0.000,0.0000
453.190,-96.991,-15.927,0.317,0.009,0.761,10.741,1.000,0.000,0.0000
453.200,-96.991,-15.816,0.317,0.009,0.761,10.741,1.000,0.000,0.0000
453.210,-96.991,-15.705,0.317,0.009,0.761,10.741,1.000,0.000,0.0000
453.220,-96.991,-15.594,0.317,0.009,0.761,10.741,1.000,0.000,0.0000
453.230,-96.991,-15.483,0.317,0.009,0.761,10.741,1.000,0.000,0.0000
453.240,-96.990,-15.372,0.317,0.009,0.761,10.741,1.000,0.000,0.0000
453.250,-96.990,-15.261,0.317,0.009,0.761,10.741,1.000,0.000,0.0000
453.260,-96.990,-15.150,0.317,0.009,0.761,10.741,1.000,0.000,0.0000
453.270,-96.990,-15.039,0.317,0.009,0.761,10.741,1.000,0.000,0.0000
453.280,-96.990,-14.928,0.317,0.009,0.761,10.741,1.000,0.000,0.0000
453.290,-96.990,-14.816,0.317,0.009,0.760,10.741,1.000,0.000,0.0000
453.300,-96.990,-14.705,0.317,0.009,0.760,10.741,1.000,0.000,0.0000
453.310,-96.990,-14.594,0.317,0.009,0.760,10.741,1.000,0.000,0.0000
453.320,-96.990,-14.483,0.317,0.009,0.760,10.741,1.000,0.000,0.0000
453.330,-96.990,-14.372,0.317,0.009,0.760,10.741,1.000,0.000,0.0000
453.340,-96.990,-14.261,0.317,0.009,0.760,10.741,1.000,0.000,0.0000
453.350,-96.989,-14.150,0.317,0.009,0.760,10.741,1.000,0.000,0.0000
453.360,-96.989,-14.039,0.317,0.009,0.760,10.741,1.000,0.000,0.0000
453.370,-96.989,-13.928,0.317,0.009,0.760,10.741,1.000,0.000,0.0000
453.380,-96.989,-13.817,0.317,0.009,0.760,10.741,1.000,0.000,0.0000
453.390,-96.989,-13.705,0.317,0.009,0.760,10.741,1.000,0.000,0.0000
453.400,-96.989,-13.594,0.317,0.009,0.759,10.741,1.000,0.000,0.0000
453.410,-96.989,-13.483,0.317,0.009,0.759,10.741,1.000,0.000,0.0000
453.420,-96.989,-13.372,0.317,0.009,0.759,10.741,1.000,0.000,0.0000
453.430,-96.989,-13.261,0.317,0.009,0.759,10.741,1.000,0.000,0.0000
453.440,-96.989,-13.150,0.317,0.009,0.759,10.741,1.000,0.000,0.0000
453.450,-96.989,-13.039,0.317,0.009,0.759,10.741,1.000,0.000,0.0000
453.460,-96.988,-12.928,0.317,0.009,0.759,10.741,1.000,0.000,0.0000
453.470,-96.988,-12.817,0.317,0.009,0.759,10.741,1.000,0.000,0.0000
453.480,-96.988,-12.706,0.317,0.009,0.759,10.741,1.000,0.000,0.0000
453.490,-96.988,-12.595,0.317,0.009,0.759,10.741,1.000,0.000,0.0000
453.500,-96.988,-12.483,0.317,0.009,0.759,10.741,1.000,0.000,0.0000
453.510,-96.988,-12.372,0.317,0.009,0.759,10.741,1.000,0.000,0.0000
453.520,-96.988,-12.261,0.317,0.009,0.758,10.741,1.000,0.000,0.0000
453.530,-96.988,-12.150,0.317,0.009,0.758,10.741,1.000,0.000,0.0000
453.540,-96.988,-12.039,0.317,0.009,0.758,10.741,1.000,0.000,0.0000
453.550,-96.988,-11.928,0.317,0.009,0.758,10.741,1.000,0.000,0.0000
453.560,-96.988,-11.817,0.317,0.009,0.758,10.741,1.000,0.000,0.0000
453.570,-96.987,-11.706,0.317,0.009,0.758,10.741,1.000,0.000,0.0000
453.580,-96.987,-11.595,0.317,0.009,0.758,10.741,1.000,0.000,0.0000
453.590,-96.987,-11.484,0.317,0.009,0.758,10.741,1.000,0.000,0.0000
453.600,-96.987,-11.372,0.317,0.009,0.758,10.741,1.000,0.000,0.0000
453.610,-96.987,-11.261,0.317,0.009,0.758,10.741,1.000,0.000,0.0000
453.620,-96.987,-11.150,0.317,0.009,0.758,10.741,1.000,0.000,0.0000
453.630,-96.987,-11.039,0.317,0.009,0.757,10.741,1.000,0.000,0.0000
453.640,-96.987,-10.928,0.317,0.009,0.757,10.741,1.000,0.000,0.0000
453.650,-96.987,-10.817,0.317,0.009,0.757,10.741,1.000,0.000,0.0000
453.660,-96.987,-10.706,0.317,0.009,0.757,10.740,1.000,0.000,0.0000
453.670,-96.987,-10.595,0.317,0.009,0.757,10.740,1.000,0.000,0.0000
453.680,-96.987,-10.484,0.317,0.009,0.757,10.740,1.000,0.000,0.0000
453.690,-96.986,-10.373,0.317,0.009,0.757,10.740,1.000,0.000,0.0000
453.700,-96.986,-10.261,0.317,0.009,0.757,10.740,1.000,0.000,0.0000
453.710,-96.986,-10.150,0.317,0.009,0.757,10.740,1.000,0.000,0.0000
453.720,-96.986,-10.039,0.317,0.009,0.757,10.740,1.000,0.000,0.0000
453.730,-96.986,-9.928,0.317,0.009,0.757,10.740,1.000,0.000,0.0000
453.740,-96.986,-9.817,0.317,0.009,0.756,10.740,1.000,0.000,0.0000
453.750,-96.986,-9.706,0.317,0.009,0.756,10.740,1.000,0.000,0.0000
453.760,-96.986,-9.595,0.317,0.009,0.756,10.740,1.000,0.000,0.0000
453.770,-96.986,-9.484,0.317,0.009,0.756,10.740,1.000,0.000,0.0000
453.780,-96.986,-9.373,0.317,0.009,0.756,10.740,1.000,0.000,0.0000
453.790,-96.986,-9.262,0.317,0.009,0.756,10.740,1.000,0.000,0.0000
453.800,-96.985,-9.150,0.317,0.009,0.756,10.740,1.000,0.000,0.0000
453.810,-96.985,-9.039,0.317,0.009,0.756,10.740,1.000,0.000,0.0000
453.820,-96.985,-8.928,0.317,0.009,0.756,10.740,1.000,0.000,0.0000
453.830,-96.985,-8.817,0.317,0.009,0.756,10.740,1.000,0.000,0.0000
453.840,-96.985,-8.706,0.317,0.009,0.756,10.740,1.000,0.000,0.0000
453.850,-96.985,-8.595,0.317,0.009,0.755,10.740,1.000,0.000,0.0000
453.860,-96.985,-8.484,0.317,0.009,0.755,10.740,1.000,0.000,0.0000
453.870,-96.985,-8.373,0.317,0.009,0.755,10.740,1.000,0.000,0.0000
453.880,-96.985,-8.262,0.317,0.009,0.755,10.740,1.000,0.000,0.0000
453.890,-96.985,-8.151,0.317,0.009,0.755,10.740,1.000,0.000,0.0000
453.900,-96.985,-8.039,0.317,0.009,0.755,10.740,1.000,0.000,0.0000
453.910,-96.984,-7.928,0.317,0.009,0.755,10.740,1.000,0.000,0.0000
453.920,-96.984,-7.817,0.317,0.009,0.755,10.740,1.000,0.000,0.0000
453.930,-96.984,-7.706,0.317,0.009,0.755,10.740,1.000,0.000,0.0000
453.940,-96.984,-7.595,0.317,0.009,0.755,10.740,1.000,0.000,0.0000
453.950,-96.984,-7.484,0.317,0.009,0.755,10.740,1.000,0.000,0.0000
453.960,-96.984,-7.373,0.317,0.009,0.755,10.740,1.000,0.000,0.0000
453.970,-96.984,-7.262,0.317,0.009,0.754,10.740,1.000,0.000,0.0000
453.980,-96.984,-7.151,0.317,0.009,0.754,10.740,1.000,0.000,0.0000
453.990,-96.984,-7.040,0.317,0.009,0.754,10.740,1.000,0.000,0.0000
454.000,-96.984,-6.928,0.317,0.009,0.754,10.740,1.000,0.000,0.0000
454.010,-96.984,-6.817,0.317,0.009,0.754,10.740,1.000,0.000,0.0000
454.020,-96.984,-6.706,0.317,0.009,0.754,10.740,1.000,0.000,0.0000
454.030,-96.983,-6.595,0.317,0.009,0.754,10.740,1.000,0.000,0.0000
454.040,-96.983,-6.484,0.317,0.009,0.754,10.740,1.000,0.000,0.0000
454.050,-96.983,-6.373,0.317,0.009,0.754,10.740,1.000,0.000,0.0000
454.060,-96.983,-6.262,0.317,0.009,0.754,10.740,1.000,0.000,0.0000
454.070,-96.983,-6.151,0.317,0.009,0.754,10.740,1.000,0.000,0.0000
454.080,-96.983,-6.040,0.317,0.009,0.753,10.740,1.000,0.000,0.0000
454.090,-96.983,-5.929,0.317,0.009,0.753,10.740,1.000,0.000,0.0000
454.100,-96.983,-5.817,0.317,0.009,0.753,10.740,1.000,0.000,0.0000
454.110,-96.983,-5.706,0.317,0.009,0.753,10.740,1.000,0.000,0.0000
454.120,-96.983,-5.595,0.317,0.009,0.753,10.740,1.000,0.000,0.0000
454.130,-96.983,-5.484,0.317,0.009,0.753,10.740,1.000,0.000,0.0000
454.140,-96.982,-5.373,0.317,0.009,0.753,10.740,1.000,0.000,0.0000
454.150,-96.982,-5.262,0.317,0.009,0.753,10.740,1.000,0.000,0.0000
454.160,-96.982,-5.151,0.317,0.009,0.753,10.740,1.000,0.000,0.0000
454.170,-96.982,-5.040,0.317,0.009,0.753,10.740,1.000,0.000,0.0000
454.180,-96.982,-4.929,0.317,0.009,0.753,10.740,1.000,0.000,0.0000
454.190,-96.982,-4.818,0.317,0.009,0.752,10.740,1.000,0.000,0.0000
454.200,-96.982,-4.706,0.317,0.009,0.752,10.740,1.000,0.000,0.0000
454.210,-96.982,-4.595,0.317,0.009,0.752,10.740,1.000,0.000,0.0000
454.220,-96.982,-4.484,0.317,0.009,0.752,10.740,1.000,0.000,0.0000
454.230,-96.982,-4.373,0.317,0.009,0.752,10.740,1.000,0.000,0.0000
454.240,-96.982,-4.262,0.317,0.009,0.752,10.740,1.000,0.000,0.0000
454.250,-96.981,-4.151,0.317,0.009,0.752,10.740,1.000,0.000,0.0000
454.260,-96.981,-4.040,0.317,0.009,0.752,10.740,1.000,0.000,0.0000
454.270,-96.981,-3.929,0.317,0.009,0.752,10.740,0.940,0.000,0.0000
454.280,-96.981,-3.818,0.317,0.010,0.752,10.740,0.880,0.000,0.0000
454.290,-96.981,-3.707,0.317,0.014,0.752,10.740,0.820,0.000,0.0000
454.300,-96.981,-3.597,0.317,0.020,0.752,10.740,0.760,0.000,0.0000
454.310,-96.981,-3.487,0.318,0.028,0.751,10.739,0.700,0.000,0.0000
454.320,-96.981,-3.377,0.318,0.036,0.751,10.739,0.640,0.000,0.0000
454.330,-96.981,-3.268,0.318,0.042,0.751,10.739,0.580,0.000,0.0000
454.340,-96.981,-3.159,0.319,0.048,0.751,10.738,0.520,0.000,0.0000
454.350,-96.981,-3.051,0.319,0.052,0.751,10.738,0.460,0.000,0.0000
454.360,-96.981,-2.943,0.320,0.055,0.751,10.737,0.400,0.000,0.0000
454.370,-96.980,-2.836,0.320,0.057,0.751,10.737,0.340,0.000,0.0000
454.380,-96.980,-2.729,0.321,0.058,0.751,10.736,0.280,0.000,0.0000
454.390,-96.980,-2.622,0.321,0.058,0.751,10.735,0.220,0.000,0.0000
454.400,-96.980,-2.515,0.322,0.057,0.751,10.735,0.160,0.000,0.0000
454.410,-96.980,-2.410,0.323,0.055,0.751,10.734,0.100,0.000,0.0000
454.420,-96.980,-2.304,0.323,0.053,0.751,10.734,0.040,0.000,0.0000
454.430,-96.980,-2.199,0.324,0.050,0.751,10.733,0.000,0.000,0.0000
454.440,-96.980,-2.094,0.324,0.047,0.751,10.733,0.000,0.000,0.0000
454.450,-96.980,-1.990,0.325,0.044,0.751,10.732,0.000,0.000,0.0000
454.460,-96.980,-1.886,0.325,0.040,0.750,10.732,0.000,0.000,0.0000
454.470,-96.980,-1.782,0.325,0.036,0.750,10.732,0.000,0.000,0.0000
454.480,-96.980,-1.679,0.326,0.031,0.750,10.731,0.000,0.000,0.0000
454.490,-96.979,-1.577,0.326,0.027,0.750,10.731,0.000,0.000,0.0000
454.500,-96.979,-1.474,0.326,0.022,0.750,10.731,0.000,0.000,0.0000
454.510,-96.979,-1.372,0.326,0.018,0.750,10.731,0.000,0.000,0.0000
454.520,-96.979,-1.271,0.326,0.014,0.750,10.730,0.000,0.000,0.0000
454.530,-96.979,-1.170,0.326,0.011,0.750,10.730,0.000,0.000,0.0000
454.540,-96.979,-1.069,0.326,0.009,0.750,10.730,0.000,0.000,0.0000
454.550,-96.979,-0.969,0.326,0.008,0.750,10.730,0.000,0.000,0.0000
454.560,-96.979,-0.869,0.326,0.009,0.750,10.730,0.000,0.000,0.0000
454.570,-96.979,-0.770,0.326,0.011,0.750,10.730,0.000,0.000,0.0000
454.580,-96.979,-0.671,0.326,0.013,0.750,10.731,0.000,0.000,0.0000
454.590,-96.979,-0.572,0.326,0.015,0.749,10.731,0.000,0.000,0.0000
454.600,-96.979,-0.474,0.326,0.017,0.749,10.731,0.000,0.000,0.0000
454.610,-96.978,-0.376,0.326,0.019,0.749,10.731,0.000,0.000,0.0000
454.620,-96.978,-0.278,0.326,0.020,0.749,10.731,0.000,0.000,0.0000
454.630,-96.978,-0.181,0.325,0.021,0.749,10.731,0.000,0.000,0.0000
454.640,-96.978,-0.085,0.325,0.022,0.749,10.732,0.000,0.000,0.0000
454.650,-96.978,0.012,0.325,0.022,0.749,10.732,0.000,0.000,0.0000
454.660,-96.978,0.107,0.325,0.022,0.749,10.732,0.000,0.000,0.0000
454.670,-96.978,0.203,0.324,0.022,0.749,10.732,0.000,0.000,0.0000
454.680,-96.978,0.298,0.324,0.022,0.749,10.732,0.000,0.000,0.0000
454.690,-96.978,0.393,0.324,0.021,0.749,10.733,0.000,0.000,0.0000
454.700,-96.978,0.487,0.324,0.020,0.749,10.733,0.000,0.000,0.0000
454.710,-96.978,0.581,0.324,0.019,0.748,10.733,0.000,0.000,0.0000
454.720,-96.978,0.674,0.324,0.017,0.748,10.733,0.000,0.000,0.0000
454.730,-96.978,0.767,0.323,0.016,0.748,10.733,0.000,0.000,0.0000
454.740,-96.977,0.860,0.323,0.015,0.748,10.733,0.000,0.000,0.0000
454.750,-96.977,0.952,0.323,0.013,0.748,10.733,0.000,0.000,0.0000
454.760,-96.977,1.044,0.323,0.012,0.748,10.733,0.000,0.000,0.0000
454.770,-96.977,1.136,0.323,0.010,0.748,10.734,0.000,0.000,0.0000
454.780,-96.977,1.227,0.323,0.009,0.748,10.734,0.000,0.000,0.0000
454.790,-96.977,1.318,0.323,0.008,0.748,10.734,0.000,0.000,0.0000
454.800,-96.977,1.408,0.323,0.008,0.748,10.734,0.000,0.000,0.0000
454.810,-96.977,1.498,0.323,0.007,0.748,10.734,0.000,0.000,0.0000
454.820,-96.977,1.587,0.323,0.007,0.748,10.734,0.000,0.000,0.0000
454.830,-96.977,1.677,0.323,0.007,0.748,10.734,0.000,0.000,0.0000
454.840,-96.977,1.765,0.323,0.008,0.747,10.734,0.000,0.000,0.0000
454.850,-96.977,1.854,0.323,0.008,0.747,10.734,0.000,0.000,0.0000
454.860,-96.977,1.942,0.323,0.009,0.747,10.733,0.000,0.000,0.0000
454.870,-96.977,2.029,0.323,0.009,0.747,10.733,0.000,0.000,0.0000
454.880,-96.976,2.117,0.323,0.010,0.747,10.733,0.000,0.000,0.0000
454.890,-96.976,2.203,0.323,0.010,0.747,10.733,0.000,0.000,0.0000
454.900,-96.976,2.290,0.323,0.010,0.747,10.733,0.000,0.000,0.0000
454.910,-96.976,2.376,0.323,0.010,0.747,10.733,0.000,0.000,0.0000
454.920,-96.976,2.461,0.323,0.010,0.747,10.733,0.000,0.000,0.0000
454.930,-96.976,2.546,0.324,0.010,0.747,10.733,0.000,0.000,0.0000
454.940,-96.976,2.631,0.324,0.010,0.747,10.733,0.000,0.000,0.0000
454.950,-96.976,2.716,0.324,0.010,0.747,10.733,0.000,0.000,0.0000
454.960,-96.976,2.800,0.324,0.010,0.747,10.733,0.000,0.000,0.0000
454.970,-96.976,2.883,0.324,0.009,0.747,10.733,0.000,0.000,0.0000
454.980,-96.976,2.966,0.324,0.009,0.747,10.733,0.000,0.000,0.0000
454.990,-96.976,3.049,0.324,0.009,0.747,10.732,0.000,0.000,0.0000
455.000,-96.976,3.132,0.324,0.008,0.746,10.732,0.000,0.000,0.0000
455.010,-96.976,3.214,0.324,0.008,0.746,10.732,0.000,0.000,0.0000
455.020,-96.976,3.295,0.324,0.008,0.746,10.732,0.000,0.000,0.0000
455.030,-96.975,3.377,0.324,0.007,0.746,10.732,0.000,0.000,0.0000
455.040,-96.975,3.457,0.324,0.007,0.746,10.732,0.000,0.000,0.0000
455.050,-96.975,3.538,0.324,0.007,0.746,10.732,0.000,0.000,0.0000
455.060,-96.975,3.618,0.324,0.007,0.746,10.732,0.000,0.000,0.0000
455.070,-96.975,3.697,0.324,0.006,0.746,10.732,0.000,0.000,0.0000
455.080,-96.975,3.777,0.324,0.006,0.746,10.732,0.000,0.000,0.0000
455.090,-96.975,3.856,0.324,0.006,0.746,10.732,0.000,0.000,0.0000
455.100,-96.975,3.934,0.324,0.006,0.746,10.732,0.000,0.000,0.0000
455.110,-96.975,4.012,0.324,0.006,0.746,10.732,0.000,0.000,0.0000
455.120,-96.975,4.090,0.324,0.006,0.746,10.732,0.000,0.000,0.0000
455.130,-96.975,4.167,0.324,0.006,0.746,10.732,0.000,0.000,0.0000
455.140,-96.975,4.244,0.324,0.007,0.746,10.732,0.000,0.000,0.0000
455.150,-96.975,4.320,0.324,0.007,0.745,10.732,0.000,0.000,0.0000
455.160,-96.975,4.396,0.324,0.007,0.745,10.732,0.000,0.000,0.0000
455.170,-96.975,4.472,0.324,0.007,0.745,10.732,0.000,0.000,0.0000
455.180,-96.975,4.547,0.324,0.007,0.745,10.732,0.000,0.000,0.0000
455.190,-96.974,4.622,0.324,0.007,0.745,10.732,0.000,0.000,0.0000
455.200,-96.974,4.697,0.324,0.007,0.745,10.732,0.000,0.000,0.0000
455.210,-96.974,4.771,0.324,0.007,0.745,10.732,0.000,0.000,0.0000
455.220,-96.974,4.844,0.324,0.006,0.745,10.732,0.000,0.000,0.0000
455.230,-96.974,4.918,0.324,0.006,0.745,10.732,0.000,0.000,0.0000
455.240,-96.974,4.990,0.324,0.006,0.745,10.732,0.000,0.000,0.0000
455.250,-96.974,5.063,0.324,0.006,0.745,10.732,0.000,0.000,0.0000
455.260,-96.974,5.135,0.324,0.006,0.745,10.733,0.000,0.000,0.0000
455.270,-96.974,5.207,0.324,0.006,0.745,10.733,0.000,0.000,0.0000
455.280,-96.974,5.278,0.324,0.006,0.745,10.733,0.000,0.000,0.0000
455.290,-96.974,5.349,0.324,0.006,0.745,10.733,0.000,0.000,0.0000
455.300,-96.974,5.419,0.324,0.006,0.745,10.733,0.000,0.000,0.0000
455.310,-96.974,5.489,0.324,0.006,0.745,10.733,0.000,0.000,0.0000
455.320,-96.974,5.559,0.324,0.006,0.744,10.733,0.000,0.000,0.0000
455.330,-96.974,5.629,0.324,0.006,0.744,10.733,0.000,0.000,0.0000
455.340,-96.974,5.697,0.324,0.005,0.744,10.733,0.000,0.000,0.0000
455.350,-96.974,5.766,0.324,0.005,0.744,10.733,0.000,0.000,0.0000
455.360,-96.974,5.834,0.324,0.005,0.744,10.733,0.000,0.000,0.0000
455.370,-96.973,5.902,0.324,0.005,0.744,10.733,0.000,0.000,0.0000
455.380,-96.973,5.969,0.324,0.005,0.744,10.733,0.000,0.000,0.0000
455.390,-96.973,6.036,0.324,0.005,0.744,10.733,0.000,0.000,0.0000
455.400,-96.973,6.103,0.324,0.005,0.744,10.732,0.000,0.000,0.0000
455.410,-96.973,6.169,0.324,0.005,0.744,10.732,0.000,0.000,0.0000
455.420,-96.973,6.234,0.324,0.005,0.744,10.732,0.000,0.000,0.0000
455.430,-96.973,6.300,0.324,0.005,0.744,10.732,0.000,0.000,0.0080
455.440,-96.973,6.365,0.324,0.006,0.744,10.732,0.000,0.000,0.0160
455.450,-96.973,6.429,0.324,0.007,0.744,10.732,0.000,0.000,0.0240
455.460,-96.973,6.494,0.324,0.007,0.744,10.732,0.000,0.000,0.0320
455.470,-96.973,6.557,0.324,0.008,0.744,10.732,0.000,0.000,0.0400
455.480,-96.973,6.621,0.324,0.009,0.744,10.732,0.000,0.000,0.0480
455.490,-96.973,6.684,0.324,0.010,0.743,10.732,0.000,0.000,0.0560
455.500,-96.973,6.746,0.324,0.012,0.743,10.732,0.000,0.000,0.0640
455.510,-96.972,6.808,0.324,0.014,0.743,10.732,0.000,0.000,0.0720
455.520,-96.972,6.870,0.324,0.017,0.743,10.732,0.000,0.000,0.0800
455.530,-96.972,6.931,0.324,0.021,0.743,10.732,0.000,0.000,0.0880
455.540,-96.972,6.992,0.324,0.025,0.743,10.732,0.000,0.000,0.0960
455.550,-96.971,7.053,0.324,0.029,0.742,10.732,0.000,0.000,0.1040
455.560,-96.971,7.113,0.324,0.034,0.742,10.732,0.000,0.000,0.1120
455.570,-96.971,7.173,0.324,0.040,0.742,10.732,0.000,0.000,0.1200
455.580,-96.970,7.232,0.324,0.046,0.741,10.732,0.000,0.000,0.1280
455.590,-96.970,7.291,0.324,0.053,0.741,10.732,0.000,0.000,0.1360
455.600,-96.969,7.350,0.324,0.060,0.740,10.732,0.000,0.000,0.1440
455.610,-96.968,7.408,0.324,0.068,0.739,10.732,0.000,0.000,0.1520
455.620,-96.968,7.465,0.324,0.076,0.739,10.732,0.000,0.000,0.1600
455.630,-96.967,7.523,0.324,0.085,0.738,10.732,0.000,0.000,0.1680
455.640,-96.966,7.579,0.324,0.094,0.737,10.732,0.000,0.000,0.1760
455.650,-96.965,7.636,0.324,0.104,0.736,10.731,0.000,0.000,0.1840
455.660,-96.964,7.692,0.324,0.114,0.735,10.731,0.000,0.000,0.1920
455.670,-96.963,7.747,0.324,0.125,0.733,10.731,0.000,0.000,0.2000
455.680,-96.961,7.802,0.324,0.135,0.732,10.731,0.000,0.000,0.2080
455.690,-96.960,7.857,0.324,0.145,0.731,10.731,0.000,0.000,0.2160
455.700,-96.958,7.911,0.324,0.155,0.729,10.731,0.000,0.000,0.2240
455.710,-96.956,7.965,0.324,0.166,0.727,10.730,0.000,0.000,0.2320
455.720,-96.955,8.018,0.324,0.178,0.726,10.730,0.000,0.000,0.2400
455.730,-96.953,8.071,0.324,0.190,0.724,10.730,0.000,0.000,0.2480
455.740,-96.951,8.124,0.324,0.203,0.722,10.730,0.000,0.000,0.2560
455.750,-96.949,8.176,0.324,0.216,0.719,10.730,0.000,0.000,0.2640
455.760,-96.946,8.228,0.324,0.229,0.717,10.729,0.000,0.000,0.2720
455.770,-96.944,8.279,0.324,0.243,0.715,10.729,0.000,0.000,0.2800
455.780,-96.941,8.330,0.324,0.257,0.712,10.729,0.000,0.000,0.2880
455.790,-96.939,8.380,0.324,0.271,0.709,10.729,0.000,0.000,0.2960
455.800,-96.936,8.430,0.324,0.285,0.707,10.728,0.000,0.000,0.3040
455.810,-96.933,8.480,0.325,0.300,0.704,10.728,0.000,0.000,0.3120
455.820,-96.930,8.529,0.325,0.315,0.700,10.728,0.000,0.000,0.3200
455.830,-96.926,8.577,0.325,0.330,0.697,10.727,0.040,0.000,0.3280
455.840,-96.923,8.625,0.325,0.345,0.694,10.727,0.080,0.000,0.3360
455.850,-96.919,8.672,0.325,0.360,0.690,10.727,0.120,0.000,0.3440
455.860,-96.916,8.719,0.325,0.376,0.686,10.726,0.160,0.000,0.3520
455.870,-96.912,8.765,0.325,0.391,0.683,10.726,0.200,0.000,0.3600
455.880,-96.908,8.811,0.325,0.406,0.678,10.725,0.240,0.000,0.3680
455.890,-96.903,8.856,0.325,0.421,0.674,10.725,0.280,0.000,0.3760
455.900,-96.899,8.901,0.325,0.436,0.670,10.724,0.320,0.000,0.3840
455.910,-96.894,8.945,0.326,0.450,0.665,10.724,0.360,0.000,0.3920
455.920,-96.890,8.989,0.326,0.465,0.661,10.723,0.400,0.000,0.4000
455.930,-96.885,9.032,0.326,0.477,0.656,10.723,0.440,0.000,0.4080
455.940,-96.880,9.075,0.326,0.489,0.651,10.722,0.480,0.000,0.3780
455.950,-96.875,9.118,0.326,0.510,0.646,10.722,0.520,0.000,0.3480
455.960,-96.870,9.161,0.325,0.536,0.641,10.722,0.560,0.000,0.3180
455.970,-96.864,9.204,0.325,0.563,0.635,10.722,0.500,0.000,0.2880
455.980,-96.858,9.247,0.324,0.588,0.629,10.722,0.440,0.000,0.2580
455.990,-96.852,9.291,0.324,0.603,0.623,10.722,0.380,0.000,0.2280
456.000,-96.846,9.334,0.323,0.616,0.617,10.722,0.320,0.000,0.1980
456.010,-96.840,9.378,0.322,0.626,0.611,10.723,0.260,0.000,0.1680
456.020,-96.834,9.420,0.322,0.634,0.604,10.723,0.200,0.000,0.1380
456.030,-96.827,9.463,0.321,0.641,0.598,10.723,0.140,0.000,0.1080
456.040,-96.821,9.505,0.321,0.648,0.592,10.723,0.080,0.000,0.0780
456.050,-96.814,9.547,0.320,0.656,0.585,10.723,0.020,0.000,0.0480
456.060,-96.808,9.588,0.320,0.663,0.578,10.723,0.000,0.000,0.0180
456.070,-96.801,9.629,0.320,0.672,0.572,10.722,0.000,0.000,0.0000
456.080,-96.794,9.670,0.319,0.681,0.565,10.722,0.000,0.000,0.0000
456.090,-96.787,9.711,0.319,0.689,0.558,10.722,0.000,0.000,0.0000
456.100,-96.780,9.752,0.319,0.697,0.551,10.721,0.000,0.000,0.0000
456.110,-96.773,9.792,0.319,0.702,0.544,10.721,0.000,0.000,0.0000
456.120,-96.766,9.832,0.319,0.706,0.537,10.721,0.000,0.000,0.0000
456.130,-96.759,9.872,0.319,0.708,0.530,10.720,0.000,0.000,0.0000
456.140,-96.752,9.912,0.319,0.709,0.523,10.720,0.000,0.000,0.0000
456.150,-96.745,9.952,0.318,0.709,0.516,10.719,0.000,0.000,0.0000
456.160,-96.738,9.992,0.318,0.709,0.509,10.719,0.000,0.000,0.0000
456.170,-96.731,10.031,0.318,0.709,0.502,10.718,0.000,0.000,0.0000
456.180,-96.724,10.071,0.319,0.708,0.494,10.718,0.000,0.000,0.0000
456.190,-96.717,10.109,0.319,0.706,0.487,10.717,0.000,0.000,0.0000
456.200,-96.710,10.148,0.319,0.703,0.480,10.717,0.000,0.000,0.0000
456.210,-96.703,10.186,0.319,0.699,0.474,10.716,0.000,0.000,0.0000
456.220,-96.696,10.224,0.319,0.695,0.467,10.715,0.000,0.000,0.0000
456.230,-96.689,10.261,0.320,0.691,0.460,10.714,0.000,0.000,0.0000
456.240,-96.682,10.298,0.320,0.686,0.453,10.714,0.000,0.000,0.0000
456.250,-96.675,10.335,0.320,0.682,0.446,10.713,0.000,0.000,0.0000
456.260,-96.668,10.371,0.321,0.678,0.439,10.712,0.000,0.000,0.0000
456.270,-96.662,10.407,0.321,0.677,0.433,10.711,0.000,0.000,0.0000
456.280,-96.655,10.443,0.322,0.675,0.426,10.710,0.000,0.000,0.0000
456.290,-96.648,10.478,0.322,0.673,0.419,10.710,0.000,0.000,0.0000
456.300,-96.641,10.513,0.322,0.671,0.413,10.709,0.000,0.000,0.0000
456.310,-96.635,10.548,0.323,0.666,0.406,10.708,0.000,0.000,0.0000
456.320,-96.628,10.582,0.323,0.660,0.400,10.707,0.000,0.000,0.0000
456.330,-96.622,10.616,0.323,0.653,0.393,10.707,0.000,0.000,0.0000
456.340,-96.615,10.649,0.324,0.646,0.387,10.706,0.000,0.000,0.0000
456.350,-96.609,10.682,0.324,0.638,0.380,10.706,0.000,0.000,0.0000
456.360,-96.603,10.715,0.324,0.630,0.374,10.705,0.000,0.000,0.0000
456.370,-96.596,10.748,0.324,0.622,0.368,10.704,0.000,0.000,0.0000
456.380,-96.590,10.779,0.324,0.614,0.362,10.704,0.000,0.000,0.0000
456.390,-96.584,10.811,0.325,0.606,0.356,10.703,0.000,0.000,0.0000
456.400,-96.578,10.842,0.325,0.598,0.350,10.703,0.000,0.000,0.0000
456.410,-96.572,10.873,0.325,0.590,0.344,10.702,0.000,0.000,0.0000
456.420,-96.566,10.903,0.325,0.581,0.338,10.702,0.000,0.000,0.0000
456.430,-96.561,10.933,0.325,0.573,0.333,10.702,0.000,0.000,0.0000
456.440,-96.555,10.963,0.325,0.565,0.327,10.701,0.000,0.000,0.0000
456.450,-96.549,10.992,0.325,0.556,0.321,10.701,0.000,0.000,0.0000
456.460,-96.544,11.020,0.325,0.548,0.316,10.701,0.000,0.000,0.0000
456.470,-96.539,11.049,0.325,0.540,0.311,10.700,0.000,0.000,0.0000
456.480,-96.533,11.077,0.325,0.532,0.305,10.700,0.000,0.000,0.0000
456.490,-96.528,11.104,0.325,0.523,0.300,10.700,0.000,0.000,0.0000
456.500,-96.523,11.132,0.325,0.515,0.295,10.700,0.040,0.000,0.0000
456.510,-96.518,11.158,0.325,0.507,0.290,10.700,0.080,0.000,0.0000
456.520,-96.513,11.185,0.325,0.499,0.285,10.699,0.120,0.000,0.0000
456.530,-96.508,11.211,0.325,0.492,0.280,10.699,0.160,0.000,0.0000
456.540,-96.503,11.236,0.325,0.484,0.275,10.699,0.200,0.000,0.0000
456.550,-96.498,11.262,0.325,0.476,0.271,10.699,0.240,0.000,0.0000
456.560,-96.494,11.287,0.324,0.472,0.266,10.699,0.280,0.000,0.0000
456.570,-96.489,11.312,0.324,0.466,0.261,10.699,0.320,0.000,0.0000
456.580,-96.484,11.337,0.324,0.467,0.257,10.699,0.360,0.000,0.0000
456.590,-96.480,11.363,0.323,0.474,0.252,10.700,0.400,0.000,0.0000
456.600,-96.475,11.389,0.322,0.484,0.247,10.700,0.440,0.000,0.0000
456.610,-96.470,11.415,0.322,0.494,0.242,10.701,0.480,0.000,0.0000
456.620,-96.465,11.442,0.321,0.505,0.237,10.701,0.520,0.000,0.0000
456.630,-96.460,11.469,0.320,0.515,0.232,10.702,0.560,0.000,0.0000
456.640,-96.455,11.496,0.318,0.524,0.227,10.703,0.600,0.000,0.0000
456.650,-96.450,11.524,0.317,0.533,0.221,10.704,0.640,0.000,0.0000
456.660,-96.444,11.553,0.316,0.542,0.216,10.705,0.680,0.000,0.0000
456.670,-96.439,11.581,0.315,0.550,0.210,10.706,0.720,0.000,0.0000
456.680,-96.434,11.610,0.314,0.557,0.205,10.707,0.760,0.000,0.0000
456.690,-96.428,11.639,0.313,0.565,0.199,10.708,0.800,0.000,0.0000
456.700,-96.422,11.669,0.312,0.573,0.194,10.709,0.840,0.000,0.0000
456.710,-96.417,11.699,0.311,0.583,0.188,10.709,0.880,0.000,0.0000
456.720,-96.411,11.730,0.310,0.592,0.182,10.710,0.920,0.000,0.0000
456.730,-96.405,11.760,0.309,0.600,0.176,10.711,0.960,0.000,0.0080
456.740,-96.399,11.792,0.308,0.609,0.170,10.711,1.000,0.000,0.0160
456.750,-96.393,11.824,0.307,0.619,0.164,10.712,1.000,0.000,0.0240
456.760,-96.386,11.856,0.307,0.629,0.157,10.712,1.000,0.000,0.0320
456.770,-96.380,11.889,0.306,0.640,0.151,10.713,1.000,0.000,0.0400
456.780,-96.374,11.922,0.306,0.651,0.144,10.713,1.000,0.000,0.0480
456.790,-96.367,11.956,0.305,0.662,0.138,10.713,1.000,0.000,0.0560
456.800,-96.360,11.990,0.305,0.673,0.131,10.713,1.000,0.000,0.0640
456.810,-96.353,12.025,0.305,0.684,0.124,10.713,0.940,0.000,0.0720
456.820,-96.346,12.060,0.304,0.695,0.117,10.713,0.880,0.000,0.0800
456.830,-96.339,12.096,0.304,0.706,0.110,10.713,0.820,0.000,0.0880
456.840,-96.332,12.132,0.304,0.718,0.103,10.713,0.760,0.000,0.0960
456.850,-96.325,12.168,0.305,0.731,0.096,10.712,0.700,0.000,0.1040
456.860,-96.317,12.205,0.305,0.743,0.089,10.712,0.640,0.000,0.1120
456.870,-96.310,12.243,0.305,0.755,0.081,10.712,0.580,0.000,0.1200
456.880,-96.302,12.280,0.305,0.767,0.074,10.711,0.520,0.000,0.1280
456.890,-96.294,12.318,0.306,0.779,0.066,10.710,0.460,0.000,0.1360
456.900,-96.287,12.356,0.306,0.792,0.059,10.710,0.400,0.000,0.1440
456.910,-96.279,12.395,0.307,0.804,0.051,10.709,0.340,0.000,0.1520
456.920,-96.270,12.434,0.307,0.813,0.044,10.708,0.280,0.000,0.1600
456.930,-96.262,12.472,0.308,0.818,0.037,10.707,0.220,0.000,0.1680
456.940,-96.254,12.511,0.309,0.812,0.031,10.706,0.160,0.000,0.1760
456.950,-96.246,12.548,0.310,0.807,0.026,10.705,0.100,0.000,0.1840
456.960,-96.238,12.585,0.311,0.804,0.023,10.703,0.040,0.000,0.1920
456.970,-96.230,12.621,0.313,0.801,0.023,10.702,0.000,0.000,0.2000
456.980,-96.223,12.657,0.314,0.800,0.025,10.700,0.000,0.000,0.2080
456.990,-96.215,12.693,0.316,0.798,0.030,10.698,0.000,0.000,0.2160
457.000,-96.207,12.727,0.317,0.796,0.036,10.697,0.000,0.000,0.2240
457.010,-96.199,12.762,0.319,0.792,0.042,10.695,0.000,0.000,0.2320
457.020,-96.191,12.796,0.320,0.785,0.049,10.693,0.000,0.000,0.2400
457.030,-96.184,12.829,0.322,0.778,0.056,10.692,0.000,0.000,0.2480
457.040,-96.176,12.862,0.323,0.771,0.063,10.690,0.000,0.000,0.2560
457.050,-96.169,12.894,0.325,0.763,0.070,10.689,0.000,0.000,0.2640
457.060,-96.161,12.926,0.326,0.755,0.078,10.687,0.000,0.000,0.2720
457.070,-96.154,12.957,0.327,0.747,0.085,10.686,0.000,0.000,0.2800
457.080,-96.147,12.988,0.328,0.740,0.092,10.685,0.000,0.000,0.2880
457.090,-96.139,13.019,0.329,0.733,0.099,10.684,0.000,0.000,0.2960
457.100,-96.132,13.048,0.330,0.726,0.106,10.683,0.000,0.000,0.3040
457.110,-96.125,13.078,0.331,0.719,0.113,10.682,0.000,0.000,0.2740
457.120,-96.118,13.107,0.331,0.715,0.120,10.681,0.000,0.000,0.2440
457.130,-96.111,13.136,0.331,0.715,0.126,10.681,0.000,0.000,0.2140
457.140,-96.104,13.164,0.332,0.716,0.133,10.681,0.000,0.000,0.1840
457.150,-96.096,13.192,0.331,0.717,0.140,10.681,0.000,0.000,0.1540
457.160,-96.089,13.220,0.331,0.718,0.147,10.681,0.000,0.000,0.1240
457.170,-96.082,13.248,0.331,0.719,0.154,10.681,0.000,0.000,0.0940
457.180,-96.075,13.276,0.330,0.720,0.160,10.682,0.000,0.000,0.0640
457.190,-96.068,13.303,0.330,0.719,0.167,10.682,0.000,0.000,0.0340
457.200,-96.060,13.330,0.329,0.718,0.174,10.683,0.000,0.000,0.0040
457.210,-96.054,13.357,0.328,0.700,0.181,10.684,0.000,0.000,0.0000
457.220,-96.047,13.383,0.328,0.687,0.187,10.684,0.000,0.000,0.0000
457.230,-96.040,13.408,0.327,0.675,0.194,10.685,0.000,0.000,0.0000
457.240,-96.033,13.434,0.326,0.663,0.200,10.686,0.000,0.000,0.0000
457.250,-96.027,13.458,0.326,0.653,0.206,10.686,0.000,0.000,0.0000
457.260,-96.020,13.483,0.325,0.644,0.212,10.687,0.000,0.000,0.0000
457.270,-96.014,13.507,0.324,0.634,0.219,10.688,0.000,0.000,0.0000
457.280,-96.008,13.530,0.324,0.624,0.225,10.688,0.000,0.000,0.0000
457.290,-96.002,13.553,0.323,0.613,0.231,10.689,0.000,0.000,0.0000
457.300,-95.996,13.576,0.323,0.603,0.236,10.689,0.000,0.000,0.0000
457.310,-95.990,13.599,0.323,0.593,0.242,10.689,0.000,0.000,0.0000
457.320,-95.984,13.621,0.322,0.583,0.248,10.690,0.000,0.000,0.0000
457.330,-95.978,13.643,0.322,0.573,0.254,10.690,0.040,0.000,0.0000
457.340,-95.973,13.664,0.322,0.564,0.259,10.690,0.080,0.000,0.0000
457.350,-95.967,13.685,0.321,0.554,0.265,10.691,0.120,0.000,0.0000
457.360,-95.962,13.706,0.321,0.545,0.270,10.691,0.160,0.000,0.0000
457.370,-95.956,13.726,0.321,0.535,0.275,10.691,0.200,0.000,0.0000
457.380,-95.951,13.746,0.321,0.534,0.281,10.691,0.240,0.000,0.0000
457.390,-95.946,13.767,0.321,0.539,0.286,10.691,0.280,0.000,0.0000
457.400,-95.940,13.787,0.320,0.548,0.291,10.692,0.320,0.000,0.0000
457.410,-95.935,13.808,0.320,0.559,0.297,10.692,0.360,0.000,0.0000
457.420,-95.929,13.829,0.319,0.572,0.302,10.693,0.400,0.000,0.0000
457.430,-95.923,13.851,0.319,0.586,0.308,10.694,0.440,0.000,0.0000
457.440,-95.917,13.873,0.318,0.599,0.314,10.694,0.480,0.000,0.0000
457.450,-95.911,13.895,0.317,0.613,0.320,10.695,0.520,0.000,0.0000
457.460,-95.905,13.918,0.316,0.626,0.326,10.696,0.560,0.000,0.0000
457.470,-95.899,13.941,0.315,0.639,0.332,10.697,0.600,0.000,0.0000
457.480,-95.892,13.965,0.314,0.652,0.339,10.698,0.640,0.000,0.0000
457.490,-95.886,13.989,0.314,0.664,0.345,10.699,0.680,0.000,0.0000
457.500,-95.879,14.013,0.313,0.676,0.352,10.700,0.720,0.000,0.0000
457.510,-95.872,14.038,0.312,0.688,0.359,10.701,0.760,0.000,0.0000
457.520,-95.865,14.063,0.311,0.700,0.366,10.702,0.800,0.000,0.0000
457.530,-95.858,14.089,0.310,0.711,0.373,10.703,0.840,0.000,0.0000
457.540,-95.851,14.115,0.309,0.723,0.380,10.704,0.880,0.000,0.0000
457.550,-95.844,14.141,0.309,0.734,0.387,10.704,0.920,0.000,0.0000
457.560,-95.836,14.168,0.308,0.745,0.394,10.705,0.960,0.000,0.0000
457.570,-95.829,14.195,0.308,0.757,0.402,10.706,1.000,0.000,0.0000
457.580,-95.821,14.223,0.307,0.766,0.409,10.706,1.000,0.000,0.0000
457.590,-95.813,14.251,0.307,0.778,0.417,10.707,1.000,0.000,0.0000
457.600,-95.805,14.279,0.306,0.792,0.425,10.707,1.000,0.000,0.0000
457.610,-95.797,14.309,0.306,0.805,0.433,10.708,1.000,0.000,0.0000
457.620,-95.789,14.338,0.306,0.818,0.441,10.708,1.000,0.000,0.0000
457.630,-95.781,14.368,0.306,0.831,0.450,10.709,1.000,0.000,0.0000
457.640,-95.772,14.398,0.306,0.842,0.458,10.709,1.000,0.000,0.0000
457.650,-95.764,14.429,0.306,0.853,0.467,10.709,1.000,0.000,0.0000
457.660,-95.755,14.460,0.306,0.864,0.475,10.709,1.000,0.000,0.0000
457.670,-95.746,14.491,0.306,0.874,0.484,10.709,1.000,0.000,0.0000
457.680,-95.738,14.523,0.306,0.883,0.493,10.709,1.000,0.000,0.0000
457.690,-95.729,14.554,0.307,0.892,0.502,10.709,1.000,0.000,0.0000
457.700,-95.720,14.587,0.307,0.902,0.511,10.709,1.000,0.000,0.0000
457.710,-95.710,14.619,0.307,0.913,0.520,10.709,1.000,0.000,0.0080
457.720,-95.701,14.652,0.308,0.925,0.529,10.708,1.000,0.000,0.0160
457.730,-95.692,14.685,0.308,0.937,0.538,10.708,1.000,0.000,0.0240
457.740,-95.682,14.719,0.309,0.949,0.548,10.708,1.000,0.000,0.0320
457.750,-95.673,14.753,0.309,0.960,0.558,10.708,1.000,0.000,0.0400
457.760,-95.663,14.787,0.310,0.971,0.567,10.708,1.000,0.000,0.0480
457.770,-95.653,14.822,0.310,0.983,0.577,10.708,1.000,0.000,0.0560
457.780,-95.643,14.857,0.310,0.991,0.587,10.708,1.000,0.000,0.0640
457.790,-95.633,14.893,0.311,1.000,0.597,10.708,1.000,0.000,0.0720
457.800,-95.623,14.928,0.311,1.009,0.607,10.708,1.000,0.000,0.0800
457.810,-95.613,14.964,0.311,1.019,0.617,10.708,1.000,0.000,0.0880
457.820,-95.603,15.001,0.312,1.030,0.628,10.708,1.000,0.000,0.0960
457.830,-95.592,15.037,0.312,1.041,0.638,10.708,1.000,0.000,0.1040
457.840,-95.582,15.074,0.312,1.052,0.649,10.708,1.000,0.000,0.1120
457.850,-95.571,15.111,0.312,1.064,0.659,10.708,1.000,0.000,0.1200
457.860,-95.560,15.149,0.312,1.076,0.670,10.709,1.000,0.000,0.1280
457.870,-95.550,15.187,0.313,1.088,0.681,10.709,1.000,0.000,0.1360
457.880,-95.539,15.225,0.313,1.101,0.692,10.709,1.000,0.000,0.1440
457.890,-95.527,15.264,0.313,1.114,0.703,10.710,1.000,0.000,0.1520
457.900,-95.516,15.303,0.313,1.128,0.714,10.710,1.000,0.000,0.1600
457.910,-95.505,15.342,0.313,1.142,0.726,10.711,1.000,0.000,0.1680
457.920,-95.493,15.382,0.313,1.156,0.737,10.711,1.000,0.000,0.1760
457.930,-95.481,15.422,0.313,1.171,0.749,10.712,1.000,0.000,0.1840
457.940,-95.470,15.462,0.312,1.190,0.761,10.713,1.000,0.000,0.1920
457.950,-95.458,15.503,0.312,1.208,0.773,10.713,0.940,0.000,0.2000
457.960,-95.445,15.544,0.312,1.225,0.785,10.714,0.880,0.000,0.2080
457.970,-95.433,15.586,0.312,1.243,0.797,10.715,0.820,0.000,0.2160
457.980,-95.420,15.628,0.312,1.263,0.810,10.716,0.760,0.000,0.2240
457.990,-95.407,15.671,0.311,1.284,0.823,10.717,0.700,0.000,0.2320
458.000,-95.394,15.714,0.311,1.305,0.836,10.718,0.640,0.000,0.2400
458.010,-95.381,15.757,0.311,1.327,0.849,10.719,0.580,0.000,0.2480
458.020,-95.367,15.801,0.310,1.370,0.863,10.720,0.520,0.000,0.2560
458.030,-95.353,15.845,0.310,1.403,0.877,10.721,0.460,0.000,0.2640
458.040,-95.339,15.890,0.310,1.434,0.891,10.723,0.400,0.000,0.2720
458.050,-95.324,15.935,0.309,1.456,0.906,10.724,0.340,0.000,0.2800
458.060,-95.310,15.980,0.309,1.470,0.920,10.725,0.280,0.000,0.2880
458.070,-95.295,16.025,0.309,1.478,0.935,10.726,0.220,0.000,0.2960
458.080,-95.280,16.069,0.310,1.483,0.950,10.727,0.160,0.000,0.3040
458.090,-95.265,16.113,0.310,1.487,0.965,10.727,0.100,0.000,0.3120
458.100,-95.250,16.157,0.311,1.490,0.980,10.728,0.040,0.000,0.3200
458.110,-95.235,16.200,0.311,1.493,0.995,10.728,0.000,0.000,0.3280
458.120,-95.221,16.243,0.312,1.496,1.010,10.728,0.000,0.000,0.3360
458.130,-95.206,16.285,0.313,1.503,1.025,10.728,0.000,0.000,0.3440
458.140,-95.191,16.326,0.315,1.504,1.040,10.728,0.000,0.000,0.3520
458.150,-95.176,16.366,0.316,1.504,1.055,10.728,0.000,0.000,0.3600
458.160,-95.161,16.406,0.318,1.502,1.070,10.727,0.000,0.000,0.3680
458.170,-95.146,16.445,0.319,1.500,1.085,10.727,0.000,0.000,0.3760
458.180,-95.131,16.483,0.321,1.495,1.100,10.726,0.000,0.000,0.3840
458.190,-95.116,16.521,0.322,1.490,1.114,10.726,0.000,0.000,0.3920
458.200,-95.101,16.558,0.324,1.484,1.129,10.726,0.000,0.000,0.4000
458.210,-95.087,16.594,0.325,1.478,1.144,10.726,0.000,0.000,0.4080
458.220,-95.072,16.630,0.327,1.474,1.159,10.726,0.000,0.000,0.4160
458.230,-95.057,16.665,0.328,1.471,1.173,10.726,0.000,0.000,0.4240
458.240,-95.043,16.700,0.329,1.463,1.188,10.726,0.000,0.000,0.4320
458.250,-95.028,16.735,0.330,1.457,1.203,10.726,0.000,0.000,0.4400
458.260,-95.014,16.769,0.331,1.452,1.217,10.727,0.000,0.000,0.4480
458.270,-94.999,16.802,0.331,1.447,1.232,10.727,0.000,0.000,0.4560
458.280,-94.985,16.835,0.332,1.440,1.246,10.728,0.000,0.000,0.4640
458.290,-94.970,16.867,0.332,1.432,1.260,10.729,0.000,0.000,0.4720
458.300,-94.956,16.899,0.333,1.423,1.274,10.730,0.000,0.000,0.4800
458.310,-94.942,16.930,0.333,1.413,1.289,10.732,0.000,0.000,0.4880
458.320,-94.928,16.961,0.333,1.402,1.303,10.733,0.000,0.000,0.4960
458.330,-94.914,16.991,0.333,1.391,1.317,10.734,0.000,0.000,0.5000
458.340,-94.900,17.021,0.333,1.380,1.330,10.736,0.000,0.000,0.5000
458.350,-94.887,17.050,0.332,1.370,1.344,10.738,0.000,0.000,0.5000
458.360,-94.873,17.079,0.332,1.359,1.358,10.739,0.000,0.000,0.5000
458.370,-94.860,17.107,0.331,1.350,1.371,10.741,0.000,0.000,0.5000
458.380,-94.846,17.134,0.331,1.340,1.384,10.743,0.000,0.000,0.5000
458.390,-94.833,17.162,0.330,1.331,1.398,10.745,0.000,0.000,0.5000
458.400,-94.820,17.188,0.330,1.323,1.411,10.747,0.000,0.000,0.5000
458.410,-94.807,17.215,0.329,1.315,1.424,10.749,0.000,0.000,0.5000
458.420,-94.793,17.241,0.328,1.307,1.437,10.751,0.000,0.000,0.5000
458.430,-94.781,17.266,0.328,1.300,1.450,10.754,0.000,0.000,0.5000
458.440,-94.768,17.291,0.327,1.293,1.463,10.756,0.000,0.000,0.5000
458.450,-94.755,17.316,0.326,1.286,1.476,10.758,0.000,0.000,0.5000
458.460,-94.742,17.340,0.326,1.275,1.488,10.760,0.000,0.000,0.5000
458.470,-94.729,17.364,0.325,1.264,1.501,10.762,0.000,0.000,0.5000
458.480,-94.717,17.387,0.324,1.253,1.513,10.764,0.000,0.000,0.5000
458.490,-94.704,17.410,0.324,1.243,1.526,10.767,0.000,0.000,0.5000
458.500,-94.692,17.433,0.323,1.234,1.538,10.769,0.000,0.000,0.5000
458.510,-94.680,17.455,0.323,1.226,1.550,10.771,0.000,0.000,0.5000
458.520,-94.668,17.477,0.322,1.218,1.563,10.773,0.000,0.000,0.5000
458.530,-94.656,17.498,0.322,1.210,1.575,10.774,0.000,0.000,0.5000
458.540,-94.644,17.519,0.321,1.203,1.587,10.776,0.000,0.000,0.5000
458.550,-94.632,17.540,0.321,1.198,1.599,10.778,0.000,0.000,0.5000
458.560,-94.620,17.561,0.321,1.193,1.611,10.780,0.000,0.000,0.5000
458.570,-94.608,17.582,0.320,1.188,1.622,10.782,0.000,0.000,0.5000
458.580,-94.596,17.602,0.320,1.183,1.634,10.784,0.000,0.000,0.5000
458.590,-94.584,17.622,0.320,1.179,1.646,10.786,0.000,0.000,0.5000
458.600,-94.573,17.642,0.320,1.173,1.658,10.787,0.000,0.000,0.5000
458.610,-94.561,17.661,0.319,1.166,1.669,10.789,0.000,0.000,0.5000
458.620,-94.549,17.681,0.319,1.158,1.681,10.791,0.000,0.000,0.5000
458.630,-94.538,17.699,0.319,1.147,1.692,10.792,0.000,0.000,0.5000
458.640,-94.526,17.718,0.319,1.136,1.704,10.794,0.000,0.000,0.5000
458.650,-94.515,17.736,0.320,1.125,1.715,10.795,0.000,0.000,0.5000
458.660,-94.504,17.754,0.320,1.112,1.726,10.796,0.000,0.000,0.5000
458.670,-94.493,17.771,0.320,1.100,1.737,10.798,0.000,0.000,0.5000
458.680,-94.482,17.788,0.320,1.087,1.748,10.799,0.000,0.000,0.5000
458.690,-94.471,17.805,0.321,1.074,1.759,10.800,0.000,0.000,0.5000
458.700,-94.461,17.822,0.321,1.061,1.769,10.801,0.000,0.000,0.5000
458.710,-94.450,17.838,0.321,1.047,1.780,10.802,0.000,0.000,0.5000
458.720,-94.440,17.853,0.322,1.033,1.790,10.804,0.000,0.000,0.5000
458.730,-94.430,17.869,0.322,1.018,1.800,10.805,0.000,0.000,0.5000
458.740,-94.420,17.884,0.322,1.003,1.810,10.806,0.000,0.000,0.5000
458.750,-94.410,17.898,0.323,0.988,1.820,10.807,0.000,0.000,0.5000
458.760,-94.400,17.913,0.323,0.972,1.830,10.808,0.040,0.000,0.5000
458.770,-94.391,17.927,0.323,0.956,1.840,10.809,0.080,0.000,0.5000
458.780,-94.381,17.941,0.324,0.939,1.849,10.810,0.120,0.000,0.4700
458.790,-94.372,17.954,0.324,0.920,1.858,10.811,0.160,0.000,0.4400
458.800,-94.363,17.967,0.324,0.903,1.867,10.812,0.200,0.000,0.4100
458.810,-94.354,17.980,0.325,0.900,1.876,10.813,0.240,0.000,0.3800
458.820,-94.345,17.993,0.325,0.904,1.885,10.815,0.280,0.000,0.3500
458.830,-94.336,18.006,0.325,0.913,1.894,10.816,0.320,0.000,0.3200
458.840,-94.327,18.019,0.324,0.922,1.904,10.818,0.360,0.000,0.2900
458.850,-94.317,18.032,0.324,0.931,1.913,10.820,0.400,0.000,0.2600
458.860,-94.308,18.046,0.324,0.942,1.922,10.822,0.440,0.000,0.2300
458.870,-94.298,18.059,0.323,0.957,1.932,10.824,0.480,0.000,0.2000
458.880,-94.289,18.073,0.322,0.976,1.942,10.826,0.520,0.000,0.1700
458.890,-94.279,18.087,0.322,0.999,1.952,10.828,0.560,0.000,0.1400
458.900,-94.269,18.101,0.321,1.024,1.962,10.831,0.600,0.000,0.1100
458.910,-94.258,18.115,0.320,1.050,1.972,10.833,0.640,0.000,0.0800
458.920,-94.247,18.130,0.319,1.078,1.983,10.836,0.680,0.000,0.0500
458.930,-94.236,18.145,0.318,1.106,1.994,10.839,0.720,0.000,0.0200
458.940,-94.225,18.161,0.317,1.135,2.005,10.842,0.760,0.000,0.0000
458.950,-94.213,18.177,0.315,1.167,2.017,10.845,0.800,0.000,0.0000
458.960,-94.201,18.193,0.314,1.204,2.029,10.848,0.840,0.000,0.0000
458.970,-94.189,18.210,0.313,1.245,2.041,10.851,0.880,0.000,0.0000
458.980,-94.176,18.227,0.312,1.288,2.054,10.855,0.920,0.000,0.0000
458.990,-94.163,18.245,0.311,1.331,2.067,10.858,0.960,0.000,0.0000
459.000,-94.149,18.263,0.309,1.373,2.081,10.861,1.000,0.000,0.0000
459.010,-94.135,18.282,0.308,1.413,2.095,10.865,1.000,0.000,0.0000
459.020,-94.121,18.301,0.307,1.452,2.109,10.869,1.000,0.000,0.0000
459.030,-94.106,18.321,0.306,1.489,2.124,10.872,1.000,0.000,0.0000
459.040,-94.091,18.341,0.305,1.525,2.139,10.876,1.000,0.000,0.0000
459.050,-94.075,18.362,0.304,1.560,2.155,10.879,1.000,0.000,0.0000
459.060,-94.059,18.383,0.304,1.593,2.171,10.883,1.000,0.000,0.0000
459.070,-94.043,18.405,0.303,1.625,2.187,10.886,1.000,0.000,0.0000
459.080,-94.026,18.427,0.303,1.657,2.204,10.890,1.000,0.000,0.0000
459.090,-94.009,18.449,0.302,1.690,2.221,10.893,1.000,0.000,0.0000
459.100,-93.992,18.472,0.302,1.727,2.238,10.897,1.000,0.000,0.0000
459.110,-93.975,18.496,0.302,1.763,2.255,10.900,1.000,0.000,0.0000
459.120,-93.957,18.520,0.302,1.797,2.273,10.903,1.000,0.000,0.0000
459.130,-93.938,18.544,0.302,1.829,2.292,10.907,1.000,0.000,0.0000
459.140,-93.920,18.568,0.302,1.858,2.310,10.910,1.000,0.000,0.0000
459.150,-93.901,18.593,0.302,1.886,2.329,10.913,1.000,0.000,0.0000
459.160,-93.882,18.618,0.303,1.913,2.348,10.917,1.000,0.000,0.0000
459.170,-93.862,18.644,0.303,1.940,2.368,10.920,1.000,0.000,0.0000
459.180,-93.843,18.670,0.304,1.966,2.387,10.923,1.000,0.000,0.0000
459.190,-93.823,18.696,0.304,1.998,2.407,10.927,1.000,0.000,0.0000
459.200,-93.803,18.722,0.305,2.021,2.428,10.930,1.000,0.000,0.0000
459.210,-93.782,18.749,0.306,2.052,2.448,10.934,1.000,0.000,0.0000
459.220,-93.761,18.776,0.306,2.081,2.469,10.937,1.000,0.000,0.0000
459.230,-93.740,18.803,0.307,2.108,2.490,10.941,1.000,0.000,0.0000
459.240,-93.719,18.831,0.308,2.135,2.511,10.945,1.000,0.000,0.0000
459.250,-93.697,18.859,0.308,2.160,2.533,10.949,1.000,0.000,0.0000
459.260,-93.675,18.887,0.309,2.185,2.555,10.953,1.000,0.000,0.0000
459.270,-93.653,18.916,0.309,2.210,2.577,10.957,1.000,0.000,0.0000
459.280,-93.631,18.945,0.310,2.234,2.599,10.961,1.000,0.000,0.0000
459.290,-93.608,18.974,0.311,2.259,2.622,10.965,1.000,0.000,0.0000
459.300,-93.586,19.004,0.311,2.283,2.645,10.970,1.000,0.000,0.0000
459.310,-93.562,19.034,0.311,2.306,2.668,10.975,1.000,0.000,0.0000
459.320,-93.539,19.064,0.312,2.330,2.691,10.979,1.000,0.000,0.0000
459.330,-93.516,19.095,0.312,2.354,2.714,10.984,1.000,0.000,0.0000
459.340,-93.492,19.126,0.312,2.377,2.738,10.990,1.000,0.000,0.0000
459.350,-93.468,19.157,0.313,2.401,2.762,10.995,1.000,0.000,0.0000
459.360,-93.444,19.188,0.313,2.424,2.786,11.000,1.000,0.000,0.0000
459.370,-93.419,19.220,0.313,2.448,2.811,11.006,1.000,0.000,0.0000
459.380,-93.394,19.252,0.313,2.471,2.836,11.012,1.000,0.000,0.0000
459.390,-93.369,19.284,0.313,2.495,2.861,11.018,1.000,0.000,0.0000
459.400,-93.344,19.317,0.313,2.518,2.886,11.024,1.000,0.000,0.0000
459.410,-93.319,19.350,0.313,2.543,2.911,11.030,1.000,0.000,0.0000
459.420,-93.293,19.383,0.313,2.564,2.937,11.036,1.000,0.000,0.0000
459.430,-93.267,19.416,0.313,2.585,2.963,11.043,1.000,0.000,0.0000
459.440,-93.241,19.450,0.313,2.606,2.989,11.049,1.000,0.000,0.0000
459.450,-93.215,19.484,0.313,2.629,3.015,11.056,1.000,0.000,0.0000
459.460,-93.189,19.519,0.312,2.653,3.042,11.063,1.000,0.000,0.0000
459.470,-93.162,19.553,0.312,2.678,3.068,11.070,1.000,0.000,0.0000
459.480,-93.135,19.588,0.312,2.704,3.095,11.077,1.000,0.000,0.0000
459.490,-93.107,19.624,0.312,2.729,3.123,11.084,1.000,0.000,0.0000
459.500,-93.080,19.659,0.311,2.751,3.150,11.092,1.000,0.000,0.0000
459.510,-93.052,19.695,0.311,2.774,3.178,11.099,1.000,0.000,0.0000
459.520,-93.024,19.732,0.311,2.799,3.206,11.107,1.000,0.000,0.0000
459.530,-92.996,19.768,0.311,2.825,3.234,11.115,1.000,0.000,0.0000
459.540,-92.967,19.805,0.311,2.852,3.263,11.123,1.000,0.000,0.0000
459.550,-92.939,19.843,0.310,2.879,3.291,11.131,1.000,0.000,0.0000
459.560,-92.910,19.880,0.310,2.906,3.321,11.139,1.000,0.000,0.0000
459.570,-92.880,19.918,0.310,2.934,3.350,11.148,1.000,0.000,0.0000
459.580,-92.851,19.956,0.310,2.961,3.379,11.156,1.000,0.000,0.0000
459.590,-92.821,19.995,0.310,2.988,3.409,11.165,1.000,0.000,0.0000
459.600,-92.791,20.034,0.309,3.015,3.439,11.173,1.000,0.000,0.0000
459.610,-92.760,20.073,0.309,3.042,3.470,11.182,1.000,0.000,0.0000
459.620,-92.729,20.112,0.309,3.068,3.501,11.191,1.000,0.000,0.0000
459.630,-92.699,20.152,0.309,3.095,3.532,11.201,1.000,0.000,0.0000
459.640,-92.667,20.192,0.309,3.121,3.563,11.210,1.000,0.000,0.0000
459.650,-92.636,20.233,0.309,3.146,3.594,11.219,1.000,0.000,0.0000
459.660,-92.604,20.273,0.309,3.166,3.626,11.229,1.000,0.000,0.0000
459.670,-92.572,20.314,0.309,3.190,3.658,11.239,1.000,0.000,0.0000
459.680,-92.540,20.356,0.309,3.217,3.690,11.248,1.000,0.000,0.0000
459.690,-92.508,20.397,0.309,3.243,3.722,11.258,1.000,0.000,0.0000
459.700,-92.475,20.439,0.309,3.271,3.755,11.268,1.000,0.000,0.0000
459.710,-92.442,20.481,0.309,3.298,3.788,11.279,1.000,0.000,0.0000
459.720,-92.409,20.523,0.309,3.324,3.821,11.289,1.000,0.000,0.0000
459.730,-92.375,20.566,0.309,3.351,3.855,11.300,1.000,0.000,0.0000
459.740,-92.342,20.609,0.310,3.375,3.889,11.310,1.000,0.000,0.0000
459.750,-92.308,20.652,0.310,3.400,3.923,11.321,1.000,0.000,0.0000
459.760,-92.273,20.696,0.310,3.426,3.957,11.333,1.000,0.000,0.0000
459.770,-92.239,20.740,0.310,3.453,3.991,11.344,1.000,0.000,0.0000
459.780,-92.204,20.784,0.310,3.481,4.026,11.355,1.000,0.000,0.0000
459.790,-92.169,20.828,0.310,3.508,4.061,11.367,1.000,0.000,0.0000
459.800,-92.133,20.873,0.310,3.535,4.097,11.379,1.000,0.000,0.0000
459.810,-92.098,20.918,0.310,3.562,4.132,11.391,1.000,0.000,0.0000
459.820,-92.062,20.964,0.310,3.588,4.168,11.403,1.000,0.000,0.0000
459.830,-92.026,21.010,0.310,3.614,4.204,11.416,1.000,0.000,0.0000
459.840,-91.989,21.056,0.310,3.638,4.241,11.428,1.000,0.000,0.0000
459.850,-91.953,21.102,0.310,3.663,4.277,11.441,1.000,0.000,0.0000
459.860,-91.916,21.149,0.310,3.686,4.314,11.454,1.000,0.000,0.0000
459.870,-91.879,21.196,0.310,3.711,4.351,11.468,1.000,0.000,0.0000
459.880,-91.842,21.243,0.310,3.732,4.389,11.481,1.000,0.000,0.0000
459.890,-91.804,21.291,0.311,3.753,4.426,11.495,1.000,0.000,0.0000
459.900,-91.766,21.339,0.311,3.775,4.464,11.509,1.000,0.000,0.0000
459.910,-91.728,21.387,0.311,3.798,4.502,11.523,1.000,0.000,0.0000
459.920,-91.690,21.436,0.311,3.823,4.540,11.537,1.000,0.000,0.0000
459.930,-91.652,21.485,0.311,3.848,4.578,11.551,1.000,0.000,0.0000
459.940,-91.613,21.534,0.311,3.867,4.617,11.566,1.000,0.000,0.0000
459.950,-91.574,21.584,0.311,3.888,4.656,11.581,1.000,0.000,0.0000
459.960,-91.535,21.633,0.311,3.913,4.695,11.596,1.000,0.000,0.0000
459.970,-91.495,21.684,0.311,3.939,4.735,11.611,1.000,0.000,0.0000
459.980,-91.456,21.734,0.311,3.966,4.774,11.626,1.000,0.000,0.0000
459.990,-91.416,21.785,0.310,3.994,4.814,11.642,1.000,0.000,0.0000
460.000,-91.376,21.836,0.310,4.022,4.854,11.658,1.000,0.000,0.0000
460.010,-91.335,21.888,0.310,4.050,4.895,11.674,1.000,0.000,0.0000
460.020,-91.294,21.940,0.310,4.077,4.936,11.691,1.000,0.000,0.0000
460.030,-91.253,21.992,0.310,4.104,4.977,11.707,1.000,0.000,0.0000
460.040,-91.212,22.044,0.310,4.131,5.018,11.724,1.000,0.000,0.0000
460.050,-91.171,22.097,0.310,4.151,5.060,11.741,1.000,0.000,0.0000
460.060,-91.129,22.150,0.310,4.176,5.101,11.758,1.000,0.000,0.0000
460.070,-91.087,22.203,0.310,4.203,5.143,11.776,1.000,0.000,0.0000
460.080,-91.044,22.256,0.310,4.231,5.186,11.794,1.000,0.000,0.0000
460.090,-91.002,22.310,0.310,4.259,5.228,11.812,1.000,0.000,0.0000
460.100,-90.959,22.364,0.310,4.288,5.271,11.830,1.000,0.000,0.0000
460.110,-90.916,22.419,0.310,4.316,5.314,11.848,1.000,0.000,0.0000
460.120,-90.872,22.473,0.310,4.343,5.358,11.867,1.000,0.000,0.0000
460.130,-90.829,22.528,0.310,4.368,5.401,11.886,1.000,0.000,0.0000
460.140,-90.785,22.583,0.310,4.394,5.445,11.905,1.000,0.000,0.0000
460.150,-90.741,22.639,0.310,4.422,5.489,11.924,1.000,0.000,0.0000
460.160,-90.696,22.695,0.310,4.451,5.534,11.944,1.000,0.000,0.0000
460.170,-90.651,22.751,0.310,4.480,5.579,11.964,1.000,0.000,0.0000
460.180,-90.606,22.807,0.310,4.508,5.624,11.984,1.000,0.000,0.0000
460.190,-90.561,22.864,0.310,4.536,5.669,12.005,1.000,0.000,0.0000
460.200,-90.515,22.921,0.310,4.562,5.715,12.026,1.000,0.000,0.0000
460.210,-90.469,22.979,0.310,4.588,5.761,12.047,1.000,0.000,0.0000
460.220,-90.423,23.036,0.310,4.614,5.807,12.068,1.000,0.000,0.0000
460.230,-90.377,23.094,0.310,4.636,5.853,12.089,1.000,0.000,0.0000
460.240,-90.330,23.152,0.310,4.658,5.900,12.111,1.000,0.000,0.0000
460.250,-90.283,23.211,0.310,4.681,5.947,12.133,1.000,0.000,0.0000
460.260,-90.236,23.270,0.310,4.705,5.994,12.155,1.000,0.000,0.0000
460.270,-90.189,23.329,0.310,4.730,6.041,12.178,1.000,0.000,0.0000
460.280,-90.142,23.389,0.310,4.755,6.089,12.200,1.000,0.000,0.0000
460.290,-90.094,23.448,0.310,4.774,6.136,12.223,1.000,0.000,0.0000
460.300,-90.046,23.509,0.310,4.795,6.184,12.247,1.000,0.000,0.0000
460.310,-89.998,23.569,0.310,4.820,6.232,12.270,1.000,0.000,0.0000
460.320,-89.949,23.630,0.310,4.846,6.281,12.294,1.000,0.000,0.0000
460.330,-89.900,23.691,0.310,4.873,6.330,12.318,1.000,0.000,0.0000
460.340,-89.851,23.753,0.310,4.901,6.379,12.342,1.000,0.000,0.0000
460.350,-89.802,23.814,0.310,4.928,6.428,12.367,1.000,0.000,0.0000
460.360,-89.753,23.877,0.310,4.954,6.477,12.392,1.000,0.000,0.0000
460.370,-89.703,23.939,0.310,4.974,6.527,12.417,1.000,0.000,0.0000
460.380,-89.653,24.002,0.310,5.003,6.577,12.442,1.000,0.000,0.0000
460.390,-89.603,24.065,0.310,5.026,6.627,12.468,1.000,0.000,0.0000
460.400,-89.552,24.128,0.310,5.053,6.678,12.494,1.000,0.000,0.0000
460.410,-89.501,24.191,0.310,5.082,6.729,12.520,1.000,0.000,0.0000
460.420,-89.450,24.255,0.310,5.111,6.780,12.547,1.000,0.000,0.0000
460.430,-89.399,24.319,0.310,5.140,6.831,12.574,1.000,0.000,0.0000
460.440,-89.347,24.384,0.310,5.164,6.883,12.601,1.000,0.000,0.0000
460.450,-89.295,24.448,0.310,5.190,6.935,12.629,1.000,0.000,0.0000
460.460,-89.243,24.513,0.310,5.218,6.987,12.656,1.000,0.000,0.0000
460.470,-89.191,24.579,0.310,5.248,7.040,12.684,1.000,0.000,0.0000
460.480,-89.138,24.644,0.310,5.278,7.092,12.713,1.000,0.000,0.0000
460.490,-89.085,24.710,0.310,5.307,7.145,12.742,1.000,0.000,0.0000
460.500,-89.031,24.776,0.310,5.335,7.199,12.771,1.000,0.000,0.0000
460.510,-88.978,24.843,0.310,5.362,7.252,12.800,1.000,0.000,0.0000
460.520,-88.924,24.909,0.310,5.391,7.306,12.830,1.000,0.000,0.0000
460.530,-88.870,24.976,0.310,5.415,7.360,12.860,1.000,0.000,0.0000
460.540,-88.815,25.044,0.310,5.439,7.415,12.890,1.000,0.000,0.0000
460.550,-88.761,25.111,0.310,5.464,7.469,12.920,1.000,0.000,0.0000
460.560,-88.706,25.179,0.310,5.489,7.524,12.951,1.000,0.000,0.0000
460.570,-88.651,25.247,0.310,5.515,7.579,12.982,1.000,0.000,0.0000
460.580,-88.595,25.316,0.310,5.540,7.635,13.014,1.000,0.000,0.0000
460.590,-88.540,25.385,0.310,5.560,7.690,13.046,1.000,0.000,0.0000
460.600,-88.484,25.454,0.310,5.583,7.746,13.078,1.000,0.000,0.0080
460.610,-88.428,25.524,0.310,5.610,7.802,13.110,1.000,0.000,0.0160
460.620,-88.371,25.594,0.310,5.639,7.859,13.143,1.000,0.000,0.0240
460.630,-88.315,25.664,0.310,5.670,7.915,13.176,1.000,0.000,0.0320
460.640,-88.258,25.735,0.310,5.700,7.972,13.209,1.000,0.000,0.0400
460.650,-88.200,25.806,0.310,5.721,8.030,13.243,1.000,0.000,0.0480
460.660,-88.143,25.877,0.310,5.746,8.087,13.277,1.000,0.000,0.0560
460.670,-88.085,25.948,0.310,5.774,8.145,13.311,1.000,0.000,0.0640
460.680,-88.027,26.020,0.310,5.804,8.203,13.345,1.000,0.000,0.0720
460.690,-87.969,26.092,0.310,5.835,8.261,13.380,1.000,0.000,0.0800
460.700,-87.910,26.164,0.310,5.867,8.320,13.416,1.000,0.000,0.0880
460.710,-87.851,26.236,0.310,5.873,8.379,13.451,1.000,0.000,0.0960
460.720,-87.792,26.308,0.310,5.888,8.438,13.487,1.000,0.000,0.1040
460.730,-87.733,26.381,0.310,5.912,8.497,13.523,1.000,0.000,0.1120
460.740,-87.674,26.453,0.311,5.941,8.556,13.559,1.000,0.000,0.1200
460.750,-87.614,26.526,0.311,5.975,8.616,13.595,1.000,0.000,0.1280
460.760,-87.554,26.598,0.311,6.010,8.676,13.632,1.000,0.000,0.1360
460.770,-87.494,26.671,0.311,6.045,8.736,13.670,1.000,0.000,0.1440
460.780,-87.433,26.744,0.311,6.094,8.797,13.708,1.000,0.000,0.1520
460.790,-87.371,26.818,0.311,6.145,8.859,13.746,1.000,0.000,0.1600
460.800,-87.309,26.892,0.311,6.196,8.921,13.785,1.000,0.000,0.1680
460.810,-87.247,26.966,0.311,6.246,8.983,13.825,1.000,0.000,0.1760
460.820,-87.184,27.040,0.311,6.295,9.046,13.865,1.000,0.000,0.1460
460.830,-87.120,27.114,0.311,6.346,9.110,13.905,1.000,0.000,0.1160
460.840,-87.056,27.189,0.311,6.398,9.174,13.946,1.000,0.000,0.0860
460.850,-86.992,27.263,0.311,6.453,9.238,13.988,1.000,0.000,0.0560
460.860,-86.927,27.337,0.311,6.501,9.303,14.030,1.000,0.000,0.0260
460.870,-86.861,27.411,0.311,6.544,9.369,14.072,1.000,0.000,0.0000
460.880,-86.796,27.486,0.311,6.586,9.434,14.115,1.000,0.000,0.0000
460.890,-86.729,27.560,0.311,6.639,9.501,14.158,1.000,0.000,0.0000
460.900,-86.662,27.635,0.311,6.698,9.568,14.202,1.000,0.000,0.0000
460.910,-86.595,27.709,0.311,6.758,9.635,14.247,1.000,0.000,0.0000
460.920,-86.526,27.784,0.311,6.816,9.704,14.292,1.000,0.000,0.0000
460.930,-86.458,27.860,0.310,6.871,9.772,14.338,1.000,0.000,0.0000
460.940,-86.389,27.935,0.310,6.923,9.841,14.384,1.000,0.000,0.0000
460.950,-86.319,28.011,0.310,6.970,9.911,14.431,1.000,0.000,0.0000
460.960,-86.249,28.086,0.310,7.013,9.981,14.478,1.000,0.000,0.0000
460.970,-86.178,28.162,0.310,7.058,10.052,14.526,1.000,0.000,0.0000
460.980,-86.107,28.239,0.310,7.103,10.123,14.574,1.000,0.000,0.0000
460.990,-86.036,28.315,0.309,7.147,10.194,14.623,0.940,0.000,0.0000
461.000,-85.964,28.392,0.309,7.183,10.266,14.672,0.880,0.000,0.0000
461.010,-85.892,28.468,0.309,7.200,10.338,14.722,0.820,0.000,0.0000
461.020,-85.820,28.545,0.309,7.199,10.410,14.771,0.760,0.000,0.0000
461.030,-85.748,28.621,0.310,7.183,10.482,14.820,0.700,0.000,0.0000
461.040,-85.676,28.697,0.310,7.160,10.554,14.870,0.640,0.000,0.0000
461.050,-85.605,28.772,0.311,7.134,10.625,14.919,0.580,0.000,0.0000
461.060,-85.534,28.847,0.312,7.107,10.696,14.968,0.520,0.000,0.0000
461.070,-85.463,28.922,0.313,7.079,10.767,15.017,0.460,0.000,0.0000
461.080,-85.393,28.997,0.314,7.041,10.837,15.065,0.400,0.000,0.0000
461.090,-85.323,29.071,0.315,7.009,10.907,15.114,0.340,0.000,0.0000
461.100,-85.253,29.145,0.316,6.983,10.977,15.163,0.280,0.000,0.0000
461.110,-85.183,29.219,0.317,6.959,11.047,15.211,0.220,0.000,0.0000
461.120,-85.114,29.292,0.319,6.936,11.116,15.260,0.160,0.000,0.0000
461.130,-85.045,29.365,0.320,6.911,11.185,15.308,0.100,0.000,0.0000
461.140,-84.976,29.438,0.321,6.884,11.254,15.357,0.040,0.000,0.0000
461.150,-84.907,29.511,0.322,6.860,11.323,15.405,0.080,0.000,0.0000
461.160,-84.839,29.583,0.323,6.835,11.391,15.454,0.120,0.000,0.0000
461.170,-84.771,29.655,0.324,6.810,11.459,15.502,0.160,0.000,0.0000
461.180,-84.703,29.726,0.325,6.784,11.527,15.551,0.200,0.000,0.0000
461.190,-84.636,29.798,0.326,6.756,11.594,15.599,0.240,0.000,0.0000
461.200,-84.568,29.869,0.327,6.726,11.662,15.648,0.280,0.000,0.0000
461.210,-84.501,29.939,0.327,6.699,11.729,15.697,0.320,0.000,0.0000
461.220,-84.435,30.009,0.328,6.674,11.795,15.745,0.360,0.000,0.0000
461.230,-84.368,30.079,0.328,6.651,11.862,15.794,0.400,0.000,0.0000
461.240,-84.302,30.149,0.329,6.627,11.928,15.842,0.440,0.000,0.0000
461.250,-84.236,30.218,0.329,6.599,11.994,15.891,0.480,0.000,0.0000
461.260,-84.170,30.287,0.329,6.570,12.060,15.939,0.520,0.000,0.0000
461.270,-84.105,30.355,0.329,6.541,12.125,15.988,0.560,0.000,0.0000
461.280,-84.040,30.424,0.329,6.513,12.190,16.037,0.600,0.000,0.0000
461.290,-83.975,30.492,0.329,6.486,12.255,16.085,0.640,0.000,0.0000
461.300,-83.910,30.559,0.329,6.458,12.320,16.133,0.680,0.000,0.0000
461.310,-83.846,30.627,0.329,6.430,12.384,16.182,0.720,0.000,0.0080
461.320,-83.782,30.694,0.329,6.392,12.448,16.230,0.760,0.000,0.0160
461.330,-83.718,30.761,0.328,6.362,12.512,16.278,0.800,0.000,0.0240
461.340,-83.655,30.828,0.328,6.338,12.575,16.326,0.840,0.000,0.0320
461.350,-83.592,30.894,0.327,6.334,12.638,16.375,0.880,0.000,0.0400
461.360,-83.528,30.961,0.327,6.346,12.702,16.423,0.820,0.000,0.0480
461.370,-83.465,31.027,0.326,6.341,12.765,16.472,0.760,0.000,0.0560
461.380,-83.401,31.093,0.325,6.330,12.829,16.520,0.700,0.000,0.0640
461.390,-83.338,31.159,0.325,6.315,12.892,16.569,0.640,0.000,0.0720
461.400,-83.275,31.225,0.324,6.297,12.955,16.618,0.580,0.000,0.0800
461.410,-83.213,31.291,0.323,6.278,13.017,16.666,0.520,0.000,0.0880
461.420,-83.150,31.356,0.323,6.259,13.080,16.715,0.460,0.000,0.0960
461.430,-83.088,31.420,0.322,6.240,13.142,16.763,0.400,0.000,0.1040
461.440,-83.025,31.485,0.322,6.220,13.205,16.811,0.340,0.000,0.1120
461.450,-82.964,31.549,0.321,6.168,13.266,16.859,0.280,0.000,0.1200
461.460,-82.902,31.612,0.321,6.126,13.328,16.907,0.220,0.000,0.1280
461.470,-82.842,31.675,0.321,6.095,13.389,16.954,0.160,0.000,0.1360
461.480,-82.781,31.737,0.321,6.071,13.449,17.001,0.100,0.000,0.1440
461.490,-82.720,31.799,0.321,6.051,13.510,17.048,0.040,0.000,0.1520
461.500,-82.660,31.860,0.321,6.034,13.570,17.095,0.000,0.000,0.1600
461.510,-82.600,31.921,0.321,6.017,13.630,17.142,0.000,0.000,0.1680
461.520,-82.540,31.981,0.322,6.013,13.690,17.189,0.000,0.000,0.1760
461.530,-82.480,32.042,0.322,6.012,13.751,17.236,0.000,0.000,0.1840
461.540,-82.419,32.102,0.322,6.011,13.811,17.283,0.000,0.000,0.1920
461.550,-82.359,32.161,0.322,6.007,13.871,17.331,0.000,0.000,0.2000
461.560,-82.299,32.221,0.322,5.999,13.931,17.378,0.000,0.000,0.2080
461.570,-82.239,32.279,0.322,5.988,13.991,17.425,0.000,0.000,0.2160
461.580,-82.180,32.338,0.322,5.974,14.050,17.472,0.000,0.000,0.2240
461.590,-82.120,32.395,0.322,5.958,14.110,17.519,0.000,0.000,0.2320
461.600,-82.061,32.452,0.323,5.940,14.169,17.566,0.000,0.000,0.2400
461.610,-82.001,32.509,0.323,5.969,14.229,17.613,0.000,0.000,0.2480
461.620,-81.941,32.565,0.323,5.970,14.289,17.661,0.000,0.000,0.2560
461.630,-81.882,32.620,0.323,5.959,14.348,17.708,0.000,0.000,0.2640
461.640,-81.822,32.674,0.324,5.944,14.408,17.755,0.000,0.000,0.2720
461.650,-81.763,32.727,0.324,5.930,14.467,17.802,0.000,0.000,0.2800
461.660,-81.704,32.780,0.325,5.918,14.526,17.849,0.000,0.000,0.2880
461.670,-81.645,32.833,0.325,5.901,14.585,17.896,0.000,0.000,0.2960
461.680,-81.586,32.884,0.325,5.882,14.644,17.943,0.000,0.000,0.3040
461.690,-81.527,32.935,0.326,5.863,14.703,17.990,0.000,0.000,0.3120
461.700,-81.469,32.986,0.326,5.844,14.761,18.037,0.000,0.000,0.3200
461.710,-81.411,33.035,0.327,5.775,14.819,18.083,0.000,0.000,0.3280
461.720,-81.354,33.084,0.327,5.725,14.876,18.129,0.000,0.000,0.3360
461.730,-81.297,33.131,0.328,5.692,14.933,18.175,0.000,0.000,0.3440
461.740,-81.240,33.178,0.329,5.670,14.990,18.220,0.000,0.000,0.3520
461.750,-81.184,33.225,0.329,5.656,15.046,18.266,0.000,0.000,0.3600
461.760,-81.127,33.270,0.330,5.645,15.103,18.311,0.000,0.000,0.3680
461.770,-81.071,33.315,0.330,5.635,15.159,18.357,0.000,0.000,0.3760
461.780,-81.015,33.359,0.330,5.624,15.215,18.403,0.000,0.000,0.3840
461.790,-80.959,33.402,0.331,5.612,15.271,18.448,0.000,0.000,0.3920
461.800,-80.903,33.444,0.331,5.598,15.327,18.494,0.000,0.000,0.4000
461.810,-80.847,33.486,0.331,5.582,15.383,18.539,0.000,0.000,0.4080
461.820,-80.791,33.528,0.331,5.588,15.439,18.585,0.000,0.000,0.4160
461.830,-80.735,33.569,0.331,5.599,15.495,18.631,0.000,0.000,0.4240
461.840,-80.679,33.610,0.330,5.607,15.551,18.677,0.000,0.000,0.4320
461.850,-80.623,33.650,0.330,5.608,15.607,18.723,0.000,0.000,0.4400
461.860,-80.567,33.689,0.329,5.602,15.663,18.770,0.000,0.000,0.4480
461.870,-80.511,33.728,0.329,5.589,15.719,18.816,0.000,0.000,0.4560
461.880,-80.455,33.766,0.329,5.572,15.775,18.862,0.000,0.000,0.4640
461.890,-80.400,33.803,0.328,5.551,15.830,18.908,0.000,0.000,0.4720
461.900,-80.345,33.839,0.328,5.520,15.886,18.954,0.000,0.000,0.4800
461.910,-80.290,33.874,0.328,5.470,15.940,18.999,0.000,0.000,0.4880
461.920,-80.236,33.908,0.328,5.406,15.994,19.044,0.000,0.000,0.4960
461.930,-80.182,33.940,0.328,5.330,16.048,19.088,0.000,0.000,0.5000
461.940,-80.129,33.972,0.329,5.300,16.101,19.131,0.000,0.000,0.5000
461.950,-80.077,34.003,0.329,5.252,16.153,19.175,0.000,0.000,0.5000
461.960,-80.025,34.032,0.329,5.213,16.205,19.218,0.000,0.000,0.5000
461.970,-79.973,34.061,0.330,5.182,16.257,19.261,0.000,0.000,0.5000
461.980,-79.921,34.090,0.330,5.158,16.309,19.304,0.000,0.000,0.5000
461.990,-79.870,34.118,0.330,5.139,16.360,19.346,0.000,0.000,0.5000
462.000,-79.819,34.145,0.330,5.122,16.411,19.389,0.000,0.000,0.5000
462.010,-79.768,34.171,0.331,5.106,16.462,19.431,0.000,0.000,0.5000
462.020,-79.717,34.197,0.331,5.091,16.513,19.474,0.000,0.000,0.5000
462.030,-79.666,34.222,0.331,5.070,16.564,19.516,0.000,0.000,0.5000
462.040,-79.616,34.246,0.331,5.048,16.614,19.559,0.000,0.000,0.5000
462.050,-79.565,34.270,0.330,5.027,16.665,19.601,0.000,0.000,0.5000
462.060,-79.515,34.293,0.330,5.012,16.715,19.643,0.000,0.000,0.5000
462.070,-79.465,34.316,0.330,5.001,16.765,19.685,0.000,0.000,0.5000
462.080,-79.415,34.338,0.330,4.993,16.815,19.727,0.000,0.000,0.5000
462.090,-79.366,34.359,0.329,4.983,16.865,19.769,0.000,0.000,0.5000
462.100,-79.316,34.380,0.329,4.971,16.914,19.811,0.000,0.000,0.5000
462.110,-79.266,34.400,0.328,4.957,16.964,19.853,0.000,0.000,0.5000
462.120,-79.217,34.419,0.328,4.942,17.013,19.895,0.000,0.000,0.5000
462.130,-79.168,34.438,0.327,4.924,17.062,19.937,0.000,0.000,0.5000
462.140,-79.119,34.456,0.327,4.905,17.112,19.979,0.000,0.000,0.5000
462.150,-79.069,34.474,0.326,4.913,17.161,20.021,0.000,0.000,0.5000
462.160,-79.020,34.492,0.325,4.925,17.210,20.063,0.000,0.000,0.5000
462.170,-78.971,34.509,0.324,4.934,17.259,20.105,0.000,0.000,0.5000
462.180,-78.921,34.526,0.324,4.938,17.309,20.147,0.000,0.000,0.5000
462.190,-78.872,34.543,0.323,4.934,17.358,20.190,0.000,0.000,0.5000
462.200,-78.823,34.559,0.322,4.924,17.407,20.232,0.000,0.000,0.5000
462.210,-78.774,34.574,0.321,4.908,17.456,20.274,0.000,0.000,0.4700
462.220,-78.725,34.589,0.321,4.884,17.505,20.316,0.000,0.000,0.4400
462.230,-78.676,34.604,0.320,4.856,17.554,20.357,0.000,0.000,0.4100
462.240,-78.628,34.618,0.320,4.829,17.602,20.398,0.000,0.000,0.3800
462.250,-78.580,34.631,0.320,4.804,17.650,20.440,0.000,0.000,0.3500
462.260,-78.532,34.644,0.320,4.783,17.698,20.480,0.000,0.000,0.3200
462.270,-78.485,34.656,0.320,4.768,17.745,20.521,0.000,0.000,0.2900
462.280,-78.437,34.668,0.319,4.757,17.793,20.562,0.000,0.000,0.2600
462.290,-78.390,34.680,0.319,4.732,17.840,20.602,0.000,0.000,0.2300
462.300,-78.342,34.690,0.319,4.725,17.888,20.643,0.000,0.000,0.2000
462.310,-78.295,34.701,0.319,4.728,17.935,20.683,0.000,0.000,0.1700
462.320,-78.248,34.711,0.319,4.742,17.982,20.724,0.000,0.000,0.1400
462.330,-78.200,34.721,0.319,4.766,18.030,20.765,0.000,0.000,0.1100
462.340,-78.152,34.731,0.319,4.795,18.078,20.806,0.000,0.000,0.0800
462.350,-78.104,34.741,0.319,4.827,18.126,20.847,0.000,0.000,0.0500
462.360,-78.055,34.751,0.318,4.857,18.175,20.889,0.000,0.000,0.0200
462.370,-78.006,34.761,0.318,4.882,18.224,20.932,0.000,0.000,0.0000
462.380,-77.957,34.770,0.318,4.899,18.273,20.974,0.000,0.000,0.0000
462.390,-77.908,34.779,0.317,4.908,18.322,21.016,0.000,0.000,0.0000
462.400,-77.859,34.788,0.317,4.909,18.371,21.059,0.000,0.000,0.0000
462.410,-77.810,34.797,0.316,4.902,18.420,21.101,0.000,0.000,0.0000
462.420,-77.761,34.806,0.316,4.889,18.469,21.143,0.000,0.000,0.0000
462.430,-77.713,34.814,0.316,4.870,18.517,21.186,0.000,0.000,0.0000
462.440,-77.664,34.823,0.316,4.848,18.566,21.227,0.000,0.000,0.0000
462.450,-77.616,34.831,0.316,4.822,18.614,21.269,0.000,0.000,0.0000
462.460,-77.568,34.839,0.316,4.793,18.662,21.310,0.000,0.000,0.0000
462.470,-77.520,34.847,0.316,4.762,18.710,21.352,0.000,0.000,0.0000
462.480,-77.473,34.855,0.317,4.729,18.757,21.392,0.000,0.000,0.0000
462.490,-77.426,34.863,0.317,4.695,18.804,21.433,0.000,0.000,0.0000
462.500,-77.380,34.871,0.318,4.660,18.850,21.473,0.000,0.000,0.0000
462.510,-77.333,34.878,0.318,4.642,18.897,21.513,0.000,0.000,0.0000
462.520,-77.287,34.886,0.318,4.620,18.943,21.553,0.000,0.000,0.0000
462.530,-77.241,34.893,0.319,4.593,18.989,21.593,0.000,0.000,0.0000
462.540,-77.195,34.900,0.319,4.562,19.035,21.632,0.000,0.000,0.0000
462.550,-77.150,34.907,0.320,4.526,19.080,21.671,0.000,0.000,0.0000
462.560,-77.105,34.915,0.320,4.489,19.125,21.710,0.000,0.000,0.0000
462.570,-77.061,34.922,0.321,4.449,19.169,21.748,0.000,0.000,0.0000
462.580,-77.017,34.929,0.321,4.409,19.213,21.786,0.000,0.000,0.0000
462.590,-76.973,34.936,0.322,4.368,19.257,21.824,0.000,0.000,0.0000
462.600,-76.930,34.943,0.323,4.327,19.300,21.862,0.000,0.000,0.0000
462.610,-76.887,34.949,0.323,4.286,19.343,21.899,0.000,0.000,0.0000
462.620,-76.845,34.956,0.324,4.238,19.385,21.936,0.000,0.000,0.0000
462.630,-76.803,34.963,0.324,4.192,19.427,21.972,0.000,0.000,0.0000
462.640,-76.761,34.969,0.325,4.147,19.469,22.008,0.000,0.000,0.0000
462.650,-76.720,34.976,0.325,4.104,19.510,22.044,0.000,0.000,0.0000
462.660,-76.680,34.982,0.325,4.063,19.550,22.079,0.000,0.000,0.0000
462.670,-76.639,34.989,0.326,4.022,19.591,22.114,0.000,0.000,0.0000
462.680,-76.600,34.995,0.326,3.981,19.631,22.149,0.000,0.000,0.0000
462.690,-76.560,35.001,0.326,3.941,19.670,22.183,0.000,0.000,0.0000
462.700,-76.521,35.008,0.326,3.899,19.709,22.217,0.000,0.000,0.0000
462.710,-76.483,35.014,0.327,3.858,19.748,22.251,0.000,0.000,0.0000
462.720,-76.444,35.020,0.327,3.817,19.786,22.285,0.000,0.000,0.0000
462.730,-76.407,35.026,0.327,3.776,19.823,22.318,0.000,0.000,0.0000
462.740,-76.369,35.032,0.327,3.735,19.861,22.350,0.000,0.000,0.0000
462.750,-76.332,35.038,0.327,3.695,19.898,22.383,0.000,0.000,0.0000
462.760,-76.296,35.044,0.327,3.655,19.934,22.415,0.000,0.000,0.0000
462.770,-76.260,35.050,0.326,3.614,19.970,22.447,0.000,0.000,0.0000
462.780,-76.224,35.055,0.326,3.574,20.006,22.478,0.000,0.000,0.0000
462.790,-76.189,35.061,0.326,3.533,20.041,22.510,0.000,0.000,0.0000
462.800,-76.154,35.066,0.326,3.492,20.076,22.540,0.000,0.000,0.0000
462.810,-76.119,35.072,0.326,3.448,20.111,22.571,0.000,0.000,0.0000
462.820,-76.085,35.077,0.326,3.406,20.145,22.601,0.000,0.000,0.0000
462.830,-76.051,35.083,0.325,3.365,20.179,22.631,0.000,0.000,0.0000
462.840,-76.018,35.088,0.325,3.326,20.212,22.660,0.000,0.000,0.0000
462.850,-75.985,35.093,0.325,3.288,20.245,22.689,0.000,0.000,0.0000
462.860,-75.953,35.098,0.325,3.250,20.277,22.718,0.000,0.000,0.0000
462.870,-75.921,35.103,0.325,3.212,20.309,22.746,0.000,0.000,0.0000
462.880,-75.889,35.109,0.324,3.174,20.341,22.775,0.000,0.000,0.0000
462.890,-75.858,35.114,0.324,3.137,20.372,22.802,0.000,0.000,0.0000
462.900,-75.827,35.118,0.324,3.099,20.403,22.830,0.000,0.000,0.0000
462.910,-75.796,35.123,0.324,3.061,20.434,22.857,0.000,0.000,0.0000
462.920,-75.766,35.128,0.324,3.023,20.464,22.884,0.000,0.000,0.0000
462.930,-75.736,35.133,0.323,2.986,20.494,22.910,0.000,0.000,0.0000
462.940,-75.706,35.137,0.323,2.948,20.524,22.936,0.000,0.000,0.0000
462.950,-75.677,35.142,0.323,2.909,20.553,22.962,0.000,0.000,0.0000
462.960,-75.649,35.146,0.323,2.871,20.581,22.988,0.000,0.000,0.0000
462.970,-75.620,35.151,0.323,2.833,20.610,23.013,0.000,0.000,0.0000
462.980,-75.592,35.155,0.323,2.794,20.638,23.038,0.000,0.000,0.0000
462.990,-75.565,35.159,0.323,2.756,20.665,23.062,0.000,0.000,0.0000
463.000,-75.538,35.164,0.323,2.717,20.692,23.086,0.000,0.000,0.0000
463.010,-75.511,35.168,0.323,2.678,20.719,23.110,0.000,0.000,0.0000
463.020,-75.484,35.172,0.323,2.640,20.746,23.133,0.000,0.000,0.0000
463.030,-75.458,35.176,0.323,2.601,20.772,23.156,0.000,0.000,0.0000
463.040,-75.433,35.180,0.323,2.562,20.797,23.179,0.000,0.000,0.0000
463.050,-75.408,35.183,0.323,2.523,20.822,23.201,0.000,0.000,0.0000
463.060,-75.383,35.187,0.323,2.484,20.847,23.223,0.000,0.000,0.0000
463.070,-75.358,35.191,0.323,2.444,20.872,23.245,0.000,0.000,0.0000
463.080,-75.334,35.195,0.323,2.405,20.896,23.266,0.000,0.000,0.0000
463.090,-75.311,35.198,0.323,2.366,20.919,23.287,0.000,0.000,0.0000
463.100,-75.287,35.202,0.323,2.325,20.943,23.308,0.000,0.000,0.0000
463.110,-75.265,35.205,0.323,2.284,20.966,23.328,0.000,0.000,0.0000
463.120,-75.242,35.209,0.323,2.243,20.988,23.348,0.000,0.000,0.0000
463.130,-75.220,35.212,0.324,2.203,21.010,23.368,0.000,0.000,0.0000
463.140,-75.198,35.215,0.324,2.163,21.032,23.387,0.000,0.000,0.0000
463.150,-75.177,35.218,0.324,2.123,21.053,23.406,0.000,0.000,0.0000
463.160,-75.156,35.222,0.324,2.083,21.074,23.424,0.000,0.000,0.0000
463.170,-75.136,35.225,0.324,2.043,21.094,23.442,0.000,0.000,0.0000
463.180,-75.116,35.228,0.324,2.004,21.114,23.460,0.000,0.000,0.0000
463.190,-75.096,35.231,0.324,1.964,21.134,23.478,0.000,0.000,0.0000
463.200,-75.077,35.234,0.324,1.924,21.153,23.495,0.000,0.000,0.0000
463.210,-75.058,35.237,0.324,1.884,21.172,23.511,0.000,0.000,0.0000
463.220,-75.040,35.240,0.324,1.844,21.190,23.528,0.000,0.000,0.0000
463.230,-75.022,35.242,0.324,1.804,21.208,23.544,0.000,0.000,0.0000
463.240,-75.004,35.245,0.324,1.765,21.226,23.560,0.000,0.000,0.0000
463.250,-74.987,35.248,0.324,1.725,21.243,23.575,0.000,0.000,0.0000
463.260,-74.970,35.250,0.324,1.685,21.260,23.590,0.000,0.000,0.0000
463.270,-74.954,35.253,0.324,1.645,21.277,23.605,0.000,0.000,0.0000
463.280,-74.937,35.255,0.324,1.605,21.293,23.619,0.000,0.000,0.0000
463.290,-74.922,35.258,0.324,1.553,21.308,23.633,0.000,0.000,0.0000
463.300,-74.907,35.260,0.325,1.502,21.323,23.646,0.000,0.000,0.0000
463.310,-74.892,35.263,0.325,1.454,21.338,23.659,0.000,0.000,0.0000
463.320,-74.878,35.265,0.325,1.409,21.352,23.672,0.000,0.000,0.0000
463.330,-74.865,35.267,0.325,1.366,21.365,23.684,0.000,0.000,0.0000
463.340,-74.851,35.269,0.325,1.326,21.379,23.696,0.000,0.000,0.0000
463.350,-74.839,35.271,0.325,1.286,21.392,23.707,0.000,0.000,0.0000
463.360,-74.826,35.273,0.325,1.246,21.404,23.718,0.000,0.000,0.0000
463.370,-74.814,35.275,0.325,1.207,21.416,23.729,0.000,0.000,0.0000
463.380,-74.802,35.277,0.325,1.168,21.428,23.739,0.000,0.000,0.0000
463.390,-74.791,35.278,0.325,1.128,21.439,23.750,0.000,0.000,0.0000
463.400,-74.780,35.280,0.325,1.089,21.450,23.759,0.000,0.000,0.0000
463.410,-74.770,35.282,0.325,1.050,21.460,23.769,0.000,0.000,0.0000
463.420,-74.760,35.283,0.325,1.012,21.471,23.778,0.000,0.000,0.0000
463.430,-74.750,35.285,0.324,0.976,21.480,23.786,0.000,0.000,0.0000
463.440,-74.740,35.286,0.324,0.940,21.490,23.795,0.000,0.000,0.0000
463.450,-74.731,35.288,0.324,0.908,21.499,23.803,0.000,0.000,0.0000
463.460,-74.723,35.289,0.324,0.876,21.508,23.811,0.000,0.000,0.0000
463.470,-74.714,35.290,0.324,0.844,21.516,23.819,0.000,0.000,0.0000
463.480,-74.706,35.292,0.324,0.811,21.524,23.826,0.000,0.000,0.0000
463.490,-74.698,35.293,0.324,0.777,21.532,23.833,0.000,0.000,0.0000
463.500,-74.691,35.294,0.324,0.741,21.539,23.840,0.000,0.000,0.0000
463.510,-74.684,35.295,0.323,0.705,21.546,23.846,0.000,0.000,0.0000
463.520,-74.677,35.296,0.323,0.667,21.553,23.852,0.000,0.000,0.0000
463.530,-74.671,35.297,0.323,0.628,21.559,23.858,0.000,0.000,0.0000
463.540,-74.665,35.298,0.323,0.589,21.565,23.863,0.000,0.000,0.0000
463.550,-74.659,35.299,0.323,0.550,21.571,23.868,0.000,0.000,0.0000
463.560,-74.654,35.300,0.323,0.510,21.576,23.872,0.000,0.000,0.0000
463.570,-74.650,35.301,0.323,0.471,21.580,23.877,0.000,0.000,0.0000
463.580,-74.645,35.301,0.323,0.432,21.585,23.881,0.000,0.000,0.0000
463.590,-74.641,35.302,0.323,0.392,21.589,23.884,0.000,0.000,0.0000
463.600,-74.638,35.303,0.323,0.353,21.592,23.887,0.000,0.000,0.0000
463.610,-74.635,35.303,0.323,0.314,21.595,23.890,0.000,0.000,0.0000
463.620,-74.632,35.304,0.323,0.275,21.598,23.892,0.000,0.000,0.0000
463.630,-74.630,35.304,0.323,0.236,21.600,23.895,0.000,0.000,0.0000
463.640,-74.628,35.305,0.323,0.197,21.602,23.896,0.000,0.000,0.0000
463.650,-74.626,35.305,0.323,0.158,21.604,23.898,0.040,0.000,0.0000
463.660,-74.625,35.305,0.323,0.144,21.605,23.899,0.080,0.000,0.0000
463.670,-74.623,35.306,0.323,0.153,21.607,23.900,0.120,0.000,0.0000
463.680,-74.621,35.306,0.323,0.180,21.609,23.902,0.160,0.000,0.0000
463.690,-74.619,35.307,0.322,0.217,21.611,23.904,0.200,0.000,0.0000
463.700,-74.617,35.307,0.322,0.259,21.613,23.907,0.240,0.000,0.0000
463.710,-74.614,35.308,0.321,0.302,21.616,23.910,0.280,0.000,0.0000
463.720,-74.610,35.308,0.320,0.345,21.620,23.913,0.320,0.000,0.0000
463.730,-74.607,35.309,0.319,0.387,21.623,23.917,0.360,0.000,0.0000
463.740,-74.602,35.310,0.318,0.427,21.628,23.921,0.400,0.000,0.0000
463.750,-74.598,35.311,0.317,0.467,21.632,23.926,0.440,0.000,0.0000
463.760,-74.593,35.312,0.316,0.505,21.637,23.930,0.480,0.000,0.0000
463.770,-74.588,35.313,0.315,0.544,21.642,23.936,0.520,0.000,0.0000
463.780,-74.582,35.314,0.314,0.582,21.648,23.941,0.560,0.000,0.0000
463.790,-74.576,35.315,0.313,0.621,21.654,23.947,0.600,0.000,0.0000
463.800,-74.569,35.316,0.312,0.660,21.661,23.953,0.640,0.000,0.0000
463.810,-74.562,35.317,0.311,0.699,21.668,23.960,0.680,0.000,0.0000
463.820,-74.555,35.318,0.310,0.739,21.675,23.967,0.720,0.000,0.0000
463.830,-74.547,35.319,0.309,0.779,21.683,23.974,0.760,0.000,0.0000
463.840,-74.539,35.321,0.308,0.819,21.691,23.982,0.800,0.000,0.0000
463.850,-74.531,35.322,0.308,0.859,21.699,23.990,0.840,0.000,0.0000
463.860,-74.522,35.323,0.307,0.900,21.708,23.998,0.880,0.000,0.0000
463.870,-74.512,35.325,0.307,0.941,21.718,24.007,0.920,0.000,0.0000
463.880,-74.502,35.327,0.306,0.982,21.728,24.016,0.960,0.000,0.0000
463.890,-74.492,35.328,0.306,1.023,21.738,24.025,1.000,0.000,0.0000
463.900,-74.481,35.330,0.306,1.065,21.749,24.035,1.000,0.000,0.0000
463.910,-74.470,35.332,0.305,1.106,21.760,24.045,1.000,0.000,0.0000
463.920,-74.459,35.333,0.305,1.147,21.771,24.055,1.000,0.000,0.0000
463.930,-74.447,35.335,0.305,1.188,21.783,24.066,1.000,0.000,0.0000
463.940,-74.435,35.337,0.305,1.230,21.795,24.077,1.000,0.000,0.0000
463.950,-74.422,35.339,0.306,1.271,21.808,24.088,1.000,0.000,0.0000
463.960,-74.409,35.341,0.306,1.311,21.821,24.100,1.000,0.000,0.0000
463.970,-74.395,35.343,0.306,1.352,21.835,24.112,1.000,0.000,0.0000
463.980,-74.382,35.345,0.306,1.393,21.848,24.124,1.000,0.000,0.0000
463.990,-74.367,35.347,0.307,1.433,21.863,24.137,1.000,0.000,0.0000
464.000,-74.352,35.349,0.307,1.473,21.878,24.150,1.000,0.000,0.0000
464.010,-74.337,35.352,0.307,1.513,21.893,24.163,1.000,0.000,0.0000
464.020,-74.322,35.354,0.308,1.552,21.908,24.177,1.000,0.000,0.0000
464.030,-74.306,35.356,0.308,1.590,21.924,24.191,1.000,0.000,0.0000
464.040,-74.290,35.359,0.309,1.628,21.940,24.205,1.000,0.000,0.0000
464.050,-74.273,35.361,0.309,1.665,21.957,24.220,1.000,0.000,0.0000
464.060,-74.256,35.364,0.309,1.702,21.974,24.235,1.000,0.000,0.0000
464.070,-74.239,35.366,0.310,1.738,21.991,24.251,1.000,0.000,0.0000
464.080,-74.221,35.369,0.310,1.775,22.009,24.266,1.000,0.000,0.0000
464.090,-74.203,35.371,0.311,1.812,22.027,24.283,1.000,0.000,0.0000
464.100,-74.184,35.374,0.311,1.848,22.046,24.299,1.000,0.000,0.0000
464.110,-74.165,35.377,0.311,1.885,22.065,24.316,1.000,0.000,0.0000
464.120,-74.146,35.380,0.311,1.922,22.084,24.333,1.000,0.000,0.0000
464.130,-74.127,35.382,0.312,1.959,22.103,24.350,1.000,0.000,0.0000
464.140,-74.107,35.385,0.312,1.996,22.123,24.368,1.000,0.000,0.0000
464.150,-74.086,35.388,0.312,2.033,22.144,24.386,1.000,0.000,0.0000
464.160,-74.066,35.391,0.312,2.071,22.164,24.405,1.000,0.000,0.0000
464.170,-74.045,35.394,0.312,2.109,22.185,24.424,1.000,0.000,0.0000
464.180,-74.023,35.397,0.312,2.147,22.207,24.443,1.000,0.000,0.0000
464.190,-74.001,35.400,0.312,2.186,22.229,24.463,1.000,0.000,0.0000
464.200,-73.979,35.403,0.312,2.225,22.251,24.483,1.000,0.000,0.0000
464.210,-73.956,35.406,0.312,2.264,22.274,24.503,1.000,0.000,0.0000
464.220,-73.933,35.410,0.312,2.303,22.297,24.524,1.000,0.000,0.0000
464.230,-73.910,35.413,0.312,2.342,22.320,24.545,1.000,0.000,0.0000
464.240,-73.886,35.416,0.312,2.381,22.344,24.567,1.000,0.000,0.0000
464.250,-73.862,35.420,0.312,2.420,22.368,24.588,1.000,0.000,0.0000
464.260,-73.837,35.423,0.312,2.459,22.393,24.611,1.000,0.000,0.0000
464.270,-73.812,35.427,0.312,2.502,22.418,24.633,1.000,0.000,0.0000
464.280,-73.787,35.430,0.311,2.544,22.443,24.656,1.000,0.000,0.0000
464.290,-73.761,35.434,0.311,2.587,22.469,24.680,1.000,0.000,0.0000
464.300,-73.735,35.438,0.311,2.630,22.495,24.703,1.000,0.000,0.0000
464.310,-73.708,35.441,0.311,2.673,22.522,24.728,1.000,0.000,0.0000
464.320,-73.681,35.445,0.311,2.715,22.549,24.752,1.000,0.000,0.0000
464.330,-73.653,35.449,0.310,2.758,22.577,24.777,1.000,0.000,0.0000
464.340,-73.625,35.453,0.310,2.799,22.605,24.802,1.000,0.000,0.0000
464.350,-73.597,35.457,0.310,2.840,22.633,24.828,1.000,0.000,0.0000
464.360,-73.568,35.461,0.310,2.878,22.662,24.854,1.000,0.000,0.0000
464.370,-73.539,35.465,0.310,2.916,22.691,24.881,1.000,0.000,0.0000
464.380,-73.509,35.469,0.310,2.956,22.721,24.907,1.000,0.000,0.0000
464.390,-73.479,35.473,0.309,2.995,22.751,24.934,1.000,0.000,0.0000
464.400,-73.449,35.478,0.309,3.035,22.781,24.962,1.000,0.000,0.0000
464.410,-73.418,35.482,0.309,3.076,22.812,24.990,1.000,0.000,0.0000
464.420,-73.387,35.486,0.309,3.117,22.843,25.018,1.000,0.000,0.0000
464.430,-73.355,35.491,0.309,3.157,22.875,25.046,1.000,0.000,0.0000
464.440,-73.324,35.495,0.309,3.196,22.906,25.075,1.000,0.000,0.0000
464.450,-73.291,35.500,0.309,3.232,22.939,25.105,1.000,0.000,0.0000
464.460,-73.259,35.504,0.309,3.267,22.971,25.134,1.000,0.000,0.0000
464.470,-73.226,35.509,0.309,3.301,23.004,25.164,1.000,0.000,0.0000
464.480,-73.192,35.514,0.309,3.334,23.038,25.194,1.000,0.000,0.0000
464.490,-73.159,35.518,0.309,3.370,23.072,25.225,1.000,0.000,0.0000
464.500,-73.124,35.523,0.310,3.408,23.106,25.255,1.000,0.000,0.0000
464.510,-73.090,35.528,0.310,3.447,23.140,25.287,1.000,0.000,0.0000
464.520,-73.055,35.532,0.310,3.487,23.175,25.318,1.000,0.000,0.0000
464.530,-73.020,35.537,0.310,3.528,23.210,25.350,1.000,0.000,0.0000
464.540,-72.984,35.542,0.310,3.569,23.246,25.382,1.000,0.000,0.0000
464.550,-72.948,35.547,0.310,3.609,23.282,25.415,1.000,0.000,0.0000
464.560,-72.912,35.552,0.310,3.650,23.318,25.448,1.000,0.000,0.0000
464.570,-72.875,35.557,0.310,3.690,23.355,25.482,1.000,0.000,0.0000
464.580,-72.837,35.562,0.310,3.730,23.393,25.515,0.940,0.000,0.0000
464.590,-72.800,35.567,0.310,3.770,23.430,25.550,0.880,0.000,0.0000
464.600,-72.762,35.572,0.310,3.810,23.468,25.584,0.820,0.000,0.0000
464.610,-72.723,35.577,0.311,3.849,23.507,25.619,0.760,0.000,0.0000
464.620,-72.684,35.583,0.311,3.888,23.546,25.654,0.700,0.000,0.0000
464.630,-72.645,35.588,0.311,3.927,23.585,25.690,0.640,0.000,0.0000
464.640,-72.605,35.593,0.311,3.966,23.625,25.726,0.580,0.000,0.0000
464.650,-72.565,35.598,0.311,4.004,23.665,25.763,0.520,0.000,0.0000
464.660,-72.525,35.604,0.311,4.042,23.705,25.799,0.460,0.000,0.0000
464.670,-72.484,35.609,0.311,4.089,23.746,25.837,0.400,0.000,0.0000
464.680,-72.443,35.615,0.311,4.135,23.787,25.874,0.340,0.000,0.0000
464.690,-72.401,35.621,0.311,4.152,23.829,25.912,0.280,0.000,0.0000
464.700,-72.360,35.626,0.311,4.143,23.870,25.950,0.220,0.000,0.0000
464.710,-72.318,35.632,0.311,4.118,23.912,25.987,0.160,0.000,0.0000
464.720,-72.278,35.637,0.311,4.084,23.952,26.024,0.100,0.000,0.0000
464.730,-72.237,35.642,0.312,4.045,23.993,26.061,0.040,0.000,0.0000
464.740,-72.197,35.648,0.313,4.006,24.033,26.097,0.000,0.000,0.0000
464.750,-72.157,35.653,0.314,3.966,24.073,26.133,0.000,0.000,0.0000
464.760,-72.118,35.658,0.315,3.927,24.112,26.168,0.000,0.000,0.0000
464.770,-72.079,35.663,0.316,3.889,24.151,26.203,0.000,0.000,0.0000
464.780,-72.041,35.668,0.317,3.851,24.189,26.238,0.000,0.000,0.0000
464.790,-72.003,35.673,0.318,3.813,24.227,26.272,0.000,0.000,0.0000
464.800,-71.965,35.678,0.319,3.775,24.265,26.306,0.000,0.000,0.0000
464.810,-71.928,35.683,0.320,3.736,24.302,26.340,0.000,0.000,0.0000
464.820,-71.891,35.688,0.321,3.697,24.339,26.374,0.000,0.000,0.0000
464.830,-71.854,35.693,0.322,3.657,24.376,26.407,0.000,0.000,0.0000
464.840,-71.818,35.698,0.323,3.617,24.412,26.439,0.000,0.000,0.0000
464.850,-71.782,35.703,0.324,3.576,24.448,26.472,0.000,0.000,0.0000
464.860,-71.747,35.707,0.325,3.535,24.483,26.504,0.000,0.000,0.0000
464.870,-71.712,35.712,0.325,3.493,24.518,26.535,0.000,0.000,0.0000
464.880,-71.677,35.717,0.326,3.452,24.553,26.566,0.000,0.000,0.0000
464.890,-71.643,35.721,0.327,3.410,24.587,26.597,0.000,0.000,0.0000
464.900,-71.610,35.726,0.327,3.368,24.620,26.628,0.000,0.000,0.0000
464.910,-71.576,35.730,0.328,3.326,24.654,26.658,0.000,0.000,0.0000
464.920,-71.544,35.734,0.328,3.284,24.687,26.688,0.000,0.000,0.0000
464.930,-71.511,35.739,0.328,3.243,24.719,26.718,0.000,0.000,0.0000
464.940,-71.479,35.743,0.329,3.201,24.751,26.747,0.000,0.000,0.0000
464.950,-71.447,35.747,0.329,3.159,24.783,26.776,0.000,0.000,0.0000
464.960,-71.416,35.751,0.329,3.118,24.814,26.805,0.000,0.000,0.0000
464.970,-71.386,35.755,0.329,3.076,24.844,26.833,0.000,0.000,0.0000
464.980,-71.355,35.759,0.329,3.035,24.875,26.861,0.000,0.000,0.0000
464.990,-71.325,35.763,0.328,2.994,24.905,26.888,0.000,0.080,0.0000
465.000,-71.296,35.767,0.328,2.951,24.934,26.915,0.000,0.160,0.0000
465.010,-71.267,35.771,0.328,2.906,24.963,26.942,0.000,0.240,0.0000
465.020,-71.238,35.775,0.328,2.861,24.992,26.969,0.000,0.320,0.0000
465.030,-71.210,35.778,0.328,2.803,25.020,26.994,0.000,0.400,0.0000
465.040,-71.183,35.782,0.327,2.748,25.047,27.020,0.000,0.480,0.0000
465.050,-71.156,35.786,0.327,2.697,25.074,27.045,0.000,0.560,0.0000
465.060,-71.129,35.789,0.327,2.651,25.101,27.069,0.000,0.640,0.0000
465.070,-71.103,35.793,0.326,2.614,25.127,27.093,0.000,0.720,0.0000
465.080,-71.077,35.797,0.326,2.581,25.153,27.117,0.000,0.800,0.0000
465.090,-71.052,35.800,0.326,2.546,25.178,27.141,0.000,0.880,0.0000
465.100,-71.027,35.803,0.325,2.509,25.203,27.164,0.000,0.960,0.0000
465.110,-71.002,35.807,0.325,2.469,25.228,27.187,0.000,1.000,0.0000
465.120,-70.978,35.810,0.325,2.429,25.252,27.209,0.000,1.000,0.0000
465.130,-70.954,35.813,0.324,2.390,25.276,27.231,0.000,1.000,0.0000
465.140,-70.930,35.816,0.324,2.352,25.300,27.253,0.000,1.000,0.0000
465.150,-70.907,35.820,0.324,2.313,25.323,27.274,0.000,1.000,0.0000
465.160,-70.884,35.823,0.323,2.275,25.346,27.295,0.000,1.000,0.0000
465.170,-70.862,35.826,0.323,2.237,25.368,27.316,0.000,1.000,0.0000
465.180,-70.840,35.829,0.323,2.198,25.390,27.336,0.000,1.000,0.0000
465.190,-70.818,35.832,0.323,2.160,25.412,27.356,0.000,1.000,0.0000
465.200,-70.797,35.834,0.323,2.121,25.433,27.376,0.000,1.000,0.0000
465.210,-70.776,35.837,0.322,2.083,25.454,27.395,0.000,1.000,0.0000
465.220,-70.756,35.840,0.322,2.044,25.474,27.414,0.000,1.000,0.0000
465.230,-70.736,35.843,0.322,2.005,25.494,27.433,0.000,1.000,0.0000
465.240,-70.716,35.845,0.322,1.966,25.514,27.451,0.000,1.000,0.0000
465.250,-70.697,35.848,0.322,1.928,25.533,27.469,0.000,1.000,0.0000
465.260,-70.678,35.850,0.322,1.889,25.552,27.486,0.000,1.000,0.0000
465.270,-70.659,35.853,0.322,1.850,25.571,27.503,0.000,1.000,0.0000
465.280,-70.641,35.855,0.322,1.811,25.589,27.520,0.000,1.000,0.0000
465.290,-70.624,35.857,0.322,1.772,25.606,27.536,0.000,1.000,0.0000
465.300,-70.606,35.860,0.322,1.733,25.624,27.552,0.000,1.000,0.0000
465.310,-70.589,35.862,0.323,1.694,25.641,27.567,0.000,1.000,0.0000
465.320,-70.573,35.864,0.323,1.655,25.657,27.583,0.000,1.000,0.0000
465.330,-70.557,35.866,0.323,1.616,25.673,27.597,0.000,1.000,0.0000
465.340,-70.541,35.868,0.323,1.576,25.689,27.612,0.000,1.000,0.0000
465.350,-70.526,35.870,0.323,1.537,25.704,27.626,0.000,1.000,0.0000
465.360,-70.511,35.872,0.323,1.498,25.719,27.640,0.000,1.000,0.0000
465.370,-70.496,35.874,0.323,1.458,25.734,27.653,0.000,1.000,0.0000
465.380,-70.482,35.876,0.323,1.419,25.748,27.666,0.000,1.000,0.0000
465.390,-70.468,35.878,0.324,1.379,25.762,27.679,0.000,1.000,0.0000
465.400,-70.455,35.880,0.324,1.340,25.775,27.691,0.000,1.000,0.0000
465.410,-70.442,35.881,0.324,1.300,25.788,27.703,0.000,1.000,0.0000
465.420,-70.429,35.883,0.324,1.261,25.801,27.715,0.000,1.000,0.0000
465.430,-70.417,35.885,0.324,1.221,25.813,27.726,0.000,1.000,0.0000
465.440,-70.405,35.886,0.324,1.182,25.825,27.737,0.000,1.000,0.0000
465.450,-70.394,35.888,0.324,1.142,25.836,27.747,0.000,1.000,0.0000
465.460,-70.383,35.889,0.324,1.102,25.847,27.758,0.000,1.000,0.0000
465.470,-70.372,35.891,0.324,1.063,25.858,27.767,0.000,1.000,0.0000
465.480,-70.362,35.892,0.324,1.023,25.868,27.777,0.000,1.000,0.0000
465.490,-70.352,35.894,0.324,0.983,25.878,27.786,0.000,1.000,0.0000
465.500,-70.342,35.895,0.324,0.944,25.888,27.795,0.000,1.000,0.0000
465.510,-70.333,35.896,0.324,0.904,25.897,27.803,0.000,1.000,0.0000
465.520,-70.325,35.897,0.324,0.865,25.905,27.811,0.000,1.000,0.0000
465.530,-70.316,35.899,0.324,0.825,25.914,27.818,0.000,1.000,0.0000
465.540,-70.309,35.900,0.324,0.786,25.921,27.826,0.000,1.000,0.0000
465.550,-70.301,35.901,0.324,0.746,25.929,27.833,0.000,1.000,0.0000
465.560,-70.294,35.902,0.324,0.706,25.936,27.839,0.000,1.000,0.0000
465.570,-70.287,35.903,0.324,0.667,25.943,27.845,0.000,1.000,0.0000
465.580,-70.281,35.904,0.324,0.628,25.949,27.851,0.000,1.000,0.0000
465.590,-70.275,35.905,0.324,0.588,25.955,27.857,0.000,1.000,0.0000
465.600,-70.270,35.905,0.324,0.549,25.960,27.862,0.000,1.000,0.0000
465.610,-70.265,35.906,0.324,0.509,25.965,27.866,0.000,1.000,0.0000
465.620,-70.260,35.907,0.324,0.470,25.970,27.871,0.000,1.000,0.0000
465.630,-70.256,35.908,0.324,0.431,25.974,27.875,0.000,1.000,0.0000
465.640,-70.252,35.908,0.324,0.392,25.978,27.878,0.000,1.000,0.0000
465.650,-70.248,35.909,0.324,0.353,25.982,27.882,0.000,1.000,0.0000
465.660,-70.245,35.909,0.324,0.314,25.985,27.885,0.000,1.000,0.0000
465.670,-70.242,35.910,0.324,0.275,25.988,27.887,0.000,1.000,0.0000
465.680,-70.240,35.910,0.324,0.236,25.990,27.889,0.000,1.000,0.0000
465.690,-70.238,35.911,0.324,0.198,25.992,27.891,0.000,1.000,0.0000
465.700,-70.236,35.911,0.324,0.160,25.994,27.893,0.000,1.000,0.0000
465.710,-70.235,35.911,0.324,0.123,25.995,27.894,0.000,1.000,0.0000
465.720,-70.234,35.911,0.324,0.091,25.996,27.895,0.000,1.000,0.0000
465.730,-70.234,35.912,0.324,0.065,25.996,27.895,0.000,1.000,0.0000
465.740,-70.233,35.912,0.323,0.043,25.997,27.896,0.000,1.000,0.0000
465.750,-70.233,35.912,0.323,0.026,25.997,27.896,0.000,1.000,0.0000
465.760,-70.233,35.912,0.323,0.020,25.997,27.896,0.000,1.000,0.0000
465.770,-70.233,35.912,0.323,0.025,25.997,27.896,0.000,1.000,0.0000
465.780,-70.233,35.912,0.323,0.032,25.997,27.896,0.000,1.000,0.0000
465.790,-70.233,35.912,0.322,0.038,25.997,27.896,0.000,1.000,0.0000
465.800,-70.233,35.912,0.322,0.044,25.997,27.896,0.000,1.000,0.0000
465.810,-70.233,35.912,0.321,0.048,25.997,27.896,0.000,0.900,0.0000
465.820,-70.234,35.912,0.321,0.051,25.996,27.896,0.000,0.800,0.0000
465.830,-70.234,35.912,0.320,0.053,25.996,27.897,0.000,0.700,0.0000
465.840,-70.234,35.912,0.320,0.054,25.996,27.897,0.000,0.600,0.0000
465.850,-70.234,35.912,0.319,0.054,25.996,27.897,0.000,0.500,0.0000
465.860,-70.234,35.912,0.319,0.054,25.996,27.897,0.000,0.400,0.0000
465.870,-70.234,35.911,0.318,0.053,25.996,27.897,0.000,0.300,0.0000
465.880,-70.234,35.911,0.318,0.051,25.996,27.897,0.000,0.200,0.0000
465.890,-70.234,35.911,0.317,0.048,25.996,27.897,0.000,0.100,0.0000
465.900,-70.234,35.911,0.317,0.045,25.996,27.897,0.000,0.000,0.0000
465.910,-70.235,35.911,0.316,0.042,25.995,27.897,0.000,0.000,0.0000
465.920,-70.235,35.911,0.316,0.038,25.995,27.897,0.000,0.000,0.0000
465.930,-70.235,35.911,0.316,0.034,25.995,27.897,0.000,0.000,0.0000
465.940,-70.235,35.911,0.315,0.030,25.995,27.897,0.000,0.000,0.0000
465.950,-70.235,35.911,0.315,0.025,25.995,27.897,0.000,0.000,0.0000
465.960,-70.235,35.911,0.315,0.021,25.995,27.897,0.000,0.000,0.0000
465.970,-70.235,35.911,0.315,0.016,25.995,27.898,0.000,0.000,0.0000
465.980,-70.235,35.911,0.315,0.012,25.995,27.898,0.000,0.000,0.0000
465.990,-70.235,35.911,0.315,0.008,25.995,27.898,0.000,0.000,0.0000
466.000,-70.235,35.911,0.315,0.004,25.995,27.898,0.000,0.000,0.0000
466.010,-70.235,35.911,0.315,0.000,25.995,27.898,0.000,0.000,0.0000
466.020,-70.235,35.911,0.315,0.004,25.995,27.898,0.000,0.000,0.0000
466.030,-70.235,35.911,0.315,0.007,25.995,27.898,0.000,0.000,0.0000
466.040,-70.235,35.911,0.315,0.010,25.995,27.898,0.000,0.000,0.0000
466.050,-70.235,35.911,0.315,0.012,25.995,27.898,0.000,0.000,0.0000
466.060,-70.235,35.911,0.315,0.014,25.995,27.898,0.000,0.000,0.0000
466.070,-70.235,35.911,0.315,0.016,25.995,27.897,0.000,0.000,0.0000
466.080,-70.235,35.911,0.315,0.018,25.995,27.897,0.000,0.000,0.0000
466.090,-70.235,35.911,0.316,0.019,25.995,27.897,0.000,0.000,0.0000
466.100,-70.235,35.911,0.316,0.019,25.995,27.897,0.000,0.000,0.0000
466.110,-70.235,35.911,0.316,0.020,25.995,27.897,0.000,0.000,0.0000
466.120,-70.235,35.911,0.316,0.020,25.995,27.897,0.000,0.000,0.0000
466.130,-70.235,35.911,0.316,0.020,25.995,27.897,0.000,0.000,0.0000
466.140,-70.234,35.911,0.316,0.019,25.996,27.897,0.000,0.000,0.0000
466.150,-70.234,35.911,0.317,0.018,25.996,27.897,0.000,0.000,0.0000
466.160,-70.234,35.911,0.317,0.018,25.996,27.897,0.000,0.000,0.0000
466.170,-70.234,35.911,0.317,0.016,25.996,27.897,0.000,0.000,0.0000
466.180,-70.234,35.911,0.317,0.015,25.996,27.897,0.000,0.000,0.0000
466.190,-70.234,35.911,0.317,0.014,25.996,27.897,0.000,0.000,0.0000
466.200,-70.234,35.911,0.317,0.012,25.996,27.897,0.000,0.000,0.0000
466.210,-70.234,35.911,0.318,0.011,25.996,27.897,0.000,0.000,0.0000
466.220,-70.234,35.911,0.318,0.009,25.996,27.897,0.000,0.000,0.0000
466.230,-70.234,35.911,0.318,0.007,25.996,27.897,0.000,0.000,0.0000
466.240,-70.234,35.911,0.318,0.006,25.996,27.897,0.000,0.000,0.0000
466.250,-70.234,35.911,0.318,0.004,25.996,27.897,0.000,0.000,0.0000
466.260,-70.234,35.911,0.318,0.002,25.996,27.897,0.000,0.000,0.0000
466.270,-70.234,35.911,0.318,0.001,25.996,27.897,0.000,0.000,0.0000
466.280,-70.234,35.911,0.318,0.000,25.996,27.897,0.000,0.000,0.0000
466.290,-70.234,35.911,0.318,0.002,25.996,27.897,0.000,0.000,0.0000
466.300,-70.234,35.911,0.318,0.003,25.996,27.897,0.000,0.000,0.0000
466.310,-70.234,35.911,0.318,0.004,25.996,27.897,0.000,0.000,0.0000
466.320,-70.234,35.911,0.318,0.005,25.996,27.897,0.000,0.000,0.0000
466.330,-70.234,35.911,0.318,0.006,25.996,27.897,0.000,0.000,0.0000
466.340,-70.234,35.911,0.318,0.006,25.996,27.897,0.000,0.000,0.0000
466.350,-70.234,35.911,0.317,0.007,25.996,27.897,0.000,0.000,0.0000
466.360,-70.234,35.911,0.317,0.007,25.996,27.897,0.000,0.000,0.0000
466.370,-70.234,35.911,0.317,0.007,25.996,27.897,0.000,0.000,0.0000
466.380,-70.234,35.911,0.317,0.007,25.996,27.897,0.000,0.000,0.0000
466.390,-70.234,35.911,0.317,0.007,25.996,27.897,0.000,0.000,0.0000
466.400,-70.234,35.911,0.317,0.007,25.996,27.897,0.000,0.000,0.0000
466.410,-70.234,35.911,0.317,0.007,25.996,27.897,0.000,0.000,0.0000
466.420,-70.234,35.911,0.317,0.007,25.996,27.897,0.000,0.000,0.0000
466.430,-70.234,35.911,0.317,0.006,25.996,27.897,0.000,0.000,0.0000
466.440,-70.234,35.911,0.317,0.006,25.996,27.897,0.000,0.000,0.0000
466.450,-70.234,35.911,0.317,0.005,25.996,27.897,0.000,0.000,0.0000
466.460,-70.234,35.911,0.317,0.005,25.996,27.897,0.000,0.000,0.0000
466.470,-70.234,35.911,0.317,0.004,25.996,27.897,0.000,0.000,0.0000
466.480,-70.234,35.911,0.317,0.004,25.996,27.897,0.000,0.000,0.0000
466.490,-70.234,35.911,0.317,0.003,25.996,27.897,0.000,0.000,0.0000
466.500,-70.234,35.911,0.317,0.002,25.996,27.897,0.000,0.000,0.0000
466.510,-70.234,35.911,0.317,0.002,25.996,27.897,0.000,0.000,0.0000
466.520,-70.234,35.911,0.317,0.001,25.996,27.897,0.000,0.000,0.0000
466.530,-70.234,35.911,0.317,0.001,25.996,27.897,0.000,0.000,0.0000
466.540,-70.234,35.911,0.317,0.000,25.996,27.897,0.000,0.000,0.0000
466.550,-70.234,35.911,0.317,0.000,25.996,27.897,0.000,0.000,0.0000
466.560,-70.234,35.911,0.317,0.001,25.996,27.897,0.000,0.000,0.0000
466.570,-70.234,35.911,0.317,0.001,25.996,27.897,0.000,0.000,0.0000
466.580,-70.234,35.911,0.317,0.002,25.996,27.897,0.000,0.000,0.0000
466.590,-70.234,35.911,0.317,0.002,25.996,27.897,0.000,0.000,0.0000
466.600,-70.234,35.911,0.317,0.002,25.996,27.897,0.000,0.000,0.0000
466.610,-70.234,35.911,0.317,0.002,25.996,27.897,0.000,0.000,0.0000
466.620,-70.234,35.911,0.317,0.003,25.996,27.897,0.000,0.000,0.0000
466.630,-70.234,35.911,0.317,0.003,25.996,27.897,0.000,0.000,0.0000
466.640,-70.234,35.911,0.317,0.003,25.996,27.897,0.000,0.000,0.0000
466.650,-70.234,35.911,0.317,0.003,25.996,27.897,0.000,0.000,0.0000
466.660,-70.234,35.911,0.317,0.003,25.996,27.897,0.000,0.000,0.0000
466.670,-70.234,35.911,0.317,0.003,25.996,27.897,0.000,0.000,0.0000
466.680,-70.234,35.911,0.317,0.003,25.996,27.897,0.000,0.000,0.0000
466.690,-70.234,35.911,0.317,0.002,25.996,27.897,0.000,0.000,0.0000
466.700,-70.234,35.911,0.317,0.002,25.996,27.897,0.000,0.000,0.0000
466.710,-70.234,35.911,0.317,0.002,25.996,27.897,0.000,0.000,0.0000
466.720,-70.234,35.911,0.317,0.002,25.996,27.897,0.000,0.000,0.0000
466.730,-70.234,35.911,0.317,0.002,25.996,27.897,0.000,0.000,0.0000
466.740,-70.234,35.911,0.317,0.001,25.996,27.897,0.000,0.000,0.0000
466.750,-70.234,35.911,0.317,0.001,25.996,27.897,0.000,0.000,0.0000
466.760,-70.234,35.911,0.317,0.001,25.996,27.897,0.000,0.000,0.0000
466.770,-70.234,35.911,0.317,0.001,25.996,27.897,0.000,0.000,0.0000
466.780,-70.234,35.911,0.317,0.001,25.996,27.897,0.000,0.000,0.0000
466.790,-70.234,35.911,0.317,0.000,25.996,27.897,0.000,0.000,0.0000
466.800,-70.234,35.911,0.317,0.000,25.996,27.897,0.000,0.000,0.0000
466.810,-70.234,35.911,0.317,0.000,25.996,27.897,0.000,0.000,0.0000
466.820,-70.234,35.911,0.317,0.000,25.996,27.897,0.000,0.000,0.0000
466.830,-70.234,35.911,0.317,0.000,25.996,27.897,0.000,0.000,0.0000
466.840,-70.234,35.911,0.317,0.001,25.996,27.897,0.000,0.000,0.0000
466.850,-70.234,35.911,0.317,0.001,25.996,27.897,0.000,0.000,0.0000
466.860,-70.234,35.911,0.317,0.001,25.996,27.897,0.000,0.000,0.0000
466.870,-70.234,35.911,0.317,0.001,25.996,27.897,0.000,0.000,0.0000
466.880,-70.234,35.911,0.317,0.001,25.996,27.897,0.000,0.000,0.0000
466.890,-70.234,35.911,0.317,0.001,25.996,27.897,0.000,0.000,0.0000
466.900,-70.234,35.911,0.317,0.001,25.996,27.897,0.000,0.000,0.0000
466.910,-70.234,35.911,0.317,0.001,25.996,27.897,0.000,0.000,0.0000
466.920,-70.234,35.911,0.317,0.001,25.996,27.897,0.000,0.000,0.0000
466.930,-70.234,35.911,0.317,0.001,25.996,27.897,0.000,0.000,0.0000
466.940,-70.234,35.911,0.317,0.001,25.996,27.897,0.000,0.000,0.0000
466.950,-70.234,35.911,0.317,0.001,25.996,27.897,0.000,0.000,0.0000
466.960,-70.234,35.911,0.317,0.001,25.996,27.897,0.000,0.000,0.0000
466.970,-70.234,35.911,0.317,0.001,25.996,27.897,0.000,0.000,0.0000
466.980,-70.234,35.911,0.317,0.001,25.996,27.897,0.000,0.000,0.0000
466.990,-70.234,35.911,0.317,0.001,25.996,27.897,0.000,0.000,0.0000
467.000,-70.234,35.911,0.317,0.001,25.996,27.897,0.000,0.000,0.0000
467.010,-70.234,35.911,0.317,0.000,25.996,27.897,0.000,0.000,0.0000
467.020,-70.234,35.911,0.317,0.000,25.996,27.897,0.000,0.000,0.0000
467.030,-70.234,35.911,0.317,0.000,25.996,27.897,0.000,0.000,0.0000
467.040,-70.234,35.911,0.317,0.000,25.996,27.897,0.000,0.000,0.0000
467.050,-70.234,35.911,0.317,0.000,25.996,27.897,0.000,0.000,0.0000
467.060,-70.234,35.911,0.317,0.000,25.996,27.897,0.000,0.000,0.0000
467.070,-70.234,35.911,0.317,0.000,25.996,27.897,0.000,0.000,0.0000
467.080,-70.234,35.911,0.317,0.000,25.996,27.897,0.000,0.000,0.0000
467.090,-70.234,35.911,0.317,0.000,25.996,27.897,0.000,0.000,0.0000
467.100,-70.234,35.911,0.317,0.000,25.996,27.897,0.000,0.000,0.0000
467.110,-70.234,35.911,0.317,0.000,25.996,27.897,0.000,0.000,0.0000
467.120,-70.234,35.911,0.317,0.000,25.996,27.897,0.000,0.000,0.0000
467.130,-70.234,35.911,0.317,0.000,25.996,27.897,0.000,0.000,0.0000
467.140,-70.234,35.911,0.317,0.000,25.996,27.897,0.000,0.000,0.0000
467.150,-70.234,35.911,0.317,0.000,25.996,27.897,0.000,0.000,0.0000
467.160,-70.234,35.911,0.317,0.000,25.996,27.897,0.000,0.000,0.0000
467.170,-70.234,35.911,0.317,0.000,25.996,27.897,0.000,0.000,0.0000
467.180,-70.234,35.911,0.317,0.000,25.996,27.897,0.000,0.000,0.0000
467.190,-70.234,35.911,0.317,0.000,25.996,27.897,0.000,0.000,0.0000
467.200,-70.234,35.911,0.317,0.000,25.996,27.897,0.000,0.000,0.0000
467.210,-70.234,35.911,0.317,0.000,25.996,27.897,0.000,0.000,0.0000
467.220,-70.234,35.911,0.317,0.000,25.996,27.897,0.000,0.000,0.0000
467.230,-70.234,35.911,0.317,0.000,25.996,27.897,0.000,0.000,0.0000
467.240,-70.234,35.911,0.317,0.000,25.996,27.897,0.000,0.000,0.0000
467.250,-70.234,35.911,0.317,0.000,25.996,27.897,0.000,0.000,0.0000
467.260,-70.234,35.911,0.317,0.000,25.996,27.897,0.000,0.000,0.0000
467.270,-70.234,35.911,0.317,0.000,25.996,27.897,0.000,0.000,0.0000
467.280,-70.234,35.911,0.317,0.000,25.996,27.897,0.000,0.000,0.0000
467.290,-70.234,35.911,0.317,0.000,25.996,27.897,0.000,0.000,0.0000
467.300,-70.234,35.911,0.317,0.000,25.996,27.897,0.000,0.000,0.0000
467.310,-70.234,35.911,0.317,0.000,25.996,27.897,0.000,0.000,0.0000
467.320,-70.234,35.911,0.317,0.000,25.996,27.897,0.000,0.000,0.0000
467.330,-70.234,35.911,0.317,0.000,25.996,27.897,0.000,0.000,0.0000
467.340,-70.234,35.911,0.317,0.000,25.996,27.897,0.000,0.000,0.0000
467.350,-70.234,35.911,0.317,0.000,25.996,27.897,0.000,0.000,0.0000
467.360,-70.234,35.911,0.317,0.000,25.996,27.897,0.000,0.000,0.0000
467.370,-70.234,35.911,0.317,0.000,25.996,27.897,0.000,0.000,0.0000
467.380,-70.234,35.911,0.317,0.000,25.996,27.897,0.000,0.000,0.0000
467.390,-70.234,35.911,0.317,0.000,25.996,27.897,0.000,0.000,0.0000
467.400,-70.234,35.911,0.317,0.000,25.996,27.897,0.000,0.000,0.0000
467.410,-70.234,35.911,0.317,0.000,25.996,27.897,0.000,0.000,0.0000
467.420,-70.234,35.911,0.317,0.000,25.996,27.897,0.000,0.000,0.0000
467.430,-70.234,35.911,0.317,0.000,25.996,27.897,0.000,0.000,0.0000
467.440,-70.234,35.911,0.317,0.000,25.996,27.897,0.000,0.000,0.0000
467.450,-70.234,35.911,0.317,0.000,25.996,27.897,0.000,0.000,0.0000
467.460,-70.234,35.911,0.317,0.000,25.996,27.897,0.000,0.000,0.0000
467.470,-70.234,35.911,0.317,0.000,25.996,27.897,0.000,0.000,0.0000
467.480,-70.234,35.911,0.317,0.000,25.996,27.897,0.000,0.000,0.0000
467.490,-70.234,35.911,0.317,0.000,25.996,27.897,0.000,0.000,0.0000
467.500,-70.234,35.911,0.317,0.000,25.996,27.897,0.000,0.000,0.0000
467.510,-70.234,35.911,0.317,0.000,25.996,27.897,0.000,0.000,0.0000
467.520,-70.234,35.911,0.317,0.000,25.996,27.897,0.000,0.000,0.0000
467.530,-70.234,35.911,0.317,0.000,25.996,27.897,0.000,0.000,0.0000
467.540,-70.234,35.911,0.317,0.000,25.996,27.897,0.000,0.000,0.0000
467.550,-70.234,35.911,0.317,0.000,25.996,27.897,0.000,0.000,0.0000
467.560,-70.234,35.911,0.317,0.000,25.996,27.897,0.000,0.000,0.0000
467.570,-70.234,35.911,0.317,0.000,25.996,27.897,0.000,0.000,0.0000
467.580,-70.234,35.911,0.317,0.000,25.996,27.897,0.000,0.000,0.0000
467.590,-70.234,35.911,0.317,0.000,25.996,27.897,0.000,0.000,0.0000
467.600,-70.234,35.911,0.317,0.000,25.996,27.897,0.000,0.000,0.0000
467.610,-70.234,35.911,0.317,0.000,25.996,27.897,0.000,0.000,0.0000
467.620,-70.234,35.911,0.317,0.000,25.996,27.897,0.000,0.000,0.0000
467.630,-70.234,35.911,0.317,0.000,25.996,27.897,0.000,0.000,0.0000
467.640,-70.234,35.911,0.317,0.000,25.996,27.897,0.000,0.000,0.0000
467.650,-70.234,35.911,0.317,0.000,25.996,27.897,0.000,0.000,0.0000
467.660,-70.234,35.911,0.317,0.000,25.996,27.897,0.000,0.000,0.0000
467.670,-70.234,35.911,0.317,0.000,25.996,27.897,0.000,0.000,0.0000
467.680,-70.234,35.911,0.317,0.000,25.996,27.897,0.000,0.000,0.0000
467.690,-70.234,35.911,0.317,0.000,25.996,27.897,0.000,0.000,0.0000
467.700,-70.234,35.911,0.317,0.000,25.996,27.897,0.000,0.000,0.0000
467.710,-70.234,35.911,0.317,0.000,25.996,27.897,0.000,0.000,0.0000
467.720,-70.234,35.911,0.317,0.000,25.996,27.897,0.000,0.000,0.0000
467.730,-70.234,35.911,0.317,0.000,25.996,27.897,0.000,0.000,0.0000
467.740,-70.234,35.911,0.317,0.000,25.996,27.897,0.000,0.000,0.0000
467.750,-70.234,35.911,0.317,0.000,25.996,27.897,0.000,0.000,0.0000
467.760,-70.234,35.911,0.317,0.000,25.996,27.897,0.000,0.000,0.0000
467.770,-70.234,35.911,0.317,0.000,25.996,27.897,0.000,0.000,0.0000
467.780,-70.234,35.911,0.317,0.000,25.996,27.897,0.000,0.000,0.0000
467.790,-70.234,35.911,0.317,0.000,25.996,27.897,0.000,0.000,0.0000
467.800,-70.234,35.911,0.317,0.000,25.996,27.897,0.000,0.000,0.0000
467.810,-70.234,35.911,0.317,0.000,25.996,27.897,0.000,0.000,0.0000
467.820,-70.234,35.911,0.317,0.000,25.996,27.897,0.000,0.000,0.0000
467.830,-70.234,35.911,0.317,0.000,25.996,27.897,0.000,0.000,0.0000
467.840,-70.234,35.911,0.317,0.000,25.996,27.897,0.000,0.000,0.0000
467.850,-70.234,35.911,0.317,0.000,25.996,27.897,0.000,0.000,0.0000
467.860,-70.234,35.911,0.317,0.000,25.996,27.897,0.000,0.000,0.0000
467.870,-70.234,35.911,0.317,0.000,25.996,27.897,0.000,0.000,0.0000
467.880,-70.234,35.911,0.317,0.000,25.996,27.897,0.000,0.000,0.0000
467.890,-70.234,35.911,0.317,0.000,25.996,27.897,0.000,0.000,0.0000
467.900,-70.234,35.911,0.317,0.000,25.996,27.897,0.000,0.000,0.0000
467.910,-70.234,35.911,0.317,0.000,25.996,27.897,0.000,0.000,0.0000
467.920,-70.234,35.911,0.317,0.000,25.996,27.897,0.000,0.000,0.0000
467.930,-70.234,35.911,0.317,0.000,25.996,27.897,0.000,0.000,0.0000
467.940,-70.234,35.911,0.317,0.000,25.996,27.897,0.000,0.000,0.0000
467.950,-70.234,35.911,0.317,0.000,25.996,27.897,0.000,0.000,0.0000
467.960,-70.234,35.911,0.317,0.000,25.996,27.897,0.000,0.000,0.0000
467.970,-70.234,35.911,0.317,0.000,25.996,27.897,0.000,0.000,0.0000
467.980,-70.234,35.911,0.317,0.000,25.996,27.897,0.000,0.000,0.0000
467.990,-70.234,35.911,0.317,0.000,25.996,27.897,0.000,0.000,0.0000
468.000,-70.234,35.911,0.317,0.000,25.996,27.897,0.000,0.000,0.0000
468.010,-70.234,35.911,0.317,0.000,25.996,27.897,0.000,0.000,0.0000
468.020,-70.234,35.911,0.317,0.000,25.996,27.897,0.000,0.000,0.0000
468.030,-70.234,35.911,0.317,0.000,25.996,27.897,0.000,0.000,0.0000
468.040,-70.234,35.911,0.317,0.000,25.996,27.897,0.000,0.000,0.0000
468.050,-70.234,35.911,0.317,0.000,25.996,27.897,0.000,0.000,0.0000
468.060,-70.234,35.911,0.317,0.000,25.996,27.897,0.000,0.000,0.0000
468.070,-70.234,35.911,0.317,0.000,25.996,27.897,0.000,0.000,0.0000
468.080,-70.234,35.911,0.317,0.000,25.996,27.897,0.000,0.000,0.0000
468.090,-70.234,35.911,0.317,0.000,25.996,27.897,0.000,0.000,0.0000
468.100,-70.234,35.911,0.317,0.000,25.996,27.897,0.000,0.000,0.0000
468.110,-70.234,35.911,0.317,0.000,25.996,27.897,0.000,0.000,0.0000
468.120,-70.234,35.911,0.317,0.000,25.996,27.897,0.000,0.000,0.0000
468.130,-70.234,35.911,0.317,0.000,25.996,27.897,0.000,0.000,0.0000
468.140,-70.234,35.911,0.317,0.000,25.996,27.897,0.000,0.000,0.0000
468.150,-70.234,35.911,0.317,0.000,25.996,27.897,0.000,0.000,0.0000
468.160,-70.234,35.911,0.317,0.000,25.996,27.897,0.000,0.000,0.0000
468.170,-70.234,35.911,0.317,0.000,25.996,27.897,0.000,0.000,0.0000
468.180,-70.234,35.911,0.317,0.000,25.996,27.897,0.000,0.000,0.0000
468.190,-70.234,35.911,0.317,0.000,25.996,27.897,0.000,0.000,0.0000
468.200,-70.234,35.911,0.317,0.000,25.996,27.897,0.000,0.000,0.0000
468.210,-70.234,35.911,0.317,0.000,25.996,27.897,0.000,0.000,0.0000
468.220,-70.234,35.911,0.317,0.000,25.996,27.897,0.000,0.000,0.0000
468.230,-70.234,35.911,0.317,0.000,25.996,27.897,0.000,0.000,0.0000
468.240,-70.234,35.911,0.317,0.000,25.996,27.897,0.000,0.000,0.0000
468.250,-70.234,35.911,0.317,0.000,25.996,27.897,0.000,0.000,0.0000
468.260,-70.234,35.911,0.317,0.000,25.996,27.897,0.000,0.000,0.0000
468.270,-70.234,35.911,0.317,0.000,25.996,27.897,0.000,0.000,0.0000
468.280,-70.234,35.911,0.317,0.000,25.996,27.897,0.000,0.000,0.0000
468.290,-70.234,35.911,0.317,0.000,25.996,27.897,0.000,0.000,0.0000
468.300,-70.234,35.911,0.317,0.000,25.996,27.897,0.000,0.000,0.0000
468.310,-70.234,35.911,0.317,0.000,25.996,27.897,0.000,0.000,0.0000
468.320,-70.234,35.911,0.317,0.000,25.996,27.897,0.000,0.000,0.0000
468.330,-70.234,35.911,0.317,0.000,25.996,27.897,0.000,0.000,0.0000
468.340,-70.234,35.911,0.317,0.000,25.996,27.897,0.000,0.000,0.0000
468.350,-70.234,35.911,0.317,0.000,25.996,27.897,0.000,0.000,0.0000
468.360,-70.234,35.911,0.317,0.000,25.996,27.897,0.000,0.000,0.0000
468.370,-70.234,35.911,0.317,0.000,25.996,27.897,0.000,0.000,0.0000
468.380,-70.234,35.911,0.317,0.000,25.996,27.897,0.000,0.000,0.0000
468.390,-70.234,35.911,0.317,0.000,25.996,27.897,0.000,0.000,0.0000
468.400,-70.234,35.911,0.317,0.000,25.996,27.897,0.000,0.000,0.0000
468.410,-70.234,35.911,0.317,0.000,25.996,27.897,0.000,0.000,0.0000
468.420,-70.234,35.911,0.317,0.000,25.996,27.897,0.000,0.000,0.0000
468.430,-70.234,35.911,0.317,0.000,25.996,27.897,0.000,0.000,0.0000
468.440,-70.234,35.911,0.317,0.000,25.996,27.897,0.000,0.000,0.0000
468.450,-70.234,35.911,0.317,0.000,25.996,27.897,0.000,0.000,0.0000
468.460,-70.234,35.911,0.317,0.000,25.996,27.897,0.000,0.000,0.0000
468.470,-70.234,35.911,0.317,0.000,25.996,27.897,0.000,0.000,0.0000
468.480,-70.234,35.911,0.317,0.000,25.996,27.897,0.000,0.000,0.0000
468.490,-70.234,35.911,0.317,0.000,25.996,27.897,0.000,0.000,0.0000
468.500,-70.234,35.911,0.317,0.000,25.996,27.897,0.000,0.000,0.0000
468.510,-70.234,35.911,0.317,0.000,25.996,27.897,0.000,0.000,0.0000
468.520,-70.234,35.911,0.317,0.000,25.996,27.897,0.000,0.000,0.0000
468.530,-70.234,35.911,0.317,0.000,25.996,27.897,0.000,0.000,0.0000
468.540,-70.234,35.911,0.317,0.000,25.996,27.897,0.000,0.000,0.0000
468.550,-70.234,35.911,0.317,0.000,25.996,27.897,0.000,0.000,0.0000
468.560,-70.234,35.911,0.317,0.000,25.996,27.897,0.000,0.000,0.0000
468.570,-70.234,35.911,0.317,0.000,25.996,27.897,0.000,0.000,0.0000
468.580,-70.234,35.911,0.317,0.000,25.996,27.897,0.000,0.000,0.0000
468.590,-70.234,35.911,0.317,0.000,25.996,27.897,0.000,0.000,0.0000
468.600,-70.234,35.911,0.317,0.000,25.996,27.897,0.000,0.000,0.0000
468.610,-70.234,35.911,0.317,0.000,25.996,27.897,0.000,0.000,0.0000
468.620,-70.234,35.911,0.317,0.000,25.996,27.897,0.000,0.000,0.0000
468.630,-70.234,35.911,0.317,0.000,25.996,27.897,0.000,0.000,0.0000
468.640,-70.234,35.911,0.317,0.000,25.996,27.897,0.000,0.000,0.0000
468.650,-70.234,35.911,0.317,0.000,25.996,27.897,0.000,0.000,0.0000
468.660,-70.234,35.911,0.317,0.000,25.996,27.897,0.000,0.000,0.0000
468.670,-70.234,35.911,0.317,0.000,25.996,27.897,0.000,0.000,0.0000
468.680,-70.234,35.911,0.317,0.000,25.996,27.897,0.000,0.000,0.0000
468.690,-70.234,35.911,0.317,0.000,25.996,27.897,0.000,0.000,0.0000
468.700,-70.234,35.911,0.317,0.000,25.996,27.897,0.000,0.000,0.0000
468.710,-70.234,35.911,0.317,0.000,25.996,27.897,0.000,0.000,0.0000
468.720,-70.234,35.911,0.317,0.000,25.996,27.897,0.000,0.000,0.0000
468.730,-70.234,35.911,0.317,0.000,25.996,27.897,0.000,0.000,0.0000
468.740,-70.234,35.911,0.317,0.000,25.996,27.897,0.000,0.000,0.0000
468.750,-70.234,35.911,0.317,0.000,25.996,27.897,0.000,0.000,0.0000
468.760,-70.234,35.911,0.317,0.000,25.996,27.897,0.000,0.000,0.0000
468.770,-70.234,35.911,0.317,0.000,25.996,27.897,0.000,0.000,0.0000
468.780,-70.234,35.911,0.317,0.000,25.996,27.897,0.000,0.000,0.0000
468.790,-70.234,35.911,0.317,0.000,25.996,27.897,0.000,0.000,0.0000
468.800,-70.234,35.911,0.317,0.000,25.996,27.897,0.000,0.000,0.0000
468.810,-70.234,35.911,0.317,0.000,25.996,27.897,0.000,0.000,0.0000
468.820,-70.234,35.911,0.317,0.000,25.996,27.897,0.000,0.000,0.0000
468.830,-70.234,35.911,0.317,0.000,25.996,27.897,0.000,0.000,0.0000
468.840,-70.234,35.911,0.317,0.000,25.996,27.897,0.000,0.000,0.0000
468.850,-70.234,35.911,0.317,0.000,25.996,27.897,0.000,0.000,0.0000
468.860,-70.234,35.911,0.317,0.000,25.996,27.897,0.000,0.000,0.0000
468.870,-70.234,35.911,0.317,0.000,25.996,27.897,0.000,0.000,0.0000
468.880,-70.234,35.911,0.317,0.000,25.996,27.897,0.000,0.000,0.0000
468.890,-70.234,35.911,0.317,0.000,25.996,27.897,0.000,0.000,0.0000
468.900,-70.234,35.911,0.317,0.000,25.996,27.897,0.000,0.000,0.0000
468.910,-70.234,35.911,0.317,0.000,25.996,27.897,0.000,0.000,0.0000
468.920,-70.234,35.911,0.317,0.000,25.996,27.897,0.000,0.000,0.0000
468.930,-70.234,35.911,0.317,0.000,25.996,27.897,0.000,0.000,0.0000
468.940,-70.234,35.911,0.317,0.000,25.996,27.897,0.000,0.000,0.0000
468.950,-70.234,35.911,0.317,0.000,25.996,27.897,0.000,0.000,0.0000
468.960,-70.234,35.911,0.317,0.000,25.996,27.897,0.000,0.000,0.0000
468.970,-70.234,35.911,0.317,0.000,25.996,27.897,0.000,0.000,0.0000
468.980,-70.234,35.911,0.317,0.000,25.996,27.897,0.000,0.000,0.0000
468.990,-70.234,35.911,0.317,0.000,25.996,27.897,0.000,0.000,0.0000
469.000,-70.234,35.911,0.317,0.000,25.996,27.897,0.000,0.000,0.0000
469.010,-70.234,35.911,0.317,0.000,25.996,27.897,0.000,0.000,0.0000
469.020,-70.234,35.911,0.317,0.000,25.996,27.897,0.000,0.000,0.0000
469.030,-70.234,35.911,0.317,0.000,25.996,27.897,0.000,0.000,0.0000
469.040,-70.234,35.911,0.317,0.000,25.996,27.897,0.000,0.000,0.0000
469.050,-70.234,35.911,0.317,0.000,25.996,27.897,0.000,0.000,0.0000
469.060,-70.234,35.911,0.317,0.000,25.996,27.897,0.000,0.000,0.0000
469.070,-70.234,35.911,0.317,0.000,25.996,27.897,0.000,0.000,0.0000
469.080,-70.234,35.911,0.317,0.000,25.996,27.897,0.000,0.000,0.0000
469.090,-70.234,35.911,0.317,0.000,25.996,27.897,0.000,0.000,0.0000
469.100,-70.234,35.911,0.317,0.000,25.996,27.897,0.000,0.000,0.0000
469.110,-70.234,35.911,0.317,0.000,25.996,27.897,0.000,0.000,0.0000
469.120,-70.234,35.911,0.317,0.000,25.996,27.897,0.000,0.000,0.0000
469.130,-70.234,35.911,0.317,0.000,25.996,27.897,0.000,0.000,0.0000
469.140,-70.234,35.911,0.317,0.000,25.996,27.897,0.000,0.000,0.0000
469.150,-70.234,35.911,0.317,0.000,25.996,27.897,0.000,0.000,0.0000
469.160,-70.234,35.911,0.317,0.000,25.996,27.897,0.000,0.000,0.0000
469.170,-70.234,35.911,0.317,0.000,25.996,27.897,0.000,0.000,0.0000
469.180,-70.234,35.911,0.317,0.000,25.996,27.897,0.000,0.000,0.0000
469.190,-70.234,35.911,0.317,0.000,25.996,27.897,0.000,0.000,0.0000
469.200,-70.234,35.911,0.317,0.000,25.996,27.897,0.000,0.000,0.0000
469.210,-70.234,35.911,0.317,0.000,25.996,27.897,0.000,0.000,0.0000
469.220,-70.234,35.911,0.317,0.000,25.996,27.897,0.000,0.000,0.0000
469.230,-70.234,35.911,0.317,0.000,25.996,27.897,0.000,0.000,0.0000
469.240,-70.234,35.911,0.317,0.000,25.996,27.897,0.000,0.000,0.0000
469.250,-70.234,35.911,0.317,0.000,25.996,27.897,0.000,0.000,0.0000
469.260,-70.234,35.911,0.317,0.000,25.996,27.897,0.000,0.000,0.0000
469.270,-70.234,35.911,0.317,0.000,25.996,27.897,0.000,0.000,0.0000
469.280,-70.234,35.911,0.317,0.000,25.996,27.897,0.000,0.000,0.0000
469.290,-70.234,35.911,0.317,0.000,25.996,27.897,0.000,0.000,0.0000
469.300,-70.234,35.911,0.317,0.000,25.996,27.897,0.000,0.000,0.0000
469.310,-70.234,35.911,0.317,0.000,25.996,27.897,0.000,0.000,0.0000
469.320,-70.234,35.911,0.317,0.000,25.996,27.897,0.000,0.000,0.0000
469.330,-70.234,35.911,0.317,0.000,25.996,27.897,0.000,0.000,0.0000
469.340,-70.234,35.911,0.317,0.000,25.996,27.897,0.000,0.000,0.0000
469.350,-70.234,35.911,0.317,0.000,25.996,27.897,0.000,0.000,0.0000
469.360,-70.234,35.911,0.317,0.000,25.996,27.897,0.000,0.000,0.0000
469.370,-70.234,35.911,0.317,0.000,25.996,27.897,0.000,0.000,0.0000
469.380,-70.234,35.911,0.317,0.000,25.996,27.897,0.000,0.000,0.0000
469.390,-70.234,35.911,0.317,0.000,25.996,27.897,0.000,0.000,0.0000
469.400,-70.234,35.911,0.317,0.000,25.996,27.897,0.000,0.000,0.0000
469.410,-70.234,35.911,0.317,0.000,25.996,27.897,0.000,0.000,0.0000
469.420,-70.234,35.911,0.317,0.000,25.996,27.897,0.000,0.000,0.0000
469.430,-70.234,35.911,0.317,0.000,25.996,27.897,0.000,0.000,0.0000
469.440,-70.234,35.911,0.317,0.000,25.996,27.897,0.000,0.000,0.0000
469.450,-70.234,35.911,0.317,0.000,25.996,27.897,0.040,0.000,0.0000
469.460,-70.234,35.911,0.317,0.015,25.996,27.897,0.080,0.000,0.0000
469.470,-70.234,35.912,0.317,0.042,25.996,27.898,0.120,0.000,0.0000
469.480,-70.233,35.912,0.317,0.076,25.997,27.899,0.160,0.000,0.0000
469.490,-70.232,35.912,0.316,0.115,25.998,27.900,0.200,0.000,0.0000
469.500,-70.230,35.912,0.316,0.157,26.000,27.901,0.240,0.000,0.0000
469.510,-70.228,35.912,0.316,0.198,26.002,27.903,0.280,0.000,0.0000
469.520,-70.226,35.912,0.315,0.239,26.004,27.906,0.320,0.000,0.0000
469.530,-70.223,35.913,0.315,0.280,26.007,27.908,0.360,0.000,0.0000
469.540,-70.220,35.913,0.314,0.320,26.010,27.911,0.400,0.000,0.0000
469.550,-70.217,35.914,0.314,0.359,26.013,27.915,0.440,0.000,0.0000
469.560,-70.213,35.914,0.313,0.398,26.017,27.919,0.480,0.000,0.0000
469.570,-70.208,35.915,0.312,0.437,26.022,27.923,0.520,0.000,0.0000
469.580,-70.204,35.915,0.312,0.476,26.026,27.928,0.560,0.000,0.0000
469.590,-70.199,35.916,0.311,0.515,26.032,27.932,0.600,0.000,0.0000
469.600,-70.193,35.916,0.311,0.555,26.037,27.938,0.640,0.000,0.0000
469.610,-70.187,35.917,0.310,0.594,26.043,27.943,0.680,0.000,0.0000
469.620,-70.181,35.918,0.310,0.634,26.049,27.949,0.720,0.000,0.0000
469.630,-70.174,35.919,0.309,0.674,26.056,27.956,0.760,0.000,0.0000
469.640,-70.167,35.919,0.309,0.714,26.063,27.963,0.800,0.000,0.0000
469.650,-70.159,35.920,0.309,0.754,26.071,27.970,0.840,0.000,0.0000
469.660,-70.151,35.921,0.308,0.795,26.079,27.977,0.880,0.000,0.0000
469.670,-70.143,35.922,0.308,0.835,26.087,27.985,0.920,0.000,0.0000
469.680,-70.134,35.923,0.308,0.875,26.096,27.993,0.960,0.000,0.0000
469.690,-70.125,35.924,0.308,0.916,26.105,28.002,1.000,0.000,0.0000
469.700,-70.116,35.925,0.308,0.956,26.114,28.010,1.000,0.000,0.0000
469.710,-70.106,35.927,0.308,0.997,26.124,28.020,1.000,0.000,0.0000
469.720,-70.095,35.928,0.308,1.037,26.135,28.029,1.000,0.000,0.0000
469.730,-70.084,35.929,0.308,1.077,26.146,28.039,1.000,0.000,0.0000
469.740,-70.073,35.930,0.308,1.117,26.157,28.049,1.000,0.000,0.0000
469.750,-70.062,35.932,0.308,1.157,26.168,28.060,1.000,0.000,0.0000
469.760,-70.050,35.933,0.308,1.197,26.180,28.071,1.000,0.000,0.0000
469.770,-70.037,35.935,0.308,1.237,26.193,28.083,1.000,0.000,0.0000
469.780,-70.025,35.936,0.308,1.277,26.205,28.094,1.000,0.000,0.0000
469.790,-70.011,35.938,0.308,1.317,26.219,28.106,1.000,0.000,0.0000
469.800,-69.998,35.939,0.309,1.356,26.232,28.119,1.000,0.000,0.0000
469.810,-69.984,35.941,0.309,1.396,26.246,28.132,1.000,0.000,0.0000
469.820,-69.970,35.943,0.309,1.434,26.260,28.145,1.000,0.000,0.0000
469.830,-69.955,35.944,0.309,1.471,26.275,28.158,1.000,0.000,0.0000
469.840,-69.940,35.946,0.310,1.508,26.290,28.172,1.000,0.000,0.0000
469.850,-69.924,35.948,0.310,1.546,26.306,28.186,1.000,0.000,0.0000
469.860,-69.909,35.950,0.310,1.585,26.321,28.201,1.000,0.000,0.0000
469.870,-69.892,35.952,0.310,1.624,26.338,28.216,1.000,0.000,0.0000
469.880,-69.876,35.954,0.310,1.663,26.354,28.231,1.000,0.000,0.0000
469.890,-69.859,35.956,0.311,1.702,26.371,28.247,1.000,0.000,0.0000
469.900,-69.841,35.958,0.311,1.742,26.389,28.263,1.000,0.000,0.0000
469.910,-69.823,35.960,0.311,1.781,26.407,28.280,1.000,0.000,0.0000
469.920,-69.805,35.962,0.311,1.820,26.425,28.296,1.000,0.000,0.0000
469.930,-69.787,35.965,0.311,1.860,26.443,28.314,1.000,0.000,0.0000
469.940,-69.768,35.967,0.311,1.899,26.462,28.331,1.000,0.000,0.0000
469.950,-69.748,35.969,0.311,1.938,26.482,28.349,1.000,0.000,0.0000
469.960,-69.728,35.972,0.311,1.977,26.502,28.367,1.000,0.000,0.0000
469.970,-69.708,35.974,0.311,2.017,26.522,28.386,1.000,0.000,0.0000
469.980,-69.688,35.977,0.311,2.056,26.542,28.405,1.000,0.000,0.0000
469.990,-69.667,35.979,0.311,2.095,26.563,28.424,1.000,0.000,0.0000
470.000,-69.645,35.982,0.311,2.134,26.585,28.444,1.000,0.000,0.0000
470.010,-69.624,35.984,0.311,2.174,26.606,28.464,1.000,0.000,0.0000
470.020,-69.602,35.987,0.311,2.213,26.628,28.485,1.000,0.000,0.0000
470.030,-69.579,35.990,0.311,2.253,26.651,28.506,1.000,0.000,0.0000
470.040,-69.556,35.993,0.311,2.292,26.674,28.527,1.000,0.000,0.0000
470.050,-69.533,35.995,0.311,2.332,26.697,28.549,1.000,0.000,0.0000
470.060,-69.509,35.998,0.311,2.371,26.721,28.571,1.000,0.000,0.0000
470.070,-69.485,36.001,0.311,2.411,26.745,28.593,1.000,0.000,0.0000
470.080,-69.460,36.004,0.311,2.450,26.770,28.616,1.000,0.000,0.0000
470.090,-69.436,36.007,0.311,2.490,26.794,28.639,1.000,0.000,0.0000
470.100,-69.410,36.010,0.310,2.530,26.820,28.662,1.000,0.000,0.0000
470.110,-69.385,36.013,0.310,2.569,26.845,28.686,1.000,0.000,0.0000
470.120,-69.358,36.016,0.310,2.609,26.872,28.711,1.000,0.000,0.0000
470.130,-69.332,36.020,0.310,2.648,26.898,28.735,1.000,0.000,0.0000
470.140,-69.305,36.023,0.310,2.688,26.925,28.760,1.000,0.000,0.0000
470.150,-69.278,36.026,0.310,2.727,26.952,28.785,1.000,0.000,0.0000
470.160,-69.250,36.029,0.310,2.767,26.980,28.811,1.000,0.000,0.0000
470.170,-69.222,36.033,0.310,2.806,27.008,28.837,1.000,0.000,0.0000
470.180,-69.194,36.036,0.310,2.846,27.036,28.864,1.000,0.000,0.0000
470.190,-69.165,36.040,0.310,2.885,27.065,28.891,1.000,0.000,0.0000
470.200,-69.136,36.043,0.310,2.924,27.094,28.918,1.000,0.000,0.0000
470.210,-69.106,36.047,0.310,2.964,27.124,28.945,1.000,0.000,0.0000
470.220,-69.076,36.050,0.310,3.003,27.154,28.973,1.000,0.000,0.0000
470.230,-69.045,36.054,0.310,3.042,27.185,29.001,1.000,0.000,0.0000
470.240,-69.015,36.058,0.310,3.083,27.215,29.030,1.000,0.000,0.0000
470.250,-68.983,36.061,0.310,3.124,27.247,29.059,1.000,0.000,0.0000
470.260,-68.952,36.065,0.310,3.164,27.278,29.089,1.000,0.000,0.0000
470.270,-68.920,36.069,0.310,3.204,27.310,29.118,1.000,0.000,0.0000
470.280,-68.887,36.073,0.310,3.242,27.343,29.148,1.000,0.000,0.0000
470.290,-68.855,36.077,0.310,3.278,27.375,29.179,1.000,0.000,0.0000
470.300,-68.821,36.081,0.310,3.316,27.409,29.210,1.000,0.000,0.0000
470.310,-68.788,36.085,0.310,3.354,27.442,29.241,1.000,0.000,0.0000
470.320,-68.754,36.089,0.310,3.394,27.476,29.273,1.000,0.000,0.0000
470.330,-68.720,36.093,0.310,3.433,27.510,29.305,1.000,0.000,0.0000
470.340,-68.685,36.098,0.310,3.474,27.545,29.337,1.000,0.000,0.0000
470.350,-68.651,36.102,0.310,3.404,27.579,29.368,1.000,0.000,0.0000
470.360,-68.617,36.107,0.311,3.415,27.613,29.400,1.000,0.000,0.0000
470.370,-68.582,36.111,0.311,3.460,27.648,29.432,1.000,0.000,0.0000
470.380,-68.547,36.116,0.311,3.526,27.683,29.465,1.000,0.000,0.0000
470.390,-68.511,36.121,0.311,3.569,27.719,29.498,1.000,0.000,0.0000
470.400,-68.476,36.125,0.311,3.511,27.754,29.531,1.000,0.000,0.0000
470.410,-68.440,36.129,0.311,3.560,27.790,29.564,1.000,0.000,0.0000
470.420,-68.404,36.133,0.312,3.609,27.826,29.598,1.000,0.000,0.0000
470.430,-68.368,36.138,0.312,3.667,27.862,29.632,1.000,0.000,0.0000
470.440,-68.330,36.142,0.312,3.748,27.900,29.667,1.000,0.000,0.0000
470.450,-68.292,36.147,0.311,3.824,27.938,29.703,1.000,0.000,0.0000
470.460,-68.253,36.151,0.311,3.888,27.977,29.739,1.000,0.000,0.0000
470.470,-68.214,36.156,0.311,3.944,28.016,29.776,1.000,0.000,0.0000
470.480,-68.174,36.161,0.311,3.992,28.056,29.813,1.000,0.000,0.0000
470.490,-68.133,36.165,0.310,4.036,28.097,29.851,1.000,0.000,0.0000
470.500,-68.093,36.170,0.310,4.079,28.138,29.889,1.000,0.000,0.0000
470.510,-68.051,36.175,0.310,4.121,28.179,29.928,1.000,0.000,0.0000
470.520,-68.010,36.179,0.309,4.165,28.220,29.967,1.000,0.000,0.0000
470.530,-67.968,36.184,0.309,4.210,28.262,30.006,1.000,0.000,0.0000
470.540,-67.925,36.189,0.309,4.254,28.305,30.046,1.000,0.000,0.0000
470.550,-67.882,36.194,0.309,4.298,28.348,30.086,1.000,0.000,0.0000
470.560,-67.839,36.199,0.309,4.341,28.391,30.127,1.000,0.000,0.0000
470.570,-67.795,36.204,0.309,4.380,28.435,30.168,1.000,0.000,0.0000
470.580,-67.751,36.210,0.308,4.419,28.479,30.209,1.000,0.000,0.0000
470.590,-67.706,36.215,0.308,4.460,28.524,30.251,1.000,0.000,0.0000
470.600,-67.661,36.220,0.308,4.502,28.569,30.293,1.000,0.000,0.0000
470.610,-67.616,36.226,0.308,4.545,28.614,30.336,1.000,0.000,0.0000
470.620,-67.570,36.231,0.308,4.588,28.660,30.378,1.000,0.000,0.0000
470.630,-67.523,36.237,0.308,4.631,28.707,30.422,1.000,0.000,0.0000
470.640,-67.477,36.242,0.309,4.674,28.753,30.466,1.000,0.000,0.0000
470.650,-67.429,36.248,0.309,4.716,28.801,30.510,1.000,0.000,0.0000
470.660,-67.382,36.253,0.309,4.757,28.848,30.554,1.000,0.000,0.0000
470.670,-67.334,36.259,0.309,4.798,28.896,30.599,1.000,0.000,0.0000
470.680,-67.286,36.265,0.309,4.838,28.944,30.644,1.000,0.000,0.0000
470.690,-67.237,36.271,0.309,4.878,28.993,30.690,1.000,0.000,0.0000
470.700,-67.188,36.277,0.309,4.919,29.042,30.736,1.000,0.000,0.0000
470.710,-67.138,36.283,0.309,4.959,29.092,30.782,1.000,0.000,0.0000
470.720,-67.088,36.289,0.310,4.998,29.142,30.829,1.000,0.000,0.0000
470.730,-67.038,36.295,0.310,5.036,29.192,30.876,1.000,0.000,0.0000
470.740,-66.987,36.301,0.310,5.074,29.243,30.924,1.000,0.000,0.0000
470.750,-66.936,36.307,0.310,5.111,29.294,30.972,1.000,0.000,0.0000
470.760,-66.884,36.313,0.310,5.148,29.346,31.020,1.000,0.000,0.0000
470.770,-66.832,36.320,0.311,5.185,29.398,31.069,1.000,0.000,0.0000
470.780,-66.780,36.326,0.311,5.222,29.450,31.118,1.000,0.000,0.0000
470.790,-66.728,36.332,0.311,5.259,29.502,31.167,1.000,0.000,0.0000
470.800,-66.675,36.339,0.311,5.296,29.555,31.217,1.000,0.000,0.0000
470.810,-66.621,36.345,0.311,5.328,29.609,31.267,1.000,0.000,0.0000
470.820,-66.568,36.352,0.311,5.363,29.662,31.317,1.000,0.000,0.0000
470.830,-66.514,36.358,0.311,5.399,29.716,31.368,1.000,0.000,0.0000
470.840,-66.459,36.365,0.312,5.438,29.771,31.419,1.000,0.000,0.0000
470.850,-66.405,36.372,0.312,5.478,29.825,31.470,1.000,0.000,0.0000
470.860,-66.349,36.378,0.312,5.519,29.881,31.522,1.000,0.000,0.0000
470.870,-66.294,36.385,0.312,5.559,29.936,31.575,1.000,0.000,0.0000
470.880,-66.238,36.392,0.312,5.600,29.992,31.627,1.000,0.000,0.0000
470.890,-66.181,36.399,0.312,5.641,30.049,31.680,1.000,0.000,0.0000
470.900,-66.125,36.406,0.312,5.682,30.105,31.734,1.000,0.000,0.0000
470.910,-66.067,36.413,0.312,5.722,30.163,31.788,1.000,0.000,0.0000
470.920,-66.010,36.420,0.311,5.762,30.220,31.842,1.000,0.000,0.0000
470.930,-65.952,36.427,0.311,5.803,30.278,31.897,1.000,0.000,0.0000
470.940,-65.893,36.434,0.311,5.845,30.337,31.952,1.000,0.000,0.0000
470.950,-65.834,36.441,0.311,5.885,30.396,32.007,1.000,0.000,0.0000
470.960,-65.775,36.448,0.311,5.925,30.455,32.063,1.000,0.000,0.0000
470.970,-65.716,36.455,0.311,5.964,30.514,32.119,1.000,0.000,0.0000
470.980,-65.656,36.462,0.312,5.951,30.574,32.175,1.000,0.000,0.0000
470.990,-65.596,36.470,0.314,6.006,30.634,32.231,1.000,0.000,0.0000
471.000,-65.535,36.478,0.315,6.060,30.695,32.288,1.000,0.000,0.0000
471.010,-65.475,36.485,0.318,6.061,30.755,32.344,1.000,0.000,0.0000
471.020,-65.414,36.493,0.322,6.138,30.816,32.401,1.000,0.000,0.0000
471.030,-65.352,36.501,0.325,6.208,30.878,32.458,1.000,0.000,0.0000
471.040,-65.289,36.508,0.329,6.270,30.941,32.516,1.000,0.000,0.0000
471.050,-65.226,36.516,0.332,6.319,31.004,32.575,1.000,0.000,0.0000
471.060,-65.162,36.523,0.335,6.362,31.068,32.634,1.000,0.000,0.0000
471.070,-65.098,36.531,0.339,6.403,31.132,32.693,1.000,0.000,0.0000
471.080,-65.034,36.538,0.342,6.443,31.196,32.753,1.000,0.000,0.0000
471.090,-64.969,36.546,0.345,6.483,31.261,32.813,1.000,0.000,0.0000
471.100,-64.904,36.554,0.348,6.524,31.326,32.873,1.000,0.000,0.0000
471.110,-64.839,36.561,0.351,6.564,31.391,32.935,1.000,0.000,0.0000
471.120,-64.773,36.569,0.354,6.602,31.457,32.996,1.000,0.000,0.0000
471.130,-64.706,36.577,0.356,6.640,31.524,33.058,1.000,0.000,0.0000
471.140,-64.640,36.585,0.358,6.676,31.591,33.121,1.000,0.000,0.0000
471.150,-64.572,36.593,0.360,6.712,31.658,33.184,1.000,0.000,0.0080
471.160,-64.505,36.600,0.361,6.746,31.725,33.247,1.000,0.000,0.0160
471.170,-64.437,36.608,0.363,6.779,31.793,33.311,1.000,0.000,0.0240
471.180,-64.369,36.617,0.364,6.811,31.861,33.375,1.000,0.000,0.0320
471.190,-64.301,36.625,0.364,6.843,31.929,33.440,1.000,0.000,0.0400
471.200,-64.232,36.633,0.365,6.880,31.998,33.505,1.000,0.000,0.0480
471.210,-64.163,36.641,0.365,6.919,32.067,33.570,1.000,0.000,0.0560
471.220,-64.093,36.649,0.365,6.959,32.137,33.636,1.000,0.000,0.0640
471.230,-64.023,36.658,0.364,7.000,32.207,33.703,1.000,0.000,0.0720
471.240,-63.953,36.666,0.364,7.040,32.277,33.770,1.000,0.000,0.0800
471.250,-63.882,36.674,0.363,7.080,32.348,33.837,1.000,0.000,0.0880
471.260,-63.811,36.683,0.362,7.119,32.419,33.905,1.000,0.000,0.0960
471.270,-63.739,36.691,0.361,7.158,32.491,33.973,1.000,0.000,0.1040
471.280,-63.667,36.699,0.360,7.198,32.563,34.042,1.000,0.000,0.1120
471.290,-63.595,36.708,0.359,7.239,32.635,34.111,1.000,0.000,0.1200
471.300,-63.522,36.716,0.358,7.280,32.708,34.181,1.000,0.000,0.1280
471.310,-63.449,36.724,0.357,7.318,32.781,34.251,1.000,0.000,0.1360
471.320,-63.375,36.732,0.356,7.352,32.855,34.321,0.940,0.000,0.1060
471.330,-63.302,36.740,0.355,7.373,32.928,34.391,0.880,0.000,0.0760
471.340,-63.228,36.748,0.353,7.383,33.002,34.462,0.820,0.000,0.0460
471.350,-63.154,36.756,0.352,7.404,33.076,34.533,0.760,0.000,0.0160
471.360,-63.079,36.764,0.352,7.440,33.151,34.604,0.700,0.000,0.0000
471.370,-63.005,36.772,0.351,7.485,33.225,34.675,0.640,0.000,0.0000
471.380,-62.929,36.779,0.350,7.507,33.301,34.747,0.580,0.000,0.0000
471.390,-62.854,36.787,0.349,7.507,33.376,34.818,0.620,0.000,0.0000
471.400,-62.779,36.794,0.349,7.494,33.451,34.890,0.660,0.000,0.0000
471.410,-62.705,36.801,0.349,7.471,33.525,34.961,0.700,0.000,0.0000
471.420,-62.630,36.808,0.349,7.465,33.600,35.032,0.740,0.000,0.0000
471.430,-62.555,36.815,0.349,7.475,33.675,35.103,0.780,0.000,0.0000
471.440,-62.480,36.822,0.349,7.503,33.750,35.175,0.820,0.000,0.0000
471.450,-62.405,36.829,0.349,7.542,33.825,35.247,0.860,0.000,0.0000
471.460,-62.329,36.836,0.349,7.588,33.901,35.319,0.900,0.000,0.0000
471.470,-62.253,36.843,0.349,7.635,33.977,35.392,0.940,0.000,0.0000
471.480,-62.176,36.850,0.350,7.679,34.054,35.465,0.980,0.000,0.0000
471.490,-62.099,36.857,0.350,7.722,34.131,35.538,1.000,0.000,0.0000
471.500,-62.021,36.864,0.350,7.762,34.209,35.612,1.000,0.000,0.0000
471.510,-61.943,36.871,0.350,7.800,34.287,35.687,1.000,0.000,0.0000
471.520,-61.865,36.878,0.350,7.833,34.365,35.762,1.000,0.000,0.0000
471.530,-61.786,36.885,0.350,7.865,34.444,35.837,1.000,0.000,0.0000
471.540,-61.707,36.892,0.350,7.900,34.523,35.912,1.000,0.000,0.0000
471.550,-61.628,36.899,0.350,7.937,34.602,35.988,1.000,0.000,0.0000
471.560,-61.548,36.906,0.351,7.978,34.682,36.064,1.000,0.000,0.0000
471.570,-61.468,36.914,0.351,8.019,34.762,36.141,1.000,0.000,0.0000
471.580,-61.387,36.921,0.351,8.062,34.843,36.218,1.000,0.000,0.0000
471.590,-61.306,36.928,0.351,8.103,34.924,36.295,1.000,0.000,0.0000
471.600,-61.225,36.935,0.351,8.144,35.005,36.373,1.000,0.000,0.0000
471.610,-61.143,36.943,0.351,8.186,35.087,36.451,1.000,0.000,0.0000
471.620,-61.061,36.950,0.351,8.229,35.170,36.530,1.000,0.000,0.0000
471.630,-60.978,36.957,0.351,8.270,35.252,36.609,1.000,0.000,0.0000
471.640,-60.895,36.965,0.351,8.310,35.335,36.688,1.000,0.000,0.0000
471.650,-60.811,36.972,0.351,8.349,35.419,36.768,1.000,0.000,0.0000
471.660,-60.727,36.980,0.351,8.385,35.503,36.849,1.000,0.000,0.0000
471.670,-60.643,36.987,0.351,8.419,35.587,36.929,1.000,0.000,0.0000
471.680,-60.559,36.995,0.351,8.454,35.671,37.010,1.000,0.000,0.0000
471.690,-60.474,37.002,0.351,8.493,35.756,37.091,1.000,0.000,0.0000
471.700,-60.389,37.010,0.351,8.513,35.841,37.173,1.000,0.000,0.0000
471.710,-60.303,37.018,0.351,8.547,35.927,37.255,1.000,0.000,0.0000
471.720,-60.218,37.025,0.351,8.545,36.012,37.337,1.000,0.000,0.0000
471.730,-60.132,37.033,0.351,8.540,36.098,37.419,1.000,0.000,0.0000
471.740,-60.047,37.040,0.351,8.535,36.183,37.500,1.000,0.000,0.0000
471.750,-59.962,37.047,0.352,8.531,36.268,37.582,1.000,0.000,0.0000
471.760,-59.876,37.055,0.352,8.595,36.354,37.664,1.000,0.000,0.0000
471.770,-59.790,37.062,0.352,8.593,36.440,37.747,1.000,0.000,0.0000
471.780,-59.702,37.070,0.352,8.730,36.528,37.830,1.000,0.000,0.0000
471.790,-59.614,37.078,0.352,8.837,36.616,37.915,1.000,0.000,0.0000
471.800,-59.525,37.086,0.351,8.926,36.705,38.001,1.000,0.000,0.0000
471.810,-59.435,37.094,0.351,8.994,36.795,38.088,1.000,0.000,0.0000
471.820,-59.344,37.102,0.351,9.050,36.886,38.175,1.000,0.000,0.0000
471.830,-59.253,37.110,0.350,9.095,36.977,38.262,1.000,0.000,0.0000
471.840,-59.162,37.118,0.350,9.134,37.068,38.350,1.000,0.000,0.0000
471.850,-59.070,37.126,0.349,9.171,37.160,38.438,1.000,0.000,0.0000
471.860,-58.978,37.134,0.349,9.206,37.252,38.527,1.000,0.000,0.0000
471.870,-58.886,37.142,0.349,9.241,37.344,38.616,1.000,0.000,0.0000
471.880,-58.793,37.150,0.349,9.275,37.437,38.705,1.000,0.000,0.0000
471.890,-58.700,37.158,0.348,9.310,37.530,38.794,1.000,0.000,0.0000
471.900,-58.607,37.166,0.348,9.346,37.623,38.884,1.000,0.000,0.0000
471.910,-58.513,37.175,0.348,9.382,37.717,38.974,1.000,0.000,0.0000
471.920,-58.419,37.183,0.348,9.418,37.811,39.065,1.000,0.000,0.0000
471.930,-58.324,37.191,0.348,9.454,37.906,39.156,1.000,0.000,0.0000
471.940,-58.229,37.200,0.348,9.489,38.001,39.247,1.000,0.000,0.0000
471.950,-58.134,37.208,0.349,9.523,38.096,39.339,1.000,0.000,0.0080
471.960,-58.038,37.216,0.349,9.560,38.192,39.431,1.000,0.000,0.0160
471.970,-57.942,37.225,0.349,9.599,38.288,39.523,1.000,0.000,0.0240
471.980,-57.846,37.233,0.349,9.640,38.384,39.616,1.000,0.000,0.0320
471.990,-57.749,37.242,0.349,9.677,38.481,39.709,1.000,0.000,0.0400
472.000,-57.652,37.250,0.349,9.712,38.578,39.803,1.000,0.000,0.0480
472.010,-57.555,37.259,0.349,9.748,38.675,39.897,1.000,0.000,0.0560
472.020,-57.457,37.267,0.350,9.780,38.773,39.991,1.000,0.000,0.0640
472.030,-57.359,37.276,0.350,9.809,38.871,40.085,1.000,0.000,0.0720
472.040,-57.260,37.284,0.349,9.833,38.970,40.180,1.000,0.000,0.0800
472.050,-57.162,37.292,0.348,9.876,39.068,40.276,1.000,0.000,0.0880
472.060,-57.062,37.300,0.345,9.922,39.168,40.372,1.000,0.000,0.0960
472.070,-56.963,37.307,0.342,9.968,39.267,40.469,1.000,0.000,0.1040
472.080,-56.863,37.315,0.338,9.996,39.367,40.567,1.000,0.000,0.1120
472.090,-56.763,37.322,0.334,10.040,39.467,40.664,1.000,0.000,0.1200
472.100,-56.662,37.330,0.330,10.080,39.568,40.763,1.000,0.000,0.1280
472.110,-56.561,37.338,0.326,10.122,39.669,40.861,1.000,0.000,0.1360
472.120,-56.459,37.345,0.322,10.164,39.771,40.960,1.000,0.000,0.1440
472.130,-56.357,37.353,0.318,10.205,39.873,41.060,1.000,0.000,0.1520
472.140,-56.255,37.360,0.315,10.238,39.975,41.159,1.000,0.000,0.1600
472.150,-56.152,37.368,0.311,10.291,40.078,41.260,1.000,0.000,0.1680
472.160,-56.049,37.375,0.308,10.335,40.181,41.360,1.000,0.000,0.1760
472.170,-55.945,37.382,0.305,10.368,40.285,41.461,1.000,0.000,0.1840
472.180,-55.841,37.389,0.303,10.395,40.389,41.562,1.000,0.000,0.1920
472.190,-55.737,37.395,0.301,10.422,40.493,41.663,1.000,0.000,0.1620
472.200,-55.632,37.401,0.299,10.453,40.598,41.765,1.000,0.000,0.1320
472.210,-55.528,37.407,0.297,10.491,40.702,41.867,1.000,0.000,0.1020
472.220,-55.422,37.412,0.296,10.512,40.808,41.969,1.000,0.000,0.0720
472.230,-55.317,37.416,0.295,10.514,40.913,42.071,1.000,0.000,0.0420
472.240,-55.212,37.420,0.295,10.520,41.018,42.172,1.000,0.000,0.0120
472.250,-55.107,37.424,0.295,10.541,41.123,42.274,1.000,0.000,0.0000
472.260,-55.001,37.427,0.295,10.592,41.229,42.377,1.000,0.000,0.0000
472.270,-54.894,37.430,0.296,10.662,41.336,42.480,1.000,0.000,0.0000
472.280,-54.787,37.433,0.296,10.740,41.443,42.584,1.000,0.000,0.0000
472.290,-54.679,37.435,0.297,10.824,41.551,42.688,1.000,0.000,0.0000
472.300,-54.569,37.437,0.297,10.907,41.661,42.794,1.000,0.000,0.0000
472.310,-54.460,37.438,0.298,10.989,41.770,42.900,1.000,0.000,0.0000
472.320,-54.349,37.439,0.299,11.051,41.881,43.007,1.000,0.000,0.0000
472.330,-54.238,37.440,0.300,11.098,41.992,43.114,1.000,0.000,0.0000
472.340,-54.127,37.441,0.301,11.131,42.103,43.222,1.000,0.000,0.0000
472.350,-54.015,37.442,0.302,11.152,42.215,43.329,1.000,0.000,0.0000
472.360,-53.904,37.443,0.303,11.165,42.326,43.437,1.000,0.000,0.0000
472.370,-53.792,37.443,0.304,11.172,42.438,43.545,1.000,0.000,0.0000
472.380,-53.680,37.443,0.306,11.176,42.550,43.653,1.000,0.000,0.0000
472.390,-53.568,37.443,0.307,11.178,42.662,43.761,1.000,0.000,0.0000
472.400,-53.457,37.443,0.309,11.177,42.773,43.869,1.000,0.000,0.0000
472.410,-53.345,37.443,0.310,11.168,42.885,43.977,1.000,0.000,0.0000
472.420,-53.233,37.443,0.312,11.161,42.997,44.085,1.000,0.000,0.0000
472.430,-53.122,37.443,0.313,11.158,43.108,44.193,1.000,0.000,0.0000
472.440,-53.010,37.443,0.315,11.145,43.220,44.301,1.000,0.000,0.0000
472.450,-52.899,37.443,0.316,11.137,43.331,44.408,1.000,0.000,0.0000
472.460,-52.788,37.443,0.318,11.134,43.442,44.516,1.000,0.000,0.0000
472.470,-52.676,37.443,0.319,11.135,43.554,44.624,1.000,0.000,0.0000
472.480,-52.565,37.443,0.320,11.137,43.665,44.732,1.000,0.000,0.0000
472.490,-52.454,37.443,0.321,11.140,43.776,44.840,1.000,0.000,0.0000
472.500,-52.342,37.443,0.322,11.141,43.888,44.948,1.000,0.000,0.0000
472.510,-52.231,37.443,0.322,11.139,43.999,45.056,1.000,0.000,0.0000
472.520,-52.119,37.442,0.323,11.137,44.111,45.164,1.000,0.000,0.0000
472.530,-52.008,37.442,0.323,11.137,44.222,45.272,1.000,0.000,0.0000
472.540,-51.897,37.442,0.324,11.135,44.333,45.380,1.000,0.000,0.0000
472.550,-51.785,37.442,0.324,11.134,44.445,45.488,1.000,0.000,0.0000
472.560,-51.674,37.442,0.324,11.133,44.556,45.596,1.000,0.000,0.0000
472.570,-51.563,37.441,0.324,11.131,44.667,45.705,1.000,0.000,0.0000
472.580,-51.451,37.441,0.324,11.131,44.779,45.813,1.000,0.000,0.0000
472.590,-51.340,37.441,0.323,11.132,44.890,45.921,1.000,0.000,0.0000
472.600,-51.229,37.440,0.323,11.126,45.001,46.029,1.000,0.000,0.0000
472.610,-51.118,37.440,0.323,11.121,45.112,46.138,1.000,0.000,0.0000
472.620,-51.006,37.439,0.322,11.117,45.224,46.246,1.000,0.000,0.0000
472.630,-50.895,37.439,0.322,11.116,45.335,46.354,1.000,0.000,0.0000
472.640,-50.784,37.439,0.321,11.113,45.446,46.463,1.000,0.000,0.0000
472.650,-50.673,37.438,0.321,11.112,45.557,46.571,1.000,0.000,0.0000
472.660,-50.562,37.438,0.320,11.112,45.668,46.679,1.000,0.000,0.0000
472.670,-50.451,37.437,0.320,11.113,45.779,46.787,1.000,0.000,0.0000
472.680,-50.340,37.437,0.319,11.114,45.890,46.896,1.000,0.000,0.0000
472.690,-50.228,37.437,0.319,11.116,46.002,47.004,1.000,0.000,0.0000
472.700,-50.117,37.436,0.318,11.119,46.113,47.112,1.000,0.000,0.0000
472.710,-50.006,37.436,0.318,11.115,46.224,47.221,1.000,0.000,0.0000
472.720,-49.895,37.436,0.317,11.112,46.335,47.329,1.000,0.000,0.0000
472.730,-49.784,37.435,0.317,11.111,46.446,47.438,1.000,0.000,0.0000
472.740,-49.673,37.435,0.316,11.109,46.557,47.546,1.000,0.000,0.0000
472.750,-49.562,37.434,0.316,11.108,46.668,47.654,1.000,0.000,0.0000
472.760,-49.451,37.434,0.316,11.110,46.779,47.763,1.000,0.000,0.0000
472.770,-49.340,37.433,0.315,11.113,46.891,47.871,1.000,0.000,0.0000
472.780,-49.228,37.433,0.315,11.115,47.002,47.979,1.000,0.000,0.0000
472.790,-49.117,37.432,0.315,11.118,47.113,48.088,1.000,0.000,0.0000
472.800,-49.006,37.432,0.315,11.121,47.224,48.196,1.000,0.000,0.0000
472.810,-48.895,37.431,0.315,11.125,47.335,48.305,1.000,0.000,0.0000
472.820,-48.784,37.431,0.315,11.121,47.446,48.413,1.000,0.000,0.0000
472.830,-48.672,37.430,0.315,11.118,47.558,48.522,1.000,0.000,0.0000
472.840,-48.561,37.429,0.315,11.118,47.669,48.630,1.000,0.000,0.0000
472.850,-48.450,37.429,0.315,11.116,47.780,48.738,1.000,0.000,0.0000
472.860,-48.339,37.428,0.315,11.116,47.891,48.847,1.000,0.000,0.0000
472.870,-48.228,37.428,0.315,11.118,48.002,48.955,1.000,0.000,0.0000
472.880,-48.116,37.427,0.315,11.120,48.114,49.064,1.000,0.000,0.0000
472.890,-48.005,37.427,0.315,11.122,48.225,49.172,1.000,0.000,0.0000
472.900,-47.894,37.427,0.315,11.125,48.336,49.281,1.000,0.000,0.0000
472.910,-47.783,37.426,0.315,11.128,48.447,49.390,1.000,0.000,0.0000
472.920,-47.671,37.426,0.316,11.131,48.559,49.498,1.000,0.000,0.0000
472.930,-47.560,37.425,0.316,11.126,48.670,49.607,1.000,0.000,0.0000
472.940,-47.449,37.425,0.316,11.124,48.781,49.715,1.000,0.000,0.0000
472.950,-47.338,37.425,0.316,11.123,48.892,49.824,1.000,0.000,0.0000
472.960,-47.226,37.424,0.316,11.121,49.004,49.933,1.000,0.000,0.0000
472.970,-47.115,37.424,0.317,11.120,49.115,50.041,1.000,0.000,0.0000
472.980,-47.004,37.423,0.317,11.120,49.226,50.150,1.000,0.000,0.0000
472.990,-46.893,37.423,0.317,11.122,49.337,50.258,1.000,0.000,0.0000
473.000,-46.782,37.422,0.317,11.123,49.448,50.367,1.000,0.000,0.0000
473.010,-46.670,37.422,0.317,11.125,49.560,50.476,1.000,0.000,0.0000
473.020,-46.559,37.421,0.317,11.128,49.671,50.584,1.000,0.000,0.0000
473.030,-46.448,37.421,0.317,11.126,49.782,50.693,1.000,0.000,0.0000
473.040,-46.337,37.420,0.317,11.124,49.893,50.802,1.000,0.000,0.0000
473.050,-46.225,37.419,0.318,11.122,50.005,50.911,1.000,0.000,0.0000
473.060,-46.114,37.419,0.318,11.117,50.116,51.019,1.000,0.000,0.0000
473.070,-46.003,37.418,0.318,11.115,50.227,51.128,1.000,0.000,0.0000
473.080,-45.892,37.418,0.318,11.116,50.338,51.237,1.000,0.000,0.0000
473.090,-45.781,37.417,0.318,11.117,50.449,51.345,1.000,0.000,0.0000
473.100,-45.669,37.417,0.318,11.119,50.561,51.454,1.000,0.000,0.0000
473.110,-45.558,37.416,0.318,11.121,50.672,51.563,1.000,0.000,0.0000
473.120,-45.447,37.416,0.318,11.124,50.783,51.672,1.000,0.000,0.0000
473.130,-45.336,37.416,0.318,11.126,50.894,51.781,1.000,0.000,0.0000
473.140,-45.225,37.415,0.318,11.124,51.005,51.889,1.000,0.000,0.0000
473.150,-45.113,37.415,0.318,11.122,51.117,51.998,1.000,0.000,0.0000
473.160,-45.002,37.414,0.318,11.118,51.228,52.107,1.000,0.000,0.0000
473.170,-44.891,37.414,0.317,11.114,51.339,52.216,1.000,0.000,0.0000
473.180,-44.780,37.413,0.317,11.113,51.450,52.325,1.000,0.000,0.0000
473.190,-44.669,37.413,0.317,11.113,51.561,52.434,1.000,0.000,0.0000
473.200,-44.558,37.412,0.317,11.115,51.672,52.542,1.000,0.000,0.0000
473.210,-44.446,37.412,0.317,11.118,51.784,52.651,1.000,0.000,0.0000
473.220,-44.335,37.411,0.317,11.120,51.895,52.760,1.000,0.000,0.0000
473.230,-44.224,37.411,0.317,11.123,52.006,52.869,1.000,0.000,0.0000
473.240,-44.113,37.410,0.317,11.125,52.117,52.978,1.000,0.000,0.0000
473.250,-44.002,37.410,0.317,11.122,52.228,53.087,1.000,0.000,0.0000
473.260,-43.890,37.409,0.317,11.119,52.340,53.196,1.000,0.000,0.0000
473.270,-43.779,37.408,0.317,11.115,52.451,53.305,1.000,0.000,0.0000
473.280,-43.668,37.408,0.317,11.112,52.562,53.414,1.000,0.000,0.0000
473.290,-43.557,37.407,0.317,11.112,52.673,53.523,1.000,0.000,0.0000
473.300,-43.446,37.407,0.317,11.114,52.784,53.631,1.000,0.000,0.0000
473.310,-43.335,37.406,0.317,11.116,52.895,53.740,1.000,0.000,0.0000
473.320,-43.223,37.406,0.317,11.119,53.007,53.849,1.000,0.000,0.0000
473.330,-43.112,37.405,0.317,11.121,53.118,53.958,1.000,0.000,0.0000
473.340,-43.001,37.405,0.317,11.124,53.229,54.067,1.000,0.000,0.0000
473.350,-42.890,37.404,0.317,11.123,53.340,54.176,1.000,0.000,0.0000
473.360,-42.779,37.404,0.317,11.121,53.451,54.285,1.000,0.000,0.0000
473.370,-42.667,37.404,0.317,11.119,53.563,54.395,1.000,0.000,0.0000
473.380,-42.556,37.403,0.317,11.115,53.674,54.503,1.000,0.000,0.0000
473.390,-42.445,37.403,0.317,11.113,53.785,54.612,1.000,0.000,0.0000
473.400,-42.334,37.402,0.317,11.114,53.896,54.721,1.000,0.000,0.0000
473.410,-42.223,37.402,0.317,11.115,54.007,54.830,1.000,0.000,0.0000
473.420,-42.112,37.401,0.317,11.117,54.118,54.940,1.000,0.000,0.0000
473.430,-42.000,37.401,0.317,11.119,54.230,55.049,1.000,0.000,0.0000
473.440,-41.889,37.400,0.317,11.122,54.341,55.158,1.000,0.000,0.0000
473.450,-41.778,37.399,0.317,11.124,54.452,55.267,1.000,0.000,0.0000
473.460,-41.667,37.399,0.317,11.123,54.563,55.376,1.000,0.000,0.0000
473.470,-41.555,37.398,0.317,11.122,54.675,55.485,1.000,0.000,0.0000
473.480,-41.444,37.398,0.317,11.116,54.786,55.594,1.000,0.000,0.0000
473.490,-41.333,37.397,0.317,11.113,54.897,55.703,1.000,0.000,0.0000
473.500,-41.222,37.396,0.317,11.112,55.008,55.812,1.000,0.000,0.0000
473.510,-41.111,37.396,0.317,11.113,55.119,55.921,1.000,0.000,0.0000
473.520,-41.000,37.395,0.317,11.115,55.230,56.030,1.000,0.000,0.0000
473.530,-40.889,37.395,0.317,11.118,55.341,56.140,1.000,0.000,0.0000
473.540,-40.777,37.395,0.317,11.120,55.453,56.249,1.000,0.000,0.0000
473.550,-40.666,37.394,0.317,11.122,55.564,56.358,1.000,0.000,0.0000
473.560,-40.555,37.394,0.317,11.121,55.675,56.467,1.000,0.000,0.0000
473.570,-40.444,37.393,0.317,11.120,55.786,56.576,1.000,0.000,0.0000
473.580,-40.333,37.393,0.317,11.119,55.897,56.685,1.000,0.000,0.0000
473.590,-40.221,37.392,0.317,11.114,56.009,56.795,1.000,0.000,0.0000
473.600,-40.110,37.392,0.317,11.112,56.120,56.904,1.000,0.000,0.0000
473.610,-39.999,37.391,0.317,11.112,56.231,57.013,1.000,0.000,0.0000
473.620,-39.888,37.391,0.317,11.113,56.342,57.122,1.000,0.000,0.0000
473.630,-39.777,37.390,0.317,11.116,56.453,57.231,1.000,0.000,0.0000
473.640,-39.666,37.390,0.317,11.118,56.564,57.340,1.000,0.000,0.0000
473.650,-39.555,37.389,0.317,11.120,56.675,57.450,1.000,0.000,0.0000
473.660,-39.443,37.389,0.317,11.122,56.787,57.559,1.000,0.000,0.0000
473.670,-39.332,37.388,0.317,11.121,56.898,57.668,1.000,0.000,0.0000
473.680,-39.221,37.387,0.317,11.120,57.009,57.778,1.000,0.000,0.0000
473.690,-39.110,37.387,0.317,11.116,57.120,57.887,1.000,0.000,0.0000
473.700,-38.999,37.386,0.317,11.112,57.231,57.996,1.000,0.000,0.0000
473.710,-38.888,37.386,0.317,11.111,57.342,58.105,1.000,0.000,0.0000
473.720,-38.776,37.385,0.317,11.112,57.454,58.214,1.000,0.000,0.0000
473.730,-38.665,37.384,0.317,11.113,57.565,58.324,1.000,0.000,0.0000
473.740,-38.554,37.384,0.317,11.116,57.676,58.433,1.000,0.000,0.0000
473.750,-38.443,37.383,0.317,11.118,57.787,58.542,1.000,0.000,0.0000
473.760,-38.332,37.383,0.317,11.120,57.898,58.652,1.000,0.000,0.0000
473.770,-38.221,37.383,0.317,11.123,58.009,58.761,1.000,0.000,0.0000
473.780,-38.109,37.382,0.317,11.121,58.121,58.870,1.000,0.000,0.0000
473.790,-37.998,37.382,0.317,11.120,58.232,58.980,1.000,0.000,0.0000
473.800,-37.887,37.381,0.317,11.115,58.343,59.089,1.000,0.000,0.0000
473.810,-37.776,37.381,0.317,11.112,58.454,59.198,1.000,0.000,0.0000
473.820,-37.665,37.380,0.317,11.111,58.565,59.308,1.000,0.000,0.0000
473.830,-37.554,37.380,0.317,11.112,58.676,59.417,1.000,0.000,0.0000
473.840,-37.442,37.379,0.317,11.114,58.788,59.526,1.000,0.000,0.0000
473.850,-37.331,37.379,0.317,11.116,58.899,59.636,1.000,0.000,0.0000
473.860,-37.220,37.378,0.317,11.118,59.010,59.745,1.000,0.000,0.0000
473.870,-37.109,37.377,0.317,11.120,59.121,59.854,1.000,0.000,0.0000
473.880,-36.998,37.377,0.317,11.118,59.232,59.964,1.000,0.000,0.0000
473.890,-36.887,37.376,0.317,11.118,59.343,60.073,1.000,0.000,0.0000
473.900,-36.775,37.376,0.317,11.116,59.455,60.183,1.000,0.000,0.0000
473.910,-36.664,37.375,0.317,11.113,59.566,60.292,1.000,0.000,0.0000
473.920,-36.553,37.374,0.317,11.111,59.677,60.401,1.000,0.000,0.0000
473.930,-36.442,37.374,0.317,11.111,59.788,60.511,1.000,0.000,0.0000
473.940,-36.331,37.373,0.317,11.112,59.899,60.620,1.000,0.000,0.0000
473.950,-36.220,37.373,0.317,11.114,60.010,60.729,1.000,0.000,0.0000
473.960,-36.109,37.372,0.317,11.117,60.121,60.839,1.000,0.000,0.0000
473.970,-35.997,37.372,0.317,11.119,60.233,60.948,1.000,0.000,0.0000
473.980,-35.886,37.371,0.317,11.121,60.344,61.058,1.000,0.000,0.0000
473.990,-35.775,37.371,0.317,11.120,60.455,61.167,1.000,0.000,0.0000
474.000,-35.664,37.370,0.317,11.119,60.566,61.277,1.000,0.000,0.0000
474.010,-35.553,37.370,0.317,11.116,60.677,61.386,1.000,0.000,0.0000
474.020,-35.442,37.369,0.317,11.112,60.788,61.496,1.000,0.000,0.0000
474.030,-35.330,37.369,0.317,11.111,60.900,61.605,1.000,0.000,0.0000
474.040,-35.219,37.368,0.317,11.111,61.011,61.714,1.000,0.000,0.0000
474.050,-35.108,37.368,0.317,11.112,61.122,61.824,1.000,0.000,0.0000
474.060,-34.997,37.367,0.317,11.115,61.233,61.933,1.000,0.000,0.0000
474.070,-34.886,37.367,0.317,11.117,61.344,62.043,1.000,0.000,0.0000
474.080,-34.775,37.366,0.317,11.119,61.455,62.152,1.000,0.000,0.0000
474.090,-34.664,37.365,0.317,11.116,61.566,62.262,1.000,0.000,0.0000
474.100,-34.552,37.365,0.317,11.115,61.678,62.371,1.000,0.000,0.0000
474.110,-34.441,37.364,0.317,11.114,61.789,62.481,1.000,0.000,0.0000
474.120,-34.330,37.364,0.317,11.112,61.900,62.590,1.000,0.000,0.0000
474.130,-34.219,37.363,0.317,11.110,62.011,62.700,1.000,0.000,0.0000
474.140,-34.108,37.362,0.317,11.110,62.122,62.809,1.000,0.000,0.0000
474.150,-33.997,37.362,0.317,11.111,62.233,62.919,1.000,0.000,0.0000
474.160,-33.886,37.361,0.317,11.113,62.344,63.028,1.000,0.000,0.0000
474.170,-33.775,37.361,0.317,11.115,62.455,63.138,1.000,0.000,0.0000
474.180,-33.663,37.360,0.317,11.117,62.567,63.247,1.000,0.000,0.0000
474.190,-33.552,37.360,0.317,11.119,62.678,63.357,1.000,0.000,0.0000
474.200,-33.441,37.359,0.317,11.117,62.789,63.467,1.000,0.000,0.0000
474.210,-33.330,37.359,0.317,11.116,62.900,63.576,1.000,0.000,0.0000
474.220,-33.219,37.358,0.317,11.114,63.011,63.686,1.000,0.000,0.0000
474.230,-33.108,37.358,0.317,11.112,63.122,63.795,1.000,0.000,0.0000
474.240,-32.997,37.357,0.317,11.110,63.234,63.905,1.000,0.000,0.0000
474.250,-32.885,37.357,0.317,11.110,63.345,64.014,1.000,0.000,0.0000
474.260,-32.774,37.356,0.317,11.111,63.456,64.124,1.000,0.000,0.0000
474.270,-32.663,37.356,0.317,11.113,63.567,64.233,1.000,0.000,0.0000
474.280,-32.552,37.355,0.317,11.115,63.678,64.343,1.000,0.000,0.0000
474.290,-32.441,37.355,0.317,11.117,63.789,64.453,1.000,0.000,0.0000
474.300,-32.330,37.354,0.317,11.115,63.900,64.562,1.000,0.000,0.0000
474.310,-32.219,37.353,0.317,11.113,64.011,64.672,1.000,0.000,0.0000
474.320,-32.107,37.353,0.317,11.111,64.123,64.782,1.000,0.000,0.0000
474.330,-31.996,37.352,0.317,11.110,64.234,64.891,1.000,0.000,0.0000
474.340,-31.885,37.351,0.317,11.109,64.345,65.001,1.000,0.000,0.0000
474.350,-31.774,37.351,0.317,11.109,64.456,65.110,1.000,0.000,0.0000
474.360,-31.663,37.350,0.317,11.110,64.567,65.220,1.000,0.000,0.0000
474.370,-31.552,37.350,0.317,11.112,64.678,65.329,1.000,0.000,0.0000
474.380,-31.441,37.349,0.317,11.114,64.789,65.439,1.000,0.000,0.0000
474.390,-31.330,37.349,0.317,11.116,64.900,65.549,1.000,0.000,0.0000
474.400,-31.218,37.348,0.317,11.118,65.012,65.658,1.000,0.000,0.0000
474.410,-31.107,37.348,0.317,11.115,65.123,65.768,1.000,0.000,0.0000
474.420,-30.996,37.347,0.317,11.113,65.234,65.878,1.000,0.000,0.0000
474.430,-30.885,37.347,0.317,11.111,65.345,65.987,1.000,0.000,0.0000
474.440,-30.774,37.346,0.317,11.110,65.456,66.097,1.000,0.000,0.0000
474.450,-30.663,37.346,0.317,11.109,65.567,66.207,1.000,0.000,0.0000
474.460,-30.552,37.345,0.317,11.109,65.678,66.316,1.000,0.000,0.0000
474.470,-30.441,37.344,0.317,11.110,65.789,66.426,1.000,0.000,0.0000
474.480,-30.330,37.344,0.317,11.112,65.900,66.536,1.000,0.000,0.0000
474.490,-30.218,37.343,0.317,11.114,66.012,66.645,1.000,0.000,0.0000
474.500,-30.107,37.343,0.317,11.116,66.123,66.755,1.000,0.000,0.0000
474.510,-29.996,37.342,0.317,11.114,66.234,66.865,1.000,0.000,0.0000
474.520,-29.885,37.342,0.317,11.112,66.345,66.974,1.000,0.000,0.0000
474.530,-29.774,37.341,0.317,11.111,66.456,67.084,1.000,0.000,0.0000
474.540,-29.663,37.340,0.317,11.110,66.567,67.194,1.000,0.000,0.0000
474.550,-29.552,37.340,0.317,11.109,66.678,67.304,1.000,0.000,0.0000
474.560,-29.441,37.339,0.317,11.108,66.789,67.413,1.000,0.000,0.0000
474.570,-29.330,37.338,0.317,11.109,66.900,67.523,1.000,0.000,0.0000
474.580,-29.218,37.338,0.317,11.110,67.012,67.633,1.000,0.000,0.0000
474.590,-29.107,37.337,0.317,11.112,67.123,67.742,1.000,0.000,0.0000
474.600,-28.996,37.337,0.317,11.115,67.234,67.852,1.000,0.000,0.0000
474.610,-28.885,37.336,0.317,11.115,67.345,67.962,1.000,0.000,0.0000
474.620,-28.774,37.336,0.317,11.113,67.456,68.072,1.000,0.000,0.0000
474.630,-28.663,37.335,0.317,11.112,67.567,68.181,1.000,0.000,0.0000
474.640,-28.552,37.335,0.317,11.111,67.678,68.291,1.000,0.000,0.0000
474.650,-28.441,37.334,0.317,11.110,67.789,68.401,1.000,0.000,0.0000
474.660,-28.329,37.334,0.317,11.109,67.901,68.511,1.000,0.000,0.0000
474.670,-28.218,37.333,0.317,11.109,68.012,68.620,1.000,0.000,0.0000
474.680,-28.107,37.332,0.317,11.109,68.123,68.730,1.000,0.000,0.0000
474.690,-27.996,37.332,0.317,11.111,68.234,68.840,1.000,0.000,0.0000
474.700,-27.885,37.331,0.317,11.113,68.345,68.950,1.000,0.000,0.0000
474.710,-27.774,37.331,0.317,11.115,68.456,69.059,1.000,0.000,0.0000
474.720,-27.663,37.330,0.317,11.114,68.567,69.169,1.000,0.000,0.0000
474.730,-27.552,37.330,0.317,11.112,68.678,69.279,1.000,0.000,0.0000
474.740,-27.441,37.329,0.317,11.111,68.789,69.389,1.000,0.000,0.0000
474.750,-27.329,37.328,0.317,11.110,68.901,69.498,1.000,0.000,0.0000
474.760,-27.218,37.328,0.317,11.110,69.012,69.608,1.000,0.000,0.0000
474.770,-27.107,37.327,0.317,11.109,69.123,69.718,1.000,0.000,0.0000
474.780,-26.996,37.326,0.317,11.109,69.234,69.828,1.000,0.000,0.0000
474.790,-26.885,37.326,0.317,11.110,69.345,69.938,1.000,0.000,0.0000
474.800,-26.774,37.325,0.317,11.111,69.456,70.047,1.000,0.000,0.0000
474.810,-26.663,37.325,0.317,11.113,69.567,70.157,1.000,0.000,0.0000
474.820,-26.552,37.324,0.317,11.115,69.678,70.267,1.000,0.000,0.0000
474.830,-26.441,37.323,0.317,11.114,69.790,70.377,1.000,0.000,0.0000
474.840,-26.329,37.323,0.317,11.112,69.901,70.487,1.000,0.000,0.0000
474.850,-26.218,37.322,0.317,11.111,70.012,70.597,1.000,0.000,0.0000
474.860,-26.107,37.322,0.317,11.110,70.123,70.706,1.000,0.000,0.0000
474.870,-25.996,37.321,0.317,11.110,70.234,70.816,1.000,0.000,0.0000
474.880,-25.885,37.321,0.317,11.109,70.345,70.926,1.000,0.000,0.0000
474.890,-25.774,37.320,0.317,11.109,70.456,71.036,1.000,0.000,0.0000
474.900,-25.663,37.320,0.317,11.110,70.567,71.146,1.000,0.000,0.0000
474.910,-25.552,37.319,0.317,11.112,70.678,71.256,1.000,0.000,0.0000
474.920,-25.441,37.319,0.317,11.114,70.789,71.365,1.000,0.000,0.0000
474.930,-25.329,37.318,0.317,11.114,70.901,71.475,1.000,0.000,0.0000
474.940,-25.218,37.317,0.317,11.113,71.012,71.585,1.000,0.000,0.0000
474.950,-25.107,37.317,0.317,11.111,71.123,71.695,1.000,0.000,0.0000
474.960,-24.996,37.316,0.317,11.110,71.234,71.805,1.000,0.000,0.0000
474.970,-24.885,37.315,0.317,11.110,71.345,71.915,1.000,0.000,0.0000
474.980,-24.774,37.315,0.317,11.109,71.456,72.025,1.000,0.000,0.0000
474.990,-24.663,37.314,0.317,11.109,71.567,72.135,1.000,0.000,0.0000
475.000,-24.552,37.314,0.317,11.110,71.678,72.244,1.000,0.000,0.0000
475.010,-24.441,37.313,0.317,11.111,71.789,72.354,1.000,0.000,0.0000
475.020,-24.329,37.312,0.317,11.112,71.901,72.464,1.000,0.000,0.0000
475.030,-24.218,37.312,0.317,11.114,72.012,72.574,1.000,0.000,0.0000
475.040,-24.107,37.311,0.317,11.113,72.123,72.684,1.000,0.000,0.0000
475.050,-23.996,37.311,0.317,11.112,72.234,72.794,1.000,0.000,0.0000
475.060,-23.885,37.310,0.317,11.111,72.345,72.904,1.000,0.000,0.0000
475.070,-23.774,37.310,0.317,11.110,72.456,73.014,1.000,0.000,0.0000
475.080,-23.663,37.309,0.317,11.110,72.567,73.124,1.000,0.000,0.0000
475.090,-23.552,37.309,0.317,11.109,72.678,73.234,1.000,0.000,0.0000
475.100,-23.441,37.308,0.317,11.109,72.789,73.343,1.000,0.000,0.0000
475.110,-23.329,37.307,0.317,11.110,72.901,73.453,1.000,0.000,0.0000
475.120,-23.218,37.307,0.317,11.111,73.012,73.563,1.000,0.000,0.0000
475.130,-23.107,37.306,0.317,11.112,73.123,73.673,1.000,0.000,0.0000
475.140,-22.996,37.306,0.317,11.114,73.234,73.783,1.000,0.000,0.0000
475.150,-22.885,37.305,0.317,11.113,73.345,73.893,1.000,0.000,0.0000
475.160,-22.774,37.304,0.317,11.112,73.456,74.003,1.000,0.000,0.0000
475.170,-22.663,37.304,0.317,11.111,73.567,74.113,1.000,0.000,0.0000
475.180,-22.552,37.303,0.317,11.110,73.678,74.223,1.000,0.000,0.0000
475.190,-22.441,37.303,0.317,11.110,73.789,74.333,1.000,0.000,0.0000
475.200,-22.329,37.302,0.317,11.109,73.901,74.443,1.000,0.000,0.0000
475.210,-22.218,37.301,0.317,11.109,74.012,74.553,1.000,0.000,0.0000
475.220,-22.107,37.301,0.317,11.110,74.123,74.663,1.000,0.000,0.0000
475.230,-21.996,37.300,0.317,11.111,74.234,74.773,1.000,0.000,0.0000
475.240,-21.885,37.299,0.317,11.113,74.345,74.883,1.000,0.000,0.0000
475.250,-21.774,37.299,0.317,11.113,74.456,74.993,1.000,0.000,0.0000
475.260,-21.663,37.298,0.317,11.112,74.567,75.103,1.000,0.000,0.0000
475.270,-21.552,37.298,0.317,11.111,74.678,75.213,1.000,0.000,0.0000
475.280,-21.441,37.297,0.317,11.110,74.789,75.323,1.000,0.000,0.0000
475.290,-21.329,37.297,0.317,11.110,74.901,75.433,1.000,0.000,0.0000
475.300,-21.218,37.296,0.317,11.110,75.012,75.543,1.000,0.000,0.0000
475.310,-21.107,37.296,0.317,11.110,75.123,75.653,1.000,0.000,0.0000
475.320,-20.996,37.295,0.317,11.110,75.234,75.763,1.000,0.000,0.0000
475.330,-20.885,37.295,0.317,11.110,75.345,75.873,1.000,0.000,0.0000
475.340,-20.774,37.294,0.317,11.111,75.456,75.983,1.000,0.000,0.0000
475.350,-20.663,37.293,0.317,11.113,75.567,76.093,1.000,0.000,0.0000
475.360,-20.552,37.293,0.317,11.112,75.678,76.203,1.000,0.000,0.0000
475.370,-20.441,37.292,0.317,11.111,75.789,76.313,1.000,0.000,0.0000
475.380,-20.329,37.291,0.317,11.110,75.901,76.423,1.000,0.000,0.0000
475.390,-20.218,37.291,0.317,11.110,76.012,76.533,1.000,0.000,0.0000
475.400,-20.107,37.290,0.317,11.110,76.123,76.643,1.000,0.000,0.0000
475.410,-19.996,37.289,0.317,11.109,76.234,76.753,1.000,0.000,0.0000
475.420,-19.885,37.289,0.317,11.109,76.345,76.863,1.000,0.000,0.0000
475.430,-19.774,37.288,0.317,11.110,76.456,76.973,1.000,0.000,0.0000
475.440,-19.663,37.288,0.317,11.110,76.567,77.083,1.000,0.000,0.0000
475.450,-19.552,37.287,0.317,11.112,76.678,77.193,1.000,0.000,0.0000
475.460,-19.441,37.286,0.317,11.113,76.789,77.303,1.000,0.000,0.0000
475.470,-19.330,37.286,0.317,11.112,76.900,77.413,1.000,0.000,0.0000
475.480,-19.218,37.285,0.317,11.111,77.012,77.523,1.000,0.000,0.0000
475.490,-19.107,37.285,0.317,11.110,77.123,77.633,1.000,0.000,0.0000
475.500,-18.996,37.284,0.317,11.110,77.234,77.743,1.000,0.000,0.0000
475.510,-18.885,37.284,0.317,11.110,77.345,77.853,1.000,0.000,0.0000
475.520,-18.774,37.283,0.317,11.110,77.456,77.963,1.000,0.000,0.0000
475.530,-18.663,37.283,0.317,11.110,77.567,78.073,1.000,0.000,0.0000
475.540,-18.552,37.282,0.317,11.110,77.678,78.183,1.000,0.000,0.0000
475.550,-18.441,37.281,0.317,11.110,77.789,78.293,1.000,0.000,0.0000
475.560,-18.330,37.281,0.317,11.112,77.900,78.403,1.000,0.000,0.0000
475.570,-18.219,37.280,0.317,11.111,78.011,78.513,1.000,0.000,0.0000
475.580,-18.107,37.280,0.317,11.111,78.123,78.623,1.000,0.000,0.0000
475.590,-17.996,37.279,0.317,11.110,78.234,78.733,1.000,0.000,0.0000
475.600,-17.885,37.278,0.317,11.110,78.345,78.844,1.000,0.000,0.0000
475.610,-17.774,37.278,0.317,11.110,78.456,78.954,1.000,0.000,0.0000
475.620,-17.663,37.277,0.317,11.110,78.567,79.064,1.000,0.000,0.0000
475.630,-17.552,37.276,0.317,11.110,78.678,79.174,1.000,0.000,0.0000
475.640,-17.441,37.276,0.317,11.110,78.789,79.284,1.000,0.000,0.0000
475.650,-17.330,37.275,0.317,11.110,78.900,79.394,1.000,0.000,0.0000
475.660,-17.219,37.275,0.317,11.111,79.011,79.504,1.000,0.000,0.0000
475.670,-17.108,37.274,0.317,11.111,79.123,79.614,1.000,0.000,0.0000
475.680,-16.996,37.273,0.317,11.111,79.234,79.724,1.000,0.000,0.0000
475.690,-16.885,37.273,0.317,11.110,79.345,79.834,1.000,0.000,0.0000
475.700,-16.774,37.272,0.317,11.110,79.456,79.944,1.000,0.000,0.0000
475.710,-16.663,37.272,0.317,11.110,79.567,80.055,1.000,0.000,0.0000
475.720,-16.552,37.271,0.317,11.110,79.678,80.165,0.940,0.000,0.0000
475.730,-16.441,37.271,0.317,11.095,79.789,80.275,0.880,0.000,0.0000
475.740,-16.330,37.270,0.317,11.069,79.900,80.384,0.820,0.000,0.0000
475.750,-16.220,37.270,0.317,11.035,80.010,80.494,0.760,0.000,0.0000
475.760,-16.110,37.269,0.318,10.996,80.120,80.603,0.700,0.000,0.0000
475.770,-16.000,37.268,0.318,10.957,80.230,80.711,0.640,0.000,0.0000
475.780,-15.891,37.268,0.318,10.916,80.339,80.819,0.580,0.000,0.0000
475.790,-15.783,37.267,0.319,10.874,80.447,80.927,0.520,0.000,0.0000
475.800,-15.674,37.267,0.319,10.833,80.556,81.034,0.460,0.000,0.0000
475.810,-15.566,37.266,0.320,10.793,80.664,81.141,0.400,0.000,0.0000
475.820,-15.459,37.265,0.320,10.753,80.771,81.248,0.340,0.000,0.0000
475.830,-15.352,37.265,0.321,10.713,80.878,81.354,0.280,0.000,0.0000
475.840,-15.245,37.264,0.321,10.674,80.985,81.460,0.220,0.000,0.0000
475.850,-15.139,37.263,0.322,10.634,81.091,81.565,0.160,0.000,0.0000
475.860,-15.033,37.263,0.323,10.594,81.197,81.670,0.100,0.000,0.0000
475.870,-14.927,37.262,0.323,10.554,81.303,81.774,0.040,0.000,0.0000
475.880,-14.822,37.262,0.324,10.514,81.408,81.879,0.000,0.000,0.0000
475.890,-14.717,37.261,0.324,10.473,81.513,81.982,0.000,0.000,0.0000
475.900,-14.613,37.261,0.325,10.432,81.617,82.086,0.000,0.000,0.0000
475.910,-14.509,37.260,0.325,10.392,81.721,82.189,0.000,0.000,0.0000
475.920,-14.405,37.260,0.325,10.351,81.825,82.291,0.000,0.000,0.0000
475.930,-14.302,37.259,0.326,10.310,81.928,82.394,0.000,0.000,0.0000
475.940,-14.200,37.259,0.326,10.269,82.030,82.495,0.000,0.000,0.0000
475.950,-14.097,37.258,0.326,10.228,82.133,82.597,0.000,0.000,0.0000
475.960,-13.996,37.258,0.326,10.188,82.234,82.698,0.000,0.000,0.0000
475.970,-13.894,37.257,0.326,10.147,82.336,82.798,0.000,0.000,0.0000
475.980,-13.793,37.256,0.326,10.106,82.437,82.899,0.000,0.000,0.0000
475.990,-13.692,37.256,0.326,10.066,82.538,82.998,0.000,0.000,0.0000
476.000,-13.592,37.255,0.326,10.025,82.638,83.098,0.000,0.000,0.0000
476.010,-13.492,37.255,0.326,9.985,82.738,83.197,0.000,0.000,0.0000
476.020,-13.393,37.254,0.326,9.944,82.837,83.295,0.000,0.000,0.0000
476.030,-13.294,37.254,0.326,9.904,82.936,83.394,0.000,0.000,0.0000
476.040,-13.195,37.253,0.326,9.864,83.035,83.492,0.000,0.000,0.0000
476.050,-13.097,37.253,0.326,9.824,83.133,83.589,0.000,0.000,0.0000
