timestamp_sec,ego_x,ego_y,ego_z,ego_speed_mps,distance_to_intersection_m,distance_to_pedestrian_m,human_throttle,human_brake,human_steering_rad
1438.080,-97.020,-52.451,0.317,0.000,0.790,10.744,0.000,0.000,0.0000
1438.090,-97.020,-52.451,0.317,0.000,0.790,10.744,0.000,0.000,0.0000
1438.100,-97.020,-52.451,0.317,0.000,0.790,10.744,0.000,0.000,0.0000
1438.110,-97.020,-52.451,0.317,0.000,0.790,10.744,0.000,0.000,0.0000
1438.120,-97.020,-52.451,0.317,0.000,0.790,10.744,0.000,0.000,0.0000
1438.130,-97.020,-52.451,0.317,0.000,0.790,10.744,0.000,0.000,0.0000
1438.140,-97.020,-52.451,0.317,0.000,0.790,10.744,0.000,0.000,0.0000
1438.150,-97.020,-52.451,0.317,0.000,0.790,10.744,0.000,0.000,0.0000
1438.160,-97.020,-52.451,0.317,0.000,0.790,10.744,0.000,0.000,0.0000
1438.170,-97.020,-52.451,0.317,0.000,0.790,10.744,0.000,0.000,0.0000
1438.180,-97.020,-52.451,0.317,0.000,0.790,10.744,0.000,0.000,0.0000
1438.190,-97.020,-52.451,0.317,0.000,0.790,10.744,0.000,0.000,0.0000
1438.200,-97.020,-52.451,0.317,0.000,0.790,10.744,0.000,0.000,0.0000
1438.210,-97.020,-52.451,0.317,0.000,0.790,10.744,0.000,0.000,0.0000
1438.220,-97.020,-52.451,0.317,0.000,0.790,10.744,0.000,0.000,0.0000
1438.230,-97.020,-52.451,0.317,0.000,0.790,10.744,0.000,0.000,0.0000
1438.240,-97.020,-52.451,0.317,0.000,0.790,10.744,0.000,0.000,0.0000
1438.250,-97.020,-52.451,0.317,0.000,0.790,10.744,0.000,0.000,0.0000
1438.260,-97.020,-52.451,0.317,0.000,0.790,10.744,0.000,0.000,0.0000
1438.270,-97.020,-52.451,0.317,0.000,0.790,10.744,0.000,0.000,0.0000
1438.280,-97.020,-52.451,0.317,0.000,0.790,10.744,0.000,0.000,0.0000
1438.290,-97.020,-52.451,0.317,0.000,0.790,10.744,0.000,0.000,0.0000
1438.300,-97.020,-52.451,0.317,0.000,0.790,10.744,0.000,0.000,0.0000
1438.310,-97.020,-52.451,0.317,0.000,0.790,10.744,0.000,0.000,0.0000
1438.320,-97.020,-52.451,0.317,0.000,0.790,10.744,0.000,0.000,0.0000
1438.330,-97.020,-52.451,0.317,0.000,0.790,10.744,0.000,0.000,0.0000
1438.340,-97.020,-52.451,0.317,0.000,0.790,10.744,0.000,0.000,0.0000
1438.350,-97.020,-52.451,0.317,0.000,0.790,10.744,0.000,0.000,0.0000
1438.360,-97.020,-52.451,0.317,0.000,0.790,10.744,0.000,0.000,0.0000
1438.370,-97.020,-52.451,0.317,0.000,0.790,10.744,0.000,0.000,0.0000
1438.380,-97.020,-52.451,0.317,0.000,0.790,10.744,0.000,0.000,0.0000
1438.390,-97.020,-52.451,0.317,0.000,0.790,10.744,0.000,0.000,0.0000
1438.400,-97.020,-52.451,0.317,0.000,0.790,10.744,0.000,0.000,0.0000
1438.410,-97.020,-52.451,0.317,0.000,0.790,10.744,0.000,0.000,0.0000
1438.420,-97.020,-52.451,0.317,0.000,0.790,10.744,0.040,0.000,0.0000
1438.430,-97.020,-52.451,0.317,0.004,0.790,10.744,0.080,0.000,0.0000
1438.440,-97.020,-52.451,0.317,0.010,0.790,10.744,0.120,0.000,0.0000
1438.450,-97.020,-52.450,0.317,0.018,0.790,10.744,0.160,0.000,0.0000
1438.460,-97.020,-52.449,0.316,0.027,0.790,10.744,0.200,0.000,0.0000
1438.470,-97.020,-52.447,0.316,0.035,0.790,10.745,0.240,0.000,0.0000
1438.480,-97.020,-52.446,0.316,0.041,0.790,10.745,0.280,0.000,0.0000
1438.490,-97.020,-52.443,0.315,0.047,0.790,10.745,0.320,0.000,0.0000
1438.500,-97.020,-52.440,0.315,0.051,0.790,10.746,0.360,0.000,0.0000
1438.510,-97.020,-52.437,0.314,0.054,0.790,10.746,0.400,0.000,0.0000
1438.520,-97.020,-52.434,0.314,0.056,0.790,10.747,0.440,0.000,0.0000
1438.530,-97.020,-52.430,0.313,0.056,0.790,10.748,0.480,0.000,0.0000
1438.540,-97.020,-52.425,0.312,0.056,0.790,10.748,0.520,0.000,0.0000
1438.550,-97.020,-52.421,0.312,0.055,0.790,10.749,0.560,0.000,0.0000
1438.560,-97.020,-52.415,0.311,0.054,0.790,10.749,0.600,0.000,0.0000
1438.570,-97.020,-52.410,0.311,0.051,0.790,10.750,0.640,0.000,0.0000
1438.580,-97.020,-52.404,0.310,0.048,0.790,10.750,0.680,0.000,0.0000
1438.590,-97.020,-52.397,0.310,0.045,0.790,10.751,0.720,0.000,0.0000
1438.600,-97.020,-52.391,0.309,0.041,0.790,10.751,0.760,0.000,0.0000
1438.610,-97.020,-52.384,0.309,0.037,0.790,10.751,0.800,0.000,0.0000
1438.620,-97.020,-52.376,0.309,0.033,0.790,10.752,0.840,0.000,0.0000
1438.630,-97.020,-52.368,0.308,0.028,0.790,10.752,0.880,0.000,0.0000
1438.640,-97.020,-52.360,0.308,0.024,0.790,10.752,0.920,0.000,0.0000
1438.650,-97.020,-52.351,0.308,0.019,0.790,10.752,0.960,0.000,0.0000
1438.660,-97.020,-52.341,0.308,0.014,0.790,10.753,1.000,0.000,0.0000
1438.670,-97.020,-52.332,0.308,0.010,0.790,10.753,1.000,0.000,0.0000
1438.680,-97.020,-52.322,0.308,0.006,0.790,10.753,1.000,0.000,0.0000
1438.690,-97.020,-52.311,0.308,0.002,0.790,10.753,1.000,0.000,0.0000
1438.700,-97.020,-52.301,0.308,0.003,0.790,10.753,1.000,0.000,0.0000
1438.710,-97.020,-52.289,0.308,0.006,0.790,10.753,1.000,0.000,0.0000
1438.720,-97.020,-52.278,0.308,0.009,0.790,10.753,1.000,0.000,0.0000
1438.730,-97.020,-52.266,0.308,0.012,0.790,10.752,1.000,0.000,0.0000
1438.740,-97.020,-52.253,0.308,0.014,0.790,10.752,1.000,0.000,0.0000
1438.750,-97.020,-52.240,0.308,0.016,0.790,10.752,1.000,0.000,0.0000
1438.760,-97.020,-52.227,0.308,0.018,0.790,10.752,1.000,0.000,0.0000
1438.770,-97.020,-52.213,0.309,0.019,0.790,10.752,1.000,0.000,0.0000
1438.780,-97.020,-52.199,0.309,0.020,0.790,10.752,1.000,0.000,0.0000
1438.790,-97.020,-52.185,0.309,0.021,0.790,10.751,1.000,0.000,0.0000
1438.800,-97.020,-52.170,0.309,0.021,0.790,10.751,1.000,0.000,0.0000
1438.810,-97.020,-52.155,0.310,0.021,0.790,10.751,1.000,0.000,0.0000
1438.820,-97.020,-52.139,0.310,0.020,0.790,10.751,1.000,0.000,0.0000
1438.830,-97.020,-52.123,0.310,0.020,0.790,10.751,1.000,0.000,0.0000
1438.840,-97.020,-52.107,0.310,0.019,0.790,10.750,1.000,0.000,0.0000
1438.850,-97.020,-52.090,0.310,0.018,0.790,10.750,1.000,0.000,0.0000
1438.860,-97.020,-52.073,0.310,0.016,0.790,10.750,1.000,0.000,0.0000
1438.870,-97.020,-52.055,0.311,0.015,0.790,10.750,1.000,0.000,0.0000
1438.880,-97.020,-52.037,0.311,0.013,0.790,10.750,1.000,0.000,0.0000
1438.890,-97.020,-52.019,0.311,0.012,0.790,10.750,1.000,0.000,0.0000
1438.900,-97.020,-52.000,0.311,0.010,0.790,10.750,1.000,0.000,0.0000
1438.910,-97.020,-51.981,0.311,0.008,0.790,10.749,1.000,0.000,0.0000
1438.920,-97.020,-51.961,0.311,0.006,0.790,10.749,1.000,0.000,0.0000
1438.930,-97.020,-51.941,0.311,0.005,0.790,10.749,1.000,0.000,0.0000
1438.940,-97.020,-51.921,0.311,0.003,0.790,10.749,1.000,0.000,0.0000
1438.950,-97.020,-51.900,0.311,0.002,0.790,10.749,1.000,0.000,0.0000
1438.960,-97.020,-51.879,0.311,0.002,0.790,10.749,1.000,0.000,0.0000
1438.970,-97.020,-51.857,0.311,0.002,0.790,10.749,1.000,0.000,0.0000
1438.980,-97.020,-51.835,0.311,0.003,0.790,10.749,1.000,0.000,0.0000
1438.990,-97.019,-51.813,0.311,0.004,0.790,10.749,1.000,0.000,0.0000
1439.000,-97.019,-51.790,0.311,0.005,0.790,10.749,1.000,0.000,0.0000
1439.010,-97.019,-51.767,0.311,0.006,0.790,10.749,1.000,0.000,0.0000
1439.020,-97.019,-51.744,0.311,0.007,0.790,10.750,1.000,0.000,0.0000
1439.030,-97.019,-51.720,0.311,0.007,0.790,10.750,1.000,0.000,0.0000
1439.040,-97.019,-51.695,0.311,0.008,0.790,10.750,1.000,0.000,0.0000
1439.050,-97.019,-51.671,0.311,0.008,0.790,10.750,1.000,0.000,0.0000
1439.060,-97.019,-51.646,0.311,0.008,0.790,10.750,1.000,0.000,0.0000
1439.070,-97.019,-51.620,0.311,0.008,0.790,10.750,1.000,0.000,0.0000
1439.080,-97.019,-51.594,0.310,0.008,0.790,10.750,1.000,0.000,0.0000
1439.090,-97.019,-51.568,0.310,0.008,0.790,10.750,1.000,0.000,0.0000
1439.100,-97.019,-51.541,0.310,0.007,0.790,10.750,1.000,0.000,0.0000
1439.110,-97.019,-51.514,0.310,0.007,0.790,10.750,1.000,0.000,0.0000
1439.120,-97.019,-51.487,0.310,0.007,0.789,10.750,1.000,0.000,0.0000
1439.130,-97.019,-51.459,0.310,0.006,0.789,10.750,1.000,0.000,0.0000
1439.140,-97.019,-51.430,0.310,0.006,0.789,10.750,1.000,0.000,0.0000
1439.150,-97.019,-51.402,0.310,0.005,0.789,10.750,1.000,0.000,0.0000
1439.160,-97.019,-51.373,0.310,0.004,0.789,10.750,1.000,0.000,0.0000
1439.170,-97.019,-51.343,0.310,0.004,0.789,10.750,1.000,0.000,0.0000
1439.180,-97.019,-51.313,0.310,0.003,0.789,10.750,1.000,0.000,0.0000
1439.190,-97.019,-51.283,0.310,0.003,0.789,10.751,1.000,0.000,0.0000
1439.200,-97.019,-51.252,0.310,0.003,0.789,10.751,1.000,0.000,0.0000
1439.210,-97.019,-51.221,0.310,0.003,0.789,10.751,1.000,0.000,0.0000
1439.220,-97.019,-51.190,0.310,0.003,0.789,10.751,1.000,0.000,0.0000
1439.230,-97.019,-51.158,0.310,0.003,0.789,10.751,1.000,0.000,0.0000
1439.240,-97.019,-51.126,0.310,0.003,0.789,10.750,1.000,0.000,0.0000
1439.250,-97.019,-51.093,0.310,0.003,0.789,10.750,1.000,0.000,0.0000
1439.260,-97.019,-51.060,0.310,0.003,0.789,10.750,1.000,0.000,0.0000
1439.270,-97.019,-51.027,0.310,0.003,0.789,10.750,1.000,0.000,0.0000
1439.280,-97.019,-50.993,0.310,0.004,0.789,10.750,1.000,0.000,0.0000
1439.290,-97.019,-50.958,0.310,0.004,0.789,10.750,1.000,0.000,0.0000
1439.300,-97.019,-50.924,0.310,0.004,0.789,10.750,1.000,0.000,0.0000
1439.310,-97.019,-50.889,0.310,0.004,0.789,10.750,1.000,0.000,0.0000
1439.320,-97.019,-50.853,0.310,0.004,0.789,10.750,1.000,0.000,0.0000
1439.330,-97.019,-50.817,0.310,0.004,0.789,10.750,1.000,0.000,0.0000
1439.340,-97.019,-50.781,0.310,0.004,0.789,10.750,1.000,0.000,0.0000
1439.350,-97.019,-50.745,0.310,0.004,0.789,10.750,1.000,0.000,0.0000
1439.360,-97.019,-50.708,0.310,0.004,0.789,10.750,1.000,0.000,0.0000
1439.370,-97.019,-50.670,0.310,0.004,0.789,10.750,1.000,0.000,0.0000
1439.380,-97.019,-50.632,0.310,0.004,0.789,10.750,1.000,0.000,0.0000
1439.390,-97.019,-50.594,0.310,0.004,0.789,10.750,1.000,0.000,0.0000
1439.400,-97.018,-50.556,0.310,0.004,0.789,10.750,1.000,0.000,0.0000
1439.410,-97.018,-50.516,0.310,0.004,0.789,10.750,1.000,0.000,0.0000
1439.420,-97.018,-50.477,0.310,0.003,0.789,10.750,1.000,0.000,0.0000
1439.430,-97.018,-50.437,0.310,0.003,0.789,10.750,1.000,0.000,0.0000
1439.440,-97.018,-50.397,0.310,0.003,0.789,10.750,1.000,0.000,0.0000
1439.450,-97.018,-50.356,0.310,0.003,0.789,10.750,1.000,0.000,0.0000
1439.460,-97.018,-50.315,0.310,0.003,0.789,10.750,1.000,0.000,0.0000
1439.470,-97.018,-50.274,0.310,0.003,0.789,10.750,1.000,0.000,0.0000
1439.480,-97.018,-50.232,0.310,0.003,0.788,10.750,1.000,0.000,0.0000
1439.490,-97.018,-50.190,0.310,0.003,0.788,10.750,1.000,0.000,0.0000
1439.500,-97.018,-50.148,0.310,0.003,0.788,10.750,1.000,0.000,0.0000
1439.510,-97.018,-50.105,0.310,0.003,0.788,10.750,1.000,0.000,0.0000
1439.520,-97.018,-50.061,0.310,0.004,0.788,10.750,1.000,0.000,0.0000
1439.530,-97.018,-50.017,0.310,0.004,0.788,10.750,1.000,0.000,0.0000
1439.540,-97.018,-49.973,0.310,0.004,0.788,10.750,1.000,0.000,0.0000
1439.550,-97.018,-49.929,0.310,0.004,0.788,10.750,1.000,0.000,0.0000
1439.560,-97.018,-49.884,0.310,0.004,0.788,10.750,1.000,0.000,0.0000
1439.570,-97.018,-49.838,0.310,0.004,0.788,10.750,1.000,0.000,0.0000
1439.580,-97.018,-49.793,0.310,0.004,0.788,10.750,1.000,0.000,0.0000
1439.590,-97.018,-49.747,0.310,0.004,0.788,10.750,1.000,0.000,0.0000
1439.600,-97.018,-49.700,0.310,0.004,0.788,10.750,1.000,0.000,0.0000
1439.610,-97.018,-49.653,0.310,0.004,0.788,10.750,1.000,0.000,0.0000
1439.620,-97.018,-49.606,0.310,0.004,0.788,10.750,1.000,0.000,0.0000
1439.630,-97.018,-49.558,0.310,0.004,0.788,10.750,1.000,0.000,0.0000
1439.640,-97.018,-49.510,0.310,0.004,0.788,10.750,1.000,0.000,0.0000
1439.650,-97.018,-49.461,0.310,0.004,0.788,10.750,1.000,0.000,0.0000
1439.660,-97.018,-49.412,0.310,0.004,0.788,10.750,1.000,0.000,0.0000
1439.670,-97.018,-49.363,0.310,0.004,0.788,10.750,1.000,0.000,0.0000
1439.680,-97.017,-49.313,0.310,0.004,0.788,10.750,1.000,0.000,0.0000
1439.690,-97.017,-49.263,0.310,0.004,0.788,10.750,1.000,0.000,0.0000
1439.700,-97.017,-49.213,0.310,0.004,0.788,10.750,1.000,0.000,0.0000
1439.710,-97.017,-49.162,0.310,0.004,0.788,10.750,1.000,0.000,0.0000
1439.720,-97.017,-49.110,0.310,0.004,0.788,10.750,1.000,0.000,0.0000
1439.730,-97.017,-49.059,0.310,0.004,0.788,10.750,1.000,0.000,0.0000
1439.740,-97.017,-49.007,0.310,0.004,0.788,10.750,1.000,0.000,0.0000
1439.750,-97.017,-48.954,0.310,0.004,0.787,10.750,1.000,0.000,0.0000
1439.760,-97.017,-48.901,0.310,0.004,0.787,10.750,1.000,0.000,0.0000
1439.770,-97.017,-48.848,0.310,0.004,0.787,10.750,1.000,0.000,0.0000
1439.780,-97.017,-48.794,0.310,0.004,0.787,10.750,1.000,0.000,0.0000
1439.790,-97.017,-48.740,0.310,0.004,0.787,10.750,1.000,0.000,0.0000
1439.800,-97.017,-48.686,0.310,0.004,0.787,10.750,1.000,0.000,0.0000
1439.810,-97.017,-48.631,0.310,0.004,0.787,10.750,1.000,0.000,0.0000
1439.820,-97.017,-48.576,0.310,0.004,0.787,10.750,1.000,0.000,0.0000
1439.830,-97.017,-48.520,0.310,0.004,0.787,10.750,1.000,0.000,0.0000
1439.840,-97.017,-48.464,0.310,0.004,0.787,10.750,1.000,0.000,0.0000
1439.850,-97.017,-48.407,0.310,0.005,0.787,10.750,1.000,0.000,0.0000
1439.860,-97.017,-48.350,0.310,0.005,0.787,10.750,1.000,0.000,0.0000
1439.870,-97.017,-48.293,0.310,0.005,0.787,10.750,1.000,0.000,0.0000
1439.880,-97.017,-48.236,0.310,0.005,0.787,10.750,1.000,0.000,0.0000
1439.890,-97.017,-48.178,0.310,0.005,0.787,10.750,1.000,0.000,0.0000
1439.900,-97.017,-48.119,0.310,0.005,0.787,10.750,1.000,0.000,0.0000
1439.910,-97.016,-48.060,0.310,0.005,0.787,10.750,1.000,0.000,0.0000
1439.920,-97.016,-48.001,0.310,0.005,0.787,10.750,1.000,0.000,0.0000
1439.930,-97.016,-47.941,0.310,0.005,0.787,10.750,1.000,0.000,0.0000
1439.940,-97.016,-47.881,0.310,0.005,0.787,10.750,1.000,0.000,0.0000
1439.950,-97.016,-47.821,0.310,0.005,0.787,10.750,1.000,0.000,0.0000
1439.960,-97.016,-47.760,0.310,0.005,0.787,10.750,1.000,0.000,0.0000
1439.970,-97.016,-47.699,0.310,0.005,0.786,10.750,1.000,0.000,0.0000
1439.980,-97.016,-47.637,0.310,0.005,0.786,10.750,1.000,0.000,0.0000
1439.990,-97.016,-47.575,0.310,0.005,0.786,10.750,1.000,0.000,0.0000
1440.000,-97.016,-47.513,0.310,0.005,0.786,10.750,1.000,0.000,0.0000
1440.010,-97.016,-47.450,0.310,0.005,0.786,10.750,1.000,0.000,0.0000
1440.020,-97.016,-47.387,0.310,0.005,0.786,10.750,1.000,0.000,0.0000
1440.030,-97.016,-47.323,0.310,0.005,0.786,10.750,1.000,0.000,0.0000
1440.040,-97.016,-47.259,0.310,0.005,0.786,10.750,1.000,0.000,0.0000
1440.050,-97.016,-47.195,0.310,0.005,0.786,10.750,1.000,0.000,0.0000
1440.060,-97.016,-47.130,0.310,0.005,0.786,10.750,1.000,0.000,0.0000
1440.070,-97.016,-47.065,0.310,0.005,0.786,10.750,1.000,0.000,0.0000
1440.080,-97.016,-46.999,0.310,0.005,0.786,10.750,1.000,0.000,0.0000
1440.090,-97.016,-46.933,0.310,0.005,0.786,10.750,1.000,0.000,0.0000
1440.100,-97.016,-46.867,0.310,0.005,0.786,10.750,1.000,0.000,0.0000
1440.110,-97.015,-46.800,0.310,0.005,0.786,10.750,1.000,0.000,0.0000
1440.120,-97.015,-46.733,0.310,0.005,0.786,10.750,1.000,0.000,0.0000
1440.130,-97.015,-46.665,0.310,0.005,0.786,10.750,1.000,0.000,0.0000
1440.140,-97.015,-46.597,0.310,0.005,0.786,10.750,1.000,0.000,0.0000
1440.150,-97.015,-46.529,0.310,0.005,0.786,10.750,1.000,0.000,0.0000
1440.160,-97.015,-46.460,0.310,0.005,0.785,10.750,1.000,0.000,0.0000
1440.170,-97.015,-46.391,0.310,0.006,0.785,10.750,1.000,0.000,0.0000
1440.180,-97.015,-46.321,0.310,0.006,0.785,10.750,1.000,0.000,0.0000
1440.190,-97.015,-46.251,0.310,0.006,0.785,10.750,1.000,0.000,0.0000
1440.200,-97.015,-46.181,0.310,0.006,0.785,10.750,1.000,0.000,0.0000
1440.210,-97.015,-46.110,0.310,0.006,0.785,10.750,1.000,0.000,0.0000
1440.220,-97.015,-46.039,0.310,0.006,0.785,10.750,1.000,0.000,0.0000
1440.230,-97.015,-45.968,0.310,0.006,0.785,10.750,1.000,0.000,0.0000
1440.240,-97.015,-45.896,0.310,0.006,0.785,10.750,1.000,0.000,0.0000
1440.250,-97.015,-45.823,0.310,0.006,0.785,10.750,1.000,0.000,0.0000
1440.260,-97.015,-45.751,0.310,0.006,0.785,10.750,1.000,0.000,0.0000
1440.270,-97.015,-45.678,0.310,0.006,0.785,10.750,1.000,0.000,0.0000
1440.280,-97.015,-45.604,0.310,0.006,0.785,10.750,1.000,0.000,0.0000
1440.290,-97.014,-45.530,0.310,0.006,0.785,10.750,1.000,0.000,0.0000
1440.300,-97.014,-45.456,0.310,0.006,0.785,10.750,1.000,0.000,0.0000
1440.310,-97.014,-45.381,0.310,0.006,0.785,10.750,1.000,0.000,0.0000
1440.320,-97.014,-45.306,0.310,0.006,0.785,10.750,1.000,0.000,0.0000
1440.330,-97.014,-45.230,0.310,0.006,0.784,10.750,1.000,0.000,0.0000
1440.340,-97.014,-45.154,0.310,0.006,0.784,10.750,1.000,0.000,0.0000
1440.350,-97.014,-45.078,0.310,0.006,0.784,10.750,1.000,0.000,0.0000
1440.360,-97.014,-45.001,0.310,0.006,0.784,10.750,1.000,0.000,0.0000
1440.370,-97.014,-44.924,0.310,0.006,0.784,10.750,1.000,0.000,0.0000
1440.380,-97.014,-44.847,0.310,0.006,0.784,10.750,1.000,0.000,0.0000
1440.390,-97.014,-44.769,0.310,0.006,0.784,10.750,1.000,0.000,0.0000
1440.400,-97.014,-44.691,0.310,0.006,0.784,10.750,1.000,0.000,0.0000
1440.410,-97.014,-44.612,0.310,0.006,0.784,10.750,1.000,0.000,0.0000
1440.420,-97.014,-44.533,0.310,0.006,0.784,10.750,1.000,0.000,0.0000
1440.430,-97.014,-44.453,0.310,0.006,0.784,10.750,1.000,0.000,0.0000
1440.440,-97.014,-44.374,0.310,0.006,0.784,10.750,1.000,0.000,0.0000
1440.450,-97.013,-44.293,0.310,0.006,0.784,10.750,1.000,0.000,0.0000
1440.460,-97.013,-44.213,0.310,0.006,0.784,10.750,1.000,0.000,0.0000
1440.470,-97.013,-44.132,0.310,0.006,0.784,10.750,1.000,0.000,0.0000
1440.480,-97.013,-44.050,0.310,0.007,0.784,10.750,1.000,0.000,0.0000
1440.490,-97.013,-43.968,0.310,0.007,0.783,10.750,1.000,0.000,0.0000
1440.500,-97.013,-43.886,0.310,0.007,0.783,10.750,1.000,0.000,0.0000
1440.510,-97.013,-43.803,0.310,0.007,0.783,10.750,1.000,0.000,0.0000
1440.520,-97.013,-43.720,0.310,0.007,0.783,10.750,1.000,0.000,0.0000
1440.530,-97.013,-43.637,0.310,0.007,0.783,10.750,1.000,0.000,0.0000
1440.540,-97.013,-43.553,0.310,0.007,0.783,10.750,1.000,0.000,0.0000
1440.550,-97.013,-43.469,0.310,0.007,0.783,10.750,1.000,0.000,0.0000
1440.560,-97.013,-43.384,0.310,0.007,0.783,10.750,1.000,0.000,0.0000
1440.570,-97.013,-43.299,0.310,0.007,0.783,10.750,1.000,0.000,0.0000
1440.580,-97.013,-43.214,0.310,0.007,0.783,10.750,1.000,0.000,0.0000
1440.590,-97.013,-43.128,0.310,0.007,0.783,10.750,1.000,0.000,0.0000
1440.600,-97.012,-43.042,0.310,0.007,0.783,10.750,1.000,0.000,0.0000
1440.610,-97.012,-42.955,0.310,0.007,0.783,10.750,1.000,0.000,0.0000
1440.620,-97.012,-42.868,0.310,0.007,0.783,10.750,1.000,0.000,0.0000
1440.630,-97.012,-42.781,0.310,0.007,0.783,10.750,1.000,0.000,0.0000
1440.640,-97.012,-42.693,0.310,0.007,0.782,10.750,1.000,0.000,0.0000
1440.650,-97.012,-42.605,0.310,0.007,0.782,10.750,1.000,0.000,0.0000
1440.660,-97.012,-42.516,0.310,0.007,0.782,10.750,1.000,0.000,0.0000
1440.670,-97.012,-42.427,0.310,0.007,0.782,10.750,1.000,0.000,0.0000
1440.680,-97.012,-42.338,0.310,0.007,0.782,10.750,1.000,0.000,0.0000
1440.690,-97.012,-42.248,0.310,0.007,0.782,10.750,1.000,0.000,0.0000
1440.700,-97.012,-42.158,0.310,0.007,0.782,10.749,1.000,0.000,0.0000
1440.710,-97.012,-42.067,0.310,0.007,0.782,10.749,1.000,0.000,0.0000
1440.720,-97.012,-41.976,0.310,0.007,0.782,10.749,1.000,0.000,0.0000
1440.730,-97.012,-41.885,0.310,0.007,0.782,10.749,1.000,0.000,0.0000
1440.740,-97.011,-41.793,0.310,0.007,0.782,10.749,1.000,0.000,0.0000
1440.750,-97.011,-41.701,0.310,0.007,0.782,10.749,1.000,0.000,0.0000
1440.760,-97.011,-41.608,0.310,0.007,0.782,10.749,1.000,0.000,0.0000
1440.770,-97.011,-41.515,0.310,0.007,0.782,10.749,1.000,0.000,0.0000
1440.780,-97.011,-41.422,0.310,0.007,0.781,10.749,1.000,0.000,0.0000
1440.790,-97.011,-41.328,0.310,0.007,0.781,10.749,1.000,0.000,0.0000
1440.800,-97.011,-41.234,0.310,0.008,0.781,10.749,1.000,0.000,0.0000
1440.810,-97.011,-41.139,0.310,0.008,0.781,10.749,1.000,0.000,0.0000
1440.820,-97.011,-41.044,0.310,0.008,0.781,10.749,1.000,0.000,0.0000
1440.830,-97.011,-40.949,0.310,0.008,0.781,10.749,1.000,0.000,0.0000
1440.840,-97.011,-40.853,0.310,0.008,0.781,10.749,1.000,0.000,0.0000
1440.850,-97.011,-40.757,0.310,0.008,0.781,10.749,1.000,0.000,0.0000
1440.860,-97.011,-40.660,0.310,0.008,0.781,10.749,1.000,0.000,0.0000
1440.870,-97.011,-40.564,0.310,0.008,0.781,10.749,1.000,0.000,0.0000
1440.880,-97.010,-40.466,0.310,0.008,0.781,10.749,1.000,0.000,0.0000
1440.890,-97.010,-40.368,0.310,0.008,0.781,10.749,1.000,0.000,0.0000
1440.900,-97.010,-40.270,0.310,0.008,0.781,10.749,1.000,0.000,0.0000
1440.910,-97.010,-40.172,0.310,0.008,0.780,10.749,1.000,0.000,0.0000
1440.920,-97.010,-40.073,0.310,0.008,0.780,10.749,1.000,0.000,0.0000
1440.930,-97.010,-39.974,0.310,0.008,0.780,10.749,1.000,0.000,0.0000
1440.940,-97.010,-39.874,0.310,0.008,0.780,10.749,1.000,0.000,0.0000
1440.950,-97.010,-39.774,0.310,0.008,0.780,10.749,1.000,0.000,0.0000
1440.960,-97.010,-39.673,0.310,0.008,0.780,10.749,1.000,0.000,0.0000
1440.970,-97.010,-39.572,0.310,0.008,0.780,10.749,1.000,0.000,0.0000
1440.980,-97.010,-39.471,0.310,0.008,0.780,10.749,1.000,0.000,0.0000
1440.990,-97.010,-39.369,0.310,0.008,0.780,10.749,1.000,0.000,0.0000
1441.000,-97.009,-39.267,0.310,0.008,0.780,10.749,1.000,0.000,0.0000
1441.010,-97.009,-39.165,0.310,0.008,0.780,10.749,1.000,0.000,0.0000
1441.020,-97.009,-39.062,0.310,0.008,0.780,10.749,1.000,0.000,0.0000
1441.030,-97.009,-38.959,0.310,0.008,0.779,10.749,1.000,0.000,0.0000
1441.040,-97.009,-38.855,0.310,0.008,0.779,10.749,1.000,0.000,0.0000
1441.050,-97.009,-38.751,0.310,0.008,0.779,10.749,1.000,0.000,0.0000
1441.060,-97.009,-38.646,0.310,0.008,0.779,10.749,1.000,0.000,0.0000
1441.070,-97.009,-38.541,0.310,0.008,0.779,10.749,1.000,0.000,0.0000
1441.080,-97.009,-38.436,0.310,0.008,0.779,10.749,1.000,0.000,0.0000
1441.090,-97.009,-38.331,0.310,0.008,0.779,10.749,1.000,0.000,0.0000
1441.100,-97.009,-38.224,0.310,0.008,0.779,10.749,1.000,0.000,0.0000
1441.110,-97.009,-38.118,0.310,0.008,0.779,10.749,1.000,0.000,0.0000
1441.120,-97.008,-38.011,0.310,0.009,0.779,10.749,1.000,0.000,0.0000
1441.130,-97.008,-37.904,0.310,0.009,0.779,10.749,1.000,0.000,0.0000
1441.140,-97.008,-37.796,0.310,0.009,0.779,10.749,1.000,0.000,0.0000
1441.150,-97.008,-37.688,0.310,0.009,0.778,10.749,1.000,0.000,0.0000
1441.160,-97.008,-37.580,0.310,0.009,0.778,10.749,1.000,0.000,0.0000
1441.170,-97.008,-37.471,0.310,0.009,0.778,10.749,1.000,0.000,0.0000
1441.180,-97.008,-37.362,0.310,0.009,0.778,10.749,1.000,0.000,0.0000
1441.190,-97.008,-37.252,0.310,0.009,0.778,10.749,1.000,0.000,0.0000
1441.200,-97.008,-37.142,0.310,0.009,0.778,10.749,1.000,0.000,0.0000
1441.210,-97.008,-37.032,0.310,0.009,0.778,10.749,1.000,0.000,0.0000
1441.220,-97.008,-36.921,0.310,0.009,0.778,10.749,1.000,0.000,0.0000
1441.230,-97.008,-36.810,0.310,0.010,0.778,10.749,1.000,0.000,0.0000
1441.240,-97.007,-36.698,0.310,0.014,0.778,10.749,1.000,0.000,0.0000
1441.250,-97.007,-36.587,0.311,0.020,0.778,10.749,1.000,0.000,0.0000
1441.260,-97.007,-36.476,0.311,0.028,0.778,10.748,1.000,0.000,0.0000
1441.270,-97.007,-36.365,0.311,0.035,0.777,10.748,1.000,0.000,0.0000
1441.280,-97.007,-36.253,0.312,0.042,0.777,10.748,1.000,0.000,0.0000
1441.290,-97.007,-36.142,0.312,0.047,0.777,10.747,1.000,0.000,0.0000
1441.300,-97.007,-36.031,0.313,0.051,0.777,10.747,1.000,0.000,0.0000
1441.310,-97.007,-35.920,0.313,0.054,0.777,10.746,1.000,0.000,0.0000
1441.320,-97.007,-35.809,0.314,0.056,0.777,10.746,1.000,0.000,0.0000
1441.330,-97.007,-35.697,0.314,0.056,0.777,10.745,1.000,0.000,0.0000
1441.340,-97.007,-35.586,0.315,0.056,0.777,10.745,1.000,0.000,0.0000
1441.350,-97.006,-35.475,0.315,0.056,0.777,10.744,1.000,0.000,0.0000
1441.360,-97.006,-35.364,0.316,0.054,0.777,10.743,1.000,0.000,0.0000
1441.370,-97.006,-35.252,0.316,0.052,0.777,10.743,1.000,0.000,0.0000
1441.380,-97.006,-35.141,0.317,0.049,0.777,10.742,1.000,0.000,0.0000
1441.390,-97.006,-35.030,0.317,0.046,0.777,10.742,1.000,0.000,0.0000
1441.400,-97.006,-34.919,0.318,0.042,0.777,10.742,1.000,0.000,0.0000
1441.410,-97.006,-34.808,0.318,0.038,0.776,10.741,1.000,0.000,0.0000
1441.420,-97.006,-34.696,0.318,0.034,0.776,10.741,1.000,0.000,0.0000
1441.430,-97.006,-34.585,0.319,0.030,0.776,10.741,1.000,0.000,0.0000
1441.440,-97.006,-34.474,0.319,0.026,0.776,10.740,1.000,0.000,0.0000
1441.450,-97.006,-34.363,0.319,0.022,0.776,10.740,1.000,0.000,0.0000
1441.460,-97.005,-34.252,0.319,0.017,0.776,10.740,1.000,0.000,0.0000
1441.470,-97.005,-34.141,0.319,0.014,0.776,10.740,1.000,0.000,0.0000
1441.480,-97.005,-34.030,0.319,0.011,0.776,10.740,1.000,0.000,0.0000
1441.490,-97.005,-33.919,0.319,0.009,0.776,10.740,1.000,0.000,0.0000
1441.500,-97.005,-33.807,0.319,0.009,0.776,10.740,1.000,0.000,0.0000
1441.510,-97.005,-33.696,0.319,0.010,0.776,10.740,1.000,0.000,0.0000
1441.520,-97.005,-33.585,0.319,0.012,0.775,10.740,1.000,0.000,0.0000
1441.530,-97.005,-33.474,0.319,0.014,0.775,10.740,1.000,0.000,0.0000
1441.540,-97.005,-33.363,0.319,0.016,0.775,10.740,1.000,0.000,0.0000
1441.550,-97.005,-33.252,0.319,0.018,0.775,10.740,1.000,0.000,0.0000
1441.560,-97.005,-33.141,0.319,0.020,0.775,10.740,1.000,0.000,0.0000
1441.570,-97.005,-33.030,0.319,0.021,0.775,10.741,1.000,0.000,0.0000
1441.580,-97.004,-32.919,0.318,0.022,0.775,10.741,1.000,0.000,0.0000
1441.590,-97.004,-32.808,0.318,0.022,0.775,10.741,1.000,0.000,0.0000
1441.600,-97.004,-32.697,0.318,0.023,0.775,10.741,1.000,0.000,0.0000
1441.610,-97.004,-32.586,0.318,0.022,0.775,10.741,1.000,0.000,0.0000
1441.620,-97.004,-32.475,0.317,0.022,0.775,10.742,1.000,0.000,0.0000
1441.630,-97.004,-32.364,0.317,0.022,0.774,10.742,1.000,0.000,0.0000
1441.640,-97.004,-32.253,0.317,0.021,0.774,10.742,1.000,0.000,0.0000
1441.650,-97.004,-32.142,0.317,0.020,0.774,10.742,1.000,0.000,0.0000
1441.660,-97.004,-32.030,0.317,0.019,0.774,10.742,1.000,0.000,0.0000
1441.670,-97.004,-31.919,0.317,0.017,0.774,10.742,1.000,0.000,0.0000
1441.680,-97.004,-31.808,0.316,0.016,0.774,10.742,1.000,0.000,0.0000
1441.690,-97.003,-31.697,0.316,0.015,0.774,10.743,1.000,0.000,0.0000
1441.700,-97.003,-31.586,0.316,0.014,0.774,10.743,1.000,0.000,0.0000
1441.710,-97.003,-31.475,0.316,0.012,0.774,10.743,1.000,0.000,0.0000
1441.720,-97.003,-31.364,0.316,0.011,0.774,10.743,1.000,0.000,0.0000
1441.730,-97.003,-31.253,0.316,0.010,0.774,10.743,1.000,0.000,0.0000
1441.740,-97.003,-31.142,0.316,0.010,0.773,10.743,1.000,0.000,0.0000
1441.750,-97.003,-31.031,0.316,0.009,0.773,10.743,1.000,0.000,0.0000
1441.760,-97.003,-30.920,0.316,0.009,0.773,10.743,1.000,0.000,0.0000
1441.770,-97.003,-30.809,0.316,0.009,0.773,10.743,1.000,0.000,0.0000
1441.780,-97.003,-30.697,0.316,0.009,0.773,10.743,1.000,0.000,0.0000
1441.790,-97.003,-30.586,0.316,0.010,0.773,10.743,1.000,0.000,0.0000
1441.800,-97.002,-30.475,0.316,0.010,0.773,10.743,1.000,0.000,0.0000
1441.810,-97.002,-30.364,0.316,0.010,0.773,10.743,1.000,0.000,0.0000
1441.820,-97.002,-30.253,0.316,0.011,0.773,10.743,1.000,0.000,0.0000
1441.830,-97.002,-30.142,0.316,0.011,0.773,10.743,1.000,0.000,0.0000
1441.840,-97.002,-30.031,0.316,0.011,0.773,10.742,1.000,0.000,0.0000
1441.850,-97.002,-29.920,0.316,0.012,0.772,10.742,1.000,0.000,0.0000
1441.860,-97.002,-29.809,0.317,0.012,0.772,10.742,1.000,0.000,0.0000
1441.870,-97.002,-29.697,0.317,0.012,0.772,10.742,1.000,0.000,0.0000
1441.880,-97.002,-29.586,0.317,0.012,0.772,10.742,1.000,0.000,0.0000
1441.890,-97.002,-29.475,0.317,0.012,0.772,10.742,1.000,0.000,0.0000
1441.900,-97.002,-29.364,0.317,0.011,0.772,10.742,1.000,0.000,0.0000
1441.910,-97.001,-29.253,0.317,0.011,0.772,10.742,1.000,0.000,0.0000
1441.920,-97.001,-29.142,0.317,0.011,0.772,10.742,1.000,0.000,0.0000
1441.930,-97.001,-29.031,0.317,0.011,0.772,10.742,1.000,0.000,0.0000
1441.940,-97.001,-28.920,0.317,0.010,0.772,10.742,1.000,0.000,0.0000
1441.950,-97.001,-28.809,0.317,0.010,0.772,10.742,1.000,0.000,0.0000
1441.960,-97.001,-28.697,0.317,0.010,0.772,10.742,1.000,0.000,0.0000
1441.970,-97.001,-28.586,0.317,0.010,0.771,10.742,1.000,0.000,0.0000
1441.980,-97.001,-28.475,0.317,0.009,0.771,10.742,1.000,0.000,0.0000
1441.990,-97.001,-28.364,0.317,0.009,0.771,10.741,1.000,0.000,0.0000
1442.000,-97.001,-28.253,0.317,0.009,0.771,10.741,1.000,0.000,0.0000
1442.010,-97.001,-28.142,0.317,0.009,0.771,10.741,1.000,0.000,0.0000
1442.020,-97.001,-28.031,0.317,0.009,0.771,10.741,1.000,0.000,0.0000
1442.030,-97.000,-27.920,0.317,0.009,0.771,10.741,1.000,0.000,0.0000
1442.040,-97.000,-27.809,0.317,0.009,0.771,10.741,1.000,0.000,0.0000
1442.050,-97.000,-27.698,0.317,0.009,0.771,10.741,1.000,0.000,0.0000
1442.060,-97.000,-27.586,0.317,0.009,0.771,10.741,1.000,0.000,0.0000
1442.070,-97.000,-27.475,0.317,0.009,0.771,10.741,1.000,0.000,0.0000
1442.080,-97.000,-27.364,0.317,0.009,0.770,10.741,1.000,0.000,0.0000
1442.090,-97.000,-27.253,0.317,0.009,0.770,10.741,1.000,0.000,0.0000
1442.100,-97.000,-27.142,0.317,0.009,0.770,10.741,1.000,0.000,0.0000
1442.110,-97.000,-27.031,0.317,0.009,0.770,10.742,1.000,0.000,0.0000
1442.120,-97.000,-26.920,0.317,0.009,0.770,10.742,1.000,0.000,0.0000
1442.130,-97.000,-26.809,0.317,0.009,0.770,10.742,1.000,0.000,0.0000
1442.140,-96.999,-26.698,0.317,0.009,0.770,10.742,1.000,0.000,0.0000
1442.150,-96.999,-26.587,0.317,0.009,0.770,10.742,1.000,0.000,0.0000
1442.160,-96.999,-26.475,0.317,0.009,0.770,10.742,1.000,0.000,0.0000
1442.170,-96.999,-26.364,0.317,0.009,0.770,10.742,1.000,0.000,0.0000
1442.180,-96.999,-26.253,0.317,0.009,0.770,10.742,1.000,0.000,0.0000
1442.190,-96.999,-26.142,0.317,0.009,0.769,10.742,1.000,0.000,0.0000
1442.200,-96.999,-26.031,0.317,0.009,0.769,10.742,1.000,0.000,0.0000
1442.210,-96.999,-25.920,0.317,0.009,0.769,10.742,1.000,0.000,0.0000
1442.220,-96.999,-25.809,0.317,0.009,0.769,10.742,1.000,0.000,0.0000
1442.230,-96.999,-25.698,0.317,0.009,0.769,10.742,1.000,0.000,0.0000
1442.240,-96.999,-25.587,0.317,0.009,0.769,10.742,1.000,0.000,0.0000
1442.250,-96.998,-25.476,0.317,0.009,0.769,10.742,1.000,0.000,0.0000
1442.260,-96.998,-25.365,0.317,0.009,0.769,10.742,1.000,0.000,0.0000
1442.270,-96.998,-25.253,0.317,0.009,0.769,10.742,1.000,0.000,0.0000
1442.280,-96.998,-25.142,0.317,0.009,0.769,10.742,1.000,0.000,0.0000
1442.290,-96.998,-25.031,0.317,0.009,0.769,10.742,1.000,0.000,0.0000
1442.300,-96.998,-24.920,0.317,0.009,0.768,10.742,1.000,0.000,0.0000
1442.310,-96.998,-24.809,0.317,0.009,0.768,10.742,1.000,0.000,0.0000
1442.320,-96.998,-24.698,0.317,0.009,0.768,10.742,1.000,0.000,0.0000
1442.330,-96.998,-24.587,0.317,0.009,0.768,10.742,1.000,0.000,0.0000
1442.340,-96.998,-24.476,0.317,0.009,0.768,10.742,1.000,0.000,0.0000
1442.350,-96.998,-24.365,0.317,0.009,0.768,10.742,1.000,0.000,0.0000
1442.360,-96.997,-24.254,0.317,0.009,0.768,10.742,1.000,0.000,0.0000
1442.370,-96.997,-24.142,0.317,0.009,0.768,10.742,1.000,0.000,0.0000
1442.380,-96.997,-24.031,0.317,0.009,0.768,10.742,1.000,0.000,0.0000
1442.390,-96.997,-23.920,0.317,0.009,0.768,10.742,1.000,0.000,0.0000
1442.400,-96.997,-23.809,0.317,0.009,0.768,10.742,1.000,0.000,0.0000
1442.410,-96.997,-23.698,0.317,0.009,0.768,10.741,1.000,0.000,0.0000
1442.420,-96.997,-23.587,0.317,0.009,0.767,10.741,1.000,0.000,0.0000
1442.430,-96.997,-23.476,0.317,0.009,0.767,10.741,1.000,0.000,0.0000
1442.440,-96.997,-23.365,0.317,0.009,0.767,10.741,1.000,0.000,0.0000
1442.450,-96.997,-23.254,0.317,0.009,0.767,10.741,1.000,0.000,0.0000
1442.460,-96.997,-23.143,0.317,0.009,0.767,10.741,1.000,0.000,0.0000
1442.470,-96.997,-23.031,0.317,0.009,0.767,10.741,1.000,0.000,0.0000
1442.480,-96.996,-22.920,0.317,0.009,0.767,10.741,1.000,0.000,0.0000
1442.490,-96.996,-22.809,0.317,0.009,0.767,10.741,1.000,0.000,0.0000
1442.500,-96.996,-22.698,0.317,0.009,0.767,10.741,1.000,0.000,0.0000
1442.510,-96.996,-22.587,0.317,0.009,0.767,10.741,1.000,0.000,0.0000
1442.520,-96.996,-22.476,0.317,0.009,0.767,10.741,1.000,0.000,0.0000
1442.530,-96.996,-22.365,0.317,0.009,0.766,10.741,1.000,0.000,0.0000
1442.540,-96.996,-22.254,0.317,0.009,0.766,10.741,1.000,0.000,0.0000
1442.550,-96.996,-22.143,0.317,0.009,0.766,10.741,1.000,0.000,0.0000
1442.560,-96.996,-22.032,0.317,0.009,0.766,10.741,1.000,0.000,0.0000
1442.570,-96.996,-21.920,0.317,0.009,0.766,10.741,1.000,0.000,0.0000
1442.580,-96.996,-21.809,0.317,0.009,0.766,10.741,1.000,0.000,0.0000
1442.590,-96.995,-21.698,0.317,0.009,0.766,10.741,1.000,0.000,0.0000
1442.600,-96.995,-21.587,0.317,0.009,0.766,10.741,1.000,0.000,0.0000
1442.610,-96.995,-21.476,0.317,0.009,0.766,10.741,1.000,0.000,0.0000
1442.620,-96.995,-21.365,0.317,0.009,0.766,10.741,1.000,0.000,0.0000
1442.630,-96.995,-21.254,0.317,0.009,0.766,10.741,1.000,0.000,0.0000
1442.640,-96.995,-21.143,0.317,0.009,0.765,10.741,1.000,0.000,0.0000
1442.650,-96.995,-21.032,0.317,0.009,0.765,10.741,1.000,0.000,0.0000
1442.660,-96.995,-20.921,0.317,0.009,0.765,10.741,1.000,0.000,0.0000
1442.670,-96.995,-20.809,0.317,0.009,0.765,10.741,1.000,0.000,0.0000
1442.680,-96.995,-20.698,0.317,0.009,0.765,10.741,1.000,0.000,0.0000
1442.690,-96.995,-20.587,0.317,0.009,0.765,10.741,1.000,0.000,0.0000
1442.700,-96.994,-20.476,0.317,0.009,0.765,10.741,1.000,0.000,0.0000
1442.710,-96.994,-20.365,0.317,0.009,0.765,10.741,1.000,0.000,0.0000
1442.720,-96.994,-20.254,0.317,0.009,0.765,10.741,1.000,0.000,0.0000
1442.730,-96.994,-20.143,0.317,0.009,0.765,10.741,1.000,0.000,0.0000
1442.740,-96.994,-20.032,0.317,0.009,0.765,10.741,1.000,0.000,0.0000
1442.750,-96.994,-19.921,0.317,0.009,0.765,10.741,1.000,0.000,0.0000
1442.760,-96.994,-19.810,0.317,0.009,0.764,10.741,1.000,0.000,0.0000
1442.770,-96.994,-19.698,0.317,0.009,0.764,10.741,1.000,0.000,0.0000
1442.780,-96.994,-19.587,0.317,0.009,0.764,10.741,1.000,0.000,0.0000
1442.790,-96.994,-19.476,0.317,0.009,0.764,10.741,1.000,0.000,0.0000
1442.800,-96.994,-19.365,0.317,0.009,0.764,10.741,1.000,0.000,0.0000
1442.810,-96.994,-19.254,0.317,0.009,0.764,10.741,1.000,0.000,0.0000
1442.820,-96.993,-19.143,0.317,0.009,0.764,10.741,1.000,0.000,0.0000
1442.830,-96.993,-19.032,0.317,0.009,0.764,10.741,1.000,0.000,0.0000
1442.840,-96.993,-18.921,0.317,0.009,0.764,10.741,1.000,0.000,0.0000
1442.850,-96.993,-18.810,0.317,0.009,0.764,10.741,1.000,0.000,0.0000
1442.860,-96.993,-18.699,0.317,0.009,0.764,10.741,1.000,0.000,0.0000
1442.870,-96.993,-18.587,0.317,0.009,0.763,10.741,1.000,0.000,0.0000
1442.880,-96.993,-18.476,0.317,0.009,0.763,10.741,1.000,0.000,0.0000
1442.890,-96.993,-18.365,0.317,0.009,0.763,10.741,1.000,0.000,0.0000
1442.900,-96.993,-18.254,0.317,0.009,0.763,10.741,1.000,0.000,0.0000
1442.910,-96.993,-18.143,0.317,0.009,0.763,10.741,1.000,0.000,0.0000
1442.920,-96.993,-18.032,0.317,0.009,0.763,10.741,1.000,0.000,0.0000
1442.930,-96.992,-17.921,0.317,0.009,0.763,10.741,1.000,0.000,0.0000
1442.940,-96.992,-17.810,0.317,0.009,0.763,10.741,1.000,0.000,0.0000
1442.950,-96.992,-17.699,0.317,0.009,0.763,10.741,1.000,0.000,0.0000
1442.960,-96.992,-17.588,0.317,0.009,0.763,10.741,1.000,0.000,0.0000
1442.970,-96.992,-17.476,0.317,0.009,0.763,10.741,1.000,0.000,0.0000
1442.980,-96.992,-17.365,0.317,0.009,0.762,10.741,1.000,0.000,0.0000
1442.990,-96.992,-17.254,0.317,0.009,0.762,10.741,1.000,0.000,0.0000
1443.000,-96.992,-17.143,0.317,0.009,0.762,10.741,1.000,0.000,0.0000
1443.010,-96.992,-17.032,0.317,0.009,0.762,10.741,1.000,0.000,0.0000
1443.020,-96.992,-16.921,0.317,0.009,0.762,10.741,1.000,0.000,0.0000
1443.030,-96.992,-16.810,0.317,0.009,0.762,10.741,1.000,0.000,0.0000
1443.040,-96.991,-16.699,0.317,0.009,0.762,10.741,1.000,0.000,0.0000
1443.050,-96.991,-16.588,0.317,0.009,0.762,10.741,1.000,0.000,0.0000
1443.060,-96.991,-16.477,0.317,0.009,0.762,10.741,1.000,0.000,0.0000
1443.070,-96.991,-16.366,0.317,0.009,0.762,10.741,1.000,0.000,0.0000
1443.080,-96.991,-16.254,0.317,0.009,0.762,10.741,1.000,0.000,0.0000
1443.090,-96.991,-16.143,0.317,0.009,0.762,10.741,1.000,0.000,0.0000
1443.100,-96.991,-16.032,0.317,0.009,0.761,10.741,1.000,0.000,0.0000
1443.110,-96.991,-15.921,0.317,0.009,0.761,10.741,1.000,0.000,0.0000
1443.120,-96.991,-15.810,0.317,0.009,0.761,10.741,1.000,0.000,0.0000
1443.130,-96.991,-15.699,0.317,0.009,0.761,10.741,1.000,0.000,0.0000
1443.140,-96.991,-15.588,0.317,0.009,0.761,10.741,1.000,0.000,0.0000
1443.150,-96.990,-15.477,0.317,0.009,0.761,10.741,1.000,0.000,0.0000
1443.160,-96.990,-15.366,0.317,0.009,0.761,10.741,1.000,0.000,0.0000
1443.170,-96.990,-15.255,0.317,0.009,0.761,10.741,1.000,0.000,0.0000
1443.180,-96.990,-15.143,0.317,0.009,0.761,10.741,1.000,0.000,0.0000
1443.190,-96.990,-15.032,0.317,0.009,0.761,10.741,1.000,0.000,0.0000
1443.200,-96.990,-14.921,0.317,0.009,0.761,10.741,1.000,0.000,0.0000
1443.210,-96.990,-14.810,0.317,0.009,0.760,10.741,1.000,0.000,0.0000
1443.220,-96.990,-14.699,0.317,0.009,0.760,10.741,1.000,0.000,0.0000
1443.230,-96.990,-14.588,0.317,0.009,0.760,10.741,1.000,0.000,0.0000
1443.240,-96.990,-14.477,0.317,0.009,0.760,10.741,1.000,0.000,0.0000
1443.250,-96.990,-14.366,0.317,0.009,0.760,10.741,1.000,0.000,0.0000
1443.260,-96.990,-14.255,0.317,0.009,0.760,10.741,1.000,0.000,0.0000
1443.270,-96.989,-14.144,0.317,0.009,0.760,10.741,1.000,0.000,0.0000
1443.280,-96.989,-14.032,0.317,0.009,0.760,10.741,1.000,0.000,0.0000
1443.290,-96.989,-13.921,0.317,0.009,0.760,10.741,1.000,0.000,0.0000
1443.300,-96.989,-13.810,0.317,0.009,0.760,10.741,1.000,0.000,0.0000
1443.310,-96.989,-13.699,0.317,0.009,0.760,10.741,1.000,0.000,0.0000
1443.320,-96.989,-13.588,0.317,0.009,0.759,10.741,1.000,0.000,0.0000
1443.330,-96.989,-13.477,0.317,0.009,0.759,10.741,1.000,0.000,0.0000
1443.340,-96.989,-13.366,0.317,0.009,0.759,10.741,1.000,0.000,0.0000
1443.350,-96.989,-13.255,0.317,0.009,0.759,10.741,1.000,0.000,0.0000
1443.360,-96.989,-13.144,0.317,0.009,0.759,10.741,1.000,0.000,0.0000
1443.370,-96.989,-13.033,0.317,0.009,0.759,10.741,1.000,0.000,0.0000
1443.380,-96.988,-12.921,0.317,0.009,0.759,10.741,1.000,0.000,0.0000
1443.390,-96.988,-12.810,0.317,0.009,0.759,10.741,1.000,0.000,0.0000
1443.400,-96.988,-12.699,0.317,0.009,0.759,10.741,1.000,0.000,0.0000
1443.410,-96.988,-12.588,0.317,0.009,0.759,10.741,1.000,0.000,0.0000
1443.420,-96.988,-12.477,0.317,0.009,0.759,10.741,1.000,0.000,0.0000
1443.430,-96.988,-12.366,0.317,0.009,0.758,10.741,1.000,0.000,0.0000
1443.440,-96.988,-12.255,0.317,0.009,0.758,10.741,0.940,0.000,0.0000
1443.450,-96.988,-12.144,0.317,0.010,0.758,10.741,0.880,0.000,0.0000
1443.460,-96.988,-12.033,0.317,0.014,0.758,10.740,0.820,0.000,0.0000
1443.470,-96.988,-11.923,0.317,0.020,0.758,10.740,0.760,0.000,0.0000
1443.480,-96.988,-11.813,0.318,0.028,0.758,10.740,0.700,0.000,0.0000
1443.490,-96.987,-11.703,0.318,0.036,0.758,10.740,0.640,0.000,0.0000
1443.500,-96.987,-11.594,0.318,0.042,0.758,10.739,0.580,0.000,0.0000
1443.510,-96.987,-11.485,0.319,0.048,0.758,10.739,0.520,0.000,0.0000
1443.520,-96.987,-11.377,0.319,0.052,0.758,10.738,0.460,0.000,0.0000
1443.530,-96.987,-11.269,0.320,0.055,0.758,10.738,0.400,0.000,0.0000
1443.540,-96.987,-11.162,0.320,0.057,0.758,10.737,0.340,0.000,0.0000
1443.550,-96.987,-11.055,0.321,0.058,0.758,10.737,0.280,0.000,0.0000
1443.560,-96.987,-10.948,0.321,0.058,0.758,10.736,0.220,0.000,0.0000
1443.570,-96.987,-10.842,0.322,0.057,0.757,10.735,0.160,0.000,0.0000
1443.580,-96.987,-10.736,0.323,0.055,0.757,10.735,0.100,0.000,0.0000
1443.590,-96.987,-10.630,0.323,0.053,0.757,10.734,0.040,0.000,0.0000
1443.600,-96.987,-10.525,0.324,0.050,0.757,10.734,0.000,0.000,0.0000
1443.610,-96.986,-10.420,0.324,0.047,0.757,10.733,0.000,0.000,0.0000
1443.620,-96.986,-10.316,0.325,0.044,0.757,10.733,0.000,0.000,0.0000
1443.630,-96.986,-10.212,0.325,0.040,0.757,10.733,0.000,0.000,0.0000
1443.640,-96.986,-10.108,0.325,0.036,0.757,10.732,0.000,0.000,0.0000
1443.650,-96.986,-10.005,0.326,0.031,0.757,10.732,0.000,0.000,0.0000
1443.660,-96.986,-9.903,0.326,0.027,0.757,10.732,0.000,0.000,0.0000
1443.670,-96.986,-9.800,0.326,0.022,0.757,10.731,0.000,0.000,0.0000
1443.680,-96.986,-9.698,0.326,0.018,0.757,10.731,0.000,0.000,0.0000
1443.690,-96.986,-9.597,0.326,0.014,0.757,10.731,0.000,0.000,0.0000
1443.700,-96.986,-9.496,0.326,0.011,0.757,10.731,0.000,0.000,0.0000
1443.710,-96.986,-9.395,0.326,0.009,0.757,10.731,0.000,0.000,0.0000
1443.720,-96.986,-9.295,0.326,0.008,0.756,10.731,0.000,0.000,0.0000
1443.730,-96.985,-9.195,0.326,0.009,0.756,10.731,0.000,0.000,0.0000
1443.740,-96.985,-9.096,0.326,0.011,0.756,10.731,0.000,0.000,0.0000
1443.750,-96.985,-8.997,0.326,0.013,0.756,10.731,0.000,0.000,0.0000
1443.760,-96.985,-8.898,0.326,0.016,0.756,10.731,0.000,0.000,0.0000
1443.770,-96.985,-8.800,0.326,0.017,0.756,10.731,0.000,0.000,0.0000
1443.780,-96.985,-8.702,0.326,0.019,0.756,10.732,0.000,0.000,0.0000
1443.790,-96.985,-8.604,0.326,0.020,0.756,10.732,0.000,0.000,0.0000
1443.800,-96.985,-8.507,0.325,0.021,0.756,10.732,0.000,0.000,0.0000
1443.810,-96.985,-8.411,0.325,0.022,0.756,10.732,0.000,0.000,0.0000
1443.820,-96.985,-8.315,0.325,0.022,0.756,10.732,0.000,0.000,0.0000
1443.830,-96.985,-8.219,0.325,0.022,0.755,10.733,0.000,0.000,0.0000
1443.840,-96.985,-8.123,0.324,0.022,0.755,10.733,0.000,0.000,0.0000
1443.850,-96.985,-8.028,0.324,0.022,0.755,10.733,0.000,0.000,0.0000
1443.860,-96.984,-7.933,0.324,0.021,0.755,10.733,0.000,0.000,0.0000
1443.870,-96.984,-7.839,0.324,0.020,0.755,10.733,0.040,0.000,0.0000
1443.880,-96.984,-7.745,0.324,0.019,0.755,10.734,0.080,0.000,0.0000
1443.890,-96.984,-7.652,0.324,0.017,0.755,10.734,0.120,0.000,0.0000
1443.900,-96.984,-7.559,0.323,0.016,0.755,10.734,0.160,0.000,0.0000
1443.910,-96.984,-7.466,0.323,0.015,0.755,10.734,0.200,0.000,0.0000
1443.920,-96.984,-7.374,0.323,0.013,0.755,10.734,0.240,0.000,0.0000
1443.930,-96.984,-7.282,0.323,0.012,0.755,10.734,0.280,0.000,0.0000
1443.940,-96.984,-7.190,0.323,0.010,0.755,10.734,0.320,0.000,0.0000
1443.950,-96.984,-7.099,0.323,0.009,0.755,10.734,0.360,0.000,0.0000
1443.960,-96.984,-7.008,0.323,0.008,0.754,10.734,0.400,0.000,0.0000
1443.970,-96.984,-6.918,0.323,0.008,0.754,10.734,0.440,0.000,0.0000
1443.980,-96.984,-6.828,0.323,0.007,0.754,10.734,0.480,0.000,0.0000
1443.990,-96.984,-6.739,0.323,0.007,0.754,10.734,0.520,0.000,0.0000
1444.000,-96.983,-6.649,0.323,0.007,0.754,10.734,0.560,0.000,0.0000
1444.010,-96.983,-6.561,0.323,0.008,0.754,10.734,0.600,0.000,0.0000
1444.020,-96.983,-6.472,0.323,0.008,0.754,10.734,0.640,0.000,0.0000
1444.030,-96.983,-6.384,0.323,0.009,0.754,10.734,0.680,0.000,0.0000
1444.040,-96.983,-6.297,0.323,0.009,0.754,10.734,0.720,0.000,0.0000
1444.050,-96.983,-6.210,0.323,0.010,0.754,10.734,0.760,0.000,0.0000
1444.060,-96.983,-6.123,0.323,0.010,0.754,10.734,0.800,0.000,0.0000
1444.070,-96.983,-6.036,0.323,0.007,0.754,10.734,0.840,0.000,0.0000
1444.080,-96.983,-5.949,0.323,0.015,0.754,10.734,0.880,0.000,0.0000
1444.090,-96.983,-5.862,0.323,0.030,0.754,10.734,0.920,0.000,0.0000
1444.100,-96.983,-5.775,0.322,0.047,0.753,10.735,0.960,0.000,0.0000
1444.110,-96.983,-5.687,0.322,0.063,0.753,10.735,1.000,0.000,0.0000
1444.120,-96.983,-5.598,0.321,0.077,0.753,10.736,1.000,0.000,0.0000
1444.130,-96.983,-5.510,0.320,0.088,0.753,10.737,1.000,0.000,0.0000
1444.140,-96.982,-5.421,0.319,0.097,0.753,10.738,1.000,0.000,0.0000
1444.150,-96.982,-5.331,0.318,0.103,0.753,10.739,1.000,0.000,0.0000
1444.160,-96.982,-5.241,0.317,0.107,0.753,10.740,1.000,0.000,0.0000
1444.170,-96.982,-5.151,0.316,0.110,0.753,10.741,1.000,0.000,0.0000
1444.180,-96.982,-5.060,0.315,0.110,0.753,10.742,1.000,0.000,0.0000
1444.190,-96.982,-4.969,0.314,0.109,0.752,10.743,1.000,0.000,0.0000
1444.200,-96.982,-4.877,0.313,0.106,0.752,10.744,1.000,0.000,0.0000
1444.210,-96.982,-4.785,0.312,0.102,0.752,10.745,0.940,0.000,0.0000
1444.220,-96.982,-4.693,0.311,0.097,0.752,10.746,0.880,0.000,0.0000
1444.230,-96.982,-4.600,0.310,0.091,0.752,10.747,0.820,0.000,0.0000
1444.240,-96.982,-4.507,0.309,0.076,0.752,10.748,0.760,0.000,0.0000
1444.250,-96.982,-4.415,0.308,0.055,0.752,10.748,0.700,0.000,0.0000
1444.260,-96.982,-4.322,0.308,0.032,0.752,10.749,0.640,0.000,0.0000
1444.270,-96.982,-4.230,0.308,0.009,0.752,10.749,0.580,0.000,0.0000
1444.280,-96.981,-4.138,0.308,0.020,0.752,10.749,0.520,0.000,0.0000
1444.290,-96.981,-4.047,0.309,0.041,0.752,10.748,0.460,0.000,0.0000
1444.300,-96.981,-3.956,0.309,0.061,0.752,10.748,0.400,0.000,0.0000
1444.310,-96.981,-3.865,0.310,0.078,0.751,10.747,0.340,0.000,0.0000
1444.320,-96.981,-3.775,0.311,0.092,0.751,10.746,0.280,0.000,0.0000
1444.330,-96.981,-3.685,0.312,0.104,0.751,10.745,0.220,0.000,0.0000
1444.340,-96.981,-3.596,0.313,0.113,0.751,10.744,0.160,0.000,0.0000
1444.350,-96.981,-3.507,0.314,0.120,0.751,10.743,0.100,0.000,0.0000
1444.360,-96.981,-3.418,0.316,0.125,0.751,10.741,0.040,0.000,0.0000
1444.370,-96.981,-3.330,0.317,0.128,0.751,10.740,0.000,0.000,0.0000
1444.380,-96.981,-3.242,0.318,0.129,0.751,10.739,0.000,0.000,0.0000
1444.390,-96.981,-3.155,0.319,0.128,0.751,10.737,0.000,0.000,0.0000
1444.400,-96.981,-3.068,0.321,0.125,0.751,10.736,0.000,0.000,0.0000
1444.410,-96.981,-2.981,0.322,0.121,0.751,10.735,0.000,0.000,0.0000
1444.420,-96.980,-2.895,0.323,0.115,0.751,10.734,0.000,0.000,0.0000
1444.430,-96.980,-2.809,0.324,0.108,0.751,10.733,0.000,0.000,0.0000
1444.440,-96.980,-2.724,0.325,0.100,0.751,10.732,0.000,0.000,0.0000
1444.450,-96.980,-2.639,0.326,0.091,0.751,10.731,0.000,0.000,0.0000
1444.460,-96.980,-2.554,0.327,0.082,0.751,10.730,0.000,0.000,0.0000
1444.470,-96.980,-2.470,0.328,0.072,0.751,10.729,0.000,0.000,0.0000
1444.480,-96.980,-2.386,0.328,0.061,0.751,10.729,0.000,0.000,0.0000
1444.490,-96.980,-2.303,0.329,0.051,0.751,10.728,0.000,0.000,0.0000
1444.500,-96.980,-2.220,0.329,0.040,0.751,10.728,0.000,0.000,0.0000
1444.510,-96.980,-2.138,0.329,0.030,0.751,10.727,0.000,0.000,0.0000
1444.520,-96.980,-2.056,0.330,0.020,0.751,10.727,0.040,0.000,0.0000
1444.530,-96.980,-1.974,0.330,0.012,0.751,10.727,0.080,0.000,0.0000
1444.540,-96.980,-1.893,0.330,0.006,0.751,10.727,0.120,0.000,0.0000
1444.550,-96.980,-1.812,0.330,0.010,0.751,10.727,0.160,0.000,0.0000
1444.560,-96.980,-1.732,0.329,0.017,0.751,10.727,0.200,0.000,0.0000
1444.570,-96.979,-1.652,0.329,0.024,0.750,10.728,0.240,0.000,0.0000
1444.580,-96.979,-1.572,0.329,0.030,0.750,10.728,0.280,0.000,0.0000
1444.590,-96.979,-1.493,0.329,0.035,0.750,10.728,0.320,0.000,0.0000
1444.600,-96.979,-1.414,0.328,0.039,0.750,10.729,0.360,0.000,0.0000
1444.610,-96.979,-1.336,0.328,0.043,0.750,10.729,0.400,0.000,0.0000
1444.620,-96.979,-1.258,0.327,0.046,0.750,10.729,0.440,0.000,0.0000
1444.630,-96.979,-1.180,0.327,0.047,0.750,10.730,0.480,0.000,0.0000
1444.640,-96.979,-1.103,0.326,0.048,0.750,10.730,0.520,0.000,0.0000
1444.650,-96.979,-1.026,0.326,0.049,0.750,10.731,0.560,0.000,0.0000
1444.660,-96.979,-0.950,0.325,0.048,0.750,10.731,0.600,0.000,0.0000
1444.670,-96.979,-0.874,0.325,0.047,0.750,10.732,0.640,0.000,0.0000
1444.680,-96.979,-0.799,0.324,0.045,0.750,10.732,0.680,0.000,0.0000
1444.690,-96.979,-0.723,0.324,0.049,0.749,10.733,0.720,0.000,0.0000
1444.700,-96.979,-0.648,0.323,0.057,0.749,10.733,0.760,0.000,0.0000
1444.710,-96.979,-0.572,0.323,0.070,0.749,10.734,0.800,0.000,0.0000
1444.720,-96.979,-0.496,0.322,0.083,0.749,10.735,0.840,0.000,0.0000
1444.730,-96.978,-0.419,0.321,0.095,0.749,10.736,0.880,0.000,0.0000
1444.740,-96.978,-0.342,0.320,0.105,0.749,10.737,0.920,0.000,0.0000
1444.750,-96.978,-0.265,0.319,0.113,0.749,10.738,0.960,0.000,0.0000
1444.760,-96.978,-0.187,0.318,0.118,0.749,10.739,1.000,0.000,0.0000
1444.770,-96.978,-0.109,0.316,0.121,0.749,10.740,1.000,0.000,0.0000
1444.780,-96.978,-0.031,0.315,0.122,0.749,10.741,1.000,0.000,0.0000
1444.790,-96.978,0.048,0.314,0.120,0.748,10.743,1.000,0.000,0.0000
1444.800,-96.978,0.128,0.313,0.117,0.748,10.744,0.940,0.000,0.0000
1444.810,-96.978,0.208,0.312,0.112,0.748,10.745,0.880,0.000,0.0000
1444.820,-96.978,0.288,0.311,0.106,0.748,10.746,0.820,0.000,0.0000
1444.830,-96.978,0.368,0.310,0.099,0.748,10.747,0.760,0.000,0.0000
1444.840,-96.978,0.449,0.309,0.091,0.748,10.748,0.700,0.000,0.0000
1444.850,-96.978,0.531,0.308,0.074,0.748,10.749,0.640,0.000,0.0000
1444.860,-96.978,0.612,0.307,0.052,0.748,10.749,0.580,0.000,0.0000
1444.870,-96.978,0.692,0.307,0.027,0.748,10.749,0.520,0.000,0.0000
1444.880,-96.978,0.773,0.307,0.006,0.748,10.749,0.460,0.000,0.0000
1444.890,-96.977,0.853,0.307,0.026,0.748,10.749,0.400,0.000,0.0000
1444.900,-96.977,0.932,0.308,0.048,0.748,10.749,0.340,0.000,0.0080
1444.910,-96.977,1.012,0.309,0.068,0.748,10.748,0.280,0.000,0.0160
1444.920,-96.977,1.090,0.309,0.086,0.748,10.747,0.220,0.000,0.0240
1444.930,-96.977,1.169,0.310,0.101,0.747,10.746,0.160,0.000,0.0320
1444.940,-96.977,1.247,0.312,0.113,0.747,10.745,0.100,0.000,0.0400
1444.950,-96.977,1.325,0.313,0.122,0.747,10.744,0.040,0.000,0.0480
1444.960,-96.977,1.402,0.314,0.129,0.747,10.742,0.000,0.000,0.0560
1444.970,-96.977,1.479,0.315,0.134,0.747,10.741,0.000,0.000,0.0640
1444.980,-96.977,1.555,0.317,0.137,0.747,10.740,0.000,0.000,0.0720
1444.990,-96.976,1.631,0.318,0.138,0.747,10.738,0.000,0.000,0.0800
1445.000,-96.976,1.707,0.320,0.137,0.747,10.737,0.000,0.000,0.0880
1445.010,-96.976,1.782,0.321,0.136,0.746,10.736,0.000,0.000,0.0960
1445.020,-96.975,1.857,0.322,0.133,0.746,10.734,0.000,0.000,0.1040
1445.030,-96.975,1.932,0.323,0.129,0.746,10.733,0.000,0.000,0.1120
1445.040,-96.974,2.006,0.324,0.125,0.745,10.732,0.000,0.000,0.1200
1445.050,-96.974,2.079,0.325,0.122,0.745,10.731,0.000,0.000,0.1280
1445.060,-96.973,2.152,0.326,0.119,0.744,10.730,0.000,0.000,0.1360
1445.070,-96.972,2.225,0.327,0.118,0.743,10.729,0.000,0.000,0.1440
1445.080,-96.971,2.297,0.328,0.120,0.742,10.728,0.000,0.000,0.1520
1445.090,-96.970,2.369,0.329,0.123,0.741,10.727,0.000,0.000,0.1600
1445.100,-96.969,2.441,0.329,0.130,0.740,10.727,0.000,0.000,0.1680
1445.110,-96.968,2.511,0.330,0.139,0.739,10.726,0.000,0.000,0.1760
1445.120,-96.966,2.582,0.330,0.150,0.737,10.726,0.000,0.000,0.1840
1445.130,-96.965,2.652,0.330,0.162,0.736,10.725,0.000,0.000,0.1920
1445.140,-96.963,2.721,0.330,0.176,0.734,10.725,0.000,0.000,0.2000
1445.150,-96.961,2.790,0.330,0.191,0.732,10.725,0.000,0.000,0.2080
1445.160,-96.959,2.859,0.330,0.207,0.730,10.725,0.000,0.000,0.2160
1445.170,-96.957,2.927,0.330,0.225,0.728,10.725,0.000,0.000,0.1860
1445.180,-96.954,2.995,0.330,0.245,0.725,10.725,0.000,0.000,0.1560
1445.190,-96.952,3.062,0.330,0.266,0.723,10.725,0.000,0.000,0.1260
1445.200,-96.949,3.129,0.329,0.286,0.720,10.725,0.000,0.000,0.0960
1445.210,-96.946,3.195,0.329,0.304,0.717,10.725,0.000,0.000,0.0660
1445.220,-96.943,3.261,0.329,0.319,0.714,10.725,0.000,0.000,0.0360
1445.230,-96.939,3.326,0.328,0.332,0.710,10.725,0.000,0.000,0.0060
1445.240,-96.936,3.390,0.328,0.343,0.707,10.725,0.000,0.000,0.0000
1445.250,-96.932,3.455,0.328,0.356,0.703,10.725,0.000,0.000,0.0000
1445.260,-96.929,3.518,0.327,0.369,0.700,10.725,0.000,0.000,0.0000
1445.270,-96.925,3.582,0.327,0.382,0.696,10.725,0.000,0.000,0.0000
1445.280,-96.921,3.645,0.326,0.393,0.692,10.725,0.000,0.000,0.0000
1445.290,-96.917,3.708,0.326,0.404,0.688,10.726,0.000,0.000,0.0000
1445.300,-96.913,3.771,0.325,0.413,0.684,10.726,0.000,0.000,0.0000
1445.310,-96.909,3.834,0.324,0.421,0.680,10.726,0.000,0.000,0.0000
1445.320,-96.904,3.896,0.324,0.428,0.675,10.726,0.000,0.000,0.0000
1445.330,-96.900,3.958,0.323,0.431,0.671,10.727,0.000,0.000,0.0000
1445.340,-96.896,4.020,0.323,0.434,0.667,10.727,0.000,0.000,0.0000
1445.350,-96.892,4.081,0.322,0.435,0.662,10.727,0.000,0.000,0.0000
1445.360,-96.887,4.142,0.322,0.435,0.658,10.727,0.000,0.000,0.0000
1445.370,-96.883,4.202,0.321,0.435,0.654,10.727,0.000,0.000,0.0000
1445.380,-96.879,4.263,0.321,0.434,0.649,10.727,0.000,0.000,0.0000
1445.390,-96.874,4.323,0.321,0.433,0.645,10.727,0.000,0.000,0.0000
1445.400,-96.870,4.382,0.321,0.432,0.641,10.727,0.000,0.000,0.0000
1445.410,-96.866,4.441,0.320,0.431,0.636,10.727,0.000,0.000,0.0000
1445.420,-96.861,4.500,0.320,0.432,0.632,10.726,0.000,0.000,0.0000
1445.430,-96.857,4.559,0.320,0.431,0.628,10.726,0.000,0.000,0.0000
1445.440,-96.853,4.617,0.320,0.429,0.623,10.726,0.000,0.000,0.0000
1445.450,-96.848,4.675,0.320,0.426,0.619,10.726,0.000,0.000,0.0000
1445.460,-96.844,4.733,0.320,0.421,0.615,10.725,0.000,0.000,0.0000
1445.470,-96.840,4.790,0.320,0.416,0.611,10.725,0.000,0.000,0.0000
1445.480,-96.836,4.846,0.320,0.411,0.607,10.724,0.000,0.000,0.0000
1445.490,-96.832,4.902,0.321,0.407,0.603,10.724,0.000,0.000,0.0000
1445.500,-96.828,4.958,0.321,0.403,0.599,10.723,0.000,0.000,0.0000
1445.510,-96.824,5.013,0.321,0.399,0.595,10.722,0.000,0.000,0.0000
1445.520,-96.820,5.068,0.322,0.394,0.591,10.722,0.000,0.000,0.0000
1445.530,-96.816,5.122,0.322,0.389,0.587,10.721,0.000,0.000,0.0000
1445.540,-96.812,5.176,0.323,0.384,0.583,10.720,0.000,0.000,0.0000
1445.550,-96.809,5.229,0.323,0.379,0.579,10.720,0.000,0.000,0.0000
1445.560,-96.805,5.283,0.323,0.374,0.576,10.719,0.000,0.000,0.0000
1445.570,-96.801,5.335,0.324,0.369,0.572,10.718,0.000,0.000,0.0000
1445.580,-96.798,5.388,0.324,0.365,0.569,10.718,0.000,0.000,0.0000
1445.590,-96.794,5.440,0.324,0.360,0.565,10.717,0.000,0.000,0.0000
1445.600,-96.790,5.491,0.324,0.356,0.561,10.717,0.000,0.000,0.0000
1445.610,-96.787,5.542,0.325,0.352,0.558,10.716,0.000,0.000,0.0000
1445.620,-96.783,5.593,0.325,0.349,0.554,10.716,0.000,0.000,0.0000
1445.630,-96.780,5.643,0.325,0.346,0.551,10.715,0.000,0.000,0.0000
1445.640,-96.776,5.693,0.325,0.343,0.548,10.715,0.000,0.000,0.0000
1445.650,-96.773,5.743,0.325,0.342,0.544,10.715,0.000,0.000,0.0000
1445.660,-96.770,5.792,0.325,0.340,0.541,10.714,0.000,0.000,0.0000
1445.670,-96.766,5.841,0.325,0.339,0.537,10.714,0.000,0.000,0.0000
1445.680,-96.763,5.889,0.325,0.338,0.534,10.714,0.000,0.000,0.0000
1445.690,-96.760,5.937,0.325,0.336,0.531,10.714,0.000,0.000,0.0000
1445.700,-96.756,5.985,0.325,0.335,0.527,10.713,0.000,0.000,0.0000
1445.710,-96.753,6.032,0.325,0.334,0.524,10.713,0.000,0.000,0.0000
1445.720,-96.750,6.079,0.325,0.333,0.521,10.713,0.000,0.000,0.0000
1445.730,-96.746,6.125,0.325,0.332,0.517,10.713,0.000,0.000,0.0000
1445.740,-96.743,6.171,0.325,0.331,0.514,10.713,0.000,0.000,0.0000
1445.750,-96.740,6.216,0.325,0.331,0.511,10.713,0.000,0.000,0.0000
1445.760,-96.736,6.262,0.325,0.330,0.507,10.712,0.000,0.000,0.0000
1445.770,-96.733,6.306,0.325,0.330,0.504,10.712,0.000,0.000,0.0000
1445.780,-96.730,6.351,0.325,0.329,0.501,10.712,0.000,0.000,0.0000
1445.790,-96.726,6.395,0.325,0.328,0.498,10.712,0.040,0.000,0.0000
1445.800,-96.723,6.438,0.324,0.327,0.494,10.712,0.080,0.000,0.0000
1445.810,-96.720,6.481,0.324,0.325,0.491,10.712,0.120,0.000,0.0000
1445.820,-96.717,6.524,0.324,0.324,0.488,10.712,0.160,0.000,0.0000
1445.830,-96.713,6.566,0.324,0.322,0.485,10.712,0.200,0.000,0.0000
1445.840,-96.710,6.608,0.324,0.319,0.481,10.712,0.240,0.000,0.0000
1445.850,-96.707,6.650,0.324,0.317,0.478,10.712,0.280,0.000,0.0000
1445.860,-96.704,6.691,0.324,0.314,0.475,10.711,0.320,0.000,0.0000
1445.870,-96.701,6.732,0.324,0.312,0.472,10.711,0.360,0.000,0.0000
1445.880,-96.698,6.772,0.324,0.308,0.469,10.711,0.400,0.000,0.0000
1445.890,-96.695,6.812,0.323,0.307,0.466,10.711,0.440,0.000,0.0000
1445.900,-96.692,6.853,0.323,0.309,0.463,10.711,0.480,0.000,0.0000
1445.910,-96.689,6.894,0.323,0.312,0.460,10.711,0.520,0.000,0.0000
1445.920,-96.685,6.935,0.322,0.316,0.457,10.712,0.560,0.000,0.0000
1445.930,-96.682,6.976,0.321,0.321,0.453,10.712,0.600,0.000,0.0000
1445.940,-96.679,7.018,0.321,0.326,0.450,10.713,0.640,0.000,0.0000
1445.950,-96.676,7.060,0.320,0.331,0.447,10.714,0.680,0.000,0.0000
1445.960,-96.673,7.103,0.319,0.335,0.444,10.715,0.720,0.000,0.0000
1445.970,-96.670,7.146,0.317,0.338,0.440,10.715,0.760,0.000,0.0000
1445.980,-96.666,7.190,0.316,0.340,0.437,10.716,0.800,0.000,0.0000
1445.990,-96.663,7.234,0.315,0.341,0.434,10.717,0.840,0.000,0.0000
1446.000,-96.660,7.278,0.314,0.342,0.431,10.718,0.880,0.000,0.0000
1446.010,-96.657,7.323,0.313,0.343,0.427,10.719,0.920,0.000,0.0000
1446.020,-96.653,7.368,0.312,0.343,0.424,10.720,0.960,0.000,0.0000
1446.030,-96.650,7.414,0.311,0.343,0.421,10.721,1.000,0.000,0.0000
1446.040,-96.647,7.460,0.310,0.343,0.417,10.722,1.000,0.000,0.0000
1446.050,-96.644,7.506,0.309,0.343,0.414,10.722,1.000,0.000,0.0000
1446.060,-96.640,7.553,0.308,0.342,0.411,10.723,1.000,0.000,0.0000
1446.070,-96.637,7.600,0.308,0.342,0.407,10.723,1.000,0.000,0.0000
1446.080,-96.633,7.648,0.307,0.342,0.404,10.724,1.000,0.000,0.0000
1446.090,-96.630,7.696,0.307,0.343,0.400,10.724,1.000,0.000,0.0000
1446.100,-96.627,7.744,0.306,0.344,0.397,10.724,1.000,0.000,0.0000
1446.110,-96.623,7.793,0.306,0.345,0.394,10.724,1.000,0.000,0.0000
1446.120,-96.620,7.842,0.305,0.346,0.390,10.724,1.000,0.000,0.0080
1446.130,-96.616,7.892,0.305,0.349,0.387,10.724,1.000,0.000,0.0160
1446.140,-96.613,7.942,0.305,0.352,0.383,10.724,1.000,0.000,0.0240
1446.150,-96.609,7.993,0.305,0.356,0.380,10.724,1.000,0.000,0.0320
1446.160,-96.606,8.044,0.305,0.359,0.376,10.724,1.000,0.000,0.0400
1446.170,-96.602,8.095,0.305,0.363,0.372,10.724,1.000,0.000,0.0480
1446.180,-96.598,8.147,0.306,0.368,0.369,10.723,1.000,0.000,0.0560
1446.190,-96.595,8.200,0.306,0.374,0.365,10.723,1.000,0.000,0.0640
1446.200,-96.591,8.253,0.306,0.381,0.361,10.722,1.000,0.000,0.0720
1446.210,-96.587,8.306,0.306,0.389,0.357,10.722,1.000,0.000,0.0800
1446.220,-96.583,8.360,0.307,0.397,0.353,10.721,0.940,0.000,0.0880
1446.230,-96.579,8.414,0.307,0.405,0.349,10.721,0.880,0.000,0.0960
1446.240,-96.575,8.468,0.307,0.413,0.345,10.720,0.820,0.000,0.1040
1446.250,-96.571,8.522,0.308,0.422,0.341,10.719,0.760,0.000,0.1120
1446.260,-96.566,8.577,0.308,0.431,0.337,10.719,0.700,0.000,0.1200
1446.270,-96.562,8.633,0.309,0.442,0.332,10.718,0.640,0.000,0.1280
1446.280,-96.557,8.688,0.309,0.450,0.328,10.717,0.580,0.000,0.1360
1446.290,-96.553,8.744,0.310,0.458,0.324,10.716,0.520,0.000,0.1440
1446.300,-96.548,8.800,0.310,0.463,0.319,10.716,0.460,0.000,0.1520
1446.310,-96.544,8.856,0.311,0.471,0.314,10.715,0.400,0.000,0.1600
1446.320,-96.539,8.912,0.312,0.480,0.310,10.714,0.340,0.000,0.1680
1446.330,-96.534,8.967,0.312,0.489,0.305,10.713,0.280,0.000,0.1760
1446.340,-96.529,9.022,0.313,0.498,0.300,10.712,0.220,0.000,0.1840
1446.350,-96.524,9.076,0.315,0.507,0.295,10.710,0.160,0.000,0.1920
1446.360,-96.519,9.129,0.316,0.514,0.290,10.709,0.100,0.000,0.2000
1446.370,-96.514,9.182,0.317,0.521,0.285,10.707,0.040,0.000,0.2080
1446.380,-96.509,9.235,0.318,0.529,0.280,10.706,0.000,0.000,0.2160
1446.390,-96.504,9.287,0.320,0.537,0.275,10.704,0.000,0.000,0.2240
1446.400,-96.499,9.339,0.321,0.544,0.270,10.703,0.000,0.000,0.2320
1446.410,-96.493,9.390,0.322,0.550,0.265,10.701,0.000,0.000,0.2400
1446.420,-96.488,9.440,0.323,0.557,0.260,10.700,0.000,0.000,0.2480
1446.430,-96.482,9.490,0.324,0.562,0.255,10.698,0.000,0.000,0.2560
1446.440,-96.477,9.540,0.325,0.568,0.249,10.697,0.000,0.000,0.2640
1446.450,-96.471,9.589,0.326,0.587,0.244,10.696,0.000,0.000,0.2720
1446.460,-96.465,9.638,0.327,0.598,0.238,10.695,0.000,0.000,0.2800
1446.470,-96.459,9.687,0.328,0.607,0.232,10.694,0.000,0.000,0.2880
1446.480,-96.453,9.735,0.328,0.615,0.226,10.693,0.000,0.000,0.2960
1446.490,-96.447,9.783,0.329,0.623,0.220,10.693,0.000,0.000,0.3040
1446.500,-96.440,9.830,0.329,0.631,0.214,10.692,0.000,0.000,0.3120
1446.510,-96.434,9.877,0.329,0.639,0.208,10.691,0.000,0.000,0.2820
1446.520,-96.427,9.923,0.330,0.648,0.201,10.691,0.000,0.000,0.2520
1446.530,-96.421,9.969,0.330,0.656,0.195,10.691,0.000,0.000,0.2220
1446.540,-96.414,10.015,0.330,0.664,0.188,10.690,0.000,0.000,0.1920
1446.550,-96.407,10.060,0.330,0.671,0.182,10.690,0.000,0.000,0.1620
1446.560,-96.401,10.105,0.329,0.674,0.175,10.690,0.000,0.000,0.1320
1446.570,-96.394,10.148,0.329,0.676,0.169,10.690,0.000,0.000,0.1020
1446.580,-96.387,10.192,0.329,0.675,0.162,10.690,0.000,0.000,0.0720
1446.590,-96.380,10.235,0.329,0.676,0.155,10.690,0.000,0.000,0.0420
1446.600,-96.374,10.277,0.329,0.678,0.149,10.690,0.040,0.000,0.0120
1446.610,-96.367,10.319,0.328,0.682,0.142,10.690,0.080,0.000,0.0000
1446.620,-96.360,10.360,0.328,0.688,0.135,10.690,0.120,0.000,0.0000
1446.630,-96.353,10.401,0.328,0.694,0.129,10.690,0.160,0.000,0.0080
1446.640,-96.346,10.442,0.327,0.700,0.122,10.690,0.200,0.000,0.0160
1446.650,-96.339,10.483,0.327,0.706,0.115,10.691,0.240,0.000,0.0240
1446.660,-96.332,10.524,0.326,0.711,0.108,10.691,0.280,0.000,0.0320
1446.670,-96.325,10.565,0.325,0.715,0.101,10.691,0.320,0.000,0.0400
1446.680,-96.318,10.605,0.325,0.718,0.094,10.692,0.360,0.000,0.0480
1446.690,-96.311,10.645,0.324,0.720,0.087,10.693,0.400,0.000,0.0560
1446.700,-96.303,10.686,0.323,0.726,0.080,10.693,0.440,0.000,0.0640
1446.710,-96.296,10.726,0.322,0.735,0.074,10.694,0.480,0.000,0.0720
1446.720,-96.289,10.767,0.321,0.747,0.066,10.695,0.520,0.000,0.0800
1446.730,-96.281,10.808,0.320,0.760,0.059,10.695,0.560,0.000,0.0880
1446.740,-96.273,10.850,0.319,0.773,0.052,10.696,0.600,0.000,0.0960
1446.750,-96.266,10.892,0.318,0.789,0.045,10.697,0.640,0.000,0.0660
1446.760,-96.258,10.934,0.317,0.798,0.038,10.698,0.680,0.000,0.0360
1446.770,-96.250,10.977,0.315,0.804,0.032,10.699,0.720,0.000,0.0060
1446.780,-96.242,11.020,0.314,0.816,0.027,10.700,0.760,0.000,0.0000
1446.790,-96.233,11.064,0.313,0.833,0.023,10.702,0.800,0.000,0.0000
1446.800,-96.225,11.108,0.312,0.849,0.022,10.703,0.840,0.000,0.0000
1446.810,-96.217,11.153,0.311,0.865,0.025,10.704,0.880,0.000,0.0000
1446.820,-96.208,11.198,0.310,0.878,0.030,10.704,0.920,0.000,0.0000
1446.830,-96.199,11.243,0.309,0.890,0.036,10.705,0.960,0.000,0.0000
1446.840,-96.190,11.289,0.308,0.900,0.044,10.706,1.000,0.000,0.0000
1446.850,-96.181,11.335,0.307,0.909,0.052,10.707,1.000,0.000,0.0000
1446.860,-96.172,11.382,0.306,0.918,0.060,10.707,1.000,0.000,0.0000
1446.870,-96.163,11.429,0.306,0.926,0.069,10.708,1.000,0.000,0.0000
1446.880,-96.153,11.477,0.305,0.934,0.078,10.708,1.000,0.000,0.0000
1446.890,-96.144,11.525,0.305,0.942,0.087,10.708,1.000,0.000,0.0000
1446.900,-96.134,11.573,0.304,0.950,0.097,10.708,1.000,0.000,0.0000
1446.910,-96.125,11.622,0.304,0.958,0.106,10.708,1.000,0.000,0.0000
1446.920,-96.115,11.671,0.304,0.966,0.116,10.708,1.000,0.000,0.0000
1446.930,-96.105,11.720,0.304,0.974,0.125,10.708,1.000,0.000,0.0000
1446.940,-96.096,11.770,0.304,0.982,0.135,10.708,1.000,0.000,0.0000
1446.950,-96.086,11.821,0.305,0.990,0.145,10.708,1.000,0.000,0.0000
1446.960,-96.076,11.871,0.305,0.998,0.155,10.707,1.000,0.000,0.0000
1446.970,-96.066,11.922,0.305,1.005,0.165,10.707,1.000,0.000,0.0000
1446.980,-96.055,11.974,0.306,1.013,0.175,10.707,1.000,0.000,0.0000
1446.990,-96.045,12.026,0.306,1.021,0.185,10.706,1.000,0.000,0.0000
1447.000,-96.035,12.078,0.306,1.028,0.196,10.706,1.000,0.000,0.0000
1447.010,-96.025,12.131,0.307,1.038,0.206,10.705,1.000,0.000,0.0000
1447.020,-96.014,12.184,0.308,1.043,0.217,10.705,1.000,0.000,0.0000
1447.030,-96.004,12.237,0.308,1.046,0.227,10.704,1.000,0.000,0.0000
1447.040,-95.993,12.290,0.309,1.049,0.237,10.703,1.000,0.000,0.0000
1447.050,-95.983,12.344,0.309,1.052,0.248,10.703,1.000,0.000,0.0000
1447.060,-95.972,12.398,0.310,1.058,0.259,10.702,1.000,0.000,0.0000
1447.070,-95.962,12.453,0.310,1.064,0.269,10.702,1.000,0.000,0.0000
1447.080,-95.951,12.508,0.311,1.072,0.280,10.701,1.000,0.000,0.0000
1447.090,-95.940,12.564,0.311,1.081,0.291,10.701,1.000,0.000,0.0000
1447.100,-95.929,12.619,0.311,1.089,0.302,10.701,1.000,0.000,0.0000
1447.110,-95.918,12.676,0.312,1.099,0.313,10.701,1.000,0.000,0.0000
1447.120,-95.907,12.733,0.312,1.108,0.324,10.700,1.000,0.000,0.0000
1447.130,-95.896,12.790,0.312,1.118,0.335,10.700,1.000,0.000,0.0000
1447.140,-95.885,12.847,0.312,1.128,0.346,10.700,1.000,0.000,0.0000
1447.150,-95.873,12.905,0.312,1.137,0.357,10.700,1.000,0.000,0.0000
1447.160,-95.862,12.964,0.312,1.147,0.369,10.700,1.000,0.000,0.0000
1447.170,-95.850,13.023,0.312,1.157,0.380,10.701,1.000,0.000,0.0000
1447.180,-95.839,13.082,0.312,1.167,0.392,10.701,1.000,0.000,0.0080
1447.190,-95.827,13.141,0.312,1.177,0.404,10.701,1.000,0.000,0.0160
1447.200,-95.815,13.201,0.312,1.188,0.416,10.701,1.000,0.000,0.0240
1447.210,-95.803,13.262,0.312,1.200,0.428,10.702,1.000,0.000,0.0320
1447.220,-95.791,13.322,0.312,1.212,0.440,10.702,1.000,0.000,0.0400
1447.230,-95.779,13.383,0.312,1.213,0.452,10.702,1.000,0.000,0.0480
1447.240,-95.766,13.444,0.312,1.219,0.464,10.703,1.000,0.000,0.0560
1447.250,-95.754,13.505,0.312,1.228,0.476,10.703,1.000,0.000,0.0640
1447.260,-95.742,13.566,0.312,1.239,0.489,10.703,1.000,0.000,0.0720
1447.270,-95.729,13.628,0.312,1.251,0.501,10.704,1.000,0.000,0.0800
1447.280,-95.717,13.690,0.312,1.264,0.514,10.704,1.000,0.000,0.0880
1447.290,-95.704,13.752,0.312,1.277,0.527,10.704,1.000,0.000,0.0960
1447.300,-95.691,13.815,0.312,1.289,0.539,10.705,1.000,0.000,0.1040
1447.310,-95.678,13.879,0.312,1.303,0.552,10.705,1.000,0.000,0.1120
1447.320,-95.665,13.942,0.311,1.316,0.566,10.706,1.000,0.000,0.1200
1447.330,-95.652,14.006,0.311,1.330,0.579,10.706,1.000,0.000,0.1280
1447.340,-95.638,14.071,0.311,1.344,0.592,10.707,1.000,0.000,0.1360
1447.350,-95.624,14.135,0.311,1.358,0.606,10.708,1.000,0.000,0.1440
1447.360,-95.611,14.200,0.311,1.373,0.620,10.708,1.000,0.000,0.1520
1447.370,-95.597,14.266,0.311,1.389,0.633,10.709,1.000,0.000,0.1600
1447.380,-95.583,14.331,0.311,1.406,0.648,10.709,1.000,0.000,0.1680
1447.390,-95.569,14.397,0.311,1.423,0.662,10.710,1.000,0.000,0.1760
1447.400,-95.554,14.463,0.311,1.441,0.676,10.711,1.000,0.000,0.1840
1447.410,-95.540,14.530,0.310,1.456,0.691,10.711,1.000,0.000,0.1920
1447.420,-95.525,14.597,0.310,1.477,0.705,10.712,1.000,0.000,0.2000
1447.430,-95.510,14.665,0.310,1.525,0.721,10.713,1.000,0.000,0.2080
1447.440,-95.494,14.734,0.310,1.563,0.736,10.714,1.000,0.000,0.2160
1447.450,-95.478,14.803,0.309,1.596,0.752,10.715,1.000,0.000,0.2240
1447.460,-95.462,14.873,0.309,1.626,0.768,10.716,1.000,0.000,0.1940
1447.470,-95.445,14.943,0.309,1.653,0.785,10.717,1.000,0.000,0.1640
1447.480,-95.428,15.013,0.309,1.679,0.802,10.719,1.000,0.000,0.1340
1447.490,-95.411,15.083,0.309,1.706,0.819,10.720,1.000,0.000,0.1040
1447.500,-95.394,15.154,0.309,1.734,0.836,10.721,1.000,0.000,0.0740
1447.510,-95.376,15.224,0.309,1.765,0.854,10.721,1.000,0.000,0.0440
1447.520,-95.358,15.295,0.309,1.796,0.872,10.722,1.000,0.000,0.0140
1447.530,-95.340,15.365,0.309,1.827,0.890,10.723,1.000,0.000,0.0000
1447.540,-95.322,15.436,0.309,1.860,0.909,10.724,1.000,0.000,0.0000
1447.550,-95.303,15.508,0.310,1.893,0.928,10.725,1.000,0.000,0.0000
1447.560,-95.283,15.579,0.310,1.928,0.947,10.726,1.000,0.000,0.0000
1447.570,-95.264,15.652,0.310,1.963,0.966,10.727,1.000,0.000,0.0000
1447.580,-95.244,15.725,0.310,1.997,0.986,10.729,1.000,0.000,0.0000
1447.590,-95.223,15.798,0.310,2.028,1.007,10.730,1.000,0.000,0.0000
1447.600,-95.203,15.872,0.310,2.058,1.027,10.731,1.000,0.000,0.0000
1447.610,-95.182,15.946,0.310,2.090,1.048,10.733,1.000,0.000,0.0000
1447.620,-95.161,16.021,0.310,2.119,1.069,10.735,1.000,0.000,0.0000
1447.630,-95.139,16.096,0.310,2.146,1.091,10.737,1.000,0.000,0.0000
1447.640,-95.118,16.172,0.310,2.170,1.113,10.738,1.000,0.000,0.0000
1447.650,-95.096,16.248,0.310,2.191,1.134,10.740,1.000,0.000,0.0000
1447.660,-95.074,16.324,0.310,2.211,1.157,10.742,1.000,0.000,0.0000
1447.670,-95.051,16.401,0.310,2.228,1.179,10.744,1.000,0.000,0.0000
1447.680,-95.029,16.479,0.309,2.245,1.201,10.747,1.000,0.000,0.0000
1447.690,-95.006,16.557,0.309,2.260,1.224,10.749,1.000,0.000,0.0000
1447.700,-94.984,16.635,0.309,2.274,1.247,10.751,1.000,0.000,0.0000
1447.710,-94.961,16.713,0.309,2.286,1.269,10.753,1.000,0.000,0.0000
1447.720,-94.938,16.792,0.309,2.297,1.292,10.755,1.000,0.000,0.0000
1447.730,-94.915,16.871,0.309,2.307,1.315,10.758,1.000,0.000,0.0000
1447.740,-94.891,16.951,0.309,2.317,1.339,10.760,1.000,0.000,0.0000
1447.750,-94.868,17.031,0.309,2.326,1.362,10.762,1.000,0.000,0.0000
1447.760,-94.845,17.110,0.309,2.328,1.385,10.765,1.000,0.000,0.0000
1447.770,-94.822,17.191,0.310,2.331,1.409,10.767,1.000,0.000,0.0000
1447.780,-94.798,17.271,0.310,2.338,1.432,10.769,1.000,0.000,0.0000
1447.790,-94.775,17.352,0.310,2.348,1.455,10.772,1.000,0.000,0.0000
1447.800,-94.751,17.434,0.310,2.360,1.479,10.774,1.000,0.000,0.0000
1447.810,-94.727,17.516,0.310,2.373,1.503,10.777,1.000,0.000,0.0000
1447.820,-94.704,17.598,0.310,2.387,1.527,10.780,1.000,0.000,0.0000
1447.830,-94.680,17.681,0.310,2.400,1.551,10.783,1.000,0.000,0.0080
1447.840,-94.655,17.764,0.310,2.414,1.575,10.786,1.000,0.000,0.0160
1447.850,-94.631,17.848,0.310,2.428,1.599,10.789,1.000,0.000,0.0240
1447.860,-94.607,17.932,0.310,2.442,1.623,10.792,1.000,0.000,0.0320
1447.870,-94.582,18.017,0.310,2.456,1.648,10.795,1.000,0.000,0.0400
1447.880,-94.557,18.102,0.310,2.470,1.673,10.799,1.000,0.000,0.0480
1447.890,-94.533,18.187,0.310,2.484,1.698,10.802,1.000,0.000,0.0560
1447.900,-94.508,18.272,0.310,2.486,1.722,10.805,1.000,0.000,0.0640
1447.910,-94.483,18.357,0.311,2.496,1.747,10.808,0.940,0.000,0.0720
1447.920,-94.458,18.442,0.311,2.512,1.772,10.812,0.880,0.000,0.0800
1447.930,-94.432,18.528,0.311,2.532,1.798,10.815,0.820,0.000,0.0880
1447.940,-94.407,18.614,0.311,2.548,1.823,10.819,0.760,0.000,0.0960
1447.950,-94.381,18.701,0.311,2.562,1.849,10.822,0.700,0.000,0.1040
1447.960,-94.356,18.787,0.312,2.571,1.875,10.826,0.640,0.000,0.1120
1447.970,-94.330,18.872,0.312,2.578,1.900,10.829,0.580,0.000,0.1200
1447.980,-94.304,18.958,0.313,2.581,1.926,10.833,0.520,0.000,0.1280
1447.990,-94.278,19.042,0.313,2.583,1.952,10.836,0.460,0.000,0.1360
1448.000,-94.252,19.127,0.314,2.583,1.978,10.840,0.400,0.000,0.1440
1448.010,-94.227,19.210,0.315,2.583,2.004,10.843,0.340,0.000,0.1520
1448.020,-94.201,19.294,0.316,2.580,2.029,10.846,0.280,0.000,0.1600
1448.030,-94.175,19.377,0.317,2.582,2.055,10.849,0.220,0.000,0.1680
1448.040,-94.149,19.460,0.318,2.611,2.081,10.853,0.160,0.000,0.1760
1448.050,-94.123,19.543,0.319,2.633,2.108,10.857,0.100,0.000,0.1840
1448.060,-94.096,19.626,0.320,2.651,2.134,10.860,0.040,0.000,0.1920
1448.070,-94.069,19.708,0.321,2.666,2.161,10.864,0.000,0.000,0.2000
1448.080,-94.043,19.790,0.321,2.682,2.188,10.869,0.000,0.000,0.2080
1448.090,-94.016,19.872,0.322,2.697,2.215,10.873,0.000,0.000,0.2160
1448.100,-93.988,19.954,0.323,2.713,2.242,10.877,0.000,0.000,0.2240
1448.110,-93.961,20.034,0.323,2.731,2.269,10.882,0.000,0.000,0.2320
1448.120,-93.934,20.114,0.324,2.760,2.297,10.886,0.000,0.000,0.2400
1448.130,-93.906,20.193,0.325,2.777,2.324,10.890,0.000,0.000,0.2480
1448.140,-93.878,20.270,0.326,2.788,2.352,10.895,0.000,0.000,0.2560
1448.150,-93.850,20.347,0.327,2.750,2.380,10.899,0.000,0.000,0.2640
1448.160,-93.823,20.422,0.328,2.734,2.407,10.903,0.000,0.000,0.2720
1448.170,-93.796,20.496,0.329,2.737,2.435,10.908,0.000,0.000,0.2800
1448.180,-93.768,20.570,0.330,2.752,2.462,10.912,0.000,0.000,0.2880
1448.190,-93.741,20.643,0.331,2.774,2.490,10.917,0.000,0.000,0.2960
1448.200,-93.713,20.715,0.332,2.800,2.518,10.922,0.000,0.000,0.3040
1448.210,-93.684,20.787,0.333,2.826,2.546,10.928,0.000,0.000,0.3120
1448.220,-93.656,20.858,0.333,2.853,2.575,10.933,0.000,0.000,0.3200
1448.230,-93.627,20.929,0.333,2.879,2.603,10.939,0.000,0.000,0.3280
1448.240,-93.598,20.998,0.333,2.903,2.632,10.945,0.000,0.000,0.3360
1448.250,-93.569,21.068,0.334,2.927,2.662,10.952,0.000,0.000,0.3440
1448.260,-93.539,21.136,0.333,2.949,2.691,10.958,0.000,0.000,0.3520
1448.270,-93.510,21.204,0.333,2.969,2.721,10.965,0.000,0.000,0.3600
1448.280,-93.480,21.271,0.333,2.988,2.751,10.972,0.000,0.000,0.3680
1448.290,-93.450,21.338,0.333,3.005,2.781,10.979,0.000,0.000,0.3760
1448.300,-93.419,21.403,0.333,3.020,2.811,10.987,0.000,0.000,0.3840
1448.310,-93.389,21.468,0.332,3.032,2.841,10.994,0.000,0.000,0.3920
1448.320,-93.359,21.532,0.332,3.040,2.872,11.002,0.000,0.000,0.4000
1448.330,-93.328,21.597,0.331,3.063,2.902,11.010,0.000,0.000,0.4080
1448.340,-93.297,21.660,0.331,3.091,2.933,11.018,0.000,0.000,0.4160
1448.350,-93.265,21.724,0.330,3.181,2.965,11.027,0.000,0.000,0.4240
1448.360,-93.233,21.787,0.329,3.229,2.997,11.036,0.000,0.000,0.4320
1448.370,-93.201,21.850,0.328,3.262,3.030,11.045,0.000,0.000,0.4400
1448.380,-93.168,21.912,0.327,3.284,3.063,11.054,0.000,0.000,0.4480
1448.390,-93.135,21.973,0.326,3.302,3.096,11.063,0.000,0.000,0.4560
1448.400,-93.102,22.034,0.326,3.315,3.129,11.073,0.000,0.000,0.4640
1448.410,-93.068,22.093,0.325,3.320,3.162,11.082,0.000,0.000,0.4720
1448.420,-93.035,22.150,0.325,3.317,3.195,11.091,0.000,0.000,0.4800
1448.430,-93.002,22.207,0.325,3.311,3.228,11.099,0.000,0.000,0.4880
1448.440,-92.969,22.262,0.325,3.303,3.261,11.108,0.000,0.000,0.4960
1448.450,-92.936,22.317,0.326,3.299,3.294,11.117,0.000,0.000,0.5000
1448.460,-92.903,22.370,0.326,3.301,3.327,11.126,0.000,0.000,0.5000
1448.470,-92.870,22.423,0.327,3.282,3.360,11.134,0.000,0.000,0.5000
1448.480,-92.837,22.474,0.327,3.276,3.393,11.143,0.000,0.000,0.5000
1448.490,-92.805,22.525,0.328,3.287,3.426,11.152,0.000,0.000,0.5000
1448.500,-92.772,22.575,0.328,3.306,3.459,11.161,0.000,0.000,0.5000
1448.510,-92.738,22.625,0.329,3.327,3.492,11.170,0.000,0.000,0.5000
1448.520,-92.705,22.673,0.329,3.349,3.525,11.180,0.000,0.000,0.5000
1448.530,-92.671,22.721,0.329,3.369,3.559,11.189,0.000,0.000,0.5000
1448.540,-92.637,22.769,0.329,3.387,3.593,11.199,0.000,0.000,0.5000
1448.550,-92.603,22.815,0.330,3.404,3.627,11.209,0.000,0.000,0.5000
1448.560,-92.569,22.861,0.330,3.419,3.661,11.220,0.000,0.000,0.5000
1448.570,-92.535,22.906,0.330,3.433,3.696,11.230,0.000,0.000,0.5000
1448.580,-92.500,22.951,0.330,3.444,3.730,11.241,0.000,0.000,0.5000
1448.590,-92.466,22.995,0.330,3.454,3.765,11.252,0.000,0.000,0.5000
1448.600,-92.431,23.038,0.329,3.463,3.799,11.263,0.000,0.000,0.5000
1448.610,-92.396,23.081,0.329,3.471,3.834,11.274,0.000,0.000,0.5000
1448.620,-92.362,23.123,0.329,3.478,3.869,11.286,0.000,0.000,0.5000
1448.630,-92.327,23.164,0.328,3.492,3.904,11.297,0.000,0.000,0.5000
1448.640,-92.291,23.206,0.328,3.517,3.939,11.309,0.000,0.000,0.5000
1448.650,-92.256,23.247,0.327,3.542,3.974,11.322,0.000,0.000,0.5000
1448.660,-92.220,23.287,0.327,3.563,4.010,11.334,0.000,0.000,0.5000
1448.670,-92.185,23.328,0.326,3.579,4.046,11.347,0.000,0.000,0.5000
1448.680,-92.149,23.367,0.326,3.592,4.081,11.359,0.000,0.000,0.5000
1448.690,-92.112,23.406,0.325,3.639,4.118,11.372,0.000,0.000,0.5000
1448.700,-92.076,23.445,0.324,3.651,4.154,11.385,0.000,0.000,0.5000
1448.710,-92.039,23.483,0.324,3.662,4.191,11.399,0.000,0.000,0.5000
1448.720,-92.003,23.520,0.323,3.671,4.228,11.412,0.000,0.000,0.5000
1448.730,-91.966,23.557,0.323,3.676,4.264,11.425,0.000,0.000,0.5000
1448.740,-91.929,23.593,0.322,3.672,4.301,11.439,0.000,0.000,0.5000
1448.750,-91.892,23.628,0.322,3.660,4.338,11.452,0.000,0.000,0.5000
1448.760,-91.856,23.663,0.322,3.639,4.374,11.465,0.000,0.000,0.5000
1448.770,-91.820,23.696,0.322,3.614,4.410,11.478,0.000,0.000,0.5000
1448.780,-91.784,23.729,0.323,3.591,4.446,11.491,0.000,0.000,0.5000
1448.790,-91.748,23.761,0.323,3.578,4.482,11.504,0.000,0.000,0.5000
1448.800,-91.712,23.792,0.323,3.576,4.518,11.517,0.000,0.000,0.5000
1448.810,-91.677,23.823,0.323,3.582,4.553,11.530,0.000,0.000,0.5000
1448.820,-91.641,23.854,0.323,3.591,4.589,11.543,0.040,0.000,0.4700
1448.830,-91.605,23.884,0.324,3.601,4.625,11.557,0.080,0.000,0.4400
1448.840,-91.569,23.914,0.324,3.615,4.662,11.571,0.120,0.000,0.4100
1448.850,-91.532,23.944,0.324,3.634,4.698,11.585,0.160,0.000,0.3800
1448.860,-91.496,23.973,0.324,3.653,4.734,11.599,0.200,0.000,0.3500
1448.870,-91.459,24.002,0.323,3.678,4.771,11.613,0.240,0.000,0.3200
1448.880,-91.422,24.031,0.323,3.709,4.808,11.628,0.280,0.000,0.2900
1448.890,-91.384,24.060,0.323,3.745,4.846,11.643,0.320,0.000,0.2600
1448.900,-91.347,24.089,0.322,3.784,4.884,11.659,0.360,0.000,0.2300
1448.910,-91.308,24.117,0.321,3.821,4.922,11.675,0.400,0.000,0.2000
1448.920,-91.270,24.146,0.321,3.858,4.960,11.691,0.440,0.000,0.1700
1448.930,-91.231,24.174,0.320,3.895,4.999,11.708,0.480,0.000,0.1400
1448.940,-91.191,24.202,0.319,3.943,5.039,11.725,0.520,0.000,0.1100
1448.950,-91.151,24.231,0.318,4.002,5.079,11.742,0.560,0.000,0.0800
1448.960,-91.111,24.260,0.317,4.070,5.119,11.760,0.600,0.000,0.0500
1448.970,-91.070,24.288,0.316,4.094,5.160,11.778,0.640,0.000,0.0200
1448.980,-91.028,24.317,0.315,4.134,5.202,11.796,0.680,0.000,0.0000
1448.990,-90.987,24.346,0.314,4.167,5.243,11.815,0.620,0.000,0.0000
1449.000,-90.945,24.374,0.313,4.208,5.285,11.833,0.560,0.000,0.0000
1449.010,-90.902,24.403,0.312,4.259,5.328,11.853,0.500,0.000,0.0000
1449.020,-90.859,24.432,0.311,4.317,5.371,11.872,0.440,0.000,0.0000
1449.030,-90.815,24.462,0.310,4.368,5.415,11.892,0.380,0.000,0.0000
1449.040,-90.771,24.491,0.309,4.405,5.459,11.912,0.320,0.000,0.0000
1449.050,-90.727,24.521,0.308,4.422,5.503,11.932,0.260,0.000,0.0000
1449.060,-90.683,24.551,0.308,4.423,5.547,11.952,0.200,0.000,0.0000
1449.070,-90.639,24.580,0.307,4.411,5.591,11.972,0.140,0.000,0.0000
1449.080,-90.595,24.609,0.307,4.393,5.635,11.992,0.080,0.000,0.0000
1449.090,-90.551,24.638,0.307,4.369,5.679,12.012,0.020,0.000,0.0000
1449.100,-90.508,24.667,0.308,4.343,5.722,12.031,0.000,0.000,0.0000
1449.110,-90.465,24.695,0.308,4.316,5.766,12.050,0.000,0.000,0.0000
1449.120,-90.422,24.724,0.309,4.288,5.808,12.069,0.000,0.000,0.0000
1449.130,-90.379,24.752,0.310,4.259,5.851,12.088,0.000,0.000,0.0000
1449.140,-90.337,24.780,0.311,4.216,5.893,12.107,0.000,0.000,0.0000
1449.150,-90.295,24.807,0.312,4.175,5.935,12.125,0.000,0.000,0.0000
1449.160,-90.254,24.835,0.314,4.138,5.976,12.144,0.000,0.000,0.0000
1449.170,-90.213,24.862,0.315,4.104,6.017,12.162,0.000,0.000,0.0000
1449.180,-90.172,24.888,0.316,4.072,6.058,12.180,0.000,0.000,0.0000
1449.190,-90.132,24.915,0.318,4.041,6.098,12.198,0.000,0.000,0.0000
1449.200,-90.092,24.941,0.319,4.012,6.138,12.217,0.000,0.000,0.0000
1449.210,-90.052,24.967,0.321,3.986,6.178,12.235,0.000,0.000,0.0000
1449.220,-90.012,24.993,0.322,3.959,6.218,12.253,0.000,0.000,0.0000
1449.230,-89.973,25.019,0.323,3.930,6.257,12.271,0.000,0.000,0.0000
1449.240,-89.934,25.045,0.324,3.900,6.296,12.289,0.000,0.000,0.0000
1449.250,-89.895,25.070,0.325,3.869,6.335,12.308,0.000,0.000,0.0000
1449.260,-89.857,25.095,0.326,3.837,6.373,12.326,0.000,0.000,0.0000
1449.270,-89.819,25.120,0.327,3.804,6.411,12.344,0.000,0.000,0.0000
1449.280,-89.781,25.144,0.328,3.771,6.449,12.362,0.000,0.000,0.0000
1449.290,-89.744,25.169,0.328,3.737,6.486,12.381,0.000,0.000,0.0000
1449.300,-89.707,25.193,0.329,3.703,6.523,12.399,0.000,0.000,0.0000
1449.310,-89.670,25.216,0.329,3.668,6.560,12.417,0.000,0.000,0.0000
1449.320,-89.634,25.240,0.329,3.634,6.596,12.436,0.000,0.000,0.0000
1449.330,-89.598,25.263,0.330,3.599,6.632,12.454,0.000,0.000,0.0000
1449.340,-89.562,25.287,0.330,3.565,6.668,12.472,0.000,0.000,0.0000
1449.350,-89.527,25.309,0.330,3.530,6.703,12.491,0.000,0.000,0.0000
1449.360,-89.492,25.332,0.330,3.496,6.738,12.509,0.000,0.000,0.0000
1449.370,-89.457,25.354,0.329,3.449,6.773,12.527,0.000,0.000,0.0000
1449.380,-89.423,25.376,0.329,3.404,6.807,12.545,0.000,0.000,0.0000
1449.390,-89.390,25.398,0.329,3.363,6.840,12.563,0.000,0.000,0.0000
1449.400,-89.356,25.420,0.329,3.326,6.874,12.580,0.000,0.000,0.0000
1449.410,-89.324,25.441,0.329,3.291,6.907,12.598,0.000,0.000,0.0000
1449.420,-89.291,25.462,0.328,3.257,6.939,12.616,0.000,0.000,0.0000
1449.430,-89.259,25.483,0.328,3.224,6.971,12.633,0.000,0.000,0.0000
1449.440,-89.227,25.504,0.327,3.192,7.003,12.651,0.000,0.000,0.0000
1449.450,-89.195,25.524,0.327,3.159,7.035,12.668,0.000,0.000,0.0000
1449.460,-89.164,25.544,0.326,3.126,7.066,12.685,0.000,0.000,0.0000
1449.470,-89.133,25.565,0.326,3.093,7.097,12.702,0.000,0.000,0.0000
1449.480,-89.102,25.584,0.325,3.064,7.128,12.719,0.000,0.000,0.0000
1449.490,-89.072,25.604,0.325,3.038,7.158,12.736,0.000,0.000,0.0000
1449.500,-89.042,25.623,0.325,3.014,7.188,12.753,0.000,0.000,0.0000
1449.510,-89.012,25.643,0.324,2.988,7.218,12.770,0.000,0.000,0.0000
1449.520,-88.982,25.662,0.324,2.957,7.248,12.786,0.000,0.000,0.0000
1449.530,-88.953,25.680,0.323,2.925,7.277,12.803,0.000,0.000,0.0000
1449.540,-88.924,25.699,0.323,2.893,7.306,12.819,0.000,0.000,0.0000
1449.550,-88.896,25.718,0.322,2.860,7.334,12.835,0.000,0.000,0.0000
1449.560,-88.867,25.736,0.322,2.827,7.363,12.851,0.000,0.000,0.0000
1449.570,-88.839,25.754,0.322,2.795,7.391,12.867,0.000,0.000,0.0000
1449.580,-88.812,25.772,0.322,2.763,7.418,12.882,0.000,0.000,0.0000
1449.590,-88.785,25.789,0.322,2.730,7.446,12.898,0.000,0.000,0.0000
1449.600,-88.758,25.807,0.321,2.698,7.472,12.913,0.000,0.000,0.0000
1449.610,-88.731,25.824,0.321,2.665,7.499,12.928,0.000,0.000,0.0000
1449.620,-88.705,25.841,0.321,2.633,7.525,12.943,0.000,0.000,0.0000
1449.630,-88.679,25.857,0.321,2.600,7.551,12.957,0.000,0.000,0.0000
1449.640,-88.653,25.874,0.321,2.567,7.577,12.972,0.040,0.000,0.0000
1449.650,-88.628,25.890,0.321,2.535,7.602,12.986,0.080,0.000,0.0000
1449.660,-88.603,25.906,0.322,2.502,7.627,13.000,0.120,0.000,0.0000
1449.670,-88.578,25.922,0.322,2.468,7.652,13.014,0.160,0.000,0.0000
1449.680,-88.554,25.938,0.322,2.435,7.677,13.028,0.200,0.000,0.0000
1449.690,-88.530,25.953,0.322,2.402,7.701,13.042,0.240,0.000,0.0000
1449.700,-88.506,25.969,0.322,2.369,7.724,13.055,0.280,0.000,0.0000
1449.710,-88.482,25.984,0.322,2.357,7.748,13.068,0.320,0.000,0.0000
1449.720,-88.459,25.999,0.322,2.364,7.771,13.082,0.360,0.000,0.0000
1449.730,-88.435,26.014,0.322,2.385,7.795,13.096,0.400,0.000,0.0000
1449.740,-88.411,26.030,0.322,2.409,7.819,13.110,0.440,0.000,0.0000
1449.750,-88.386,26.046,0.321,2.438,7.844,13.125,0.480,0.000,0.0000
1449.760,-88.362,26.062,0.321,2.471,7.868,13.139,0.520,0.000,0.0000
1449.770,-88.337,26.078,0.320,2.505,7.894,13.155,0.560,0.000,0.0000
1449.780,-88.311,26.094,0.319,2.540,7.919,13.170,0.600,0.000,0.0000
1449.790,-88.285,26.111,0.319,2.574,7.945,13.186,0.640,0.000,0.0000
1449.800,-88.259,26.128,0.318,2.607,7.971,13.202,0.680,0.000,0.0000
1449.810,-88.233,26.145,0.317,2.640,7.997,13.218,0.720,0.000,0.0000
1449.820,-88.206,26.162,0.316,2.674,8.024,13.235,0.760,0.000,0.0000
1449.830,-88.179,26.179,0.315,2.707,8.051,13.251,0.800,0.000,0.0000
1449.840,-88.152,26.197,0.314,2.739,8.078,13.268,0.840,0.000,0.0000
1449.850,-88.124,26.215,0.313,2.769,8.106,13.286,0.880,0.000,0.0000
1449.860,-88.096,26.233,0.312,2.798,8.134,13.303,0.920,0.000,0.0000
1449.870,-88.068,26.251,0.311,2.831,8.162,13.320,0.960,0.000,0.0000
1449.880,-88.039,26.269,0.310,2.865,8.191,13.338,1.000,0.000,0.0000
1449.890,-88.010,26.288,0.309,2.900,8.220,13.356,1.000,0.000,0.0000
1449.900,-87.981,26.307,0.309,2.935,8.249,13.374,1.000,0.000,0.0000
1449.910,-87.951,26.326,0.308,2.971,8.279,13.392,1.000,0.000,0.0000
1449.920,-87.921,26.345,0.307,3.007,8.309,13.411,1.000,0.000,0.0000
1449.930,-87.891,26.364,0.307,3.044,8.339,13.430,1.000,0.000,0.0000
1449.940,-87.860,26.384,0.307,3.080,8.370,13.449,1.000,0.000,0.0000
1449.950,-87.829,26.404,0.306,3.116,8.401,13.468,1.000,0.000,0.0000
1449.960,-87.797,26.424,0.306,3.152,8.433,13.487,1.000,0.000,0.0000
1449.970,-87.765,26.445,0.306,3.188,8.465,13.507,1.000,0.000,0.0000
1449.980,-87.733,26.465,0.306,3.224,8.497,13.526,1.000,0.000,0.0000
1449.990,-87.701,26.486,0.306,3.259,8.529,13.546,1.000,0.000,0.0000
1450.000,-87.668,26.507,0.306,3.295,8.562,13.566,1.000,0.000,0.0000
1450.010,-87.634,26.528,0.306,3.330,8.596,13.587,1.000,0.000,0.0000
1450.020,-87.601,26.550,0.306,3.365,8.629,13.607,1.000,0.000,0.0000
1450.030,-87.567,26.571,0.306,3.400,8.663,13.628,1.000,0.000,0.0000
1450.040,-87.532,26.593,0.307,3.434,8.698,13.649,1.000,0.000,0.0000
1450.050,-87.498,26.615,0.307,3.469,8.732,13.671,1.000,0.000,0.0000
1450.060,-87.463,26.638,0.307,3.503,8.767,13.692,1.000,0.000,0.0000
1450.070,-87.427,26.660,0.308,3.536,8.803,13.714,1.000,0.000,0.0000
1450.080,-87.392,26.683,0.308,3.576,8.839,13.736,1.000,0.000,0.0000
1450.090,-87.355,26.706,0.308,3.614,8.875,13.759,1.000,0.000,0.0000
1450.100,-87.319,26.729,0.309,3.647,8.911,13.781,1.000,0.000,0.0000
1450.110,-87.282,26.753,0.309,3.679,8.948,13.804,1.000,0.000,0.0000
1450.120,-87.245,26.777,0.309,3.711,8.985,13.827,1.000,0.000,0.0000
1450.130,-87.208,26.800,0.310,3.744,9.022,13.851,1.000,0.000,0.0000
1450.140,-87.170,26.825,0.310,3.776,9.060,13.875,1.000,0.000,0.0000
1450.150,-87.132,26.849,0.310,3.806,9.098,13.899,0.940,0.000,0.0000
1450.160,-87.093,26.873,0.311,3.838,9.137,13.923,0.880,0.000,0.0000
1450.170,-87.055,26.898,0.311,3.870,9.175,13.948,0.820,0.000,0.0000
1450.180,-87.016,26.922,0.311,3.902,9.214,13.972,0.760,0.000,0.0000
1450.190,-86.976,26.947,0.311,3.934,9.254,13.998,0.700,0.000,0.0000
1450.200,-86.937,26.973,0.311,3.968,9.293,14.023,0.640,0.000,0.0000
1450.210,-86.897,26.998,0.312,4.002,9.333,14.049,0.580,0.000,0.0000
1450.220,-86.856,27.024,0.312,4.037,9.374,14.075,0.520,0.000,0.0000
1450.230,-86.816,27.049,0.312,4.071,9.415,14.101,0.460,0.000,0.0000
1450.240,-86.774,27.075,0.312,4.106,9.456,14.128,0.400,0.000,0.0000
1450.250,-86.733,27.102,0.312,4.120,9.497,14.155,0.340,0.000,0.0000
1450.260,-86.692,27.128,0.312,4.117,9.538,14.182,0.280,0.000,0.0000
1450.270,-86.651,27.154,0.312,4.100,9.579,14.209,0.220,0.000,0.0000
1450.280,-86.610,27.179,0.313,4.074,9.620,14.235,0.160,0.000,0.0000
1450.290,-86.570,27.205,0.313,4.044,9.660,14.261,0.100,0.000,0.0000
1450.300,-86.530,27.230,0.314,4.011,9.700,14.287,0.040,0.000,0.0000
1450.310,-86.490,27.256,0.315,3.976,9.740,14.313,0.000,0.000,0.0000
1450.320,-86.451,27.280,0.316,3.942,9.779,14.339,0.000,0.000,0.0000
1450.330,-86.412,27.305,0.316,3.909,9.818,14.364,0.000,0.000,0.0000
1450.340,-86.373,27.330,0.317,3.875,9.857,14.389,0.000,0.000,0.0000
1450.350,-86.335,27.354,0.318,3.829,9.895,14.414,0.000,0.000,0.0000
1450.360,-86.297,27.378,0.319,3.786,9.933,14.439,0.000,0.000,0.0000
1450.370,-86.259,27.402,0.320,3.746,9.971,14.463,0.000,0.000,0.0000
1450.380,-86.222,27.425,0.321,3.709,10.008,14.488,0.000,0.000,0.0000
1450.390,-86.185,27.449,0.322,3.673,10.045,14.512,0.000,0.000,0.0000
1450.400,-86.149,27.472,0.323,3.639,10.081,14.536,0.000,0.000,0.0000
1450.410,-86.113,27.495,0.324,3.604,10.117,14.559,0.000,0.000,0.0000
1450.420,-86.077,27.517,0.325,3.570,10.153,14.583,0.000,0.000,0.0000
1450.430,-86.042,27.540,0.326,3.535,10.188,14.607,0.000,0.000,0.0000
1450.440,-86.007,27.562,0.326,3.503,10.223,14.630,0.000,0.000,0.0000
1450.450,-85.972,27.584,0.327,3.472,10.258,14.653,0.000,0.000,0.0000
1450.460,-85.938,27.606,0.327,3.442,10.292,14.677,0.000,0.000,0.0000
1450.470,-85.904,27.627,0.328,3.412,10.326,14.700,0.000,0.000,0.0000
1450.480,-85.870,27.649,0.328,3.382,10.360,14.723,0.000,0.000,0.0000
1450.490,-85.836,27.670,0.328,3.351,10.394,14.746,0.000,0.000,0.0000
1450.500,-85.803,27.691,0.328,3.319,10.427,14.769,0.000,0.000,0.0000
1450.510,-85.770,27.712,0.328,3.285,10.460,14.791,0.000,0.000,0.0000
1450.520,-85.738,27.732,0.328,3.250,10.492,14.814,0.000,0.000,0.0000
1450.530,-85.706,27.753,0.328,3.215,10.524,14.836,0.000,0.000,0.0000
1450.540,-85.674,27.773,0.328,3.181,10.556,14.859,0.000,0.000,0.0000
1450.550,-85.642,27.793,0.328,3.146,10.588,14.881,0.000,0.000,0.0000
1450.560,-85.611,27.812,0.327,3.112,10.619,14.902,0.000,0.000,0.0000
1450.570,-85.581,27.832,0.327,3.076,10.649,14.924,0.000,0.000,0.0000
1450.580,-85.550,27.851,0.327,3.038,10.680,14.946,0.000,0.000,0.0000
1450.590,-85.520,27.870,0.327,2.999,10.710,14.967,0.000,0.000,0.0000
1450.600,-85.491,27.889,0.326,2.961,10.739,14.988,0.000,0.000,0.0000
1450.610,-85.461,27.907,0.326,2.922,10.769,15.008,0.000,0.000,0.0000
1450.620,-85.433,27.925,0.326,2.884,10.797,15.029,0.000,0.000,0.0000
1450.630,-85.404,27.943,0.325,2.848,10.826,15.049,0.000,0.000,0.0000
1450.640,-85.376,27.961,0.325,2.813,10.854,15.069,0.000,0.000,0.0000
1450.650,-85.348,27.979,0.325,2.780,10.882,15.089,0.000,0.000,0.0000
1450.660,-85.321,27.996,0.325,2.747,10.909,15.109,0.000,0.000,0.0000
1450.670,-85.294,28.013,0.324,2.714,10.936,15.128,0.000,0.000,0.0000
1450.680,-85.267,28.030,0.324,2.681,10.963,15.147,0.000,0.000,0.0000
1450.690,-85.240,28.047,0.324,2.649,10.990,15.166,0.000,0.000,0.0000
1450.700,-85.214,28.064,0.323,2.616,11.016,15.185,0.000,0.000,0.0000
1450.710,-85.188,28.080,0.323,2.583,11.042,15.203,0.000,0.000,0.0000
1450.720,-85.163,28.096,0.323,2.550,11.067,15.222,0.000,0.000,0.0000
1450.730,-85.138,28.112,0.323,2.517,11.092,15.240,0.000,0.000,0.0000
1450.740,-85.113,28.128,0.323,2.484,11.117,15.257,0.000,0.000,0.0000
1450.750,-85.088,28.143,0.323,2.451,11.142,15.275,0.000,0.000,0.0000
1450.760,-85.064,28.159,0.323,2.418,11.166,15.292,0.000,0.000,0.0000
1450.770,-85.040,28.174,0.323,2.384,11.190,15.309,0.000,0.000,0.0000
1450.780,-85.017,28.188,0.323,2.351,11.213,15.326,0.000,0.000,0.0000
1450.790,-84.994,28.203,0.322,2.318,11.236,15.343,0.000,0.000,0.0000
1450.800,-84.971,28.217,0.322,2.285,11.259,15.359,0.000,0.000,0.0000
1450.810,-84.948,28.232,0.323,2.253,11.282,15.376,0.000,0.000,0.0000
1450.820,-84.926,28.246,0.323,2.221,11.304,15.391,0.000,0.000,0.0000
1450.830,-84.904,28.259,0.323,2.190,11.326,15.407,0.000,0.000,0.0000
1450.840,-84.882,28.273,0.323,2.159,11.348,15.423,0.000,0.000,0.0000
1450.850,-84.861,28.286,0.323,2.128,11.369,15.438,0.000,0.000,0.0000
1450.860,-84.840,28.300,0.323,2.097,11.390,15.453,0.000,0.000,0.0000
1450.870,-84.820,28.313,0.323,2.067,11.410,15.468,0.000,0.000,0.0000
1450.880,-84.799,28.325,0.323,2.036,11.431,15.483,0.000,0.000,0.0000
1450.890,-84.779,28.338,0.323,2.004,11.451,15.497,0.000,0.000,0.0000
1450.900,-84.759,28.350,0.323,1.973,11.471,15.511,0.000,0.000,0.0000
1450.910,-84.740,28.363,0.323,1.941,11.490,15.525,0.000,0.000,0.0000
1450.920,-84.721,28.374,0.323,1.908,11.509,15.539,0.000,0.000,0.0000
1450.930,-84.702,28.386,0.323,1.875,11.528,15.553,0.000,0.000,0.0000
1450.940,-84.684,28.398,0.323,1.842,11.546,15.566,0.000,0.000,0.0000
1450.950,-84.666,28.409,0.323,1.808,11.564,15.579,0.000,0.000,0.0000
1450.960,-84.648,28.420,0.324,1.774,11.582,15.592,0.000,0.000,0.0000
1450.970,-84.631,28.431,0.324,1.739,11.599,15.605,0.000,0.000,0.0000
1450.980,-84.614,28.442,0.324,1.705,11.617,15.617,0.000,0.000,0.0000
1450.990,-84.597,28.452,0.324,1.670,11.633,15.629,0.000,0.000,0.0000
1451.000,-84.580,28.463,0.324,1.635,11.650,15.641,0.000,0.000,0.0000
1451.010,-84.564,28.473,0.324,1.600,11.666,15.653,0.000,0.000,0.0000
1451.020,-84.549,28.482,0.324,1.564,11.681,15.664,0.040,0.000,0.0000
1451.030,-84.534,28.492,0.324,1.529,11.696,15.675,0.080,0.000,0.0000
1451.040,-84.519,28.501,0.324,1.493,11.711,15.686,0.120,0.000,0.0000
1451.050,-84.504,28.511,0.324,1.458,11.726,15.697,0.160,0.000,0.0000
1451.060,-84.490,28.520,0.324,1.442,11.740,15.707,0.200,0.000,0.0000
1451.070,-84.475,28.529,0.324,1.446,11.755,15.718,0.240,0.000,0.0000
1451.080,-84.461,28.538,0.324,1.466,11.770,15.729,0.280,0.000,0.0000
1451.090,-84.446,28.548,0.323,1.497,11.785,15.740,0.320,0.000,0.0000
1451.100,-84.430,28.557,0.323,1.532,11.800,15.752,0.360,0.000,0.0000
1451.110,-84.415,28.567,0.322,1.569,11.815,15.764,0.400,0.000,0.0000
1451.120,-84.399,28.577,0.321,1.606,11.832,15.776,0.440,0.000,0.0000
1451.130,-84.382,28.587,0.320,1.642,11.848,15.789,0.480,0.000,0.0000
1451.140,-84.365,28.598,0.319,1.676,11.865,15.802,0.520,0.000,0.0000
1451.150,-84.348,28.609,0.318,1.710,11.882,15.815,0.560,0.000,0.0000
1451.160,-84.331,28.620,0.317,1.743,11.899,15.829,0.600,0.000,0.0000
1451.170,-84.313,28.631,0.315,1.777,11.917,15.843,0.640,0.000,0.0000
1451.180,-84.295,28.642,0.314,1.811,11.935,15.857,0.680,0.000,0.0000
1451.190,-84.277,28.654,0.313,1.844,11.953,15.871,0.720,0.000,0.0000
1451.200,-84.258,28.665,0.312,1.879,11.972,15.886,0.760,0.000,0.0000
1451.210,-84.239,28.677,0.311,1.913,11.991,15.901,0.800,0.000,0.0000
1451.220,-84.219,28.689,0.310,1.948,12.011,15.916,0.840,0.000,0.0000
1451.230,-84.200,28.702,0.309,1.983,12.030,15.931,0.880,0.000,0.0000
1451.240,-84.179,28.714,0.308,2.018,12.051,15.947,0.920,0.000,0.0000
1451.250,-84.159,28.727,0.307,2.054,12.071,15.962,0.960,0.000,0.0000
1451.260,-84.138,28.740,0.307,2.088,12.092,15.978,1.000,0.000,0.0000
1451.270,-84.117,28.754,0.306,2.121,12.113,15.994,1.000,0.000,0.0000
1451.280,-84.095,28.767,0.306,2.154,12.135,16.011,1.000,0.000,0.0000
1451.290,-84.073,28.781,0.306,2.186,12.157,16.027,1.000,0.000,0.0000
1451.300,-84.051,28.794,0.305,2.218,12.179,16.044,1.000,0.000,0.0000
1451.310,-84.029,28.808,0.305,2.250,12.201,16.061,1.000,0.000,0.0000
1451.320,-84.006,28.823,0.305,2.283,12.224,16.078,1.000,0.000,0.0000
1451.330,-83.983,28.837,0.305,2.318,12.247,16.095,1.000,0.000,0.0000
1451.340,-83.959,28.852,0.305,2.353,12.271,16.112,1.000,0.000,0.0000
1451.350,-83.935,28.867,0.306,2.389,12.295,16.130,1.000,0.000,0.0000
1451.360,-83.911,28.882,0.306,2.424,12.319,16.148,1.000,0.000,0.0000
1451.370,-83.887,28.897,0.306,2.459,12.343,16.166,1.000,0.000,0.0000
1451.380,-83.862,28.912,0.306,2.494,12.368,16.185,1.000,0.000,0.0000
1451.390,-83.836,28.928,0.307,2.530,12.394,16.204,1.000,0.000,0.0000
1451.400,-83.811,28.944,0.307,2.565,12.419,16.223,1.000,0.000,0.0000
1451.410,-83.785,28.960,0.307,2.601,12.445,16.242,1.000,0.000,0.0000
1451.420,-83.758,28.977,0.308,2.637,12.472,16.262,1.000,0.000,0.0000
1451.430,-83.732,28.993,0.308,2.672,12.498,16.281,1.000,0.000,0.0000
1451.440,-83.704,29.010,0.309,2.707,12.526,16.302,1.000,0.000,0.0000
1451.450,-83.677,29.027,0.309,2.741,12.553,16.322,1.000,0.000,0.0000
1451.460,-83.649,29.044,0.309,2.775,12.581,16.343,1.000,0.000,0.0000
1451.470,-83.621,29.061,0.310,2.809,12.609,16.364,1.000,0.000,0.0000
1451.480,-83.593,29.079,0.310,2.843,12.637,16.385,1.000,0.000,0.0000
1451.490,-83.564,29.097,0.310,2.882,12.666,16.407,1.000,0.000,0.0000
1451.500,-83.535,29.115,0.311,2.920,12.695,16.429,1.000,0.000,0.0000
1451.510,-83.505,29.133,0.311,2.958,12.725,16.451,1.000,0.000,0.0000
1451.520,-83.475,29.152,0.311,2.990,12.755,16.473,1.000,0.000,0.0000
1451.530,-83.445,29.171,0.311,3.021,12.785,16.496,1.000,0.000,0.0000
1451.540,-83.415,29.189,0.311,3.053,12.815,16.520,1.000,0.000,0.0000
1451.550,-83.384,29.209,0.312,3.085,12.846,16.543,1.000,0.000,0.0000
1451.560,-83.353,29.228,0.312,3.118,12.877,16.567,1.000,0.000,0.0000
1451.570,-83.321,29.247,0.312,3.151,12.909,16.591,1.000,0.000,0.0000
1451.580,-83.289,29.267,0.312,3.185,12.941,16.615,1.000,0.000,0.0000
1451.590,-83.257,29.287,0.312,3.218,12.973,16.640,1.000,0.000,0.0000
1451.600,-83.225,29.307,0.312,3.252,13.006,16.665,1.000,0.000,0.0000
1451.610,-83.192,29.328,0.312,3.286,13.038,16.690,1.000,0.000,0.0000
1451.620,-83.158,29.348,0.312,3.320,13.072,16.715,1.000,0.000,0.0000
1451.630,-83.125,29.369,0.312,3.354,13.105,16.741,1.000,0.000,0.0000
1451.640,-83.091,29.390,0.312,3.387,13.139,16.767,1.000,0.000,0.0000
1451.650,-83.057,29.411,0.311,3.419,13.173,16.794,1.000,0.000,0.0000
1451.660,-83.022,29.432,0.311,3.450,13.208,16.820,1.000,0.000,0.0000
1451.670,-82.988,29.454,0.311,3.481,13.242,16.847,1.000,0.000,0.0000
1451.680,-82.952,29.475,0.311,3.512,13.278,16.874,1.000,0.000,0.0000
1451.690,-82.917,29.497,0.311,3.545,13.313,16.902,1.000,0.000,0.0000
1451.700,-82.881,29.519,0.311,3.580,13.349,16.930,1.000,0.000,0.0000
1451.710,-82.845,29.541,0.311,3.616,13.385,16.958,1.000,0.000,0.0000
1451.720,-82.808,29.564,0.311,3.652,13.422,16.986,1.000,0.000,0.0000
1451.730,-82.772,29.586,0.311,3.688,13.458,17.015,1.000,0.000,0.0000
1451.740,-82.734,29.609,0.310,3.725,13.496,17.044,1.000,0.000,0.0000
1451.750,-82.697,29.632,0.310,3.762,13.533,17.073,1.000,0.000,0.0000
1451.760,-82.659,29.656,0.310,3.801,13.571,17.103,1.000,0.000,0.0000
1451.770,-82.620,29.679,0.310,3.839,13.610,17.133,1.000,0.000,0.0000
1451.780,-82.582,29.703,0.310,3.876,13.648,17.164,1.000,0.000,0.0000
1451.790,-82.542,29.727,0.310,3.912,13.688,17.194,1.000,0.000,0.0000
1451.800,-82.503,29.751,0.310,3.947,13.727,17.225,1.000,0.000,0.0000
1451.810,-82.463,29.776,0.310,3.982,13.767,17.257,1.000,0.000,0.0000
1451.820,-82.423,29.800,0.310,4.016,13.807,17.288,1.000,0.000,0.0000
1451.830,-82.383,29.825,0.309,4.045,13.847,17.320,1.000,0.000,0.0000
1451.840,-82.342,29.850,0.309,4.075,13.888,17.352,1.000,0.000,0.0000
1451.850,-82.301,29.875,0.309,4.107,13.929,17.384,1.000,0.000,0.0000
1451.860,-82.259,29.901,0.309,4.140,13.971,17.417,1.000,0.000,0.0000
1451.870,-82.218,29.926,0.309,4.173,14.012,17.450,1.000,0.000,0.0000
1451.880,-82.176,29.952,0.309,4.207,14.054,17.483,1.000,0.000,0.0000
1451.890,-82.133,29.978,0.310,4.239,14.097,17.517,1.000,0.000,0.0000
1451.900,-82.090,30.004,0.310,4.269,14.140,17.550,1.000,0.000,0.0000
1451.910,-82.047,30.031,0.310,4.299,14.183,17.584,1.000,0.000,0.0000
1451.920,-82.004,30.057,0.310,4.329,14.226,17.619,1.000,0.000,0.0000
1451.930,-81.961,30.084,0.310,4.360,14.269,17.653,1.000,0.000,0.0000
1451.940,-81.917,30.111,0.310,4.393,14.313,17.688,1.000,0.000,0.0000
1451.950,-81.872,30.138,0.310,4.428,14.358,17.723,1.000,0.000,0.0000
1451.960,-81.828,30.165,0.310,4.465,14.402,17.759,1.000,0.000,0.0000
1451.970,-81.783,30.193,0.310,4.501,14.447,17.795,1.000,0.000,0.0000
1451.980,-81.737,30.220,0.310,4.537,14.493,17.831,1.000,0.000,0.0000
1451.990,-81.692,30.248,0.310,4.575,14.538,17.868,1.000,0.000,0.0000
1452.000,-81.645,30.277,0.310,4.614,14.585,17.905,1.000,0.000,0.0000
1452.010,-81.599,30.305,0.310,4.654,14.631,17.942,1.000,0.000,0.0000
1452.020,-81.552,30.334,0.310,4.691,14.678,17.980,1.000,0.000,0.0000
1452.030,-81.505,30.363,0.310,4.728,14.725,18.018,1.000,0.000,0.0000
1452.040,-81.457,30.392,0.310,4.763,14.773,18.056,1.000,0.000,0.0000
1452.050,-81.409,30.421,0.310,4.793,14.821,18.095,1.000,0.000,0.0000
1452.060,-81.361,30.451,0.310,4.823,14.869,18.134,1.000,0.000,0.0000
1452.070,-81.312,30.481,0.310,4.854,14.918,18.173,1.000,0.000,0.0000
1452.080,-81.264,30.511,0.310,4.887,14.967,18.212,1.000,0.000,0.0000
1452.090,-81.214,30.541,0.310,4.921,15.016,18.252,0.940,0.000,0.0000
1452.100,-81.165,30.571,0.310,4.955,15.065,18.292,0.880,0.000,0.0000
1452.110,-81.115,30.601,0.310,4.989,15.115,18.333,0.820,0.000,0.0000
1452.120,-81.065,30.632,0.310,5.021,15.165,18.374,0.760,0.000,0.0000
1452.130,-81.014,30.663,0.310,5.052,15.216,18.415,0.700,0.000,0.0000
1452.140,-80.963,30.694,0.310,5.084,15.267,18.456,0.640,0.000,0.0000
1452.150,-80.912,30.725,0.310,5.119,15.318,18.498,0.580,0.000,0.0000
1452.160,-80.861,30.756,0.310,5.155,15.369,18.540,0.520,0.000,0.0000
1452.170,-80.809,30.788,0.310,5.172,15.421,18.582,0.460,0.000,0.0000
1452.180,-80.757,30.819,0.311,5.171,15.473,18.624,0.400,0.000,0.0000
1452.190,-80.706,30.851,0.311,5.155,15.524,18.666,0.340,0.000,0.0000
1452.200,-80.654,30.882,0.311,5.129,15.576,18.708,0.280,0.000,0.0000
1452.210,-80.603,30.913,0.312,5.098,15.627,18.750,0.220,0.000,0.0000
1452.220,-80.553,30.944,0.313,5.064,15.677,18.791,0.160,0.000,0.0000
1452.230,-80.502,30.974,0.314,5.030,15.728,18.832,0.100,0.000,0.0000
1452.240,-80.453,31.004,0.315,4.986,15.778,18.872,0.040,0.000,0.0000
1452.250,-80.403,31.034,0.316,4.942,15.827,18.912,0.000,0.000,0.0000
1452.260,-80.354,31.064,0.317,4.902,15.876,18.952,0.000,0.000,0.0000
1452.270,-80.305,31.094,0.318,4.865,15.925,18.992,0.000,0.000,0.0000
1452.280,-80.257,31.123,0.319,4.830,15.973,19.031,0.000,0.000,0.0000
1452.290,-80.209,31.152,0.320,4.796,16.021,19.070,0.000,0.000,0.0000
1452.300,-80.162,31.181,0.321,4.762,16.068,19.109,0.000,0.000,0.0000
1452.310,-80.114,31.210,0.322,4.727,16.116,19.147,0.000,0.000,0.0000
1452.320,-80.067,31.238,0.323,4.692,16.163,19.186,0.000,0.000,0.0000
1452.330,-80.021,31.267,0.324,4.657,16.209,19.224,0.000,0.000,0.0000
1452.340,-79.975,31.295,0.325,4.621,16.255,19.262,0.000,0.000,0.0000
1452.350,-79.929,31.323,0.326,4.585,16.301,19.300,0.000,0.000,0.0000
1452.360,-79.883,31.350,0.327,4.549,16.347,19.337,0.000,0.000,0.0000
1452.370,-79.838,31.378,0.327,4.513,16.392,19.374,0.000,0.000,0.0000
1452.380,-79.793,31.405,0.328,4.476,16.437,19.411,0.000,0.000,0.0000
1452.390,-79.749,31.432,0.328,4.440,16.481,19.448,0.000,0.000,0.0000
1452.400,-79.705,31.459,0.329,4.405,16.525,19.485,0.000,0.000,0.0000
1452.410,-79.661,31.485,0.329,4.370,16.569,19.521,0.000,0.000,0.0000
1452.420,-79.618,31.512,0.329,4.335,16.612,19.558,0.000,0.000,0.0000
1452.430,-79.575,31.538,0.329,4.299,16.655,19.594,0.000,0.000,0.0000
1452.440,-79.532,31.564,0.329,4.264,16.698,19.629,0.000,0.000,0.0000
1452.450,-79.490,31.590,0.329,4.228,16.740,19.665,0.000,0.000,0.0000
1452.460,-79.448,31.615,0.329,4.192,16.782,19.700,0.000,0.000,0.0000
1452.470,-79.407,31.641,0.329,4.157,16.823,19.735,0.000,0.000,0.0000
1452.480,-79.365,31.666,0.328,4.122,16.865,19.770,0.000,0.000,0.0000
1452.490,-79.324,31.690,0.328,4.088,16.906,19.805,0.000,0.000,0.0000
1452.500,-79.284,31.715,0.328,4.054,16.946,19.839,0.000,0.000,0.0000
1452.510,-79.244,31.740,0.327,4.020,16.986,19.873,0.000,0.000,0.0000
1452.520,-79.204,31.764,0.327,3.987,17.026,19.907,0.000,0.000,0.0000
1452.530,-79.164,31.788,0.326,3.953,17.066,19.940,0.000,0.000,0.0000
1452.540,-79.125,31.812,0.326,3.920,17.105,19.974,0.000,0.000,0.0000
1452.550,-79.086,31.835,0.326,3.886,17.144,20.007,0.000,0.000,0.0000
1452.560,-79.048,31.859,0.325,3.853,17.182,20.040,0.000,0.000,0.0000
1452.570,-79.010,31.882,0.325,3.820,17.220,20.072,0.000,0.000,0.0000
1452.580,-78.972,31.905,0.324,3.787,17.258,20.104,0.000,0.000,0.0000
1452.590,-78.934,31.927,0.324,3.754,17.296,20.136,0.000,0.000,0.0000
1452.600,-78.897,31.950,0.324,3.721,17.333,20.168,0.000,0.000,0.0000
1452.610,-78.860,31.972,0.323,3.688,17.370,20.200,0.000,0.000,0.0000
1452.620,-78.824,31.994,0.323,3.655,17.407,20.231,0.000,0.000,0.0000
1452.630,-78.787,32.016,0.323,3.622,17.443,20.262,0.000,0.000,0.0000
1452.640,-78.751,32.038,0.323,3.590,17.479,20.292,0.000,0.000,0.0080
1452.650,-78.716,32.059,0.322,3.557,17.514,20.323,0.000,0.000,0.0160
1452.660,-78.681,32.081,0.322,3.524,17.549,20.353,0.000,0.000,0.0240
1452.670,-78.646,32.102,0.322,3.491,17.584,20.383,0.000,0.000,0.0320
1452.680,-78.611,32.123,0.322,3.458,17.619,20.412,0.000,0.000,0.0400
1452.690,-78.577,32.143,0.322,3.425,17.653,20.441,0.000,0.000,0.0480
1452.700,-78.543,32.164,0.322,3.393,17.687,20.470,0.000,0.000,0.0560
1452.710,-78.509,32.184,0.322,3.360,17.721,20.499,0.000,0.000,0.0640
1452.720,-78.476,32.204,0.322,3.327,17.754,20.527,0.000,0.000,0.0720
1452.730,-78.443,32.224,0.322,3.294,17.787,20.555,0.000,0.000,0.0800
1452.740,-78.410,32.243,0.322,3.261,17.820,20.583,0.000,0.000,0.0880
1452.750,-78.378,32.263,0.322,3.228,17.852,20.611,0.000,0.000,0.0960
1452.760,-78.346,32.282,0.322,3.195,17.884,20.638,0.000,0.000,0.1040
1452.770,-78.315,32.301,0.322,3.162,17.915,20.665,0.000,0.000,0.1120
1452.780,-78.283,32.319,0.323,3.129,17.947,20.692,0.000,0.000,0.1200
1452.790,-78.252,32.338,0.323,3.096,17.978,20.718,0.000,0.000,0.1280
1452.800,-78.222,32.356,0.323,3.063,18.008,20.744,0.000,0.000,0.1360
1452.810,-78.191,32.374,0.323,3.029,18.039,20.770,0.000,0.000,0.1440
1452.820,-78.162,32.391,0.323,2.996,18.069,20.796,0.000,0.000,0.1520
1452.830,-78.132,32.409,0.323,2.962,18.098,20.821,0.000,0.000,0.1600
1452.840,-78.103,32.426,0.324,2.929,18.127,20.846,0.000,0.000,0.1680
1452.850,-78.074,32.443,0.324,2.895,18.156,20.871,0.000,0.000,0.1760
1452.860,-78.045,32.460,0.324,2.860,18.185,20.895,0.000,0.000,0.1840
1452.870,-78.017,32.476,0.324,2.826,18.213,20.920,0.000,0.000,0.1920
1452.880,-77.989,32.493,0.324,2.791,18.241,20.943,0.000,0.000,0.2000
1452.890,-77.961,32.508,0.324,2.756,18.269,20.967,0.000,0.000,0.2080
1452.900,-77.934,32.524,0.324,2.721,18.296,20.990,0.000,0.000,0.2160
1452.910,-77.907,32.540,0.325,2.686,18.323,21.014,0.000,0.000,0.2240
1452.920,-77.881,32.555,0.325,2.652,18.349,21.036,0.000,0.000,0.2320
1452.930,-77.855,32.570,0.325,2.617,18.375,21.059,0.000,0.000,0.2400
1452.940,-77.829,32.584,0.325,2.583,18.401,21.081,0.000,0.000,0.2480
1452.950,-77.803,32.599,0.325,2.549,18.427,21.103,0.000,0.000,0.2560
1452.960,-77.778,32.613,0.325,2.515,18.452,21.125,0.000,0.000,0.2640
1452.970,-77.753,32.627,0.325,2.481,18.477,21.146,0.000,0.000,0.2720
1452.980,-77.729,32.641,0.325,2.446,18.501,21.167,0.000,0.000,0.2800
1452.990,-77.705,32.654,0.325,2.411,18.525,21.188,0.000,0.000,0.2880
1453.000,-77.681,32.667,0.325,2.375,18.549,21.208,0.000,0.000,0.2960
1453.010,-77.658,32.680,0.325,2.340,18.572,21.229,0.000,0.000,0.3040
1453.020,-77.635,32.693,0.325,2.305,18.596,21.249,0.000,0.000,0.3120
1453.030,-77.612,32.705,0.325,2.269,18.618,21.268,0.000,0.000,0.3200
1453.040,-77.590,32.717,0.325,2.233,18.641,21.288,0.000,0.000,0.3280
1453.050,-77.568,32.729,0.325,2.198,18.662,21.307,0.000,0.000,0.3360
1453.060,-77.546,32.741,0.325,2.162,18.684,21.325,0.000,0.000,0.3440
1453.070,-77.525,32.752,0.325,2.126,18.705,21.344,0.000,0.000,0.3520
1453.080,-77.504,32.763,0.325,2.090,18.726,21.362,0.000,0.000,0.3600
1453.090,-77.483,32.774,0.325,2.054,18.747,21.380,0.000,0.000,0.3680
1453.100,-77.463,32.785,0.325,2.018,18.767,21.397,0.000,0.000,0.3760
1453.110,-77.443,32.795,0.325,1.982,18.787,21.414,0.000,0.000,0.3840
1453.120,-77.424,32.805,0.325,1.946,18.806,21.431,0.000,0.000,0.3920
1453.130,-77.405,32.815,0.325,1.910,18.825,21.448,0.000,0.000,0.4000
1453.140,-77.386,32.825,0.325,1.874,18.844,21.464,0.000,0.000,0.4080
1453.150,-77.368,32.834,0.324,1.838,18.863,21.480,0.000,0.000,0.4160
1453.160,-77.350,32.843,0.324,1.801,18.881,21.496,0.000,0.000,0.4240
1453.170,-77.332,32.852,0.324,1.765,18.898,21.511,0.000,0.000,0.4320
1453.180,-77.315,32.861,0.324,1.729,18.915,21.526,0.000,0.000,0.4400
1453.190,-77.298,32.869,0.324,1.692,18.932,21.541,0.000,0.000,0.4480
1453.200,-77.281,32.877,0.324,1.656,18.949,21.555,0.000,0.000,0.4560
1453.210,-77.265,32.885,0.324,1.620,18.965,21.569,0.000,0.000,0.4640
1453.220,-77.249,32.893,0.324,1.585,18.981,21.583,0.000,0.000,0.4720
1453.230,-77.234,32.901,0.324,1.550,18.997,21.596,0.000,0.000,0.4420
1453.240,-77.218,32.908,0.324,1.512,19.012,21.610,0.000,0.000,0.4120
1453.250,-77.204,32.915,0.324,1.475,19.026,21.622,0.000,0.000,0.3820
1453.260,-77.189,32.922,0.324,1.439,19.041,21.635,0.000,0.000,0.3520
1453.270,-77.175,32.929,0.324,1.405,19.055,21.647,0.000,0.000,0.3220
1453.280,-77.162,32.935,0.324,1.369,19.069,21.659,0.000,0.000,0.2920
1453.290,-77.148,32.942,0.324,1.330,19.082,21.671,0.000,0.000,0.2620
1453.300,-77.135,32.948,0.324,1.291,19.095,21.682,0.000,0.000,0.2320
1453.310,-77.123,32.954,0.324,1.252,19.107,21.693,0.000,0.000,0.2020
1453.320,-77.111,32.960,0.324,1.212,19.119,21.703,0.000,0.000,0.1720
1453.330,-77.099,32.966,0.324,1.168,19.131,21.713,0.000,0.000,0.1420
1453.340,-77.088,32.971,0.325,1.122,19.142,21.723,0.000,0.000,0.1120
1453.350,-77.077,32.976,0.325,1.075,19.153,21.732,0.000,0.000,0.0820
1453.360,-77.067,32.981,0.325,1.026,19.163,21.741,0.000,0.000,0.0520
1453.370,-77.057,32.986,0.325,0.976,19.173,21.750,0.000,0.000,0.0220
1453.380,-77.048,32.990,0.325,0.927,19.182,21.758,0.000,0.000,0.0000
1453.390,-77.039,32.994,0.325,0.882,19.191,21.765,0.000,0.000,0.0000
1453.400,-77.030,32.998,0.325,0.849,19.200,21.773,0.000,0.000,0.0000
1453.410,-77.022,33.002,0.326,0.824,19.208,21.780,0.000,0.000,0.0000
1453.420,-77.014,33.006,0.326,0.804,19.216,21.787,0.000,0.000,0.0000
1453.430,-77.006,33.010,0.325,0.787,19.224,21.794,0.000,0.000,0.0000
1453.440,-76.999,33.014,0.325,0.771,19.231,21.800,0.000,0.000,0.0000
1453.450,-76.991,33.017,0.325,0.753,19.239,21.807,0.000,0.000,0.0000
1453.460,-76.984,33.021,0.325,0.734,19.246,21.814,0.040,0.000,0.0000
1453.470,-76.977,33.024,0.325,0.713,19.253,21.820,0.080,0.000,0.0000
1453.480,-76.970,33.028,0.324,0.702,19.260,21.826,0.120,0.000,0.0000
1453.490,-76.962,33.031,0.324,0.710,19.268,21.833,0.160,0.000,0.0000
1453.500,-76.955,33.034,0.323,0.733,19.275,21.839,0.200,0.000,0.0000
1453.510,-76.948,33.038,0.322,0.766,19.282,21.846,0.240,0.000,0.0000
1453.520,-76.940,33.042,0.322,0.806,19.290,21.854,0.280,0.000,0.0000
1453.530,-76.931,33.046,0.321,0.848,19.299,21.862,0.320,0.000,0.0000
1453.540,-76.922,33.050,0.320,0.892,19.308,21.870,0.360,0.000,0.0000
1453.550,-76.913,33.054,0.318,0.936,19.317,21.879,0.400,0.000,0.0000
1453.560,-76.903,33.059,0.317,0.979,19.327,21.888,0.440,0.000,0.0000
1453.570,-76.893,33.063,0.316,1.021,19.337,21.897,0.480,0.000,0.0000
1453.580,-76.883,33.068,0.315,1.062,19.347,21.907,0.520,0.000,0.0000
1453.590,-76.872,33.073,0.313,1.103,19.358,21.917,0.560,0.000,0.0000
1453.600,-76.860,33.079,0.312,1.143,19.370,21.928,0.600,0.000,0.0000
1453.610,-76.848,33.084,0.311,1.182,19.382,21.938,0.640,0.000,0.0000
1453.620,-76.836,33.090,0.310,1.222,19.394,21.950,0.680,0.000,0.0000
1453.630,-76.824,33.095,0.309,1.261,19.406,21.961,0.720,0.000,0.0000
1453.640,-76.811,33.101,0.308,1.301,19.419,21.973,0.760,0.000,0.0000
1453.650,-76.797,33.107,0.307,1.340,19.433,21.985,0.800,0.000,0.0000
1453.660,-76.784,33.114,0.306,1.380,19.446,21.997,0.840,0.000,0.0000
1453.670,-76.769,33.120,0.306,1.419,19.461,22.010,0.880,0.000,0.0000
1453.680,-76.755,33.127,0.305,1.459,19.475,22.023,0.920,0.000,0.0000
1453.690,-76.740,33.134,0.305,1.498,19.490,22.036,0.960,0.000,0.0000
1453.700,-76.725,33.141,0.305,1.537,19.505,22.050,1.000,0.000,0.0000
1453.710,-76.709,33.148,0.304,1.576,19.521,22.064,1.000,0.000,0.0000
1453.720,-76.693,33.156,0.304,1.615,19.537,22.078,1.000,0.000,0.0000
1453.730,-76.676,33.163,0.304,1.654,19.554,22.092,1.000,0.000,0.0000
1453.740,-76.659,33.171,0.304,1.693,19.571,22.107,1.000,0.000,0.0000
1453.750,-76.642,33.179,0.304,1.731,19.588,22.122,1.000,0.000,0.0000
1453.760,-76.624,33.187,0.305,1.769,19.606,22.138,1.000,0.000,0.0000
1453.770,-76.606,33.195,0.305,1.807,19.624,22.153,1.000,0.000,0.0000
1453.780,-76.588,33.204,0.305,1.844,19.642,22.169,1.000,0.000,0.0000
1453.790,-76.569,33.213,0.306,1.882,19.661,22.185,1.000,0.000,0.0000
1453.800,-76.550,33.222,0.306,1.919,19.680,22.202,1.000,0.000,0.0000
1453.810,-76.530,33.231,0.307,1.955,19.700,22.219,1.000,0.000,0.0000
1453.820,-76.510,33.240,0.307,1.992,19.720,22.236,1.000,0.000,0.0000
1453.830,-76.490,33.249,0.308,2.029,19.740,22.254,1.000,0.000,0.0000
1453.840,-76.469,33.259,0.308,2.066,19.761,22.272,1.000,0.000,0.0000
1453.850,-76.448,33.268,0.309,2.106,19.782,22.290,1.000,0.000,0.0000
1453.860,-76.427,33.278,0.309,2.146,19.803,22.308,1.000,0.000,0.0000
1453.870,-76.405,33.288,0.309,2.185,19.825,22.327,1.000,0.000,0.0000
1453.880,-76.383,33.299,0.310,2.222,19.847,22.347,1.000,0.000,0.0000
1453.890,-76.360,33.309,0.310,2.259,19.870,22.366,1.000,0.000,0.0000
1453.900,-76.337,33.320,0.311,2.295,19.893,22.386,1.000,0.000,0.0000
1453.910,-76.314,33.330,0.311,2.330,19.916,22.407,1.000,0.000,0.0000
1453.920,-76.290,33.341,0.311,2.365,19.940,22.427,1.000,0.000,0.0000
1453.930,-76.266,33.352,0.311,2.401,19.964,22.448,1.000,0.000,0.0000
1453.940,-76.242,33.363,0.312,2.435,19.988,22.470,1.000,0.000,0.0000
1453.950,-76.217,33.374,0.312,2.466,20.013,22.491,1.000,0.000,0.0000
1453.960,-76.192,33.386,0.312,2.499,20.038,22.513,1.000,0.000,0.0000
1453.970,-76.167,33.397,0.312,2.532,20.063,22.535,1.000,0.000,0.0000
1453.980,-76.141,33.409,0.312,2.566,20.089,22.558,1.000,0.000,0.0000
1453.990,-76.115,33.421,0.312,2.601,20.115,22.581,1.000,0.000,0.0000
1454.000,-76.089,33.433,0.312,2.636,20.141,22.604,1.000,0.000,0.0000
1454.010,-76.062,33.445,0.312,2.672,20.168,22.627,1.000,0.000,0.0000
1454.020,-76.035,33.458,0.312,2.709,20.195,22.651,1.000,0.000,0.0000
1454.030,-76.008,33.470,0.312,2.745,20.222,22.676,1.000,0.000,0.0000
1454.040,-75.980,33.483,0.312,2.781,20.250,22.700,1.000,0.000,0.0000
1454.050,-75.952,33.496,0.312,2.818,20.278,22.725,1.000,0.000,0.0000
1454.060,-75.923,33.509,0.312,2.854,20.307,22.750,1.000,0.000,0.0000
1454.070,-75.894,33.522,0.312,2.890,20.336,22.776,1.000,0.000,0.0000
1454.080,-75.865,33.535,0.312,2.926,20.365,22.802,1.000,0.000,0.0000
1454.090,-75.835,33.549,0.311,2.963,20.395,22.828,1.000,0.000,0.0000
1454.100,-75.805,33.563,0.311,2.999,20.425,22.855,1.000,0.000,0.0000
1454.110,-75.775,33.577,0.311,3.035,20.455,22.882,1.000,0.000,0.0000
1454.120,-75.744,33.591,0.311,3.071,20.486,22.909,1.000,0.000,0.0000
1454.130,-75.713,33.605,0.311,3.108,20.517,22.936,1.000,0.000,0.0000
1454.140,-75.682,33.620,0.310,3.144,20.548,22.964,1.000,0.000,0.0000
1454.150,-75.650,33.634,0.310,3.180,20.580,22.992,1.000,0.000,0.0000
1454.160,-75.618,33.649,0.310,3.216,20.612,23.021,1.000,0.000,0.0000
1454.170,-75.585,33.664,0.310,3.252,20.645,23.050,1.000,0.000,0.0000
1454.180,-75.552,33.679,0.310,3.288,20.678,23.079,1.000,0.000,0.0000
1454.190,-75.519,33.694,0.310,3.324,20.711,23.109,1.000,0.000,0.0000
1454.200,-75.486,33.710,0.310,3.360,20.745,23.138,1.000,0.000,0.0000
1454.210,-75.452,33.726,0.310,3.395,20.778,23.169,1.000,0.000,0.0000
1454.220,-75.417,33.741,0.309,3.430,20.813,23.199,1.000,0.000,0.0000
1454.230,-75.383,33.757,0.309,3.469,20.847,23.230,1.000,0.000,0.0000
1454.240,-75.348,33.774,0.309,3.507,20.883,23.261,1.000,0.000,0.0000
1454.250,-75.312,33.790,0.309,3.544,20.918,23.292,1.000,0.000,0.0000
1454.260,-75.276,33.806,0.309,3.581,20.954,23.324,1.000,0.000,0.0000
1454.270,-75.240,33.823,0.309,3.617,20.990,23.356,1.000,0.000,0.0000
1454.280,-75.204,33.840,0.309,3.649,21.026,23.389,1.000,0.000,0.0000
1454.290,-75.167,33.857,0.309,3.681,21.063,23.422,1.000,0.000,0.0000
1454.300,-75.130,33.874,0.309,3.714,21.100,23.455,1.000,0.000,0.0000
1454.310,-75.092,33.891,0.310,3.748,21.138,23.488,1.000,0.000,0.0000
1454.320,-75.054,33.909,0.310,3.785,21.176,23.522,1.000,0.000,0.0000
1454.330,-75.016,33.927,0.310,3.822,21.214,23.556,1.000,0.000,0.0000
1454.340,-74.977,33.944,0.310,3.860,21.253,23.590,1.000,0.000,0.0000
1454.350,-74.939,33.962,0.310,3.899,21.291,23.625,1.000,0.000,0.0000
1454.360,-74.899,33.981,0.310,3.937,21.331,23.660,1.000,0.000,0.0000
1454.370,-74.859,33.999,0.310,3.975,21.371,23.695,1.000,0.000,0.0000
1454.380,-74.819,34.017,0.310,4.014,21.411,23.731,1.000,0.000,0.0000
1454.390,-74.779,34.036,0.310,4.052,21.451,23.767,1.000,0.000,0.0000
1454.400,-74.738,34.055,0.310,4.089,21.492,23.804,1.000,0.000,0.0000
1454.410,-74.697,34.074,0.310,4.127,21.533,23.840,1.000,0.000,0.0000
1454.420,-74.655,34.093,0.310,4.164,21.575,23.878,1.000,0.000,0.0000
1454.430,-74.613,34.112,0.310,4.201,21.617,23.915,1.000,0.000,0.0000
1454.440,-74.571,34.131,0.310,4.237,21.659,23.953,1.000,0.000,0.0000
1454.450,-74.528,34.151,0.310,4.274,21.702,23.991,1.000,0.000,0.0000
1454.460,-74.485,34.171,0.310,4.310,21.745,24.030,1.000,0.000,0.0000
1454.470,-74.441,34.191,0.310,4.345,21.789,24.069,1.000,0.000,0.0000
1454.480,-74.397,34.211,0.310,4.379,21.833,24.108,1.000,0.000,0.0000
1454.490,-74.353,34.231,0.310,4.416,21.877,24.148,0.940,0.000,0.0000
1454.500,-74.309,34.251,0.310,4.453,21.921,24.187,0.880,0.000,0.0000
1454.510,-74.264,34.271,0.310,4.491,21.966,24.228,0.820,0.000,0.0000
1454.520,-74.219,34.292,0.310,4.527,22.011,24.268,0.760,0.000,0.0000
1454.530,-74.173,34.313,0.310,4.559,22.057,24.309,0.700,0.000,0.0000
1454.540,-74.127,34.334,0.310,4.591,22.103,24.350,0.640,0.000,0.0000
1454.550,-74.081,34.355,0.310,4.625,22.149,24.392,0.580,0.000,0.0080
1454.560,-74.034,34.376,0.311,4.658,22.196,24.434,0.520,0.000,0.0160
1454.570,-73.987,34.397,0.311,4.690,22.243,24.476,0.460,0.000,0.0240
1454.580,-73.940,34.418,0.311,4.701,22.290,24.518,0.400,0.000,0.0320
1454.590,-73.893,34.440,0.311,4.693,22.337,24.560,0.340,0.000,0.0400
1454.600,-73.847,34.461,0.311,4.671,22.383,24.602,0.280,0.000,0.0480
1454.610,-73.800,34.482,0.312,4.640,22.430,24.644,0.220,0.000,0.0560
1454.620,-73.754,34.503,0.312,4.603,22.476,24.685,0.160,0.000,0.0640
1454.630,-73.709,34.523,0.313,4.565,22.521,24.726,0.100,0.000,0.0720
1454.640,-73.663,34.544,0.314,4.525,22.567,24.766,0.040,0.000,0.0800
1454.650,-73.619,34.564,0.315,4.485,22.611,24.806,0.000,0.000,0.0880
1454.660,-73.574,34.584,0.316,4.446,22.656,24.846,0.000,0.000,0.0960
1454.670,-73.530,34.604,0.317,4.407,22.700,24.885,0.000,0.000,0.1040
1454.680,-73.486,34.624,0.318,4.367,22.744,24.924,0.000,0.000,0.1120
1454.690,-73.443,34.643,0.319,4.328,22.787,24.963,0.000,0.000,0.1200
1454.700,-73.400,34.663,0.321,4.288,22.830,25.001,0.000,0.000,0.1280
1454.710,-73.358,34.682,0.322,4.260,22.872,25.039,0.000,0.000,0.1360
1454.720,-73.315,34.701,0.323,4.230,22.915,25.077,0.000,0.000,0.1440
1454.730,-73.273,34.719,0.324,4.198,22.957,25.114,0.000,0.000,0.1520
1454.740,-73.232,34.738,0.324,4.166,22.998,25.152,0.000,0.000,0.1600
1454.750,-73.191,34.756,0.325,4.131,23.040,25.189,0.000,0.000,0.1680
1454.760,-73.150,34.774,0.326,4.094,23.080,25.226,0.000,0.000,0.1760
1454.770,-73.109,34.792,0.327,4.056,23.121,25.262,0.000,0.000,0.1460
1454.780,-73.069,34.810,0.327,4.016,23.161,25.298,0.000,0.000,0.1160
1454.790,-73.029,34.827,0.328,3.976,23.201,25.334,0.000,0.000,0.0860
1454.800,-72.990,34.845,0.328,3.937,23.240,25.370,0.000,0.000,0.0560
1454.810,-72.951,34.862,0.328,3.899,23.279,25.405,0.000,0.000,0.0260
1454.820,-72.912,34.879,0.329,3.854,23.318,25.440,0.000,0.000,0.0000
1454.830,-72.874,34.895,0.329,3.801,23.356,25.474,0.000,0.000,0.0000
1454.840,-72.837,34.912,0.329,3.756,23.393,25.508,0.000,0.000,0.0000
1454.850,-72.799,34.928,0.329,3.719,23.431,25.542,0.000,0.000,0.0000
1454.860,-72.763,34.944,0.329,3.688,23.467,25.575,0.000,0.000,0.0000
1454.870,-72.726,34.960,0.329,3.660,23.504,25.609,0.000,0.000,0.0000
1454.880,-72.690,34.975,0.329,3.634,23.540,25.642,0.000,0.000,0.0000
1454.890,-72.654,34.991,0.329,3.608,23.576,25.675,0.000,0.000,0.0000
1454.900,-72.618,35.006,0.328,3.582,23.612,25.707,0.000,0.000,0.0000
1454.910,-72.582,35.021,0.328,3.554,23.648,25.740,0.000,0.000,0.0000
1454.920,-72.547,35.036,0.327,3.525,23.683,25.772,0.000,0.000,0.0000
1454.930,-72.512,35.051,0.327,3.496,23.718,25.804,0.000,0.000,0.0000
1454.940,-72.477,35.065,0.326,3.465,23.753,25.836,0.000,0.000,0.0000
1454.950,-72.443,35.080,0.326,3.433,23.787,25.867,0.000,0.000,0.0000
1454.960,-72.409,35.094,0.325,3.401,23.821,25.899,0.000,0.000,0.0000
1454.970,-72.375,35.108,0.325,3.367,23.855,25.930,0.000,0.000,0.0000
1454.980,-72.342,35.122,0.324,3.334,23.888,25.960,0.000,0.000,0.0000
1454.990,-72.309,35.136,0.324,3.300,23.921,25.990,0.000,0.000,0.0000
1455.000,-72.276,35.150,0.323,3.265,23.954,26.020,0.000,0.000,0.0000
1455.010,-72.244,35.163,0.323,3.231,23.986,26.050,0.000,0.000,0.0000
1455.020,-72.212,35.177,0.323,3.195,24.018,26.079,0.000,0.000,0.0000
1455.030,-72.181,35.190,0.322,3.160,24.049,26.108,0.000,0.080,0.0000
1455.040,-72.149,35.203,0.322,3.122,24.081,26.137,0.000,0.160,0.0000
1455.050,-72.119,35.216,0.322,3.080,24.112,26.165,0.000,0.240,0.0000
1455.060,-72.088,35.229,0.322,3.033,24.142,26.193,0.000,0.320,0.0000
1455.070,-72.058,35.241,0.322,2.988,24.172,26.220,0.000,0.400,0.0000
1455.080,-72.029,35.253,0.322,2.945,24.201,26.247,0.000,0.480,0.0000
1455.090,-72.000,35.265,0.322,2.905,24.230,26.273,0.000,0.560,0.0000
1455.100,-71.971,35.277,0.322,2.866,24.259,26.300,0.000,0.640,0.0000
1455.110,-71.943,35.289,0.322,2.828,24.287,26.325,0.000,0.720,0.0000
1455.120,-71.915,35.301,0.322,2.790,24.315,26.351,0.000,0.800,0.0000
1455.130,-71.887,35.312,0.322,2.751,24.343,26.376,0.000,0.880,0.0000
1455.140,-71.860,35.323,0.322,2.712,24.370,26.401,0.000,0.960,0.0000
1455.150,-71.834,35.334,0.323,2.673,24.396,26.425,0.000,1.000,0.0000
1455.160,-71.807,35.345,0.323,2.634,24.423,26.449,0.000,1.000,0.0000
1455.170,-71.781,35.356,0.323,2.597,24.449,26.473,0.000,1.000,0.0000
1455.180,-71.756,35.366,0.323,2.563,24.474,26.496,0.000,1.000,0.0000
1455.190,-71.730,35.377,0.323,2.530,24.500,26.519,0.000,1.000,0.0000
1455.200,-71.705,35.387,0.324,2.496,24.525,26.542,0.000,1.000,0.0000
1455.210,-71.681,35.397,0.324,2.462,24.549,26.564,0.000,1.000,0.0000
1455.220,-71.657,35.407,0.324,2.426,24.573,26.586,0.000,1.000,0.0000
1455.230,-71.633,35.417,0.324,2.390,24.597,26.608,0.000,1.000,0.0000
1455.240,-71.609,35.427,0.324,2.353,24.621,26.630,0.000,1.000,0.0000
1455.250,-71.586,35.437,0.324,2.316,24.644,26.651,0.000,1.000,0.0000
1455.260,-71.563,35.446,0.324,2.279,24.667,26.672,0.000,1.000,0.0000
1455.270,-71.541,35.455,0.324,2.241,24.689,26.692,0.000,1.000,0.0000
1455.280,-71.519,35.465,0.324,2.204,24.711,26.713,0.000,1.000,0.0000
1455.290,-71.497,35.474,0.324,2.167,24.733,26.732,0.000,1.000,0.0000
1455.300,-71.476,35.483,0.324,2.129,24.754,26.752,0.000,1.000,0.0000
1455.310,-71.455,35.491,0.324,2.092,24.775,26.771,0.000,1.000,0.0000
1455.320,-71.434,35.500,0.324,2.055,24.796,26.790,0.000,1.000,0.0000
1455.330,-71.414,35.508,0.324,2.018,24.816,26.808,0.000,1.000,0.0000
1455.340,-71.394,35.517,0.324,1.981,24.836,26.827,0.000,1.000,0.0000
1455.350,-71.375,35.525,0.324,1.944,24.855,26.844,0.000,1.000,0.0000
1455.360,-71.356,35.533,0.324,1.907,24.874,26.862,0.000,1.000,0.0000
1455.370,-71.337,35.541,0.324,1.870,24.893,26.879,0.000,1.000,0.0000
1455.380,-71.319,35.549,0.324,1.833,24.911,26.896,0.000,1.000,0.0000
1455.390,-71.301,35.556,0.324,1.796,24.929,26.912,0.000,1.000,0.0000
1455.400,-71.283,35.564,0.324,1.759,24.947,26.929,0.000,1.000,0.0000
1455.410,-71.266,35.571,0.324,1.722,24.964,26.944,0.000,1.000,0.0000
1455.420,-71.249,35.578,0.324,1.685,24.981,26.960,0.000,1.000,0.0000
1455.430,-71.233,35.585,0.324,1.649,24.997,26.975,0.000,1.000,0.0000
1455.440,-71.217,35.592,0.324,1.612,25.013,26.990,0.000,1.000,0.0000
1455.450,-71.201,35.598,0.324,1.575,25.029,27.004,0.000,1.000,0.0000
1455.460,-71.185,35.605,0.324,1.539,25.045,27.018,0.000,1.000,0.0000
1455.470,-71.170,35.611,0.324,1.502,25.060,27.032,0.000,1.000,0.0000
1455.480,-71.156,35.617,0.324,1.465,25.074,27.046,0.000,1.000,0.0000
1455.490,-71.141,35.623,0.324,1.428,25.089,27.059,0.000,1.000,0.0000
1455.500,-71.128,35.629,0.324,1.392,25.102,27.072,0.000,1.000,0.0000
1455.510,-71.114,35.635,0.324,1.355,25.116,27.084,0.000,1.000,0.0000
1455.520,-71.101,35.640,0.324,1.318,25.129,27.096,0.000,1.000,0.0000
1455.530,-71.088,35.646,0.324,1.282,25.142,27.108,0.000,1.000,0.0000
1455.540,-71.076,35.651,0.324,1.246,25.154,27.120,0.000,1.000,0.0000
1455.550,-71.063,35.656,0.324,1.207,25.167,27.131,0.000,1.000,0.0000
1455.560,-71.052,35.661,0.324,1.168,25.178,27.141,0.000,1.000,0.0000
1455.570,-71.040,35.666,0.324,1.130,25.190,27.152,0.000,1.000,0.0000
1455.580,-71.030,35.670,0.324,1.093,25.200,27.162,0.000,1.000,0.0000
1455.590,-71.019,35.675,0.324,1.056,25.211,27.172,0.000,1.000,0.0000
1455.600,-71.009,35.679,0.324,1.019,25.221,27.181,0.000,1.000,0.0000
1455.610,-70.999,35.683,0.324,0.982,25.231,27.190,0.000,1.000,0.0000
1455.620,-70.990,35.687,0.324,0.945,25.240,27.199,0.000,1.000,0.0000
1455.630,-70.980,35.691,0.324,0.909,25.250,27.207,0.000,1.000,0.0000
1455.640,-70.972,35.695,0.324,0.872,25.258,27.215,0.000,1.000,0.0000
1455.650,-70.963,35.698,0.324,0.835,25.267,27.223,0.000,1.000,0.0000
1455.660,-70.955,35.702,0.324,0.798,25.275,27.230,0.000,1.000,0.0000
1455.670,-70.948,35.705,0.324,0.762,25.282,27.237,0.000,1.000,0.0000
1455.680,-70.941,35.708,0.324,0.725,25.289,27.244,0.000,1.000,0.0000
1455.690,-70.934,35.711,0.324,0.688,25.296,27.250,0.000,1.000,0.0000
1455.700,-70.927,35.714,0.324,0.652,25.303,27.256,0.000,1.000,0.0000
1455.710,-70.921,35.717,0.324,0.615,25.309,27.262,0.000,1.000,0.0000
1455.720,-70.915,35.719,0.324,0.579,25.315,27.267,0.000,1.000,0.0000
1455.730,-70.910,35.722,0.324,0.542,25.320,27.272,0.000,1.000,0.0000
1455.740,-70.905,35.724,0.324,0.506,25.325,27.277,0.000,1.000,0.0000
1455.750,-70.900,35.726,0.324,0.470,25.330,27.281,0.000,1.000,0.0000
1455.760,-70.896,35.728,0.324,0.433,25.334,27.285,0.000,1.000,0.0000
1455.770,-70.892,35.729,0.324,0.397,25.338,27.288,0.000,1.000,0.0000
1455.780,-70.888,35.731,0.324,0.361,25.342,27.292,0.000,1.000,0.0000
1455.790,-70.885,35.732,0.324,0.325,25.345,27.295,0.000,1.000,0.0000
1455.800,-70.882,35.734,0.324,0.289,25.348,27.297,0.000,1.000,0.0000
1455.810,-70.879,35.735,0.324,0.253,25.351,27.300,0.000,1.000,0.0000
1455.820,-70.877,35.736,0.324,0.217,25.353,27.302,0.000,1.000,0.0000
1455.830,-70.875,35.737,0.324,0.181,25.355,27.303,0.000,1.000,0.0000
1455.840,-70.874,35.737,0.324,0.146,25.356,27.305,0.000,1.000,0.0000
1455.850,-70.873,35.738,0.324,0.111,25.357,27.306,0.000,1.000,0.0000
1455.860,-70.872,35.738,0.324,0.077,25.358,27.307,0.000,1.000,0.0000
1455.870,-70.872,35.738,0.324,0.045,25.358,27.307,0.000,1.000,0.0000
1455.880,-70.871,35.739,0.324,0.019,25.359,27.307,0.000,1.000,0.0000
1455.890,-70.871,35.739,0.324,0.010,25.359,27.307,0.000,1.000,0.0000
1455.900,-70.872,35.738,0.323,0.019,25.358,27.307,0.000,1.000,0.0000
1455.910,-70.872,35.738,0.323,0.027,25.358,27.307,0.000,1.000,0.0000
1455.920,-70.872,35.738,0.323,0.035,25.358,27.307,0.000,0.900,0.0000
1455.930,-70.872,35.738,0.322,0.041,25.358,27.307,0.000,0.800,0.0000
1455.940,-70.872,35.738,0.322,0.046,25.358,27.307,0.000,0.700,0.0000
1455.950,-70.872,35.738,0.322,0.050,25.358,27.307,0.000,0.600,0.0000
1455.960,-70.872,35.738,0.321,0.054,25.358,27.308,0.000,0.500,0.0000
1455.970,-70.872,35.738,0.320,0.056,25.358,27.308,0.000,0.400,0.0000
1455.980,-70.872,35.738,0.320,0.057,25.358,27.308,0.000,0.300,0.0000
1455.990,-70.873,35.738,0.319,0.057,25.357,27.308,0.000,0.200,0.0000
1456.000,-70.873,35.738,0.319,0.057,25.357,27.308,0.000,0.100,0.0000
1456.010,-70.873,35.738,0.318,0.055,25.357,27.308,0.000,0.000,0.0000
1456.020,-70.873,35.738,0.318,0.053,25.357,27.308,0.000,0.000,0.0000
1456.030,-70.873,35.738,0.317,0.050,25.357,27.308,0.000,0.000,0.0000
1456.040,-70.873,35.738,0.317,0.047,25.357,27.308,0.000,0.000,0.0000
1456.050,-70.873,35.738,0.316,0.044,25.357,27.309,0.000,0.000,0.0000
1456.060,-70.873,35.738,0.316,0.040,25.357,27.309,0.000,0.000,0.0000
1456.070,-70.873,35.738,0.316,0.035,25.357,27.309,0.000,0.000,0.0000
1456.080,-70.873,35.738,0.315,0.031,25.357,27.309,0.000,0.000,0.0000
1456.090,-70.873,35.738,0.315,0.026,25.357,27.309,0.000,0.000,0.0000
1456.100,-70.873,35.738,0.315,0.021,25.357,27.309,0.000,0.000,0.0000
1456.110,-70.873,35.738,0.315,0.017,25.357,27.309,0.000,0.000,0.0000
1456.120,-70.873,35.738,0.315,0.012,25.357,27.309,0.000,0.000,0.0000
1456.130,-70.873,35.738,0.314,0.008,25.357,27.309,0.000,0.000,0.0000
1456.140,-70.873,35.738,0.314,0.003,25.357,27.309,0.000,0.000,0.0000
1456.150,-70.873,35.738,0.314,0.001,25.357,27.309,0.000,0.000,0.0000
1456.160,-70.873,35.738,0.314,0.004,25.357,27.309,0.000,0.000,0.0000
1456.170,-70.873,35.738,0.315,0.008,25.357,27.309,0.000,0.000,0.0000
1456.180,-70.873,35.738,0.315,0.011,25.357,27.309,0.000,0.000,0.0000
1456.190,-70.873,35.738,0.315,0.013,25.357,27.309,0.000,0.000,0.0000
1456.200,-70.873,35.738,0.315,0.015,25.357,27.309,0.000,0.000,0.0000
1456.210,-70.873,35.738,0.315,0.017,25.357,27.309,0.000,0.000,0.0000
1456.220,-70.873,35.738,0.315,0.019,25.357,27.309,0.000,0.000,0.0000
1456.230,-70.873,35.738,0.315,0.020,25.357,27.309,0.000,0.000,0.0000
1456.240,-70.873,35.738,0.316,0.021,25.357,27.309,0.000,0.000,0.0000
1456.250,-70.873,35.738,0.316,0.021,25.357,27.309,0.000,0.000,0.0000
1456.260,-70.873,35.738,0.316,0.021,25.357,27.309,0.000,0.000,0.0000
1456.270,-70.873,35.738,0.316,0.021,25.357,27.309,0.000,0.000,0.0000
1456.280,-70.873,35.738,0.316,0.020,25.357,27.309,0.000,0.000,0.0000
1456.290,-70.873,35.738,0.317,0.019,25.357,27.309,0.000,0.000,0.0000
1456.300,-70.873,35.738,0.317,0.018,25.357,27.308,0.000,0.000,0.0000
1456.310,-70.873,35.738,0.317,0.017,25.357,27.308,0.000,0.000,0.0000
1456.320,-70.873,35.738,0.317,0.016,25.357,27.308,0.000,0.000,0.0000
1456.330,-70.873,35.738,0.317,0.014,25.357,27.308,0.000,0.000,0.0000
1456.340,-70.873,35.738,0.317,0.012,25.357,27.308,0.000,0.000,0.0000
1456.350,-70.873,35.738,0.318,0.011,25.357,27.308,0.000,0.000,0.0000
1456.360,-70.873,35.738,0.318,0.009,25.357,27.308,0.000,0.000,0.0000
1456.370,-70.873,35.738,0.318,0.007,25.357,27.308,0.000,0.000,0.0000
1456.380,-70.873,35.738,0.318,0.006,25.357,27.308,0.000,0.000,0.0000
1456.390,-70.873,35.738,0.318,0.004,25.357,27.308,0.000,0.000,0.0000
1456.400,-70.873,35.738,0.318,0.002,25.357,27.308,0.000,0.000,0.0000
1456.410,-70.873,35.738,0.318,0.001,25.357,27.308,0.000,0.000,0.0000
1456.420,-70.873,35.738,0.318,0.001,25.357,27.308,0.000,0.000,0.0000
1456.430,-70.873,35.738,0.318,0.002,25.357,27.308,0.000,0.000,0.0000
1456.440,-70.873,35.738,0.318,0.003,25.357,27.308,0.000,0.000,0.0000
1456.450,-70.873,35.738,0.318,0.004,25.357,27.308,0.000,0.000,0.0000
1456.460,-70.873,35.738,0.318,0.005,25.357,27.308,0.000,0.000,0.0000
1456.470,-70.873,35.738,0.318,0.006,25.357,27.308,0.000,0.000,0.0000
1456.480,-70.873,35.738,0.318,0.007,25.357,27.308,0.000,0.000,0.0000
1456.490,-70.873,35.738,0.317,0.007,25.357,27.308,0.000,0.000,0.0000
1456.500,-70.873,35.738,0.317,0.007,25.357,27.308,0.000,0.000,0.0000
1456.510,-70.873,35.738,0.317,0.008,25.357,27.308,0.000,0.000,0.0000
1456.520,-70.873,35.738,0.317,0.008,25.357,27.308,0.000,0.000,0.0000
1456.530,-70.873,35.738,0.317,0.008,25.357,27.308,0.000,0.000,0.0000
1456.540,-70.873,35.738,0.317,0.008,25.357,27.308,0.000,0.000,0.0000
1456.550,-70.873,35.738,0.317,0.007,25.357,27.308,0.000,0.000,0.0000
1456.560,-70.873,35.738,0.317,0.007,25.357,27.308,0.000,0.000,0.0000
1456.570,-70.873,35.738,0.317,0.007,25.357,27.308,0.000,0.000,0.0000
1456.580,-70.873,35.738,0.317,0.006,25.357,27.308,0.000,0.000,0.0000
1456.590,-70.873,35.738,0.317,0.005,25.357,27.308,0.000,0.000,0.0000
1456.600,-70.873,35.738,0.317,0.005,25.357,27.308,0.000,0.000,0.0000
1456.610,-70.873,35.738,0.317,0.004,25.357,27.308,0.000,0.000,0.0000
1456.620,-70.873,35.738,0.317,0.004,25.357,27.308,0.000,0.000,0.0000
1456.630,-70.873,35.738,0.317,0.003,25.357,27.308,0.000,0.000,0.0000
1456.640,-70.873,35.738,0.317,0.002,25.357,27.309,0.000,0.000,0.0000
1456.650,-70.873,35.738,0.317,0.002,25.357,27.309,0.000,0.000,0.0000
1456.660,-70.873,35.738,0.317,0.001,25.357,27.309,0.000,0.000,0.0000
1456.670,-70.873,35.738,0.317,0.001,25.357,27.309,0.000,0.000,0.0000
1456.680,-70.873,35.738,0.317,0.000,25.357,27.309,0.000,0.000,0.0000
1456.690,-70.873,35.738,0.317,0.001,25.357,27.309,0.000,0.000,0.0000
1456.700,-70.873,35.738,0.317,0.001,25.357,27.309,0.000,0.000,0.0000
1456.710,-70.873,35.738,0.317,0.001,25.357,27.309,0.000,0.000,0.0000
1456.720,-70.873,35.738,0.317,0.002,25.357,27.309,0.000,0.000,0.0000
1456.730,-70.873,35.738,0.317,0.002,25.357,27.309,0.000,0.000,0.0000
1456.740,-70.873,35.738,0.317,0.002,25.357,27.308,0.000,0.000,0.0000
1456.750,-70.873,35.738,0.317,0.003,25.357,27.308,0.000,0.000,0.0000
1456.760,-70.873,35.738,0.317,0.003,25.357,27.308,0.000,0.000,0.0000
1456.770,-70.873,35.738,0.317,0.003,25.357,27.308,0.000,0.000,0.0000
1456.780,-70.873,35.738,0.317,0.003,25.357,27.308,0.000,0.000,0.0000
1456.790,-70.873,35.738,0.317,0.003,25.357,27.308,0.000,0.000,0.0000
1456.800,-70.873,35.738,0.317,0.003,25.357,27.308,0.000,0.000,0.0000
1456.810,-70.873,35.738,0.317,0.003,25.357,27.308,0.000,0.000,0.0000
1456.820,-70.873,35.738,0.317,0.003,25.357,27.308,0.000,0.000,0.0000
1456.830,-70.873,35.738,0.317,0.002,25.357,27.308,0.000,0.000,0.0000
1456.840,-70.873,35.738,0.317,0.002,25.357,27.308,0.000,0.000,0.0000
1456.850,-70.873,35.738,0.317,0.002,25.357,27.308,0.000,0.000,0.0000
1456.860,-70.873,35.738,0.317,0.002,25.357,27.308,0.000,0.000,0.0000
1456.870,-70.873,35.738,0.317,0.002,25.357,27.308,0.000,0.000,0.0000
1456.880,-70.873,35.738,0.317,0.001,25.357,27.308,0.000,0.000,0.0000
1456.890,-70.873,35.738,0.317,0.001,25.357,27.308,0.000,0.000,0.0000
1456.900,-70.873,35.738,0.317,0.001,25.357,27.308,0.000,0.000,0.0000
1456.910,-70.873,35.738,0.317,0.001,25.357,27.308,0.000,0.000,0.0000
1456.920,-70.873,35.738,0.317,0.001,25.357,27.308,0.000,0.000,0.0000
1456.930,-70.873,35.738,0.317,0.000,25.357,27.308,0.000,0.000,0.0000
1456.940,-70.873,35.738,0.317,0.000,25.357,27.308,0.000,0.000,0.0000
1456.950,-70.873,35.738,0.317,0.000,25.357,27.308,0.000,0.000,0.0000
1456.960,-70.873,35.738,0.317,0.000,25.357,27.308,0.000,0.000,0.0000
1456.970,-70.873,35.738,0.317,0.000,25.357,27.308,0.000,0.000,0.0000
1456.980,-70.873,35.738,0.317,0.001,25.357,27.308,0.000,0.000,0.0000
1456.990,-70.873,35.738,0.317,0.001,25.357,27.308,0.000,0.000,0.0000
1457.000,-70.873,35.738,0.317,0.001,25.357,27.308,0.000,0.000,0.0000
1457.010,-70.873,35.738,0.317,0.001,25.357,27.308,0.000,0.000,0.0000
1457.020,-70.873,35.738,0.317,0.001,25.357,27.308,0.000,0.000,0.0000
1457.030,-70.873,35.738,0.317,0.001,25.357,27.308,0.000,0.000,0.0000
1457.040,-70.873,35.738,0.317,0.001,25.357,27.308,0.000,0.000,0.0000
1457.050,-70.873,35.738,0.317,0.001,25.357,27.308,0.000,0.000,0.0000
1457.060,-70.873,35.738,0.317,0.001,25.357,27.308,0.000,0.000,0.0000
1457.070,-70.873,35.738,0.317,0.001,25.357,27.308,0.000,0.000,0.0000
1457.080,-70.873,35.738,0.317,0.001,25.357,27.308,0.000,0.000,0.0000
1457.090,-70.873,35.738,0.317,0.001,25.357,27.308,0.000,0.000,0.0000
1457.100,-70.873,35.738,0.317,0.001,25.357,27.308,0.000,0.000,0.0000
1457.110,-70.873,35.738,0.317,0.001,25.357,27.308,0.000,0.000,0.0000
1457.120,-70.873,35.738,0.317,0.001,25.357,27.308,0.000,0.000,0.0000
1457.130,-70.873,35.738,0.317,0.001,25.357,27.308,0.000,0.000,0.0000
1457.140,-70.873,35.738,0.317,0.001,25.357,27.308,0.000,0.000,0.0000
1457.150,-70.873,35.738,0.317,0.000,25.357,27.308,0.000,0.000,0.0000
1457.160,-70.873,35.738,0.317,0.000,25.357,27.308,0.000,0.000,0.0000
1457.170,-70.873,35.738,0.317,0.000,25.357,27.308,0.000,0.000,0.0000
1457.180,-70.873,35.738,0.317,0.000,25.357,27.308,0.000,0.000,0.0000
1457.190,-70.873,35.738,0.317,0.000,25.357,27.308,0.000,0.000,0.0000
1457.200,-70.873,35.738,0.317,0.000,25.357,27.308,0.000,0.000,0.0000
1457.210,-70.873,35.738,0.317,0.000,25.357,27.308,0.000,0.000,0.0000
1457.220,-70.873,35.738,0.317,0.000,25.357,27.308,0.000,0.000,0.0000
1457.230,-70.873,35.738,0.317,0.000,25.357,27.308,0.000,0.000,0.0000
1457.240,-70.873,35.738,0.317,0.000,25.357,27.308,0.000,0.000,0.0000
1457.250,-70.873,35.738,0.317,0.000,25.357,27.308,0.000,0.000,0.0000
1457.260,-70.873,35.738,0.317,0.000,25.357,27.308,0.000,0.000,0.0000
1457.270,-70.873,35.738,0.317,0.000,25.357,27.308,0.000,0.000,0.0000
1457.280,-70.873,35.738,0.317,0.000,25.357,27.308,0.000,0.000,0.0000
1457.290,-70.873,35.738,0.317,0.000,25.357,27.308,0.000,0.000,0.0000
1457.300,-70.873,35.738,0.317,0.000,25.357,27.308,0.000,0.000,0.0000
1457.310,-70.873,35.738,0.317,0.000,25.357,27.308,0.000,0.000,0.0000
1457.320,-70.873,35.738,0.317,0.000,25.357,27.308,0.000,0.000,0.0000
1457.330,-70.873,35.738,0.317,0.000,25.357,27.308,0.000,0.000,0.0000
1457.340,-70.873,35.738,0.317,0.000,25.357,27.308,0.000,0.000,0.0000
1457.350,-70.873,35.738,0.317,0.000,25.357,27.308,0.000,0.000,0.0000
1457.360,-70.873,35.738,0.317,0.000,25.357,27.308,0.000,0.000,0.0000
1457.370,-70.873,35.738,0.317,0.000,25.357,27.308,0.000,0.000,0.0000
1457.380,-70.873,35.738,0.317,0.000,25.357,27.308,0.000,0.000,0.0000
1457.390,-70.873,35.738,0.317,0.000,25.357,27.308,0.000,0.000,0.0000
1457.400,-70.873,35.738,0.317,0.000,25.357,27.308,0.000,0.000,0.0000
1457.410,-70.873,35.738,0.317,0.000,25.357,27.308,0.000,0.000,0.0000
1457.420,-70.873,35.738,0.317,0.000,25.357,27.308,0.000,0.000,0.0000
1457.430,-70.873,35.738,0.317,0.000,25.357,27.308,0.000,0.000,0.0000
1457.440,-70.873,35.738,0.317,0.000,25.357,27.308,0.000,0.000,0.0000
1457.450,-70.873,35.738,0.317,0.000,25.357,27.308,0.000,0.000,0.0000
1457.460,-70.873,35.738,0.317,0.000,25.357,27.308,0.000,0.000,0.0000
1457.470,-70.873,35.738,0.317,0.000,25.357,27.308,0.000,0.000,0.0000
1457.480,-70.873,35.738,0.317,0.000,25.357,27.308,0.000,0.000,0.0000
1457.490,-70.873,35.738,0.317,0.000,25.357,27.308,0.000,0.000,0.0000
1457.500,-70.873,35.738,0.317,0.000,25.357,27.308,0.000,0.000,0.0000
1457.510,-70.873,35.738,0.317,0.000,25.357,27.308,0.000,0.000,0.0000
1457.520,-70.873,35.738,0.317,0.000,25.357,27.308,0.000,0.000,0.0000
1457.530,-70.873,35.738,0.317,0.000,25.357,27.308,0.000,0.000,0.0000
1457.540,-70.873,35.738,0.317,0.000,25.357,27.308,0.000,0.000,0.0000
1457.550,-70.873,35.738,0.317,0.000,25.357,27.308,0.000,0.000,0.0000
1457.560,-70.873,35.738,0.317,0.000,25.357,27.308,0.000,0.000,0.0000
1457.570,-70.873,35.738,0.317,0.000,25.357,27.308,0.000,0.000,0.0000
1457.580,-70.873,35.738,0.317,0.000,25.357,27.308,0.000,0.000,0.0000
1457.590,-70.873,35.738,0.317,0.000,25.357,27.308,0.000,0.000,0.0000
1457.600,-70.873,35.738,0.317,0.000,25.357,27.308,0.000,0.000,0.0000
1457.610,-70.873,35.738,0.317,0.000,25.357,27.308,0.000,0.000,0.0000
1457.620,-70.873,35.738,0.317,0.000,25.357,27.308,0.000,0.000,0.0000
1457.630,-70.873,35.738,0.317,0.000,25.357,27.308,0.000,0.000,0.0000
1457.640,-70.873,35.738,0.317,0.000,25.357,27.308,0.000,0.000,0.0000
1457.650,-70.873,35.738,0.317,0.000,25.357,27.308,0.000,0.000,0.0000
1457.660,-70.873,35.738,0.317,0.000,25.357,27.308,0.000,0.000,0.0000
1457.670,-70.873,35.738,0.317,0.000,25.357,27.308,0.000,0.000,0.0000
1457.680,-70.873,35.738,0.317,0.000,25.357,27.308,0.000,0.000,0.0000
1457.690,-70.873,35.738,0.317,0.000,25.357,27.308,0.000,0.000,0.0000
1457.700,-70.873,35.738,0.317,0.000,25.357,27.308,0.000,0.000,0.0000
1457.710,-70.873,35.738,0.317,0.000,25.357,27.308,0.000,0.000,0.0000
1457.720,-70.873,35.738,0.317,0.000,25.357,27.308,0.000,0.000,0.0000
1457.730,-70.873,35.738,0.317,0.000,25.357,27.308,0.000,0.000,0.0000
1457.740,-70.873,35.738,0.317,0.000,25.357,27.308,0.000,0.000,0.0000
1457.750,-70.873,35.738,0.317,0.000,25.357,27.308,0.000,0.000,0.0000
1457.760,-70.873,35.738,0.317,0.000,25.357,27.308,0.000,0.000,0.0000
1457.770,-70.873,35.738,0.317,0.000,25.357,27.308,0.000,0.000,0.0000
1457.780,-70.873,35.738,0.317,0.000,25.357,27.308,0.000,0.000,0.0000
1457.790,-70.873,35.738,0.317,0.000,25.357,27.308,0.000,0.000,0.0000
1457.800,-70.873,35.738,0.317,0.000,25.357,27.308,0.000,0.000,0.0000
1457.810,-70.873,35.738,0.317,0.000,25.357,27.308,0.000,0.000,0.0000
1457.820,-70.873,35.738,0.317,0.000,25.357,27.308,0.000,0.000,0.0000
1457.830,-70.873,35.738,0.317,0.000,25.357,27.308,0.000,0.000,0.0000
1457.840,-70.873,35.738,0.317,0.000,25.357,27.308,0.000,0.000,0.0000
1457.850,-70.873,35.738,0.317,0.000,25.357,27.308,0.000,0.000,0.0000
1457.860,-70.873,35.738,0.317,0.000,25.357,27.308,0.000,0.000,0.0000
1457.870,-70.873,35.738,0.317,0.000,25.357,27.308,0.000,0.000,0.0000
1457.880,-70.873,35.738,0.317,0.000,25.357,27.308,0.000,0.000,0.0000
1457.890,-70.873,35.738,0.317,0.000,25.357,27.308,0.000,0.000,0.0000
1457.900,-70.873,35.738,0.317,0.000,25.357,27.308,0.000,0.000,0.0000
1457.910,-70.873,35.738,0.317,0.000,25.357,27.308,0.000,0.000,0.0000
1457.920,-70.873,35.738,0.317,0.000,25.357,27.308,0.000,0.000,0.0000
1457.930,-70.873,35.738,0.317,0.000,25.357,27.308,0.000,0.000,0.0000
1457.940,-70.873,35.738,0.317,0.000,25.357,27.308,0.000,0.000,0.0000
1457.950,-70.873,35.738,0.317,0.000,25.357,27.308,0.000,0.000,0.0000
1457.960,-70.873,35.738,0.317,0.000,25.357,27.308,0.000,0.000,0.0000
1457.970,-70.873,35.738,0.317,0.000,25.357,27.308,0.000,0.000,0.0000
1457.980,-70.873,35.738,0.317,0.000,25.357,27.308,0.000,0.000,0.0000
1457.990,-70.873,35.738,0.317,0.000,25.357,27.308,0.000,0.000,0.0000
1458.000,-70.873,35.738,0.317,0.000,25.357,27.308,0.000,0.000,0.0000
1458.010,-70.873,35.738,0.317,0.000,25.357,27.308,0.000,0.000,0.0000
1458.020,-70.873,35.738,0.317,0.000,25.357,27.308,0.000,0.000,0.0000
1458.030,-70.873,35.738,0.317,0.000,25.357,27.308,0.000,0.000,0.0000
1458.040,-70.873,35.738,0.317,0.000,25.357,27.308,0.000,0.000,0.0000
1458.050,-70.873,35.738,0.317,0.000,25.357,27.308,0.000,0.000,0.0000
1458.060,-70.873,35.738,0.317,0.000,25.357,27.308,0.000,0.000,0.0000
1458.070,-70.873,35.738,0.317,0.000,25.357,27.308,0.000,0.000,0.0000
1458.080,-70.873,35.738,0.317,0.000,25.357,27.308,0.000,0.000,0.0000
1458.090,-70.873,35.738,0.317,0.000,25.357,27.308,0.000,0.000,0.0000
1458.100,-70.873,35.738,0.317,0.000,25.357,27.308,0.000,0.000,0.0000
1458.110,-70.873,35.738,0.317,0.000,25.357,27.308,0.000,0.000,0.0000
1458.120,-70.873,35.738,0.317,0.000,25.357,27.308,0.040,0.000,0.0000
1458.130,-70.873,35.738,0.317,0.014,25.357,27.309,0.080,0.000,0.0000
1458.140,-70.873,35.738,0.317,0.039,25.358,27.309,0.120,0.000,0.0000
1458.150,-70.872,35.738,0.317,0.072,25.358,27.310,0.160,0.000,0.0000
1458.160,-70.871,35.739,0.316,0.109,25.359,27.311,0.200,0.000,0.0000
1458.170,-70.869,35.739,0.316,0.147,25.361,27.312,0.240,0.000,0.0000
1458.180,-70.868,35.740,0.316,0.186,25.363,27.314,0.280,0.000,0.0000
1458.190,-70.865,35.741,0.315,0.224,25.365,27.316,0.320,0.000,0.0000
1458.200,-70.863,35.742,0.315,0.261,25.367,27.319,0.360,0.000,0.0000
1458.210,-70.860,35.743,0.314,0.298,25.370,27.322,0.400,0.000,0.0000
1458.220,-70.857,35.745,0.313,0.334,25.373,27.325,0.440,0.000,0.0000
1458.230,-70.853,35.746,0.313,0.370,25.377,27.329,0.480,0.000,0.0000
1458.240,-70.849,35.748,0.312,0.406,25.381,27.332,0.520,0.000,0.0000
1458.250,-70.844,35.750,0.312,0.442,25.386,27.337,0.560,0.000,0.0000
1458.260,-70.840,35.752,0.311,0.479,25.390,27.341,0.600,0.000,0.0000
1458.270,-70.835,35.754,0.311,0.515,25.395,27.346,0.640,0.000,0.0000
1458.280,-70.829,35.756,0.310,0.552,25.401,27.351,0.680,0.000,0.0000
1458.290,-70.823,35.759,0.310,0.589,25.407,27.357,0.720,0.000,0.0000
1458.300,-70.817,35.761,0.309,0.626,25.413,27.363,0.760,0.000,0.0000
1458.310,-70.810,35.764,0.309,0.664,25.420,27.369,0.800,0.000,0.0000
1458.320,-70.803,35.767,0.309,0.701,25.427,27.376,0.840,0.000,0.0000
1458.330,-70.796,35.770,0.308,0.738,25.434,27.383,0.880,0.000,0.0000
1458.340,-70.788,35.773,0.308,0.776,25.442,27.390,0.920,0.000,0.0000
1458.350,-70.780,35.777,0.308,0.813,25.450,27.397,0.960,0.000,0.0000
1458.360,-70.772,35.780,0.308,0.850,25.458,27.405,1.000,0.000,0.0000
1458.370,-70.763,35.784,0.308,0.885,25.467,27.414,1.000,0.000,0.0000
1458.380,-70.754,35.788,0.308,0.921,25.476,27.422,1.000,0.000,0.0000
1458.390,-70.744,35.792,0.308,0.957,25.486,27.431,1.000,0.000,0.0000
1458.400,-70.734,35.796,0.308,0.994,25.496,27.440,1.000,0.000,0.0000
1458.410,-70.724,35.800,0.308,1.030,25.506,27.449,1.000,0.000,0.0000
1458.420,-70.713,35.805,0.308,1.065,25.517,27.459,1.000,0.000,0.0000
1458.430,-70.702,35.809,0.308,1.100,25.528,27.469,1.000,0.000,0.0000
1458.440,-70.691,35.814,0.308,1.135,25.539,27.480,1.000,0.000,0.0000
1458.450,-70.679,35.819,0.308,1.171,25.551,27.490,1.000,0.000,0.0000
1458.460,-70.667,35.824,0.309,1.208,25.563,27.501,1.000,0.000,0.0000
1458.470,-70.654,35.829,0.309,1.244,25.576,27.513,1.000,0.000,0.0000
1458.480,-70.642,35.834,0.309,1.282,25.588,27.524,1.000,0.000,0.0000
1458.490,-70.628,35.840,0.309,1.319,25.602,27.537,1.000,0.000,0.0000
1458.500,-70.615,35.845,0.309,1.356,25.615,27.549,1.000,0.000,0.0000
1458.510,-70.601,35.851,0.310,1.393,25.629,27.562,1.000,0.000,0.0000
1458.520,-70.587,35.857,0.310,1.430,25.643,27.575,1.000,0.000,0.0000
1458.530,-70.572,35.863,0.310,1.467,25.658,27.588,1.000,0.000,0.0000
1458.540,-70.557,35.869,0.310,1.504,25.673,27.602,1.000,0.000,0.0000
1458.550,-70.542,35.876,0.310,1.540,25.688,27.616,1.000,0.000,0.0000
1458.560,-70.526,35.882,0.311,1.577,25.704,27.631,1.000,0.000,0.0000
1458.570,-70.510,35.889,0.311,1.614,25.720,27.646,1.000,0.000,0.0000
1458.580,-70.493,35.896,0.311,1.651,25.737,27.661,1.000,0.000,0.0000
1458.590,-70.476,35.903,0.311,1.688,25.754,27.676,1.000,0.000,0.0000
1458.600,-70.459,35.910,0.311,1.724,25.771,27.692,1.000,0.000,0.0000
1458.610,-70.441,35.917,0.311,1.761,25.789,27.708,1.000,0.000,0.0080
1458.620,-70.423,35.925,0.311,1.801,25.807,27.725,1.000,0.000,0.0160
1458.630,-70.405,35.932,0.311,1.842,25.825,27.742,1.000,0.000,0.0240
1458.640,-70.386,35.940,0.311,1.885,25.844,27.759,1.000,0.000,0.0320
1458.650,-70.367,35.948,0.311,1.928,25.863,27.777,1.000,0.000,0.0400
1458.660,-70.347,35.956,0.311,1.971,25.883,27.795,1.000,0.000,0.0480
1458.670,-70.327,35.965,0.311,2.014,25.903,27.814,1.000,0.000,0.0560
1458.680,-70.306,35.973,0.311,2.057,25.924,27.833,1.000,0.000,0.0640
1458.690,-70.285,35.982,0.311,2.099,25.945,27.852,1.000,0.000,0.0720
1458.700,-70.264,35.991,0.310,2.140,25.966,27.872,1.000,0.000,0.0800
1458.710,-70.242,36.000,0.310,2.182,25.988,27.892,1.000,0.000,0.0880
1458.720,-70.220,36.009,0.310,2.222,26.010,27.913,1.000,0.000,0.0960
1458.730,-70.197,36.018,0.310,2.263,26.033,27.934,1.000,0.000,0.1040
1458.740,-70.174,36.028,0.310,2.303,26.056,27.955,1.000,0.000,0.1120
1458.750,-70.151,36.037,0.310,2.343,26.079,27.977,1.000,0.000,0.1200
1458.760,-70.127,36.047,0.310,2.382,26.103,27.999,1.000,0.000,0.1280
1458.770,-70.103,36.057,0.309,2.421,26.127,28.021,1.000,0.000,0.1360
1458.780,-70.078,36.067,0.309,2.460,26.152,28.044,1.000,0.000,0.1440
1458.790,-70.053,36.077,0.309,2.499,26.177,28.067,1.000,0.000,0.1520
1458.800,-70.028,36.088,0.309,2.538,26.202,28.091,1.000,0.000,0.1600
1458.810,-70.002,36.098,0.309,2.551,26.228,28.114,1.000,0.000,0.1680
1458.820,-69.977,36.108,0.309,2.567,26.253,28.138,1.000,0.000,0.1760
1458.830,-69.951,36.119,0.310,2.585,26.279,28.162,1.000,0.000,0.1840
1458.840,-69.925,36.129,0.310,2.607,26.305,28.186,1.000,0.000,0.1920
1458.850,-69.899,36.139,0.310,2.632,26.331,28.210,1.000,0.000,0.2000
1458.860,-69.872,36.150,0.310,2.657,26.358,28.235,1.000,0.000,0.2080
1458.870,-69.845,36.161,0.311,2.680,26.385,28.259,1.000,0.000,0.2160
1458.880,-69.818,36.171,0.311,2.701,26.412,28.284,1.000,0.000,0.2240
1458.890,-69.791,36.182,0.311,2.722,26.439,28.309,1.000,0.000,0.2320
1458.900,-69.764,36.193,0.312,2.744,26.467,28.335,1.000,0.000,0.2400
1458.910,-69.736,36.203,0.312,2.766,26.494,28.360,1.000,0.000,0.2480
1458.920,-69.708,36.214,0.312,2.792,26.522,28.386,1.000,0.000,0.2560
1458.930,-69.680,36.225,0.312,2.821,26.550,28.412,1.000,0.000,0.2640
1458.940,-69.651,36.236,0.313,2.853,26.579,28.438,1.000,0.000,0.2720
1458.950,-69.622,36.247,0.313,2.886,26.608,28.465,1.000,0.000,0.2800
1458.960,-69.593,36.258,0.313,2.919,26.637,28.492,1.000,0.000,0.2880
1458.970,-69.564,36.269,0.313,2.953,26.666,28.519,1.000,0.000,0.2960
1458.980,-69.534,36.280,0.313,2.987,26.696,28.547,1.000,0.000,0.3040
1458.990,-69.504,36.292,0.313,3.020,26.726,28.575,1.000,0.000,0.3120
1459.000,-69.473,36.303,0.313,3.053,26.757,28.603,1.000,0.000,0.3200
1459.010,-69.442,36.314,0.313,3.085,26.788,28.632,1.000,0.000,0.3280
1459.020,-69.411,36.326,0.313,3.118,26.819,28.661,1.000,0.000,0.3360
1459.030,-69.379,36.337,0.313,3.150,26.851,28.690,1.000,0.000,0.3440
1459.040,-69.348,36.349,0.313,3.181,26.882,28.720,1.000,0.000,0.3520
1459.050,-69.316,36.360,0.313,3.213,26.914,28.750,1.000,0.000,0.3600
1459.060,-69.283,36.372,0.312,3.244,26.947,28.780,1.000,0.000,0.3680
1459.070,-69.250,36.383,0.312,3.275,26.980,28.810,0.940,0.000,0.3760
1459.080,-69.217,36.395,0.312,3.305,27.013,28.841,0.880,0.000,0.3840
1459.090,-69.184,36.406,0.312,3.336,27.046,28.872,0.820,0.000,0.3920
1459.100,-69.150,36.418,0.312,3.365,27.080,28.903,0.760,0.000,0.4000
1459.110,-69.116,36.429,0.312,3.395,27.114,28.935,0.700,0.000,0.4080
1459.120,-69.082,36.440,0.312,3.424,27.148,28.967,0.640,0.000,0.4160
1459.130,-69.048,36.452,0.312,3.452,27.182,28.999,0.580,0.000,0.4240
1459.140,-69.013,36.463,0.312,3.479,27.217,29.031,0.520,0.000,0.4320
1459.150,-68.978,36.474,0.312,3.502,27.252,29.064,0.460,0.000,0.4400
1459.160,-68.943,36.485,0.312,3.524,27.287,29.096,0.400,0.000,0.4480
1459.170,-68.907,36.496,0.311,3.590,27.323,29.130,0.340,0.000,0.4560
1459.180,-68.870,36.507,0.311,3.642,27.360,29.164,0.280,0.000,0.4640
1459.190,-68.833,36.518,0.311,3.683,27.397,29.198,0.220,0.000,0.4720
1459.200,-68.796,36.529,0.311,3.707,27.434,29.233,0.160,0.000,0.4800
1459.210,-68.759,36.540,0.311,3.713,27.471,29.267,0.100,0.000,0.4500
1459.220,-68.722,36.551,0.312,3.686,27.508,29.301,0.040,0.000,0.4200
1459.230,-68.687,36.561,0.312,3.530,27.543,29.334,0.000,0.000,0.3900
1459.240,-68.652,36.571,0.313,3.454,27.578,29.366,0.000,0.000,0.3600
1459.250,-68.618,36.580,0.314,3.426,27.612,29.397,0.000,0.000,0.3300
1459.260,-68.584,36.590,0.315,3.428,27.646,29.429,0.000,0.000,0.3000
1459.270,-68.551,36.598,0.316,3.324,27.679,29.459,0.000,0.000,0.2700
1459.280,-68.518,36.607,0.317,3.313,27.712,29.490,0.000,0.000,0.2400
1459.290,-68.485,36.615,0.319,3.281,27.745,29.520,0.000,0.000,0.2100
1459.300,-68.452,36.623,0.320,3.250,27.778,29.550,0.000,0.000,0.1800
1459.310,-68.420,36.631,0.321,3.219,27.810,29.579,0.000,0.000,0.1500
1459.320,-68.388,36.639,0.322,3.190,27.842,29.609,0.000,0.000,0.1200
1459.330,-68.357,36.646,0.323,3.162,27.873,29.638,0.000,0.000,0.0900
1459.340,-68.327,36.652,0.325,3.020,27.903,29.665,0.000,0.000,0.0600
1459.350,-68.296,36.659,0.325,3.065,27.934,29.694,0.000,0.000,0.0300
1459.360,-68.266,36.665,0.326,2.992,27.964,29.721,0.000,0.000,0.0000
1459.370,-68.236,36.672,0.327,3.031,27.994,29.749,0.000,0.000,0.0000
1459.380,-68.206,36.678,0.327,3.006,28.024,29.777,0.000,0.000,0.0000
1459.390,-68.176,36.684,0.328,2.997,28.054,29.805,0.000,0.000,0.0000
1459.400,-68.146,36.690,0.328,2.988,28.084,29.833,0.000,0.000,0.0000
1459.410,-68.116,36.695,0.328,2.978,28.114,29.861,0.000,0.000,0.0000
1459.420,-68.086,36.701,0.328,2.965,28.144,29.889,0.000,0.000,0.0000
1459.430,-68.057,36.707,0.327,2.950,28.173,29.916,0.000,0.000,0.0000
1459.440,-68.028,36.713,0.327,2.931,28.202,29.944,0.000,0.000,0.0000
1459.450,-67.998,36.718,0.327,2.909,28.232,29.971,0.000,0.000,0.0000
1459.460,-67.970,36.724,0.326,2.885,28.260,29.998,0.000,0.000,0.0000
1459.470,-67.941,36.729,0.326,2.859,28.289,30.025,0.000,0.000,0.0000
1459.480,-67.913,36.735,0.325,2.833,28.317,30.052,0.000,0.000,0.0000
1459.490,-67.885,36.740,0.325,2.805,28.345,30.078,0.000,0.000,0.0000
1459.500,-67.857,36.746,0.324,2.774,28.373,30.104,0.040,0.000,0.0000
1459.510,-67.830,36.752,0.323,2.741,28.400,30.130,0.080,0.000,0.0000
1459.520,-67.802,36.757,0.323,2.708,28.428,30.156,0.120,0.000,0.0000
1459.530,-67.776,36.763,0.322,2.674,28.454,30.181,0.160,0.000,0.0000
1459.540,-67.749,36.768,0.322,2.639,28.481,30.206,0.200,0.000,0.0000
1459.550,-67.723,36.773,0.322,2.604,28.507,30.230,0.240,0.000,0.0000
1459.560,-67.697,36.779,0.321,2.584,28.533,30.254,0.280,0.000,0.0000
1459.570,-67.672,36.784,0.321,2.591,28.558,30.279,0.320,0.000,0.0000
1459.580,-67.645,36.789,0.320,2.617,28.585,30.303,0.360,0.000,0.0080
1459.590,-67.619,36.795,0.319,2.654,28.611,30.329,0.400,0.000,0.0160
1459.600,-67.592,36.800,0.319,2.693,28.638,30.354,0.440,0.000,0.0240
1459.610,-67.565,36.806,0.318,2.732,28.665,30.380,0.480,0.000,0.0320
1459.620,-67.537,36.812,0.317,2.768,28.693,30.406,0.520,0.000,0.0400
1459.630,-67.509,36.817,0.316,2.803,28.721,30.433,0.560,0.000,0.0480
1459.640,-67.481,36.823,0.315,2.838,28.749,30.459,0.600,0.000,0.0560
1459.650,-67.452,36.829,0.314,2.871,28.778,30.487,0.640,0.000,0.0640
1459.660,-67.423,36.835,0.314,2.905,28.807,30.514,0.680,0.000,0.0720
1459.670,-67.393,36.841,0.313,2.940,28.837,30.542,0.720,0.000,0.0800
1459.680,-67.364,36.847,0.312,2.975,28.866,30.570,0.760,0.000,0.0880
1459.690,-67.334,36.853,0.311,3.010,28.896,30.598,0.800,0.000,0.0960
1459.700,-67.303,36.859,0.311,3.046,28.927,30.627,0.840,0.000,0.1040
1459.710,-67.272,36.865,0.310,3.083,28.958,30.656,0.880,0.000,0.1120
1459.720,-67.241,36.871,0.309,3.120,28.989,30.686,0.920,0.000,0.1200
1459.730,-67.210,36.877,0.309,3.158,29.020,30.716,0.960,0.000,0.1280
1459.740,-67.178,36.884,0.308,3.196,29.052,30.746,1.000,0.000,0.1360
1459.750,-67.145,36.890,0.308,3.233,29.085,30.776,1.000,0.000,0.1440
1459.760,-67.113,36.896,0.308,3.271,29.117,30.807,1.000,0.000,0.1520
1459.770,-67.080,36.903,0.307,3.309,29.150,30.838,1.000,0.000,0.1600
1459.780,-67.046,36.909,0.307,3.347,29.184,30.869,1.000,0.000,0.1680
1459.790,-67.012,36.916,0.307,3.385,29.218,30.901,1.000,0.000,0.1760
1459.800,-66.978,36.922,0.307,3.423,29.252,30.933,1.000,0.000,0.1840
1459.810,-66.943,36.929,0.307,3.460,29.287,30.966,1.000,0.000,0.1920
1459.820,-66.908,36.935,0.307,3.498,29.322,30.999,1.000,0.000,0.2000
1459.830,-66.873,36.942,0.307,3.535,29.357,31.032,1.000,0.000,0.2080
1459.840,-66.837,36.949,0.308,3.572,29.393,31.065,1.000,0.000,0.2160
1459.850,-66.801,36.955,0.308,3.609,29.429,31.099,1.000,0.000,0.2240
1459.860,-66.765,36.962,0.308,3.647,29.465,31.133,1.000,0.000,0.2320
1459.870,-66.728,36.968,0.308,3.688,29.502,31.168,1.000,0.000,0.2400
1459.880,-66.691,36.975,0.308,3.728,29.539,31.203,1.000,0.000,0.2480
1459.890,-66.653,36.981,0.309,3.769,29.577,31.238,1.000,0.000,0.2560
1459.900,-66.615,36.988,0.309,3.817,29.615,31.274,1.000,0.000,0.2640
1459.910,-66.576,36.994,0.309,3.866,29.654,31.310,1.000,0.000,0.2720
1459.920,-66.537,37.001,0.309,3.912,29.693,31.347,1.000,0.000,0.2800
1459.930,-66.497,37.007,0.310,3.966,29.733,31.384,1.000,0.000,0.2880
1459.940,-66.457,37.014,0.310,4.024,29.773,31.422,1.000,0.000,0.2960
1459.950,-66.416,37.021,0.310,4.090,29.814,31.460,1.000,0.000,0.3040
1459.960,-66.375,37.027,0.310,4.149,29.855,31.499,1.000,0.000,0.3120
1459.970,-66.333,37.033,0.310,4.200,29.897,31.539,1.000,0.000,0.3200
1459.980,-66.290,37.040,0.310,4.246,29.940,31.579,1.000,0.000,0.3280
1459.990,-66.247,37.046,0.310,4.288,29.983,31.619,1.000,0.000,0.3360
1460.000,-66.204,37.052,0.310,4.326,30.026,31.660,1.000,0.000,0.3440
1460.010,-66.160,37.058,0.310,4.362,30.070,31.701,1.000,0.000,0.3520
1460.020,-66.116,37.064,0.310,4.396,30.114,31.742,1.000,0.000,0.3600
1460.030,-66.072,37.070,0.311,4.427,30.158,31.784,1.000,0.000,0.3680
1460.040,-66.028,37.076,0.311,4.452,30.202,31.825,1.000,0.000,0.3760
1460.050,-65.983,37.081,0.311,4.472,30.247,31.867,1.000,0.000,0.3840
1460.060,-65.938,37.087,0.311,4.488,30.292,31.910,1.000,0.000,0.3920
1460.070,-65.893,37.092,0.312,4.502,30.337,31.952,1.000,0.000,0.4000
1460.080,-65.848,37.097,0.312,4.513,30.382,31.994,1.000,0.000,0.4080
1460.090,-65.803,37.101,0.312,4.522,30.427,32.037,1.000,0.000,0.4160
1460.100,-65.757,37.106,0.313,4.530,30.473,32.079,1.000,0.000,0.4240
1460.110,-65.712,37.110,0.313,4.535,30.518,32.122,1.000,0.000,0.4320
1460.120,-65.667,37.114,0.315,4.465,30.563,32.163,0.940,0.000,0.4400
1460.130,-65.623,37.118,0.317,4.475,30.607,32.205,0.880,0.000,0.4480
1460.140,-65.578,37.122,0.318,4.488,30.652,32.247,0.820,0.000,0.4560
1460.150,-65.533,37.125,0.321,4.480,30.697,32.288,0.760,0.000,0.4640
1460.160,-65.489,37.128,0.324,4.440,30.741,32.329,0.700,0.000,0.4720
1460.170,-65.445,37.131,0.328,4.432,30.785,32.369,0.640,0.000,0.4420
1460.180,-65.400,37.134,0.333,4.458,30.830,32.409,0.580,0.000,0.4120
1460.190,-65.356,37.136,0.337,4.511,30.875,32.451,0.520,0.000,0.3820
1460.200,-65.310,37.138,0.341,4.553,30.920,32.492,0.460,0.000,0.3520
1460.210,-65.264,37.139,0.345,4.609,30.966,32.534,0.400,0.000,0.3220
1460.220,-65.218,37.140,0.349,4.659,31.012,32.577,0.340,0.000,0.2920
1460.230,-65.171,37.141,0.352,4.702,31.059,32.620,0.280,0.000,0.2620
1460.240,-65.124,37.142,0.355,4.737,31.106,32.664,0.220,0.000,0.2320
1460.250,-65.076,37.142,0.358,4.766,31.154,32.708,0.160,0.000,0.2020
1460.260,-65.028,37.142,0.361,4.791,31.202,32.752,0.100,0.000,0.1720
1460.270,-64.980,37.141,0.363,4.812,31.250,32.797,0.040,0.000,0.1420
1460.280,-64.932,37.140,0.365,4.831,31.298,32.842,0.000,0.000,0.1120
1460.290,-64.883,37.139,0.367,4.847,31.347,32.887,0.000,0.000,0.0820
1460.300,-64.835,37.138,0.368,4.857,31.395,32.933,0.000,0.000,0.0520
1460.310,-64.786,37.136,0.369,4.862,31.444,32.978,0.000,0.000,0.0220
1460.320,-64.738,37.135,0.370,4.864,31.492,33.024,0.000,0.000,0.0000
1460.330,-64.689,37.133,0.370,4.857,31.541,33.070,0.000,0.000,0.0000
1460.340,-64.641,37.131,0.370,4.834,31.589,33.116,0.000,0.000,0.0000
1460.350,-64.593,37.129,0.371,4.795,31.637,33.161,0.040,0.000,0.0000
1460.360,-64.545,37.126,0.371,4.739,31.685,33.206,0.080,0.000,0.0000
1460.370,-64.499,37.124,0.371,4.685,31.732,33.250,0.120,0.000,0.0000
1460.380,-64.452,37.122,0.371,4.627,31.778,33.294,0.160,0.000,0.0000
1460.390,-64.407,37.120,0.371,4.564,31.823,33.337,0.200,0.000,0.0000
1460.400,-64.362,37.118,0.370,4.506,31.868,33.380,0.240,0.000,0.0000
1460.410,-64.317,37.116,0.370,4.445,31.913,33.422,0.280,0.000,0.0000
1460.420,-64.274,37.114,0.370,4.366,31.957,33.464,0.320,0.000,0.0000
1460.430,-64.231,37.112,0.370,4.300,32.000,33.505,0.360,0.000,0.0000
1460.440,-64.188,37.110,0.370,4.248,32.042,33.545,0.400,0.000,0.0000
1460.450,-64.146,37.108,0.369,4.231,32.084,33.585,0.440,0.000,0.0000
1460.460,-64.103,37.106,0.369,4.243,32.127,33.626,0.480,0.000,0.0000
1460.470,-64.061,37.105,0.368,4.275,32.170,33.666,0.520,0.000,0.0000
1460.480,-64.017,37.103,0.367,4.318,32.213,33.708,0.560,0.000,0.0000
1460.490,-63.974,37.101,0.366,4.367,32.256,33.749,0.600,0.000,0.0000
1460.500,-63.930,37.099,0.364,4.417,32.300,33.792,0.640,0.000,0.0000
1460.510,-63.885,37.097,0.363,4.468,32.345,33.835,0.680,0.000,0.0000
1460.520,-63.840,37.095,0.361,4.517,32.390,33.878,0.720,0.000,0.0000
1460.530,-63.794,37.093,0.360,4.563,32.436,33.922,0.760,0.000,0.0000
1460.540,-63.748,37.091,0.358,4.608,32.482,33.966,0.800,0.000,0.0000
1460.550,-63.702,37.089,0.356,4.651,32.528,34.011,0.840,0.000,0.0000
1460.560,-63.655,37.087,0.355,4.692,32.575,34.056,0.880,0.000,0.0000
1460.570,-63.607,37.085,0.353,4.734,32.623,34.101,0.920,0.000,0.0000
1460.580,-63.560,37.082,0.351,4.775,32.670,34.147,0.960,0.000,0.0000
1460.590,-63.512,37.080,0.350,4.814,32.718,34.193,1.000,0.000,0.0000
1460.600,-63.463,37.078,0.349,4.845,32.767,34.240,1.000,0.000,0.0000
1460.610,-63.414,37.075,0.348,4.878,32.816,34.286,1.000,0.000,0.0000
1460.620,-63.365,37.072,0.347,4.914,32.865,34.333,1.000,0.000,0.0000
1460.630,-63.316,37.070,0.346,4.952,32.914,34.381,1.000,0.000,0.0000
1460.640,-63.266,37.067,0.345,4.993,32.964,34.428,1.000,0.000,0.0000
1460.650,-63.215,37.064,0.344,5.036,33.015,34.476,1.000,0.000,0.0000
1460.660,-63.165,37.062,0.344,5.079,33.065,34.525,1.000,0.000,0.0000
1460.670,-63.113,37.059,0.343,5.121,33.117,34.574,1.000,0.000,0.0000
1460.680,-63.062,37.056,0.343,5.164,33.168,34.623,1.000,0.000,0.0000
1460.690,-63.010,37.053,0.343,5.208,33.220,34.672,1.000,0.000,0.0000
1460.700,-62.957,37.050,0.343,5.253,33.273,34.722,1.000,0.000,0.0000
1460.710,-62.904,37.047,0.343,5.298,33.326,34.773,1.000,0.000,0.0000
1460.720,-62.851,37.044,0.343,5.343,33.379,34.824,1.000,0.000,0.0000
1460.730,-62.797,37.041,0.344,5.388,33.433,34.875,1.000,0.000,0.0000
1460.740,-62.743,37.037,0.344,5.434,33.487,34.927,1.000,0.000,0.0000
1460.750,-62.688,37.034,0.344,5.481,33.542,34.979,1.000,0.000,0.0000
1460.760,-62.633,37.031,0.345,5.530,33.598,35.031,1.000,0.000,0.0000
1460.770,-62.577,37.028,0.345,5.578,33.653,35.084,1.000,0.000,0.0000
1460.780,-62.520,37.025,0.346,5.624,33.710,35.138,1.000,0.000,0.0000
1460.790,-62.464,37.021,0.346,5.666,33.766,35.191,1.000,0.000,0.0000
1460.800,-62.407,37.018,0.347,5.705,33.823,35.246,1.000,0.000,0.0000
1460.810,-62.349,37.015,0.347,5.741,33.881,35.300,1.000,0.000,0.0000
1460.820,-62.292,37.012,0.348,5.769,33.938,35.355,1.000,0.000,0.0000
1460.830,-62.234,37.008,0.348,5.795,33.996,35.410,1.000,0.000,0.0000
1460.840,-62.176,37.005,0.349,5.825,34.055,35.465,1.000,0.000,0.0000
1460.850,-62.117,37.002,0.350,5.859,34.113,35.521,1.000,0.000,0.0000
1460.860,-62.058,36.998,0.350,5.896,34.172,35.577,1.000,0.000,0.0000
1460.870,-61.999,36.995,0.351,5.935,34.231,35.634,1.000,0.000,0.0000
1460.880,-61.939,36.992,0.351,5.975,34.291,35.690,1.000,0.000,0.0000
1460.890,-61.879,36.989,0.352,6.015,34.351,35.748,1.000,0.000,0.0000
1460.900,-61.818,36.985,0.352,6.056,34.412,35.805,1.000,0.000,0.0000
1460.910,-61.757,36.982,0.352,6.098,34.473,35.864,1.000,0.000,0.0000
1460.920,-61.696,36.979,0.353,6.142,34.534,35.922,1.000,0.000,0.0000
1460.930,-61.634,36.975,0.353,6.187,34.596,35.981,1.000,0.000,0.0000
1460.940,-61.572,36.972,0.353,6.235,34.658,36.041,1.000,0.000,0.0000
1460.950,-61.509,36.968,0.353,6.283,34.721,36.101,1.000,0.000,0.0000
1460.960,-61.445,36.965,0.353,6.329,34.785,36.161,1.000,0.000,0.0000
1460.970,-61.382,36.962,0.353,6.373,34.848,36.222,1.000,0.000,0.0000
1460.980,-61.318,36.958,0.353,6.414,34.912,36.284,1.000,0.000,0.0000
1460.990,-61.253,36.954,0.352,6.453,34.977,36.345,1.000,0.000,0.0000
1461.000,-61.188,36.951,0.352,6.487,35.042,36.407,1.000,0.000,0.0000
1461.010,-61.123,36.947,0.352,6.509,35.107,36.470,1.000,0.000,0.0000
1461.020,-61.058,36.943,0.352,6.533,35.172,36.532,1.000,0.000,0.0000
1461.030,-60.992,36.940,0.352,6.562,35.238,36.595,1.000,0.000,0.0000
1461.040,-60.926,36.936,0.352,6.596,35.304,36.658,1.000,0.000,0.0000
1461.050,-60.860,36.932,0.352,6.634,35.370,36.722,1.000,0.000,0.0000
1461.060,-60.793,36.928,0.352,6.674,35.437,36.785,1.000,0.000,0.0000
1461.070,-60.726,36.924,0.351,6.713,35.504,36.850,1.000,0.000,0.0000
1461.080,-60.658,36.920,0.351,6.754,35.572,36.914,1.000,0.000,0.0000
1461.090,-60.590,36.916,0.351,6.796,35.640,36.980,1.000,0.000,0.0000
1461.100,-60.522,36.912,0.351,6.840,35.708,37.045,1.000,0.000,0.0000
1461.110,-60.453,36.907,0.351,6.893,35.777,37.111,1.000,0.000,0.0000
1461.120,-60.384,36.903,0.351,6.891,35.846,37.177,1.000,0.000,0.0000
1461.130,-60.315,36.899,0.351,6.897,35.915,37.243,1.000,0.000,0.0000
1461.140,-60.246,36.894,0.351,6.893,35.984,37.309,1.000,0.000,0.0000
1461.150,-60.177,36.890,0.351,6.888,36.053,37.375,1.000,0.000,0.0000
1461.160,-60.109,36.886,0.351,6.884,36.121,37.441,1.000,0.000,0.0000
1461.170,-60.040,36.881,0.351,6.880,36.190,37.507,1.000,0.000,0.0000
1461.180,-59.971,36.877,0.352,6.876,36.259,37.573,1.000,0.000,0.0000
1461.190,-59.901,36.873,0.352,7.012,36.329,37.640,1.000,0.000,0.0000
1461.200,-59.830,36.869,0.352,7.141,36.401,37.709,1.000,0.000,0.0000
1461.210,-59.757,36.865,0.351,7.249,36.473,37.778,1.000,0.000,0.0000
1461.220,-59.684,36.860,0.351,7.334,36.546,37.849,1.000,0.000,0.0000
1461.230,-59.610,36.856,0.350,7.393,36.620,37.920,1.000,0.000,0.0000
1461.240,-59.535,36.852,0.350,7.440,36.695,37.991,1.000,0.000,0.0000
1461.250,-59.461,36.847,0.349,7.481,36.769,38.063,1.000,0.000,0.0000
1461.260,-59.385,36.843,0.349,7.519,36.845,38.136,1.000,0.000,0.0000
1461.270,-59.310,36.839,0.349,7.557,36.920,38.208,1.000,0.000,0.0000
1461.280,-59.234,36.834,0.348,7.596,36.996,38.281,1.000,0.000,0.0000
1461.290,-59.158,36.830,0.348,7.635,37.073,38.355,1.000,0.000,0.0000
1461.300,-59.081,36.825,0.348,7.674,37.149,38.429,1.000,0.000,0.0000
1461.310,-59.004,36.821,0.348,7.713,37.226,38.503,1.000,0.000,0.0000
1461.320,-58.926,36.816,0.348,7.751,37.304,38.577,1.000,0.000,0.0000
1461.330,-58.848,36.812,0.348,7.788,37.382,38.652,1.000,0.000,0.0000
1461.340,-58.770,36.807,0.348,7.816,37.460,38.727,1.000,0.000,0.0000
1461.350,-58.692,36.803,0.348,7.845,37.538,38.803,1.000,0.000,0.0000
1461.360,-58.613,36.798,0.348,7.879,37.617,38.878,1.000,0.000,0.0000
1461.370,-58.534,36.793,0.348,7.915,37.696,38.954,1.000,0.000,0.0000
1461.380,-58.454,36.788,0.348,7.954,37.776,39.031,1.000,0.000,0.0000
1461.390,-58.374,36.784,0.349,7.986,37.856,39.108,1.000,0.000,0.0000
1461.400,-58.294,36.779,0.349,8.021,37.936,39.185,1.000,0.000,0.0000
1461.410,-58.213,36.774,0.349,8.061,38.017,39.262,1.000,0.000,0.0000
1461.420,-58.132,36.769,0.349,8.104,38.098,39.340,1.000,0.000,0.0000
1461.430,-58.051,36.764,0.350,8.148,38.179,39.419,1.000,0.000,0.0000
1461.440,-57.969,36.759,0.350,8.193,38.261,39.497,1.000,0.000,0.0000
1461.450,-57.887,36.753,0.350,8.238,38.343,39.577,1.000,0.000,0.0000
1461.460,-57.804,36.748,0.350,8.282,38.426,39.656,1.000,0.000,0.0000
1461.470,-57.721,36.743,0.350,8.324,38.509,39.737,1.000,0.000,0.0000
1461.480,-57.637,36.738,0.350,8.365,38.593,39.817,1.000,0.000,0.0000
1461.490,-57.553,36.732,0.350,8.404,38.677,39.898,1.000,0.000,0.0000
1461.500,-57.469,36.727,0.350,8.437,38.762,39.979,1.000,0.000,0.0000
1461.510,-57.384,36.722,0.350,8.473,38.846,40.061,1.000,0.000,0.0000
1461.520,-57.299,36.716,0.349,8.511,38.931,40.143,1.000,0.000,0.0000
1461.530,-57.213,36.711,0.347,8.550,39.017,40.226,1.000,0.000,0.0000
1461.540,-57.127,36.706,0.345,8.583,39.103,40.310,1.000,0.000,0.0000
1461.550,-57.041,36.701,0.341,8.615,39.189,40.394,1.000,0.000,0.0000
1461.560,-56.955,36.696,0.338,8.649,39.275,40.478,1.000,0.000,0.0000
1461.570,-56.868,36.691,0.334,8.690,39.362,40.563,1.000,0.000,0.0000
1461.580,-56.781,36.686,0.330,8.731,39.449,40.648,1.000,0.000,0.0000
1461.590,-56.693,36.681,0.326,8.777,39.537,40.733,1.000,0.000,0.0000
1461.600,-56.605,36.675,0.322,8.818,39.625,40.820,1.000,0.000,0.0000
1461.610,-56.517,36.670,0.318,8.859,39.713,40.906,1.000,0.000,0.0000
1461.620,-56.428,36.664,0.315,8.900,39.802,40.993,1.000,0.000,0.0000
1461.630,-56.338,36.659,0.311,8.933,39.892,41.080,1.000,0.000,0.0000
1461.640,-56.249,36.653,0.308,8.969,39.981,41.167,1.000,0.000,0.0000
1461.650,-56.159,36.648,0.305,9.007,40.071,41.255,1.000,0.000,0.0000
1461.660,-56.068,36.642,0.302,9.048,40.162,41.343,1.000,0.000,0.0000
1461.670,-55.977,36.636,0.300,9.091,40.253,41.431,1.000,0.000,0.0000
1461.680,-55.886,36.631,0.298,9.129,40.344,41.520,1.000,0.000,0.0000
1461.690,-55.794,36.625,0.297,9.171,40.436,41.609,1.000,0.000,0.0000
1461.700,-55.702,36.619,0.295,9.216,40.528,41.698,1.000,0.000,0.0000
1461.710,-55.610,36.613,0.294,9.262,40.620,41.788,1.000,0.000,0.0000
1461.720,-55.517,36.607,0.294,9.309,40.713,41.878,1.000,0.000,0.0000
1461.730,-55.423,36.601,0.293,9.355,40.807,41.969,1.000,0.000,0.0000
1461.740,-55.329,36.595,0.293,9.400,40.901,42.060,1.000,0.000,0.0000
1461.750,-55.235,36.589,0.293,9.442,40.995,42.151,1.000,0.000,0.0000
1461.760,-55.140,36.582,0.294,9.477,41.090,42.242,1.000,0.000,0.0000
1461.770,-55.045,36.576,0.295,9.515,41.185,42.334,1.000,0.000,0.0000
1461.780,-54.949,36.570,0.295,9.555,41.281,42.427,1.000,0.000,0.0000
1461.790,-54.853,36.563,0.296,9.597,41.377,42.519,1.000,0.000,0.0000
1461.800,-54.757,36.557,0.298,9.633,41.473,42.612,1.000,0.000,0.0000
1461.810,-54.660,36.551,0.299,9.673,41.570,42.705,1.000,0.000,0.0000
1461.820,-54.563,36.545,0.300,9.717,41.667,42.799,1.000,0.000,0.0000
1461.830,-54.465,36.538,0.302,9.763,41.765,42.893,1.000,0.000,0.0000
1461.840,-54.367,36.532,0.303,9.809,41.863,42.988,1.000,0.000,0.0000
1461.850,-54.269,36.526,0.304,9.854,41.961,43.083,1.000,0.000,0.0000
1461.860,-54.170,36.519,0.306,9.897,42.060,43.179,1.000,0.000,0.0000
1461.870,-54.070,36.513,0.307,9.937,42.160,43.274,1.000,0.000,0.0000
1461.880,-53.971,36.507,0.308,9.969,42.259,43.371,1.000,0.000,0.0000
1461.890,-53.871,36.500,0.310,10.003,42.359,43.467,1.000,0.000,0.0000
1461.900,-53.770,36.494,0.311,10.040,42.460,43.564,1.000,0.000,0.0000
1461.910,-53.670,36.487,0.312,10.079,42.560,43.662,1.000,0.000,0.0000
1461.920,-53.568,36.481,0.313,10.112,42.662,43.760,1.000,0.000,0.0000
1461.930,-53.467,36.474,0.314,10.151,42.763,43.858,1.000,0.000,0.0000
1461.940,-53.365,36.467,0.314,10.191,42.865,43.957,1.000,0.000,0.0000
1461.950,-53.263,36.461,0.315,10.234,42.967,44.056,1.000,0.000,0.0000
1461.960,-53.160,36.454,0.315,10.277,43.070,44.155,1.000,0.000,0.0000
1461.970,-53.057,36.447,0.316,10.319,43.173,44.255,1.000,0.000,0.0000
1461.980,-52.953,36.440,0.316,10.360,43.277,44.356,1.000,0.000,0.0000
1461.990,-52.849,36.433,0.316,10.398,43.381,44.457,1.000,0.000,0.0000
1462.000,-52.745,36.426,0.316,10.430,43.485,44.558,1.000,0.000,0.0000
1462.010,-52.640,36.419,0.316,10.465,43.590,44.660,1.000,0.000,0.0000
1462.020,-52.535,36.412,0.316,10.503,43.695,44.762,1.000,0.000,0.0000
1462.030,-52.430,36.405,0.316,10.542,43.800,44.864,1.000,0.000,0.0000
1462.040,-52.324,36.397,0.315,10.577,43.906,44.967,1.000,0.000,0.0000
1462.050,-52.218,36.390,0.315,10.616,44.012,45.070,1.000,0.000,0.0000
1462.060,-52.111,36.383,0.315,10.659,44.119,45.174,1.000,0.000,0.0000
1462.070,-52.004,36.376,0.314,10.702,44.226,45.278,1.000,0.000,0.0000
1462.080,-51.897,36.369,0.314,10.746,44.333,45.382,1.000,0.000,0.0000
1462.090,-51.789,36.362,0.313,10.788,44.441,45.487,1.000,0.000,0.0000
1462.100,-51.681,36.355,0.313,10.827,44.549,45.593,1.000,0.000,0.0000
1462.110,-51.572,36.348,0.312,10.860,44.658,45.698,1.000,0.000,0.0000
1462.120,-51.463,36.340,0.312,10.896,44.767,45.804,1.000,0.000,0.0000
1462.130,-51.354,36.333,0.311,10.934,44.876,45.911,1.000,0.000,0.0000
1462.140,-51.244,36.326,0.311,10.974,44.986,46.018,1.000,0.000,0.0000
1462.150,-51.134,36.318,0.311,11.007,45.096,46.125,1.000,0.000,0.0000
1462.160,-51.024,36.311,0.310,11.038,45.206,46.232,1.000,0.000,0.0000
1462.170,-50.913,36.303,0.310,11.067,45.317,46.340,1.000,0.000,0.0000
1462.180,-50.802,36.296,0.310,11.095,45.428,46.448,1.000,0.000,0.0000
1462.190,-50.691,36.288,0.309,11.115,45.539,46.556,1.000,0.000,0.0000
1462.200,-50.579,36.280,0.309,11.127,45.651,46.664,1.000,0.000,0.0000
1462.210,-50.468,36.272,0.309,11.132,45.762,46.773,1.000,0.000,0.0000
1462.220,-50.357,36.265,0.310,11.130,45.873,46.881,1.000,0.000,0.0000
1462.230,-50.246,36.257,0.310,11.129,45.984,46.989,1.000,0.000,0.0000
1462.240,-50.134,36.249,0.310,11.129,46.096,47.098,1.000,0.000,0.0000
1462.250,-50.023,36.242,0.311,11.130,46.207,47.206,1.000,0.000,0.0000
1462.260,-49.912,36.234,0.311,11.127,46.318,47.314,1.000,0.000,0.0000
1462.270,-49.800,36.226,0.312,11.128,46.430,47.423,1.000,0.000,0.0000
1462.280,-49.689,36.219,0.312,11.132,46.541,47.531,1.000,0.000,0.0000
1462.290,-49.578,36.211,0.313,11.136,46.652,47.639,1.000,0.000,0.0000
1462.300,-49.466,36.204,0.313,11.140,46.764,47.748,1.000,0.000,0.0000
1462.310,-49.355,36.196,0.314,11.141,46.875,47.856,1.000,0.000,0.0000
1462.320,-49.244,36.188,0.315,11.134,46.986,47.964,1.000,0.000,0.0000
1462.330,-49.132,36.181,0.315,11.130,47.098,48.073,1.000,0.000,0.0000
1462.340,-49.021,36.173,0.316,11.129,47.209,48.181,1.000,0.000,0.0000
1462.350,-48.910,36.166,0.316,11.129,47.320,48.290,1.000,0.000,0.0000
1462.360,-48.799,36.158,0.317,11.122,47.431,48.398,1.000,0.000,0.0000
1462.370,-48.687,36.150,0.318,11.120,47.543,48.506,1.000,0.000,0.0000
1462.380,-48.576,36.143,0.318,11.122,47.654,48.615,1.000,0.000,0.0000
1462.390,-48.465,36.135,0.318,11.125,47.765,48.723,1.000,0.000,0.0000
1462.400,-48.354,36.127,0.319,11.128,47.876,48.832,1.000,0.000,0.0000
1462.410,-48.242,36.120,0.319,11.130,47.988,48.940,1.000,0.000,0.0000
1462.420,-48.131,36.112,0.319,11.122,48.099,49.049,1.000,0.000,0.0000
1462.430,-48.020,36.104,0.319,11.119,48.210,49.157,1.000,0.000,0.0000
1462.440,-47.909,36.096,0.320,11.117,48.321,49.266,1.000,0.000,0.0000
1462.450,-47.798,36.089,0.320,11.116,48.432,49.374,1.000,0.000,0.0000
1462.460,-47.686,36.081,0.320,11.108,48.544,49.483,1.000,0.000,0.0000
1462.470,-47.575,36.074,0.320,11.105,48.655,49.591,1.000,0.000,0.0000
1462.480,-47.464,36.066,0.320,11.106,48.766,49.699,1.000,0.000,0.0000
1462.490,-47.353,36.058,0.320,11.110,48.877,49.808,0.940,0.000,0.0000
1462.500,-47.242,36.051,0.320,11.104,48.988,49.916,0.880,0.000,0.0000
1462.510,-47.131,36.043,0.320,11.086,49.099,50.025,0.820,0.000,0.0000
1462.520,-47.021,36.036,0.319,11.059,49.209,50.133,0.760,0.000,0.0000
1462.530,-46.911,36.028,0.320,11.017,49.319,50.240,0.700,0.000,0.0000
1462.540,-46.801,36.021,0.320,10.974,49.429,50.348,0.640,0.000,0.0000
1462.550,-46.692,36.013,0.320,10.934,49.538,50.454,0.580,0.000,0.0000
1462.560,-46.583,36.006,0.320,10.894,49.647,50.561,0.520,0.000,0.0000
1462.570,-46.474,35.999,0.320,10.848,49.756,50.667,0.460,0.000,0.0000
1462.580,-46.366,35.991,0.321,10.806,49.864,50.772,0.400,0.000,0.0000
1462.590,-46.258,35.984,0.321,10.769,49.972,50.878,0.340,0.000,0.0000
1462.600,-46.151,35.976,0.321,10.733,50.079,50.982,0.280,0.000,0.0000
1462.610,-46.044,35.969,0.322,10.699,50.186,51.087,0.220,0.000,0.0000
1462.620,-45.937,35.962,0.322,10.664,50.293,51.191,0.160,0.000,0.0000
1462.630,-45.831,35.954,0.322,10.626,50.399,51.295,0.100,0.000,0.0000
1462.640,-45.725,35.947,0.323,10.580,50.505,51.399,0.040,0.000,0.0000
1462.650,-45.620,35.939,0.323,10.537,50.610,51.502,0.000,0.000,0.0000
1462.660,-45.515,35.932,0.323,10.496,50.715,51.604,0.000,0.000,0.0000
1462.670,-45.410,35.925,0.324,10.456,50.820,51.706,0.000,0.000,0.0000
1462.680,-45.306,35.918,0.324,10.410,50.924,51.808,0.000,0.000,0.0000
1462.690,-45.203,35.911,0.324,10.368,51.027,51.910,0.000,0.000,0.0000
1462.700,-45.099,35.904,0.324,10.329,51.131,52.011,0.000,0.000,0.0000
1462.710,-44.996,35.897,0.325,10.293,51.234,52.111,0.000,0.000,0.0000
1462.720,-44.894,35.890,0.325,10.258,51.336,52.212,0.000,0.000,-0.0080
1462.730,-44.792,35.883,0.325,10.219,51.438,52.312,0.000,0.000,-0.0160
1462.740,-44.690,35.876,0.325,10.177,51.540,52.411,0.000,0.000,-0.0240
1462.750,-44.589,35.869,0.325,10.131,51.641,52.510,0.000,0.000,-0.0320
1462.760,-44.488,35.862,0.325,10.088,51.742,52.609,0.000,0.000,-0.0400
1462.770,-44.387,35.855,0.325,10.048,51.843,52.707,0.000,0.000,-0.0480
1462.780,-44.287,35.849,0.326,10.009,51.943,52.805,0.000,0.000,-0.0560
1462.790,-44.187,35.842,0.326,9.972,52.043,52.903,0.000,0.000,-0.0640
1462.800,-44.088,35.835,0.325,9.943,52.142,53.001,0.000,0.000,-0.0720
1462.810,-43.989,35.829,0.325,9.916,52.241,53.098,0.000,0.000,-0.0800
1462.820,-43.890,35.822,0.325,9.890,52.340,53.195,0.000,0.000,-0.0880
1462.830,-43.791,35.815,0.325,9.864,52.439,53.291,0.000,0.000,-0.0960
1462.840,-43.693,35.809,0.325,9.835,52.537,53.388,0.000,0.000,-0.1040
1462.850,-43.595,35.802,0.325,9.804,52.635,53.484,0.000,0.000,-0.1120
1462.860,-43.498,35.796,0.324,9.733,52.732,53.579,0.000,0.000,-0.1200
1462.870,-43.401,35.790,0.324,9.666,52.829,53.674,0.000,0.000,-0.1280
1462.880,-43.305,35.784,0.324,9.607,52.925,53.768,0.000,0.000,-0.1360
1462.890,-43.209,35.778,0.324,9.556,53.021,53.862,0.000,0.000,-0.1440
1462.900,-43.115,35.773,0.324,9.477,53.116,53.955,0.000,0.000,-0.1520
1462.910,-43.020,35.768,0.325,9.404,53.210,54.047,0.000,0.000,-0.1600
1462.920,-42.927,35.763,0.325,9.340,53.303,54.138,0.000,0.000,-0.1680
1462.930,-42.834,35.758,0.325,9.281,53.396,54.229,0.000,0.000,-0.1760
1462.940,-42.742,35.754,0.325,9.229,53.488,54.320,0.000,0.000,-0.1840
1462.950,-42.650,35.750,0.325,9.183,53.580,54.410,0.000,0.000,-0.1920
1462.960,-42.559,35.747,0.326,9.138,53.671,54.499,0.000,0.000,-0.2000
1462.970,-42.468,35.744,0.326,9.094,53.762,54.588,0.000,0.000,-0.1700
1462.980,-42.377,35.741,0.326,9.062,53.853,54.677,0.000,0.000,-0.1400
1462.990,-42.287,35.738,0.326,9.041,53.943,54.766,0.000,0.000,-0.1100
1463.000,-42.197,35.736,0.326,9.025,54.033,54.854,0.000,0.000,-0.0800
1463.010,-42.106,35.734,0.326,9.013,54.124,54.943,0.000,0.000,-0.0500
1463.020,-42.017,35.733,0.326,8.988,54.213,55.031,0.000,0.000,-0.0200
1463.030,-41.927,35.732,0.325,8.960,54.303,55.119,0.000,0.000,0.0000
1463.040,-41.838,35.731,0.325,8.931,54.392,55.207,0.000,0.000,0.0000
1463.050,-41.749,35.730,0.325,8.878,54.481,55.294,0.000,0.000,0.0000
1463.060,-41.661,35.730,0.325,8.832,54.569,55.381,0.000,0.000,0.0000
1463.070,-41.573,35.729,0.324,8.794,54.657,55.467,0.000,0.000,0.0000
1463.080,-41.485,35.729,0.324,8.761,54.745,55.553,0.000,0.000,0.0000
1463.090,-41.398,35.730,0.324,8.732,54.832,55.639,0.000,0.000,0.0000
1463.100,-41.311,35.730,0.324,8.704,54.919,55.724,0.000,0.000,0.0000
1463.110,-41.224,35.730,0.323,8.671,55.006,55.809,0.000,0.000,0.0000
1463.120,-41.138,35.731,0.323,8.628,55.092,55.894,0.000,0.000,0.0000
1463.130,-41.052,35.731,0.323,8.584,55.178,55.978,0.000,0.000,0.0000
1463.140,-40.966,35.732,0.323,8.543,55.264,56.062,0.000,0.000,0.0000
1463.150,-40.881,35.733,0.323,8.506,55.349,56.146,0.000,0.000,0.0000
1463.160,-40.797,35.734,0.323,8.480,55.434,56.229,0.040,0.000,0.0000
1463.170,-40.712,35.735,0.323,8.458,55.518,56.312,0.080,0.000,0.0000
1463.180,-40.628,35.736,0.322,8.435,55.602,56.395,0.120,0.000,0.0000
1463.190,-40.543,35.737,0.322,8.410,55.687,56.477,0.160,0.000,0.0000
1463.200,-40.460,35.738,0.322,8.382,55.770,56.560,0.200,0.000,0.0000
1463.210,-40.376,35.740,0.322,8.350,55.854,56.642,0.240,0.000,0.0000
1463.220,-40.293,35.741,0.322,8.317,55.937,56.723,0.280,0.000,0.0000
1463.230,-40.210,35.742,0.322,8.281,56.020,56.805,0.220,0.000,0.0000
1463.240,-40.128,35.743,0.322,8.242,56.102,56.886,0.160,0.000,0.0000
1463.250,-40.046,35.745,0.322,8.202,56.184,56.966,0.100,0.000,0.0000
1463.260,-39.964,35.746,0.322,8.160,56.266,57.046,0.040,0.000,0.0000
1463.270,-39.883,35.747,0.322,8.104,56.347,57.126,0.000,0.000,0.0000
1463.280,-39.803,35.748,0.322,8.052,56.427,57.205,0.000,0.000,0.0000
1463.290,-39.723,35.749,0.322,7.994,56.507,57.284,0.000,0.000,0.0000
1463.300,-39.643,35.750,0.322,7.942,56.587,57.362,0.000,0.000,0.0000
1463.310,-39.564,35.751,0.323,7.900,56.666,57.439,0.000,0.000,0.0000
1463.320,-39.486,35.752,0.323,7.863,56.744,57.516,0.000,0.000,0.0000
1463.330,-39.407,35.753,0.323,7.831,56.823,57.593,0.000,0.000,0.0000
1463.340,-39.329,35.754,0.323,7.799,56.901,57.670,0.000,0.000,0.0000
1463.350,-39.252,35.755,0.324,7.768,56.978,57.746,0.000,0.000,0.0000
1463.360,-39.174,35.756,0.324,7.736,57.056,57.822,0.000,0.000,0.0000
1463.370,-39.097,35.756,0.324,7.702,57.133,57.898,0.000,0.000,0.0000
1463.380,-39.021,35.757,0.324,7.667,57.209,57.973,0.000,0.000,0.0000
1463.390,-38.944,35.758,0.324,7.629,57.286,58.048,0.000,0.000,0.0000
1463.400,-38.868,35.759,0.324,7.590,57.362,58.123,0.000,0.000,0.0000
1463.410,-38.793,35.760,0.324,7.549,57.437,58.197,0.000,0.000,0.0000
1463.420,-38.718,35.761,0.324,7.506,57.512,58.271,0.000,0.000,0.0000
1463.430,-38.643,35.762,0.324,7.457,57.587,58.344,0.000,0.000,0.0000
1463.440,-38.569,35.763,0.324,7.401,57.661,58.417,0.000,0.000,0.0000
1463.450,-38.496,35.764,0.325,7.351,57.734,58.489,0.000,0.000,0.0000
1463.460,-38.423,35.765,0.325,7.305,57.807,58.561,0.000,0.000,0.0000
1463.470,-38.350,35.766,0.325,7.266,57.880,58.632,0.000,0.000,0.0000
1463.480,-38.278,35.767,0.325,7.232,57.952,58.703,0.000,0.000,0.0000
1463.490,-38.206,35.768,0.325,7.199,58.024,58.774,0.000,0.000,0.0000
1463.500,-38.134,35.769,0.325,7.166,58.096,58.845,0.000,0.000,0.0000
1463.510,-38.063,35.771,0.325,7.133,58.167,58.915,0.000,0.000,0.0000
1463.520,-37.992,35.772,0.325,7.099,58.238,58.985,0.000,0.000,0.0000
1463.530,-37.921,35.773,0.325,7.064,58.309,59.054,0.000,0.000,0.0000
1463.540,-37.851,35.774,0.325,7.027,58.379,59.123,0.000,0.000,0.0000
1463.550,-37.781,35.776,0.324,6.989,58.449,59.192,0.000,0.000,0.0000
1463.560,-37.711,35.777,0.324,6.949,58.519,59.260,0.000,0.000,0.0000
1463.570,-37.642,35.778,0.324,6.909,58.588,59.328,0.000,0.000,0.0000
1463.580,-37.574,35.779,0.324,6.867,58.656,59.396,0.000,0.000,0.0000
1463.590,-37.505,35.781,0.324,6.818,58.725,59.463,0.000,0.000,0.0000
1463.600,-37.438,35.782,0.324,6.771,58.792,59.530,0.000,0.000,0.0000
1463.610,-37.371,35.783,0.324,6.718,58.859,59.596,0.000,0.000,0.0000
1463.620,-37.304,35.784,0.324,6.671,58.926,59.661,0.000,0.000,0.0000
1463.630,-37.238,35.785,0.324,6.627,58.992,59.726,0.000,0.000,0.0000
1463.640,-37.172,35.786,0.324,6.587,59.058,59.791,0.000,0.000,0.0000
1463.650,-37.106,35.786,0.324,6.551,59.124,59.856,0.000,0.000,0.0000
1463.660,-37.041,35.787,0.324,6.518,59.189,59.920,0.000,0.000,0.0000
1463.670,-36.976,35.788,0.324,6.485,59.254,59.984,0.000,0.000,0.0000
1463.680,-36.912,35.789,0.324,6.452,59.318,60.047,0.000,0.000,0.0000
1463.690,-36.848,35.789,0.324,6.418,59.383,60.110,0.000,0.000,0.0000
1463.700,-36.784,35.790,0.324,6.383,59.446,60.173,0.000,0.000,0.0000
1463.710,-36.720,35.791,0.324,6.347,59.510,60.236,0.000,0.000,0.0000
1463.720,-36.657,35.791,0.324,6.309,59.573,60.298,0.000,0.000,0.0000
1463.730,-36.594,35.792,0.324,6.271,59.636,60.359,0.000,0.000,0.0000
1463.740,-36.532,35.793,0.323,6.231,59.698,60.421,0.040,0.000,0.0000
1463.750,-36.470,35.794,0.323,6.191,59.760,60.482,0.080,0.000,0.0000
1463.760,-36.409,35.794,0.323,6.150,59.821,60.542,0.120,0.000,0.0000
1463.770,-36.348,35.795,0.323,6.092,59.882,60.602,0.160,0.000,0.0000
1463.780,-36.287,35.796,0.323,6.039,59.943,60.662,0.200,0.000,0.0000
1463.790,-36.227,35.797,0.324,5.990,60.003,60.721,0.240,0.000,0.0000
1463.800,-36.168,35.798,0.324,5.946,60.062,60.779,0.280,0.000,0.0000
1463.810,-36.109,35.798,0.324,5.906,60.121,60.837,0.320,0.000,0.0000
1463.820,-36.050,35.799,0.324,5.868,60.180,60.895,0.360,0.000,0.0000
1463.830,-35.992,35.800,0.324,5.831,60.238,60.952,0.400,0.000,0.0000
1463.840,-35.934,35.801,0.324,5.795,60.296,61.010,0.440,0.000,0.0000
1463.850,-35.876,35.802,0.324,5.758,60.354,61.066,0.480,0.000,0.0000
1463.860,-35.819,35.803,0.324,5.724,60.411,61.123,0.520,0.000,0.0000
1463.870,-35.762,35.805,0.324,5.715,60.468,61.179,0.560,0.000,0.0000
1463.880,-35.705,35.806,0.324,5.726,60.525,61.235,0.600,0.000,0.0000
1463.890,-35.647,35.807,0.323,5.751,60.583,61.292,0.640,0.000,0.0000
1463.900,-35.589,35.808,0.323,5.785,60.641,61.349,0.680,0.000,0.0000
1463.910,-35.531,35.809,0.322,5.824,60.699,61.406,0.720,0.000,0.0000
1463.920,-35.473,35.810,0.321,5.865,60.757,61.464,0.760,0.000,0.0000
1463.930,-35.413,35.811,0.320,5.907,60.817,61.523,0.800,0.000,0.0000
1463.940,-35.354,35.812,0.319,5.947,60.876,61.581,0.840,0.000,0.0000
1463.950,-35.294,35.813,0.318,5.987,60.936,61.641,0.880,0.000,0.0000
1463.960,-35.234,35.814,0.317,6.026,60.996,61.700,0.920,0.000,0.0000
1463.970,-35.173,35.815,0.316,6.057,61.057,61.760,0.960,0.000,0.0000
1463.980,-35.112,35.815,0.315,6.090,61.118,61.820,1.000,0.000,0.0000
1463.990,-35.051,35.816,0.314,6.125,61.179,61.881,1.000,0.000,0.0000
1464.000,-34.990,35.817,0.313,6.165,61.240,61.941,1.000,0.000,0.0000
1464.010,-34.928,35.818,0.312,6.207,61.302,62.003,1.000,0.000,0.0000
1464.020,-34.865,35.819,0.311,6.251,61.365,62.065,1.000,0.000,0.0000
1464.030,-34.802,35.819,0.310,6.292,61.428,62.127,1.000,0.000,0.0000
1464.040,-34.739,35.820,0.309,6.332,61.491,62.189,1.000,0.000,0.0000
1464.050,-34.675,35.821,0.308,6.374,61.555,62.252,1.000,0.000,0.0000
1464.060,-34.611,35.822,0.308,6.417,61.619,62.315,1.000,0.000,0.0000
1464.070,-34.546,35.822,0.307,6.462,61.684,62.379,1.000,0.000,0.0000
1464.080,-34.481,35.823,0.306,6.507,61.749,62.443,1.000,0.000,0.0000
1464.090,-34.416,35.824,0.306,6.552,61.814,62.508,1.000,0.000,0.0000
1464.100,-34.350,35.825,0.306,6.597,61.880,62.573,1.000,0.000,0.0000
1464.110,-34.283,35.825,0.305,6.641,61.947,62.638,1.000,0.000,0.0000
1464.120,-34.216,35.826,0.305,6.684,62.014,62.704,1.000,0.000,0.0000
1464.130,-34.149,35.827,0.305,6.726,62.081,62.771,1.000,0.000,0.0000
1464.140,-34.082,35.828,0.305,6.767,62.148,62.837,1.000,0.000,0.0000
1464.150,-34.013,35.829,0.305,6.807,62.217,62.904,1.000,0.000,0.0000
1464.160,-33.945,35.830,0.305,6.840,62.285,62.972,1.000,0.000,0.0000
1464.170,-33.876,35.830,0.306,6.878,62.354,63.040,1.000,0.000,0.0000
1464.180,-33.807,35.831,0.306,6.915,62.423,63.108,1.000,0.000,0.0000
1464.190,-33.738,35.832,0.306,6.955,62.492,63.176,1.000,0.000,0.0000
1464.200,-33.668,35.833,0.307,6.996,62.562,63.245,1.000,0.000,0.0000
1464.210,-33.597,35.834,0.307,7.034,62.633,63.314,1.000,0.000,0.0000
1464.220,-33.527,35.836,0.307,7.073,62.703,63.384,1.000,0.000,0.0000
1464.230,-33.455,35.837,0.308,7.115,62.775,63.454,1.000,0.000,0.0000
1464.240,-33.384,35.838,0.308,7.158,62.846,63.524,1.000,0.000,0.0000
1464.250,-33.312,35.839,0.309,7.202,62.918,63.595,1.000,0.000,0.0000
1464.260,-33.239,35.840,0.309,7.246,62.991,63.667,1.000,0.000,0.0000
1464.270,-33.166,35.841,0.309,7.289,63.064,63.739,1.000,0.000,0.0000
1464.280,-33.093,35.843,0.310,7.331,63.137,63.811,1.000,0.000,0.0000
1464.290,-33.019,35.844,0.310,7.372,63.211,63.883,1.000,0.000,0.0000
1464.300,-32.945,35.845,0.310,7.411,63.285,63.956,1.000,0.000,0.0000
1464.310,-32.871,35.846,0.311,7.450,63.359,64.030,1.000,0.000,0.0000
1464.320,-32.796,35.847,0.311,7.487,63.434,64.104,1.000,0.000,0.0000
1464.330,-32.721,35.848,0.311,7.518,63.509,64.178,1.000,0.000,0.0000
1464.340,-32.645,35.850,0.311,7.551,63.585,64.252,1.000,0.000,0.0000
1464.350,-32.569,35.851,0.312,7.584,63.661,64.327,1.000,0.000,0.0000
1464.360,-32.493,35.852,0.312,7.622,63.737,64.402,1.000,0.000,0.0000
1464.370,-32.417,35.853,0.312,7.659,63.813,64.477,1.000,0.000,0.0000
1464.380,-32.340,35.854,0.312,7.699,63.890,64.553,1.000,0.000,0.0000
1464.390,-32.262,35.855,0.312,7.741,63.968,64.630,1.000,0.000,0.0000
1464.400,-32.184,35.856,0.312,7.785,64.046,64.706,1.000,0.000,0.0000
1464.410,-32.106,35.857,0.312,7.829,64.124,64.784,1.000,0.000,0.0000
1464.420,-32.027,35.858,0.312,7.873,64.203,64.861,1.000,0.000,0.0000
1464.430,-31.948,35.859,0.312,7.917,64.282,64.939,1.000,0.000,0.0000
1464.440,-31.869,35.860,0.312,7.959,64.361,65.018,1.000,0.000,0.0000
1464.450,-31.789,35.861,0.312,8.000,64.441,65.097,1.000,0.000,0.0000
1464.460,-31.708,35.862,0.312,8.039,64.522,65.176,1.000,0.000,0.0000
1464.470,-31.627,35.862,0.311,8.077,64.603,65.256,1.000,0.000,0.0000
1464.480,-31.546,35.863,0.311,8.107,64.684,65.336,1.000,0.000,0.0000
1464.490,-31.465,35.864,0.311,8.140,64.765,65.416,1.000,0.000,0.0000
1464.500,-31.383,35.865,0.311,8.173,64.847,65.497,1.000,0.000,0.0000
1464.510,-31.301,35.866,0.311,8.211,64.929,65.578,1.000,0.000,0.0000
1464.520,-31.219,35.868,0.311,8.249,65.011,65.659,1.000,0.000,0.0000
1464.530,-31.136,35.869,0.311,8.291,65.094,65.741,1.000,0.000,0.0000
1464.540,-31.052,35.870,0.311,8.335,65.178,65.823,1.000,0.000,0.0000
1464.550,-30.969,35.871,0.310,8.380,65.261,65.906,1.000,0.000,0.0000
1464.560,-30.884,35.873,0.310,8.426,65.346,65.989,1.000,0.000,0.0000
1464.570,-30.800,35.874,0.310,8.471,65.430,66.073,1.000,0.000,0.0000
1464.580,-30.714,35.875,0.310,8.514,65.516,66.157,1.000,0.000,0.0000
1464.590,-30.629,35.876,0.310,8.557,65.601,66.241,1.000,0.000,0.0000
1464.600,-30.543,35.878,0.310,8.597,65.687,66.326,1.000,0.000,0.0000
1464.610,-30.457,35.879,0.310,8.635,65.773,66.411,1.000,0.000,0.0000
1464.620,-30.370,35.880,0.310,8.665,65.860,66.497,1.000,0.000,0.0000
1464.630,-30.283,35.882,0.310,8.700,65.947,66.583,1.000,0.000,0.0000
1464.640,-30.196,35.883,0.309,8.737,66.034,66.669,1.000,0.000,0.0000
1464.650,-30.108,35.884,0.310,8.770,66.122,66.756,1.000,0.000,0.0000
1464.660,-30.020,35.886,0.310,8.808,66.210,66.843,1.000,0.000,0.0000
1464.670,-29.931,35.887,0.310,8.850,66.299,66.930,1.000,0.000,0.0000
1464.680,-29.842,35.888,0.310,8.895,66.388,67.018,1.000,0.000,0.0000
1464.690,-29.753,35.889,0.310,8.940,66.477,67.106,1.000,0.000,0.0000
1464.700,-29.663,35.890,0.310,8.987,66.567,67.195,1.000,0.000,0.0000
1464.710,-29.573,35.891,0.310,9.032,66.657,67.284,1.000,0.000,0.0000
1464.720,-29.482,35.893,0.310,9.075,66.748,67.373,1.000,0.000,0.0000
1464.730,-29.391,35.894,0.310,9.116,66.839,67.463,1.000,0.000,0.0000
1464.740,-29.299,35.895,0.310,9.155,66.931,67.554,1.000,0.000,0.0000
1464.750,-29.207,35.896,0.310,9.192,67.023,67.645,1.000,0.000,0.0000
1464.760,-29.115,35.897,0.310,9.224,67.115,67.736,1.000,0.000,0.0000
1464.770,-29.023,35.898,0.310,9.258,67.207,67.827,1.000,0.000,0.0000
1464.780,-28.930,35.899,0.310,9.290,67.300,67.919,1.000,0.000,0.0000
1464.790,-28.836,35.900,0.310,9.326,67.394,68.011,1.000,0.000,0.0000
1464.800,-28.743,35.902,0.310,9.368,67.487,68.103,1.000,0.000,0.0000
1464.810,-28.649,35.903,0.310,9.412,67.581,68.196,1.000,0.000,0.0000
1464.820,-28.554,35.904,0.310,9.458,67.676,68.290,1.000,0.000,0.0000
1464.830,-28.459,35.906,0.310,9.504,67.771,68.384,1.000,0.000,0.0000
1464.840,-28.363,35.907,0.310,9.549,67.867,68.478,1.000,0.000,0.0000
1464.850,-28.268,35.908,0.310,9.592,67.962,68.573,1.000,0.000,0.0000
1464.860,-28.171,35.910,0.310,9.633,68.059,68.668,1.000,0.000,0.0000
1464.870,-28.075,35.911,0.310,9.671,68.155,68.763,1.000,0.000,0.0000
1464.880,-27.978,35.913,0.310,9.701,68.252,68.859,1.000,0.000,0.0000
1464.890,-27.880,35.914,0.310,9.733,68.350,68.955,1.000,0.000,0.0000
1464.900,-27.783,35.915,0.310,9.763,68.447,69.052,1.000,0.000,0.0000
1464.910,-27.685,35.917,0.310,9.798,68.545,69.149,1.000,0.000,0.0000
1464.920,-27.586,35.918,0.311,9.839,68.644,69.246,1.000,0.000,0.0000
1464.930,-27.487,35.919,0.311,9.884,68.743,69.343,1.000,0.000,0.0000
1464.940,-27.388,35.921,0.311,9.931,68.842,69.442,1.000,0.000,0.0000
1464.950,-27.288,35.922,0.311,9.978,68.942,69.540,1.000,0.000,0.0000
1464.960,-27.188,35.923,0.310,10.024,69.042,69.639,1.000,0.000,0.0000
1464.970,-27.087,35.924,0.310,10.068,69.143,69.739,1.000,0.000,0.0000
1464.980,-26.986,35.926,0.310,10.109,69.244,69.839,1.000,0.000,0.0000
1464.990,-26.885,35.927,0.310,10.147,69.345,69.939,1.000,0.000,0.0000
1465.000,-26.783,35.928,0.310,10.177,69.447,70.039,1.000,0.000,0.0000
1465.010,-26.681,35.929,0.310,10.210,69.549,70.140,1.000,0.000,0.0000
1465.020,-26.578,35.931,0.310,10.240,69.652,70.242,1.000,0.000,0.0000
1465.030,-26.476,35.932,0.310,10.276,69.754,70.343,1.000,0.000,0.0000
1465.040,-26.373,35.933,0.310,10.318,69.857,70.445,1.000,0.000,0.0000
1465.050,-26.269,35.935,0.310,10.364,69.961,70.548,1.000,0.000,0.0000
1465.060,-26.165,35.936,0.310,10.411,70.065,70.650,1.000,0.000,0.0000
1465.070,-26.060,35.938,0.310,10.458,70.170,70.754,1.000,0.000,0.0000
1465.080,-25.955,35.939,0.310,10.503,70.275,70.858,1.000,0.000,0.0000
1465.090,-25.850,35.940,0.310,10.546,70.380,70.962,1.000,0.000,0.0000
1465.100,-25.744,35.942,0.310,10.586,70.486,71.067,1.000,0.000,0.0000
1465.110,-25.638,35.943,0.310,10.622,70.592,71.172,1.000,0.000,0.0000
1465.120,-25.531,35.945,0.310,10.654,70.699,71.277,1.000,0.000,0.0000
1465.130,-25.424,35.946,0.310,10.688,70.806,71.383,1.000,0.000,0.0000
1465.140,-25.317,35.948,0.310,10.721,70.913,71.489,1.000,0.000,0.0000
1465.150,-25.209,35.949,0.310,10.759,71.021,71.595,1.000,0.000,0.0000
1465.160,-25.101,35.951,0.310,10.802,71.129,71.702,1.000,0.000,0.0000
1465.170,-24.993,35.952,0.310,10.848,71.237,71.809,1.000,0.000,0.0000
1465.180,-24.884,35.954,0.310,10.895,71.346,71.917,1.000,0.000,0.0000
1465.190,-24.775,35.955,0.310,10.940,71.455,72.025,1.000,0.000,0.0000
1465.200,-24.665,35.956,0.310,10.983,71.565,72.134,1.000,0.000,0.0000
1465.210,-24.554,35.958,0.310,11.023,71.676,72.243,1.000,0.000,0.0000
1465.220,-24.444,35.959,0.310,11.059,71.786,72.352,1.000,0.000,0.0000
1465.230,-24.333,35.960,0.310,11.091,71.897,72.462,1.000,0.000,0.0000
1465.240,-24.222,35.961,0.310,11.107,72.008,72.572,1.000,0.000,0.0000
1465.250,-24.111,35.963,0.310,11.119,72.119,72.681,1.000,0.000,0.0000
1465.260,-23.999,35.964,0.310,11.129,72.231,72.792,1.000,0.000,0.0000
1465.270,-23.888,35.966,0.311,11.139,72.342,72.902,1.000,0.000,0.0000
1465.280,-23.777,35.967,0.311,11.149,72.453,73.012,1.000,0.000,0.0000
1465.290,-23.665,35.969,0.311,11.157,72.565,73.122,1.000,0.000,0.0000
1465.300,-23.553,35.970,0.312,11.162,72.677,73.233,1.000,0.000,0.0000
1465.310,-23.442,35.972,0.312,11.164,72.788,73.343,1.000,0.000,0.0000
1465.320,-23.330,35.973,0.313,11.163,72.900,73.453,1.000,0.000,0.0000
1465.330,-23.219,35.975,0.313,11.154,73.011,73.564,1.000,0.000,0.0000
1465.340,-23.107,35.976,0.314,11.147,73.123,73.674,1.000,0.000,0.0000
1465.350,-22.996,35.978,0.314,11.138,73.234,73.784,1.000,0.000,0.0000
1465.360,-22.884,35.979,0.315,11.135,73.346,73.894,1.000,0.000,0.0000
1465.370,-22.773,35.980,0.316,11.137,73.457,74.004,1.000,0.000,0.0000
1465.380,-22.662,35.982,0.316,11.143,73.568,74.114,1.000,0.000,0.0000
1465.390,-22.550,35.983,0.317,11.150,73.680,74.225,1.000,0.000,0.0000
1465.400,-22.439,35.984,0.317,11.156,73.791,74.335,1.000,0.000,0.0000
1465.410,-22.327,35.986,0.317,11.160,73.903,74.445,1.000,0.000,0.0000
1465.420,-22.215,35.987,0.318,11.160,74.015,74.556,1.000,0.000,0.0000
1465.430,-22.104,35.988,0.318,11.157,74.126,74.666,1.000,0.000,0.0000
1465.440,-21.992,35.989,0.318,11.148,74.238,74.776,1.000,0.000,0.0000
1465.450,-21.881,35.991,0.319,11.136,74.349,74.886,1.000,0.000,0.0000
1465.460,-21.770,35.992,0.319,11.129,74.460,74.997,1.000,0.000,0.0000
1465.470,-21.658,35.993,0.319,11.127,74.572,75.107,1.000,0.000,0.0000
1465.480,-21.547,35.995,0.319,11.130,74.683,75.217,1.000,0.000,0.0000
1465.490,-21.436,35.996,0.319,11.136,74.794,75.327,1.000,0.000,0.0000
1465.500,-21.324,35.998,0.319,11.142,74.906,75.437,1.000,0.000,0.0000
1465.510,-21.213,35.999,0.319,11.147,75.017,75.548,1.000,0.000,0.0000
1465.520,-21.101,36.001,0.319,11.149,75.129,75.658,1.000,0.000,0.0000
1465.530,-20.990,36.002,0.319,11.148,75.240,75.768,1.000,0.000,0.0000
1465.540,-20.878,36.004,0.319,11.137,75.352,75.879,1.000,0.000,0.0000
1465.550,-20.767,36.005,0.319,11.130,75.463,75.989,1.000,0.000,0.0000
1465.560,-20.656,36.007,0.319,11.122,75.574,76.099,1.000,0.000,0.0000
1465.570,-20.545,36.008,0.319,11.117,75.685,76.209,1.000,0.000,0.0000
1465.580,-20.434,36.009,0.319,11.118,75.796,76.319,1.000,0.000,0.0000
1465.590,-20.322,36.011,0.318,11.123,75.908,76.429,1.000,0.000,0.0000
1465.600,-20.211,36.012,0.318,11.130,76.019,76.540,1.000,0.000,0.0000
1465.610,-20.100,36.013,0.318,11.137,76.130,76.650,1.000,0.000,0.0000
1465.620,-19.988,36.015,0.318,11.142,76.242,76.760,1.000,0.000,0.0000
1465.630,-19.877,36.016,0.318,11.145,76.353,76.871,1.000,0.000,0.0000
1465.640,-19.765,36.017,0.317,11.144,76.465,76.981,1.000,0.000,0.0000
1465.650,-19.654,36.018,0.317,11.135,76.576,77.091,1.000,0.000,0.0000
1465.660,-19.543,36.020,0.317,11.124,76.687,77.202,1.000,0.000,0.0000
1465.670,-19.432,36.021,0.317,11.119,76.798,77.312,1.000,0.000,0.0000
1465.680,-19.320,36.022,0.317,11.117,76.910,77.422,1.000,0.000,0.0000
1465.690,-19.209,36.024,0.317,11.120,77.021,77.532,1.000,0.000,0.0000
1465.700,-19.098,36.025,0.317,11.127,77.132,77.642,1.000,0.000,0.0000
1465.710,-18.987,36.026,0.316,11.135,77.243,77.753,1.000,0.000,0.0000
1465.720,-18.875,36.028,0.316,11.141,77.355,77.863,1.000,0.000,0.0000
1465.730,-18.764,36.029,0.316,11.146,77.466,77.973,1.000,0.000,0.0000
1465.740,-18.652,36.031,0.316,11.147,77.578,78.084,1.000,0.000,0.0000
1465.750,-18.541,36.032,0.316,11.146,77.689,78.194,1.000,0.000,0.0000
1465.760,-18.429,36.034,0.316,11.138,77.801,78.305,1.000,0.000,0.0000
1465.770,-18.318,36.035,0.316,11.128,77.912,78.415,1.000,0.000,0.0000
1465.780,-18.207,36.036,0.316,11.124,78.023,78.525,1.000,0.000,0.0000
1465.790,-18.096,36.038,0.316,11.123,78.134,78.635,1.000,0.000,0.0000
1465.800,-17.984,36.039,0.316,11.126,78.246,78.745,1.000,0.000,0.0000
1465.810,-17.873,36.040,0.316,11.132,78.357,78.856,1.000,0.000,0.0000
1465.820,-17.762,36.042,0.316,11.139,78.468,78.966,1.000,0.000,0.0000
1465.830,-17.650,36.043,0.316,11.145,78.580,79.076,1.000,0.000,0.0000
1465.840,-17.539,36.044,0.316,11.148,78.691,79.187,1.000,0.000,0.0000
1465.850,-17.427,36.045,0.316,11.148,78.803,79.297,1.000,0.000,0.0000
1465.860,-17.316,36.046,0.316,11.139,78.914,79.408,1.000,0.000,0.0000
1465.870,-17.205,36.048,0.316,11.127,79.025,79.518,1.000,0.000,0.0000
1465.880,-17.093,36.049,0.317,11.121,79.137,79.628,1.000,0.000,0.0000
1465.890,-16.982,36.050,0.317,11.120,79.248,79.738,1.000,0.000,0.0000
1465.900,-16.871,36.051,0.317,11.122,79.359,79.849,1.000,0.000,0.0000
1465.910,-16.760,36.053,0.317,11.127,79.470,79.959,1.000,0.000,0.0000
1465.920,-16.648,36.054,0.317,11.134,79.582,80.069,1.000,0.000,0.0000
1465.930,-16.537,36.055,0.317,11.141,79.693,80.180,1.000,0.000,0.0000
1465.940,-16.426,36.057,0.317,11.145,79.804,80.290,1.000,0.000,0.0000
1465.950,-16.314,36.058,0.317,11.148,79.916,80.400,1.000,0.000,0.0000
1465.960,-16.203,36.060,0.317,11.147,80.027,80.511,1.000,0.000,0.0000
1465.970,-16.091,36.061,0.317,11.138,80.139,80.621,1.000,0.000,0.0000
1465.980,-15.980,36.062,0.317,11.127,80.250,80.732,1.000,0.000,0.0000
1465.990,-15.869,36.064,0.317,11.121,80.361,80.842,1.000,0.000,0.0000
1466.000,-15.758,36.065,0.317,11.120,80.472,80.952,1.000,0.000,0.0000
1466.010,-15.646,36.066,0.317,11.122,80.584,81.062,1.000,0.000,0.0000
1466.020,-15.535,36.068,0.317,11.128,80.695,81.173,1.000,0.000,0.0000
1466.030,-15.424,36.069,0.317,11.134,80.806,81.283,1.000,0.000,0.0000
1466.040,-15.312,36.070,0.317,11.140,80.918,81.393,1.000,0.000,0.0000
1466.050,-15.201,36.071,0.317,11.144,81.029,81.504,1.000,0.000,0.0000
1466.060,-15.089,36.072,0.317,11.146,81.141,81.614,1.000,0.000,0.0000
1466.070,-14.978,36.074,0.317,11.144,81.252,81.725,1.000,0.000,0.0000
1466.080,-14.867,36.075,0.317,11.131,81.363,81.835,1.000,0.000,0.0000
1466.090,-14.755,36.076,0.317,11.122,81.475,81.945,1.000,0.000,0.0000
1466.100,-14.644,36.077,0.317,11.119,81.586,82.056,1.000,0.000,0.0000
1466.110,-14.533,36.078,0.317,11.119,81.697,82.166,1.000,0.000,0.0000
1466.120,-14.422,36.080,0.317,11.123,81.808,82.276,1.000,0.000,0.0000
1466.130,-14.311,36.081,0.317,11.129,81.919,82.387,1.000,0.000,0.0000
1466.140,-14.199,36.082,0.317,11.136,82.031,82.497,1.000,0.000,0.0000
1466.150,-14.088,36.084,0.317,11.141,82.142,82.608,1.000,0.000,0.0000
1466.160,-13.976,36.085,0.317,11.144,82.254,82.718,1.000,0.000,0.0000
1466.170,-13.865,36.086,0.317,11.144,82.365,82.829,1.000,0.000,0.0000
1466.180,-13.754,36.088,0.317,11.135,82.476,82.939,1.000,0.000,0.0000
1466.190,-13.642,36.089,0.317,11.124,82.588,83.049,1.000,0.000,0.0000
1466.200,-13.531,36.090,0.317,11.118,82.699,83.160,1.000,0.000,0.0000
1466.210,-13.420,36.092,0.317,11.117,82.810,83.270,1.000,0.000,0.0000
1466.220,-13.309,36.093,0.317,11.119,82.921,83.380,1.000,0.000,0.0000
1466.230,-13.197,36.094,0.317,11.124,83.033,83.490,1.000,0.000,0.0000
1466.240,-13.086,36.095,0.317,11.130,83.144,83.601,1.000,0.000,0.0000
1466.250,-12.975,36.097,0.317,11.137,83.255,83.711,1.000,0.000,0.0000
1466.260,-12.863,36.098,0.317,11.141,83.367,83.822,1.000,0.000,0.0000
1466.270,-12.752,36.099,0.317,11.144,83.478,83.932,1.000,0.000,0.0000
1466.280,-12.641,36.100,0.317,11.143,83.589,84.043,1.000,0.000,0.0000
1466.290,-12.529,36.101,0.317,11.130,83.701,84.153,1.000,0.000,0.0000
1466.300,-12.418,36.102,0.317,11.120,83.812,84.263,1.000,0.000,0.0000
1466.310,-12.307,36.103,0.317,11.117,83.923,84.374,1.000,0.000,0.0000
1466.320,-12.196,36.105,0.317,11.117,84.034,84.484,1.000,0.000,0.0000
1466.330,-12.084,36.106,0.317,11.121,84.146,84.594,1.000,0.000,0.0000
1466.340,-11.973,36.107,0.317,11.126,84.257,84.705,1.000,0.000,0.0000
1466.350,-11.862,36.108,0.317,11.133,84.368,84.815,1.000,0.000,0.0000
1466.360,-11.750,36.110,0.317,11.139,84.480,84.926,1.000,0.000,0.0000
1466.370,-11.639,36.111,0.317,11.142,84.591,85.036,1.000,0.000,0.0000
1466.380,-11.528,36.112,0.317,11.144,84.702,85.147,1.000,0.000,0.0000
1466.390,-11.416,36.114,0.317,11.134,84.814,85.257,1.000,0.000,0.0000
1466.400,-11.305,36.115,0.317,11.125,84.925,85.368,1.000,0.000,0.0000
1466.410,-11.194,36.116,0.317,11.119,85.036,85.478,1.000,0.000,0.0000
1466.420,-11.083,36.118,0.317,11.117,85.147,85.588,1.000,0.000,0.0000
1466.430,-10.972,36.119,0.317,11.119,85.259,85.698,1.000,0.000,0.0000
1466.440,-10.860,36.120,0.317,11.123,85.370,85.809,1.000,0.000,0.0000
1466.450,-10.749,36.121,0.317,11.128,85.481,85.919,1.000,0.000,0.0000
1466.460,-10.638,36.122,0.317,11.134,85.592,86.030,1.000,0.000,0.0000
1466.470,-10.526,36.123,0.317,11.139,85.704,86.140,1.000,0.000,0.0000
1466.480,-10.415,36.125,0.317,11.142,85.815,86.251,1.000,0.000,0.0000
1466.490,-10.303,36.126,0.317,11.142,85.927,86.361,1.000,0.000,0.0000
1466.500,-10.192,36.127,0.317,11.128,86.038,86.472,1.000,0.000,0.0000
1466.510,-10.081,36.128,0.317,11.119,86.149,86.582,1.000,0.000,0.0000
1466.520,-9.970,36.129,0.317,11.115,86.260,86.692,1.000,0.000,0.0000
1466.530,-9.859,36.130,0.317,11.115,86.371,86.803,1.000,0.000,0.0000
1466.540,-9.747,36.131,0.317,11.118,86.483,86.913,1.000,0.000,0.0000
1466.550,-9.636,36.132,0.317,11.124,86.594,87.023,1.000,0.000,0.0000
1466.560,-9.525,36.134,0.317,11.130,86.705,87.134,1.000,0.000,0.0000
1466.570,-9.414,36.135,0.317,11.135,86.816,87.244,1.000,0.000,0.0000
1466.580,-9.302,36.136,0.317,11.140,86.928,87.355,1.000,0.000,0.0000
1466.590,-9.191,36.137,0.317,11.142,87.039,87.466,1.000,0.000,0.0000
1466.600,-9.079,36.139,0.317,11.141,87.151,87.576,1.000,0.000,0.0000
1466.610,-8.968,36.140,0.317,11.128,87.262,87.687,1.000,0.000,0.0000
1466.620,-8.857,36.141,0.317,11.119,87.373,87.797,1.000,0.000,0.0000
1466.630,-8.746,36.143,0.317,11.116,87.484,87.907,1.000,0.000,0.0000
1466.640,-8.635,36.144,0.317,11.117,87.595,88.018,1.000,0.000,0.0000
1466.650,-8.523,36.145,0.317,11.120,87.707,88.128,1.000,0.000,0.0000
1466.660,-8.412,36.146,0.317,11.125,87.818,88.238,1.000,0.000,0.0000
1466.670,-8.301,36.147,0.317,11.131,87.929,88.349,1.000,0.000,0.0000
1466.680,-8.189,36.148,0.317,11.136,88.041,88.459,1.000,0.000,0.0000
1466.690,-8.078,36.149,0.317,11.139,88.152,88.570,1.000,0.000,0.0000
1466.700,-7.967,36.150,0.317,11.140,88.263,88.681,1.000,0.000,0.0000
1466.710,-7.855,36.151,0.317,11.126,88.375,88.791,1.000,0.000,0.0000
1466.720,-7.744,36.152,0.317,11.116,88.486,88.901,1.000,0.000,0.0000
1466.730,-7.633,36.153,0.317,11.112,88.597,89.012,1.000,0.000,0.0000
1466.740,-7.522,36.155,0.317,11.113,88.708,89.122,1.000,0.000,0.0000
1466.750,-7.411,36.156,0.317,11.116,88.819,89.232,1.000,0.000,0.0000
1466.760,-7.300,36.157,0.317,11.121,88.930,89.343,1.000,0.000,0.0000
1466.770,-7.188,36.158,0.317,11.127,89.042,89.453,1.000,0.000,0.0000
1466.780,-7.077,36.159,0.317,11.132,89.153,89.564,1.000,0.000,0.0000
1466.790,-6.966,36.161,0.317,11.137,89.264,89.674,1.000,0.000,0.0000
1466.800,-6.854,36.162,0.317,11.140,89.376,89.785,1.000,0.000,0.0000
1466.810,-6.743,36.163,0.317,11.138,89.487,89.896,1.000,0.000,0.0000
1466.820,-6.632,36.164,0.317,11.125,89.598,90.006,1.000,0.000,0.0000
1466.830,-6.520,36.165,0.317,11.117,89.710,90.116,1.000,0.000,0.0000
1466.840,-6.409,36.167,0.317,11.113,89.821,90.227,1.000,0.000,0.0000
1466.850,-6.298,36.168,0.317,11.114,89.932,90.337,1.000,0.000,0.0000
1466.860,-6.187,36.169,0.317,11.117,90.043,90.448,1.000,0.000,0.0000
1466.870,-6.076,36.170,0.317,11.122,90.154,90.558,1.000,0.000,0.0000
1466.880,-5.964,36.171,0.317,11.128,90.266,90.669,1.000,0.000,0.0000
1466.890,-5.853,36.172,0.317,11.133,90.377,90.779,1.000,0.000,0.0000
1466.900,-5.742,36.173,0.317,11.137,90.488,90.890,1.000,0.000,0.0000
1466.910,-5.630,36.174,0.317,11.139,90.600,91.000,1.000,0.000,0.0000
1466.920,-5.519,36.175,0.317,11.134,90.711,91.111,1.000,0.000,0.0000
1466.930,-5.408,36.176,0.317,11.122,90.822,91.221,1.000,0.000,0.0000
1466.940,-5.297,36.177,0.317,11.115,90.933,91.332,1.000,0.000,0.0000
1466.950,-5.186,36.178,0.317,11.114,91.044,91.442,0.940,0.000,0.0000
1466.960,-5.075,36.179,0.317,11.102,91.155,91.552,0.880,0.000,0.0000
1466.970,-4.964,36.181,0.317,11.082,91.266,91.662,0.820,0.000,0.0000
1466.980,-4.853,36.182,0.317,11.057,91.377,91.772,0.760,0.000,0.0000
1466.990,-4.743,36.183,0.317,11.028,91.487,91.882,0.700,0.000,0.0000
1467.000,-4.633,36.184,0.318,10.996,91.597,91.991,0.640,0.000,0.0000
1467.010,-4.523,36.185,0.318,10.960,91.707,92.100,0.580,0.000,0.0000
1467.020,-4.414,36.186,0.318,10.920,91.816,92.208,0.520,0.000,0.0000
1467.030,-4.305,36.188,0.319,10.864,91.925,92.316,0.460,0.000,0.0000
1467.040,-4.197,36.189,0.320,10.812,92.033,92.423,0.400,0.000,0.0000
1467.050,-4.090,36.190,0.320,10.766,92.140,92.530,0.340,0.000,0.0000
1467.060,-3.982,36.191,0.321,10.725,92.248,92.637,0.280,0.000,0.0000
1467.070,-3.876,36.192,0.321,10.687,92.354,92.743,0.220,0.000,0.0000
1467.080,-3.769,36.193,0.322,10.651,92.461,92.848,0.160,0.000,0.0000
1467.090,-3.663,36.194,0.323,10.615,92.567,92.954,0.100,0.000,0.0000
1467.100,-3.557,36.195,0.323,10.579,92.673,93.059,0.040,0.000,0.0000
1467.110,-3.452,36.196,0.324,10.544,92.778,93.163,0.000,0.000,0.0000
1467.120,-3.347,36.197,0.324,10.506,92.883,93.268,0.000,0.000,0.0000
1467.130,-3.242,36.198,0.324,10.463,92.988,93.372,0.000,0.000,0.0000
1467.140,-3.138,36.199,0.325,10.410,93.092,93.475,0.000,0.000,0.0000
1467.150,-3.034,36.200,0.325,10.361,93.196,93.578,0.000,0.000,0.0000
1467.160,-2.931,36.201,0.326,10.317,93.299,93.680,0.000,0.000,0.0000
1467.170,-2.828,36.201,0.326,10.277,93.402,93.782,0.000,0.000,0.0000
1467.180,-2.726,36.202,0.326,10.240,93.504,93.884,0.000,0.000,0.0000
1467.190,-2.624,36.203,0.326,10.203,93.606,93.986,0.000,0.000,0.0000
1467.200,-2.522,36.204,0.326,10.167,93.708,94.087,0.000,0.000,0.0000
1467.210,-2.421,36.206,0.326,10.130,93.809,94.187,0.000,0.000,0.0000
1467.220,-2.320,36.207,0.327,10.092,93.910,94.287,0.000,0.000,0.0000
1467.230,-2.219,36.208,0.326,10.055,94.011,94.387,0.000,0.000,0.0000
1467.240,-2.119,36.209,0.326,10.015,94.111,94.487,0.000,0.000,0.0000
1467.250,-2.020,36.210,0.326,9.971,94.210,94.586,0.000,0.000,0.0000
1467.260,-1.920,36.211,0.326,9.921,94.310,94.685,0.000,0.000,0.0000
1467.270,-1.822,36.212,0.326,9.874,94.408,94.783,0.000,0.000,0.0000
1467.280,-1.723,36.213,0.326,9.831,94.507,94.880,0.000,0.000,0.0000
1467.290,-1.625,36.214,0.326,9.792,94.605,94.978,0.000,0.000,0.0000
1467.300,-1.528,36.215,0.326,9.755,94.702,95.075,0.000,0.000,0.0000
1467.310,-1.431,36.216,0.325,9.719,94.799,95.171,0.000,0.000,0.0000
1467.320,-1.334,36.216,0.325,9.683,94.896,95.267,0.000,0.000,0.0000
