timestamp_sec,ego_x,ego_y,ego_z,ego_speed_mps,distance_to_intersection_m,distance_to_pedestrian_m,human_throttle,human_brake,human_steering_rad
1499.380,-97.020,-52.451,0.317,0.000,0.790,8.238,0.000,0.000,0.0000
1499.390,-97.020,-52.451,0.317,0.000,0.790,8.256,0.000,0.000,0.0000
1499.400,-97.020,-52.451,0.317,0.000,0.790,8.274,0.000,0.000,0.0000
1499.410,-97.020,-52.451,0.317,0.000,0.790,8.292,0.000,0.000,0.0000
1499.420,-97.020,-52.451,0.317,0.000,0.790,8.310,0.000,0.000,0.0000
1499.430,-97.020,-52.451,0.317,0.000,0.790,8.328,0.000,0.000,0.0000
1499.440,-97.020,-52.451,0.317,0.000,0.790,8.346,0.000,0.000,0.0000
1499.450,-97.020,-52.451,0.317,0.000,0.790,8.364,0.000,0.000,0.0000
1499.460,-97.020,-52.451,0.317,0.000,0.790,8.381,0.000,0.000,0.0000
1499.470,-97.020,-52.451,0.317,0.000,0.790,8.399,0.000,0.000,0.0000
1499.480,-97.020,-52.451,0.317,0.000,0.790,8.417,0.000,0.000,0.0000
1499.490,-97.020,-52.451,0.317,0.000,0.790,8.435,0.000,0.000,0.0000
1499.500,-97.020,-52.451,0.317,0.000,0.790,8.453,0.000,0.000,0.0000
1499.510,-97.020,-52.451,0.317,0.000,0.790,8.471,0.000,0.000,0.0000
1499.520,-97.020,-52.451,0.317,0.000,0.790,8.489,0.000,0.000,0.0000
1499.530,-97.020,-52.451,0.317,0.000,0.790,8.506,0.000,0.000,0.0000
1499.540,-97.020,-52.451,0.317,0.000,0.790,8.524,0.000,0.000,0.0000
1499.550,-97.020,-52.451,0.317,0.000,0.790,8.542,0.000,0.000,0.0000
1499.560,-97.020,-52.451,0.317,0.000,0.790,8.560,0.000,0.000,0.0000
1499.570,-97.020,-52.451,0.317,0.000,0.790,8.578,0.000,0.000,0.0000
1499.580,-97.020,-52.451,0.317,0.000,0.790,8.596,0.000,0.000,0.0000
1499.590,-97.020,-52.451,0.317,0.000,0.790,8.614,0.000,0.000,0.0000
1499.600,-97.020,-52.451,0.317,0.000,0.790,8.632,0.000,0.000,0.0000
1499.610,-97.020,-52.451,0.317,0.000,0.790,8.649,0.000,0.000,0.0000
1499.620,-97.020,-52.451,0.317,0.000,0.790,8.667,0.000,0.000,0.0000
1499.630,-97.020,-52.451,0.317,0.000,0.790,8.685,0.000,0.000,0.0000
1499.640,-97.020,-52.451,0.317,0.000,0.790,8.703,0.000,0.000,0.0000
1499.650,-97.020,-52.451,0.317,0.000,0.790,8.721,0.000,0.000,0.0000
1499.660,-97.020,-52.451,0.317,0.000,0.790,8.739,0.000,0.000,0.0000
1499.670,-97.020,-52.451,0.317,0.000,0.790,8.757,0.000,0.000,0.0000
1499.680,-97.020,-52.451,0.317,0.000,0.790,8.775,0.000,0.000,0.0000
1499.690,-97.020,-52.451,0.317,0.000,0.790,8.792,0.000,0.000,0.0000
1499.700,-97.020,-52.451,0.317,0.000,0.790,8.810,0.000,0.000,0.0000
1499.710,-97.020,-52.451,0.317,0.000,0.790,8.828,0.000,0.000,0.0000
1499.720,-97.020,-52.451,0.317,0.000,0.790,8.846,0.000,0.000,0.0000
1499.730,-97.020,-52.451,0.317,0.000,0.790,8.864,0.000,0.000,0.0000
1499.740,-97.020,-52.451,0.317,0.000,0.790,8.882,0.000,0.000,0.0000
1499.750,-97.020,-52.451,0.317,0.000,0.790,8.900,0.000,0.000,0.0000
1499.760,-97.020,-52.451,0.317,0.000,0.790,8.918,0.040,0.000,0.0000
1499.770,-97.020,-52.451,0.317,0.004,0.790,8.936,0.080,0.000,0.0000
1499.780,-97.020,-52.451,0.317,0.010,0.790,8.954,0.120,0.000,0.0000
1499.790,-97.020,-52.450,0.317,0.018,0.790,8.972,0.160,0.000,0.0000
1499.800,-97.020,-52.449,0.316,0.027,0.790,8.990,0.200,0.000,0.0000
1499.810,-97.020,-52.447,0.316,0.034,0.790,9.008,0.240,0.000,0.0000
1499.820,-97.020,-52.446,0.316,0.041,0.790,9.026,0.280,0.000,0.0000
1499.830,-97.020,-52.443,0.315,0.047,0.790,9.045,0.320,0.000,0.0000
1499.840,-97.020,-52.440,0.315,0.051,0.790,9.063,0.360,0.000,0.0000
1499.850,-97.020,-52.437,0.314,0.054,0.790,9.081,0.400,0.000,0.0000
1499.860,-97.020,-52.434,0.314,0.056,0.790,9.100,0.440,0.000,0.0000
1499.870,-97.020,-52.430,0.313,0.056,0.790,9.118,0.480,0.000,0.0000
1499.880,-97.020,-52.425,0.312,0.056,0.790,9.137,0.520,0.000,0.0000
1499.890,-97.020,-52.421,0.312,0.055,0.790,9.155,0.560,0.000,0.0000
1499.900,-97.020,-52.415,0.311,0.054,0.790,9.174,0.600,0.000,0.0000
1499.910,-97.020,-52.410,0.311,0.051,0.790,9.192,0.640,0.000,0.0000
1499.920,-97.020,-52.404,0.310,0.048,0.790,9.210,0.680,0.000,0.0000
1499.930,-97.020,-52.397,0.310,0.045,0.790,9.229,0.720,0.000,0.0000
1499.940,-97.020,-52.391,0.309,0.041,0.790,9.247,0.760,0.000,0.0000
1499.950,-97.020,-52.384,0.309,0.037,0.790,9.265,0.800,0.000,0.0000
1499.960,-97.020,-52.376,0.309,0.033,0.790,9.283,0.840,0.000,0.0000
1499.970,-97.020,-52.368,0.308,0.028,0.790,9.302,0.880,0.000,0.0000
1499.980,-97.020,-52.360,0.308,0.024,0.790,9.320,0.920,0.000,0.0000
1499.990,-97.020,-52.351,0.308,0.019,0.790,9.338,0.960,0.000,0.0000
1500.000,-97.020,-52.341,0.308,0.014,0.790,9.356,1.000,0.000,0.0000
1500.010,-97.020,-52.332,0.308,0.010,0.790,9.374,1.000,0.000,0.0000
1500.020,-97.020,-52.322,0.308,0.006,0.790,9.392,1.000,0.000,0.0000
1500.030,-97.020,-52.311,0.308,0.002,0.790,9.410,1.000,0.000,0.0000
1500.040,-97.020,-52.301,0.308,0.003,0.790,9.428,1.000,0.000,0.0000
1500.050,-97.020,-52.289,0.308,0.006,0.790,9.445,1.000,0.000,0.0000
1500.060,-97.020,-52.278,0.308,0.009,0.790,9.463,1.000,0.000,0.0000
1500.070,-97.020,-52.266,0.308,0.012,0.790,9.481,1.000,0.000,0.0000
1500.080,-97.020,-52.253,0.308,0.014,0.790,9.499,1.000,0.000,0.0000
1500.090,-97.020,-52.240,0.308,0.016,0.790,9.516,1.000,0.000,0.0000
1500.100,-97.020,-52.227,0.308,0.018,0.790,9.534,1.000,0.000,0.0000
1500.110,-97.020,-52.213,0.309,0.019,0.790,9.552,1.000,0.000,0.0000
1500.120,-97.020,-52.199,0.309,0.020,0.790,9.570,1.000,0.000,0.0000
1500.130,-97.020,-52.185,0.309,0.021,0.790,9.587,1.000,0.000,0.0000
1500.140,-97.020,-52.170,0.309,0.021,0.790,9.605,1.000,0.000,0.0000
1500.150,-97.020,-52.155,0.310,0.021,0.790,9.623,1.000,0.000,0.0000
1500.160,-97.020,-52.139,0.310,0.020,0.790,9.640,1.000,0.000,0.0000
1500.170,-97.020,-52.123,0.310,0.020,0.790,9.658,1.000,0.000,0.0000
1500.180,-97.020,-52.107,0.310,0.019,0.790,9.676,1.000,0.000,0.0000
1500.190,-97.020,-52.090,0.310,0.018,0.790,9.694,1.000,0.000,0.0000
1500.200,-97.020,-52.073,0.310,0.016,0.790,9.711,1.000,0.000,0.0000
1500.210,-97.020,-52.055,0.311,0.015,0.790,9.729,1.000,0.000,0.0000
1500.220,-97.020,-52.037,0.311,0.013,0.790,9.747,1.000,0.000,0.0000
1500.230,-97.020,-52.019,0.311,0.012,0.790,9.765,1.000,0.000,0.0000
1500.240,-97.020,-52.000,0.311,0.010,0.790,9.782,1.000,0.000,0.0000
1500.250,-97.020,-51.981,0.311,0.008,0.790,9.800,1.000,0.000,0.0000
1500.260,-97.020,-51.961,0.311,0.006,0.790,9.818,1.000,0.000,0.0000
1500.270,-97.020,-51.941,0.311,0.005,0.790,9.836,1.000,0.000,0.0000
1500.280,-97.020,-51.921,0.311,0.003,0.790,9.854,1.000,0.000,0.0000
1500.290,-97.020,-51.900,0.311,0.002,0.790,9.872,1.000,0.000,0.0000
1500.300,-97.020,-51.879,0.311,0.002,0.790,9.890,1.000,0.000,0.0000
1500.310,-97.020,-51.857,0.311,0.002,0.790,9.907,1.000,0.000,0.0000
1500.320,-97.020,-51.835,0.311,0.003,0.790,9.925,1.000,0.000,0.0000
1500.330,-97.019,-51.813,0.311,0.004,0.790,9.943,1.000,0.000,0.0000
1500.340,-97.019,-51.790,0.311,0.005,0.790,9.961,1.000,0.000,0.0000
1500.350,-97.019,-51.767,0.311,0.006,0.790,9.979,1.000,0.000,0.0000
1500.360,-97.019,-51.744,0.311,0.007,0.790,9.997,1.000,0.000,0.0000
1500.370,-97.019,-51.720,0.311,0.007,0.790,10.015,1.000,0.000,0.0000
1500.380,-97.019,-51.695,0.311,0.008,0.790,10.033,1.000,0.000,0.0000
1500.390,-97.019,-51.671,0.311,0.008,0.790,10.051,1.000,0.000,0.0000
1500.400,-97.019,-51.646,0.311,0.008,0.790,10.069,1.000,0.000,0.0000
1500.410,-97.019,-51.620,0.311,0.008,0.790,10.087,1.000,0.000,0.0000
1500.420,-97.019,-51.594,0.310,0.008,0.790,10.105,1.000,0.000,0.0000
1500.430,-97.019,-51.568,0.310,0.008,0.790,10.123,1.000,0.000,0.0000
1500.440,-97.019,-51.541,0.310,0.007,0.790,10.141,1.000,0.000,0.0000
1500.450,-97.019,-51.514,0.310,0.007,0.790,10.159,1.000,0.000,0.0000
1500.460,-97.019,-51.487,0.310,0.007,0.789,10.177,1.000,0.000,0.0000
1500.470,-97.019,-51.459,0.310,0.006,0.789,10.195,1.000,0.000,0.0000
1500.480,-97.019,-51.430,0.310,0.006,0.789,10.213,1.000,0.000,0.0000
1500.490,-97.019,-51.402,0.310,0.005,0.789,10.231,1.000,0.000,0.0000
1500.500,-97.019,-51.373,0.310,0.004,0.789,10.249,1.000,0.000,0.0000
1500.510,-97.019,-51.343,0.310,0.004,0.789,10.267,1.000,0.000,0.0000
1500.520,-97.019,-51.313,0.310,0.003,0.789,10.285,1.000,0.000,0.0000
1500.530,-97.019,-51.283,0.310,0.003,0.789,10.303,1.000,0.000,0.0000
1500.540,-97.019,-51.252,0.310,0.003,0.789,10.321,1.000,0.000,0.0000
1500.550,-97.019,-51.221,0.310,0.003,0.789,10.338,1.000,0.000,0.0000
1500.560,-97.019,-51.190,0.310,0.003,0.789,10.356,1.000,0.000,0.0000
1500.570,-97.019,-51.158,0.310,0.003,0.789,10.374,1.000,0.000,0.0000
1500.580,-97.019,-51.126,0.310,0.003,0.789,10.392,1.000,0.000,0.0000
1500.590,-97.019,-51.093,0.310,0.003,0.789,10.410,1.000,0.000,0.0000
1500.600,-97.019,-51.060,0.310,0.003,0.789,10.428,1.000,0.000,0.0000
1500.610,-97.019,-51.027,0.310,0.003,0.789,10.446,1.000,0.000,0.0000
1500.620,-97.019,-50.993,0.310,0.004,0.789,10.464,1.000,0.000,0.0000
1500.630,-97.019,-50.958,0.310,0.004,0.789,10.482,1.000,0.000,0.0000
1500.640,-97.019,-50.924,0.310,0.004,0.789,10.500,1.000,0.000,0.0000
1500.650,-97.019,-50.889,0.310,0.004,0.789,10.517,1.000,0.000,0.0000
1500.660,-97.019,-50.853,0.310,0.004,0.789,10.535,1.000,0.000,0.0000
1500.670,-97.019,-50.817,0.310,0.004,0.789,10.553,1.000,0.000,0.0000
1500.680,-97.019,-50.781,0.310,0.004,0.789,10.571,1.000,0.000,0.0000
1500.690,-97.019,-50.745,0.310,0.004,0.789,10.589,1.000,0.000,0.0000
1500.700,-97.019,-50.708,0.310,0.004,0.789,10.607,1.000,0.000,0.0000
1500.710,-97.019,-50.670,0.310,0.004,0.789,10.625,1.000,0.000,0.0000
1500.720,-97.019,-50.632,0.310,0.004,0.789,10.643,1.000,0.000,0.0000
1500.730,-97.019,-50.594,0.310,0.004,0.789,10.661,1.000,0.000,0.0000
1500.740,-97.018,-50.556,0.310,0.004,0.789,10.678,1.000,0.000,0.0000
1500.750,-97.018,-50.516,0.310,0.004,0.789,10.696,1.000,0.000,0.0000
1500.760,-97.018,-50.477,0.310,0.003,0.789,10.714,1.000,0.000,0.0000
1500.770,-97.018,-50.437,0.310,0.003,0.789,10.732,1.000,0.000,0.0000
1500.780,-97.018,-50.397,0.310,0.003,0.789,10.750,1.000,0.000,0.0000
1500.790,-97.018,-50.356,0.310,0.003,0.789,10.750,1.000,0.000,0.0000
1500.800,-97.018,-50.315,0.310,0.003,0.789,10.750,1.000,0.000,0.0000
1500.810,-97.018,-50.274,0.310,0.003,0.789,10.750,1.000,0.000,0.0000
1500.820,-97.018,-50.232,0.310,0.003,0.788,10.750,1.000,0.000,0.0000
1500.830,-97.018,-50.190,0.310,0.003,0.788,10.750,1.000,0.000,0.0000
1500.840,-97.018,-50.148,0.310,0.003,0.788,10.750,1.000,0.000,0.0000
1500.850,-97.018,-50.105,0.310,0.003,0.788,10.750,1.000,0.000,0.0000
1500.860,-97.018,-50.061,0.310,0.004,0.788,10.750,1.000,0.000,0.0000
1500.870,-97.018,-50.017,0.310,0.004,0.788,10.750,1.000,0.000,0.0000
1500.880,-97.018,-49.973,0.310,0.004,0.788,10.750,1.000,0.000,0.0000
1500.890,-97.018,-49.929,0.310,0.004,0.788,10.750,1.000,0.000,0.0000
1500.900,-97.018,-49.884,0.310,0.004,0.788,10.750,1.000,0.000,0.0000
1500.910,-97.018,-49.838,0.310,0.004,0.788,10.750,1.000,0.000,0.0000
1500.920,-97.018,-49.793,0.310,0.004,0.788,10.750,1.000,0.000,0.0000
1500.930,-97.018,-49.747,0.310,0.004,0.788,10.750,1.000,0.000,0.0000
1500.940,-97.018,-49.700,0.310,0.004,0.788,10.750,1.000,0.000,0.0000
1500.950,-97.018,-49.653,0.310,0.004,0.788,10.750,1.000,0.000,0.0000
1500.960,-97.018,-49.606,0.310,0.004,0.788,10.750,1.000,0.000,0.0000
1500.970,-97.018,-49.558,0.310,0.004,0.788,10.750,1.000,0.000,0.0000
1500.980,-97.018,-49.510,0.310,0.004,0.788,10.750,1.000,0.000,0.0000
1500.990,-97.018,-49.461,0.310,0.004,0.788,10.750,1.000,0.000,0.0000
1501.000,-97.018,-49.412,0.310,0.004,0.788,10.750,1.000,0.000,0.0000
1501.010,-97.018,-49.363,0.310,0.004,0.788,10.750,1.000,0.000,0.0000
1501.020,-97.017,-49.313,0.310,0.004,0.788,10.750,1.000,0.000,0.0000
1501.030,-97.017,-49.263,0.310,0.004,0.788,10.750,1.000,0.000,0.0000
1501.040,-97.017,-49.213,0.310,0.004,0.788,10.750,1.000,0.000,0.0000
1501.050,-97.017,-49.162,0.310,0.004,0.788,10.750,1.000,0.000,0.0000
1501.060,-97.017,-49.110,0.310,0.004,0.788,10.750,1.000,0.000,0.0000
1501.070,-97.017,-49.059,0.310,0.004,0.788,10.750,1.000,0.000,0.0000
1501.080,-97.017,-49.007,0.310,0.004,0.788,10.750,1.000,0.000,0.0000
1501.090,-97.017,-48.954,0.310,0.004,0.787,10.750,1.000,0.000,0.0000
1501.100,-97.017,-48.901,0.310,0.004,0.787,10.750,1.000,0.000,0.0000
1501.110,-97.017,-48.848,0.310,0.004,0.787,10.750,1.000,0.000,0.0000
1501.120,-97.017,-48.794,0.310,0.004,0.787,10.750,1.000,0.000,0.0000
1501.130,-97.017,-48.740,0.310,0.004,0.787,10.750,1.000,0.000,0.0000
1501.140,-97.017,-48.686,0.310,0.004,0.787,10.750,1.000,0.000,0.0000
1501.150,-97.017,-48.631,0.310,0.004,0.787,10.750,1.000,0.000,0.0000
1501.160,-97.017,-48.576,0.310,0.004,0.787,10.750,1.000,0.000,0.0000
1501.170,-97.017,-48.520,0.310,0.004,0.787,10.750,1.000,0.000,0.0000
1501.180,-97.017,-48.464,0.310,0.004,0.787,10.750,1.000,0.000,0.0000
1501.190,-97.017,-48.407,0.310,0.005,0.787,10.750,1.000,0.000,0.0000
1501.200,-97.017,-48.350,0.310,0.005,0.787,10.750,1.000,0.000,0.0000
1501.210,-97.017,-48.293,0.310,0.005,0.787,10.750,1.000,0.000,0.0000
1501.220,-97.017,-48.236,0.310,0.005,0.787,10.750,1.000,0.000,0.0000
1501.230,-97.017,-48.178,0.310,0.005,0.787,10.750,1.000,0.000,0.0000
1501.240,-97.017,-48.119,0.310,0.005,0.787,10.750,1.000,0.000,0.0000
1501.250,-97.016,-48.060,0.310,0.005,0.787,10.750,1.000,0.000,0.0000
1501.260,-97.016,-48.001,0.310,0.005,0.787,10.750,1.000,0.000,0.0000
1501.270,-97.016,-47.941,0.310,0.005,0.787,10.750,1.000,0.000,0.0000
1501.280,-97.016,-47.881,0.310,0.005,0.787,10.750,1.000,0.000,0.0000
1501.290,-97.016,-47.821,0.310,0.005,0.787,10.750,1.000,0.000,0.0000
1501.300,-97.016,-47.760,0.310,0.005,0.787,10.750,1.000,0.000,0.0000
1501.310,-97.016,-47.699,0.310,0.005,0.786,10.750,1.000,0.000,0.0000
1501.320,-97.016,-47.637,0.310,0.005,0.786,10.750,1.000,0.000,0.0000
1501.330,-97.016,-47.575,0.310,0.005,0.786,10.750,1.000,0.000,0.0000
1501.340,-97.016,-47.513,0.310,0.005,0.786,10.750,1.000,0.000,0.0000
1501.350,-97.016,-47.450,0.310,0.005,0.786,10.750,1.000,0.000,0.0000
1501.360,-97.016,-47.387,0.310,0.005,0.786,10.750,1.000,0.000,0.0000
1501.370,-97.016,-47.323,0.310,0.005,0.786,10.750,1.000,0.000,0.0000
1501.380,-97.016,-47.259,0.310,0.005,0.786,10.750,1.000,0.000,0.0000
1501.390,-97.016,-47.195,0.310,0.005,0.786,10.750,1.000,0.000,0.0000
1501.400,-97.016,-47.130,0.310,0.005,0.786,10.750,1.000,0.000,0.0000
1501.410,-97.016,-47.065,0.310,0.005,0.786,10.750,1.000,0.000,0.0000
1501.420,-97.016,-46.999,0.310,0.005,0.786,10.750,1.000,0.000,0.0000
1501.430,-97.016,-46.933,0.310,0.005,0.786,10.750,1.000,0.000,0.0000
1501.440,-97.016,-46.867,0.310,0.005,0.786,10.750,1.000,0.000,0.0000
1501.450,-97.015,-46.800,0.310,0.005,0.786,10.750,1.000,0.000,0.0000
1501.460,-97.015,-46.733,0.310,0.005,0.786,10.750,1.000,0.000,0.0000
1501.470,-97.015,-46.665,0.310,0.005,0.786,10.750,1.000,0.000,0.0000
1501.480,-97.015,-46.597,0.310,0.005,0.786,10.750,1.000,0.000,0.0000
1501.490,-97.015,-46.529,0.310,0.005,0.786,10.750,1.000,0.000,0.0000
1501.500,-97.015,-46.460,0.310,0.005,0.785,10.750,1.000,0.000,0.0000
1501.510,-97.015,-46.391,0.310,0.006,0.785,10.750,1.000,0.000,0.0000
1501.520,-97.015,-46.321,0.310,0.006,0.785,10.750,1.000,0.000,0.0000
1501.530,-97.015,-46.251,0.310,0.006,0.785,10.750,1.000,0.000,0.0000
1501.540,-97.015,-46.181,0.310,0.006,0.785,10.750,1.000,0.000,0.0000
1501.550,-97.015,-46.110,0.310,0.006,0.785,10.750,1.000,0.000,0.0000
1501.560,-97.015,-46.039,0.310,0.006,0.785,10.750,1.000,0.000,0.0000
1501.570,-97.015,-45.968,0.310,0.006,0.785,10.750,1.000,0.000,0.0000
1501.580,-97.015,-45.896,0.310,0.006,0.785,10.750,1.000,0.000,0.0000
1501.590,-97.015,-45.823,0.310,0.006,0.785,10.750,1.000,0.000,0.0000
1501.600,-97.015,-45.751,0.310,0.006,0.785,10.750,1.000,0.000,0.0000
1501.610,-97.015,-45.678,0.310,0.006,0.785,10.750,1.000,0.000,0.0000
1501.620,-97.015,-45.604,0.310,0.006,0.785,10.750,1.000,0.000,0.0000
1501.630,-97.014,-45.530,0.310,0.006,0.785,10.750,1.000,0.000,0.0000
1501.640,-97.014,-45.456,0.310,0.006,0.785,10.750,1.000,0.000,0.0000
1501.650,-97.014,-45.381,0.310,0.006,0.785,10.750,1.000,0.000,0.0000
1501.660,-97.014,-45.306,0.310,0.006,0.785,10.750,1.000,0.000,0.0000
1501.670,-97.014,-45.230,0.310,0.006,0.784,10.750,1.000,0.000,0.0000
1501.680,-97.014,-45.154,0.310,0.006,0.784,10.750,1.000,0.000,0.0000
1501.690,-97.014,-45.078,0.310,0.006,0.784,10.750,1.000,0.000,0.0000
1501.700,-97.014,-45.001,0.310,0.006,0.784,10.750,1.000,0.000,0.0000
1501.710,-97.014,-44.924,0.310,0.006,0.784,10.750,1.000,0.000,0.0000
1501.720,-97.014,-44.847,0.310,0.006,0.784,10.750,1.000,0.000,0.0000
1501.730,-97.014,-44.769,0.310,0.006,0.784,10.750,1.000,0.000,0.0000
1501.740,-97.014,-44.691,0.310,0.006,0.784,10.750,1.000,0.000,0.0000
1501.750,-97.014,-44.612,0.310,0.006,0.784,10.750,1.000,0.000,0.0000
1501.760,-97.014,-44.533,0.310,0.006,0.784,10.750,1.000,0.000,0.0000
1501.770,-97.014,-44.453,0.310,0.006,0.784,10.750,1.000,0.000,0.0000
1501.780,-97.014,-44.374,0.310,0.006,0.784,10.750,1.000,0.000,0.0000
1501.790,-97.013,-44.293,0.310,0.006,0.784,10.750,1.000,0.000,0.0000
1501.800,-97.013,-44.213,0.310,0.006,0.784,10.750,1.000,0.000,0.0000
1501.810,-97.013,-44.132,0.310,0.006,0.784,10.750,1.000,0.000,0.0000
1501.820,-97.013,-44.050,0.310,0.007,0.784,10.750,1.000,0.000,0.0000
1501.830,-97.013,-43.968,0.310,0.007,0.783,10.750,1.000,0.000,0.0000
1501.840,-97.013,-43.886,0.310,0.007,0.783,10.750,1.000,0.000,0.0000
1501.850,-97.013,-43.803,0.310,0.007,0.783,10.750,1.000,0.000,0.0000
1501.860,-97.013,-43.720,0.310,0.007,0.783,10.750,1.000,0.000,0.0000
1501.870,-97.013,-43.637,0.310,0.007,0.783,10.750,1.000,0.000,0.0000
1501.880,-97.013,-43.553,0.310,0.007,0.783,10.750,1.000,0.000,0.0000
1501.890,-97.013,-43.469,0.310,0.007,0.783,10.750,1.000,0.000,0.0000
1501.900,-97.013,-43.384,0.310,0.007,0.783,10.750,1.000,0.000,0.0000
1501.910,-97.013,-43.299,0.310,0.007,0.783,10.750,1.000,0.000,0.0000
1501.920,-97.013,-43.214,0.310,0.007,0.783,10.750,1.000,0.000,0.0000
1501.930,-97.013,-43.128,0.310,0.007,0.783,10.750,1.000,0.000,0.0000
1501.940,-97.012,-43.042,0.310,0.007,0.783,10.750,1.000,0.000,0.0000
1501.950,-97.012,-42.955,0.310,0.007,0.783,10.750,1.000,0.000,0.0000
1501.960,-97.012,-42.868,0.310,0.007,0.783,10.750,1.000,0.000,0.0000
1501.970,-97.012,-42.781,0.310,0.007,0.783,10.750,1.000,0.000,0.0000
1501.980,-97.012,-42.693,0.310,0.007,0.782,10.750,1.000,0.000,0.0000
1501.990,-97.012,-42.605,0.310,0.007,0.782,10.750,1.000,0.000,0.0000
1502.000,-97.012,-42.516,0.310,0.007,0.782,10.750,1.000,0.000,0.0000
1502.010,-97.012,-42.427,0.310,0.007,0.782,10.750,1.000,0.000,0.0000
1502.020,-97.012,-42.338,0.310,0.007,0.782,10.750,1.000,0.000,0.0000
1502.030,-97.012,-42.248,0.310,0.007,0.782,10.750,1.000,0.000,0.0000
1502.040,-97.012,-42.158,0.310,0.007,0.782,10.749,1.000,0.000,0.0000
1502.050,-97.012,-42.067,0.310,0.007,0.782,10.749,1.000,0.000,0.0000
1502.060,-97.012,-41.976,0.310,0.007,0.782,10.749,1.000,0.000,0.0000
1502.070,-97.012,-41.885,0.310,0.007,0.782,10.749,1.000,0.000,0.0000
1502.080,-97.011,-41.793,0.310,0.007,0.782,10.749,1.000,0.000,0.0000
1502.090,-97.011,-41.701,0.310,0.007,0.782,10.749,1.000,0.000,0.0000
1502.100,-97.011,-41.608,0.310,0.007,0.782,10.749,1.000,0.000,0.0000
1502.110,-97.011,-41.515,0.310,0.007,0.782,10.749,1.000,0.000,0.0000
1502.120,-97.011,-41.422,0.310,0.007,0.781,10.749,1.000,0.000,0.0000
1502.130,-97.011,-41.328,0.310,0.007,0.781,10.749,1.000,0.000,0.0000
1502.140,-97.011,-41.234,0.310,0.008,0.781,10.749,1.000,0.000,0.0000
1502.150,-97.011,-41.139,0.310,0.008,0.781,10.749,1.000,0.000,0.0000
1502.160,-97.011,-41.044,0.310,0.008,0.781,10.749,1.000,0.000,0.0000
1502.170,-97.011,-40.949,0.310,0.008,0.781,10.749,1.000,0.000,0.0000
1502.180,-97.011,-40.853,0.310,0.008,0.781,10.749,1.000,0.000,0.0000
1502.190,-97.011,-40.757,0.310,0.008,0.781,10.749,1.000,0.000,0.0000
1502.200,-97.011,-40.660,0.310,0.008,0.781,10.749,1.000,0.000,0.0000
1502.210,-97.011,-40.564,0.310,0.008,0.781,10.749,1.000,0.000,0.0000
1502.220,-97.010,-40.466,0.310,0.008,0.781,10.749,1.000,0.000,0.0000
1502.230,-97.010,-40.368,0.310,0.008,0.781,10.749,1.000,0.000,0.0000
1502.240,-97.010,-40.270,0.310,0.008,0.781,10.749,1.000,0.000,0.0000
1502.250,-97.010,-40.172,0.310,0.008,0.780,10.749,1.000,0.000,0.0000
1502.260,-97.010,-40.073,0.310,0.008,0.780,10.749,1.000,0.000,0.0000
1502.270,-97.010,-39.974,0.310,0.008,0.780,10.749,1.000,0.000,0.0000
1502.280,-97.010,-39.874,0.310,0.008,0.780,10.749,1.000,0.000,0.0000
1502.290,-97.010,-39.774,0.310,0.008,0.780,10.749,1.000,0.000,0.0000
1502.300,-97.010,-39.673,0.310,0.008,0.780,10.749,1.000,0.000,0.0000
1502.310,-97.010,-39.572,0.310,0.008,0.780,10.749,1.000,0.000,0.0000
1502.320,-97.010,-39.471,0.310,0.008,0.780,10.749,1.000,0.000,0.0000
1502.330,-97.010,-39.369,0.310,0.008,0.780,10.749,1.000,0.000,0.0000
1502.340,-97.009,-39.267,0.310,0.008,0.780,10.749,1.000,0.000,0.0000
1502.350,-97.009,-39.165,0.310,0.008,0.780,10.749,1.000,0.000,0.0000
1502.360,-97.009,-39.062,0.310,0.008,0.780,10.749,1.000,0.000,0.0000
1502.370,-97.009,-38.959,0.310,0.008,0.779,10.749,1.000,0.000,0.0000
1502.380,-97.009,-38.855,0.310,0.008,0.779,10.749,1.000,0.000,0.0000
1502.390,-97.009,-38.751,0.310,0.008,0.779,10.749,1.000,0.000,0.0000
1502.400,-97.009,-38.646,0.310,0.008,0.779,10.749,1.000,0.000,0.0000
1502.410,-97.009,-38.541,0.310,0.008,0.779,10.749,1.000,0.000,0.0000
1502.420,-97.009,-38.436,0.310,0.008,0.779,10.749,1.000,0.000,0.0000
1502.430,-97.009,-38.331,0.310,0.008,0.779,10.749,1.000,0.000,0.0000
1502.440,-97.009,-38.224,0.310,0.008,0.779,10.749,1.000,0.000,0.0000
1502.450,-97.009,-38.118,0.310,0.008,0.779,10.749,1.000,0.000,0.0000
1502.460,-97.008,-38.011,0.310,0.009,0.779,10.749,1.000,0.000,0.0000
1502.470,-97.008,-37.904,0.310,0.009,0.779,10.749,1.000,0.000,0.0000
1502.480,-97.008,-37.796,0.310,0.009,0.779,10.749,1.000,0.000,0.0000
1502.490,-97.008,-37.688,0.310,0.009,0.778,10.749,1.000,0.000,0.0000
1502.500,-97.008,-37.580,0.310,0.009,0.778,10.749,1.000,0.000,0.0000
1502.510,-97.008,-37.471,0.310,0.009,0.778,10.749,1.000,0.000,0.0000
1502.520,-97.008,-37.362,0.310,0.009,0.778,10.749,1.000,0.000,0.0000
1502.530,-97.008,-37.252,0.310,0.009,0.778,10.749,1.000,0.000,0.0000
1502.540,-97.008,-37.142,0.310,0.009,0.778,10.749,1.000,0.000,0.0000
1502.550,-97.008,-37.032,0.310,0.009,0.778,10.749,1.000,0.000,0.0000
1502.560,-97.008,-36.921,0.310,0.009,0.778,10.749,1.000,0.000,0.0000
1502.570,-97.008,-36.810,0.310,0.010,0.778,10.749,1.000,0.000,0.0000
1502.580,-97.007,-36.698,0.310,0.014,0.778,10.749,1.000,0.000,0.0000
1502.590,-97.007,-36.587,0.311,0.020,0.778,10.749,1.000,0.000,0.0000
1502.600,-97.007,-36.476,0.311,0.028,0.778,10.748,1.000,0.000,0.0000
1502.610,-97.007,-36.365,0.311,0.035,0.777,10.748,1.000,0.000,0.0000
1502.620,-97.007,-36.253,0.312,0.042,0.777,10.748,1.000,0.000,0.0000
1502.630,-97.007,-36.142,0.312,0.047,0.777,10.747,1.000,0.000,0.0000
1502.640,-97.007,-36.031,0.313,0.051,0.777,10.747,1.000,0.000,0.0000
1502.650,-97.007,-35.920,0.313,0.054,0.777,10.746,1.000,0.000,0.0000
1502.660,-97.007,-35.809,0.314,0.056,0.777,10.746,1.000,0.000,0.0000
1502.670,-97.007,-35.697,0.314,0.056,0.777,10.745,1.000,0.000,0.0000
1502.680,-97.007,-35.586,0.315,0.056,0.777,10.745,1.000,0.000,0.0000
1502.690,-97.006,-35.475,0.315,0.056,0.777,10.744,1.000,0.000,0.0000
1502.700,-97.006,-35.364,0.316,0.054,0.777,10.743,1.000,0.000,0.0000
1502.710,-97.006,-35.252,0.316,0.052,0.777,10.743,1.000,0.000,0.0000
1502.720,-97.006,-35.141,0.317,0.049,0.777,10.742,1.000,0.000,0.0000
1502.730,-97.006,-35.030,0.317,0.046,0.777,10.742,1.000,0.000,0.0000
1502.740,-97.006,-34.919,0.318,0.042,0.777,10.742,1.000,0.000,0.0000
1502.750,-97.006,-34.808,0.318,0.038,0.776,10.741,1.000,0.000,0.0000
1502.760,-97.006,-34.696,0.318,0.034,0.776,10.741,1.000,0.000,0.0000
1502.770,-97.006,-34.585,0.319,0.030,0.776,10.741,1.000,0.000,0.0000
1502.780,-97.006,-34.474,0.319,0.026,0.776,10.740,1.000,0.000,0.0000
1502.790,-97.006,-34.363,0.319,0.022,0.776,10.740,1.000,0.000,0.0000
1502.800,-97.005,-34.252,0.319,0.017,0.776,10.740,1.000,0.000,0.0000
1502.810,-97.005,-34.141,0.319,0.014,0.776,10.740,1.000,0.000,0.0000
1502.820,-97.005,-34.030,0.319,0.011,0.776,10.740,1.000,0.000,0.0000
1502.830,-97.005,-33.919,0.319,0.009,0.776,10.740,1.000,0.000,0.0000
1502.840,-97.005,-33.807,0.319,0.009,0.776,10.740,1.000,0.000,0.0000
1502.850,-97.005,-33.696,0.319,0.010,0.776,10.740,1.000,0.000,0.0000
1502.860,-97.005,-33.585,0.319,0.012,0.775,10.740,1.000,0.000,0.0000
1502.870,-97.005,-33.474,0.319,0.014,0.775,10.740,1.000,0.000,0.0000
1502.880,-97.005,-33.363,0.319,0.016,0.775,10.740,1.000,0.000,0.0000
1502.890,-97.005,-33.252,0.319,0.018,0.775,10.740,1.000,0.000,0.0000
1502.900,-97.005,-33.141,0.319,0.020,0.775,10.740,1.000,0.000,0.0000
1502.910,-97.005,-33.030,0.319,0.021,0.775,10.741,1.000,0.000,0.0000
1502.920,-97.004,-32.919,0.318,0.022,0.775,10.741,1.000,0.000,0.0000
1502.930,-97.004,-32.808,0.318,0.022,0.775,10.741,1.000,0.000,0.0000
1502.940,-97.004,-32.697,0.318,0.023,0.775,10.741,1.000,0.000,0.0000
1502.950,-97.004,-32.586,0.318,0.022,0.775,10.741,1.000,0.000,0.0000
1502.960,-97.004,-32.475,0.317,0.022,0.775,10.742,1.000,0.000,0.0000
1502.970,-97.004,-32.364,0.317,0.022,0.774,10.742,1.000,0.000,0.0000
1502.980,-97.004,-32.253,0.317,0.021,0.774,10.742,1.000,0.000,0.0000
1502.990,-97.004,-32.142,0.317,0.020,0.774,10.742,1.000,0.000,0.0000
1503.000,-97.004,-32.030,0.317,0.019,0.774,10.742,1.000,0.000,0.0000
1503.010,-97.004,-31.919,0.317,0.017,0.774,10.742,1.000,0.000,0.0000
1503.020,-97.004,-31.808,0.316,0.016,0.774,10.742,1.000,0.000,0.0000
1503.030,-97.003,-31.697,0.316,0.015,0.774,10.743,1.000,0.000,0.0000
1503.040,-97.003,-31.586,0.316,0.014,0.774,10.743,1.000,0.000,0.0000
1503.050,-97.003,-31.475,0.316,0.012,0.774,10.743,1.000,0.000,0.0000
1503.060,-97.003,-31.364,0.316,0.011,0.774,10.743,1.000,0.000,0.0000
1503.070,-97.003,-31.253,0.316,0.010,0.774,10.743,1.000,0.000,0.0000
1503.080,-97.003,-31.142,0.316,0.010,0.773,10.743,1.000,0.000,0.0000
1503.090,-97.003,-31.031,0.316,0.009,0.773,10.743,1.000,0.000,0.0000
1503.100,-97.003,-30.920,0.316,0.009,0.773,10.743,1.000,0.000,0.0000
1503.110,-97.003,-30.809,0.316,0.009,0.773,10.743,1.000,0.000,0.0000
1503.120,-97.003,-30.697,0.316,0.009,0.773,10.743,1.000,0.000,0.0000
1503.130,-97.003,-30.586,0.316,0.010,0.773,10.743,1.000,0.000,0.0000
1503.140,-97.002,-30.475,0.316,0.010,0.773,10.743,1.000,0.000,0.0000
1503.150,-97.002,-30.364,0.316,0.010,0.773,10.743,1.000,0.000,0.0000
1503.160,-97.002,-30.253,0.316,0.011,0.773,10.743,1.000,0.000,0.0000
1503.170,-97.002,-30.142,0.316,0.011,0.773,10.743,1.000,0.000,0.0000
1503.180,-97.002,-30.031,0.316,0.011,0.773,10.742,1.000,0.000,0.0000
1503.190,-97.002,-29.920,0.316,0.012,0.772,10.742,1.000,0.000,0.0000
1503.200,-97.002,-29.809,0.317,0.012,0.772,10.742,1.000,0.000,0.0000
1503.210,-97.002,-29.697,0.317,0.012,0.772,10.742,1.000,0.000,0.0000
1503.220,-97.002,-29.586,0.317,0.012,0.772,10.742,1.000,0.000,0.0000
1503.230,-97.002,-29.475,0.317,0.012,0.772,10.742,1.000,0.000,0.0000
1503.240,-97.002,-29.364,0.317,0.011,0.772,10.742,1.000,0.000,0.0000
1503.250,-97.001,-29.253,0.317,0.011,0.772,10.742,1.000,0.000,0.0000
1503.260,-97.001,-29.142,0.317,0.011,0.772,10.742,1.000,0.000,0.0000
1503.270,-97.001,-29.031,0.317,0.011,0.772,10.742,1.000,0.000,0.0000
1503.280,-97.001,-28.920,0.317,0.010,0.772,10.742,1.000,0.000,0.0000
1503.290,-97.001,-28.809,0.317,0.010,0.772,10.742,1.000,0.000,0.0000
1503.300,-97.001,-28.697,0.317,0.010,0.772,10.742,1.000,0.000,0.0000
1503.310,-97.001,-28.586,0.317,0.010,0.771,10.742,1.000,0.000,0.0000
1503.320,-97.001,-28.475,0.317,0.009,0.771,10.742,1.000,0.000,0.0000
1503.330,-97.001,-28.364,0.317,0.009,0.771,10.741,1.000,0.000,0.0000
1503.340,-97.001,-28.253,0.317,0.009,0.771,10.741,1.000,0.000,0.0000
1503.350,-97.001,-28.142,0.317,0.009,0.771,10.741,1.000,0.000,0.0000
1503.360,-97.001,-28.031,0.317,0.009,0.771,10.741,1.000,0.000,0.0000
1503.370,-97.000,-27.920,0.317,0.009,0.771,10.741,1.000,0.000,0.0000
1503.380,-97.000,-27.809,0.317,0.009,0.771,10.741,1.000,0.000,0.0000
1503.390,-97.000,-27.698,0.317,0.009,0.771,10.741,1.000,0.000,0.0000
1503.400,-97.000,-27.586,0.317,0.009,0.771,10.741,1.000,0.000,0.0000
1503.410,-97.000,-27.475,0.317,0.009,0.771,10.741,1.000,0.000,0.0000
1503.420,-97.000,-27.364,0.317,0.009,0.770,10.741,1.000,0.000,0.0000
1503.430,-97.000,-27.253,0.317,0.009,0.770,10.741,1.000,0.000,0.0000
1503.440,-97.000,-27.142,0.317,0.009,0.770,10.741,1.000,0.000,0.0000
1503.450,-97.000,-27.031,0.317,0.009,0.770,10.742,1.000,0.000,0.0000
1503.460,-97.000,-26.920,0.317,0.009,0.770,10.742,1.000,0.000,0.0000
1503.470,-97.000,-26.809,0.317,0.009,0.770,10.742,1.000,0.000,0.0000
1503.480,-96.999,-26.698,0.317,0.009,0.770,10.742,1.000,0.000,0.0000
1503.490,-96.999,-26.587,0.317,0.009,0.770,10.742,1.000,0.000,0.0000
1503.500,-96.999,-26.475,0.317,0.009,0.770,10.742,1.000,0.000,0.0000
1503.510,-96.999,-26.364,0.317,0.009,0.770,10.742,1.000,0.000,0.0000
1503.520,-96.999,-26.253,0.317,0.009,0.770,10.742,1.000,0.000,0.0000
1503.530,-96.999,-26.142,0.317,0.009,0.769,10.742,1.000,0.000,0.0000
1503.540,-96.999,-26.031,0.317,0.009,0.769,10.742,1.000,0.000,0.0000
1503.550,-96.999,-25.920,0.317,0.009,0.769,10.742,1.000,0.000,0.0000
1503.560,-96.999,-25.809,0.317,0.009,0.769,10.742,1.000,0.000,0.0000
1503.570,-96.999,-25.698,0.317,0.009,0.769,10.742,1.000,0.000,0.0000
1503.580,-96.999,-25.587,0.317,0.009,0.769,10.742,1.000,0.000,0.0000
1503.590,-96.998,-25.476,0.317,0.009,0.769,10.742,1.000,0.000,0.0000
1503.600,-96.998,-25.365,0.317,0.009,0.769,10.742,1.000,0.000,0.0000
1503.610,-96.998,-25.253,0.317,0.009,0.769,10.742,1.000,0.000,0.0000
1503.620,-96.998,-25.142,0.317,0.009,0.769,10.742,1.000,0.000,0.0000
1503.630,-96.998,-25.031,0.317,0.009,0.769,10.742,1.000,0.000,0.0000
1503.640,-96.998,-24.920,0.317,0.009,0.768,10.742,1.000,0.000,0.0000
1503.650,-96.998,-24.809,0.317,0.009,0.768,10.742,1.000,0.000,0.0000
1503.660,-96.998,-24.698,0.317,0.009,0.768,10.742,1.000,0.000,0.0000
1503.670,-96.998,-24.587,0.317,0.009,0.768,10.742,1.000,0.000,0.0000
1503.680,-96.998,-24.476,0.317,0.009,0.768,10.742,1.000,0.000,0.0000
1503.690,-96.998,-24.365,0.317,0.009,0.768,10.742,1.000,0.000,0.0000
1503.700,-96.997,-24.254,0.317,0.009,0.768,10.742,1.000,0.000,0.0000
1503.710,-96.997,-24.142,0.317,0.009,0.768,10.742,1.000,0.000,0.0000
1503.720,-96.997,-24.031,0.317,0.009,0.768,10.742,1.000,0.000,0.0000
1503.730,-96.997,-23.920,0.317,0.009,0.768,10.742,1.000,0.000,0.0000
1503.740,-96.997,-23.809,0.317,0.009,0.768,10.742,1.000,0.000,0.0000
1503.750,-96.997,-23.698,0.317,0.009,0.768,10.741,1.000,0.000,0.0000
1503.760,-96.997,-23.587,0.317,0.009,0.767,10.741,1.000,0.000,0.0000
1503.770,-96.997,-23.476,0.317,0.009,0.767,10.741,1.000,0.000,0.0000
1503.780,-96.997,-23.365,0.317,0.009,0.767,10.741,1.000,0.000,0.0000
1503.790,-96.997,-23.254,0.317,0.009,0.767,10.741,1.000,0.000,0.0000
1503.800,-96.997,-23.143,0.317,0.009,0.767,10.741,1.000,0.000,0.0000
1503.810,-96.997,-23.031,0.317,0.009,0.767,10.741,1.000,0.000,0.0000
1503.820,-96.996,-22.920,0.317,0.009,0.767,10.741,1.000,0.000,0.0000
1503.830,-96.996,-22.809,0.317,0.009,0.767,10.741,1.000,0.000,0.0000
1503.840,-96.996,-22.698,0.317,0.009,0.767,10.741,1.000,0.000,0.0000
1503.850,-96.996,-22.587,0.317,0.009,0.767,10.741,1.000,0.000,0.0000
1503.860,-96.996,-22.476,0.317,0.009,0.767,10.741,1.000,0.000,0.0000
1503.870,-96.996,-22.365,0.317,0.009,0.766,10.741,1.000,0.000,0.0000
1503.880,-96.996,-22.254,0.317,0.009,0.766,10.741,1.000,0.000,0.0000
1503.890,-96.996,-22.143,0.317,0.009,0.766,10.741,1.000,0.000,0.0000
1503.900,-96.996,-22.032,0.317,0.009,0.766,10.741,1.000,0.000,0.0000
1503.910,-96.996,-21.920,0.317,0.009,0.766,10.741,1.000,0.000,0.0000
1503.920,-96.996,-21.809,0.317,0.009,0.766,10.741,1.000,0.000,0.0000
1503.930,-96.995,-21.698,0.317,0.009,0.766,10.741,1.000,0.000,0.0000
1503.940,-96.995,-21.587,0.317,0.009,0.766,10.741,1.000,0.000,0.0000
1503.950,-96.995,-21.476,0.317,0.009,0.766,10.741,1.000,0.000,0.0000
1503.960,-96.995,-21.365,0.317,0.009,0.766,10.741,1.000,0.000,0.0000
1503.970,-96.995,-21.254,0.317,0.009,0.766,10.741,1.000,0.000,0.0000
1503.980,-96.995,-21.143,0.317,0.009,0.765,10.741,1.000,0.000,0.0000
1503.990,-96.995,-21.032,0.317,0.009,0.765,10.741,1.000,0.000,0.0000
1504.000,-96.995,-20.921,0.317,0.009,0.765,10.741,1.000,0.000,0.0000
1504.010,-96.995,-20.809,0.317,0.009,0.765,10.741,1.000,0.000,0.0000
1504.020,-96.995,-20.698,0.317,0.009,0.765,10.741,1.000,0.000,0.0000
1504.030,-96.995,-20.587,0.317,0.009,0.765,10.741,1.000,0.000,0.0000
1504.040,-96.994,-20.476,0.317,0.009,0.765,10.741,1.000,0.000,0.0000
1504.050,-96.994,-20.365,0.317,0.009,0.765,10.741,1.000,0.000,0.0000
1504.060,-96.994,-20.254,0.317,0.009,0.765,10.741,1.000,0.000,0.0000
1504.070,-96.994,-20.143,0.317,0.009,0.765,10.741,1.000,0.000,0.0000
1504.080,-96.994,-20.032,0.317,0.009,0.765,10.741,1.000,0.000,0.0000
1504.090,-96.994,-19.921,0.317,0.009,0.765,10.741,1.000,0.000,0.0000
1504.100,-96.994,-19.810,0.317,0.009,0.764,10.741,1.000,0.000,0.0000
1504.110,-96.994,-19.698,0.317,0.009,0.764,10.741,1.000,0.000,0.0000
1504.120,-96.994,-19.587,0.317,0.009,0.764,10.741,1.000,0.000,0.0000
1504.130,-96.994,-19.476,0.317,0.009,0.764,10.741,1.000,0.000,0.0000
1504.140,-96.994,-19.365,0.317,0.009,0.764,10.741,1.000,0.000,0.0000
1504.150,-96.994,-19.254,0.317,0.009,0.764,10.741,1.000,0.000,0.0000
1504.160,-96.993,-19.143,0.317,0.009,0.764,10.741,1.000,0.000,0.0000
1504.170,-96.993,-19.032,0.317,0.009,0.764,10.741,1.000,0.000,0.0000
1504.180,-96.993,-18.921,0.317,0.009,0.764,10.741,1.000,0.000,0.0000
1504.190,-96.993,-18.810,0.317,0.009,0.764,10.741,1.000,0.000,0.0000
1504.200,-96.993,-18.699,0.317,0.009,0.764,10.741,1.000,0.000,0.0000
1504.210,-96.993,-18.587,0.317,0.009,0.763,10.741,1.000,0.000,0.0000
1504.220,-96.993,-18.476,0.317,0.009,0.763,10.741,1.000,0.000,0.0000
1504.230,-96.993,-18.365,0.317,0.009,0.763,10.741,1.000,0.000,0.0000
1504.240,-96.993,-18.254,0.317,0.009,0.763,10.741,1.000,0.000,0.0000
1504.250,-96.993,-18.143,0.317,0.009,0.763,10.741,1.000,0.000,0.0000
1504.260,-96.993,-18.032,0.317,0.009,0.763,10.741,1.000,0.000,0.0000
1504.270,-96.992,-17.921,0.317,0.009,0.763,10.741,1.000,0.000,0.0000
1504.280,-96.992,-17.810,0.317,0.009,0.763,10.741,1.000,0.000,0.0000
1504.290,-96.992,-17.699,0.317,0.009,0.763,10.741,1.000,0.000,0.0000
1504.300,-96.992,-17.588,0.317,0.009,0.763,10.741,1.000,0.000,0.0000
1504.310,-96.992,-17.476,0.317,0.009,0.763,10.741,1.000,0.000,0.0000
1504.320,-96.992,-17.365,0.317,0.009,0.762,10.741,1.000,0.000,0.0000
1504.330,-96.992,-17.254,0.317,0.009,0.762,10.741,1.000,0.000,0.0000
1504.340,-96.992,-17.143,0.317,0.009,0.762,10.741,1.000,0.000,0.0000
1504.350,-96.992,-17.032,0.317,0.009,0.762,10.741,1.000,0.000,0.0000
1504.360,-96.992,-16.921,0.317,0.009,0.762,10.741,1.000,0.000,0.0000
1504.370,-96.992,-16.810,0.317,0.009,0.762,10.741,1.000,0.000,0.0000
1504.380,-96.991,-16.699,0.317,0.009,0.762,10.741,1.000,0.000,0.0000
1504.390,-96.991,-16.588,0.317,0.009,0.762,10.741,1.000,0.000,0.0000
1504.400,-96.991,-16.477,0.317,0.009,0.762,10.741,1.000,0.000,0.0000
1504.410,-96.991,-16.366,0.317,0.009,0.762,10.741,1.000,0.000,0.0000
1504.420,-96.991,-16.254,0.317,0.009,0.762,10.741,1.000,0.000,0.0000
1504.430,-96.991,-16.143,0.317,0.009,0.761,10.741,1.000,0.000,0.0000
1504.440,-96.991,-16.032,0.317,0.009,0.761,10.741,1.000,0.000,0.0000
1504.450,-96.991,-15.921,0.317,0.009,0.761,10.741,1.000,0.000,0.0000
1504.460,-96.991,-15.810,0.317,0.009,0.761,10.741,1.000,0.000,0.0000
1504.470,-96.991,-15.699,0.317,0.009,0.761,10.741,1.000,0.000,0.0000
1504.480,-96.991,-15.588,0.317,0.009,0.761,10.741,1.000,0.000,0.0000
1504.490,-96.990,-15.477,0.317,0.009,0.761,10.741,1.000,0.000,0.0000
1504.500,-96.990,-15.366,0.317,0.009,0.761,10.741,1.000,0.000,0.0000
1504.510,-96.990,-15.255,0.317,0.009,0.761,10.741,1.000,0.000,0.0000
1504.520,-96.990,-15.143,0.317,0.009,0.761,10.741,1.000,0.000,0.0000
1504.530,-96.990,-15.032,0.317,0.009,0.761,10.741,1.000,0.000,0.0000
1504.540,-96.990,-14.921,0.317,0.009,0.761,10.741,1.000,0.000,0.0000
1504.550,-96.990,-14.810,0.317,0.009,0.760,10.741,1.000,0.000,0.0000
1504.560,-96.990,-14.699,0.317,0.009,0.760,10.741,1.000,0.000,0.0000
1504.570,-96.990,-14.588,0.317,0.009,0.760,10.741,1.000,0.000,0.0000
1504.580,-96.990,-14.477,0.317,0.009,0.760,10.741,1.000,0.000,0.0000
1504.590,-96.990,-14.366,0.317,0.009,0.760,10.741,1.000,0.000,0.0000
1504.600,-96.990,-14.255,0.317,0.009,0.760,10.741,1.000,0.000,0.0000
1504.610,-96.989,-14.144,0.317,0.009,0.760,10.741,1.000,0.000,0.0000
1504.620,-96.989,-14.032,0.317,0.009,0.760,10.741,1.000,0.000,0.0000
1504.630,-96.989,-13.921,0.317,0.009,0.760,10.741,1.000,0.000,0.0000
1504.640,-96.989,-13.810,0.317,0.009,0.760,10.741,1.000,0.000,0.0000
1504.650,-96.989,-13.699,0.317,0.009,0.760,10.741,1.000,0.000,0.0000
1504.660,-96.989,-13.588,0.317,0.009,0.759,10.741,1.000,0.000,0.0000
1504.670,-96.989,-13.477,0.317,0.009,0.759,10.741,1.000,0.000,0.0000
1504.680,-96.989,-13.366,0.317,0.009,0.759,10.741,1.000,0.000,0.0000
1504.690,-96.989,-13.255,0.317,0.009,0.759,10.741,1.000,0.000,0.0000
1504.700,-96.989,-13.144,0.317,0.009,0.759,10.741,1.000,0.000,0.0000
1504.710,-96.989,-13.033,0.317,0.009,0.759,10.741,1.000,0.000,0.0000
1504.720,-96.988,-12.921,0.317,0.009,0.759,10.741,1.000,0.000,0.0000
1504.730,-96.988,-12.810,0.317,0.009,0.759,10.741,1.000,0.000,0.0000
1504.740,-96.988,-12.699,0.317,0.009,0.759,10.741,1.000,0.000,0.0000
1504.750,-96.988,-12.588,0.317,0.009,0.759,10.741,1.000,0.000,0.0000
1504.760,-96.988,-12.477,0.317,0.009,0.759,10.741,1.000,0.000,0.0000
1504.770,-96.988,-12.366,0.317,0.009,0.758,10.741,1.000,0.000,0.0000
1504.780,-96.988,-12.255,0.317,0.009,0.758,10.741,1.000,0.000,0.0000
1504.790,-96.988,-12.144,0.317,0.009,0.758,10.741,1.000,0.000,0.0000
1504.800,-96.988,-12.033,0.317,0.009,0.758,10.741,1.000,0.000,0.0000
1504.810,-96.988,-11.922,0.317,0.009,0.758,10.741,1.000,0.000,0.0000
1504.820,-96.988,-11.810,0.317,0.009,0.758,10.741,1.000,0.000,0.0000
1504.830,-96.987,-11.699,0.317,0.009,0.758,10.741,1.000,0.000,0.0000
1504.840,-96.987,-11.588,0.317,0.009,0.758,10.741,1.000,0.000,0.0000
1504.850,-96.987,-11.477,0.317,0.009,0.758,10.741,1.000,0.000,0.0000
1504.860,-96.987,-11.366,0.317,0.009,0.758,10.741,1.000,0.000,0.0000
1504.870,-96.987,-11.255,0.317,0.009,0.758,10.741,1.000,0.000,0.0000
1504.880,-96.987,-11.144,0.317,0.009,0.758,10.741,1.000,0.000,0.0000
1504.890,-96.987,-11.033,0.317,0.009,0.757,10.741,1.000,0.000,0.0000
1504.900,-96.987,-10.922,0.317,0.009,0.757,10.741,1.000,0.000,0.0000
1504.910,-96.987,-10.811,0.317,0.009,0.757,10.741,1.000,0.000,0.0000
1504.920,-96.987,-10.699,0.317,0.009,0.757,10.740,1.000,0.000,0.0000
1504.930,-96.987,-10.588,0.317,0.009,0.757,10.740,1.000,0.000,0.0000
1504.940,-96.986,-10.477,0.317,0.009,0.757,10.740,1.000,0.000,0.0000
1504.950,-96.986,-10.366,0.317,0.009,0.757,10.740,1.000,0.000,0.0000
1504.960,-96.986,-10.255,0.317,0.009,0.757,10.740,1.000,0.000,0.0000
1504.970,-96.986,-10.144,0.317,0.009,0.757,10.740,1.000,0.000,0.0000
1504.980,-96.986,-10.033,0.317,0.009,0.757,10.740,1.000,0.000,0.0000
1504.990,-96.986,-9.922,0.317,0.009,0.757,10.740,1.000,0.000,0.0000
1505.000,-96.986,-9.811,0.317,0.009,0.756,10.740,1.000,0.000,0.0000
1505.010,-96.986,-9.700,0.317,0.009,0.756,10.740,1.000,0.000,0.0000
1505.020,-96.986,-9.588,0.317,0.009,0.756,10.740,1.000,0.000,0.0000
1505.030,-96.986,-9.477,0.317,0.009,0.756,10.740,1.000,0.000,0.0000
1505.040,-96.986,-9.366,0.317,0.009,0.756,10.740,1.000,0.000,0.0000
1505.050,-96.986,-9.255,0.317,0.009,0.756,10.740,1.000,0.000,0.0000
1505.060,-96.985,-9.144,0.317,0.009,0.756,10.740,1.000,0.000,0.0000
1505.070,-96.985,-9.033,0.317,0.009,0.756,10.740,1.000,0.000,0.0000
1505.080,-96.985,-8.922,0.317,0.009,0.756,10.740,1.000,0.000,0.0000
1505.090,-96.985,-8.811,0.317,0.009,0.756,10.740,1.000,0.000,0.0000
1505.100,-96.985,-8.700,0.317,0.009,0.756,10.740,1.000,0.000,0.0000
1505.110,-96.985,-8.589,0.317,0.009,0.755,10.740,1.000,0.000,0.0000
1505.120,-96.985,-8.478,0.317,0.009,0.755,10.740,1.000,0.000,0.0000
1505.130,-96.985,-8.366,0.317,0.009,0.755,10.740,1.000,0.000,0.0000
1505.140,-96.985,-8.255,0.317,0.009,0.755,10.740,1.000,0.000,0.0000
1505.150,-96.985,-8.144,0.317,0.009,0.755,10.740,1.000,0.000,0.0000
1505.160,-96.985,-8.033,0.317,0.009,0.755,10.740,1.000,0.000,0.0000
1505.170,-96.984,-7.922,0.317,0.009,0.755,10.740,1.000,0.000,0.0000
1505.180,-96.984,-7.811,0.317,0.009,0.755,10.740,1.000,0.000,0.0000
1505.190,-96.984,-7.700,0.317,0.009,0.755,10.740,1.000,0.000,0.0000
1505.200,-96.984,-7.589,0.317,0.009,0.755,10.740,1.000,0.000,0.0000
1505.210,-96.984,-7.478,0.317,0.009,0.755,10.740,1.000,0.000,0.0000
1505.220,-96.984,-7.367,0.317,0.009,0.754,10.740,1.000,0.000,0.0000
1505.230,-96.984,-7.255,0.317,0.009,0.754,10.740,1.000,0.000,0.0000
1505.240,-96.984,-7.144,0.317,0.009,0.754,10.740,1.000,0.000,0.0000
1505.250,-96.984,-7.033,0.317,0.009,0.754,10.740,1.000,0.000,0.0000
1505.260,-96.984,-6.922,0.317,0.009,0.754,10.740,1.000,0.000,0.0000
1505.270,-96.984,-6.811,0.317,0.009,0.754,10.740,1.000,0.000,0.0000
1505.280,-96.983,-6.700,0.317,0.009,0.754,10.740,1.000,0.000,0.0000
1505.290,-96.983,-6.589,0.317,0.009,0.754,10.740,1.000,0.000,0.0000
1505.300,-96.983,-6.478,0.317,0.009,0.754,10.740,1.000,0.000,0.0000
1505.310,-96.983,-6.367,0.317,0.009,0.754,10.740,1.000,0.000,0.0000
1505.320,-96.983,-6.256,0.317,0.009,0.754,10.740,1.000,0.000,0.0000
1505.330,-96.983,-6.144,0.317,0.009,0.754,10.740,1.000,0.000,0.0000
1505.340,-96.983,-6.033,0.317,0.009,0.753,10.740,1.000,0.000,0.0000
1505.350,-96.983,-5.922,0.317,0.009,0.753,10.740,1.000,0.000,0.0000
1505.360,-96.983,-5.811,0.317,0.009,0.753,10.740,1.000,0.000,0.0000
1505.370,-96.983,-5.700,0.317,0.009,0.753,10.740,1.000,0.000,0.0000
1505.380,-96.983,-5.589,0.317,0.009,0.753,10.740,1.000,0.000,0.0000
1505.390,-96.983,-5.478,0.317,0.009,0.753,10.740,1.000,0.000,0.0000
1505.400,-96.982,-5.367,0.317,0.009,0.753,10.740,1.000,0.000,0.0000
1505.410,-96.982,-5.256,0.317,0.009,0.753,10.740,1.000,0.000,0.0000
1505.420,-96.982,-5.145,0.317,0.009,0.753,10.740,1.000,0.000,0.0000
1505.430,-96.982,-5.033,0.317,0.009,0.753,10.740,1.000,0.000,0.0000
1505.440,-96.982,-4.922,0.317,0.009,0.753,10.740,1.000,0.000,0.0000
1505.450,-96.982,-4.811,0.317,0.009,0.752,10.740,1.000,0.000,0.0000
1505.460,-96.982,-4.700,0.317,0.009,0.752,10.740,1.000,0.000,0.0000
1505.470,-96.982,-4.589,0.317,0.009,0.752,10.740,1.000,0.000,0.0000
1505.480,-96.982,-4.478,0.317,0.009,0.752,10.740,1.000,0.000,0.0000
1505.490,-96.982,-4.367,0.317,0.009,0.752,10.740,1.000,0.000,0.0000
1505.500,-96.982,-4.256,0.317,0.009,0.752,10.740,1.000,0.000,0.0000
1505.510,-96.981,-4.145,0.317,0.009,0.752,10.740,1.000,0.000,0.0000
1505.520,-96.981,-4.034,0.317,0.009,0.752,10.740,1.000,0.000,0.0000
1505.530,-96.981,-3.922,0.317,0.009,0.752,10.740,1.000,0.000,0.0000
1505.540,-96.981,-3.811,0.317,0.009,0.752,10.740,1.000,0.000,0.0000
1505.550,-96.981,-3.700,0.317,0.009,0.752,10.740,0.940,0.000,0.0000
1505.560,-96.981,-3.589,0.317,0.010,0.751,10.740,0.880,0.000,0.0000
1505.570,-96.981,-3.479,0.317,0.014,0.751,10.740,0.820,0.000,0.0000
1505.580,-96.981,-3.368,0.317,0.020,0.751,10.740,0.760,0.000,0.0000
1505.590,-96.981,-3.258,0.318,0.028,0.751,10.739,0.700,0.000,0.0000
1505.600,-96.981,-3.149,0.318,0.036,0.751,10.739,0.640,0.000,0.0000
1505.610,-96.981,-3.040,0.318,0.042,0.751,10.739,0.580,0.000,0.0000
1505.620,-96.980,-2.931,0.319,0.048,0.751,10.738,0.520,0.000,0.0000
1505.630,-96.980,-2.823,0.319,0.052,0.751,10.738,0.460,0.000,0.0000
1505.640,-96.980,-2.715,0.320,0.055,0.751,10.737,0.400,0.000,0.0000
1505.650,-96.980,-2.607,0.320,0.057,0.751,10.736,0.340,0.000,0.0000
1505.660,-96.980,-2.500,0.321,0.058,0.751,10.736,0.280,0.000,0.0000
1505.670,-96.980,-2.393,0.321,0.058,0.751,10.735,0.220,0.000,0.0000
1505.680,-96.980,-2.287,0.322,0.057,0.751,10.735,0.160,0.000,0.0000
1505.690,-96.980,-2.181,0.323,0.055,0.751,10.734,0.100,0.000,0.0000
1505.700,-96.980,-2.075,0.323,0.053,0.751,10.734,0.040,0.000,0.0000
1505.710,-96.980,-1.970,0.324,0.050,0.750,10.733,0.000,0.000,0.0000
1505.720,-96.980,-1.866,0.324,0.047,0.750,10.733,0.000,0.000,0.0000
1505.730,-96.980,-1.761,0.325,0.044,0.750,10.732,0.000,0.000,0.0000
1505.740,-96.979,-1.657,0.325,0.040,0.750,10.732,0.000,0.000,0.0000
1505.750,-96.979,-1.554,0.325,0.036,0.750,10.732,0.000,0.000,0.0000
1505.760,-96.979,-1.451,0.326,0.031,0.750,10.731,0.000,0.000,0.0000
1505.770,-96.979,-1.348,0.326,0.027,0.750,10.731,0.000,0.000,0.0000
1505.780,-96.979,-1.246,0.326,0.022,0.750,10.731,0.000,0.000,0.0000
1505.790,-96.979,-1.144,0.326,0.018,0.750,10.731,0.000,0.000,0.0000
1505.800,-96.979,-1.042,0.326,0.014,0.750,10.730,0.000,0.000,0.0000
1505.810,-96.979,-0.941,0.326,0.011,0.750,10.730,0.000,0.000,0.0000
1505.820,-96.979,-0.841,0.326,0.009,0.750,10.730,0.000,0.000,0.0000
1505.830,-96.979,-0.740,0.326,0.008,0.750,10.730,0.000,0.000,0.0000
1505.840,-96.979,-0.641,0.326,0.009,0.750,10.730,0.000,0.000,0.0000
1505.850,-96.979,-0.541,0.326,0.011,0.749,10.730,0.000,0.000,0.0000
1505.860,-96.978,-0.442,0.326,0.013,0.749,10.731,0.000,0.000,0.0000
1505.870,-96.978,-0.343,0.326,0.015,0.749,10.731,0.000,0.000,0.0000
1505.880,-96.978,-0.245,0.326,0.017,0.749,10.731,0.000,0.000,0.0080
1505.890,-96.978,-0.147,0.326,0.019,0.749,10.731,0.000,0.000,0.0160
1505.900,-96.978,-0.050,0.326,0.021,0.749,10.731,0.000,0.000,0.0240
1505.910,-96.978,0.047,0.325,0.022,0.749,10.731,0.000,0.000,0.0320
1505.920,-96.978,0.144,0.325,0.023,0.749,10.732,0.000,0.000,0.0400
1505.930,-96.978,0.240,0.325,0.025,0.749,10.732,0.000,0.000,0.0480
1505.940,-96.978,0.336,0.325,0.026,0.748,10.732,0.000,0.000,0.0560
1505.950,-96.977,0.431,0.324,0.028,0.748,10.732,0.000,0.000,0.0640
1505.960,-96.977,0.526,0.324,0.030,0.748,10.732,0.000,0.000,0.0720
1505.970,-96.977,0.621,0.324,0.034,0.748,10.732,0.000,0.000,0.0800
1505.980,-96.977,0.715,0.324,0.039,0.747,10.733,0.000,0.000,0.0880
1505.990,-96.976,0.809,0.324,0.045,0.747,10.733,0.000,0.000,0.0960
1506.000,-96.976,0.903,0.324,0.053,0.746,10.733,0.000,0.000,0.1040
1506.010,-96.975,0.996,0.323,0.062,0.746,10.733,0.000,0.000,0.1120
1506.020,-96.974,1.088,0.323,0.073,0.745,10.733,0.000,0.000,0.1200
1506.030,-96.974,1.181,0.323,0.086,0.744,10.733,0.000,0.000,0.1280
1506.040,-96.973,1.272,0.323,0.100,0.743,10.733,0.000,0.000,0.1360
1506.050,-96.971,1.364,0.323,0.115,0.742,10.733,0.000,0.000,0.1440
1506.060,-96.970,1.455,0.323,0.131,0.741,10.733,0.000,0.000,0.1520
1506.070,-96.969,1.545,0.323,0.148,0.739,10.733,0.000,0.000,0.1600
1506.080,-96.967,1.635,0.323,0.167,0.738,10.733,0.000,0.000,0.1680
1506.090,-96.965,1.725,0.323,0.188,0.736,10.732,0.000,0.000,0.1380
1506.100,-96.963,1.815,0.323,0.210,0.734,10.732,0.000,0.000,0.1080
1506.110,-96.961,1.903,0.323,0.235,0.731,10.732,0.000,0.000,0.0780
1506.120,-96.958,1.992,0.323,0.258,0.729,10.732,0.000,0.000,0.0480
1506.130,-96.955,2.080,0.323,0.281,0.726,10.731,0.000,0.000,0.0180
1506.140,-96.952,2.167,0.324,0.302,0.723,10.731,0.000,0.000,0.0000
1506.150,-96.949,2.254,0.324,0.321,0.720,10.730,0.000,0.000,0.0000
1506.160,-96.946,2.340,0.324,0.342,0.716,10.730,0.000,0.000,0.0000
1506.170,-96.942,2.426,0.324,0.361,0.713,10.729,0.000,0.000,0.0000
1506.180,-96.938,2.512,0.324,0.380,0.709,10.729,0.000,0.000,0.0000
1506.190,-96.934,2.598,0.324,0.396,0.705,10.729,0.000,0.000,0.0000
1506.200,-96.930,2.683,0.324,0.409,0.701,10.728,0.000,0.000,0.0000
1506.210,-96.926,2.768,0.324,0.420,0.697,10.728,0.000,0.000,0.0000
1506.220,-96.922,2.853,0.324,0.430,0.692,10.728,0.000,0.000,0.0000
1506.230,-96.917,2.937,0.324,0.437,0.688,10.727,0.000,0.000,0.0000
1506.240,-96.913,3.021,0.324,0.443,0.684,10.727,0.000,0.000,0.0000
1506.250,-96.908,3.105,0.324,0.448,0.679,10.727,0.000,0.000,0.0000
1506.260,-96.904,3.188,0.324,0.452,0.675,10.726,0.000,0.000,0.0000
1506.270,-96.899,3.271,0.324,0.457,0.670,10.726,0.000,0.000,0.0000
1506.280,-96.895,3.354,0.323,0.461,0.665,10.726,0.000,0.000,0.0000
1506.290,-96.890,3.436,0.323,0.464,0.661,10.726,0.000,0.000,0.0000
1506.300,-96.885,3.518,0.323,0.464,0.656,10.725,0.000,0.000,0.0000
1506.310,-96.881,3.600,0.323,0.461,0.652,10.725,0.000,0.000,0.0000
1506.320,-96.876,3.681,0.323,0.459,0.647,10.725,0.000,0.000,0.0000
1506.330,-96.872,3.761,0.323,0.458,0.642,10.724,0.000,0.000,0.0000
1506.340,-96.867,3.841,0.323,0.455,0.638,10.724,0.000,0.000,0.0000
1506.350,-96.863,3.921,0.323,0.451,0.633,10.723,0.000,0.000,0.0000
1506.360,-96.858,4.000,0.323,0.446,0.629,10.723,0.000,0.000,0.0000
1506.370,-96.854,4.079,0.323,0.441,0.625,10.723,0.000,0.000,0.0000
1506.380,-96.849,4.157,0.324,0.435,0.620,10.722,0.000,0.000,0.0000
1506.390,-96.845,4.235,0.324,0.429,0.616,10.722,0.000,0.000,0.0000
1506.400,-96.841,4.312,0.324,0.424,0.612,10.721,0.000,0.000,0.0000
1506.410,-96.837,4.390,0.324,0.417,0.608,10.721,0.000,0.000,0.0000
1506.420,-96.833,4.466,0.324,0.412,0.603,10.721,0.000,0.000,0.0000
1506.430,-96.828,4.543,0.324,0.408,0.599,10.720,0.000,0.000,0.0000
1506.440,-96.824,4.619,0.324,0.405,0.595,10.720,0.000,0.000,0.0000
1506.450,-96.820,4.695,0.324,0.404,0.591,10.720,0.000,0.000,0.0000
1506.460,-96.816,4.770,0.324,0.405,0.587,10.719,0.000,0.000,0.0000
1506.470,-96.812,4.845,0.324,0.403,0.583,10.719,0.000,0.000,0.0000
1506.480,-96.808,4.920,0.324,0.401,0.579,10.719,0.000,0.000,0.0000
1506.490,-96.804,4.994,0.324,0.401,0.575,10.718,0.000,0.000,0.0000
1506.500,-96.800,5.067,0.324,0.401,0.571,10.718,0.000,0.000,0.0000
1506.510,-96.796,5.140,0.324,0.402,0.567,10.718,0.000,0.000,0.0000
1506.520,-96.792,5.213,0.324,0.403,0.563,10.717,0.000,0.000,0.0000
1506.530,-96.788,5.285,0.324,0.405,0.559,10.717,0.000,0.000,0.0000
1506.540,-96.784,5.357,0.324,0.407,0.555,10.717,0.000,0.000,0.0000
1506.550,-96.780,5.429,0.324,0.409,0.551,10.716,0.040,0.000,0.0000
1506.560,-96.776,5.500,0.324,0.411,0.547,10.716,0.080,0.000,0.0000
1506.570,-96.772,5.571,0.324,0.413,0.543,10.716,0.120,0.000,0.0000
1506.580,-96.768,5.641,0.324,0.416,0.539,10.715,0.160,0.000,0.0000
1506.590,-96.763,5.712,0.324,0.417,0.534,10.715,0.200,0.000,0.0000
1506.600,-96.759,5.781,0.324,0.417,0.530,10.715,0.240,0.000,0.0000
1506.610,-96.755,5.851,0.324,0.416,0.526,10.715,0.280,0.000,0.0000
1506.620,-96.751,5.920,0.324,0.413,0.522,10.714,0.320,0.000,0.0000
1506.630,-96.747,5.988,0.324,0.409,0.518,10.714,0.360,0.000,0.0000
1506.640,-96.743,6.056,0.324,0.406,0.514,10.714,0.400,0.000,0.0000
1506.650,-96.739,6.124,0.324,0.402,0.510,10.714,0.440,0.000,0.0000
1506.660,-96.735,6.191,0.324,0.398,0.506,10.713,0.480,0.000,0.0000
1506.670,-96.731,6.258,0.324,0.394,0.502,10.713,0.520,0.000,0.0000
1506.680,-96.727,6.324,0.324,0.389,0.498,10.713,0.560,0.000,0.0000
1506.690,-96.723,6.390,0.324,0.383,0.494,10.713,0.600,0.000,0.0000
1506.700,-96.719,6.456,0.324,0.380,0.491,10.712,0.640,0.000,0.0000
1506.710,-96.716,6.522,0.324,0.377,0.487,10.712,0.680,0.000,0.0000
1506.720,-96.712,6.589,0.323,0.377,0.483,10.712,0.720,0.000,0.0000
1506.730,-96.708,6.655,0.323,0.378,0.479,10.713,0.760,0.000,0.0000
1506.740,-96.704,6.723,0.322,0.380,0.475,10.713,0.800,0.000,0.0000
1506.750,-96.701,6.790,0.321,0.383,0.472,10.714,0.840,0.000,0.0000
1506.760,-96.697,6.858,0.320,0.385,0.468,10.714,0.880,0.000,0.0000
1506.770,-96.693,6.926,0.319,0.388,0.464,10.715,0.920,0.000,0.0000
1506.780,-96.689,6.995,0.318,0.391,0.460,10.716,0.960,0.000,0.0000
1506.790,-96.686,7.064,0.317,0.393,0.456,10.717,1.000,0.000,0.0000
1506.800,-96.682,7.134,0.316,0.396,0.453,10.718,1.000,0.000,0.0000
1506.810,-96.678,7.204,0.315,0.399,0.449,10.719,1.000,0.000,0.0000
1506.820,-96.674,7.274,0.314,0.402,0.445,10.720,1.000,0.000,0.0080
1506.830,-96.670,7.345,0.312,0.406,0.441,10.721,1.000,0.000,0.0160
1506.840,-96.666,7.416,0.311,0.409,0.437,10.721,1.000,0.000,0.0240
1506.850,-96.662,7.488,0.310,0.413,0.433,10.722,0.940,0.000,0.0320
1506.860,-96.658,7.560,0.309,0.418,0.429,10.723,0.880,0.000,0.0400
1506.870,-96.654,7.632,0.309,0.421,0.424,10.723,0.820,0.000,0.0480
1506.880,-96.650,7.705,0.308,0.422,0.420,10.724,0.760,0.000,0.0560
1506.890,-96.646,7.778,0.307,0.424,0.416,10.724,0.700,0.000,0.0640
1506.900,-96.641,7.851,0.307,0.429,0.412,10.724,0.640,0.000,0.0720
1506.910,-96.637,7.924,0.307,0.435,0.407,10.724,0.580,0.000,0.0800
1506.920,-96.633,7.997,0.306,0.441,0.403,10.724,0.520,0.000,0.0880
1506.930,-96.628,8.070,0.307,0.447,0.399,10.724,0.460,0.000,0.0960
1506.940,-96.624,8.142,0.307,0.453,0.394,10.723,0.400,0.000,0.1040
1506.950,-96.619,8.214,0.308,0.459,0.390,10.722,0.340,0.000,0.1120
1506.960,-96.615,8.286,0.308,0.467,0.385,10.721,0.280,0.000,0.1200
1506.970,-96.610,8.357,0.309,0.475,0.380,10.720,0.220,0.000,0.1280
1506.980,-96.605,8.428,0.311,0.484,0.376,10.719,0.160,0.000,0.1360
1506.990,-96.600,8.498,0.312,0.493,0.371,10.717,0.100,0.000,0.1440
1507.000,-96.596,8.568,0.313,0.503,0.366,10.715,0.040,0.000,0.1520
1507.010,-96.591,8.638,0.314,0.512,0.361,10.714,0.000,0.000,0.1600
1507.020,-96.586,8.707,0.316,0.521,0.357,10.712,0.000,0.000,0.1680
1507.030,-96.580,8.776,0.317,0.542,0.351,10.710,0.000,0.000,0.1760
1507.040,-96.575,8.845,0.319,0.552,0.346,10.709,0.000,0.000,0.1840
1507.050,-96.570,8.913,0.320,0.557,0.341,10.707,0.000,0.000,0.1920
1507.060,-96.564,8.981,0.321,0.561,0.336,10.706,0.000,0.000,0.2000
1507.070,-96.559,9.049,0.322,0.567,0.330,10.704,0.000,0.000,0.2080
1507.080,-96.553,9.116,0.323,0.575,0.325,10.703,0.000,0.000,0.2160
1507.090,-96.547,9.184,0.324,0.587,0.319,10.702,0.000,0.000,0.2240
1507.100,-96.541,9.251,0.325,0.600,0.313,10.700,0.000,0.000,0.2320
1507.110,-96.535,9.317,0.326,0.615,0.307,10.699,0.000,0.000,0.2400
1507.120,-96.529,9.383,0.327,0.635,0.301,10.698,0.000,0.000,0.2480
1507.130,-96.522,9.449,0.327,0.656,0.295,10.697,0.000,0.000,0.2560
1507.140,-96.516,9.514,0.328,0.677,0.288,10.696,0.000,0.000,0.2640
1507.150,-96.509,9.578,0.328,0.700,0.281,10.696,0.000,0.000,0.2720
1507.160,-96.501,9.641,0.329,0.727,0.274,10.695,0.000,0.000,0.2800
1507.170,-96.494,9.704,0.329,0.753,0.267,10.694,0.000,0.000,0.2880
1507.180,-96.486,9.766,0.330,0.775,0.259,10.693,0.000,0.000,0.2960
1507.190,-96.478,9.827,0.330,0.794,0.251,10.692,0.000,0.000,0.3040
1507.200,-96.470,9.888,0.331,0.813,0.243,10.692,0.000,0.000,0.3120
1507.210,-96.462,9.947,0.331,0.830,0.235,10.691,0.000,0.000,0.3200
1507.220,-96.453,10.006,0.332,0.846,0.227,10.690,0.000,0.000,0.3280
1507.230,-96.445,10.064,0.332,0.864,0.219,10.689,0.000,0.000,0.3360
1507.240,-96.436,10.121,0.332,0.874,0.210,10.689,0.000,0.000,0.3440
1507.250,-96.427,10.178,0.332,0.891,0.202,10.688,0.000,0.000,0.3520
1507.260,-96.418,10.234,0.332,0.912,0.193,10.688,0.000,0.000,0.3600
1507.270,-96.409,10.289,0.332,0.927,0.184,10.687,0.000,0.000,0.3680
1507.280,-96.399,10.344,0.332,0.944,0.174,10.687,0.000,0.000,0.3760
1507.290,-96.390,10.399,0.332,0.963,0.165,10.687,0.000,0.000,0.3840
1507.300,-96.380,10.452,0.332,0.983,0.155,10.687,0.000,0.000,0.3920
1507.310,-96.370,10.506,0.331,1.002,0.146,10.687,0.000,0.000,0.4000
1507.320,-96.360,10.559,0.331,1.017,0.136,10.687,0.000,0.000,0.4080
1507.330,-96.349,10.611,0.330,1.032,0.126,10.688,0.000,0.000,0.4160
1507.340,-96.339,10.663,0.330,1.047,0.116,10.688,0.000,0.000,0.4240
1507.350,-96.328,10.714,0.329,1.062,0.106,10.688,0.000,0.000,0.4320
1507.360,-96.317,10.764,0.329,1.078,0.096,10.688,0.000,0.000,0.4020
1507.370,-96.307,10.815,0.328,1.096,0.085,10.688,0.000,0.000,0.3720
1507.380,-96.295,10.864,0.327,1.118,0.075,10.689,0.000,0.000,0.3420
1507.390,-96.284,10.914,0.327,1.139,0.065,10.689,0.000,0.000,0.3120
1507.400,-96.272,10.962,0.326,1.161,0.056,10.689,0.000,0.000,0.2820
1507.410,-96.260,11.011,0.325,1.194,0.047,10.690,0.000,0.000,0.2520
1507.420,-96.248,11.059,0.325,1.212,0.039,10.690,0.000,0.000,0.2220
1507.430,-96.236,11.107,0.324,1.220,0.035,10.690,0.000,0.000,0.1920
1507.440,-96.224,11.154,0.324,1.225,0.034,10.691,0.000,0.000,0.1620
1507.450,-96.212,11.201,0.323,1.232,0.038,10.691,0.000,0.000,0.1320
1507.460,-96.199,11.248,0.322,1.242,0.045,10.691,0.000,0.000,0.1020
1507.470,-96.187,11.295,0.322,1.255,0.054,10.692,0.000,0.000,0.0720
1507.480,-96.174,11.341,0.322,1.269,0.064,10.692,0.000,0.000,0.0420
1507.490,-96.161,11.387,0.321,1.281,0.076,10.692,0.000,0.000,0.0120
1507.500,-96.148,11.433,0.321,1.291,0.087,10.692,0.000,0.000,0.0000
1507.510,-96.135,11.479,0.320,1.301,0.099,10.693,0.000,0.000,0.0000
1507.520,-96.122,11.524,0.320,1.312,0.112,10.693,0.000,0.000,0.0000
1507.530,-96.109,11.569,0.320,1.322,0.125,10.693,0.000,0.000,0.0000
1507.540,-96.096,11.615,0.319,1.330,0.138,10.693,0.000,0.000,0.0000
1507.550,-96.082,11.660,0.319,1.337,0.151,10.693,0.000,0.000,0.0000
1507.560,-96.069,11.705,0.319,1.342,0.164,10.693,0.000,0.000,0.0000
1507.570,-96.055,11.749,0.318,1.344,0.177,10.694,0.000,0.000,0.0000
1507.580,-96.042,11.794,0.318,1.345,0.190,10.694,0.000,0.000,0.0000
1507.590,-96.029,11.838,0.318,1.343,0.203,10.694,0.000,0.000,0.0000
1507.600,-96.015,11.882,0.318,1.340,0.217,10.694,0.000,0.000,0.0000
1507.610,-96.002,11.926,0.318,1.336,0.230,10.694,0.000,0.000,0.0000
1507.620,-95.988,11.970,0.318,1.331,0.243,10.694,0.000,0.000,0.0000
1507.630,-95.975,12.013,0.318,1.331,0.256,10.694,0.000,0.000,0.0000
1507.640,-95.962,12.056,0.318,1.331,0.270,10.694,0.000,0.000,0.0000
1507.650,-95.949,12.099,0.319,1.329,0.283,10.694,0.040,0.000,0.0000
1507.660,-95.935,12.141,0.319,1.327,0.296,10.694,0.080,0.000,0.0000
1507.670,-95.922,12.184,0.319,1.323,0.309,10.693,0.120,0.000,0.0000
1507.680,-95.909,12.226,0.319,1.317,0.322,10.693,0.160,0.000,0.0000
1507.690,-95.896,12.268,0.319,1.310,0.335,10.693,0.200,0.000,0.0000
1507.700,-95.883,12.309,0.320,1.301,0.348,10.693,0.240,0.000,0.0000
1507.710,-95.870,12.350,0.320,1.291,0.361,10.693,0.280,0.000,0.0000
1507.720,-95.857,12.391,0.320,1.280,0.374,10.693,0.320,0.000,0.0000
1507.730,-95.844,12.431,0.321,1.268,0.387,10.692,0.360,0.000,0.0000
1507.740,-95.832,12.471,0.321,1.256,0.399,10.692,0.400,0.000,0.0000
1507.750,-95.819,12.511,0.321,1.250,0.412,10.692,0.440,0.000,0.0000
1507.760,-95.807,12.551,0.322,1.249,0.424,10.692,0.480,0.000,0.0000
1507.770,-95.794,12.591,0.322,1.253,0.437,10.692,0.520,0.000,0.0000
1507.780,-95.782,12.631,0.322,1.261,0.449,10.693,0.560,0.000,0.0000
1507.790,-95.769,12.672,0.321,1.270,0.462,10.693,0.600,0.000,0.0000
1507.800,-95.756,12.713,0.321,1.281,0.475,10.694,0.640,0.000,0.0000
1507.810,-95.743,12.754,0.321,1.292,0.488,10.695,0.680,0.000,0.0000
1507.820,-95.730,12.796,0.320,1.303,0.501,10.696,0.720,0.000,0.0000
1507.830,-95.717,12.838,0.319,1.313,0.514,10.697,0.760,0.000,0.0000
1507.840,-95.704,12.881,0.318,1.324,0.527,10.698,0.800,0.000,0.0000
1507.850,-95.691,12.923,0.317,1.335,0.540,10.699,0.840,0.000,0.0000
1507.860,-95.677,12.967,0.316,1.345,0.553,10.700,0.880,0.000,0.0000
1507.870,-95.664,13.010,0.316,1.356,0.567,10.702,0.920,0.000,0.0000
1507.880,-95.650,13.054,0.315,1.366,0.580,10.703,0.960,0.000,0.0000
1507.890,-95.636,13.099,0.314,1.377,0.594,10.705,1.000,0.000,0.0000
1507.900,-95.623,13.143,0.313,1.388,0.608,10.706,1.000,0.000,0.0000
1507.910,-95.609,13.188,0.312,1.397,0.622,10.707,1.000,0.000,0.0000
1507.920,-95.595,13.234,0.311,1.403,0.636,10.709,1.000,0.000,0.0000
1507.930,-95.581,13.279,0.310,1.410,0.650,10.710,1.000,0.000,0.0000
1507.940,-95.566,13.325,0.310,1.419,0.664,10.711,1.000,0.000,0.0000
1507.950,-95.552,13.371,0.309,1.429,0.678,10.712,1.000,0.000,0.0000
1507.960,-95.538,13.418,0.309,1.442,0.693,10.713,1.000,0.000,0.0000
1507.970,-95.523,13.465,0.308,1.455,0.707,10.715,1.000,0.000,0.0000
1507.980,-95.508,13.513,0.308,1.469,0.722,10.716,1.000,0.000,0.0000
1507.990,-95.494,13.561,0.307,1.484,0.737,10.717,1.000,0.000,0.0000
1508.000,-95.479,13.610,0.307,1.498,0.752,10.718,1.000,0.000,0.0000
1508.010,-95.463,13.659,0.307,1.513,0.767,10.719,1.000,0.000,0.0000
1508.020,-95.448,13.708,0.306,1.528,0.782,10.720,1.000,0.000,0.0000
1508.030,-95.433,13.758,0.306,1.542,0.797,10.721,1.000,0.000,0.0000
1508.040,-95.417,13.808,0.306,1.557,0.813,10.722,1.000,0.000,0.0000
1508.050,-95.402,13.859,0.306,1.572,0.829,10.723,1.000,0.000,0.0000
1508.060,-95.386,13.910,0.306,1.586,0.845,10.723,1.000,0.000,0.0000
1508.070,-95.370,13.961,0.306,1.600,0.860,10.724,1.000,0.000,0.0000
1508.080,-95.354,14.013,0.306,1.614,0.877,10.725,1.000,0.000,0.0000
1508.090,-95.337,14.065,0.307,1.627,0.893,10.726,1.000,0.000,0.0000
1508.100,-95.321,14.118,0.307,1.640,0.909,10.727,1.000,0.000,0.0000
1508.110,-95.304,14.171,0.307,1.653,0.926,10.728,1.000,0.000,0.0000
1508.120,-95.288,14.224,0.307,1.665,0.942,10.728,1.000,0.000,0.0000
1508.130,-95.271,14.278,0.308,1.677,0.959,10.729,1.000,0.000,0.0000
1508.140,-95.254,14.332,0.308,1.683,0.976,10.730,1.000,0.000,0.0000
1508.150,-95.237,14.386,0.309,1.695,0.993,10.731,1.000,0.000,0.0000
1508.160,-95.220,14.440,0.309,1.710,1.010,10.731,1.000,0.000,0.0000
1508.170,-95.203,14.495,0.309,1.725,1.027,10.732,1.000,0.000,0.0000
1508.180,-95.185,14.550,0.310,1.741,1.045,10.733,1.000,0.000,0.0000
1508.190,-95.168,14.606,0.310,1.755,1.062,10.734,1.000,0.000,0.0080
1508.200,-95.150,14.662,0.310,1.769,1.080,10.735,1.000,0.000,0.0160
1508.210,-95.132,14.719,0.311,1.782,1.098,10.736,1.000,0.000,0.0240
1508.220,-95.114,14.775,0.311,1.793,1.116,10.738,1.000,0.000,0.0320
1508.230,-95.096,14.833,0.311,1.804,1.134,10.739,1.000,0.000,0.0400
1508.240,-95.078,14.890,0.311,1.815,1.152,10.740,1.000,0.000,0.0480
1508.250,-95.060,14.948,0.312,1.825,1.170,10.742,1.000,0.000,0.0560
1508.260,-95.042,15.006,0.312,1.835,1.189,10.743,1.000,0.000,0.0640
1508.270,-95.023,15.065,0.312,1.846,1.207,10.745,1.000,0.000,0.0720
1508.280,-95.005,15.124,0.312,1.856,1.226,10.746,0.940,0.000,0.0800
1508.290,-94.986,15.183,0.312,1.867,1.244,10.748,0.880,0.000,0.0880
1508.300,-94.967,15.242,0.312,1.878,1.263,10.750,0.820,0.000,0.0960
1508.310,-94.948,15.302,0.312,1.890,1.282,10.751,0.760,0.000,0.1040
1508.320,-94.929,15.362,0.312,1.902,1.301,10.753,0.700,0.000,0.1120
1508.330,-94.910,15.423,0.312,1.915,1.320,10.755,0.640,0.000,0.1200
1508.340,-94.891,15.483,0.312,1.944,1.340,10.757,0.580,0.000,0.1280
1508.350,-94.871,15.545,0.312,1.960,1.359,10.759,0.520,0.000,0.1360
1508.360,-94.851,15.607,0.312,1.970,1.379,10.762,0.460,0.000,0.1440
1508.370,-94.832,15.669,0.312,1.976,1.399,10.764,0.400,0.000,0.1520
1508.380,-94.812,15.731,0.312,1.979,1.418,10.766,0.340,0.000,0.1600
1508.390,-94.792,15.792,0.312,1.980,1.438,10.768,0.280,0.000,0.1680
1508.400,-94.772,15.853,0.312,1.981,1.458,10.770,0.220,0.000,0.1760
1508.410,-94.752,15.914,0.313,1.983,1.478,10.772,0.160,0.000,0.1840
1508.420,-94.733,15.975,0.313,1.984,1.498,10.773,0.100,0.000,0.1920
1508.430,-94.713,16.035,0.314,1.986,1.518,10.775,0.040,0.000,0.2000
1508.440,-94.693,16.094,0.315,1.989,1.537,10.777,0.080,0.000,0.1700
1508.450,-94.673,16.154,0.316,1.988,1.557,10.778,0.120,0.000,0.1400
1508.460,-94.653,16.212,0.317,1.985,1.577,10.780,0.160,0.000,0.1100
1508.470,-94.633,16.270,0.318,1.980,1.597,10.781,0.200,0.000,0.0800
1508.480,-94.614,16.327,0.319,1.974,1.617,10.782,0.240,0.000,0.0500
1508.490,-94.594,16.383,0.320,1.968,1.636,10.784,0.280,0.000,0.0200
1508.500,-94.574,16.439,0.322,1.964,1.656,10.785,0.320,0.000,0.0000
1508.510,-94.555,16.493,0.323,1.958,1.675,10.786,0.360,0.000,0.0000
1508.520,-94.535,16.548,0.324,1.965,1.695,10.788,0.400,0.000,0.0000
1508.530,-94.516,16.602,0.326,1.972,1.715,10.789,0.440,0.000,0.0000
1508.540,-94.496,16.656,0.326,1.978,1.735,10.791,0.480,0.000,0.0000
1508.550,-94.476,16.709,0.327,1.981,1.754,10.793,0.520,0.000,0.0000
1508.560,-94.456,16.763,0.328,1.990,1.774,10.795,0.560,0.000,0.0000
1508.570,-94.436,16.816,0.328,2.005,1.794,10.798,0.600,0.000,0.0000
1508.580,-94.416,16.870,0.328,2.023,1.815,10.801,0.640,0.000,0.0000
1508.590,-94.395,16.925,0.328,2.043,1.835,10.804,0.680,0.000,0.0000
1508.600,-94.375,16.979,0.327,2.063,1.856,10.807,0.720,0.000,0.0000
1508.610,-94.354,17.034,0.327,2.082,1.876,10.811,0.760,0.000,0.0000
1508.620,-94.333,17.090,0.326,2.100,1.897,10.816,0.800,0.000,0.0000
1508.630,-94.312,17.146,0.325,2.116,1.918,10.820,0.840,0.000,0.0000
1508.640,-94.291,17.202,0.323,2.131,1.940,10.824,0.880,0.000,0.0000
1508.650,-94.269,17.258,0.322,2.145,1.961,10.829,0.920,0.000,0.0000
1508.660,-94.248,17.315,0.321,2.158,1.983,10.834,0.960,0.000,0.0000
1508.670,-94.226,17.372,0.319,2.171,2.004,10.839,1.000,0.000,0.0000
1508.680,-94.204,17.430,0.318,2.183,2.026,10.844,1.000,0.000,0.0000
1508.690,-94.182,17.488,0.316,2.195,2.048,10.849,1.000,0.000,0.0000
1508.700,-94.160,17.547,0.315,2.206,2.070,10.855,1.000,0.000,0.0080
1508.710,-94.138,17.605,0.313,2.217,2.092,10.860,1.000,0.000,0.0160
1508.720,-94.116,17.664,0.312,2.227,2.114,10.865,1.000,0.000,0.0240
1508.730,-94.094,17.724,0.310,2.236,2.136,10.870,1.000,0.000,0.0320
1508.740,-94.071,17.784,0.309,2.245,2.159,10.875,1.000,0.000,0.0400
1508.750,-94.049,17.844,0.308,2.257,2.181,10.880,1.000,0.000,0.0480
1508.760,-94.026,17.904,0.307,2.269,2.204,10.885,0.940,0.000,0.0560
1508.770,-94.003,17.965,0.307,2.283,2.227,10.890,0.880,0.000,0.0640
1508.780,-93.980,18.026,0.306,2.300,2.250,10.895,0.820,0.000,0.0720
1508.790,-93.957,18.088,0.305,2.319,2.273,10.900,0.760,0.000,0.0800
1508.800,-93.934,18.150,0.305,2.340,2.296,10.905,0.700,0.000,0.0880
1508.810,-93.910,18.213,0.304,2.362,2.320,10.910,0.640,0.000,0.0960
1508.820,-93.886,18.276,0.304,2.385,2.344,10.915,0.580,0.000,0.1040
1508.830,-93.862,18.340,0.304,2.401,2.368,10.920,0.520,0.000,0.1120
1508.840,-93.838,18.404,0.304,2.409,2.392,10.924,0.460,0.000,0.1200
1508.850,-93.814,18.467,0.304,2.413,2.416,10.929,0.400,0.000,0.1280
1508.860,-93.790,18.530,0.304,2.414,2.440,10.933,0.340,0.000,0.1360
1508.870,-93.766,18.593,0.305,2.414,2.464,10.938,0.280,0.000,0.1440
1508.880,-93.742,18.656,0.306,2.413,2.488,10.942,0.220,0.000,0.1520
1508.890,-93.717,18.718,0.307,2.413,2.513,10.946,0.160,0.000,0.1600
1508.900,-93.693,18.779,0.308,2.412,2.537,10.949,0.100,0.000,0.1680
1508.910,-93.669,18.840,0.310,2.416,2.561,10.953,0.040,0.000,0.1760
1508.920,-93.645,18.900,0.312,2.412,2.585,10.956,0.000,0.000,0.1840
1508.930,-93.622,18.959,0.314,2.376,2.609,10.960,0.000,0.000,0.1920
1508.940,-93.598,19.017,0.316,2.351,2.632,10.963,0.000,0.000,0.2000
1508.950,-93.575,19.075,0.318,2.338,2.655,10.966,0.000,0.000,0.2080
1508.960,-93.552,19.131,0.320,2.333,2.679,10.969,0.000,0.000,0.2160
1508.970,-93.528,19.187,0.322,2.331,2.702,10.972,0.000,0.000,0.2240
1508.980,-93.505,19.243,0.324,2.332,2.725,10.975,0.000,0.000,0.2320
1508.990,-93.482,19.298,0.326,2.333,2.748,10.979,0.000,0.000,0.2400
1509.000,-93.459,19.352,0.328,2.333,2.772,10.983,0.000,0.000,0.2480
1509.010,-93.435,19.407,0.329,2.333,2.795,10.987,0.000,0.000,0.2560
1509.020,-93.412,19.460,0.330,2.332,2.818,10.991,0.000,0.000,0.2640
1509.030,-93.389,19.513,0.331,2.330,2.841,10.995,0.000,0.000,0.2720
1509.040,-93.366,19.566,0.332,2.327,2.865,11.000,0.000,0.000,0.2800
1509.050,-93.342,19.618,0.333,2.324,2.888,11.005,0.000,0.000,0.2880
1509.060,-93.319,19.669,0.334,2.320,2.911,11.010,0.000,0.000,0.2960
1509.070,-93.296,19.720,0.334,2.315,2.934,11.015,0.000,0.000,0.3040
1509.080,-93.273,19.771,0.334,2.311,2.957,11.020,0.000,0.000,0.3120
1509.090,-93.250,19.820,0.335,2.306,2.980,11.026,0.000,0.000,0.3200
1509.100,-93.227,19.869,0.335,2.301,3.004,11.032,0.000,0.000,0.3280
1509.110,-93.204,19.918,0.334,2.296,3.026,11.038,0.000,0.000,0.3360
1509.120,-93.181,19.966,0.334,2.291,3.049,11.044,0.000,0.000,0.3440
1509.130,-93.158,20.014,0.334,2.284,3.072,11.050,0.000,0.000,0.3520
1509.140,-93.135,20.061,0.333,2.283,3.095,11.056,0.000,0.000,0.3600
1509.150,-93.112,20.108,0.333,2.326,3.118,11.063,0.000,0.000,0.3680
1509.160,-93.089,20.155,0.332,2.353,3.142,11.070,0.040,0.000,0.3760
1509.170,-93.065,20.203,0.330,2.369,3.165,11.077,0.080,0.000,0.3840
1509.180,-93.041,20.249,0.329,2.381,3.189,11.085,0.120,0.000,0.3920
1509.190,-93.017,20.296,0.328,2.389,3.213,11.092,0.160,0.000,0.4000
1509.200,-92.993,20.342,0.327,2.395,3.237,11.100,0.200,0.000,0.3700
1509.210,-92.969,20.387,0.326,2.392,3.261,11.107,0.240,0.000,0.3400
1509.220,-92.946,20.432,0.325,2.384,3.285,11.115,0.280,0.000,0.3100
1509.230,-92.922,20.476,0.324,2.374,3.308,11.122,0.320,0.000,0.2800
1509.240,-92.898,20.519,0.324,2.366,3.332,11.129,0.360,0.000,0.2500
1509.250,-92.875,20.561,0.323,2.359,3.356,11.136,0.400,0.000,0.2200
1509.260,-92.851,20.603,0.323,2.354,3.379,11.143,0.440,0.000,0.1900
1509.270,-92.828,20.644,0.323,2.353,3.403,11.150,0.480,0.000,0.1600
1509.280,-92.804,20.685,0.322,2.367,3.426,11.157,0.520,0.000,0.1300
1509.290,-92.780,20.726,0.322,2.391,3.450,11.164,0.560,0.000,0.1000
1509.300,-92.756,20.767,0.321,2.422,3.474,11.172,0.600,0.000,0.0700
1509.310,-92.731,20.809,0.321,2.458,3.499,11.180,0.640,0.000,0.0400
1509.320,-92.706,20.850,0.320,2.499,3.524,11.188,0.680,0.000,0.0100
1509.330,-92.681,20.892,0.319,2.542,3.549,11.196,0.720,0.000,0.0000
1509.340,-92.655,20.935,0.318,2.589,3.575,11.205,0.760,0.000,0.0000
1509.350,-92.629,20.978,0.317,2.638,3.602,11.214,0.800,0.000,0.0000
1509.360,-92.602,21.021,0.316,2.684,3.628,11.223,0.840,0.000,0.0000
1509.370,-92.574,21.065,0.315,2.731,3.656,11.232,0.880,0.000,0.0000
1509.380,-92.547,21.110,0.313,2.775,3.683,11.242,0.920,0.000,0.0000
1509.390,-92.519,21.155,0.312,2.819,3.711,11.252,0.960,0.000,0.0000
1509.400,-92.490,21.200,0.311,2.862,3.740,11.262,1.000,0.000,0.0000
1509.410,-92.461,21.246,0.310,2.917,3.769,11.272,1.000,0.000,0.0000
1509.420,-92.431,21.293,0.308,2.966,3.799,11.283,1.000,0.000,0.0000
1509.430,-92.401,21.340,0.307,3.007,3.829,11.294,1.000,0.000,0.0000
1509.440,-92.371,21.388,0.306,3.042,3.859,11.305,1.000,0.000,0.0000
1509.450,-92.340,21.436,0.305,3.072,3.890,11.315,1.000,0.000,0.0000
1509.460,-92.309,21.484,0.304,3.099,3.921,11.326,1.000,0.000,0.0000
1509.470,-92.278,21.533,0.303,3.125,3.952,11.337,1.000,0.000,0.0000
1509.480,-92.246,21.582,0.303,3.150,3.984,11.348,1.000,0.000,0.0000
1509.490,-92.215,21.632,0.302,3.174,4.015,11.359,1.000,0.000,0.0000
1509.500,-92.183,21.682,0.302,3.199,4.047,11.370,1.000,0.000,0.0000
1509.510,-92.150,21.732,0.302,3.223,4.080,11.381,1.000,0.000,0.0000
1509.520,-92.118,21.783,0.302,3.247,4.112,11.392,1.000,0.000,0.0000
1509.530,-92.085,21.834,0.302,3.271,4.145,11.403,1.000,0.000,0.0000
1509.540,-92.052,21.885,0.302,3.295,4.178,11.414,1.000,0.000,0.0000
1509.550,-92.019,21.937,0.303,3.318,4.211,11.425,1.000,0.000,0.0000
1509.560,-91.986,21.989,0.303,3.340,4.244,11.437,1.000,0.000,0.0000
1509.570,-91.952,22.041,0.303,3.362,4.278,11.448,1.000,0.000,0.0000
1509.580,-91.918,22.094,0.304,3.383,4.312,11.460,1.000,0.000,0.0000
1509.590,-91.884,22.147,0.305,3.403,4.346,11.471,1.000,0.000,0.0000
1509.600,-91.850,22.200,0.305,3.423,4.380,11.483,1.000,0.000,0.0000
1509.610,-91.816,22.253,0.306,3.441,4.414,11.495,1.000,0.000,0.0000
1509.620,-91.781,22.307,0.307,3.449,4.449,11.506,1.000,0.000,0.0000
1509.630,-91.747,22.361,0.308,3.466,4.484,11.518,1.000,0.000,0.0000
1509.640,-91.712,22.415,0.309,3.483,4.518,11.531,1.000,0.000,0.0000
1509.650,-91.677,22.469,0.309,3.503,4.553,11.543,1.000,0.000,0.0000
1509.660,-91.641,22.524,0.310,3.527,4.589,11.556,1.000,0.000,0.0000
1509.670,-91.606,22.579,0.311,3.552,4.624,11.568,1.000,0.000,0.0000
1509.680,-91.570,22.635,0.311,3.578,4.660,11.581,1.000,0.000,0.0000
1509.690,-91.534,22.691,0.312,3.605,4.696,11.595,1.000,0.000,0.0000
1509.700,-91.498,22.747,0.312,3.631,4.732,11.609,1.000,0.000,0.0000
1509.710,-91.461,22.804,0.312,3.657,4.769,11.622,1.000,0.000,0.0000
1509.720,-91.424,22.861,0.313,3.682,4.806,11.637,1.000,0.000,0.0000
1509.730,-91.387,22.919,0.313,3.707,4.843,11.651,1.000,0.000,0.0080
1509.740,-91.350,22.977,0.313,3.732,4.880,11.666,1.000,0.000,0.0160
1509.750,-91.312,23.035,0.313,3.757,4.918,11.681,1.000,0.000,0.0240
1509.760,-91.275,23.093,0.313,3.783,4.955,11.696,1.000,0.000,0.0320
1509.770,-91.237,23.152,0.313,3.808,4.994,11.711,1.000,0.000,0.0400
1509.780,-91.198,23.211,0.313,3.825,5.032,11.727,1.000,0.000,0.0480
1509.790,-91.160,23.270,0.313,3.845,5.070,11.743,1.000,0.000,0.0560
1509.800,-91.121,23.329,0.313,3.848,5.109,11.759,1.000,0.000,0.0640
1509.810,-91.083,23.388,0.313,3.860,5.147,11.775,1.000,0.000,0.0720
1509.820,-91.044,23.448,0.313,3.879,5.186,11.791,1.000,0.000,0.0800
1509.830,-91.005,23.507,0.313,3.904,5.225,11.807,1.000,0.000,0.0880
1509.840,-90.966,23.567,0.313,3.932,5.264,11.824,0.940,0.000,0.0960
1509.850,-90.926,23.628,0.313,3.963,5.304,11.841,0.880,0.000,0.1040
1509.860,-90.886,23.688,0.313,3.994,5.344,11.859,0.820,0.000,0.1120
1509.870,-90.846,23.749,0.313,4.025,5.384,11.876,0.760,0.000,0.1200
1509.880,-90.805,23.810,0.312,4.056,5.425,11.894,0.700,0.000,0.1280
1509.890,-90.764,23.872,0.312,4.085,5.466,11.912,0.640,0.000,0.1360
1509.900,-90.723,23.933,0.312,4.101,5.507,11.930,0.580,0.000,0.1440
1509.910,-90.682,23.994,0.312,4.105,5.548,11.949,0.520,0.000,0.1520
1509.920,-90.641,24.055,0.312,4.098,5.589,11.967,0.460,0.000,0.1600
1509.930,-90.600,24.116,0.312,4.085,5.630,11.985,0.400,0.000,0.1680
1509.940,-90.560,24.176,0.313,4.068,5.670,12.003,0.340,0.000,0.1760
1509.950,-90.519,24.236,0.313,4.055,5.711,12.021,0.280,0.000,0.1840
1509.960,-90.479,24.295,0.314,4.046,5.751,12.039,0.220,0.000,0.1920
1509.970,-90.438,24.355,0.315,4.069,5.792,12.057,0.160,0.000,0.2000
1509.980,-90.397,24.414,0.315,4.084,5.833,12.075,0.100,0.000,0.2080
1509.990,-90.356,24.473,0.316,4.093,5.874,12.094,0.040,0.000,0.2160
1510.000,-90.315,24.532,0.317,4.096,5.915,12.112,0.000,0.000,0.2240
1510.010,-90.274,24.591,0.317,4.097,5.956,12.131,0.000,0.000,0.2320
1510.020,-90.233,24.649,0.318,4.096,5.997,12.150,0.000,0.000,0.2400
1510.030,-90.193,24.706,0.319,4.095,6.038,12.168,0.000,0.000,0.2480
1510.040,-90.152,24.764,0.320,4.092,6.078,12.187,0.000,0.000,0.2560
1510.050,-90.111,24.820,0.320,4.090,6.119,12.206,0.000,0.000,0.2640
1510.060,-90.070,24.876,0.321,4.088,6.160,12.225,0.000,0.000,0.2720
1510.070,-90.029,24.932,0.322,4.084,6.201,12.244,0.000,0.000,0.2800
1510.080,-89.988,24.986,0.323,4.074,6.242,12.264,0.000,0.000,0.2880
1510.090,-89.948,25.040,0.324,4.054,6.282,12.283,0.000,0.000,0.2960
1510.100,-89.907,25.092,0.325,4.033,6.323,12.301,0.000,0.000,0.3040
1510.110,-89.867,25.144,0.326,4.016,6.363,12.320,0.000,0.000,0.3120
1510.120,-89.828,25.195,0.328,3.942,6.402,12.339,0.000,0.000,0.3200
1510.130,-89.789,25.244,0.329,3.892,6.441,12.357,0.000,0.000,0.3280
1510.140,-89.750,25.293,0.330,3.864,6.480,12.376,0.000,0.000,0.3360
1510.150,-89.712,25.342,0.331,3.850,6.518,12.394,0.000,0.000,0.3440
1510.160,-89.673,25.389,0.332,3.843,6.557,12.413,0.000,0.000,0.3520
1510.170,-89.635,25.436,0.333,3.841,6.595,12.432,0.000,0.000,0.3600
1510.180,-89.597,25.482,0.333,3.840,6.633,12.451,0.000,0.000,0.3300
1510.190,-89.558,25.528,0.334,3.848,6.672,12.471,0.000,0.000,0.3000
1510.200,-89.520,25.573,0.334,3.861,6.711,12.491,0.000,0.000,0.2700
1510.210,-89.481,25.618,0.334,3.879,6.749,12.511,0.000,0.000,0.2400
1510.220,-89.442,25.663,0.334,3.900,6.788,12.531,0.000,0.000,0.2100
1510.230,-89.403,25.708,0.333,3.918,6.828,12.552,0.000,0.000,0.1800
1510.240,-89.363,25.752,0.332,3.937,6.867,12.574,0.000,0.000,0.1500
1510.250,-89.324,25.796,0.332,3.955,6.906,12.595,0.000,0.000,0.1200
1510.260,-89.284,25.840,0.330,3.971,6.946,12.617,0.000,0.000,0.0900
1510.270,-89.244,25.884,0.329,3.986,6.986,12.640,0.000,0.000,0.0600
1510.280,-89.204,25.927,0.328,4.001,7.026,12.662,0.000,0.000,0.0300
1510.290,-89.164,25.970,0.327,3.986,7.066,12.685,0.000,0.000,0.0000
1510.300,-89.125,26.013,0.326,3.971,7.105,12.707,0.000,0.000,0.0000
1510.310,-89.085,26.055,0.325,3.955,7.145,12.729,0.000,0.000,0.0000
1510.320,-89.046,26.096,0.324,3.895,7.184,12.751,0.000,0.000,0.0000
1510.330,-89.008,26.137,0.323,3.849,7.222,12.773,0.000,0.000,0.0000
1510.340,-88.969,26.178,0.323,3.820,7.261,12.794,0.000,0.000,0.0000
1510.350,-88.931,26.218,0.322,3.802,7.299,12.816,0.000,0.000,0.0000
1510.360,-88.894,26.258,0.321,3.791,7.337,12.837,0.000,0.000,0.0000
1510.370,-88.856,26.298,0.321,3.784,7.374,12.858,0.000,0.000,0.0000
1510.380,-88.818,26.337,0.320,3.775,7.412,12.880,0.000,0.000,0.0000
1510.390,-88.780,26.377,0.320,3.766,7.450,12.901,0.000,0.000,0.0000
1510.400,-88.743,26.416,0.320,3.754,7.487,12.923,0.000,0.000,0.0000
1510.410,-88.705,26.455,0.319,3.739,7.525,12.944,0.000,0.000,0.0000
1510.420,-88.668,26.494,0.319,3.722,7.562,12.965,0.000,0.000,0.0000
1510.430,-88.631,26.533,0.319,3.703,7.599,12.986,0.000,0.000,0.0000
1510.440,-88.594,26.571,0.319,3.682,7.636,13.007,0.000,0.000,0.0000
1510.450,-88.558,26.609,0.319,3.659,7.672,13.028,0.000,0.000,0.0000
1510.460,-88.521,26.647,0.319,3.635,7.709,13.049,0.000,0.000,0.0000
1510.470,-88.485,26.685,0.319,3.613,7.745,13.070,0.000,0.000,0.0000
1510.480,-88.449,26.722,0.319,3.592,7.781,13.090,0.000,0.000,0.0000
1510.490,-88.414,26.759,0.319,3.571,7.816,13.111,0.000,0.000,0.0000
1510.500,-88.378,26.795,0.319,3.548,7.852,13.131,0.000,0.000,0.0000
1510.510,-88.343,26.832,0.320,3.525,7.887,13.151,0.000,0.000,0.0000
1510.520,-88.308,26.868,0.320,3.506,7.922,13.172,0.000,0.000,0.0000
1510.530,-88.273,26.904,0.320,3.486,7.957,13.192,0.000,0.000,0.0000
1510.540,-88.238,26.939,0.321,3.465,7.992,13.212,0.040,0.000,0.0000
1510.550,-88.204,26.974,0.321,3.443,8.026,13.232,0.080,0.000,0.0000
1510.560,-88.170,27.009,0.321,3.420,8.060,13.251,0.120,0.000,0.0000
1510.570,-88.136,27.044,0.322,3.397,8.094,13.271,0.160,0.000,0.0000
1510.580,-88.102,27.078,0.322,3.373,8.128,13.291,0.200,0.000,0.0000
1510.590,-88.069,27.113,0.323,3.348,8.162,13.311,0.240,0.000,0.0000
1510.600,-88.035,27.146,0.323,3.322,8.195,13.330,0.280,0.000,0.0000
1510.610,-88.002,27.180,0.323,3.295,8.228,13.350,0.320,0.000,0.0000
1510.620,-87.970,27.213,0.324,3.268,8.260,13.369,0.360,0.000,0.0000
1510.630,-87.937,27.246,0.324,3.240,8.293,13.388,0.400,0.000,0.0000
1510.640,-87.905,27.279,0.324,3.217,8.325,13.407,0.440,0.000,0.0000
1510.650,-87.873,27.312,0.324,3.209,8.357,13.427,0.480,0.000,0.0000
1510.660,-87.841,27.344,0.324,3.213,8.389,13.446,0.520,0.000,0.0000
1510.670,-87.809,27.377,0.324,3.227,8.421,13.466,0.560,0.000,0.0000
1510.680,-87.776,27.410,0.324,3.247,8.454,13.486,0.600,0.000,0.0000
1510.690,-87.743,27.444,0.323,3.271,8.487,13.506,0.640,0.000,0.0000
1510.700,-87.710,27.477,0.323,3.296,8.520,13.527,0.680,0.000,0.0000
1510.710,-87.677,27.511,0.322,3.320,8.553,13.548,0.720,0.000,0.0000
1510.720,-87.644,27.545,0.321,3.341,8.586,13.569,0.760,0.000,0.0000
1510.730,-87.610,27.579,0.320,3.363,8.620,13.591,0.800,0.000,0.0000
1510.740,-87.576,27.614,0.319,3.387,8.654,13.612,0.840,0.000,0.0000
1510.750,-87.542,27.649,0.318,3.412,8.688,13.634,0.880,0.000,0.0000
1510.760,-87.508,27.684,0.317,3.438,8.722,13.657,0.920,0.000,0.0000
1510.770,-87.473,27.720,0.316,3.462,8.757,13.679,0.960,0.000,0.0000
1510.780,-87.439,27.755,0.314,3.487,8.792,13.702,1.000,0.000,0.0000
1510.790,-87.403,27.792,0.313,3.515,8.827,13.725,1.000,0.000,0.0000
1510.800,-87.368,27.828,0.312,3.545,8.862,13.748,1.000,0.000,0.0000
1510.810,-87.332,27.865,0.311,3.576,8.898,13.771,1.000,0.000,0.0000
1510.820,-87.296,27.902,0.310,3.609,8.934,13.794,1.000,0.000,0.0080
1510.830,-87.260,27.939,0.309,3.644,8.970,13.818,1.000,0.000,0.0160
1510.840,-87.223,27.977,0.308,3.680,9.007,13.842,1.000,0.000,0.0240
1510.850,-87.186,28.015,0.308,3.718,9.044,13.866,1.000,0.000,0.0320
1510.860,-87.148,28.053,0.307,3.756,9.082,13.891,1.000,0.000,0.0400
1510.870,-87.110,28.092,0.306,3.793,9.120,13.916,1.000,0.000,0.0480
1510.880,-87.072,28.131,0.306,3.830,9.158,13.940,1.000,0.000,0.0560
1510.890,-87.033,28.171,0.305,3.866,9.197,13.966,1.000,0.000,0.0640
1510.900,-86.994,28.211,0.305,3.902,9.236,13.991,1.000,0.000,0.0720
1510.910,-86.955,28.251,0.304,3.937,9.275,14.017,1.000,0.000,0.0800
1510.920,-86.915,28.291,0.304,3.971,9.315,14.042,1.000,0.000,0.0880
1510.930,-86.875,28.332,0.304,4.004,9.355,14.068,1.000,0.000,0.0960
1510.940,-86.835,28.372,0.304,4.024,9.395,14.095,1.000,0.000,0.1040
1510.950,-86.795,28.413,0.304,4.044,9.436,14.121,1.000,0.000,0.1120
1510.960,-86.754,28.454,0.305,4.068,9.476,14.147,1.000,0.000,0.1200
1510.970,-86.713,28.495,0.305,4.094,9.517,14.173,1.000,0.000,0.1280
1510.980,-86.672,28.536,0.306,4.090,9.558,14.200,1.000,0.000,0.1360
1510.990,-86.631,28.577,0.306,4.085,9.599,14.226,1.000,0.000,0.1440
1511.000,-86.590,28.618,0.307,4.112,9.640,14.253,1.000,0.000,0.1520
1511.010,-86.549,28.659,0.308,4.144,9.681,14.280,1.000,0.000,0.1600
1511.020,-86.507,28.700,0.309,4.180,9.723,14.307,1.000,0.000,0.1680
1511.030,-86.465,28.742,0.309,4.217,9.765,14.334,1.000,0.000,0.1760
1511.040,-86.422,28.784,0.310,4.255,9.808,14.362,1.000,0.000,0.1840
1511.050,-86.379,28.826,0.311,4.292,9.851,14.390,1.000,0.000,0.1920
1511.060,-86.336,28.868,0.311,4.328,9.894,14.419,1.000,0.000,0.2000
1511.070,-86.292,28.910,0.312,4.363,9.938,14.448,1.000,0.000,0.2080
1511.080,-86.248,28.952,0.312,4.397,9.982,14.477,1.000,0.000,0.2160
1511.090,-86.204,28.995,0.313,4.430,10.026,14.507,1.000,0.000,0.2240
1511.100,-86.159,29.038,0.313,4.462,10.071,14.536,0.940,0.000,0.2320
1511.110,-86.114,29.080,0.313,4.493,10.116,14.567,0.880,0.000,0.2400
1511.120,-86.069,29.123,0.314,4.523,10.161,14.597,0.820,0.000,0.2480
1511.130,-86.024,29.166,0.314,4.553,10.206,14.628,0.760,0.000,0.2560
1511.140,-85.978,29.209,0.314,4.598,10.252,14.659,0.700,0.000,0.2640
1511.150,-85.931,29.252,0.314,4.647,10.299,14.691,0.740,0.000,0.2340
1511.160,-85.884,29.296,0.314,4.700,10.346,14.723,0.780,0.000,0.2040
1511.170,-85.837,29.339,0.314,4.753,10.393,14.756,0.820,0.000,0.1740
1511.180,-85.789,29.383,0.314,4.806,10.441,14.789,0.860,0.000,0.1440
1511.190,-85.740,29.427,0.313,4.856,10.490,14.823,0.900,0.000,0.1140
1511.200,-85.691,29.470,0.313,4.897,10.539,14.857,0.940,0.000,0.0840
1511.210,-85.642,29.514,0.313,4.935,10.588,14.892,0.980,0.000,0.0540
1511.220,-85.592,29.558,0.313,4.975,10.638,14.926,1.000,0.000,0.0240
1511.230,-85.542,29.602,0.313,5.016,10.688,14.962,1.000,0.000,0.0000
1511.240,-85.491,29.646,0.312,5.062,10.739,14.997,1.000,0.000,0.0000
1511.250,-85.440,29.690,0.312,5.115,10.790,15.033,1.000,0.000,0.0000
1511.260,-85.388,29.734,0.312,5.173,10.842,15.070,1.000,0.000,0.0000
1511.270,-85.336,29.778,0.311,5.231,10.894,15.107,1.000,0.000,0.0000
1511.280,-85.283,29.823,0.311,5.288,10.947,15.145,1.000,0.000,0.0000
1511.290,-85.230,29.868,0.311,5.341,11.000,15.183,1.000,0.000,0.0000
1511.300,-85.176,29.913,0.310,5.390,11.054,15.221,1.000,0.000,0.0000
1511.310,-85.121,29.959,0.310,5.440,11.109,15.260,1.000,0.000,0.0000
1511.320,-85.067,30.004,0.309,5.489,11.163,15.300,1.000,0.000,0.0000
1511.330,-85.011,30.050,0.309,5.535,11.219,15.340,1.000,0.000,0.0000
1511.340,-84.955,30.097,0.309,5.578,11.275,15.380,1.000,0.000,0.0000
1511.350,-84.899,30.143,0.308,5.623,11.331,15.421,1.000,0.000,0.0000
1511.360,-84.843,30.190,0.308,5.670,11.387,15.462,1.000,0.000,0.0000
1511.370,-84.785,30.237,0.308,5.718,11.445,15.503,1.000,0.000,0.0000
1511.380,-84.728,30.284,0.307,5.764,11.502,15.545,1.000,0.000,0.0000
1511.390,-84.670,30.331,0.307,5.808,11.560,15.588,1.000,0.000,0.0000
1511.400,-84.611,30.379,0.307,5.851,11.619,15.630,1.000,0.000,0.0000
1511.410,-84.552,30.427,0.307,5.892,11.678,15.673,1.000,0.000,0.0000
1511.420,-84.493,30.476,0.307,5.930,11.737,15.717,1.000,0.000,0.0000
1511.430,-84.433,30.524,0.307,5.965,11.797,15.761,1.000,0.000,0.0000
1511.440,-84.373,30.573,0.307,5.998,11.857,15.805,1.000,0.000,0.0080
1511.450,-84.313,30.622,0.307,6.026,11.917,15.849,1.000,0.000,0.0160
1511.460,-84.253,30.671,0.307,6.050,11.977,15.894,1.000,0.000,0.0240
1511.470,-84.192,30.721,0.307,6.070,12.038,15.938,1.000,0.000,0.0320
1511.480,-84.131,30.770,0.307,6.090,12.099,15.983,1.000,0.000,0.0400
1511.490,-84.070,30.820,0.308,6.112,12.160,16.029,1.000,0.000,0.0480
1511.500,-84.008,30.870,0.308,6.136,12.222,16.074,1.000,0.000,0.0560
1511.510,-83.947,30.920,0.308,6.171,12.283,16.120,1.000,0.000,0.0640
1511.520,-83.885,30.971,0.309,6.200,12.345,16.166,1.000,0.000,0.0720
1511.530,-83.822,31.021,0.309,6.252,12.408,16.213,1.000,0.000,0.0800
1511.540,-83.759,31.073,0.309,6.302,12.471,16.260,1.000,0.000,0.0880
1511.550,-83.696,31.124,0.309,6.352,12.534,16.308,1.000,0.000,0.0960
1511.560,-83.632,31.176,0.310,6.401,12.598,16.356,1.000,0.000,0.1040
1511.570,-83.567,31.228,0.310,6.447,12.663,16.405,1.000,0.000,0.1120
1511.580,-83.502,31.280,0.310,6.491,12.728,16.454,1.000,0.000,0.1200
1511.590,-83.437,31.333,0.310,6.532,12.793,16.503,1.000,0.000,0.1280
1511.600,-83.371,31.386,0.310,6.571,12.859,16.554,1.000,0.000,0.1360
1511.610,-83.305,31.438,0.310,6.608,12.925,16.604,1.000,0.000,0.1440
1511.620,-83.239,31.491,0.310,6.624,12.991,16.654,1.000,0.000,0.1520
1511.630,-83.173,31.543,0.311,6.641,13.057,16.705,1.000,0.000,0.1600
1511.640,-83.106,31.596,0.311,6.664,13.124,16.756,0.940,0.000,0.1680
1511.650,-83.039,31.648,0.311,6.646,13.191,16.807,0.880,0.000,0.1760
1511.660,-82.973,31.699,0.312,6.613,13.257,16.858,0.820,0.000,0.1840
1511.670,-82.907,31.751,0.312,6.650,13.323,16.909,0.760,0.000,0.1920
1511.680,-82.840,31.803,0.313,6.690,13.390,16.960,0.700,0.000,0.2000
1511.690,-82.773,31.854,0.314,6.719,13.457,17.012,0.740,0.000,0.2080
1511.700,-82.705,31.905,0.314,6.740,13.525,17.064,0.780,0.000,0.2160
1511.710,-82.638,31.956,0.315,6.757,13.592,17.117,0.820,0.000,0.2240
1511.720,-82.570,32.007,0.315,6.781,13.660,17.169,0.860,0.000,0.2320
1511.730,-82.502,32.057,0.316,6.811,13.728,17.222,0.900,0.000,0.2400
1511.740,-82.433,32.107,0.316,6.843,13.797,17.276,0.940,0.000,0.2480
1511.750,-82.365,32.157,0.316,6.876,13.865,17.330,0.980,0.000,0.2560
1511.760,-82.296,32.207,0.317,6.908,13.934,17.384,1.000,0.000,0.2640
1511.770,-82.226,32.257,0.317,6.967,14.004,17.439,1.000,0.000,0.2720
1511.780,-82.156,32.307,0.317,7.030,14.074,17.494,0.940,0.000,0.2800
1511.790,-82.085,32.357,0.317,7.091,14.145,17.551,0.880,0.000,0.2880
1511.800,-82.013,32.406,0.317,7.147,14.217,17.607,0.820,0.000,0.2960
1511.810,-81.941,32.456,0.316,7.252,14.289,17.665,0.760,0.000,0.3040
1511.820,-81.868,32.505,0.316,7.321,14.363,17.724,0.700,0.000,0.3120
1511.830,-81.794,32.554,0.316,7.364,14.436,17.783,0.640,0.000,0.3200
1511.840,-81.720,32.603,0.315,7.382,14.510,17.842,0.580,0.000,0.3280
1511.850,-81.646,32.650,0.315,7.382,14.584,17.901,0.520,0.000,0.3360
1511.860,-81.573,32.697,0.315,7.367,14.657,17.960,0.460,0.000,0.3440
1511.870,-81.500,32.743,0.316,7.296,14.730,18.019,0.400,0.000,0.3520
1511.880,-81.427,32.787,0.317,7.213,14.803,18.076,0.340,0.000,0.3600
1511.890,-81.356,32.830,0.318,7.137,14.874,18.133,0.280,0.000,0.3680
1511.900,-81.285,32.872,0.319,7.075,14.945,18.189,0.220,0.000,0.3760
1511.910,-81.215,32.913,0.321,7.029,15.015,18.245,0.160,0.000,0.3840
1511.920,-81.145,32.954,0.322,6.982,15.085,18.301,0.100,0.000,0.3540
1511.930,-81.076,32.993,0.324,6.966,15.154,18.357,0.040,0.000,0.3240
1511.940,-81.006,33.032,0.325,6.975,15.224,18.413,0.000,0.000,0.2940
1511.950,-80.936,33.070,0.327,7.001,15.294,18.469,0.000,0.000,0.2640
1511.960,-80.866,33.107,0.328,7.032,15.364,18.526,0.000,0.000,0.2340
1511.970,-80.795,33.144,0.329,7.062,15.435,18.583,0.000,0.000,0.2040
1511.980,-80.724,33.180,0.329,7.092,15.506,18.641,0.000,0.000,0.1740
1511.990,-80.653,33.216,0.330,7.120,15.577,18.699,0.000,0.000,0.1440
1512.000,-80.581,33.251,0.330,7.149,15.649,18.757,0.000,0.000,0.1140
1512.010,-80.510,33.286,0.330,7.177,15.720,18.816,0.000,0.000,0.0840
1512.020,-80.438,33.320,0.330,7.207,15.793,18.876,0.000,0.000,0.0540
1512.030,-80.366,33.353,0.330,7.204,15.865,18.935,0.000,0.000,0.0240
1512.040,-80.293,33.386,0.329,7.234,15.937,18.995,0.000,0.000,0.0000
1512.050,-80.221,33.418,0.329,7.235,16.009,19.056,0.000,0.000,0.0000
1512.060,-80.148,33.450,0.328,7.232,16.082,19.116,0.000,0.000,0.0000
1512.070,-80.076,33.482,0.328,7.225,16.154,19.176,0.000,0.000,0.0000
1512.080,-80.004,33.513,0.327,7.215,16.226,19.236,0.000,0.000,0.0000
1512.090,-79.932,33.544,0.326,7.167,16.298,19.296,0.000,0.000,0.0000
1512.100,-79.861,33.574,0.326,7.127,16.369,19.356,0.000,0.000,0.0000
1512.110,-79.790,33.604,0.325,7.095,16.440,19.416,0.000,0.000,0.0000
1512.120,-79.720,33.634,0.325,7.070,16.511,19.475,0.000,0.000,0.0000
1512.130,-79.649,33.664,0.324,7.046,16.581,19.534,0.000,0.000,0.0000
1512.140,-79.579,33.693,0.324,7.022,16.651,19.593,0.000,0.000,0.0000
1512.150,-79.509,33.722,0.323,6.995,16.721,19.652,0.000,0.000,0.0000
1512.160,-79.439,33.751,0.323,6.975,16.791,19.711,0.000,0.000,0.0000
1512.170,-79.370,33.780,0.322,6.955,16.860,19.770,0.000,0.000,0.0000
1512.180,-79.300,33.809,0.322,6.935,16.930,19.828,0.000,0.000,0.0000
1512.190,-79.231,33.837,0.321,6.912,16.999,19.887,0.000,0.000,0.0000
1512.200,-79.162,33.866,0.321,6.886,17.068,19.945,0.000,0.000,0.0000
1512.210,-79.094,33.894,0.321,6.857,17.136,20.003,0.000,0.000,0.0000
1512.220,-79.025,33.922,0.320,6.834,17.205,20.061,0.000,0.000,0.0000
1512.230,-78.957,33.950,0.320,6.809,17.273,20.119,0.000,0.000,0.0000
1512.240,-78.889,33.977,0.320,6.782,17.341,20.176,0.000,0.000,0.0000
1512.250,-78.822,34.005,0.320,6.753,17.408,20.234,0.000,0.000,0.0000
1512.260,-78.755,34.032,0.320,6.722,17.475,20.291,0.000,0.000,0.0000
1512.270,-78.688,34.059,0.320,6.689,17.542,20.348,0.000,0.000,0.0000
1512.280,-78.621,34.086,0.320,6.654,17.609,20.404,0.000,0.000,0.0000
1512.290,-78.555,34.113,0.320,6.618,17.675,20.461,0.000,0.000,0.0000
1512.300,-78.489,34.140,0.320,6.579,17.741,20.517,0.000,0.000,0.0000
1512.310,-78.424,34.166,0.320,6.538,17.806,20.573,0.000,0.000,0.0000
1512.320,-78.359,34.192,0.321,6.492,17.871,20.628,0.000,0.000,0.0000
1512.330,-78.295,34.218,0.321,6.448,17.935,20.683,0.000,0.000,0.0000
1512.340,-78.230,34.244,0.321,6.408,18.000,20.738,0.000,0.000,0.0000
1512.350,-78.167,34.269,0.322,6.372,18.063,20.792,0.000,0.000,0.0000
1512.360,-78.103,34.295,0.322,6.337,18.127,20.846,0.000,0.000,0.0000
1512.370,-78.040,34.320,0.323,6.303,18.190,20.900,0.000,0.000,0.0000
1512.380,-77.978,34.346,0.323,6.269,18.252,20.954,0.000,0.000,0.0000
1512.390,-77.915,34.371,0.323,6.225,18.315,21.007,0.000,0.000,0.0000
1512.400,-77.854,34.396,0.324,6.186,18.376,21.060,0.000,0.000,0.0000
1512.410,-77.792,34.421,0.324,6.150,18.438,21.113,0.000,0.000,0.0000
1512.420,-77.731,34.445,0.324,6.116,18.499,21.166,0.000,0.000,0.0000
1512.430,-77.670,34.470,0.324,6.082,18.560,21.218,0.040,0.000,0.0000
1512.440,-77.610,34.494,0.325,6.048,18.620,21.270,0.080,0.000,0.0000
1512.450,-77.549,34.518,0.325,6.013,18.681,21.322,0.120,0.000,0.0000
1512.460,-77.490,34.542,0.325,5.977,18.740,21.374,0.160,0.000,0.0000
1512.470,-77.430,34.566,0.325,5.940,18.800,21.425,0.200,0.000,0.0000
1512.480,-77.371,34.590,0.325,5.902,18.859,21.476,0.240,0.000,0.0000
1512.490,-77.313,34.613,0.325,5.856,18.917,21.527,0.280,0.000,0.0000
1512.500,-77.255,34.636,0.325,5.816,18.976,21.578,0.320,0.000,0.0000
1512.510,-77.197,34.659,0.325,5.780,19.033,21.628,0.360,0.000,0.0000
1512.520,-77.139,34.682,0.325,5.746,19.091,21.678,0.400,0.000,0.0000
1512.530,-77.082,34.705,0.325,5.714,19.148,21.728,0.440,0.000,0.0000
1512.540,-77.025,34.727,0.325,5.682,19.205,21.777,0.480,0.000,0.0000
1512.550,-76.969,34.749,0.325,5.649,19.261,21.826,0.520,0.000,0.0000
1512.560,-76.913,34.771,0.325,5.626,19.317,21.875,0.560,0.000,0.0000
1512.570,-76.856,34.793,0.325,5.622,19.374,21.925,0.600,0.000,0.0000
1512.580,-76.800,34.815,0.325,5.629,19.430,21.974,0.640,0.000,0.0000
1512.590,-76.744,34.837,0.324,5.650,19.486,22.024,0.680,0.000,0.0000
1512.600,-76.687,34.860,0.324,5.680,19.543,22.074,0.720,0.000,0.0000
1512.610,-76.630,34.882,0.323,5.716,19.600,22.124,0.760,0.000,0.0000
1512.620,-76.572,34.904,0.322,5.755,19.658,22.175,0.800,0.000,0.0000
1512.630,-76.514,34.927,0.321,5.795,19.716,22.226,0.840,0.000,0.0000
1512.640,-76.456,34.949,0.320,5.834,19.774,22.278,0.880,0.000,0.0000
1512.650,-76.397,34.972,0.318,5.872,19.833,22.330,0.920,0.000,0.0000
1512.660,-76.338,34.995,0.317,5.909,19.892,22.382,0.960,0.000,0.0000
1512.670,-76.279,35.018,0.316,5.944,19.951,22.435,1.000,0.000,0.0080
1512.680,-76.219,35.041,0.315,5.978,20.011,22.488,0.940,0.000,0.0160
1512.690,-76.159,35.064,0.313,6.012,20.071,22.542,0.880,0.000,0.0240
1512.700,-76.098,35.087,0.312,6.049,20.132,22.596,0.820,0.000,0.0320
1512.710,-76.037,35.111,0.311,6.089,20.193,22.650,0.760,0.000,0.0400
1512.720,-75.976,35.135,0.310,6.130,20.254,22.704,0.700,0.000,0.0480
1512.730,-75.914,35.159,0.309,6.173,20.316,22.759,0.640,0.000,0.0560
1512.740,-75.852,35.183,0.308,6.215,20.378,22.815,0.580,0.000,0.0640
1512.750,-75.790,35.207,0.307,6.234,20.440,22.870,0.520,0.000,0.0720
1512.760,-75.728,35.231,0.307,6.232,20.502,22.925,0.460,0.000,0.0800
1512.770,-75.665,35.255,0.307,6.214,20.565,22.980,0.400,0.000,0.0880
1512.780,-75.603,35.279,0.307,6.204,20.627,23.035,0.340,0.000,0.0960
1512.790,-75.541,35.303,0.307,6.190,20.689,23.090,0.280,0.000,0.1040
1512.800,-75.480,35.327,0.307,6.170,20.750,23.145,0.220,0.000,0.1120
1512.810,-75.418,35.351,0.307,6.146,20.812,23.199,0.160,0.000,0.0820
1512.820,-75.357,35.374,0.308,6.107,20.873,23.253,0.100,0.000,0.0520
1512.830,-75.297,35.397,0.309,6.055,20.933,23.306,0.040,0.000,0.0220
1512.840,-75.237,35.420,0.310,5.997,20.993,23.359,0.000,0.000,0.0000
1512.850,-75.177,35.442,0.312,5.946,21.053,23.411,0.000,0.000,0.0000
1512.860,-75.118,35.464,0.313,5.891,21.112,23.463,0.000,0.000,0.0000
1512.870,-75.060,35.486,0.315,5.858,21.170,23.514,0.000,0.000,0.0000
1512.880,-75.002,35.508,0.316,5.833,21.228,23.566,0.000,0.000,0.0000
1512.890,-74.943,35.530,0.318,5.809,21.287,23.617,0.000,0.000,0.0000
1512.900,-74.886,35.551,0.319,5.785,21.344,23.668,0.000,0.000,0.0000
1512.910,-74.828,35.572,0.321,5.757,21.402,23.718,0.000,0.000,0.0000
1512.920,-74.771,35.593,0.322,5.727,21.459,23.769,0.000,0.000,0.0000
1512.930,-74.714,35.614,0.323,5.695,21.516,23.819,0.000,0.000,0.0000
1512.940,-74.657,35.634,0.324,5.659,21.573,23.869,0.000,0.000,0.0000
1512.950,-74.601,35.655,0.325,5.621,21.629,23.919,0.000,0.000,0.0000
1512.960,-74.545,35.675,0.326,5.582,21.685,23.968,0.000,0.000,0.0000
1512.970,-74.490,35.695,0.327,5.541,21.740,24.018,0.000,0.000,0.0000
1512.980,-74.435,35.715,0.328,5.499,21.795,24.067,0.000,0.000,0.0000
1512.990,-74.380,35.734,0.329,5.457,21.850,24.115,0.000,0.000,0.0000
1513.000,-74.326,35.754,0.329,5.416,21.904,24.163,0.000,0.000,0.0000
1513.010,-74.272,35.773,0.330,5.375,21.958,24.212,0.000,0.000,0.0000
1513.020,-74.219,35.792,0.330,5.335,22.011,24.259,0.000,0.000,0.0000
1513.030,-74.166,35.810,0.330,5.295,22.064,24.307,0.000,0.000,0.0000
1513.040,-74.114,35.829,0.330,5.249,22.116,24.354,0.000,0.000,0.0000
1513.050,-74.062,35.847,0.331,5.204,22.168,24.401,0.000,0.000,0.0000
1513.060,-74.010,35.866,0.330,5.163,22.220,24.447,0.000,0.000,0.0000
1513.070,-73.959,35.884,0.330,5.124,22.271,24.493,0.000,0.000,0.0000
1513.080,-73.908,35.902,0.330,5.088,22.322,24.539,0.000,0.000,0.0000
1513.090,-73.857,35.920,0.330,5.053,22.373,24.585,0.000,0.000,0.0000
1513.100,-73.807,35.938,0.329,5.018,22.423,24.630,0.000,0.000,0.0000
1513.110,-73.757,35.956,0.329,4.984,22.473,24.675,0.000,0.000,0.0000
1513.120,-73.708,35.973,0.328,4.949,22.522,24.720,0.000,0.000,0.0000
1513.130,-73.659,35.991,0.328,4.914,22.571,24.765,0.000,0.000,0.0000
1513.140,-73.610,36.009,0.327,4.878,22.620,24.809,0.000,0.000,0.0000
1513.150,-73.561,36.026,0.327,4.842,22.669,24.853,0.000,0.000,0.0000
1513.160,-73.513,36.043,0.326,4.805,22.717,24.896,0.000,0.000,0.0000
1513.170,-73.466,36.060,0.326,4.767,22.764,24.940,0.000,0.000,0.0000
1513.180,-73.418,36.077,0.325,4.729,22.812,24.983,0.000,0.000,0.0000
1513.190,-73.372,36.094,0.324,4.690,22.858,25.025,0.000,0.000,0.0000
1513.200,-73.325,36.110,0.324,4.651,22.905,25.068,0.000,0.000,0.0000
1513.210,-73.279,36.127,0.324,4.606,22.951,25.109,0.000,0.000,0.0000
1513.220,-73.233,36.143,0.323,4.564,22.997,25.151,0.000,0.000,0.0000
1513.230,-73.188,36.160,0.323,4.524,23.042,25.192,0.000,0.000,0.0000
1513.240,-73.143,36.176,0.322,4.486,23.087,25.233,0.000,0.000,0.0000
1513.250,-73.099,36.192,0.322,4.449,23.131,25.273,0.000,0.000,0.0000
1513.260,-73.055,36.208,0.322,4.412,23.175,25.313,0.000,0.000,0.0000
1513.270,-73.011,36.223,0.322,4.371,23.219,25.353,0.000,0.000,0.0000
1513.280,-72.968,36.239,0.322,4.332,23.262,25.392,0.000,0.000,0.0000
1513.290,-72.925,36.254,0.322,4.297,23.305,25.431,0.000,0.000,0.0000
1513.300,-72.882,36.269,0.322,4.263,23.348,25.470,0.000,0.000,0.0000
1513.310,-72.840,36.284,0.322,4.230,23.390,25.508,0.000,0.000,0.0000
1513.320,-72.798,36.299,0.322,4.198,23.432,25.547,0.000,0.000,0.0000
1513.330,-72.756,36.314,0.322,4.165,23.474,25.584,0.000,0.000,0.0000
1513.340,-72.715,36.328,0.322,4.132,23.515,25.622,0.000,0.000,0.0000
1513.350,-72.674,36.343,0.322,4.099,23.556,25.659,0.000,0.000,0.0000
1513.360,-72.633,36.357,0.322,4.065,23.597,25.696,0.000,0.000,0.0000
1513.370,-72.593,36.371,0.322,4.030,23.637,25.733,0.000,0.000,0.0000
1513.380,-72.553,36.385,0.322,3.995,23.677,25.769,0.000,0.000,0.0000
1513.390,-72.513,36.399,0.322,3.959,23.717,25.805,0.000,0.000,0.0000
1513.400,-72.474,36.413,0.322,3.922,23.756,25.841,0.000,0.000,0.0000
1513.410,-72.435,36.426,0.323,3.885,23.795,25.876,0.000,0.000,0.0000
1513.420,-72.397,36.440,0.323,3.848,23.833,25.911,0.000,0.000,0.0000
1513.430,-72.359,36.453,0.323,3.810,23.871,25.945,0.000,0.000,0.0000
1513.440,-72.321,36.466,0.323,3.772,23.909,25.980,0.000,0.000,0.0000
1513.450,-72.284,36.479,0.323,3.733,23.946,26.014,0.000,0.000,0.0000
1513.460,-72.247,36.492,0.324,3.694,23.983,26.047,0.000,0.080,0.0000
1513.470,-72.210,36.505,0.324,3.652,24.020,26.081,0.000,0.160,0.0000
1513.480,-72.174,36.517,0.324,3.609,24.056,26.113,0.000,0.240,0.0000
1513.490,-72.138,36.530,0.324,3.564,24.092,26.146,0.000,0.320,0.0000
1513.500,-72.103,36.542,0.324,3.513,24.127,26.178,0.000,0.400,0.0000
1513.510,-72.069,36.554,0.325,3.455,24.161,26.209,0.000,0.480,0.0000
1513.520,-72.035,36.566,0.325,3.408,24.195,26.240,0.000,0.560,0.0000
1513.530,-72.001,36.578,0.325,3.367,24.229,26.271,0.000,0.640,0.0000
1513.540,-71.968,36.589,0.325,3.327,24.262,26.301,0.000,0.720,0.0000
1513.550,-71.935,36.600,0.325,3.287,24.295,26.331,0.000,0.800,0.0000
1513.560,-71.902,36.611,0.325,3.246,24.328,26.361,0.000,0.880,0.0000
1513.570,-71.870,36.623,0.326,3.205,24.360,26.390,0.000,0.960,0.0000
1513.580,-71.839,36.634,0.326,3.164,24.391,26.419,0.000,1.000,0.0000
1513.590,-71.807,36.644,0.326,3.125,24.423,26.448,0.000,1.000,0.0000
1513.600,-71.777,36.655,0.326,3.087,24.453,26.476,0.000,1.000,0.0000
1513.610,-71.746,36.666,0.326,3.051,24.484,26.504,0.000,1.000,0.0000
1513.620,-71.716,36.676,0.326,3.015,24.514,26.531,0.000,1.000,0.0000
1513.630,-71.686,36.686,0.326,2.979,24.544,26.559,0.000,1.000,0.0000
1513.640,-71.657,36.697,0.326,2.943,24.573,26.586,0.000,1.000,0.0000
1513.650,-71.628,36.707,0.325,2.907,24.602,26.612,0.000,1.000,0.0000
1513.660,-71.599,36.717,0.325,2.871,24.631,26.639,0.000,1.000,0.0000
1513.670,-71.571,36.727,0.325,2.834,24.659,26.665,0.000,1.000,0.0000
1513.680,-71.543,36.736,0.325,2.798,24.687,26.690,0.000,1.000,0.0000
1513.690,-71.515,36.746,0.325,2.761,24.715,26.716,0.000,1.000,0.0000
1513.700,-71.488,36.755,0.325,2.724,24.742,26.741,0.000,1.000,0.0000
1513.710,-71.461,36.765,0.324,2.687,24.769,26.766,0.000,1.000,0.0000
1513.720,-71.434,36.774,0.324,2.650,24.796,26.790,0.000,1.000,0.0000
1513.730,-71.408,36.783,0.324,2.613,24.822,26.814,0.000,1.000,0.0000
1513.740,-71.382,36.792,0.324,2.576,24.848,26.838,0.000,1.000,0.0000
1513.750,-71.357,36.801,0.324,2.539,24.873,26.861,0.000,1.000,0.0000
1513.760,-71.332,36.809,0.324,2.502,24.898,26.884,0.000,1.000,0.0000
1513.770,-71.307,36.818,0.323,2.464,24.923,26.907,0.000,1.000,0.0000
1513.780,-71.283,36.826,0.323,2.427,24.947,26.929,0.000,1.000,0.0000
1513.790,-71.259,36.834,0.323,2.390,24.971,26.951,0.000,1.000,0.0000
1513.800,-71.236,36.842,0.323,2.352,24.994,26.973,0.000,1.000,0.0000
1513.810,-71.213,36.850,0.323,2.315,25.017,26.994,0.000,1.000,0.0000
1513.820,-71.190,36.858,0.323,2.277,25.040,27.015,0.000,1.000,0.0000
1513.830,-71.167,36.866,0.323,2.239,25.063,27.035,0.000,1.000,0.0000
1513.840,-71.145,36.873,0.323,2.201,25.085,27.056,0.000,1.000,0.0000
1513.850,-71.124,36.881,0.323,2.164,25.106,27.075,0.000,1.000,0.0000
1513.860,-71.103,36.888,0.323,2.126,25.127,27.095,0.000,1.000,0.0000
1513.870,-71.082,36.895,0.323,2.088,25.148,27.114,0.000,1.000,0.0000
1513.880,-71.061,36.902,0.323,2.049,25.169,27.133,0.000,1.000,0.0000
1513.890,-71.041,36.909,0.323,2.011,25.189,27.151,0.000,1.000,0.0000
1513.900,-71.021,36.916,0.323,1.973,25.209,27.170,0.000,1.000,0.0000
1513.910,-71.002,36.923,0.323,1.935,25.228,27.187,0.000,1.000,0.0000
1513.920,-70.983,36.929,0.323,1.896,25.247,27.205,0.000,1.000,0.0000
1513.930,-70.964,36.935,0.323,1.858,25.266,27.222,0.000,1.000,0.0000
1513.940,-70.946,36.942,0.324,1.803,25.284,27.238,0.000,1.000,0.0000
1513.950,-70.929,36.948,0.324,1.762,25.301,27.254,0.000,1.000,0.0000
1513.960,-70.912,36.954,0.324,1.725,25.318,27.270,0.000,1.000,0.0000
1513.970,-70.895,36.960,0.324,1.690,25.335,27.286,0.000,1.000,0.0000
1513.980,-70.878,36.966,0.324,1.654,25.352,27.301,0.000,1.000,0.0000
1513.990,-70.862,36.972,0.324,1.618,25.368,27.316,0.000,1.000,0.0000
1514.000,-70.846,36.977,0.324,1.579,25.384,27.330,0.000,1.000,0.0000
1514.010,-70.831,36.983,0.324,1.540,25.399,27.345,0.000,1.000,0.0000
1514.020,-70.816,36.988,0.324,1.500,25.414,27.358,0.000,1.000,0.0000
1514.030,-70.801,36.993,0.324,1.458,25.429,27.372,0.000,1.000,0.0000
1514.040,-70.787,36.998,0.324,1.416,25.443,27.385,0.000,1.000,0.0000
1514.050,-70.773,37.003,0.324,1.377,25.457,27.397,0.000,1.000,0.0000
1514.060,-70.760,37.008,0.324,1.342,25.470,27.410,0.000,1.000,0.0000
1514.070,-70.747,37.012,0.324,1.308,25.483,27.422,0.000,1.000,0.0000
1514.080,-70.734,37.017,0.324,1.275,25.496,27.433,0.000,1.000,0.0000
1514.090,-70.722,37.021,0.324,1.241,25.508,27.445,0.000,1.000,0.0000
1514.100,-70.709,37.025,0.324,1.206,25.521,27.456,0.000,1.000,0.0000
1514.110,-70.698,37.029,0.324,1.170,25.532,27.467,0.000,1.000,0.0000
1514.120,-70.686,37.033,0.324,1.133,25.544,27.477,0.000,1.000,0.0000
1514.130,-70.676,37.037,0.324,1.096,25.555,27.487,0.000,1.000,0.0000
1514.140,-70.665,37.041,0.324,1.058,25.565,27.497,0.000,1.000,0.0000
1514.150,-70.655,37.044,0.324,1.021,25.575,27.507,0.000,1.000,0.0000
1514.160,-70.645,37.048,0.324,0.983,25.585,27.516,0.000,0.900,0.0000
1514.170,-70.635,37.051,0.324,0.948,25.595,27.524,0.000,0.800,0.0080
1514.180,-70.626,37.054,0.324,0.916,25.604,27.533,0.000,0.700,0.0160
1514.190,-70.617,37.057,0.324,0.884,25.613,27.541,0.000,0.600,0.0240
1514.200,-70.609,37.060,0.324,0.854,25.621,27.549,0.000,0.500,0.0320
1514.210,-70.601,37.063,0.324,0.823,25.629,27.557,0.000,0.400,0.0400
1514.220,-70.593,37.066,0.323,0.792,25.637,27.564,0.000,0.300,0.0480
1514.230,-70.585,37.069,0.323,0.760,25.645,27.571,0.000,0.200,0.0560
1514.240,-70.578,37.071,0.323,0.729,25.652,27.578,0.000,0.100,0.0640
1514.250,-70.571,37.074,0.323,0.698,25.659,27.584,0.000,0.000,0.0720
1514.260,-70.564,37.076,0.323,0.666,25.666,27.590,0.000,0.000,0.0800
1514.270,-70.558,37.078,0.323,0.631,25.672,27.596,0.000,0.000,0.0880
1514.280,-70.552,37.080,0.323,0.595,25.678,27.602,0.000,0.000,0.0960
1514.290,-70.546,37.082,0.323,0.557,25.684,27.607,0.000,0.000,0.1040
1514.300,-70.541,37.084,0.323,0.519,25.689,27.612,0.000,0.000,0.1120
1514.310,-70.536,37.086,0.323,0.481,25.694,27.616,0.000,0.000,0.1200
1514.320,-70.532,37.087,0.323,0.443,25.698,27.620,0.000,0.000,0.1280
1514.330,-70.528,37.089,0.323,0.406,25.702,27.624,0.000,0.000,0.1360
1514.340,-70.524,37.090,0.323,0.368,25.706,27.627,0.000,0.000,0.1440
1514.350,-70.521,37.091,0.323,0.331,25.709,27.631,0.000,0.000,0.1520
1514.360,-70.518,37.092,0.323,0.294,25.712,27.633,0.000,0.000,0.1600
1514.370,-70.515,37.093,0.323,0.256,25.715,27.636,0.000,0.000,0.1680
1514.380,-70.513,37.094,0.323,0.221,25.717,27.638,0.000,0.000,0.1760
1514.390,-70.511,37.095,0.323,0.192,25.719,27.639,0.000,0.000,0.1460
1514.400,-70.510,37.095,0.323,0.165,25.720,27.641,0.000,0.000,0.1160
1514.410,-70.508,37.096,0.323,0.140,25.722,27.642,0.000,0.000,0.0860
1514.420,-70.507,37.096,0.323,0.116,25.723,27.643,0.000,0.000,0.0560
1514.430,-70.506,37.097,0.323,0.095,25.724,27.644,0.000,0.000,0.0260
1514.440,-70.505,37.097,0.323,0.074,25.725,27.645,0.000,0.000,0.0000
1514.450,-70.505,37.098,0.323,0.055,25.725,27.645,0.000,0.000,0.0000
1514.460,-70.504,37.098,0.323,0.038,25.726,27.646,0.000,0.000,0.0000
1514.470,-70.504,37.098,0.322,0.024,25.726,27.646,0.000,0.000,0.0000
1514.480,-70.504,37.098,0.322,0.020,25.726,27.646,0.000,0.000,0.0000
1514.490,-70.504,37.098,0.322,0.024,25.726,27.646,0.000,0.000,0.0000
1514.500,-70.504,37.098,0.322,0.030,25.726,27.646,0.000,0.000,0.0000
1514.510,-70.505,37.098,0.321,0.035,25.725,27.646,0.000,0.000,0.0000
1514.520,-70.505,37.098,0.321,0.039,25.725,27.646,0.000,0.000,0.0000
1514.530,-70.505,37.098,0.321,0.043,25.725,27.646,0.000,0.000,0.0000
1514.540,-70.505,37.098,0.320,0.045,25.725,27.646,0.000,0.000,0.0000
1514.550,-70.505,37.098,0.320,0.047,25.725,27.646,0.000,0.000,0.0000
1514.560,-70.505,37.098,0.319,0.048,25.725,27.646,0.000,0.000,0.0000
1514.570,-70.505,37.098,0.319,0.048,25.725,27.646,0.000,0.000,0.0000
1514.580,-70.506,37.098,0.318,0.047,25.724,27.646,0.000,0.000,0.0000
1514.590,-70.506,37.098,0.318,0.046,25.724,27.646,0.000,0.000,0.0000
1514.600,-70.506,37.098,0.317,0.044,25.724,27.647,0.000,0.000,0.0000
1514.610,-70.506,37.098,0.317,0.042,25.724,27.647,0.000,0.000,0.0000
1514.620,-70.506,37.098,0.317,0.039,25.724,27.647,0.000,0.000,0.0000
1514.630,-70.506,37.098,0.316,0.036,25.724,27.647,0.000,0.000,0.0000
1514.640,-70.506,37.098,0.316,0.033,25.724,27.647,0.000,0.000,0.0000
1514.650,-70.506,37.098,0.316,0.029,25.724,27.647,0.000,0.000,0.0000
1514.660,-70.506,37.098,0.316,0.025,25.724,27.647,0.000,0.000,0.0000
1514.670,-70.506,37.098,0.315,0.021,25.724,27.647,0.000,0.000,0.0000
1514.680,-70.506,37.098,0.315,0.018,25.724,27.647,0.000,0.000,0.0080
1514.690,-70.506,37.098,0.315,0.014,25.724,27.647,0.000,0.000,0.0160
1514.700,-70.506,37.098,0.315,0.010,25.724,27.647,0.000,0.000,0.0240
1514.710,-70.506,37.098,0.315,0.006,25.724,27.647,0.000,0.000,0.0320
1514.720,-70.506,37.098,0.315,0.003,25.724,27.647,0.000,0.000,0.0400
1514.730,-70.506,37.098,0.315,0.002,25.724,27.647,0.000,0.000,0.0480
1514.740,-70.506,37.098,0.315,0.004,25.724,27.647,0.000,0.000,0.0560
1514.750,-70.506,37.098,0.315,0.007,25.724,27.647,0.000,0.000,0.0640
1514.760,-70.506,37.098,0.315,0.009,25.724,27.647,0.000,0.000,0.0720
1514.770,-70.506,37.098,0.315,0.012,25.724,27.647,0.000,0.000,0.0800
1514.780,-70.506,37.098,0.315,0.014,25.724,27.647,0.000,0.000,0.0880
1514.790,-70.506,37.098,0.315,0.015,25.724,27.647,0.000,0.000,0.0960
1514.800,-70.506,37.098,0.316,0.017,25.724,27.647,0.000,0.000,0.1040
1514.810,-70.506,37.098,0.316,0.018,25.724,27.647,0.000,0.000,0.1120
1514.820,-70.506,37.097,0.316,0.018,25.724,27.647,0.000,0.000,0.1200
1514.830,-70.506,37.097,0.316,0.019,25.724,27.647,0.000,0.000,0.1280
1514.840,-70.506,37.097,0.316,0.019,25.724,27.647,0.000,0.000,0.1360
1514.850,-70.506,37.097,0.316,0.019,25.724,27.647,0.000,0.000,0.1440
1514.860,-70.506,37.097,0.316,0.019,25.724,27.647,0.000,0.000,0.1520
1514.870,-70.505,37.097,0.317,0.018,25.725,27.647,0.000,0.000,0.1600
1514.880,-70.505,37.097,0.317,0.018,25.725,27.647,0.000,0.000,0.1680
1514.890,-70.505,37.097,0.317,0.017,25.725,27.647,0.000,0.000,0.1760
1514.900,-70.505,37.097,0.317,0.016,25.725,27.647,0.000,0.000,0.1840
1514.910,-70.505,37.097,0.317,0.015,25.725,27.647,0.000,0.000,0.1920
1514.920,-70.505,37.097,0.317,0.015,25.725,27.647,0.000,0.000,0.2000
1514.930,-70.505,37.097,0.317,0.014,25.725,27.647,0.000,0.000,0.2080
1514.940,-70.505,37.097,0.317,0.013,25.725,27.648,0.000,0.000,0.2160
1514.950,-70.505,37.096,0.317,0.013,25.725,27.648,0.000,0.000,0.1860
1514.960,-70.504,37.096,0.318,0.010,25.726,27.648,0.000,0.000,0.1560
1514.970,-70.504,37.096,0.318,0.006,25.726,27.648,0.000,0.000,0.1260
1514.980,-70.504,37.096,0.318,0.004,25.726,27.648,0.000,0.000,0.0960
1514.990,-70.504,37.097,0.318,0.005,25.726,27.648,0.000,0.000,0.0660
1515.000,-70.505,37.097,0.318,0.008,25.725,27.648,0.000,0.000,0.0360
1515.010,-70.505,37.097,0.318,0.011,25.725,27.647,0.000,0.000,0.0060
1515.020,-70.505,37.097,0.318,0.013,25.725,27.647,0.000,0.000,0.0000
1515.030,-70.505,37.097,0.318,0.013,25.725,27.647,0.000,0.000,0.0000
1515.040,-70.505,37.097,0.318,0.012,25.725,27.647,0.000,0.000,0.0000
1515.050,-70.505,37.098,0.318,0.011,25.725,27.647,0.000,0.000,0.0000
1515.060,-70.505,37.098,0.318,0.011,25.725,27.647,0.000,0.000,0.0000
1515.070,-70.505,37.098,0.318,0.010,25.725,27.647,0.000,0.000,0.0000
1515.080,-70.505,37.098,0.317,0.010,25.725,27.647,0.000,0.000,0.0000
1515.090,-70.506,37.098,0.317,0.009,25.725,27.647,0.000,0.000,0.0000
1515.100,-70.506,37.098,0.317,0.009,25.724,27.647,0.000,0.000,0.0000
1515.110,-70.506,37.098,0.317,0.009,25.724,27.647,0.000,0.000,0.0000
1515.120,-70.506,37.098,0.317,0.009,25.724,27.647,0.000,0.000,0.0000
1515.130,-70.506,37.098,0.317,0.009,25.724,27.647,0.000,0.000,0.0000
1515.140,-70.506,37.098,0.317,0.008,25.724,27.647,0.000,0.000,0.0000
1515.150,-70.506,37.098,0.317,0.008,25.724,27.647,0.000,0.000,0.0000
1515.160,-70.506,37.098,0.317,0.008,25.724,27.647,0.000,0.000,0.0000
1515.170,-70.506,37.098,0.317,0.007,25.724,27.647,0.000,0.000,0.0000
1515.180,-70.506,37.098,0.317,0.006,25.724,27.647,0.000,0.000,0.0000
1515.190,-70.506,37.098,0.317,0.006,25.724,27.647,0.000,0.000,0.0000
1515.200,-70.506,37.098,0.317,0.005,25.724,27.647,0.000,0.000,0.0000
1515.210,-70.506,37.098,0.317,0.005,25.724,27.647,0.000,0.000,0.0000
1515.220,-70.506,37.098,0.317,0.004,25.724,27.647,0.000,0.000,0.0000
1515.230,-70.506,37.098,0.317,0.003,25.724,27.647,0.000,0.000,0.0000
1515.240,-70.506,37.098,0.317,0.003,25.724,27.647,0.000,0.000,0.0000
1515.250,-70.506,37.098,0.317,0.002,25.724,27.647,0.000,0.000,0.0000
1515.260,-70.506,37.098,0.317,0.001,25.724,27.647,0.000,0.000,0.0000
1515.270,-70.506,37.098,0.317,0.001,25.724,27.647,0.000,0.000,0.0000
1515.280,-70.506,37.098,0.317,0.001,25.724,27.647,0.000,0.000,0.0000
1515.290,-70.506,37.098,0.317,0.001,25.724,27.647,0.000,0.000,0.0000
1515.300,-70.506,37.098,0.317,0.001,25.724,27.647,0.000,0.000,0.0000
1515.310,-70.506,37.098,0.317,0.001,25.724,27.647,0.000,0.000,0.0000
1515.320,-70.506,37.098,0.317,0.002,25.724,27.647,0.000,0.000,0.0000
1515.330,-70.506,37.098,0.317,0.002,25.724,27.647,0.000,0.000,0.0000
1515.340,-70.506,37.098,0.317,0.002,25.724,27.647,0.000,0.000,0.0000
1515.350,-70.506,37.098,0.317,0.002,25.724,27.646,0.000,0.000,0.0000
1515.360,-70.506,37.098,0.317,0.003,25.724,27.646,0.000,0.000,0.0000
1515.370,-70.506,37.098,0.317,0.003,25.724,27.646,0.000,0.000,0.0000
1515.380,-70.506,37.098,0.317,0.003,25.724,27.646,0.000,0.000,0.0000
1515.390,-70.506,37.098,0.317,0.003,25.724,27.646,0.000,0.000,0.0000
1515.400,-70.506,37.098,0.317,0.003,25.724,27.646,0.000,0.000,0.0000
1515.410,-70.506,37.098,0.317,0.003,25.724,27.646,0.000,0.000,0.0000
1515.420,-70.506,37.098,0.317,0.003,25.724,27.646,0.000,0.000,0.0000
1515.430,-70.506,37.098,0.317,0.002,25.724,27.646,0.000,0.000,0.0000
1515.440,-70.506,37.098,0.317,0.002,25.724,27.646,0.000,0.000,0.0000
1515.450,-70.506,37.098,0.317,0.002,25.724,27.646,0.000,0.000,0.0000
1515.460,-70.506,37.098,0.317,0.002,25.724,27.646,0.000,0.000,0.0000
1515.470,-70.506,37.098,0.317,0.002,25.724,27.646,0.000,0.000,0.0000
1515.480,-70.506,37.098,0.317,0.001,25.724,27.646,0.000,0.000,0.0000
1515.490,-70.506,37.098,0.317,0.001,25.724,27.646,0.000,0.000,0.0000
1515.500,-70.506,37.098,0.317,0.001,25.724,27.646,0.000,0.000,0.0000
1515.510,-70.506,37.098,0.317,0.001,25.724,27.646,0.000,0.000,0.0000
1515.520,-70.506,37.098,0.317,0.001,25.724,27.646,0.000,0.000,0.0000
1515.530,-70.506,37.098,0.317,0.000,25.724,27.646,0.000,0.000,0.0000
1515.540,-70.506,37.098,0.317,0.000,25.724,27.646,0.000,0.000,0.0000
1515.550,-70.506,37.098,0.317,0.000,25.724,27.646,0.000,0.000,0.0000
1515.560,-70.506,37.098,0.317,0.000,25.724,27.646,0.000,0.000,0.0000
1515.570,-70.506,37.098,0.317,0.000,25.724,27.646,0.000,0.000,0.0000
1515.580,-70.506,37.098,0.317,0.000,25.724,27.646,0.000,0.000,0.0000
1515.590,-70.506,37.098,0.317,0.001,25.724,27.646,0.000,0.000,0.0000
1515.600,-70.506,37.098,0.317,0.001,25.724,27.646,0.000,0.000,0.0000
1515.610,-70.506,37.098,0.317,0.001,25.724,27.646,0.000,0.000,0.0000
1515.620,-70.506,37.098,0.317,0.001,25.724,27.646,0.000,0.000,0.0000
1515.630,-70.506,37.098,0.317,0.001,25.724,27.646,0.000,0.000,0.0000
1515.640,-70.506,37.098,0.317,0.001,25.724,27.646,0.000,0.000,0.0000
1515.650,-70.506,37.098,0.317,0.001,25.724,27.646,0.000,0.000,0.0000
1515.660,-70.506,37.098,0.317,0.001,25.724,27.646,0.000,0.000,0.0000
1515.670,-70.506,37.098,0.317,0.001,25.724,27.646,0.000,0.000,0.0000
1515.680,-70.506,37.098,0.317,0.001,25.724,27.646,0.000,0.000,0.0000
1515.690,-70.506,37.098,0.317,0.001,25.724,27.646,0.000,0.000,0.0000
1515.700,-70.506,37.098,0.317,0.001,25.724,27.646,0.000,0.000,0.0000
1515.710,-70.506,37.098,0.317,0.001,25.724,27.646,0.000,0.000,0.0000
1515.720,-70.506,37.098,0.317,0.001,25.724,27.646,0.000,0.000,0.0000
1515.730,-70.506,37.098,0.317,0.001,25.724,27.646,0.000,0.000,0.0000
1515.740,-70.506,37.098,0.317,0.001,25.724,27.646,0.000,0.000,0.0000
1515.750,-70.506,37.098,0.317,0.000,25.724,27.646,0.000,0.000,0.0000
1515.760,-70.506,37.098,0.317,0.000,25.724,27.646,0.000,0.000,0.0000
1515.770,-70.506,37.098,0.317,0.000,25.724,27.646,0.000,0.000,0.0000
1515.780,-70.506,37.098,0.317,0.000,25.724,27.646,0.000,0.000,0.0000
1515.790,-70.506,37.098,0.317,0.000,25.724,27.646,0.000,0.000,0.0000
1515.800,-70.506,37.098,0.317,0.000,25.724,27.646,0.000,0.000,0.0000
1515.810,-70.506,37.098,0.317,0.000,25.724,27.646,0.000,0.000,0.0000
1515.820,-70.506,37.098,0.317,0.000,25.724,27.646,0.000,0.000,0.0000
1515.830,-70.506,37.098,0.317,0.000,25.724,27.646,0.000,0.000,0.0000
1515.840,-70.506,37.098,0.317,0.000,25.724,27.646,0.000,0.000,0.0000
1515.850,-70.506,37.098,0.317,0.000,25.724,27.646,0.000,0.000,0.0000
1515.860,-70.506,37.098,0.317,0.000,25.724,27.646,0.000,0.000,0.0000
1515.870,-70.506,37.098,0.317,0.000,25.724,27.646,0.000,0.000,0.0000
1515.880,-70.506,37.098,0.317,0.000,25.724,27.646,0.000,0.000,0.0000
1515.890,-70.506,37.098,0.317,0.000,25.724,27.646,0.000,0.000,0.0000
1515.900,-70.506,37.098,0.317,0.000,25.724,27.646,0.000,0.000,0.0000
1515.910,-70.506,37.098,0.317,0.000,25.724,27.646,0.000,0.000,0.0000
1515.920,-70.506,37.098,0.317,0.000,25.724,27.646,0.000,0.000,0.0000
1515.930,-70.506,37.098,0.317,0.000,25.724,27.646,0.000,0.000,0.0000
1515.940,-70.506,37.098,0.317,0.000,25.724,27.646,0.000,0.000,0.0000
1515.950,-70.506,37.098,0.317,0.000,25.724,27.646,0.000,0.000,0.0000
1515.960,-70.506,37.098,0.317,0.000,25.724,27.646,0.000,0.000,0.0000
1515.970,-70.506,37.098,0.317,0.000,25.724,27.646,0.000,0.000,0.0000
1515.980,-70.506,37.098,0.317,0.000,25.724,27.646,0.000,0.000,0.0000
1515.990,-70.506,37.098,0.317,0.000,25.724,27.646,0.000,0.000,0.0000
1516.000,-70.506,37.098,0.317,0.000,25.724,27.646,0.000,0.000,0.0000
1516.010,-70.506,37.098,0.317,0.000,25.724,27.646,0.000,0.000,0.0000
1516.020,-70.506,37.098,0.317,0.000,25.724,27.646,0.000,0.000,0.0000
1516.030,-70.506,37.098,0.317,0.000,25.724,27.646,0.000,0.000,0.0000
1516.040,-70.506,37.098,0.317,0.000,25.724,27.646,0.000,0.000,0.0000
1516.050,-70.506,37.098,0.317,0.000,25.724,27.646,0.000,0.000,0.0000
1516.060,-70.506,37.098,0.317,0.000,25.724,27.646,0.000,0.000,0.0000
1516.070,-70.506,37.098,0.317,0.000,25.724,27.646,0.000,0.000,0.0000
1516.080,-70.506,37.098,0.317,0.000,25.724,27.646,0.000,0.000,0.0000
1516.090,-70.506,37.098,0.317,0.000,25.724,27.646,0.000,0.000,0.0000
1516.100,-70.506,37.098,0.317,0.000,25.724,27.646,0.000,0.000,0.0000
1516.110,-70.506,37.098,0.317,0.000,25.724,27.646,0.000,0.000,0.0000
1516.120,-70.506,37.098,0.317,0.000,25.724,27.646,0.000,0.000,0.0000
1516.130,-70.506,37.098,0.317,0.000,25.724,27.646,0.000,0.000,0.0000
1516.140,-70.506,37.098,0.317,0.000,25.724,27.646,0.000,0.000,0.0000
1516.150,-70.506,37.098,0.317,0.000,25.724,27.646,0.000,0.000,0.0000
1516.160,-70.506,37.098,0.317,0.000,25.724,27.646,0.000,0.000,0.0000
1516.170,-70.506,37.098,0.317,0.000,25.724,27.646,0.000,0.000,0.0000
1516.180,-70.506,37.098,0.317,0.000,25.724,27.646,0.000,0.000,0.0000
1516.190,-70.506,37.098,0.317,0.000,25.724,27.646,0.000,0.000,0.0000
1516.200,-70.506,37.098,0.317,0.000,25.724,27.646,0.000,0.000,0.0000
1516.210,-70.506,37.098,0.317,0.000,25.724,27.646,0.000,0.000,0.0000
1516.220,-70.506,37.098,0.317,0.000,25.724,27.646,0.000,0.000,0.0000
1516.230,-70.506,37.098,0.317,0.000,25.724,27.646,0.000,0.000,0.0000
1516.240,-70.506,37.098,0.317,0.000,25.724,27.646,0.000,0.000,0.0000
1516.250,-70.506,37.098,0.317,0.000,25.724,27.646,0.000,0.000,0.0000
1516.260,-70.506,37.098,0.317,0.000,25.724,27.646,0.000,0.000,0.0000
1516.270,-70.506,37.098,0.317,0.000,25.724,27.646,0.000,0.000,0.0000
1516.280,-70.506,37.098,0.317,0.000,25.724,27.646,0.000,0.000,0.0000
1516.290,-70.506,37.098,0.317,0.000,25.724,27.646,0.000,0.000,0.0000
1516.300,-70.506,37.098,0.317,0.000,25.724,27.646,0.000,0.000,0.0000
1516.310,-70.506,37.098,0.317,0.000,25.724,27.646,0.000,0.000,0.0000
1516.320,-70.506,37.098,0.317,0.000,25.724,27.646,0.000,0.000,0.0000
1516.330,-70.506,37.098,0.317,0.000,25.724,27.646,0.000,0.000,0.0000
1516.340,-70.506,37.098,0.317,0.000,25.724,27.646,0.000,0.000,0.0000
1516.350,-70.506,37.098,0.317,0.000,25.724,27.646,0.000,0.000,0.0000
1516.360,-70.506,37.098,0.317,0.000,25.724,27.646,0.000,0.000,0.0000
1516.370,-70.506,37.098,0.317,0.000,25.724,27.646,0.000,0.000,0.0000
1516.380,-70.506,37.098,0.317,0.000,25.724,27.646,0.000,0.000,0.0000
1516.390,-70.506,37.098,0.317,0.000,25.724,27.646,0.000,0.000,0.0000
1516.400,-70.506,37.098,0.317,0.000,25.724,27.646,0.000,0.000,0.0000
1516.410,-70.506,37.098,0.317,0.000,25.724,27.646,0.000,0.000,0.0000
1516.420,-70.506,37.098,0.317,0.000,25.724,27.646,0.000,0.000,0.0000
1516.430,-70.506,37.098,0.317,0.000,25.724,27.646,0.000,0.000,0.0000
1516.440,-70.506,37.098,0.317,0.000,25.724,27.646,0.000,0.000,0.0000
1516.450,-70.506,37.098,0.317,0.000,25.724,27.646,0.000,0.000,0.0000
1516.460,-70.506,37.098,0.317,0.000,25.724,27.646,0.000,0.000,0.0000
1516.470,-70.506,37.098,0.317,0.000,25.724,27.646,0.000,0.000,0.0000
1516.480,-70.506,37.098,0.317,0.000,25.724,27.646,0.000,0.000,0.0000
1516.490,-70.506,37.098,0.317,0.000,25.724,27.646,0.000,0.000,0.0000
1516.500,-70.506,37.098,0.317,0.000,25.724,27.646,0.000,0.000,0.0000
1516.510,-70.506,37.098,0.317,0.000,25.724,27.646,0.000,0.000,0.0000
1516.520,-70.506,37.098,0.317,0.000,25.724,27.646,0.000,0.000,0.0000
1516.530,-70.506,37.098,0.317,0.000,25.724,27.646,0.000,0.000,0.0000
1516.540,-70.506,37.098,0.317,0.000,25.724,27.646,0.000,0.000,0.0000
1516.550,-70.506,37.098,0.317,0.000,25.724,27.646,0.000,0.000,0.0000
1516.560,-70.506,37.098,0.317,0.000,25.724,27.646,0.000,0.000,0.0000
1516.570,-70.506,37.098,0.317,0.000,25.724,27.646,0.000,0.000,0.0000
1516.580,-70.506,37.098,0.317,0.000,25.724,27.646,0.000,0.000,0.0000
1516.590,-70.506,37.098,0.317,0.000,25.724,27.646,0.000,0.000,0.0000
1516.600,-70.506,37.098,0.317,0.000,25.724,27.646,0.000,0.000,0.0000
1516.610,-70.506,37.098,0.317,0.000,25.724,27.646,0.000,0.000,0.0000
1516.620,-70.506,37.098,0.317,0.000,25.724,27.646,0.000,0.000,0.0000
1516.630,-70.506,37.098,0.317,0.000,25.724,27.646,0.000,0.000,0.0000
1516.640,-70.506,37.098,0.317,0.000,25.724,27.646,0.000,0.000,0.0000
1516.650,-70.506,37.098,0.317,0.000,25.724,27.646,0.000,0.000,0.0000
1516.660,-70.506,37.098,0.317,0.000,25.724,27.646,0.000,0.000,0.0000
1516.670,-70.506,37.098,0.317,0.000,25.724,27.646,0.000,0.000,0.0000
1516.680,-70.506,37.098,0.317,0.000,25.724,27.646,0.000,0.000,0.0000
1516.690,-70.506,37.098,0.317,0.000,25.724,27.646,0.000,0.000,0.0000
1516.700,-70.506,37.098,0.317,0.000,25.724,27.646,0.000,0.000,0.0000
1516.710,-70.506,37.098,0.317,0.000,25.724,27.646,0.000,0.000,0.0000
1516.720,-70.506,37.098,0.317,0.000,25.724,27.646,0.000,0.000,0.0000
1516.730,-70.506,37.098,0.317,0.000,25.724,27.646,0.000,0.000,0.0000
1516.740,-70.506,37.098,0.317,0.000,25.724,27.646,0.000,0.000,0.0000
1516.750,-70.506,37.098,0.317,0.000,25.724,27.646,0.000,0.000,0.0000
1516.760,-70.506,37.098,0.317,0.000,25.724,27.646,0.000,0.000,0.0000
1516.770,-70.506,37.098,0.317,0.000,25.724,27.646,0.000,0.000,0.0000
1516.780,-70.506,37.098,0.317,0.000,25.724,27.646,0.000,0.000,0.0000
1516.790,-70.506,37.098,0.317,0.000,25.724,27.646,0.000,0.000,0.0000
1516.800,-70.506,37.098,0.317,0.000,25.724,27.646,0.000,0.000,0.0000
1516.810,-70.506,37.098,0.317,0.000,25.724,27.646,0.000,0.000,0.0000
1516.820,-70.506,37.098,0.317,0.000,25.724,27.646,0.000,0.000,0.0000
1516.830,-70.506,37.098,0.317,0.000,25.724,27.646,0.000,0.000,0.0000
1516.840,-70.506,37.098,0.317,0.000,25.724,27.646,0.000,0.000,0.0000
1516.850,-70.506,37.098,0.317,0.000,25.724,27.646,0.000,0.000,0.0000
1516.860,-70.506,37.098,0.317,0.000,25.724,27.646,0.000,0.000,0.0000
1516.870,-70.506,37.098,0.317,0.000,25.724,27.646,0.000,0.000,0.0000
1516.880,-70.506,37.098,0.317,0.000,25.724,27.646,0.000,0.000,0.0000
1516.890,-70.506,37.098,0.317,0.000,25.724,27.646,0.000,0.000,0.0000
1516.900,-70.506,37.098,0.317,0.000,25.724,27.646,0.000,0.000,0.0000
1516.910,-70.506,37.098,0.317,0.000,25.724,27.646,0.000,0.000,0.0000
1516.920,-70.506,37.098,0.317,0.000,25.724,27.646,0.000,0.000,0.0000
1516.930,-70.506,37.098,0.317,0.000,25.724,27.646,0.000,0.000,0.0000
1516.940,-70.506,37.098,0.317,0.000,25.724,27.646,0.000,0.000,0.0000
1516.950,-70.506,37.098,0.317,0.000,25.724,27.646,0.000,0.000,0.0000
1516.960,-70.506,37.098,0.317,0.000,25.724,27.646,0.000,0.000,0.0000
1516.970,-70.506,37.098,0.317,0.000,25.724,27.646,0.000,0.000,0.0000
1516.980,-70.506,37.098,0.317,0.000,25.724,27.646,0.000,0.000,0.0000
1516.990,-70.506,37.098,0.317,0.000,25.724,27.646,0.000,0.000,0.0000
1517.000,-70.506,37.098,0.317,0.000,25.724,27.646,0.000,0.000,0.0000
1517.010,-70.506,37.098,0.317,0.000,25.724,27.646,0.000,0.000,0.0000
1517.020,-70.506,37.098,0.317,0.000,25.724,27.646,0.000,0.000,0.0000
1517.030,-70.506,37.098,0.317,0.000,25.724,27.646,0.000,0.000,0.0000
1517.040,-70.506,37.098,0.317,0.000,25.724,27.646,0.000,0.000,0.0000
1517.050,-70.506,37.098,0.317,0.000,25.724,27.646,0.000,0.000,0.0000
1517.060,-70.506,37.098,0.317,0.000,25.724,27.646,0.000,0.000,0.0000
1517.070,-70.506,37.098,0.317,0.000,25.724,27.646,0.000,0.000,0.0000
1517.080,-70.506,37.098,0.317,0.000,25.724,27.646,0.000,0.000,0.0000
1517.090,-70.506,37.098,0.317,0.000,25.724,27.646,0.000,0.000,0.0000
1517.100,-70.506,37.098,0.317,0.000,25.724,27.646,0.000,0.000,0.0000
1517.110,-70.506,37.098,0.317,0.000,25.724,27.646,0.000,0.000,0.0000
1517.120,-70.506,37.098,0.317,0.000,25.724,27.646,0.000,0.000,0.0000
1517.130,-70.506,37.098,0.317,0.000,25.724,27.646,0.000,0.000,0.0000
1517.140,-70.506,37.098,0.317,0.000,25.724,27.646,0.000,0.000,0.0000
1517.150,-70.506,37.098,0.317,0.000,25.724,27.646,0.000,0.000,0.0000
1517.160,-70.506,37.098,0.317,0.000,25.724,27.646,0.000,0.000,0.0000
1517.170,-70.506,37.098,0.317,0.000,25.724,27.646,0.000,0.000,0.0000
1517.180,-70.506,37.098,0.317,0.000,25.724,27.646,0.000,0.000,0.0000
1517.190,-70.506,37.098,0.317,0.000,25.724,27.646,0.000,0.000,0.0000
1517.200,-70.506,37.098,0.317,0.000,25.724,27.646,0.000,0.000,0.0000
1517.210,-70.506,37.098,0.317,0.000,25.724,27.646,0.000,0.000,0.0000
1517.220,-70.506,37.098,0.317,0.000,25.724,27.646,0.000,0.000,0.0000
1517.230,-70.506,37.098,0.317,0.000,25.724,27.646,0.000,0.000,0.0000
1517.240,-70.506,37.098,0.317,0.000,25.724,27.646,0.000,0.000,0.0000
1517.250,-70.506,37.098,0.317,0.000,25.724,27.646,0.000,0.000,0.0000
1517.260,-70.506,37.098,0.317,0.000,25.724,27.646,0.000,0.000,0.0000
1517.270,-70.506,37.098,0.317,0.000,25.724,27.646,0.000,0.000,0.0000
1517.280,-70.506,37.098,0.317,0.000,25.724,27.646,0.000,0.000,0.0000
1517.290,-70.506,37.098,0.317,0.000,25.724,27.646,0.000,0.000,0.0000
1517.300,-70.506,37.098,0.317,0.000,25.724,27.646,0.000,0.000,0.0000
1517.310,-70.506,37.098,0.317,0.000,25.724,27.646,0.000,0.000,0.0000
1517.320,-70.506,37.098,0.317,0.000,25.724,27.646,0.000,0.000,0.0000
1517.330,-70.506,37.098,0.317,0.000,25.724,27.646,0.000,0.000,0.0000
1517.340,-70.506,37.098,0.317,0.000,25.724,27.646,0.000,0.000,0.0000
1517.350,-70.506,37.098,0.317,0.000,25.724,27.646,0.000,0.000,0.0000
1517.360,-70.506,37.098,0.317,0.000,25.724,27.646,0.000,0.000,0.0000
1517.370,-70.506,37.098,0.317,0.000,25.724,27.646,0.000,0.000,0.0000
1517.380,-70.506,37.098,0.317,0.000,25.724,27.646,0.000,0.000,0.0000
1517.390,-70.506,37.098,0.317,0.000,25.724,27.646,0.000,0.000,0.0000
1517.400,-70.506,37.098,0.317,0.000,25.724,27.646,0.000,0.000,0.0000
1517.410,-70.506,37.098,0.317,0.000,25.724,27.646,0.000,0.000,0.0000
1517.420,-70.506,37.098,0.317,0.000,25.724,27.646,0.000,0.000,0.0000
1517.430,-70.506,37.098,0.317,0.000,25.724,27.646,0.000,0.000,0.0000
1517.440,-70.506,37.098,0.317,0.000,25.724,27.646,0.000,0.000,0.0000
1517.450,-70.506,37.098,0.317,0.000,25.724,27.646,0.000,0.000,0.0000
1517.460,-70.506,37.098,0.317,0.000,25.724,27.646,0.000,0.000,0.0000
1517.470,-70.506,37.098,0.317,0.000,25.724,27.646,0.000,0.000,0.0000
1517.480,-70.506,37.098,0.317,0.000,25.724,27.646,0.000,0.000,0.0000
1517.490,-70.506,37.098,0.317,0.000,25.724,27.646,0.000,0.000,0.0000
1517.500,-70.506,37.098,0.317,0.000,25.724,27.646,0.000,0.000,0.0000
1517.510,-70.506,37.098,0.317,0.000,25.724,27.646,0.000,0.000,0.0000
1517.520,-70.506,37.098,0.317,0.000,25.724,27.646,0.000,0.000,0.0000
1517.530,-70.506,37.098,0.317,0.000,25.724,27.646,0.000,0.000,0.0000
1517.540,-70.506,37.098,0.317,0.000,25.724,27.646,0.000,0.000,0.0000
1517.550,-70.506,37.098,0.317,0.000,25.724,27.646,0.000,0.000,0.0000
1517.560,-70.506,37.098,0.317,0.000,25.724,27.646,0.000,0.000,0.0000
1517.570,-70.506,37.098,0.317,0.000,25.724,27.646,0.000,0.000,0.0000
1517.580,-70.506,37.098,0.317,0.000,25.724,27.646,0.000,0.000,0.0000
1517.590,-70.506,37.098,0.317,0.000,25.724,27.646,0.000,0.000,0.0000
1517.600,-70.506,37.098,0.317,0.000,25.724,27.646,0.000,0.000,0.0000
1517.610,-70.506,37.098,0.317,0.000,25.724,27.646,0.000,0.000,0.0000
1517.620,-70.506,37.098,0.317,0.000,25.724,27.646,0.000,0.000,0.0000
1517.630,-70.506,37.098,0.317,0.000,25.724,27.646,0.000,0.000,0.0000
1517.640,-70.506,37.098,0.317,0.000,25.724,27.646,0.000,0.000,0.0000
1517.650,-70.506,37.098,0.317,0.000,25.724,27.646,0.000,0.000,0.0000
1517.660,-70.506,37.098,0.317,0.000,25.724,27.646,0.000,0.000,0.0000
1517.670,-70.506,37.098,0.317,0.000,25.724,27.646,0.000,0.000,0.0000
1517.680,-70.506,37.098,0.317,0.000,25.724,27.646,0.000,0.000,0.0000
1517.690,-70.506,37.098,0.317,0.000,25.724,27.646,0.000,0.000,0.0000
1517.700,-70.506,37.098,0.317,0.000,25.724,27.646,0.000,0.000,0.0000
1517.710,-70.506,37.098,0.317,0.000,25.724,27.646,0.000,0.000,0.0000
1517.720,-70.506,37.098,0.317,0.000,25.724,27.646,0.000,0.000,0.0000
1517.730,-70.506,37.098,0.317,0.000,25.724,27.646,0.000,0.000,0.0000
1517.740,-70.506,37.098,0.317,0.000,25.724,27.646,0.000,0.000,0.0000
1517.750,-70.506,37.098,0.317,0.000,25.724,27.646,0.000,0.000,0.0000
1517.760,-70.506,37.098,0.317,0.000,25.724,27.646,0.000,0.000,0.0000
1517.770,-70.506,37.098,0.317,0.000,25.724,27.646,0.000,0.000,0.0000
1517.780,-70.506,37.098,0.317,0.000,25.724,27.646,0.000,0.000,0.0000
1517.790,-70.506,37.098,0.317,0.000,25.724,27.646,0.000,0.000,0.0000
1517.800,-70.506,37.098,0.317,0.000,25.724,27.646,0.000,0.000,0.0000
1517.810,-70.506,37.098,0.317,0.000,25.724,27.646,0.000,0.000,0.0000
1517.820,-70.506,37.098,0.317,0.000,25.724,27.646,0.000,0.000,0.0000
1517.830,-70.506,37.098,0.317,0.000,25.724,27.646,0.000,0.000,0.0000
1517.840,-70.506,37.098,0.317,0.000,25.724,27.646,0.000,0.000,0.0000
1517.850,-70.506,37.098,0.317,0.000,25.724,27.646,0.000,0.000,0.0000
1517.860,-70.506,37.098,0.317,0.000,25.724,27.646,0.000,0.000,0.0000
1517.870,-70.506,37.098,0.317,0.000,25.724,27.646,0.000,0.000,0.0000
1517.880,-70.506,37.098,0.317,0.000,25.724,27.646,0.000,0.000,0.0000
1517.890,-70.506,37.098,0.317,0.000,25.724,27.646,0.000,0.000,0.0000
1517.900,-70.506,37.098,0.317,0.000,25.724,27.646,0.000,0.000,0.0000
1517.910,-70.506,37.098,0.317,0.000,25.724,27.646,0.000,0.000,0.0000
1517.920,-70.506,37.098,0.317,0.000,25.724,27.646,0.000,0.000,0.0000
1517.930,-70.506,37.098,0.317,0.000,25.724,27.646,0.000,0.000,0.0000
1517.940,-70.506,37.098,0.317,0.000,25.724,27.646,0.000,0.000,0.0000
1517.950,-70.506,37.098,0.317,0.000,25.724,27.646,0.000,0.000,0.0000
1517.960,-70.506,37.098,0.317,0.000,25.724,27.646,0.000,0.000,0.0000
1517.970,-70.506,37.098,0.317,0.000,25.724,27.646,0.000,0.000,0.0000
1517.980,-70.506,37.098,0.317,0.000,25.724,27.646,0.000,0.000,0.0000
1517.990,-70.506,37.098,0.317,0.000,25.724,27.646,0.000,0.000,0.0000
1518.000,-70.506,37.098,0.317,0.000,25.724,27.646,0.000,0.000,0.0000
1518.010,-70.506,37.098,0.317,0.000,25.724,27.646,0.000,0.000,0.0000
1518.020,-70.506,37.098,0.317,0.000,25.724,27.646,0.000,0.000,0.0000
1518.030,-70.506,37.098,0.317,0.000,25.724,27.646,0.000,0.000,0.0000
1518.040,-70.506,37.098,0.317,0.000,25.724,27.646,0.000,0.000,0.0000
1518.050,-70.506,37.098,0.317,0.000,25.724,27.646,0.000,0.000,0.0000
1518.060,-70.506,37.098,0.317,0.000,25.724,27.646,0.000,0.000,0.0000
1518.070,-70.506,37.098,0.317,0.000,25.724,27.646,0.000,0.000,0.0000
1518.080,-70.506,37.098,0.317,0.000,25.724,27.646,0.000,0.000,0.0000
1518.090,-70.506,37.098,0.317,0.000,25.724,27.646,0.000,0.000,0.0000
1518.100,-70.506,37.098,0.317,0.000,25.724,27.646,0.000,0.000,0.0000
1518.110,-70.506,37.098,0.317,0.000,25.724,27.646,0.000,0.000,0.0000
1518.120,-70.506,37.098,0.317,0.000,25.724,27.646,0.000,0.000,0.0000
1518.130,-70.506,37.098,0.317,0.000,25.724,27.646,0.000,0.000,0.0000
1518.140,-70.506,37.098,0.317,0.000,25.724,27.646,0.000,0.000,0.0000
1518.150,-70.506,37.098,0.317,0.000,25.724,27.646,0.000,0.000,0.0000
1518.160,-70.506,37.098,0.317,0.000,25.724,27.646,0.000,0.000,0.0000
1518.170,-70.506,37.098,0.317,0.000,25.724,27.646,0.000,0.000,0.0000
1518.180,-70.506,37.098,0.317,0.000,25.724,27.646,0.000,0.000,0.0000
1518.190,-70.506,37.098,0.317,0.000,25.724,27.646,0.000,0.000,0.0000
1518.200,-70.506,37.098,0.317,0.000,25.724,27.646,0.000,0.000,0.0000
1518.210,-70.506,37.098,0.317,0.000,25.724,27.646,0.000,0.000,0.0000
1518.220,-70.506,37.098,0.317,0.000,25.724,27.646,0.000,0.000,0.0000
1518.230,-70.506,37.098,0.317,0.000,25.724,27.646,0.000,0.000,0.0000
1518.240,-70.506,37.098,0.317,0.000,25.724,27.646,0.000,0.000,0.0000
1518.250,-70.506,37.098,0.317,0.000,25.724,27.646,0.000,0.000,0.0000
1518.260,-70.506,37.098,0.317,0.000,25.724,27.646,0.000,0.000,0.0000
1518.270,-70.506,37.098,0.317,0.000,25.724,27.646,0.000,0.000,0.0000
1518.280,-70.506,37.098,0.317,0.000,25.724,27.646,0.000,0.000,0.0000
1518.290,-70.506,37.098,0.317,0.000,25.724,27.646,0.000,0.000,0.0000
1518.300,-70.506,37.098,0.317,0.000,25.724,27.646,0.000,0.000,0.0000
1518.310,-70.506,37.098,0.317,0.000,25.724,27.646,0.000,0.000,0.0000
1518.320,-70.506,37.098,0.317,0.000,25.724,27.646,0.000,0.000,0.0000
1518.330,-70.506,37.098,0.317,0.000,25.724,27.646,0.000,0.000,0.0000
1518.340,-70.506,37.098,0.317,0.000,25.724,27.646,0.000,0.000,0.0000
1518.350,-70.506,37.098,0.317,0.000,25.724,27.646,0.000,0.000,0.0000
1518.360,-70.506,37.098,0.317,0.000,25.724,27.646,0.000,0.000,0.0000
1518.370,-70.506,37.098,0.317,0.000,25.724,27.646,0.000,0.000,0.0000
1518.380,-70.506,37.098,0.317,0.000,25.724,27.646,0.000,0.000,0.0000
1518.390,-70.506,37.098,0.317,0.000,25.724,27.646,0.000,0.000,0.0000
1518.400,-70.506,37.098,0.317,0.000,25.724,27.646,0.000,0.000,0.0000
1518.410,-70.506,37.098,0.317,0.000,25.724,27.646,0.000,0.000,0.0000
1518.420,-70.506,37.098,0.317,0.000,25.724,27.646,0.000,0.000,0.0000
1518.430,-70.506,37.098,0.317,0.000,25.724,27.646,0.000,0.000,0.0000
1518.440,-70.506,37.098,0.317,0.000,25.724,27.646,0.000,0.000,0.0000
1518.450,-70.506,37.098,0.317,0.000,25.724,27.646,0.000,0.000,0.0000
1518.460,-70.506,37.098,0.317,0.000,25.724,27.646,0.000,0.000,0.0000
1518.470,-70.506,37.098,0.317,0.000,25.724,27.646,0.000,0.000,0.0000
1518.480,-70.506,37.098,0.317,0.000,25.724,27.646,0.000,0.000,0.0000
1518.490,-70.506,37.098,0.317,0.000,25.724,27.646,0.000,0.000,0.0000
1518.500,-70.506,37.098,0.317,0.000,25.724,27.646,0.000,0.000,0.0000
1518.510,-70.506,37.098,0.317,0.000,25.724,27.646,0.000,0.000,0.0000
1518.520,-70.506,37.098,0.317,0.000,25.724,27.646,0.000,0.000,0.0000
1518.530,-70.506,37.098,0.317,0.000,25.724,27.646,0.000,0.000,0.0000
1518.540,-70.506,37.098,0.317,0.000,25.724,27.646,0.000,0.000,0.0000
1518.550,-70.506,37.098,0.317,0.000,25.724,27.646,0.000,0.000,0.0000
1518.560,-70.506,37.098,0.317,0.000,25.724,27.646,0.000,0.000,0.0000
1518.570,-70.506,37.098,0.317,0.000,25.724,27.646,0.000,0.000,0.0000
1518.580,-70.506,37.098,0.317,0.000,25.724,27.646,0.000,0.000,0.0000
1518.590,-70.506,37.098,0.317,0.000,25.724,27.646,0.000,0.000,0.0000
1518.600,-70.506,37.098,0.317,0.000,25.724,27.646,0.000,0.000,0.0000
1518.610,-70.506,37.098,0.317,0.000,25.724,27.646,0.000,0.000,0.0000
1518.620,-70.506,37.098,0.317,0.000,25.724,27.646,0.000,0.000,0.0000
1518.630,-70.506,37.098,0.317,0.000,25.724,27.646,0.000,0.000,0.0000
1518.640,-70.506,37.098,0.317,0.000,25.724,27.646,0.000,0.000,0.0000
1518.650,-70.506,37.098,0.317,0.000,25.724,27.646,0.000,0.000,0.0000
1518.660,-70.506,37.098,0.317,0.000,25.724,27.646,0.000,0.000,0.0000
1518.670,-70.506,37.098,0.317,0.000,25.724,27.646,0.000,0.000,0.0000
1518.680,-70.506,37.098,0.317,0.000,25.724,27.646,0.000,0.000,0.0000
1518.690,-70.506,37.098,0.317,0.000,25.724,27.646,0.000,0.000,0.0000
1518.700,-70.506,37.098,0.317,0.000,25.724,27.646,0.000,0.000,0.0000
1518.710,-70.506,37.098,0.317,0.000,25.724,27.646,0.000,0.000,0.0000
1518.720,-70.506,37.098,0.317,0.000,25.724,27.646,0.000,0.000,0.0000
1518.730,-70.506,37.098,0.317,0.000,25.724,27.646,0.000,0.000,0.0000
1518.740,-70.506,37.098,0.317,0.000,25.724,27.646,0.000,0.000,0.0000
1518.750,-70.506,37.098,0.317,0.000,25.724,27.646,0.000,0.000,0.0000
1518.760,-70.506,37.098,0.317,0.000,25.724,27.646,0.000,0.000,0.0000
1518.770,-70.506,37.098,0.317,0.000,25.724,27.646,0.000,0.000,0.0000
1518.780,-70.506,37.098,0.317,0.000,25.724,27.646,0.000,0.000,0.0000
1518.790,-70.506,37.098,0.317,0.000,25.724,27.646,0.000,0.000,0.0000
1518.800,-70.506,37.098,0.317,0.000,25.724,27.646,0.000,0.000,0.0000
1518.810,-70.506,37.098,0.317,0.000,25.724,27.646,0.000,0.000,0.0000
1518.820,-70.506,37.098,0.317,0.000,25.724,27.646,0.000,0.000,0.0000
1518.830,-70.506,37.098,0.317,0.000,25.724,27.646,0.000,0.000,0.0000
1518.840,-70.506,37.098,0.317,0.000,25.724,27.646,0.000,0.000,0.0000
1518.850,-70.506,37.098,0.317,0.000,25.724,27.646,0.000,0.000,0.0000
1518.860,-70.506,37.098,0.317,0.000,25.724,27.646,0.000,0.000,0.0000
1518.870,-70.506,37.098,0.317,0.000,25.724,27.646,0.000,0.000,0.0000
1518.880,-70.506,37.098,0.317,0.000,25.724,27.646,0.000,0.000,0.0000
1518.890,-70.506,37.098,0.317,0.000,25.724,27.646,0.000,0.000,0.0000
1518.900,-70.506,37.098,0.317,0.000,25.724,27.646,0.000,0.000,0.0000
1518.910,-70.506,37.098,0.317,0.000,25.724,27.646,0.000,0.000,0.0000
1518.920,-70.506,37.098,0.317,0.000,25.724,27.646,0.000,0.000,0.0000
1518.930,-70.506,37.098,0.317,0.000,25.724,27.646,0.000,0.000,0.0000
1518.940,-70.506,37.098,0.317,0.000,25.724,27.646,0.000,0.000,0.0000
1518.950,-70.506,37.098,0.317,0.000,25.724,27.646,0.000,0.000,0.0000
1518.960,-70.506,37.098,0.317,0.000,25.724,27.646,0.000,0.000,0.0000
1518.970,-70.506,37.098,0.317,0.000,25.724,27.646,0.000,0.000,0.0000
1518.980,-70.506,37.098,0.317,0.000,25.724,27.646,0.000,0.000,0.0000
1518.990,-70.506,37.098,0.317,0.000,25.724,27.646,0.000,0.000,0.0000
1519.000,-70.506,37.098,0.317,0.000,25.724,27.646,0.000,0.000,0.0000
1519.010,-70.506,37.098,0.317,0.000,25.724,27.646,0.000,0.000,0.0000
1519.020,-70.506,37.098,0.317,0.000,25.724,27.646,0.000,0.000,0.0000
1519.030,-70.506,37.098,0.317,0.000,25.724,27.646,0.000,0.000,0.0000
1519.040,-70.506,37.098,0.317,0.000,25.724,27.646,0.000,0.000,0.0000
1519.050,-70.506,37.098,0.317,0.000,25.724,27.646,0.000,0.000,0.0000
1519.060,-70.506,37.098,0.317,0.000,25.724,27.646,0.000,0.000,0.0000
1519.070,-70.506,37.098,0.317,0.000,25.724,27.646,0.000,0.000,0.0000
1519.080,-70.506,37.098,0.317,0.000,25.724,27.646,0.000,0.000,0.0000
1519.090,-70.506,37.098,0.317,0.000,25.724,27.646,0.000,0.000,0.0000
1519.100,-70.506,37.098,0.317,0.000,25.724,27.646,0.000,0.000,0.0000
1519.110,-70.506,37.098,0.317,0.000,25.724,27.646,0.000,0.000,0.0000
1519.120,-70.506,37.098,0.317,0.000,25.724,27.646,0.000,0.000,0.0000
1519.130,-70.506,37.098,0.317,0.000,25.724,27.646,0.000,0.000,0.0000
1519.140,-70.506,37.098,0.317,0.000,25.724,27.646,0.000,0.000,0.0000
1519.150,-70.506,37.098,0.317,0.000,25.724,27.646,0.000,0.000,0.0000
1519.160,-70.506,37.098,0.317,0.000,25.724,27.646,0.000,0.000,0.0000
1519.170,-70.506,37.098,0.317,0.000,25.724,27.646,0.000,0.000,0.0000
1519.180,-70.506,37.098,0.317,0.000,25.724,27.646,0.000,0.000,0.0000
1519.190,-70.506,37.098,0.317,0.000,25.724,27.646,0.000,0.000,0.0000
1519.200,-70.506,37.098,0.317,0.000,25.724,27.646,0.000,0.000,0.0000
1519.210,-70.506,37.098,0.317,0.000,25.724,27.646,0.000,0.000,0.0000
1519.220,-70.506,37.098,0.317,0.000,25.724,27.646,0.040,0.000,0.0000
1519.230,-70.506,37.098,0.317,0.014,25.724,27.647,0.080,0.000,0.0000
1519.240,-70.506,37.098,0.317,0.040,25.724,27.647,0.120,0.000,0.0000
1519.250,-70.505,37.099,0.317,0.074,25.725,27.648,0.160,0.000,0.0000
1519.260,-70.504,37.099,0.316,0.112,25.726,27.649,0.200,0.000,0.0000
1519.270,-70.502,37.100,0.316,0.152,25.728,27.650,0.240,0.000,0.0000
1519.280,-70.500,37.100,0.316,0.192,25.730,27.652,0.280,0.000,0.0000
1519.290,-70.498,37.101,0.315,0.231,25.732,27.654,0.320,0.000,0.0000
1519.300,-70.496,37.102,0.315,0.270,25.734,27.657,0.360,0.000,0.0000
1519.310,-70.492,37.103,0.314,0.307,25.738,27.660,0.400,0.000,0.0000
1519.320,-70.489,37.104,0.313,0.345,25.741,27.663,0.440,0.000,0.0000
1519.330,-70.485,37.105,0.313,0.382,25.745,27.667,0.480,0.000,0.0000
1519.340,-70.481,37.106,0.312,0.419,25.749,27.671,0.520,0.000,0.0000
1519.350,-70.477,37.108,0.312,0.457,25.753,27.676,0.560,0.000,0.0000
1519.360,-70.472,37.109,0.311,0.494,25.758,27.680,0.600,0.000,0.0000
1519.370,-70.466,37.111,0.311,0.532,25.764,27.685,0.640,0.000,0.0000
1519.380,-70.461,37.113,0.310,0.567,25.769,27.691,0.680,0.000,0.0000
1519.390,-70.455,37.115,0.310,0.601,25.775,27.696,0.720,0.000,0.0000
1519.400,-70.448,37.117,0.309,0.634,25.782,27.702,0.760,0.000,0.0000
1519.410,-70.442,37.119,0.309,0.669,25.788,27.709,0.800,0.000,0.0000
1519.420,-70.435,37.121,0.309,0.706,25.795,27.715,0.840,0.000,0.0000
1519.430,-70.427,37.123,0.309,0.743,25.803,27.722,0.880,0.000,0.0000
1519.440,-70.419,37.126,0.308,0.782,25.811,27.730,0.920,0.000,0.0000
1519.450,-70.411,37.128,0.308,0.820,25.819,27.737,0.960,0.000,0.0000
1519.460,-70.403,37.131,0.308,0.859,25.827,27.745,1.000,0.000,0.0000
1519.470,-70.394,37.134,0.308,0.898,25.836,27.754,1.000,0.000,0.0000
1519.480,-70.384,37.137,0.308,0.937,25.846,27.762,1.000,0.000,0.0000
1519.490,-70.375,37.140,0.308,0.976,25.855,27.771,1.000,0.000,0.0000
1519.500,-70.364,37.143,0.308,1.015,25.866,27.781,1.000,0.000,0.0000
1519.510,-70.354,37.147,0.308,1.054,25.876,27.790,1.000,0.000,0.0000
1519.520,-70.343,37.150,0.308,1.092,25.887,27.800,1.000,0.000,0.0080
1519.530,-70.332,37.154,0.308,1.131,25.898,27.811,1.000,0.000,0.0160
1519.540,-70.320,37.157,0.308,1.170,25.910,27.821,1.000,0.000,0.0240
1519.550,-70.308,37.161,0.308,1.209,25.922,27.833,1.000,0.000,0.0320
1519.560,-70.295,37.165,0.309,1.248,25.935,27.844,1.000,0.000,0.0400
1519.570,-70.282,37.169,0.309,1.287,25.948,27.856,1.000,0.000,0.0480
1519.580,-70.269,37.173,0.309,1.325,25.961,27.868,1.000,0.000,0.0560
1519.590,-70.256,37.178,0.309,1.364,25.974,27.881,1.000,0.000,0.0640
1519.600,-70.242,37.182,0.309,1.402,25.988,27.893,1.000,0.000,0.0720
1519.610,-70.227,37.187,0.310,1.441,26.003,27.907,1.000,0.000,0.0800
1519.620,-70.212,37.191,0.310,1.479,26.018,27.920,1.000,0.000,0.0880
1519.630,-70.197,37.196,0.310,1.518,26.033,27.934,1.000,0.000,0.0960
1519.640,-70.182,37.201,0.310,1.556,26.048,27.949,1.000,0.000,0.1040
1519.650,-70.166,37.206,0.310,1.594,26.064,27.963,1.000,0.000,0.1120
1519.660,-70.149,37.211,0.310,1.632,26.081,27.978,1.000,0.000,0.1200
1519.670,-70.133,37.216,0.310,1.670,26.097,27.994,1.000,0.000,0.1280
1519.680,-70.116,37.221,0.311,1.708,26.114,28.009,1.000,0.000,0.1360
1519.690,-70.098,37.227,0.311,1.746,26.132,28.025,1.000,0.000,0.1440
1519.700,-70.080,37.232,0.311,1.784,26.150,28.042,1.000,0.000,0.1520
1519.710,-70.062,37.238,0.311,1.822,26.168,28.059,1.000,0.000,0.1600
1519.720,-70.043,37.243,0.311,1.860,26.187,28.076,1.000,0.000,0.1680
1519.730,-70.025,37.249,0.311,1.897,26.206,28.093,0.940,0.000,0.1760
1519.740,-70.005,37.255,0.311,1.935,26.225,28.111,0.880,0.000,0.1840
1519.750,-69.985,37.261,0.311,1.972,26.245,28.130,0.820,0.000,0.1920
1519.760,-69.965,37.267,0.311,2.009,26.265,28.148,0.760,0.000,0.2000
1519.770,-69.945,37.273,0.311,2.046,26.285,28.167,0.700,0.000,0.2080
1519.780,-69.924,37.280,0.311,2.083,26.306,28.186,0.640,0.000,0.2160
1519.790,-69.903,37.286,0.311,2.120,26.327,28.206,0.580,0.000,0.2240
1519.800,-69.881,37.293,0.311,2.157,26.349,28.226,0.520,0.000,0.2320
1519.810,-69.859,37.299,0.311,2.193,26.371,28.246,0.460,0.000,0.2400
1519.820,-69.837,37.306,0.311,2.230,26.393,28.267,0.400,0.000,0.2480
1519.830,-69.814,37.312,0.311,2.266,26.416,28.288,0.340,0.000,0.2560
1519.840,-69.791,37.319,0.311,2.302,26.439,28.309,0.280,0.000,0.2640
1519.850,-69.768,37.326,0.311,2.337,26.462,28.331,0.220,0.000,0.2720
1519.860,-69.744,37.333,0.311,2.351,26.486,28.353,0.160,0.000,0.2800
1519.870,-69.721,37.340,0.311,2.346,26.509,28.374,0.100,0.000,0.2880
1519.880,-69.698,37.347,0.311,2.324,26.532,28.396,0.040,0.000,0.2960
1519.890,-69.675,37.353,0.312,2.291,26.555,28.417,0.000,0.000,0.3040
1519.900,-69.652,37.360,0.312,2.253,26.578,28.437,0.000,0.000,0.3120
1519.910,-69.630,37.366,0.313,2.211,26.600,28.458,0.000,0.000,0.3200
1519.920,-69.609,37.372,0.314,2.167,26.621,28.477,0.000,0.000,0.3280
1519.930,-69.587,37.378,0.315,2.122,26.643,28.497,0.000,0.000,0.3360
1519.940,-69.567,37.384,0.316,2.077,26.663,28.515,0.000,0.000,0.3440
1519.950,-69.546,37.389,0.317,2.031,26.684,28.534,0.000,0.000,0.3520
1519.960,-69.527,37.395,0.318,1.988,26.703,28.552,0.000,0.000,0.3600
1519.970,-69.507,37.400,0.319,1.944,26.723,28.569,0.000,0.000,0.3680
1519.980,-69.488,37.405,0.320,1.899,26.742,28.586,0.000,0.000,0.3760
1519.990,-69.470,37.410,0.322,1.853,26.760,28.603,0.000,0.000,0.3840
1520.000,-69.452,37.415,0.323,1.807,26.778,28.620,0.000,0.000,0.3920
1520.010,-69.434,37.420,0.324,1.762,26.796,28.635,0.000,0.000,0.4000
1520.020,-69.417,37.425,0.325,1.719,26.813,28.651,0.000,0.000,0.4080
1520.030,-69.400,37.429,0.326,1.677,26.830,28.666,0.000,0.000,0.4160
1520.040,-69.384,37.433,0.326,1.636,26.846,28.681,0.000,0.000,0.4240
1520.050,-69.368,37.438,0.327,1.596,26.862,28.696,0.000,0.000,0.4320
1520.060,-69.352,37.442,0.328,1.557,26.878,28.710,0.000,0.000,0.4400
1520.070,-69.337,37.446,0.328,1.520,26.893,28.724,0.000,0.000,0.4480
1520.080,-69.322,37.450,0.329,1.483,26.908,28.737,0.000,0.000,0.4560
1520.090,-69.308,37.454,0.329,1.447,26.922,28.751,0.000,0.000,0.4640
1520.100,-69.294,37.457,0.329,1.411,26.936,28.764,0.000,0.000,0.4720
1520.110,-69.280,37.461,0.329,1.376,26.950,28.776,0.000,0.000,0.4800
1520.120,-69.267,37.464,0.329,1.340,26.963,28.789,0.000,0.000,0.4880
1520.130,-69.254,37.468,0.329,1.302,26.976,28.801,0.000,0.000,0.4960
1520.140,-69.241,37.471,0.329,1.264,26.989,28.813,0.000,0.000,0.5000
1520.150,-69.229,37.474,0.329,1.225,27.001,28.824,0.000,0.000,0.5000
1520.160,-69.217,37.477,0.328,1.186,27.013,28.835,0.000,0.000,0.5000
1520.170,-69.205,37.480,0.328,1.147,27.025,28.846,0.000,0.000,0.5000
1520.180,-69.194,37.483,0.328,1.109,27.036,28.857,0.000,0.000,0.5000
1520.190,-69.184,37.485,0.327,1.072,27.046,28.867,0.000,0.000,0.5000
1520.200,-69.173,37.488,0.327,1.035,27.057,28.877,0.000,0.000,0.5000
1520.210,-69.163,37.490,0.326,0.999,27.067,28.886,0.000,0.000,0.4700
1520.220,-69.154,37.493,0.326,0.966,27.076,28.895,0.000,0.000,0.4400
1520.230,-69.144,37.495,0.325,0.935,27.086,28.904,0.000,0.000,0.4100
1520.240,-69.135,37.497,0.325,0.906,27.095,28.913,0.000,0.000,0.3800
1520.250,-69.126,37.499,0.324,0.878,27.104,28.921,0.000,0.000,0.3500
1520.260,-69.118,37.500,0.324,0.851,27.112,28.929,0.000,0.000,0.3200
1520.270,-69.110,37.502,0.323,0.824,27.120,28.937,0.000,0.000,0.2900
1520.280,-69.102,37.504,0.323,0.797,27.128,28.944,0.000,0.000,0.2600
1520.290,-69.094,37.505,0.323,0.770,27.136,28.952,0.000,0.000,0.2300
1520.300,-69.087,37.506,0.322,0.743,27.143,28.959,0.000,0.000,0.2000
1520.310,-69.079,37.508,0.322,0.715,27.151,28.965,0.000,0.000,0.1700
1520.320,-69.073,37.509,0.321,0.686,27.157,28.972,0.000,0.000,0.1400
1520.330,-69.066,37.510,0.321,0.657,27.164,28.978,0.000,0.000,0.1100
1520.340,-69.060,37.511,0.321,0.627,27.170,28.984,0.000,0.000,0.0800
1520.350,-69.054,37.512,0.320,0.595,27.176,28.990,0.000,0.000,0.0500
1520.360,-69.048,37.513,0.320,0.563,27.182,28.995,0.000,0.000,0.0200
1520.370,-69.043,37.514,0.320,0.529,27.187,29.000,0.000,0.000,0.0000
1520.380,-69.038,37.515,0.320,0.494,27.192,29.005,0.000,0.000,0.0000
1520.390,-69.033,37.516,0.320,0.458,27.197,29.009,0.000,0.000,0.0000
1520.400,-69.029,37.516,0.320,0.414,27.201,29.013,0.000,0.000,0.0000
1520.410,-69.026,37.517,0.320,0.370,27.204,29.016,0.000,0.000,0.0000
1520.420,-69.022,37.517,0.320,0.327,27.208,29.019,0.000,0.000,0.0000
1520.430,-69.019,37.518,0.321,0.286,27.211,29.022,0.000,0.000,0.0000
1520.440,-69.017,37.518,0.321,0.245,27.213,29.024,0.000,0.000,0.0000
1520.450,-69.015,37.519,0.321,0.206,27.215,29.026,0.000,0.000,0.0000
1520.460,-69.013,37.519,0.321,0.167,27.217,29.027,0.000,0.000,0.0000
1520.470,-69.012,37.519,0.322,0.130,27.218,29.028,0.000,0.000,0.0000
1520.480,-69.011,37.520,0.322,0.093,27.219,29.029,0.000,0.000,0.0000
1520.490,-69.011,37.520,0.322,0.063,27.219,29.029,0.000,0.000,0.0000
1520.500,-69.010,37.520,0.323,0.040,27.220,29.029,0.000,0.000,0.0000
1520.510,-69.010,37.520,0.323,0.024,27.220,29.029,0.000,0.000,0.0000
1520.520,-69.010,37.520,0.323,0.013,27.220,29.029,0.000,0.000,0.0000
1520.530,-69.010,37.520,0.323,0.003,27.220,29.029,0.000,0.000,0.0000
1520.540,-69.010,37.520,0.323,0.007,27.220,29.029,0.000,0.000,0.0000
1520.550,-69.010,37.520,0.323,0.015,27.220,29.029,0.000,0.000,0.0000
1520.560,-69.010,37.520,0.323,0.023,27.220,29.029,0.000,0.000,0.0000
1520.570,-69.010,37.520,0.322,0.030,27.220,29.029,0.000,0.000,0.0000
1520.580,-69.010,37.520,0.322,0.035,27.220,29.030,0.000,0.000,0.0000
1520.590,-69.010,37.520,0.322,0.040,27.220,29.030,0.000,0.000,0.0080
1520.600,-69.011,37.520,0.321,0.044,27.219,29.030,0.000,0.000,0.0160
1520.610,-69.011,37.520,0.321,0.047,27.219,29.030,0.000,0.000,0.0240
1520.620,-69.011,37.520,0.320,0.049,27.219,29.030,0.000,0.000,0.0320
1520.630,-69.011,37.520,0.320,0.051,27.219,29.030,0.000,0.000,0.0400
1520.640,-69.011,37.520,0.319,0.051,27.219,29.030,0.000,0.000,0.0480
1520.650,-69.011,37.520,0.319,0.051,27.219,29.030,0.000,0.000,0.0560
1520.660,-69.011,37.520,0.318,0.050,27.219,29.030,0.000,0.000,0.0640
1520.670,-69.011,37.520,0.318,0.048,27.219,29.030,0.000,0.000,0.0720
1520.680,-69.011,37.520,0.317,0.046,27.219,29.030,0.000,0.000,0.0800
1520.690,-69.012,37.520,0.317,0.043,27.218,29.030,0.000,0.000,0.0880
1520.700,-69.012,37.520,0.316,0.040,27.218,29.030,0.000,0.000,0.0960
1520.710,-69.012,37.520,0.316,0.037,27.218,29.030,0.000,0.000,0.1040
1520.720,-69.012,37.520,0.316,0.033,27.218,29.030,0.000,0.000,0.1120
1520.730,-69.012,37.520,0.316,0.029,27.218,29.030,0.000,0.000,0.1200
1520.740,-69.012,37.520,0.315,0.025,27.218,29.030,0.000,0.000,0.1280
1520.750,-69.012,37.520,0.315,0.021,27.218,29.030,0.000,0.000,0.1360
1520.760,-69.012,37.520,0.315,0.017,27.218,29.030,0.000,0.000,0.1440
1520.770,-69.012,37.520,0.315,0.014,27.218,29.030,0.000,0.000,0.1520
1520.780,-69.012,37.520,0.315,0.010,27.218,29.030,0.000,0.000,0.1600
1520.790,-69.012,37.520,0.315,0.008,27.218,29.030,0.000,0.000,0.1680
1520.800,-69.013,37.521,0.315,0.007,27.217,29.030,0.000,0.000,0.1760
1520.810,-69.013,37.521,0.315,0.007,27.217,29.030,0.000,0.000,0.1840
1520.820,-69.013,37.521,0.315,0.009,27.217,29.030,0.000,0.000,0.1920
1520.830,-69.013,37.521,0.315,0.008,27.217,29.030,0.000,0.000,0.2000
1520.840,-69.013,37.521,0.315,0.010,27.217,29.030,0.000,0.000,0.2080
1520.850,-69.013,37.521,0.315,0.012,27.217,29.030,0.000,0.000,0.2160
1520.860,-69.013,37.521,0.315,0.014,27.217,29.030,0.000,0.000,0.2240
1520.870,-69.013,37.521,0.315,0.015,27.217,29.030,0.000,0.000,0.2320
1520.880,-69.012,37.521,0.316,0.017,27.218,29.030,0.000,0.000,0.2400
1520.890,-69.012,37.521,0.316,0.018,27.218,29.030,0.000,0.000,0.2480
1520.900,-69.012,37.521,0.316,0.018,27.218,29.030,0.000,0.000,0.2560
1520.910,-69.012,37.521,0.316,0.019,27.218,29.030,0.000,0.000,0.2640
1520.920,-69.012,37.521,0.316,0.019,27.218,29.030,0.000,0.000,0.2720
1520.930,-69.012,37.521,0.316,0.019,27.218,29.030,0.000,0.000,0.2800
1520.940,-69.012,37.522,0.317,0.019,27.218,29.030,0.000,0.000,0.2880
1520.950,-69.012,37.522,0.317,0.018,27.218,29.030,0.000,0.000,0.2960
1520.960,-69.012,37.522,0.317,0.018,27.218,29.030,0.000,0.000,0.3040
1520.970,-69.012,37.522,0.317,0.017,27.218,29.030,0.000,0.000,0.3120
1520.980,-69.012,37.522,0.317,0.016,27.218,29.030,0.000,0.000,0.3200
1520.990,-69.011,37.522,0.317,0.015,27.219,29.030,0.000,0.000,0.3280
1521.000,-69.011,37.522,0.317,0.014,27.219,29.030,0.000,0.000,0.3360
1521.010,-69.011,37.522,0.317,0.013,27.219,29.030,0.000,0.000,0.3440
1521.020,-69.011,37.522,0.317,0.013,27.219,29.031,0.000,0.000,0.3520
1521.030,-69.011,37.522,0.318,0.012,27.219,29.031,0.000,0.000,0.3600
1521.040,-69.011,37.522,0.318,0.011,27.219,29.031,0.000,0.000,0.3680
1521.050,-69.011,37.523,0.318,0.011,27.219,29.031,0.000,0.000,0.3760
1521.060,-69.011,37.523,0.318,0.011,27.219,29.031,0.000,0.000,0.3840
1521.070,-69.011,37.523,0.318,0.011,27.219,29.031,0.040,0.000,0.3920
1521.080,-69.010,37.523,0.318,0.023,27.220,29.031,0.080,0.000,0.4000
1521.090,-69.010,37.523,0.318,0.045,27.220,29.032,0.120,0.000,0.4080
1521.100,-69.009,37.523,0.317,0.074,27.221,29.032,0.160,0.000,0.4160
1521.110,-69.008,37.523,0.317,0.108,27.222,29.033,0.200,0.000,0.4240
1521.120,-69.007,37.524,0.317,0.144,27.223,29.035,0.240,0.000,0.4320
1521.130,-69.005,37.524,0.316,0.181,27.225,29.037,0.280,0.000,0.4400
1521.140,-69.003,37.525,0.316,0.218,27.227,29.039,0.320,0.000,0.4480
1521.150,-69.000,37.525,0.315,0.255,27.230,29.041,0.360,0.000,0.4560
1521.160,-68.998,37.526,0.315,0.292,27.232,29.044,0.400,0.000,0.4640
1521.170,-68.994,37.527,0.314,0.328,27.236,29.047,0.440,0.000,0.4720
1521.180,-68.991,37.527,0.314,0.364,27.239,29.051,0.480,0.000,0.4800
1521.190,-68.987,37.528,0.313,0.400,27.243,29.055,0.520,0.000,0.4880
1521.200,-68.982,37.529,0.313,0.436,27.248,29.059,0.560,0.000,0.4960
1521.210,-68.978,37.530,0.312,0.472,27.252,29.064,0.600,0.000,0.5000
1521.220,-68.973,37.531,0.312,0.508,27.257,29.068,0.640,0.000,0.5000
1521.230,-68.967,37.532,0.311,0.544,27.263,29.074,0.680,0.000,0.5000
1521.240,-68.961,37.533,0.311,0.581,27.269,29.079,0.720,0.000,0.5000
1521.250,-68.955,37.535,0.310,0.618,27.275,29.085,0.760,0.000,0.5000
1521.260,-68.949,37.536,0.310,0.656,27.281,29.091,0.800,0.000,0.5000
1521.270,-68.942,37.537,0.309,0.693,27.288,29.098,0.840,0.000,0.5000
1521.280,-68.935,37.539,0.309,0.730,27.295,29.105,0.880,0.000,0.5000
1521.290,-68.927,37.540,0.309,0.766,27.303,29.112,0.920,0.000,0.5000
1521.300,-68.919,37.542,0.309,0.802,27.311,29.120,0.960,0.000,0.5000
1521.310,-68.910,37.543,0.309,0.837,27.320,29.127,1.000,0.000,0.5000
1521.320,-68.902,37.545,0.309,0.872,27.328,29.136,1.000,0.000,0.5000
1521.330,-68.893,37.547,0.308,0.908,27.337,29.144,1.000,0.000,0.5000
1521.340,-68.883,37.548,0.308,0.943,27.347,29.153,1.000,0.000,0.5000
1521.350,-68.873,37.550,0.309,0.978,27.357,29.162,1.000,0.000,0.5000
1521.360,-68.863,37.552,0.309,1.013,27.367,29.171,1.000,0.000,0.5000
1521.370,-68.853,37.554,0.309,1.049,27.377,29.181,1.000,0.000,0.5000
1521.380,-68.842,37.556,0.309,1.084,27.388,29.191,1.000,0.000,0.5000
1521.390,-68.831,37.558,0.309,1.120,27.399,29.201,1.000,0.000,0.5000
1521.400,-68.819,37.560,0.309,1.155,27.411,29.212,1.000,0.000,0.5000
1521.410,-68.807,37.562,0.310,1.190,27.423,29.223,1.000,0.000,0.5000
1521.420,-68.795,37.564,0.310,1.226,27.435,29.234,1.000,0.000,0.5000
1521.430,-68.783,37.566,0.310,1.261,27.447,29.246,1.000,0.000,0.5000
1521.440,-68.770,37.568,0.310,1.297,27.460,29.258,1.000,0.000,0.5000
1521.450,-68.756,37.570,0.311,1.332,27.474,29.270,1.000,0.000,0.5000
1521.460,-68.743,37.572,0.311,1.311,27.487,29.282,1.000,0.000,0.5000
1521.470,-68.730,37.575,0.311,1.286,27.500,29.294,1.000,0.000,0.5000
1521.480,-68.717,37.577,0.312,1.290,27.513,29.306,1.000,0.000,0.5000
1521.490,-68.704,37.579,0.312,1.338,27.526,29.318,1.000,0.000,0.5000
1521.500,-68.690,37.582,0.312,1.396,27.540,29.331,1.000,0.000,0.5000
1521.510,-68.675,37.584,0.313,1.456,27.555,29.345,1.000,0.000,0.5000
1521.520,-68.661,37.586,0.313,1.439,27.569,29.358,1.000,0.000,0.5000
1521.530,-68.646,37.589,0.313,1.483,27.584,29.372,1.000,0.000,0.5000
1521.540,-68.631,37.591,0.313,1.545,27.599,29.386,1.000,0.000,0.5000
1521.550,-68.615,37.594,0.313,1.610,27.615,29.401,1.000,0.000,0.5000
1521.560,-68.598,37.596,0.313,1.670,27.632,29.417,0.940,0.000,0.5000
1521.570,-68.581,37.599,0.312,1.723,27.649,29.433,0.880,0.000,0.5000
1521.580,-68.563,37.601,0.312,1.773,27.667,29.449,0.820,0.000,0.5000
1521.590,-68.545,37.603,0.312,1.821,27.685,29.467,0.760,0.000,0.5000
1521.600,-68.526,37.606,0.312,1.870,27.704,29.484,0.700,0.000,0.5000
1521.610,-68.507,37.608,0.311,1.925,27.723,29.502,0.640,0.000,0.5000
1521.620,-68.489,37.609,0.311,1.827,27.741,29.519,0.580,0.000,0.5000
1521.630,-68.471,37.611,0.311,1.775,27.759,29.536,0.520,0.000,0.5000
1521.640,-68.453,37.612,0.312,1.742,27.777,29.552,0.460,0.000,0.5000
1521.650,-68.436,37.613,0.312,1.745,27.794,29.568,0.400,0.000,0.5000
1521.660,-68.418,37.615,0.312,1.771,27.812,29.584,0.340,0.000,0.5000
1521.670,-68.399,37.616,0.312,1.886,27.831,29.602,0.280,0.000,0.5000
1521.680,-68.380,37.618,0.312,1.934,27.850,29.620,0.220,0.000,0.5000
1521.690,-68.360,37.619,0.312,1.974,27.870,29.638,0.160,0.000,0.5000
1521.700,-68.340,37.621,0.312,1.997,27.890,29.657,0.100,0.000,0.5000
1521.710,-68.320,37.622,0.312,2.000,27.910,29.676,0.040,0.000,0.5000
1521.720,-68.301,37.623,0.312,1.988,27.929,29.694,0.000,0.000,0.5000
1521.730,-68.281,37.624,0.313,1.981,27.949,29.712,0.000,0.000,0.5000
1521.740,-68.261,37.626,0.313,1.961,27.969,29.731,0.000,0.000,0.5000
1521.750,-68.242,37.627,0.314,1.932,27.988,29.749,0.000,0.000,0.5000
1521.760,-68.223,37.628,0.314,1.896,28.007,29.766,0.000,0.000,0.5000
1521.770,-68.204,37.629,0.315,1.862,28.026,29.783,0.000,0.000,0.5000
1521.780,-68.186,37.630,0.315,1.832,28.044,29.800,0.000,0.000,0.5000
1521.790,-68.168,37.630,0.316,1.806,28.062,29.817,0.000,0.000,0.5000
1521.800,-68.150,37.631,0.317,1.783,28.080,29.833,0.000,0.000,0.5000
1521.810,-68.132,37.632,0.318,1.762,28.098,29.849,0.000,0.000,0.5000
1521.820,-68.115,37.633,0.318,1.741,28.115,29.865,0.000,0.000,0.5000
1521.830,-68.098,37.634,0.319,1.716,28.132,29.881,0.000,0.000,0.5000
1521.840,-68.081,37.634,0.320,1.689,28.149,29.896,0.000,0.000,0.5000
1521.850,-68.064,37.635,0.321,1.659,28.166,29.912,0.000,0.000,0.5000
1521.860,-68.048,37.636,0.321,1.626,28.182,29.926,0.000,0.000,0.5000
1521.870,-68.032,37.636,0.322,1.590,28.198,29.941,0.000,0.000,0.5000
1521.880,-68.017,37.637,0.322,1.553,28.213,29.955,0.000,0.000,0.5000
1521.890,-68.002,37.637,0.323,1.515,28.228,29.969,0.000,0.000,0.5000
1521.900,-67.987,37.638,0.323,1.477,28.243,29.983,0.000,0.000,0.5000
1521.910,-67.973,37.638,0.324,1.439,28.257,29.996,0.000,0.000,0.5000
1521.920,-67.959,37.638,0.324,1.400,28.271,30.009,0.000,0.000,0.5000
1521.930,-67.945,37.639,0.325,1.362,28.285,30.022,0.000,0.000,0.5000
1521.940,-67.932,37.639,0.325,1.323,28.298,30.034,0.000,0.000,0.5000
1521.950,-67.919,37.639,0.325,1.284,28.311,30.046,0.000,0.000,0.5000
1521.960,-67.906,37.640,0.326,1.245,28.324,30.057,0.000,0.000,0.5000
1521.970,-67.894,37.640,0.326,1.206,28.336,30.069,0.000,0.000,0.5000
1521.980,-67.883,37.640,0.326,1.168,28.347,30.079,0.000,0.000,0.5000
1521.990,-67.871,37.640,0.326,1.129,28.359,30.090,0.000,0.000,0.5000
1522.000,-67.860,37.640,0.326,1.091,28.370,30.100,0.000,0.000,0.5000
1522.010,-67.850,37.640,0.326,1.054,28.380,30.110,0.000,0.000,0.5000
1522.020,-67.840,37.640,0.326,1.016,28.390,30.120,0.000,0.000,0.5000
1522.030,-67.830,37.640,0.326,0.979,28.400,30.129,0.000,0.000,0.5000
1522.040,-67.821,37.640,0.326,0.942,28.409,30.138,0.000,0.000,0.5000
1522.050,-67.812,37.640,0.326,0.905,28.419,30.146,0.000,0.000,0.5000
1522.060,-67.803,37.640,0.325,0.868,28.427,30.154,0.000,0.000,0.5000
1522.070,-67.795,37.640,0.325,0.832,28.435,30.162,0.000,0.000,0.5000
1522.080,-67.787,37.640,0.325,0.795,28.443,30.170,0.000,0.000,0.5000
1522.090,-67.779,37.640,0.325,0.759,28.451,30.177,0.000,0.000,0.5000
1522.100,-67.772,37.640,0.324,0.723,28.458,30.184,0.000,0.000,0.5000
1522.110,-67.765,37.640,0.324,0.687,28.465,30.190,0.000,0.000,0.5000
1522.120,-67.758,37.640,0.324,0.651,28.472,30.196,0.000,0.000,0.5000
1522.130,-67.752,37.640,0.324,0.615,28.478,30.202,0.000,0.000,0.5000
1522.140,-67.746,37.640,0.323,0.580,28.484,30.208,0.000,0.000,0.5000
1522.150,-67.741,37.640,0.323,0.544,28.489,30.213,0.000,0.000,0.5000
1522.160,-67.736,37.640,0.323,0.509,28.494,30.218,0.000,0.000,0.5000
1522.170,-67.731,37.640,0.323,0.474,28.499,30.222,0.000,0.000,0.5000
1522.180,-67.727,37.640,0.322,0.439,28.503,30.226,0.000,0.000,0.5000
1522.190,-67.723,37.640,0.322,0.404,28.507,30.230,0.000,0.000,0.4700
1522.200,-67.719,37.640,0.322,0.373,28.511,30.234,0.000,0.000,0.4400
1522.210,-67.716,37.640,0.322,0.346,28.514,30.237,0.000,0.000,0.4100
1522.220,-67.712,37.640,0.322,0.320,28.518,30.240,0.000,0.000,0.3800
1522.230,-67.709,37.640,0.322,0.295,28.521,30.243,0.000,0.000,0.3500
1522.240,-67.707,37.640,0.321,0.267,28.523,30.246,0.000,0.000,0.3200
1522.250,-67.704,37.640,0.321,0.237,28.526,30.248,0.000,0.000,0.2900
1522.260,-67.702,37.641,0.321,0.206,28.528,30.250,0.000,0.000,0.2600
1522.270,-67.701,37.641,0.321,0.174,28.529,30.251,0.000,0.000,0.2300
1522.280,-67.699,37.641,0.321,0.142,28.531,30.253,0.000,0.000,0.2000
1522.290,-67.698,37.641,0.321,0.113,28.532,30.254,0.000,0.000,0.1700
1522.300,-67.697,37.642,0.321,0.093,28.533,30.255,0.000,0.000,0.1400
1522.310,-67.696,37.642,0.321,0.081,28.534,30.256,0.000,0.000,0.1100
1522.320,-67.696,37.642,0.321,0.080,28.534,30.256,0.000,0.000,0.0800
1522.330,-67.695,37.642,0.320,0.088,28.535,30.257,0.040,0.000,0.0500
1522.340,-67.694,37.642,0.320,0.109,28.536,30.258,0.080,0.000,0.0200
1522.350,-67.692,37.643,0.320,0.139,28.538,30.260,0.120,0.000,0.0000
1522.360,-67.691,37.643,0.319,0.175,28.539,30.261,0.160,0.000,0.0000
1522.370,-67.689,37.643,0.319,0.207,28.541,30.263,0.200,0.000,0.0000
1522.380,-67.686,37.643,0.318,0.236,28.544,30.266,0.240,0.000,0.0000
1522.390,-67.684,37.643,0.317,0.263,28.546,30.268,0.280,0.000,0.0000
1522.400,-67.681,37.643,0.317,0.287,28.549,30.271,0.320,0.000,0.0000
1522.410,-67.678,37.644,0.316,0.316,28.552,30.274,0.360,0.000,0.0000
1522.420,-67.675,37.644,0.315,0.348,28.555,30.278,0.400,0.000,0.0000
1522.430,-67.671,37.644,0.314,0.384,28.559,30.282,0.440,0.000,0.0000
1522.440,-67.667,37.644,0.314,0.421,28.563,30.286,0.480,0.000,0.0000
1522.450,-67.662,37.644,0.313,0.460,28.568,30.290,0.520,0.000,0.0000
1522.460,-67.657,37.644,0.312,0.499,28.573,30.295,0.560,0.000,0.0000
1522.470,-67.652,37.644,0.312,0.539,28.578,30.300,0.600,0.000,0.0000
1522.480,-67.646,37.644,0.311,0.577,28.584,30.306,0.640,0.000,0.0000
1522.490,-67.640,37.644,0.310,0.616,28.590,30.312,0.680,0.000,0.0000
1522.500,-67.633,37.644,0.310,0.654,28.597,30.318,0.720,0.000,0.0000
1522.510,-67.627,37.644,0.309,0.692,28.603,30.325,0.760,0.000,0.0000
1522.520,-67.619,37.643,0.309,0.729,28.611,30.332,0.800,0.000,0.0000
1522.530,-67.612,37.643,0.308,0.768,28.618,30.339,0.840,0.000,0.0000
1522.540,-67.604,37.643,0.308,0.807,28.626,30.347,0.880,0.000,0.0000
1522.550,-67.595,37.643,0.308,0.846,28.635,30.355,0.920,0.000,0.0000
1522.560,-67.586,37.643,0.308,0.886,28.644,30.363,0.960,0.000,0.0000
1522.570,-67.577,37.643,0.308,0.927,28.653,30.372,1.000,0.000,0.0000
1522.580,-67.567,37.643,0.307,0.967,28.663,30.381,1.000,0.000,0.0000
1522.590,-67.557,37.643,0.307,1.007,28.673,30.390,1.000,0.000,0.0000
1522.600,-67.547,37.642,0.307,1.048,28.683,30.400,1.000,0.000,0.0000
1522.610,-67.536,37.642,0.308,1.088,28.694,30.410,1.000,0.000,0.0000
1522.620,-67.525,37.642,0.308,1.128,28.705,30.421,1.000,0.000,0.0000
1522.630,-67.513,37.642,0.308,1.168,28.717,30.432,1.000,0.000,0.0000
1522.640,-67.501,37.642,0.308,1.207,28.729,30.443,1.000,0.000,0.0000
1522.650,-67.488,37.642,0.308,1.247,28.742,30.455,1.000,0.000,0.0000
1522.660,-67.476,37.641,0.308,1.287,28.754,30.467,1.000,0.000,0.0000
1522.670,-67.462,37.641,0.309,1.327,28.768,30.479,1.000,0.000,0.0000
1522.680,-67.449,37.641,0.309,1.367,28.781,30.492,1.000,0.000,0.0000
1522.690,-67.435,37.641,0.309,1.406,28.795,30.505,1.000,0.000,0.0000
1522.700,-67.420,37.641,0.309,1.446,28.810,30.518,1.000,0.000,0.0000
1522.710,-67.405,37.640,0.310,1.486,28.825,30.532,1.000,0.000,0.0000
1522.720,-67.390,37.640,0.310,1.525,28.840,30.546,1.000,0.000,0.0080
1522.730,-67.374,37.640,0.310,1.565,28.856,30.561,1.000,0.000,0.0160
1522.740,-67.358,37.640,0.310,1.604,28.872,30.576,1.000,0.000,0.0240
1522.750,-67.342,37.640,0.311,1.643,28.888,30.591,1.000,0.000,0.0320
1522.760,-67.325,37.639,0.311,1.682,28.905,30.607,1.000,0.000,0.0400
1522.770,-67.308,37.639,0.311,1.722,28.922,30.623,1.000,0.000,0.0480
1522.780,-67.290,37.639,0.311,1.761,28.940,30.639,1.000,0.000,0.0560
1522.790,-67.272,37.639,0.311,1.801,28.958,30.656,1.000,0.000,0.0640
1522.800,-67.254,37.638,0.311,1.845,28.976,30.673,1.000,0.000,0.0720
1522.810,-67.235,37.638,0.311,1.889,28.995,30.691,1.000,0.000,0.0800
1522.820,-67.216,37.638,0.311,1.933,29.014,30.709,1.000,0.000,0.0880
1522.830,-67.196,37.637,0.311,1.976,29.034,30.728,1.000,0.000,0.0960
1522.840,-67.176,37.637,0.311,2.018,29.054,30.746,1.000,0.000,0.1040
1522.850,-67.155,37.637,0.311,2.059,29.075,30.766,1.000,0.000,0.1120
1522.860,-67.134,37.637,0.311,2.100,29.096,30.785,1.000,0.000,0.1200
1522.870,-67.113,37.636,0.311,2.140,29.117,30.806,1.000,0.000,0.1280
1522.880,-67.091,37.636,0.311,2.181,29.139,30.826,1.000,0.000,0.1360
1522.890,-67.069,37.635,0.311,2.221,29.161,30.847,1.000,0.000,0.1440
1522.900,-67.046,37.635,0.311,2.261,29.184,30.868,1.000,0.000,0.1520
1522.910,-67.023,37.635,0.311,2.299,29.207,30.890,1.000,0.000,0.1600
1522.920,-67.000,37.634,0.311,2.337,29.230,30.912,1.000,0.000,0.1680
1522.930,-66.976,37.634,0.311,2.375,29.254,30.934,1.000,0.000,0.1760
1522.940,-66.952,37.633,0.311,2.412,29.278,30.957,1.000,0.000,0.1840
1522.950,-66.927,37.633,0.311,2.449,29.303,30.980,1.000,0.000,0.1920
1522.960,-66.902,37.632,0.311,2.486,29.328,31.003,1.000,0.000,0.2000
1522.970,-66.877,37.631,0.311,2.523,29.353,31.027,1.000,0.000,0.2080
1522.980,-66.852,37.631,0.311,2.559,29.378,31.051,1.000,0.000,0.2160
1522.990,-66.826,37.630,0.311,2.596,29.404,31.075,1.000,0.000,0.2240
1523.000,-66.799,37.629,0.311,2.632,29.431,31.100,1.000,0.000,0.2320
1523.010,-66.773,37.628,0.311,2.669,29.457,31.125,1.000,0.000,0.2400
1523.020,-66.746,37.628,0.311,2.705,29.484,31.150,1.000,0.000,0.2480
1523.030,-66.718,37.627,0.311,2.740,29.512,31.176,1.000,0.000,0.2560
1523.040,-66.690,37.626,0.311,2.775,29.540,31.202,1.000,0.000,0.2640
1523.050,-66.662,37.625,0.311,2.809,29.568,31.228,1.000,0.000,0.2720
1523.060,-66.634,37.623,0.311,2.842,29.596,31.255,1.000,0.000,0.2800
1523.070,-66.605,37.622,0.311,2.875,29.625,31.282,1.000,0.000,0.2880
1523.080,-66.576,37.621,0.311,2.906,29.654,31.309,1.000,0.000,0.2960
1523.090,-66.547,37.620,0.311,2.938,29.683,31.337,1.000,0.000,0.3040
1523.100,-66.517,37.618,0.311,2.969,29.713,31.365,1.000,0.000,0.3120
1523.110,-66.487,37.617,0.311,3.000,29.743,31.393,1.000,0.000,0.3200
1523.120,-66.457,37.615,0.311,3.026,29.773,31.421,1.000,0.000,0.3280
1523.130,-66.426,37.613,0.311,3.053,29.804,31.450,1.000,0.000,0.3360
1523.140,-66.395,37.611,0.311,3.079,29.835,31.479,1.000,0.000,0.3440
1523.150,-66.364,37.609,0.312,3.104,29.866,31.508,1.000,0.000,0.3520
1523.160,-66.333,37.607,0.312,3.127,29.897,31.538,1.000,0.000,0.3600
1523.170,-66.302,37.605,0.312,3.150,29.928,31.567,1.000,0.000,0.3680
1523.180,-66.270,37.603,0.312,3.175,29.960,31.597,1.000,0.000,0.3760
1523.190,-66.238,37.600,0.312,3.201,29.992,31.627,0.940,0.000,0.3840
1523.200,-66.206,37.597,0.312,3.229,30.024,31.657,0.880,0.000,0.3920
1523.210,-66.173,37.594,0.313,3.260,30.057,31.688,0.820,0.000,0.4000
1523.220,-66.140,37.591,0.313,3.291,30.090,31.719,0.760,0.000,0.4080
1523.230,-66.107,37.588,0.313,3.321,30.123,31.750,0.700,0.000,0.4160
1523.240,-66.073,37.585,0.313,3.347,30.157,31.782,0.640,0.000,0.4240
1523.250,-66.040,37.582,0.313,3.372,30.190,31.813,0.580,0.000,0.4320
1523.260,-66.006,37.578,0.313,3.397,30.224,31.845,0.520,0.000,0.4400
1523.270,-65.972,37.574,0.313,3.421,30.258,31.878,0.460,0.000,0.4480
1523.280,-65.937,37.570,0.313,3.445,30.293,31.910,0.400,0.000,0.4560
1523.290,-65.902,37.566,0.313,3.467,30.328,31.943,0.340,0.000,0.4640
1523.300,-65.868,37.562,0.313,3.486,30.362,31.975,0.280,0.000,0.4340
1523.310,-65.833,37.558,0.313,3.485,30.397,32.008,0.220,0.000,0.4040
1523.320,-65.798,37.553,0.313,3.465,30.432,32.041,0.160,0.000,0.3740
1523.330,-65.764,37.549,0.314,3.430,30.466,32.073,0.100,0.000,0.3440
1523.340,-65.730,37.545,0.314,3.389,30.500,32.105,0.040,0.000,0.3140
1523.350,-65.697,37.540,0.316,3.304,30.533,32.135,0.000,0.000,0.2840
1523.360,-65.664,37.535,0.318,3.265,30.566,32.166,0.000,0.000,0.2540
1523.370,-65.632,37.530,0.320,3.226,30.598,32.195,0.000,0.000,0.2240
1523.380,-65.600,37.525,0.323,3.197,30.630,32.224,0.000,0.000,0.1940
1523.390,-65.569,37.520,0.325,3.168,30.661,32.253,0.000,0.000,0.1640
1523.400,-65.537,37.515,0.328,3.134,30.693,32.282,0.000,0.000,0.1340
1523.410,-65.507,37.509,0.331,3.088,30.723,32.310,0.000,0.000,0.1040
1523.420,-65.476,37.504,0.334,3.043,30.754,32.337,0.000,0.000,0.0740
1523.430,-65.446,37.499,0.338,3.025,30.784,32.364,0.000,0.000,0.0440
1523.440,-65.417,37.494,0.342,2.995,30.813,32.391,0.000,0.000,0.0140
1523.450,-65.387,37.489,0.345,2.965,30.843,32.418,0.000,0.000,0.0000
1523.460,-65.358,37.484,0.349,2.944,30.872,32.444,0.000,0.000,0.0000
1523.470,-65.329,37.479,0.353,2.928,30.901,32.470,0.000,0.000,0.0000
1523.480,-65.300,37.475,0.357,2.914,30.930,32.496,0.000,0.000,0.0000
1523.490,-65.271,37.470,0.360,2.900,30.959,32.522,0.000,0.000,0.0000
1523.500,-65.243,37.465,0.364,2.883,30.987,32.548,0.000,0.000,0.0000
1523.510,-65.214,37.460,0.366,2.865,31.016,32.574,0.000,0.000,0.0000
1523.520,-65.186,37.456,0.369,2.844,31.044,32.600,0.000,0.000,0.0000
1523.530,-65.158,37.451,0.371,2.822,31.072,32.626,0.000,0.000,0.0000
1523.540,-65.130,37.446,0.373,2.797,31.100,32.652,0.000,0.000,0.0000
1523.550,-65.102,37.442,0.375,2.772,31.128,32.678,0.000,0.000,0.0000
1523.560,-65.075,37.437,0.376,2.743,31.155,32.703,0.000,0.000,0.0000
1523.570,-65.048,37.433,0.377,2.710,31.182,32.728,0.000,0.000,0.0000
1523.580,-65.021,37.428,0.377,2.674,31.209,32.753,0.000,0.000,0.0000
1523.590,-64.995,37.424,0.378,2.636,31.235,32.778,0.000,0.000,0.0000
1523.600,-64.969,37.419,0.378,2.596,31.261,32.803,0.000,0.000,0.0000
1523.610,-64.943,37.415,0.378,2.556,31.287,32.827,0.000,0.000,0.0000
1523.620,-64.918,37.410,0.378,2.517,31.312,32.851,0.000,0.000,0.0000
1523.630,-64.893,37.406,0.377,2.477,31.337,32.875,0.000,0.000,0.0000
1523.640,-64.869,37.402,0.376,2.438,31.361,32.898,0.000,0.000,0.0000
1523.650,-64.845,37.398,0.376,2.399,31.385,32.921,0.000,0.000,0.0000
1523.660,-64.821,37.394,0.375,2.360,31.409,32.943,0.000,0.000,0.0000
1523.670,-64.798,37.389,0.374,2.322,31.432,32.966,0.000,0.000,0.0000
1523.680,-64.775,37.385,0.373,2.283,31.455,32.988,0.000,0.000,0.0000
1523.690,-64.753,37.381,0.371,2.244,31.477,33.009,0.000,0.000,0.0000
1523.700,-64.731,37.377,0.370,2.205,31.499,33.030,0.000,0.000,0.0000
1523.710,-64.709,37.373,0.369,2.166,31.521,33.051,0.000,0.000,0.0000
1523.720,-64.688,37.369,0.368,2.126,31.542,33.072,0.000,0.000,0.0000
1523.730,-64.667,37.365,0.367,2.087,31.563,33.092,0.000,0.000,0.0000
1523.740,-64.647,37.362,0.366,2.049,31.583,33.112,0.000,0.000,0.0000
1523.750,-64.627,37.358,0.365,2.012,31.603,33.131,0.000,0.000,0.0000
1523.760,-64.607,37.354,0.364,1.977,31.623,33.150,0.000,0.000,0.0000
1523.770,-64.587,37.351,0.363,1.943,31.643,33.169,0.000,0.000,0.0000
1523.780,-64.568,37.347,0.362,1.909,31.662,33.187,0.000,0.000,0.0000
1523.790,-64.550,37.343,0.361,1.874,31.680,33.205,0.000,0.000,0.0000
1523.800,-64.531,37.340,0.360,1.837,31.699,33.223,0.000,0.000,0.0000
1523.810,-64.513,37.337,0.360,1.800,31.717,33.240,0.000,0.000,0.0000
1523.820,-64.496,37.333,0.359,1.761,31.734,33.257,0.000,0.000,0.0000
1523.830,-64.478,37.330,0.359,1.723,31.752,33.273,0.000,0.000,0.0000
1523.840,-64.462,37.327,0.359,1.684,31.768,33.289,0.000,0.000,-0.0080
1523.850,-64.445,37.324,0.359,1.647,31.785,33.305,0.000,0.000,-0.0160
1523.860,-64.429,37.321,0.358,1.611,31.801,33.320,0.000,0.000,-0.0240
1523.870,-64.413,37.318,0.358,1.576,31.817,33.335,0.000,0.000,-0.0320
1523.880,-64.398,37.315,0.359,1.540,31.832,33.349,0.000,0.000,-0.0400
1523.890,-64.383,37.312,0.359,1.505,31.847,33.364,0.000,0.000,-0.0480
1523.900,-64.368,37.310,0.359,1.469,31.862,33.378,0.000,0.000,-0.0560
1523.910,-64.354,37.307,0.359,1.433,31.876,33.391,0.000,0.000,-0.0640
1523.920,-64.340,37.304,0.359,1.397,31.890,33.404,0.000,0.000,-0.0720
1523.930,-64.326,37.302,0.360,1.360,31.904,33.417,0.000,0.000,-0.0800
1523.940,-64.313,37.299,0.360,1.324,31.917,33.429,0.000,0.000,-0.0880
1523.950,-64.300,37.297,0.361,1.286,31.930,33.441,0.000,0.000,-0.0960
1523.960,-64.288,37.295,0.361,1.249,31.942,33.453,0.000,0.000,-0.1040
1523.970,-64.276,37.293,0.361,1.211,31.954,33.465,0.000,0.000,-0.1120
1523.980,-64.264,37.290,0.362,1.173,31.966,33.475,0.000,0.000,-0.1200
1523.990,-64.253,37.288,0.362,1.135,31.978,33.486,0.000,0.000,-0.1280
1524.000,-64.242,37.286,0.363,1.097,31.989,33.496,0.000,0.000,-0.1360
1524.010,-64.231,37.284,0.363,1.060,31.999,33.506,0.000,0.000,-0.1440
1524.020,-64.221,37.283,0.363,1.023,32.009,33.516,0.000,0.000,-0.1520
1524.030,-64.211,37.281,0.364,0.987,32.019,33.525,0.000,0.000,-0.1600
1524.040,-64.201,37.279,0.364,0.951,32.029,33.534,0.000,0.000,-0.1680
1524.050,-64.192,37.278,0.364,0.914,32.038,33.543,0.000,0.000,-0.1760
1524.060,-64.183,37.276,0.365,0.877,32.047,33.551,0.000,0.000,-0.1840
1524.070,-64.175,37.275,0.365,0.840,32.055,33.559,0.000,0.000,-0.1920
1524.080,-64.167,37.273,0.365,0.803,32.063,33.566,0.000,0.000,-0.2000
1524.090,-64.159,37.272,0.365,0.765,32.071,33.573,0.000,0.000,-0.2080
1524.100,-64.152,37.271,0.365,0.727,32.078,33.580,0.000,0.000,-0.2160
1524.110,-64.145,37.269,0.365,0.688,32.085,33.587,0.000,0.000,-0.2240
1524.120,-64.139,37.268,0.365,0.649,32.091,33.593,0.040,0.000,-0.2320
1524.130,-64.133,37.267,0.365,0.611,32.097,33.599,0.080,0.000,-0.2400
1524.140,-64.127,37.266,0.365,0.595,32.103,33.604,0.120,0.000,-0.2480
1524.150,-64.121,37.265,0.365,0.602,32.109,33.610,0.160,0.000,-0.2560
1524.160,-64.114,37.264,0.365,0.624,32.116,33.616,0.200,0.000,-0.2640
1524.170,-64.108,37.263,0.364,0.658,32.122,33.623,0.240,0.000,-0.2720
1524.180,-64.101,37.262,0.364,0.698,32.129,33.629,0.280,0.000,-0.2800
1524.190,-64.094,37.261,0.363,0.743,32.136,33.637,0.320,0.000,-0.2880
1524.200,-64.086,37.260,0.362,0.788,32.144,33.644,0.360,0.000,-0.2960
1524.210,-64.078,37.258,0.361,0.833,32.153,33.653,0.300,0.000,-0.3040
1524.220,-64.069,37.257,0.359,0.875,32.161,33.661,0.240,0.000,-0.3120
1524.230,-64.060,37.255,0.358,0.915,32.170,33.670,0.180,0.000,-0.3200
1524.240,-64.050,37.254,0.357,0.954,32.180,33.680,0.120,0.000,-0.2900
1524.250,-64.041,37.252,0.356,0.977,32.189,33.689,0.060,0.000,-0.2600
1524.260,-64.031,37.251,0.355,0.966,32.199,33.699,0.000,0.000,-0.2300
1524.270,-64.022,37.249,0.354,0.930,32.208,33.708,0.000,0.000,-0.2000
1524.280,-64.013,37.248,0.353,0.876,32.217,33.716,0.000,0.000,-0.1700
1524.290,-64.005,37.247,0.353,0.815,32.225,33.724,0.000,0.000,-0.1400
1524.300,-63.997,37.245,0.353,0.750,32.233,33.731,0.000,0.000,-0.1100
1524.310,-63.991,37.244,0.353,0.686,32.240,33.738,0.000,0.000,-0.0800
1524.320,-63.984,37.243,0.353,0.628,32.246,33.743,0.000,0.000,-0.0500
1524.330,-63.979,37.242,0.354,0.576,32.252,33.749,0.000,0.000,-0.0200
1524.340,-63.973,37.242,0.355,0.528,32.257,33.753,0.000,0.000,0.0000
1524.350,-63.968,37.241,0.355,0.486,32.262,33.758,0.000,0.000,0.0000
1524.360,-63.964,37.240,0.356,0.453,32.266,33.762,0.000,0.000,0.0000
1524.370,-63.960,37.239,0.357,0.427,32.270,33.765,0.000,0.000,0.0000
1524.380,-63.956,37.239,0.358,0.404,32.274,33.769,0.000,0.000,0.0000
1524.390,-63.952,37.238,0.359,0.382,32.278,33.772,0.000,0.000,0.0000
1524.400,-63.949,37.238,0.360,0.358,32.281,33.775,0.000,0.000,0.0000
1524.410,-63.945,37.237,0.360,0.332,32.285,33.778,0.000,0.000,0.0000
1524.420,-63.943,37.237,0.361,0.303,32.288,33.780,0.000,0.000,0.0000
1524.430,-63.940,37.236,0.362,0.272,32.290,33.783,0.000,0.000,0.0000
1524.440,-63.938,37.236,0.363,0.239,32.292,33.785,0.000,0.000,0.0000
1524.450,-63.936,37.236,0.363,0.205,32.294,33.786,0.000,0.000,0.0000
1524.460,-63.934,37.235,0.364,0.170,32.296,33.788,0.000,0.000,0.0000
1524.470,-63.933,37.235,0.364,0.134,32.297,33.789,0.000,0.000,0.0000
1524.480,-63.932,37.235,0.365,0.099,32.298,33.789,0.000,0.000,0.0000
1524.490,-63.932,37.235,0.365,0.065,32.299,33.790,0.000,0.000,0.0000
1524.500,-63.931,37.235,0.366,0.040,32.299,33.790,0.000,0.000,0.0000
1524.510,-63.931,37.235,0.366,0.026,32.299,33.789,0.000,0.000,0.0000
1524.520,-63.932,37.235,0.366,0.024,32.298,33.789,0.000,0.000,0.0000
1524.530,-63.932,37.235,0.366,0.027,32.298,33.789,0.000,0.000,0.0000
1524.540,-63.932,37.235,0.366,0.032,32.298,33.789,0.000,0.000,0.0000
1524.550,-63.932,37.235,0.366,0.040,32.298,33.789,0.000,0.000,0.0000
1524.560,-63.933,37.235,0.365,0.048,32.297,33.788,0.000,0.000,0.0000
1524.570,-63.933,37.235,0.365,0.057,32.297,33.788,0.000,0.000,0.0000
1524.580,-63.933,37.235,0.364,0.064,32.297,33.788,0.000,0.000,0.0000
1524.590,-63.934,37.235,0.364,0.070,32.296,33.788,0.000,0.000,0.0000
1524.600,-63.934,37.235,0.363,0.075,32.296,33.788,0.000,0.000,0.0000
1524.610,-63.934,37.235,0.362,0.079,32.296,33.788,0.000,0.000,0.0000
1524.620,-63.935,37.235,0.362,0.082,32.295,33.788,0.000,0.000,0.0000
1524.630,-63.935,37.235,0.361,0.083,32.295,33.788,0.000,0.000,0.0000
1524.640,-63.935,37.235,0.360,0.082,32.295,33.788,0.000,0.000,0.0000
1524.650,-63.936,37.235,0.359,0.081,32.295,33.788,0.000,0.000,0.0000
1524.660,-63.936,37.235,0.358,0.079,32.294,33.788,0.000,0.000,0.0000
1524.670,-63.936,37.235,0.358,0.076,32.294,33.788,0.000,0.000,0.0000
1524.680,-63.936,37.235,0.357,0.072,32.294,33.788,0.000,0.000,0.0000
1524.690,-63.936,37.236,0.356,0.067,32.294,33.788,0.000,0.000,0.0000
1524.700,-63.937,37.236,0.356,0.061,32.293,33.788,0.000,0.000,0.0000
1524.710,-63.937,37.236,0.355,0.055,32.293,33.788,0.000,0.000,0.0000
1524.720,-63.937,37.236,0.355,0.049,32.293,33.788,0.000,0.000,0.0000
1524.730,-63.937,37.236,0.354,0.043,32.293,33.788,0.000,0.000,0.0000
1524.740,-63.937,37.236,0.354,0.036,32.293,33.788,0.000,0.000,0.0000
1524.750,-63.937,37.236,0.354,0.029,32.293,33.788,0.000,0.000,0.0000
1524.760,-63.937,37.236,0.354,0.022,32.293,33.788,0.000,0.000,0.0000
1524.770,-63.937,37.236,0.353,0.016,32.293,33.788,0.000,0.000,0.0000
1524.780,-63.937,37.236,0.353,0.010,32.293,33.788,0.000,0.000,0.0000
1524.790,-63.937,37.236,0.353,0.004,32.293,33.788,0.000,0.000,0.0000
1524.800,-63.937,37.236,0.353,0.002,32.293,33.788,0.000,0.000,0.0000
1524.810,-63.937,37.236,0.353,0.007,32.293,33.788,0.000,0.000,0.0000
1524.820,-63.937,37.236,0.354,0.012,32.293,33.788,0.000,0.000,0.0000
1524.830,-63.937,37.236,0.354,0.016,32.293,33.788,0.000,0.000,0.0000
1524.840,-63.937,37.236,0.354,0.020,32.293,33.788,0.040,0.000,0.0000
1524.850,-63.937,37.236,0.354,0.026,32.293,33.788,0.080,0.000,0.0000
1524.860,-63.937,37.236,0.354,0.046,32.294,33.788,0.120,0.000,0.0000
1524.870,-63.936,37.236,0.354,0.076,32.294,33.789,0.160,0.000,0.0000
1524.880,-63.935,37.235,0.354,0.111,32.295,33.790,0.200,0.000,0.0000
1524.890,-63.933,37.235,0.354,0.148,32.297,33.792,0.240,0.000,0.0000
1524.900,-63.931,37.235,0.354,0.186,32.299,33.793,0.280,0.000,0.0000
1524.910,-63.929,37.234,0.354,0.224,32.301,33.795,0.320,0.000,0.0000
1524.920,-63.926,37.234,0.354,0.262,32.304,33.798,0.360,0.000,0.0000
1524.930,-63.923,37.234,0.354,0.301,32.307,33.801,0.400,0.000,0.0000
1524.940,-63.920,37.233,0.353,0.339,32.310,33.804,0.440,0.000,0.0000
1524.950,-63.916,37.232,0.353,0.377,32.314,33.808,0.480,0.000,0.0000
1524.960,-63.912,37.232,0.353,0.416,32.318,33.812,0.520,0.000,0.0000
1524.970,-63.908,37.231,0.353,0.454,32.322,33.816,0.560,0.000,0.0000
1524.980,-63.903,37.230,0.352,0.493,32.327,33.821,0.600,0.000,0.0000
1524.990,-63.897,37.229,0.352,0.533,32.333,33.826,0.640,0.000,0.0000
1525.000,-63.892,37.228,0.351,0.572,32.338,33.832,0.680,0.000,0.0000
1525.010,-63.886,37.227,0.351,0.612,32.344,33.838,0.720,0.000,0.0000
1525.020,-63.879,37.226,0.351,0.651,32.351,33.844,0.760,0.000,0.0000
1525.030,-63.872,37.225,0.351,0.692,32.358,33.851,0.800,0.000,0.0000
1525.040,-63.865,37.224,0.350,0.732,32.365,33.858,0.840,0.000,0.0000
1525.050,-63.857,37.223,0.350,0.772,32.373,33.865,0.880,0.000,0.0000
1525.060,-63.849,37.221,0.350,0.813,32.381,33.873,0.920,0.000,0.0000
1525.070,-63.841,37.220,0.349,0.854,32.390,33.881,0.960,0.000,0.0000
1525.080,-63.832,37.218,0.349,0.895,32.399,33.890,1.000,0.000,0.0000
1525.090,-63.822,37.217,0.349,0.936,32.408,33.899,1.000,0.000,0.0000
1525.100,-63.812,37.215,0.349,0.977,32.418,33.908,1.000,0.000,0.0000
1525.110,-63.802,37.213,0.349,1.019,32.428,33.918,1.000,0.000,0.0000
1525.120,-63.792,37.212,0.349,1.060,32.438,33.928,1.000,0.000,0.0000
1525.130,-63.781,37.210,0.349,1.101,32.449,33.938,1.000,0.000,0.0000
1525.140,-63.769,37.208,0.349,1.141,32.461,33.949,1.000,0.000,0.0000
1525.150,-63.757,37.206,0.348,1.182,32.473,33.960,1.000,0.000,0.0000
1525.160,-63.745,37.204,0.348,1.222,32.485,33.972,1.000,0.000,0.0000
1525.170,-63.733,37.202,0.349,1.261,32.497,33.984,1.000,0.000,0.0000
1525.180,-63.720,37.199,0.349,1.301,32.510,33.996,1.000,0.000,0.0000
1525.190,-63.706,37.197,0.349,1.340,32.524,34.009,1.000,0.000,0.0000
1525.200,-63.692,37.195,0.349,1.380,32.538,34.022,1.000,0.000,0.0000
1525.210,-63.678,37.192,0.349,1.420,32.552,34.035,1.000,0.000,0.0000
1525.220,-63.664,37.190,0.349,1.460,32.566,34.049,1.000,0.000,0.0000
1525.230,-63.649,37.188,0.349,1.499,32.581,34.063,1.000,0.000,0.0000
1525.240,-63.633,37.185,0.349,1.539,32.597,34.078,1.000,0.000,0.0000
1525.250,-63.617,37.182,0.349,1.579,32.613,34.093,1.000,0.000,0.0000
1525.260,-63.601,37.180,0.350,1.618,32.629,34.108,1.000,0.000,0.0000
1525.270,-63.585,37.177,0.350,1.658,32.645,34.124,1.000,0.000,0.0000
1525.280,-63.568,37.174,0.350,1.698,32.662,34.140,1.000,0.000,0.0000
1525.290,-63.550,37.171,0.350,1.738,32.680,34.156,1.000,0.000,0.0000
1525.300,-63.533,37.168,0.350,1.777,32.698,34.173,1.000,0.000,0.0000
1525.310,-63.514,37.165,0.350,1.817,32.716,34.191,1.000,0.000,0.0000
1525.320,-63.496,37.162,0.350,1.856,32.734,34.208,1.000,0.000,0.0000
1525.330,-63.477,37.159,0.350,1.895,32.753,34.226,1.000,0.000,0.0000
1525.340,-63.457,37.156,0.350,1.934,32.773,34.244,1.000,0.000,0.0000
1525.350,-63.438,37.152,0.351,1.973,32.792,34.263,1.000,0.000,0.0000
1525.360,-63.418,37.149,0.351,2.011,32.812,34.282,1.000,0.000,0.0000
1525.370,-63.397,37.146,0.351,2.050,32.833,34.302,1.000,0.000,0.0000
1525.380,-63.376,37.142,0.351,2.089,32.854,34.322,1.000,0.000,0.0000
1525.390,-63.355,37.139,0.351,2.126,32.875,34.342,1.000,0.000,0.0000
1525.400,-63.333,37.135,0.351,2.163,32.897,34.362,1.000,0.000,0.0000
1525.410,-63.311,37.132,0.351,2.200,32.919,34.383,1.000,0.000,0.0000
1525.420,-63.289,37.128,0.351,2.238,32.941,34.405,1.000,0.000,0.0000
1525.430,-63.266,37.124,0.351,2.277,32.964,34.426,1.000,0.000,0.0000
1525.440,-63.243,37.120,0.351,2.316,32.987,34.448,1.000,0.000,0.0000
1525.450,-63.220,37.116,0.351,2.355,33.011,34.471,1.000,0.000,0.0000
1525.460,-63.196,37.112,0.351,2.394,33.034,34.493,1.000,0.000,0.0000
1525.470,-63.171,37.108,0.351,2.433,33.059,34.516,1.000,0.000,0.0000
1525.480,-63.147,37.104,0.351,2.473,33.084,34.540,1.000,0.000,0.0000
1525.490,-63.121,37.100,0.351,2.512,33.109,34.564,1.000,0.000,0.0000
1525.500,-63.096,37.096,0.351,2.551,33.134,34.588,1.000,0.000,0.0000
1525.510,-63.070,37.092,0.351,2.591,33.160,34.613,1.000,0.000,0.0000
1525.520,-63.044,37.087,0.351,2.630,33.186,34.638,1.000,0.000,0.0000
1525.530,-63.017,37.083,0.351,2.669,33.213,34.663,1.000,0.000,0.0000
1525.540,-62.990,37.078,0.350,2.709,33.240,34.689,1.000,0.000,0.0000
1525.550,-62.962,37.074,0.350,2.748,33.268,34.715,1.000,0.000,0.0000
1525.560,-62.935,37.069,0.350,2.787,33.296,34.742,1.000,0.000,0.0000
1525.570,-62.906,37.064,0.350,2.826,33.324,34.769,1.000,0.000,0.0000
1525.580,-62.878,37.060,0.350,2.862,33.352,34.796,1.000,0.000,0.0000
1525.590,-62.849,37.055,0.350,2.901,33.381,34.824,1.000,0.000,0.0000
1525.600,-62.819,37.050,0.350,2.940,33.411,34.852,1.000,0.000,0.0000
1525.610,-62.789,37.045,0.350,2.981,33.441,34.880,1.000,0.000,0.0000
1525.620,-62.759,37.040,0.350,3.021,33.471,34.909,1.000,0.000,0.0000
1525.630,-62.729,37.035,0.350,3.062,33.501,34.938,1.000,0.000,0.0000
1525.640,-62.698,37.029,0.350,3.102,33.532,34.968,1.000,0.000,0.0000
1525.650,-62.666,37.024,0.350,3.141,33.564,34.997,1.000,0.000,0.0000
1525.660,-62.634,37.019,0.350,3.181,33.596,35.028,1.000,0.000,0.0000
1525.670,-62.602,37.013,0.350,3.220,33.628,35.058,1.000,0.000,0.0000
1525.680,-62.570,37.008,0.350,3.259,33.660,35.089,0.940,0.000,0.0000
1525.690,-62.537,37.002,0.350,3.298,33.693,35.121,0.880,0.000,0.0000
1525.700,-62.503,36.997,0.350,3.337,33.727,35.153,0.820,0.000,0.0000
1525.710,-62.469,36.991,0.350,3.376,33.761,35.185,0.760,0.000,0.0000
1525.720,-62.435,36.985,0.350,3.414,33.795,35.217,0.700,0.000,0.0000
1525.730,-62.401,36.979,0.350,3.454,33.829,35.250,0.640,0.000,0.0000
1525.740,-62.366,36.974,0.350,3.495,33.864,35.284,0.580,0.000,0.0000
1525.750,-62.330,36.968,0.350,3.535,33.900,35.317,0.520,0.000,0.0000
1525.760,-62.295,36.961,0.350,3.574,33.935,35.351,0.460,0.000,0.0000
1525.770,-62.259,36.955,0.350,3.611,33.971,35.386,0.400,0.000,0.0000
1525.780,-62.222,36.949,0.350,3.648,34.008,35.421,0.340,0.000,0.0000
1525.790,-62.185,36.943,0.350,3.685,34.045,35.456,0.280,0.000,0.0000
1525.800,-62.148,36.937,0.350,3.698,34.082,35.491,0.220,0.000,0.0000
1525.810,-62.111,36.930,0.350,3.688,34.119,35.526,0.160,0.000,0.0000
1525.820,-62.075,36.924,0.351,3.664,34.155,35.561,0.100,0.000,0.0000
1525.830,-62.039,36.918,0.351,3.629,34.192,35.595,0.040,0.000,0.0000
1525.840,-62.003,36.912,0.352,3.591,34.227,35.629,0.000,0.000,0.0000
1525.850,-61.967,36.906,0.353,3.550,34.263,35.663,0.000,0.000,0.0000
1525.860,-61.932,36.900,0.354,3.510,34.298,35.696,0.000,0.000,0.0000
1525.870,-61.897,36.894,0.355,3.470,34.333,35.729,0.000,0.000,0.0000
1525.880,-61.863,36.888,0.356,3.431,34.367,35.762,0.000,0.000,0.0000
1525.890,-61.829,36.882,0.357,3.390,34.401,35.794,0.000,0.000,0.0000
1525.900,-61.796,36.876,0.358,3.349,34.434,35.825,0.000,0.000,0.0000
1525.910,-61.763,36.871,0.359,3.307,34.467,35.856,0.000,0.000,0.0000
1525.920,-61.730,36.865,0.360,3.266,34.500,35.887,0.000,0.000,0.0000
1525.930,-61.698,36.860,0.361,3.224,34.532,35.918,0.000,0.000,0.0000
1525.940,-61.666,36.854,0.362,3.183,34.564,35.948,0.000,0.000,0.0000
1525.950,-61.635,36.849,0.363,3.142,34.596,35.977,0.000,0.000,0.0000
1525.960,-61.604,36.844,0.364,3.102,34.627,36.007,0.000,0.000,0.0000
1525.970,-61.573,36.839,0.365,3.061,34.657,36.036,0.000,0.000,0.0000
1525.980,-61.543,36.834,0.366,3.022,34.687,36.064,0.000,0.000,0.0000
1525.990,-61.513,36.829,0.367,2.982,34.717,36.093,0.000,0.000,0.0000
1526.000,-61.484,36.824,0.367,2.942,34.747,36.121,0.000,0.000,0.0000
1526.010,-61.454,36.819,0.368,2.903,34.776,36.148,0.000,0.000,0.0000
1526.020,-61.426,36.814,0.368,2.862,34.804,36.175,0.040,0.000,0.0000
1526.030,-61.398,36.809,0.369,2.822,34.832,36.202,0.080,0.000,0.0000
1526.040,-61.370,36.805,0.369,2.781,34.860,36.229,0.120,0.000,0.0000
1526.050,-61.342,36.800,0.369,2.740,34.888,36.255,0.160,0.000,0.0000
1526.060,-61.315,36.796,0.369,2.699,34.915,36.281,0.200,0.000,0.0000
1526.070,-61.289,36.791,0.369,2.658,34.941,36.306,0.240,0.000,0.0000
1526.080,-61.263,36.787,0.369,2.632,34.968,36.331,0.280,0.000,0.0000
1526.090,-61.236,36.783,0.368,2.630,34.994,36.357,0.320,0.000,0.0000
1526.100,-61.210,36.778,0.368,2.650,35.020,36.382,0.360,0.000,-0.0080
1526.110,-61.183,36.774,0.367,2.682,35.047,36.408,0.400,0.000,-0.0160
1526.120,-61.156,36.769,0.366,2.722,35.074,36.434,0.440,0.000,-0.0240
1526.130,-61.128,36.765,0.365,2.764,35.102,36.461,0.480,0.000,-0.0320
1526.140,-61.100,36.760,0.364,2.806,35.130,36.488,0.520,0.000,-0.0400
1526.150,-61.072,36.756,0.363,2.845,35.158,36.516,0.560,0.000,-0.0480
1526.160,-61.043,36.751,0.361,2.878,35.187,36.544,0.600,0.000,-0.0560
1526.170,-61.014,36.746,0.360,2.910,35.216,36.572,0.640,0.000,-0.0640
1526.180,-60.984,36.741,0.358,2.944,35.246,36.600,0.680,0.000,-0.0720
1526.190,-60.955,36.737,0.357,2.980,35.275,36.629,0.720,0.000,-0.0800
1526.200,-60.925,36.732,0.355,3.018,35.305,36.659,0.760,0.000,-0.0880
1526.210,-60.894,36.727,0.354,3.057,35.336,36.688,0.700,0.000,-0.0960
1526.220,-60.863,36.722,0.352,3.097,35.367,36.718,0.640,0.000,-0.1040
1526.230,-60.832,36.717,0.351,3.134,35.398,36.749,0.580,0.000,-0.1120
1526.240,-60.800,36.712,0.350,3.168,35.430,36.779,0.520,0.000,-0.1200
1526.250,-60.768,36.707,0.349,3.199,35.462,36.810,0.460,0.000,-0.1280
1526.260,-60.736,36.701,0.348,3.228,35.494,36.841,0.400,0.000,-0.1360
1526.270,-60.703,36.696,0.347,3.257,35.527,36.873,0.340,0.000,-0.1440
1526.280,-60.670,36.691,0.346,3.286,35.560,36.904,0.280,0.000,-0.1520
1526.290,-60.638,36.685,0.346,3.293,35.592,36.936,0.220,0.000,-0.1600
1526.300,-60.605,36.680,0.345,3.282,35.625,36.968,0.160,0.000,-0.1680
1526.310,-60.572,36.675,0.345,3.259,35.658,36.999,0.100,0.000,-0.1760
1526.320,-60.540,36.670,0.346,3.226,35.690,37.030,0.040,0.000,-0.1840
1526.330,-60.508,36.665,0.346,3.179,35.722,37.060,0.000,0.000,-0.1920
1526.340,-60.477,36.660,0.347,3.143,35.753,37.090,0.000,0.000,-0.2000
1526.350,-60.446,36.655,0.348,3.094,35.784,37.119,0.000,0.000,-0.2080
1526.360,-60.415,36.651,0.349,3.048,35.815,37.148,0.000,0.000,-0.2160
1526.370,-60.385,36.646,0.350,3.007,35.845,37.176,0.000,0.000,-0.2240
1526.380,-60.356,36.642,0.352,2.968,35.874,37.204,0.000,0.000,-0.2320
1526.390,-60.326,36.638,0.353,2.931,35.904,37.232,0.000,0.000,-0.2400
1526.400,-60.297,36.634,0.355,2.925,35.933,37.260,0.000,0.000,-0.2480
1526.410,-60.268,36.630,0.356,2.937,35.962,37.287,0.000,0.000,-0.2560
1526.420,-60.239,36.626,0.357,2.918,35.991,37.315,0.000,0.000,-0.2640
1526.430,-60.210,36.622,0.359,2.860,36.020,37.342,0.000,0.000,-0.2720
1526.440,-60.182,36.618,0.360,2.856,36.049,37.369,0.000,0.000,-0.2800
1526.450,-60.154,36.614,0.361,2.800,36.077,37.395,0.000,0.000,-0.2880
1526.460,-60.126,36.610,0.362,2.791,36.104,37.422,0.000,0.000,-0.2960
1526.470,-60.098,36.606,0.363,2.722,36.132,37.447,0.000,0.000,-0.3040
1526.480,-60.071,36.602,0.364,2.709,36.159,37.473,0.000,0.000,-0.3120
1526.490,-60.045,36.599,0.365,2.638,36.185,37.498,0.000,0.000,-0.3200
1526.500,-60.019,36.595,0.366,2.561,36.211,37.522,0.000,0.000,-0.3280
1526.510,-59.995,36.592,0.367,2.490,36.235,37.546,0.000,0.000,-0.3360
1526.520,-59.970,36.589,0.368,2.426,36.260,37.569,0.000,0.000,-0.3440
1526.530,-59.947,36.586,0.369,2.368,36.283,37.591,0.000,0.000,-0.3520
1526.540,-59.924,36.583,0.370,2.313,36.307,37.613,0.000,0.000,-0.3600
1526.550,-59.901,36.580,0.370,2.262,36.329,37.635,0.000,0.000,-0.3680
1526.560,-59.879,36.578,0.371,2.212,36.351,37.656,0.000,0.000,-0.3760
1526.570,-59.857,36.575,0.371,2.163,36.373,37.677,0.000,0.000,-0.3840
1526.580,-59.836,36.573,0.372,2.115,36.394,37.697,0.000,0.000,-0.3920
1526.590,-59.815,36.570,0.372,2.067,36.415,37.717,0.000,0.000,-0.4000
1526.600,-59.795,36.568,0.372,2.019,36.435,37.736,0.000,0.000,-0.4080
1526.610,-59.775,36.566,0.372,1.972,36.455,37.755,0.000,0.000,-0.4160
1526.620,-59.756,36.564,0.372,1.929,36.474,37.773,0.000,0.000,-0.4240
1526.630,-59.737,36.562,0.372,1.889,36.493,37.792,0.000,0.000,-0.4320
1526.640,-59.719,36.560,0.371,1.852,36.511,37.809,0.000,0.000,-0.4400
1526.650,-59.701,36.558,0.371,1.830,36.530,37.827,0.000,0.000,-0.4480
1526.660,-59.682,36.557,0.370,1.807,36.548,37.845,0.000,0.000,-0.4560
1526.670,-59.665,36.555,0.370,1.783,36.565,37.862,0.000,0.000,-0.4640
1526.680,-59.647,36.553,0.369,1.758,36.583,37.879,0.000,0.000,-0.4720
1526.690,-59.630,36.552,0.368,1.731,36.600,37.896,0.000,0.000,-0.4800
1526.700,-59.613,36.550,0.367,1.702,36.617,37.912,0.000,0.000,-0.4880
1526.710,-59.596,36.549,0.367,1.670,36.634,37.929,0.040,0.000,-0.4960
1526.720,-59.580,36.548,0.366,1.636,36.650,37.944,0.080,0.000,-0.5000
1526.730,-59.564,36.547,0.365,1.600,36.666,37.960,0.120,0.000,-0.5000
1526.740,-59.548,36.545,0.364,1.565,36.682,37.975,0.160,0.000,-0.5000
1526.750,-59.533,36.544,0.364,1.539,36.697,37.990,0.200,0.000,-0.5000
1526.760,-59.517,36.543,0.363,1.533,36.713,38.005,0.240,0.000,-0.5000
1526.770,-59.502,36.542,0.362,1.544,36.728,38.020,0.280,0.000,-0.5000
1526.780,-59.486,36.541,0.361,1.568,36.744,38.035,0.320,0.000,-0.5000
1526.790,-59.470,36.540,0.360,1.599,36.760,38.051,0.360,0.000,-0.5000
1526.800,-59.454,36.539,0.359,1.634,36.776,38.067,0.400,0.000,-0.5000
1526.810,-59.437,36.538,0.358,1.670,36.793,38.083,0.440,0.000,-0.5000
1526.820,-59.420,36.537,0.357,1.706,36.810,38.100,0.480,0.000,-0.5000
1526.830,-59.403,36.536,0.356,1.742,36.827,38.117,0.520,0.000,-0.5000
1526.840,-59.385,36.536,0.355,1.775,36.845,38.134,0.560,0.000,-0.5000
1526.850,-59.367,36.535,0.354,1.807,36.863,38.152,0.600,0.000,-0.5000
1526.860,-59.349,36.534,0.353,1.839,36.881,38.170,0.640,0.000,-0.5000
1526.870,-59.330,36.533,0.352,1.871,36.900,38.188,0.680,0.000,-0.5000
1526.880,-59.311,36.533,0.351,1.904,36.919,38.206,0.720,0.000,-0.5000
1526.890,-59.292,36.532,0.350,1.937,36.938,38.225,0.760,0.000,-0.5000
1526.900,-59.272,36.531,0.350,1.971,36.958,38.244,0.800,0.000,-0.5000
1526.910,-59.252,36.531,0.349,2.005,36.978,38.264,0.840,0.000,-0.5000
1526.920,-59.232,36.530,0.349,2.040,36.998,38.283,0.880,0.000,-0.4700
1526.930,-59.211,36.530,0.348,2.066,37.019,38.303,0.920,0.000,-0.4400
1526.940,-59.190,36.530,0.348,2.085,37.040,38.323,0.960,0.000,-0.4100
1526.950,-59.169,36.529,0.348,2.101,37.061,38.344,1.000,0.000,-0.3800
1526.960,-59.148,36.529,0.348,2.118,37.082,38.364,1.000,0.000,-0.3500
1526.970,-59.127,36.529,0.348,2.137,37.103,38.385,1.000,0.000,-0.3200
1526.980,-59.105,36.529,0.348,2.161,37.125,38.405,1.000,0.000,-0.2900
1526.990,-59.083,36.529,0.348,2.188,37.147,38.426,1.000,0.000,-0.2600
1527.000,-59.061,36.529,0.348,2.219,37.169,38.447,1.000,0.000,-0.2300
1527.010,-59.038,36.529,0.349,2.268,37.192,38.469,1.000,0.000,-0.2000
1527.020,-59.015,36.530,0.349,2.318,37.215,38.491,1.000,0.000,-0.1700
1527.030,-58.991,36.530,0.349,2.368,37.239,38.514,1.000,0.000,-0.1400
1527.040,-58.967,36.530,0.349,2.418,37.263,38.537,1.000,0.000,-0.1100
1527.050,-58.943,36.531,0.349,2.468,37.287,38.561,1.000,0.000,-0.0800
1527.060,-58.917,36.531,0.350,2.518,37.313,38.585,1.000,0.000,-0.0500
1527.070,-58.892,36.532,0.350,2.567,37.338,38.610,1.000,0.000,-0.0200
1527.080,-58.866,36.532,0.350,2.617,37.365,38.635,1.000,0.000,0.0000
1527.090,-58.839,36.533,0.350,2.669,37.391,38.660,1.000,0.000,0.0000
1527.100,-58.812,36.534,0.350,2.731,37.419,38.687,1.000,0.000,0.0000
1527.110,-58.784,36.535,0.350,2.800,37.447,38.714,1.000,0.000,0.0000
1527.120,-58.755,36.535,0.350,2.872,37.475,38.741,1.000,0.000,0.0000
1527.130,-58.725,36.536,0.349,2.944,37.505,38.770,1.000,0.000,0.0000
1527.140,-58.695,36.537,0.349,3.013,37.535,38.799,1.000,0.000,0.0000
1527.150,-58.664,36.539,0.349,3.078,37.566,38.828,1.000,0.000,0.0000
1527.160,-58.633,36.540,0.349,3.140,37.597,38.859,1.000,0.000,0.0000
1527.170,-58.601,36.541,0.348,3.201,37.629,38.890,1.000,0.000,0.0000
1527.180,-58.568,36.542,0.348,3.257,37.662,38.921,1.000,0.000,0.0000
1527.190,-58.535,36.543,0.348,3.307,37.695,38.953,1.000,0.000,0.0000
1527.200,-58.502,36.545,0.347,3.354,37.728,38.985,1.000,0.000,0.0000
1527.210,-58.468,36.546,0.347,3.399,37.762,39.018,1.000,0.000,0.0000
1527.220,-58.433,36.548,0.347,3.441,37.797,39.051,1.000,0.000,0.0000
1527.230,-58.399,36.549,0.347,3.483,37.831,39.085,1.000,0.000,0.0000
1527.240,-58.363,36.551,0.347,3.540,37.867,39.119,1.000,0.000,0.0000
1527.250,-58.327,36.552,0.347,3.594,37.903,39.153,1.000,0.000,0.0000
1527.260,-58.291,36.554,0.347,3.644,37.939,39.188,1.000,0.000,0.0000
1527.270,-58.254,36.556,0.347,3.689,37.976,39.224,1.000,0.000,0.0000
1527.280,-58.217,36.557,0.347,3.732,38.013,39.260,1.000,0.000,0.0000
1527.290,-58.179,36.559,0.347,3.773,38.051,39.296,1.000,0.000,0.0000
1527.300,-58.141,36.561,0.347,3.813,38.089,39.333,1.000,0.000,0.0000
1527.310,-58.102,36.563,0.347,3.853,38.128,39.370,1.000,0.000,0.0000
1527.320,-58.063,36.564,0.347,3.893,38.167,39.407,1.000,0.000,0.0000
1527.330,-58.024,36.566,0.347,3.932,38.206,39.445,1.000,0.000,0.0000
1527.340,-57.984,36.568,0.348,3.972,38.246,39.483,1.000,0.000,0.0000
1527.350,-57.944,36.570,0.348,4.012,38.286,39.522,1.000,0.000,0.0000
1527.360,-57.904,36.572,0.348,4.051,38.326,39.561,1.000,0.000,0.0000
1527.370,-57.863,36.574,0.348,4.091,38.367,39.600,1.000,0.000,0.0000
1527.380,-57.821,36.576,0.349,4.130,38.409,39.640,1.000,0.000,0.0000
1527.390,-57.780,36.578,0.349,4.170,38.450,39.680,1.000,0.000,0.0000
1527.400,-57.738,36.580,0.349,4.209,38.492,39.720,0.940,0.000,0.0000
1527.410,-57.695,36.582,0.350,4.247,38.535,39.761,0.880,0.000,0.0000
1527.420,-57.652,36.584,0.350,4.286,38.578,39.802,0.820,0.000,0.0000
1527.430,-57.609,36.586,0.350,4.324,38.621,39.844,0.860,0.000,0.0000
1527.440,-57.565,36.588,0.350,4.362,38.665,39.886,0.900,0.000,0.0000
1527.450,-57.521,36.590,0.350,4.399,38.709,39.928,0.940,0.000,0.0000
1527.460,-57.477,36.592,0.351,4.430,38.753,39.971,0.980,0.000,0.0000
1527.470,-57.433,36.595,0.351,4.469,38.798,40.014,1.000,0.000,0.0000
1527.480,-57.387,36.597,0.351,4.508,38.843,40.057,1.000,0.000,0.0000
1527.490,-57.342,36.599,0.350,4.542,38.888,40.101,1.000,0.000,0.0000
1527.500,-57.296,36.601,0.348,4.576,38.934,40.146,1.000,0.000,0.0000
1527.510,-57.250,36.603,0.345,4.610,38.980,40.191,1.000,0.000,0.0000
1527.520,-57.204,36.605,0.341,4.641,39.026,40.237,1.000,0.000,0.0000
1527.530,-57.157,36.607,0.337,4.672,39.073,40.283,1.000,0.000,0.0000
1527.540,-57.111,36.609,0.333,4.700,39.119,40.329,1.000,0.000,0.0000
1527.550,-57.063,36.611,0.329,4.736,39.167,40.375,1.000,0.000,0.0000
1527.560,-57.016,36.613,0.325,4.775,39.214,40.422,1.000,0.000,0.0000
1527.570,-56.968,36.616,0.321,4.817,39.262,40.470,1.000,0.000,0.0000
1527.580,-56.919,36.618,0.317,4.860,39.311,40.518,1.000,0.000,0.0000
1527.590,-56.871,36.621,0.314,4.904,39.359,40.566,1.000,0.000,0.0000
1527.600,-56.821,36.623,0.310,4.948,39.409,40.614,1.000,0.000,0.0000
1527.610,-56.771,36.625,0.307,4.991,39.459,40.663,1.000,0.000,0.0000
1527.620,-56.721,36.628,0.304,5.035,39.509,40.712,1.000,0.000,0.0000
1527.630,-56.670,36.630,0.301,5.078,39.560,40.762,1.000,0.000,0.0000
1527.640,-56.619,36.633,0.299,5.121,39.611,40.812,1.000,0.000,0.0000
1527.650,-56.568,36.635,0.297,5.163,39.662,40.862,1.000,0.000,0.0000
1527.660,-56.516,36.638,0.296,5.206,39.714,40.913,1.000,0.000,0.0000
1527.670,-56.463,36.641,0.294,5.248,39.767,40.964,1.000,0.000,0.0000
1527.680,-56.410,36.643,0.294,5.289,39.820,41.015,1.000,0.000,0.0000
1527.690,-56.357,36.646,0.293,5.325,39.873,41.067,1.000,0.000,0.0000
1527.700,-56.303,36.649,0.293,5.362,39.927,41.118,1.000,0.000,0.0000
1527.710,-56.249,36.651,0.293,5.400,39.981,41.171,1.000,0.000,0.0000
1527.720,-56.195,36.654,0.293,5.441,40.035,41.223,1.000,0.000,0.0000
1527.730,-56.140,36.657,0.294,5.482,40.090,41.276,1.000,0.000,0.0000
1527.740,-56.085,36.660,0.294,5.524,40.145,41.329,1.000,0.000,0.0000
1527.750,-56.029,36.663,0.295,5.566,40.201,41.382,1.000,0.000,0.0000
1527.760,-55.973,36.666,0.297,5.605,40.257,41.436,1.000,0.000,0.0000
1527.770,-55.917,36.669,0.298,5.646,40.313,41.490,1.000,0.000,0.0000
1527.780,-55.860,36.672,0.299,5.688,40.370,41.545,1.000,0.000,0.0000
1527.790,-55.803,36.675,0.300,5.733,40.427,41.600,1.000,0.000,0.0000
1527.800,-55.745,36.678,0.302,5.778,40.485,41.656,1.000,0.000,0.0000
1527.810,-55.687,36.681,0.303,5.823,40.543,41.711,1.000,0.000,0.0000
1527.820,-55.628,36.684,0.305,5.868,40.602,41.768,0.940,0.000,0.0000
1527.830,-55.569,36.687,0.306,5.913,40.661,41.825,0.880,0.000,0.0000
1527.840,-55.509,36.690,0.307,5.956,40.721,41.882,0.820,0.000,0.0000
1527.850,-55.449,36.693,0.309,5.999,40.781,41.939,0.760,0.000,0.0000
1527.860,-55.389,36.697,0.310,6.040,40.841,41.998,0.700,0.000,0.0000
1527.870,-55.328,36.700,0.311,6.080,40.902,42.056,0.640,0.000,0.0000
1527.880,-55.267,36.703,0.312,6.119,40.963,42.115,0.580,0.000,0.0000
1527.890,-55.205,36.706,0.313,6.156,41.025,42.174,0.520,0.000,0.0000
1527.900,-55.144,36.709,0.314,6.163,41.086,42.234,0.460,0.000,0.0000
1527.910,-55.082,36.713,0.315,6.151,41.148,42.293,0.400,0.000,0.0000
1527.920,-55.021,36.716,0.315,6.125,41.209,42.352,0.340,0.000,0.0000
1527.930,-54.960,36.719,0.316,6.091,41.270,42.411,0.280,0.000,0.0000
1527.940,-54.900,36.722,0.317,6.053,41.330,42.469,0.220,0.000,0.0000
1527.950,-54.840,36.725,0.318,6.006,41.390,42.527,0.260,0.000,0.0000
1527.960,-54.780,36.728,0.319,5.962,41.450,42.584,0.300,0.000,0.0000
1527.970,-54.721,36.731,0.320,5.921,41.509,42.641,0.340,0.000,0.0000
1527.980,-54.662,36.734,0.321,5.882,41.568,42.698,0.380,0.000,0.0000
1527.990,-54.603,36.736,0.322,5.846,41.627,42.754,0.420,0.000,0.0000
1528.000,-54.545,36.739,0.323,5.810,41.685,42.810,0.460,0.000,0.0000
1528.010,-54.488,36.742,0.324,5.774,41.742,42.866,0.500,0.000,0.0000
1528.020,-54.430,36.745,0.325,5.738,41.800,42.922,0.540,0.000,0.0000
1528.030,-54.373,36.747,0.325,5.724,41.857,42.977,0.580,0.000,0.0000
1528.040,-54.316,36.750,0.326,5.731,41.914,43.032,0.620,0.000,0.0000
1528.050,-54.258,36.753,0.326,5.751,41.972,43.088,0.660,0.000,0.0000
1528.060,-54.200,36.756,0.326,5.781,42.030,43.144,0.700,0.000,0.0000
1528.070,-54.142,36.759,0.326,5.816,42.088,43.200,0.740,0.000,0.0000
1528.080,-54.084,36.762,0.325,5.853,42.146,43.257,0.780,0.000,0.0000
1528.090,-54.025,36.765,0.324,5.891,42.205,43.314,0.820,0.000,0.0000
1528.100,-53.966,36.768,0.324,5.925,42.264,43.372,0.860,0.000,0.0000
1528.110,-53.906,36.771,0.323,5.955,42.324,43.430,0.900,0.000,0.0000
1528.120,-53.846,36.774,0.322,5.987,42.384,43.488,0.940,0.000,0.0000
1528.130,-53.786,36.777,0.320,6.021,42.444,43.547,0.980,0.000,0.0000
1528.140,-53.725,36.780,0.319,6.057,42.505,43.606,1.000,0.000,0.0000
1528.150,-53.665,36.784,0.318,6.087,42.565,43.665,1.000,0.000,0.0000
1528.160,-53.603,36.787,0.317,6.120,42.627,43.725,1.000,0.000,0.0000
1528.170,-53.542,36.790,0.316,6.158,42.688,43.785,1.000,0.000,0.0000
1528.180,-53.480,36.794,0.314,6.200,42.750,43.845,1.000,0.000,0.0000
1528.190,-53.417,36.797,0.313,6.244,42.813,43.906,1.000,0.000,0.0000
1528.200,-53.354,36.801,0.312,6.290,42.876,43.967,1.000,0.000,0.0000
1528.210,-53.291,36.804,0.311,6.337,42.939,44.029,1.000,0.000,0.0000
1528.220,-53.227,36.808,0.310,6.384,43.003,44.091,1.000,0.000,0.0000
1528.230,-53.163,36.811,0.309,6.430,43.067,44.154,1.000,0.000,0.0000
1528.240,-53.098,36.815,0.308,6.475,43.132,44.217,1.000,0.000,0.0000
1528.250,-53.033,36.819,0.307,6.519,43.197,44.280,1.000,0.000,0.0000
1528.260,-52.967,36.822,0.306,6.563,43.263,44.344,1.000,0.000,0.0000
1528.270,-52.901,36.826,0.306,6.605,43.329,44.409,1.000,0.000,0.0000
1528.280,-52.835,36.829,0.305,6.646,43.395,44.473,1.000,0.000,0.0000
1528.290,-52.768,36.833,0.305,6.680,43.462,44.538,1.000,0.000,0.0000
1528.300,-52.701,36.837,0.305,6.716,43.529,44.603,1.000,0.000,0.0000
1528.310,-52.633,36.840,0.304,6.754,43.597,44.669,1.000,0.000,0.0000
1528.320,-52.566,36.844,0.304,6.793,43.664,44.735,1.000,0.000,0.0000
1528.330,-52.497,36.848,0.304,6.833,43.733,44.801,1.000,0.000,0.0000
1528.340,-52.428,36.851,0.305,6.869,43.802,44.868,1.000,0.000,0.0000
1528.350,-52.359,36.855,0.305,6.908,43.871,44.935,1.000,0.000,0.0000
1528.360,-52.290,36.858,0.305,6.951,43.940,45.002,1.000,0.000,0.0000
1528.370,-52.220,36.862,0.305,6.996,44.010,45.070,1.000,0.000,0.0000
1528.380,-52.150,36.866,0.306,7.043,44.080,45.139,1.000,0.000,0.0000
1528.390,-52.079,36.869,0.306,7.090,44.151,45.207,1.000,0.000,0.0000
1528.400,-52.007,36.873,0.307,7.136,44.223,45.277,1.000,0.000,0.0000
1528.410,-51.935,36.877,0.307,7.181,44.295,45.346,1.000,0.000,0.0000
1528.420,-51.863,36.880,0.307,7.225,44.367,45.416,1.000,0.000,0.0000
1528.430,-51.791,36.884,0.308,7.267,44.439,45.487,1.000,0.000,0.0000
1528.440,-51.717,36.888,0.308,7.308,44.513,45.558,1.000,0.000,0.0000
1528.450,-51.644,36.892,0.309,7.346,44.586,45.629,1.000,0.000,0.0000
1528.460,-51.570,36.895,0.309,7.377,44.660,45.701,1.000,0.000,0.0000
1528.470,-51.496,36.899,0.310,7.410,44.734,45.773,1.000,0.000,0.0000
1528.480,-51.422,36.903,0.310,7.444,44.808,45.845,1.000,0.000,0.0000
1528.490,-51.347,36.907,0.310,7.480,44.883,45.918,1.000,0.000,0.0000
1528.500,-51.272,36.911,0.311,7.517,44.958,45.991,1.000,0.000,0.0000
1528.510,-51.196,36.915,0.311,7.551,45.034,46.064,1.000,0.000,0.0000
1528.520,-51.120,36.919,0.311,7.588,45.110,46.138,1.000,0.000,0.0000
1528.530,-51.044,36.924,0.312,7.629,45.186,46.212,1.000,0.000,0.0000
1528.540,-50.967,36.928,0.312,7.673,45.263,46.286,1.000,0.000,0.0000
1528.550,-50.890,36.932,0.312,7.718,45.340,46.362,1.000,0.000,0.0000
1528.560,-50.812,36.936,0.312,7.764,45.418,46.437,1.000,0.000,0.0000
1528.570,-50.734,36.941,0.312,7.808,45.496,46.513,1.000,0.000,0.0000
1528.580,-50.656,36.945,0.312,7.851,45.574,46.589,1.000,0.000,0.0000
1528.590,-50.577,36.950,0.312,7.892,45.653,46.666,1.000,0.000,0.0000
1528.600,-50.498,36.954,0.312,7.931,45.732,46.743,1.000,0.000,0.0000
1528.610,-50.418,36.959,0.312,7.962,45.812,46.821,1.000,0.000,0.0000
1528.620,-50.338,36.963,0.312,7.995,45.892,46.899,1.000,0.000,0.0000
1528.630,-50.258,36.968,0.312,8.029,45.972,46.977,1.000,0.000,0.0000
1528.640,-50.177,36.972,0.312,8.066,46.053,47.056,1.000,0.000,0.0000
1528.650,-50.096,36.977,0.312,8.103,46.134,47.135,1.000,0.000,0.0000
1528.660,-50.015,36.981,0.312,8.137,46.215,47.214,1.000,0.000,0.0000
1528.670,-49.933,36.986,0.312,8.176,46.297,47.293,1.000,0.000,0.0000
1528.680,-49.851,36.990,0.311,8.218,46.379,47.374,1.000,0.000,0.0000
1528.690,-49.768,36.994,0.311,8.264,46.462,47.454,1.000,0.000,0.0000
1528.700,-49.685,36.999,0.311,8.311,46.545,47.535,1.000,0.000,0.0000
1528.710,-49.601,37.003,0.311,8.358,46.629,47.617,1.000,0.000,0.0000
1528.720,-49.517,37.008,0.311,8.403,46.713,47.699,1.000,0.000,0.0000
1528.730,-49.433,37.012,0.310,8.447,46.797,47.781,1.000,0.000,0.0000
1528.740,-49.348,37.017,0.310,8.488,46.882,47.864,1.000,0.000,0.0000
1528.750,-49.263,37.021,0.310,8.527,46.967,47.947,1.000,0.000,0.0000
1528.760,-49.177,37.026,0.310,8.559,47.053,48.030,1.000,0.000,0.0000
1528.770,-49.091,37.030,0.310,8.592,47.139,48.114,1.000,0.000,0.0000
1528.780,-49.005,37.035,0.310,8.627,47.225,48.198,1.000,0.000,0.0000
1528.790,-48.918,37.040,0.310,8.663,47.312,48.283,1.000,0.000,0.0000
1528.800,-48.831,37.045,0.310,8.695,47.399,48.367,1.000,0.000,0.0000
1528.810,-48.744,37.049,0.310,8.733,47.486,48.453,1.000,0.000,0.0000
1528.820,-48.656,37.054,0.310,8.775,47.574,48.538,1.000,0.000,0.0000
1528.830,-48.568,37.059,0.310,8.821,47.662,48.624,1.000,0.000,0.0000
1528.840,-48.479,37.064,0.310,8.869,47.751,48.711,1.000,0.000,0.0000
1528.850,-48.390,37.069,0.309,8.916,47.840,48.798,1.000,0.000,0.0000
1528.860,-48.301,37.074,0.309,8.962,47.929,48.885,1.000,0.000,0.0000
1528.870,-48.211,37.079,0.309,9.005,48.019,48.973,1.000,0.000,0.0000
1528.880,-48.120,37.084,0.309,9.045,48.110,49.061,1.000,0.000,0.0000
1528.890,-48.029,37.089,0.309,9.077,48.201,49.150,1.000,0.000,0.0000
1528.900,-47.938,37.095,0.309,9.110,48.292,49.239,1.000,0.000,0.0000
1528.910,-47.847,37.100,0.310,9.145,48.383,49.328,1.000,0.000,0.0000
1528.920,-47.755,37.105,0.310,9.181,48.475,49.418,1.000,0.000,0.0000
1528.930,-47.663,37.110,0.310,9.213,48.567,49.508,1.000,0.000,0.0000
1528.940,-47.570,37.115,0.310,9.248,48.660,49.598,1.000,0.000,0.0000
1528.950,-47.478,37.120,0.310,9.292,48.752,49.689,1.000,0.000,0.0000
1528.960,-47.384,37.126,0.310,9.339,48.846,49.780,1.000,0.000,0.0000
1528.970,-47.290,37.131,0.310,9.388,48.940,49.872,1.000,0.000,0.0000
1528.980,-47.196,37.136,0.310,9.436,49.034,49.964,1.000,0.000,0.0000
1528.990,-47.101,37.141,0.310,9.482,49.129,50.056,1.000,0.000,0.0000
1529.000,-47.006,37.146,0.310,9.525,49.224,50.149,1.000,0.000,0.0000
1529.010,-46.910,37.152,0.310,9.565,49.320,50.243,1.000,0.000,0.0000
1529.020,-46.814,37.157,0.310,9.596,49.416,50.337,1.000,0.000,0.0000
1529.030,-46.718,37.162,0.310,9.629,49.512,50.431,1.000,0.000,0.0000
1529.040,-46.621,37.168,0.310,9.663,49.609,50.525,1.000,0.000,0.0080
1529.050,-46.524,37.173,0.310,9.698,49.706,50.620,1.000,0.000,0.0160
1529.060,-46.427,37.178,0.310,9.736,49.803,50.715,1.000,0.000,0.0240
1529.070,-46.329,37.184,0.310,9.782,49.901,50.811,1.000,0.000,0.0320
1529.080,-46.231,37.189,0.310,9.833,49.999,50.907,1.000,0.000,0.0400
1529.090,-46.132,37.195,0.310,9.886,50.098,51.003,1.000,0.000,0.0480
1529.100,-46.033,37.200,0.310,9.941,50.197,51.101,1.000,0.000,0.0560
1529.110,-45.933,37.206,0.310,9.993,50.297,51.198,1.000,0.000,0.0640
1529.120,-45.832,37.212,0.310,10.042,50.398,51.297,1.000,0.000,0.0720
1529.130,-45.731,37.217,0.310,10.087,50.499,51.395,1.000,0.000,0.0800
1529.140,-45.630,37.223,0.310,10.104,50.600,51.494,1.000,0.000,0.0880
1529.150,-45.529,37.228,0.310,10.122,50.701,51.593,1.000,0.000,0.0960
1529.160,-45.428,37.234,0.310,10.145,50.802,51.692,1.000,0.000,0.1040
1529.170,-45.326,37.239,0.310,10.141,50.904,51.792,1.000,0.000,0.0740
1529.180,-45.224,37.244,0.310,10.193,51.006,51.891,1.000,0.000,0.0440
1529.190,-45.122,37.249,0.310,10.236,51.108,51.991,1.000,0.000,0.0140
1529.200,-45.019,37.254,0.310,10.292,51.211,52.092,1.000,0.000,0.0000
1529.210,-44.915,37.259,0.310,10.352,51.315,52.193,1.000,0.000,0.0000
1529.220,-44.811,37.264,0.310,10.406,51.419,52.295,1.000,0.000,0.0000
1529.230,-44.707,37.268,0.310,10.454,51.523,52.398,1.000,0.000,0.0000
1529.240,-44.602,37.272,0.310,10.495,51.628,52.500,1.000,0.000,0.0000
1529.250,-44.497,37.276,0.310,10.523,51.733,52.603,1.000,0.000,0.0000
1529.260,-44.391,37.280,0.310,10.553,51.839,52.707,1.000,0.000,0.0000
1529.270,-44.285,37.284,0.310,10.585,51.945,52.810,1.000,0.000,0.0000
1529.280,-44.179,37.288,0.310,10.619,52.051,52.914,1.000,0.000,0.0000
1529.290,-44.073,37.292,0.310,10.650,52.157,53.019,1.000,0.000,0.0000
1529.300,-43.966,37.296,0.310,10.687,52.264,53.123,1.000,0.000,0.0000
1529.310,-43.858,37.299,0.311,10.728,52.372,53.228,1.000,0.000,0.0000
1529.320,-43.751,37.303,0.311,10.773,52.479,53.334,1.000,0.000,0.0000
1529.330,-43.643,37.307,0.311,10.817,52.587,53.440,1.000,0.000,0.0000
1529.340,-43.534,37.310,0.311,10.860,52.696,53.546,1.000,0.000,0.0000
1529.350,-43.425,37.314,0.311,10.898,52.805,53.653,1.000,0.000,0.0000
1529.360,-43.316,37.318,0.311,10.937,52.914,53.760,1.000,0.000,0.0000
1529.370,-43.206,37.322,0.311,10.977,53.024,53.868,1.000,0.000,0.0000
1529.380,-43.096,37.325,0.310,11.017,53.134,53.976,1.000,0.000,0.0000
1529.390,-42.985,37.329,0.310,11.052,53.245,54.084,1.000,0.000,0.0000
1529.400,-42.874,37.332,0.310,11.085,53.356,54.193,1.000,0.000,0.0000
1529.410,-42.763,37.336,0.311,11.116,53.467,54.302,1.000,0.000,0.0000
1529.420,-42.652,37.339,0.311,11.139,53.578,54.411,1.000,0.000,0.0000
1529.430,-42.540,37.343,0.311,11.155,53.690,54.520,1.000,0.000,0.0000
1529.440,-42.429,37.346,0.311,11.165,53.801,54.630,1.000,0.000,0.0000
1529.450,-42.317,37.350,0.311,11.168,53.913,54.739,1.000,0.000,0.0000
1529.460,-42.205,37.353,0.311,11.162,54.025,54.849,1.000,0.000,0.0000
1529.470,-42.094,37.357,0.312,11.157,54.136,54.958,1.000,0.000,0.0000
1529.480,-41.982,37.360,0.312,11.154,54.248,55.067,1.000,0.000,0.0000
1529.490,-41.871,37.364,0.313,11.153,54.359,55.177,1.000,0.000,0.0000
1529.500,-41.759,37.367,0.313,11.146,54.471,55.286,1.000,0.000,0.0000
1529.510,-41.648,37.371,0.314,11.146,54.582,55.395,1.000,0.000,0.0000
1529.520,-41.536,37.374,0.314,11.149,54.694,55.504,1.000,0.000,0.0000
1529.530,-41.425,37.378,0.315,11.154,54.805,55.614,1.000,0.000,0.0000
1529.540,-41.313,37.382,0.315,11.160,54.917,55.723,1.000,0.000,0.0000
1529.550,-41.201,37.385,0.316,11.163,55.029,55.833,1.000,0.000,0.0000
1529.560,-41.090,37.389,0.316,11.156,55.140,55.942,1.000,0.000,0.0000
1529.570,-40.978,37.393,0.317,11.152,55.252,56.051,1.000,0.000,0.0000
1529.580,-40.867,37.396,0.317,11.149,55.363,56.161,1.000,0.000,0.0000
1529.590,-40.755,37.400,0.318,11.148,55.475,56.270,1.000,0.000,0.0000
1529.600,-40.644,37.403,0.318,11.140,55.586,56.380,1.000,0.000,0.0000
1529.610,-40.533,37.407,0.318,11.137,55.697,56.489,1.000,0.000,0.0000
1529.620,-40.421,37.410,0.319,11.138,55.809,56.598,1.000,0.000,0.0000
1529.630,-40.310,37.414,0.319,11.143,55.920,56.708,1.000,0.000,0.0000
1529.640,-40.198,37.417,0.319,11.149,56.032,56.817,1.000,0.000,0.0000
1529.650,-40.087,37.420,0.319,11.153,56.143,56.926,0.940,0.000,0.0000
1529.660,-39.975,37.424,0.319,11.143,56.255,57.036,0.880,0.000,0.0000
1529.670,-39.864,37.427,0.319,11.114,56.366,57.145,0.820,0.000,0.0000
1529.680,-39.753,37.431,0.320,11.079,56.477,57.254,0.760,0.000,0.0000
1529.690,-39.643,37.434,0.320,11.041,56.587,57.362,0.700,0.000,0.0000
1529.700,-39.533,37.437,0.320,11.001,56.697,57.470,0.740,0.000,0.0000
1529.710,-39.423,37.441,0.320,10.954,56.807,57.578,0.780,0.000,0.0000
1529.720,-39.314,37.444,0.321,10.912,56.916,57.685,0.820,0.000,0.0000
1529.730,-39.206,37.447,0.321,10.875,57.024,57.792,0.860,0.000,0.0000
1529.740,-39.097,37.451,0.321,10.840,57.133,57.898,0.900,0.000,0.0000
1529.750,-38.989,37.454,0.322,10.805,57.241,58.004,0.940,0.000,0.0000
1529.760,-38.881,37.458,0.322,10.770,57.349,58.110,0.980,0.000,0.0000
1529.770,-38.774,37.461,0.322,10.747,57.456,58.216,1.000,0.000,0.0000
1529.780,-38.666,37.465,0.323,10.747,57.564,58.321,1.000,0.000,0.0000
1529.790,-38.559,37.468,0.323,10.766,57.671,58.427,1.000,0.000,0.0000
1529.800,-38.451,37.471,0.323,10.796,57.779,58.533,1.000,0.000,0.0000
1529.810,-38.343,37.475,0.322,10.832,57.887,58.640,1.000,0.000,0.0000
1529.820,-38.234,37.478,0.322,10.865,57.996,58.747,1.000,0.000,0.0000
1529.830,-38.125,37.482,0.321,10.903,58.105,58.854,1.000,0.000,0.0000
1529.840,-38.015,37.485,0.320,10.946,58.215,58.962,1.000,0.000,0.0000
1529.850,-37.905,37.488,0.320,10.991,58.325,59.070,1.000,0.000,0.0000
1529.860,-37.795,37.491,0.319,11.036,58.435,59.179,1.000,0.000,0.0000
1529.870,-37.684,37.495,0.318,11.079,58.546,59.288,1.000,0.000,0.0000
1529.880,-37.573,37.498,0.317,11.108,58.657,59.398,1.000,0.000,0.0000
1529.890,-37.462,37.501,0.316,11.119,58.768,59.507,1.000,0.000,0.0000
1529.900,-37.351,37.505,0.315,11.125,58.879,59.617,1.000,0.000,0.0000
1529.910,-37.240,37.508,0.314,11.127,58.990,59.726,1.000,0.000,0.0000
1529.920,-37.128,37.511,0.313,11.128,59.102,59.836,1.000,0.000,0.0000
1529.930,-37.017,37.515,0.313,11.123,59.213,59.945,1.000,0.000,0.0000
1529.940,-36.906,37.518,0.312,11.123,59.324,60.055,1.000,0.000,0.0000
1529.950,-36.795,37.521,0.312,11.127,59.435,60.165,1.000,0.000,0.0000
1529.960,-36.683,37.525,0.312,11.134,59.547,60.274,1.000,0.000,0.0000
1529.970,-36.572,37.528,0.311,11.141,59.658,60.384,1.000,0.000,0.0000
1529.980,-36.460,37.532,0.311,11.147,59.770,60.494,1.000,0.000,0.0000
1529.990,-36.349,37.535,0.311,11.149,59.881,60.603,1.000,0.000,0.0000
1530.000,-36.237,37.539,0.311,11.146,59.993,60.713,1.000,0.000,0.0000
1530.010,-36.126,37.542,0.312,11.145,60.104,60.823,1.000,0.000,0.0000
1530.020,-36.014,37.546,0.312,11.145,60.216,60.932,1.000,0.000,0.0000
1530.030,-35.903,37.549,0.312,11.137,60.327,61.042,1.000,0.000,0.0000
1530.040,-35.792,37.553,0.312,11.137,60.438,61.152,1.000,0.000,0.0000
1530.050,-35.680,37.556,0.313,11.140,60.550,61.261,1.000,0.000,0.0000
1530.060,-35.569,37.559,0.313,11.145,60.661,61.371,0.940,0.000,0.0000
1530.070,-35.458,37.563,0.314,11.140,60.772,61.480,0.880,0.000,0.0000
1530.080,-35.346,37.566,0.314,11.123,60.884,61.590,0.820,0.000,0.0000
1530.090,-35.235,37.569,0.315,11.096,60.995,61.699,0.760,0.000,0.0000
1530.100,-35.125,37.573,0.315,11.055,61.105,61.808,0.700,0.000,0.0000
1530.110,-35.015,37.576,0.316,11.013,61.215,61.916,0.640,0.000,0.0000
1530.120,-34.905,37.579,0.317,10.972,61.325,62.024,0.580,0.000,0.0000
1530.130,-34.796,37.583,0.318,10.930,61.434,62.132,0.520,0.000,0.0000
1530.140,-34.687,37.586,0.319,10.883,61.543,62.239,0.460,0.000,0.0000
1530.150,-34.578,37.589,0.320,10.840,61.652,62.345,0.400,0.000,0.0000
1530.160,-34.470,37.592,0.321,10.802,61.760,62.452,0.340,0.000,0.0000
1530.170,-34.363,37.596,0.322,10.767,61.867,62.558,0.280,0.000,0.0000
1530.180,-34.255,37.599,0.322,10.732,61.975,62.663,0.320,0.000,0.0000
1530.190,-34.148,37.603,0.323,10.696,62.082,62.768,0.360,0.000,0.0000
1530.200,-34.042,37.606,0.324,10.649,62.188,62.873,0.400,0.000,0.0000
1530.210,-33.936,37.609,0.325,10.603,62.294,62.978,0.440,0.000,0.0000
1530.220,-33.830,37.613,0.325,10.560,62.400,63.081,0.480,0.000,0.0080
1530.230,-33.725,37.616,0.326,10.519,62.505,63.185,0.520,0.000,0.0160
1530.240,-33.620,37.619,0.326,10.478,62.610,63.288,0.560,0.000,0.0240
1530.250,-33.516,37.622,0.327,10.423,62.714,63.391,0.600,0.000,0.0320
1530.260,-33.412,37.625,0.327,10.372,62.818,63.493,0.640,0.000,0.0400
1530.270,-33.309,37.628,0.328,10.324,62.921,63.595,0.680,0.000,0.0480
1530.280,-33.206,37.631,0.328,10.280,63.024,63.696,0.720,0.000,0.0560
1530.290,-33.104,37.634,0.328,10.237,63.126,63.797,0.760,0.000,0.0640
1530.300,-33.002,37.637,0.328,10.195,63.228,63.897,0.800,0.000,0.0720
1530.310,-32.901,37.640,0.328,10.151,63.329,63.998,0.840,0.000,0.0800
1530.320,-32.799,37.643,0.328,10.119,63.431,64.097,0.880,0.000,0.0880
1530.330,-32.698,37.645,0.328,10.087,63.532,64.197,0.920,0.000,0.0960
1530.340,-32.598,37.648,0.328,10.066,63.632,64.296,0.960,0.000,0.1040
1530.350,-32.497,37.650,0.328,10.065,63.733,64.395,0.900,0.000,0.1120
1530.360,-32.397,37.653,0.327,10.067,63.834,64.495,0.840,0.000,0.1200
1530.370,-32.296,37.655,0.326,10.079,63.934,64.594,0.780,0.000,0.1280
1530.380,-32.195,37.657,0.326,10.081,64.035,64.694,0.720,0.000,0.1360
1530.390,-32.094,37.659,0.325,10.073,64.136,64.793,0.660,0.000,0.1060
1530.400,-31.994,37.661,0.324,10.041,64.236,64.892,0.600,0.000,0.0760
1530.410,-31.894,37.663,0.323,9.992,64.336,64.991,0.540,0.000,0.0460
1530.420,-31.795,37.665,0.323,9.932,64.435,65.089,0.480,0.000,0.0160
1530.430,-31.696,37.666,0.322,9.868,64.534,65.187,0.420,0.000,0.0000
1530.440,-31.598,37.667,0.322,9.814,64.632,65.283,0.360,0.000,0.0000
1530.450,-31.500,37.668,0.322,9.769,64.730,65.380,0.300,0.000,0.0000
1530.460,-31.403,37.668,0.322,9.730,64.827,65.476,0.240,0.000,0.0000
1530.470,-31.306,37.669,0.321,9.694,64.924,65.572,0.180,0.000,0.0000
1530.480,-31.209,37.669,0.321,9.654,65.021,65.667,0.120,0.000,0.0000
1530.490,-31.113,37.669,0.321,9.617,65.117,65.762,0.060,0.000,0.0000
1530.500,-31.017,37.668,0.321,9.583,65.213,65.856,0.000,0.000,0.0000
1530.510,-30.922,37.668,0.321,9.551,65.308,65.951,0.000,0.000,0.0000
1530.520,-30.827,37.667,0.321,9.520,65.403,66.044,0.000,0.000,0.0000
1530.530,-30.732,37.667,0.321,9.490,65.498,66.138,0.000,0.000,0.0000
1530.540,-30.637,37.666,0.321,9.459,65.593,66.231,0.000,0.000,0.0000
1530.550,-30.543,37.665,0.321,9.426,65.687,66.324,0.000,0.000,0.0000
1530.560,-30.449,37.664,0.321,9.392,65.781,66.417,0.000,0.000,0.0000
1530.570,-30.355,37.663,0.321,9.355,65.875,66.509,0.000,0.000,0.0000
1530.580,-30.262,37.662,0.321,9.316,65.968,66.601,0.000,0.000,0.0000
1530.590,-30.170,37.661,0.322,9.265,66.060,66.693,0.000,0.000,0.0000
1530.600,-30.077,37.660,0.322,9.216,66.153,66.784,0.000,0.000,0.0000
1530.610,-29.986,37.659,0.322,9.168,66.244,66.874,0.000,0.000,0.0000
1530.620,-29.894,37.658,0.322,9.123,66.336,66.964,0.000,0.000,0.0000
1530.630,-29.804,37.656,0.323,9.072,66.426,67.054,0.000,0.000,0.0000
1530.640,-29.713,37.655,0.323,9.027,66.517,67.143,0.000,0.000,0.0000
1530.650,-29.624,37.654,0.323,8.987,66.606,67.231,0.000,0.000,0.0000
1530.660,-29.534,37.653,0.324,8.952,66.696,67.320,0.000,0.000,0.0000
1530.670,-29.445,37.652,0.324,8.919,66.785,67.408,0.000,0.000,0.0000
1530.680,-29.356,37.651,0.324,8.886,66.874,67.496,0.000,0.000,0.0000
1530.690,-29.268,37.651,0.324,8.853,66.962,67.583,0.000,0.000,0.0000
1530.700,-29.179,37.650,0.324,8.817,67.051,67.670,0.000,0.000,0.0000
1530.710,-29.092,37.649,0.325,8.780,67.138,67.757,0.000,0.000,0.0000
1530.720,-29.004,37.648,0.325,8.729,67.226,67.843,0.000,0.000,0.0000
1530.730,-28.917,37.647,0.325,8.680,67.313,67.929,0.000,0.000,0.0000
1530.740,-28.831,37.646,0.325,8.637,67.399,68.014,0.000,0.000,0.0000
1530.750,-28.745,37.645,0.325,8.596,67.485,68.099,0.000,0.000,0.0000
1530.760,-28.660,37.644,0.325,8.549,67.570,68.183,0.000,0.000,0.0000
1530.770,-28.575,37.643,0.325,8.506,67.655,68.267,0.000,0.000,0.0000
1530.780,-28.490,37.641,0.325,8.468,67.740,68.351,0.000,0.000,0.0000
1530.790,-28.406,37.640,0.325,8.432,67.824,68.434,0.000,0.000,0.0000
1530.800,-28.322,37.639,0.325,8.398,67.908,68.517,0.000,0.000,0.0000
1530.810,-28.238,37.638,0.325,8.364,67.992,68.600,0.000,0.000,0.0000
1530.820,-28.155,37.636,0.325,8.330,68.075,68.682,0.000,0.000,0.0000
1530.830,-28.072,37.635,0.325,8.294,68.158,68.764,0.000,0.000,0.0000
1530.840,-27.989,37.634,0.325,8.257,68.241,68.845,0.000,0.000,0.0000
1530.850,-27.907,37.632,0.325,8.204,68.323,68.926,0.000,0.000,0.0000
1530.860,-27.826,37.631,0.325,8.150,68.404,69.007,0.000,0.000,0.0000
1530.870,-27.745,37.630,0.325,8.099,68.485,69.087,0.000,0.000,0.0000
1530.880,-27.664,37.629,0.325,8.058,68.566,69.167,0.000,0.000,0.0000
1530.890,-27.584,37.628,0.324,8.022,68.646,69.246,0.000,0.000,0.0000
1530.900,-27.504,37.626,0.324,7.980,68.726,69.325,0.000,0.000,0.0000
1530.910,-27.425,37.625,0.324,7.941,68.805,69.403,0.000,0.000,0.0000
1530.920,-27.346,37.624,0.324,7.905,68.884,69.481,0.000,0.000,0.0000
1530.930,-27.267,37.623,0.324,7.870,68.963,69.559,0.000,0.000,0.0000
1530.940,-27.188,37.622,0.324,7.837,69.042,69.637,0.000,0.000,0.0000
1530.950,-27.110,37.620,0.324,7.803,69.120,69.714,0.000,0.000,0.0000
1530.960,-27.033,37.619,0.324,7.770,69.197,69.791,0.000,0.000,0.0000
1530.970,-26.955,37.618,0.324,7.735,69.275,69.867,0.000,0.000,0.0000
1530.980,-26.878,37.617,0.324,7.699,69.352,69.943,0.000,0.000,0.0000
1530.990,-26.802,37.616,0.323,7.647,69.428,70.019,0.000,0.000,0.0000
1531.000,-26.726,37.615,0.323,7.594,69.504,70.094,0.000,0.000,0.0000
1531.010,-26.651,37.614,0.323,7.545,69.579,70.168,0.000,0.000,0.0000
1531.020,-26.576,37.613,0.323,7.498,69.654,70.242,0.000,0.000,0.0000
1531.030,-26.501,37.612,0.323,7.457,69.729,70.316,0.000,0.000,0.0000
1531.040,-26.427,37.611,0.324,7.414,69.803,70.389,0.000,0.000,0.0000
1531.050,-26.353,37.609,0.324,7.374,69.877,70.462,0.000,0.000,0.0000
1531.060,-26.280,37.608,0.324,7.337,69.950,70.535,0.000,0.000,0.0000
1531.070,-26.207,37.607,0.324,7.302,70.023,70.607,0.000,0.000,0.0000
1531.080,-26.134,37.605,0.324,7.268,70.096,70.679,0.000,0.000,0.0000
1531.090,-26.062,37.604,0.324,7.234,70.168,70.750,0.000,0.000,0.0000
1531.100,-25.990,37.602,0.324,7.201,70.240,70.821,0.000,0.000,0.0000
1531.110,-25.918,37.601,0.324,7.167,70.312,70.892,0.000,0.000,0.0000
1531.120,-25.847,37.600,0.324,7.132,70.383,70.963,0.000,0.000,0.0000
1531.130,-25.776,37.598,0.324,7.096,70.454,71.033,0.000,0.000,0.0000
1531.140,-25.705,37.597,0.324,7.045,70.525,71.103,0.000,0.000,0.0000
1531.150,-25.635,37.595,0.324,6.995,70.595,71.172,0.000,0.000,0.0000
1531.160,-25.566,37.594,0.324,6.946,70.664,71.240,0.000,0.000,0.0000
1531.170,-25.497,37.593,0.324,6.900,70.733,71.309,0.000,0.000,0.0000
1531.180,-25.428,37.592,0.324,6.857,70.802,71.376,0.000,0.000,0.0000
1531.190,-25.360,37.590,0.324,6.814,70.870,71.444,0.000,0.000,0.0000
1531.200,-25.292,37.589,0.324,6.772,70.938,71.511,0.000,0.000,0.0000
1531.210,-25.225,37.588,0.324,6.727,71.005,71.577,0.000,0.000,0.0000
1531.220,-25.158,37.587,0.324,6.687,71.072,71.643,0.000,0.000,0.0000
1531.230,-25.092,37.585,0.324,6.653,71.138,71.709,0.000,0.000,0.0000
1531.240,-25.026,37.584,0.324,6.622,71.204,71.775,0.000,0.000,0.0000
1531.250,-24.960,37.583,0.324,6.591,71.270,71.840,0.000,0.000,0.0000
1531.260,-24.894,37.582,0.324,6.559,71.336,71.905,0.000,0.000,0.0000
1531.270,-24.829,37.581,0.324,6.526,71.401,71.969,0.000,0.000,0.0000
1531.280,-24.764,37.580,0.324,6.491,71.466,72.033,0.000,0.000,0.0000
1531.290,-24.699,37.579,0.324,6.452,71.531,72.097,0.000,0.000,0.0000
1531.300,-24.635,37.578,0.324,6.409,71.595,72.161,0.000,0.000,0.0000
1531.310,-24.572,37.577,0.324,6.362,71.658,72.224,0.000,0.000,0.0000
1531.320,-24.509,37.576,0.324,6.314,71.721,72.286,0.000,0.000,0.0000
1531.330,-24.446,37.575,0.324,6.268,71.784,72.348,0.000,0.000,0.0000
1531.340,-24.384,37.574,0.324,6.223,71.846,72.410,0.000,0.000,0.0000
1531.350,-24.322,37.573,0.324,6.181,71.908,72.471,0.000,0.000,0.0000
1531.360,-24.260,37.572,0.324,6.139,71.970,72.531,0.000,0.000,0.0000
1531.370,-24.199,37.571,0.324,6.098,72.031,72.592,0.000,0.000,0.0000
1531.380,-24.139,37.569,0.324,6.057,72.091,72.652,0.000,0.000,0.0000
1531.390,-24.079,37.568,0.324,6.017,72.151,72.711,0.000,0.000,0.0000
1531.400,-24.019,37.567,0.324,5.977,72.211,72.770,0.000,0.000,0.0000
1531.410,-23.960,37.566,0.324,5.936,72.270,72.829,0.000,0.000,0.0000
1531.420,-23.901,37.564,0.324,5.898,72.329,72.887,0.000,0.000,0.0000
1531.430,-23.842,37.563,0.324,5.862,72.388,72.945,0.000,0.000,0.0000
1531.440,-23.784,37.562,0.324,5.827,72.446,73.003,0.000,0.000,0.0000
1531.450,-23.726,37.560,0.324,5.792,72.504,73.060,0.000,0.000,0.0000
1531.460,-23.668,37.559,0.324,5.755,72.562,73.117,0.000,0.000,0.0000
1531.470,-23.611,37.557,0.324,5.717,72.619,73.174,0.000,0.000,0.0000
