timestamp_sec,ego_x,ego_y,ego_z,ego_speed_mps,distance_to_intersection_m,distance_to_pedestrian_m,human_throttle,human_brake,human_steering_rad
0.270,-97.020,-52.452,0.317,0.004,0.790,5.269,0.000,0.000,0.0000
0.280,-97.020,-52.452,0.317,0.004,0.790,5.287,0.000,0.000,0.0000
0.290,-97.020,-52.452,0.317,0.004,0.790,5.304,0.000,0.000,0.0000
0.300,-97.020,-52.452,0.317,0.003,0.790,5.322,0.000,0.000,0.0000
0.310,-97.020,-52.452,0.317,0.003,0.790,5.340,0.000,0.000,0.0000
0.320,-97.020,-52.452,0.317,0.002,0.790,5.357,0.000,0.000,0.0000
0.330,-97.020,-52.452,0.317,0.001,0.790,5.375,0.000,0.000,0.0000
0.340,-97.020,-52.452,0.317,0.001,0.790,5.393,0.000,0.000,0.0000
0.350,-97.020,-52.452,0.317,0.000,0.790,5.410,0.000,0.000,0.0000
0.360,-97.020,-52.452,0.317,0.000,0.790,5.428,0.000,0.000,0.0000
0.370,-97.020,-52.452,0.317,0.001,0.790,5.446,0.000,0.000,0.0000
0.380,-97.020,-52.452,0.317,0.001,0.790,5.463,0.000,0.000,0.0000
0.390,-97.020,-52.452,0.317,0.002,0.790,5.481,0.000,0.000,0.0000
0.400,-97.020,-52.451,0.317,0.002,0.790,5.499,0.000,0.000,0.0000
0.410,-97.020,-52.451,0.317,0.003,0.790,5.516,0.000,0.000,0.0000
0.420,-97.020,-52.451,0.317,0.003,0.790,5.534,0.000,0.000,0.0000
0.430,-97.020,-52.451,0.317,0.003,0.790,5.552,0.000,0.000,0.0000
0.440,-97.020,-52.451,0.317,0.004,0.790,5.569,0.000,0.000,0.0000
0.450,-97.020,-52.451,0.317,0.004,0.790,5.587,0.000,0.000,0.0000
0.460,-97.020,-52.451,0.317,0.004,0.790,5.605,0.000,0.000,0.0000
0.470,-97.020,-52.451,0.317,0.004,0.790,5.622,0.000,0.000,0.0000
0.480,-97.020,-52.451,0.317,0.004,0.790,5.640,0.000,0.000,0.0000
0.490,-97.020,-52.451,0.317,0.003,0.790,5.658,0.000,0.000,0.0000
0.500,-97.020,-52.451,0.317,0.003,0.790,5.675,0.000,0.000,0.0000
0.510,-97.020,-52.451,0.317,0.003,0.790,5.693,0.000,0.000,0.0000
0.520,-97.020,-52.451,0.317,0.003,0.790,5.711,0.000,0.000,0.0000
0.530,-97.020,-52.451,0.317,0.002,0.790,5.728,0.000,0.000,0.0000
0.540,-97.020,-52.451,0.317,0.002,0.790,5.746,0.000,0.000,0.0000
0.550,-97.020,-52.451,0.317,0.002,0.790,5.764,0.000,0.000,0.0000
0.560,-97.020,-52.451,0.317,0.001,0.790,5.782,0.000,0.000,0.0000
0.570,-97.020,-52.451,0.317,0.001,0.790,5.799,0.000,0.000,0.0000
0.580,-97.020,-52.451,0.317,0.001,0.790,5.817,0.000,0.000,0.0000
0.590,-97.020,-52.451,0.317,0.000,0.790,5.835,0.000,0.000,0.0000
0.600,-97.020,-52.451,0.317,0.000,0.790,5.852,0.000,0.000,0.0000
0.610,-97.020,-52.451,0.317,0.000,0.790,5.870,0.000,0.000,0.0000
0.620,-97.020,-52.451,0.317,0.001,0.790,5.888,0.000,0.000,0.0000
0.630,-97.020,-52.451,0.317,0.001,0.790,5.906,0.000,0.000,0.0000
0.640,-97.020,-52.451,0.317,0.001,0.790,5.923,0.000,0.000,0.0000
0.650,-97.020,-52.451,0.317,0.001,0.790,5.941,0.000,0.000,0.0000
0.660,-97.020,-52.451,0.317,0.002,0.790,5.959,0.000,0.000,0.0000
0.670,-97.020,-52.451,0.317,0.002,0.790,5.977,0.000,0.000,0.0000
0.680,-97.020,-52.451,0.317,0.002,0.790,5.994,0.000,0.000,0.0000
0.690,-97.020,-52.451,0.317,0.002,0.790,6.012,0.000,0.000,0.0000
0.700,-97.020,-52.451,0.317,0.002,0.790,6.030,0.000,0.000,0.0000
0.710,-97.020,-52.451,0.317,0.002,0.790,6.048,0.000,0.000,0.0000
0.720,-97.020,-52.451,0.317,0.002,0.790,6.065,0.000,0.000,0.0000
0.730,-97.020,-52.452,0.317,0.002,0.790,6.083,0.000,0.000,0.0000
0.740,-97.020,-52.452,0.317,0.002,0.790,6.101,0.000,0.000,0.0000
0.750,-97.020,-52.452,0.317,0.002,0.790,6.119,0.000,0.000,0.0000
0.760,-97.020,-52.452,0.317,0.001,0.790,6.136,0.000,0.000,0.0000
0.770,-97.020,-52.452,0.317,0.001,0.790,6.154,0.000,0.000,0.0000
0.780,-97.020,-52.452,0.317,0.001,0.790,6.172,0.000,0.000,0.0000
0.790,-97.020,-52.451,0.317,0.001,0.790,6.190,0.000,0.000,0.0000
0.800,-97.020,-52.451,0.317,0.001,0.790,6.208,0.000,0.000,0.0000
0.810,-97.020,-52.451,0.317,0.001,0.790,6.225,0.000,0.000,0.0000
0.820,-97.020,-52.451,0.317,0.000,0.790,6.243,0.000,0.000,0.0000
0.830,-97.020,-52.451,0.317,0.000,0.790,6.261,0.000,0.000,0.0000
0.840,-97.020,-52.451,0.317,0.000,0.790,6.279,0.040,0.000,0.0000
0.850,-97.020,-52.451,0.317,0.004,0.790,6.296,0.080,0.000,0.0000
0.860,-97.020,-52.451,0.317,0.010,0.790,6.314,0.120,0.000,0.0000
0.870,-97.020,-52.450,0.317,0.018,0.790,6.332,0.160,0.000,0.0000
0.880,-97.020,-52.449,0.316,0.026,0.790,6.350,0.200,0.000,0.0000
0.890,-97.020,-52.447,0.316,0.034,0.790,6.368,0.240,0.000,0.0000
0.900,-97.020,-52.446,0.315,0.041,0.790,6.386,0.280,0.000,0.0000
0.910,-97.020,-52.443,0.315,0.046,0.790,6.405,0.320,0.000,0.0000
0.920,-97.020,-52.440,0.315,0.050,0.790,6.423,0.360,0.000,0.0000
0.930,-97.020,-52.437,0.314,0.053,0.790,6.441,0.400,0.000,0.0000
0.940,-97.020,-52.434,0.313,0.055,0.790,6.460,0.440,0.000,0.0000
0.950,-97.020,-52.430,0.313,0.055,0.790,6.478,0.480,0.000,0.0000
0.960,-97.020,-52.425,0.312,0.055,0.790,6.496,0.520,0.000,0.0000
0.970,-97.020,-52.421,0.312,0.054,0.790,6.515,0.560,0.000,0.0000
0.980,-97.020,-52.415,0.311,0.053,0.790,6.533,0.600,0.000,0.0000
0.990,-97.020,-52.410,0.311,0.051,0.790,6.551,0.640,0.000,0.0000
1.000,-97.020,-52.404,0.310,0.048,0.790,6.569,0.680,0.000,0.0000
1.010,-97.020,-52.397,0.310,0.044,0.790,6.588,0.720,0.000,0.0000
1.020,-97.020,-52.391,0.309,0.041,0.790,6.606,0.760,0.000,0.0000
1.030,-97.020,-52.384,0.309,0.037,0.790,6.624,0.800,0.000,0.0000
1.040,-97.020,-52.376,0.309,0.032,0.790,6.642,0.840,0.000,0.0000
1.050,-97.020,-52.368,0.308,0.028,0.790,6.660,0.880,0.000,0.0000
1.060,-97.020,-52.360,0.308,0.023,0.790,6.678,0.920,0.000,0.0000
1.070,-97.020,-52.351,0.308,0.019,0.790,6.696,0.960,0.000,0.0000
1.080,-97.020,-52.341,0.308,0.014,0.790,6.714,1.000,0.000,0.0000
1.090,-97.020,-52.332,0.308,0.010,0.790,6.732,1.000,0.000,0.0000
1.100,-97.020,-52.322,0.308,0.006,0.790,6.750,1.000,0.000,0.0000
1.110,-97.020,-52.311,0.308,0.002,0.790,6.768,1.000,0.000,0.0000
1.120,-97.020,-52.301,0.308,0.002,0.790,6.785,1.000,0.000,0.0000
1.130,-97.020,-52.289,0.308,0.006,0.790,6.803,1.000,0.000,0.0000
1.140,-97.020,-52.278,0.308,0.009,0.790,6.821,1.000,0.000,0.0000
1.150,-97.020,-52.266,0.308,0.012,0.790,6.838,1.000,0.000,0.0000
1.160,-97.020,-52.253,0.308,0.014,0.790,6.856,1.000,0.000,0.0000
1.170,-97.020,-52.240,0.308,0.016,0.790,6.874,1.000,0.000,0.0000
1.180,-97.020,-52.227,0.309,0.018,0.790,6.891,1.000,0.000,0.0000
1.190,-97.020,-52.213,0.309,0.019,0.790,6.909,1.000,0.000,0.0000
1.200,-97.020,-52.199,0.309,0.020,0.790,6.927,1.000,0.000,0.0000
1.210,-97.020,-52.185,0.309,0.020,0.790,6.944,1.000,0.000,0.0000
1.220,-97.020,-52.170,0.309,0.021,0.790,6.962,1.000,0.000,0.0000
1.230,-97.020,-52.155,0.310,0.021,0.790,6.979,1.000,0.000,0.0000
1.240,-97.020,-52.139,0.310,0.020,0.790,6.997,1.000,0.000,0.0000
1.250,-97.020,-52.123,0.310,0.019,0.790,7.015,1.000,0.000,0.0000
1.260,-97.020,-52.107,0.310,0.018,0.790,7.032,1.000,0.000,0.0000
1.270,-97.020,-52.090,0.310,0.017,0.790,7.050,1.000,0.000,0.0000
1.280,-97.020,-52.073,0.310,0.016,0.790,7.068,1.000,0.000,0.0000
1.290,-97.020,-52.055,0.311,0.015,0.790,7.085,1.000,0.000,0.0000
1.300,-97.020,-52.037,0.311,0.013,0.790,7.103,1.000,0.000,0.0000
1.310,-97.020,-52.019,0.311,0.011,0.790,7.121,1.000,0.000,0.0000
1.320,-97.020,-52.000,0.311,0.010,0.790,7.138,1.000,0.000,0.0000
1.330,-97.020,-51.981,0.311,0.008,0.790,7.156,1.000,0.000,0.0000
1.340,-97.020,-51.961,0.311,0.006,0.790,7.174,1.000,0.000,0.0000
1.350,-97.020,-51.941,0.311,0.005,0.790,7.192,1.000,0.000,0.0000
1.360,-97.020,-51.921,0.311,0.003,0.790,7.209,1.000,0.000,0.0000
1.370,-97.020,-51.900,0.311,0.002,0.790,7.227,1.000,0.000,0.0000
1.380,-97.020,-51.879,0.311,0.002,0.790,7.245,1.000,0.000,0.0000
1.390,-97.020,-51.857,0.311,0.002,0.790,7.263,1.000,0.000,0.0000
1.400,-97.020,-51.835,0.311,0.003,0.790,7.281,1.000,0.000,0.0000
1.410,-97.019,-51.813,0.311,0.004,0.790,7.298,1.000,0.000,0.0000
1.420,-97.019,-51.790,0.311,0.005,0.790,7.316,1.000,0.000,0.0000
1.430,-97.019,-51.767,0.311,0.006,0.790,7.334,1.000,0.000,0.0000
1.440,-97.019,-51.744,0.311,0.007,0.790,7.352,1.000,0.000,0.0000
1.450,-97.019,-51.720,0.311,0.007,0.790,7.370,1.000,0.000,0.0000
1.460,-97.019,-51.695,0.311,0.008,0.790,7.388,1.000,0.000,0.0000
1.470,-97.019,-51.671,0.311,0.008,0.790,7.406,1.000,0.000,0.0000
1.480,-97.019,-51.646,0.311,0.008,0.790,7.424,1.000,0.000,0.0000
1.490,-97.019,-51.620,0.311,0.008,0.790,7.442,1.000,0.000,0.0000
1.500,-97.019,-51.594,0.310,0.008,0.790,7.460,1.000,0.000,0.0000
1.510,-97.019,-51.568,0.310,0.008,0.790,7.477,1.000,0.000,0.0000
1.520,-97.019,-51.541,0.310,0.007,0.790,7.495,1.000,0.000,0.0000
1.530,-97.019,-51.514,0.310,0.007,0.790,7.513,1.000,0.000,0.0000
1.540,-97.019,-51.487,0.310,0.007,0.789,7.531,1.000,0.000,0.0000
1.550,-97.019,-51.459,0.310,0.006,0.789,7.549,1.000,0.000,0.0000
1.560,-97.019,-51.430,0.310,0.006,0.789,7.567,1.000,0.000,0.0000
1.570,-97.019,-51.402,0.310,0.005,0.789,7.585,1.000,0.000,0.0000
1.580,-97.019,-51.373,0.310,0.004,0.789,7.603,1.000,0.000,0.0000
1.590,-97.019,-51.343,0.310,0.004,0.789,7.620,1.000,0.000,0.0000
1.600,-97.019,-51.313,0.310,0.003,0.789,7.638,1.000,0.000,0.0000
1.610,-97.019,-51.283,0.310,0.003,0.789,7.656,1.000,0.000,0.0000
1.620,-97.019,-51.252,0.310,0.003,0.789,7.674,1.000,0.000,0.0000
1.630,-97.019,-51.221,0.310,0.003,0.789,7.692,1.000,0.000,0.0000
1.640,-97.019,-51.190,0.310,0.003,0.789,7.710,1.000,0.000,0.0000
1.650,-97.019,-51.158,0.310,0.003,0.789,7.728,1.000,0.000,0.0000
1.660,-97.019,-51.126,0.310,0.003,0.789,7.745,1.000,0.000,0.0000
1.670,-97.019,-51.093,0.310,0.003,0.789,7.763,1.000,0.000,0.0000
1.680,-97.019,-51.060,0.310,0.003,0.789,7.781,1.000,0.000,0.0000
1.690,-97.019,-51.027,0.310,0.003,0.789,7.799,1.000,0.000,0.0000
1.700,-97.019,-50.993,0.310,0.004,0.789,7.817,1.000,0.000,0.0000
1.710,-97.019,-50.958,0.310,0.004,0.789,7.835,1.000,0.000,0.0000
1.720,-97.019,-50.924,0.310,0.004,0.789,7.852,1.000,0.000,0.0000
1.730,-97.019,-50.889,0.310,0.004,0.789,7.870,1.000,0.000,0.0000
1.740,-97.019,-50.853,0.310,0.004,0.789,7.888,1.000,0.000,0.0000
1.750,-97.019,-50.817,0.310,0.004,0.789,7.906,1.000,0.000,0.0000
1.760,-97.019,-50.781,0.310,0.004,0.789,7.924,1.000,0.000,0.0000
1.770,-97.019,-50.745,0.310,0.004,0.789,7.941,1.000,0.000,0.0000
1.780,-97.019,-50.708,0.310,0.004,0.789,7.959,1.000,0.000,0.0000
1.790,-97.019,-50.670,0.310,0.004,0.789,7.977,1.000,0.000,0.0000
1.800,-97.019,-50.632,0.310,0.004,0.789,7.995,1.000,0.000,0.0000
1.810,-97.019,-50.594,0.310,0.004,0.789,8.013,1.000,0.000,0.0000
1.820,-97.018,-50.555,0.310,0.004,0.789,8.031,1.000,0.000,0.0000
1.830,-97.018,-50.516,0.310,0.004,0.789,8.048,1.000,0.000,0.0000
1.840,-97.018,-50.477,0.310,0.003,0.789,8.066,1.000,0.000,0.0000
1.850,-97.018,-50.437,0.310,0.003,0.789,8.084,1.000,0.000,0.0000
1.860,-97.018,-50.397,0.310,0.003,0.789,8.102,1.000,0.000,0.0000
1.870,-97.018,-50.356,0.310,0.003,0.789,8.120,1.000,0.000,0.0000
1.880,-97.018,-50.315,0.310,0.003,0.789,8.138,1.000,0.000,0.0000
1.890,-97.018,-50.274,0.310,0.003,0.789,8.155,1.000,0.000,0.0000
1.900,-97.018,-50.232,0.310,0.003,0.788,8.173,1.000,0.000,0.0000
1.910,-97.018,-50.190,0.310,0.003,0.788,8.191,1.000,0.000,0.0000
1.920,-97.018,-50.148,0.310,0.003,0.788,8.209,1.000,0.000,0.0000
1.930,-97.018,-50.105,0.310,0.003,0.788,8.227,1.000,0.000,0.0000
1.940,-97.018,-50.061,0.310,0.004,0.788,8.245,1.000,0.000,0.0000
1.950,-97.018,-50.017,0.310,0.004,0.788,8.263,1.000,0.000,0.0000
1.960,-97.018,-49.973,0.310,0.004,0.788,8.280,1.000,0.000,0.0000
1.970,-97.018,-49.929,0.310,0.004,0.788,8.298,1.000,0.000,0.0000
1.980,-97.018,-49.884,0.310,0.004,0.788,8.316,1.000,0.000,0.0000
1.990,-97.018,-49.838,0.310,0.004,0.788,8.334,1.000,0.000,0.0000
2.000,-97.018,-49.793,0.310,0.004,0.788,8.352,1.000,0.000,0.0000
2.010,-97.018,-49.747,0.310,0.004,0.788,8.370,1.000,0.000,0.0000
2.020,-97.018,-49.700,0.310,0.004,0.788,8.388,1.000,0.000,0.0000
2.030,-97.018,-49.653,0.310,0.004,0.788,8.406,1.000,0.000,0.0000
2.040,-97.018,-49.606,0.310,0.004,0.788,8.423,1.000,0.000,0.0000
2.050,-97.018,-49.558,0.310,0.004,0.788,8.441,1.000,0.000,0.0000
2.060,-97.018,-49.510,0.310,0.004,0.788,8.459,1.000,0.000,0.0000
2.070,-97.018,-49.461,0.310,0.004,0.788,8.477,1.000,0.000,0.0000
2.080,-97.018,-49.412,0.310,0.004,0.788,8.495,1.000,0.000,0.0000
2.090,-97.018,-49.363,0.310,0.004,0.788,8.513,1.000,0.000,0.0000
2.100,-97.017,-49.313,0.310,0.004,0.788,8.531,1.000,0.000,0.0000
2.110,-97.017,-49.263,0.310,0.004,0.788,8.549,1.000,0.000,0.0000
2.120,-97.017,-49.213,0.310,0.004,0.788,8.566,1.000,0.000,0.0000
2.130,-97.017,-49.162,0.310,0.004,0.788,8.584,1.000,0.000,0.0000
2.140,-97.017,-49.110,0.310,0.004,0.788,8.602,1.000,0.000,0.0000
2.150,-97.017,-49.059,0.310,0.004,0.788,8.620,1.000,0.000,0.0000
2.160,-97.017,-49.007,0.310,0.004,0.788,8.638,1.000,0.000,0.0000
2.170,-97.017,-48.954,0.310,0.004,0.787,8.656,1.000,0.000,0.0000
2.180,-97.017,-48.901,0.310,0.004,0.787,8.674,1.000,0.000,0.0000
2.190,-97.017,-48.848,0.310,0.004,0.787,8.692,1.000,0.000,0.0000
2.200,-97.017,-48.794,0.310,0.004,0.787,8.709,1.000,0.000,0.0000
2.210,-97.017,-48.740,0.310,0.004,0.787,8.727,1.000,0.000,0.0000
2.220,-97.017,-48.686,0.310,0.004,0.787,8.745,1.000,0.000,0.0000
2.230,-97.017,-48.631,0.310,0.004,0.787,8.763,1.000,0.000,0.0000
2.240,-97.017,-48.576,0.310,0.004,0.787,8.781,1.000,0.000,0.0000
2.250,-97.017,-48.520,0.310,0.004,0.787,8.799,1.000,0.000,0.0000
2.260,-97.017,-48.464,0.310,0.004,0.787,8.817,1.000,0.000,0.0000
2.270,-97.017,-48.407,0.310,0.005,0.787,8.834,1.000,0.000,0.0000
2.280,-97.017,-48.350,0.310,0.005,0.787,8.852,1.000,0.000,0.0000
2.290,-97.017,-48.293,0.310,0.005,0.787,8.870,1.000,0.000,0.0000
2.300,-97.017,-48.236,0.310,0.005,0.787,8.888,1.000,0.000,0.0000
2.310,-97.017,-48.178,0.310,0.005,0.787,8.906,1.000,0.000,0.0000
2.320,-97.017,-48.119,0.310,0.005,0.787,8.924,1.000,0.000,0.0000
2.330,-97.016,-48.060,0.310,0.005,0.787,8.942,1.000,0.000,0.0000
2.340,-97.016,-48.001,0.310,0.005,0.787,8.960,1.000,0.000,0.0000
2.350,-97.016,-47.941,0.310,0.005,0.787,8.977,1.000,0.000,0.0000
2.360,-97.016,-47.881,0.310,0.005,0.787,8.995,1.000,0.000,0.0000
2.370,-97.016,-47.821,0.310,0.005,0.787,9.013,1.000,0.000,0.0000
2.380,-97.016,-47.760,0.310,0.005,0.787,9.031,1.000,0.000,0.0000
2.390,-97.016,-47.699,0.310,0.005,0.786,9.049,1.000,0.000,0.0000
2.400,-97.016,-47.637,0.310,0.005,0.786,9.067,1.000,0.000,0.0000
2.410,-97.016,-47.575,0.310,0.005,0.786,9.085,1.000,0.000,0.0000
2.420,-97.016,-47.513,0.310,0.005,0.786,9.103,1.000,0.000,0.0000
2.430,-97.016,-47.450,0.310,0.005,0.786,9.121,1.000,0.000,0.0000
2.440,-97.016,-47.387,0.310,0.005,0.786,9.138,1.000,0.000,0.0000
2.450,-97.016,-47.323,0.310,0.005,0.786,9.156,1.000,0.000,0.0000
2.460,-97.016,-47.259,0.310,0.005,0.786,9.174,1.000,0.000,0.0000
2.470,-97.016,-47.195,0.310,0.005,0.786,9.192,1.000,0.000,0.0000
2.480,-97.016,-47.130,0.310,0.005,0.786,9.210,1.000,0.000,0.0000
2.490,-97.016,-47.065,0.310,0.005,0.786,9.228,1.000,0.000,0.0000
2.500,-97.016,-46.999,0.310,0.005,0.786,9.246,1.000,0.000,0.0000
2.510,-97.016,-46.933,0.310,0.005,0.786,9.264,1.000,0.000,0.0000
2.520,-97.016,-46.867,0.310,0.005,0.786,9.281,1.000,0.000,0.0000
2.530,-97.015,-46.800,0.310,0.005,0.786,9.299,1.000,0.000,0.0000
2.540,-97.015,-46.733,0.310,0.005,0.786,9.317,1.000,0.000,0.0000
2.550,-97.015,-46.665,0.310,0.005,0.786,9.335,1.000,0.000,0.0000
2.560,-97.015,-46.597,0.310,0.005,0.786,9.353,1.000,0.000,0.0000
2.570,-97.015,-46.529,0.310,0.005,0.786,9.371,1.000,0.000,0.0000
2.580,-97.015,-46.460,0.310,0.005,0.785,9.389,1.000,0.000,0.0000
2.590,-97.015,-46.391,0.310,0.006,0.785,9.407,1.000,0.000,0.0000
2.600,-97.015,-46.321,0.310,0.006,0.785,9.425,1.000,0.000,0.0000
2.610,-97.015,-46.251,0.310,0.006,0.785,9.442,1.000,0.000,0.0000
2.620,-97.015,-46.181,0.310,0.006,0.785,9.460,1.000,0.000,0.0000
2.630,-97.015,-46.110,0.310,0.006,0.785,9.478,1.000,0.000,0.0000
2.640,-97.015,-46.039,0.310,0.006,0.785,9.496,1.000,0.000,0.0000
2.650,-97.015,-45.968,0.310,0.006,0.785,9.514,1.000,0.000,0.0000
2.660,-97.015,-45.896,0.310,0.006,0.785,9.532,1.000,0.000,0.0000
2.670,-97.015,-45.823,0.310,0.006,0.785,9.550,1.000,0.000,0.0000
2.680,-97.015,-45.751,0.310,0.006,0.785,9.568,1.000,0.000,0.0000
2.690,-97.015,-45.678,0.310,0.006,0.785,9.586,1.000,0.000,0.0000
2.700,-97.015,-45.604,0.310,0.006,0.785,9.604,1.000,0.000,0.0000
2.710,-97.014,-45.530,0.310,0.006,0.785,9.621,1.000,0.000,0.0000
2.720,-97.014,-45.456,0.310,0.006,0.785,9.639,1.000,0.000,0.0000
2.730,-97.014,-45.381,0.310,0.006,0.785,9.657,1.000,0.000,0.0000
2.740,-97.014,-45.306,0.310,0.006,0.785,9.675,1.000,0.000,0.0000
2.750,-97.014,-45.230,0.310,0.006,0.785,9.693,1.000,0.000,0.0000
2.760,-97.014,-45.154,0.310,0.006,0.784,9.711,1.000,0.000,0.0000
2.770,-97.014,-45.078,0.310,0.006,0.784,9.729,1.000,0.000,0.0000
2.780,-97.014,-45.001,0.310,0.006,0.784,9.747,1.000,0.000,0.0000
2.790,-97.014,-44.924,0.310,0.006,0.784,9.765,1.000,0.000,0.0000
2.800,-97.014,-44.847,0.310,0.006,0.784,9.782,1.000,0.000,0.0000
2.810,-97.014,-44.769,0.310,0.006,0.784,9.800,1.000,0.000,0.0000
2.820,-97.014,-44.691,0.310,0.006,0.784,9.818,1.000,0.000,0.0000
2.830,-97.014,-44.612,0.310,0.006,0.784,9.836,1.000,0.000,0.0000
2.840,-97.014,-44.533,0.310,0.006,0.784,9.854,1.000,0.000,0.0000
2.850,-97.014,-44.453,0.310,0.006,0.784,9.872,1.000,0.000,0.0000
2.860,-97.014,-44.374,0.310,0.006,0.784,9.890,1.000,0.000,0.0000
2.870,-97.013,-44.293,0.310,0.006,0.784,9.908,1.000,0.000,0.0000
2.880,-97.013,-44.213,0.310,0.006,0.784,9.926,1.000,0.000,0.0000
2.890,-97.013,-44.132,0.310,0.006,0.784,9.944,1.000,0.000,0.0000
2.900,-97.013,-44.050,0.310,0.006,0.784,9.961,1.000,0.000,0.0000
2.910,-97.013,-43.968,0.310,0.007,0.783,9.979,1.000,0.000,0.0000
2.920,-97.013,-43.886,0.310,0.007,0.783,9.997,1.000,0.000,0.0000
2.930,-97.013,-43.803,0.310,0.007,0.783,10.015,1.000,0.000,0.0000
2.940,-97.013,-43.720,0.310,0.007,0.783,10.033,1.000,0.000,0.0000
2.950,-97.013,-43.637,0.310,0.007,0.783,10.051,1.000,0.000,0.0000
2.960,-97.013,-43.553,0.310,0.007,0.783,10.069,1.000,0.000,0.0000
2.970,-97.013,-43.469,0.310,0.007,0.783,10.087,1.000,0.000,0.0000
2.980,-97.013,-43.384,0.310,0.007,0.783,10.105,1.000,0.000,0.0000
2.990,-97.013,-43.299,0.310,0.007,0.783,10.123,1.000,0.000,0.0000
3.000,-97.013,-43.214,0.310,0.007,0.783,10.140,1.000,0.000,0.0000
3.010,-97.013,-43.128,0.310,0.007,0.783,10.158,1.000,0.000,0.0000
3.020,-97.012,-43.042,0.310,0.007,0.783,10.176,1.000,0.000,0.0000
3.030,-97.012,-42.955,0.310,0.007,0.783,10.194,1.000,0.000,0.0000
3.040,-97.012,-42.868,0.310,0.007,0.783,10.212,1.000,0.000,0.0000
3.050,-97.012,-42.781,0.310,0.007,0.783,10.230,1.000,0.000,0.0000
3.060,-97.012,-42.693,0.310,0.007,0.782,10.248,1.000,0.000,0.0000
3.070,-97.012,-42.605,0.310,0.007,0.782,10.266,1.000,0.000,0.0000
3.080,-97.012,-42.516,0.310,0.007,0.782,10.284,1.000,0.000,0.0000
3.090,-97.012,-42.427,0.310,0.007,0.782,10.302,1.000,0.000,0.0000
3.100,-97.012,-42.338,0.310,0.007,0.782,10.320,1.000,0.000,0.0000
3.110,-97.012,-42.248,0.310,0.007,0.782,10.337,1.000,0.000,0.0000
3.120,-97.012,-42.158,0.310,0.007,0.782,10.355,1.000,0.000,0.0000
3.130,-97.012,-42.067,0.310,0.007,0.782,10.373,1.000,0.000,0.0000
3.140,-97.012,-41.976,0.310,0.007,0.782,10.391,1.000,0.000,0.0000
3.150,-97.012,-41.885,0.310,0.007,0.782,10.409,1.000,0.000,0.0000
3.160,-97.011,-41.793,0.310,0.007,0.782,10.427,1.000,0.000,0.0000
3.170,-97.011,-41.701,0.310,0.007,0.782,10.445,1.000,0.000,0.0000
3.180,-97.011,-41.608,0.310,0.007,0.782,10.463,1.000,0.000,0.0000
3.190,-97.011,-41.515,0.310,0.007,0.782,10.481,1.000,0.000,0.0000
3.200,-97.011,-41.422,0.310,0.007,0.781,10.499,1.000,0.000,0.0000
3.210,-97.011,-41.328,0.310,0.007,0.781,10.516,1.000,0.000,0.0000
3.220,-97.011,-41.234,0.310,0.008,0.781,10.534,1.000,0.000,0.0000
3.230,-97.011,-41.139,0.310,0.008,0.781,10.552,1.000,0.000,0.0000
3.240,-97.011,-41.044,0.310,0.008,0.781,10.570,1.000,0.000,0.0000
3.250,-97.011,-40.949,0.310,0.008,0.781,10.588,1.000,0.000,0.0000
3.260,-97.011,-40.853,0.310,0.008,0.781,10.606,1.000,0.000,0.0000
3.270,-97.011,-40.757,0.310,0.008,0.781,10.624,1.000,0.000,0.0000
3.280,-97.011,-40.660,0.310,0.008,0.781,10.642,1.000,0.000,0.0000
3.290,-97.011,-40.564,0.310,0.008,0.781,10.660,1.000,0.000,0.0000
3.300,-97.010,-40.466,0.310,0.008,0.781,10.678,1.000,0.000,0.0000
3.310,-97.010,-40.368,0.310,0.008,0.781,10.696,1.000,0.000,0.0000
3.320,-97.010,-40.270,0.310,0.008,0.781,10.714,1.000,0.000,0.0000
3.330,-97.010,-40.172,0.310,0.008,0.780,10.731,1.000,0.000,0.0000
3.340,-97.010,-40.073,0.310,0.008,0.780,10.749,1.000,0.000,0.0000
3.350,-97.010,-39.974,0.310,0.008,0.780,10.749,1.000,0.000,0.0000
3.360,-97.010,-39.874,0.310,0.008,0.780,10.749,1.000,0.000,0.0000
3.370,-97.010,-39.774,0.310,0.008,0.780,10.749,1.000,0.000,0.0000
3.380,-97.010,-39.673,0.310,0.008,0.780,10.749,1.000,0.000,0.0000
3.390,-97.010,-39.572,0.310,0.008,0.780,10.749,1.000,0.000,0.0000
3.400,-97.010,-39.471,0.310,0.008,0.780,10.749,1.000,0.000,0.0000
3.410,-97.010,-39.369,0.310,0.008,0.780,10.749,1.000,0.000,0.0000
3.420,-97.009,-39.267,0.310,0.008,0.780,10.749,1.000,0.000,0.0000
3.430,-97.009,-39.165,0.310,0.008,0.780,10.749,1.000,0.000,0.0000
3.440,-97.009,-39.062,0.310,0.008,0.780,10.749,1.000,0.000,0.0000
3.450,-97.009,-38.959,0.310,0.008,0.780,10.749,1.000,0.000,0.0000
3.460,-97.009,-38.855,0.310,0.008,0.779,10.749,1.000,0.000,0.0000
3.470,-97.009,-38.751,0.310,0.008,0.779,10.749,1.000,0.000,0.0000
3.480,-97.009,-38.646,0.310,0.008,0.779,10.749,1.000,0.000,0.0000
3.490,-97.009,-38.541,0.310,0.008,0.779,10.749,1.000,0.000,0.0000
3.500,-97.009,-38.436,0.310,0.008,0.779,10.749,1.000,0.000,0.0000
3.510,-97.009,-38.331,0.310,0.008,0.779,10.749,1.000,0.000,0.0000
3.520,-97.009,-38.224,0.310,0.008,0.779,10.749,1.000,0.000,0.0000
3.530,-97.009,-38.118,0.310,0.008,0.779,10.749,1.000,0.000,0.0000
3.540,-97.008,-38.011,0.310,0.009,0.779,10.749,1.000,0.000,0.0000
3.550,-97.008,-37.904,0.310,0.009,0.779,10.749,1.000,0.000,0.0000
3.560,-97.008,-37.796,0.310,0.009,0.779,10.749,1.000,0.000,0.0000
3.570,-97.008,-37.688,0.310,0.009,0.778,10.749,1.000,0.000,0.0000
3.580,-97.008,-37.580,0.310,0.009,0.778,10.749,1.000,0.000,0.0000
3.590,-97.008,-37.471,0.310,0.009,0.778,10.749,1.000,0.000,0.0000
3.600,-97.008,-37.362,0.310,0.009,0.778,10.749,1.000,0.000,0.0000
3.610,-97.008,-37.252,0.310,0.009,0.778,10.749,1.000,0.000,0.0000
3.620,-97.008,-37.142,0.310,0.009,0.778,10.749,1.000,0.000,0.0000
3.630,-97.008,-37.032,0.310,0.009,0.778,10.749,1.000,0.000,0.0000
3.640,-97.008,-36.921,0.310,0.009,0.778,10.749,1.000,0.000,0.0000
3.650,-97.008,-36.810,0.310,0.010,0.778,10.749,1.000,0.000,0.0000
3.660,-97.007,-36.698,0.310,0.014,0.778,10.749,1.000,0.000,0.0000
3.670,-97.007,-36.587,0.311,0.020,0.778,10.749,1.000,0.000,0.0000
3.680,-97.007,-36.476,0.311,0.028,0.778,10.748,1.000,0.000,0.0000
3.690,-97.007,-36.365,0.311,0.035,0.777,10.748,0.940,0.000,0.0000
3.700,-97.007,-36.254,0.312,0.045,0.777,10.748,0.880,0.000,0.0000
3.710,-97.007,-36.143,0.312,0.057,0.777,10.747,0.820,0.000,0.0000
3.720,-97.007,-36.032,0.313,0.069,0.777,10.746,0.760,0.000,0.0000
3.730,-97.007,-35.922,0.314,0.080,0.777,10.746,0.700,0.000,0.0000
3.740,-97.007,-35.813,0.315,0.090,0.777,10.745,0.640,0.000,0.0000
3.750,-97.007,-35.703,0.315,0.097,0.777,10.744,0.580,0.000,0.0000
3.760,-97.007,-35.594,0.317,0.103,0.777,10.743,0.520,0.000,0.0000
3.770,-97.006,-35.486,0.318,0.106,0.777,10.742,0.560,0.000,0.0000
3.780,-97.006,-35.378,0.319,0.107,0.777,10.741,0.600,0.000,0.0000
3.790,-97.006,-35.270,0.320,0.107,0.777,10.740,0.640,0.000,0.0000
3.800,-97.006,-35.163,0.321,0.105,0.777,10.738,0.680,0.000,0.0000
3.810,-97.006,-35.056,0.322,0.102,0.777,10.737,0.720,0.000,0.0000
3.820,-97.006,-34.950,0.323,0.098,0.777,10.736,0.760,0.000,0.0000
3.830,-97.006,-34.844,0.324,0.093,0.777,10.736,0.800,0.000,0.0000
3.840,-97.006,-34.738,0.325,0.086,0.777,10.735,0.840,0.000,0.0000
3.850,-97.006,-34.633,0.325,0.079,0.777,10.734,0.880,0.000,0.0000
3.860,-97.006,-34.528,0.326,0.072,0.777,10.733,0.920,0.000,0.0000
3.870,-97.006,-34.424,0.327,0.063,0.776,10.733,0.960,0.000,0.0000
3.880,-97.006,-34.320,0.327,0.047,0.776,10.732,1.000,0.000,0.0000
3.890,-97.005,-34.215,0.327,0.026,0.776,10.732,1.000,0.000,0.0000
3.900,-97.005,-34.111,0.327,0.008,0.776,10.732,1.000,0.000,0.0000
3.910,-97.005,-34.006,0.327,0.028,0.776,10.732,1.000,0.000,0.0000
3.920,-97.005,-33.900,0.327,0.052,0.776,10.733,1.000,0.000,0.0000
3.930,-97.005,-33.794,0.326,0.073,0.776,10.733,1.000,0.000,0.0000
3.940,-97.005,-33.688,0.325,0.092,0.776,10.734,1.000,0.000,0.0000
3.950,-97.005,-33.582,0.324,0.108,0.776,10.735,1.000,0.000,0.0000
3.960,-97.005,-33.475,0.323,0.121,0.776,10.736,1.000,0.000,0.0000
3.970,-97.005,-33.367,0.321,0.130,0.775,10.738,1.000,0.000,0.0000
3.980,-97.005,-33.260,0.320,0.137,0.775,10.739,1.000,0.000,0.0000
3.990,-97.005,-33.151,0.319,0.142,0.775,10.741,1.000,0.000,0.0000
4.000,-97.005,-33.043,0.317,0.144,0.775,10.742,1.000,0.000,0.0000
4.010,-97.004,-32.934,0.316,0.144,0.775,10.743,1.000,0.000,0.0000
4.020,-97.004,-32.825,0.314,0.141,0.775,10.745,1.000,0.000,0.0000
4.030,-97.004,-32.715,0.313,0.137,0.775,10.746,1.000,0.000,0.0000
4.040,-97.004,-32.605,0.312,0.131,0.774,10.747,1.000,0.000,0.0000
4.050,-97.004,-32.494,0.310,0.124,0.774,10.749,1.000,0.000,0.0000
4.060,-97.004,-32.383,0.309,0.112,0.774,10.750,1.000,0.000,0.0000
4.070,-97.004,-32.272,0.308,0.095,0.774,10.751,1.000,0.000,0.0000
4.080,-97.004,-32.161,0.308,0.077,0.774,10.751,1.000,0.000,0.0000
4.090,-97.004,-32.050,0.307,0.058,0.774,10.752,1.000,0.000,0.0000
4.100,-97.004,-31.939,0.307,0.039,0.774,10.752,1.000,0.000,0.0000
4.110,-97.004,-31.828,0.306,0.022,0.774,10.753,1.000,0.000,0.0000
4.120,-97.003,-31.717,0.306,0.009,0.774,10.753,1.000,0.000,0.0000
4.130,-97.003,-31.606,0.307,0.016,0.774,10.752,1.000,0.000,0.0000
4.140,-97.003,-31.495,0.307,0.029,0.773,10.752,1.000,0.000,0.0000
4.150,-97.003,-31.383,0.307,0.042,0.773,10.752,1.000,0.000,0.0000
4.160,-97.003,-31.272,0.308,0.053,0.773,10.751,1.000,0.000,0.0000
4.170,-97.003,-31.161,0.308,0.062,0.773,10.751,1.000,0.000,0.0000
4.180,-97.003,-31.050,0.309,0.070,0.773,10.750,1.000,0.000,0.0000
4.190,-97.003,-30.938,0.310,0.077,0.773,10.749,1.000,0.000,0.0000
4.200,-97.003,-30.827,0.311,0.082,0.773,10.748,1.000,0.000,0.0000
4.210,-97.003,-30.716,0.311,0.085,0.773,10.747,1.000,0.000,0.0000
4.220,-97.003,-30.604,0.312,0.087,0.773,10.747,1.000,0.000,0.0000
4.230,-97.002,-30.493,0.313,0.088,0.773,10.746,1.000,0.000,0.0000
4.240,-97.002,-30.382,0.314,0.087,0.773,10.745,1.000,0.000,0.0000
4.250,-97.002,-30.271,0.315,0.085,0.773,10.744,1.000,0.000,0.0000
4.260,-97.002,-30.159,0.316,0.082,0.773,10.743,1.000,0.000,0.0000
4.270,-97.002,-30.048,0.316,0.078,0.773,10.742,1.000,0.000,0.0000
4.280,-97.002,-29.937,0.317,0.073,0.773,10.742,1.000,0.000,0.0000
4.290,-97.002,-29.826,0.318,0.068,0.772,10.741,1.000,0.000,0.0000
4.300,-97.002,-29.714,0.318,0.062,0.772,10.740,1.000,0.000,0.0000
4.310,-97.002,-29.603,0.319,0.055,0.772,10.740,1.000,0.000,0.0000
4.320,-97.002,-29.492,0.320,0.048,0.772,10.739,1.000,0.000,0.0000
4.330,-97.002,-29.381,0.320,0.041,0.772,10.739,1.000,0.000,0.0000
4.340,-97.002,-29.270,0.320,0.034,0.772,10.739,1.000,0.000,0.0000
4.350,-97.001,-29.159,0.321,0.027,0.772,10.738,1.000,0.000,0.0000
4.360,-97.001,-29.047,0.321,0.021,0.772,10.738,1.000,0.000,0.0000
4.370,-97.001,-28.936,0.321,0.015,0.772,10.738,1.000,0.000,0.0000
4.380,-97.001,-28.825,0.321,0.010,0.772,10.738,1.000,0.000,0.0000
4.390,-97.001,-28.714,0.321,0.009,0.772,10.738,1.000,0.000,0.0000
4.400,-97.001,-28.603,0.321,0.011,0.772,10.738,1.000,0.000,0.0000
4.410,-97.001,-28.492,0.321,0.015,0.771,10.738,1.000,0.000,0.0000
4.420,-97.001,-28.381,0.320,0.019,0.771,10.738,1.000,0.000,0.0000
4.430,-97.001,-28.270,0.320,0.023,0.771,10.738,1.000,0.000,0.0000
4.440,-97.001,-28.159,0.320,0.026,0.771,10.739,1.000,0.000,0.0000
4.450,-97.001,-28.048,0.320,0.029,0.771,10.739,1.000,0.000,0.0000
4.460,-97.000,-27.937,0.319,0.031,0.771,10.739,1.000,0.000,0.0000
4.470,-97.000,-27.826,0.319,0.032,0.771,10.740,1.000,0.000,0.0000
4.480,-97.000,-27.715,0.319,0.033,0.771,10.740,1.000,0.000,0.0000
4.490,-97.000,-27.604,0.319,0.034,0.771,10.740,1.000,0.000,0.0000
4.500,-97.000,-27.493,0.318,0.034,0.771,10.740,1.000,0.000,0.0000
4.510,-97.000,-27.382,0.318,0.033,0.771,10.741,1.000,0.000,0.0000
4.520,-97.000,-27.271,0.318,0.033,0.770,10.741,1.000,0.000,0.0000
4.530,-97.000,-27.160,0.317,0.031,0.770,10.741,1.000,0.000,0.0000
4.540,-97.000,-27.049,0.317,0.030,0.770,10.742,1.000,0.000,0.0000
4.550,-97.000,-26.937,0.317,0.028,0.770,10.742,1.000,0.000,0.0000
4.560,-97.000,-26.826,0.316,0.026,0.770,10.742,1.000,0.000,0.0000
4.570,-96.999,-26.715,0.316,0.023,0.770,10.742,1.000,0.000,0.0000
4.580,-96.999,-26.604,0.316,0.021,0.770,10.743,1.000,0.000,0.0000
4.590,-96.999,-26.493,0.316,0.019,0.770,10.743,1.000,0.000,0.0000
4.600,-96.999,-26.382,0.316,0.016,0.770,10.743,1.000,0.000,0.0000
4.610,-96.999,-26.271,0.316,0.014,0.770,10.743,1.000,0.000,0.0000
4.620,-96.999,-26.160,0.316,0.012,0.769,10.743,1.000,0.000,0.0000
4.630,-96.999,-26.049,0.316,0.010,0.769,10.743,1.000,0.000,0.0000
4.640,-96.999,-25.938,0.315,0.009,0.769,10.743,1.000,0.000,0.0000
4.650,-96.999,-25.827,0.315,0.009,0.769,10.743,1.000,0.000,0.0000
4.660,-96.999,-25.715,0.315,0.009,0.769,10.743,1.000,0.000,0.0000
4.670,-96.999,-25.604,0.316,0.010,0.769,10.743,1.000,0.000,0.0000
4.680,-96.998,-25.493,0.316,0.010,0.769,10.743,1.000,0.000,0.0000
4.690,-96.998,-25.382,0.316,0.011,0.769,10.743,1.000,0.000,0.0000
4.700,-96.998,-25.271,0.316,0.012,0.769,10.743,1.000,0.000,0.0000
4.710,-96.998,-25.160,0.316,0.013,0.769,10.743,1.000,0.000,0.0000
4.720,-96.998,-25.049,0.316,0.014,0.769,10.743,1.000,0.000,0.0000
4.730,-96.998,-24.938,0.316,0.014,0.768,10.742,1.000,0.000,0.0000
4.740,-96.998,-24.827,0.316,0.015,0.768,10.742,1.000,0.000,0.0000
4.750,-96.998,-24.715,0.316,0.015,0.768,10.742,1.000,0.000,0.0000
4.760,-96.998,-24.604,0.316,0.015,0.768,10.742,1.000,0.000,0.0000
4.770,-96.998,-24.493,0.317,0.015,0.768,10.742,1.000,0.000,0.0000
4.780,-96.998,-24.382,0.317,0.015,0.768,10.742,1.000,0.000,0.0000
4.790,-96.998,-24.271,0.317,0.014,0.768,10.742,1.000,0.000,0.0000
4.800,-96.997,-24.160,0.317,0.014,0.768,10.742,1.000,0.000,0.0000
4.810,-96.997,-24.049,0.317,0.013,0.768,10.741,1.000,0.000,0.0000
4.820,-96.997,-23.938,0.317,0.013,0.768,10.741,1.000,0.000,0.0000
4.830,-96.997,-23.827,0.317,0.012,0.768,10.741,1.000,0.000,0.0000
4.840,-96.997,-23.715,0.317,0.012,0.768,10.741,1.000,0.000,0.0000
4.850,-96.997,-23.604,0.317,0.011,0.767,10.741,1.000,0.000,0.0000
4.860,-96.997,-23.493,0.317,0.010,0.767,10.741,1.000,0.000,0.0000
4.870,-96.997,-23.382,0.317,0.010,0.767,10.741,1.000,0.000,0.0000
4.880,-96.997,-23.271,0.317,0.009,0.767,10.741,1.000,0.000,0.0000
4.890,-96.997,-23.160,0.317,0.009,0.767,10.741,1.000,0.000,0.0000
4.900,-96.997,-23.049,0.317,0.009,0.767,10.741,1.000,0.000,0.0000
4.910,-96.996,-22.938,0.317,0.009,0.767,10.741,1.000,0.000,0.0000
4.920,-96.996,-22.827,0.317,0.009,0.767,10.741,1.000,0.000,0.0000
4.930,-96.996,-22.716,0.317,0.009,0.767,10.741,1.000,0.000,0.0000
4.940,-96.996,-22.604,0.317,0.009,0.767,10.741,1.000,0.000,0.0000
4.950,-96.996,-22.493,0.317,0.009,0.767,10.741,1.000,0.000,0.0000
4.960,-96.996,-22.382,0.317,0.009,0.767,10.741,1.000,0.000,0.0000
4.970,-96.996,-22.271,0.317,0.009,0.766,10.741,1.000,0.000,0.0000
4.980,-96.996,-22.160,0.317,0.010,0.766,10.741,1.000,0.000,0.0000
4.990,-96.996,-22.049,0.317,0.010,0.766,10.741,1.000,0.000,0.0000
5.000,-96.996,-21.938,0.317,0.010,0.766,10.741,1.000,0.000,0.0000
5.010,-96.996,-21.827,0.317,0.010,0.766,10.741,1.000,0.000,0.0000
5.020,-96.995,-21.716,0.317,0.010,0.766,10.741,1.000,0.000,0.0000
5.030,-96.995,-21.605,0.317,0.010,0.766,10.741,1.000,0.000,0.0000
5.040,-96.995,-21.493,0.317,0.010,0.766,10.741,1.000,0.000,0.0000
5.050,-96.995,-21.382,0.317,0.010,0.766,10.741,1.000,0.000,0.0000
5.060,-96.995,-21.271,0.317,0.010,0.766,10.741,1.000,0.000,0.0000
5.070,-96.995,-21.160,0.317,0.010,0.766,10.741,1.000,0.000,0.0000
5.080,-96.995,-21.049,0.317,0.010,0.765,10.741,1.000,0.000,0.0000
5.090,-96.995,-20.938,0.317,0.009,0.765,10.741,1.000,0.000,0.0000
5.100,-96.995,-20.827,0.317,0.009,0.765,10.741,1.000,0.000,0.0000
5.110,-96.995,-20.716,0.317,0.009,0.765,10.741,1.000,0.000,0.0000
5.120,-96.995,-20.605,0.317,0.009,0.765,10.741,1.000,0.000,0.0000
5.130,-96.995,-20.494,0.317,0.009,0.765,10.741,1.000,0.000,0.0000
5.140,-96.994,-20.383,0.317,0.009,0.765,10.741,1.000,0.000,0.0000
5.150,-96.994,-20.271,0.317,0.009,0.765,10.741,1.000,0.000,0.0000
5.160,-96.994,-20.160,0.317,0.009,0.765,10.741,1.000,0.000,0.0000
5.170,-96.994,-20.049,0.317,0.009,0.765,10.741,1.000,0.000,0.0000
5.180,-96.994,-19.938,0.317,0.009,0.765,10.741,1.000,0.000,0.0000
5.190,-96.994,-19.827,0.317,0.009,0.764,10.741,1.000,0.000,0.0000
5.200,-96.994,-19.716,0.317,0.009,0.764,10.741,1.000,0.000,0.0000
5.210,-96.994,-19.605,0.317,0.009,0.764,10.741,1.000,0.000,0.0000
5.220,-96.994,-19.494,0.317,0.009,0.764,10.741,1.000,0.000,0.0000
5.230,-96.994,-19.383,0.317,0.009,0.764,10.741,1.000,0.000,0.0000
5.240,-96.994,-19.272,0.317,0.009,0.764,10.741,1.000,0.000,0.0000
5.250,-96.993,-19.160,0.317,0.009,0.764,10.741,1.000,0.000,0.0000
5.260,-96.993,-19.049,0.317,0.009,0.764,10.741,1.000,0.000,0.0000
5.270,-96.993,-18.938,0.317,0.009,0.764,10.741,1.000,0.000,0.0000
5.280,-96.993,-18.827,0.317,0.009,0.764,10.741,1.000,0.000,0.0000
5.290,-96.993,-18.716,0.317,0.009,0.764,10.741,1.000,0.000,0.0000
5.300,-96.993,-18.605,0.317,0.009,0.763,10.741,1.000,0.000,0.0000
5.310,-96.993,-18.494,0.317,0.009,0.763,10.741,1.000,0.000,0.0000
5.320,-96.993,-18.383,0.317,0.009,0.763,10.741,1.000,0.000,0.0000
5.330,-96.993,-18.272,0.317,0.009,0.763,10.741,1.000,0.000,0.0000
5.340,-96.993,-18.161,0.317,0.009,0.763,10.741,1.000,0.000,0.0000
5.350,-96.993,-18.049,0.317,0.009,0.763,10.741,1.000,0.000,0.0000
5.360,-96.992,-17.938,0.317,0.009,0.763,10.741,1.000,0.000,0.0000
5.370,-96.992,-17.827,0.317,0.009,0.763,10.741,1.000,0.000,0.0000
5.380,-96.992,-17.716,0.317,0.009,0.763,10.741,1.000,0.000,0.0000
5.390,-96.992,-17.605,0.317,0.009,0.763,10.741,1.000,0.000,0.0000
5.400,-96.992,-17.494,0.317,0.009,0.763,10.741,1.000,0.000,0.0000
5.410,-96.992,-17.383,0.317,0.009,0.763,10.741,0.940,0.000,0.0000
5.420,-96.992,-17.272,0.317,0.010,0.762,10.741,0.880,0.000,0.0000
5.430,-96.992,-17.161,0.317,0.014,0.762,10.741,0.820,0.000,0.0000
5.440,-96.992,-17.051,0.317,0.020,0.762,10.741,0.760,0.000,0.0000
5.450,-96.992,-16.941,0.318,0.028,0.762,10.740,0.700,0.000,0.0000
5.460,-96.992,-16.831,0.318,0.035,0.762,10.740,0.640,0.000,0.0000
5.470,-96.992,-16.722,0.318,0.042,0.762,10.740,0.580,0.000,0.0000
5.480,-96.991,-16.613,0.319,0.047,0.762,10.739,0.520,0.000,0.0000
5.490,-96.991,-16.505,0.319,0.051,0.762,10.739,0.460,0.000,0.0000
5.500,-96.991,-16.397,0.320,0.054,0.762,10.738,0.400,0.000,0.0000
5.510,-96.991,-16.290,0.320,0.056,0.762,10.737,0.340,0.000,0.0000
5.520,-96.991,-16.183,0.321,0.057,0.762,10.737,0.280,0.000,0.0000
5.530,-96.991,-16.076,0.322,0.057,0.762,10.736,0.220,0.000,0.0000
5.540,-96.991,-15.969,0.322,0.056,0.762,10.736,0.160,0.000,0.0000
5.550,-96.991,-15.864,0.323,0.055,0.762,10.735,0.100,0.000,0.0000
5.560,-96.991,-15.758,0.323,0.053,0.761,10.735,0.040,0.000,0.0000
5.570,-96.991,-15.653,0.324,0.050,0.761,10.734,0.000,0.000,0.0000
5.580,-96.991,-15.548,0.324,0.047,0.761,10.734,0.000,0.000,0.0000
5.590,-96.990,-15.444,0.325,0.043,0.761,10.733,0.000,0.000,0.0000
5.600,-96.990,-15.340,0.325,0.039,0.761,10.733,0.000,0.000,0.0000
5.610,-96.990,-15.236,0.325,0.035,0.761,10.733,0.000,0.000,0.0000
5.620,-96.990,-15.133,0.326,0.031,0.761,10.732,0.000,0.000,0.0000
5.630,-96.990,-15.031,0.326,0.026,0.761,10.732,0.000,0.000,0.0000
5.640,-96.990,-14.928,0.326,0.022,0.761,10.732,0.000,0.000,0.0000
5.650,-96.990,-14.826,0.326,0.018,0.761,10.732,0.000,0.000,0.0000
5.660,-96.990,-14.725,0.326,0.014,0.761,10.731,0.000,0.000,0.0000
5.670,-96.990,-14.624,0.326,0.011,0.761,10.731,0.000,0.000,0.0000
5.680,-96.990,-14.523,0.326,0.009,0.761,10.731,0.000,0.000,0.0000
5.690,-96.990,-14.423,0.326,0.008,0.761,10.731,0.000,0.000,0.0000
5.700,-96.990,-14.323,0.326,0.009,0.760,10.731,0.000,0.000,0.0000
5.710,-96.990,-14.224,0.326,0.011,0.760,10.731,0.000,0.000,0.0000
5.720,-96.989,-14.125,0.326,0.013,0.760,10.732,0.000,0.000,0.0000
5.730,-96.989,-14.026,0.326,0.015,0.760,10.732,0.000,0.000,0.0000
5.740,-96.989,-13.928,0.326,0.017,0.760,10.732,0.000,0.000,0.0000
5.750,-96.989,-13.830,0.326,0.019,0.760,10.732,0.000,0.000,0.0000
5.760,-96.989,-13.732,0.325,0.020,0.760,10.732,0.000,0.000,0.0000
5.770,-96.989,-13.635,0.325,0.021,0.760,10.732,0.000,0.000,0.0000
5.780,-96.989,-13.539,0.325,0.022,0.760,10.733,0.000,0.000,0.0000
5.790,-96.989,-13.443,0.325,0.022,0.760,10.733,0.000,0.000,0.0000
5.800,-96.989,-13.347,0.325,0.022,0.760,10.733,0.000,0.000,0.0000
5.810,-96.989,-13.251,0.324,0.022,0.760,10.733,0.000,0.000,0.0000
5.820,-96.989,-13.156,0.324,0.021,0.759,10.733,0.000,0.000,0.0000
5.830,-96.989,-13.061,0.324,0.021,0.759,10.734,0.000,0.000,0.0000
5.840,-96.989,-12.967,0.324,0.020,0.759,10.734,0.000,0.000,0.0000
5.850,-96.988,-12.873,0.324,0.019,0.759,10.734,0.000,0.000,0.0000
5.860,-96.988,-12.780,0.324,0.017,0.759,10.734,0.000,0.000,0.0000
5.870,-96.988,-12.687,0.323,0.016,0.759,10.734,0.000,0.000,0.0000
5.880,-96.988,-12.594,0.323,0.015,0.759,10.734,0.000,0.000,0.0000
5.890,-96.988,-12.502,0.323,0.013,0.759,10.734,0.000,0.000,0.0000
5.900,-96.988,-12.410,0.323,0.012,0.759,10.734,0.000,0.000,0.0000
5.910,-96.988,-12.318,0.323,0.010,0.759,10.735,0.000,0.000,0.0000
5.920,-96.988,-12.227,0.323,0.009,0.759,10.735,0.000,0.000,0.0000
5.930,-96.988,-12.136,0.323,0.008,0.759,10.735,0.000,0.000,0.0000
5.940,-96.988,-12.046,0.323,0.008,0.758,10.735,0.000,0.000,0.0000
5.950,-96.988,-11.956,0.323,0.007,0.758,10.735,0.000,0.000,0.0000
5.960,-96.988,-11.867,0.323,0.007,0.758,10.735,0.000,0.000,0.0000
5.970,-96.988,-11.777,0.323,0.007,0.758,10.735,0.000,0.000,0.0000
5.980,-96.987,-11.689,0.323,0.008,0.758,10.735,0.000,0.000,0.0000
5.990,-96.987,-11.600,0.323,0.008,0.758,10.735,0.000,0.000,0.0000
6.000,-96.987,-11.512,0.323,0.009,0.758,10.734,0.000,0.000,0.0000
6.010,-96.987,-11.425,0.323,0.009,0.758,10.734,0.000,0.000,0.0000
6.020,-96.987,-11.338,0.323,0.010,0.758,10.734,0.000,0.000,0.0000
6.030,-96.987,-11.251,0.323,0.010,0.758,10.734,0.000,0.000,0.0000
6.040,-96.987,-11.164,0.323,0.010,0.758,10.734,0.000,0.000,0.0000
6.050,-96.987,-11.078,0.323,0.010,0.758,10.734,0.000,0.000,0.0000
6.060,-96.987,-10.993,0.323,0.010,0.758,10.734,0.000,0.000,0.0000
6.070,-96.987,-10.908,0.324,0.010,0.758,10.734,0.000,0.000,0.0000
6.080,-96.987,-10.823,0.324,0.010,0.758,10.734,0.000,0.000,0.0000
6.090,-96.987,-10.738,0.324,0.010,0.757,10.734,0.000,0.000,0.0000
6.100,-96.987,-10.654,0.324,0.010,0.757,10.734,0.000,0.000,0.0000
6.110,-96.987,-10.571,0.324,0.009,0.757,10.734,0.000,0.000,0.0000
6.120,-96.987,-10.488,0.324,0.009,0.757,10.734,0.000,0.000,0.0000
6.130,-96.986,-10.405,0.324,0.009,0.757,10.733,0.000,0.000,0.0000
6.140,-96.986,-10.322,0.324,0.008,0.757,10.733,0.000,0.000,0.0000
6.150,-96.986,-10.240,0.324,0.008,0.757,10.733,0.000,0.000,0.0000
6.160,-96.986,-10.159,0.324,0.008,0.757,10.733,0.000,0.000,0.0000
6.170,-96.986,-10.077,0.324,0.007,0.757,10.733,0.000,0.000,0.0000
6.180,-96.986,-9.997,0.324,0.007,0.757,10.733,0.000,0.000,0.0000
6.190,-96.986,-9.916,0.324,0.007,0.757,10.733,0.000,0.000,0.0000
6.200,-96.986,-9.836,0.324,0.006,0.757,10.733,0.000,0.000,0.0000
6.210,-96.986,-9.757,0.324,0.006,0.757,10.733,0.000,0.000,0.0000
6.220,-96.986,-9.677,0.324,0.006,0.757,10.733,0.000,0.000,0.0000
6.230,-96.986,-9.599,0.324,0.006,0.757,10.733,0.000,0.000,0.0000
6.240,-96.986,-9.520,0.324,0.006,0.757,10.733,0.000,0.000,0.0000
6.250,-96.986,-9.442,0.324,0.006,0.756,10.733,0.000,0.000,0.0000
6.260,-96.986,-9.364,0.324,0.006,0.756,10.733,0.000,0.000,0.0000
6.270,-96.986,-9.287,0.324,0.006,0.756,10.733,0.000,0.000,0.0000
6.280,-96.986,-9.210,0.324,0.007,0.756,10.733,0.000,0.000,0.0000
6.290,-96.985,-9.134,0.324,0.007,0.756,10.733,0.000,0.000,0.0000
6.300,-96.985,-9.058,0.324,0.007,0.756,10.733,0.000,0.000,0.0000
6.310,-96.985,-8.982,0.324,0.007,0.756,10.733,0.000,0.000,0.0000
6.320,-96.985,-8.907,0.324,0.007,0.756,10.733,0.000,0.000,0.0000
6.330,-96.985,-8.832,0.324,0.007,0.756,10.733,0.000,0.000,0.0000
6.340,-96.985,-8.758,0.324,0.007,0.756,10.733,0.000,0.000,0.0000
6.350,-96.985,-8.683,0.324,0.007,0.756,10.733,0.000,0.000,0.0000
6.360,-96.985,-8.610,0.324,0.006,0.756,10.733,0.000,0.000,0.0000
6.370,-96.985,-8.537,0.324,0.006,0.756,10.733,0.000,0.000,0.0000
6.380,-96.985,-8.464,0.324,0.006,0.756,10.733,0.000,0.000,0.0000
6.390,-96.985,-8.391,0.324,0.006,0.756,10.733,0.000,0.000,0.0000
6.400,-96.985,-8.319,0.324,0.006,0.756,10.733,0.000,0.000,0.0000
6.410,-96.985,-8.247,0.324,0.006,0.755,10.734,0.000,0.000,0.0000
6.420,-96.985,-8.176,0.324,0.006,0.755,10.734,0.000,0.000,0.0000
6.430,-96.985,-8.105,0.324,0.006,0.755,10.734,0.000,0.000,0.0000
6.440,-96.985,-8.035,0.324,0.006,0.755,10.734,0.000,0.000,0.0000
6.450,-96.985,-7.965,0.324,0.006,0.755,10.734,0.000,0.000,0.0000
6.460,-96.984,-7.895,0.324,0.006,0.755,10.734,0.000,0.000,0.0000
6.470,-96.984,-7.826,0.324,0.006,0.755,10.734,0.000,0.000,0.0000
6.480,-96.984,-7.757,0.324,0.005,0.755,10.734,0.000,0.000,0.0000
6.490,-96.984,-7.688,0.324,0.005,0.755,10.734,0.000,0.000,0.0000
6.500,-96.984,-7.620,0.324,0.005,0.755,10.734,0.000,0.000,0.0000
6.510,-96.984,-7.552,0.324,0.005,0.755,10.734,0.000,0.000,0.0000
6.520,-96.984,-7.485,0.324,0.005,0.755,10.733,0.000,0.000,0.0000
6.530,-96.984,-7.418,0.324,0.005,0.755,10.733,0.000,0.000,0.0000
6.540,-96.984,-7.351,0.324,0.005,0.755,10.733,0.040,0.000,0.0000
6.550,-96.984,-7.285,0.324,0.005,0.755,10.733,0.080,0.000,0.0000
6.560,-96.984,-7.220,0.324,0.005,0.755,10.733,0.120,0.000,0.0000
6.570,-96.984,-7.154,0.324,0.005,0.755,10.733,0.160,0.000,0.0000
6.580,-96.984,-7.089,0.324,0.005,0.755,10.733,0.200,0.000,0.0000
6.590,-96.984,-7.025,0.324,0.005,0.755,10.733,0.240,0.000,0.0000
6.600,-96.984,-6.961,0.324,0.005,0.754,10.733,0.280,0.000,0.0000
6.610,-96.984,-6.897,0.324,0.005,0.754,10.733,0.320,0.000,0.0000
6.620,-96.984,-6.833,0.324,0.005,0.754,10.733,0.360,0.000,0.0000
6.630,-96.984,-6.770,0.324,0.005,0.754,10.733,0.400,0.000,0.0000
6.640,-96.984,-6.708,0.324,0.005,0.754,10.733,0.440,0.000,0.0000
6.650,-96.983,-6.646,0.324,0.005,0.754,10.733,0.480,0.000,0.0000
6.660,-96.983,-6.584,0.324,0.005,0.754,10.733,0.520,0.000,0.0000
6.670,-96.983,-6.523,0.324,0.005,0.754,10.733,0.560,0.000,0.0000
6.680,-96.983,-6.461,0.324,0.009,0.754,10.733,0.600,0.000,0.0000
6.690,-96.983,-6.400,0.324,0.021,0.754,10.734,0.640,0.000,0.0000
6.700,-96.983,-6.338,0.323,0.037,0.754,10.734,0.680,0.000,0.0000
6.710,-96.983,-6.276,0.323,0.054,0.754,10.734,0.720,0.000,0.0000
6.720,-96.983,-6.214,0.322,0.070,0.754,10.735,0.760,0.000,0.0000
6.730,-96.983,-6.151,0.321,0.084,0.754,10.736,0.800,0.000,0.0000
6.740,-96.983,-6.087,0.320,0.095,0.754,10.737,0.840,0.000,0.0000
6.750,-96.983,-6.024,0.319,0.103,0.754,10.738,0.880,0.000,0.0000
6.760,-96.983,-5.959,0.318,0.109,0.753,10.739,0.920,0.000,0.0000
6.770,-96.983,-5.895,0.317,0.113,0.753,10.740,0.960,0.000,0.0000
6.780,-96.983,-5.830,0.316,0.115,0.753,10.741,1.000,0.000,0.0000
6.790,-96.983,-5.765,0.315,0.115,0.753,10.742,1.000,0.000,0.0000
6.800,-96.983,-5.699,0.314,0.113,0.753,10.744,1.000,0.000,0.0000
6.810,-96.983,-5.633,0.312,0.109,0.753,10.745,1.000,0.000,0.0000
6.820,-96.983,-5.566,0.311,0.105,0.753,10.746,1.000,0.000,0.0000
6.830,-96.983,-5.499,0.310,0.099,0.753,10.747,1.000,0.000,0.0000
6.840,-96.982,-5.432,0.309,0.092,0.753,10.748,1.000,0.000,0.0000
6.850,-96.982,-5.364,0.309,0.084,0.753,10.748,1.000,0.000,0.0000
6.860,-96.982,-5.296,0.308,0.076,0.753,10.749,1.000,0.000,0.0000
6.870,-96.982,-5.227,0.307,0.067,0.753,10.750,1.000,0.000,0.0000
6.880,-96.982,-5.158,0.307,0.058,0.752,10.750,1.000,0.000,0.0000
6.890,-96.982,-5.089,0.306,0.048,0.752,10.751,1.000,0.000,0.0000
6.900,-96.982,-5.019,0.306,0.039,0.752,10.751,0.940,0.000,0.0000
6.910,-96.982,-4.949,0.305,0.030,0.752,10.751,0.880,0.000,0.0000
6.920,-96.982,-4.878,0.305,0.021,0.752,10.752,0.820,0.000,0.0000
6.930,-96.982,-4.807,0.305,0.013,0.752,10.752,0.760,0.000,0.0000
6.940,-96.982,-4.735,0.305,0.006,0.752,10.752,0.700,0.000,0.0000
6.950,-96.982,-4.663,0.305,0.007,0.752,10.752,0.640,0.000,0.0000
6.960,-96.982,-4.591,0.305,0.020,0.752,10.752,0.580,0.000,0.0000
6.970,-96.982,-4.519,0.306,0.039,0.752,10.751,0.520,0.000,0.0000
6.980,-96.982,-4.448,0.306,0.060,0.752,10.751,0.460,0.000,0.0000
6.990,-96.982,-4.376,0.307,0.081,0.752,10.750,0.400,0.000,0.0000
7.000,-96.982,-4.305,0.308,0.101,0.752,10.749,0.340,0.000,0.0000
7.010,-96.982,-4.235,0.309,0.117,0.752,10.748,0.280,0.000,0.0000
7.020,-96.981,-4.165,0.311,0.131,0.752,10.746,0.220,0.000,0.0000
7.030,-96.981,-4.095,0.312,0.141,0.752,10.745,0.160,0.000,0.0000
7.040,-96.981,-4.026,0.314,0.148,0.752,10.743,0.100,0.000,0.0000
7.050,-96.981,-3.957,0.315,0.152,0.752,10.742,0.040,0.000,0.0000
7.060,-96.981,-3.889,0.317,0.154,0.752,10.740,0.000,0.000,0.0000
7.070,-96.981,-3.820,0.318,0.153,0.752,10.739,0.000,0.000,0.0000
7.080,-96.981,-3.753,0.320,0.150,0.752,10.737,0.000,0.000,0.0000
7.090,-96.981,-3.686,0.321,0.146,0.752,10.736,0.000,0.000,0.0000
7.100,-96.981,-3.619,0.322,0.139,0.752,10.734,0.000,0.000,0.0000
7.110,-96.981,-3.552,0.324,0.131,0.752,10.733,0.000,0.000,0.0000
7.120,-96.981,-3.486,0.325,0.122,0.752,10.732,0.000,0.000,0.0000
7.130,-96.981,-3.421,0.326,0.112,0.752,10.731,0.000,0.000,0.0000
7.140,-96.981,-3.356,0.327,0.100,0.752,10.730,0.000,0.000,0.0000
7.150,-96.981,-3.291,0.328,0.089,0.752,10.729,0.000,0.000,0.0000
7.160,-96.981,-3.227,0.329,0.076,0.752,10.728,0.000,0.000,0.0000
7.170,-96.981,-3.163,0.329,0.064,0.752,10.728,0.000,0.000,0.0000
7.180,-96.981,-3.099,0.330,0.051,0.752,10.727,0.000,0.000,0.0000
7.190,-96.981,-3.036,0.330,0.039,0.752,10.727,0.000,0.000,0.0000
7.200,-96.981,-2.974,0.331,0.027,0.752,10.726,0.000,0.000,0.0000
7.210,-96.980,-2.911,0.331,0.016,0.752,10.726,0.000,0.000,0.0000
7.220,-96.980,-2.850,0.331,0.006,0.752,10.726,0.000,0.000,0.0000
7.230,-96.980,-2.788,0.331,0.008,0.751,10.726,0.000,0.000,0.0000
7.240,-96.980,-2.727,0.331,0.017,0.751,10.726,0.000,0.000,0.0000
7.250,-96.980,-2.667,0.330,0.025,0.751,10.727,0.000,0.000,0.0000
7.260,-96.980,-2.607,0.330,0.032,0.751,10.727,0.000,0.000,0.0000
7.270,-96.980,-2.547,0.330,0.039,0.751,10.727,0.000,0.000,0.0000
7.280,-96.980,-2.488,0.329,0.044,0.751,10.728,0.000,0.000,0.0000
7.290,-96.980,-2.429,0.329,0.049,0.751,10.728,0.000,0.000,0.0000
7.300,-96.980,-2.370,0.328,0.053,0.751,10.729,0.000,0.000,0.0000
7.310,-96.980,-2.312,0.328,0.055,0.751,10.729,0.000,0.000,0.0000
7.320,-96.980,-2.255,0.327,0.057,0.751,10.730,0.000,0.000,0.0000
7.330,-96.980,-2.197,0.326,0.057,0.751,10.730,0.000,0.000,0.0000
7.340,-96.980,-2.140,0.326,0.057,0.751,10.731,0.000,0.000,0.0000
7.350,-96.980,-2.084,0.325,0.056,0.751,10.731,0.000,0.000,0.0000
7.360,-96.980,-2.028,0.325,0.054,0.751,10.732,0.000,0.000,0.0000
7.370,-96.980,-1.972,0.324,0.052,0.751,10.733,0.000,0.000,0.0000
7.380,-96.980,-1.917,0.324,0.049,0.750,10.733,0.000,0.000,0.0000
7.390,-96.980,-1.862,0.323,0.045,0.750,10.733,0.000,0.000,0.0000
7.400,-96.980,-1.807,0.323,0.041,0.750,10.734,0.000,0.000,0.0000
7.410,-96.980,-1.753,0.323,0.037,0.750,10.734,0.000,0.000,0.0000
7.420,-96.980,-1.699,0.322,0.032,0.750,10.735,0.000,0.000,0.0000
7.430,-96.979,-1.646,0.322,0.028,0.750,10.735,0.000,0.000,0.0000
7.440,-96.979,-1.593,0.322,0.023,0.750,10.735,0.000,0.000,0.0000
7.450,-96.979,-1.540,0.322,0.019,0.750,10.735,0.000,0.000,0.0000
7.460,-96.979,-1.488,0.321,0.014,0.750,10.735,0.000,0.000,0.0000
7.470,-96.979,-1.436,0.321,0.010,0.750,10.735,0.000,0.000,0.0000
7.480,-96.979,-1.385,0.321,0.006,0.750,10.735,0.000,0.000,0.0000
7.490,-96.979,-1.334,0.321,0.004,0.750,10.735,0.000,0.000,0.0000
7.500,-96.979,-1.283,0.321,0.005,0.750,10.735,0.000,0.000,0.0000
7.510,-96.979,-1.233,0.321,0.008,0.750,10.735,0.000,0.000,0.0000
7.520,-96.979,-1.183,0.321,0.011,0.750,10.735,0.000,0.000,0.0000
7.530,-96.979,-1.133,0.322,0.013,0.750,10.735,0.000,0.000,0.0000
7.540,-96.979,-1.084,0.322,0.015,0.750,10.735,0.000,0.000,0.0000
7.550,-96.979,-1.035,0.322,0.017,0.750,10.735,0.000,0.000,0.0000
7.560,-96.979,-0.987,0.322,0.019,0.750,10.735,0.000,0.000,0.0000
7.570,-96.979,-0.939,0.322,0.020,0.750,10.734,0.000,0.000,0.0000
7.580,-96.979,-0.892,0.323,0.021,0.750,10.734,0.000,0.000,0.0000
7.590,-96.979,-0.844,0.323,0.021,0.750,10.734,0.000,0.000,0.0000
7.600,-96.979,-0.798,0.323,0.021,0.750,10.734,0.000,0.000,0.0000
7.610,-96.979,-0.751,0.323,0.021,0.749,10.734,0.000,0.000,0.0000
7.620,-96.979,-0.705,0.323,0.021,0.749,10.733,0.000,0.000,0.0000
7.630,-96.979,-0.660,0.324,0.020,0.749,10.733,0.000,0.000,0.0000
7.640,-96.979,-0.615,0.324,0.019,0.749,10.733,0.000,0.000,0.0000
7.650,-96.979,-0.570,0.324,0.018,0.749,10.733,0.000,0.000,0.0000
7.660,-96.979,-0.526,0.324,0.016,0.749,10.733,0.000,0.000,0.0000
7.670,-96.979,-0.482,0.324,0.015,0.749,10.732,0.040,0.000,0.0000
7.680,-96.979,-0.438,0.324,0.013,0.749,10.732,0.080,0.000,0.0000
7.690,-96.978,-0.395,0.324,0.012,0.749,10.732,0.120,0.000,0.0000
7.700,-96.978,-0.352,0.325,0.010,0.749,10.732,0.160,0.000,0.0000
7.710,-96.978,-0.310,0.325,0.008,0.749,10.732,0.200,0.000,0.0000
7.720,-96.978,-0.268,0.325,0.007,0.749,10.732,0.240,0.000,0.0000
7.730,-96.978,-0.226,0.325,0.005,0.749,10.732,0.280,0.000,0.0000
7.740,-96.978,-0.185,0.325,0.004,0.749,10.732,0.320,0.000,0.0000
7.750,-96.978,-0.145,0.325,0.003,0.749,10.732,0.360,0.000,0.0000
7.760,-96.978,-0.104,0.325,0.003,0.749,10.732,0.400,0.000,0.0000
7.770,-96.978,-0.064,0.325,0.010,0.749,10.732,0.440,0.000,0.0000
7.780,-96.978,-0.024,0.324,0.024,0.749,10.732,0.480,0.000,0.0000
7.790,-96.978,0.017,0.324,0.042,0.749,10.733,0.520,0.000,0.0000
7.800,-96.978,0.058,0.323,0.060,0.749,10.733,0.560,0.000,0.0000
7.810,-96.978,0.099,0.323,0.076,0.749,10.734,0.600,0.000,0.0000
7.820,-96.978,0.141,0.322,0.090,0.749,10.735,0.640,0.000,0.0000
7.830,-96.978,0.184,0.321,0.102,0.749,10.736,0.680,0.000,0.0000
7.840,-96.978,0.226,0.320,0.111,0.749,10.737,0.720,0.000,0.0000
7.850,-96.978,0.269,0.318,0.117,0.748,10.738,0.760,0.000,0.0000
7.860,-96.978,0.313,0.317,0.121,0.748,10.739,0.800,0.000,0.0000
7.870,-96.978,0.357,0.316,0.122,0.748,10.741,0.840,0.000,0.0000
7.880,-96.978,0.401,0.315,0.122,0.748,10.742,0.880,0.000,0.0000
7.890,-96.978,0.446,0.314,0.120,0.748,10.743,0.920,0.000,0.0000
7.900,-96.978,0.491,0.312,0.116,0.748,10.744,0.960,0.000,0.0000
7.910,-96.978,0.537,0.311,0.111,0.748,10.745,1.000,0.000,0.0000
7.920,-96.978,0.582,0.310,0.104,0.748,10.746,1.000,0.000,0.0000
7.930,-96.978,0.629,0.309,0.097,0.748,10.747,1.000,0.000,0.0000
7.940,-96.978,0.676,0.308,0.089,0.748,10.748,1.000,0.000,0.0000
7.950,-96.978,0.723,0.308,0.080,0.748,10.749,1.000,0.000,0.0000
7.960,-96.978,0.770,0.307,0.070,0.748,10.750,1.000,0.000,0.0000
7.970,-96.978,0.818,0.306,0.060,0.748,10.750,1.000,0.000,0.0000
7.980,-96.977,0.867,0.306,0.050,0.748,10.751,1.000,0.000,0.0000
7.990,-96.977,0.916,0.305,0.040,0.748,10.751,1.000,0.000,0.0000
8.000,-96.977,0.965,0.305,0.030,0.748,10.751,1.000,0.000,0.0000
8.010,-96.977,1.015,0.305,0.021,0.748,10.752,1.000,0.000,0.0000
8.020,-96.977,1.065,0.305,0.012,0.747,10.752,1.000,0.000,0.0000
8.030,-96.977,1.115,0.305,0.005,0.747,10.752,1.000,0.000,0.0000
8.040,-96.977,1.166,0.305,0.007,0.747,10.752,1.000,0.000,0.0000
8.050,-96.977,1.217,0.305,0.014,0.747,10.752,1.000,0.000,0.0000
8.060,-96.977,1.269,0.305,0.021,0.747,10.751,1.000,0.000,0.0000
8.070,-96.977,1.321,0.305,0.027,0.747,10.751,1.000,0.000,0.0000
8.080,-96.977,1.374,0.306,0.032,0.747,10.751,1.000,0.000,0.0000
8.090,-96.977,1.427,0.306,0.036,0.747,10.750,1.000,0.000,0.0000
8.100,-96.977,1.480,0.307,0.040,0.747,10.750,1.000,0.000,0.0000
8.110,-96.977,1.534,0.307,0.042,0.747,10.750,1.000,0.000,0.0000
8.120,-96.977,1.588,0.307,0.044,0.747,10.749,1.000,0.000,0.0000
8.130,-96.977,1.643,0.308,0.045,0.747,10.749,1.000,0.000,0.0000
8.140,-96.977,1.698,0.308,0.045,0.747,10.748,1.000,0.000,0.0000
8.150,-96.977,1.753,0.309,0.045,0.747,10.748,1.000,0.000,0.0000
8.160,-96.977,1.809,0.309,0.044,0.747,10.747,1.000,0.000,0.0000
8.170,-96.977,1.865,0.310,0.042,0.747,10.747,0.940,0.000,0.0000
8.180,-96.977,1.922,0.310,0.040,0.747,10.746,0.880,0.000,0.0000
8.190,-96.977,1.978,0.310,0.038,0.747,10.746,0.820,0.000,0.0000
8.200,-96.977,2.036,0.311,0.035,0.747,10.746,0.760,0.000,0.0000
8.210,-96.976,2.093,0.311,0.032,0.747,10.745,0.700,0.000,0.0000
8.220,-96.976,2.152,0.311,0.028,0.747,10.745,0.640,0.000,0.0000
8.230,-96.976,2.210,0.312,0.025,0.747,10.745,0.580,0.000,0.0000
8.240,-96.976,2.269,0.312,0.021,0.747,10.745,0.520,0.000,0.0000
8.250,-96.976,2.328,0.312,0.025,0.747,10.744,0.460,0.000,0.0000
8.260,-96.976,2.387,0.312,0.034,0.747,10.744,0.400,0.000,0.0000
8.270,-96.976,2.445,0.313,0.046,0.747,10.744,0.340,0.000,0.0000
8.280,-96.976,2.504,0.313,0.059,0.747,10.743,0.280,0.000,0.0000
8.290,-96.976,2.561,0.314,0.071,0.747,10.742,0.220,0.000,0.0000
8.300,-96.976,2.619,0.315,0.081,0.746,10.742,0.160,0.000,0.0000
8.310,-96.976,2.675,0.316,0.089,0.746,10.741,0.100,0.000,0.0000
8.320,-96.976,2.732,0.317,0.095,0.746,10.740,0.040,0.000,0.0000
8.330,-96.976,2.788,0.318,0.098,0.746,10.739,0.000,0.000,0.0000
8.340,-96.976,2.844,0.319,0.100,0.746,10.738,0.000,0.000,0.0000
8.350,-96.976,2.899,0.320,0.100,0.746,10.737,0.000,0.000,0.0000
8.360,-96.976,2.954,0.321,0.099,0.746,10.736,0.000,0.000,0.0000
8.370,-96.976,3.008,0.322,0.096,0.746,10.735,0.000,0.000,0.0080
8.380,-96.976,3.062,0.323,0.092,0.746,10.734,0.000,0.000,0.0160
8.390,-96.976,3.116,0.323,0.087,0.746,10.733,0.000,0.000,0.0240
8.400,-96.976,3.169,0.324,0.082,0.746,10.732,0.000,0.000,0.0320
8.410,-96.976,3.222,0.325,0.075,0.746,10.731,0.000,0.000,0.0400
8.420,-96.975,3.274,0.326,0.069,0.746,10.731,0.000,0.000,0.0480
8.430,-96.975,3.326,0.326,0.061,0.746,10.730,0.000,0.000,0.0560
8.440,-96.975,3.378,0.327,0.054,0.746,10.730,0.000,0.000,0.0640
8.450,-96.975,3.429,0.327,0.047,0.746,10.729,0.000,0.000,0.0720
8.460,-96.975,3.480,0.328,0.040,0.746,10.729,0.000,0.000,0.0800
8.470,-96.975,3.530,0.328,0.033,0.746,10.728,0.000,0.000,0.0880
8.480,-96.975,3.580,0.328,0.029,0.746,10.728,0.000,0.000,0.0960
8.490,-96.974,3.629,0.328,0.027,0.745,10.728,0.000,0.000,0.1040
8.500,-96.974,3.679,0.328,0.027,0.745,10.728,0.000,0.000,0.1120
8.510,-96.974,3.727,0.328,0.031,0.745,10.728,0.000,0.000,0.1200
8.520,-96.973,3.775,0.328,0.036,0.744,10.728,0.000,0.000,0.1280
8.530,-96.973,3.823,0.328,0.042,0.744,10.728,0.000,0.000,0.1360
8.540,-96.973,3.871,0.328,0.048,0.744,10.728,0.000,0.000,0.1440
8.550,-96.972,3.917,0.328,0.055,0.743,10.728,0.000,0.000,0.1520
8.560,-96.972,3.964,0.328,0.062,0.743,10.729,0.000,0.000,0.1600
8.570,-96.971,4.010,0.327,0.068,0.742,10.729,0.000,0.000,0.1680
8.580,-96.970,4.056,0.327,0.075,0.741,10.729,0.000,0.000,0.1760
8.590,-96.970,4.101,0.327,0.082,0.740,10.729,0.000,0.000,0.1840
8.600,-96.969,4.146,0.326,0.088,0.740,10.730,0.000,0.000,0.1920
8.610,-96.968,4.190,0.326,0.094,0.739,10.730,0.000,0.000,0.2000
8.620,-96.967,4.234,0.326,0.101,0.738,10.730,0.000,0.000,0.2080
8.630,-96.966,4.278,0.325,0.107,0.737,10.730,0.000,0.000,0.2160
8.640,-96.965,4.321,0.325,0.114,0.736,10.730,0.000,0.000,0.2240
8.650,-96.964,4.363,0.325,0.121,0.734,10.731,0.000,0.000,0.2320
8.660,-96.962,4.405,0.324,0.128,0.733,10.731,0.000,0.000,0.2400
8.670,-96.961,4.447,0.324,0.134,0.732,10.731,0.000,0.000,0.2480
8.680,-96.960,4.488,0.324,0.141,0.730,10.731,0.000,0.000,0.2560
8.690,-96.958,4.529,0.324,0.148,0.729,10.731,0.000,0.000,0.2640
8.700,-96.957,4.570,0.324,0.156,0.727,10.731,0.000,0.000,0.2720
8.710,-96.955,4.610,0.323,0.163,0.726,10.731,0.000,0.000,0.2800
8.720,-96.953,4.650,0.323,0.171,0.724,10.731,0.000,0.000,0.2880
8.730,-96.951,4.689,0.323,0.179,0.722,10.731,0.000,0.000,0.2960
8.740,-96.950,4.728,0.323,0.187,0.720,10.731,0.000,0.000,0.3040
8.750,-96.948,4.766,0.323,0.196,0.718,10.731,0.000,0.000,0.3120
8.760,-96.946,4.805,0.323,0.204,0.716,10.731,0.000,0.000,0.3200
8.770,-96.943,4.842,0.323,0.213,0.714,10.731,0.000,0.000,0.3280
8.780,-96.941,4.879,0.323,0.221,0.712,10.731,0.000,0.000,0.3360
8.790,-96.939,4.916,0.323,0.230,0.710,10.730,0.000,0.000,0.3440
8.800,-96.937,4.953,0.323,0.239,0.707,10.730,0.000,0.000,0.3520
8.810,-96.934,4.989,0.323,0.247,0.705,10.730,0.000,0.000,0.3600
8.820,-96.932,5.024,0.323,0.256,0.702,10.730,0.000,0.000,0.3680
8.830,-96.929,5.059,0.323,0.264,0.700,10.729,0.000,0.000,0.3760
8.840,-96.926,5.094,0.323,0.273,0.697,10.729,0.000,0.000,0.3840
8.850,-96.923,5.128,0.323,0.281,0.694,10.728,0.000,0.000,0.3920
8.860,-96.921,5.161,0.324,0.289,0.691,10.728,0.000,0.000,0.4000
8.870,-96.918,5.194,0.324,0.297,0.688,10.728,0.000,0.000,0.4080
8.880,-96.914,5.227,0.324,0.305,0.685,10.727,0.000,0.000,0.4160
8.890,-96.911,5.259,0.324,0.312,0.682,10.727,0.000,0.000,0.4240
8.900,-96.908,5.291,0.324,0.320,0.679,10.726,0.000,0.000,0.4320
8.910,-96.905,5.322,0.325,0.327,0.676,10.726,0.000,0.000,0.4400
8.920,-96.902,5.353,0.325,0.334,0.672,10.725,0.000,0.000,0.4480
8.930,-96.898,5.383,0.325,0.340,0.669,10.725,0.000,0.000,0.4560
8.940,-96.895,5.413,0.325,0.346,0.666,10.724,0.000,0.000,0.4640
8.950,-96.891,5.442,0.325,0.352,0.662,10.724,0.000,0.000,0.4720
8.960,-96.888,5.471,0.325,0.358,0.659,10.723,0.000,0.000,0.4800
8.970,-96.884,5.499,0.326,0.363,0.655,10.723,0.000,0.000,0.4880
8.980,-96.880,5.527,0.326,0.368,0.651,10.722,0.000,0.000,0.4960
8.990,-96.877,5.554,0.326,0.372,0.648,10.722,0.000,0.000,0.5000
9.000,-96.873,5.581,0.326,0.377,0.644,10.722,0.000,0.000,0.4700
9.010,-96.869,5.607,0.326,0.381,0.640,10.721,0.000,0.000,0.4400
9.020,-96.865,5.633,0.326,0.385,0.636,10.721,0.000,0.000,0.4100
9.030,-96.861,5.658,0.326,0.388,0.632,10.720,0.000,0.000,0.3800
9.040,-96.857,5.683,0.326,0.391,0.628,10.720,0.000,0.000,0.3500
9.050,-96.854,5.708,0.326,0.391,0.625,10.720,0.000,0.000,0.3200
9.060,-96.850,5.731,0.326,0.388,0.621,10.719,0.000,0.000,0.2900
9.070,-96.846,5.755,0.326,0.385,0.617,10.719,0.000,0.000,0.2600
9.080,-96.842,5.778,0.326,0.381,0.613,10.719,0.000,0.000,0.2300
9.090,-96.838,5.800,0.326,0.376,0.609,10.719,0.000,0.000,0.2000
9.100,-96.834,5.823,0.326,0.371,0.606,10.718,0.000,0.000,0.1700
9.110,-96.831,5.844,0.326,0.366,0.602,10.718,0.000,0.000,0.1400
9.120,-96.827,5.866,0.326,0.361,0.598,10.718,0.000,0.000,0.1100
9.130,-96.824,5.887,0.326,0.356,0.595,10.718,0.000,0.000,0.0800
9.140,-96.820,5.908,0.326,0.354,0.591,10.718,0.000,0.000,0.0500
9.150,-96.817,5.928,0.325,0.351,0.588,10.718,0.000,0.000,0.0200
9.160,-96.813,5.948,0.325,0.348,0.584,10.718,0.000,0.000,0.0000
9.170,-96.810,5.968,0.325,0.345,0.581,10.718,0.000,0.000,0.0000
9.180,-96.806,5.987,0.325,0.343,0.577,10.718,0.000,0.000,0.0000
9.190,-96.803,6.006,0.325,0.341,0.574,10.718,0.000,0.000,0.0000
9.200,-96.800,6.025,0.324,0.339,0.571,10.718,0.000,0.000,0.0000
9.210,-96.796,6.044,0.324,0.337,0.567,10.718,0.000,0.000,0.0000
9.220,-96.793,6.062,0.324,0.335,0.564,10.718,0.000,0.000,0.0000
9.230,-96.790,6.081,0.323,0.332,0.561,10.718,0.040,0.000,0.0000
9.240,-96.786,6.099,0.323,0.329,0.557,10.718,0.080,0.000,0.0000
9.250,-96.783,6.117,0.322,0.325,0.554,10.718,0.120,0.000,0.0000
9.260,-96.780,6.135,0.322,0.320,0.551,10.718,0.160,0.000,0.0000
9.270,-96.777,6.152,0.322,0.316,0.548,10.719,0.200,0.000,0.0000
9.280,-96.774,6.170,0.321,0.317,0.544,10.719,0.240,0.000,0.0000
9.290,-96.770,6.188,0.321,0.322,0.541,10.719,0.280,0.000,0.0000
9.300,-96.767,6.206,0.320,0.330,0.538,10.719,0.320,0.000,0.0000
9.310,-96.764,6.224,0.319,0.340,0.535,10.720,0.360,0.000,0.0000
9.320,-96.760,6.243,0.319,0.352,0.531,10.720,0.400,0.000,0.0000
9.330,-96.757,6.263,0.318,0.363,0.528,10.721,0.440,0.000,0.0000
9.340,-96.753,6.283,0.317,0.375,0.524,10.722,0.480,0.000,0.0000
9.350,-96.750,6.303,0.316,0.385,0.520,10.723,0.520,0.000,0.0000
9.360,-96.746,6.324,0.315,0.395,0.516,10.723,0.560,0.000,0.0000
9.370,-96.742,6.345,0.314,0.404,0.512,10.724,0.600,0.000,0.0000
9.380,-96.738,6.366,0.313,0.412,0.508,10.725,0.640,0.000,0.0000
9.390,-96.734,6.388,0.312,0.420,0.504,10.725,0.680,0.000,0.0000
9.400,-96.730,6.411,0.311,0.428,0.500,10.726,0.720,0.000,0.0000
9.410,-96.725,6.433,0.310,0.435,0.496,10.727,0.760,0.000,0.0000
9.420,-96.721,6.457,0.309,0.443,0.491,10.727,0.800,0.000,0.0000
9.430,-96.716,6.480,0.308,0.450,0.487,10.728,0.840,0.000,0.0000
9.440,-96.712,6.504,0.308,0.458,0.482,10.728,0.880,0.000,0.0000
9.450,-96.707,6.529,0.307,0.465,0.478,10.728,0.920,0.000,0.0000
9.460,-96.703,6.553,0.307,0.474,0.473,10.728,0.960,0.000,0.0000
9.470,-96.698,6.579,0.306,0.484,0.468,10.728,1.000,0.000,0.0000
9.480,-96.693,6.605,0.306,0.493,0.463,10.728,1.000,0.000,0.0000
9.490,-96.688,6.631,0.306,0.501,0.458,10.728,1.000,0.000,0.0000
9.500,-96.683,6.657,0.306,0.510,0.453,10.728,1.000,0.000,0.0000
9.510,-96.678,6.684,0.305,0.518,0.448,10.728,1.000,0.000,0.0000
9.520,-96.672,6.712,0.305,0.526,0.443,10.728,1.000,0.000,0.0000
9.530,-96.667,6.740,0.306,0.534,0.437,10.727,1.000,0.000,0.0000
9.540,-96.662,6.768,0.306,0.540,0.432,10.727,1.000,0.000,0.0000
9.550,-96.656,6.796,0.306,0.547,0.426,10.726,1.000,0.000,0.0000
9.560,-96.651,6.825,0.306,0.555,0.421,10.726,1.000,0.000,0.0000
9.570,-96.645,6.855,0.306,0.562,0.415,10.725,1.000,0.000,0.0000
9.580,-96.639,6.884,0.307,0.569,0.410,10.724,1.000,0.000,0.0000
9.590,-96.634,6.914,0.307,0.577,0.404,10.724,1.000,0.000,0.0000
9.600,-96.628,6.945,0.307,0.584,0.398,10.723,1.000,0.000,0.0000
9.610,-96.622,6.976,0.308,0.590,0.392,10.722,1.000,0.000,0.0000
9.620,-96.616,7.007,0.308,0.597,0.386,10.721,1.000,0.000,0.0000
9.630,-96.610,7.039,0.309,0.604,0.380,10.721,1.000,0.000,0.0000
9.640,-96.604,7.071,0.309,0.610,0.374,10.720,1.000,0.000,0.0000
9.650,-96.598,7.103,0.309,0.617,0.368,10.719,1.000,0.000,0.0000
9.660,-96.591,7.136,0.310,0.623,0.362,10.719,1.000,0.000,0.0000
9.670,-96.585,7.169,0.310,0.630,0.356,10.718,1.000,0.000,0.0000
9.680,-96.579,7.203,0.310,0.636,0.349,10.717,1.000,0.000,0.0000
9.690,-96.572,7.237,0.311,0.642,0.343,10.717,1.000,0.000,0.0000
9.700,-96.566,7.272,0.311,0.649,0.337,10.716,1.000,0.000,0.0000
9.710,-96.559,7.306,0.311,0.656,0.330,10.715,1.000,0.000,0.0000
9.720,-96.553,7.342,0.311,0.662,0.323,10.715,1.000,0.000,0.0000
9.730,-96.546,7.377,0.312,0.669,0.317,10.714,1.000,0.000,0.0000
9.740,-96.539,7.413,0.312,0.676,0.310,10.714,1.000,0.000,0.0000
9.750,-96.532,7.450,0.312,0.683,0.303,10.713,1.000,0.000,0.0000
9.760,-96.526,7.486,0.312,0.690,0.296,10.713,1.000,0.000,0.0000
9.770,-96.519,7.524,0.312,0.696,0.289,10.713,1.000,0.000,0.0000
9.780,-96.512,7.561,0.312,0.703,0.282,10.712,1.000,0.000,0.0000
9.790,-96.504,7.599,0.312,0.710,0.275,10.712,1.000,0.000,0.0000
9.800,-96.497,7.637,0.312,0.717,0.268,10.712,1.000,0.000,0.0000
9.810,-96.490,7.676,0.312,0.724,0.261,10.711,1.000,0.000,0.0000
9.820,-96.483,7.715,0.312,0.731,0.254,10.711,1.000,0.000,0.0000
9.830,-96.475,7.755,0.312,0.737,0.246,10.711,1.000,0.000,0.0000
9.840,-96.468,7.795,0.311,0.743,0.239,10.711,1.000,0.000,0.0000
9.850,-96.460,7.835,0.311,0.749,0.231,10.711,1.000,0.000,0.0000
9.860,-96.453,7.875,0.311,0.754,0.224,10.710,1.000,0.000,0.0000
9.870,-96.445,7.916,0.311,0.760,0.216,10.710,1.000,0.000,0.0000
9.880,-96.438,7.958,0.311,0.767,0.209,10.710,1.000,0.000,0.0000
9.890,-96.430,8.000,0.311,0.775,0.201,10.710,1.000,0.000,0.0000
9.900,-96.422,8.042,0.311,0.782,0.193,10.710,1.000,0.000,0.0000
9.910,-96.414,8.084,0.311,0.790,0.185,10.709,1.000,0.000,0.0000
9.920,-96.406,8.127,0.310,0.798,0.177,10.709,1.000,0.000,0.0000
9.930,-96.398,8.170,0.310,0.807,0.169,10.709,1.000,0.000,0.0000
9.940,-96.390,8.214,0.310,0.815,0.161,10.709,1.000,0.000,0.0000
9.950,-96.382,8.258,0.310,0.824,0.153,10.709,1.000,0.000,0.0000
9.960,-96.373,8.303,0.310,0.833,0.145,10.708,1.000,0.000,0.0000
9.970,-96.365,8.348,0.310,0.841,0.136,10.708,1.000,0.000,0.0000
9.980,-96.356,8.393,0.310,0.850,0.128,10.708,1.000,0.000,0.0000
9.990,-96.348,8.439,0.310,0.859,0.120,10.708,1.000,0.000,0.0000
10.000,-96.339,8.485,0.310,0.868,0.111,10.708,1.000,0.000,0.0000
10.010,-96.330,8.531,0.310,0.877,0.102,10.707,1.000,0.000,0.0000
10.020,-96.322,8.578,0.310,0.886,0.094,10.707,1.000,0.000,0.0000
10.030,-96.313,8.626,0.310,0.895,0.085,10.707,1.000,0.000,0.0000
10.040,-96.304,8.673,0.310,0.903,0.076,10.707,1.000,0.000,0.0000
10.050,-96.294,8.721,0.310,0.912,0.067,10.707,1.000,0.000,0.0000
10.060,-96.285,8.770,0.310,0.920,0.059,10.706,1.000,0.000,0.0000
10.070,-96.276,8.819,0.310,0.928,0.050,10.706,1.000,0.000,0.0000
10.080,-96.267,8.868,0.310,0.937,0.041,10.706,1.000,0.000,0.0000
10.090,-96.257,8.918,0.310,0.946,0.033,10.705,1.000,0.000,0.0000
10.100,-96.248,8.968,0.310,0.954,0.026,10.705,1.000,0.000,0.0000
10.110,-96.238,9.018,0.310,0.962,0.021,10.705,1.000,0.000,0.0000
10.120,-96.228,9.069,0.310,0.970,0.020,10.705,1.000,0.000,0.0000
10.130,-96.218,9.120,0.310,0.978,0.023,10.704,1.000,0.000,0.0000
10.140,-96.209,9.171,0.310,0.986,0.029,10.704,1.000,0.000,0.0000
10.150,-96.199,9.223,0.310,0.994,0.037,10.704,1.000,0.000,0.0000
10.160,-96.189,9.275,0.310,1.001,0.046,10.704,1.000,0.000,0.0000
10.170,-96.179,9.328,0.310,1.008,0.055,10.703,1.000,0.000,0.0000
10.180,-96.168,9.381,0.310,1.015,0.065,10.703,1.000,0.000,0.0000
10.190,-96.158,9.434,0.310,1.022,0.075,10.703,1.000,0.000,0.0000
10.200,-96.148,9.488,0.310,1.028,0.085,10.703,1.000,0.000,0.0000
10.210,-96.138,9.542,0.310,1.034,0.095,10.703,0.940,0.000,0.0000
10.220,-96.127,9.597,0.310,1.040,0.105,10.702,0.880,0.000,0.0000
10.230,-96.117,9.652,0.310,1.046,0.115,10.702,0.820,0.000,0.0000
10.240,-96.106,9.708,0.310,1.052,0.125,10.702,0.760,0.000,0.0000
10.250,-96.096,9.764,0.310,1.058,0.136,10.702,0.700,0.000,0.0000
10.260,-96.085,9.820,0.310,1.063,0.146,10.702,0.640,0.000,0.0000
10.270,-96.074,9.877,0.310,1.068,0.157,10.702,0.580,0.000,0.0000
10.280,-96.064,9.934,0.310,1.073,0.168,10.702,0.520,0.000,0.0000
10.290,-96.053,9.991,0.310,1.074,0.178,10.702,0.460,0.000,0.0000
10.300,-96.042,10.048,0.311,1.069,0.189,10.701,0.400,0.000,0.0000
10.310,-96.032,10.105,0.311,1.061,0.200,10.701,0.340,0.000,0.0000
10.320,-96.021,10.161,0.312,1.052,0.210,10.701,0.280,0.000,0.0000
10.330,-96.011,10.217,0.312,1.043,0.220,10.700,0.220,0.000,0.0000
10.340,-96.000,10.273,0.313,1.035,0.231,10.699,0.160,0.000,0.0000
10.350,-95.990,10.328,0.314,1.028,0.241,10.698,0.100,0.000,0.0000
10.360,-95.980,10.383,0.315,1.022,0.251,10.697,0.040,0.000,0.0000
10.370,-95.970,10.438,0.316,1.016,0.261,10.696,0.000,0.000,0.0000
10.380,-95.960,10.492,0.317,1.011,0.272,10.695,0.000,0.000,0.0000
10.390,-95.950,10.546,0.318,1.005,0.282,10.694,0.000,0.000,0.0000
10.400,-95.940,10.599,0.319,0.999,0.292,10.693,0.000,0.000,0.0000
10.410,-95.930,10.652,0.320,0.992,0.302,10.692,0.000,0.000,0.0000
10.420,-95.920,10.705,0.321,0.986,0.311,10.691,0.000,0.000,0.0000
10.430,-95.910,10.757,0.322,0.980,0.321,10.690,0.000,0.000,0.0000
10.440,-95.901,10.809,0.323,0.974,0.331,10.689,0.000,0.000,0.0000
10.450,-95.891,10.860,0.324,0.968,0.341,10.688,0.000,0.000,0.0000
10.460,-95.882,10.911,0.325,0.962,0.350,10.688,0.000,0.000,0.0000
10.470,-95.872,10.962,0.326,0.955,0.360,10.687,0.000,0.000,0.0000
10.480,-95.863,11.012,0.326,0.947,0.369,10.686,0.000,0.000,0.0000
10.490,-95.853,11.061,0.327,0.940,0.379,10.686,0.000,0.000,0.0080
10.500,-95.844,11.110,0.328,0.934,0.388,10.686,0.000,0.000,0.0160
10.510,-95.835,11.159,0.328,0.929,0.397,10.685,0.000,0.000,0.0240
10.520,-95.825,11.207,0.328,0.924,0.406,10.685,0.000,0.000,0.0320
10.530,-95.816,11.255,0.329,0.919,0.416,10.685,0.000,0.000,0.0400
10.540,-95.807,11.302,0.329,0.913,0.425,10.685,0.000,0.000,0.0480
10.550,-95.798,11.349,0.329,0.908,0.434,10.685,0.000,0.000,0.0560
10.560,-95.789,11.396,0.329,0.902,0.443,10.685,0.000,0.000,0.0640
10.570,-95.780,11.442,0.329,0.893,0.452,10.685,0.000,0.000,0.0720
10.580,-95.771,11.488,0.329,0.886,0.461,10.686,0.000,0.000,0.0800
10.590,-95.762,11.533,0.329,0.879,0.469,10.686,0.000,0.000,0.0880
10.600,-95.754,11.578,0.329,0.873,0.478,10.686,0.000,0.000,0.0960
10.610,-95.745,11.622,0.328,0.866,0.487,10.687,0.000,0.000,0.1040
10.620,-95.736,11.666,0.328,0.860,0.495,10.687,0.000,0.000,0.1120
10.630,-95.728,11.710,0.328,0.853,0.504,10.688,0.000,0.000,0.1200
10.640,-95.719,11.753,0.327,0.847,0.512,10.688,0.000,0.000,0.1280
10.650,-95.711,11.795,0.327,0.840,0.520,10.689,0.000,0.000,0.1360
10.660,-95.703,11.837,0.327,0.834,0.529,10.689,0.000,0.000,0.1440
10.670,-95.694,11.879,0.326,0.828,0.537,10.690,0.000,0.000,0.1520
10.680,-95.686,11.920,0.326,0.822,0.545,10.691,0.000,0.000,0.1600
10.690,-95.678,11.961,0.326,0.816,0.553,10.691,0.000,0.000,0.1680
10.700,-95.670,12.002,0.325,0.811,0.561,10.692,0.000,0.000,0.1760
10.710,-95.662,12.042,0.325,0.806,0.569,10.693,0.000,0.000,0.1840
10.720,-95.654,12.081,0.324,0.801,0.577,10.693,0.000,0.000,0.1920
10.730,-95.646,12.120,0.324,0.797,0.585,10.694,0.000,0.000,0.2000
10.740,-95.638,12.159,0.324,0.793,0.593,10.694,0.000,0.000,0.2080
10.750,-95.630,12.197,0.324,0.789,0.601,10.695,0.000,0.000,0.2160
10.760,-95.622,12.235,0.323,0.785,0.609,10.695,0.000,0.000,0.2240
10.770,-95.614,12.273,0.323,0.782,0.616,10.696,0.000,0.000,0.2320
10.780,-95.606,12.310,0.323,0.797,0.624,10.696,0.000,0.000,0.2400
10.790,-95.598,12.347,0.323,0.803,0.632,10.697,0.000,0.000,0.2480
10.800,-95.590,12.383,0.323,0.803,0.640,10.697,0.000,0.000,0.2560
10.810,-95.582,12.419,0.322,0.800,0.648,10.698,0.000,0.000,0.2640
10.820,-95.574,12.455,0.322,0.797,0.656,10.698,0.000,0.000,0.2720
10.830,-95.566,12.491,0.322,0.795,0.664,10.699,0.000,0.000,0.2800
10.840,-95.559,12.526,0.322,0.793,0.672,10.699,0.000,0.000,0.2880
10.850,-95.551,12.561,0.322,0.793,0.680,10.700,0.000,0.000,0.2960
10.860,-95.543,12.596,0.322,0.794,0.688,10.700,0.000,0.000,0.3040
10.870,-95.535,12.630,0.322,0.795,0.696,10.700,0.000,0.000,0.3120
10.880,-95.527,12.664,0.322,0.797,0.704,10.701,0.000,0.000,0.3200
10.890,-95.519,12.697,0.322,0.798,0.712,10.701,0.000,0.000,0.3280
10.900,-95.511,12.730,0.322,0.798,0.720,10.701,0.000,0.000,0.3360
10.910,-95.503,12.763,0.322,0.799,0.728,10.702,0.000,0.000,0.3060
10.920,-95.495,12.795,0.322,0.794,0.736,10.702,0.000,0.000,0.2760
10.930,-95.487,12.827,0.322,0.787,0.744,10.702,0.000,0.000,0.2460
10.940,-95.479,12.858,0.322,0.778,0.751,10.702,0.000,0.000,0.2160
10.950,-95.472,12.888,0.323,0.770,0.759,10.702,0.000,0.000,0.1860
10.960,-95.464,12.918,0.323,0.762,0.767,10.702,0.000,0.000,0.1560
10.970,-95.456,12.947,0.324,0.754,0.774,10.702,0.000,0.000,0.1260
10.980,-95.449,12.975,0.324,0.747,0.782,10.702,0.000,0.000,0.0960
10.990,-95.442,13.003,0.325,0.740,0.789,10.702,0.000,0.000,0.0660
11.000,-95.434,13.030,0.325,0.734,0.797,10.702,0.000,0.000,0.0360
11.010,-95.427,13.057,0.326,0.728,0.804,10.702,0.000,0.000,0.0060
11.020,-95.420,13.083,0.326,0.721,0.811,10.702,0.000,0.000,0.0000
11.030,-95.413,13.110,0.327,0.715,0.818,10.702,0.000,0.000,0.0000
11.040,-95.406,13.135,0.327,0.711,0.825,10.702,0.000,0.000,0.0000
11.050,-95.398,13.161,0.327,0.708,0.832,10.702,0.000,0.000,0.0000
11.060,-95.391,13.186,0.327,0.705,0.839,10.702,0.000,0.000,0.0000
11.070,-95.384,13.211,0.327,0.701,0.846,10.703,0.000,0.000,0.0000
11.080,-95.377,13.236,0.327,0.696,0.853,10.703,0.000,0.000,0.0000
11.090,-95.371,13.261,0.327,0.690,0.860,10.704,0.000,0.000,0.0000
11.100,-95.364,13.285,0.326,0.684,0.867,10.705,0.000,0.000,0.0000
11.110,-95.357,13.309,0.326,0.677,0.874,10.705,0.000,0.000,0.0000
11.120,-95.350,13.333,0.326,0.669,0.880,10.706,0.000,0.000,0.0000
11.130,-95.344,13.356,0.325,0.661,0.887,10.707,0.000,0.000,0.0000
11.140,-95.337,13.380,0.325,0.652,0.894,10.707,0.000,0.000,0.0000
11.150,-95.331,13.402,0.325,0.643,0.900,10.708,0.000,0.000,0.0000
11.160,-95.324,13.425,0.324,0.633,0.906,10.709,0.000,0.000,0.0000
11.170,-95.318,13.447,0.324,0.623,0.912,10.710,0.000,0.000,0.0000
11.180,-95.312,13.469,0.324,0.613,0.919,10.711,0.000,0.000,0.0000
11.190,-95.306,13.491,0.323,0.603,0.925,10.711,0.000,0.000,0.0000
11.200,-95.300,13.512,0.323,0.593,0.930,10.712,0.000,0.000,0.0000
11.210,-95.294,13.533,0.323,0.582,0.936,10.713,0.000,0.000,0.0000
11.220,-95.289,13.553,0.322,0.572,0.942,10.713,0.000,0.000,0.0000
11.230,-95.283,13.573,0.322,0.563,0.948,10.714,0.000,0.000,0.0000
11.240,-95.277,13.593,0.322,0.553,0.953,10.714,0.000,0.000,0.0000
11.250,-95.272,13.612,0.322,0.543,0.958,10.715,0.000,0.000,0.0000
11.260,-95.267,13.631,0.322,0.533,0.964,10.715,0.000,0.000,0.0000
11.270,-95.262,13.650,0.322,0.523,0.969,10.716,0.000,0.000,0.0000
11.280,-95.256,13.668,0.322,0.514,0.974,10.716,0.000,0.000,0.0000
11.290,-95.251,13.686,0.322,0.504,0.979,10.716,0.000,0.000,0.0000
11.300,-95.246,13.704,0.322,0.495,0.984,10.717,0.000,0.000,0.0000
11.310,-95.242,13.721,0.322,0.486,0.989,10.717,0.000,0.000,0.0000
11.320,-95.237,13.737,0.322,0.476,0.994,10.717,0.000,0.000,0.0000
11.330,-95.232,13.754,0.322,0.466,0.998,10.717,0.000,0.000,0.0000
11.340,-95.228,13.770,0.322,0.456,1.003,10.718,0.000,0.000,0.0000
11.350,-95.223,13.785,0.322,0.446,1.007,10.718,0.000,0.000,0.0000
11.360,-95.219,13.800,0.322,0.436,1.012,10.718,0.000,0.000,0.0000
11.370,-95.214,13.815,0.323,0.425,1.016,10.718,0.000,0.000,0.0000
11.380,-95.210,13.830,0.323,0.415,1.020,10.718,0.000,0.000,0.0080
11.390,-95.206,13.844,0.323,0.405,1.024,10.718,0.000,0.000,0.0160
11.400,-95.202,13.857,0.323,0.395,1.028,10.719,0.000,0.000,0.0240
11.410,-95.198,13.871,0.323,0.384,1.032,10.719,0.000,0.000,0.0320
11.420,-95.195,13.883,0.324,0.373,1.036,10.719,0.000,0.000,0.0400
11.430,-95.191,13.896,0.324,0.363,1.039,10.719,0.000,0.000,0.0480
11.440,-95.188,13.908,0.324,0.352,1.043,10.719,0.000,0.000,0.0560
11.450,-95.184,13.920,0.324,0.341,1.046,10.719,0.000,0.000,0.0640
11.460,-95.181,13.931,0.324,0.328,1.050,10.719,0.000,0.000,0.0720
11.470,-95.178,13.942,0.324,0.314,1.053,10.719,0.000,0.000,0.0800
11.480,-95.175,13.952,0.324,0.300,1.056,10.719,0.000,0.000,0.0880
11.490,-95.172,13.962,0.324,0.287,1.059,10.720,0.000,0.000,0.0960
11.500,-95.169,13.972,0.325,0.274,1.061,10.720,0.000,0.000,0.1040
11.510,-95.167,13.981,0.325,0.261,1.064,10.720,0.000,0.000,0.1120
11.520,-95.164,13.989,0.325,0.249,1.066,10.720,0.000,0.000,0.1200
11.530,-95.162,13.998,0.325,0.236,1.069,10.720,0.000,0.000,0.1280
11.540,-95.160,14.005,0.325,0.224,1.071,10.720,0.000,0.000,0.1360
11.550,-95.157,14.013,0.325,0.212,1.073,10.720,0.000,0.000,0.1440
11.560,-95.155,14.020,0.325,0.200,1.075,10.720,0.000,0.000,0.1520
11.570,-95.154,14.026,0.325,0.188,1.077,10.720,0.000,0.000,0.1600
11.580,-95.152,14.033,0.325,0.176,1.079,10.720,0.000,0.000,0.1680
11.590,-95.150,14.038,0.325,0.164,1.080,10.721,0.000,0.000,0.1760
11.600,-95.149,14.044,0.325,0.153,1.082,10.721,0.000,0.000,0.1840
11.610,-95.147,14.049,0.325,0.141,1.083,10.721,0.000,0.000,0.1920
11.620,-95.146,14.053,0.325,0.130,1.085,10.721,0.000,0.000,0.2000
11.630,-95.145,14.057,0.325,0.118,1.086,10.721,0.000,0.000,0.2080
11.640,-95.144,14.061,0.325,0.107,1.087,10.721,0.000,0.000,0.2160
11.650,-95.143,14.065,0.325,0.096,1.088,10.722,0.000,0.000,0.2240
11.660,-95.142,14.068,0.325,0.085,1.089,10.722,0.000,0.000,0.2320
11.670,-95.141,14.070,0.325,0.074,1.089,10.722,0.000,0.000,0.2400
11.680,-95.141,14.072,0.324,0.063,1.090,10.722,0.000,0.000,0.2480
11.690,-95.140,14.074,0.324,0.053,1.091,10.722,0.000,0.000,0.2560
11.700,-95.140,14.076,0.324,0.042,1.091,10.722,0.000,0.000,0.2640
11.710,-95.139,14.077,0.324,0.032,1.091,10.723,0.000,0.000,0.2720
11.720,-95.139,14.077,0.324,0.023,1.091,10.723,0.000,0.000,0.2800
11.730,-95.139,14.078,0.324,0.015,1.091,10.723,0.000,0.000,0.2880
11.740,-95.139,14.078,0.324,0.013,1.091,10.723,0.000,0.000,0.2960
11.750,-95.139,14.077,0.323,0.019,1.091,10.723,0.000,0.000,0.3040
11.760,-95.139,14.077,0.323,0.026,1.091,10.723,0.040,0.000,0.3120
11.770,-95.140,14.076,0.323,0.033,1.091,10.723,0.080,0.000,0.3200
11.780,-95.140,14.075,0.323,0.041,1.091,10.724,0.120,0.000,0.3280
11.790,-95.140,14.075,0.322,0.051,1.090,10.724,0.160,0.000,0.3360
11.800,-95.140,14.075,0.322,0.063,1.090,10.725,0.200,0.000,0.3440
11.810,-95.140,14.075,0.321,0.075,1.090,10.726,0.240,0.000,0.3520
11.820,-95.140,14.076,0.320,0.088,1.090,10.727,0.280,0.000,0.3600
11.830,-95.140,14.077,0.319,0.099,1.091,10.727,0.320,0.000,0.3680
11.840,-95.139,14.078,0.318,0.108,1.091,10.729,0.360,0.000,0.3760
11.850,-95.139,14.080,0.317,0.116,1.091,10.730,0.400,0.000,0.3840
11.860,-95.138,14.082,0.316,0.123,1.092,10.731,0.440,0.000,0.3920
11.870,-95.138,14.084,0.315,0.128,1.093,10.732,0.480,0.000,0.4000
11.880,-95.137,14.087,0.314,0.133,1.093,10.733,0.520,0.000,0.4080
11.890,-95.136,14.090,0.313,0.137,1.094,10.734,0.560,0.000,0.4160
11.900,-95.135,14.094,0.312,0.141,1.095,10.735,0.600,0.000,0.4240
11.910,-95.134,14.098,0.311,0.145,1.096,10.736,0.640,0.000,0.4320
11.920,-95.133,14.102,0.310,0.149,1.097,10.737,0.680,0.000,0.4400
11.930,-95.131,14.106,0.309,0.154,1.099,10.738,0.720,0.000,0.4480
11.940,-95.130,14.111,0.308,0.160,1.100,10.739,0.760,0.000,0.4560
11.950,-95.129,14.117,0.308,0.166,1.102,10.740,0.800,0.000,0.4640
11.960,-95.127,14.122,0.307,0.173,1.103,10.741,0.840,0.000,0.4720
11.970,-95.125,14.128,0.307,0.181,1.105,10.741,0.880,0.000,0.4800
11.980,-95.123,14.134,0.306,0.190,1.107,10.742,0.920,0.000,0.4880
11.990,-95.121,14.141,0.306,0.200,1.109,10.742,0.960,0.000,0.4960
12.000,-95.119,14.148,0.306,0.210,1.111,10.742,1.000,0.000,0.5000
12.010,-95.117,14.155,0.306,0.222,1.113,10.743,1.000,0.000,0.5000
12.020,-95.115,14.163,0.306,0.234,1.115,10.743,1.000,0.000,0.5000
12.030,-95.112,14.171,0.306,0.247,1.118,10.743,1.000,0.000,0.5000
12.040,-95.110,14.180,0.306,0.261,1.121,10.743,1.000,0.000,0.5000
12.050,-95.107,14.188,0.306,0.275,1.123,10.743,1.000,0.000,0.5000
12.060,-95.104,14.198,0.306,0.289,1.126,10.743,1.000,0.000,0.5000
12.070,-95.101,14.207,0.306,0.303,1.129,10.743,1.000,0.000,0.5000
12.080,-95.098,14.217,0.306,0.317,1.132,10.743,1.000,0.000,0.5000
12.090,-95.094,14.227,0.307,0.331,1.136,10.743,1.000,0.000,0.5000
12.100,-95.091,14.238,0.307,0.345,1.139,10.743,1.000,0.000,0.5000
12.110,-95.087,14.249,0.307,0.359,1.143,10.743,1.000,0.000,0.5000
12.120,-95.084,14.260,0.308,0.372,1.146,10.743,1.000,0.000,0.5000
12.130,-95.080,14.272,0.308,0.386,1.150,10.743,0.940,0.000,0.5000
12.140,-95.076,14.284,0.309,0.400,1.154,10.743,0.880,0.000,0.5000
12.150,-95.072,14.296,0.309,0.414,1.158,10.743,0.820,0.000,0.5000
12.160,-95.068,14.309,0.309,0.428,1.163,10.743,0.760,0.000,0.5000
12.170,-95.063,14.322,0.310,0.442,1.167,10.743,0.700,0.000,0.5000
12.180,-95.059,14.335,0.310,0.456,1.172,10.743,0.640,0.000,0.5000
12.190,-95.054,14.349,0.310,0.470,1.176,10.743,0.580,0.000,0.5000
12.200,-95.049,14.363,0.311,0.484,1.181,10.744,0.520,0.000,0.5000
12.210,-95.044,14.377,0.311,0.499,1.186,10.744,0.460,0.000,0.5000
12.220,-95.039,14.391,0.311,0.514,1.191,10.744,0.400,0.000,0.5000
12.230,-95.034,14.406,0.311,0.529,1.197,10.744,0.340,0.000,0.5000
12.240,-95.028,14.421,0.311,0.544,1.202,10.745,0.280,0.000,0.5000
12.250,-95.023,14.437,0.312,0.559,1.208,10.745,0.220,0.000,0.5000
12.260,-95.017,14.452,0.312,0.575,1.213,10.745,0.160,0.000,0.5000
12.270,-95.011,14.468,0.312,0.585,1.219,10.746,0.100,0.000,0.5000
12.280,-95.005,14.484,0.312,0.589,1.225,10.746,0.040,0.000,0.5000
12.290,-94.999,14.500,0.312,0.590,1.231,10.746,0.000,0.000,0.5000
12.300,-94.993,14.515,0.313,0.587,1.237,10.747,0.000,0.000,0.5000
12.310,-94.988,14.530,0.313,0.582,1.243,10.747,0.000,0.000,0.5000
12.320,-94.982,14.545,0.314,0.575,1.248,10.747,0.000,0.000,0.5000
12.330,-94.976,14.560,0.314,0.568,1.254,10.746,0.000,0.000,0.5000
12.340,-94.971,14.574,0.315,0.560,1.260,10.746,0.000,0.000,0.5000
12.350,-94.965,14.587,0.316,0.550,1.265,10.746,0.000,0.000,0.5000
12.360,-94.960,14.601,0.317,0.539,1.270,10.746,0.000,0.000,0.5000
12.370,-94.955,14.614,0.318,0.528,1.276,10.745,0.000,0.000,0.5000
12.380,-94.950,14.626,0.319,0.517,1.281,10.745,0.000,0.000,0.5000
12.390,-94.945,14.638,0.320,0.505,1.286,10.744,0.000,0.000,0.5000
12.400,-94.940,14.650,0.320,0.494,1.291,10.744,0.000,0.000,0.5000
12.410,-94.935,14.661,0.321,0.482,1.295,10.744,0.000,0.000,0.5000
12.420,-94.930,14.673,0.322,0.480,1.300,10.743,0.000,0.000,0.5000
12.430,-94.926,14.684,0.323,0.472,1.305,10.743,0.000,0.000,0.5000
12.440,-94.921,14.694,0.323,0.461,1.309,10.743,0.000,0.000,0.5000
12.450,-94.917,14.705,0.324,0.448,1.314,10.743,0.000,0.000,0.5000
12.460,-94.912,14.715,0.324,0.434,1.318,10.743,0.000,0.000,0.5000
12.470,-94.908,14.724,0.325,0.420,1.322,10.743,0.000,0.000,0.5000
12.480,-94.904,14.734,0.325,0.405,1.326,10.743,0.000,0.000,0.5000
12.490,-94.900,14.743,0.326,0.391,1.330,10.743,0.000,0.000,0.5000
12.500,-94.896,14.752,0.326,0.377,1.334,10.743,0.000,0.000,0.5000
12.510,-94.893,14.760,0.326,0.362,1.338,10.743,0.000,0.000,0.5000
12.520,-94.889,14.768,0.326,0.348,1.341,10.743,0.000,0.000,0.5000
12.530,-94.886,14.776,0.326,0.334,1.344,10.744,0.000,0.000,0.5000
12.540,-94.883,14.783,0.326,0.320,1.348,10.744,0.000,0.000,0.5000
12.550,-94.880,14.790,0.326,0.307,1.351,10.744,0.000,0.000,0.5000
12.560,-94.877,14.797,0.326,0.293,1.354,10.745,0.000,0.000,0.5000
12.570,-94.874,14.803,0.326,0.279,1.356,10.745,0.000,0.000,0.5000
12.580,-94.871,14.809,0.326,0.266,1.359,10.745,0.000,0.000,0.5000
12.590,-94.869,14.815,0.326,0.252,1.362,10.746,0.000,0.000,0.5000
12.600,-94.867,14.820,0.326,0.238,1.364,10.746,0.000,0.000,0.5000
12.610,-94.864,14.825,0.326,0.225,1.366,10.747,0.000,0.000,0.4700
12.620,-94.862,14.830,0.325,0.209,1.368,10.747,0.000,0.000,0.4400
12.630,-94.860,14.834,0.325,0.193,1.370,10.748,0.000,0.000,0.4100
12.640,-94.859,14.839,0.325,0.179,1.372,10.748,0.000,0.000,0.3800
12.650,-94.857,14.842,0.325,0.164,1.374,10.748,0.000,0.000,0.3500
12.660,-94.855,14.846,0.324,0.149,1.375,10.749,0.000,0.000,0.3200
12.670,-94.854,14.849,0.324,0.132,1.376,10.749,0.000,0.000,0.2900
12.680,-94.853,14.852,0.324,0.114,1.377,10.750,0.000,0.000,0.2600
12.690,-94.852,14.854,0.324,0.094,1.378,10.750,0.000,0.000,0.2300
12.700,-94.851,14.856,0.324,0.074,1.379,10.750,0.000,0.000,0.2000
12.710,-94.851,14.858,0.324,0.053,1.380,10.750,0.000,0.000,0.1700
12.720,-94.850,14.859,0.323,0.033,1.380,10.750,0.000,0.000,0.1400
12.730,-94.850,14.859,0.323,0.014,1.380,10.750,0.000,0.000,0.1100
12.740,-94.850,14.860,0.324,0.006,1.380,10.750,0.000,0.000,0.0800
12.750,-94.851,14.859,0.324,0.023,1.380,10.750,0.000,0.000,0.0500
12.760,-94.851,14.859,0.324,0.041,1.379,10.750,0.000,0.000,0.0200
12.770,-94.852,14.858,0.324,0.054,1.379,10.750,0.000,0.000,0.0000
12.780,-94.852,14.857,0.324,0.061,1.378,10.750,0.000,0.000,0.0000
12.790,-94.853,14.856,0.324,0.062,1.378,10.750,0.000,0.000,0.0000
12.800,-94.853,14.854,0.323,0.060,1.377,10.750,0.040,0.000,0.0000
12.810,-94.854,14.854,0.323,0.057,1.377,10.750,0.080,0.000,0.0000
12.820,-94.854,14.853,0.323,0.059,1.376,10.751,0.120,0.000,0.0000
12.830,-94.854,14.853,0.322,0.068,1.376,10.751,0.160,0.000,0.0000
12.840,-94.854,14.853,0.321,0.081,1.376,10.752,0.200,0.000,0.0000
12.850,-94.854,14.854,0.320,0.096,1.376,10.753,0.240,0.000,0.0000
12.860,-94.853,14.855,0.319,0.111,1.377,10.754,0.280,0.000,0.0000
12.870,-94.853,14.856,0.318,0.124,1.377,10.755,0.320,0.000,0.0000
12.880,-94.852,14.858,0.317,0.135,1.378,10.756,0.360,0.000,0.0000
12.890,-94.851,14.860,0.316,0.145,1.379,10.758,0.400,0.000,0.0000
12.900,-94.850,14.863,0.315,0.155,1.380,10.759,0.440,0.000,0.0000
12.910,-94.849,14.866,0.314,0.163,1.381,10.760,0.480,0.000,0.0000
12.920,-94.847,14.869,0.313,0.172,1.383,10.761,0.520,0.000,0.0000
12.930,-94.846,14.872,0.312,0.183,1.384,10.762,0.560,0.000,0.0000
12.940,-94.844,14.876,0.311,0.196,1.386,10.764,0.600,0.000,0.0000
12.950,-94.842,14.880,0.310,0.210,1.388,10.765,0.640,0.000,0.0000
12.960,-94.840,14.885,0.309,0.224,1.390,10.766,0.680,0.000,0.0000
12.970,-94.838,14.890,0.308,0.240,1.392,10.767,0.720,0.000,0.0000
12.980,-94.836,14.896,0.307,0.256,1.395,10.768,0.760,0.000,0.0000
12.990,-94.833,14.902,0.307,0.272,1.397,10.769,0.800,0.000,0.0000
13.000,-94.830,14.908,0.306,0.289,1.400,10.769,0.840,0.000,0.0000
13.010,-94.827,14.915,0.306,0.306,1.403,10.770,0.880,0.000,0.0000
13.020,-94.824,14.922,0.305,0.323,1.406,10.771,0.920,0.000,0.0000
13.030,-94.820,14.930,0.305,0.340,1.410,10.772,0.960,0.000,0.0000
13.040,-94.817,14.938,0.305,0.358,1.413,10.772,1.000,0.000,0.0000
13.050,-94.813,14.946,0.305,0.375,1.417,10.773,1.000,0.000,0.0000
13.060,-94.809,14.955,0.305,0.393,1.421,10.773,1.000,0.000,0.0000
13.070,-94.805,14.964,0.305,0.410,1.425,10.774,1.000,0.000,0.0000
13.080,-94.801,14.974,0.305,0.428,1.429,10.774,1.000,0.000,0.0000
13.090,-94.796,14.984,0.305,0.445,1.434,10.774,1.000,0.000,0.0000
13.100,-94.792,14.994,0.305,0.463,1.438,10.775,1.000,0.000,0.0000
13.110,-94.787,15.005,0.306,0.480,1.443,10.775,1.000,0.000,0.0000
13.120,-94.782,15.016,0.306,0.497,1.448,10.775,1.000,0.000,0.0000
13.130,-94.777,15.028,0.306,0.514,1.453,10.775,1.000,0.000,0.0000
13.140,-94.772,15.040,0.307,0.531,1.459,10.775,1.000,0.000,0.0000
13.150,-94.766,15.052,0.307,0.547,1.464,10.776,1.000,0.000,0.0000
13.160,-94.761,15.065,0.308,0.564,1.470,10.776,1.000,0.000,0.0000
13.170,-94.755,15.078,0.308,0.580,1.475,10.776,1.000,0.000,0.0000
13.180,-94.749,15.091,0.308,0.596,1.481,10.776,1.000,0.000,0.0000
13.190,-94.743,15.105,0.309,0.613,1.487,10.777,1.000,0.000,0.0000
13.200,-94.736,15.119,0.309,0.629,1.494,10.777,1.000,0.000,0.0000
13.210,-94.730,15.134,0.310,0.645,1.500,10.777,1.000,0.000,0.0000
13.220,-94.723,15.149,0.310,0.661,1.507,10.778,1.000,0.000,0.0000
13.230,-94.717,15.164,0.310,0.677,1.514,10.778,1.000,0.000,0.0000
13.240,-94.710,15.180,0.311,0.693,1.520,10.779,1.000,0.000,0.0000
13.250,-94.703,15.196,0.311,0.709,1.528,10.779,1.000,0.000,0.0000
13.260,-94.695,15.212,0.311,0.725,1.535,10.780,1.000,0.000,0.0000
13.270,-94.688,15.229,0.311,0.741,1.542,10.781,1.000,0.000,0.0000
13.280,-94.680,15.246,0.312,0.757,1.550,10.782,1.000,0.000,0.0000
13.290,-94.673,15.264,0.312,0.773,1.558,10.782,1.000,0.000,0.0000
13.300,-94.665,15.282,0.312,0.789,1.565,10.783,1.000,0.000,0.0000
13.310,-94.657,15.300,0.312,0.805,1.573,10.784,1.000,0.000,0.0000
13.320,-94.648,15.318,0.312,0.821,1.582,10.785,1.000,0.000,0.0000
13.330,-94.640,15.337,0.312,0.837,1.590,10.786,1.000,0.000,0.0000
13.340,-94.632,15.357,0.312,0.853,1.599,10.787,1.000,0.000,0.0000
13.350,-94.623,15.376,0.312,0.870,1.607,10.788,1.000,0.000,0.0000
13.360,-94.614,15.396,0.312,0.886,1.616,10.790,1.000,0.000,0.0000
13.370,-94.605,15.417,0.312,0.902,1.625,10.791,1.000,0.000,0.0000
13.380,-94.596,15.437,0.312,0.918,1.634,10.792,1.000,0.000,0.0000
13.390,-94.586,15.459,0.311,0.934,1.644,10.793,1.000,0.000,0.0000
13.400,-94.577,15.480,0.311,0.950,1.653,10.795,1.000,0.000,0.0000
13.410,-94.567,15.502,0.311,0.966,1.663,10.796,1.000,0.000,0.0000
13.420,-94.558,15.524,0.311,0.982,1.673,10.798,1.000,0.000,0.0000
13.430,-94.548,15.547,0.311,0.998,1.683,10.799,1.000,0.000,0.0000
13.440,-94.537,15.570,0.311,1.013,1.693,10.801,1.000,0.000,0.0000
13.450,-94.527,15.593,0.311,1.029,1.703,10.802,1.000,0.000,0.0000
13.460,-94.517,15.616,0.311,1.045,1.713,10.804,1.000,0.000,0.0000
13.470,-94.506,15.640,0.310,1.061,1.724,10.805,1.000,0.000,0.0000
13.480,-94.495,15.665,0.310,1.078,1.735,10.807,1.000,0.000,0.0000
13.490,-94.484,15.690,0.310,1.095,1.746,10.809,1.000,0.000,0.0000
13.500,-94.473,15.715,0.310,1.112,1.757,10.810,1.000,0.000,0.0000
13.510,-94.462,15.740,0.310,1.129,1.768,10.812,1.000,0.000,0.0000
13.520,-94.450,15.766,0.310,1.144,1.780,10.814,1.000,0.000,0.0000
13.530,-94.439,15.792,0.310,1.164,1.791,10.815,1.000,0.000,0.0000
13.540,-94.427,15.819,0.310,1.179,1.803,10.817,1.000,0.000,0.0000
13.550,-94.415,15.845,0.310,1.195,1.815,10.819,0.940,0.000,0.0000
13.560,-94.403,15.873,0.310,1.211,1.827,10.821,0.880,0.000,0.0000
13.570,-94.391,15.900,0.310,1.228,1.839,10.823,0.820,0.000,0.0000
13.580,-94.378,15.928,0.310,1.245,1.852,10.824,0.760,0.000,0.0000
13.590,-94.366,15.956,0.310,1.261,1.864,10.826,0.700,0.000,0.0000
13.600,-94.353,15.985,0.310,1.277,1.877,10.828,0.640,0.000,0.0000
13.610,-94.340,16.014,0.310,1.294,1.890,10.830,0.580,0.000,0.0000
13.620,-94.327,16.043,0.310,1.310,1.903,10.832,0.520,0.000,0.0000
13.630,-94.314,16.073,0.310,1.326,1.917,10.834,0.460,0.000,0.0000
13.640,-94.300,16.103,0.310,1.341,1.930,10.836,0.400,0.000,0.0000
13.650,-94.287,16.134,0.310,1.357,1.944,10.838,0.340,0.000,0.0000
13.660,-94.273,16.164,0.310,1.373,1.957,10.841,0.280,0.000,0.0000
13.670,-94.259,16.196,0.310,1.379,1.971,10.843,0.220,0.000,0.0000
13.680,-94.245,16.227,0.310,1.377,1.985,10.845,0.160,0.000,0.0000
13.690,-94.232,16.257,0.310,1.369,1.998,10.847,0.100,0.000,0.0000
13.700,-94.218,16.288,0.311,1.357,2.012,10.848,0.040,0.000,0.0000
13.710,-94.205,16.318,0.312,1.342,2.025,10.850,0.080,0.000,0.0000
13.720,-94.191,16.348,0.312,1.326,2.039,10.851,0.120,0.000,0.0000
13.730,-94.178,16.378,0.313,1.310,2.052,10.853,0.160,0.000,0.0000
13.740,-94.165,16.407,0.314,1.294,2.065,10.854,0.200,0.000,0.0000
13.750,-94.153,16.436,0.315,1.278,2.077,10.855,0.240,0.000,0.0000
13.760,-94.140,16.464,0.316,1.262,2.090,10.856,0.280,0.000,0.0000
13.770,-94.128,16.493,0.317,1.255,2.103,10.857,0.320,0.000,0.0000
13.780,-94.115,16.521,0.318,1.255,2.115,10.859,0.360,0.000,0.0000
13.790,-94.103,16.550,0.319,1.262,2.128,10.860,0.400,0.000,0.0000
13.800,-94.090,16.579,0.320,1.273,2.140,10.862,0.440,0.000,0.0000
13.810,-94.077,16.608,0.320,1.286,2.153,10.863,0.480,0.000,0.0000
13.820,-94.064,16.637,0.320,1.301,2.166,10.865,0.520,0.000,0.0000
13.830,-94.051,16.667,0.321,1.316,2.179,10.868,0.560,0.000,0.0000
13.840,-94.037,16.697,0.320,1.332,2.193,10.870,0.600,0.000,0.0000
13.850,-94.024,16.728,0.320,1.346,2.206,10.873,0.640,0.000,0.0000
13.860,-94.010,16.759,0.320,1.361,2.220,10.876,0.680,0.000,0.0000
13.870,-93.997,16.790,0.319,1.375,2.234,10.879,0.720,0.000,0.0000
13.880,-93.983,16.822,0.319,1.390,2.247,10.882,0.760,0.000,0.0000
13.890,-93.969,16.854,0.318,1.404,2.261,10.885,0.800,0.000,0.0000
13.900,-93.955,16.886,0.318,1.415,2.276,10.888,0.840,0.000,0.0000
13.910,-93.940,16.918,0.317,1.426,2.290,10.892,0.880,0.000,0.0000
13.920,-93.926,16.951,0.316,1.439,2.304,10.895,0.920,0.000,0.0000
13.930,-93.911,16.984,0.315,1.454,2.319,10.899,0.960,0.000,0.0000
13.940,-93.897,17.018,0.314,1.469,2.333,10.902,1.000,0.000,0.0000
13.950,-93.882,17.052,0.313,1.486,2.348,10.906,1.000,0.000,0.0000
13.960,-93.867,17.086,0.313,1.504,2.363,10.910,1.000,0.000,0.0000
13.970,-93.852,17.121,0.312,1.522,2.378,10.914,1.000,0.000,0.0000
13.980,-93.836,17.156,0.311,1.540,2.394,10.917,1.000,0.000,0.0000
13.990,-93.821,17.192,0.310,1.559,2.409,10.921,1.000,0.000,0.0000
14.000,-93.805,17.228,0.310,1.577,2.425,10.925,1.000,0.000,0.0000
14.010,-93.789,17.264,0.309,1.596,2.441,10.929,1.000,0.000,0.0000
14.020,-93.773,17.301,0.308,1.614,2.457,10.933,1.000,0.000,0.0000
14.030,-93.757,17.338,0.308,1.633,2.473,10.937,1.000,0.000,0.0000
14.040,-93.740,17.375,0.307,1.651,2.490,10.941,1.000,0.000,0.0000
14.050,-93.723,17.413,0.307,1.669,2.507,10.944,1.000,0.000,0.0000
14.060,-93.707,17.451,0.307,1.688,2.523,10.948,1.000,0.000,0.0000
14.070,-93.690,17.490,0.306,1.706,2.541,10.952,1.000,0.000,0.0000
14.080,-93.672,17.529,0.306,1.723,2.558,10.956,1.000,0.000,0.0000
14.090,-93.655,17.568,0.306,1.741,2.575,10.960,1.000,0.000,0.0000
14.100,-93.637,17.608,0.306,1.758,2.593,10.963,1.000,0.000,0.0000
14.110,-93.620,17.648,0.306,1.775,2.610,10.967,1.000,0.000,0.0000
14.120,-93.602,17.689,0.306,1.791,2.628,10.971,1.000,0.000,0.0000
14.130,-93.584,17.730,0.306,1.808,2.646,10.975,1.000,0.000,0.0000
14.140,-93.565,17.771,0.307,1.823,2.665,10.979,1.000,0.000,0.0000
14.150,-93.547,17.812,0.307,1.839,2.683,10.983,1.000,0.000,0.0000
14.160,-93.528,17.854,0.307,1.856,2.702,10.986,0.940,0.000,0.0000
14.170,-93.510,17.896,0.307,1.872,2.720,10.990,0.880,0.000,0.0000
14.180,-93.491,17.939,0.308,1.884,2.739,10.994,0.820,0.000,0.0000
14.190,-93.472,17.982,0.308,1.899,2.758,10.998,0.760,0.000,0.0000
14.200,-93.453,18.025,0.309,1.917,2.777,11.002,0.700,0.000,0.0080
14.210,-93.433,18.068,0.309,1.934,2.797,11.006,0.640,0.000,0.0160
14.220,-93.414,18.112,0.309,1.950,2.816,11.011,0.580,0.000,0.0240
14.230,-93.394,18.156,0.310,1.966,2.836,11.015,0.520,0.000,0.0320
14.240,-93.374,18.201,0.310,1.981,2.856,11.019,0.460,0.000,0.0400
14.250,-93.354,18.246,0.310,1.996,2.876,11.024,0.400,0.000,0.0480
14.260,-93.334,18.291,0.311,2.002,2.896,11.028,0.340,0.000,0.0560
14.270,-93.314,18.335,0.311,1.999,2.916,11.033,0.280,0.000,0.0640
14.280,-93.295,18.380,0.312,1.990,2.936,11.037,0.220,0.000,0.0720
14.290,-93.275,18.424,0.313,1.977,2.955,11.041,0.160,0.000,0.0800
14.300,-93.255,18.468,0.313,1.962,2.975,11.045,0.100,0.000,0.0880
14.310,-93.236,18.512,0.314,1.946,2.994,11.049,0.040,0.000,0.0960
14.320,-93.217,18.555,0.315,1.929,3.014,11.053,0.000,0.000,0.1040
14.330,-93.197,18.598,0.316,1.912,3.033,11.057,0.000,0.000,0.1120
14.340,-93.178,18.640,0.317,1.896,3.052,11.060,0.000,0.000,0.1200
14.350,-93.160,18.682,0.319,1.880,3.070,11.064,0.000,0.000,0.1280
14.360,-93.141,18.724,0.320,1.864,3.089,11.068,0.000,0.000,0.1360
14.370,-93.123,18.765,0.321,1.848,3.107,11.072,0.000,0.000,0.1440
14.380,-93.104,18.805,0.322,1.832,3.126,11.075,0.000,0.000,0.1520
14.390,-93.086,18.846,0.323,1.816,3.144,11.079,0.000,0.000,0.1600
14.400,-93.068,18.885,0.324,1.801,3.162,11.083,0.000,0.000,0.1680
14.410,-93.050,18.925,0.325,1.785,3.180,11.087,0.000,0.000,0.1760
14.420,-93.033,18.963,0.326,1.770,3.197,11.090,0.000,0.000,0.1840
14.430,-93.015,19.002,0.327,1.775,3.215,11.095,0.000,0.000,0.1920
14.440,-92.997,19.041,0.327,1.769,3.233,11.099,0.000,0.000,0.2000
14.450,-92.980,19.079,0.328,1.763,3.251,11.103,0.000,0.000,0.2080
14.460,-92.962,19.117,0.328,1.756,3.268,11.108,0.000,0.000,0.2160
14.470,-92.945,19.155,0.328,1.749,3.286,11.112,0.000,0.000,0.2240
14.480,-92.927,19.193,0.328,1.743,3.303,11.117,0.000,0.000,0.2320
14.490,-92.910,19.230,0.328,1.737,3.320,11.122,0.000,0.000,0.2400
14.500,-92.893,19.267,0.328,1.729,3.338,11.127,0.000,0.000,0.2480
14.510,-92.875,19.304,0.328,1.721,3.355,11.132,0.000,0.000,0.2560
14.520,-92.858,19.341,0.327,1.713,3.372,11.137,0.000,0.000,0.2640
14.530,-92.841,19.376,0.327,1.705,3.389,11.142,0.000,0.000,0.2720
14.540,-92.824,19.412,0.327,1.698,3.406,11.147,0.000,0.000,0.2800
14.550,-92.807,19.447,0.327,1.691,3.423,11.152,0.000,0.000,0.2880
14.560,-92.790,19.481,0.326,1.683,3.440,11.157,0.000,0.000,0.2960
14.570,-92.774,19.515,0.326,1.675,3.456,11.162,0.000,0.000,0.3040
14.580,-92.757,19.549,0.326,1.666,3.473,11.167,0.000,0.000,0.3120
14.590,-92.740,19.582,0.326,1.658,3.490,11.172,0.000,0.000,0.3200
14.600,-92.724,19.615,0.325,1.650,3.506,11.177,0.000,0.000,0.3280
14.610,-92.708,19.647,0.325,1.642,3.523,11.182,0.000,0.000,0.3360
14.620,-92.691,19.679,0.325,1.633,3.539,11.187,0.000,0.000,0.3440
14.630,-92.675,19.710,0.325,1.624,3.555,11.192,0.000,0.000,0.3520
14.640,-92.659,19.741,0.325,1.613,3.571,11.197,0.000,0.000,0.3220
14.650,-92.643,19.771,0.325,1.593,3.587,11.202,0.000,0.000,0.2920
14.660,-92.627,19.800,0.325,1.569,3.603,11.207,0.000,0.000,0.2620
14.670,-92.612,19.828,0.325,1.541,3.618,11.211,0.000,0.000,0.2320
14.680,-92.597,19.856,0.325,1.513,3.633,11.216,0.000,0.000,0.2020
14.690,-92.582,19.883,0.326,1.483,3.648,11.220,0.000,0.000,0.1720
14.700,-92.567,19.910,0.326,1.458,3.663,11.224,0.000,0.000,0.1420
14.710,-92.553,19.936,0.326,1.437,3.677,11.228,0.000,0.000,0.1120
14.720,-92.539,19.961,0.326,1.420,3.691,11.232,0.000,0.000,0.0820
14.730,-92.525,19.987,0.327,1.405,3.705,11.236,0.000,0.000,0.0520
14.740,-92.511,20.012,0.327,1.391,3.719,11.241,0.000,0.000,0.0220
14.750,-92.497,20.036,0.327,1.377,3.733,11.245,0.000,0.000,0.0000
14.760,-92.483,20.061,0.327,1.365,3.747,11.249,0.000,0.000,0.0000
14.770,-92.470,20.085,0.327,1.356,3.760,11.253,0.000,0.000,0.0000
14.780,-92.456,20.109,0.327,1.347,3.774,11.258,0.000,0.000,0.0000
14.790,-92.443,20.133,0.326,1.338,3.787,11.262,0.000,0.000,0.0000
14.800,-92.430,20.156,0.326,1.328,3.800,11.267,0.000,0.000,0.0000
14.810,-92.416,20.180,0.326,1.331,3.814,11.271,0.000,0.000,0.0000
14.820,-92.403,20.203,0.325,1.329,3.827,11.276,0.000,0.000,0.0000
14.830,-92.390,20.226,0.325,1.321,3.840,11.280,0.000,0.000,0.0000
14.840,-92.377,20.249,0.324,1.306,3.853,11.285,0.000,0.000,0.0000
14.850,-92.364,20.271,0.324,1.288,3.866,11.290,0.000,0.000,0.0000
14.860,-92.351,20.294,0.323,1.268,3.879,11.294,0.000,0.000,0.0000
14.870,-92.339,20.316,0.323,1.248,3.891,11.299,0.000,0.000,0.0000
14.880,-92.327,20.337,0.323,1.227,3.904,11.303,0.000,0.000,0.0000
14.890,-92.314,20.358,0.322,1.207,3.916,11.307,0.000,0.000,0.0000
14.900,-92.303,20.379,0.322,1.188,3.928,11.311,0.000,0.000,0.0000
14.910,-92.291,20.400,0.322,1.171,3.939,11.315,0.000,0.000,0.0000
14.920,-92.279,20.420,0.322,1.157,3.951,11.319,0.000,0.000,0.0000
14.930,-92.268,20.440,0.321,1.141,3.962,11.323,0.000,0.000,0.0000
14.940,-92.257,20.459,0.321,1.123,3.973,11.327,0.000,0.000,0.0000
14.950,-92.246,20.479,0.321,1.105,3.984,11.331,0.000,0.000,0.0000
14.960,-92.235,20.498,0.321,1.086,3.995,11.334,0.000,0.000,0.0000
14.970,-92.224,20.517,0.321,1.067,4.006,11.338,0.000,0.000,0.0000
14.980,-92.214,20.535,0.321,1.049,4.016,11.342,0.000,0.000,0.0000
14.990,-92.203,20.553,0.321,1.031,4.027,11.345,0.000,0.000,0.0000
15.000,-92.193,20.571,0.321,1.013,4.037,11.348,0.000,0.000,0.0000
15.010,-92.183,20.588,0.321,0.995,4.047,11.352,0.000,0.000,0.0000
15.020,-92.173,20.606,0.321,0.976,4.057,11.355,0.040,0.000,0.0000
15.030,-92.164,20.622,0.322,0.958,4.066,11.358,0.080,0.000,0.0000
15.040,-92.155,20.639,0.322,0.938,4.076,11.361,0.120,0.000,0.0000
15.050,-92.145,20.655,0.322,0.918,4.085,11.364,0.160,0.000,0.0000
15.060,-92.136,20.671,0.322,0.903,4.094,11.367,0.200,0.000,0.0000
15.070,-92.127,20.687,0.322,0.898,4.103,11.370,0.240,0.000,0.0000
15.080,-92.118,20.703,0.322,0.902,4.112,11.373,0.280,0.000,0.0000
15.090,-92.109,20.719,0.322,0.913,4.121,11.376,0.320,0.000,0.0000
15.100,-92.100,20.735,0.322,0.929,4.130,11.380,0.360,0.000,0.0000
15.110,-92.090,20.752,0.321,0.947,4.140,11.383,0.400,0.000,0.0000
15.120,-92.081,20.769,0.321,0.967,4.149,11.387,0.440,0.000,0.0000
15.130,-92.071,20.787,0.320,0.987,4.159,11.391,0.480,0.000,0.0000
15.140,-92.061,20.804,0.319,1.007,4.169,11.395,0.520,0.000,0.0000
15.150,-92.051,20.822,0.318,1.027,4.179,11.400,0.560,0.000,0.0000
15.160,-92.040,20.841,0.317,1.047,4.190,11.404,0.600,0.000,0.0000
15.170,-92.030,20.860,0.316,1.066,4.200,11.409,0.640,0.000,0.0000
15.180,-92.019,20.879,0.315,1.086,4.211,11.414,0.680,0.000,0.0000
15.190,-92.008,20.898,0.314,1.105,4.222,11.418,0.720,0.000,0.0000
15.200,-91.997,20.918,0.313,1.125,4.233,11.423,0.760,0.000,0.0000
15.210,-91.985,20.938,0.312,1.144,4.245,11.428,0.800,0.000,0.0000
15.220,-91.974,20.959,0.311,1.164,4.256,11.433,0.840,0.000,0.0000
15.230,-91.962,20.980,0.311,1.184,4.268,11.438,0.880,0.000,0.0000
15.240,-91.950,21.001,0.310,1.204,4.280,11.443,0.920,0.000,0.0000
15.250,-91.938,21.023,0.309,1.224,4.292,11.448,0.960,0.000,0.0000
15.260,-91.925,21.045,0.308,1.244,4.305,11.453,1.000,0.000,0.0000
15.270,-91.913,21.067,0.308,1.264,4.318,11.458,1.000,0.000,0.0000
15.280,-91.900,21.090,0.307,1.284,4.330,11.463,1.000,0.000,0.0000
15.290,-91.887,21.113,0.307,1.305,4.343,11.468,1.000,0.000,0.0000
15.300,-91.873,21.136,0.306,1.325,4.357,11.473,1.000,0.000,0.0000
15.310,-91.860,21.160,0.306,1.346,4.370,11.478,1.000,0.000,0.0000
15.320,-91.846,21.184,0.306,1.366,4.384,11.484,1.000,0.000,0.0000
15.330,-91.832,21.208,0.306,1.387,4.398,11.489,1.000,0.000,0.0000
15.340,-91.818,21.233,0.306,1.408,4.412,11.494,1.000,0.000,0.0000
15.350,-91.804,21.258,0.306,1.428,4.426,11.499,1.000,0.000,0.0000
15.360,-91.790,21.284,0.306,1.451,4.440,11.504,1.000,0.000,0.0000
15.370,-91.775,21.310,0.306,1.471,4.455,11.510,1.000,0.000,0.0000
15.380,-91.760,21.336,0.306,1.490,4.470,11.515,1.000,0.000,0.0000
15.390,-91.745,21.363,0.306,1.506,4.485,11.520,1.000,0.000,0.0000
15.400,-91.730,21.390,0.307,1.523,4.500,11.526,1.000,0.000,0.0000
15.410,-91.714,21.417,0.307,1.541,4.516,11.531,1.000,0.000,0.0000
15.420,-91.699,21.445,0.307,1.560,4.531,11.536,1.000,0.000,0.0000
15.430,-91.683,21.473,0.308,1.580,4.547,11.542,1.000,0.000,0.0000
15.440,-91.667,21.501,0.308,1.599,4.563,11.548,1.000,0.000,0.0000
15.450,-91.651,21.530,0.308,1.619,4.579,11.553,1.000,0.000,0.0000
15.460,-91.634,21.559,0.309,1.638,4.596,11.559,1.000,0.000,0.0000
15.470,-91.618,21.588,0.309,1.657,4.612,11.565,1.000,0.000,0.0000
15.480,-91.601,21.618,0.310,1.677,4.629,11.571,1.000,0.000,0.0000
15.490,-91.584,21.648,0.310,1.697,4.646,11.577,1.000,0.000,0.0000
15.500,-91.567,21.679,0.310,1.718,4.663,11.584,1.000,0.000,0.0000
15.510,-91.549,21.709,0.311,1.738,4.681,11.590,0.940,0.000,0.0000
15.520,-91.532,21.741,0.311,1.759,4.698,11.597,0.880,0.000,0.0000
15.530,-91.514,21.772,0.311,1.780,4.716,11.603,0.820,0.000,0.0080
15.540,-91.496,21.804,0.311,1.802,4.734,11.610,0.760,0.000,0.0160
15.550,-91.478,21.836,0.311,1.825,4.752,11.617,0.700,0.000,0.0240
15.560,-91.459,21.869,0.311,1.849,4.771,11.624,0.640,0.000,0.0320
15.570,-91.441,21.902,0.312,1.873,4.789,11.631,0.580,0.000,0.0400
15.580,-91.422,21.935,0.312,1.898,4.808,11.639,0.520,0.000,0.0480
15.590,-91.402,21.969,0.311,1.921,4.828,11.646,0.460,0.000,0.0560
15.600,-91.383,22.003,0.311,1.945,4.847,11.654,0.400,0.000,0.0640
15.610,-91.363,22.038,0.311,1.969,4.867,11.662,0.340,0.000,0.0720
15.620,-91.343,22.073,0.311,1.979,4.887,11.670,0.280,0.000,0.0800
15.630,-91.324,22.107,0.311,1.978,4.906,11.678,0.220,0.000,0.0880
15.640,-91.304,22.141,0.312,1.966,4.926,11.685,0.160,0.000,0.0960
15.650,-91.285,22.175,0.312,1.949,4.946,11.693,0.100,0.000,0.1040
15.660,-91.265,22.209,0.313,1.929,4.965,11.700,0.040,0.000,0.1120
15.670,-91.246,22.242,0.313,1.909,4.984,11.707,0.000,0.000,0.1200
15.680,-91.228,22.274,0.314,1.870,5.003,11.714,0.000,0.000,0.1280
15.690,-91.209,22.306,0.315,1.848,5.021,11.721,0.000,0.000,0.1360
15.700,-91.191,22.337,0.316,1.824,5.039,11.727,0.000,0.000,0.1440
15.710,-91.173,22.368,0.318,1.797,5.057,11.733,0.000,0.000,0.1520
15.720,-91.155,22.399,0.319,1.776,5.075,11.740,0.000,0.000,0.1600
15.730,-91.138,22.429,0.320,1.757,5.092,11.746,0.000,0.000,0.1680
15.740,-91.120,22.458,0.321,1.740,5.110,11.752,0.000,0.000,0.1760
15.750,-91.103,22.488,0.322,1.722,5.127,11.758,0.000,0.000,0.1840
15.760,-91.086,22.516,0.323,1.704,5.144,11.764,0.000,0.000,0.1920
15.770,-91.069,22.545,0.324,1.685,5.161,11.770,0.000,0.000,0.2000
15.780,-91.053,22.573,0.325,1.664,5.177,11.776,0.000,0.000,0.2080
15.790,-91.036,22.600,0.326,1.643,5.194,11.782,0.000,0.000,0.2160
15.800,-91.020,22.628,0.327,1.622,5.210,11.789,0.000,0.000,0.2240
15.810,-91.004,22.654,0.328,1.601,5.226,11.795,0.000,0.000,0.2320
15.820,-90.988,22.681,0.328,1.579,5.242,11.801,0.000,0.000,0.2400
15.830,-90.973,22.706,0.329,1.558,5.257,11.807,0.000,0.000,0.2480
15.840,-90.957,22.732,0.329,1.537,5.273,11.813,0.000,0.000,0.2560
15.850,-90.942,22.757,0.329,1.517,5.288,11.819,0.000,0.000,0.2640
15.860,-90.927,22.782,0.330,1.496,5.303,11.826,0.000,0.000,0.2720
15.870,-90.912,22.806,0.330,1.475,5.318,11.832,0.000,0.000,0.2800
15.880,-90.898,22.830,0.330,1.455,5.332,11.838,0.000,0.000,0.2880
15.890,-90.884,22.853,0.330,1.434,5.347,11.844,0.000,0.000,0.2960
15.900,-90.869,22.876,0.330,1.414,5.361,11.851,0.000,0.000,0.3040
15.910,-90.856,22.899,0.329,1.393,5.375,11.857,0.000,0.000,0.3120
15.920,-90.842,22.921,0.329,1.373,5.388,11.863,0.000,0.000,0.3200
15.930,-90.828,22.943,0.329,1.353,5.402,11.869,0.000,0.000,0.3280
15.940,-90.815,22.964,0.328,1.333,5.415,11.875,0.000,0.000,0.3360
15.950,-90.802,22.985,0.328,1.313,5.428,11.881,0.000,0.000,0.3440
15.960,-90.789,23.006,0.328,1.294,5.441,11.888,0.000,0.000,0.3520
15.970,-90.776,23.026,0.327,1.274,5.454,11.893,0.000,0.000,0.3600
15.980,-90.764,23.046,0.327,1.254,5.466,11.899,0.000,0.000,0.3680
15.990,-90.751,23.065,0.326,1.235,5.479,11.905,0.000,0.000,0.3760
16.000,-90.739,23.084,0.326,1.215,5.491,11.911,0.000,0.000,0.3840
16.010,-90.727,23.103,0.325,1.195,5.503,11.917,0.000,0.000,0.3920
16.020,-90.715,23.121,0.325,1.177,5.515,11.922,0.000,0.000,0.4000
16.030,-90.704,23.139,0.324,1.158,5.526,11.928,0.000,0.000,0.4080
16.040,-90.692,23.156,0.324,1.139,5.538,11.933,0.000,0.000,0.4160
16.050,-90.681,23.173,0.324,1.119,5.549,11.938,0.000,0.000,0.4240
16.060,-90.670,23.190,0.323,1.099,5.560,11.944,0.000,0.000,0.4320
16.070,-90.660,23.206,0.323,1.080,5.571,11.949,0.000,0.000,0.4400
16.080,-90.649,23.222,0.323,1.059,5.581,11.954,0.000,0.000,0.4480
16.090,-90.638,23.237,0.323,1.070,5.592,11.959,0.000,0.000,0.4560
16.100,-90.628,23.253,0.322,1.065,5.602,11.964,0.000,0.000,0.4640
16.110,-90.617,23.268,0.322,1.054,5.613,11.969,0.000,0.000,0.4720
16.120,-90.607,23.283,0.322,1.039,5.623,11.974,0.000,0.000,0.4800
16.130,-90.596,23.297,0.322,1.020,5.634,11.979,0.000,0.000,0.4880
16.140,-90.586,23.312,0.321,1.000,5.644,11.983,0.000,0.000,0.4960
16.150,-90.577,23.326,0.321,0.979,5.653,11.988,0.000,0.000,0.5000
16.160,-90.567,23.339,0.321,0.959,5.663,11.992,0.000,0.000,0.5000
16.170,-90.558,23.352,0.321,0.938,5.672,11.996,0.000,0.000,0.5000
16.180,-90.549,23.365,0.321,0.918,5.682,12.000,0.000,0.000,0.5000
16.190,-90.540,23.378,0.321,0.897,5.691,12.004,0.000,0.000,0.5000
16.200,-90.531,23.390,0.321,0.877,5.699,12.008,0.000,0.000,0.5000
16.210,-90.522,23.402,0.322,0.857,5.708,12.012,0.000,0.000,0.5000
16.220,-90.514,23.413,0.322,0.837,5.716,12.016,0.000,0.000,0.5000
16.230,-90.506,23.425,0.322,0.817,5.724,12.019,0.000,0.000,0.5000
16.240,-90.498,23.435,0.322,0.797,5.732,12.023,0.000,0.000,0.5000
16.250,-90.490,23.446,0.322,0.776,5.740,12.026,0.000,0.000,0.5000
16.260,-90.482,23.456,0.323,0.756,5.748,12.029,0.000,0.000,0.5000
16.270,-90.475,23.466,0.323,0.735,5.755,12.032,0.000,0.000,0.5000
16.280,-90.468,23.476,0.323,0.715,5.762,12.035,0.000,0.000,0.5000
16.290,-90.461,23.485,0.324,0.694,5.769,12.038,0.000,0.000,0.5000
16.300,-90.454,23.494,0.324,0.674,5.776,12.041,0.000,0.000,0.5000
16.310,-90.448,23.503,0.324,0.654,5.782,12.044,0.000,0.000,0.5000
16.320,-90.441,23.511,0.324,0.634,5.789,12.047,0.000,0.000,0.5000
16.330,-90.435,23.519,0.324,0.613,5.795,12.050,0.000,0.000,0.5000
16.340,-90.429,23.527,0.325,0.593,5.801,12.052,0.000,0.000,0.5000
16.350,-90.424,23.534,0.325,0.573,5.807,12.055,0.000,0.000,0.5000
16.360,-90.418,23.542,0.325,0.553,5.812,12.057,0.000,0.000,0.5000
16.370,-90.413,23.549,0.325,0.532,5.817,12.059,0.000,0.000,0.5000
16.380,-90.408,23.555,0.325,0.512,5.822,12.062,0.000,0.000,0.5000
16.390,-90.403,23.562,0.325,0.492,5.827,12.064,0.000,0.000,0.5000
16.400,-90.398,23.568,0.325,0.472,5.832,12.066,0.000,0.000,0.5000
16.410,-90.393,23.574,0.325,0.451,5.837,12.068,0.000,0.000,0.5000
16.420,-90.389,23.579,0.325,0.431,5.841,12.070,0.000,0.000,0.5000
16.430,-90.385,23.584,0.325,0.410,5.845,12.072,0.000,0.000,0.5000
16.440,-90.381,23.590,0.325,0.389,5.849,12.074,0.000,0.000,0.5000
16.450,-90.378,23.594,0.325,0.368,5.853,12.076,0.000,0.000,0.5000
16.460,-90.374,23.599,0.325,0.347,5.856,12.078,0.000,0.000,0.5000
16.470,-90.371,23.603,0.325,0.326,5.859,12.079,0.000,0.000,0.5000
16.480,-90.368,23.607,0.325,0.305,5.862,12.081,0.000,0.000,0.5000
16.490,-90.365,23.610,0.325,0.284,5.865,12.082,0.040,0.000,0.5000
16.500,-90.362,23.614,0.324,0.266,5.868,12.083,0.080,0.000,0.5000
16.510,-90.360,23.617,0.324,0.263,5.870,12.085,0.120,0.000,0.5000
16.520,-90.357,23.621,0.324,0.271,5.873,12.086,0.160,0.000,0.5000
16.530,-90.354,23.624,0.324,0.286,5.876,12.088,0.200,0.000,0.5000
16.540,-90.351,23.628,0.323,0.307,5.879,12.090,0.240,0.000,0.5000
16.550,-90.348,23.633,0.322,0.329,5.882,12.092,0.280,0.000,0.4700
16.560,-90.344,23.637,0.321,0.346,5.886,12.094,0.320,0.000,0.4400
16.570,-90.341,23.641,0.321,0.358,5.889,12.097,0.360,0.000,0.4100
16.580,-90.337,23.646,0.320,0.367,5.893,12.099,0.400,0.000,0.3800
16.590,-90.334,23.651,0.319,0.376,5.896,12.102,0.440,0.000,0.3500
16.600,-90.330,23.656,0.318,0.385,5.900,12.104,0.480,0.000,0.3200
16.610,-90.326,23.661,0.317,0.396,5.904,12.107,0.520,0.000,0.2900
16.620,-90.322,23.666,0.316,0.408,5.908,12.109,0.560,0.000,0.2600
16.630,-90.318,23.671,0.316,0.422,5.912,12.112,0.600,0.000,0.2300
16.640,-90.314,23.676,0.315,0.438,5.916,12.115,0.640,0.000,0.2000
16.650,-90.309,23.682,0.314,0.456,5.921,12.117,0.680,0.000,0.1700
16.660,-90.304,23.688,0.313,0.476,5.926,12.120,0.720,0.000,0.1400
16.670,-90.300,23.694,0.313,0.497,5.930,12.123,0.760,0.000,0.1100
16.680,-90.294,23.701,0.312,0.519,5.936,12.126,0.800,0.000,0.0800
16.690,-90.289,23.707,0.311,0.542,5.941,12.129,0.840,0.000,0.0500
16.700,-90.283,23.714,0.311,0.566,5.947,12.132,0.880,0.000,0.0200
16.710,-90.278,23.722,0.310,0.590,5.953,12.136,0.920,0.000,0.0000
16.720,-90.271,23.729,0.310,0.618,5.959,12.139,0.960,0.000,0.0000
16.730,-90.265,23.737,0.309,0.652,5.965,12.142,1.000,0.000,0.0000
16.740,-90.258,23.746,0.309,0.690,5.972,12.146,1.000,0.000,0.0000
16.750,-90.251,23.755,0.308,0.731,5.979,12.150,1.000,0.000,0.0000
16.760,-90.243,23.764,0.308,0.772,5.987,12.154,1.000,0.000,0.0000
16.770,-90.235,23.774,0.307,0.813,5.995,12.158,1.000,0.000,0.0000
16.780,-90.226,23.785,0.307,0.852,6.004,12.163,1.000,0.000,0.0000
16.790,-90.217,23.796,0.307,0.891,6.013,12.167,1.000,0.000,0.0000
16.800,-90.208,23.807,0.306,0.928,6.022,12.172,1.000,0.000,0.0000
16.810,-90.199,23.819,0.306,0.963,6.031,12.177,1.000,0.000,0.0000
16.820,-90.189,23.831,0.306,0.998,6.041,12.182,1.000,0.000,0.0000
16.830,-90.178,23.844,0.305,1.031,6.052,12.187,1.000,0.000,0.0000
16.840,-90.168,23.857,0.305,1.064,6.062,12.192,1.000,0.000,0.0000
16.850,-90.157,23.870,0.305,1.096,6.073,12.198,1.000,0.000,0.0000
16.860,-90.145,23.884,0.305,1.127,6.085,12.203,1.000,0.000,0.0000
16.870,-90.134,23.899,0.305,1.158,6.096,12.209,1.000,0.000,0.0000
16.880,-90.122,23.913,0.305,1.188,6.108,12.214,1.000,0.000,0.0000
16.890,-90.110,23.928,0.305,1.218,6.120,12.220,1.000,0.000,0.0000
16.900,-90.097,23.943,0.306,1.247,6.133,12.226,1.000,0.000,0.0000
16.910,-90.085,23.959,0.306,1.276,6.145,12.232,1.000,0.000,0.0000
16.920,-90.072,23.975,0.306,1.304,6.158,12.238,1.000,0.000,0.0000
16.930,-90.058,23.992,0.306,1.332,6.172,12.244,1.000,0.000,0.0000
16.940,-90.045,24.008,0.307,1.360,6.185,12.250,1.000,0.000,0.0000
16.950,-90.031,24.025,0.307,1.387,6.199,12.257,1.000,0.000,0.0000
16.960,-90.017,24.043,0.307,1.414,6.213,12.263,1.000,0.000,0.0000
16.970,-90.002,24.061,0.308,1.441,6.228,12.270,1.000,0.000,0.0000
16.980,-89.988,24.079,0.308,1.467,6.242,12.277,1.000,0.000,0.0000
16.990,-89.973,24.097,0.309,1.493,6.257,12.284,1.000,0.000,0.0000
17.000,-89.957,24.116,0.309,1.519,6.273,12.291,1.000,0.000,0.0000
17.010,-89.942,24.135,0.309,1.545,6.288,12.298,1.000,0.000,0.0000
17.020,-89.926,24.154,0.310,1.570,6.304,12.306,1.000,0.000,0.0000
17.030,-89.910,24.174,0.310,1.597,6.320,12.313,1.000,0.000,0.0000
17.040,-89.894,24.194,0.310,1.626,6.336,12.321,1.000,0.000,0.0000
17.050,-89.878,24.214,0.311,1.654,6.352,12.329,1.000,0.000,0.0000
17.060,-89.861,24.234,0.311,1.683,6.369,12.337,1.000,0.000,0.0000
17.070,-89.844,24.255,0.311,1.710,6.386,12.346,1.000,0.000,0.0000
17.080,-89.826,24.276,0.311,1.735,6.404,12.354,1.000,0.000,0.0000
17.090,-89.809,24.298,0.311,1.760,6.421,12.363,1.000,0.000,0.0000
17.100,-89.791,24.319,0.311,1.785,6.439,12.372,1.000,0.000,0.0000
17.110,-89.773,24.341,0.312,1.810,6.457,12.381,1.000,0.000,0.0000
17.120,-89.754,24.364,0.312,1.836,6.476,12.390,1.000,0.000,0.0000
17.130,-89.736,24.386,0.312,1.861,6.494,12.399,1.000,0.000,0.0000
17.140,-89.717,24.409,0.312,1.887,6.513,12.409,1.000,0.000,0.0000
17.150,-89.698,24.432,0.312,1.912,6.532,12.418,1.000,0.000,0.0000
17.160,-89.678,24.456,0.312,1.937,6.552,12.428,1.000,0.000,0.0000
17.170,-89.659,24.480,0.312,1.963,6.571,12.438,1.000,0.000,0.0000
17.180,-89.639,24.504,0.312,1.988,6.591,12.448,1.000,0.000,0.0000
17.190,-89.619,24.528,0.311,2.013,6.611,12.459,1.000,0.000,0.0000
17.200,-89.598,24.553,0.311,2.038,6.632,12.469,1.000,0.000,0.0000
17.210,-89.578,24.578,0.311,2.063,6.652,12.480,1.000,0.000,0.0000
17.220,-89.557,24.604,0.311,2.088,6.673,12.491,1.000,0.000,0.0000
17.230,-89.536,24.630,0.311,2.113,6.694,12.502,1.000,0.000,0.0000
17.240,-89.514,24.656,0.311,2.138,6.716,12.513,1.000,0.000,0.0000
17.250,-89.493,24.682,0.311,2.163,6.737,12.524,1.000,0.000,0.0000
17.260,-89.471,24.709,0.311,2.188,6.759,12.536,1.000,0.000,0.0000
17.270,-89.449,24.736,0.310,2.213,6.781,12.548,1.000,0.000,0.0000
17.280,-89.426,24.763,0.310,2.239,6.804,12.559,1.000,0.000,0.0000
17.290,-89.404,24.791,0.310,2.264,6.826,12.571,1.000,0.000,0.0000
17.300,-89.381,24.819,0.310,2.289,6.849,12.584,1.000,0.000,0.0000
17.310,-89.358,24.847,0.310,2.314,6.872,12.596,1.000,0.000,0.0000
17.320,-89.334,24.876,0.310,2.339,6.896,12.608,1.000,0.000,0.0000
17.330,-89.311,24.905,0.310,2.364,6.919,12.621,1.000,0.000,0.0000
17.340,-89.287,24.934,0.310,2.389,6.943,12.634,1.000,0.000,0.0000
17.350,-89.263,24.964,0.310,2.414,6.967,12.647,1.000,0.000,0.0080
17.360,-89.238,24.994,0.310,2.437,6.992,12.660,1.000,0.000,0.0160
17.370,-89.214,25.024,0.310,2.459,7.016,12.673,1.000,0.000,0.0240
17.380,-89.189,25.054,0.310,2.479,7.041,12.686,1.000,0.000,0.0320
17.390,-89.164,25.085,0.310,2.503,7.066,12.699,1.000,0.000,0.0400
17.400,-89.139,25.116,0.310,2.526,7.091,12.713,1.000,0.000,0.0480
17.410,-89.113,25.147,0.310,2.559,7.117,12.727,1.000,0.000,0.0560
17.420,-89.087,25.178,0.310,2.592,7.143,12.741,1.000,0.000,0.0640
17.430,-89.061,25.211,0.310,2.624,7.169,12.755,1.000,0.000,0.0720
17.440,-89.034,25.243,0.310,2.656,7.196,12.770,1.000,0.000,0.0800
17.450,-89.007,25.276,0.310,2.687,7.223,12.784,1.000,0.000,0.0880
17.460,-88.980,25.309,0.310,2.719,7.250,12.799,0.940,0.000,0.0960
17.470,-88.953,25.343,0.309,2.751,7.277,12.814,0.880,0.000,0.1040
17.480,-88.925,25.377,0.309,2.782,7.305,12.830,0.820,0.000,0.1120
17.490,-88.897,25.411,0.309,2.814,7.333,12.845,0.760,0.000,0.1200
17.500,-88.868,25.446,0.309,2.845,7.362,12.861,0.700,0.000,0.1280
17.510,-88.839,25.480,0.309,2.877,7.391,12.877,0.640,0.000,0.1360
17.520,-88.810,25.516,0.309,2.909,7.420,12.893,0.580,0.000,0.1440
17.530,-88.781,25.551,0.309,2.941,7.449,12.910,0.520,0.000,0.1520
17.540,-88.751,25.587,0.309,2.973,7.479,12.926,0.460,0.000,0.1600
17.550,-88.721,25.623,0.309,3.006,7.509,12.943,0.400,0.000,0.1680
17.560,-88.691,25.659,0.309,3.023,7.539,12.960,0.340,0.000,0.1760
17.570,-88.661,25.695,0.309,3.028,7.569,12.977,0.280,0.000,0.1840
17.580,-88.630,25.731,0.310,3.022,7.600,12.994,0.220,0.000,0.1920
17.590,-88.600,25.767,0.310,3.010,7.630,13.011,0.160,0.000,0.2000
17.600,-88.570,25.802,0.311,2.994,7.660,13.027,0.100,0.000,0.2080
17.610,-88.541,25.837,0.312,2.975,7.689,13.044,0.040,0.000,0.2160
17.620,-88.511,25.871,0.313,2.945,7.719,13.060,0.000,0.000,0.2240
17.630,-88.482,25.904,0.314,2.909,7.748,13.075,0.000,0.000,0.2320
17.640,-88.453,25.937,0.315,2.874,7.777,13.091,0.000,0.000,0.2400
17.650,-88.425,25.969,0.317,2.842,7.805,13.106,0.000,0.000,0.2480
17.660,-88.397,26.001,0.318,2.773,7.833,13.121,0.000,0.000,0.2560
17.670,-88.370,26.032,0.320,2.721,7.860,13.135,0.000,0.000,0.2640
17.680,-88.344,26.062,0.322,2.682,7.887,13.149,0.000,0.000,0.2720
17.690,-88.317,26.092,0.323,2.653,7.913,13.163,0.000,0.000,0.2800
17.700,-88.291,26.121,0.325,2.629,7.939,13.178,0.000,0.000,0.2880
17.710,-88.265,26.150,0.326,2.607,7.965,13.192,0.000,0.000,0.2960
17.720,-88.239,26.178,0.328,2.586,7.991,13.206,0.000,0.000,0.3040
17.730,-88.213,26.206,0.329,2.564,8.017,13.220,0.000,0.000,0.3120
17.740,-88.188,26.233,0.330,2.541,8.042,13.234,0.000,0.000,0.3200
17.750,-88.163,26.261,0.330,2.517,8.067,13.248,0.000,0.000,0.3280
17.760,-88.138,26.287,0.331,2.493,8.092,13.263,0.000,0.000,0.3360
17.770,-88.113,26.314,0.332,2.467,8.117,13.277,0.000,0.000,0.3440
17.780,-88.089,26.340,0.332,2.442,8.141,13.291,0.000,0.000,0.3520
17.790,-88.065,26.365,0.332,2.415,8.166,13.305,0.000,0.000,0.3600
17.800,-88.041,26.390,0.332,2.388,8.189,13.319,0.000,0.000,0.3680
17.810,-88.017,26.415,0.332,2.361,8.213,13.334,0.000,0.000,0.3760
17.820,-87.994,26.440,0.332,2.334,8.236,13.348,0.000,0.000,0.3840
17.830,-87.971,26.463,0.332,2.307,8.259,13.362,0.000,0.000,0.3920
17.840,-87.948,26.487,0.332,2.280,8.282,13.376,0.000,0.000,0.4000
17.850,-87.925,26.510,0.331,2.252,8.305,13.390,0.000,0.000,0.4080
17.860,-87.903,26.533,0.331,2.225,8.327,13.403,0.000,0.000,0.4160
17.870,-87.881,26.555,0.330,2.198,8.349,13.417,0.000,0.000,0.4240
17.880,-87.859,26.577,0.330,2.171,8.371,13.431,0.000,0.000,0.4320
17.890,-87.838,26.598,0.329,2.143,8.392,13.444,0.000,0.000,0.4400
17.900,-87.817,26.619,0.328,2.116,8.413,13.457,0.000,0.000,0.4480
17.910,-87.796,26.640,0.328,2.089,8.434,13.471,0.000,0.000,0.4560
17.920,-87.775,26.660,0.327,2.062,8.455,13.484,0.000,0.000,0.4640
17.930,-87.755,26.680,0.327,2.035,8.475,13.497,0.000,0.000,0.4720
17.940,-87.735,26.700,0.326,2.007,8.495,13.509,0.000,0.000,0.4800
17.950,-87.715,26.719,0.325,1.982,8.515,13.522,0.000,0.000,0.4880
17.960,-87.696,26.737,0.325,1.955,8.534,13.534,0.000,0.000,0.4960
17.970,-87.676,26.756,0.324,1.929,8.554,13.547,0.000,0.000,0.5000
17.980,-87.657,26.774,0.324,1.906,8.573,13.559,0.000,0.000,0.5000
17.990,-87.638,26.791,0.323,1.885,8.592,13.571,0.000,0.000,0.5000
18.000,-87.620,26.809,0.323,1.866,8.610,13.582,0.000,0.000,0.5000
18.010,-87.601,26.826,0.322,1.850,8.629,13.594,0.000,0.000,0.5000
18.020,-87.583,26.843,0.322,1.869,8.647,13.606,0.000,0.000,0.5000
18.030,-87.564,26.859,0.322,1.874,8.666,13.618,0.000,0.000,0.5000
18.040,-87.545,26.876,0.321,1.870,8.685,13.630,0.000,0.000,0.5000
18.050,-87.527,26.893,0.321,1.859,8.703,13.642,0.000,0.000,0.5000
18.060,-87.508,26.909,0.320,1.842,8.722,13.654,0.000,0.000,0.5000
18.070,-87.490,26.925,0.320,1.821,8.740,13.665,0.000,0.000,0.5000
18.080,-87.472,26.941,0.320,1.797,8.758,13.677,0.000,0.000,0.5000
18.090,-87.454,26.956,0.320,1.773,8.776,13.688,0.000,0.000,0.5000
18.100,-87.437,26.971,0.320,1.748,8.793,13.699,0.000,0.000,0.5000
18.110,-87.420,26.986,0.320,1.723,8.810,13.709,0.000,0.000,0.5000
18.120,-87.403,27.000,0.320,1.698,8.827,13.720,0.000,0.000,0.5000
18.130,-87.386,27.014,0.320,1.674,8.844,13.730,0.000,0.000,0.5000
18.140,-87.369,27.028,0.320,1.650,8.861,13.740,0.000,0.000,0.5000
18.150,-87.353,27.041,0.321,1.626,8.877,13.750,0.000,0.000,0.5000
18.160,-87.337,27.054,0.321,1.602,8.893,13.760,0.000,0.000,0.5000
18.170,-87.321,27.067,0.322,1.578,8.909,13.770,0.000,0.000,0.5000
18.180,-87.306,27.080,0.322,1.553,8.924,13.779,0.000,0.000,0.5000
18.190,-87.291,27.092,0.322,1.529,8.940,13.789,0.000,0.000,0.5000
18.200,-87.275,27.104,0.323,1.504,8.955,13.798,0.000,0.000,0.5000
18.210,-87.261,27.115,0.323,1.479,8.969,13.807,0.000,0.000,0.5000
18.220,-87.246,27.127,0.324,1.454,8.984,13.816,0.000,0.000,0.5000
18.230,-87.232,27.138,0.324,1.428,8.998,13.824,0.000,0.000,0.5000
18.240,-87.218,27.148,0.324,1.402,9.012,13.833,0.000,0.000,0.5000
18.250,-87.204,27.159,0.325,1.376,9.026,13.842,0.000,0.000,0.5000
18.260,-87.191,27.169,0.325,1.350,9.039,13.850,0.000,0.000,0.5000
18.270,-87.177,27.179,0.325,1.323,9.053,13.858,0.000,0.000,0.5000
18.280,-87.164,27.189,0.325,1.296,9.066,13.866,0.000,0.000,0.5000
18.290,-87.152,27.198,0.326,1.269,9.078,13.874,0.000,0.000,0.5000
18.300,-87.139,27.208,0.326,1.242,9.091,13.882,0.000,0.000,0.5000
18.310,-87.127,27.217,0.326,1.215,9.103,13.889,0.000,0.000,0.5000
18.320,-87.115,27.225,0.326,1.187,9.115,13.897,0.000,0.000,0.5000
18.330,-87.104,27.234,0.326,1.160,9.126,13.904,0.000,0.000,0.5000
18.340,-87.092,27.242,0.326,1.132,9.138,13.912,0.000,0.000,0.4700
18.350,-87.081,27.250,0.326,1.096,9.149,13.919,0.000,0.000,0.4400
18.360,-87.071,27.258,0.326,1.055,9.159,13.925,0.000,0.000,0.4100
18.370,-87.061,27.265,0.326,1.011,9.169,13.932,0.000,0.000,0.3800
18.380,-87.051,27.272,0.326,0.966,9.179,13.938,0.000,0.000,0.3500
18.390,-87.042,27.278,0.327,0.922,9.188,13.944,0.000,0.000,0.3200
18.400,-87.033,27.285,0.327,0.880,9.197,13.949,0.000,0.000,0.2900
18.410,-87.025,27.291,0.327,0.839,9.205,13.955,0.040,0.000,0.2600
18.420,-87.017,27.296,0.327,0.800,9.213,13.960,0.080,0.000,0.2300
18.430,-87.009,27.302,0.327,0.763,9.221,13.965,0.120,0.000,0.2000
18.440,-87.002,27.307,0.327,0.745,9.228,13.969,0.160,0.000,0.1700
18.450,-86.994,27.312,0.327,0.744,9.236,13.974,0.200,0.000,0.1400
18.460,-86.987,27.318,0.326,0.756,9.243,13.979,0.240,0.000,0.1100
18.470,-86.979,27.323,0.326,0.777,9.251,13.985,0.280,0.000,0.0800
18.480,-86.971,27.329,0.325,0.804,9.259,13.991,0.320,0.000,0.0500
18.490,-86.963,27.335,0.324,0.835,9.267,13.997,0.360,0.000,0.0200
18.500,-86.954,27.341,0.323,0.867,9.276,14.003,0.400,0.000,0.0000
18.510,-86.945,27.347,0.322,0.902,9.285,14.009,0.440,0.000,0.0000
18.520,-86.936,27.354,0.321,0.946,9.294,14.016,0.480,0.000,0.0000
18.530,-86.926,27.361,0.320,0.995,9.304,14.024,0.520,0.000,0.0000
18.540,-86.915,27.368,0.318,1.047,9.315,14.032,0.560,0.000,0.0000
18.550,-86.905,27.376,0.317,1.100,9.326,14.040,0.600,0.000,0.0000
18.560,-86.893,27.384,0.315,1.152,9.337,14.048,0.640,0.000,0.0000
18.570,-86.881,27.392,0.314,1.202,9.349,14.057,0.680,0.000,0.0000
18.580,-86.869,27.401,0.312,1.251,9.361,14.067,0.720,0.000,0.0000
18.590,-86.856,27.410,0.311,1.299,9.374,14.076,0.760,0.000,0.0000
18.600,-86.842,27.419,0.309,1.344,9.388,14.086,0.800,0.000,0.0000
18.610,-86.829,27.429,0.308,1.389,9.401,14.096,0.840,0.000,0.0000
18.620,-86.814,27.438,0.307,1.432,9.416,14.106,0.880,0.000,0.0000
18.630,-86.800,27.449,0.305,1.474,9.430,14.117,0.920,0.000,0.0000
18.640,-86.785,27.459,0.304,1.516,9.445,14.127,0.960,0.000,0.0000
18.650,-86.769,27.470,0.304,1.557,9.461,14.138,1.000,0.000,0.0000
18.660,-86.753,27.481,0.303,1.597,9.477,14.149,1.000,0.000,0.0000
18.670,-86.737,27.492,0.302,1.645,9.493,14.160,1.000,0.000,0.0000
18.680,-86.720,27.504,0.302,1.693,9.510,14.172,1.000,0.000,0.0000
18.690,-86.702,27.516,0.301,1.740,9.528,14.183,1.000,0.000,0.0000
18.700,-86.684,27.529,0.301,1.783,9.546,14.195,1.000,0.000,0.0000
18.710,-86.666,27.541,0.301,1.823,9.564,14.207,1.000,0.000,0.0000
18.720,-86.648,27.554,0.301,1.860,9.582,14.219,1.000,0.000,0.0000
18.730,-86.629,27.567,0.301,1.894,9.601,14.232,1.000,0.000,0.0000
18.740,-86.609,27.581,0.302,1.928,9.621,14.244,1.000,0.000,0.0000
18.750,-86.590,27.594,0.302,1.967,9.640,14.257,1.000,0.000,0.0000
18.760,-86.570,27.608,0.303,2.006,9.660,14.270,1.000,0.000,0.0000
18.770,-86.549,27.622,0.303,2.043,9.681,14.283,1.000,0.000,0.0000
18.780,-86.529,27.636,0.304,2.079,9.701,14.296,1.000,0.000,0.0000
18.790,-86.507,27.651,0.305,2.114,9.723,14.309,1.000,0.000,0.0000
18.800,-86.486,27.665,0.305,2.148,9.744,14.323,1.000,0.000,0.0000
18.810,-86.464,27.680,0.306,2.181,9.766,14.337,1.000,0.000,0.0000
18.820,-86.442,27.695,0.307,2.214,9.788,14.351,1.000,0.000,0.0000
18.830,-86.420,27.711,0.307,2.247,9.810,14.366,1.000,0.000,0.0000
18.840,-86.397,27.726,0.308,2.280,9.833,14.380,1.000,0.000,0.0000
18.850,-86.374,27.742,0.309,2.312,9.856,14.395,1.000,0.000,0.0000
18.860,-86.350,27.758,0.309,2.344,9.880,14.411,1.000,0.000,0.0000
18.870,-86.326,27.775,0.310,2.377,9.904,14.426,1.000,0.000,0.0000
18.880,-86.302,27.791,0.311,2.409,9.928,14.442,1.000,0.000,0.0000
18.890,-86.278,27.808,0.311,2.441,9.952,14.458,1.000,0.000,0.0000
18.900,-86.253,27.825,0.312,2.473,9.977,14.474,1.000,0.000,0.0000
18.910,-86.228,27.842,0.312,2.505,10.002,14.491,1.000,0.000,0.0000
18.920,-86.203,27.860,0.312,2.537,10.027,14.507,1.000,0.000,0.0000
18.930,-86.177,27.877,0.313,2.569,10.053,14.525,1.000,0.000,0.0000
18.940,-86.151,27.895,0.313,2.601,10.079,14.542,1.000,0.000,0.0000
18.950,-86.125,27.913,0.313,2.633,10.105,14.560,1.000,0.000,0.0000
18.960,-86.098,27.932,0.313,2.665,10.132,14.578,1.000,0.000,0.0000
18.970,-86.071,27.950,0.313,2.697,10.159,14.596,1.000,0.000,0.0000
18.980,-86.044,27.969,0.313,2.729,10.186,14.615,1.000,0.000,0.0000
18.990,-86.016,27.988,0.313,2.761,10.214,14.633,1.000,0.000,0.0000
19.000,-85.988,28.007,0.313,2.794,10.242,14.653,1.000,0.000,0.0000
19.010,-85.960,28.027,0.313,2.826,10.270,14.672,1.000,0.000,0.0000
19.020,-85.932,28.046,0.313,2.858,10.299,14.692,1.000,0.000,0.0000
19.030,-85.903,28.066,0.313,2.890,10.327,14.712,1.000,0.000,0.0000
19.040,-85.873,28.086,0.312,2.922,10.357,14.732,1.000,0.000,0.0000
19.050,-85.844,28.107,0.312,2.954,10.386,14.752,1.000,0.000,0.0000
19.060,-85.814,28.127,0.312,2.985,10.416,14.773,1.000,0.000,0.0000
19.070,-85.784,28.148,0.312,3.017,10.446,14.794,1.000,0.000,0.0000
19.080,-85.753,28.169,0.312,3.047,10.477,14.815,1.000,0.000,0.0000
19.090,-85.723,28.190,0.311,3.078,10.507,14.837,1.000,0.000,0.0000
19.100,-85.692,28.211,0.311,3.108,10.539,14.858,1.000,0.000,0.0000
19.110,-85.660,28.233,0.311,3.138,10.570,14.880,1.000,0.000,0.0000
19.120,-85.628,28.255,0.311,3.169,10.602,14.903,1.000,0.000,0.0000
19.130,-85.596,28.277,0.311,3.198,10.634,14.925,1.000,0.000,0.0000
19.140,-85.564,28.299,0.310,3.228,10.666,14.948,1.000,0.000,0.0000
19.150,-85.532,28.321,0.310,3.261,10.698,14.971,1.000,0.000,0.0000
19.160,-85.499,28.344,0.310,3.295,10.731,14.994,1.000,0.000,0.0000
19.170,-85.465,28.367,0.310,3.330,10.765,15.017,1.000,0.000,0.0000
19.180,-85.432,28.390,0.310,3.366,10.798,15.041,1.000,0.000,0.0000
19.190,-85.398,28.414,0.310,3.402,10.832,15.065,1.000,0.000,0.0000
19.200,-85.363,28.437,0.309,3.438,10.867,15.089,1.000,0.000,0.0000
19.210,-85.329,28.461,0.309,3.474,10.901,15.114,1.000,0.000,0.0000
19.220,-85.293,28.485,0.309,3.510,10.937,15.139,1.000,0.000,0.0000
19.230,-85.258,28.510,0.309,3.546,10.972,15.164,1.000,0.000,0.0000
19.240,-85.222,28.534,0.309,3.582,11.008,15.189,1.000,0.000,0.0000
19.250,-85.186,28.559,0.309,3.617,11.044,15.215,1.000,0.000,0.0000
19.260,-85.149,28.584,0.309,3.653,11.081,15.241,1.000,0.000,0.0000
19.270,-85.113,28.610,0.309,3.687,11.117,15.267,1.000,0.000,0.0000
19.280,-85.075,28.635,0.309,3.722,11.155,15.294,1.000,0.000,0.0000
19.290,-85.038,28.661,0.309,3.756,11.192,15.321,1.000,0.000,0.0000
19.300,-85.000,28.687,0.309,3.790,11.230,15.348,1.000,0.000,0.0000
19.310,-84.962,28.713,0.309,3.823,11.268,15.375,1.000,0.000,0.0000
19.320,-84.923,28.739,0.309,3.855,11.307,15.403,1.000,0.000,0.0000
19.330,-84.884,28.766,0.309,3.887,11.346,15.431,1.000,0.000,0.0000
19.340,-84.845,28.793,0.309,3.914,11.385,15.459,1.000,0.000,0.0000
19.350,-84.806,28.820,0.309,3.943,11.424,15.487,1.000,0.000,0.0000
19.360,-84.766,28.847,0.310,3.973,11.464,15.516,1.000,0.000,0.0000
19.370,-84.726,28.874,0.310,4.005,11.504,15.545,1.000,0.000,0.0000
19.380,-84.686,28.902,0.310,4.036,11.544,15.574,1.000,0.000,0.0000
19.390,-84.645,28.929,0.310,4.064,11.585,15.604,1.000,0.000,0.0000
19.400,-84.604,28.957,0.310,4.097,11.626,15.633,0.940,0.000,0.0000
19.410,-84.563,28.985,0.310,4.131,11.667,15.663,0.880,0.000,0.0000
19.420,-84.521,29.013,0.310,4.166,11.709,15.694,0.820,0.000,0.0000
19.430,-84.479,29.042,0.311,4.203,11.751,15.724,0.760,0.000,0.0000
19.440,-84.437,29.071,0.311,4.241,11.794,15.755,0.700,0.000,0.0000
19.450,-84.394,29.100,0.311,4.278,11.836,15.787,0.640,0.000,0.0000
19.460,-84.351,29.129,0.311,4.315,11.879,15.819,0.580,0.000,0.0000
19.470,-84.307,29.159,0.311,4.352,11.923,15.851,0.520,0.000,0.0000
19.480,-84.263,29.189,0.311,4.388,11.967,15.883,0.460,0.000,0.0000
19.490,-84.219,29.218,0.311,4.404,12.011,15.916,0.400,0.000,0.0000
19.500,-84.175,29.248,0.311,4.401,12.055,15.948,0.340,0.000,0.0000
19.510,-84.131,29.278,0.311,4.385,12.099,15.980,0.280,0.000,0.0000
19.520,-84.088,29.308,0.312,4.360,12.142,16.013,0.320,0.000,0.0000
19.530,-84.044,29.337,0.312,4.329,12.186,16.044,0.360,0.000,0.0000
19.540,-84.001,29.367,0.313,4.296,12.229,16.076,0.400,0.000,0.0000
19.550,-83.959,29.396,0.314,4.261,12.271,16.107,0.440,0.000,0.0000
19.560,-83.917,29.424,0.314,4.226,12.313,16.138,0.480,0.000,0.0000
19.570,-83.875,29.453,0.315,4.209,12.356,16.169,0.520,0.000,0.0000
19.580,-83.832,29.482,0.316,4.207,12.398,16.200,0.560,0.000,0.0000
19.590,-83.790,29.511,0.317,4.217,12.440,16.231,0.600,0.000,0.0000
19.600,-83.748,29.540,0.318,4.237,12.482,16.263,0.640,0.000,0.0000
19.610,-83.705,29.569,0.318,4.262,12.525,16.295,0.680,0.000,0.0000
19.620,-83.662,29.598,0.319,4.286,12.568,16.327,0.720,0.000,0.0000
19.630,-83.619,29.628,0.319,4.313,12.611,16.359,0.760,0.000,0.0000
19.640,-83.576,29.657,0.319,4.344,12.654,16.392,0.800,0.000,0.0000
19.650,-83.532,29.688,0.319,4.377,12.698,16.425,0.840,0.000,0.0000
19.660,-83.488,29.718,0.319,4.412,12.742,16.459,0.880,0.000,0.0000
19.670,-83.444,29.748,0.318,4.448,12.787,16.493,0.920,0.000,0.0000
19.680,-83.399,29.779,0.318,4.484,12.831,16.528,0.960,0.000,0.0000
19.690,-83.353,29.810,0.317,4.521,12.877,16.562,0.900,0.000,0.0000
19.700,-83.308,29.842,0.317,4.557,12.922,16.598,0.840,0.000,0.0000
19.710,-83.262,29.873,0.316,4.593,12.968,16.633,0.780,0.000,0.0000
19.720,-83.216,29.905,0.315,4.629,13.014,16.669,0.720,0.000,0.0000
19.730,-83.169,29.937,0.315,4.665,13.061,16.705,0.660,0.000,0.0000
19.740,-83.122,29.969,0.314,4.700,13.108,16.742,0.600,0.000,0.0000
19.750,-83.075,30.002,0.313,4.735,13.155,16.779,0.540,0.000,0.0000
19.760,-83.027,30.034,0.312,4.769,13.203,16.816,0.480,0.000,0.0000
19.770,-82.979,30.067,0.312,4.782,13.251,16.853,0.420,0.000,0.0000
19.780,-82.931,30.099,0.311,4.777,13.299,16.891,0.360,0.000,0.0000
19.790,-82.884,30.132,0.311,4.755,13.346,16.928,0.300,0.000,0.0000
19.800,-82.837,30.164,0.311,4.726,13.393,16.964,0.240,0.000,0.0000
19.810,-82.790,30.196,0.311,4.694,13.440,17.001,0.180,0.000,0.0000
19.820,-82.743,30.228,0.311,4.661,13.487,17.037,0.120,0.000,0.0000
19.830,-82.697,30.259,0.312,4.628,13.533,17.073,0.060,0.000,0.0000
19.840,-82.651,30.290,0.312,4.593,13.579,17.108,0.000,0.000,0.0000
19.850,-82.605,30.321,0.313,4.561,13.625,17.143,0.000,0.000,0.0000
19.860,-82.560,30.352,0.314,4.533,13.670,17.178,0.000,0.000,0.0000
19.870,-82.515,30.382,0.315,4.506,13.715,17.213,0.000,0.000,0.0000
19.880,-82.470,30.412,0.316,4.479,13.760,17.247,0.000,0.000,0.0000
19.890,-82.426,30.443,0.317,4.453,13.804,17.282,0.000,0.000,0.0000
19.900,-82.381,30.472,0.318,4.425,13.849,17.316,0.000,0.000,0.0000
19.910,-82.337,30.502,0.319,4.397,13.893,17.350,0.000,0.000,0.0000
19.920,-82.294,30.532,0.320,4.367,13.936,17.383,0.000,0.000,0.0000
19.930,-82.250,30.561,0.321,4.335,13.980,17.417,0.000,0.000,0.0000
19.940,-82.207,30.590,0.322,4.303,14.023,17.450,0.000,0.000,0.0000
19.950,-82.165,30.619,0.323,4.269,14.065,17.484,0.000,0.000,0.0000
19.960,-82.122,30.647,0.324,4.235,14.108,17.517,0.000,0.000,0.0000
19.970,-82.080,30.676,0.324,4.199,14.150,17.549,0.000,0.000,0.0000
19.980,-82.039,30.704,0.325,4.163,14.191,17.582,0.000,0.000,0.0000
19.990,-81.998,30.732,0.326,4.126,14.233,17.614,0.000,0.000,0.0000
20.000,-81.957,30.760,0.326,4.084,14.273,17.646,0.000,0.000,0.0000
20.010,-81.916,30.787,0.327,4.041,14.314,17.678,0.000,0.000,0.0000
20.020,-81.876,30.814,0.328,4.000,14.354,17.710,0.000,0.000,0.0000
20.030,-81.837,30.841,0.328,3.960,14.393,17.741,0.000,0.000,0.0000
20.040,-81.797,30.868,0.328,3.922,14.433,17.772,0.000,0.000,0.0000
20.050,-81.759,30.895,0.329,3.885,14.471,17.803,0.000,0.000,0.0000
20.060,-81.720,30.921,0.329,3.842,14.510,17.834,0.000,0.000,0.0000
20.070,-81.682,30.947,0.329,3.802,14.548,17.864,0.000,0.000,0.0000
20.080,-81.645,30.973,0.329,3.765,14.585,17.894,0.000,0.000,0.0000
20.090,-81.607,30.999,0.329,3.732,14.623,17.924,0.000,0.000,0.0000
20.100,-81.570,31.024,0.329,3.700,14.660,17.954,0.000,0.000,0.0080
20.110,-81.534,31.050,0.328,3.672,14.697,17.984,0.000,0.000,0.0160
20.120,-81.497,31.075,0.328,3.646,14.733,18.013,0.000,0.000,0.0240
20.130,-81.461,31.100,0.328,3.621,14.769,18.043,0.000,0.000,0.0320
20.140,-81.425,31.124,0.327,3.597,14.805,18.072,0.000,0.000,0.0400
20.150,-81.389,31.149,0.327,3.573,14.841,18.101,0.000,0.000,0.0480
20.160,-81.354,31.173,0.326,3.549,14.876,18.130,0.000,0.000,0.0560
20.170,-81.318,31.198,0.326,3.524,14.912,18.159,0.000,0.000,0.0640
20.180,-81.283,31.222,0.325,3.499,14.947,18.187,0.000,0.000,0.0720
20.190,-81.249,31.245,0.325,3.473,14.981,18.216,0.000,0.000,0.0800
20.200,-81.214,31.269,0.324,3.447,15.016,18.244,0.000,0.000,0.0880
20.210,-81.180,31.292,0.324,3.420,15.050,18.272,0.000,0.000,0.0960
20.220,-81.146,31.315,0.323,3.393,15.084,18.300,0.000,0.000,0.1040
20.230,-81.113,31.338,0.323,3.353,15.117,18.327,0.000,0.000,0.1120
20.240,-81.079,31.360,0.323,3.310,15.151,18.354,0.000,0.000,0.1200
20.250,-81.047,31.382,0.323,3.269,15.183,18.381,0.000,0.000,0.1280
20.260,-81.014,31.403,0.322,3.231,15.216,18.407,0.000,0.000,0.1360
20.270,-80.983,31.425,0.322,3.196,15.248,18.434,0.000,0.000,0.1440
20.280,-80.951,31.446,0.322,3.163,15.279,18.459,0.000,0.000,0.1520
20.290,-80.920,31.466,0.322,3.132,15.310,18.485,0.000,0.000,0.1600
20.300,-80.889,31.487,0.322,3.101,15.341,18.510,0.000,0.000,0.1680
20.310,-80.858,31.507,0.322,3.068,15.372,18.535,0.000,0.000,0.1760
20.320,-80.828,31.526,0.322,3.034,15.402,18.560,0.000,0.000,0.1840
20.330,-80.798,31.546,0.322,3.001,15.432,18.584,0.000,0.000,0.1920
20.340,-80.768,31.565,0.323,2.932,15.462,18.608,0.000,0.000,0.2000
20.350,-80.739,31.584,0.323,2.884,15.491,18.632,0.000,0.000,0.2080
20.360,-80.711,31.602,0.323,2.834,15.519,18.655,0.000,0.000,0.2160
20.370,-80.683,31.620,0.324,2.787,15.547,18.677,0.000,0.000,0.2240
20.380,-80.656,31.638,0.324,2.743,15.574,18.700,0.000,0.000,0.2320
20.390,-80.629,31.655,0.324,2.705,15.601,18.722,0.000,0.000,0.2400
20.400,-80.602,31.672,0.325,2.669,15.628,18.743,0.000,0.000,0.2480
20.410,-80.576,31.689,0.325,2.635,15.654,18.765,0.000,0.000,0.2560
20.420,-80.550,31.705,0.325,2.602,15.680,18.786,0.000,0.000,0.2640
20.430,-80.524,31.722,0.325,2.568,15.706,18.807,0.000,0.000,0.2720
20.440,-80.499,31.738,0.326,2.535,15.731,18.828,0.000,0.000,0.2800
20.450,-80.474,31.753,0.326,2.501,15.756,18.848,0.000,0.000,0.2880
20.460,-80.449,31.769,0.326,2.466,15.781,18.869,0.000,0.000,0.2960
20.470,-80.425,31.784,0.326,2.431,15.805,18.889,0.000,0.000,0.3040
20.480,-80.401,31.799,0.326,2.396,15.829,18.908,0.000,0.000,0.3120
20.490,-80.377,31.814,0.326,2.361,15.853,18.928,0.000,0.000,0.2820
20.500,-80.354,31.828,0.326,2.336,15.876,18.947,0.000,0.000,0.2520
20.510,-80.331,31.842,0.326,2.320,15.900,18.966,0.000,0.000,0.2220
20.520,-80.307,31.856,0.326,2.311,15.923,18.986,0.000,0.000,0.1920
20.530,-80.284,31.871,0.325,2.305,15.946,19.005,0.000,0.000,0.1620
20.540,-80.261,31.885,0.325,2.301,15.969,19.024,0.000,0.000,0.1320
20.550,-80.238,31.899,0.324,2.298,15.992,19.043,0.000,0.000,0.1020
20.560,-80.215,31.912,0.324,2.294,16.015,19.063,0.000,0.000,0.0720
20.570,-80.193,31.926,0.323,2.288,16.037,19.082,0.000,0.000,0.0420
20.580,-80.170,31.940,0.323,2.282,16.060,19.101,0.000,0.000,0.0120
20.590,-80.147,31.953,0.322,2.274,16.083,19.121,0.000,0.000,0.0000
20.600,-80.125,31.967,0.321,2.231,16.105,19.139,0.000,0.000,0.0000
20.610,-80.103,31.980,0.321,2.185,16.127,19.158,0.000,0.000,0.0000
20.620,-80.082,31.992,0.321,2.134,16.149,19.176,0.000,0.000,0.0000
20.630,-80.061,32.004,0.321,2.085,16.169,19.193,0.000,0.000,0.0000
20.640,-80.040,32.016,0.320,2.041,16.190,19.210,0.000,0.000,0.0000
20.650,-80.020,32.028,0.320,2.002,16.210,19.227,0.000,0.000,0.0000
20.660,-80.001,32.040,0.320,1.965,16.229,19.243,0.000,0.000,0.0000
20.670,-79.981,32.051,0.321,1.931,16.249,19.259,0.000,0.000,0.0000
20.680,-79.962,32.062,0.321,1.897,16.268,19.275,0.000,0.000,0.0000
20.690,-79.944,32.073,0.321,1.863,16.286,19.290,0.000,0.000,0.0000
20.700,-79.925,32.084,0.321,1.829,16.305,19.305,0.000,0.000,0.0000
20.710,-79.907,32.095,0.321,1.795,16.323,19.320,0.000,0.000,0.0000
20.720,-79.890,32.105,0.322,1.761,16.340,19.335,0.000,0.000,0.0000
20.730,-79.873,32.115,0.322,1.727,16.357,19.349,0.000,0.000,0.0000
20.740,-79.856,32.125,0.322,1.693,16.374,19.363,0.000,0.000,0.0000
20.750,-79.839,32.135,0.322,1.647,16.391,19.376,0.000,0.000,0.0000
20.760,-79.823,32.145,0.323,1.603,16.407,19.389,0.000,0.000,0.0000
20.770,-79.808,32.154,0.323,1.562,16.422,19.402,0.000,0.000,0.0000
20.780,-79.792,32.163,0.323,1.524,16.438,19.415,0.000,0.000,0.0000
20.790,-79.777,32.172,0.324,1.488,16.453,19.427,0.000,0.000,0.0000
20.800,-79.763,32.181,0.324,1.452,16.467,19.439,0.000,0.000,0.0000
20.810,-79.749,32.189,0.324,1.418,16.481,19.451,0.000,0.000,0.0000
20.820,-79.735,32.197,0.325,1.383,16.495,19.462,0.040,0.000,0.0000
20.830,-79.721,32.205,0.325,1.349,16.509,19.473,0.080,0.000,0.0000
20.840,-79.708,32.213,0.325,1.314,16.522,19.484,0.120,0.000,0.0000
20.850,-79.695,32.221,0.325,1.279,16.535,19.495,0.160,0.000,0.0000
20.860,-79.683,32.229,0.325,1.268,16.547,19.505,0.200,0.000,0.0000
20.870,-79.670,32.236,0.325,1.276,16.560,19.516,0.240,0.000,0.0000
20.880,-79.657,32.244,0.325,1.298,16.573,19.527,0.280,0.000,0.0000
20.890,-79.644,32.252,0.324,1.328,16.586,19.538,0.320,0.000,0.0000
20.900,-79.630,32.260,0.324,1.363,16.600,19.550,0.360,0.000,0.0000
20.910,-79.616,32.268,0.323,1.400,16.614,19.562,0.400,0.000,0.0000
20.920,-79.602,32.277,0.322,1.436,16.628,19.575,0.440,0.000,0.0000
20.930,-79.587,32.285,0.321,1.473,16.643,19.588,0.480,0.000,0.0000
20.940,-79.572,32.294,0.320,1.510,16.658,19.601,0.520,0.000,0.0000
20.950,-79.557,32.303,0.319,1.546,16.673,19.615,0.560,0.000,0.0000
20.960,-79.541,32.313,0.317,1.581,16.689,19.628,0.600,0.000,0.0000
20.970,-79.525,32.322,0.316,1.617,16.705,19.643,0.640,0.000,0.0000
20.980,-79.508,32.332,0.315,1.652,16.722,19.657,0.680,0.000,0.0000
20.990,-79.492,32.342,0.313,1.688,16.738,19.672,0.720,0.000,0.0000
21.000,-79.474,32.352,0.312,1.724,16.756,19.687,0.760,0.000,0.0000
21.010,-79.457,32.362,0.311,1.760,16.773,19.702,0.800,0.000,0.0000
21.020,-79.439,32.372,0.310,1.796,16.791,19.718,0.840,0.000,0.0000
21.030,-79.421,32.383,0.309,1.832,16.809,19.734,0.880,0.000,0.0000
21.040,-79.402,32.394,0.308,1.869,16.828,19.750,0.920,0.000,0.0000
21.050,-79.383,32.405,0.307,1.905,16.847,19.767,0.960,0.000,0.0000
21.060,-79.363,32.416,0.307,1.942,16.867,19.783,1.000,0.000,0.0000
21.070,-79.344,32.428,0.306,1.978,16.886,19.800,1.000,0.000,0.0000
21.080,-79.324,32.440,0.305,2.015,16.906,19.818,1.000,0.000,0.0080
21.090,-79.303,32.452,0.305,2.054,16.927,19.835,1.000,0.000,0.0160
21.100,-79.282,32.464,0.305,2.094,16.948,19.853,1.000,0.000,0.0240
21.110,-79.261,32.476,0.304,2.136,16.969,19.871,1.000,0.000,0.0320
21.120,-79.239,32.489,0.304,2.178,16.991,19.889,1.000,0.000,0.0400
21.130,-79.217,32.502,0.304,2.220,17.013,19.908,1.000,0.000,0.0480
21.140,-79.194,32.515,0.304,2.262,17.036,19.927,1.000,0.000,0.0560
21.150,-79.171,32.529,0.304,2.303,17.059,19.947,1.000,0.000,0.0640
21.160,-79.148,32.542,0.305,2.340,17.082,19.966,1.000,0.000,0.0720
21.170,-79.124,32.556,0.305,2.376,17.106,19.986,1.000,0.000,0.0800
21.180,-79.100,32.570,0.305,2.410,17.130,20.006,1.000,0.000,0.0880
21.190,-79.075,32.584,0.305,2.440,17.155,20.027,1.000,0.000,0.0960
21.200,-79.051,32.598,0.306,2.466,17.179,20.047,0.940,0.000,0.1040
21.210,-79.026,32.613,0.306,2.494,17.204,20.068,0.880,0.000,0.1120
21.220,-79.001,32.627,0.307,2.524,17.229,20.089,0.820,0.000,0.1200
21.230,-78.975,32.642,0.308,2.556,17.255,20.111,0.760,0.000,0.1280
21.240,-78.949,32.657,0.308,2.589,17.281,20.132,0.700,0.000,0.1360
21.250,-78.923,32.672,0.309,2.624,17.307,20.154,0.640,0.000,0.1440
21.260,-78.896,32.687,0.309,2.659,17.334,20.176,0.580,0.000,0.1520
21.270,-78.869,32.702,0.310,2.694,17.361,20.199,0.520,0.000,0.1600
21.280,-78.842,32.718,0.310,2.728,17.388,20.222,0.460,0.000,0.1680
21.290,-78.815,32.733,0.311,2.727,17.415,20.245,0.400,0.000,0.1760
21.300,-78.787,32.749,0.311,2.742,17.443,20.268,0.340,0.000,0.1840
21.310,-78.760,32.765,0.312,2.755,17.470,20.291,0.280,0.000,0.1920
21.320,-78.732,32.780,0.312,2.756,17.498,20.314,0.220,0.000,0.2000
21.330,-78.705,32.796,0.313,2.744,17.525,20.337,0.160,0.000,0.2080
21.340,-78.678,32.811,0.314,2.723,17.552,20.360,0.100,0.000,0.2160
21.350,-78.651,32.826,0.315,2.695,17.579,20.382,0.040,0.000,0.2240
21.360,-78.624,32.841,0.316,2.663,17.606,20.404,0.000,0.000,0.2320
21.370,-78.598,32.856,0.317,2.629,17.632,20.426,0.000,0.000,0.2400
21.380,-78.572,32.870,0.318,2.594,17.658,20.448,0.000,0.000,0.2480
21.390,-78.546,32.884,0.319,2.558,17.684,20.469,0.000,0.000,0.2560
21.400,-78.521,32.898,0.320,2.522,17.709,20.490,0.000,0.000,0.2640
21.410,-78.496,32.912,0.321,2.486,17.734,20.511,0.000,0.000,0.2720
21.420,-78.472,32.925,0.322,2.450,17.758,20.531,0.000,0.000,0.2800
21.430,-78.448,32.938,0.322,2.413,17.782,20.551,0.000,0.000,0.2880
21.440,-78.424,32.951,0.323,2.376,17.806,20.571,0.000,0.000,0.2960
21.450,-78.401,32.964,0.324,2.339,17.829,20.590,0.000,0.000,0.3040
21.460,-78.378,32.976,0.325,2.301,17.852,20.610,0.000,0.000,0.3120
21.470,-78.355,32.988,0.326,2.263,17.875,20.629,0.000,0.000,0.3200
21.480,-78.333,33.000,0.326,2.225,17.897,20.647,0.000,0.000,0.3280
21.490,-78.311,33.012,0.327,2.186,17.919,20.666,0.000,0.000,0.3360
21.500,-78.289,33.023,0.327,2.147,17.941,20.684,0.000,0.000,0.3440
21.510,-78.268,33.034,0.328,2.108,17.962,20.702,0.000,0.000,0.3520
21.520,-78.248,33.045,0.328,2.069,17.982,20.719,0.000,0.000,0.3600
21.530,-78.227,33.056,0.328,2.030,18.003,20.737,0.000,0.000,0.3680
21.540,-78.208,33.066,0.329,1.991,18.023,20.754,0.000,0.000,0.3760
21.550,-78.188,33.076,0.329,1.956,18.042,20.770,0.000,0.000,0.3840
21.560,-78.169,33.086,0.329,1.921,18.061,20.787,0.000,0.000,0.3920
21.570,-78.150,33.096,0.329,1.885,18.080,20.803,0.000,0.000,0.4000
21.580,-78.131,33.105,0.328,1.848,18.099,20.819,0.000,0.000,0.3700
21.590,-78.113,33.114,0.328,1.817,18.117,20.835,0.000,0.000,0.3400
21.600,-78.095,33.123,0.328,1.791,18.135,20.850,0.000,0.000,0.3100
21.610,-78.078,33.132,0.328,1.769,18.152,20.865,0.000,0.000,0.2800
21.620,-78.060,33.141,0.327,1.750,18.170,20.881,0.000,0.000,0.2500
21.630,-78.043,33.149,0.327,1.732,18.187,20.896,0.000,0.000,0.2200
21.640,-78.026,33.158,0.326,1.714,18.204,20.911,0.000,0.000,0.1900
21.650,-78.009,33.166,0.326,1.697,18.221,20.926,0.000,0.000,0.1600
21.660,-77.992,33.174,0.325,1.678,18.238,20.940,0.000,0.000,0.1300
21.670,-77.975,33.182,0.324,1.657,18.255,20.955,0.000,0.000,0.1000
21.680,-77.959,33.189,0.324,1.635,18.271,20.969,0.000,0.000,0.0700
21.690,-77.943,33.197,0.323,1.611,18.287,20.984,0.000,0.000,0.0400
21.700,-77.927,33.204,0.323,1.586,18.303,20.997,0.000,0.000,0.0100
21.710,-77.912,33.212,0.322,1.560,18.319,21.011,0.000,0.000,0.0000
21.720,-77.896,33.219,0.322,1.533,18.334,21.025,0.000,0.000,0.0000
21.730,-77.881,33.226,0.321,1.504,18.349,21.038,0.000,0.000,0.0000
21.740,-77.867,33.232,0.321,1.429,18.363,21.050,0.000,0.000,0.0000
21.750,-77.853,33.239,0.321,1.372,18.377,21.062,0.000,0.000,0.0000
21.760,-77.840,33.245,0.321,1.326,18.390,21.074,0.000,0.000,0.0000
21.770,-77.827,33.252,0.321,1.289,18.403,21.085,0.000,0.000,0.0000
21.780,-77.814,33.258,0.321,1.255,18.416,21.095,0.000,0.000,0.0000
21.790,-77.802,33.263,0.321,1.223,18.428,21.106,0.000,0.000,0.0000
21.800,-77.790,33.269,0.321,1.192,18.440,21.116,0.000,0.000,0.0000
21.810,-77.779,33.275,0.321,1.160,18.451,21.126,0.000,0.000,0.0000
21.820,-77.767,33.280,0.321,1.126,18.463,21.136,0.000,0.000,0.0000
21.830,-77.757,33.286,0.321,1.091,18.473,21.145,0.000,0.000,0.0000
21.840,-77.746,33.291,0.322,1.057,18.484,21.154,0.000,0.000,0.0000
21.850,-77.736,33.296,0.322,1.025,18.494,21.163,0.000,0.000,0.0000
21.860,-77.726,33.301,0.322,0.994,18.504,21.171,0.000,0.000,0.0000
21.870,-77.716,33.305,0.322,0.963,18.514,21.179,0.000,0.000,0.0000
21.880,-77.707,33.310,0.322,0.932,18.523,21.187,0.000,0.000,0.0080
21.890,-77.698,33.315,0.323,0.903,18.532,21.195,0.000,0.000,0.0160
21.900,-77.689,33.319,0.323,0.876,18.541,21.203,0.000,0.000,0.0240
21.910,-77.681,33.323,0.323,0.849,18.549,21.210,0.000,0.000,0.0320
21.920,-77.672,33.327,0.323,0.823,18.558,21.217,0.000,0.000,0.0400
21.930,-77.664,33.331,0.323,0.796,18.566,21.224,0.000,0.000,0.0480
21.940,-77.657,33.335,0.323,0.768,18.573,21.230,0.000,0.000,0.0560
21.950,-77.649,33.338,0.323,0.740,18.581,21.237,0.000,0.000,0.0640
21.960,-77.642,33.342,0.323,0.711,18.588,21.243,0.000,0.000,0.0720
21.970,-77.635,33.345,0.323,0.681,18.595,21.249,0.000,0.000,0.0800
21.980,-77.629,33.348,0.323,0.651,18.601,21.254,0.000,0.000,0.0880
21.990,-77.623,33.351,0.323,0.620,18.607,21.260,0.000,0.000,0.0960
22.000,-77.617,33.354,0.323,0.589,18.613,21.265,0.000,0.000,0.1040
22.010,-77.611,33.357,0.323,0.557,18.619,21.270,0.000,0.000,0.1120
22.020,-77.606,33.360,0.323,0.525,18.624,21.274,0.000,0.000,0.1200
22.030,-77.601,33.362,0.323,0.492,18.629,21.278,0.000,0.000,0.1280
22.040,-77.596,33.364,0.323,0.459,18.634,21.282,0.000,0.000,0.1360
22.050,-77.592,33.366,0.323,0.426,18.638,21.286,0.000,0.000,0.1440
22.060,-77.588,33.368,0.323,0.393,18.642,21.289,0.000,0.000,0.1520
22.070,-77.585,33.370,0.323,0.359,18.645,21.292,0.000,0.000,0.1600
22.080,-77.581,33.371,0.323,0.325,18.649,21.295,0.000,0.000,0.1680
22.090,-77.578,33.373,0.323,0.291,18.652,21.298,0.000,0.000,0.1760
22.100,-77.576,33.374,0.323,0.256,18.654,21.300,0.000,0.000,0.1840
22.110,-77.574,33.375,0.324,0.222,18.656,21.302,0.000,0.000,0.1920
22.120,-77.572,33.376,0.324,0.187,18.658,21.304,0.000,0.000,0.2000
22.130,-77.570,33.377,0.324,0.153,18.660,21.305,0.000,0.000,0.2080
22.140,-77.569,33.377,0.324,0.126,18.661,21.306,0.000,0.000,0.2160
22.150,-77.568,33.378,0.324,0.102,18.662,21.307,0.000,0.000,0.2240
22.160,-77.567,33.378,0.323,0.087,18.663,21.308,0.000,0.000,0.2320
22.170,-77.566,33.378,0.323,0.079,18.664,21.308,0.000,0.000,0.2400
22.180,-77.566,33.379,0.323,0.076,18.664,21.309,0.000,0.000,0.2480
22.190,-77.565,33.379,0.323,0.076,18.665,21.310,0.000,0.000,0.2560
22.200,-77.564,33.379,0.323,0.078,18.666,21.311,0.000,0.000,0.2640
22.210,-77.564,33.380,0.322,0.081,18.666,21.311,0.000,0.000,0.2720
22.220,-77.563,33.380,0.322,0.083,18.667,21.312,0.000,0.000,0.2800
22.230,-77.562,33.380,0.321,0.085,18.668,21.313,0.000,0.000,0.2880
22.240,-77.561,33.380,0.321,0.087,18.669,21.314,0.000,0.000,0.2960
22.250,-77.561,33.381,0.320,0.088,18.669,21.315,0.000,0.000,0.3040
22.260,-77.560,33.381,0.320,0.088,18.670,21.316,0.000,0.000,0.3120
22.270,-77.559,33.381,0.319,0.088,18.671,21.317,0.000,0.000,0.3200
22.280,-77.559,33.382,0.319,0.088,18.671,21.317,0.000,0.000,0.3280
22.290,-77.558,33.382,0.318,0.087,18.672,21.318,0.000,0.000,0.3360
22.300,-77.557,33.382,0.318,0.087,18.673,21.319,0.000,0.000,0.3440
22.310,-77.556,33.383,0.317,0.086,18.674,21.320,0.000,0.000,0.3520
22.320,-77.556,33.383,0.317,0.085,18.674,21.321,0.000,0.000,0.3600
22.330,-77.555,33.383,0.317,0.084,18.675,21.322,0.000,0.000,0.3680
22.340,-77.554,33.384,0.316,0.083,18.676,21.323,0.000,0.000,0.3760
22.350,-77.553,33.384,0.316,0.082,18.677,21.323,0.000,0.000,0.3840
22.360,-77.553,33.384,0.316,0.081,18.677,21.324,0.000,0.000,0.3920
22.370,-77.552,33.385,0.315,0.081,18.678,21.325,0.000,0.000,0.4000
22.380,-77.551,33.385,0.315,0.081,18.679,21.326,0.000,0.000,0.4080
22.390,-77.550,33.385,0.315,0.081,18.680,21.326,0.000,0.000,0.4160
22.400,-77.549,33.386,0.315,0.081,18.681,21.327,0.000,0.000,0.4240
22.410,-77.549,33.386,0.315,0.082,18.681,21.328,0.000,0.000,0.4320
22.420,-77.548,33.386,0.315,0.083,18.682,21.329,0.000,0.000,0.4400
22.430,-77.547,33.387,0.315,0.083,18.683,21.329,0.000,0.000,0.4480
22.440,-77.546,33.387,0.315,0.084,18.684,21.330,0.000,0.000,0.4560
22.450,-77.545,33.387,0.315,0.085,18.685,21.331,0.000,0.000,0.4640
22.460,-77.544,33.388,0.315,0.086,18.686,21.331,0.000,0.000,0.4720
22.470,-77.543,33.388,0.316,0.086,18.687,21.332,0.000,0.000,0.4800
22.480,-77.543,33.388,0.316,0.087,18.687,21.333,0.040,0.000,0.4880
22.490,-77.542,33.389,0.316,0.097,18.688,21.333,0.080,0.000,0.4960
22.500,-77.541,33.389,0.316,0.115,18.689,21.334,0.120,0.000,0.5000
22.510,-77.539,33.390,0.316,0.139,18.691,21.336,0.160,0.000,0.5000
22.520,-77.538,33.391,0.316,0.164,18.693,21.337,0.200,0.000,0.5000
22.530,-77.536,33.391,0.316,0.191,18.694,21.339,0.240,0.000,0.5000
22.540,-77.533,33.392,0.316,0.218,18.697,21.341,0.280,0.000,0.5000
22.550,-77.531,33.394,0.316,0.245,18.699,21.343,0.320,0.000,0.5000
22.560,-77.528,33.395,0.316,0.272,18.702,21.345,0.360,0.000,0.5000
22.570,-77.525,33.396,0.315,0.299,18.705,21.348,0.400,0.000,0.5000
22.580,-77.522,33.398,0.315,0.327,18.708,21.351,0.440,0.000,0.5000
22.590,-77.518,33.399,0.315,0.355,18.712,21.354,0.480,0.000,0.5000
22.600,-77.515,33.401,0.315,0.383,18.715,21.357,0.520,0.000,0.4700
22.610,-77.511,33.403,0.314,0.402,18.719,21.361,0.560,0.000,0.4400
22.620,-77.507,33.405,0.314,0.416,18.723,21.365,0.600,0.000,0.4100
22.630,-77.502,33.406,0.314,0.426,18.728,21.369,0.640,0.000,0.3800
22.640,-77.498,33.408,0.314,0.435,18.732,21.372,0.680,0.000,0.3500
22.650,-77.493,33.410,0.314,0.446,18.737,21.376,0.720,0.000,0.3200
22.660,-77.489,33.412,0.314,0.459,18.741,21.380,0.760,0.000,0.2900
22.670,-77.484,33.415,0.314,0.474,18.746,21.384,0.800,0.000,0.2600
22.680,-77.479,33.417,0.313,0.492,18.751,21.389,0.840,0.000,0.2300
22.690,-77.474,33.419,0.313,0.513,18.756,21.393,0.880,0.000,0.2000
22.700,-77.469,33.421,0.313,0.537,18.761,21.398,0.920,0.000,0.1700
22.710,-77.463,33.424,0.313,0.562,18.767,21.403,0.960,0.000,0.1400
22.720,-77.457,33.427,0.313,0.589,18.773,21.408,1.000,0.000,0.1100
22.730,-77.451,33.429,0.313,0.618,18.779,21.413,1.000,0.000,0.0800
22.740,-77.445,33.432,0.313,0.648,18.785,21.419,1.000,0.000,0.0500
22.750,-77.438,33.435,0.313,0.679,18.792,21.425,1.000,0.000,0.0200
22.760,-77.431,33.438,0.313,0.712,18.799,21.431,1.000,0.000,0.0000
22.770,-77.423,33.442,0.313,0.748,18.807,21.438,1.000,0.000,0.0000
22.780,-77.415,33.445,0.313,0.794,18.815,21.445,1.000,0.000,0.0000
22.790,-77.407,33.449,0.312,0.846,18.823,21.452,1.000,0.000,0.0000
22.800,-77.398,33.453,0.312,0.902,18.832,21.460,1.000,0.000,0.0000
22.810,-77.388,33.457,0.312,0.960,18.842,21.469,1.000,0.000,0.0000
22.820,-77.378,33.461,0.311,1.017,18.852,21.478,1.000,0.000,0.0000
22.830,-77.367,33.466,0.311,1.072,18.863,21.487,1.000,0.000,0.0000
22.840,-77.356,33.471,0.310,1.126,18.874,21.497,1.000,0.000,0.0000
22.850,-77.344,33.476,0.310,1.179,18.886,21.508,1.000,0.000,0.0000
22.860,-77.332,33.482,0.309,1.229,18.898,21.518,1.000,0.000,0.0000
22.870,-77.319,33.487,0.309,1.278,18.911,21.530,1.000,0.000,0.0000
22.880,-77.306,33.493,0.308,1.325,18.924,21.541,1.000,0.000,0.0000
22.890,-77.292,33.499,0.308,1.372,18.938,21.554,1.000,0.000,0.0000
22.900,-77.278,33.505,0.308,1.417,18.952,21.566,1.000,0.000,0.0000
22.910,-77.263,33.512,0.307,1.462,18.967,21.579,1.000,0.000,0.0000
22.920,-77.248,33.518,0.307,1.506,18.982,21.592,1.000,0.000,0.0000
22.930,-77.233,33.525,0.307,1.549,18.997,21.606,1.000,0.000,0.0000
22.940,-77.217,33.532,0.307,1.592,19.013,21.620,1.000,0.000,0.0000
22.950,-77.201,33.539,0.307,1.634,19.029,21.634,1.000,0.000,0.0000
22.960,-77.184,33.546,0.306,1.676,19.046,21.648,1.000,0.000,0.0000
22.970,-77.167,33.554,0.306,1.717,19.063,21.663,1.000,0.000,0.0000
22.980,-77.149,33.562,0.306,1.758,19.081,21.679,1.000,0.000,0.0000
22.990,-77.131,33.569,0.307,1.798,19.099,21.694,1.000,0.000,0.0000
23.000,-77.113,33.578,0.307,1.842,19.117,21.710,1.000,0.000,0.0000
23.010,-77.094,33.586,0.307,1.887,19.136,21.727,1.000,0.000,0.0000
23.020,-77.075,33.594,0.307,1.930,19.155,21.743,1.000,0.000,0.0000
23.030,-77.055,33.603,0.307,1.971,19.175,21.760,1.000,0.000,0.0000
23.040,-77.035,33.612,0.307,2.009,19.195,21.778,1.000,0.000,0.0000
23.050,-77.014,33.621,0.308,2.046,19.216,21.795,1.000,0.000,0.0000
23.060,-76.993,33.630,0.308,2.083,19.237,21.813,1.000,0.000,0.0000
23.070,-76.972,33.639,0.308,2.120,19.258,21.832,1.000,0.000,0.0000
23.080,-76.951,33.648,0.308,2.156,19.279,21.850,1.000,0.000,0.0000
23.090,-76.929,33.658,0.309,2.193,19.301,21.869,1.000,0.000,0.0000
23.100,-76.906,33.667,0.309,2.229,19.324,21.889,1.000,0.000,0.0000
23.110,-76.884,33.677,0.309,2.265,19.346,21.908,1.000,0.000,0.0000
23.120,-76.861,33.687,0.310,2.302,19.369,21.928,1.000,0.000,0.0000
23.130,-76.837,33.697,0.310,2.338,19.393,21.949,0.940,0.000,0.0000
23.140,-76.814,33.708,0.310,2.373,19.416,21.969,0.880,0.000,0.0000
23.150,-76.790,33.718,0.310,2.409,19.440,21.990,0.820,0.000,0.0000
23.160,-76.765,33.729,0.311,2.444,19.465,22.011,0.760,0.000,0.0000
23.170,-76.740,33.739,0.311,2.480,19.490,22.033,0.700,0.000,0.0000
23.180,-76.715,33.750,0.311,2.517,19.515,22.055,0.640,0.000,0.0000
23.190,-76.690,33.761,0.311,2.555,19.540,22.077,0.580,0.000,0.0000
23.200,-76.664,33.773,0.311,2.592,19.566,22.100,0.620,0.000,0.0000
23.210,-76.637,33.784,0.311,2.629,19.593,22.123,0.660,0.000,0.0000
23.220,-76.611,33.796,0.311,2.666,19.619,22.146,0.700,0.000,0.0000
23.230,-76.584,33.807,0.311,2.703,19.646,22.170,0.740,0.000,0.0000
23.240,-76.556,33.819,0.311,2.740,19.674,22.194,0.780,0.000,0.0000
23.250,-76.529,33.831,0.311,2.777,19.701,22.218,0.820,0.000,0.0000
23.260,-76.500,33.844,0.311,2.814,19.730,22.243,0.860,0.000,0.0000
23.270,-76.472,33.856,0.311,2.851,19.758,22.268,0.900,0.000,0.0000
23.280,-76.443,33.869,0.311,2.888,19.787,22.293,0.940,0.000,0.0000
23.290,-76.414,33.881,0.311,2.925,19.816,22.319,0.980,0.000,0.0000
23.300,-76.384,33.894,0.311,2.962,19.846,22.345,1.000,0.000,0.0000
23.310,-76.354,33.907,0.311,2.999,19.876,22.371,1.000,0.000,0.0000
23.320,-76.324,33.921,0.311,3.036,19.906,22.398,1.000,0.000,0.0000
23.330,-76.293,33.934,0.311,3.072,19.937,22.425,1.000,0.000,0.0000
23.340,-76.262,33.948,0.311,3.109,19.968,22.452,1.000,0.000,0.0000
23.350,-76.231,33.961,0.311,3.145,19.999,22.480,1.000,0.000,0.0000
23.360,-76.199,33.975,0.310,3.182,20.031,22.508,1.000,0.000,0.0000
23.370,-76.167,33.989,0.310,3.218,20.063,22.536,1.000,0.000,0.0000
23.380,-76.134,34.004,0.310,3.254,20.096,22.565,1.000,0.000,0.0000
23.390,-76.101,34.018,0.310,3.290,20.129,22.594,1.000,0.000,0.0000
23.400,-76.068,34.033,0.310,3.326,20.162,22.623,1.000,0.000,0.0000
23.410,-76.034,34.047,0.310,3.361,20.196,22.653,1.000,0.000,0.0000
23.420,-76.000,34.062,0.310,3.395,20.230,22.683,1.000,0.000,0.0000
23.430,-75.966,34.077,0.310,3.428,20.264,22.713,1.000,0.000,0.0000
23.440,-75.931,34.092,0.310,3.463,20.299,22.744,1.000,0.000,0.0000
23.450,-75.896,34.108,0.310,3.498,20.334,22.775,1.000,0.000,0.0000
23.460,-75.861,34.123,0.310,3.534,20.369,22.806,1.000,0.000,0.0000
23.470,-75.825,34.139,0.310,3.570,20.405,22.838,1.000,0.000,0.0000
23.480,-75.789,34.154,0.310,3.607,20.441,22.869,1.000,0.000,0.0000
23.490,-75.753,34.170,0.310,3.644,20.477,22.902,1.000,0.000,0.0000
23.500,-75.716,34.187,0.310,3.681,20.514,22.934,1.000,0.000,0.0000
23.510,-75.679,34.203,0.310,3.715,20.551,22.967,1.000,0.000,0.0000
23.520,-75.641,34.219,0.310,3.750,20.589,23.000,1.000,0.000,0.0000
23.530,-75.604,34.236,0.310,3.786,20.626,23.034,1.000,0.000,0.0000
23.540,-75.565,34.253,0.310,3.824,20.665,23.068,1.000,0.000,0.0000
23.550,-75.527,34.270,0.310,3.862,20.703,23.102,1.000,0.000,0.0000
23.560,-75.488,34.287,0.310,3.902,20.742,23.136,1.000,0.000,0.0000
23.570,-75.448,34.304,0.310,3.941,20.782,23.171,1.000,0.000,0.0000
23.580,-75.408,34.321,0.310,3.980,20.822,23.207,1.000,0.000,0.0000
23.590,-75.368,34.339,0.310,4.020,20.862,23.242,1.000,0.000,0.0000
23.600,-75.328,34.357,0.310,4.058,20.902,23.278,1.000,0.000,0.0000
23.610,-75.287,34.375,0.310,4.097,20.943,23.315,1.000,0.000,0.0000
23.620,-75.245,34.393,0.310,4.135,20.985,23.351,1.000,0.000,0.0000
23.630,-75.204,34.411,0.310,4.173,21.026,23.388,1.000,0.000,0.0000
23.640,-75.162,34.430,0.310,4.210,21.068,23.426,1.000,0.000,0.0000
23.650,-75.119,34.448,0.310,4.247,21.111,23.464,1.000,0.000,0.0000
23.660,-75.076,34.467,0.310,4.283,21.154,23.502,1.000,0.000,0.0000
23.670,-75.033,34.486,0.310,4.319,21.197,23.540,1.000,0.000,0.0000
23.680,-74.990,34.505,0.310,4.354,21.240,23.579,1.000,0.000,0.0000
23.690,-74.946,34.524,0.310,4.385,21.284,23.618,1.000,0.000,0.0000
23.700,-74.901,34.543,0.310,4.418,21.329,23.658,1.000,0.000,0.0000
23.710,-74.857,34.562,0.310,4.453,21.373,23.697,0.940,0.000,0.0000
23.720,-74.812,34.582,0.310,4.489,21.418,23.737,0.880,0.000,0.0000
23.730,-74.767,34.602,0.310,4.525,21.463,23.778,0.820,0.000,0.0000
23.740,-74.721,34.621,0.310,4.562,21.509,23.818,0.760,0.000,0.0000
23.750,-74.675,34.641,0.310,4.599,21.555,23.859,0.700,0.000,0.0080
23.760,-74.629,34.661,0.310,4.636,21.601,23.901,0.640,0.000,0.0160
23.770,-74.582,34.682,0.310,4.664,21.648,23.943,0.580,0.000,0.0240
23.780,-74.535,34.702,0.310,4.693,21.695,23.985,0.520,0.000,0.0320
23.790,-74.488,34.722,0.311,4.725,21.742,24.027,0.460,0.000,0.0400
23.800,-74.441,34.743,0.311,4.738,21.789,24.069,0.400,0.000,0.0480
23.810,-74.393,34.763,0.311,4.732,21.837,24.111,0.340,0.000,0.0560
23.820,-74.346,34.784,0.311,4.713,21.884,24.154,0.280,0.000,0.0640
23.830,-74.299,34.804,0.312,4.685,21.931,24.195,0.220,0.000,0.0720
23.840,-74.253,34.824,0.312,4.651,21.977,24.237,0.160,0.000,0.0800
23.850,-74.207,34.844,0.313,4.614,22.023,24.278,0.100,0.000,0.0880
23.860,-74.161,34.864,0.314,4.575,22.069,24.318,0.040,0.000,0.0960
23.870,-74.116,34.883,0.315,4.536,22.114,24.359,0.000,0.000,0.1040
23.880,-74.071,34.903,0.316,4.497,22.159,24.399,0.000,0.000,0.1120
23.890,-74.026,34.922,0.317,4.457,22.204,24.438,0.000,0.000,0.1200
23.900,-73.982,34.941,0.318,4.417,22.248,24.478,0.000,0.000,0.1280
23.910,-73.938,34.960,0.319,4.376,22.292,24.516,0.000,0.000,0.1360
23.920,-73.895,34.978,0.320,4.334,22.335,24.555,0.000,0.000,0.1440
23.930,-73.852,34.997,0.322,4.309,22.378,24.593,0.000,0.000,0.1520
23.940,-73.809,35.015,0.323,4.283,22.421,24.631,0.000,0.000,0.1600
23.950,-73.766,35.033,0.323,4.256,22.464,24.669,0.000,0.000,0.1680
23.960,-73.724,35.051,0.324,4.225,22.506,24.707,0.000,0.000,0.1760
23.970,-73.682,35.069,0.325,4.190,22.548,24.745,0.000,0.000,0.1840
23.980,-73.641,35.087,0.326,4.153,22.589,24.782,0.000,0.000,0.1920
23.990,-73.600,35.104,0.326,4.114,22.630,24.819,0.000,0.000,0.2000
24.000,-73.559,35.122,0.327,4.073,22.671,24.855,0.000,0.000,0.1700
24.010,-73.518,35.138,0.327,4.053,22.712,24.891,0.000,0.000,0.1400
24.020,-73.478,35.155,0.328,4.019,22.752,24.928,0.000,0.000,0.1100
24.030,-73.438,35.172,0.328,3.973,22.792,24.963,0.000,0.000,0.0800
24.040,-73.399,35.188,0.328,3.920,22.831,24.999,0.000,0.000,0.0500
24.050,-73.361,35.203,0.329,3.865,22.869,25.034,0.000,0.000,0.0200
24.060,-73.323,35.219,0.329,3.810,22.907,25.068,0.000,0.000,0.0000
24.070,-73.285,35.234,0.329,3.759,22.945,25.102,0.000,0.000,0.0000
24.080,-73.248,35.249,0.329,3.720,22.982,25.135,0.000,0.000,0.0000
24.090,-73.211,35.264,0.329,3.689,23.019,25.169,0.000,0.000,0.0000
24.100,-73.174,35.279,0.329,3.663,23.056,25.202,0.000,0.000,0.0000
24.110,-73.138,35.293,0.329,3.638,23.092,25.235,0.000,0.000,0.0000
24.120,-73.102,35.307,0.329,3.615,23.128,25.268,0.000,0.000,0.0000
24.130,-73.066,35.322,0.328,3.590,23.164,25.301,0.000,0.000,0.0000
24.140,-73.030,35.336,0.328,3.563,23.200,25.333,0.000,0.000,0.0000
24.150,-72.995,35.349,0.327,3.535,23.235,25.365,0.000,0.000,0.0000
24.160,-72.960,35.363,0.327,3.505,23.270,25.397,0.000,0.000,0.0000
24.170,-72.925,35.377,0.326,3.474,23.305,25.429,0.000,0.000,0.0000
24.180,-72.891,35.390,0.326,3.442,23.339,25.460,0.000,0.000,0.0000
24.190,-72.857,35.403,0.325,3.408,23.373,25.492,0.000,0.000,0.0000
24.200,-72.823,35.416,0.325,3.374,23.407,25.522,0.000,0.000,0.0000
24.210,-72.789,35.429,0.324,3.339,23.441,25.553,0.000,0.000,0.0000
24.220,-72.756,35.442,0.324,3.304,23.474,25.583,0.000,0.000,0.0000
24.230,-72.724,35.455,0.323,3.267,23.506,25.613,0.000,0.000,0.0000
24.240,-72.691,35.467,0.323,3.227,23.539,25.643,0.000,0.000,0.0000
24.250,-72.660,35.480,0.323,3.194,23.570,25.672,0.000,0.000,0.0000
24.260,-72.628,35.492,0.322,3.162,23.602,25.701,0.000,0.000,0.0000
24.270,-72.597,35.504,0.322,3.129,23.633,25.729,0.000,0.080,0.0000
24.280,-72.566,35.516,0.322,3.093,23.664,25.757,0.000,0.160,0.0000
24.290,-72.535,35.527,0.322,3.054,23.695,25.785,0.000,0.240,0.0000
24.300,-72.505,35.539,0.322,3.014,23.725,25.813,0.000,0.320,0.0000
24.310,-72.475,35.550,0.322,2.973,23.755,25.840,0.000,0.400,0.0000
24.320,-72.446,35.562,0.321,2.931,23.784,25.867,0.000,0.480,0.0000
24.330,-72.417,35.573,0.322,2.889,23.813,25.893,0.000,0.560,0.0000
24.340,-72.389,35.584,0.322,2.849,23.841,25.919,0.000,0.640,0.0000
24.350,-72.361,35.595,0.322,2.809,23.870,25.944,0.000,0.720,0.0000
24.360,-72.333,35.605,0.322,2.769,23.897,25.969,0.000,0.800,0.0000
24.370,-72.306,35.616,0.322,2.729,23.924,25.994,0.000,0.880,0.0000
24.380,-72.279,35.626,0.322,2.689,23.951,26.019,0.000,0.960,0.0000
24.390,-72.252,35.636,0.322,2.649,23.978,26.043,0.000,1.000,0.0000
24.400,-72.226,35.646,0.323,2.609,24.004,26.067,0.000,1.000,0.0000
24.410,-72.200,35.656,0.323,2.572,24.030,26.090,0.000,1.000,0.0000
24.420,-72.175,35.666,0.323,2.535,24.055,26.113,0.000,1.000,0.0000
24.430,-72.150,35.675,0.323,2.498,24.080,26.136,0.000,1.000,0.0000
24.440,-72.125,35.685,0.323,2.462,24.105,26.158,0.000,1.000,0.0000
24.450,-72.101,35.694,0.324,2.425,24.129,26.180,0.000,1.000,0.0000
24.460,-72.077,35.703,0.324,2.388,24.153,26.202,0.000,1.000,0.0000
24.470,-72.054,35.713,0.324,2.350,24.176,26.223,0.000,1.000,0.0000
24.480,-72.031,35.722,0.324,2.313,24.199,26.244,0.000,1.000,0.0000
24.490,-72.008,35.730,0.324,2.275,24.222,26.265,0.000,1.000,0.0000
24.500,-71.986,35.739,0.324,2.237,24.244,26.285,0.000,1.000,0.0000
24.510,-71.964,35.748,0.324,2.199,24.266,26.305,0.000,1.000,0.0000
24.520,-71.942,35.756,0.325,2.161,24.288,26.325,0.000,1.000,0.0000
24.530,-71.921,35.764,0.325,2.124,24.309,26.345,0.000,1.000,0.0000
24.540,-71.900,35.773,0.325,2.086,24.330,26.364,0.000,1.000,0.0000
24.550,-71.879,35.781,0.325,2.048,24.351,26.382,0.000,1.000,0.0000
24.560,-71.859,35.789,0.325,2.010,24.371,26.401,0.000,1.000,0.0000
24.570,-71.840,35.796,0.325,1.973,24.390,26.419,0.000,1.000,0.0000
24.580,-71.820,35.804,0.325,1.935,24.410,26.436,0.000,1.000,0.0000
24.590,-71.801,35.811,0.325,1.898,24.429,26.454,0.000,1.000,0.0000
24.600,-71.783,35.819,0.325,1.860,24.447,26.471,0.000,1.000,0.0000
24.610,-71.764,35.826,0.325,1.823,24.466,26.487,0.000,1.000,0.0000
24.620,-71.747,35.833,0.325,1.785,24.484,26.504,0.000,1.000,0.0000
24.630,-71.729,35.840,0.325,1.748,24.501,26.520,0.000,1.000,0.0000
24.640,-71.712,35.846,0.324,1.710,24.518,26.536,0.000,1.000,0.0000
24.650,-71.695,35.853,0.324,1.673,24.535,26.551,0.000,1.000,0.0000
24.660,-71.679,35.859,0.324,1.636,24.551,26.566,0.000,1.000,0.0000
24.670,-71.663,35.865,0.324,1.598,24.567,26.581,0.000,1.000,0.0000
24.680,-71.647,35.871,0.324,1.561,24.583,26.595,0.000,1.000,0.0000
24.690,-71.632,35.877,0.324,1.524,24.598,26.609,0.000,1.000,0.0000
24.700,-71.617,35.883,0.324,1.485,24.613,26.622,0.000,1.000,0.0000
24.710,-71.603,35.889,0.324,1.447,24.627,26.636,0.000,1.000,0.0000
24.720,-71.589,35.894,0.324,1.409,24.641,26.649,0.000,1.000,0.0000
24.730,-71.575,35.900,0.324,1.371,24.655,26.661,0.000,1.000,0.0000
24.740,-71.562,35.905,0.324,1.333,24.668,26.673,0.000,1.000,0.0000
24.750,-71.549,35.910,0.324,1.296,24.681,26.685,0.000,1.000,0.0000
24.760,-71.536,35.915,0.324,1.258,24.694,26.697,0.000,1.000,0.0000
24.770,-71.524,35.920,0.324,1.221,24.706,26.708,0.000,1.000,0.0000
24.780,-71.512,35.924,0.324,1.184,24.718,26.719,0.000,1.000,0.0000
24.790,-71.501,35.929,0.324,1.146,24.729,26.729,0.000,1.000,0.0000
24.800,-71.489,35.933,0.324,1.109,24.741,26.740,0.000,1.000,0.0000
24.810,-71.479,35.937,0.324,1.072,24.751,26.749,0.000,1.000,0.0000
24.820,-71.468,35.941,0.324,1.034,24.762,26.759,0.000,1.000,0.0000
24.830,-71.458,35.945,0.324,0.997,24.772,26.768,0.000,1.000,0.0000
24.840,-71.449,35.949,0.324,0.960,24.781,26.777,0.000,1.000,0.0000
24.850,-71.440,35.953,0.324,0.922,24.790,26.785,0.000,1.000,0.0000
24.860,-71.431,35.956,0.324,0.885,24.799,26.793,0.000,1.000,0.0000
24.870,-71.422,35.959,0.324,0.848,24.808,26.801,0.000,1.000,0.0000
24.880,-71.414,35.963,0.324,0.811,24.816,26.809,0.000,1.000,0.0000
24.890,-71.406,35.966,0.324,0.774,24.824,26.816,0.000,1.000,0.0000
24.900,-71.399,35.969,0.324,0.737,24.831,26.822,0.000,1.000,0.0000
24.910,-71.392,35.971,0.324,0.700,24.838,26.829,0.000,1.000,0.0000
24.920,-71.385,35.974,0.324,0.663,24.845,26.835,0.000,1.000,0.0000
24.930,-71.379,35.976,0.324,0.626,24.851,26.841,0.000,1.000,0.0000
24.940,-71.373,35.979,0.324,0.589,24.857,26.846,0.000,1.000,0.0000
24.950,-71.368,35.981,0.324,0.552,24.862,26.851,0.000,1.000,0.0000
24.960,-71.363,35.983,0.324,0.515,24.867,26.856,0.000,0.900,0.0000
24.970,-71.358,35.985,0.324,0.481,24.872,26.860,0.000,0.800,0.0000
24.980,-71.353,35.986,0.324,0.448,24.877,26.864,0.000,0.700,0.0000
24.990,-71.349,35.988,0.324,0.415,24.881,26.868,0.000,0.600,0.0000
25.000,-71.345,35.990,0.324,0.383,24.885,26.872,0.000,0.500,0.0000
25.010,-71.342,35.991,0.324,0.350,24.888,26.875,0.000,0.400,0.0000
25.020,-71.339,35.992,0.324,0.318,24.891,26.878,0.000,0.300,0.0000
25.030,-71.336,35.993,0.324,0.285,24.894,26.881,0.000,0.200,0.0000
25.040,-71.333,35.994,0.324,0.252,24.897,26.883,0.000,0.100,0.0000
25.050,-71.331,35.995,0.324,0.219,24.899,26.885,0.000,0.000,0.0000
25.060,-71.329,35.996,0.323,0.185,24.901,26.887,0.000,0.000,0.0000
25.070,-71.328,35.997,0.323,0.150,24.902,26.888,0.000,0.000,0.0000
25.080,-71.327,35.997,0.323,0.112,24.903,26.889,0.000,0.000,0.0000
25.090,-71.326,35.997,0.323,0.074,24.904,26.890,0.000,0.000,0.0000
25.100,-71.326,35.998,0.323,0.036,24.904,26.890,0.000,0.000,0.0000
25.110,-71.325,35.998,0.323,0.011,24.905,26.890,0.000,0.000,0.0000
25.120,-71.325,35.998,0.323,0.010,24.905,26.890,0.000,0.000,0.0000
25.130,-71.326,35.998,0.323,0.020,24.904,26.890,0.000,0.000,0.0000
25.140,-71.326,35.997,0.323,0.028,24.904,26.890,0.000,0.000,0.0000
25.150,-71.326,35.997,0.322,0.034,24.904,26.890,0.000,0.000,0.0000
25.160,-71.326,35.997,0.322,0.039,24.904,26.890,0.000,0.000,0.0000
25.170,-71.326,35.997,0.322,0.044,24.904,26.890,0.000,0.000,0.0000
25.180,-71.326,35.997,0.321,0.048,24.904,26.890,0.000,0.000,0.0000
25.190,-71.326,35.997,0.321,0.051,24.904,26.890,0.000,0.000,0.0000
25.200,-71.326,35.997,0.320,0.053,24.904,26.890,0.000,0.000,0.0000
25.210,-71.327,35.997,0.320,0.054,24.903,26.891,0.000,0.000,0.0000
25.220,-71.327,35.997,0.319,0.054,24.903,26.891,0.000,0.000,0.0000
25.230,-71.327,35.997,0.319,0.054,24.903,26.891,0.000,0.000,0.0000
25.240,-71.327,35.997,0.318,0.052,24.903,26.891,0.000,0.000,0.0000
25.250,-71.327,35.997,0.318,0.050,24.903,26.891,0.000,0.000,0.0000
25.260,-71.327,35.997,0.317,0.048,24.903,26.891,0.000,0.000,0.0000
25.270,-71.327,35.997,0.317,0.044,24.903,26.891,0.000,0.000,0.0000
25.280,-71.327,35.997,0.316,0.041,24.903,26.891,0.000,0.000,0.0000
25.290,-71.327,35.997,0.316,0.037,24.903,26.891,0.000,0.000,0.0000
25.300,-71.327,35.997,0.316,0.033,24.903,26.891,0.000,0.000,0.0000
25.310,-71.327,35.997,0.315,0.029,24.903,26.891,0.000,0.000,0.0000
25.320,-71.328,35.997,0.315,0.024,24.902,26.892,0.000,0.000,0.0000
25.330,-71.328,35.997,0.315,0.020,24.902,26.892,0.000,0.000,0.0000
25.340,-71.328,35.997,0.315,0.015,24.902,26.892,0.000,0.000,0.0000
25.350,-71.328,35.997,0.315,0.011,24.902,26.892,0.000,0.000,0.0000
25.360,-71.328,35.997,0.315,0.007,24.902,26.892,0.000,0.000,0.0000
25.370,-71.328,35.997,0.315,0.003,24.902,26.892,0.000,0.000,0.0000
25.380,-71.328,35.997,0.315,0.001,24.902,26.892,0.000,0.000,0.0000
25.390,-71.328,35.997,0.315,0.004,24.902,26.892,0.000,0.000,0.0000
25.400,-71.328,35.997,0.315,0.007,24.902,26.892,0.000,0.000,0.0000
25.410,-71.328,35.997,0.315,0.010,24.902,26.892,0.000,0.000,0.0000
25.420,-71.328,35.997,0.315,0.013,24.902,26.892,0.000,0.000,0.0000
25.430,-71.328,35.997,0.315,0.015,24.903,26.892,0.000,0.000,0.0000
25.440,-71.327,35.997,0.315,0.016,24.903,26.892,0.000,0.000,0.0000
25.450,-71.327,35.997,0.315,0.018,24.903,26.892,0.000,0.000,0.0000
25.460,-71.327,35.997,0.316,0.019,24.903,26.891,0.000,0.000,0.0000
25.470,-71.327,35.997,0.316,0.019,24.903,26.891,0.000,0.000,0.0000
25.480,-71.327,35.997,0.316,0.020,24.903,26.891,0.000,0.000,0.0000
25.490,-71.327,35.997,0.316,0.020,24.903,26.891,0.000,0.000,0.0000
25.500,-71.327,35.997,0.316,0.020,24.903,26.891,0.000,0.000,0.0000
25.510,-71.327,35.997,0.317,0.019,24.903,26.891,0.000,0.000,0.0000
25.520,-71.327,35.997,0.317,0.018,24.903,26.891,0.000,0.000,0.0000
25.530,-71.327,35.997,0.317,0.017,24.903,26.891,0.000,0.000,0.0000
25.540,-71.327,35.997,0.317,0.016,24.903,26.891,0.000,0.000,0.0000
25.550,-71.327,35.997,0.317,0.015,24.903,26.891,0.000,0.000,0.0000
25.560,-71.327,35.997,0.317,0.013,24.903,26.891,0.000,0.000,0.0000
25.570,-71.327,35.997,0.317,0.012,24.903,26.891,0.000,0.000,0.0000
25.580,-71.327,35.997,0.318,0.010,24.903,26.891,0.000,0.000,0.0000
25.590,-71.327,35.997,0.318,0.008,24.903,26.891,0.000,0.000,0.0000
25.600,-71.327,35.997,0.318,0.007,24.903,26.891,0.000,0.000,0.0000
25.610,-71.327,35.997,0.318,0.005,24.903,26.891,0.000,0.000,0.0000
25.620,-71.327,35.997,0.318,0.004,24.903,26.891,0.000,0.000,0.0000
25.630,-71.327,35.997,0.318,0.002,24.903,26.891,0.000,0.000,0.0000
25.640,-71.327,35.997,0.318,0.001,24.903,26.891,0.000,0.000,0.0000
25.650,-71.327,35.997,0.318,0.001,24.903,26.891,0.000,0.000,0.0000
25.660,-71.327,35.997,0.318,0.002,24.903,26.891,0.000,0.000,0.0000
25.670,-71.327,35.997,0.318,0.003,24.903,26.891,0.000,0.000,0.0000
25.680,-71.327,35.997,0.318,0.004,24.903,26.891,0.000,0.000,0.0000
25.690,-71.327,35.997,0.318,0.005,24.903,26.891,0.000,0.000,0.0000
25.700,-71.327,35.997,0.318,0.006,24.903,26.891,0.000,0.000,0.0000
25.710,-71.327,35.997,0.318,0.006,24.903,26.891,0.000,0.000,0.0000
25.720,-71.327,35.997,0.317,0.007,24.903,26.891,0.000,0.000,0.0000
25.730,-71.327,35.997,0.317,0.007,24.903,26.891,0.000,0.000,0.0000
25.740,-71.327,35.997,0.317,0.007,24.903,26.891,0.000,0.000,0.0000
25.750,-71.327,35.997,0.317,0.007,24.903,26.891,0.000,0.000,0.0000
25.760,-71.327,35.997,0.317,0.007,24.903,26.891,0.000,0.000,0.0000
25.770,-71.327,35.997,0.317,0.007,24.903,26.891,0.000,0.000,0.0000
25.780,-71.327,35.997,0.317,0.007,24.903,26.891,0.000,0.000,0.0000
25.790,-71.327,35.997,0.317,0.007,24.903,26.891,0.000,0.000,0.0000
25.800,-71.327,35.997,0.317,0.006,24.903,26.891,0.000,0.000,0.0000
25.810,-71.327,35.997,0.317,0.006,24.903,26.891,0.000,0.000,0.0000
25.820,-71.327,35.997,0.317,0.005,24.903,26.891,0.000,0.000,0.0000
25.830,-71.327,35.997,0.317,0.005,24.903,26.891,0.000,0.000,0.0000
25.840,-71.327,35.997,0.317,0.004,24.903,26.891,0.000,0.000,0.0000
25.850,-71.327,35.997,0.317,0.003,24.903,26.891,0.000,0.000,0.0000
25.860,-71.327,35.997,0.317,0.003,24.903,26.891,0.000,0.000,0.0000
25.870,-71.327,35.997,0.317,0.002,24.903,26.891,0.000,0.000,0.0000
25.880,-71.327,35.997,0.317,0.002,24.903,26.891,0.000,0.000,0.0000
25.890,-71.327,35.997,0.317,0.001,24.903,26.891,0.000,0.000,0.0000
25.900,-71.327,35.997,0.317,0.001,24.903,26.891,0.000,0.000,0.0000
25.910,-71.327,35.997,0.317,0.000,24.903,26.891,0.000,0.000,0.0000
25.920,-71.327,35.997,0.317,0.000,24.903,26.891,0.000,0.000,0.0000
25.930,-71.327,35.997,0.317,0.001,24.903,26.891,0.000,0.000,0.0000
25.940,-71.327,35.997,0.317,0.001,24.903,26.891,0.000,0.000,0.0000
25.950,-71.327,35.997,0.317,0.002,24.903,26.891,0.000,0.000,0.0000
25.960,-71.327,35.997,0.317,0.002,24.903,26.891,0.000,0.000,0.0000
25.970,-71.327,35.997,0.317,0.002,24.903,26.891,0.000,0.000,0.0000
25.980,-71.327,35.997,0.317,0.002,24.903,26.891,0.000,0.000,0.0000
25.990,-71.327,35.997,0.317,0.003,24.903,26.891,0.000,0.000,0.0000
26.000,-71.327,35.997,0.317,0.003,24.903,26.891,0.000,0.000,0.0000
26.010,-71.327,35.997,0.317,0.003,24.903,26.891,0.000,0.000,0.0000
26.020,-71.327,35.997,0.317,0.003,24.903,26.891,0.000,0.000,0.0000
26.030,-71.327,35.997,0.317,0.003,24.903,26.891,0.000,0.000,0.0000
26.040,-71.327,35.997,0.317,0.003,24.903,26.891,0.000,0.000,0.0000
26.050,-71.327,35.997,0.317,0.002,24.903,26.891,0.000,0.000,0.0000
26.060,-71.327,35.997,0.317,0.002,24.903,26.891,0.000,0.000,0.0000
26.070,-71.327,35.997,0.317,0.002,24.903,26.891,0.000,0.000,0.0000
26.080,-71.327,35.997,0.317,0.002,24.903,26.891,0.000,0.000,0.0000
26.090,-71.327,35.997,0.317,0.002,24.903,26.891,0.000,0.000,0.0000
26.100,-71.327,35.997,0.317,0.002,24.903,26.891,0.000,0.000,0.0000
26.110,-71.327,35.997,0.317,0.001,24.903,26.891,0.000,0.000,0.0000
26.120,-71.327,35.997,0.317,0.001,24.903,26.891,0.000,0.000,0.0000
26.130,-71.327,35.997,0.317,0.001,24.903,26.891,0.000,0.000,0.0000
26.140,-71.327,35.997,0.317,0.001,24.903,26.891,0.000,0.000,0.0000
26.150,-71.327,35.997,0.317,0.000,24.903,26.891,0.000,0.000,0.0000
26.160,-71.327,35.997,0.317,0.000,24.903,26.891,0.000,0.000,0.0000
26.170,-71.327,35.997,0.317,0.000,24.903,26.891,0.000,0.000,0.0000
26.180,-71.327,35.997,0.317,0.000,24.903,26.891,0.000,0.000,0.0000
26.190,-71.327,35.997,0.317,0.000,24.903,26.891,0.000,0.000,0.0000
26.200,-71.327,35.997,0.317,0.000,24.903,26.891,0.000,0.000,0.0000
26.210,-71.327,35.997,0.317,0.001,24.903,26.891,0.000,0.000,0.0000
26.220,-71.327,35.997,0.317,0.001,24.903,26.891,0.000,0.000,0.0000
26.230,-71.327,35.997,0.317,0.001,24.903,26.891,0.000,0.000,0.0000
26.240,-71.327,35.997,0.317,0.001,24.903,26.891,0.000,0.000,0.0000
26.250,-71.327,35.997,0.317,0.001,24.903,26.891,0.000,0.000,0.0000
26.260,-71.327,35.997,0.317,0.001,24.903,26.891,0.000,0.000,0.0000
26.270,-71.327,35.997,0.317,0.001,24.903,26.891,0.000,0.000,0.0000
26.280,-71.327,35.997,0.317,0.001,24.903,26.891,0.000,0.000,0.0000
26.290,-71.327,35.997,0.317,0.001,24.903,26.891,0.000,0.000,0.0000
26.300,-71.327,35.997,0.317,0.001,24.903,26.891,0.000,0.000,0.0000
26.310,-71.327,35.997,0.317,0.001,24.903,26.891,0.000,0.000,0.0000
26.320,-71.327,35.997,0.317,0.001,24.903,26.891,0.000,0.000,0.0000
26.330,-71.327,35.997,0.317,0.001,24.903,26.891,0.000,0.000,0.0000
26.340,-71.327,35.997,0.317,0.001,24.903,26.891,0.000,0.000,0.0000
26.350,-71.327,35.997,0.317,0.001,24.903,26.891,0.000,0.000,0.0000
26.360,-71.327,35.997,0.317,0.001,24.903,26.891,0.000,0.000,0.0000
26.370,-71.327,35.997,0.317,0.001,24.903,26.891,0.000,0.000,0.0000
26.380,-71.327,35.997,0.317,0.000,24.903,26.891,0.000,0.000,0.0000
26.390,-71.327,35.997,0.317,0.000,24.903,26.891,0.000,0.000,0.0000
26.400,-71.327,35.997,0.317,0.000,24.903,26.891,0.000,0.000,0.0000
26.410,-71.327,35.997,0.317,0.000,24.903,26.891,0.000,0.000,0.0000
26.420,-71.327,35.997,0.317,0.000,24.903,26.891,0.000,0.000,0.0000
26.430,-71.327,35.997,0.317,0.000,24.903,26.891,0.000,0.000,0.0000
26.440,-71.327,35.997,0.317,0.000,24.903,26.891,0.000,0.000,0.0000
26.450,-71.327,35.997,0.317,0.000,24.903,26.891,0.000,0.000,0.0000
26.460,-71.327,35.997,0.317,0.000,24.903,26.891,0.000,0.000,0.0000
26.470,-71.327,35.997,0.317,0.000,24.903,26.891,0.000,0.000,0.0000
26.480,-71.327,35.997,0.317,0.000,24.903,26.891,0.000,0.000,0.0000
26.490,-71.327,35.997,0.317,0.000,24.903,26.891,0.000,0.000,0.0000
26.500,-71.327,35.997,0.317,0.000,24.903,26.891,0.000,0.000,0.0000
26.510,-71.327,35.997,0.317,0.000,24.903,26.891,0.000,0.000,0.0000
26.520,-71.327,35.997,0.317,0.000,24.903,26.891,0.000,0.000,0.0000
26.530,-71.327,35.997,0.317,0.000,24.903,26.891,0.000,0.000,0.0000
26.540,-71.327,35.997,0.317,0.000,24.903,26.891,0.000,0.000,0.0000
26.550,-71.327,35.997,0.317,0.000,24.903,26.891,0.000,0.000,0.0000
26.560,-71.327,35.997,0.317,0.000,24.903,26.891,0.000,0.000,0.0000
26.570,-71.327,35.997,0.317,0.000,24.903,26.891,0.000,0.000,0.0000
26.580,-71.327,35.997,0.317,0.000,24.903,26.891,0.000,0.000,0.0000
26.590,-71.327,35.997,0.317,0.000,24.903,26.891,0.000,0.000,0.0000
26.600,-71.327,35.997,0.317,0.000,24.903,26.891,0.000,0.000,0.0000
26.610,-71.327,35.997,0.317,0.000,24.903,26.891,0.000,0.000,0.0000
26.620,-71.327,35.997,0.317,0.000,24.903,26.891,0.000,0.000,0.0000
26.630,-71.327,35.997,0.317,0.000,24.903,26.891,0.000,0.000,0.0000
26.640,-71.327,35.997,0.317,0.000,24.903,26.891,0.000,0.000,0.0000
26.650,-71.327,35.997,0.317,0.000,24.903,26.891,0.000,0.000,0.0000
26.660,-71.327,35.997,0.317,0.000,24.903,26.891,0.000,0.000,0.0000
26.670,-71.327,35.997,0.317,0.000,24.903,26.891,0.000,0.000,0.0000
26.680,-71.327,35.997,0.317,0.000,24.903,26.891,0.000,0.000,0.0000
26.690,-71.327,35.997,0.317,0.000,24.903,26.891,0.000,0.000,0.0000
26.700,-71.327,35.997,0.317,0.000,24.903,26.891,0.000,0.000,0.0000
26.710,-71.327,35.997,0.317,0.000,24.903,26.891,0.000,0.000,0.0000
26.720,-71.327,35.997,0.317,0.000,24.903,26.891,0.000,0.000,0.0000
26.730,-71.327,35.997,0.317,0.000,24.903,26.891,0.000,0.000,0.0000
26.740,-71.327,35.997,0.317,0.000,24.903,26.891,0.000,0.000,0.0000
26.750,-71.327,35.997,0.317,0.000,24.903,26.891,0.000,0.000,0.0000
26.760,-71.327,35.997,0.317,0.000,24.903,26.891,0.000,0.000,0.0000
26.770,-71.327,35.997,0.317,0.000,24.903,26.891,0.000,0.000,0.0000
26.780,-71.327,35.997,0.317,0.000,24.903,26.891,0.000,0.000,0.0000
26.790,-71.327,35.997,0.317,0.000,24.903,26.891,0.000,0.000,0.0000
26.800,-71.327,35.997,0.317,0.000,24.903,26.891,0.000,0.000,0.0000
26.810,-71.327,35.997,0.317,0.000,24.903,26.891,0.000,0.000,0.0000
26.820,-71.327,35.997,0.317,0.000,24.903,26.891,0.000,0.000,0.0000
26.830,-71.327,35.997,0.317,0.000,24.903,26.891,0.000,0.000,0.0000
26.840,-71.327,35.997,0.317,0.000,24.903,26.891,0.000,0.000,0.0000
26.850,-71.327,35.997,0.317,0.000,24.903,26.891,0.000,0.000,0.0000
26.860,-71.327,35.997,0.317,0.000,24.903,26.891,0.000,0.000,0.0000
26.870,-71.327,35.997,0.317,0.000,24.903,26.891,0.000,0.000,0.0000
26.880,-71.327,35.997,0.317,0.000,24.903,26.891,0.000,0.000,0.0000
26.890,-71.327,35.997,0.317,0.000,24.903,26.891,0.000,0.000,0.0000
26.900,-71.327,35.997,0.317,0.000,24.903,26.891,0.000,0.000,0.0000
26.910,-71.327,35.997,0.317,0.000,24.903,26.891,0.000,0.000,0.0000
26.920,-71.327,35.997,0.317,0.000,24.903,26.891,0.000,0.000,0.0000
26.930,-71.327,35.997,0.317,0.000,24.903,26.891,0.000,0.000,0.0000
26.940,-71.327,35.997,0.317,0.000,24.903,26.891,0.000,0.000,0.0000
26.950,-71.327,35.997,0.317,0.000,24.903,26.891,0.000,0.000,0.0000
26.960,-71.327,35.997,0.317,0.000,24.903,26.891,0.000,0.000,0.0000
26.970,-71.327,35.997,0.317,0.000,24.903,26.891,0.000,0.000,0.0000
26.980,-71.327,35.997,0.317,0.000,24.903,26.891,0.000,0.000,0.0000
26.990,-71.327,35.997,0.317,0.000,24.903,26.891,0.000,0.000,0.0000
27.000,-71.327,35.997,0.317,0.000,24.903,26.891,0.000,0.000,0.0000
27.010,-71.327,35.997,0.317,0.000,24.903,26.891,0.000,0.000,0.0000
27.020,-71.327,35.997,0.317,0.000,24.903,26.891,0.000,0.000,0.0000
27.030,-71.327,35.997,0.317,0.000,24.903,26.891,0.000,0.000,0.0000
27.040,-71.327,35.997,0.317,0.000,24.903,26.891,0.000,0.000,0.0000
27.050,-71.327,35.997,0.317,0.000,24.903,26.891,0.000,0.000,0.0000
27.060,-71.327,35.997,0.317,0.000,24.903,26.891,0.000,0.000,0.0000
27.070,-71.327,35.997,0.317,0.000,24.903,26.891,0.000,0.000,0.0000
27.080,-71.327,35.997,0.317,0.000,24.903,26.891,0.000,0.000,0.0000
27.090,-71.327,35.997,0.317,0.000,24.903,26.891,0.000,0.000,0.0000
27.100,-71.327,35.997,0.317,0.000,24.903,26.891,0.000,0.000,0.0000
27.110,-71.327,35.997,0.317,0.000,24.903,26.891,0.000,0.000,0.0000
27.120,-71.327,35.997,0.317,0.000,24.903,26.891,0.000,0.000,0.0000
27.130,-71.327,35.997,0.317,0.000,24.903,26.891,0.000,0.000,0.0000
27.140,-71.327,35.997,0.317,0.000,24.903,26.891,0.000,0.000,0.0000
27.150,-71.327,35.997,0.317,0.000,24.903,26.891,0.000,0.000,0.0000
27.160,-71.327,35.997,0.317,0.000,24.903,26.891,0.000,0.000,0.0000
27.170,-71.327,35.997,0.317,0.000,24.903,26.891,0.000,0.000,0.0000
27.180,-71.327,35.997,0.317,0.000,24.903,26.891,0.000,0.000,0.0000
27.190,-71.327,35.997,0.317,0.000,24.903,26.891,0.000,0.000,0.0000
27.200,-71.327,35.997,0.317,0.000,24.903,26.891,0.000,0.000,0.0000
27.210,-71.327,35.997,0.317,0.000,24.903,26.891,0.000,0.000,0.0000
27.220,-71.327,35.997,0.317,0.000,24.903,26.891,0.000,0.000,0.0000
27.230,-71.327,35.997,0.317,0.000,24.903,26.891,0.000,0.000,0.0000
27.240,-71.327,35.997,0.317,0.000,24.903,26.891,0.000,0.000,0.0000
27.250,-71.327,35.997,0.317,0.000,24.903,26.891,0.000,0.000,0.0000
27.260,-71.327,35.997,0.317,0.000,24.903,26.891,0.000,0.000,0.0000
27.270,-71.327,35.997,0.317,0.000,24.903,26.891,0.000,0.000,0.0000
27.280,-71.327,35.997,0.317,0.000,24.903,26.891,0.000,0.000,0.0000
27.290,-71.327,35.997,0.317,0.000,24.903,26.891,0.000,0.000,0.0000
27.300,-71.327,35.997,0.317,0.000,24.903,26.891,0.000,0.000,0.0000
27.310,-71.327,35.997,0.317,0.000,24.903,26.891,0.000,0.000,0.0000
27.320,-71.327,35.997,0.317,0.000,24.903,26.891,0.000,0.000,0.0000
27.330,-71.327,35.997,0.317,0.000,24.903,26.891,0.000,0.000,0.0000
27.340,-71.327,35.997,0.317,0.000,24.903,26.891,0.000,0.000,0.0000
27.350,-71.327,35.997,0.317,0.000,24.903,26.891,0.000,0.000,0.0000
27.360,-71.327,35.997,0.317,0.000,24.903,26.891,0.000,0.000,0.0000
27.370,-71.327,35.997,0.317,0.000,24.903,26.891,0.000,0.000,0.0000
27.380,-71.327,35.997,0.317,0.000,24.903,26.891,0.000,0.000,0.0000
27.390,-71.327,35.997,0.317,0.000,24.903,26.891,0.000,0.000,0.0000
27.400,-71.327,35.997,0.317,0.000,24.903,26.891,0.000,0.000,0.0000
27.410,-71.327,35.997,0.317,0.000,24.903,26.891,0.000,0.000,0.0000
27.420,-71.327,35.997,0.317,0.000,24.903,26.891,0.000,0.000,0.0000
27.430,-71.327,35.997,0.317,0.000,24.903,26.891,0.000,0.000,0.0000
27.440,-71.327,35.997,0.317,0.000,24.903,26.891,0.000,0.000,0.0000
27.450,-71.327,35.997,0.317,0.000,24.903,26.891,0.000,0.000,0.0000
27.460,-71.327,35.997,0.317,0.000,24.903,26.891,0.000,0.000,0.0000
27.470,-71.327,35.997,0.317,0.000,24.903,26.891,0.000,0.000,0.0000
27.480,-71.327,35.997,0.317,0.000,24.903,26.891,0.000,0.000,0.0000
27.490,-71.327,35.997,0.317,0.000,24.903,26.891,0.000,0.000,0.0000
27.500,-71.327,35.997,0.317,0.000,24.903,26.891,0.040,0.000,0.0000
27.510,-71.327,35.997,0.317,0.014,24.903,26.891,0.080,0.000,0.0000
27.520,-71.327,35.997,0.317,0.039,24.903,26.892,0.120,0.000,0.0000
27.530,-71.326,35.997,0.317,0.072,24.904,26.892,0.160,0.000,0.0000
27.540,-71.325,35.998,0.316,0.110,24.905,26.893,0.200,0.000,0.0000
27.550,-71.323,35.998,0.316,0.149,24.907,26.895,0.240,0.000,0.0000
27.560,-71.322,35.999,0.316,0.188,24.908,26.897,0.280,0.000,0.0000
27.570,-71.319,36.000,0.315,0.226,24.911,26.899,0.320,0.000,0.0000
27.580,-71.317,36.001,0.315,0.264,24.913,26.902,0.360,0.000,0.0000
27.590,-71.314,36.002,0.314,0.300,24.916,26.904,0.400,0.000,0.0000
27.600,-71.311,36.003,0.313,0.337,24.919,26.908,0.440,0.000,0.0000
27.610,-71.307,36.005,0.313,0.373,24.923,26.911,0.480,0.000,0.0000
27.620,-71.303,36.006,0.312,0.409,24.927,26.915,0.520,0.000,0.0000
27.630,-71.298,36.008,0.312,0.444,24.932,26.920,0.560,0.000,0.0000
27.640,-71.294,36.010,0.311,0.478,24.936,26.924,0.600,0.000,0.0000
27.650,-71.289,36.012,0.311,0.513,24.941,26.929,0.640,0.000,0.0000
27.660,-71.283,36.014,0.310,0.550,24.947,26.934,0.680,0.000,0.0000
27.670,-71.277,36.016,0.310,0.586,24.953,26.940,0.720,0.000,0.0000
27.680,-71.271,36.019,0.309,0.621,24.959,26.946,0.760,0.000,0.0000
27.690,-71.264,36.021,0.309,0.655,24.966,26.952,0.800,0.000,0.0000
27.700,-71.258,36.024,0.309,0.691,24.972,26.958,0.840,0.000,0.0000
27.710,-71.250,36.027,0.309,0.727,24.980,26.965,0.880,0.000,0.0000
27.720,-71.243,36.030,0.308,0.764,24.987,26.972,0.920,0.000,0.0000
27.730,-71.235,36.033,0.308,0.802,24.995,26.979,0.960,0.000,0.0000
27.740,-71.226,36.036,0.308,0.840,25.004,26.987,1.000,0.000,0.0000
27.750,-71.217,36.040,0.308,0.878,25.013,26.995,1.000,0.000,0.0000
27.760,-71.208,36.043,0.308,0.916,25.022,27.004,1.000,0.000,0.0000
27.770,-71.199,36.047,0.308,0.955,25.031,27.013,1.000,0.000,0.0000
27.780,-71.189,36.051,0.308,0.993,25.041,27.022,1.000,0.000,0.0000
27.790,-71.179,36.055,0.308,1.031,25.051,27.031,1.000,0.000,0.0000
27.800,-71.168,36.059,0.308,1.069,25.062,27.041,1.000,0.000,0.0000
27.810,-71.157,36.064,0.308,1.107,25.073,27.051,1.000,0.000,0.0000
27.820,-71.145,36.068,0.308,1.145,25.085,27.062,1.000,0.000,0.0000
27.830,-71.133,36.073,0.308,1.183,25.097,27.072,1.000,0.000,0.0000
27.840,-71.121,36.077,0.309,1.221,25.109,27.083,1.000,0.000,0.0000
27.850,-71.109,36.082,0.309,1.259,25.121,27.095,1.000,0.000,0.0000
27.860,-71.096,36.087,0.309,1.297,25.134,27.107,1.000,0.000,0.0000
27.870,-71.082,36.092,0.309,1.334,25.148,27.119,1.000,0.000,0.0000
27.880,-71.069,36.098,0.309,1.372,25.161,27.132,1.000,0.000,0.0000
27.890,-71.055,36.103,0.309,1.410,25.175,27.144,1.000,0.000,0.0000
27.900,-71.040,36.109,0.310,1.447,25.190,27.158,1.000,0.000,0.0000
27.910,-71.025,36.115,0.310,1.485,25.205,27.171,1.000,0.000,0.0000
27.920,-71.010,36.121,0.310,1.523,25.220,27.185,1.000,0.000,0.0000
27.930,-70.994,36.127,0.310,1.560,25.236,27.199,1.000,0.000,0.0000
27.940,-70.978,36.133,0.310,1.598,25.252,27.214,1.000,0.000,0.0000
27.950,-70.962,36.139,0.310,1.635,25.268,27.229,1.000,0.000,0.0000
27.960,-70.945,36.146,0.310,1.673,25.285,27.244,1.000,0.000,0.0000
27.970,-70.928,36.152,0.311,1.710,25.302,27.260,1.000,0.000,0.0000
27.980,-70.911,36.159,0.311,1.748,25.319,27.276,1.000,0.000,0.0000
27.990,-70.893,36.166,0.311,1.785,25.337,27.293,1.000,0.000,0.0000
28.000,-70.875,36.173,0.311,1.822,25.355,27.309,1.000,0.000,0.0000
28.010,-70.856,36.180,0.311,1.860,25.374,27.326,1.000,0.000,0.0000
28.020,-70.837,36.188,0.311,1.897,25.393,27.344,1.000,0.000,0.0000
28.030,-70.818,36.195,0.311,1.935,25.412,27.362,1.000,0.000,0.0000
28.040,-70.798,36.203,0.311,1.972,25.432,27.380,0.940,0.000,0.0080
28.050,-70.778,36.211,0.311,2.012,25.452,27.398,0.880,0.000,0.0160
28.060,-70.757,36.219,0.311,2.054,25.473,27.417,0.820,0.000,0.0240
28.070,-70.736,36.227,0.311,2.097,25.494,27.437,0.760,0.000,0.0320
28.080,-70.715,36.235,0.311,2.140,25.515,27.456,0.700,0.000,0.0400
28.090,-70.693,36.244,0.311,2.184,25.537,27.476,0.640,0.000,0.0480
28.100,-70.671,36.252,0.310,2.227,25.559,27.497,0.580,0.000,0.0560
28.110,-70.648,36.261,0.310,2.270,25.582,27.518,0.520,0.000,0.0640
28.120,-70.625,36.270,0.310,2.312,25.605,27.539,0.460,0.000,0.0720
28.130,-70.602,36.279,0.310,2.354,25.628,27.561,0.400,0.000,0.0800
28.140,-70.578,36.288,0.310,2.395,25.652,27.583,0.340,0.000,0.0880
28.150,-70.553,36.298,0.310,2.436,25.677,27.606,0.280,0.000,0.0960
28.160,-70.529,36.307,0.310,2.476,25.701,27.629,0.220,0.000,0.1040
28.170,-70.504,36.317,0.310,2.493,25.726,27.652,0.160,0.000,0.1120
28.180,-70.479,36.327,0.310,2.491,25.751,27.674,0.100,0.000,0.1200
28.190,-70.454,36.336,0.310,2.474,25.776,27.697,0.040,0.000,0.1280
28.200,-70.429,36.346,0.310,2.448,25.801,27.720,0.000,0.000,0.1360
28.210,-70.405,36.355,0.311,2.398,25.825,27.742,0.000,0.000,0.1440
28.220,-70.382,36.364,0.312,2.344,25.848,27.763,0.000,0.000,0.1520
28.230,-70.359,36.372,0.313,2.294,25.871,27.784,0.000,0.000,0.1600
28.240,-70.337,36.380,0.314,2.247,25.893,27.804,0.000,0.000,0.1680
28.250,-70.315,36.389,0.315,2.205,25.915,27.824,0.000,0.000,0.1760
28.260,-70.293,36.397,0.316,2.133,25.937,27.843,0.000,0.000,0.1840
28.270,-70.273,36.404,0.318,2.079,25.957,27.861,0.000,0.000,0.1920
28.280,-70.252,36.412,0.319,2.027,25.978,27.880,0.000,0.000,0.2000
28.290,-70.233,36.419,0.321,1.976,25.997,27.897,0.000,0.000,0.2080
28.300,-70.214,36.426,0.322,1.925,26.017,27.915,0.000,0.000,0.2160
28.310,-70.195,36.433,0.323,1.879,26.035,27.931,0.000,0.000,0.2240
28.320,-70.176,36.440,0.325,1.835,26.054,27.948,0.000,0.000,0.2320
28.330,-70.159,36.446,0.326,1.793,26.071,27.964,0.000,0.000,0.2400
28.340,-70.141,36.452,0.327,1.752,26.089,27.980,0.000,0.000,0.2480
28.350,-70.124,36.459,0.328,1.711,26.106,27.995,0.000,0.000,0.2560
28.360,-70.107,36.464,0.329,1.670,26.123,28.010,0.000,0.000,0.2640
28.370,-70.091,36.470,0.329,1.629,26.139,28.025,0.000,0.000,0.2720
28.380,-70.075,36.476,0.330,1.587,26.155,28.039,0.000,0.000,0.2800
28.390,-70.060,36.481,0.330,1.545,26.170,28.054,0.000,0.000,0.2880
28.400,-70.045,36.487,0.330,1.504,26.185,28.067,0.000,0.000,0.2960
28.410,-70.030,36.492,0.331,1.462,26.200,28.081,0.000,0.000,0.3040
28.420,-70.016,36.497,0.331,1.421,26.214,28.094,0.000,0.000,0.3120
28.430,-70.002,36.502,0.331,1.380,26.228,28.107,0.000,0.000,0.3200
28.440,-69.989,36.507,0.331,1.339,26.241,28.119,0.000,0.000,0.3280
28.450,-69.976,36.511,0.330,1.298,26.254,28.131,0.000,0.000,0.3360
28.460,-69.963,36.516,0.330,1.258,26.267,28.143,0.000,0.000,0.3440
28.470,-69.951,36.520,0.330,1.218,26.279,28.154,0.000,0.000,0.3520
28.480,-69.939,36.524,0.329,1.179,26.291,28.165,0.000,0.000,0.3600
28.490,-69.928,36.528,0.329,1.140,26.302,28.176,0.000,0.000,0.3680
28.500,-69.917,36.532,0.328,1.101,26.313,28.187,0.000,0.000,0.3760
28.510,-69.906,36.536,0.328,1.062,26.324,28.197,0.000,0.000,0.3840
28.520,-69.896,36.540,0.327,1.024,26.334,28.206,0.000,0.000,0.3920
28.530,-69.886,36.543,0.326,0.986,26.344,28.216,0.000,0.000,0.4000
28.540,-69.877,36.546,0.326,0.949,26.353,28.225,0.000,0.000,0.4080
28.550,-69.868,36.550,0.325,0.911,26.362,28.233,0.000,0.000,0.4160
28.560,-69.859,36.553,0.325,0.874,26.371,28.241,0.000,0.000,0.4240
28.570,-69.850,36.556,0.324,0.837,26.380,28.249,0.000,0.000,0.4320
28.580,-69.842,36.558,0.324,0.800,26.388,28.257,0.000,0.000,0.4400
28.590,-69.835,36.561,0.323,0.764,26.395,28.264,0.000,0.000,0.4480
28.600,-69.828,36.564,0.323,0.727,26.402,28.271,0.000,0.000,0.4560
28.610,-69.821,36.566,0.322,0.691,26.409,28.278,0.000,0.000,0.4640
28.620,-69.814,36.568,0.322,0.655,26.416,28.284,0.000,0.000,0.4720
28.630,-69.808,36.570,0.321,0.619,26.422,28.290,0.000,0.000,0.4800
28.640,-69.802,36.572,0.321,0.583,26.428,28.295,0.000,0.000,0.4880
28.650,-69.797,36.574,0.321,0.548,26.433,28.300,0.000,0.000,0.4960
28.660,-69.792,36.576,0.321,0.512,26.438,28.305,0.000,0.000,0.5000
28.670,-69.787,36.577,0.321,0.478,26.443,28.310,0.000,0.000,0.5000
28.680,-69.782,36.579,0.320,0.446,26.448,28.314,0.000,0.000,0.5000
28.690,-69.778,36.580,0.320,0.416,26.452,28.318,0.000,0.000,0.5000
28.700,-69.774,36.581,0.320,0.387,26.456,28.321,0.000,0.000,0.5000
28.710,-69.771,36.583,0.320,0.358,26.459,28.325,0.000,0.000,0.5000
28.720,-69.767,36.584,0.320,0.329,26.463,28.328,0.000,0.000,0.5000
28.730,-69.764,36.585,0.320,0.300,26.466,28.331,0.000,0.000,0.5000
28.740,-69.762,36.585,0.320,0.271,26.468,28.333,0.000,0.000,0.5000
28.750,-69.759,36.586,0.320,0.241,26.471,28.335,0.000,0.000,0.5000
28.760,-69.757,36.587,0.320,0.211,26.473,28.337,0.000,0.000,0.5000
28.770,-69.755,36.587,0.320,0.181,26.475,28.339,0.000,0.000,0.5000
28.780,-69.754,36.588,0.320,0.150,26.476,28.340,0.000,0.000,0.5000
28.790,-69.753,36.588,0.321,0.119,26.477,28.341,0.000,0.000,0.5000
28.800,-69.752,36.588,0.321,0.089,26.478,28.342,0.000,0.000,0.5000
28.810,-69.751,36.589,0.321,0.058,26.479,28.342,0.000,0.000,0.5000
28.820,-69.751,36.589,0.321,0.028,26.479,28.343,0.000,0.000,0.5000
28.830,-69.751,36.589,0.321,0.010,26.479,28.343,0.000,0.000,0.5000
28.840,-69.751,36.589,0.321,0.011,26.479,28.343,0.000,0.000,0.5000
28.850,-69.751,36.589,0.321,0.017,26.479,28.342,0.040,0.000,0.5000
28.860,-69.751,36.589,0.321,0.015,26.479,28.342,0.080,0.000,0.5000
28.870,-69.751,36.589,0.321,0.024,26.479,28.343,0.120,0.000,0.5000
28.880,-69.751,36.589,0.320,0.049,26.479,28.343,0.160,0.000,0.5000
28.890,-69.750,36.589,0.320,0.079,26.480,28.344,0.200,0.000,0.5000
28.900,-69.749,36.589,0.319,0.112,26.481,28.345,0.240,0.000,0.5000
28.910,-69.748,36.590,0.319,0.145,26.482,28.346,0.280,0.000,0.4700
28.920,-69.746,36.590,0.318,0.187,26.484,28.348,0.320,0.000,0.4400
28.930,-69.744,36.591,0.317,0.236,26.486,28.351,0.360,0.000,0.4100
28.940,-69.741,36.592,0.316,0.289,26.489,28.353,0.400,0.000,0.3800
28.950,-69.738,36.593,0.315,0.344,26.492,28.357,0.440,0.000,0.3500
28.960,-69.734,36.594,0.314,0.399,26.496,28.361,0.480,0.000,0.3200
28.970,-69.730,36.596,0.313,0.454,26.500,28.365,0.520,0.000,0.2900
28.980,-69.725,36.598,0.312,0.508,26.505,28.370,0.560,0.000,0.2600
28.990,-69.720,36.599,0.310,0.562,26.511,28.376,0.600,0.000,0.2300
29.000,-69.713,36.601,0.309,0.616,26.517,28.382,0.640,0.000,0.2000
29.010,-69.707,36.603,0.308,0.669,26.523,28.388,0.680,0.000,0.1700
29.020,-69.700,36.606,0.307,0.722,26.530,28.395,0.720,0.000,0.1400
29.030,-69.692,36.608,0.306,0.776,26.538,28.403,0.760,0.000,0.1100
29.040,-69.684,36.611,0.306,0.829,26.546,28.411,0.800,0.000,0.0800
29.050,-69.675,36.613,0.305,0.882,26.555,28.419,0.840,0.000,0.0500
29.060,-69.666,36.616,0.304,0.935,26.564,28.428,0.880,0.000,0.0200
29.070,-69.656,36.619,0.304,0.988,26.574,28.437,0.920,0.000,0.0000
29.080,-69.645,36.622,0.303,1.038,26.585,28.447,0.960,0.000,0.0000
29.090,-69.635,36.626,0.303,1.079,26.595,28.457,1.000,0.000,0.0000
29.100,-69.623,36.629,0.303,1.112,26.607,28.468,1.000,0.000,0.0000
29.110,-69.612,36.633,0.303,1.140,26.618,28.478,1.000,0.000,0.0000
29.120,-69.600,36.636,0.303,1.167,26.630,28.489,1.000,0.000,0.0000
29.130,-69.588,36.640,0.303,1.192,26.642,28.500,1.000,0.000,0.0000
29.140,-69.576,36.644,0.303,1.218,26.654,28.511,1.000,0.000,0.0000
29.150,-69.564,36.647,0.304,1.244,26.666,28.522,1.000,0.000,0.0000
29.160,-69.551,36.651,0.304,1.271,26.679,28.534,1.000,0.000,0.0000
29.170,-69.538,36.655,0.305,1.300,26.692,28.546,1.000,0.000,0.0000
29.180,-69.525,36.659,0.306,1.329,26.705,28.558,1.000,0.000,0.0000
29.190,-69.511,36.663,0.307,1.358,26.719,28.570,1.000,0.000,0.0000
29.200,-69.498,36.668,0.307,1.388,26.732,28.583,1.000,0.000,0.0000
29.210,-69.483,36.672,0.308,1.419,26.747,28.596,1.000,0.000,0.0000
29.220,-69.469,36.676,0.309,1.439,26.761,28.609,1.000,0.000,0.0000
29.230,-69.454,36.681,0.310,1.462,26.776,28.622,1.000,0.000,0.0000
29.240,-69.440,36.685,0.310,1.488,26.790,28.635,1.000,0.000,0.0000
29.250,-69.424,36.690,0.311,1.518,26.806,28.649,1.000,0.000,0.0000
29.260,-69.409,36.695,0.312,1.550,26.821,28.663,1.000,0.000,0.0000
29.270,-69.393,36.700,0.312,1.583,26.837,28.678,1.000,0.000,0.0000
29.280,-69.377,36.705,0.313,1.618,26.853,28.693,1.000,0.000,0.0000
29.290,-69.360,36.710,0.313,1.653,26.870,28.708,1.000,0.000,0.0000
29.300,-69.343,36.715,0.314,1.688,26.887,28.723,1.000,0.000,0.0000
29.310,-69.326,36.721,0.314,1.720,26.904,28.739,1.000,0.000,0.0000
29.320,-69.309,36.726,0.314,1.752,26.921,28.755,1.000,0.000,0.0000
29.330,-69.291,36.732,0.314,1.785,26.939,28.772,1.000,0.000,0.0000
29.340,-69.273,36.737,0.315,1.820,26.957,28.789,1.000,0.000,0.0000
29.350,-69.254,36.743,0.315,1.856,26.976,28.806,1.000,0.000,0.0000
29.360,-69.235,36.749,0.315,1.891,26.995,28.823,1.000,0.000,0.0000
29.370,-69.216,36.755,0.314,1.923,27.014,28.841,1.000,0.000,0.0000
29.380,-69.196,36.761,0.314,1.954,27.034,28.859,1.000,0.000,0.0000
29.390,-69.177,36.767,0.314,1.988,27.053,28.878,1.000,0.000,0.0000
29.400,-69.156,36.774,0.314,2.024,27.074,28.897,1.000,0.000,0.0000
29.410,-69.136,36.780,0.314,2.062,27.094,28.916,1.000,0.000,0.0000
29.420,-69.115,36.787,0.313,2.101,27.115,28.936,1.000,0.000,0.0000
29.430,-69.093,36.794,0.313,2.141,27.137,28.956,1.000,0.000,0.0000
29.440,-69.072,36.801,0.313,2.181,27.158,28.976,1.000,0.000,0.0000
29.450,-69.049,36.808,0.312,2.221,27.181,28.997,1.000,0.000,0.0000
29.460,-69.027,36.815,0.312,2.261,27.203,29.018,1.000,0.000,0.0000
29.470,-69.004,36.822,0.312,2.301,27.226,29.040,1.000,0.000,0.0000
29.480,-68.980,36.829,0.311,2.342,27.250,29.062,1.000,0.000,0.0000
29.490,-68.956,36.836,0.311,2.382,27.274,29.084,1.000,0.000,0.0000
29.500,-68.932,36.844,0.310,2.422,27.298,29.106,1.000,0.000,0.0000
29.510,-68.908,36.852,0.310,2.462,27.322,29.129,1.000,0.000,0.0000
29.520,-68.883,36.859,0.310,2.503,27.347,29.153,1.000,0.000,0.0000
29.530,-68.857,36.867,0.309,2.543,27.373,29.177,1.000,0.000,0.0000
29.540,-68.831,36.875,0.309,2.583,27.399,29.201,1.000,0.000,0.0000
29.550,-68.805,36.883,0.309,2.623,27.425,29.225,1.000,0.000,0.0000
29.560,-68.778,36.891,0.309,2.663,27.452,29.250,1.000,0.000,0.0000
29.570,-68.751,36.900,0.309,2.703,27.479,29.275,1.000,0.000,0.0000
29.580,-68.725,36.908,0.309,2.624,27.505,29.300,1.000,0.000,0.0000
29.590,-68.699,36.917,0.309,2.665,27.531,29.325,1.000,0.000,0.0000
29.600,-68.672,36.925,0.309,2.681,27.558,29.349,1.000,0.000,0.0000
29.610,-68.644,36.934,0.309,2.738,27.586,29.375,1.000,0.000,0.0000
29.620,-68.616,36.943,0.309,2.806,27.614,29.401,0.940,0.000,0.0080
29.630,-68.588,36.952,0.309,2.847,27.642,29.428,0.880,0.000,0.0160
29.640,-68.559,36.962,0.309,2.918,27.671,29.455,0.820,0.000,0.0240
29.650,-68.529,36.971,0.309,2.979,27.701,29.483,0.760,0.000,0.0320
29.660,-68.499,36.981,0.309,3.035,27.731,29.511,0.700,0.000,0.0400
29.670,-68.468,36.990,0.309,3.086,27.762,29.540,0.640,0.000,0.0480
29.680,-68.436,37.000,0.309,3.118,27.794,29.569,0.580,0.000,0.0560
29.690,-68.405,37.010,0.309,3.149,27.825,29.598,0.520,0.000,0.0640
29.700,-68.373,37.020,0.309,3.181,27.857,29.628,0.460,0.000,0.0720
29.710,-68.341,37.029,0.309,3.215,27.889,29.658,0.400,0.000,0.0800
29.720,-68.309,37.039,0.309,3.240,27.921,29.688,0.340,0.000,0.0880
29.730,-68.276,37.049,0.309,3.257,27.954,29.718,0.280,0.000,0.0960
29.740,-68.244,37.059,0.309,3.252,27.986,29.748,0.220,0.000,0.1040
29.750,-68.212,37.069,0.310,3.171,28.018,29.778,0.160,0.000,0.1120
29.760,-68.180,37.078,0.311,3.139,28.050,29.807,0.100,0.000,0.1200
29.770,-68.149,37.087,0.312,3.126,28.081,29.836,0.040,0.000,0.1280
29.780,-68.118,37.096,0.312,3.120,28.112,29.864,0.000,0.000,0.1360
29.790,-68.087,37.105,0.313,3.094,28.143,29.893,0.000,0.000,0.1440
29.800,-68.057,37.114,0.314,3.052,28.173,29.921,0.000,0.000,0.1520
29.810,-68.026,37.123,0.315,3.043,28.204,29.949,0.000,0.000,0.1600
29.820,-67.996,37.132,0.316,3.008,28.234,29.977,0.000,0.000,0.1680
29.830,-67.966,37.140,0.317,2.967,28.264,30.004,0.000,0.000,0.1760
29.840,-67.937,37.148,0.318,2.922,28.293,30.031,0.000,0.000,0.1840
29.850,-67.909,37.156,0.320,2.877,28.321,30.058,0.000,0.000,0.1920
29.860,-67.880,37.164,0.321,2.833,28.350,30.084,0.000,0.000,0.2000
29.870,-67.852,37.172,0.322,2.791,28.378,30.109,0.000,0.000,0.2080
29.880,-67.825,37.180,0.323,2.749,28.405,30.135,0.000,0.000,0.2160
29.890,-67.798,37.187,0.324,2.708,28.432,30.160,0.000,0.000,0.2240
29.900,-67.771,37.195,0.324,2.666,28.459,30.184,0.000,0.000,0.2320
29.910,-67.745,37.202,0.325,2.624,28.485,30.209,0.000,0.000,0.2400
29.920,-67.719,37.210,0.326,2.581,28.511,30.232,0.000,0.000,0.2480
29.930,-67.694,37.217,0.327,2.538,28.536,30.256,0.000,0.000,0.2560
29.940,-67.669,37.224,0.327,2.494,28.561,30.279,0.000,0.000,0.2640
29.950,-67.644,37.230,0.328,2.451,28.586,30.302,0.000,0.000,0.2340
29.960,-67.620,37.237,0.328,2.418,28.610,30.324,0.000,0.000,0.2040
29.970,-67.596,37.244,0.328,2.396,28.634,30.347,0.000,0.000,0.1740
29.980,-67.572,37.250,0.328,2.380,28.658,30.369,0.000,0.000,0.1440
29.990,-67.549,37.257,0.328,2.368,28.681,30.391,0.000,0.000,0.1140
30.000,-67.525,37.263,0.328,2.358,28.705,30.413,0.000,0.000,0.0840
30.010,-67.502,37.270,0.327,2.348,28.728,30.435,0.000,0.000,0.0540
30.020,-67.478,37.276,0.327,2.336,28.752,30.458,0.000,0.000,0.0240
30.030,-67.455,37.283,0.326,2.319,28.775,30.479,0.000,0.000,0.0000
30.040,-67.432,37.289,0.326,2.295,28.798,30.501,0.000,0.000,0.0000
30.050,-67.410,37.295,0.325,2.259,28.820,30.522,0.000,0.000,0.0000
30.060,-67.387,37.301,0.325,2.214,28.843,30.543,0.000,0.000,0.0000
30.070,-67.366,37.306,0.324,2.163,28.864,30.564,0.000,0.000,0.0000
30.080,-67.345,37.312,0.324,2.112,28.885,30.584,0.000,0.000,0.0000
30.090,-67.324,37.318,0.323,2.062,28.906,30.603,0.000,0.000,0.0000
30.100,-67.304,37.323,0.323,2.013,28.926,30.622,0.000,0.000,0.0000
30.110,-67.284,37.328,0.323,1.966,28.946,30.641,0.000,0.000,0.0000
30.120,-67.265,37.333,0.322,1.923,28.965,30.659,0.000,0.000,0.0000
30.130,-67.246,37.338,0.322,1.881,28.984,30.676,0.000,0.000,0.0000
30.140,-67.228,37.343,0.322,1.841,29.002,30.694,0.000,0.000,0.0000
30.150,-67.210,37.348,0.322,1.802,29.020,30.711,0.000,0.000,0.0000
30.160,-67.192,37.353,0.322,1.762,29.038,30.727,0.000,0.000,0.0000
30.170,-67.175,37.357,0.322,1.723,29.055,30.743,0.000,0.000,0.0000
30.180,-67.158,37.362,0.322,1.684,29.072,30.759,0.000,0.000,0.0000
30.190,-67.142,37.366,0.322,1.645,29.088,30.775,0.000,0.000,0.0000
30.200,-67.126,37.371,0.322,1.606,29.104,30.790,0.000,0.000,0.0000
30.210,-67.110,37.375,0.322,1.566,29.120,30.804,0.000,0.000,0.0000
30.220,-67.095,37.379,0.322,1.527,29.135,30.819,0.000,0.000,0.0000
30.230,-67.080,37.383,0.322,1.488,29.150,30.833,0.000,0.000,0.0000
30.240,-67.065,37.387,0.322,1.450,29.165,30.846,0.000,0.000,0.0000
30.250,-67.051,37.391,0.322,1.412,29.179,30.859,0.000,0.000,0.0000
30.260,-67.037,37.395,0.323,1.374,29.193,30.872,0.000,0.000,0.0000
30.270,-67.024,37.399,0.323,1.336,29.206,30.885,0.000,0.000,0.0000
30.280,-67.011,37.402,0.323,1.298,29.219,30.897,0.000,0.000,0.0000
30.290,-66.999,37.406,0.323,1.260,29.231,30.909,0.000,0.000,0.0000
30.300,-66.986,37.409,0.323,1.224,29.244,30.920,0.000,0.000,0.0000
30.310,-66.974,37.412,0.323,1.188,29.256,30.931,0.000,0.000,0.0000
30.320,-66.963,37.415,0.323,1.151,29.267,30.942,0.000,0.000,0.0000
30.330,-66.952,37.418,0.323,1.115,29.278,30.952,0.000,0.000,0.0000
30.340,-66.941,37.421,0.323,1.078,29.289,30.962,0.040,0.000,0.0000
30.350,-66.931,37.424,0.324,1.041,29.299,30.972,0.080,0.000,0.0000
30.360,-66.921,37.427,0.324,1.003,29.309,30.982,0.120,0.000,0.0000
30.370,-66.911,37.429,0.324,0.989,29.319,30.991,0.160,0.000,0.0000
30.380,-66.901,37.432,0.323,0.995,29.329,31.000,0.200,0.000,0.0000
30.390,-66.891,37.435,0.323,1.016,29.339,31.010,0.240,0.000,0.0000
30.400,-66.880,37.438,0.323,1.047,29.350,31.020,0.280,0.000,0.0000
30.410,-66.869,37.440,0.322,1.084,29.361,31.030,0.320,0.000,0.0000
30.420,-66.858,37.443,0.322,1.123,29.372,31.041,0.360,0.000,0.0000
30.430,-66.846,37.446,0.321,1.164,29.384,31.052,0.400,0.000,0.0000
30.440,-66.834,37.450,0.320,1.204,29.396,31.064,0.440,0.000,0.0000
30.450,-66.822,37.453,0.319,1.244,29.408,31.076,0.480,0.000,0.0000
30.460,-66.809,37.456,0.318,1.284,29.421,31.088,0.520,0.000,0.0000
30.470,-66.796,37.460,0.317,1.323,29.434,31.101,0.560,0.000,0.0000
30.480,-66.783,37.463,0.315,1.362,29.448,31.114,0.600,0.000,0.0000
30.490,-66.769,37.467,0.314,1.401,29.461,31.127,0.640,0.000,0.0000
30.500,-66.754,37.470,0.313,1.440,29.476,31.141,0.680,0.000,0.0000
30.510,-66.739,37.474,0.312,1.480,29.491,31.156,0.720,0.000,0.0000
30.520,-66.724,37.478,0.311,1.519,29.506,31.170,0.760,0.000,0.0000
30.530,-66.709,37.482,0.310,1.559,29.521,31.185,0.800,0.000,0.0000
30.540,-66.693,37.487,0.309,1.599,29.537,31.200,0.840,0.000,0.0000
30.550,-66.676,37.491,0.309,1.640,29.554,31.216,0.880,0.000,0.0000
30.560,-66.660,37.495,0.308,1.680,29.570,31.232,0.920,0.000,0.0000
30.570,-66.642,37.500,0.307,1.720,29.588,31.248,0.960,0.000,0.0000
30.580,-66.625,37.504,0.307,1.761,29.605,31.265,1.000,0.000,0.0000
30.590,-66.607,37.509,0.306,1.802,29.623,31.282,1.000,0.000,0.0000
30.600,-66.588,37.514,0.306,1.842,29.642,31.300,1.000,0.000,0.0000
30.610,-66.569,37.519,0.306,1.884,29.661,31.317,1.000,0.000,0.0000
30.620,-66.550,37.524,0.306,1.926,29.680,31.336,1.000,0.000,0.0000
30.630,-66.531,37.529,0.305,1.968,29.699,31.354,1.000,0.000,0.0000
30.640,-66.510,37.535,0.305,2.011,29.720,31.373,1.000,0.000,0.0080
30.650,-66.490,37.540,0.305,2.056,29.740,31.392,1.000,0.000,0.0160
30.660,-66.469,37.546,0.306,2.103,29.761,31.412,1.000,0.000,0.0240
30.670,-66.447,37.551,0.306,2.150,29.783,31.432,1.000,0.000,0.0320
30.680,-66.425,37.557,0.306,2.197,29.805,31.453,1.000,0.000,0.0400
30.690,-66.403,37.563,0.306,2.242,29.827,31.474,1.000,0.000,0.0480
30.700,-66.380,37.569,0.306,2.287,29.850,31.495,1.000,0.000,0.0560
30.710,-66.357,37.575,0.307,2.330,29.873,31.517,1.000,0.000,0.0640
30.720,-66.333,37.581,0.307,2.372,29.897,31.539,1.000,0.000,0.0720
30.730,-66.309,37.588,0.307,2.413,29.921,31.562,1.000,0.000,0.0800
30.740,-66.284,37.594,0.308,2.453,29.946,31.585,1.000,0.000,0.0880
30.750,-66.260,37.601,0.308,2.492,29.970,31.608,1.000,0.000,0.0960
30.760,-66.234,37.607,0.308,2.531,29.996,31.632,1.000,0.000,0.1040
30.770,-66.209,37.614,0.309,2.569,30.021,31.656,1.000,0.000,0.1120
30.780,-66.182,37.621,0.309,2.605,30.048,31.680,1.000,0.000,0.1200
30.790,-66.156,37.628,0.310,2.634,30.074,31.705,1.000,0.000,0.1280
30.800,-66.130,37.634,0.310,2.659,30.100,31.730,1.000,0.000,0.1360
30.810,-66.103,37.641,0.311,2.687,30.127,31.755,1.000,0.000,0.1440
30.820,-66.076,37.648,0.311,2.719,30.155,31.780,0.940,0.000,0.1520
30.830,-66.048,37.655,0.311,2.751,30.182,31.806,0.880,0.000,0.1600
30.840,-66.020,37.662,0.312,2.775,30.210,31.832,0.820,0.000,0.1680
30.850,-65.992,37.669,0.312,2.785,30.238,31.858,0.760,0.000,0.1760
30.860,-65.965,37.676,0.313,2.790,30.265,31.884,0.700,0.000,0.1840
30.870,-65.936,37.683,0.313,2.804,30.294,31.911,0.640,0.000,0.1920
30.880,-65.908,37.690,0.313,2.826,30.322,31.937,0.580,0.000,0.2000
30.890,-65.880,37.697,0.314,2.855,30.350,31.964,0.520,0.000,0.2080
30.900,-65.851,37.705,0.314,2.888,30.379,31.991,0.460,0.000,0.2160
30.910,-65.822,37.712,0.315,2.879,30.408,32.018,0.400,0.000,0.2240
30.920,-65.793,37.720,0.316,2.936,30.437,32.045,0.340,0.000,0.2320
30.930,-65.763,37.727,0.317,2.965,30.467,32.073,0.280,0.000,0.2400
30.940,-65.733,37.735,0.319,3.001,30.497,32.100,0.220,0.000,0.2480
30.950,-65.703,37.743,0.320,3.021,30.527,32.128,0.160,0.000,0.2560
30.960,-65.673,37.750,0.322,3.013,30.557,32.156,0.100,0.000,0.2640
30.970,-65.643,37.758,0.324,2.992,30.587,32.184,0.040,0.000,0.2720
30.980,-65.613,37.765,0.326,2.961,30.617,32.211,0.000,0.000,0.2800
30.990,-65.584,37.773,0.328,2.925,30.646,32.237,0.000,0.000,0.2880
31.000,-65.556,37.780,0.331,2.886,30.675,32.264,0.000,0.000,0.2960
31.010,-65.527,37.786,0.333,2.845,30.703,32.290,0.000,0.000,0.3040
31.020,-65.499,37.793,0.335,2.802,30.731,32.315,0.000,0.000,0.3120
31.030,-65.472,37.799,0.338,2.758,30.758,32.341,0.000,0.000,0.3200
31.040,-65.445,37.805,0.340,2.712,30.785,32.365,0.000,0.000,0.3280
31.050,-65.418,37.812,0.343,2.644,30.812,32.389,0.000,0.000,0.3360
31.060,-65.393,37.817,0.346,2.609,30.838,32.413,0.000,0.000,0.3440
31.070,-65.367,37.823,0.349,2.578,30.863,32.436,0.000,0.000,0.3520
31.080,-65.342,37.828,0.352,2.548,30.888,32.459,0.000,0.000,0.3600
31.090,-65.317,37.834,0.356,2.515,30.913,32.481,0.000,0.000,0.3680
31.100,-65.292,37.838,0.359,2.482,30.938,32.503,0.000,0.000,0.3760
31.110,-65.268,37.843,0.362,2.438,30.962,32.525,0.000,0.000,0.3840
31.120,-65.244,37.847,0.364,2.397,30.986,32.547,0.000,0.000,0.3920
31.130,-65.221,37.851,0.367,2.353,31.009,32.568,0.000,0.000,0.4000
31.140,-65.198,37.856,0.369,2.310,31.032,32.589,0.000,0.000,0.4080
31.150,-65.175,37.860,0.371,2.265,31.055,32.610,0.000,0.000,0.4160
31.160,-65.153,37.863,0.373,2.218,31.077,32.630,0.000,0.000,0.4240
31.170,-65.131,37.867,0.375,2.172,31.099,32.650,0.000,0.000,0.4320
31.180,-65.110,37.871,0.376,2.127,31.120,32.670,0.000,0.000,0.4400
31.190,-65.089,37.874,0.377,2.088,31.141,32.689,0.000,0.000,0.4480
31.200,-65.069,37.878,0.378,2.057,31.161,32.708,0.000,0.000,0.4560
31.210,-65.048,37.881,0.378,2.035,31.182,32.727,0.000,0.000,0.4640
31.220,-65.028,37.885,0.378,2.013,31.202,32.746,0.000,0.000,0.4720
31.230,-65.008,37.888,0.378,1.985,31.222,32.765,0.000,0.000,0.4800
31.240,-64.989,37.892,0.377,1.949,31.241,32.784,0.000,0.000,0.4880
31.250,-64.970,37.895,0.377,1.909,31.260,32.802,0.000,0.000,0.4960
31.260,-64.951,37.898,0.376,1.867,31.279,32.820,0.000,0.000,0.5000
31.270,-64.933,37.901,0.375,1.824,31.297,32.837,0.000,0.000,0.5000
31.280,-64.915,37.904,0.374,1.781,31.315,32.855,0.000,0.000,0.5000
31.290,-64.898,37.907,0.373,1.740,31.332,32.871,0.000,0.000,0.5000
31.300,-64.881,37.910,0.372,1.701,31.349,32.888,0.000,0.000,0.5000
31.310,-64.864,37.912,0.371,1.665,31.366,32.904,0.000,0.000,0.5000
31.320,-64.848,37.915,0.370,1.631,31.382,32.920,0.000,0.000,0.5000
31.330,-64.832,37.917,0.369,1.596,31.398,32.935,0.000,0.000,0.5000
31.340,-64.816,37.920,0.368,1.561,31.414,32.950,0.000,0.000,0.5000
31.350,-64.801,37.922,0.367,1.528,31.429,32.965,0.000,0.000,0.5000
31.360,-64.786,37.924,0.366,1.494,31.444,32.979,0.000,0.000,0.5000
31.370,-64.772,37.926,0.365,1.458,31.458,32.993,0.000,0.000,0.5000
31.380,-64.758,37.929,0.364,1.420,31.472,33.007,0.000,0.000,0.5000
31.390,-64.744,37.930,0.363,1.382,31.486,33.020,0.000,0.000,0.5000
31.400,-64.730,37.932,0.362,1.344,31.500,33.033,0.000,0.000,0.5000
31.410,-64.717,37.934,0.362,1.306,31.513,33.046,0.000,0.000,0.5000
31.420,-64.705,37.936,0.361,1.268,31.525,33.058,0.000,0.000,0.4700
31.430,-64.693,37.937,0.361,1.220,31.538,33.070,0.000,0.000,0.4400
31.440,-64.681,37.939,0.360,1.166,31.549,33.081,0.000,0.000,0.4100
31.450,-64.670,37.940,0.360,1.109,31.560,33.091,0.000,0.000,0.3800
31.460,-64.659,37.942,0.360,1.052,31.571,33.101,0.000,0.000,0.3500
31.470,-64.649,37.943,0.360,0.996,31.581,33.111,0.000,0.000,0.3200
31.480,-64.640,37.944,0.360,0.942,31.590,33.120,0.000,0.000,0.2900
31.490,-64.631,37.945,0.361,0.891,31.599,33.128,0.000,0.000,0.2600
31.500,-64.623,37.946,0.361,0.842,31.608,33.136,0.000,0.000,0.2300
31.510,-64.615,37.947,0.362,0.795,31.615,33.143,0.000,0.000,0.2000
31.520,-64.607,37.948,0.362,0.750,31.623,33.150,0.040,0.000,0.1700
31.530,-64.600,37.949,0.362,0.706,31.630,33.157,0.080,0.000,0.1400
31.540,-64.593,37.949,0.363,0.667,31.637,33.163,0.120,0.000,0.1100
31.550,-64.587,37.950,0.363,0.650,31.643,33.169,0.160,0.000,0.0800
31.560,-64.580,37.951,0.364,0.652,31.650,33.175,0.200,0.000,0.0500
31.570,-64.574,37.951,0.364,0.669,31.656,33.181,0.240,0.000,0.0200
31.580,-64.567,37.952,0.364,0.697,31.663,33.188,0.280,0.000,0.0000
31.590,-64.559,37.953,0.363,0.734,31.671,33.195,0.320,0.000,0.0000
31.600,-64.552,37.954,0.363,0.784,31.678,33.202,0.360,0.000,0.0000
31.610,-64.543,37.955,0.362,0.842,31.687,33.211,0.400,0.000,0.0000
31.620,-64.534,37.956,0.361,0.904,31.696,33.219,0.440,0.000,0.0000
31.630,-64.525,37.957,0.360,0.967,31.705,33.229,0.480,0.000,0.0000
31.640,-64.514,37.958,0.359,1.030,31.716,33.239,0.520,0.000,0.0000
31.650,-64.504,37.959,0.358,1.091,31.727,33.250,0.560,0.000,0.0000
31.660,-64.492,37.960,0.357,1.150,31.738,33.261,0.600,0.000,0.0000
31.670,-64.480,37.961,0.355,1.207,31.750,33.273,0.640,0.000,0.0000
31.680,-64.468,37.963,0.354,1.261,31.762,33.285,0.680,0.000,0.0000
31.690,-64.455,37.964,0.352,1.315,31.776,33.298,0.720,0.000,0.0000
31.700,-64.441,37.966,0.351,1.367,31.789,33.311,0.760,0.000,0.0000
31.710,-64.427,37.967,0.350,1.418,31.803,33.325,0.800,0.000,0.0000
31.720,-64.412,37.969,0.349,1.468,31.818,33.339,0.840,0.000,0.0000
31.730,-64.397,37.970,0.347,1.517,31.833,33.354,0.880,0.000,0.0000
31.740,-64.381,37.972,0.346,1.566,31.849,33.369,0.920,0.000,0.0000
31.750,-64.365,37.974,0.346,1.615,31.865,33.385,0.960,0.000,0.0000
31.760,-64.349,37.975,0.345,1.663,31.881,33.401,1.000,0.000,0.0000
31.770,-64.332,37.977,0.344,1.711,31.898,33.417,1.000,0.000,0.0000
31.780,-64.314,37.979,0.344,1.760,31.916,33.434,1.000,0.000,0.0000
31.790,-64.296,37.981,0.343,1.808,31.934,33.451,1.000,0.000,0.0000
31.800,-64.277,37.983,0.343,1.858,31.953,33.469,1.000,0.000,0.0000
31.810,-64.258,37.985,0.343,1.907,31.972,33.487,1.000,0.000,0.0000
31.820,-64.239,37.987,0.343,1.957,31.991,33.505,1.000,0.000,0.0000
31.830,-64.219,37.989,0.343,2.006,32.011,33.525,1.000,0.000,0.0000
31.840,-64.198,37.991,0.343,2.053,32.032,33.544,1.000,0.000,0.0000
31.850,-64.177,37.993,0.343,2.098,32.053,33.564,1.000,0.000,0.0000
31.860,-64.156,37.996,0.343,2.141,32.074,33.584,1.000,0.000,0.0000
31.870,-64.134,37.998,0.344,2.183,32.096,33.605,1.000,0.000,0.0000
31.880,-64.112,38.000,0.344,2.225,32.118,33.625,1.000,0.000,0.0000
31.890,-64.089,38.003,0.345,2.265,32.141,33.647,1.000,0.000,0.0000
31.900,-64.066,38.005,0.345,2.306,32.164,33.668,1.000,0.000,0.0000
31.910,-64.042,38.008,0.346,2.346,32.188,33.691,1.000,0.000,0.0000
31.920,-64.019,38.010,0.346,2.385,32.211,33.713,1.000,0.000,0.0000
31.930,-63.994,38.013,0.347,2.424,32.236,33.736,1.000,0.000,0.0000
31.940,-63.970,38.015,0.348,2.463,32.260,33.759,1.000,0.000,0.0000
31.950,-63.945,38.018,0.348,2.496,32.285,33.782,1.000,0.000,0.0000
31.960,-63.920,38.020,0.349,2.531,32.311,33.806,1.000,0.000,0.0000
31.970,-63.894,38.023,0.350,2.566,32.336,33.830,1.000,0.000,0.0000
31.980,-63.868,38.026,0.350,2.603,32.362,33.855,1.000,0.000,0.0000
31.990,-63.841,38.028,0.351,2.641,32.389,33.880,1.000,0.000,0.0000
32.000,-63.815,38.031,0.351,2.679,32.415,33.905,1.000,0.000,0.0000
32.010,-63.788,38.034,0.352,2.717,32.443,33.931,1.000,0.000,0.0000
32.020,-63.760,38.037,0.352,2.755,32.470,33.957,1.000,0.000,0.0000
32.030,-63.732,38.039,0.352,2.791,32.498,33.983,1.000,0.000,0.0000
32.040,-63.704,38.042,0.353,2.828,32.526,34.010,1.000,0.000,0.0000
32.050,-63.675,38.045,0.353,2.866,32.555,34.037,1.000,0.000,0.0000
32.060,-63.646,38.048,0.353,2.905,32.584,34.064,1.000,0.000,0.0000
32.070,-63.617,38.051,0.353,2.945,32.613,34.092,1.000,0.000,0.0000
32.080,-63.587,38.054,0.353,2.985,32.643,34.121,1.000,0.000,0.0000
32.090,-63.557,38.057,0.353,3.026,32.674,34.149,1.000,0.000,0.0000
32.100,-63.526,38.060,0.353,3.067,32.704,34.179,1.000,0.000,0.0000
32.110,-63.495,38.063,0.353,3.109,32.735,34.208,1.000,0.000,0.0000
32.120,-63.463,38.066,0.353,3.150,32.767,34.238,1.000,0.000,0.0000
32.130,-63.431,38.069,0.353,3.191,32.799,34.269,1.000,0.000,0.0000
32.140,-63.399,38.072,0.353,3.232,32.831,34.299,1.000,0.000,0.0000
32.150,-63.366,38.076,0.352,3.274,32.864,34.331,1.000,0.000,0.0000
32.160,-63.333,38.079,0.352,3.315,32.897,34.362,1.000,0.000,0.0000
32.170,-63.300,38.083,0.352,3.356,32.930,34.394,1.000,0.000,0.0000
32.180,-63.266,38.086,0.352,3.397,32.964,34.427,1.000,0.000,0.0000
32.190,-63.231,38.090,0.351,3.440,32.999,34.459,1.000,0.000,0.0000
32.200,-63.196,38.093,0.351,3.483,33.034,34.493,1.000,0.000,0.0000
32.210,-63.161,38.097,0.351,3.526,33.069,34.526,1.000,0.000,0.0000
32.220,-63.125,38.100,0.350,3.570,33.105,34.560,1.000,0.000,0.0000
32.230,-63.089,38.104,0.350,3.612,33.141,34.595,1.000,0.000,0.0000
32.240,-63.053,38.108,0.350,3.653,33.177,34.629,1.000,0.000,0.0000
32.250,-63.016,38.112,0.350,3.693,33.214,34.665,1.000,0.000,0.0000
32.260,-62.979,38.116,0.349,3.733,33.252,34.700,1.000,0.000,0.0000
32.270,-62.941,38.120,0.349,3.772,33.289,34.736,1.000,0.000,0.0000
32.280,-62.903,38.123,0.349,3.810,33.327,34.773,1.000,0.000,0.0000
32.290,-62.864,38.127,0.349,3.848,33.366,34.809,1.000,0.000,0.0000
32.300,-62.825,38.131,0.349,3.885,33.405,34.846,1.000,0.000,0.0000
32.310,-62.786,38.135,0.349,3.917,33.444,34.884,1.000,0.000,0.0000
32.320,-62.747,38.139,0.349,3.950,33.483,34.921,1.000,0.000,0.0000
32.330,-62.707,38.144,0.349,3.984,33.523,34.959,1.000,0.000,0.0000
32.340,-62.667,38.148,0.349,4.021,33.563,34.997,1.000,0.000,0.0000
32.350,-62.626,38.152,0.349,4.059,33.604,35.036,1.000,0.000,0.0000
32.360,-62.585,38.156,0.349,4.097,33.645,35.075,1.000,0.000,0.0000
32.370,-62.544,38.160,0.349,4.134,33.686,35.114,1.000,0.000,0.0000
32.380,-62.502,38.165,0.349,4.172,33.728,35.154,1.000,0.000,0.0000
32.390,-62.460,38.169,0.349,4.212,33.770,35.194,1.000,0.000,0.0000
32.400,-62.417,38.173,0.350,4.255,33.813,35.235,1.000,0.000,0.0000
32.410,-62.374,38.178,0.350,4.298,33.856,35.276,1.000,0.000,0.0000
32.420,-62.331,38.182,0.350,4.342,33.899,35.317,1.000,0.000,0.0000
32.430,-62.287,38.187,0.350,4.386,33.943,35.359,1.000,0.000,0.0000
32.440,-62.243,38.191,0.350,4.431,33.987,35.401,1.000,0.000,0.0000
32.450,-62.198,38.196,0.350,4.475,34.032,35.444,1.000,0.000,0.0000
32.460,-62.153,38.200,0.350,4.521,34.077,35.487,1.000,0.000,0.0000
32.470,-62.107,38.205,0.350,4.567,34.123,35.530,1.000,0.000,0.0000
32.480,-62.061,38.210,0.350,4.612,34.169,35.574,1.000,0.000,0.0000
32.490,-62.014,38.215,0.350,4.656,34.216,35.619,1.000,0.000,0.0000
32.500,-61.967,38.219,0.350,4.697,34.263,35.664,1.000,0.000,0.0000
32.510,-61.920,38.224,0.350,4.737,34.310,35.709,1.000,0.000,0.0000
32.520,-61.872,38.229,0.350,4.776,34.358,35.754,1.000,0.000,0.0000
32.530,-61.824,38.234,0.350,4.814,34.406,35.800,1.000,0.000,0.0000
32.540,-61.776,38.239,0.350,4.851,34.454,35.847,1.000,0.000,0.0000
32.550,-61.727,38.244,0.350,4.888,34.503,35.893,1.000,0.000,0.0000
32.560,-61.678,38.249,0.350,4.919,34.552,35.940,1.000,0.000,0.0080
32.570,-61.628,38.254,0.350,4.951,34.602,35.987,1.000,0.000,0.0160
32.580,-61.578,38.258,0.350,4.982,34.652,36.035,1.000,0.000,0.0240
32.590,-61.528,38.263,0.350,5.020,34.702,36.083,1.000,0.000,0.0320
32.600,-61.478,38.268,0.350,5.059,34.753,36.131,1.000,0.000,0.0400
32.610,-61.427,38.273,0.350,5.096,34.804,36.180,1.000,0.000,0.0480
32.620,-61.375,38.278,0.351,5.129,34.855,36.229,1.000,0.000,0.0560
32.630,-61.324,38.283,0.351,5.150,34.906,36.278,1.000,0.000,0.0640
32.640,-61.272,38.288,0.351,5.172,34.958,36.328,1.000,0.000,0.0720
32.650,-61.220,38.293,0.351,5.204,35.010,36.377,1.000,0.000,0.0800
32.660,-61.168,38.298,0.351,5.241,35.062,36.427,1.000,0.000,0.0880
32.670,-61.115,38.303,0.351,5.281,35.115,36.478,1.000,0.000,0.0960
32.680,-61.062,38.308,0.351,5.323,35.168,36.529,1.000,0.000,0.1040
32.690,-61.008,38.313,0.351,5.367,35.222,36.580,1.000,0.000,0.1120
32.700,-60.954,38.319,0.351,5.411,35.276,36.632,1.000,0.000,0.1200
32.710,-60.899,38.324,0.351,5.453,35.331,36.684,1.000,0.000,0.1280
32.720,-60.844,38.329,0.351,5.492,35.386,36.737,1.000,0.000,0.1360
32.730,-60.789,38.334,0.351,5.529,35.441,36.789,1.000,0.000,0.1440
32.740,-60.733,38.339,0.351,5.562,35.497,36.843,1.000,0.000,0.1520
32.750,-60.677,38.344,0.351,5.594,35.553,36.896,1.000,0.000,0.1600
32.760,-60.621,38.349,0.351,5.626,35.609,36.950,1.000,0.000,0.1680
32.770,-60.565,38.353,0.351,5.660,35.665,37.004,1.000,0.000,0.1760
32.780,-60.508,38.358,0.351,5.704,35.722,37.059,1.000,0.000,0.1840
32.790,-60.450,38.363,0.351,5.756,35.780,37.114,1.000,0.000,0.1920
32.800,-60.393,38.368,0.351,5.734,35.837,37.169,1.000,0.000,0.2000
32.810,-60.335,38.373,0.351,5.740,35.895,37.224,1.000,0.000,0.2080
32.820,-60.278,38.377,0.351,5.739,35.952,37.279,1.000,0.000,0.2160
32.830,-60.221,38.382,0.352,5.737,36.010,37.334,1.000,0.000,0.2240
32.840,-60.163,38.386,0.352,5.734,36.067,37.389,1.000,0.000,0.2320
32.850,-60.106,38.390,0.352,5.731,36.124,37.444,1.000,0.000,0.2400
32.860,-60.049,38.394,0.353,5.729,36.181,37.498,1.000,0.000,0.2480
32.870,-59.990,38.398,0.353,5.903,36.240,37.555,1.000,0.000,0.2560
32.880,-59.929,38.402,0.352,6.042,36.301,37.613,1.000,0.000,0.2640
32.890,-59.867,38.405,0.352,6.180,36.363,37.672,1.000,0.000,0.2720
32.900,-59.804,38.409,0.351,6.289,36.426,37.733,1.000,0.000,0.2800
32.910,-59.741,38.412,0.350,6.369,36.489,37.794,1.000,0.000,0.2880
32.920,-59.677,38.416,0.350,6.427,36.554,37.856,1.000,0.000,0.2960
32.930,-59.612,38.419,0.349,6.469,36.618,37.918,1.000,0.000,0.2660
32.940,-59.547,38.421,0.348,6.488,36.683,37.981,1.000,0.000,0.2360
32.950,-59.482,38.424,0.348,6.494,36.748,38.043,1.000,0.000,0.2060
32.960,-59.417,38.426,0.348,6.492,36.813,38.106,1.000,0.000,0.1760
32.970,-59.352,38.428,0.348,6.480,36.878,38.168,1.000,0.000,0.1460
32.980,-59.287,38.429,0.348,6.483,36.943,38.230,1.000,0.000,0.1160
32.990,-59.222,38.430,0.348,6.502,37.008,38.292,1.000,0.000,0.0860
33.000,-59.157,38.431,0.349,6.534,37.073,38.355,1.000,0.000,0.0560
33.010,-59.091,38.431,0.349,6.575,37.139,38.418,1.000,0.000,0.0260
33.020,-59.025,38.431,0.349,6.654,37.205,38.482,1.000,0.000,0.0000
33.030,-58.957,38.431,0.349,6.740,37.273,38.547,1.000,0.000,0.0000
33.040,-58.889,38.431,0.349,6.819,37.341,38.612,1.000,0.000,0.0000
33.050,-58.820,38.430,0.349,6.888,37.410,38.679,1.000,0.000,0.0000
33.060,-58.751,38.429,0.349,6.948,37.479,38.745,1.000,0.000,0.0000
33.070,-58.681,38.428,0.349,7.000,37.549,38.813,1.000,0.000,0.0000
33.080,-58.610,38.427,0.349,7.048,37.620,38.880,1.000,0.000,0.0000
33.090,-58.539,38.425,0.349,7.092,37.691,38.949,1.000,0.000,0.0000
33.100,-58.468,38.424,0.349,7.133,37.762,39.017,1.000,0.000,0.0000
33.110,-58.396,38.422,0.348,7.173,37.834,39.086,1.000,0.000,0.0000
33.120,-58.324,38.420,0.348,7.212,37.906,39.156,1.000,0.000,0.0000
33.130,-58.252,38.418,0.348,7.249,37.978,39.225,1.000,0.000,0.0000
33.140,-58.179,38.416,0.349,7.284,38.051,39.296,1.000,0.000,0.0000
33.150,-58.106,38.414,0.349,7.318,38.124,39.366,1.000,0.000,0.0000
33.160,-58.032,38.412,0.349,7.337,38.198,39.437,1.000,0.000,0.0000
33.170,-57.959,38.410,0.349,7.360,38.271,39.507,1.000,0.000,0.0000
33.180,-57.885,38.408,0.349,7.389,38.345,39.578,1.000,0.000,0.0000
33.190,-57.811,38.406,0.349,7.422,38.419,39.650,1.000,0.000,0.0000
33.200,-57.736,38.404,0.350,7.458,38.494,39.722,1.000,0.000,0.0000
33.210,-57.661,38.402,0.350,7.486,38.569,39.794,1.000,0.000,0.0000
33.220,-57.586,38.400,0.350,7.522,38.644,39.866,1.000,0.000,0.0000
33.230,-57.510,38.398,0.350,7.565,38.720,39.939,1.000,0.000,0.0000
33.240,-57.434,38.395,0.351,7.610,38.796,40.012,1.000,0.000,0.0000
33.250,-57.358,38.393,0.351,7.662,38.872,40.086,1.000,0.000,0.0000
33.260,-57.281,38.391,0.351,7.713,38.950,40.160,1.000,0.000,0.0000
33.270,-57.203,38.389,0.349,7.759,39.027,40.236,1.000,0.000,0.0000
33.280,-57.125,38.386,0.346,7.800,39.105,40.312,1.000,0.000,0.0000
33.290,-57.047,38.383,0.342,7.836,39.183,40.388,1.000,0.000,0.0000
33.300,-56.968,38.381,0.339,7.860,39.262,40.465,1.000,0.000,0.0000
33.310,-56.889,38.379,0.335,7.891,39.341,40.542,1.000,0.000,0.0000
33.320,-56.810,38.376,0.331,7.923,39.420,40.619,1.000,0.000,0.0000
33.330,-56.731,38.374,0.327,7.958,39.499,40.697,1.000,0.000,0.0000
33.340,-56.651,38.372,0.323,7.994,39.579,40.775,1.000,0.000,0.0000
33.350,-56.571,38.369,0.319,8.031,39.659,40.853,1.000,0.000,0.0000
33.360,-56.490,38.367,0.316,8.065,39.740,40.932,1.000,0.000,0.0000
33.370,-56.409,38.364,0.312,8.106,39.821,41.011,1.000,0.000,0.0000
33.380,-56.328,38.362,0.309,8.152,39.902,41.091,1.000,0.000,0.0000
33.390,-56.246,38.359,0.306,8.201,39.984,41.171,1.000,0.000,0.0000
33.400,-56.163,38.356,0.303,8.252,40.067,41.251,1.000,0.000,0.0000
33.410,-56.080,38.354,0.301,8.302,40.150,41.332,1.000,0.000,0.0000
33.420,-55.997,38.351,0.299,8.351,40.233,41.413,1.000,0.000,0.0000
33.430,-55.913,38.348,0.297,8.396,40.317,41.494,1.000,0.000,0.0000
33.440,-55.829,38.345,0.296,8.438,40.401,41.576,1.000,0.000,0.0000
33.450,-55.744,38.342,0.295,8.476,40.486,41.658,1.000,0.000,0.0000
33.460,-55.659,38.339,0.294,8.509,40.571,41.741,1.000,0.000,0.0000
33.470,-55.573,38.336,0.293,8.543,40.657,41.824,1.000,0.000,0.0000
33.480,-55.487,38.334,0.293,8.580,40.743,41.907,1.000,0.000,0.0000
33.490,-55.401,38.331,0.293,8.617,40.829,41.990,1.000,0.000,0.0000
33.500,-55.315,38.328,0.294,8.650,40.915,42.073,1.000,0.000,0.0000
33.510,-55.228,38.325,0.294,8.685,41.002,42.157,1.000,0.000,0.0000
33.520,-55.141,38.322,0.295,8.734,41.089,42.241,1.000,0.000,0.0000
33.530,-55.053,38.319,0.296,8.787,41.177,42.326,1.000,0.000,0.0000
33.540,-54.964,38.316,0.297,8.841,41.266,42.411,1.000,0.000,0.0000
33.550,-54.875,38.314,0.299,8.893,41.355,42.497,1.000,0.000,0.0000
33.560,-54.786,38.311,0.300,8.942,41.444,42.583,1.000,0.000,0.0000
33.570,-54.696,38.308,0.301,8.987,41.534,42.670,1.000,0.000,0.0000
33.580,-54.606,38.305,0.302,9.026,41.624,42.757,1.000,0.000,0.0000
33.590,-54.515,38.302,0.304,9.057,41.715,42.844,1.000,0.000,0.0000
33.600,-54.424,38.299,0.305,9.089,41.806,42.932,1.000,0.000,0.0000
33.610,-54.333,38.296,0.307,9.123,41.897,43.020,1.000,0.000,0.0000
33.620,-54.242,38.293,0.308,9.158,41.988,43.108,1.000,0.000,0.0000
33.630,-54.150,38.290,0.309,9.192,42.080,43.197,1.000,0.000,0.0000
33.640,-54.057,38.287,0.310,9.227,42.173,43.286,1.000,0.000,0.0000
33.650,-53.965,38.284,0.311,9.268,42.265,43.376,1.000,0.000,0.0000
33.660,-53.872,38.281,0.312,9.315,42.358,43.466,1.000,0.000,0.0000
33.670,-53.778,38.278,0.313,9.364,42.452,43.556,1.000,0.000,0.0000
33.680,-53.684,38.275,0.314,9.413,42.546,43.647,1.000,0.000,0.0000
33.690,-53.589,38.272,0.315,9.459,42.641,43.739,1.000,0.000,0.0000
33.700,-53.494,38.268,0.315,9.501,42.736,43.831,1.000,0.000,0.0000
33.710,-53.399,38.265,0.315,9.538,42.831,43.923,1.000,0.000,0.0000
33.720,-53.303,38.262,0.316,9.567,42.927,44.016,1.000,0.000,0.0000
33.730,-53.207,38.258,0.316,9.598,43.023,44.109,1.000,0.000,0.0000
33.740,-53.111,38.255,0.316,9.630,43.119,44.203,1.000,0.000,0.0000
33.750,-53.014,38.252,0.316,9.663,43.216,44.296,1.000,0.000,0.0000
33.760,-52.917,38.248,0.316,9.691,43.313,44.390,1.000,0.000,0.0000
33.770,-52.820,38.245,0.316,9.726,43.410,44.485,1.000,0.000,0.0000
33.780,-52.722,38.242,0.316,9.773,43.508,44.580,1.000,0.000,0.0000
33.790,-52.624,38.239,0.315,9.823,43.606,44.675,1.000,0.000,0.0000
33.800,-52.525,38.235,0.315,9.874,43.705,44.771,1.000,0.000,0.0000
33.810,-52.426,38.232,0.314,9.923,43.804,44.868,1.000,0.000,0.0000
33.820,-52.327,38.229,0.314,9.968,43.903,44.965,1.000,0.000,0.0000
33.830,-52.227,38.226,0.313,10.007,44.003,45.062,1.000,0.000,0.0000
33.840,-52.126,38.222,0.313,10.037,44.104,45.160,1.000,0.000,0.0000
33.850,-52.025,38.219,0.312,10.069,44.205,45.258,1.000,0.000,0.0000
33.860,-51.924,38.216,0.312,10.101,44.306,45.356,1.000,0.000,0.0000
33.870,-51.823,38.212,0.311,10.135,44.407,45.454,1.000,0.000,0.0000
33.880,-51.721,38.209,0.311,10.163,44.509,45.553,1.000,0.000,0.0000
33.890,-51.619,38.206,0.311,10.197,44.611,45.652,1.000,0.000,0.0000
33.900,-51.517,38.202,0.310,10.245,44.713,45.752,1.000,0.000,0.0000
33.910,-51.414,38.199,0.310,10.298,44.816,45.852,1.000,0.000,0.0000
33.920,-51.311,38.195,0.310,10.350,44.919,45.953,1.000,0.000,0.0000
33.930,-51.207,38.191,0.309,10.400,45.023,46.054,1.000,0.000,0.0000
33.940,-51.102,38.188,0.309,10.445,45.128,46.156,1.000,0.000,0.0000
33.950,-50.997,38.184,0.309,10.483,45.233,46.258,1.000,0.000,0.0000
33.960,-50.892,38.180,0.308,10.515,45.338,46.360,1.000,0.000,0.0000
33.970,-50.787,38.177,0.308,10.548,45.443,46.463,1.000,0.000,0.0000
33.980,-50.681,38.173,0.308,10.581,45.549,46.566,1.000,0.000,0.0000
33.990,-50.575,38.169,0.308,10.613,45.655,46.669,1.000,0.000,0.0000
34.000,-50.468,38.166,0.308,10.648,45.762,46.773,1.000,0.000,0.0000
34.010,-50.361,38.162,0.308,10.691,45.869,46.877,1.000,0.000,0.0000
34.020,-50.254,38.158,0.308,10.741,45.976,46.982,1.000,0.000,0.0000
34.030,-50.146,38.155,0.308,10.792,46.084,47.087,1.000,0.000,0.0000
34.040,-50.038,38.151,0.308,10.842,46.192,47.192,1.000,0.000,0.0000
34.050,-49.929,38.147,0.308,10.888,46.301,47.298,1.000,0.000,0.0000
34.060,-49.819,38.144,0.308,10.927,46.411,47.405,1.000,0.000,0.0000
34.070,-49.710,38.140,0.309,10.959,46.520,47.512,1.000,0.000,0.0000
34.080,-49.600,38.136,0.309,10.991,46.630,47.619,1.000,0.000,0.0000
34.090,-49.490,38.133,0.309,11.024,46.740,47.726,1.000,0.000,0.0000
34.100,-49.379,38.129,0.309,11.056,46.851,47.834,1.000,0.000,0.0000
34.110,-49.268,38.125,0.309,11.089,46.962,47.942,1.000,0.000,0.0000
34.120,-49.157,38.122,0.310,11.125,47.073,48.050,1.000,0.000,0.0000
34.130,-49.045,38.118,0.310,11.159,47.185,48.159,1.000,0.000,0.0000
34.140,-48.934,38.114,0.310,11.186,47.296,48.268,1.000,0.000,0.0000
34.150,-48.822,38.110,0.310,11.204,47.408,48.377,1.000,0.000,0.0000
34.160,-48.709,38.106,0.311,11.212,47.521,48.486,1.000,0.000,0.0000
34.170,-48.597,38.102,0.311,11.212,47.633,48.596,1.000,0.000,0.0000
34.180,-48.485,38.098,0.312,11.204,47.745,48.705,1.000,0.000,0.0000
34.190,-48.373,38.094,0.312,11.197,47.857,48.814,1.000,0.000,0.0000
34.200,-48.261,38.090,0.313,11.189,47.969,48.923,1.000,0.000,0.0000
34.210,-48.150,38.086,0.313,11.175,48.080,49.032,1.000,0.000,0.0000
34.220,-48.038,38.082,0.314,11.176,48.192,49.141,1.000,0.000,0.0000
34.230,-47.926,38.079,0.315,11.184,48.304,49.250,1.000,0.000,0.0000
34.240,-47.814,38.075,0.315,11.195,48.416,49.359,1.000,0.000,0.0000
34.250,-47.702,38.071,0.316,11.205,48.528,49.468,1.000,0.000,0.0000
34.260,-47.590,38.067,0.316,11.212,48.640,49.578,1.000,0.000,0.0000
34.270,-47.478,38.063,0.317,11.213,48.752,49.687,1.000,0.000,0.0000
34.280,-47.366,38.059,0.317,11.204,48.864,49.796,1.000,0.000,0.0000
34.290,-47.254,38.056,0.318,11.196,48.976,49.906,1.000,0.000,0.0000
34.300,-47.142,38.052,0.318,11.188,49.088,50.015,1.000,0.000,0.0000
34.310,-47.030,38.048,0.319,11.179,49.200,50.124,1.000,0.000,0.0000
34.320,-46.918,38.044,0.319,11.169,49.312,50.233,1.000,0.000,0.0000
34.330,-46.807,38.041,0.319,11.168,49.423,50.342,1.000,0.000,0.0000
34.340,-46.695,38.037,0.319,11.175,49.535,50.451,1.000,0.000,0.0000
34.350,-46.583,38.033,0.320,11.185,49.647,50.560,1.000,0.000,0.0000
34.360,-46.471,38.029,0.320,11.194,49.759,50.670,1.000,0.000,0.0000
34.370,-46.359,38.025,0.320,11.200,49.871,50.779,1.000,0.000,0.0000
34.380,-46.247,38.021,0.320,11.198,49.983,50.889,1.000,0.000,0.0000
34.390,-46.135,38.017,0.320,11.190,50.095,50.998,1.000,0.000,0.0000
34.400,-46.024,38.013,0.319,11.181,50.206,51.108,1.000,0.000,0.0000
34.410,-45.912,38.009,0.319,11.173,50.318,51.217,1.000,0.000,0.0000
34.420,-45.800,38.006,0.319,11.164,50.430,51.326,1.000,0.000,0.0000
34.430,-45.689,38.002,0.319,11.158,50.541,51.435,1.000,0.000,0.0000
34.440,-45.577,37.998,0.319,11.161,50.653,51.544,1.000,0.000,0.0000
34.450,-45.465,37.994,0.319,11.170,50.765,51.654,1.000,0.000,0.0000
34.460,-45.353,37.991,0.319,11.181,50.877,51.763,1.000,0.000,0.0000
34.470,-45.242,37.987,0.318,11.190,50.988,51.873,1.000,0.000,0.0000
34.480,-45.130,37.983,0.318,11.193,51.100,51.982,1.000,0.000,0.0000
34.490,-45.018,37.980,0.318,11.185,51.212,52.092,1.000,0.000,0.0000
34.500,-44.906,37.976,0.318,11.178,51.324,52.201,1.000,0.000,0.0000
34.510,-44.794,37.972,0.317,11.172,51.436,52.311,1.000,0.000,0.0000
34.520,-44.683,37.968,0.317,11.166,51.547,52.420,1.000,0.000,0.0000
34.530,-44.571,37.965,0.317,11.154,51.659,52.529,1.000,0.000,0.0000
34.540,-44.460,37.961,0.317,11.154,51.770,52.638,1.000,0.000,0.0000
34.550,-44.348,37.957,0.317,11.163,51.882,52.748,1.000,0.000,0.0000
34.560,-44.236,37.953,0.317,11.174,51.994,52.857,1.000,0.000,0.0000
34.570,-44.124,37.950,0.316,11.186,52.106,52.967,1.000,0.000,0.0000
34.580,-44.012,37.946,0.316,11.194,52.218,53.076,1.000,0.000,0.0000
34.590,-43.900,37.942,0.316,11.196,52.330,53.186,1.000,0.000,0.0000
34.600,-43.788,37.938,0.316,11.189,52.442,53.296,1.000,0.000,0.0000
34.610,-43.677,37.934,0.316,11.182,52.553,53.405,1.000,0.000,0.0000
34.620,-43.565,37.930,0.316,11.175,52.665,53.515,1.000,0.000,0.0000
34.630,-43.453,37.927,0.316,11.168,52.777,53.624,1.000,0.000,0.0000
34.640,-43.342,37.923,0.316,11.159,52.888,53.734,1.000,0.000,0.0000
34.650,-43.230,37.919,0.316,11.160,53.000,53.843,1.000,0.000,0.0000
34.660,-43.118,37.916,0.316,11.169,53.112,53.952,1.000,0.000,0.0000
34.670,-43.007,37.912,0.316,11.180,53.223,54.062,1.000,0.000,0.0000
34.680,-42.895,37.908,0.316,11.191,53.335,54.172,1.000,0.000,0.0000
34.690,-42.783,37.905,0.316,11.197,53.447,54.282,1.000,0.000,0.0000
34.700,-42.671,37.901,0.316,11.196,53.559,54.391,1.000,0.000,0.0000
34.710,-42.559,37.897,0.316,11.189,53.671,54.501,1.000,0.000,0.0000
34.720,-42.447,37.894,0.316,11.182,53.783,54.611,1.000,0.000,0.0000
34.730,-42.335,37.890,0.316,11.175,53.895,54.720,1.000,0.000,0.0000
34.740,-42.224,37.887,0.316,11.167,54.006,54.830,1.000,0.000,0.0000
34.750,-42.112,37.883,0.316,11.162,54.118,54.939,1.000,0.000,0.0000
34.760,-42.000,37.879,0.317,11.165,54.230,55.049,1.000,0.000,0.0000
34.770,-41.889,37.876,0.317,11.174,54.341,55.158,1.000,0.000,0.0000
34.780,-41.777,37.872,0.317,11.185,54.453,55.268,1.000,0.000,0.0000
34.790,-41.665,37.868,0.317,11.194,54.565,55.378,1.000,0.000,0.0000
34.800,-41.553,37.864,0.317,11.197,54.677,55.488,1.000,0.000,0.0000
34.810,-41.441,37.860,0.317,11.189,54.789,55.597,1.000,0.000,0.0000
34.820,-41.329,37.856,0.317,11.182,54.901,55.707,1.000,0.000,0.0000
34.830,-41.217,37.853,0.317,11.176,55.013,55.817,1.000,0.000,0.0000
34.840,-41.106,37.849,0.317,11.169,55.124,55.926,1.000,0.000,0.0000
34.850,-40.994,37.845,0.317,11.157,55.236,56.036,1.000,0.000,0.0000
34.860,-40.882,37.842,0.317,11.158,55.348,56.145,1.000,0.000,0.0000
34.870,-40.771,37.838,0.317,11.166,55.459,56.255,1.000,0.000,0.0000
34.880,-40.659,37.834,0.317,11.177,55.571,56.365,1.000,0.000,0.0000
34.890,-40.547,37.831,0.317,11.188,55.683,56.475,1.000,0.000,0.0000
34.900,-40.435,37.827,0.317,11.195,55.795,56.585,1.000,0.000,0.0000
34.910,-40.323,37.824,0.317,11.196,55.907,56.695,1.000,0.000,0.0000
34.920,-40.211,37.820,0.317,11.189,56.019,56.804,1.000,0.000,0.0000
34.930,-40.100,37.816,0.317,11.181,56.130,56.914,1.000,0.000,0.0000
34.940,-39.988,37.813,0.317,11.175,56.242,57.024,1.000,0.000,0.0000
34.950,-39.876,37.809,0.317,11.167,56.354,57.134,1.000,0.000,0.0000
34.960,-39.765,37.806,0.317,11.158,56.465,57.243,1.000,0.000,0.0000
34.970,-39.653,37.802,0.317,11.159,56.577,57.353,1.000,0.000,0.0000
34.980,-39.541,37.798,0.317,11.167,56.689,57.463,1.000,0.000,0.0000
34.990,-39.430,37.795,0.317,11.178,56.800,57.573,1.000,0.000,0.0000
35.000,-39.318,37.791,0.317,11.188,56.912,57.682,1.000,0.000,0.0000
35.010,-39.206,37.787,0.317,11.193,57.024,57.792,1.000,0.000,0.0000
35.020,-39.094,37.783,0.317,11.193,57.136,57.902,1.000,0.000,0.0000
35.030,-38.982,37.780,0.317,11.186,57.248,58.012,1.000,0.000,0.0000
35.040,-38.870,37.776,0.317,11.179,57.360,58.122,1.000,0.000,0.0000
35.050,-38.758,37.772,0.317,11.172,57.472,58.232,1.000,0.000,0.0000
35.060,-38.647,37.769,0.317,11.163,57.583,58.342,1.000,0.000,0.0000
35.070,-38.535,37.765,0.317,11.158,57.695,58.452,1.000,0.000,0.0000
35.080,-38.424,37.762,0.317,11.162,57.806,58.561,1.000,0.000,0.0000
35.090,-38.312,37.758,0.317,11.171,57.918,58.671,1.000,0.000,0.0000
35.100,-38.200,37.754,0.317,11.182,58.030,58.781,1.000,0.000,0.0000
35.110,-38.088,37.751,0.317,11.190,58.142,58.891,1.000,0.000,0.0000
35.120,-37.976,37.747,0.317,11.194,58.254,59.001,1.000,0.000,0.0000
35.130,-37.864,37.744,0.317,11.186,58.366,59.111,1.000,0.000,0.0000
35.140,-37.753,37.740,0.317,11.180,58.477,59.221,1.000,0.000,0.0000
35.150,-37.641,37.737,0.317,11.174,58.589,59.331,1.000,0.000,0.0000
35.160,-37.529,37.733,0.317,11.167,58.701,59.441,1.000,0.000,0.0000
35.170,-37.418,37.730,0.317,11.156,58.812,59.551,1.000,0.000,0.0000
35.180,-37.306,37.726,0.317,11.154,58.924,59.660,1.000,0.000,0.0000
35.190,-37.194,37.723,0.317,11.161,59.036,59.770,1.000,0.000,0.0000
35.200,-37.083,37.719,0.317,11.172,59.147,59.880,1.000,0.000,0.0000
35.210,-36.971,37.715,0.317,11.183,59.259,59.990,1.000,0.000,0.0000
35.220,-36.859,37.712,0.317,11.191,59.371,60.100,1.000,0.000,0.0000
35.230,-36.747,37.708,0.317,11.193,59.483,60.210,1.000,0.000,0.0000
35.240,-36.635,37.704,0.317,11.186,59.595,60.321,1.000,0.000,0.0000
35.250,-36.523,37.701,0.317,11.179,59.707,60.431,1.000,0.000,0.0000
35.260,-36.412,37.697,0.317,11.173,59.818,60.541,1.000,0.000,0.0000
35.270,-36.300,37.693,0.317,11.165,59.930,60.650,1.000,0.000,0.0000
35.280,-36.188,37.690,0.317,11.157,60.042,60.760,1.000,0.000,0.0000
35.290,-36.077,37.686,0.317,11.159,60.153,60.870,1.000,0.000,0.0000
35.300,-35.965,37.683,0.317,11.167,60.265,60.980,1.000,0.000,0.0000
35.310,-35.853,37.679,0.317,11.178,60.377,61.090,1.000,0.000,0.0000
35.320,-35.742,37.676,0.317,11.187,60.488,61.200,1.000,0.000,0.0000
35.330,-35.630,37.673,0.317,11.193,60.600,61.310,1.000,0.000,0.0000
35.340,-35.518,37.669,0.317,11.185,60.712,61.421,1.000,0.000,0.0000
35.350,-35.406,37.666,0.317,11.196,60.824,61.531,1.000,0.000,0.0000
35.360,-35.294,37.662,0.317,11.190,60.936,61.641,1.000,0.000,0.0000
35.370,-35.182,37.659,0.317,11.181,61.048,61.751,1.000,0.000,0.0000
35.380,-35.070,37.655,0.317,11.163,61.160,61.861,1.000,0.000,0.0000
35.390,-34.959,37.652,0.317,11.161,61.271,61.971,1.000,0.000,0.0000
35.400,-34.847,37.648,0.317,11.165,61.383,62.081,1.000,0.000,0.0000
35.410,-34.735,37.645,0.317,11.173,61.495,62.191,1.000,0.000,0.0000
35.420,-34.624,37.641,0.317,11.183,61.606,62.301,1.000,0.000,0.0000
35.430,-34.512,37.638,0.317,11.191,61.718,62.411,1.000,0.000,0.0000
35.440,-34.400,37.634,0.317,11.194,61.830,62.522,1.000,0.000,0.0000
35.450,-34.288,37.630,0.317,11.186,61.942,62.632,1.000,0.000,0.0000
35.460,-34.176,37.627,0.317,11.179,62.054,62.742,1.000,0.000,0.0000
35.470,-34.064,37.623,0.317,11.173,62.166,62.852,1.000,0.000,0.0000
35.480,-33.953,37.619,0.317,11.166,62.277,62.962,1.000,0.000,0.0000
35.490,-33.841,37.616,0.317,11.155,62.389,63.072,1.000,0.000,0.0000
35.500,-33.730,37.612,0.317,11.153,62.500,63.182,1.000,0.000,0.0000
35.510,-33.618,37.609,0.317,11.160,62.612,63.292,1.000,0.000,0.0000
35.520,-33.506,37.606,0.317,11.171,62.724,63.402,1.000,0.000,0.0000
35.530,-33.395,37.602,0.317,11.181,62.835,63.512,1.000,0.000,0.0000
35.540,-33.283,37.599,0.317,11.188,62.947,63.623,1.000,0.000,0.0000
35.550,-33.171,37.595,0.317,11.190,63.059,63.733,1.000,0.000,0.0000
35.560,-33.059,37.592,0.317,11.183,63.171,63.843,1.000,0.000,0.0000
35.570,-32.947,37.589,0.317,11.177,63.283,63.953,1.000,0.000,0.0000
35.580,-32.836,37.585,0.317,11.170,63.394,64.064,1.000,0.000,0.0000
35.590,-32.724,37.582,0.317,11.163,63.506,64.174,1.000,0.000,0.0000
35.600,-32.612,37.578,0.317,11.155,63.618,64.284,1.000,0.000,0.0000
35.610,-32.501,37.575,0.317,11.156,63.729,64.394,1.000,0.000,0.0000
35.620,-32.389,37.572,0.317,11.164,63.841,64.504,1.000,0.000,0.0000
35.630,-32.277,37.568,0.317,11.175,63.953,64.614,1.000,0.000,0.0000
35.640,-32.166,37.564,0.317,11.184,64.064,64.724,1.000,0.000,0.0000
35.650,-32.054,37.561,0.317,11.190,64.176,64.835,1.000,0.000,0.0000
35.660,-31.942,37.557,0.317,11.183,64.288,64.945,1.000,0.000,0.0000
35.670,-31.830,37.554,0.317,11.194,64.400,65.055,1.000,0.000,0.0000
35.680,-31.718,37.550,0.317,11.188,64.512,65.166,1.000,0.000,0.0000
35.690,-31.606,37.547,0.317,11.179,64.624,65.276,1.000,0.000,0.0000
35.700,-31.495,37.543,0.317,11.161,64.735,65.386,1.000,0.000,0.0000
35.710,-31.383,37.540,0.317,11.160,64.847,65.496,1.000,0.000,0.0000
35.720,-31.271,37.537,0.317,11.164,64.959,65.606,1.000,0.000,0.0000
35.730,-31.160,37.533,0.317,11.172,65.070,65.716,1.000,0.000,0.0000
35.740,-31.048,37.530,0.317,11.182,65.182,65.827,1.000,0.000,0.0000
35.750,-30.936,37.526,0.317,11.189,65.294,65.937,1.000,0.000,0.0000
35.760,-30.824,37.523,0.317,11.192,65.406,66.048,1.000,0.000,0.0000
35.770,-30.712,37.520,0.317,11.185,65.518,66.158,1.000,0.000,0.0000
35.780,-30.600,37.516,0.317,11.178,65.630,66.268,1.000,0.000,0.0000
35.790,-30.489,37.513,0.317,11.172,65.741,66.379,1.000,0.000,0.0000
35.800,-30.377,37.510,0.317,11.165,65.853,66.489,1.000,0.000,0.0000
35.810,-30.266,37.506,0.317,11.154,65.964,66.599,1.000,0.000,0.0000
35.820,-30.154,37.503,0.317,11.153,66.076,66.709,1.000,0.000,0.0000
35.830,-30.042,37.499,0.317,11.159,66.188,66.819,1.000,0.000,0.0000
35.840,-29.931,37.496,0.317,11.169,66.299,66.929,1.000,0.000,0.0000
35.850,-29.819,37.493,0.317,11.180,66.411,67.040,0.940,0.000,0.0000
35.860,-29.707,37.489,0.317,11.175,66.523,67.150,0.880,0.000,0.0000
35.870,-29.596,37.485,0.317,11.154,66.634,67.260,0.820,0.000,0.0000
35.880,-29.484,37.482,0.317,11.117,66.746,67.370,0.760,0.000,0.0000
35.890,-29.374,37.478,0.317,11.076,66.856,67.479,0.700,0.000,0.0000
35.900,-29.263,37.475,0.318,11.031,66.967,67.588,0.640,0.000,0.0000
35.910,-29.154,37.472,0.318,10.984,67.076,67.696,0.580,0.000,0.0000
35.920,-29.044,37.468,0.319,10.937,67.186,67.804,0.520,0.000,0.0000
35.930,-28.935,37.465,0.319,10.898,67.295,67.912,0.460,0.000,0.0000
35.940,-28.827,37.462,0.320,10.866,67.403,68.019,0.400,0.000,0.0000
35.950,-28.718,37.459,0.320,10.836,67.512,68.126,0.340,0.000,0.0000
35.960,-28.610,37.456,0.321,10.805,67.620,68.233,0.280,0.000,0.0000
35.970,-28.502,37.452,0.321,10.771,67.728,68.339,0.220,0.000,0.0000
35.980,-28.395,37.449,0.322,10.724,67.835,68.445,0.160,0.000,0.0000
35.990,-28.288,37.446,0.322,10.679,67.942,68.550,0.100,0.000,0.0000
36.000,-28.182,37.443,0.323,10.634,68.048,68.655,0.040,0.000,0.0000
36.010,-28.076,37.440,0.323,10.589,68.154,68.760,0.000,0.000,0.0000
36.020,-27.971,37.437,0.324,10.543,68.259,68.864,0.000,0.000,0.0000
36.030,-27.866,37.434,0.324,10.495,68.364,68.967,0.000,0.000,0.0000
36.040,-27.761,37.430,0.325,10.455,68.469,69.071,0.000,0.000,0.0000
36.050,-27.657,37.427,0.325,10.420,68.573,69.173,0.000,0.000,0.0000
36.060,-27.553,37.424,0.326,10.389,68.677,69.276,0.000,0.000,0.0000
36.070,-27.450,37.421,0.326,10.357,68.780,69.378,0.000,0.000,0.0000
36.080,-27.346,37.418,0.326,10.323,68.884,69.480,0.000,0.000,0.0000
36.090,-27.244,37.414,0.326,10.284,68.986,69.582,0.000,0.000,0.0000
36.100,-27.141,37.411,0.326,10.237,69.089,69.683,0.000,0.000,0.0000
36.110,-27.039,37.408,0.326,10.190,69.191,69.784,0.000,0.000,0.0000
36.120,-26.938,37.405,0.326,10.144,69.292,69.884,0.000,0.000,0.0000
36.130,-26.837,37.402,0.326,10.098,69.393,69.984,0.000,0.000,0.0000
36.140,-26.736,37.399,0.326,10.045,69.494,70.083,0.000,0.000,0.0000
36.150,-26.636,37.396,0.326,10.000,69.594,70.182,0.000,0.000,0.0000
36.160,-26.537,37.393,0.326,9.964,69.693,70.280,0.000,0.000,0.0000
36.170,-26.437,37.390,0.326,9.931,69.793,70.379,0.000,0.000,0.0000
36.180,-26.338,37.388,0.326,9.901,69.892,70.476,0.000,0.000,0.0000
36.190,-26.240,37.385,0.326,9.869,69.990,70.574,0.000,0.000,0.0000
36.200,-26.141,37.382,0.326,9.835,70.089,70.671,0.000,0.000,0.0000
36.210,-26.044,37.379,0.325,9.788,70.186,70.768,0.000,0.000,0.0000
36.220,-25.946,37.376,0.325,9.743,70.284,70.864,0.000,0.000,0.0000
36.230,-25.849,37.374,0.325,9.699,70.381,70.960,0.000,0.000,0.0000
36.240,-25.753,37.371,0.325,9.655,70.477,71.056,0.000,0.000,0.0000
36.250,-25.656,37.368,0.325,9.612,70.574,71.151,0.000,0.000,0.0000
36.260,-25.561,37.365,0.324,9.561,70.669,71.245,0.000,0.000,0.0000
36.270,-25.465,37.362,0.324,9.536,70.765,71.340,0.000,0.000,0.0000
36.280,-25.370,37.360,0.324,9.499,70.860,71.434,0.000,0.000,0.0000
36.290,-25.276,37.357,0.324,9.463,70.954,71.527,0.000,0.000,0.0000
36.300,-25.182,37.354,0.324,9.428,71.048,71.620,0.000,0.000,0.0000
36.310,-25.088,37.351,0.323,9.394,71.142,71.713,0.000,0.000,0.0000
36.320,-24.994,37.348,0.323,9.358,71.236,71.806,0.000,0.000,0.0000
36.330,-24.901,37.345,0.323,9.320,71.329,71.898,0.000,0.000,0.0000
36.340,-24.808,37.342,0.323,9.273,71.422,71.990,0.000,0.000,0.0000
36.350,-24.716,37.339,0.323,9.227,71.514,72.081,0.000,0.000,0.0000
36.360,-24.624,37.337,0.323,9.183,71.606,72.172,0.000,0.000,0.0000
36.370,-24.533,37.334,0.323,9.140,71.697,72.262,0.000,0.000,0.0000
36.380,-24.442,37.331,0.323,9.096,71.788,72.352,0.000,0.000,0.0000
36.390,-24.351,37.329,0.323,9.047,71.879,72.442,0.000,0.000,0.0000
36.400,-24.261,37.326,0.323,9.005,71.969,72.531,0.000,0.000,0.0000
36.410,-24.171,37.324,0.323,8.968,72.059,72.619,0.000,0.000,0.0000
36.420,-24.082,37.321,0.323,8.936,72.148,72.708,0.000,0.000,0.0000
36.430,-23.993,37.319,0.323,8.904,72.237,72.796,0.000,0.000,0.0000
36.440,-23.904,37.316,0.323,8.872,72.326,72.884,0.000,0.000,0.0000
36.450,-23.816,37.314,0.323,8.838,72.414,72.971,0.000,0.000,0.0000
36.460,-23.728,37.311,0.323,8.801,72.502,73.058,0.000,0.000,0.0000
36.470,-23.640,37.309,0.323,8.755,72.590,73.145,0.000,0.000,0.0000
36.480,-23.553,37.307,0.323,8.709,72.677,73.231,0.000,0.000,0.0000
36.490,-23.467,37.304,0.323,8.666,72.763,73.317,0.000,0.000,0.0000
36.500,-23.380,37.302,0.323,8.623,72.850,73.402,0.000,0.000,0.0000
36.510,-23.295,37.299,0.324,8.580,72.935,73.487,0.000,0.000,0.0000
36.520,-23.209,37.297,0.324,8.528,73.021,73.571,0.000,0.000,0.0000
36.530,-23.124,37.294,0.324,8.503,73.106,73.655,0.000,0.000,0.0000
36.540,-23.040,37.292,0.324,8.463,73.190,73.739,0.000,0.000,0.0000
36.550,-22.955,37.289,0.324,8.425,73.275,73.822,0.000,0.000,0.0000
36.560,-22.872,37.287,0.324,8.388,73.358,73.905,0.000,0.000,0.0000
36.570,-22.788,37.284,0.324,8.353,73.442,73.988,0.000,0.000,0.0000
36.580,-22.705,37.282,0.324,8.317,73.525,74.070,0.000,0.000,0.0000
36.590,-22.622,37.279,0.324,8.280,73.608,74.152,0.000,0.000,0.0000
36.600,-22.540,37.277,0.324,8.242,73.690,74.234,0.000,0.000,0.0000
36.610,-22.458,37.274,0.324,8.195,73.772,74.315,0.000,0.000,0.0000
