timestamp_sec,ego_x,ego_y,ego_z,ego_speed_mps,distance_to_intersection_m,distance_to_pedestrian_m,human_throttle,human_brake,human_steering_rad
765.080,-97.020,-52.451,0.317,0.000,0.790,10.744,0.000,0.000,0.0000
765.090,-97.020,-52.451,0.317,0.000,0.790,10.744,0.000,0.000,0.0000
765.100,-97.020,-52.451,0.317,0.000,0.790,10.744,0.000,0.000,0.0000
765.110,-97.020,-52.451,0.317,0.000,0.790,10.744,0.000,0.000,0.0000
765.120,-97.020,-52.451,0.317,0.000,0.790,10.744,0.000,0.000,0.0000
765.130,-97.020,-52.451,0.317,0.000,0.790,10.744,0.000,0.000,0.0000
765.140,-97.020,-52.451,0.317,0.000,0.790,10.744,0.000,0.000,0.0000
765.150,-97.020,-52.451,0.317,0.000,0.790,10.744,0.000,0.000,0.0000
765.160,-97.020,-52.451,0.317,0.000,0.790,10.744,0.000,0.000,0.0000
765.170,-97.020,-52.451,0.317,0.000,0.790,10.744,0.000,0.000,0.0000
765.180,-97.020,-52.451,0.317,0.000,0.790,10.744,0.040,0.000,0.0000
765.190,-97.020,-52.451,0.317,0.004,0.790,10.744,0.080,0.000,0.0000
765.200,-97.020,-52.451,0.317,0.010,0.790,10.744,0.120,0.000,0.0000
765.210,-97.020,-52.450,0.317,0.018,0.790,10.744,0.160,0.000,0.0000
765.220,-97.020,-52.449,0.316,0.027,0.790,10.744,0.200,0.000,0.0000
765.230,-97.020,-52.447,0.316,0.035,0.790,10.745,0.240,0.000,0.0000
765.240,-97.020,-52.446,0.316,0.041,0.790,10.745,0.280,0.000,0.0000
765.250,-97.020,-52.443,0.315,0.047,0.790,10.745,0.320,0.000,0.0000
765.260,-97.020,-52.440,0.315,0.051,0.790,10.746,0.360,0.000,0.0000
765.270,-97.020,-52.437,0.314,0.054,0.790,10.746,0.400,0.000,0.0000
765.280,-97.020,-52.434,0.314,0.056,0.790,10.747,0.440,0.000,0.0000
765.290,-97.020,-52.430,0.313,0.056,0.790,10.748,0.480,0.000,0.0000
765.300,-97.020,-52.425,0.312,0.056,0.790,10.748,0.520,0.000,0.0000
765.310,-97.020,-52.421,0.312,0.055,0.790,10.749,0.560,0.000,0.0000
765.320,-97.020,-52.415,0.311,0.054,0.790,10.749,0.600,0.000,0.0000
765.330,-97.020,-52.410,0.311,0.051,0.790,10.750,0.640,0.000,0.0000
765.340,-97.020,-52.404,0.310,0.048,0.790,10.750,0.680,0.000,0.0000
765.350,-97.020,-52.397,0.310,0.045,0.790,10.751,0.720,0.000,0.0000
765.360,-97.020,-52.391,0.309,0.041,0.790,10.751,0.760,0.000,0.0000
765.370,-97.020,-52.384,0.309,0.037,0.790,10.751,0.800,0.000,0.0000
765.380,-97.020,-52.376,0.309,0.033,0.790,10.752,0.840,0.000,0.0000
765.390,-97.020,-52.368,0.308,0.028,0.790,10.752,0.880,0.000,0.0000
765.400,-97.020,-52.360,0.308,0.024,0.790,10.752,0.920,0.000,0.0000
765.410,-97.020,-52.351,0.308,0.019,0.790,10.752,0.960,0.000,0.0000
765.420,-97.020,-52.341,0.308,0.014,0.790,10.753,1.000,0.000,0.0000
765.430,-97.020,-52.332,0.308,0.010,0.790,10.753,1.000,0.000,0.0000
765.440,-97.020,-52.322,0.308,0.006,0.790,10.753,1.000,0.000,0.0000
765.450,-97.020,-52.311,0.308,0.002,0.790,10.753,1.000,0.000,0.0000
765.460,-97.020,-52.301,0.308,0.003,0.790,10.753,1.000,0.000,0.0000
765.470,-97.020,-52.289,0.308,0.006,0.790,10.753,1.000,0.000,0.0000
765.480,-97.020,-52.278,0.308,0.009,0.790,10.753,1.000,0.000,0.0000
765.490,-97.020,-52.266,0.308,0.012,0.790,10.752,1.000,0.000,0.0000
765.500,-97.020,-52.253,0.308,0.014,0.790,10.752,1.000,0.000,0.0000
765.510,-97.020,-52.240,0.308,0.016,0.790,10.752,1.000,0.000,0.0000
765.520,-97.020,-52.227,0.308,0.018,0.790,10.752,1.000,0.000,0.0000
765.530,-97.020,-52.213,0.309,0.019,0.790,10.752,1.000,0.000,0.0000
765.540,-97.020,-52.199,0.309,0.020,0.790,10.752,1.000,0.000,0.0000
765.550,-97.020,-52.185,0.309,0.021,0.790,10.751,1.000,0.000,0.0000
765.560,-97.020,-52.170,0.309,0.021,0.790,10.751,1.000,0.000,0.0000
765.570,-97.020,-52.155,0.310,0.021,0.790,10.751,1.000,0.000,0.0000
765.580,-97.020,-52.139,0.310,0.020,0.790,10.751,1.000,0.000,0.0000
765.590,-97.020,-52.123,0.310,0.020,0.790,10.751,1.000,0.000,0.0000
765.600,-97.020,-52.107,0.310,0.019,0.790,10.750,1.000,0.000,0.0000
765.610,-97.020,-52.090,0.310,0.018,0.790,10.750,1.000,0.000,0.0000
765.620,-97.020,-52.073,0.310,0.016,0.790,10.750,1.000,0.000,0.0000
765.630,-97.020,-52.055,0.311,0.015,0.790,10.750,1.000,0.000,0.0000
765.640,-97.020,-52.037,0.311,0.013,0.790,10.750,1.000,0.000,0.0000
765.650,-97.020,-52.019,0.311,0.012,0.790,10.750,1.000,0.000,0.0000
765.660,-97.020,-52.000,0.311,0.010,0.790,10.750,1.000,0.000,0.0000
765.670,-97.020,-51.981,0.311,0.008,0.790,10.749,1.000,0.000,0.0000
765.680,-97.020,-51.961,0.311,0.006,0.790,10.749,1.000,0.000,0.0000
765.690,-97.020,-51.941,0.311,0.005,0.790,10.749,1.000,0.000,0.0000
765.700,-97.020,-51.921,0.311,0.003,0.790,10.749,1.000,0.000,0.0000
765.710,-97.020,-51.900,0.311,0.002,0.790,10.749,1.000,0.000,0.0000
765.720,-97.020,-51.879,0.311,0.002,0.790,10.749,1.000,0.000,0.0000
765.730,-97.020,-51.857,0.311,0.002,0.790,10.749,1.000,0.000,0.0000
765.740,-97.020,-51.835,0.311,0.003,0.790,10.749,1.000,0.000,0.0000
765.750,-97.019,-51.813,0.311,0.004,0.790,10.749,1.000,0.000,0.0000
765.760,-97.019,-51.790,0.311,0.005,0.790,10.749,1.000,0.000,0.0000
765.770,-97.019,-51.767,0.311,0.006,0.790,10.749,1.000,0.000,0.0000
765.780,-97.019,-51.744,0.311,0.007,0.790,10.750,1.000,0.000,0.0000
765.790,-97.019,-51.720,0.311,0.007,0.790,10.750,1.000,0.000,0.0000
765.800,-97.019,-51.695,0.311,0.008,0.790,10.750,1.000,0.000,0.0000
765.810,-97.019,-51.671,0.311,0.008,0.790,10.750,1.000,0.000,0.0000
765.820,-97.019,-51.646,0.311,0.008,0.790,10.750,1.000,0.000,0.0000
765.830,-97.019,-51.620,0.311,0.008,0.790,10.750,1.000,0.000,0.0000
765.840,-97.019,-51.594,0.310,0.008,0.790,10.750,1.000,0.000,0.0000
765.850,-97.019,-51.568,0.310,0.008,0.790,10.750,1.000,0.000,0.0000
765.860,-97.019,-51.541,0.310,0.007,0.790,10.750,1.000,0.000,0.0000
765.870,-97.019,-51.514,0.310,0.007,0.790,10.750,1.000,0.000,0.0000
765.880,-97.019,-51.487,0.310,0.007,0.789,10.750,1.000,0.000,0.0000
765.890,-97.019,-51.459,0.310,0.006,0.789,10.750,1.000,0.000,0.0000
765.900,-97.019,-51.430,0.310,0.006,0.789,10.750,1.000,0.000,0.0000
765.910,-97.019,-51.402,0.310,0.005,0.789,10.750,1.000,0.000,0.0000
765.920,-97.019,-51.373,0.310,0.004,0.789,10.750,1.000,0.000,0.0000
765.930,-97.019,-51.343,0.310,0.004,0.789,10.750,1.000,0.000,0.0000
765.940,-97.019,-51.313,0.310,0.003,0.789,10.750,1.000,0.000,0.0000
765.950,-97.019,-51.283,0.310,0.003,0.789,10.751,1.000,0.000,0.0000
765.960,-97.019,-51.252,0.310,0.003,0.789,10.751,1.000,0.000,0.0000
765.970,-97.019,-51.221,0.310,0.003,0.789,10.751,1.000,0.000,0.0000
765.980,-97.019,-51.190,0.310,0.003,0.789,10.751,1.000,0.000,0.0000
765.990,-97.019,-51.158,0.310,0.003,0.789,10.751,1.000,0.000,0.0000
766.000,-97.019,-51.126,0.310,0.003,0.789,10.750,1.000,0.000,0.0000
766.010,-97.019,-51.093,0.310,0.003,0.789,10.750,1.000,0.000,0.0000
766.020,-97.019,-51.060,0.310,0.003,0.789,10.750,1.000,0.000,0.0000
766.030,-97.019,-51.027,0.310,0.003,0.789,10.750,1.000,0.000,0.0000
766.040,-97.019,-50.993,0.310,0.004,0.789,10.750,1.000,0.000,0.0000
766.050,-97.019,-50.958,0.310,0.004,0.789,10.750,1.000,0.000,0.0000
766.060,-97.019,-50.924,0.310,0.004,0.789,10.750,1.000,0.000,0.0000
766.070,-97.019,-50.889,0.310,0.004,0.789,10.750,1.000,0.000,0.0000
766.080,-97.019,-50.853,0.310,0.004,0.789,10.750,1.000,0.000,0.0000
766.090,-97.019,-50.817,0.310,0.004,0.789,10.750,1.000,0.000,0.0000
766.100,-97.019,-50.781,0.310,0.004,0.789,10.750,1.000,0.000,0.0000
766.110,-97.019,-50.745,0.310,0.004,0.789,10.750,1.000,0.000,0.0000
766.120,-97.019,-50.708,0.310,0.004,0.789,10.750,1.000,0.000,0.0000
766.130,-97.019,-50.670,0.310,0.004,0.789,10.750,1.000,0.000,0.0000
766.140,-97.019,-50.632,0.310,0.004,0.789,10.750,1.000,0.000,0.0000
766.150,-97.019,-50.594,0.310,0.004,0.789,10.750,1.000,0.000,0.0000
766.160,-97.018,-50.556,0.310,0.004,0.789,10.750,1.000,0.000,0.0000
766.170,-97.018,-50.516,0.310,0.004,0.789,10.750,1.000,0.000,0.0000
766.180,-97.018,-50.477,0.310,0.003,0.789,10.750,1.000,0.000,0.0000
766.190,-97.018,-50.437,0.310,0.003,0.789,10.750,1.000,0.000,0.0000
766.200,-97.018,-50.397,0.310,0.003,0.789,10.750,1.000,0.000,0.0000
766.210,-97.018,-50.356,0.310,0.003,0.789,10.750,1.000,0.000,0.0000
766.220,-97.018,-50.315,0.310,0.003,0.789,10.750,1.000,0.000,0.0000
766.230,-97.018,-50.274,0.310,0.003,0.789,10.750,1.000,0.000,0.0000
766.240,-97.018,-50.232,0.310,0.003,0.788,10.750,1.000,0.000,0.0000
766.250,-97.018,-50.190,0.310,0.003,0.788,10.750,1.000,0.000,0.0000
766.260,-97.018,-50.148,0.310,0.003,0.788,10.750,1.000,0.000,0.0000
766.270,-97.018,-50.105,0.310,0.003,0.788,10.750,1.000,0.000,0.0000
766.280,-97.018,-50.061,0.310,0.004,0.788,10.750,1.000,0.000,0.0000
766.290,-97.018,-50.017,0.310,0.004,0.788,10.750,1.000,0.000,0.0000
766.300,-97.018,-49.973,0.310,0.004,0.788,10.750,1.000,0.000,0.0000
766.310,-97.018,-49.929,0.310,0.004,0.788,10.750,1.000,0.000,0.0000
766.320,-97.018,-49.884,0.310,0.004,0.788,10.750,1.000,0.000,0.0000
766.330,-97.018,-49.838,0.310,0.004,0.788,10.750,1.000,0.000,0.0000
766.340,-97.018,-49.793,0.310,0.004,0.788,10.750,1.000,0.000,0.0000
766.350,-97.018,-49.747,0.310,0.004,0.788,10.750,1.000,0.000,0.0000
766.360,-97.018,-49.700,0.310,0.004,0.788,10.750,1.000,0.000,0.0000
766.370,-97.018,-49.653,0.310,0.004,0.788,10.750,1.000,0.000,0.0000
766.380,-97.018,-49.606,0.310,0.004,0.788,10.750,1.000,0.000,0.0000
766.390,-97.018,-49.558,0.310,0.004,0.788,10.750,1.000,0.000,0.0000
766.400,-97.018,-49.510,0.310,0.004,0.788,10.750,1.000,0.000,0.0000
766.410,-97.018,-49.461,0.310,0.004,0.788,10.750,1.000,0.000,0.0000
766.420,-97.018,-49.412,0.310,0.004,0.788,10.750,1.000,0.000,0.0000
766.430,-97.018,-49.363,0.310,0.004,0.788,10.750,1.000,0.000,0.0000
766.440,-97.017,-49.313,0.310,0.004,0.788,10.750,1.000,0.000,0.0000
766.450,-97.017,-49.263,0.310,0.004,0.788,10.750,1.000,0.000,0.0000
766.460,-97.017,-49.213,0.310,0.004,0.788,10.750,1.000,0.000,0.0000
766.470,-97.017,-49.162,0.310,0.004,0.788,10.750,1.000,0.000,0.0000
766.480,-97.017,-49.110,0.310,0.004,0.788,10.750,1.000,0.000,0.0000
766.490,-97.017,-49.059,0.310,0.004,0.788,10.750,1.000,0.000,0.0000
766.500,-97.017,-49.007,0.310,0.004,0.788,10.750,1.000,0.000,0.0000
766.510,-97.017,-48.954,0.310,0.004,0.787,10.750,1.000,0.000,0.0000
766.520,-97.017,-48.901,0.310,0.004,0.787,10.750,1.000,0.000,0.0000
766.530,-97.017,-48.848,0.310,0.004,0.787,10.750,1.000,0.000,0.0000
766.540,-97.017,-48.794,0.310,0.004,0.787,10.750,1.000,0.000,0.0000
766.550,-97.017,-48.740,0.310,0.004,0.787,10.750,1.000,0.000,0.0000
766.560,-97.017,-48.686,0.310,0.004,0.787,10.750,1.000,0.000,0.0000
766.570,-97.017,-48.631,0.310,0.004,0.787,10.750,1.000,0.000,0.0000
766.580,-97.017,-48.576,0.310,0.004,0.787,10.750,1.000,0.000,0.0000
766.590,-97.017,-48.520,0.310,0.004,0.787,10.750,1.000,0.000,0.0000
766.600,-97.017,-48.464,0.310,0.004,0.787,10.750,1.000,0.000,0.0000
766.610,-97.017,-48.407,0.310,0.005,0.787,10.750,1.000,0.000,0.0000
766.620,-97.017,-48.350,0.310,0.005,0.787,10.750,1.000,0.000,0.0000
766.630,-97.017,-48.293,0.310,0.005,0.787,10.750,1.000,0.000,0.0000
766.640,-97.017,-48.236,0.310,0.005,0.787,10.750,1.000,0.000,0.0000
766.650,-97.017,-48.178,0.310,0.005,0.787,10.750,1.000,0.000,0.0000
766.660,-97.017,-48.119,0.310,0.005,0.787,10.750,1.000,0.000,0.0000
766.670,-97.017,-48.060,0.310,0.005,0.787,10.750,1.000,0.000,0.0000
766.680,-97.016,-48.001,0.310,0.005,0.787,10.750,1.000,0.000,0.0000
766.690,-97.016,-47.941,0.310,0.005,0.787,10.750,1.000,0.000,0.0000
766.700,-97.016,-47.881,0.310,0.005,0.787,10.750,1.000,0.000,0.0000
766.710,-97.016,-47.821,0.310,0.005,0.787,10.750,1.000,0.000,0.0000
766.720,-97.016,-47.760,0.310,0.005,0.787,10.750,1.000,0.000,0.0000
766.730,-97.016,-47.699,0.310,0.005,0.786,10.750,1.000,0.000,0.0000
766.740,-97.016,-47.637,0.310,0.005,0.786,10.750,1.000,0.000,0.0000
766.750,-97.016,-47.575,0.310,0.005,0.786,10.750,1.000,0.000,0.0000
766.760,-97.016,-47.513,0.310,0.005,0.786,10.750,1.000,0.000,0.0000
766.770,-97.016,-47.450,0.310,0.005,0.786,10.750,1.000,0.000,0.0000
766.780,-97.016,-47.387,0.310,0.005,0.786,10.750,1.000,0.000,0.0000
766.790,-97.016,-47.323,0.310,0.005,0.786,10.750,1.000,0.000,0.0000
766.800,-97.016,-47.259,0.310,0.005,0.786,10.750,1.000,0.000,0.0000
766.810,-97.016,-47.195,0.310,0.005,0.786,10.750,1.000,0.000,0.0000
766.820,-97.016,-47.130,0.310,0.005,0.786,10.750,1.000,0.000,0.0000
766.830,-97.016,-47.065,0.310,0.005,0.786,10.750,1.000,0.000,0.0000
766.840,-97.016,-46.999,0.310,0.005,0.786,10.750,1.000,0.000,0.0000
766.850,-97.016,-46.933,0.310,0.005,0.786,10.750,1.000,0.000,0.0000
766.860,-97.016,-46.867,0.310,0.005,0.786,10.750,1.000,0.000,0.0000
766.870,-97.015,-46.800,0.310,0.005,0.786,10.750,1.000,0.000,0.0000
766.880,-97.015,-46.733,0.310,0.005,0.786,10.750,1.000,0.000,0.0000
766.890,-97.015,-46.665,0.310,0.005,0.786,10.750,1.000,0.000,0.0000
766.900,-97.015,-46.597,0.310,0.005,0.786,10.750,1.000,0.000,0.0000
766.910,-97.015,-46.529,0.310,0.005,0.786,10.750,1.000,0.000,0.0000
766.920,-97.015,-46.460,0.310,0.005,0.785,10.750,1.000,0.000,0.0000
766.930,-97.015,-46.391,0.310,0.006,0.785,10.750,1.000,0.000,0.0000
766.940,-97.015,-46.321,0.310,0.006,0.785,10.750,1.000,0.000,0.0000
766.950,-97.015,-46.251,0.310,0.006,0.785,10.750,1.000,0.000,0.0000
766.960,-97.015,-46.181,0.310,0.006,0.785,10.750,1.000,0.000,0.0000
766.970,-97.015,-46.110,0.310,0.006,0.785,10.750,1.000,0.000,0.0000
766.980,-97.015,-46.039,0.310,0.006,0.785,10.750,1.000,0.000,0.0000
766.990,-97.015,-45.968,0.310,0.006,0.785,10.750,1.000,0.000,0.0000
767.000,-97.015,-45.896,0.310,0.006,0.785,10.750,1.000,0.000,0.0000
767.010,-97.015,-45.823,0.310,0.006,0.785,10.750,1.000,0.000,0.0000
767.020,-97.015,-45.751,0.310,0.006,0.785,10.750,1.000,0.000,0.0000
767.030,-97.015,-45.678,0.310,0.006,0.785,10.750,1.000,0.000,0.0000
767.040,-97.015,-45.604,0.310,0.006,0.785,10.750,1.000,0.000,0.0000
767.050,-97.014,-45.530,0.310,0.006,0.785,10.750,1.000,0.000,0.0000
767.060,-97.014,-45.456,0.310,0.006,0.785,10.750,1.000,0.000,0.0000
767.070,-97.014,-45.381,0.310,0.006,0.785,10.750,1.000,0.000,0.0000
767.080,-97.014,-45.306,0.310,0.006,0.785,10.750,1.000,0.000,0.0000
767.090,-97.014,-45.230,0.310,0.006,0.785,10.750,1.000,0.000,0.0000
767.100,-97.014,-45.154,0.310,0.006,0.784,10.750,1.000,0.000,0.0000
767.110,-97.014,-45.078,0.310,0.006,0.784,10.750,1.000,0.000,0.0000
767.120,-97.014,-45.001,0.310,0.006,0.784,10.750,1.000,0.000,0.0000
767.130,-97.014,-44.924,0.310,0.006,0.784,10.750,1.000,0.000,0.0000
767.140,-97.014,-44.847,0.310,0.006,0.784,10.750,1.000,0.000,0.0000
767.150,-97.014,-44.769,0.310,0.006,0.784,10.750,1.000,0.000,0.0000
767.160,-97.014,-44.691,0.310,0.006,0.784,10.750,1.000,0.000,0.0000
767.170,-97.014,-44.612,0.310,0.006,0.784,10.750,1.000,0.000,0.0000
767.180,-97.014,-44.533,0.310,0.006,0.784,10.750,1.000,0.000,0.0000
767.190,-97.014,-44.453,0.310,0.006,0.784,10.750,1.000,0.000,0.0000
767.200,-97.014,-44.374,0.310,0.006,0.784,10.750,1.000,0.000,0.0000
767.210,-97.013,-44.293,0.310,0.006,0.784,10.750,1.000,0.000,0.0000
767.220,-97.013,-44.213,0.310,0.006,0.784,10.750,1.000,0.000,0.0000
767.230,-97.013,-44.132,0.310,0.006,0.784,10.750,1.000,0.000,0.0000
767.240,-97.013,-44.050,0.310,0.006,0.784,10.750,1.000,0.000,0.0000
767.250,-97.013,-43.968,0.310,0.007,0.784,10.750,1.000,0.000,0.0000
767.260,-97.013,-43.886,0.310,0.007,0.783,10.750,1.000,0.000,0.0000
767.270,-97.013,-43.803,0.310,0.007,0.783,10.750,1.000,0.000,0.0000
767.280,-97.013,-43.720,0.310,0.007,0.783,10.750,1.000,0.000,0.0000
767.290,-97.013,-43.637,0.310,0.007,0.783,10.750,1.000,0.000,0.0000
767.300,-97.013,-43.553,0.310,0.007,0.783,10.750,1.000,0.000,0.0000
767.310,-97.013,-43.469,0.310,0.007,0.783,10.750,1.000,0.000,0.0000
767.320,-97.013,-43.384,0.310,0.007,0.783,10.750,1.000,0.000,0.0000
767.330,-97.013,-43.299,0.310,0.007,0.783,10.750,1.000,0.000,0.0000
767.340,-97.013,-43.214,0.310,0.007,0.783,10.750,1.000,0.000,0.0000
767.350,-97.013,-43.128,0.310,0.007,0.783,10.750,1.000,0.000,0.0000
767.360,-97.013,-43.042,0.310,0.007,0.783,10.750,1.000,0.000,0.0000
767.370,-97.012,-42.955,0.310,0.007,0.783,10.750,1.000,0.000,0.0000
767.380,-97.012,-42.868,0.310,0.007,0.783,10.750,1.000,0.000,0.0000
767.390,-97.012,-42.781,0.310,0.007,0.783,10.750,1.000,0.000,0.0000
767.400,-97.012,-42.693,0.310,0.007,0.782,10.750,1.000,0.000,0.0000
767.410,-97.012,-42.605,0.310,0.007,0.782,10.750,1.000,0.000,0.0000
767.420,-97.012,-42.516,0.310,0.007,0.782,10.750,1.000,0.000,0.0000
767.430,-97.012,-42.427,0.310,0.007,0.782,10.750,1.000,0.000,0.0000
767.440,-97.012,-42.338,0.310,0.007,0.782,10.750,1.000,0.000,0.0000
767.450,-97.012,-42.248,0.310,0.007,0.782,10.750,1.000,0.000,0.0000
767.460,-97.012,-42.158,0.310,0.007,0.782,10.749,1.000,0.000,0.0000
767.470,-97.012,-42.067,0.310,0.007,0.782,10.749,1.000,0.000,0.0000
767.480,-97.012,-41.976,0.310,0.007,0.782,10.749,1.000,0.000,0.0000
767.490,-97.012,-41.885,0.310,0.007,0.782,10.749,1.000,0.000,0.0000
767.500,-97.012,-41.793,0.310,0.007,0.782,10.749,1.000,0.000,0.0000
767.510,-97.011,-41.701,0.310,0.007,0.782,10.749,1.000,0.000,0.0000
767.520,-97.011,-41.608,0.310,0.007,0.782,10.749,1.000,0.000,0.0000
767.530,-97.011,-41.515,0.310,0.007,0.782,10.749,1.000,0.000,0.0000
767.540,-97.011,-41.422,0.310,0.007,0.781,10.749,1.000,0.000,0.0000
767.550,-97.011,-41.328,0.310,0.007,0.781,10.749,1.000,0.000,0.0000
767.560,-97.011,-41.234,0.310,0.008,0.781,10.749,1.000,0.000,0.0000
767.570,-97.011,-41.139,0.310,0.008,0.781,10.749,1.000,0.000,0.0000
767.580,-97.011,-41.044,0.310,0.008,0.781,10.749,1.000,0.000,0.0000
767.590,-97.011,-40.949,0.310,0.008,0.781,10.749,1.000,0.000,0.0000
767.600,-97.011,-40.853,0.310,0.008,0.781,10.749,1.000,0.000,0.0000
767.610,-97.011,-40.757,0.310,0.008,0.781,10.749,1.000,0.000,0.0000
767.620,-97.011,-40.660,0.310,0.008,0.781,10.749,1.000,0.000,0.0000
767.630,-97.011,-40.564,0.310,0.008,0.781,10.749,1.000,0.000,0.0000
767.640,-97.010,-40.466,0.310,0.008,0.781,10.749,1.000,0.000,0.0000
767.650,-97.010,-40.368,0.310,0.008,0.781,10.749,1.000,0.000,0.0000
767.660,-97.010,-40.270,0.310,0.008,0.781,10.749,1.000,0.000,0.0000
767.670,-97.010,-40.172,0.310,0.008,0.780,10.749,1.000,0.000,0.0000
767.680,-97.010,-40.073,0.310,0.008,0.780,10.749,1.000,0.000,0.0000
767.690,-97.010,-39.974,0.310,0.008,0.780,10.749,1.000,0.000,0.0000
767.700,-97.010,-39.874,0.310,0.008,0.780,10.749,1.000,0.000,0.0000
767.710,-97.010,-39.774,0.310,0.008,0.780,10.749,1.000,0.000,0.0000
767.720,-97.010,-39.673,0.310,0.008,0.780,10.749,1.000,0.000,0.0000
767.730,-97.010,-39.572,0.310,0.008,0.780,10.749,1.000,0.000,0.0000
767.740,-97.010,-39.471,0.310,0.008,0.780,10.749,1.000,0.000,0.0000
767.750,-97.010,-39.369,0.310,0.008,0.780,10.749,1.000,0.000,0.0000
767.760,-97.009,-39.267,0.310,0.008,0.780,10.749,1.000,0.000,0.0000
767.770,-97.009,-39.165,0.310,0.008,0.780,10.749,1.000,0.000,0.0000
767.780,-97.009,-39.062,0.310,0.008,0.780,10.749,1.000,0.000,0.0000
767.790,-97.009,-38.959,0.310,0.008,0.780,10.749,1.000,0.000,0.0000
767.800,-97.009,-38.855,0.310,0.008,0.779,10.749,1.000,0.000,0.0000
767.810,-97.009,-38.751,0.310,0.008,0.779,10.749,1.000,0.000,0.0000
767.820,-97.009,-38.646,0.310,0.008,0.779,10.749,1.000,0.000,0.0000
767.830,-97.009,-38.541,0.310,0.008,0.779,10.749,1.000,0.000,0.0000
767.840,-97.009,-38.436,0.310,0.008,0.779,10.749,1.000,0.000,0.0000
767.850,-97.009,-38.331,0.310,0.008,0.779,10.749,1.000,0.000,0.0000
767.860,-97.009,-38.224,0.310,0.008,0.779,10.749,1.000,0.000,0.0000
767.870,-97.009,-38.118,0.310,0.008,0.779,10.749,1.000,0.000,0.0000
767.880,-97.008,-38.011,0.310,0.009,0.779,10.749,1.000,0.000,0.0000
767.890,-97.008,-37.904,0.310,0.009,0.779,10.749,1.000,0.000,0.0000
767.900,-97.008,-37.796,0.310,0.009,0.779,10.749,1.000,0.000,0.0000
767.910,-97.008,-37.688,0.310,0.009,0.778,10.749,1.000,0.000,0.0000
767.920,-97.008,-37.580,0.310,0.009,0.778,10.749,1.000,0.000,0.0000
767.930,-97.008,-37.471,0.310,0.009,0.778,10.749,1.000,0.000,0.0000
767.940,-97.008,-37.362,0.310,0.009,0.778,10.749,1.000,0.000,0.0000
767.950,-97.008,-37.252,0.310,0.009,0.778,10.749,1.000,0.000,0.0000
767.960,-97.008,-37.142,0.310,0.009,0.778,10.749,1.000,0.000,0.0000
767.970,-97.008,-37.032,0.310,0.009,0.778,10.749,1.000,0.000,0.0000
767.980,-97.008,-36.921,0.310,0.009,0.778,10.749,1.000,0.000,0.0000
767.990,-97.008,-36.810,0.310,0.010,0.778,10.749,1.000,0.000,0.0000
768.000,-97.007,-36.698,0.310,0.014,0.778,10.749,1.000,0.000,0.0000
768.010,-97.007,-36.587,0.311,0.020,0.778,10.749,1.000,0.000,0.0000
768.020,-97.007,-36.476,0.311,0.028,0.778,10.748,1.000,0.000,0.0000
768.030,-97.007,-36.365,0.311,0.035,0.777,10.748,1.000,0.000,0.0000
768.040,-97.007,-36.253,0.312,0.042,0.777,10.748,1.000,0.000,0.0000
768.050,-97.007,-36.142,0.312,0.047,0.777,10.747,1.000,0.000,0.0000
768.060,-97.007,-36.031,0.313,0.051,0.777,10.747,1.000,0.000,0.0000
768.070,-97.007,-35.920,0.313,0.054,0.777,10.746,1.000,0.000,0.0000
768.080,-97.007,-35.809,0.314,0.056,0.777,10.746,1.000,0.000,0.0000
768.090,-97.007,-35.697,0.314,0.056,0.777,10.745,1.000,0.000,0.0000
768.100,-97.007,-35.586,0.315,0.056,0.777,10.745,1.000,0.000,0.0000
768.110,-97.006,-35.475,0.315,0.056,0.777,10.744,1.000,0.000,0.0000
768.120,-97.006,-35.364,0.316,0.054,0.777,10.743,1.000,0.000,0.0000
768.130,-97.006,-35.252,0.316,0.052,0.777,10.743,1.000,0.000,0.0000
768.140,-97.006,-35.141,0.317,0.049,0.777,10.742,1.000,0.000,0.0000
768.150,-97.006,-35.030,0.317,0.046,0.777,10.742,1.000,0.000,0.0000
768.160,-97.006,-34.919,0.318,0.042,0.777,10.742,1.000,0.000,0.0000
768.170,-97.006,-34.808,0.318,0.038,0.776,10.741,1.000,0.000,0.0000
768.180,-97.006,-34.696,0.318,0.034,0.776,10.741,1.000,0.000,0.0000
768.190,-97.006,-34.585,0.319,0.030,0.776,10.741,1.000,0.000,0.0000
768.200,-97.006,-34.474,0.319,0.026,0.776,10.740,1.000,0.000,0.0000
768.210,-97.006,-34.363,0.319,0.022,0.776,10.740,1.000,0.000,0.0000
768.220,-97.005,-34.252,0.319,0.017,0.776,10.740,1.000,0.000,0.0000
768.230,-97.005,-34.141,0.319,0.014,0.776,10.740,1.000,0.000,0.0000
768.240,-97.005,-34.030,0.319,0.011,0.776,10.740,1.000,0.000,0.0000
768.250,-97.005,-33.919,0.319,0.009,0.776,10.740,1.000,0.000,0.0000
768.260,-97.005,-33.807,0.319,0.009,0.776,10.740,1.000,0.000,0.0000
768.270,-97.005,-33.696,0.319,0.010,0.776,10.740,1.000,0.000,0.0000
768.280,-97.005,-33.585,0.319,0.012,0.776,10.740,1.000,0.000,0.0000
768.290,-97.005,-33.474,0.319,0.014,0.775,10.740,1.000,0.000,0.0000
768.300,-97.005,-33.363,0.319,0.016,0.775,10.740,1.000,0.000,0.0000
768.310,-97.005,-33.252,0.319,0.018,0.775,10.740,1.000,0.000,0.0000
768.320,-97.005,-33.141,0.319,0.020,0.775,10.740,1.000,0.000,0.0000
768.330,-97.005,-33.030,0.319,0.021,0.775,10.741,1.000,0.000,0.0000
768.340,-97.004,-32.919,0.318,0.022,0.775,10.741,1.000,0.000,0.0000
768.350,-97.004,-32.808,0.318,0.022,0.775,10.741,1.000,0.000,0.0000
768.360,-97.004,-32.697,0.318,0.023,0.775,10.741,1.000,0.000,0.0000
768.370,-97.004,-32.586,0.318,0.022,0.775,10.741,1.000,0.000,0.0000
768.380,-97.004,-32.475,0.317,0.022,0.775,10.742,1.000,0.000,0.0000
768.390,-97.004,-32.364,0.317,0.022,0.774,10.742,1.000,0.000,0.0000
768.400,-97.004,-32.253,0.317,0.021,0.774,10.742,1.000,0.000,0.0000
768.410,-97.004,-32.142,0.317,0.020,0.774,10.742,1.000,0.000,0.0000
768.420,-97.004,-32.030,0.317,0.019,0.774,10.742,1.000,0.000,0.0000
768.430,-97.004,-31.919,0.317,0.017,0.774,10.742,1.000,0.000,0.0000
768.440,-97.004,-31.808,0.316,0.016,0.774,10.743,1.000,0.000,0.0000
768.450,-97.003,-31.697,0.316,0.015,0.774,10.743,1.000,0.000,0.0000
768.460,-97.003,-31.586,0.316,0.014,0.774,10.743,1.000,0.000,0.0000
768.470,-97.003,-31.475,0.316,0.012,0.774,10.743,1.000,0.000,0.0000
768.480,-97.003,-31.364,0.316,0.011,0.774,10.743,1.000,0.000,0.0000
768.490,-97.003,-31.253,0.316,0.010,0.774,10.743,1.000,0.000,0.0000
768.500,-97.003,-31.142,0.316,0.009,0.773,10.743,1.000,0.000,0.0000
768.510,-97.003,-31.031,0.316,0.009,0.773,10.743,1.000,0.000,0.0000
768.520,-97.003,-30.920,0.316,0.009,0.773,10.743,1.000,0.000,0.0000
768.530,-97.003,-30.809,0.316,0.009,0.773,10.743,1.000,0.000,0.0000
768.540,-97.003,-30.697,0.316,0.009,0.773,10.743,1.000,0.000,0.0000
768.550,-97.003,-30.586,0.316,0.010,0.773,10.743,1.000,0.000,0.0000
768.560,-97.002,-30.475,0.316,0.010,0.773,10.743,1.000,0.000,0.0000
768.570,-97.002,-30.364,0.316,0.010,0.773,10.743,1.000,0.000,0.0000
768.580,-97.002,-30.253,0.316,0.011,0.773,10.743,1.000,0.000,0.0000
768.590,-97.002,-30.142,0.316,0.011,0.773,10.743,1.000,0.000,0.0000
768.600,-97.002,-30.031,0.316,0.011,0.773,10.742,1.000,0.000,0.0000
768.610,-97.002,-29.920,0.316,0.012,0.772,10.742,1.000,0.000,0.0000
768.620,-97.002,-29.809,0.317,0.012,0.772,10.742,1.000,0.000,0.0000
768.630,-97.002,-29.697,0.317,0.012,0.772,10.742,1.000,0.000,0.0000
768.640,-97.002,-29.586,0.317,0.012,0.772,10.742,1.000,0.000,0.0000
768.650,-97.002,-29.475,0.317,0.012,0.772,10.742,1.000,0.000,0.0000
768.660,-97.002,-29.364,0.317,0.011,0.772,10.742,1.000,0.000,0.0000
768.670,-97.002,-29.253,0.317,0.011,0.772,10.742,1.000,0.000,0.0000
768.680,-97.001,-29.142,0.317,0.011,0.772,10.742,1.000,0.000,0.0000
768.690,-97.001,-29.031,0.317,0.011,0.772,10.742,1.000,0.000,0.0000
768.700,-97.001,-28.920,0.317,0.010,0.772,10.742,1.000,0.000,0.0000
768.710,-97.001,-28.809,0.317,0.010,0.772,10.742,1.000,0.000,0.0000
768.720,-97.001,-28.697,0.317,0.010,0.772,10.742,1.000,0.000,0.0000
768.730,-97.001,-28.586,0.317,0.010,0.771,10.742,1.000,0.000,0.0000
768.740,-97.001,-28.475,0.317,0.009,0.771,10.742,1.000,0.000,0.0000
768.750,-97.001,-28.364,0.317,0.009,0.771,10.741,1.000,0.000,0.0000
768.760,-97.001,-28.253,0.317,0.009,0.771,10.741,1.000,0.000,0.0000
768.770,-97.001,-28.142,0.317,0.009,0.771,10.741,1.000,0.000,0.0000
768.780,-97.001,-28.031,0.317,0.009,0.771,10.741,1.000,0.000,0.0000
768.790,-97.000,-27.920,0.317,0.009,0.771,10.741,1.000,0.000,0.0000
768.800,-97.000,-27.809,0.317,0.009,0.771,10.741,1.000,0.000,0.0000
768.810,-97.000,-27.698,0.317,0.009,0.771,10.741,1.000,0.000,0.0000
768.820,-97.000,-27.586,0.317,0.009,0.771,10.741,1.000,0.000,0.0000
768.830,-97.000,-27.475,0.317,0.009,0.771,10.741,1.000,0.000,0.0000
768.840,-97.000,-27.364,0.317,0.009,0.770,10.741,1.000,0.000,0.0000
768.850,-97.000,-27.253,0.317,0.009,0.770,10.741,1.000,0.000,0.0000
768.860,-97.000,-27.142,0.317,0.009,0.770,10.741,1.000,0.000,0.0000
768.870,-97.000,-27.031,0.317,0.009,0.770,10.742,1.000,0.000,0.0000
768.880,-97.000,-26.920,0.317,0.009,0.770,10.742,1.000,0.000,0.0000
768.890,-97.000,-26.809,0.317,0.009,0.770,10.742,1.000,0.000,0.0000
768.900,-96.999,-26.698,0.317,0.009,0.770,10.742,1.000,0.000,0.0000
768.910,-96.999,-26.587,0.317,0.009,0.770,10.742,1.000,0.000,0.0000
768.920,-96.999,-26.475,0.317,0.009,0.770,10.742,1.000,0.000,0.0000
768.930,-96.999,-26.364,0.317,0.009,0.770,10.742,1.000,0.000,0.0000
768.940,-96.999,-26.253,0.317,0.009,0.770,10.742,1.000,0.000,0.0000
768.950,-96.999,-26.142,0.317,0.009,0.770,10.742,1.000,0.000,0.0000
768.960,-96.999,-26.031,0.317,0.009,0.769,10.742,1.000,0.000,0.0000
768.970,-96.999,-25.920,0.317,0.009,0.769,10.742,1.000,0.000,0.0000
768.980,-96.999,-25.809,0.317,0.009,0.769,10.742,1.000,0.000,0.0000
768.990,-96.999,-25.698,0.317,0.009,0.769,10.742,1.000,0.000,0.0000
769.000,-96.999,-25.587,0.317,0.009,0.769,10.742,1.000,0.000,0.0000
769.010,-96.999,-25.476,0.317,0.009,0.769,10.742,1.000,0.000,0.0000
769.020,-96.998,-25.365,0.317,0.009,0.769,10.742,1.000,0.000,0.0000
769.030,-96.998,-25.253,0.317,0.009,0.769,10.742,1.000,0.000,0.0000
769.040,-96.998,-25.142,0.317,0.009,0.769,10.742,1.000,0.000,0.0000
769.050,-96.998,-25.031,0.317,0.009,0.769,10.742,1.000,0.000,0.0000
769.060,-96.998,-24.920,0.317,0.009,0.769,10.742,1.000,0.000,0.0000
769.070,-96.998,-24.809,0.317,0.009,0.768,10.742,1.000,0.000,0.0000
769.080,-96.998,-24.698,0.317,0.009,0.768,10.742,1.000,0.000,0.0000
769.090,-96.998,-24.587,0.317,0.009,0.768,10.742,1.000,0.000,0.0000
769.100,-96.998,-24.476,0.317,0.009,0.768,10.742,1.000,0.000,0.0000
769.110,-96.998,-24.365,0.317,0.009,0.768,10.742,1.000,0.000,0.0000
769.120,-96.998,-24.254,0.317,0.009,0.768,10.742,1.000,0.000,0.0000
769.130,-96.997,-24.142,0.317,0.009,0.768,10.742,1.000,0.000,0.0000
769.140,-96.997,-24.031,0.317,0.009,0.768,10.742,1.000,0.000,0.0000
769.150,-96.997,-23.920,0.317,0.009,0.768,10.742,1.000,0.000,0.0000
769.160,-96.997,-23.809,0.317,0.009,0.768,10.742,1.000,0.000,0.0000
769.170,-96.997,-23.698,0.317,0.009,0.768,10.741,1.000,0.000,0.0000
769.180,-96.997,-23.587,0.317,0.009,0.767,10.741,1.000,0.000,0.0000
769.190,-96.997,-23.476,0.317,0.009,0.767,10.741,1.000,0.000,0.0000
769.200,-96.997,-23.365,0.317,0.009,0.767,10.741,1.000,0.000,0.0000
769.210,-96.997,-23.254,0.317,0.009,0.767,10.741,1.000,0.000,0.0000
769.220,-96.997,-23.143,0.317,0.009,0.767,10.741,1.000,0.000,0.0000
769.230,-96.997,-23.031,0.317,0.009,0.767,10.741,1.000,0.000,0.0000
769.240,-96.996,-22.920,0.317,0.009,0.767,10.741,1.000,0.000,0.0000
769.250,-96.996,-22.809,0.317,0.009,0.767,10.741,1.000,0.000,0.0000
769.260,-96.996,-22.698,0.317,0.009,0.767,10.741,1.000,0.000,0.0000
769.270,-96.996,-22.587,0.317,0.009,0.767,10.741,1.000,0.000,0.0000
769.280,-96.996,-22.476,0.317,0.009,0.767,10.741,1.000,0.000,0.0000
769.290,-96.996,-22.365,0.317,0.009,0.766,10.741,1.000,0.000,0.0000
769.300,-96.996,-22.254,0.317,0.009,0.766,10.741,1.000,0.000,0.0000
769.310,-96.996,-22.143,0.317,0.009,0.766,10.741,1.000,0.000,0.0000
769.320,-96.996,-22.032,0.317,0.009,0.766,10.741,1.000,0.000,0.0000
769.330,-96.996,-21.920,0.317,0.009,0.766,10.741,1.000,0.000,0.0000
769.340,-96.996,-21.809,0.317,0.009,0.766,10.741,1.000,0.000,0.0000
769.350,-96.995,-21.698,0.317,0.009,0.766,10.741,1.000,0.000,0.0000
769.360,-96.995,-21.587,0.317,0.009,0.766,10.741,1.000,0.000,0.0000
769.370,-96.995,-21.476,0.317,0.009,0.766,10.741,1.000,0.000,0.0000
769.380,-96.995,-21.365,0.317,0.009,0.766,10.741,1.000,0.000,0.0000
769.390,-96.995,-21.254,0.317,0.009,0.766,10.741,1.000,0.000,0.0000
769.400,-96.995,-21.143,0.317,0.009,0.766,10.741,1.000,0.000,0.0000
769.410,-96.995,-21.032,0.317,0.009,0.765,10.741,1.000,0.000,0.0000
769.420,-96.995,-20.921,0.317,0.009,0.765,10.741,1.000,0.000,0.0000
769.430,-96.995,-20.809,0.317,0.009,0.765,10.741,1.000,0.000,0.0000
769.440,-96.995,-20.698,0.317,0.009,0.765,10.741,1.000,0.000,0.0000
769.450,-96.995,-20.587,0.317,0.009,0.765,10.741,1.000,0.000,0.0000
769.460,-96.995,-20.476,0.317,0.009,0.765,10.741,1.000,0.000,0.0000
769.470,-96.994,-20.365,0.317,0.009,0.765,10.741,1.000,0.000,0.0000
769.480,-96.994,-20.254,0.317,0.009,0.765,10.741,1.000,0.000,0.0000
769.490,-96.994,-20.143,0.317,0.009,0.765,10.741,1.000,0.000,0.0000
769.500,-96.994,-20.032,0.317,0.009,0.765,10.741,1.000,0.000,0.0000
769.510,-96.994,-19.921,0.317,0.009,0.765,10.741,1.000,0.000,0.0000
769.520,-96.994,-19.810,0.317,0.009,0.764,10.741,1.000,0.000,0.0000
769.530,-96.994,-19.698,0.317,0.009,0.764,10.741,1.000,0.000,0.0000
769.540,-96.994,-19.587,0.317,0.009,0.764,10.741,1.000,0.000,0.0000
769.550,-96.994,-19.476,0.317,0.009,0.764,10.741,1.000,0.000,0.0000
769.560,-96.994,-19.365,0.317,0.009,0.764,10.741,1.000,0.000,0.0000
769.570,-96.994,-19.254,0.317,0.009,0.764,10.741,1.000,0.000,0.0000
769.580,-96.993,-19.143,0.317,0.009,0.764,10.741,1.000,0.000,0.0000
769.590,-96.993,-19.032,0.317,0.009,0.764,10.741,1.000,0.000,0.0000
769.600,-96.993,-18.921,0.317,0.009,0.764,10.741,1.000,0.000,0.0000
769.610,-96.993,-18.810,0.317,0.009,0.764,10.741,1.000,0.000,0.0000
769.620,-96.993,-18.699,0.317,0.009,0.764,10.741,1.000,0.000,0.0000
769.630,-96.993,-18.587,0.317,0.009,0.763,10.741,1.000,0.000,0.0000
769.640,-96.993,-18.476,0.317,0.009,0.763,10.741,1.000,0.000,0.0000
769.650,-96.993,-18.365,0.317,0.009,0.763,10.741,1.000,0.000,0.0000
769.660,-96.993,-18.254,0.317,0.009,0.763,10.741,1.000,0.000,0.0000
769.670,-96.993,-18.143,0.317,0.009,0.763,10.741,1.000,0.000,0.0000
769.680,-96.993,-18.032,0.317,0.009,0.763,10.741,1.000,0.000,0.0000
769.690,-96.992,-17.921,0.317,0.009,0.763,10.741,1.000,0.000,0.0000
769.700,-96.992,-17.810,0.317,0.009,0.763,10.741,1.000,0.000,0.0000
769.710,-96.992,-17.699,0.317,0.009,0.763,10.741,1.000,0.000,0.0000
769.720,-96.992,-17.588,0.317,0.009,0.763,10.741,1.000,0.000,0.0000
769.730,-96.992,-17.476,0.317,0.009,0.763,10.741,1.000,0.000,0.0000
769.740,-96.992,-17.365,0.317,0.009,0.763,10.741,1.000,0.000,0.0000
769.750,-96.992,-17.254,0.317,0.009,0.762,10.741,1.000,0.000,0.0000
769.760,-96.992,-17.143,0.317,0.009,0.762,10.741,1.000,0.000,0.0000
769.770,-96.992,-17.032,0.317,0.009,0.762,10.741,1.000,0.000,0.0000
769.780,-96.992,-16.921,0.317,0.009,0.762,10.741,1.000,0.000,0.0000
769.790,-96.992,-16.810,0.317,0.009,0.762,10.741,1.000,0.000,0.0000
769.800,-96.992,-16.699,0.317,0.009,0.762,10.741,1.000,0.000,0.0000
769.810,-96.991,-16.588,0.317,0.009,0.762,10.741,1.000,0.000,0.0000
769.820,-96.991,-16.477,0.317,0.009,0.762,10.741,1.000,0.000,0.0000
769.830,-96.991,-16.366,0.317,0.009,0.762,10.741,1.000,0.000,0.0000
769.840,-96.991,-16.254,0.317,0.009,0.762,10.741,1.000,0.000,0.0000
769.850,-96.991,-16.143,0.317,0.009,0.762,10.741,1.000,0.000,0.0000
769.860,-96.991,-16.032,0.317,0.009,0.761,10.741,1.000,0.000,0.0000
769.870,-96.991,-15.921,0.317,0.009,0.761,10.741,1.000,0.000,0.0000
769.880,-96.991,-15.810,0.317,0.009,0.761,10.741,1.000,0.000,0.0000
769.890,-96.991,-15.699,0.317,0.009,0.761,10.741,1.000,0.000,0.0000
769.900,-96.991,-15.588,0.317,0.009,0.761,10.741,1.000,0.000,0.0000
769.910,-96.991,-15.477,0.317,0.009,0.761,10.741,1.000,0.000,0.0000
769.920,-96.990,-15.366,0.317,0.009,0.761,10.741,1.000,0.000,0.0000
769.930,-96.990,-15.255,0.317,0.009,0.761,10.741,1.000,0.000,0.0000
769.940,-96.990,-15.143,0.317,0.009,0.761,10.741,1.000,0.000,0.0000
769.950,-96.990,-15.032,0.317,0.009,0.761,10.741,1.000,0.000,0.0000
769.960,-96.990,-14.921,0.317,0.009,0.761,10.741,1.000,0.000,0.0000
769.970,-96.990,-14.810,0.317,0.009,0.760,10.741,1.000,0.000,0.0000
769.980,-96.990,-14.699,0.317,0.009,0.760,10.741,1.000,0.000,0.0000
769.990,-96.990,-14.588,0.317,0.009,0.760,10.741,1.000,0.000,0.0000
770.000,-96.990,-14.477,0.317,0.009,0.760,10.741,1.000,0.000,0.0000
770.010,-96.990,-14.366,0.317,0.009,0.760,10.741,1.000,0.000,0.0000
770.020,-96.990,-14.255,0.317,0.009,0.760,10.741,1.000,0.000,0.0000
770.030,-96.989,-14.144,0.317,0.009,0.760,10.741,1.000,0.000,0.0000
770.040,-96.989,-14.032,0.317,0.009,0.760,10.741,1.000,0.000,0.0000
770.050,-96.989,-13.921,0.317,0.009,0.760,10.741,1.000,0.000,0.0000
770.060,-96.989,-13.810,0.317,0.009,0.760,10.741,1.000,0.000,0.0000
770.070,-96.989,-13.699,0.317,0.009,0.760,10.741,1.000,0.000,0.0000
770.080,-96.989,-13.588,0.317,0.009,0.760,10.741,1.000,0.000,0.0000
770.090,-96.989,-13.477,0.317,0.009,0.759,10.741,1.000,0.000,0.0000
770.100,-96.989,-13.366,0.317,0.009,0.759,10.741,1.000,0.000,0.0000
770.110,-96.989,-13.255,0.317,0.009,0.759,10.741,1.000,0.000,0.0000
770.120,-96.989,-13.144,0.317,0.009,0.759,10.741,1.000,0.000,0.0000
770.130,-96.989,-13.033,0.317,0.009,0.759,10.741,1.000,0.000,0.0000
770.140,-96.988,-12.921,0.317,0.009,0.759,10.741,1.000,0.000,0.0000
770.150,-96.988,-12.810,0.317,0.009,0.759,10.741,1.000,0.000,0.0000
770.160,-96.988,-12.699,0.317,0.009,0.759,10.741,1.000,0.000,0.0000
770.170,-96.988,-12.588,0.317,0.009,0.759,10.741,1.000,0.000,0.0000
770.180,-96.988,-12.477,0.317,0.009,0.759,10.741,1.000,0.000,0.0000
770.190,-96.988,-12.366,0.317,0.009,0.759,10.741,1.000,0.000,0.0000
770.200,-96.988,-12.255,0.317,0.009,0.758,10.741,1.000,0.000,0.0000
770.210,-96.988,-12.144,0.317,0.009,0.758,10.741,1.000,0.000,0.0000
770.220,-96.988,-12.033,0.317,0.009,0.758,10.741,1.000,0.000,0.0000
770.230,-96.988,-11.922,0.317,0.009,0.758,10.741,1.000,0.000,0.0000
770.240,-96.988,-11.810,0.317,0.009,0.758,10.741,1.000,0.000,0.0000
770.250,-96.988,-11.699,0.317,0.009,0.758,10.741,1.000,0.000,0.0000
770.260,-96.987,-11.588,0.317,0.009,0.758,10.741,1.000,0.000,0.0000
770.270,-96.987,-11.477,0.317,0.009,0.758,10.741,1.000,0.000,0.0000
770.280,-96.987,-11.366,0.317,0.009,0.758,10.741,1.000,0.000,0.0000
770.290,-96.987,-11.255,0.317,0.009,0.758,10.741,1.000,0.000,0.0000
770.300,-96.987,-11.144,0.317,0.009,0.758,10.741,1.000,0.000,0.0000
770.310,-96.987,-11.033,0.317,0.009,0.757,10.741,1.000,0.000,0.0000
770.320,-96.987,-10.922,0.317,0.009,0.757,10.741,1.000,0.000,0.0000
770.330,-96.987,-10.811,0.317,0.009,0.757,10.741,1.000,0.000,0.0000
770.340,-96.987,-10.699,0.317,0.009,0.757,10.740,1.000,0.000,0.0000
770.350,-96.987,-10.588,0.317,0.009,0.757,10.740,1.000,0.000,0.0000
770.360,-96.987,-10.477,0.317,0.009,0.757,10.740,1.000,0.000,0.0000
770.370,-96.986,-10.366,0.317,0.009,0.757,10.740,1.000,0.000,0.0000
770.380,-96.986,-10.255,0.317,0.009,0.757,10.740,1.000,0.000,0.0000
770.390,-96.986,-10.144,0.317,0.009,0.757,10.740,1.000,0.000,0.0000
770.400,-96.986,-10.033,0.317,0.009,0.757,10.740,1.000,0.000,0.0000
770.410,-96.986,-9.922,0.317,0.009,0.757,10.740,1.000,0.000,0.0000
770.420,-96.986,-9.811,0.317,0.009,0.756,10.740,1.000,0.000,0.0000
770.430,-96.986,-9.700,0.317,0.009,0.756,10.740,1.000,0.000,0.0000
770.440,-96.986,-9.588,0.317,0.009,0.756,10.740,1.000,0.000,0.0000
770.450,-96.986,-9.477,0.317,0.009,0.756,10.740,1.000,0.000,0.0000
770.460,-96.986,-9.366,0.317,0.009,0.756,10.740,1.000,0.000,0.0000
770.470,-96.986,-9.255,0.317,0.009,0.756,10.740,1.000,0.000,0.0000
770.480,-96.985,-9.144,0.317,0.009,0.756,10.740,1.000,0.000,0.0000
770.490,-96.985,-9.033,0.317,0.009,0.756,10.740,1.000,0.000,0.0000
770.500,-96.985,-8.922,0.317,0.009,0.756,10.740,1.000,0.000,0.0000
770.510,-96.985,-8.811,0.317,0.009,0.756,10.740,1.000,0.000,0.0000
770.520,-96.985,-8.700,0.317,0.009,0.756,10.740,1.000,0.000,0.0000
770.530,-96.985,-8.589,0.317,0.009,0.756,10.740,1.000,0.000,0.0000
770.540,-96.985,-8.478,0.317,0.009,0.755,10.740,1.000,0.000,0.0000
770.550,-96.985,-8.366,0.317,0.009,0.755,10.740,1.000,0.000,0.0000
770.560,-96.985,-8.255,0.317,0.009,0.755,10.740,1.000,0.000,0.0000
770.570,-96.985,-8.144,0.317,0.009,0.755,10.740,1.000,0.000,0.0000
770.580,-96.985,-8.033,0.317,0.009,0.755,10.740,1.000,0.000,0.0000
770.590,-96.985,-7.922,0.317,0.009,0.755,10.740,1.000,0.000,0.0000
770.600,-96.984,-7.811,0.317,0.009,0.755,10.740,1.000,0.000,0.0000
770.610,-96.984,-7.700,0.317,0.009,0.755,10.740,1.000,0.000,0.0000
770.620,-96.984,-7.589,0.317,0.009,0.755,10.740,1.000,0.000,0.0000
770.630,-96.984,-7.478,0.317,0.009,0.755,10.740,1.000,0.000,0.0000
770.640,-96.984,-7.367,0.317,0.009,0.755,10.740,1.000,0.000,0.0000
770.650,-96.984,-7.255,0.317,0.009,0.754,10.740,1.000,0.000,0.0000
770.660,-96.984,-7.144,0.317,0.009,0.754,10.740,1.000,0.000,0.0000
770.670,-96.984,-7.033,0.317,0.009,0.754,10.740,1.000,0.000,0.0000
770.680,-96.984,-6.922,0.317,0.009,0.754,10.740,1.000,0.000,0.0000
770.690,-96.984,-6.811,0.317,0.009,0.754,10.740,1.000,0.000,0.0000
770.700,-96.984,-6.700,0.317,0.009,0.754,10.740,1.000,0.000,0.0000
770.710,-96.983,-6.589,0.317,0.009,0.754,10.740,1.000,0.000,0.0000
770.720,-96.983,-6.478,0.317,0.009,0.754,10.740,1.000,0.000,0.0000
770.730,-96.983,-6.367,0.317,0.009,0.754,10.740,1.000,0.000,0.0000
770.740,-96.983,-6.256,0.317,0.009,0.754,10.740,1.000,0.000,0.0000
770.750,-96.983,-6.144,0.317,0.009,0.754,10.740,1.000,0.000,0.0000
770.760,-96.983,-6.033,0.317,0.009,0.753,10.740,1.000,0.000,0.0000
770.770,-96.983,-5.922,0.317,0.009,0.753,10.740,1.000,0.000,0.0000
770.780,-96.983,-5.811,0.317,0.009,0.753,10.740,1.000,0.000,0.0000
770.790,-96.983,-5.700,0.317,0.009,0.753,10.740,1.000,0.000,0.0000
770.800,-96.983,-5.589,0.317,0.009,0.753,10.740,1.000,0.000,0.0000
770.810,-96.983,-5.478,0.317,0.009,0.753,10.740,1.000,0.000,0.0000
770.820,-96.982,-5.367,0.317,0.009,0.753,10.740,1.000,0.000,0.0000
770.830,-96.982,-5.256,0.317,0.009,0.753,10.740,1.000,0.000,0.0000
770.840,-96.982,-5.145,0.317,0.009,0.753,10.740,1.000,0.000,0.0000
770.850,-96.982,-5.033,0.317,0.009,0.753,10.740,0.940,0.000,0.0000
770.860,-96.982,-4.922,0.317,0.010,0.753,10.740,0.880,0.000,0.0000
770.870,-96.982,-4.812,0.317,0.014,0.753,10.740,0.820,0.000,0.0000
770.880,-96.982,-4.701,0.317,0.020,0.752,10.740,0.760,0.000,0.0000
770.890,-96.982,-4.591,0.318,0.028,0.752,10.739,0.700,0.000,0.0000
770.900,-96.982,-4.482,0.318,0.036,0.752,10.739,0.640,0.000,0.0000
770.910,-96.982,-4.373,0.318,0.042,0.752,10.739,0.580,0.000,0.0000
770.920,-96.982,-4.264,0.319,0.048,0.752,10.738,0.520,0.000,0.0000
770.930,-96.982,-4.156,0.319,0.052,0.752,10.738,0.460,0.000,0.0000
770.940,-96.981,-4.048,0.320,0.055,0.752,10.737,0.400,0.000,0.0000
770.950,-96.981,-3.940,0.320,0.057,0.752,10.737,0.340,0.000,0.0000
770.960,-96.981,-3.833,0.321,0.058,0.752,10.736,0.280,0.000,0.0000
770.970,-96.981,-3.726,0.321,0.058,0.752,10.735,0.220,0.000,0.0000
770.980,-96.981,-3.620,0.322,0.057,0.752,10.735,0.160,0.000,0.0000
770.990,-96.981,-3.514,0.323,0.055,0.752,10.734,0.100,0.000,0.0000
771.000,-96.981,-3.409,0.323,0.053,0.752,10.734,0.040,0.000,0.0000
771.010,-96.981,-3.303,0.324,0.050,0.752,10.733,0.000,0.000,0.0000
771.020,-96.981,-3.199,0.324,0.047,0.752,10.733,0.000,0.000,0.0000
771.030,-96.981,-3.094,0.325,0.044,0.751,10.732,0.000,0.000,0.0000
771.040,-96.981,-2.990,0.325,0.040,0.751,10.732,0.000,0.000,0.0000
771.050,-96.981,-2.887,0.325,0.036,0.751,10.732,0.000,0.000,0.0000
771.060,-96.980,-2.784,0.326,0.031,0.751,10.731,0.000,0.000,0.0000
771.070,-96.980,-2.681,0.326,0.027,0.751,10.731,0.000,0.000,0.0000
771.080,-96.980,-2.579,0.326,0.022,0.751,10.731,0.000,0.000,0.0000
771.090,-96.980,-2.477,0.326,0.018,0.751,10.731,0.000,0.000,0.0000
771.100,-96.980,-2.376,0.326,0.014,0.751,10.731,0.000,0.000,0.0000
771.110,-96.980,-2.274,0.326,0.011,0.751,10.730,0.000,0.000,0.0000
771.120,-96.980,-2.174,0.326,0.009,0.751,10.730,0.000,0.000,0.0000
771.130,-96.980,-2.074,0.326,0.008,0.751,10.730,0.000,0.000,0.0000
771.140,-96.980,-1.974,0.326,0.009,0.751,10.730,0.000,0.000,0.0000
771.150,-96.980,-1.874,0.326,0.011,0.751,10.731,0.000,0.000,0.0000
771.160,-96.980,-1.775,0.326,0.013,0.750,10.731,0.000,0.000,0.0000
771.170,-96.980,-1.677,0.326,0.015,0.750,10.731,0.000,0.000,0.0000
771.180,-96.979,-1.578,0.326,0.017,0.750,10.731,0.000,0.000,0.0000
771.190,-96.979,-1.481,0.326,0.019,0.750,10.731,0.000,0.000,0.0000
771.200,-96.979,-1.383,0.326,0.020,0.750,10.731,0.000,0.000,0.0000
771.210,-96.979,-1.286,0.325,0.021,0.750,10.731,0.000,0.000,0.0000
771.220,-96.979,-1.189,0.325,0.022,0.750,10.732,0.000,0.000,0.0000
771.230,-96.979,-1.093,0.325,0.022,0.750,10.732,0.000,0.000,0.0000
771.240,-96.979,-0.997,0.325,0.022,0.750,10.732,0.000,0.000,0.0000
771.250,-96.979,-0.902,0.324,0.022,0.750,10.732,0.000,0.000,0.0000
771.260,-96.979,-0.807,0.324,0.022,0.750,10.732,0.000,0.000,0.0000
771.270,-96.979,-0.712,0.324,0.021,0.750,10.733,0.000,0.000,0.0000
771.280,-96.979,-0.618,0.324,0.020,0.749,10.733,0.000,0.000,0.0000
771.290,-96.979,-0.524,0.324,0.019,0.749,10.733,0.000,0.000,0.0000
771.300,-96.979,-0.430,0.324,0.017,0.749,10.733,0.000,0.000,0.0000
771.310,-96.978,-0.337,0.323,0.016,0.749,10.733,0.000,0.000,0.0000
771.320,-96.978,-0.245,0.323,0.015,0.749,10.733,0.000,0.000,0.0000
771.330,-96.978,-0.152,0.323,0.013,0.749,10.733,0.000,0.000,0.0000
771.340,-96.978,-0.060,0.323,0.012,0.749,10.734,0.000,0.000,0.0000
771.350,-96.978,0.031,0.323,0.010,0.749,10.734,0.000,0.000,0.0000
771.360,-96.978,0.122,0.323,0.009,0.749,10.734,0.000,0.000,0.0000
771.370,-96.978,0.213,0.323,0.008,0.749,10.734,0.000,0.000,0.0000
771.380,-96.978,0.303,0.323,0.008,0.749,10.734,0.000,0.000,0.0000
771.390,-96.978,0.393,0.323,0.007,0.749,10.734,0.000,0.000,0.0000
771.400,-96.978,0.483,0.323,0.007,0.749,10.734,0.000,0.000,0.0000
771.410,-96.978,0.572,0.323,0.007,0.748,10.734,0.000,0.000,0.0000
771.420,-96.978,0.661,0.323,0.008,0.748,10.734,0.000,0.000,0.0000
771.430,-96.978,0.749,0.323,0.008,0.748,10.734,0.000,0.000,0.0000
771.440,-96.978,0.837,0.323,0.009,0.748,10.734,0.000,0.000,0.0000
771.450,-96.977,0.925,0.323,0.009,0.748,10.734,0.040,0.000,0.0000
771.460,-96.977,1.012,0.323,0.010,0.748,10.733,0.080,0.000,0.0000
771.470,-96.977,1.099,0.323,0.010,0.748,10.733,0.120,0.000,0.0000
771.480,-96.977,1.185,0.323,0.010,0.748,10.733,0.160,0.000,0.0000
771.490,-96.977,1.271,0.323,0.010,0.748,10.733,0.200,0.000,0.0000
771.500,-96.977,1.357,0.323,0.010,0.748,10.733,0.240,0.000,0.0000
771.510,-96.977,1.442,0.324,0.010,0.748,10.733,0.280,0.000,0.0000
771.520,-96.977,1.527,0.324,0.010,0.748,10.733,0.320,0.000,0.0000
771.530,-96.977,1.611,0.324,0.010,0.748,10.733,0.360,0.000,0.0000
771.540,-96.977,1.695,0.324,0.010,0.748,10.733,0.400,0.000,0.0000
771.550,-96.977,1.779,0.324,0.009,0.748,10.733,0.440,0.000,0.0000
771.560,-96.977,1.862,0.324,0.009,0.747,10.733,0.480,0.000,0.0000
771.570,-96.977,1.945,0.324,0.009,0.747,10.733,0.520,0.000,0.0000
771.580,-96.977,2.027,0.324,0.008,0.747,10.733,0.560,0.000,0.0000
771.590,-96.977,2.109,0.324,0.008,0.747,10.732,0.600,0.000,0.0000
771.600,-96.976,2.191,0.324,0.008,0.747,10.732,0.540,0.000,0.0000
771.610,-96.976,2.272,0.324,0.007,0.747,10.732,0.480,0.000,0.0000
771.620,-96.976,2.353,0.324,0.007,0.747,10.732,0.420,0.000,0.0000
771.630,-96.976,2.433,0.324,0.007,0.747,10.732,0.360,0.000,0.0000
771.640,-96.976,2.513,0.324,0.006,0.747,10.732,0.300,0.000,0.0000
771.650,-96.976,2.593,0.324,0.006,0.747,10.732,0.240,0.000,0.0000
771.660,-96.976,2.672,0.324,0.006,0.747,10.732,0.180,0.000,0.0000
771.670,-96.976,2.751,0.324,0.006,0.747,10.732,0.120,0.000,0.0000
771.680,-96.976,2.829,0.324,0.006,0.747,10.732,0.060,0.000,0.0000
771.690,-96.976,2.907,0.324,0.006,0.747,10.732,0.000,0.000,0.0000
771.700,-96.976,2.985,0.324,0.006,0.747,10.732,0.000,0.000,0.0000
771.710,-96.976,3.062,0.324,0.006,0.747,10.732,0.000,0.000,0.0000
771.720,-96.976,3.139,0.324,0.007,0.746,10.732,0.000,0.000,0.0000
771.730,-96.976,3.216,0.324,0.007,0.746,10.732,0.000,0.000,0.0000
771.740,-96.976,3.292,0.324,0.007,0.746,10.732,0.000,0.000,0.0000
771.750,-96.976,3.367,0.324,0.007,0.746,10.732,0.000,0.000,0.0000
771.760,-96.975,3.443,0.324,0.007,0.746,10.732,0.000,0.000,0.0080
771.770,-96.975,3.517,0.324,0.007,0.746,10.732,0.000,0.000,0.0160
771.780,-96.975,3.592,0.324,0.008,0.746,10.732,0.000,0.000,0.0240
771.790,-96.975,3.666,0.324,0.008,0.746,10.733,0.000,0.000,0.0320
771.800,-96.975,3.740,0.324,0.009,0.746,10.733,0.000,0.000,0.0400
771.810,-96.975,3.813,0.324,0.010,0.746,10.733,0.000,0.000,0.0480
771.820,-96.975,3.886,0.324,0.012,0.746,10.733,0.000,0.000,0.0560
771.830,-96.975,3.958,0.324,0.014,0.746,10.733,0.000,0.000,0.0640
771.840,-96.975,4.030,0.324,0.017,0.745,10.733,0.000,0.000,0.0720
771.850,-96.974,4.102,0.324,0.020,0.745,10.733,0.000,0.000,0.0800
771.860,-96.974,4.173,0.324,0.024,0.745,10.733,0.000,0.000,0.0880
771.870,-96.974,4.244,0.324,0.029,0.745,10.733,0.000,0.000,0.0960
771.880,-96.974,4.315,0.324,0.035,0.744,10.733,0.000,0.000,0.1040
771.890,-96.973,4.385,0.324,0.042,0.744,10.732,0.000,0.000,0.1120
771.900,-96.973,4.454,0.324,0.049,0.743,10.732,0.000,0.000,0.1200
771.910,-96.972,4.524,0.324,0.057,0.743,10.732,0.000,0.000,0.1280
771.920,-96.971,4.592,0.324,0.065,0.742,10.732,0.000,0.000,0.1360
771.930,-96.971,4.661,0.324,0.075,0.741,10.732,0.000,0.000,0.1440
771.940,-96.970,4.729,0.324,0.085,0.741,10.732,0.000,0.000,0.1520
771.950,-96.969,4.796,0.324,0.096,0.740,10.732,0.000,0.000,0.1600
771.960,-96.968,4.864,0.324,0.108,0.739,10.732,0.000,0.000,0.1680
771.970,-96.967,4.930,0.324,0.120,0.737,10.732,0.000,0.000,0.1760
771.980,-96.965,4.996,0.324,0.133,0.736,10.731,0.000,0.000,0.1840
771.990,-96.964,5.062,0.324,0.145,0.735,10.731,0.000,0.000,0.1540
772.000,-96.962,5.128,0.324,0.158,0.733,10.731,0.000,0.000,0.1240
772.010,-96.961,5.193,0.324,0.171,0.731,10.731,0.000,0.000,0.0940
772.020,-96.959,5.257,0.324,0.184,0.729,10.731,0.000,0.000,0.0640
772.030,-96.957,5.321,0.324,0.196,0.728,10.730,0.000,0.000,0.0340
772.040,-96.955,5.385,0.324,0.207,0.725,10.730,0.000,0.000,0.0040
772.050,-96.953,5.448,0.324,0.215,0.723,10.730,0.000,0.000,0.0000
772.060,-96.950,5.510,0.325,0.225,0.721,10.730,0.000,0.000,0.0000
772.070,-96.948,5.573,0.325,0.235,0.719,10.729,0.000,0.000,0.0000
772.080,-96.945,5.634,0.325,0.244,0.716,10.729,0.000,0.000,0.0000
772.090,-96.943,5.696,0.325,0.252,0.714,10.729,0.000,0.000,0.0000
772.100,-96.940,5.757,0.325,0.259,0.711,10.729,0.000,0.000,0.0000
772.110,-96.938,5.818,0.325,0.265,0.709,10.728,0.000,0.000,0.0000
772.120,-96.935,5.878,0.325,0.272,0.706,10.728,0.000,0.000,0.0000
772.130,-96.932,5.939,0.324,0.278,0.703,10.728,0.000,0.000,0.0000
772.140,-96.929,5.999,0.324,0.282,0.700,10.728,0.000,0.000,0.0000
772.150,-96.927,6.058,0.324,0.285,0.697,10.728,0.000,0.000,0.0000
772.160,-96.924,6.118,0.324,0.287,0.695,10.728,0.000,0.000,0.0000
772.170,-96.921,6.177,0.324,0.289,0.692,10.728,0.000,0.000,0.0000
772.180,-96.918,6.235,0.324,0.290,0.689,10.728,0.000,0.000,0.0000
772.190,-96.915,6.293,0.324,0.291,0.686,10.727,0.000,0.000,0.0000
772.200,-96.912,6.351,0.323,0.291,0.683,10.727,0.000,0.000,0.0000
772.210,-96.909,6.408,0.323,0.292,0.680,10.727,0.000,0.000,0.0000
772.220,-96.906,6.465,0.323,0.291,0.677,10.727,0.000,0.000,0.0000
772.230,-96.903,6.522,0.323,0.291,0.674,10.727,0.000,0.000,0.0000
772.240,-96.900,6.578,0.323,0.289,0.671,10.727,0.000,0.000,0.0000
772.250,-96.898,6.634,0.323,0.289,0.668,10.727,0.000,0.000,0.0000
772.260,-96.895,6.690,0.323,0.288,0.666,10.726,0.000,0.000,0.0000
772.270,-96.892,6.745,0.323,0.287,0.663,10.726,0.000,0.000,0.0000
772.280,-96.889,6.800,0.323,0.285,0.660,10.726,0.000,0.000,0.0000
772.290,-96.886,6.854,0.323,0.282,0.657,10.726,0.000,0.000,0.0000
772.300,-96.883,6.908,0.323,0.279,0.654,10.726,0.000,0.000,0.0000
772.310,-96.881,6.962,0.323,0.275,0.651,10.726,0.000,0.000,0.0000
772.320,-96.878,7.015,0.323,0.271,0.649,10.725,0.000,0.000,0.0000
772.330,-96.875,7.068,0.323,0.268,0.646,10.725,0.000,0.000,0.0000
772.340,-96.873,7.120,0.323,0.265,0.643,10.725,0.000,0.000,0.0000
772.350,-96.870,7.172,0.323,0.261,0.641,10.724,0.040,0.000,0.0000
772.360,-96.867,7.223,0.323,0.257,0.638,10.724,0.080,0.000,0.0000
772.370,-96.865,7.274,0.323,0.253,0.636,10.724,0.120,0.000,0.0000
772.380,-96.862,7.325,0.323,0.249,0.633,10.723,0.160,0.000,0.0000
772.390,-96.860,7.375,0.324,0.245,0.631,10.723,0.200,0.000,0.0000
772.400,-96.858,7.425,0.324,0.241,0.628,10.723,0.240,0.000,0.0000
772.410,-96.855,7.474,0.324,0.237,0.626,10.722,0.280,0.000,0.0000
772.420,-96.853,7.523,0.324,0.234,0.624,10.722,0.320,0.000,0.0000
772.430,-96.851,7.572,0.324,0.231,0.621,10.722,0.360,0.000,0.0000
772.440,-96.848,7.620,0.324,0.228,0.619,10.722,0.400,0.000,0.0000
772.450,-96.846,7.668,0.324,0.225,0.617,10.721,0.440,0.000,0.0000
772.460,-96.844,7.716,0.324,0.224,0.615,10.721,0.480,0.000,0.0000
772.470,-96.842,7.764,0.324,0.225,0.612,10.721,0.520,0.000,0.0000
772.480,-96.839,7.812,0.324,0.228,0.610,10.721,0.560,0.000,0.0000
772.490,-96.837,7.860,0.323,0.234,0.608,10.722,0.600,0.000,0.0000
772.500,-96.835,7.909,0.322,0.241,0.606,10.722,0.640,0.000,0.0000
772.510,-96.832,7.959,0.322,0.248,0.603,10.723,0.680,0.000,0.0000
772.520,-96.830,8.008,0.321,0.255,0.601,10.724,0.720,0.000,0.0000
772.530,-96.828,8.059,0.320,0.262,0.598,10.724,0.760,0.000,0.0000
772.540,-96.825,8.109,0.319,0.268,0.596,10.725,0.800,0.000,0.0000
772.550,-96.823,8.160,0.317,0.274,0.593,10.726,0.840,0.000,0.0000
772.560,-96.820,8.211,0.316,0.279,0.591,10.727,0.880,0.000,0.0000
772.570,-96.818,8.263,0.315,0.283,0.588,10.728,0.920,0.000,0.0000
772.580,-96.815,8.315,0.314,0.286,0.585,10.729,0.960,0.000,0.0000
772.590,-96.812,8.368,0.313,0.289,0.583,10.730,1.000,0.000,0.0000
772.600,-96.810,8.421,0.312,0.291,0.580,10.731,1.000,0.000,0.0000
772.610,-96.807,8.474,0.311,0.293,0.577,10.732,1.000,0.000,0.0080
772.620,-96.804,8.528,0.310,0.295,0.574,10.732,1.000,0.000,0.0160
772.630,-96.801,8.582,0.309,0.297,0.571,10.733,1.000,0.000,0.0240
772.640,-96.798,8.637,0.308,0.300,0.569,10.734,0.940,0.000,0.0320
772.650,-96.795,8.692,0.307,0.300,0.566,10.734,0.880,0.000,0.0400
772.660,-96.792,8.747,0.307,0.300,0.563,10.735,0.820,0.000,0.0480
772.670,-96.789,8.803,0.306,0.299,0.560,10.735,0.760,0.000,0.0560
772.680,-96.786,8.859,0.306,0.301,0.557,10.735,0.700,0.000,0.0640
772.690,-96.783,8.915,0.306,0.304,0.554,10.735,0.640,0.000,0.0720
772.700,-96.780,8.971,0.306,0.308,0.551,10.735,0.580,0.000,0.0800
772.710,-96.777,9.028,0.306,0.312,0.547,10.734,0.520,0.000,0.0880
772.720,-96.774,9.085,0.306,0.312,0.544,10.734,0.460,0.000,0.0960
772.730,-96.771,9.142,0.306,0.315,0.541,10.734,0.400,0.000,0.1040
772.740,-96.768,9.199,0.306,0.320,0.538,10.733,0.340,0.000,0.1120
772.750,-96.765,9.256,0.307,0.326,0.535,10.732,0.280,0.000,0.1200
772.760,-96.761,9.312,0.308,0.333,0.532,10.731,0.220,0.000,0.1280
772.770,-96.758,9.368,0.309,0.340,0.528,10.730,0.160,0.000,0.1360
772.780,-96.755,9.423,0.310,0.348,0.525,10.729,0.100,0.000,0.1440
772.790,-96.752,9.478,0.311,0.355,0.522,10.727,0.040,0.000,0.1520
772.800,-96.748,9.533,0.313,0.362,0.519,10.725,0.000,0.000,0.1600
772.810,-96.745,9.587,0.314,0.369,0.515,10.724,0.000,0.000,0.1680
772.820,-96.741,9.641,0.316,0.374,0.512,10.722,0.000,0.000,0.1760
772.830,-96.738,9.694,0.317,0.387,0.508,10.720,0.000,0.000,0.1840
772.840,-96.734,9.748,0.319,0.394,0.505,10.719,0.000,0.000,0.1920
772.850,-96.730,9.801,0.320,0.398,0.501,10.717,0.000,0.000,0.2000
772.860,-96.727,9.853,0.321,0.400,0.498,10.715,0.000,0.000,0.2080
772.870,-96.723,9.905,0.322,0.401,0.494,10.714,0.000,0.000,0.2160
772.880,-96.719,9.957,0.324,0.403,0.490,10.712,0.000,0.000,0.2240
772.890,-96.715,10.008,0.325,0.405,0.486,10.711,0.000,0.000,0.2320
772.900,-96.711,10.060,0.326,0.410,0.482,10.710,0.000,0.000,0.2400
772.910,-96.707,10.110,0.327,0.416,0.478,10.709,0.000,0.000,0.2480
772.920,-96.703,10.161,0.327,0.423,0.474,10.708,0.000,0.000,0.2560
772.930,-96.699,10.210,0.328,0.432,0.470,10.707,0.000,0.000,0.2640
772.940,-96.694,10.260,0.329,0.442,0.466,10.706,0.000,0.000,0.2720
772.950,-96.690,10.309,0.329,0.455,0.461,10.705,0.000,0.000,0.2800
772.960,-96.685,10.358,0.329,0.470,0.457,10.705,0.000,0.000,0.2880
772.970,-96.680,10.406,0.329,0.484,0.452,10.704,0.000,0.000,0.2960
772.980,-96.675,10.454,0.330,0.498,0.447,10.704,0.000,0.000,0.3040
772.990,-96.670,10.501,0.330,0.511,0.442,10.703,0.000,0.000,0.3120
773.000,-96.665,10.548,0.330,0.524,0.437,10.703,0.000,0.000,0.3200
773.010,-96.659,10.594,0.330,0.537,0.431,10.703,0.000,0.000,0.3280
773.020,-96.654,10.639,0.330,0.551,0.426,10.702,0.000,0.000,0.3360
773.030,-96.648,10.684,0.330,0.564,0.420,10.702,0.000,0.000,0.3440
773.040,-96.642,10.728,0.330,0.578,0.414,10.702,0.000,0.000,0.3520
773.050,-96.637,10.772,0.330,0.593,0.408,10.701,0.000,0.000,0.3600
773.060,-96.630,10.815,0.329,0.607,0.402,10.701,0.000,0.000,0.3680
773.070,-96.624,10.857,0.329,0.619,0.396,10.701,0.000,0.000,0.3760
773.080,-96.618,10.899,0.329,0.630,0.390,10.701,0.000,0.000,0.3840
773.090,-96.612,10.940,0.329,0.640,0.384,10.701,0.040,0.000,0.3920
773.100,-96.605,10.980,0.329,0.650,0.377,10.700,0.080,0.000,0.4000
773.110,-96.599,11.020,0.329,0.653,0.371,10.700,0.120,0.000,0.4080
773.120,-96.592,11.059,0.328,0.658,0.364,10.700,0.160,0.000,0.4160
773.130,-96.585,11.098,0.328,0.663,0.357,10.700,0.200,0.000,0.4240
773.140,-96.579,11.136,0.328,0.670,0.351,10.700,0.140,0.000,0.4320
773.150,-96.572,11.173,0.328,0.676,0.344,10.700,0.080,0.000,0.4400
773.160,-96.565,11.210,0.327,0.683,0.337,10.699,0.020,0.000,0.4480
773.170,-96.558,11.247,0.327,0.689,0.330,10.699,0.000,0.000,0.4560
773.180,-96.551,11.283,0.327,0.695,0.323,10.699,0.000,0.000,0.4640
773.190,-96.544,11.318,0.327,0.700,0.316,10.699,0.000,0.000,0.4720
773.200,-96.537,11.353,0.326,0.705,0.309,10.699,0.000,0.000,0.4800
773.210,-96.530,11.387,0.326,0.710,0.302,10.699,0.000,0.000,0.4880
773.220,-96.523,11.421,0.326,0.715,0.295,10.699,0.000,0.000,0.4960
773.230,-96.516,11.455,0.326,0.705,0.288,10.699,0.000,0.000,0.5000
773.240,-96.509,11.488,0.325,0.718,0.281,10.699,0.000,0.000,0.5000
773.250,-96.501,11.520,0.325,0.727,0.274,10.699,0.000,0.000,0.5000
773.260,-96.494,11.552,0.325,0.719,0.267,10.699,0.000,0.000,0.5000
773.270,-96.487,11.584,0.325,0.733,0.259,10.699,0.000,0.000,0.5000
773.280,-96.480,11.615,0.324,0.742,0.252,10.698,0.000,0.000,0.5000
773.290,-96.472,11.646,0.324,0.749,0.244,10.698,0.000,0.000,0.5000
773.300,-96.465,11.676,0.324,0.755,0.237,10.698,0.000,0.000,0.5000
773.310,-96.457,11.706,0.323,0.760,0.229,10.698,0.000,0.000,0.5000
773.320,-96.449,11.736,0.323,0.764,0.222,10.698,0.000,0.000,0.5000
773.330,-96.442,11.765,0.323,0.767,0.214,10.698,0.000,0.000,0.5000
773.340,-96.434,11.793,0.323,0.771,0.207,10.698,0.000,0.000,0.5000
773.350,-96.426,11.822,0.323,0.775,0.199,10.698,0.000,0.000,0.5000
773.360,-96.418,11.850,0.323,0.779,0.191,10.697,0.000,0.000,0.5000
773.370,-96.411,11.877,0.323,0.783,0.183,10.697,0.000,0.000,0.5000
773.380,-96.403,11.904,0.322,0.785,0.176,10.697,0.000,0.000,0.5000
773.390,-96.395,11.931,0.322,0.787,0.168,10.697,0.000,0.000,0.5000
773.400,-96.387,11.957,0.322,0.789,0.160,10.697,0.000,0.000,0.5000
773.410,-96.379,11.984,0.322,0.791,0.152,10.696,0.000,0.000,0.5000
773.420,-96.371,12.009,0.322,0.792,0.145,10.696,0.000,0.000,0.5000
773.430,-96.363,12.035,0.322,0.793,0.137,10.696,0.000,0.000,0.5000
773.440,-96.355,12.060,0.322,0.793,0.129,10.696,0.000,0.000,0.5000
773.450,-96.347,12.085,0.322,0.793,0.122,10.696,0.000,0.000,0.5000
773.460,-96.339,12.110,0.322,0.793,0.114,10.695,0.000,0.000,0.5000
773.470,-96.331,12.134,0.322,0.792,0.106,10.695,0.000,0.000,0.5000
773.480,-96.324,12.158,0.322,0.792,0.099,10.695,0.000,0.000,0.5000
773.490,-96.316,12.181,0.322,0.791,0.091,10.695,0.000,0.000,0.5000
773.500,-96.308,12.205,0.322,0.790,0.084,10.694,0.000,0.000,0.5000
773.510,-96.300,12.228,0.322,0.788,0.077,10.694,0.000,0.000,0.5000
773.520,-96.292,12.250,0.322,0.786,0.070,10.694,0.000,0.000,0.5000
773.530,-96.284,12.272,0.322,0.783,0.063,10.694,0.000,0.000,0.5000
773.540,-96.276,12.294,0.322,0.780,0.057,10.693,0.000,0.000,0.5000
773.550,-96.269,12.316,0.322,0.777,0.050,10.693,0.000,0.000,0.5000
773.560,-96.261,12.337,0.323,0.773,0.045,10.693,0.000,0.000,0.5000
773.570,-96.253,12.358,0.323,0.769,0.040,10.692,0.000,0.000,0.5000
773.580,-96.246,12.378,0.323,0.765,0.036,10.692,0.000,0.000,0.5000
773.590,-96.238,12.398,0.323,0.760,0.034,10.692,0.000,0.000,0.5000
773.600,-96.230,12.418,0.323,0.754,0.033,10.691,0.000,0.000,0.5000
773.610,-96.223,12.438,0.323,0.749,0.034,10.691,0.000,0.000,0.5000
773.620,-96.215,12.457,0.324,0.742,0.037,10.691,0.000,0.000,0.5000
773.630,-96.208,12.475,0.324,0.736,0.040,10.690,0.000,0.000,0.5000
773.640,-96.201,12.493,0.324,0.729,0.045,10.690,0.000,0.000,0.5000
773.650,-96.194,12.511,0.324,0.721,0.050,10.690,0.000,0.000,0.5000
773.660,-96.186,12.529,0.324,0.713,0.055,10.689,0.000,0.000,0.5000
773.670,-96.179,12.546,0.324,0.705,0.061,10.689,0.000,0.000,0.5000
773.680,-96.172,12.563,0.325,0.696,0.067,10.689,0.000,0.000,0.5000
773.690,-96.166,12.579,0.325,0.687,0.073,10.689,0.000,0.000,0.5000
773.700,-96.159,12.595,0.325,0.678,0.079,10.688,0.000,0.000,0.5000
773.710,-96.152,12.610,0.325,0.668,0.085,10.688,0.000,0.000,0.5000
773.720,-96.146,12.626,0.325,0.658,0.091,10.688,0.000,0.000,0.5000
773.730,-96.139,12.640,0.325,0.648,0.097,10.688,0.000,0.000,0.5000
773.740,-96.133,12.655,0.325,0.637,0.103,10.688,0.000,0.000,0.5000
773.750,-96.126,12.669,0.325,0.626,0.109,10.688,0.000,0.000,0.5000
773.760,-96.120,12.683,0.325,0.615,0.115,10.687,0.000,0.000,0.5000
773.770,-96.114,12.696,0.325,0.603,0.121,10.687,0.000,0.000,0.5000
773.780,-96.108,12.709,0.325,0.591,0.127,10.687,0.000,0.000,0.5000
773.790,-96.103,12.722,0.325,0.579,0.132,10.687,0.000,0.000,0.5000
773.800,-96.097,12.734,0.325,0.567,0.138,10.687,0.000,0.000,0.5000
773.810,-96.091,12.746,0.325,0.554,0.143,10.687,0.000,0.000,0.5000
773.820,-96.086,12.758,0.325,0.541,0.148,10.687,0.000,0.000,0.5000
773.830,-96.081,12.769,0.325,0.528,0.153,10.687,0.000,0.000,0.5000
773.840,-96.076,12.780,0.325,0.515,0.158,10.687,0.000,0.000,0.5000
773.850,-96.071,12.790,0.325,0.502,0.163,10.687,0.000,0.000,0.5000
773.860,-96.066,12.800,0.325,0.489,0.168,10.687,0.000,0.000,0.5000
773.870,-96.061,12.810,0.325,0.475,0.173,10.687,0.000,0.000,0.5000
773.880,-96.056,12.820,0.325,0.462,0.177,10.688,0.000,0.000,0.5000
773.890,-96.052,12.829,0.324,0.448,0.182,10.688,0.000,0.000,0.5000
773.900,-96.047,12.838,0.324,0.435,0.186,10.688,0.000,0.000,0.5000
773.910,-96.043,12.847,0.324,0.421,0.190,10.688,0.000,0.000,0.5000
773.920,-96.039,12.855,0.324,0.407,0.194,10.688,0.000,0.000,0.5000
773.930,-96.035,12.863,0.324,0.392,0.198,10.688,0.000,0.000,0.5000
773.940,-96.031,12.871,0.324,0.378,0.201,10.688,0.000,0.000,0.5000
773.950,-96.028,12.878,0.324,0.363,0.205,10.688,0.000,0.000,0.5000
773.960,-96.024,12.885,0.324,0.349,0.208,10.688,0.000,0.000,0.5000
773.970,-96.021,12.892,0.323,0.334,0.212,10.689,0.000,0.000,0.5000
773.980,-96.018,12.898,0.323,0.319,0.215,10.689,0.000,0.000,0.5000
773.990,-96.015,12.904,0.323,0.304,0.218,10.689,0.000,0.000,0.5000
774.000,-96.012,12.910,0.323,0.289,0.221,10.689,0.000,0.000,0.5000
774.010,-96.009,12.915,0.323,0.274,0.223,10.689,0.000,0.000,0.5000
774.020,-96.007,12.921,0.323,0.258,0.226,10.689,0.000,0.000,0.4700
774.030,-96.004,12.925,0.323,0.241,0.228,10.689,0.000,0.000,0.4400
774.040,-96.002,12.930,0.323,0.224,0.230,10.689,0.000,0.000,0.4100
774.050,-96.000,12.934,0.323,0.207,0.232,10.689,0.000,0.000,0.3800
774.060,-95.998,12.938,0.323,0.190,0.234,10.689,0.000,0.000,0.3500
774.070,-95.996,12.942,0.323,0.173,0.236,10.689,0.000,0.000,0.3200
774.080,-95.995,12.945,0.323,0.154,0.238,10.689,0.000,0.000,0.2900
774.090,-95.993,12.948,0.323,0.135,0.239,10.689,0.000,0.000,0.2600
774.100,-95.992,12.951,0.323,0.115,0.240,10.689,0.040,0.000,0.2300
774.110,-95.991,12.954,0.323,0.105,0.241,10.689,0.080,0.000,0.2000
774.120,-95.990,12.956,0.323,0.105,0.242,10.689,0.120,0.000,0.1700
774.130,-95.989,12.959,0.323,0.113,0.243,10.689,0.160,0.000,0.1400
774.140,-95.988,12.962,0.322,0.125,0.244,10.690,0.200,0.000,0.1100
774.150,-95.986,12.965,0.322,0.138,0.246,10.690,0.240,0.000,0.0800
774.160,-95.985,12.968,0.321,0.152,0.247,10.691,0.280,0.000,0.0500
774.170,-95.984,12.972,0.321,0.166,0.248,10.691,0.320,0.000,0.0200
774.180,-95.982,12.976,0.320,0.179,0.250,10.692,0.360,0.000,0.0000
774.190,-95.980,12.980,0.319,0.195,0.252,10.693,0.400,0.000,0.0000
774.200,-95.978,12.984,0.318,0.216,0.253,10.694,0.440,0.000,0.0000
774.210,-95.976,12.989,0.317,0.240,0.256,10.695,0.480,0.000,0.0000
774.220,-95.973,12.994,0.316,0.266,0.258,10.696,0.520,0.000,0.0000
774.230,-95.971,13.000,0.315,0.292,0.260,10.697,0.560,0.000,0.0000
774.240,-95.968,13.007,0.314,0.317,0.263,10.698,0.600,0.000,0.0000
774.250,-95.965,13.013,0.313,0.340,0.266,10.699,0.640,0.000,0.0000
774.260,-95.961,13.021,0.312,0.363,0.270,10.700,0.680,0.000,0.0000
774.270,-95.957,13.028,0.311,0.385,0.273,10.701,0.720,0.000,0.0000
774.280,-95.953,13.036,0.310,0.408,0.277,10.702,0.760,0.000,0.0000
774.290,-95.949,13.045,0.309,0.430,0.281,10.703,0.800,0.000,0.0000
774.300,-95.945,13.054,0.308,0.452,0.286,10.704,0.840,0.000,0.0000
774.310,-95.940,13.064,0.307,0.474,0.290,10.705,0.880,0.000,0.0000
774.320,-95.935,13.074,0.306,0.496,0.295,10.706,0.920,0.000,0.0000
774.330,-95.930,13.084,0.306,0.517,0.300,10.706,0.960,0.000,0.0000
774.340,-95.925,13.095,0.305,0.538,0.306,10.707,1.000,0.000,0.0000
774.350,-95.919,13.106,0.305,0.558,0.311,10.707,1.000,0.000,0.0000
774.360,-95.913,13.117,0.305,0.579,0.317,10.708,1.000,0.000,0.0000
774.370,-95.907,13.129,0.304,0.599,0.323,10.708,1.000,0.000,0.0000
774.380,-95.901,13.142,0.304,0.619,0.329,10.708,1.000,0.000,0.0000
774.390,-95.895,13.155,0.304,0.640,0.335,10.708,1.000,0.000,0.0000
774.400,-95.888,13.168,0.304,0.660,0.342,10.708,1.000,0.000,0.0000
774.410,-95.881,13.181,0.304,0.682,0.349,10.708,1.000,0.000,0.0000
774.420,-95.874,13.195,0.305,0.704,0.356,10.708,1.000,0.000,0.0000
774.430,-95.867,13.209,0.305,0.724,0.363,10.708,1.000,0.000,0.0000
774.440,-95.860,13.224,0.305,0.744,0.371,10.708,1.000,0.000,0.0000
774.450,-95.852,13.239,0.305,0.763,0.378,10.708,1.000,0.000,0.0000
774.460,-95.844,13.255,0.306,0.782,0.386,10.707,1.000,0.000,0.0000
774.470,-95.836,13.270,0.306,0.800,0.394,10.707,1.000,0.000,0.0000
774.480,-95.828,13.287,0.307,0.819,0.402,10.707,1.000,0.000,0.0000
774.490,-95.820,13.303,0.307,0.837,0.411,10.706,1.000,0.000,0.0000
774.500,-95.811,13.320,0.308,0.855,0.419,10.706,1.000,0.000,0.0000
774.510,-95.802,13.337,0.308,0.873,0.428,10.706,1.000,0.000,0.0000
774.520,-95.794,13.355,0.309,0.891,0.437,10.705,1.000,0.000,0.0000
774.530,-95.785,13.373,0.309,0.909,0.446,10.705,1.000,0.000,0.0000
774.540,-95.775,13.391,0.310,0.927,0.455,10.705,1.000,0.000,0.0000
774.550,-95.766,13.409,0.310,0.945,0.465,10.704,1.000,0.000,0.0000
774.560,-95.756,13.428,0.311,0.962,0.474,10.704,1.000,0.000,0.0000
774.570,-95.746,13.448,0.311,0.980,0.484,10.704,1.000,0.000,0.0000
774.580,-95.736,13.467,0.311,0.998,0.494,10.704,1.000,0.000,0.0000
774.590,-95.726,13.487,0.312,1.015,0.504,10.704,1.000,0.000,0.0000
774.600,-95.716,13.507,0.312,1.033,0.514,10.704,1.000,0.000,0.0000
774.610,-95.705,13.528,0.312,1.051,0.525,10.704,1.000,0.000,0.0000
774.620,-95.695,13.549,0.312,1.068,0.536,10.704,1.000,0.000,0.0000
774.630,-95.684,13.570,0.312,1.086,0.547,10.704,1.000,0.000,0.0000
774.640,-95.673,13.592,0.312,1.103,0.558,10.705,1.000,0.000,0.0000
774.650,-95.662,13.614,0.312,1.120,0.569,10.705,1.000,0.000,0.0000
774.660,-95.650,13.636,0.312,1.138,0.580,10.705,1.000,0.000,0.0000
774.670,-95.639,13.659,0.312,1.155,0.592,10.706,1.000,0.000,0.0000
774.680,-95.627,13.682,0.312,1.173,0.603,10.706,1.000,0.000,0.0000
774.690,-95.615,13.706,0.312,1.191,0.615,10.707,1.000,0.000,0.0000
774.700,-95.603,13.729,0.312,1.209,0.627,10.707,1.000,0.000,0.0000
774.710,-95.591,13.753,0.312,1.228,0.640,10.708,1.000,0.000,0.0000
774.720,-95.578,13.778,0.312,1.247,0.652,10.708,1.000,0.000,0.0000
774.730,-95.566,13.803,0.312,1.265,0.665,10.709,1.000,0.000,0.0000
774.740,-95.553,13.828,0.312,1.284,0.678,10.710,1.000,0.000,0.0000
774.750,-95.540,13.853,0.311,1.302,0.691,10.710,1.000,0.000,0.0000
774.760,-95.527,13.879,0.311,1.321,0.704,10.711,1.000,0.000,0.0000
774.770,-95.513,13.906,0.311,1.339,0.717,10.712,1.000,0.000,0.0000
774.780,-95.500,13.932,0.311,1.357,0.731,10.713,1.000,0.000,0.0000
774.790,-95.486,13.959,0.311,1.375,0.744,10.714,1.000,0.000,0.0000
774.800,-95.472,13.987,0.310,1.393,0.758,10.715,1.000,0.000,0.0000
774.810,-95.458,14.014,0.310,1.411,0.772,10.716,1.000,0.000,0.0000
774.820,-95.444,14.042,0.310,1.429,0.787,10.716,1.000,0.000,0.0000
774.830,-95.429,14.071,0.310,1.447,0.801,10.717,1.000,0.000,0.0000
774.840,-95.414,14.100,0.310,1.463,0.816,10.718,1.000,0.000,0.0000
774.850,-95.400,14.129,0.310,1.480,0.831,10.719,1.000,0.000,0.0000
774.860,-95.385,14.158,0.310,1.497,0.846,10.720,1.000,0.000,0.0000
774.870,-95.370,14.188,0.310,1.515,0.861,10.721,1.000,0.000,0.0000
774.880,-95.354,14.218,0.309,1.533,0.876,10.722,1.000,0.000,0.0000
774.890,-95.339,14.249,0.309,1.551,0.892,10.723,1.000,0.000,0.0000
774.900,-95.323,14.279,0.309,1.569,0.907,10.724,1.000,0.000,0.0000
774.910,-95.307,14.311,0.309,1.587,0.923,10.725,1.000,0.000,0.0000
774.920,-95.291,14.342,0.309,1.605,0.939,10.726,1.000,0.000,0.0000
774.930,-95.275,14.374,0.309,1.623,0.955,10.727,1.000,0.000,0.0000
774.940,-95.258,14.407,0.309,1.641,0.972,10.728,1.000,0.000,0.0000
774.950,-95.242,14.439,0.309,1.659,0.988,10.729,1.000,0.000,0.0000
774.960,-95.225,14.472,0.310,1.677,1.005,10.731,1.000,0.000,0.0000
774.970,-95.208,14.506,0.310,1.696,1.022,10.732,1.000,0.000,0.0000
774.980,-95.191,14.539,0.310,1.714,1.039,10.733,1.000,0.000,0.0000
774.990,-95.174,14.573,0.310,1.732,1.057,10.734,1.000,0.000,0.0000
775.000,-95.156,14.608,0.310,1.751,1.074,10.735,1.000,0.000,0.0000
775.010,-95.138,14.643,0.310,1.769,1.092,10.737,1.000,0.000,0.0000
775.020,-95.121,14.678,0.310,1.788,1.110,10.738,1.000,0.000,0.0000
775.030,-95.103,14.713,0.310,1.806,1.128,10.740,1.000,0.000,0.0000
775.040,-95.084,14.749,0.310,1.826,1.146,10.741,1.000,0.000,0.0000
775.050,-95.066,14.785,0.310,1.846,1.164,10.743,1.000,0.000,0.0000
775.060,-95.047,14.822,0.310,1.866,1.183,10.744,1.000,0.000,0.0000
775.070,-95.028,14.859,0.310,1.886,1.202,10.746,1.000,0.000,0.0000
775.080,-95.009,14.896,0.310,1.905,1.221,10.748,1.000,0.000,0.0000
775.090,-94.990,14.934,0.310,1.924,1.240,10.749,1.000,0.000,0.0000
775.100,-94.971,14.972,0.310,1.944,1.260,10.751,1.000,0.000,0.0000
775.110,-94.951,15.010,0.310,1.963,1.279,10.753,1.000,0.000,0.0000
775.120,-94.931,15.049,0.310,1.982,1.299,10.755,1.000,0.000,0.0000
775.130,-94.911,15.088,0.310,2.001,1.319,10.757,1.000,0.000,0.0000
775.140,-94.891,15.127,0.310,2.018,1.339,10.759,1.000,0.000,0.0000
775.150,-94.871,15.167,0.310,2.036,1.360,10.761,1.000,0.000,0.0000
775.160,-94.850,15.207,0.310,2.054,1.380,10.763,1.000,0.000,0.0000
775.170,-94.829,15.247,0.310,2.073,1.401,10.765,1.000,0.000,0.0000
775.180,-94.808,15.288,0.310,2.092,1.422,10.768,1.000,0.000,0.0000
775.190,-94.787,15.329,0.311,2.111,1.443,10.770,1.000,0.000,0.0000
775.200,-94.766,15.370,0.311,2.131,1.464,10.772,1.000,0.000,0.0000
775.210,-94.744,15.412,0.311,2.150,1.486,10.775,1.000,0.000,0.0000
775.220,-94.723,15.454,0.311,2.169,1.507,10.777,1.000,0.000,0.0000
775.230,-94.701,15.496,0.311,2.187,1.529,10.780,1.000,0.000,0.0000
775.240,-94.679,15.539,0.311,2.205,1.551,10.783,1.000,0.000,0.0000
775.250,-94.657,15.582,0.311,2.223,1.574,10.785,1.000,0.000,0.0000
775.260,-94.634,15.626,0.311,2.241,1.596,10.788,1.000,0.000,0.0000
775.270,-94.612,15.669,0.311,2.260,1.619,10.791,1.000,0.000,0.0000
775.280,-94.589,15.713,0.310,2.278,1.641,10.794,1.000,0.000,0.0000
775.290,-94.566,15.758,0.310,2.296,1.664,10.797,1.000,0.000,0.0000
775.300,-94.543,15.803,0.310,2.315,1.687,10.800,1.000,0.000,0.0000
775.310,-94.519,15.848,0.310,2.334,1.711,10.804,1.000,0.000,0.0000
775.320,-94.496,15.893,0.310,2.354,1.734,10.807,1.000,0.000,0.0000
775.330,-94.472,15.939,0.310,2.373,1.758,10.810,1.000,0.000,0.0000
775.340,-94.448,15.986,0.310,2.391,1.782,10.814,1.000,0.000,0.0000
775.350,-94.424,16.032,0.310,2.407,1.806,10.817,1.000,0.000,0.0000
775.360,-94.400,16.080,0.310,2.423,1.830,10.821,1.000,0.000,0.0000
775.370,-94.375,16.127,0.310,2.439,1.855,10.824,1.000,0.000,0.0000
775.380,-94.351,16.175,0.310,2.456,1.879,10.828,1.000,0.000,0.0000
775.390,-94.326,16.223,0.310,2.473,1.904,10.832,1.000,0.000,0.0000
775.400,-94.301,16.271,0.310,2.490,1.929,10.836,1.000,0.000,0.0000
775.410,-94.276,16.320,0.310,2.507,1.954,10.840,1.000,0.000,0.0000
775.420,-94.251,16.369,0.310,2.524,1.979,10.844,1.000,0.000,0.0000
775.430,-94.226,16.419,0.310,2.542,2.005,10.848,1.000,0.000,0.0000
775.440,-94.200,16.469,0.310,2.559,2.030,10.852,1.000,0.000,0.0000
775.450,-94.174,16.519,0.310,2.576,2.056,10.857,1.000,0.000,0.0000
775.460,-94.148,16.569,0.310,2.593,2.082,10.861,1.000,0.000,0.0000
775.470,-94.122,16.620,0.310,2.611,2.108,10.865,1.000,0.000,0.0000
775.480,-94.096,16.671,0.310,2.628,2.134,10.870,1.000,0.000,0.0000
775.490,-94.069,16.723,0.310,2.646,2.161,10.875,1.000,0.000,0.0000
775.500,-94.043,16.775,0.310,2.665,2.187,10.879,1.000,0.000,0.0000
775.510,-94.016,16.827,0.310,2.685,2.214,10.884,1.000,0.000,0.0000
775.520,-93.989,16.880,0.310,2.706,2.241,10.889,1.000,0.000,0.0000
775.530,-93.962,16.933,0.310,2.727,2.269,10.894,1.000,0.000,0.0000
775.540,-93.934,16.987,0.310,2.747,2.296,10.899,1.000,0.000,0.0000
775.550,-93.906,17.041,0.310,2.768,2.324,10.905,1.000,0.000,0.0000
775.560,-93.879,17.095,0.310,2.787,2.352,10.910,1.000,0.000,0.0080
775.570,-93.851,17.149,0.310,2.806,2.380,10.916,1.000,0.000,0.0160
775.580,-93.822,17.204,0.310,2.826,2.408,10.921,1.000,0.000,0.0240
775.590,-93.794,17.259,0.310,2.845,2.436,10.927,1.000,0.000,0.0320
775.600,-93.765,17.315,0.310,2.866,2.465,10.933,1.000,0.000,0.0400
775.610,-93.736,17.370,0.310,2.886,2.494,10.939,1.000,0.000,0.0480
775.620,-93.707,17.426,0.310,2.905,2.523,10.945,1.000,0.000,0.0560
775.630,-93.678,17.483,0.310,2.924,2.552,10.951,1.000,0.000,0.0640
775.640,-93.649,17.539,0.310,2.944,2.582,10.957,1.000,0.000,0.0720
775.650,-93.619,17.596,0.310,2.962,2.611,10.963,1.000,0.000,0.0800
775.660,-93.589,17.653,0.311,2.975,2.641,10.970,1.000,0.000,0.0880
775.670,-93.559,17.710,0.311,2.988,2.671,10.976,1.000,0.000,0.0960
775.680,-93.529,17.767,0.311,3.005,2.701,10.983,1.000,0.000,0.1040
775.690,-93.499,17.825,0.311,3.024,2.731,10.989,1.000,0.000,0.1120
775.700,-93.469,17.883,0.311,3.046,2.762,10.996,1.000,0.000,0.1200
775.710,-93.438,17.941,0.311,3.069,2.792,11.003,1.000,0.000,0.1280
775.720,-93.407,18.000,0.311,3.092,2.823,11.010,1.000,0.000,0.1360
775.730,-93.376,18.059,0.311,3.116,2.854,11.018,1.000,0.000,0.1440
775.740,-93.344,18.118,0.312,3.140,2.886,11.025,1.000,0.000,0.1520
775.750,-93.313,18.177,0.312,3.165,2.917,11.033,1.000,0.000,0.1600
775.760,-93.281,18.237,0.312,3.194,2.949,11.040,1.000,0.000,0.1680
775.770,-93.249,18.297,0.312,3.223,2.982,11.048,1.000,0.000,0.1760
775.780,-93.216,18.357,0.312,3.252,3.014,11.057,1.000,0.000,0.1840
775.790,-93.183,18.418,0.311,3.283,3.047,11.065,1.000,0.000,0.1920
775.800,-93.150,18.479,0.311,3.344,3.080,11.074,1.000,0.000,0.2000
775.810,-93.116,18.541,0.311,3.396,3.114,11.083,1.000,0.000,0.2080
775.820,-93.081,18.603,0.311,3.443,3.149,11.092,1.000,0.000,0.2160
775.830,-93.047,18.666,0.310,3.486,3.184,11.102,0.940,0.000,0.2240
775.840,-93.011,18.729,0.310,3.527,3.219,11.112,0.880,0.000,0.2320
775.850,-92.976,18.792,0.310,3.567,3.254,11.121,0.820,0.000,0.2020
775.860,-92.940,18.856,0.309,3.600,3.290,11.132,0.760,0.000,0.1720
775.870,-92.903,18.919,0.309,3.629,3.327,11.142,0.700,0.000,0.1420
775.880,-92.867,18.982,0.309,3.657,3.363,11.152,0.640,0.000,0.1120
775.890,-92.830,19.045,0.309,3.673,3.400,11.162,0.580,0.000,0.0820
775.900,-92.793,19.107,0.310,3.678,3.437,11.172,0.520,0.000,0.0520
775.910,-92.756,19.169,0.310,3.676,3.474,11.182,0.460,0.000,0.0220
775.920,-92.720,19.230,0.311,3.671,3.510,11.192,0.400,0.000,0.0000
775.930,-92.683,19.291,0.312,3.669,3.547,11.202,0.340,0.000,0.0000
775.940,-92.646,19.351,0.313,3.672,3.584,11.212,0.280,0.000,0.0000
775.950,-92.610,19.411,0.314,3.678,3.620,11.222,0.220,0.000,0.0000
775.960,-92.573,19.471,0.315,3.683,3.657,11.232,0.160,0.000,0.0000
775.970,-92.536,19.531,0.316,3.698,3.694,11.243,0.100,0.000,0.0000
775.980,-92.499,19.590,0.317,3.709,3.731,11.253,0.040,0.000,0.0000
775.990,-92.462,19.649,0.318,3.715,3.768,11.264,0.000,0.000,0.0000
776.000,-92.424,19.709,0.319,3.716,3.806,11.275,0.000,0.000,0.0000
776.010,-92.387,19.767,0.320,3.711,3.843,11.286,0.000,0.000,0.0000
776.020,-92.350,19.826,0.321,3.703,3.880,11.297,0.000,0.000,0.0000
776.030,-92.313,19.884,0.322,3.692,3.917,11.308,0.000,0.000,0.0000
776.040,-92.277,19.942,0.322,3.678,3.953,11.319,0.000,0.000,0.0000
776.050,-92.240,19.999,0.323,3.662,3.990,11.331,0.000,0.000,0.0000
776.060,-92.204,20.057,0.324,3.645,4.027,11.342,0.000,0.000,0.0000
776.070,-92.167,20.113,0.324,3.626,4.063,11.354,0.000,0.000,0.0000
776.080,-92.131,20.170,0.325,3.606,4.099,11.366,0.000,0.000,0.0000
776.090,-92.095,20.226,0.325,3.585,4.135,11.378,0.000,0.000,0.0000
776.100,-92.060,20.282,0.326,3.563,4.170,11.389,0.000,0.000,0.0000
776.110,-92.024,20.337,0.326,3.540,4.206,11.401,0.000,0.000,0.0000
776.120,-91.989,20.392,0.327,3.512,4.241,11.413,0.000,0.000,0.0000
776.130,-91.955,20.447,0.327,3.482,4.276,11.425,0.000,0.000,0.0000
776.140,-91.920,20.501,0.327,3.453,4.310,11.437,0.000,0.000,0.0000
776.150,-91.886,20.554,0.327,3.425,4.344,11.449,0.000,0.000,0.0000
776.160,-91.852,20.608,0.328,3.387,4.378,11.461,0.000,0.000,0.0000
776.170,-91.818,20.661,0.328,3.354,4.412,11.473,0.000,0.000,0.0000
776.180,-91.785,20.713,0.328,3.324,4.445,11.486,0.000,0.000,0.0000
776.190,-91.752,20.765,0.328,3.298,4.478,11.498,0.000,0.000,0.0000
776.200,-91.719,20.817,0.328,3.273,4.511,11.510,0.000,0.000,0.0000
776.210,-91.687,20.869,0.328,3.251,4.543,11.522,0.000,0.000,0.0000
776.220,-91.655,20.920,0.328,3.231,4.576,11.534,0.000,0.000,0.0000
776.230,-91.622,20.971,0.327,3.212,4.608,11.547,0.000,0.000,0.0000
776.240,-91.590,21.022,0.327,3.194,4.640,11.559,0.000,0.000,0.0000
776.250,-91.559,21.072,0.327,3.176,4.671,11.571,0.000,0.000,0.0000
776.260,-91.527,21.122,0.326,3.158,4.703,11.584,0.000,0.000,0.0000
776.270,-91.496,21.172,0.326,3.140,4.734,11.596,0.000,0.000,0.0000
776.280,-91.465,21.222,0.326,3.123,4.766,11.609,0.000,0.000,0.0000
776.290,-91.433,21.271,0.325,3.105,4.797,11.621,0.000,0.000,0.0000
776.300,-91.403,21.320,0.325,3.087,4.828,11.634,0.000,0.000,0.0000
776.310,-91.372,21.368,0.325,3.068,4.858,11.646,0.000,0.000,0.0000
776.320,-91.341,21.416,0.324,3.049,4.889,11.659,0.000,0.000,0.0000
776.330,-91.311,21.464,0.324,3.030,4.919,11.671,0.000,0.000,0.0000
776.340,-91.281,21.511,0.324,3.011,4.949,11.684,0.000,0.000,0.0000
776.350,-91.251,21.558,0.323,2.992,4.979,11.696,0.000,0.000,0.0000
776.360,-91.221,21.605,0.323,2.974,5.009,11.708,0.040,0.000,0.0000
776.370,-91.192,21.651,0.323,2.956,5.038,11.721,0.080,0.000,0.0000
776.380,-91.163,21.697,0.323,2.931,5.068,11.733,0.120,0.000,0.0000
776.390,-91.133,21.742,0.323,2.908,5.097,11.745,0.160,0.000,0.0000
776.400,-91.105,21.787,0.323,2.887,5.126,11.757,0.200,0.000,0.0000
776.410,-91.076,21.832,0.323,2.867,5.154,11.769,0.240,0.000,0.0000
776.420,-91.047,21.876,0.323,2.852,5.183,11.781,0.280,0.000,0.0000
776.430,-91.019,21.920,0.323,2.838,5.211,11.793,0.320,0.000,0.0000
776.440,-90.991,21.964,0.323,2.823,5.239,11.805,0.360,0.000,0.0000
776.450,-90.963,22.007,0.323,2.806,5.267,11.817,0.400,0.000,0.0000
776.460,-90.935,22.050,0.323,2.788,5.295,11.829,0.440,0.000,0.0000
776.470,-90.907,22.093,0.323,2.769,5.323,11.841,0.480,0.000,0.0000
776.480,-90.879,22.136,0.322,2.761,5.351,11.853,0.520,0.000,0.0000
776.490,-90.852,22.179,0.322,2.764,5.378,11.865,0.560,0.000,0.0000
776.500,-90.824,22.222,0.322,2.774,5.406,11.877,0.600,0.000,0.0000
776.510,-90.796,22.265,0.322,2.790,5.434,11.890,0.640,0.000,0.0000
776.520,-90.768,22.308,0.321,2.809,5.462,11.902,0.680,0.000,0.0000
776.530,-90.740,22.352,0.320,2.830,5.490,11.916,0.720,0.000,0.0000
776.540,-90.711,22.397,0.320,2.852,5.519,11.929,0.760,0.000,0.0000
776.550,-90.683,22.442,0.319,2.873,5.547,11.942,0.800,0.000,0.0000
776.560,-90.654,22.487,0.318,2.893,5.576,11.956,0.840,0.000,0.0000
776.570,-90.625,22.532,0.317,2.912,5.605,11.970,0.880,0.000,0.0000
776.580,-90.595,22.578,0.316,2.931,5.635,11.984,0.920,0.000,0.0000
776.590,-90.566,22.624,0.315,2.950,5.664,11.999,0.960,0.000,0.0000
776.600,-90.536,22.671,0.314,2.969,5.694,12.013,1.000,0.000,0.0000
776.610,-90.506,22.717,0.313,2.984,5.724,12.027,1.000,0.000,0.0000
776.620,-90.476,22.764,0.312,2.999,5.754,12.042,1.000,0.000,0.0000
776.630,-90.446,22.812,0.311,3.015,5.784,12.057,1.000,0.000,0.0080
776.640,-90.416,22.859,0.310,3.034,5.814,12.071,1.000,0.000,0.0160
776.650,-90.385,22.907,0.309,3.056,5.845,12.086,1.000,0.000,0.0240
776.660,-90.355,22.956,0.309,3.081,5.876,12.101,1.000,0.000,0.0320
776.670,-90.323,23.005,0.308,3.109,5.907,12.116,1.000,0.000,0.0400
776.680,-90.292,23.054,0.307,3.138,5.938,12.131,1.000,0.000,0.0480
776.690,-90.260,23.104,0.307,3.167,5.970,12.147,1.000,0.000,0.0560
776.700,-90.228,23.154,0.306,3.197,6.002,12.162,1.000,0.000,0.0640
776.710,-90.196,23.205,0.306,3.227,6.034,12.178,1.000,0.000,0.0720
776.720,-90.164,23.256,0.306,3.257,6.066,12.194,1.000,0.000,0.0800
776.730,-90.131,23.307,0.305,3.287,6.099,12.210,1.000,0.000,0.0880
776.740,-90.098,23.359,0.305,3.317,6.132,12.226,1.000,0.000,0.0960
776.750,-90.064,23.411,0.305,3.345,6.166,12.242,1.000,0.000,0.1040
776.760,-90.030,23.463,0.305,3.370,6.200,12.259,0.940,0.000,0.1120
776.770,-89.996,23.515,0.305,3.395,6.234,12.275,0.880,0.000,0.1200
776.780,-89.962,23.568,0.306,3.421,6.268,12.292,0.820,0.000,0.1280
776.790,-89.928,23.620,0.306,3.447,6.302,12.308,0.760,0.000,0.1360
776.800,-89.893,23.673,0.306,3.472,6.337,12.325,0.700,0.000,0.1440
776.810,-89.858,23.726,0.307,3.464,6.372,12.342,0.640,0.000,0.1520
776.820,-89.824,23.779,0.307,3.471,6.406,12.359,0.580,0.000,0.1600
776.830,-89.789,23.832,0.308,3.477,6.441,12.375,0.520,0.000,0.1680
776.840,-89.754,23.885,0.309,3.482,6.476,12.392,0.460,0.000,0.1760
776.850,-89.719,23.937,0.310,3.482,6.511,12.409,0.400,0.000,0.1840
776.860,-89.685,23.989,0.311,3.479,6.545,12.426,0.340,0.000,0.1920
776.870,-89.650,24.040,0.312,3.472,6.580,12.442,0.280,0.000,0.2000
776.880,-89.615,24.091,0.313,3.463,6.615,12.459,0.220,0.000,0.2080
776.890,-89.581,24.142,0.315,3.452,6.649,12.475,0.160,0.000,0.2160
776.900,-89.546,24.192,0.316,3.441,6.684,12.492,0.100,0.000,0.2240
776.910,-89.512,24.242,0.318,3.429,6.718,12.508,0.040,0.000,0.2320
776.920,-89.478,24.291,0.319,3.416,6.752,12.525,0.000,0.000,0.2400
776.930,-89.444,24.340,0.320,3.403,6.786,12.542,0.000,0.000,0.2480
776.940,-89.410,24.388,0.322,3.389,6.820,12.558,0.000,0.000,0.2180
776.950,-89.376,24.436,0.323,3.382,6.854,12.575,0.000,0.000,0.1880
776.960,-89.343,24.484,0.324,3.377,6.887,12.592,0.000,0.000,0.1580
776.970,-89.309,24.531,0.325,3.373,6.921,12.609,0.000,0.000,0.1280
776.980,-89.275,24.578,0.326,3.371,6.955,12.626,0.000,0.000,0.0980
776.990,-89.242,24.624,0.327,3.369,6.989,12.643,0.000,0.000,0.0680
777.000,-89.208,24.670,0.328,3.344,7.022,12.660,0.000,0.000,0.0380
777.010,-89.175,24.715,0.328,3.319,7.055,12.678,0.000,0.000,0.0080
777.020,-89.142,24.760,0.329,3.295,7.088,12.695,0.000,0.000,0.0000
777.030,-89.109,24.805,0.329,3.277,7.121,12.712,0.000,0.000,0.0080
777.040,-89.077,24.849,0.330,3.268,7.154,12.730,0.000,0.000,0.0160
777.050,-89.044,24.893,0.330,3.264,7.186,12.747,0.000,0.000,0.0240
777.060,-89.011,24.937,0.330,3.262,7.219,12.765,0.000,0.000,0.0320
777.070,-88.979,24.980,0.330,3.260,7.251,12.783,0.000,0.000,0.0400
777.080,-88.946,25.023,0.330,3.257,7.284,12.801,0.000,0.000,0.0480
777.090,-88.914,25.067,0.329,3.252,7.317,12.820,0.000,0.000,0.0560
777.100,-88.881,25.110,0.329,3.246,7.349,12.838,0.000,0.000,0.0640
777.110,-88.849,25.152,0.328,3.237,7.381,12.856,0.000,0.000,0.0720
777.120,-88.816,25.195,0.328,3.226,7.414,12.875,0.000,0.000,0.0800
777.130,-88.784,25.237,0.327,3.214,7.446,12.893,0.000,0.000,0.0880
777.140,-88.752,25.279,0.326,3.197,7.478,12.912,0.000,0.000,0.0960
777.150,-88.721,25.320,0.326,3.176,7.509,12.930,0.000,0.000,0.1040
777.160,-88.689,25.361,0.325,3.155,7.541,12.948,0.000,0.000,0.1120
777.170,-88.658,25.401,0.325,3.135,7.572,12.967,0.000,0.000,0.1200
777.180,-88.627,25.441,0.324,3.115,7.603,12.985,0.000,0.000,0.1280
777.190,-88.596,25.481,0.324,3.079,7.634,13.002,0.000,0.000,0.1360
777.200,-88.565,25.520,0.323,3.055,7.665,13.020,0.000,0.000,0.1440
777.210,-88.535,25.559,0.323,3.023,7.695,13.038,0.000,0.000,0.1520
777.220,-88.505,25.597,0.323,2.995,7.725,13.055,0.000,0.000,0.1600
777.230,-88.475,25.634,0.323,2.971,7.755,13.072,0.000,0.000,0.1680
777.240,-88.446,25.672,0.323,2.950,7.784,13.089,0.000,0.000,0.1760
777.250,-88.417,25.708,0.323,2.930,7.813,13.106,0.000,0.000,0.1840
777.260,-88.387,25.745,0.323,2.911,7.843,13.123,0.000,0.000,0.1920
777.270,-88.359,25.781,0.323,2.892,7.872,13.140,0.000,0.000,0.2000
777.280,-88.330,25.817,0.323,2.872,7.900,13.157,0.000,0.000,0.2080
777.290,-88.301,25.852,0.323,2.853,7.929,13.173,0.000,0.000,0.2160
777.300,-88.273,25.887,0.323,2.833,7.957,13.190,0.000,0.000,0.2240
777.310,-88.245,25.921,0.323,2.812,7.985,13.206,0.000,0.000,0.2320
777.320,-88.217,25.955,0.323,2.791,8.013,13.222,0.000,0.000,0.2400
777.330,-88.189,25.989,0.323,2.769,8.041,13.239,0.000,0.000,0.2480
777.340,-88.162,26.023,0.323,2.747,8.068,13.255,0.000,0.000,0.2560
777.350,-88.135,26.056,0.323,2.725,8.096,13.271,0.000,0.000,0.2640
777.360,-88.108,26.088,0.323,2.703,8.123,13.287,0.000,0.000,0.2720
777.370,-88.081,26.120,0.324,2.680,8.149,13.303,0.000,0.000,0.2800
777.380,-88.054,26.152,0.324,2.657,8.176,13.318,0.000,0.000,0.2880
777.390,-88.028,26.183,0.324,2.634,8.202,13.334,0.000,0.000,0.2960
777.400,-88.002,26.214,0.324,2.610,8.228,13.349,0.000,0.000,0.3040
777.410,-87.976,26.244,0.324,2.587,8.254,13.365,0.000,0.000,0.3120
777.420,-87.950,26.274,0.324,2.568,8.280,13.380,0.000,0.000,0.3200
777.430,-87.925,26.304,0.325,2.550,8.305,13.395,0.040,0.000,0.3280
777.440,-87.899,26.333,0.325,2.534,8.331,13.411,0.080,0.000,0.2980
777.450,-87.874,26.362,0.325,2.525,8.356,13.426,0.120,0.000,0.2680
777.460,-87.849,26.391,0.325,2.519,8.381,13.441,0.160,0.000,0.2380
777.470,-87.824,26.420,0.325,2.513,8.406,13.456,0.200,0.000,0.2080
777.480,-87.799,26.448,0.324,2.499,8.431,13.472,0.240,0.000,0.1780
777.490,-87.774,26.476,0.324,2.480,8.456,13.487,0.280,0.000,0.1480
777.500,-87.749,26.503,0.324,2.447,8.481,13.502,0.320,0.000,0.1180
777.510,-87.725,26.530,0.324,2.414,8.505,13.516,0.360,0.000,0.0880
777.520,-87.701,26.556,0.324,2.399,8.529,13.531,0.400,0.000,0.0580
777.530,-87.677,26.583,0.324,2.400,8.553,13.546,0.440,0.000,0.0280
777.540,-87.653,26.609,0.324,2.415,8.577,13.561,0.480,0.000,0.0000
777.550,-87.629,26.636,0.324,2.439,8.601,13.576,0.520,0.000,0.0000
777.560,-87.604,26.662,0.323,2.476,8.626,13.592,0.560,0.000,0.0000
777.570,-87.579,26.690,0.323,2.521,8.651,13.608,0.600,0.000,0.0000
777.580,-87.553,26.717,0.322,2.570,8.677,13.625,0.640,0.000,0.0000
777.590,-87.527,26.745,0.321,2.619,8.703,13.642,0.680,0.000,0.0000
777.600,-87.500,26.773,0.319,2.668,8.730,13.659,0.720,0.000,0.0000
777.610,-87.473,26.802,0.318,2.714,8.757,13.677,0.760,0.000,0.0000
777.620,-87.446,26.831,0.317,2.759,8.784,13.696,0.800,0.000,0.0000
777.630,-87.418,26.861,0.315,2.801,8.812,13.714,0.840,0.000,0.0000
777.640,-87.389,26.891,0.314,2.840,8.841,13.733,0.880,0.000,0.0000
777.650,-87.361,26.921,0.312,2.878,8.869,13.752,0.920,0.000,0.0000
777.660,-87.332,26.951,0.311,2.915,8.898,13.772,0.960,0.000,0.0000
777.670,-87.302,26.982,0.310,2.950,8.928,13.791,1.000,0.000,0.0000
777.680,-87.272,27.013,0.308,2.984,8.958,13.811,1.000,0.000,0.0000
777.690,-87.242,27.045,0.307,3.017,8.988,13.831,1.000,0.000,0.0000
777.700,-87.212,27.077,0.306,3.049,9.018,13.851,1.000,0.000,0.0000
777.710,-87.181,27.109,0.306,3.080,9.049,13.871,1.000,0.000,0.0000
777.720,-87.150,27.141,0.305,3.110,9.080,13.891,1.000,0.000,0.0000
777.730,-87.118,27.174,0.304,3.141,9.112,13.912,1.000,0.000,0.0000
777.740,-87.087,27.207,0.304,3.174,9.143,13.933,1.000,0.000,0.0000
777.750,-87.055,27.241,0.303,3.207,9.175,13.953,1.000,0.000,0.0000
777.760,-87.022,27.274,0.303,3.240,9.208,13.974,1.000,0.000,0.0000
777.770,-86.989,27.308,0.303,3.275,9.241,13.995,1.000,0.000,0.0000
777.780,-86.956,27.343,0.303,3.310,9.274,14.017,1.000,0.000,0.0000
777.790,-86.923,27.377,0.303,3.345,9.307,14.038,1.000,0.000,0.0000
777.800,-86.889,27.412,0.303,3.379,9.341,14.060,1.000,0.000,0.0000
777.810,-86.855,27.448,0.303,3.413,9.375,14.082,1.000,0.000,0.0000
777.820,-86.820,27.483,0.304,3.445,9.410,14.104,1.000,0.000,0.0000
777.830,-86.786,27.519,0.304,3.477,9.444,14.127,1.000,0.000,0.0000
777.840,-86.751,27.556,0.305,3.509,9.479,14.149,1.000,0.000,0.0000
777.850,-86.715,27.592,0.305,3.540,9.515,14.172,1.000,0.000,0.0000
777.860,-86.680,27.629,0.306,3.570,9.551,14.195,1.000,0.000,0.0000
777.870,-86.644,27.666,0.306,3.600,9.586,14.218,1.000,0.000,0.0000
777.880,-86.607,27.704,0.307,3.628,9.623,14.242,1.000,0.000,0.0000
777.890,-86.571,27.742,0.307,3.657,9.659,14.266,1.000,0.000,0.0000
777.900,-86.534,27.780,0.308,3.684,9.696,14.289,1.000,0.000,0.0000
777.910,-86.497,27.818,0.308,3.711,9.733,14.314,1.000,0.000,0.0000
777.920,-86.459,27.857,0.309,3.737,9.771,14.338,1.000,0.000,0.0000
777.930,-86.422,27.896,0.309,3.762,9.808,14.363,1.000,0.000,0.0000
777.940,-86.384,27.935,0.310,3.787,9.846,14.388,1.000,0.000,0.0000
777.950,-86.346,27.974,0.310,3.811,9.884,14.413,1.000,0.000,0.0000
777.960,-86.307,28.014,0.311,3.834,9.923,14.438,1.000,0.000,0.0000
777.970,-86.269,28.054,0.311,3.855,9.961,14.464,1.000,0.000,0.0000
777.980,-86.230,28.094,0.312,3.877,10.000,14.489,1.000,0.000,0.0000
777.990,-86.191,28.134,0.312,3.900,10.039,14.516,1.000,0.000,0.0000
778.000,-86.152,28.175,0.312,3.922,10.078,14.542,1.000,0.000,0.0000
778.010,-86.112,28.216,0.313,3.947,10.118,14.568,1.000,0.000,0.0000
778.020,-86.073,28.257,0.313,3.975,10.157,14.595,1.000,0.000,0.0000
778.030,-86.033,28.299,0.313,4.005,10.197,14.622,1.000,0.000,0.0000
778.040,-85.992,28.340,0.313,4.037,10.238,14.650,1.000,0.000,0.0000
778.050,-85.952,28.383,0.313,4.069,10.278,14.678,1.000,0.000,0.0000
778.060,-85.911,28.425,0.313,4.101,10.319,14.706,1.000,0.000,0.0000
778.070,-85.869,28.468,0.313,4.133,10.361,14.734,1.000,0.000,0.0000
778.080,-85.828,28.511,0.313,4.165,10.402,14.763,1.000,0.000,0.0000
778.090,-85.786,28.555,0.313,4.195,10.444,14.792,1.000,0.000,0.0000
778.100,-85.743,28.598,0.312,4.225,10.487,14.822,1.000,0.000,0.0000
778.110,-85.701,28.642,0.312,4.255,10.529,14.851,1.000,0.000,0.0000
778.120,-85.658,28.687,0.312,4.283,10.572,14.881,1.000,0.000,0.0000
778.130,-85.615,28.731,0.312,4.310,10.615,14.911,1.000,0.000,0.0000
778.140,-85.572,28.776,0.311,4.337,10.658,14.942,1.000,0.000,0.0080
778.150,-85.528,28.821,0.311,4.365,10.702,14.972,1.000,0.000,0.0160
778.160,-85.484,28.866,0.311,4.387,10.746,15.003,1.000,0.000,0.0240
778.170,-85.440,28.911,0.311,4.412,10.790,15.034,1.000,0.000,0.0320
778.180,-85.396,28.957,0.311,4.440,10.834,15.066,1.000,0.000,0.0400
778.190,-85.351,29.003,0.310,4.452,10.879,15.097,1.000,0.000,0.0480
778.200,-85.306,29.049,0.310,4.481,10.924,15.129,1.000,0.000,0.0560
778.210,-85.261,29.095,0.310,4.506,10.969,15.161,1.000,0.000,0.0640
778.220,-85.216,29.141,0.310,4.534,11.014,15.193,1.000,0.000,0.0720
778.230,-85.170,29.188,0.310,4.564,11.060,15.225,1.000,0.000,0.0800
778.240,-85.124,29.235,0.310,4.596,11.106,15.258,1.000,0.000,0.0880
778.250,-85.078,29.282,0.310,4.629,11.152,15.291,1.000,0.000,0.0960
778.260,-85.031,29.329,0.310,4.662,11.199,15.325,1.000,0.000,0.1040
778.270,-84.984,29.377,0.310,4.695,11.246,15.358,1.000,0.000,0.1120
778.280,-84.937,29.425,0.310,4.726,11.293,15.392,1.000,0.000,0.1200
778.290,-84.890,29.473,0.310,4.757,11.341,15.426,1.000,0.000,0.1280
778.300,-84.842,29.521,0.310,4.786,11.388,15.461,1.000,0.000,0.1360
778.310,-84.794,29.569,0.310,4.814,11.436,15.496,1.000,0.000,0.1440
778.320,-84.745,29.618,0.310,4.841,11.485,15.531,1.000,0.000,0.1520
778.330,-84.696,29.667,0.310,4.866,11.534,15.566,1.000,0.000,0.1600
778.340,-84.647,29.716,0.310,4.904,11.583,15.602,1.000,0.000,0.1680
778.350,-84.598,29.765,0.310,4.945,11.632,15.638,1.000,0.000,0.1760
778.360,-84.548,29.815,0.310,4.985,11.682,15.674,1.000,0.000,0.1840
778.370,-84.498,29.864,0.310,5.025,11.732,15.711,1.000,0.000,0.1920
778.380,-84.447,29.914,0.310,5.100,11.783,15.748,1.000,0.000,0.2000
778.390,-84.395,29.965,0.310,5.167,11.835,15.786,1.000,0.000,0.2080
778.400,-84.343,30.016,0.310,5.227,11.887,15.825,1.000,0.000,0.2160
778.410,-84.290,30.067,0.309,5.282,11.940,15.864,1.000,0.000,0.1860
778.420,-84.237,30.118,0.309,5.323,11.993,15.903,1.000,0.000,0.1560
778.430,-84.183,30.169,0.309,5.356,12.047,15.943,1.000,0.000,0.1260
778.440,-84.129,30.220,0.309,5.385,12.101,15.983,1.000,0.000,0.0960
778.450,-84.075,30.271,0.309,5.415,12.155,16.023,1.000,0.000,0.0660
778.460,-84.021,30.322,0.309,5.444,12.209,16.064,1.000,0.000,0.0360
778.470,-83.966,30.373,0.310,5.474,12.264,16.105,1.000,0.000,0.0060
778.480,-83.911,30.423,0.310,5.505,12.319,16.146,1.000,0.000,0.0000
778.490,-83.856,30.474,0.310,5.541,12.374,16.187,1.000,0.000,0.0000
778.500,-83.800,30.525,0.310,5.595,12.430,16.229,1.000,0.000,0.0000
778.510,-83.743,30.576,0.311,5.652,12.487,16.271,1.000,0.000,0.0000
778.520,-83.686,30.627,0.311,5.708,12.544,16.314,1.000,0.000,0.0000
778.530,-83.629,30.679,0.311,5.761,12.602,16.358,1.000,0.000,0.0000
778.540,-83.570,30.730,0.311,5.817,12.660,16.402,1.000,0.000,0.0000
778.550,-83.512,30.782,0.311,5.872,12.718,16.446,1.000,0.000,0.0000
778.560,-83.452,30.835,0.311,5.925,12.778,16.491,1.000,0.000,0.0000
778.570,-83.393,30.887,0.310,5.975,12.837,16.537,1.000,0.000,0.0000
778.580,-83.332,30.940,0.310,6.022,12.898,16.583,1.000,0.000,0.0000
778.590,-83.272,30.993,0.310,6.066,12.958,16.629,1.000,0.000,0.0000
778.600,-83.211,31.046,0.310,6.107,13.019,16.676,1.000,0.000,0.0000
778.610,-83.149,31.100,0.310,6.145,13.081,16.724,1.000,0.000,0.0000
778.620,-83.087,31.153,0.310,6.180,13.143,16.771,1.000,0.000,0.0000
778.630,-83.025,31.207,0.310,6.212,13.205,16.819,1.000,0.000,0.0000
778.640,-82.963,31.262,0.309,6.241,13.267,16.867,1.000,0.000,0.0000
778.650,-82.900,31.316,0.309,6.268,13.330,16.916,0.940,0.000,0.0000
778.660,-82.837,31.370,0.309,6.287,13.393,16.965,0.880,0.000,0.0000
778.670,-82.774,31.425,0.309,6.306,13.456,17.014,0.820,0.000,0.0000
778.680,-82.711,31.480,0.309,6.327,13.519,17.063,0.760,0.000,0.0000
778.690,-82.648,31.535,0.310,6.346,13.582,17.112,0.700,0.000,0.0000
778.700,-82.584,31.590,0.310,6.345,13.646,17.162,0.640,0.000,0.0000
778.710,-82.521,31.645,0.310,6.335,13.709,17.211,0.580,0.000,0.0000
778.720,-82.458,31.700,0.311,6.320,13.772,17.260,0.520,0.000,0.0000
778.730,-82.395,31.755,0.311,6.303,13.835,17.309,0.460,0.000,0.0000
778.740,-82.332,31.809,0.312,6.282,13.898,17.358,0.400,0.000,0.0000
778.750,-82.269,31.863,0.313,6.260,13.961,17.407,0.340,0.000,0.0080
778.760,-82.207,31.918,0.314,6.237,14.023,17.456,0.280,0.000,0.0160
778.770,-82.145,31.972,0.315,6.213,14.085,17.504,0.220,0.000,0.0240
778.780,-82.083,32.025,0.316,6.188,14.147,17.553,0.160,0.000,0.0320
778.790,-82.021,32.079,0.317,6.160,14.209,17.601,0.100,0.000,0.0400
778.800,-81.960,32.132,0.318,6.124,14.270,17.649,0.040,0.000,0.0480
778.810,-81.899,32.185,0.319,6.088,14.331,17.697,0.000,0.000,0.0560
778.820,-81.839,32.237,0.320,6.054,14.392,17.744,0.000,0.000,0.0640
778.830,-81.778,32.289,0.321,6.021,14.452,17.792,0.000,0.000,0.0720
778.840,-81.719,32.340,0.322,5.969,14.511,17.839,0.000,0.000,0.0800
778.850,-81.659,32.391,0.324,5.927,14.571,17.886,0.040,0.000,0.0880
778.860,-81.600,32.442,0.325,5.894,14.630,17.932,0.080,0.000,0.0960
778.870,-81.542,32.492,0.326,5.868,14.688,17.979,0.120,0.000,0.1040
778.880,-81.483,32.542,0.327,5.845,14.747,18.025,0.160,0.000,0.1120
778.890,-81.425,32.592,0.327,5.823,14.805,18.072,0.200,0.000,0.1200
778.900,-81.367,32.641,0.328,5.800,14.863,18.118,0.240,0.000,0.1280
778.910,-81.309,32.690,0.329,5.775,14.921,18.164,0.280,0.000,0.1360
778.920,-81.252,32.738,0.329,5.748,14.978,18.211,0.320,0.000,0.1440
778.930,-81.195,32.786,0.330,5.718,15.035,18.257,0.360,0.000,0.1520
778.940,-81.138,32.834,0.330,5.687,15.092,18.303,0.400,0.000,0.1600
778.950,-81.081,32.881,0.330,5.652,15.149,18.349,0.440,0.000,0.1680
778.960,-81.025,32.928,0.330,5.631,15.205,18.394,0.480,0.000,0.1760
778.970,-80.969,32.975,0.330,5.613,15.261,18.440,0.520,0.000,0.1840
778.980,-80.913,33.021,0.330,5.596,15.317,18.486,0.560,0.000,0.1920
778.990,-80.857,33.067,0.330,5.575,15.373,18.531,0.600,0.000,0.2000
779.000,-80.801,33.113,0.329,5.588,15.429,18.577,0.640,0.000,0.2080
779.010,-80.745,33.158,0.329,5.601,15.485,18.624,0.680,0.000,0.2160
779.020,-80.689,33.204,0.328,5.626,15.541,18.670,0.720,0.000,0.2240
779.030,-80.632,33.249,0.327,5.661,15.598,18.717,0.760,0.000,0.2320
779.040,-80.575,33.295,0.326,5.704,15.655,18.764,0.800,0.000,0.2400
779.050,-80.518,33.341,0.325,5.750,15.712,18.812,0.840,0.000,0.2480
779.060,-80.460,33.386,0.324,5.798,15.770,18.861,0.780,0.000,0.2560
779.070,-80.402,33.432,0.322,5.846,15.829,18.910,0.720,0.000,0.2640
779.080,-80.343,33.477,0.321,5.888,15.887,18.959,0.660,0.000,0.2720
779.090,-80.283,33.523,0.319,5.917,15.947,19.009,0.600,0.000,0.2800
779.100,-80.225,33.567,0.318,5.895,16.005,19.059,0.540,0.000,0.2880
779.110,-80.166,33.611,0.317,5.854,16.064,19.107,0.480,0.000,0.2960
779.120,-80.108,33.654,0.316,5.809,16.122,19.156,0.420,0.000,0.3040
779.130,-80.050,33.696,0.316,5.767,16.180,19.204,0.360,0.000,0.3120
779.140,-79.993,33.737,0.316,5.733,16.237,19.252,0.300,0.000,0.3200
779.150,-79.936,33.778,0.316,5.672,16.294,19.299,0.240,0.000,0.3280
779.160,-79.880,33.818,0.317,5.585,16.350,19.345,0.180,0.000,0.3360
779.170,-79.825,33.857,0.317,5.569,16.405,19.391,0.120,0.000,0.3440
779.180,-79.769,33.896,0.318,5.563,16.461,19.437,0.060,0.000,0.3520
779.190,-79.713,33.934,0.318,5.560,16.517,19.483,0.000,0.000,0.3600
779.200,-79.658,33.971,0.319,5.556,16.572,19.529,0.000,0.000,0.3680
779.210,-79.602,34.008,0.320,5.548,16.628,19.576,0.000,0.000,0.3760
779.220,-79.547,34.044,0.321,5.535,16.683,19.622,0.000,0.000,0.3840
779.230,-79.492,34.080,0.321,5.519,16.738,19.667,0.000,0.000,0.3920
779.240,-79.437,34.115,0.322,5.498,16.793,19.713,0.000,0.000,0.4000
779.250,-79.382,34.150,0.323,5.474,16.848,19.759,0.000,0.000,0.4080
779.260,-79.328,34.183,0.324,5.447,16.902,19.804,0.000,0.000,0.4160
779.270,-79.274,34.216,0.324,5.419,16.956,19.849,0.000,0.000,0.4240
779.280,-79.220,34.249,0.325,5.387,17.010,19.894,0.000,0.000,0.4320
779.290,-79.166,34.281,0.326,5.381,17.064,19.939,0.000,0.000,0.4400
779.300,-79.112,34.313,0.326,5.380,17.118,19.985,0.000,0.000,0.4480
779.310,-79.058,34.344,0.327,5.374,17.172,20.030,0.000,0.000,0.4560
779.320,-79.005,34.375,0.327,5.360,17.225,20.075,0.000,0.000,0.4640
779.330,-78.951,34.405,0.328,5.339,17.279,20.120,0.000,0.000,0.4720
779.340,-78.898,34.434,0.328,5.311,17.332,20.165,0.000,0.000,0.4800
779.350,-78.845,34.463,0.328,5.279,17.385,20.209,0.000,0.000,0.4880
779.360,-78.792,34.491,0.328,5.318,17.438,20.255,0.000,0.000,0.4960
779.370,-78.739,34.518,0.328,5.330,17.491,20.300,0.000,0.000,0.5000
779.380,-78.686,34.545,0.328,5.322,17.544,20.345,0.000,0.000,0.5000
779.390,-78.633,34.571,0.328,5.298,17.597,20.390,0.000,0.000,0.5000
779.400,-78.580,34.596,0.328,5.265,17.650,20.435,0.000,0.000,0.5000
779.410,-78.528,34.621,0.329,5.170,17.702,20.479,0.000,0.000,0.5000
779.420,-78.478,34.644,0.329,5.066,17.752,20.522,0.000,0.000,0.5000
779.430,-78.428,34.666,0.330,4.982,17.802,20.564,0.000,0.000,0.5000
779.440,-78.379,34.687,0.330,4.915,17.851,20.606,0.000,0.000,0.5000
779.450,-78.330,34.708,0.331,4.863,17.900,20.647,0.000,0.000,0.5000
779.460,-78.282,34.728,0.331,4.825,17.948,20.688,0.000,0.000,0.5000
779.470,-78.234,34.748,0.332,4.796,17.996,20.729,0.000,0.000,0.5000
779.480,-78.186,34.767,0.332,4.773,18.044,20.770,0.000,0.000,0.5000
779.490,-78.139,34.786,0.332,4.753,18.091,20.811,0.000,0.000,0.5000
779.500,-78.091,34.804,0.332,4.735,18.139,20.851,0.000,0.000,0.5000
779.510,-78.044,34.821,0.332,4.718,18.186,20.892,0.000,0.000,0.5000
779.520,-77.997,34.838,0.332,4.703,18.233,20.932,0.000,0.000,0.5000
779.530,-77.950,34.854,0.332,4.691,18.280,20.973,0.000,0.000,0.5000
779.540,-77.903,34.870,0.331,4.679,18.327,21.013,0.000,0.000,0.5000
779.550,-77.857,34.886,0.331,4.665,18.373,21.054,0.000,0.000,0.5000
779.560,-77.810,34.900,0.330,4.650,18.420,21.094,0.000,0.000,0.5000
779.570,-77.764,34.915,0.329,4.632,18.466,21.135,0.000,0.000,0.5000
779.580,-77.718,34.929,0.329,4.613,18.512,21.175,0.000,0.000,0.5000
779.590,-77.672,34.942,0.328,4.591,18.558,21.215,0.000,0.000,0.5000
779.600,-77.626,34.955,0.327,4.567,18.604,21.255,0.000,0.000,0.5000
779.610,-77.581,34.968,0.326,4.542,18.649,21.294,0.000,0.000,0.5000
779.620,-77.536,34.980,0.326,4.517,18.694,21.334,0.000,0.000,0.5000
779.630,-77.491,34.992,0.325,4.493,18.739,21.373,0.000,0.000,0.5000
779.640,-77.446,35.003,0.324,4.473,18.784,21.412,0.000,0.000,0.5000
779.650,-77.402,35.014,0.323,4.454,18.828,21.451,0.000,0.000,0.5000
779.660,-77.357,35.025,0.323,4.444,18.873,21.490,0.000,0.000,0.5000
779.670,-77.313,35.036,0.322,4.433,18.917,21.529,0.000,0.000,0.5000
779.680,-77.269,35.046,0.321,4.419,18.961,21.568,0.000,0.000,0.4700
779.690,-77.225,35.056,0.321,4.402,19.005,21.606,0.000,0.000,0.4400
779.700,-77.181,35.066,0.320,4.384,19.049,21.644,0.000,0.000,0.4100
779.710,-77.137,35.075,0.320,4.369,19.093,21.683,0.000,0.000,0.3800
779.720,-77.094,35.084,0.319,4.353,19.136,21.721,0.000,0.000,0.3500
779.730,-77.050,35.092,0.319,4.335,19.180,21.759,0.000,0.000,0.3200
779.740,-77.007,35.100,0.319,4.317,19.223,21.796,0.000,0.000,0.2900
779.750,-76.964,35.108,0.318,4.301,19.266,21.834,0.000,0.000,0.2600
779.760,-76.921,35.115,0.318,4.289,19.309,21.871,0.000,0.000,0.2300
779.770,-76.878,35.122,0.318,4.281,19.352,21.909,0.000,0.000,0.2000
779.780,-76.836,35.129,0.318,4.241,19.394,21.946,0.000,0.000,0.1700
779.790,-76.794,35.136,0.318,4.204,19.436,21.983,0.000,0.000,0.1400
779.800,-76.752,35.142,0.318,4.175,19.478,22.019,0.000,0.000,0.1100
779.810,-76.711,35.148,0.319,4.154,19.519,22.055,0.000,0.000,0.0800
779.820,-76.669,35.154,0.319,4.137,19.561,22.091,0.000,0.000,0.0500
779.830,-76.628,35.159,0.319,4.124,19.602,22.127,0.000,0.000,0.0200
779.840,-76.587,35.165,0.319,4.111,19.643,22.163,0.000,0.000,0.0000
779.850,-76.546,35.170,0.320,4.100,19.684,22.199,0.000,0.000,0.0000
779.860,-76.505,35.175,0.320,4.096,19.725,22.235,0.000,0.000,0.0000
779.870,-76.464,35.180,0.320,4.094,19.766,22.270,0.000,0.000,0.0000
779.880,-76.423,35.185,0.320,4.092,19.807,22.306,0.000,0.000,0.0000
779.890,-76.382,35.190,0.320,4.087,19.848,22.342,0.000,0.000,0.0000
779.900,-76.341,35.194,0.320,4.078,19.889,22.378,0.000,0.000,0.0000
779.910,-76.300,35.199,0.320,4.094,19.930,22.414,0.000,0.000,0.0000
779.920,-76.259,35.204,0.320,4.101,19.971,22.450,0.000,0.000,0.0000
779.930,-76.218,35.209,0.320,4.096,20.012,22.486,0.000,0.000,0.0000
779.940,-76.178,35.213,0.320,4.080,20.052,22.522,0.000,0.000,0.0000
779.950,-76.137,35.218,0.320,4.056,20.093,22.558,0.000,0.000,0.0000
779.960,-76.097,35.222,0.320,4.025,20.133,22.593,0.000,0.000,0.0000
779.970,-76.057,35.226,0.320,3.991,20.173,22.628,0.000,0.000,0.0000
779.980,-76.017,35.230,0.320,3.954,20.213,22.663,0.000,0.000,0.0000
779.990,-75.978,35.235,0.320,3.917,20.252,22.698,0.000,0.000,0.0000
780.000,-75.939,35.239,0.320,3.879,20.291,22.732,0.000,0.000,0.0000
780.010,-75.901,35.243,0.320,3.840,20.329,22.766,0.000,0.000,0.0000
780.020,-75.863,35.247,0.321,3.801,20.367,22.799,0.000,0.000,0.0000
780.030,-75.825,35.251,0.321,3.762,20.405,22.832,0.000,0.000,0.0000
780.040,-75.788,35.254,0.321,3.723,20.442,22.865,0.000,0.000,0.0000
780.050,-75.751,35.258,0.321,3.692,20.479,22.898,0.000,0.000,0.0000
780.060,-75.715,35.262,0.322,3.661,20.515,22.930,0.000,0.000,0.0000
780.070,-75.678,35.266,0.322,3.627,20.552,22.962,0.000,0.000,0.0000
780.080,-75.643,35.269,0.322,3.591,20.588,22.993,0.000,0.000,0.0000
780.090,-75.607,35.273,0.323,3.554,20.623,23.025,0.000,0.000,0.0000
780.100,-75.572,35.276,0.323,3.515,20.658,23.056,0.000,0.000,0.0000
780.110,-75.537,35.280,0.323,3.476,20.693,23.086,0.000,0.000,0.0000
780.120,-75.503,35.283,0.323,3.436,20.727,23.117,0.000,0.000,0.0000
780.130,-75.469,35.286,0.324,3.395,20.761,23.147,0.000,0.000,0.0000
780.140,-75.435,35.290,0.324,3.355,20.795,23.176,0.000,0.000,0.0000
780.150,-75.402,35.293,0.324,3.314,20.828,23.206,0.000,0.000,0.0000
780.160,-75.369,35.296,0.324,3.273,20.861,23.235,0.000,0.000,0.0000
780.170,-75.337,35.300,0.324,3.232,20.893,23.263,0.000,0.000,0.0000
780.180,-75.305,35.303,0.325,3.191,20.925,23.292,0.000,0.000,0.0000
780.190,-75.274,35.306,0.325,3.150,20.956,23.320,0.000,0.000,0.0000
780.200,-75.243,35.309,0.325,3.109,20.988,23.347,0.000,0.000,0.0000
780.210,-75.212,35.312,0.325,3.067,21.018,23.374,0.000,0.000,0.0000
780.220,-75.182,35.315,0.325,3.026,21.048,23.401,0.000,0.000,0.0000
780.230,-75.152,35.318,0.325,2.984,21.078,23.428,0.000,0.000,0.0000
780.240,-75.122,35.321,0.325,2.939,21.108,23.454,0.000,0.000,0.0000
780.250,-75.093,35.324,0.325,2.900,21.137,23.480,0.000,0.000,0.0000
780.260,-75.065,35.327,0.325,2.858,21.165,23.505,0.000,0.000,0.0000
780.270,-75.037,35.330,0.325,2.815,21.193,23.530,0.000,0.000,0.0000
780.280,-75.009,35.333,0.325,2.772,21.221,23.555,0.000,0.000,0.0000
780.290,-74.982,35.336,0.325,2.731,21.248,23.579,0.000,0.000,0.0000
780.300,-74.955,35.338,0.325,2.690,21.275,23.603,0.000,0.000,0.0000
780.310,-74.928,35.341,0.325,2.650,21.302,23.627,0.000,0.000,0.0000
780.320,-74.902,35.344,0.325,2.611,21.328,23.650,0.000,0.000,0.0000
780.330,-74.876,35.346,0.325,2.572,21.354,23.673,0.000,0.000,0.0000
780.340,-74.851,35.349,0.325,2.532,21.379,23.696,0.000,0.000,0.0000
780.350,-74.826,35.352,0.325,2.493,21.404,23.718,0.000,0.000,0.0000
780.360,-74.802,35.354,0.325,2.453,21.428,23.740,0.000,0.000,0.0000
780.370,-74.777,35.357,0.325,2.414,21.453,23.762,0.000,0.000,0.0000
780.380,-74.754,35.359,0.325,2.374,21.476,23.783,0.000,0.000,0.0000
780.390,-74.730,35.361,0.324,2.334,21.500,23.804,0.000,0.000,0.0000
780.400,-74.707,35.364,0.324,2.295,21.523,23.824,0.000,0.000,0.0000
780.410,-74.685,35.366,0.324,2.255,21.545,23.845,0.040,0.000,0.0000
780.420,-74.663,35.368,0.324,2.215,21.567,23.864,0.080,0.000,0.0000
780.430,-74.641,35.370,0.324,2.175,21.589,23.884,0.120,0.000,0.0000
780.440,-74.620,35.372,0.324,2.135,21.610,23.903,0.160,0.000,0.0000
780.450,-74.599,35.374,0.324,2.095,21.631,23.922,0.200,0.000,0.0000
780.460,-74.578,35.376,0.324,2.079,21.652,23.940,0.240,0.000,0.0000
780.470,-74.557,35.378,0.323,2.084,21.673,23.959,0.280,0.000,0.0000
780.480,-74.536,35.380,0.323,2.103,21.694,23.978,0.320,0.000,0.0000
780.490,-74.515,35.382,0.323,2.131,21.715,23.998,0.360,0.000,0.0000
780.500,-74.493,35.384,0.322,2.168,21.737,24.017,0.400,0.000,0.0000
780.510,-74.471,35.387,0.321,2.208,21.759,24.037,0.440,0.000,0.0000
780.520,-74.449,35.389,0.320,2.249,21.782,24.058,0.480,0.000,0.0000
780.530,-74.426,35.391,0.319,2.290,21.804,24.079,0.520,0.000,0.0000
780.540,-74.402,35.393,0.318,2.332,21.828,24.100,0.560,0.000,0.0000
780.550,-74.379,35.396,0.317,2.372,21.851,24.122,0.600,0.000,0.0000
780.560,-74.355,35.398,0.316,2.413,21.875,24.144,0.640,0.000,0.0000
780.570,-74.330,35.401,0.315,2.454,21.900,24.167,0.680,0.000,0.0000
780.580,-74.305,35.403,0.314,2.494,21.925,24.189,0.720,0.000,0.0000
780.590,-74.280,35.405,0.312,2.535,21.950,24.213,0.760,0.000,0.0000
780.600,-74.254,35.408,0.311,2.576,21.976,24.236,0.800,0.000,0.0000
780.610,-74.228,35.411,0.310,2.617,22.002,24.260,0.840,0.000,0.0000
780.620,-74.201,35.413,0.309,2.659,22.029,24.284,0.880,0.000,0.0000
780.630,-74.174,35.416,0.309,2.700,22.056,24.309,0.920,0.000,0.0000
780.640,-74.147,35.418,0.308,2.742,22.083,24.334,0.960,0.000,0.0000
780.650,-74.119,35.421,0.307,2.784,22.111,24.359,1.000,0.000,0.0000
780.660,-74.091,35.424,0.307,2.826,22.139,24.385,1.000,0.000,0.0000
780.670,-74.062,35.426,0.306,2.868,22.168,24.411,1.000,0.000,0.0000
780.680,-74.033,35.429,0.306,2.910,22.197,24.437,1.000,0.000,0.0000
780.690,-74.004,35.432,0.305,2.952,22.226,24.464,1.000,0.000,0.0000
780.700,-73.974,35.435,0.305,2.993,22.256,24.491,1.000,0.000,0.0000
780.710,-73.943,35.438,0.305,3.031,22.287,24.518,1.000,0.000,0.0000
780.720,-73.913,35.441,0.305,3.070,22.317,24.546,1.000,0.000,0.0000
780.730,-73.881,35.443,0.305,3.111,22.349,24.574,1.000,0.000,0.0000
780.740,-73.850,35.446,0.305,3.153,22.380,24.602,1.000,0.000,0.0000
780.750,-73.818,35.449,0.305,3.195,22.412,24.631,1.000,0.000,0.0000
780.760,-73.786,35.452,0.306,3.238,22.444,24.660,1.000,0.000,0.0000
780.770,-73.753,35.455,0.306,3.280,22.477,24.689,1.000,0.000,0.0000
780.780,-73.720,35.458,0.306,3.323,22.510,24.719,1.000,0.000,0.0000
780.790,-73.686,35.461,0.307,3.365,22.544,24.749,1.000,0.000,0.0000
780.800,-73.652,35.464,0.307,3.407,22.578,24.780,1.000,0.000,0.0000
780.810,-73.617,35.467,0.307,3.448,22.613,24.811,1.000,0.000,0.0000
780.820,-73.583,35.470,0.308,3.489,22.647,24.842,1.000,0.000,0.0000
780.830,-73.547,35.473,0.308,3.529,22.683,24.874,1.000,0.000,0.0000
780.840,-73.512,35.476,0.309,3.569,22.718,24.906,1.000,0.000,0.0000
780.850,-73.475,35.480,0.309,3.608,22.755,24.938,1.000,0.000,0.0000
780.860,-73.439,35.483,0.309,3.647,22.791,24.971,1.000,0.000,0.0000
780.870,-73.402,35.486,0.310,3.685,22.828,25.004,1.000,0.000,0.0000
780.880,-73.365,35.489,0.310,3.723,22.865,25.037,0.940,0.000,0.0000
780.890,-73.327,35.493,0.311,3.761,22.903,25.071,0.880,0.000,0.0000
780.900,-73.289,35.496,0.311,3.796,22.941,25.106,0.820,0.000,0.0000
780.910,-73.251,35.499,0.311,3.833,22.979,25.140,0.760,0.000,0.0000
780.920,-73.212,35.503,0.311,3.871,23.018,25.175,0.700,0.000,0.0000
780.930,-73.173,35.506,0.312,3.910,23.057,25.210,0.640,0.000,0.0000
780.940,-73.134,35.510,0.312,3.951,23.096,25.246,0.580,0.000,0.0000
780.950,-73.094,35.513,0.312,3.991,23.136,25.282,0.520,0.000,0.0000
780.960,-73.053,35.517,0.312,4.032,23.177,25.319,0.460,0.000,0.0000
780.970,-73.013,35.520,0.312,4.073,23.217,25.356,0.400,0.000,0.0000
780.980,-72.972,35.524,0.312,4.113,23.258,25.393,0.340,0.000,0.0000
780.990,-72.930,35.527,0.312,4.129,23.300,25.430,0.280,0.000,0.0000
781.000,-72.889,35.531,0.312,4.124,23.341,25.468,0.220,0.000,0.0000
781.010,-72.848,35.534,0.312,4.103,23.382,25.505,0.160,0.000,0.0000
781.020,-72.807,35.538,0.313,4.069,23.423,25.542,0.100,0.000,0.0000
781.030,-72.767,35.541,0.313,4.030,23.463,25.578,0.040,0.000,0.0000
781.040,-72.727,35.545,0.314,3.990,23.503,25.614,0.000,0.000,0.0000
781.050,-72.688,35.548,0.315,3.951,23.542,25.649,0.000,0.000,0.0000
781.060,-72.649,35.552,0.316,3.912,23.581,25.685,0.000,0.000,0.0000
781.070,-72.610,35.555,0.317,3.874,23.620,25.720,0.000,0.000,0.0000
781.080,-72.571,35.558,0.317,3.837,23.659,25.754,0.000,0.000,0.0000
781.090,-72.534,35.562,0.318,3.799,23.697,25.788,0.000,0.000,0.0000
781.100,-72.496,35.565,0.319,3.761,23.734,25.822,0.000,0.000,0.0000
781.110,-72.459,35.568,0.320,3.723,23.771,25.855,0.000,0.000,0.0000
781.120,-72.422,35.572,0.321,3.684,23.808,25.889,0.000,0.000,0.0000
781.130,-72.385,35.575,0.322,3.644,23.845,25.921,0.000,0.000,0.0000
781.140,-72.349,35.578,0.323,3.603,23.881,25.954,0.000,0.000,0.0000
781.150,-72.314,35.581,0.324,3.562,23.916,25.986,0.000,0.000,0.0000
781.160,-72.279,35.584,0.325,3.520,23.951,26.018,0.000,0.000,0.0000
781.170,-72.244,35.587,0.325,3.478,23.986,26.049,0.000,0.000,0.0000
781.180,-72.209,35.590,0.326,3.435,24.021,26.080,0.000,0.000,0.0000
781.190,-72.176,35.593,0.326,3.392,24.054,26.111,0.000,0.080,0.0000
781.200,-72.142,35.596,0.327,3.347,24.088,26.141,0.000,0.160,0.0000
781.210,-72.109,35.598,0.327,3.299,24.121,26.171,0.000,0.240,0.0000
781.220,-72.077,35.601,0.328,3.249,24.153,26.201,0.000,0.320,0.0000
781.230,-72.045,35.604,0.328,3.200,24.185,26.230,0.000,0.400,0.0000
781.240,-72.013,35.607,0.328,3.153,24.217,26.259,0.000,0.480,0.0000
781.250,-71.982,35.609,0.328,3.106,24.248,26.287,0.000,0.560,0.0000
781.260,-71.951,35.612,0.329,3.060,24.279,26.315,0.000,0.640,0.0000
781.270,-71.921,35.615,0.329,3.014,24.309,26.342,0.000,0.720,0.0000
781.280,-71.892,35.617,0.329,2.969,24.338,26.369,0.000,0.800,0.0000
781.290,-71.862,35.620,0.328,2.924,24.368,26.396,0.000,0.880,0.0000
781.300,-71.834,35.622,0.328,2.879,24.396,26.423,0.000,0.960,0.0000
781.310,-71.805,35.625,0.328,2.833,24.425,26.449,0.000,1.000,0.0000
781.320,-71.777,35.627,0.328,2.789,24.453,26.474,0.000,1.000,0.0000
781.330,-71.750,35.630,0.328,2.747,24.480,26.499,0.000,1.000,0.0000
781.340,-71.723,35.632,0.327,2.709,24.507,26.524,0.000,1.000,0.0000
781.350,-71.696,35.635,0.327,2.676,24.534,26.549,0.000,1.000,0.0000
781.360,-71.670,35.637,0.327,2.639,24.560,26.573,0.000,1.000,0.0000
781.370,-71.644,35.639,0.326,2.596,24.586,26.597,0.000,1.000,0.0000
781.380,-71.618,35.641,0.326,2.552,24.612,26.621,0.000,1.000,0.0000
781.390,-71.593,35.643,0.326,2.508,24.637,26.644,0.000,1.000,0.0000
781.400,-71.568,35.645,0.325,2.467,24.662,26.667,0.000,1.000,0.0000
781.410,-71.544,35.647,0.325,2.426,24.686,26.689,0.000,1.000,0.0000
781.420,-71.520,35.649,0.325,2.387,24.710,26.711,0.000,1.000,0.0000
781.430,-71.497,35.651,0.324,2.348,24.733,26.733,0.000,1.000,0.0000
781.440,-71.474,35.653,0.324,2.309,24.756,26.754,0.000,1.000,0.0000
781.450,-71.451,35.655,0.324,2.271,24.779,26.775,0.000,1.000,0.0000
781.460,-71.429,35.656,0.323,2.233,24.801,26.795,0.000,1.000,0.0000
781.470,-71.407,35.658,0.323,2.194,24.823,26.816,0.000,1.000,0.0000
781.480,-71.385,35.660,0.323,2.156,24.845,26.835,0.000,1.000,0.0000
781.490,-71.364,35.661,0.323,2.117,24.866,26.855,0.000,1.000,0.0000
781.500,-71.343,35.663,0.323,2.078,24.887,26.874,0.000,1.000,0.0000
781.510,-71.323,35.665,0.322,2.040,24.907,26.893,0.000,1.000,0.0000
781.520,-71.303,35.666,0.322,2.001,24.927,26.911,0.000,1.000,0.0000
781.530,-71.283,35.668,0.322,1.962,24.947,26.929,0.000,1.000,0.0000
781.540,-71.264,35.669,0.322,1.923,24.966,26.947,0.000,1.000,0.0000
781.550,-71.245,35.671,0.322,1.883,24.985,26.964,0.000,1.000,0.0000
781.560,-71.227,35.672,0.322,1.844,25.003,26.981,0.000,1.000,0.0000
781.570,-71.209,35.674,0.322,1.805,25.021,26.998,0.000,1.000,0.0000
781.580,-71.191,35.675,0.322,1.765,25.039,27.014,0.000,1.000,0.0000
781.590,-71.174,35.677,0.322,1.726,25.056,27.030,0.000,1.000,0.0000
781.600,-71.157,35.678,0.322,1.686,25.073,27.045,0.000,1.000,0.0000
781.610,-71.140,35.680,0.323,1.647,25.090,27.060,0.000,1.000,0.0000
781.620,-71.124,35.681,0.323,1.607,25.106,27.075,0.000,1.000,0.0000
781.630,-71.109,35.682,0.323,1.567,25.121,27.089,0.000,1.000,0.0000
781.640,-71.093,35.684,0.323,1.527,25.137,27.103,0.000,1.000,0.0000
781.650,-71.079,35.685,0.323,1.487,25.151,27.117,0.000,1.000,0.0000
781.660,-71.064,35.686,0.323,1.447,25.166,27.130,0.000,1.000,0.0000
781.670,-71.050,35.687,0.323,1.407,25.180,27.143,0.000,1.000,0.0000
781.680,-71.036,35.688,0.323,1.367,25.194,27.156,0.000,1.000,0.0000
781.690,-71.023,35.690,0.324,1.327,25.207,27.168,0.000,1.000,0.0000
781.700,-71.010,35.691,0.324,1.287,25.220,27.180,0.000,1.000,0.0000
781.710,-70.998,35.692,0.324,1.247,25.232,27.191,0.000,1.000,0.0000
781.720,-70.986,35.693,0.324,1.206,25.244,27.202,0.000,1.000,0.0000
781.730,-70.974,35.694,0.324,1.166,25.256,27.213,0.000,1.000,0.0000
781.740,-70.963,35.695,0.324,1.126,25.267,27.223,0.000,1.000,0.0000
781.750,-70.952,35.696,0.324,1.086,25.278,27.233,0.000,1.000,0.0000
781.760,-70.941,35.697,0.324,1.045,25.289,27.243,0.000,1.000,0.0000
781.770,-70.931,35.698,0.324,1.005,25.299,27.252,0.000,1.000,0.0000
781.780,-70.922,35.698,0.324,0.965,25.308,27.261,0.000,1.000,0.0000
781.790,-70.913,35.699,0.324,0.925,25.318,27.269,0.000,1.000,0.0000
781.800,-70.904,35.700,0.325,0.884,25.326,27.277,0.000,1.000,0.0000
781.810,-70.895,35.701,0.325,0.844,25.335,27.285,0.000,1.000,0.0000
781.820,-70.887,35.702,0.325,0.804,25.343,27.292,0.000,1.000,0.0000
781.830,-70.880,35.702,0.325,0.764,25.350,27.299,0.000,1.000,0.0000
781.840,-70.872,35.703,0.325,0.724,25.358,27.306,0.000,1.000,0.0000
781.850,-70.865,35.704,0.325,0.684,25.365,27.312,0.000,1.000,0.0000
781.860,-70.859,35.704,0.325,0.634,25.371,27.318,0.000,1.000,0.0000
781.870,-70.853,35.705,0.325,0.585,25.377,27.324,0.000,1.000,0.0000
781.880,-70.848,35.705,0.325,0.538,25.382,27.329,0.000,1.000,0.0000
781.890,-70.843,35.706,0.325,0.494,25.387,27.333,0.000,1.000,0.0000
781.900,-70.838,35.706,0.325,0.451,25.392,27.337,0.000,1.000,0.0000
781.910,-70.834,35.707,0.325,0.410,25.396,27.341,0.000,1.000,0.0000
781.920,-70.831,35.707,0.325,0.370,25.399,27.344,0.000,1.000,0.0000
781.930,-70.827,35.708,0.325,0.331,25.403,27.347,0.000,1.000,0.0000
781.940,-70.824,35.708,0.325,0.292,25.406,27.350,0.000,1.000,0.0000
781.950,-70.822,35.708,0.325,0.253,25.408,27.353,0.000,1.000,0.0000
781.960,-70.820,35.709,0.324,0.214,25.410,27.355,0.000,1.000,0.0000
781.970,-70.818,35.709,0.324,0.176,25.412,27.356,0.000,1.000,0.0000
781.980,-70.817,35.709,0.324,0.139,25.413,27.357,0.000,1.000,0.0000
781.990,-70.816,35.710,0.324,0.103,25.414,27.358,0.000,1.000,0.0000
782.000,-70.815,35.710,0.324,0.074,25.415,27.359,0.000,1.000,0.0000
782.010,-70.814,35.710,0.324,0.051,25.416,27.360,0.000,1.000,0.0000
782.020,-70.814,35.710,0.324,0.035,25.416,27.360,0.000,1.000,0.0000
782.030,-70.814,35.710,0.324,0.028,25.416,27.360,0.000,1.000,0.0000
782.040,-70.814,35.710,0.323,0.029,25.416,27.360,0.000,1.000,0.0000
782.050,-70.814,35.710,0.323,0.034,25.416,27.360,0.000,1.000,0.0000
782.060,-70.814,35.710,0.323,0.041,25.416,27.360,0.000,1.000,0.0000
782.070,-70.814,35.710,0.322,0.046,25.416,27.360,0.000,1.000,0.0000
782.080,-70.814,35.710,0.322,0.051,25.416,27.360,0.000,1.000,0.0000
782.090,-70.815,35.710,0.321,0.054,25.415,27.361,0.000,1.000,0.0000
782.100,-70.815,35.710,0.321,0.056,25.415,27.361,0.000,1.000,0.0000
782.110,-70.815,35.710,0.320,0.058,25.415,27.361,0.000,1.000,0.0000
782.120,-70.815,35.710,0.319,0.058,25.415,27.361,0.000,1.000,0.0000
782.130,-70.815,35.710,0.319,0.058,25.415,27.361,0.000,1.000,0.0000
782.140,-70.815,35.710,0.318,0.056,25.415,27.361,0.000,1.000,0.0000
782.150,-70.815,35.710,0.318,0.054,25.415,27.361,0.000,1.000,0.0000
782.160,-70.815,35.710,0.317,0.052,25.415,27.361,0.000,1.000,0.0000
782.170,-70.816,35.710,0.317,0.048,25.414,27.361,0.000,1.000,0.0000
782.180,-70.816,35.710,0.316,0.045,25.414,27.361,0.000,1.000,0.0000
782.190,-70.816,35.710,0.316,0.041,25.414,27.361,0.000,1.000,0.0000
782.200,-70.816,35.710,0.316,0.036,25.414,27.362,0.000,1.000,0.0000
782.210,-70.816,35.710,0.315,0.032,25.414,27.362,0.000,1.000,0.0000
782.220,-70.816,35.710,0.315,0.027,25.414,27.362,0.000,1.000,0.0000
782.230,-70.816,35.710,0.315,0.022,25.414,27.362,0.000,1.000,0.0000
782.240,-70.816,35.710,0.315,0.017,25.414,27.362,0.000,1.000,0.0000
782.250,-70.816,35.710,0.315,0.013,25.414,27.362,0.000,1.000,0.0000
782.260,-70.816,35.710,0.314,0.008,25.414,27.362,0.000,1.000,0.0000
782.270,-70.816,35.710,0.314,0.004,25.414,27.362,0.000,1.000,0.0000
782.280,-70.816,35.710,0.314,0.001,25.414,27.362,0.000,1.000,0.0000
782.290,-70.816,35.710,0.314,0.004,25.414,27.362,0.000,1.000,0.0000
782.300,-70.816,35.710,0.315,0.007,25.414,27.362,0.000,1.000,0.0000
782.310,-70.816,35.710,0.315,0.011,25.414,27.362,0.000,1.000,0.0000
782.320,-70.816,35.710,0.315,0.013,25.414,27.362,0.000,1.000,0.0000
782.330,-70.816,35.710,0.315,0.016,25.414,27.362,0.000,1.000,0.0000
782.340,-70.816,35.710,0.315,0.018,25.414,27.362,0.000,1.000,0.0000
782.350,-70.816,35.710,0.315,0.019,25.414,27.362,0.000,1.000,0.0000
782.360,-70.816,35.710,0.315,0.020,25.414,27.362,0.000,1.000,0.0000
782.370,-70.816,35.710,0.316,0.021,25.414,27.362,0.000,1.000,0.0000
782.380,-70.816,35.710,0.316,0.021,25.414,27.362,0.000,1.000,0.0000
782.390,-70.816,35.710,0.316,0.021,25.414,27.362,0.000,0.900,0.0000
782.400,-70.816,35.710,0.316,0.021,25.414,27.362,0.000,0.800,0.0000
782.410,-70.816,35.710,0.317,0.021,25.414,27.361,0.000,0.700,0.0000
782.420,-70.815,35.710,0.317,0.020,25.415,27.361,0.000,0.600,0.0000
782.430,-70.815,35.710,0.317,0.019,25.415,27.361,0.000,0.500,0.0000
782.440,-70.815,35.710,0.317,0.018,25.415,27.361,0.000,0.400,0.0000
782.450,-70.815,35.710,0.317,0.016,25.415,27.361,0.000,0.300,0.0000
782.460,-70.815,35.710,0.317,0.015,25.415,27.361,0.000,0.200,0.0000
782.470,-70.815,35.710,0.318,0.013,25.415,27.361,0.000,0.100,0.0000
782.480,-70.815,35.710,0.318,0.011,25.415,27.361,0.000,0.000,0.0000
782.490,-70.815,35.710,0.318,0.009,25.415,27.361,0.000,0.000,0.0000
782.500,-70.815,35.710,0.318,0.008,25.415,27.361,0.000,0.000,0.0000
782.510,-70.815,35.710,0.318,0.006,25.415,27.361,0.000,0.000,0.0000
782.520,-70.815,35.710,0.318,0.004,25.415,27.361,0.000,0.000,0.0000
782.530,-70.815,35.710,0.318,0.002,25.415,27.361,0.000,0.000,0.0000
782.540,-70.815,35.710,0.318,0.001,25.415,27.361,0.000,0.000,0.0000
782.550,-70.815,35.710,0.318,0.001,25.415,27.361,0.000,0.000,0.0000
782.560,-70.815,35.710,0.318,0.002,25.415,27.361,0.000,0.000,0.0000
782.570,-70.815,35.710,0.318,0.003,25.415,27.361,0.000,0.000,0.0000
782.580,-70.815,35.710,0.318,0.004,25.415,27.361,0.000,0.000,0.0000
782.590,-70.815,35.710,0.318,0.005,25.415,27.361,0.000,0.000,0.0000
782.600,-70.815,35.710,0.318,0.006,25.415,27.361,0.000,0.000,0.0000
782.610,-70.815,35.710,0.318,0.007,25.415,27.361,0.000,0.000,0.0000
782.620,-70.815,35.710,0.318,0.007,25.415,27.361,0.000,0.000,0.0000
782.630,-70.815,35.710,0.317,0.008,25.415,27.361,0.000,0.000,0.0000
782.640,-70.815,35.710,0.317,0.008,25.415,27.361,0.000,0.000,0.0000
782.650,-70.815,35.710,0.317,0.008,25.415,27.361,0.000,0.000,0.0000
782.660,-70.815,35.710,0.317,0.008,25.415,27.361,0.000,0.000,0.0000
782.670,-70.815,35.710,0.317,0.008,25.415,27.361,0.000,0.000,0.0000
782.680,-70.815,35.710,0.317,0.007,25.415,27.361,0.000,0.000,0.0000
782.690,-70.815,35.710,0.317,0.007,25.415,27.361,0.000,0.000,0.0000
782.700,-70.815,35.710,0.317,0.007,25.415,27.361,0.000,0.000,0.0000
782.710,-70.815,35.710,0.317,0.006,25.415,27.361,0.000,0.000,0.0000
782.720,-70.815,35.710,0.317,0.006,25.415,27.361,0.000,0.000,0.0000
782.730,-70.815,35.710,0.317,0.005,25.415,27.361,0.000,0.000,0.0000
782.740,-70.815,35.710,0.317,0.004,25.415,27.361,0.000,0.000,0.0000
782.750,-70.815,35.710,0.317,0.004,25.415,27.361,0.000,0.000,0.0000
782.760,-70.816,35.710,0.317,0.003,25.415,27.361,0.000,0.000,0.0000
782.770,-70.816,35.710,0.317,0.002,25.415,27.361,0.000,0.000,0.0000
782.780,-70.816,35.710,0.317,0.002,25.415,27.361,0.000,0.000,0.0000
782.790,-70.816,35.710,0.317,0.001,25.415,27.361,0.000,0.000,0.0000
782.800,-70.816,35.710,0.317,0.001,25.415,27.361,0.000,0.000,0.0000
782.810,-70.816,35.710,0.317,0.000,25.415,27.361,0.000,0.000,0.0000
782.820,-70.816,35.710,0.317,0.001,25.415,27.361,0.000,0.000,0.0000
782.830,-70.815,35.710,0.317,0.001,25.415,27.361,0.000,0.000,0.0000
782.840,-70.815,35.710,0.317,0.001,25.415,27.361,0.000,0.000,0.0000
782.850,-70.815,35.710,0.317,0.002,25.415,27.361,0.000,0.000,0.0000
782.860,-70.815,35.710,0.317,0.002,25.415,27.361,0.000,0.000,0.0000
782.870,-70.815,35.710,0.317,0.002,25.415,27.361,0.000,0.000,0.0000
782.880,-70.815,35.710,0.317,0.003,25.415,27.361,0.000,0.000,0.0000
782.890,-70.815,35.710,0.317,0.003,25.415,27.361,0.000,0.000,0.0000
782.900,-70.815,35.710,0.317,0.003,25.415,27.361,0.000,0.000,0.0000
782.910,-70.815,35.710,0.317,0.003,25.415,27.361,0.000,0.000,0.0000
782.920,-70.815,35.710,0.317,0.003,25.415,27.361,0.000,0.000,0.0000
782.930,-70.815,35.710,0.317,0.003,25.415,27.361,0.000,0.000,0.0000
782.940,-70.815,35.710,0.317,0.003,25.415,27.361,0.000,0.000,0.0000
782.950,-70.815,35.710,0.317,0.003,25.415,27.361,0.000,0.000,0.0000
782.960,-70.815,35.710,0.317,0.003,25.415,27.361,0.000,0.000,0.0000
782.970,-70.815,35.710,0.317,0.002,25.415,27.361,0.000,0.000,0.0000
782.980,-70.815,35.710,0.317,0.002,25.415,27.361,0.000,0.000,0.0000
782.990,-70.815,35.710,0.317,0.002,25.415,27.361,0.000,0.000,0.0000
783.000,-70.815,35.710,0.317,0.002,25.415,27.361,0.000,0.000,0.0000
783.010,-70.815,35.710,0.317,0.001,25.415,27.361,0.000,0.000,0.0000
783.020,-70.815,35.710,0.317,0.001,25.415,27.361,0.000,0.000,0.0000
783.030,-70.815,35.710,0.317,0.001,25.415,27.361,0.000,0.000,0.0000
783.040,-70.815,35.710,0.317,0.001,25.415,27.361,0.000,0.000,0.0000
783.050,-70.815,35.710,0.317,0.001,25.415,27.361,0.000,0.000,0.0000
783.060,-70.815,35.710,0.317,0.000,25.415,27.361,0.000,0.000,0.0000
783.070,-70.815,35.710,0.317,0.000,25.415,27.361,0.000,0.000,0.0000
783.080,-70.815,35.710,0.317,0.000,25.415,27.361,0.000,0.000,0.0000
783.090,-70.815,35.710,0.317,0.000,25.415,27.361,0.000,0.000,0.0000
783.100,-70.815,35.710,0.317,0.000,25.415,27.361,0.000,0.000,0.0000
783.110,-70.815,35.710,0.317,0.001,25.415,27.361,0.000,0.000,0.0000
783.120,-70.815,35.710,0.317,0.001,25.415,27.361,0.000,0.000,0.0000
783.130,-70.815,35.710,0.317,0.001,25.415,27.361,0.000,0.000,0.0000
783.140,-70.815,35.710,0.317,0.001,25.415,27.361,0.000,0.000,0.0000
783.150,-70.815,35.710,0.317,0.001,25.415,27.361,0.000,0.000,0.0000
783.160,-70.815,35.710,0.317,0.001,25.415,27.361,0.000,0.000,0.0000
783.170,-70.815,35.710,0.317,0.001,25.415,27.361,0.000,0.000,0.0000
783.180,-70.815,35.710,0.317,0.001,25.415,27.361,0.000,0.000,0.0000
783.190,-70.815,35.710,0.317,0.001,25.415,27.361,0.000,0.000,0.0000
783.200,-70.815,35.710,0.317,0.001,25.415,27.361,0.000,0.000,0.0000
783.210,-70.815,35.710,0.317,0.001,25.415,27.361,0.000,0.000,0.0000
783.220,-70.815,35.710,0.317,0.001,25.415,27.361,0.000,0.000,0.0000
783.230,-70.815,35.710,0.317,0.001,25.415,27.361,0.000,0.000,0.0000
783.240,-70.815,35.710,0.317,0.001,25.415,27.361,0.000,0.000,0.0000
783.250,-70.815,35.710,0.317,0.001,25.415,27.361,0.000,0.000,0.0000
783.260,-70.815,35.710,0.317,0.001,25.415,27.361,0.000,0.000,0.0000
783.270,-70.815,35.710,0.317,0.001,25.415,27.361,0.000,0.000,0.0000
783.280,-70.815,35.710,0.317,0.000,25.415,27.361,0.000,0.000,0.0000
783.290,-70.815,35.710,0.317,0.000,25.415,27.361,0.000,0.000,0.0000
783.300,-70.815,35.710,0.317,0.000,25.415,27.361,0.000,0.000,0.0000
783.310,-70.815,35.710,0.317,0.000,25.415,27.361,0.000,0.000,0.0000
783.320,-70.815,35.710,0.317,0.000,25.415,27.361,0.000,0.000,0.0000
783.330,-70.815,35.710,0.317,0.000,25.415,27.361,0.000,0.000,0.0000
783.340,-70.815,35.710,0.317,0.000,25.415,27.361,0.000,0.000,0.0000
783.350,-70.815,35.710,0.317,0.000,25.415,27.361,0.000,0.000,0.0000
783.360,-70.815,35.710,0.317,0.000,25.415,27.361,0.000,0.000,0.0000
783.370,-70.815,35.710,0.317,0.000,25.415,27.361,0.000,0.000,0.0000
783.380,-70.815,35.710,0.317,0.000,25.415,27.361,0.000,0.000,0.0000
783.390,-70.815,35.710,0.317,0.000,25.415,27.361,0.000,0.000,0.0000
783.400,-70.815,35.710,0.317,0.000,25.415,27.361,0.000,0.000,0.0000
783.410,-70.815,35.710,0.317,0.000,25.415,27.361,0.000,0.000,0.0000
783.420,-70.815,35.710,0.317,0.000,25.415,27.361,0.000,0.000,0.0000
783.430,-70.815,35.710,0.317,0.000,25.415,27.361,0.000,0.000,0.0000
783.440,-70.815,35.710,0.317,0.000,25.415,27.361,0.000,0.000,0.0000
783.450,-70.815,35.710,0.317,0.000,25.415,27.361,0.000,0.000,0.0000
783.460,-70.815,35.710,0.317,0.000,25.415,27.361,0.000,0.000,0.0000
783.470,-70.815,35.710,0.317,0.000,25.415,27.361,0.000,0.000,0.0000
783.480,-70.815,35.710,0.317,0.000,25.415,27.361,0.000,0.000,0.0000
783.490,-70.815,35.710,0.317,0.000,25.415,27.361,0.000,0.000,0.0000
783.500,-70.815,35.710,0.317,0.000,25.415,27.361,0.000,0.000,0.0000
783.510,-70.815,35.710,0.317,0.000,25.415,27.361,0.000,0.000,0.0000
783.520,-70.815,35.710,0.317,0.000,25.415,27.361,0.000,0.000,0.0000
783.530,-70.815,35.710,0.317,0.000,25.415,27.361,0.000,0.000,0.0000
783.540,-70.815,35.710,0.317,0.000,25.415,27.361,0.000,0.000,0.0000
783.550,-70.815,35.710,0.317,0.000,25.415,27.361,0.000,0.000,0.0000
783.560,-70.815,35.710,0.317,0.000,25.415,27.361,0.000,0.000,0.0000
783.570,-70.815,35.710,0.317,0.000,25.415,27.361,0.000,0.000,0.0000
783.580,-70.815,35.710,0.317,0.000,25.415,27.361,0.000,0.000,0.0000
783.590,-70.815,35.710,0.317,0.000,25.415,27.361,0.000,0.000,0.0000
783.600,-70.815,35.710,0.317,0.000,25.415,27.361,0.000,0.000,0.0000
783.610,-70.815,35.710,0.317,0.000,25.415,27.361,0.000,0.000,0.0000
783.620,-70.815,35.710,0.317,0.000,25.415,27.361,0.000,0.000,0.0000
783.630,-70.815,35.710,0.317,0.000,25.415,27.361,0.000,0.000,0.0000
783.640,-70.815,35.710,0.317,0.000,25.415,27.361,0.000,0.000,0.0000
783.650,-70.815,35.710,0.317,0.000,25.415,27.361,0.000,0.000,0.0000
783.660,-70.815,35.710,0.317,0.000,25.415,27.361,0.000,0.000,0.0000
783.670,-70.815,35.710,0.317,0.000,25.415,27.361,0.000,0.000,0.0000
783.680,-70.815,35.710,0.317,0.000,25.415,27.361,0.000,0.000,0.0000
783.690,-70.815,35.710,0.317,0.000,25.415,27.361,0.000,0.000,0.0000
783.700,-70.815,35.710,0.317,0.000,25.415,27.361,0.000,0.000,0.0000
783.710,-70.815,35.710,0.317,0.000,25.415,27.361,0.000,0.000,0.0000
783.720,-70.815,35.710,0.317,0.000,25.415,27.361,0.000,0.000,0.0000
783.730,-70.815,35.710,0.317,0.000,25.415,27.361,0.000,0.000,0.0000
783.740,-70.815,35.710,0.317,0.000,25.415,27.361,0.000,0.000,0.0000
783.750,-70.815,35.710,0.317,0.000,25.415,27.361,0.000,0.000,0.0000
783.760,-70.815,35.710,0.317,0.000,25.415,27.361,0.000,0.000,0.0000
783.770,-70.815,35.710,0.317,0.000,25.415,27.361,0.000,0.000,0.0000
783.780,-70.815,35.710,0.317,0.000,25.415,27.361,0.000,0.000,0.0000
783.790,-70.815,35.710,0.317,0.000,25.415,27.361,0.000,0.000,0.0000
783.800,-70.815,35.710,0.317,0.000,25.415,27.361,0.000,0.000,0.0000
783.810,-70.815,35.710,0.317,0.000,25.415,27.361,0.000,0.000,0.0000
783.820,-70.815,35.710,0.317,0.000,25.415,27.361,0.000,0.000,0.0000
783.830,-70.815,35.710,0.317,0.000,25.415,27.361,0.000,0.000,0.0000
783.840,-70.815,35.710,0.317,0.000,25.415,27.361,0.000,0.000,0.0000
783.850,-70.815,35.710,0.317,0.000,25.415,27.361,0.000,0.000,0.0000
783.860,-70.815,35.710,0.317,0.000,25.415,27.361,0.000,0.000,0.0000
783.870,-70.815,35.710,0.317,0.000,25.415,27.361,0.000,0.000,0.0000
783.880,-70.815,35.710,0.317,0.000,25.415,27.361,0.000,0.000,0.0000
783.890,-70.815,35.710,0.317,0.000,25.415,27.361,0.000,0.000,0.0000
783.900,-70.815,35.710,0.317,0.000,25.415,27.361,0.000,0.000,0.0000
783.910,-70.815,35.710,0.317,0.000,25.415,27.361,0.000,0.000,0.0000
783.920,-70.815,35.710,0.317,0.000,25.415,27.361,0.000,0.000,0.0000
783.930,-70.815,35.710,0.317,0.000,25.415,27.361,0.000,0.000,0.0000
783.940,-70.815,35.710,0.317,0.000,25.415,27.361,0.000,0.000,0.0000
783.950,-70.815,35.710,0.317,0.000,25.415,27.361,0.000,0.000,0.0000
783.960,-70.815,35.710,0.317,0.000,25.415,27.361,0.000,0.000,0.0000
783.970,-70.815,35.710,0.317,0.000,25.415,27.361,0.000,0.000,0.0000
783.980,-70.815,35.710,0.317,0.000,25.415,27.361,0.000,0.000,0.0000
783.990,-70.815,35.710,0.317,0.000,25.415,27.361,0.000,0.000,0.0000
784.000,-70.815,35.710,0.317,0.000,25.415,27.361,0.000,0.000,0.0000
784.010,-70.815,35.710,0.317,0.000,25.415,27.361,0.000,0.000,0.0000
784.020,-70.815,35.710,0.317,0.000,25.415,27.361,0.000,0.000,0.0000
784.030,-70.815,35.710,0.317,0.000,25.415,27.361,0.000,0.000,0.0000
784.040,-70.815,35.710,0.317,0.000,25.415,27.361,0.000,0.000,0.0000
784.050,-70.815,35.710,0.317,0.000,25.415,27.361,0.000,0.000,0.0000
784.060,-70.815,35.710,0.317,0.000,25.415,27.361,0.000,0.000,0.0000
784.070,-70.815,35.710,0.317,0.000,25.415,27.361,0.000,0.000,0.0000
784.080,-70.815,35.710,0.317,0.000,25.415,27.361,0.000,0.000,0.0000
784.090,-70.815,35.710,0.317,0.000,25.415,27.361,0.000,0.000,0.0000
784.100,-70.815,35.710,0.317,0.000,25.415,27.361,0.000,0.000,0.0000
784.110,-70.815,35.710,0.317,0.000,25.415,27.361,0.000,0.000,0.0000
784.120,-70.815,35.710,0.317,0.000,25.415,27.361,0.000,0.000,0.0000
784.130,-70.815,35.710,0.317,0.000,25.415,27.361,0.000,0.000,0.0000
784.140,-70.815,35.710,0.317,0.000,25.415,27.361,0.000,0.000,0.0000
784.150,-70.815,35.710,0.317,0.000,25.415,27.361,0.000,0.000,0.0000
784.160,-70.815,35.710,0.317,0.000,25.415,27.361,0.000,0.000,0.0000
784.170,-70.815,35.710,0.317,0.000,25.415,27.361,0.000,0.000,0.0000
784.180,-70.815,35.710,0.317,0.000,25.415,27.361,0.000,0.000,0.0000
784.190,-70.815,35.710,0.317,0.000,25.415,27.361,0.000,0.000,0.0000
784.200,-70.815,35.710,0.317,0.000,25.415,27.361,0.000,0.000,0.0000
784.210,-70.815,35.710,0.317,0.000,25.415,27.361,0.000,0.000,0.0000
784.220,-70.815,35.710,0.317,0.000,25.415,27.361,0.000,0.000,0.0000
784.230,-70.815,35.710,0.317,0.000,25.415,27.361,0.000,0.000,0.0000
784.240,-70.815,35.710,0.317,0.000,25.415,27.361,0.000,0.000,0.0000
784.250,-70.815,35.710,0.317,0.000,25.415,27.361,0.000,0.000,0.0000
784.260,-70.815,35.710,0.317,0.000,25.415,27.361,0.000,0.000,0.0000
784.270,-70.815,35.710,0.317,0.000,25.415,27.361,0.000,0.000,0.0000
784.280,-70.815,35.710,0.317,0.000,25.415,27.361,0.000,0.000,0.0000
784.290,-70.815,35.710,0.317,0.000,25.415,27.361,0.000,0.000,0.0000
784.300,-70.815,35.710,0.317,0.000,25.415,27.361,0.000,0.000,0.0000
784.310,-70.815,35.710,0.317,0.000,25.415,27.361,0.000,0.000,0.0000
784.320,-70.815,35.710,0.317,0.000,25.415,27.361,0.000,0.000,0.0000
784.330,-70.815,35.710,0.317,0.000,25.415,27.361,0.000,0.000,0.0000
784.340,-70.815,35.710,0.317,0.000,25.415,27.361,0.000,0.000,0.0000
784.350,-70.815,35.710,0.317,0.000,25.415,27.361,0.000,0.000,0.0000
784.360,-70.815,35.710,0.317,0.000,25.415,27.361,0.000,0.000,0.0000
784.370,-70.815,35.710,0.317,0.000,25.415,27.361,0.000,0.000,0.0000
784.380,-70.815,35.710,0.317,0.000,25.415,27.361,0.000,0.000,0.0000
784.390,-70.815,35.710,0.317,0.000,25.415,27.361,0.000,0.000,0.0000
784.400,-70.815,35.710,0.317,0.000,25.415,27.361,0.000,0.000,0.0000
784.410,-70.815,35.710,0.317,0.000,25.415,27.361,0.000,0.000,0.0000
784.420,-70.815,35.710,0.317,0.000,25.415,27.361,0.000,0.000,0.0000
784.430,-70.815,35.710,0.317,0.000,25.415,27.361,0.000,0.000,0.0000
784.440,-70.815,35.710,0.317,0.000,25.415,27.361,0.000,0.000,0.0000
784.450,-70.815,35.710,0.317,0.000,25.415,27.361,0.000,0.000,0.0000
784.460,-70.815,35.710,0.317,0.000,25.415,27.361,0.000,0.000,0.0000
784.470,-70.815,35.710,0.317,0.000,25.415,27.361,0.000,0.000,0.0000
784.480,-70.815,35.710,0.317,0.000,25.415,27.361,0.000,0.000,0.0000
784.490,-70.815,35.710,0.317,0.000,25.415,27.361,0.000,0.000,0.0000
784.500,-70.815,35.710,0.317,0.000,25.415,27.361,0.000,0.000,0.0000
784.510,-70.815,35.710,0.317,0.000,25.415,27.361,0.000,0.000,0.0000
784.520,-70.815,35.710,0.317,0.000,25.415,27.361,0.000,0.000,0.0000
784.530,-70.815,35.710,0.317,0.000,25.415,27.361,0.000,0.000,0.0000
784.540,-70.815,35.710,0.317,0.000,25.415,27.361,0.000,0.000,0.0000
784.550,-70.815,35.710,0.317,0.000,25.415,27.361,0.000,0.000,0.0000
784.560,-70.815,35.710,0.317,0.000,25.415,27.361,0.000,0.000,0.0000
784.570,-70.815,35.710,0.317,0.000,25.415,27.361,0.000,0.000,0.0000
784.580,-70.815,35.710,0.317,0.000,25.415,27.361,0.000,0.000,0.0000
784.590,-70.815,35.710,0.317,0.000,25.415,27.361,0.000,0.000,0.0000
784.600,-70.815,35.710,0.317,0.000,25.415,27.361,0.000,0.000,0.0000
784.610,-70.815,35.710,0.317,0.000,25.415,27.361,0.000,0.000,0.0000
784.620,-70.815,35.710,0.317,0.000,25.415,27.361,0.000,0.000,0.0000
784.630,-70.815,35.710,0.317,0.000,25.415,27.361,0.000,0.000,0.0000
784.640,-70.815,35.710,0.317,0.000,25.415,27.361,0.000,0.000,0.0000
784.650,-70.815,35.710,0.317,0.000,25.415,27.361,0.000,0.000,0.0000
784.660,-70.815,35.710,0.317,0.000,25.415,27.361,0.000,0.000,0.0000
784.670,-70.815,35.710,0.317,0.000,25.415,27.361,0.000,0.000,0.0000
784.680,-70.815,35.710,0.317,0.000,25.415,27.361,0.000,0.000,0.0000
784.690,-70.815,35.710,0.317,0.000,25.415,27.361,0.000,0.000,0.0000
784.700,-70.815,35.710,0.317,0.000,25.415,27.361,0.000,0.000,0.0000
784.710,-70.815,35.710,0.317,0.000,25.415,27.361,0.000,0.000,0.0000
784.720,-70.815,35.710,0.317,0.000,25.415,27.361,0.000,0.000,0.0000
784.730,-70.815,35.710,0.317,0.000,25.415,27.361,0.000,0.000,0.0000
784.740,-70.815,35.710,0.317,0.000,25.415,27.361,0.000,0.000,0.0000
784.750,-70.815,35.710,0.317,0.000,25.415,27.361,0.000,0.000,0.0000
784.760,-70.815,35.710,0.317,0.000,25.415,27.361,0.000,0.000,0.0000
784.770,-70.815,35.710,0.317,0.000,25.415,27.361,0.000,0.000,0.0000
784.780,-70.815,35.710,0.317,0.000,25.415,27.361,0.000,0.000,0.0000
784.790,-70.815,35.710,0.317,0.000,25.415,27.361,0.000,0.000,0.0000
784.800,-70.815,35.710,0.317,0.000,25.415,27.361,0.000,0.000,0.0000
784.810,-70.815,35.710,0.317,0.000,25.415,27.361,0.000,0.000,0.0000
784.820,-70.815,35.710,0.317,0.000,25.415,27.361,0.000,0.000,0.0000
784.830,-70.815,35.710,0.317,0.000,25.415,27.361,0.000,0.000,0.0000
784.840,-70.815,35.710,0.317,0.000,25.415,27.361,0.000,0.000,0.0000
784.850,-70.815,35.710,0.317,0.000,25.415,27.361,0.000,0.000,0.0000
784.860,-70.815,35.710,0.317,0.000,25.415,27.361,0.000,0.000,0.0000
784.870,-70.815,35.710,0.317,0.000,25.415,27.361,0.000,0.000,0.0000
784.880,-70.815,35.710,0.317,0.000,25.415,27.361,0.000,0.000,0.0000
784.890,-70.815,35.710,0.317,0.000,25.415,27.361,0.000,0.000,0.0000
784.900,-70.815,35.710,0.317,0.000,25.415,27.361,0.000,0.000,0.0000
784.910,-70.815,35.710,0.317,0.000,25.415,27.361,0.000,0.000,0.0000
784.920,-70.815,35.710,0.317,0.000,25.415,27.361,0.000,0.000,0.0000
784.930,-70.815,35.710,0.317,0.000,25.415,27.361,0.000,0.000,0.0000
784.940,-70.815,35.710,0.317,0.000,25.415,27.361,0.000,0.000,0.0000
784.950,-70.815,35.710,0.317,0.000,25.415,27.361,0.000,0.000,0.0000
784.960,-70.815,35.710,0.317,0.000,25.415,27.361,0.000,0.000,0.0000
784.970,-70.815,35.710,0.317,0.000,25.415,27.361,0.000,0.000,0.0000
784.980,-70.815,35.710,0.317,0.000,25.415,27.361,0.000,0.000,0.0000
784.990,-70.815,35.710,0.317,0.000,25.415,27.361,0.000,0.000,0.0000
785.000,-70.815,35.710,0.317,0.000,25.415,27.361,0.000,0.000,0.0000
785.010,-70.815,35.710,0.317,0.000,25.415,27.361,0.000,0.000,0.0000
785.020,-70.815,35.710,0.317,0.000,25.415,27.361,0.040,0.000,0.0000
785.030,-70.815,35.710,0.317,0.015,25.415,27.362,0.080,0.000,0.0000
785.040,-70.815,35.710,0.317,0.042,25.415,27.362,0.120,0.000,0.0000
785.050,-70.814,35.710,0.317,0.077,25.416,27.363,0.160,0.000,0.0000
785.060,-70.813,35.710,0.316,0.117,25.417,27.364,0.200,0.000,0.0000
785.070,-70.811,35.710,0.316,0.159,25.419,27.366,0.240,0.000,0.0000
785.080,-70.809,35.710,0.316,0.200,25.421,27.367,0.280,0.000,0.0000
785.090,-70.807,35.710,0.315,0.242,25.423,27.370,0.320,0.000,0.0000
785.100,-70.804,35.711,0.315,0.282,25.426,27.373,0.360,0.000,0.0000
785.110,-70.801,35.711,0.314,0.321,25.429,27.376,0.400,0.000,0.0000
785.120,-70.798,35.711,0.314,0.361,25.432,27.379,0.440,0.000,0.0000
785.130,-70.794,35.711,0.313,0.400,25.436,27.383,0.480,0.000,0.0000
785.140,-70.789,35.712,0.312,0.439,25.441,27.387,0.520,0.000,0.0000
785.150,-70.784,35.712,0.312,0.478,25.446,27.392,0.560,0.000,0.0000
785.160,-70.779,35.712,0.311,0.517,25.451,27.397,0.600,0.000,0.0000
785.170,-70.774,35.713,0.311,0.557,25.456,27.402,0.640,0.000,0.0000
785.180,-70.768,35.713,0.310,0.593,25.462,27.408,0.680,0.000,0.0000
785.190,-70.762,35.713,0.310,0.631,25.468,27.414,0.720,0.000,0.0000
785.200,-70.755,35.714,0.309,0.669,25.475,27.420,0.760,0.000,0.0000
785.210,-70.748,35.714,0.309,0.709,25.482,27.427,0.800,0.000,0.0000
785.220,-70.740,35.715,0.309,0.749,25.490,27.434,0.840,0.000,0.0000
785.230,-70.732,35.715,0.309,0.790,25.498,27.441,0.880,0.000,0.0000
785.240,-70.724,35.716,0.308,0.831,25.506,27.449,0.920,0.000,0.0000
785.250,-70.715,35.717,0.308,0.871,25.515,27.457,0.960,0.000,0.0000
785.260,-70.706,35.717,0.308,0.912,25.524,27.465,1.000,0.000,0.0000
785.270,-70.697,35.718,0.308,0.953,25.533,27.474,1.000,0.000,0.0000
785.280,-70.687,35.719,0.308,0.994,25.543,27.483,1.000,0.000,0.0000
785.290,-70.676,35.719,0.308,1.034,25.554,27.493,1.000,0.000,0.0000
785.300,-70.666,35.720,0.308,1.075,25.564,27.503,1.000,0.000,0.0000
785.310,-70.655,35.721,0.308,1.115,25.575,27.513,1.000,0.000,0.0000
785.320,-70.643,35.722,0.308,1.156,25.587,27.524,1.000,0.000,0.0000
785.330,-70.631,35.722,0.308,1.196,25.599,27.535,1.000,0.000,0.0000
785.340,-70.619,35.723,0.308,1.235,25.611,27.546,1.000,0.000,0.0000
785.350,-70.606,35.724,0.308,1.272,25.624,27.558,1.000,0.000,0.0000
785.360,-70.593,35.725,0.309,1.310,25.637,27.570,1.000,0.000,0.0000
785.370,-70.579,35.726,0.309,1.348,25.651,27.582,1.000,0.000,0.0000
785.380,-70.566,35.727,0.309,1.387,25.664,27.595,1.000,0.000,0.0000
785.390,-70.551,35.728,0.309,1.427,25.679,27.608,1.000,0.000,0.0000
785.400,-70.537,35.729,0.309,1.467,25.693,27.621,1.000,0.000,0.0000
785.410,-70.522,35.730,0.310,1.507,25.708,27.635,1.000,0.000,0.0000
785.420,-70.506,35.731,0.310,1.547,25.724,27.649,1.000,0.000,0.0000
785.430,-70.490,35.732,0.310,1.588,25.740,27.664,1.000,0.000,0.0000
785.440,-70.474,35.733,0.310,1.628,25.756,27.679,1.000,0.000,0.0000
785.450,-70.457,35.734,0.310,1.668,25.773,27.694,1.000,0.000,0.0000
785.460,-70.440,35.736,0.310,1.708,25.790,27.710,1.000,0.000,0.0000
785.470,-70.423,35.737,0.311,1.748,25.807,27.726,1.000,0.000,0.0000
785.480,-70.405,35.738,0.311,1.788,25.825,27.742,1.000,0.000,0.0000
785.490,-70.387,35.739,0.311,1.829,25.843,27.759,1.000,0.000,0.0000
785.500,-70.368,35.740,0.311,1.869,25.862,27.776,1.000,0.000,0.0000
785.510,-70.349,35.742,0.311,1.909,25.881,27.794,1.000,0.000,0.0000
785.520,-70.329,35.743,0.311,1.949,25.901,27.812,1.000,0.000,0.0000
785.530,-70.309,35.744,0.311,1.989,25.921,27.830,1.000,0.000,0.0000
785.540,-70.289,35.746,0.311,2.029,25.941,27.849,1.000,0.000,0.0000
785.550,-70.268,35.747,0.311,2.070,25.962,27.868,1.000,0.000,0.0000
785.560,-70.247,35.748,0.311,2.110,25.983,27.888,1.000,0.000,0.0000
785.570,-70.226,35.750,0.311,2.150,26.004,27.907,1.000,0.000,0.0000
785.580,-70.204,35.751,0.311,2.190,26.026,27.928,1.000,0.000,0.0000
785.590,-70.182,35.753,0.311,2.230,26.048,27.948,1.000,0.000,0.0000
785.600,-70.159,35.754,0.311,2.271,26.071,27.969,1.000,0.000,0.0000
785.610,-70.136,35.756,0.311,2.311,26.094,27.991,1.000,0.000,0.0000
785.620,-70.112,35.757,0.311,2.351,26.118,28.012,1.000,0.000,0.0000
785.630,-70.088,35.759,0.311,2.391,26.142,28.035,1.000,0.000,0.0000
785.640,-70.064,35.760,0.310,2.431,26.166,28.057,1.000,0.000,0.0000
785.650,-70.039,35.762,0.310,2.471,26.191,28.080,1.000,0.000,0.0000
785.660,-70.014,35.764,0.310,2.510,26.216,28.103,1.000,0.000,0.0000
785.670,-69.989,35.765,0.310,2.550,26.241,28.127,1.000,0.000,0.0000
785.680,-69.963,35.767,0.310,2.590,26.267,28.151,1.000,0.000,0.0000
785.690,-69.937,35.769,0.310,2.629,26.293,28.175,1.000,0.000,0.0000
785.700,-69.910,35.771,0.310,2.668,26.320,28.200,1.000,0.000,0.0000
785.710,-69.883,35.772,0.310,2.707,26.347,28.225,1.000,0.000,0.0000
785.720,-69.855,35.774,0.310,2.746,26.375,28.250,1.000,0.000,0.0000
785.730,-69.827,35.776,0.310,2.785,26.403,28.276,1.000,0.000,0.0000
785.740,-69.799,35.778,0.310,2.824,26.431,28.302,1.000,0.000,0.0000
785.750,-69.771,35.780,0.310,2.862,26.459,28.329,1.000,0.000,0.0000
785.760,-69.742,35.782,0.310,2.900,26.488,28.356,1.000,0.000,0.0000
785.770,-69.712,35.784,0.310,2.938,26.518,28.383,1.000,0.000,0.0000
785.780,-69.682,35.786,0.310,2.976,26.548,28.410,1.000,0.000,0.0000
785.790,-69.652,35.788,0.310,3.014,26.578,28.438,1.000,0.000,0.0000
785.800,-69.622,35.790,0.310,3.053,26.608,28.467,1.000,0.000,0.0000
785.810,-69.591,35.792,0.310,3.094,26.639,28.495,1.000,0.000,0.0000
785.820,-69.560,35.794,0.310,3.135,26.671,28.524,1.000,0.000,0.0000
785.830,-69.528,35.796,0.310,3.175,26.702,28.554,1.000,0.000,0.0000
785.840,-69.496,35.798,0.310,3.213,26.734,28.583,1.000,0.000,0.0000
785.850,-69.463,35.800,0.310,3.251,26.767,28.614,1.000,0.000,0.0000
785.860,-69.430,35.803,0.310,3.290,26.800,28.644,1.000,0.000,0.0000
785.870,-69.397,35.805,0.310,3.331,26.833,28.675,1.000,0.000,0.0000
785.880,-69.363,35.807,0.310,3.372,26.867,28.706,1.000,0.000,0.0000
785.890,-69.329,35.809,0.310,3.413,26.901,28.738,1.000,0.000,0.0000
785.900,-69.294,35.812,0.310,3.455,26.936,28.770,1.000,0.000,0.0000
785.910,-69.260,35.814,0.310,3.497,26.970,28.802,1.000,0.000,0.0000
785.920,-69.224,35.816,0.310,3.539,27.006,28.835,1.000,0.000,0.0000
785.930,-69.188,35.819,0.310,3.581,27.042,28.869,1.000,0.000,0.0000
785.940,-69.152,35.821,0.310,3.622,27.078,28.902,1.000,0.000,0.0000
785.950,-69.115,35.824,0.310,3.664,27.115,28.936,1.000,0.000,0.0000
785.960,-69.078,35.826,0.310,3.705,27.152,28.971,1.000,0.000,0.0000
785.970,-69.041,35.829,0.310,3.746,27.189,29.006,1.000,0.000,0.0000
785.980,-69.003,35.831,0.310,3.787,27.227,29.041,1.000,0.000,0.0000
785.990,-68.965,35.834,0.310,3.828,27.265,29.076,1.000,0.000,0.0000
786.000,-68.926,35.836,0.310,3.868,27.304,29.112,1.000,0.000,0.0000
786.010,-68.887,35.839,0.310,3.908,27.343,29.149,1.000,0.000,0.0000
786.020,-68.848,35.841,0.310,3.948,27.382,29.185,1.000,0.000,0.0000
786.030,-68.808,35.844,0.310,3.987,27.422,29.223,1.000,0.000,0.0000
786.040,-68.767,35.847,0.310,4.026,27.463,29.260,1.000,0.000,0.0000
786.050,-68.727,35.850,0.310,4.065,27.503,29.298,1.000,0.000,0.0000
786.060,-68.686,35.852,0.310,4.103,27.544,29.336,1.000,0.000,0.0000
786.070,-68.644,35.855,0.310,4.141,27.586,29.375,1.000,0.000,0.0000
786.080,-68.604,35.858,0.310,4.046,27.626,29.412,1.000,0.000,0.0000
786.090,-68.563,35.861,0.311,4.057,27.667,29.450,1.000,0.000,0.0000
786.100,-68.524,35.864,0.311,3.969,27.706,29.487,1.000,0.000,0.0000
786.110,-68.484,35.866,0.312,3.963,27.746,29.523,1.000,0.000,0.0000
786.120,-68.444,35.869,0.312,4.045,27.786,29.561,1.000,0.000,0.0000
786.130,-68.402,35.872,0.312,4.115,27.828,29.599,1.000,0.000,0.0000
786.140,-68.360,35.875,0.312,4.230,27.870,29.639,1.000,0.000,0.0000
786.150,-68.317,35.877,0.312,4.293,27.913,29.679,1.000,0.000,0.0000
786.160,-68.273,35.880,0.312,4.374,27.957,29.720,1.000,0.000,0.0000
786.170,-68.229,35.883,0.312,4.424,28.001,29.761,1.000,0.000,0.0000
786.180,-68.184,35.886,0.311,4.490,28.046,29.803,1.000,0.000,0.0000
786.190,-68.139,35.889,0.311,4.550,28.091,29.846,1.000,0.000,0.0000
786.200,-68.093,35.892,0.311,4.605,28.137,29.889,1.000,0.000,0.0000
786.210,-68.046,35.895,0.310,4.656,28.184,29.932,1.000,0.000,0.0000
786.220,-67.999,35.898,0.310,4.705,28.231,29.976,1.000,0.000,0.0000
786.230,-67.952,35.902,0.310,4.753,28.278,30.021,1.000,0.000,0.0000
786.240,-67.904,35.905,0.309,4.799,28.326,30.066,1.000,0.000,0.0000
786.250,-67.855,35.908,0.309,4.845,28.375,30.111,1.000,0.000,0.0000
786.260,-67.806,35.911,0.309,4.892,28.424,30.157,1.000,0.000,0.0000
786.270,-67.757,35.915,0.308,4.940,28.473,30.203,1.000,0.000,0.0000
786.280,-67.707,35.918,0.308,4.990,28.523,30.250,1.000,0.000,0.0000
786.290,-67.657,35.921,0.308,5.038,28.573,30.297,1.000,0.000,0.0000
786.300,-67.606,35.925,0.308,5.083,28.624,30.345,1.000,0.000,0.0000
786.310,-67.554,35.928,0.308,5.126,28.676,30.393,1.000,0.000,0.0000
786.320,-67.503,35.932,0.307,5.166,28.727,30.441,1.000,0.000,0.0000
786.330,-67.451,35.935,0.307,5.204,28.779,30.490,1.000,0.000,0.0000
786.340,-67.398,35.939,0.307,5.241,28.832,30.539,1.000,0.000,0.0000
786.350,-67.346,35.942,0.308,5.272,28.884,30.589,1.000,0.000,0.0000
786.360,-67.293,35.946,0.308,5.304,28.937,30.638,1.000,0.000,0.0000
786.370,-67.239,35.950,0.308,5.337,28.991,30.688,1.000,0.000,0.0000
786.380,-67.185,35.953,0.308,5.375,29.045,30.738,1.000,0.000,0.0000
786.390,-67.131,35.957,0.308,5.416,29.099,30.789,1.000,0.000,0.0000
786.400,-67.077,35.961,0.309,5.458,29.153,30.840,1.000,0.000,0.0000
786.410,-67.022,35.965,0.309,5.501,29.208,30.892,1.000,0.000,0.0000
786.420,-66.966,35.968,0.309,5.545,29.264,30.944,1.000,0.000,0.0000
786.430,-66.910,35.972,0.309,5.590,29.320,30.996,1.000,0.000,0.0000
786.440,-66.854,35.976,0.310,5.635,29.376,31.049,1.000,0.000,0.0000
786.450,-66.797,35.980,0.310,5.680,29.433,31.102,1.000,0.000,0.0000
786.460,-66.740,35.984,0.310,5.725,29.490,31.156,1.000,0.000,0.0000
786.470,-66.682,35.988,0.310,5.768,29.548,31.210,1.000,0.000,0.0000
786.480,-66.624,35.992,0.310,5.808,29.606,31.264,1.000,0.000,0.0000
786.490,-66.566,35.996,0.311,5.846,29.664,31.319,1.000,0.000,0.0000
786.500,-66.507,36.000,0.311,5.883,29.723,31.374,1.000,0.000,0.0000
786.510,-66.448,36.004,0.311,5.919,29.782,31.430,1.000,0.000,0.0000
786.520,-66.388,36.008,0.311,5.953,29.842,31.486,1.000,0.000,0.0000
786.530,-66.328,36.012,0.311,5.987,29.902,31.542,1.000,0.000,0.0000
786.540,-66.268,36.016,0.311,6.020,29.962,31.599,1.000,0.000,0.0000
786.550,-66.208,36.020,0.311,6.047,30.022,31.656,1.000,0.000,0.0000
786.560,-66.147,36.024,0.312,6.076,30.083,31.713,1.000,0.000,0.0000
786.570,-66.086,36.028,0.312,6.102,30.144,31.770,1.000,0.000,0.0000
786.580,-66.025,36.033,0.312,6.116,30.205,31.828,1.000,0.000,0.0000
786.590,-65.963,36.037,0.312,6.159,30.267,31.886,1.000,0.000,0.0000
786.600,-65.901,36.041,0.312,6.207,30.329,31.944,1.000,0.000,0.0000
786.610,-65.839,36.045,0.312,6.257,30.391,32.003,1.000,0.000,0.0000
786.620,-65.775,36.050,0.312,6.307,30.455,32.063,1.000,0.000,0.0000
786.630,-65.712,36.054,0.312,6.357,30.518,32.123,1.000,0.000,0.0000
786.640,-65.648,36.058,0.312,6.406,30.582,32.183,1.000,0.000,0.0000
786.650,-65.584,36.063,0.313,6.413,30.646,32.243,1.000,0.000,0.0000
786.660,-65.519,36.068,0.315,6.478,30.711,32.304,1.000,0.000,0.0000
786.670,-65.454,36.073,0.317,6.512,30.776,32.364,1.000,0.000,0.0000
786.680,-65.388,36.078,0.321,6.587,30.842,32.425,1.000,0.000,0.0000
786.690,-65.322,36.082,0.324,6.655,30.908,32.487,1.000,0.000,0.0000
786.700,-65.255,36.087,0.328,6.710,30.975,32.549,1.000,0.000,0.0000
786.710,-65.187,36.092,0.331,6.754,31.043,32.611,1.000,0.000,0.0000
786.720,-65.119,36.096,0.335,6.791,31.111,32.674,1.000,0.000,0.0000
786.730,-65.051,36.101,0.339,6.821,31.179,32.737,1.000,0.000,0.0000
786.740,-64.983,36.106,0.342,6.843,31.247,32.801,1.000,0.000,0.0000
786.750,-64.914,36.110,0.346,6.865,31.316,32.865,1.000,0.000,0.0000
786.760,-64.846,36.115,0.349,6.894,31.385,32.929,1.000,0.000,0.0000
786.770,-64.776,36.120,0.352,6.935,31.454,32.993,1.000,0.000,0.0000
786.780,-64.706,36.124,0.355,6.982,31.524,33.058,1.000,0.000,0.0000
786.790,-64.636,36.129,0.357,7.031,31.594,33.124,1.000,0.000,0.0000
786.800,-64.565,36.134,0.359,7.080,31.665,33.191,1.000,0.000,0.0000
786.810,-64.494,36.138,0.361,7.129,31.736,33.257,1.000,0.000,0.0000
786.820,-64.422,36.143,0.363,7.175,31.808,33.325,1.000,0.000,0.0000
786.830,-64.350,36.148,0.364,7.219,31.880,33.393,1.000,0.000,0.0000
786.840,-64.278,36.153,0.365,7.259,31.952,33.462,1.000,0.000,0.0000
786.850,-64.205,36.158,0.365,7.295,32.025,33.531,1.000,0.000,0.0000
786.860,-64.131,36.163,0.365,7.330,32.099,33.600,1.000,0.000,0.0000
786.870,-64.058,36.168,0.365,7.363,32.172,33.670,1.000,0.000,0.0000
786.880,-63.984,36.173,0.365,7.394,32.246,33.740,1.000,0.000,0.0000
786.890,-63.910,36.178,0.365,7.423,32.320,33.811,1.000,0.000,0.0000
786.900,-63.835,36.183,0.364,7.447,32.395,33.881,1.000,0.000,0.0000
786.910,-63.760,36.188,0.364,7.469,32.470,33.953,1.000,0.000,0.0000
786.920,-63.686,36.194,0.363,7.493,32.545,34.024,1.000,0.000,0.0000
786.930,-63.610,36.199,0.362,7.528,32.620,34.096,1.000,0.000,0.0000
786.940,-63.535,36.204,0.361,7.572,32.696,34.168,1.000,0.000,0.0000
786.950,-63.458,36.209,0.360,7.621,32.772,34.241,1.000,0.000,0.0000
786.960,-63.382,36.215,0.358,7.672,32.848,34.314,1.000,0.000,0.0000
786.970,-63.304,36.220,0.357,7.724,32.926,34.388,1.000,0.000,0.0000
786.980,-63.227,36.225,0.356,7.775,33.003,34.462,1.000,0.000,0.0000
786.990,-63.148,36.231,0.354,7.822,33.082,34.537,1.000,0.000,0.0000
787.000,-63.070,36.236,0.353,7.865,33.160,34.612,1.000,0.000,0.0000
787.010,-62.991,36.242,0.352,7.905,33.239,34.688,1.000,0.000,0.0000
787.020,-62.911,36.247,0.351,7.942,33.319,34.764,1.000,0.000,0.0000
787.030,-62.832,36.253,0.350,7.977,33.398,34.840,1.000,0.000,0.0000
787.040,-62.752,36.259,0.349,8.009,33.479,34.917,1.000,0.000,0.0000
787.050,-62.671,36.264,0.348,8.036,33.559,34.993,1.000,0.000,0.0000
787.060,-62.591,36.270,0.347,8.060,33.639,35.070,1.000,0.000,0.0000
787.070,-62.510,36.276,0.347,8.083,33.720,35.148,1.000,0.000,0.0000
787.080,-62.429,36.281,0.346,8.093,33.801,35.225,1.000,0.000,0.0000
787.090,-62.347,36.287,0.346,8.139,33.883,35.302,1.000,0.000,0.0000
787.100,-62.265,36.293,0.346,8.193,33.965,35.381,1.000,0.000,0.0000
787.110,-62.183,36.299,0.345,8.250,34.047,35.459,1.000,0.000,0.0000
787.120,-62.100,36.304,0.345,8.307,34.130,35.539,1.000,0.000,0.0000
787.130,-62.016,36.310,0.345,8.362,34.214,35.618,1.000,0.000,0.0000
787.140,-61.932,36.316,0.345,8.412,34.298,35.699,1.000,0.000,0.0000
787.150,-61.848,36.322,0.345,8.462,34.383,35.779,1.000,0.000,0.0000
787.160,-61.762,36.328,0.345,8.507,34.468,35.861,1.000,0.000,0.0000
787.170,-61.677,36.334,0.345,8.546,34.553,35.942,1.000,0.000,0.0000
787.180,-61.591,36.340,0.346,8.581,34.639,36.024,1.000,0.000,0.0000
787.190,-61.505,36.346,0.346,8.605,34.725,36.106,1.000,0.000,0.0000
787.200,-61.419,36.352,0.346,8.628,34.811,36.189,1.000,0.000,0.0000
787.210,-61.332,36.358,0.347,8.650,34.898,36.271,1.000,0.000,0.0000
787.220,-61.246,36.364,0.347,8.662,34.984,36.354,1.000,0.000,0.0000
787.230,-61.159,36.371,0.348,8.707,35.071,36.437,1.000,0.000,0.0000
787.240,-61.071,36.377,0.348,8.761,35.159,36.520,1.000,0.000,0.0000
787.250,-60.983,36.383,0.349,8.819,35.247,36.605,1.000,0.000,0.0000
787.260,-60.894,36.389,0.349,8.876,35.336,36.689,1.000,0.000,0.0000
787.270,-60.805,36.395,0.350,8.930,35.425,36.775,1.000,0.000,0.0000
787.280,-60.715,36.402,0.350,8.980,35.515,36.861,1.000,0.000,0.0000
787.290,-60.625,36.408,0.350,9.027,35.605,36.947,1.000,0.000,0.0000
787.300,-60.534,36.414,0.350,9.069,35.696,37.034,1.000,0.000,0.0000
787.310,-60.443,36.421,0.351,9.104,35.787,37.121,1.000,0.000,0.0000
787.320,-60.352,36.427,0.351,9.110,35.878,37.208,1.000,0.000,0.0000
787.330,-60.261,36.434,0.351,9.105,35.969,37.295,1.000,0.000,0.0000
787.340,-60.170,36.440,0.352,9.101,36.060,37.382,1.000,0.000,0.0000
787.350,-60.079,36.447,0.352,9.096,36.151,37.469,1.000,0.000,0.0000
787.360,-59.988,36.453,0.353,9.091,36.242,37.556,1.000,0.000,0.0000
787.370,-59.897,36.459,0.353,9.087,36.333,37.643,1.000,0.000,0.0000
787.380,-59.806,36.466,0.353,9.162,36.425,37.731,1.000,0.000,0.0000
787.390,-59.713,36.472,0.353,9.287,36.517,37.820,1.000,0.000,0.0000
787.400,-59.619,36.479,0.353,9.401,36.611,37.911,1.000,0.000,0.0000
787.410,-59.524,36.486,0.353,9.495,36.706,38.002,1.000,0.000,0.0000
787.420,-59.428,36.493,0.352,9.567,36.802,38.094,1.000,0.000,0.0000
787.430,-59.332,36.499,0.352,9.619,36.898,38.186,1.000,0.000,0.0000
787.440,-59.235,36.506,0.351,9.657,36.995,38.279,1.000,0.000,0.0000
787.450,-59.138,36.513,0.351,9.684,37.092,38.372,1.000,0.000,0.0000
787.460,-59.041,36.520,0.351,9.694,37.189,38.466,1.000,0.000,0.0000
787.470,-58.944,36.527,0.350,9.707,37.286,38.559,1.000,0.000,0.0000
787.480,-58.847,36.534,0.350,9.734,37.383,38.652,1.000,0.000,0.0000
787.490,-58.749,36.541,0.350,9.773,37.481,38.746,1.000,0.000,0.0000
787.500,-58.651,36.548,0.350,9.819,37.579,38.841,1.000,0.000,0.0000
787.510,-58.552,36.555,0.350,9.870,37.678,38.936,1.000,0.000,0.0000
787.520,-58.453,36.562,0.349,9.920,37.777,39.031,1.000,0.000,0.0000
787.530,-58.354,36.569,0.349,9.968,37.876,39.127,1.000,0.000,0.0000
787.540,-58.253,36.577,0.349,10.012,37.977,39.224,1.000,0.000,0.0000
787.550,-58.153,36.584,0.349,10.051,38.077,39.320,1.000,0.000,0.0000
787.560,-58.052,36.591,0.349,10.083,38.178,39.418,1.000,0.000,0.0000
787.570,-57.951,36.598,0.349,10.110,38.279,39.515,1.000,0.000,0.0000
787.580,-57.850,36.606,0.349,10.123,38.380,39.612,1.000,0.000,0.0000
787.590,-57.748,36.613,0.349,10.142,38.482,39.710,1.000,0.000,0.0000
787.600,-57.647,36.620,0.349,10.175,38.583,39.808,1.000,0.000,0.0000
787.610,-57.544,36.627,0.349,10.220,38.686,39.906,1.000,0.000,0.0000
787.620,-57.442,36.635,0.350,10.271,38.788,40.005,1.000,0.000,0.0000
787.630,-57.338,36.642,0.350,10.325,38.892,40.105,1.000,0.000,0.0000
787.640,-57.235,36.650,0.350,10.385,38.995,40.205,1.000,0.000,0.0000
787.650,-57.130,36.657,0.349,10.437,39.100,40.306,1.000,0.000,0.0000
787.660,-57.025,36.664,0.347,10.481,39.205,40.407,1.000,0.000,0.0000
787.670,-56.920,36.671,0.343,10.515,39.310,40.510,1.000,0.000,0.0000
787.680,-56.815,36.678,0.340,10.534,39.415,40.612,1.000,0.000,0.0000
787.690,-56.710,36.685,0.336,10.546,39.520,40.715,1.000,0.000,0.0000
787.700,-56.604,36.693,0.332,10.561,39.626,40.818,1.000,0.000,0.0000
787.710,-56.499,36.701,0.328,10.569,39.731,40.921,1.000,0.000,0.0000
787.720,-56.392,36.708,0.325,10.613,39.838,41.024,1.000,0.000,0.0000
787.730,-56.286,36.716,0.321,10.668,39.944,41.128,1.000,0.000,0.0000
787.740,-56.179,36.724,0.317,10.729,40.051,41.232,1.000,0.000,0.0000
787.750,-56.071,36.732,0.314,10.790,40.159,41.338,1.000,0.000,0.0000
787.760,-55.962,36.740,0.310,10.846,40.268,41.443,1.000,0.000,0.0000
787.770,-55.853,36.748,0.307,10.896,40.377,41.549,1.000,0.000,0.0000
787.780,-55.744,36.756,0.304,10.939,40.486,41.656,1.000,0.000,0.0080
787.790,-55.634,36.764,0.302,10.973,40.596,41.762,1.000,0.000,0.0160
787.800,-55.524,36.772,0.300,11.000,40.706,41.869,1.000,0.000,0.0240
787.810,-55.414,36.780,0.298,11.025,40.816,41.976,1.000,0.000,0.0320
787.820,-55.304,36.788,0.296,11.039,40.926,42.083,1.000,0.000,0.0400
787.830,-55.193,36.796,0.295,11.059,41.037,42.190,1.000,0.000,0.0480
787.840,-55.082,36.804,0.295,11.083,41.148,42.298,1.000,0.000,0.0560
787.850,-54.971,36.813,0.294,11.110,41.259,42.405,1.000,0.000,0.0640
787.860,-54.860,36.821,0.294,11.135,41.370,42.513,1.000,0.000,0.0720
787.870,-54.748,36.829,0.295,11.157,41.482,42.621,1.000,0.000,0.0800
787.880,-54.637,36.837,0.295,11.172,41.593,42.729,1.000,0.000,0.0880
787.890,-54.525,36.845,0.296,11.179,41.705,42.837,1.000,0.000,0.0960
787.900,-54.413,36.853,0.297,11.176,41.817,42.945,1.000,0.000,0.1040
787.910,-54.302,36.861,0.298,11.164,41.929,43.053,1.000,0.000,0.1120
787.920,-54.190,36.869,0.300,11.142,42.040,43.160,1.000,0.000,0.1200
787.930,-54.079,36.876,0.302,11.103,42.151,43.267,1.000,0.000,0.1280
787.940,-53.968,36.884,0.304,11.111,42.262,43.375,1.000,0.000,0.1360
787.950,-53.857,36.891,0.306,11.130,42.373,43.482,1.000,0.000,0.1440
787.960,-53.745,36.898,0.308,11.152,42.485,43.590,1.000,0.000,0.1520
787.970,-53.633,36.904,0.309,11.170,42.597,43.697,1.000,0.000,0.1600
787.980,-53.522,36.911,0.311,11.182,42.708,43.805,1.000,0.000,0.1680
787.990,-53.410,36.917,0.313,11.183,42.820,43.913,1.000,0.000,0.1760
788.000,-53.299,36.922,0.315,11.121,42.931,44.021,1.000,0.000,0.1840
788.010,-53.188,36.927,0.317,11.058,43.042,44.128,1.000,0.000,0.1920
788.020,-53.078,36.932,0.319,11.003,43.152,44.234,1.000,0.000,0.1620
788.030,-52.968,36.936,0.321,10.970,43.262,44.340,1.000,0.000,0.1320
788.040,-52.858,36.939,0.322,10.993,43.372,44.446,1.000,0.000,0.1020
788.050,-52.748,36.942,0.324,11.028,43.482,44.553,1.000,0.000,0.0720
788.060,-52.638,36.945,0.325,11.064,43.592,44.660,1.000,0.000,0.0420
788.070,-52.527,36.947,0.325,11.098,43.703,44.768,1.000,0.000,0.0120
788.080,-52.415,36.948,0.326,11.126,43.815,44.876,1.000,0.000,0.0000
788.090,-52.304,36.949,0.326,11.147,43.926,44.984,1.000,0.000,0.0000
788.100,-52.192,36.949,0.326,11.159,44.038,45.092,1.000,0.000,0.0000
788.110,-52.081,36.949,0.326,11.161,44.149,45.201,1.000,0.000,0.0000
788.120,-51.969,36.948,0.326,11.154,44.261,45.309,1.000,0.000,0.0000
788.130,-51.858,36.947,0.326,11.135,44.372,45.417,1.000,0.000,0.0000
788.140,-51.747,36.945,0.326,11.098,44.483,45.525,1.000,0.000,0.0000
788.150,-51.636,36.943,0.326,11.092,44.594,45.633,1.000,0.000,0.0000
788.160,-51.525,36.941,0.325,11.096,44.705,45.741,1.000,0.000,0.0000
788.170,-51.414,36.938,0.325,11.107,44.816,45.849,1.000,0.000,0.0000
788.180,-51.303,36.935,0.324,11.120,44.927,45.957,1.000,0.000,0.0000
788.190,-51.191,36.932,0.323,11.141,45.039,46.066,1.000,0.000,0.0000
788.200,-51.080,36.929,0.322,11.160,45.150,46.175,1.000,0.000,0.0000
788.210,-50.968,36.926,0.321,11.174,45.262,46.284,1.000,0.000,0.0000
788.220,-50.856,36.922,0.320,11.180,45.374,46.393,1.000,0.000,0.0000
788.230,-50.744,36.919,0.319,11.178,45.486,46.502,1.000,0.000,0.0000
788.240,-50.633,36.916,0.319,11.170,45.597,46.611,1.000,0.000,0.0000
788.250,-50.521,36.912,0.318,11.151,45.709,46.719,1.000,0.000,0.0000
788.260,-50.410,36.909,0.317,11.123,45.820,46.828,1.000,0.000,0.0000
788.270,-50.299,36.906,0.316,11.131,45.931,46.936,1.000,0.000,0.0000
788.280,-50.187,36.902,0.316,11.149,46.043,47.045,1.000,0.000,0.0000
788.290,-50.075,36.899,0.315,11.167,46.155,47.154,1.000,0.000,0.0000
788.300,-49.964,36.895,0.315,11.183,46.266,47.263,1.000,0.000,0.0000
788.310,-49.852,36.892,0.314,11.182,46.378,47.372,1.000,0.000,0.0000
788.320,-49.740,36.888,0.314,11.178,46.490,47.481,1.000,0.000,0.0000
788.330,-49.628,36.885,0.313,11.172,46.602,47.590,1.000,0.000,0.0000
788.340,-49.517,36.882,0.313,11.164,46.713,47.699,1.000,0.000,0.0000
788.350,-49.405,36.878,0.313,11.151,46.825,47.807,1.000,0.000,0.0000
788.360,-49.294,36.875,0.313,11.144,46.936,47.916,1.000,0.000,0.0000
788.370,-49.182,36.872,0.313,11.148,47.048,48.025,1.000,0.000,0.0000
788.380,-49.071,36.869,0.313,11.160,47.159,48.133,1.000,0.000,0.0000
788.390,-48.959,36.865,0.313,11.176,47.271,48.242,1.000,0.000,0.0000
788.400,-48.847,36.862,0.313,11.190,47.383,48.352,1.000,0.000,0.0000
788.410,-48.735,36.859,0.313,11.200,47.495,48.461,1.000,0.000,0.0000
788.420,-48.623,36.855,0.314,11.199,47.607,48.570,1.000,0.000,0.0000
788.430,-48.511,36.852,0.314,11.195,47.719,48.679,1.000,0.000,0.0000
788.440,-48.399,36.848,0.314,11.187,47.831,48.788,1.000,0.000,0.0000
788.450,-48.287,36.845,0.314,11.176,47.943,48.897,1.000,0.000,0.0000
788.460,-48.176,36.842,0.315,11.156,48.054,49.006,1.000,0.000,0.0000
788.470,-48.064,36.838,0.315,11.144,48.166,49.115,1.000,0.000,0.0000
788.480,-47.953,36.835,0.316,11.150,48.277,49.223,1.000,0.000,0.0000
788.490,-47.841,36.831,0.316,11.164,48.389,49.332,1.000,0.000,0.0000
788.500,-47.729,36.828,0.316,11.180,48.501,49.441,1.000,0.000,0.0000
788.510,-47.618,36.824,0.316,11.194,48.612,49.551,1.000,0.000,0.0000
788.520,-47.506,36.821,0.317,11.202,48.724,49.660,1.000,0.000,0.0000
788.530,-47.394,36.818,0.317,11.198,48.836,49.769,1.000,0.000,0.0000
788.540,-47.282,36.814,0.317,11.191,48.948,49.878,1.000,0.000,0.0000
788.550,-47.170,36.811,0.317,11.181,49.060,49.988,1.000,0.000,0.0000
788.560,-47.058,36.807,0.317,11.167,49.172,50.097,1.000,0.000,0.0000
788.570,-46.947,36.804,0.318,11.152,49.283,50.206,1.000,0.000,0.0000
788.580,-46.835,36.801,0.318,11.149,49.395,50.314,1.000,0.000,0.0000
788.590,-46.724,36.797,0.318,11.156,49.506,50.423,1.000,0.000,0.0000
788.600,-46.612,36.794,0.318,11.169,49.618,50.533,1.000,0.000,0.0000
788.610,-46.500,36.790,0.318,11.183,49.730,50.642,1.000,0.000,0.0000
788.620,-46.388,36.787,0.318,11.184,49.842,50.751,1.000,0.000,0.0000
788.630,-46.276,36.783,0.318,11.184,49.954,50.861,1.000,0.000,0.0000
788.640,-46.165,36.780,0.318,11.182,50.065,50.970,1.000,0.000,0.0000
788.650,-46.053,36.776,0.318,11.178,50.177,51.079,1.000,0.000,0.0000
788.660,-45.941,36.773,0.318,11.169,50.289,51.188,1.000,0.000,0.0000
788.670,-45.830,36.769,0.318,11.157,50.401,51.298,1.000,0.000,0.0000
788.680,-45.718,36.766,0.318,11.147,50.512,51.407,1.000,0.000,0.0000
788.690,-45.607,36.763,0.318,11.148,50.623,51.516,1.000,0.000,0.0000
788.700,-45.495,36.759,0.318,11.158,50.735,51.625,1.000,0.000,0.0000
788.710,-45.383,36.756,0.318,11.171,50.847,51.734,1.000,0.000,0.0000
788.720,-45.271,36.752,0.318,11.184,50.959,51.844,1.000,0.000,0.0000
788.730,-45.159,36.749,0.318,11.194,51.071,51.953,1.000,0.000,0.0000
788.740,-45.048,36.745,0.317,11.191,51.182,52.063,1.000,0.000,0.0000
788.750,-44.936,36.742,0.317,11.186,51.294,52.172,1.000,0.000,0.0000
788.760,-44.824,36.739,0.317,11.177,51.406,52.282,1.000,0.000,0.0000
788.770,-44.712,36.735,0.317,11.166,51.518,52.391,1.000,0.000,0.0000
788.780,-44.601,36.732,0.317,11.147,51.629,52.500,1.000,0.000,0.0000
788.790,-44.489,36.729,0.317,11.137,51.741,52.609,1.000,0.000,0.0000
788.800,-44.378,36.726,0.317,11.144,51.852,52.718,1.000,0.000,0.0000
788.810,-44.266,36.722,0.317,11.158,51.964,52.828,1.000,0.000,0.0000
788.820,-44.155,36.719,0.317,11.174,52.075,52.937,1.000,0.000,0.0000
788.830,-44.043,36.716,0.317,11.188,52.187,53.047,1.000,0.000,0.0000
788.840,-43.931,36.713,0.317,11.189,52.299,53.156,1.000,0.000,0.0000
788.850,-43.819,36.709,0.316,11.187,52.411,53.266,1.000,0.000,0.0000
788.860,-43.707,36.706,0.316,11.182,52.523,53.375,1.000,0.000,0.0000
788.870,-43.595,36.702,0.316,11.174,52.635,53.485,1.000,0.000,0.0000
788.880,-43.484,36.699,0.316,11.162,52.746,53.594,1.000,0.000,0.0000
788.890,-43.372,36.696,0.316,11.148,52.858,53.703,1.000,0.000,0.0000
788.900,-43.261,36.693,0.316,11.145,52.969,53.813,1.000,0.000,0.0000
788.910,-43.149,36.689,0.316,11.153,53.081,53.922,1.000,0.000,0.0000
788.920,-43.038,36.686,0.317,11.166,53.192,54.031,1.000,0.000,0.0000
788.930,-42.926,36.683,0.316,11.180,53.304,54.141,1.000,0.000,0.0000
788.940,-42.814,36.679,0.316,11.191,53.416,54.251,1.000,0.000,0.0000
788.950,-42.702,36.676,0.316,11.190,53.528,54.360,1.000,0.000,0.0000
788.960,-42.590,36.673,0.316,11.186,53.640,54.470,1.000,0.000,0.0000
788.970,-42.478,36.670,0.316,11.180,53.752,54.580,1.000,0.000,0.0000
788.980,-42.367,36.667,0.316,11.170,53.863,54.689,1.000,0.000,0.0000
788.990,-42.255,36.664,0.317,11.157,53.975,54.799,1.000,0.000,0.0000
789.000,-42.144,36.661,0.317,11.147,54.086,54.908,1.000,0.000,0.0000
789.010,-42.032,36.657,0.317,11.148,54.198,55.017,1.000,0.000,0.0000
789.020,-41.921,36.654,0.317,11.158,54.309,55.127,1.000,0.000,0.0000
789.030,-41.809,36.651,0.317,11.172,54.421,55.236,1.000,0.000,0.0000
789.040,-41.697,36.648,0.317,11.185,54.533,55.346,1.000,0.000,0.0000
789.050,-41.585,36.645,0.317,11.186,54.645,55.456,1.000,0.000,0.0000
789.060,-41.473,36.642,0.317,11.185,54.757,55.566,1.000,0.000,0.0000
789.070,-41.362,36.638,0.317,11.182,54.868,55.675,1.000,0.000,0.0000
789.080,-41.250,36.635,0.317,11.175,54.980,55.785,1.000,0.000,0.0000
789.090,-41.138,36.632,0.317,11.165,55.092,55.895,1.000,0.000,0.0000
789.100,-41.027,36.629,0.317,11.147,55.203,56.004,1.000,0.000,0.0000
789.110,-40.915,36.626,0.317,11.137,55.315,56.113,1.000,0.000,0.0000
789.120,-40.804,36.622,0.317,11.144,55.426,56.223,1.000,0.000,0.0000
789.130,-40.692,36.619,0.317,11.158,55.538,56.332,1.000,0.000,0.0000
789.140,-40.581,36.616,0.317,11.173,55.649,56.442,1.000,0.000,0.0000
789.150,-40.469,36.613,0.317,11.187,55.761,56.552,1.000,0.000,0.0000
789.160,-40.357,36.610,0.317,11.187,55.873,56.662,1.000,0.000,0.0000
789.170,-40.245,36.607,0.317,11.185,55.985,56.771,1.000,0.000,0.0000
789.180,-40.133,36.604,0.317,11.180,56.097,56.881,1.000,0.000,0.0000
789.190,-40.021,36.601,0.317,11.172,56.209,56.991,1.000,0.000,0.0000
789.200,-39.910,36.598,0.317,11.160,56.320,57.101,1.000,0.000,0.0000
789.210,-39.798,36.595,0.317,11.146,56.432,57.210,1.000,0.000,0.0000
789.220,-39.687,36.592,0.317,11.144,56.543,57.320,1.000,0.000,0.0000
789.230,-39.575,36.589,0.317,11.151,56.655,57.429,1.000,0.000,0.0000
789.240,-39.464,36.586,0.317,11.164,56.766,57.539,1.000,0.000,0.0000
789.250,-39.352,36.583,0.317,11.178,56.878,57.649,1.000,0.000,0.0000
789.260,-39.240,36.580,0.317,11.181,56.990,57.759,1.000,0.000,0.0000
789.270,-39.128,36.577,0.317,11.179,57.102,57.868,1.000,0.000,0.0000
789.280,-39.017,36.574,0.317,11.178,57.213,57.978,1.000,0.000,0.0000
789.290,-38.905,36.570,0.317,11.174,57.325,58.088,1.000,0.000,0.0000
789.300,-38.793,36.567,0.317,11.166,57.437,58.198,1.000,0.000,0.0000
789.310,-38.682,36.564,0.317,11.153,57.548,58.308,1.000,0.000,0.0000
789.320,-38.570,36.561,0.317,11.144,57.660,58.417,1.000,0.000,0.0000
789.330,-38.459,36.558,0.317,11.146,57.771,58.527,1.000,0.000,0.0000
789.340,-38.347,36.555,0.317,11.156,57.883,58.636,1.000,0.000,0.0000
789.350,-38.236,36.552,0.317,11.169,57.994,58.746,1.000,0.000,0.0000
789.360,-38.124,36.549,0.317,11.182,58.106,58.856,1.000,0.000,0.0000
789.370,-38.012,36.546,0.317,11.183,58.218,58.966,1.000,0.000,0.0000
789.380,-37.900,36.543,0.317,11.180,58.330,59.076,1.000,0.000,0.0000
789.390,-37.788,36.540,0.317,11.177,58.442,59.186,1.000,0.000,0.0000
789.400,-37.677,36.537,0.317,11.171,58.553,59.296,1.000,0.000,0.0000
789.410,-37.565,36.534,0.317,11.161,58.665,59.406,1.000,0.000,0.0000
789.420,-37.454,36.532,0.317,11.144,58.776,59.515,1.000,0.000,0.0000
789.430,-37.342,36.529,0.317,11.134,58.888,59.625,1.000,0.000,0.0000
789.440,-37.231,36.526,0.317,11.142,58.999,59.734,1.000,0.000,0.0000
789.450,-37.119,36.523,0.317,11.156,59.111,59.844,1.000,0.000,0.0000
789.460,-37.008,36.520,0.317,11.172,59.222,59.954,1.000,0.000,0.0000
789.470,-36.896,36.517,0.317,11.177,59.334,60.064,1.000,0.000,0.0000
789.480,-36.784,36.514,0.317,11.178,59.446,60.174,1.000,0.000,0.0000
789.490,-36.672,36.512,0.317,11.179,59.558,60.284,1.000,0.000,0.0000
789.500,-36.560,36.509,0.317,11.176,59.670,60.394,1.000,0.000,0.0000
789.510,-36.449,36.506,0.317,11.169,59.781,60.504,1.000,0.000,0.0000
789.520,-36.337,36.503,0.317,11.158,59.893,60.614,1.000,0.000,0.0000
789.530,-36.226,36.500,0.317,11.145,60.004,60.724,1.000,0.000,0.0000
789.540,-36.114,36.497,0.317,11.142,60.116,60.833,1.000,0.000,0.0000
789.550,-36.003,36.494,0.317,11.150,60.227,60.943,1.000,0.000,0.0000
789.560,-35.891,36.491,0.317,11.163,60.339,61.053,1.000,0.000,0.0000
789.570,-35.779,36.488,0.317,11.176,60.451,61.163,1.000,0.000,0.0000
789.580,-35.668,36.485,0.317,11.188,60.562,61.273,1.000,0.000,0.0000
789.590,-35.556,36.483,0.317,11.186,60.674,61.383,1.000,0.000,0.0000
789.600,-35.444,36.480,0.317,11.179,60.786,61.493,1.000,0.000,0.0000
789.610,-35.332,36.477,0.317,11.173,60.898,61.603,1.000,0.000,0.0000
789.620,-35.221,36.474,0.317,11.164,61.009,61.713,1.000,0.000,0.0000
789.630,-35.109,36.472,0.317,11.151,61.121,61.823,1.000,0.000,0.0000
789.640,-34.998,36.469,0.317,11.142,61.232,61.933,1.000,0.000,0.0000
789.650,-34.886,36.466,0.317,11.144,61.344,62.043,1.000,0.000,0.0000
789.660,-34.775,36.464,0.317,11.154,61.455,62.152,1.000,0.000,0.0000
789.670,-34.663,36.461,0.317,11.168,61.567,62.262,1.000,0.000,0.0000
789.680,-34.551,36.458,0.317,11.173,61.679,62.373,1.000,0.000,0.0000
789.690,-34.439,36.455,0.317,11.175,61.791,62.483,1.000,0.000,0.0000
789.700,-34.328,36.453,0.317,11.174,61.902,62.593,1.000,0.000,0.0000
789.710,-34.216,36.450,0.317,11.173,62.014,62.703,1.000,0.000,0.0000
789.720,-34.104,36.447,0.317,11.169,62.126,62.813,1.000,0.000,0.0000
789.730,-33.993,36.444,0.317,11.160,62.237,62.923,1.000,0.000,0.0000
789.740,-33.881,36.441,0.317,11.143,62.349,63.033,1.000,0.000,0.0000
789.750,-33.770,36.439,0.317,11.132,62.460,63.142,1.000,0.000,0.0000
789.760,-33.659,36.436,0.317,11.140,62.571,63.252,1.000,0.000,0.0000
789.770,-33.547,36.433,0.317,11.154,62.683,63.362,1.000,0.000,0.0000
789.780,-33.435,36.430,0.317,11.170,62.795,63.472,1.000,0.000,0.0000
789.790,-33.324,36.428,0.317,11.183,62.906,63.582,1.000,0.000,0.0000
789.800,-33.212,36.425,0.317,11.184,63.018,63.693,1.000,0.000,0.0000
789.810,-33.100,36.422,0.317,11.180,63.130,63.803,1.000,0.000,0.0000
789.820,-32.988,36.420,0.317,11.175,63.242,63.913,1.000,0.000,0.0000
789.830,-32.876,36.417,0.317,11.167,63.354,64.023,1.000,0.000,0.0000
789.840,-32.765,36.414,0.317,11.156,63.465,64.133,1.000,0.000,0.0000
789.850,-32.653,36.412,0.317,11.142,63.577,64.243,1.000,0.000,0.0000
789.860,-32.542,36.409,0.317,11.141,63.688,64.353,1.000,0.000,0.0000
789.870,-32.431,36.407,0.317,11.148,63.799,64.463,1.000,0.000,0.0000
789.880,-32.319,36.404,0.317,11.161,63.911,64.573,1.000,0.000,0.0000
789.890,-32.207,36.402,0.317,11.167,64.023,64.683,1.000,0.000,0.0000
789.900,-32.096,36.399,0.317,11.171,64.134,64.793,1.000,0.000,0.0000
789.910,-31.984,36.396,0.317,11.172,64.246,64.903,1.000,0.000,0.0000
789.920,-31.872,36.394,0.317,11.169,64.358,65.014,1.000,0.000,0.0000
789.930,-31.761,36.391,0.317,11.166,64.469,65.124,1.000,0.000,0.0000
789.940,-31.649,36.388,0.317,11.160,64.581,65.234,1.000,0.000,0.0000
789.950,-31.537,36.386,0.317,11.149,64.693,65.344,1.000,0.000,0.0000
789.960,-31.426,36.383,0.317,11.141,64.804,65.454,1.000,0.000,0.0000
789.970,-31.315,36.381,0.317,11.143,64.915,65.564,1.000,0.000,0.0000
789.980,-31.203,36.378,0.317,11.153,65.027,65.674,1.000,0.000,0.0000
789.990,-31.091,36.375,0.317,11.166,65.139,65.784,1.000,0.000,0.0000
790.000,-30.980,36.373,0.317,11.179,65.250,65.894,1.000,0.000,0.0000
790.010,-30.868,36.370,0.317,11.181,65.362,66.004,1.000,0.000,0.0000
790.020,-30.756,36.368,0.317,11.178,65.474,66.115,1.000,0.000,0.0000
790.030,-30.644,36.365,0.317,11.171,65.586,66.225,1.000,0.000,0.0000
790.040,-30.533,36.363,0.317,11.165,65.697,66.335,1.000,0.000,0.0000
790.050,-30.421,36.360,0.317,11.156,65.809,66.445,1.000,0.000,0.0000
790.060,-30.310,36.358,0.317,11.140,65.920,66.555,1.000,0.000,0.0000
790.070,-30.198,36.355,0.317,11.130,66.032,66.665,1.000,0.000,0.0000
790.080,-30.087,36.353,0.317,11.138,66.143,66.775,1.000,0.000,0.0000
790.090,-29.976,36.351,0.317,11.152,66.254,66.885,1.000,0.000,0.0000
790.100,-29.864,36.348,0.317,11.161,66.366,66.995,1.000,0.000,0.0000
790.110,-29.752,36.346,0.317,11.168,66.478,67.106,1.000,0.000,0.0000
790.120,-29.641,36.343,0.317,11.172,66.589,67.216,1.000,0.000,0.0000
790.130,-29.529,36.341,0.317,11.171,66.701,67.326,1.000,0.000,0.0000
790.140,-29.417,36.338,0.317,11.167,66.813,67.436,1.000,0.000,0.0000
790.150,-29.306,36.336,0.317,11.161,66.924,67.547,1.000,0.000,0.0000
790.160,-29.194,36.333,0.317,11.152,67.036,67.657,1.000,0.000,0.0000
790.170,-29.083,36.331,0.317,11.140,67.147,67.767,1.000,0.000,0.0000
790.180,-28.971,36.328,0.317,11.139,67.259,67.877,1.000,0.000,0.0000
790.190,-28.860,36.326,0.317,11.147,67.370,67.987,1.000,0.000,0.0000
790.200,-28.748,36.323,0.317,11.159,67.482,68.097,1.000,0.000,0.0000
790.210,-28.637,36.321,0.317,11.165,67.593,68.207,1.000,0.000,0.0000
790.220,-28.525,36.318,0.317,11.169,67.705,68.318,1.000,0.000,0.0000
790.230,-28.413,36.316,0.317,11.170,67.817,68.428,1.000,0.000,0.0000
790.240,-28.301,36.314,0.317,11.168,67.929,68.538,1.000,0.000,0.0000
790.250,-28.190,36.311,0.317,11.161,68.040,68.648,1.000,0.000,0.0000
790.260,-28.078,36.309,0.317,11.154,68.152,68.759,1.000,0.000,0.0000
790.270,-27.967,36.307,0.317,11.144,68.263,68.869,1.000,0.000,0.0000
790.280,-27.855,36.304,0.317,11.137,68.375,68.979,1.000,0.000,0.0000
790.290,-27.744,36.302,0.317,11.140,68.486,69.089,1.000,0.000,0.0000
790.300,-27.633,36.300,0.317,11.151,68.597,69.199,1.000,0.000,0.0000
790.310,-27.521,36.298,0.317,11.157,68.709,69.309,1.000,0.000,0.0000
790.320,-27.409,36.295,0.317,11.164,68.821,69.419,1.000,0.000,0.0000
790.330,-27.298,36.293,0.317,11.168,68.932,69.530,1.000,0.000,0.0000
790.340,-27.186,36.291,0.317,11.169,69.044,69.640,1.000,0.000,0.0000
790.350,-27.074,36.288,0.317,11.166,69.156,69.751,1.000,0.000,0.0000
790.360,-26.963,36.286,0.317,11.162,69.267,69.861,1.000,0.000,0.0000
790.370,-26.851,36.283,0.317,11.154,69.379,69.971,1.000,0.000,0.0000
790.380,-26.740,36.281,0.317,11.139,69.490,70.081,1.000,0.000,0.0000
790.390,-26.629,36.279,0.317,11.127,69.601,70.191,1.000,0.000,0.0000
790.400,-26.517,36.277,0.317,11.135,69.713,70.301,1.000,0.000,0.0000
790.410,-26.406,36.274,0.317,11.150,69.824,70.411,1.000,0.000,0.0000
790.420,-26.294,36.272,0.317,11.159,69.936,70.522,1.000,0.000,0.0000
790.430,-26.182,36.270,0.317,11.166,70.048,70.632,1.000,0.000,0.0000
790.440,-26.071,36.267,0.317,11.170,70.159,70.742,1.000,0.000,0.0000
790.450,-25.959,36.265,0.317,11.170,70.271,70.853,1.000,0.000,0.0000
790.460,-25.847,36.263,0.317,11.164,70.383,70.963,1.000,0.000,0.0000
790.470,-25.736,36.261,0.317,11.157,70.494,71.074,1.000,0.000,0.0000
790.480,-25.624,36.258,0.317,11.148,70.606,71.184,1.000,0.000,0.0000
790.490,-25.513,36.256,0.317,11.137,70.717,71.294,1.000,0.000,0.0000
790.500,-25.402,36.254,0.317,11.137,70.828,71.404,1.000,0.000,0.0000
790.510,-25.290,36.252,0.317,11.145,70.940,71.514,1.000,0.000,0.0000
790.520,-25.179,36.250,0.317,11.154,71.051,71.624,1.000,0.000,0.0000
790.530,-25.067,36.248,0.317,11.161,71.163,71.735,1.000,0.000,0.0000
790.540,-24.955,36.246,0.317,11.166,71.275,71.845,1.000,0.000,0.0000
790.550,-24.844,36.243,0.317,11.168,71.386,71.956,1.000,0.000,0.0000
790.560,-24.732,36.241,0.317,11.167,71.498,72.066,1.000,0.000,0.0000
790.570,-24.620,36.239,0.317,11.160,71.610,72.176,1.000,0.000,0.0000
790.580,-24.509,36.237,0.317,11.153,71.721,72.287,1.000,0.000,0.0000
790.590,-24.397,36.235,0.317,11.143,71.833,72.397,1.000,0.000,0.0000
790.600,-24.286,36.232,0.317,11.136,71.944,72.507,1.000,0.000,0.0000
790.610,-24.175,36.230,0.317,11.139,72.055,72.617,1.000,0.000,0.0000
790.620,-24.063,36.228,0.317,11.149,72.167,72.728,1.000,0.000,0.0000
790.630,-23.952,36.226,0.317,11.159,72.278,72.838,1.000,0.000,0.0000
790.640,-23.840,36.224,0.317,11.165,72.390,72.948,1.000,0.000,0.0000
790.650,-23.728,36.221,0.317,11.169,72.502,73.059,1.000,0.000,0.0000
790.660,-23.617,36.219,0.317,11.169,72.613,73.169,1.000,0.000,0.0000
790.670,-23.505,36.217,0.317,11.165,72.725,73.280,1.000,0.000,0.0000
790.680,-23.393,36.215,0.317,11.157,72.837,73.390,1.000,0.000,0.0000
790.690,-23.282,36.213,0.317,11.148,72.948,73.500,1.000,0.000,0.0000
790.700,-23.171,36.211,0.317,11.134,73.059,73.611,1.000,0.000,0.0000
790.710,-23.059,36.209,0.317,11.123,73.171,73.721,1.000,0.000,0.0000
790.720,-22.948,36.207,0.317,11.132,73.282,73.831,1.000,0.000,0.0000
790.730,-22.836,36.205,0.317,11.146,73.394,73.941,1.000,0.000,0.0000
790.740,-22.725,36.203,0.317,11.156,73.505,74.051,1.000,0.000,0.0000
790.750,-22.613,36.201,0.317,11.165,73.617,74.162,1.000,0.000,0.0000
790.760,-22.502,36.199,0.317,11.169,73.728,74.272,1.000,0.000,0.0000
790.770,-22.390,36.197,0.317,11.169,73.840,74.383,1.000,0.000,0.0000
790.780,-22.278,36.195,0.317,11.164,73.952,74.493,1.000,0.000,0.0000
790.790,-22.167,36.193,0.317,11.154,74.063,74.604,1.000,0.000,0.0000
790.800,-22.055,36.191,0.317,11.143,74.175,74.714,1.000,0.000,0.0000
790.810,-21.944,36.189,0.317,11.132,74.286,74.824,1.000,0.000,0.0000
790.820,-21.833,36.187,0.317,11.133,74.397,74.935,1.000,0.000,0.0000
790.830,-21.721,36.185,0.317,11.142,74.509,75.045,1.000,0.000,0.0000
790.840,-21.610,36.183,0.317,11.153,74.620,75.155,1.000,0.000,0.0000
790.850,-21.498,36.181,0.317,11.161,74.732,75.266,1.000,0.000,0.0000
790.860,-21.386,36.179,0.317,11.166,74.844,75.376,1.000,0.000,0.0000
790.870,-21.275,36.177,0.317,11.168,74.955,75.487,1.000,0.000,0.0000
790.880,-21.163,36.175,0.317,11.166,75.067,75.597,1.000,0.000,0.0000
790.890,-21.051,36.173,0.317,11.159,75.179,75.708,1.000,0.000,0.0000
790.900,-20.940,36.171,0.317,11.148,75.290,75.818,1.000,0.000,0.0000
790.910,-20.829,36.169,0.317,11.137,75.401,75.928,1.000,0.000,0.0000
790.920,-20.717,36.167,0.317,11.131,75.513,76.039,1.000,0.000,0.0000
790.930,-20.606,36.165,0.317,11.135,75.624,76.149,1.000,0.000,0.0000
790.940,-20.495,36.164,0.317,11.144,75.735,76.259,1.000,0.000,0.0000
790.950,-20.383,36.162,0.317,11.153,75.847,76.370,1.000,0.000,0.0000
790.960,-20.271,36.160,0.317,11.160,75.959,76.480,1.000,0.000,0.0000
790.970,-20.160,36.158,0.317,11.166,76.070,76.591,1.000,0.000,0.0000
790.980,-20.048,36.156,0.317,11.167,76.182,76.701,1.000,0.000,0.0000
790.990,-19.936,36.154,0.317,11.164,76.294,76.812,1.000,0.000,0.0000
791.000,-19.825,36.152,0.317,11.156,76.405,76.922,0.940,0.000,0.0000
791.010,-19.714,36.150,0.317,11.131,76.516,77.033,0.880,0.000,0.0000
791.020,-19.603,36.148,0.317,11.096,76.627,77.142,0.820,0.000,0.0000
791.030,-19.492,36.146,0.317,11.064,76.738,77.252,0.760,0.000,0.0000
791.040,-19.382,36.144,0.317,11.037,76.848,77.361,0.700,0.000,0.0000
791.050,-19.271,36.143,0.318,11.009,76.959,77.470,0.640,0.000,0.0000
791.060,-19.162,36.141,0.318,10.977,77.068,77.579,0.580,0.000,0.0000
791.070,-19.052,36.139,0.319,10.940,77.178,77.687,0.520,0.000,0.0000
791.080,-18.943,36.137,0.319,10.901,77.287,77.795,0.460,0.000,0.0000
791.090,-18.835,36.135,0.320,10.859,77.395,77.903,0.400,0.000,0.0000
791.100,-18.727,36.133,0.320,10.814,77.503,78.010,0.340,0.000,0.0000
791.110,-18.619,36.132,0.321,10.765,77.611,78.116,0.280,0.000,0.0000
791.120,-18.512,36.130,0.321,10.714,77.718,78.222,0.220,0.000,0.0000
791.130,-18.405,36.128,0.322,10.658,77.825,78.328,0.160,0.000,0.0000
791.140,-18.299,36.127,0.323,10.615,77.931,78.433,0.100,0.000,0.0000
791.150,-18.193,36.125,0.323,10.580,78.037,78.538,0.040,0.000,0.0000
791.160,-18.088,36.123,0.324,10.549,78.142,78.642,0.000,0.000,0.0000
791.170,-17.983,36.122,0.324,10.518,78.247,78.746,0.000,0.000,0.0000
791.180,-17.878,36.120,0.325,10.486,78.352,78.850,0.000,0.000,0.0000
791.190,-17.773,36.118,0.325,10.451,78.457,78.953,0.000,0.000,0.0000
791.200,-17.669,36.117,0.325,10.412,78.561,79.057,0.000,0.000,0.0000
791.210,-17.565,36.115,0.326,10.369,78.665,79.159,0.000,0.000,0.0000
791.220,-17.462,36.113,0.326,10.321,78.768,79.261,0.000,0.000,0.0000
791.230,-17.360,36.112,0.326,10.270,78.870,79.363,0.000,0.000,0.0000
791.240,-17.257,36.110,0.326,10.211,78.973,79.464,0.000,0.000,0.0000
791.250,-17.156,36.109,0.326,10.168,79.074,79.565,0.000,0.000,0.0000
791.260,-17.054,36.107,0.327,10.128,79.176,79.665,0.000,0.000,0.0000
791.270,-16.953,36.106,0.327,10.095,79.277,79.765,0.000,0.000,0.0000
791.280,-16.853,36.104,0.327,10.064,79.377,79.865,0.000,0.000,0.0000
791.290,-16.753,36.102,0.327,10.032,79.477,79.965,0.000,0.000,0.0000
791.300,-16.653,36.101,0.326,9.999,79.577,80.064,0.000,0.000,0.0000
791.310,-16.553,36.099,0.326,9.962,79.677,80.162,0.000,0.000,0.0000
791.320,-16.454,36.098,0.326,9.922,79.776,80.261,0.000,0.000,0.0000
791.330,-16.355,36.097,0.326,9.878,79.875,80.359,0.000,0.000,0.0000
791.340,-16.257,36.095,0.326,9.831,79.973,80.456,0.000,0.000,0.0000
791.350,-16.159,36.094,0.325,9.782,80.071,80.553,0.000,0.000,0.0000
791.360,-16.062,36.092,0.325,9.726,80.168,80.650,0.000,0.000,0.0000
791.370,-15.965,36.091,0.325,9.679,80.265,80.746,0.000,0.000,0.0000
791.380,-15.868,36.090,0.325,9.641,80.362,80.841,0.000,0.000,0.0000
791.390,-15.772,36.089,0.325,9.609,80.458,80.936,0.000,0.000,0.0000
791.400,-15.676,36.087,0.325,9.579,80.554,81.031,0.000,0.000,0.0000
791.410,-15.581,36.086,0.324,9.549,80.649,81.126,0.000,0.000,0.0000
791.420,-15.486,36.084,0.324,9.517,80.744,81.220,0.000,0.000,0.0000
791.430,-15.391,36.083,0.324,9.482,80.839,81.314,0.000,0.000,0.0000
791.440,-15.297,36.082,0.324,9.443,80.933,81.408,0.000,0.000,0.0000
791.450,-15.203,36.080,0.323,9.402,81.027,81.501,0.000,0.000,0.0000
791.460,-15.109,36.079,0.323,9.357,81.121,81.594,0.000,0.000,0.0000
791.470,-15.016,36.078,0.323,9.309,81.214,81.686,0.000,0.000,0.0000
791.480,-14.923,36.076,0.323,9.260,81.307,81.778,0.000,0.000,0.0000
