timestamp_sec,ego_x,ego_y,ego_z,ego_speed_mps,distance_to_intersection_m,distance_to_pedestrian_m,human_throttle,human_brake,human_steering_rad
88.770,-97.020,-52.451,0.317,0.000,0.790,10.744,0.000,0.000,0.0000
88.780,-97.020,-52.451,0.317,0.000,0.790,10.744,0.000,0.000,0.0000
88.790,-97.020,-52.451,0.317,0.000,0.790,10.744,0.000,0.000,0.0000
88.800,-97.020,-52.451,0.317,0.000,0.790,10.744,0.000,0.000,0.0000
88.810,-97.020,-52.451,0.317,0.000,0.790,10.744,0.000,0.000,0.0000
88.820,-97.020,-52.451,0.317,0.000,0.790,10.744,0.000,0.000,0.0000
88.830,-97.020,-52.451,0.317,0.000,0.790,10.744,0.000,0.000,0.0000
88.840,-97.020,-52.451,0.317,0.000,0.790,10.744,0.000,0.000,0.0000
88.850,-97.020,-52.451,0.317,0.000,0.790,10.744,0.000,0.000,0.0000
88.860,-97.020,-52.451,0.317,0.000,0.790,10.744,0.000,0.000,0.0000
88.870,-97.020,-52.451,0.317,0.000,0.790,10.744,0.000,0.000,0.0000
88.880,-97.020,-52.451,0.317,0.000,0.790,10.744,0.000,0.000,0.0000
88.890,-97.020,-52.451,0.317,0.000,0.790,10.744,0.000,0.000,0.0000
88.900,-97.020,-52.451,0.317,0.000,0.790,10.744,0.000,0.000,0.0000
88.910,-97.020,-52.451,0.317,0.000,0.790,10.744,0.000,0.000,0.0000
88.920,-97.020,-52.451,0.317,0.000,0.790,10.744,0.000,0.000,0.0000
88.930,-97.020,-52.451,0.317,0.000,0.790,10.744,0.000,0.000,0.0000
88.940,-97.020,-52.451,0.317,0.000,0.790,10.744,0.000,0.000,0.0000
88.950,-97.020,-52.451,0.317,0.000,0.790,10.744,0.000,0.000,0.0000
88.960,-97.020,-52.451,0.317,0.000,0.790,10.744,0.000,0.000,0.0000
88.970,-97.020,-52.451,0.317,0.000,0.790,10.744,0.000,0.000,0.0000
88.980,-97.020,-52.451,0.317,0.000,0.790,10.744,0.000,0.000,0.0000
88.990,-97.020,-52.451,0.317,0.000,0.790,10.744,0.000,0.000,0.0000
89.000,-97.020,-52.451,0.317,0.000,0.790,10.744,0.000,0.000,0.0000
89.010,-97.020,-52.451,0.317,0.000,0.790,10.744,0.000,0.000,0.0000
89.020,-97.020,-52.451,0.317,0.000,0.790,10.744,0.000,0.000,0.0000
89.030,-97.020,-52.451,0.317,0.000,0.790,10.744,0.000,0.000,0.0000
89.040,-97.020,-52.451,0.317,0.000,0.790,10.744,0.000,0.000,0.0000
89.050,-97.020,-52.451,0.317,0.000,0.790,10.744,0.000,0.000,0.0000
89.060,-97.020,-52.451,0.317,0.000,0.790,10.744,0.000,0.000,0.0000
89.070,-97.020,-52.451,0.317,0.000,0.790,10.744,0.000,0.000,0.0000
89.080,-97.020,-52.451,0.317,0.000,0.790,10.744,0.000,0.000,0.0000
89.090,-97.020,-52.451,0.317,0.000,0.790,10.744,0.000,0.000,0.0000
89.100,-97.020,-52.451,0.317,0.000,0.790,10.744,0.000,0.000,0.0000
89.110,-97.020,-52.451,0.317,0.000,0.790,10.744,0.000,0.000,0.0000
89.120,-97.020,-52.451,0.317,0.000,0.790,10.744,0.000,0.000,0.0000
89.130,-97.020,-52.451,0.317,0.000,0.790,10.744,0.000,0.000,0.0000
89.140,-97.020,-52.451,0.317,0.000,0.790,10.744,0.000,0.000,0.0000
89.150,-97.020,-52.451,0.317,0.000,0.790,10.744,0.000,0.000,0.0000
89.160,-97.020,-52.451,0.317,0.000,0.790,10.744,0.000,0.000,0.0000
89.170,-97.020,-52.451,0.317,0.000,0.790,10.744,0.000,0.000,0.0000
89.180,-97.020,-52.451,0.317,0.000,0.790,10.744,0.040,0.000,0.0000
89.190,-97.020,-52.451,0.317,0.004,0.790,10.744,0.080,0.000,0.0000
89.200,-97.020,-52.451,0.317,0.010,0.790,10.744,0.120,0.000,0.0000
89.210,-97.020,-52.450,0.317,0.018,0.790,10.744,0.160,0.000,0.0000
89.220,-97.020,-52.449,0.316,0.027,0.790,10.744,0.200,0.000,0.0000
89.230,-97.020,-52.447,0.316,0.035,0.790,10.745,0.240,0.000,0.0000
89.240,-97.020,-52.446,0.316,0.041,0.790,10.745,0.280,0.000,0.0000
89.250,-97.020,-52.443,0.315,0.047,0.790,10.745,0.320,0.000,0.0000
89.260,-97.020,-52.440,0.315,0.051,0.790,10.746,0.360,0.000,0.0000
89.270,-97.020,-52.437,0.314,0.054,0.790,10.746,0.400,0.000,0.0000
89.280,-97.020,-52.434,0.314,0.056,0.790,10.747,0.440,0.000,0.0000
89.290,-97.020,-52.430,0.313,0.056,0.790,10.748,0.480,0.000,0.0000
89.300,-97.020,-52.425,0.312,0.056,0.790,10.748,0.520,0.000,0.0000
89.310,-97.020,-52.421,0.312,0.055,0.790,10.749,0.560,0.000,0.0000
89.320,-97.020,-52.415,0.311,0.054,0.790,10.749,0.600,0.000,0.0000
89.330,-97.020,-52.410,0.311,0.051,0.790,10.750,0.640,0.000,0.0000
89.340,-97.020,-52.404,0.310,0.048,0.790,10.750,0.680,0.000,0.0000
89.350,-97.020,-52.397,0.310,0.045,0.790,10.751,0.720,0.000,0.0000
89.360,-97.020,-52.391,0.309,0.041,0.790,10.751,0.760,0.000,0.0000
89.370,-97.020,-52.384,0.309,0.037,0.790,10.751,0.800,0.000,0.0000
89.380,-97.020,-52.376,0.309,0.033,0.790,10.752,0.840,0.000,0.0000
89.390,-97.020,-52.368,0.308,0.028,0.790,10.752,0.880,0.000,0.0000
89.400,-97.020,-52.360,0.308,0.024,0.790,10.752,0.920,0.000,0.0000
89.410,-97.020,-52.351,0.308,0.019,0.790,10.752,0.960,0.000,0.0000
89.420,-97.020,-52.341,0.308,0.014,0.790,10.753,1.000,0.000,0.0000
89.430,-97.020,-52.332,0.308,0.010,0.790,10.753,1.000,0.000,0.0000
89.440,-97.020,-52.322,0.308,0.006,0.790,10.753,1.000,0.000,0.0000
89.450,-97.020,-52.311,0.308,0.002,0.790,10.753,1.000,0.000,0.0000
89.460,-97.020,-52.301,0.308,0.003,0.790,10.753,1.000,0.000,0.0000
89.470,-97.020,-52.289,0.308,0.006,0.790,10.753,1.000,0.000,0.0000
89.480,-97.020,-52.278,0.308,0.009,0.790,10.753,1.000,0.000,0.0000
89.490,-97.020,-52.266,0.308,0.012,0.790,10.752,1.000,0.000,0.0000
89.500,-97.020,-52.253,0.308,0.014,0.790,10.752,1.000,0.000,0.0000
89.510,-97.020,-52.240,0.308,0.016,0.790,10.752,1.000,0.000,0.0000
89.520,-97.020,-52.227,0.308,0.018,0.790,10.752,1.000,0.000,0.0000
89.530,-97.020,-52.213,0.309,0.019,0.790,10.752,1.000,0.000,0.0000
89.540,-97.020,-52.199,0.309,0.020,0.790,10.752,1.000,0.000,0.0000
89.550,-97.020,-52.185,0.309,0.021,0.790,10.751,1.000,0.000,0.0000
89.560,-97.020,-52.170,0.309,0.021,0.790,10.751,1.000,0.000,0.0000
89.570,-97.020,-52.155,0.310,0.021,0.790,10.751,1.000,0.000,0.0000
89.580,-97.020,-52.139,0.310,0.020,0.790,10.751,1.000,0.000,0.0000
89.590,-97.020,-52.123,0.310,0.020,0.790,10.751,1.000,0.000,0.0000
89.600,-97.020,-52.107,0.310,0.019,0.790,10.750,1.000,0.000,0.0000
89.610,-97.020,-52.090,0.310,0.018,0.790,10.750,1.000,0.000,0.0000
89.620,-97.020,-52.073,0.310,0.016,0.790,10.750,1.000,0.000,0.0000
89.630,-97.020,-52.055,0.311,0.015,0.790,10.750,1.000,0.000,0.0000
89.640,-97.020,-52.037,0.311,0.013,0.790,10.750,1.000,0.000,0.0000
89.650,-97.020,-52.019,0.311,0.012,0.790,10.750,1.000,0.000,0.0000
89.660,-97.020,-52.000,0.311,0.010,0.790,10.750,1.000,0.000,0.0000
89.670,-97.020,-51.981,0.311,0.008,0.790,10.749,1.000,0.000,0.0000
89.680,-97.020,-51.961,0.311,0.006,0.790,10.749,1.000,0.000,0.0000
89.690,-97.020,-51.941,0.311,0.005,0.790,10.749,1.000,0.000,0.0000
89.700,-97.020,-51.921,0.311,0.003,0.790,10.749,1.000,0.000,0.0000
89.710,-97.020,-51.900,0.311,0.002,0.790,10.749,1.000,0.000,0.0000
89.720,-97.020,-51.879,0.311,0.002,0.790,10.749,1.000,0.000,0.0000
89.730,-97.020,-51.857,0.311,0.002,0.790,10.749,1.000,0.000,0.0000
89.740,-97.020,-51.835,0.311,0.003,0.790,10.749,1.000,0.000,0.0000
89.750,-97.019,-51.813,0.311,0.004,0.790,10.749,1.000,0.000,0.0000
89.760,-97.019,-51.790,0.311,0.005,0.790,10.749,1.000,0.000,0.0000
89.770,-97.019,-51.767,0.311,0.006,0.790,10.749,1.000,0.000,0.0000
89.780,-97.019,-51.744,0.311,0.007,0.790,10.750,1.000,0.000,0.0000
89.790,-97.019,-51.720,0.311,0.007,0.790,10.750,1.000,0.000,0.0000
89.800,-97.019,-51.695,0.311,0.008,0.790,10.750,1.000,0.000,0.0000
89.810,-97.019,-51.671,0.311,0.008,0.790,10.750,1.000,0.000,0.0000
89.820,-97.019,-51.646,0.311,0.008,0.790,10.750,1.000,0.000,0.0000
89.830,-97.019,-51.620,0.311,0.008,0.790,10.750,1.000,0.000,0.0000
89.840,-97.019,-51.594,0.310,0.008,0.790,10.750,1.000,0.000,0.0000
89.850,-97.019,-51.568,0.310,0.008,0.790,10.750,1.000,0.000,0.0000
89.860,-97.019,-51.541,0.310,0.007,0.790,10.750,1.000,0.000,0.0000
89.870,-97.019,-51.514,0.310,0.007,0.790,10.750,1.000,0.000,0.0000
89.880,-97.019,-51.487,0.310,0.007,0.789,10.750,1.000,0.000,0.0000
89.890,-97.019,-51.459,0.310,0.006,0.789,10.750,1.000,0.000,0.0000
89.900,-97.019,-51.430,0.310,0.006,0.789,10.750,1.000,0.000,0.0000
89.910,-97.019,-51.402,0.310,0.005,0.789,10.750,1.000,0.000,0.0000
89.920,-97.019,-51.373,0.310,0.004,0.789,10.750,1.000,0.000,0.0000
89.930,-97.019,-51.343,0.310,0.004,0.789,10.750,1.000,0.000,0.0000
89.940,-97.019,-51.313,0.310,0.003,0.789,10.750,1.000,0.000,0.0000
89.950,-97.019,-51.283,0.310,0.003,0.789,10.751,1.000,0.000,0.0000
89.960,-97.019,-51.252,0.310,0.003,0.789,10.751,1.000,0.000,0.0000
89.970,-97.019,-51.221,0.310,0.003,0.789,10.751,1.000,0.000,0.0000
89.980,-97.019,-51.190,0.310,0.003,0.789,10.751,1.000,0.000,0.0000
89.990,-97.019,-51.158,0.310,0.003,0.789,10.751,1.000,0.000,0.0000
90.000,-97.019,-51.126,0.310,0.003,0.789,10.750,1.000,0.000,0.0000
90.010,-97.019,-51.093,0.310,0.003,0.789,10.750,1.000,0.000,0.0000
90.020,-97.019,-51.060,0.310,0.003,0.789,10.750,1.000,0.000,0.0000
90.030,-97.019,-51.027,0.310,0.003,0.789,10.750,1.000,0.000,0.0000
90.040,-97.019,-50.993,0.310,0.004,0.789,10.750,1.000,0.000,0.0000
90.050,-97.019,-50.958,0.310,0.004,0.789,10.750,1.000,0.000,0.0000
90.060,-97.019,-50.924,0.310,0.004,0.789,10.750,1.000,0.000,0.0000
90.070,-97.019,-50.889,0.310,0.004,0.789,10.750,1.000,0.000,0.0000
90.080,-97.019,-50.853,0.310,0.004,0.789,10.750,1.000,0.000,0.0000
90.090,-97.019,-50.817,0.310,0.004,0.789,10.750,1.000,0.000,0.0000
90.100,-97.019,-50.781,0.310,0.004,0.789,10.750,1.000,0.000,0.0000
90.110,-97.019,-50.745,0.310,0.004,0.789,10.750,1.000,0.000,0.0000
90.120,-97.019,-50.708,0.310,0.004,0.789,10.750,1.000,0.000,0.0000
90.130,-97.019,-50.670,0.310,0.004,0.789,10.750,1.000,0.000,0.0000
90.140,-97.019,-50.632,0.310,0.004,0.789,10.750,1.000,0.000,0.0000
90.150,-97.019,-50.594,0.310,0.004,0.789,10.750,1.000,0.000,0.0000
90.160,-97.018,-50.556,0.310,0.004,0.789,10.750,1.000,0.000,0.0000
90.170,-97.018,-50.516,0.310,0.004,0.789,10.750,1.000,0.000,0.0000
90.180,-97.018,-50.477,0.310,0.003,0.789,10.750,1.000,0.000,0.0000
90.190,-97.018,-50.437,0.310,0.003,0.789,10.750,1.000,0.000,0.0000
90.200,-97.018,-50.397,0.310,0.003,0.789,10.750,1.000,0.000,0.0000
90.210,-97.018,-50.356,0.310,0.003,0.789,10.750,1.000,0.000,0.0000
90.220,-97.018,-50.315,0.310,0.003,0.789,10.750,1.000,0.000,0.0000
90.230,-97.018,-50.274,0.310,0.003,0.789,10.750,1.000,0.000,0.0000
90.240,-97.018,-50.232,0.310,0.003,0.788,10.750,1.000,0.000,0.0000
90.250,-97.018,-50.190,0.310,0.003,0.788,10.750,1.000,0.000,0.0000
90.260,-97.018,-50.148,0.310,0.003,0.788,10.750,1.000,0.000,0.0000
90.270,-97.018,-50.105,0.310,0.003,0.788,10.750,1.000,0.000,0.0000
90.280,-97.018,-50.061,0.310,0.004,0.788,10.750,1.000,0.000,0.0000
90.290,-97.018,-50.017,0.310,0.004,0.788,10.750,1.000,0.000,0.0000
90.300,-97.018,-49.973,0.310,0.004,0.788,10.750,1.000,0.000,0.0000
90.310,-97.018,-49.929,0.310,0.004,0.788,10.750,1.000,0.000,0.0000
90.320,-97.018,-49.884,0.310,0.004,0.788,10.750,1.000,0.000,0.0000
90.330,-97.018,-49.838,0.310,0.004,0.788,10.750,1.000,0.000,0.0000
90.340,-97.018,-49.793,0.310,0.004,0.788,10.750,1.000,0.000,0.0000
90.350,-97.018,-49.747,0.310,0.004,0.788,10.750,1.000,0.000,0.0000
90.360,-97.018,-49.700,0.310,0.004,0.788,10.750,1.000,0.000,0.0000
90.370,-97.018,-49.653,0.310,0.004,0.788,10.750,1.000,0.000,0.0000
90.380,-97.018,-49.606,0.310,0.004,0.788,10.750,1.000,0.000,0.0000
90.390,-97.018,-49.558,0.310,0.004,0.788,10.750,1.000,0.000,0.0000
90.400,-97.018,-49.510,0.310,0.004,0.788,10.750,1.000,0.000,0.0000
90.410,-97.018,-49.461,0.310,0.004,0.788,10.750,1.000,0.000,0.0000
90.420,-97.018,-49.412,0.310,0.004,0.788,10.750,1.000,0.000,0.0000
90.430,-97.018,-49.363,0.310,0.004,0.788,10.750,1.000,0.000,0.0000
90.440,-97.017,-49.313,0.310,0.004,0.788,10.750,1.000,0.000,0.0000
90.450,-97.017,-49.263,0.310,0.004,0.788,10.750,1.000,0.000,0.0000
90.460,-97.017,-49.213,0.310,0.004,0.788,10.750,1.000,0.000,0.0000
90.470,-97.017,-49.162,0.310,0.004,0.788,10.750,1.000,0.000,0.0000
90.480,-97.017,-49.110,0.310,0.004,0.788,10.750,1.000,0.000,0.0000
90.490,-97.017,-49.059,0.310,0.004,0.788,10.750,1.000,0.000,0.0000
90.500,-97.017,-49.007,0.310,0.004,0.788,10.750,1.000,0.000,0.0000
90.510,-97.017,-48.954,0.310,0.004,0.787,10.750,1.000,0.000,0.0000
90.520,-97.017,-48.901,0.310,0.004,0.787,10.750,1.000,0.000,0.0000
90.530,-97.017,-48.848,0.310,0.004,0.787,10.750,1.000,0.000,0.0000
90.540,-97.017,-48.794,0.310,0.004,0.787,10.750,1.000,0.000,0.0000
90.550,-97.017,-48.740,0.310,0.004,0.787,10.750,1.000,0.000,0.0000
90.560,-97.017,-48.686,0.310,0.004,0.787,10.750,1.000,0.000,0.0000
90.570,-97.017,-48.631,0.310,0.004,0.787,10.750,1.000,0.000,0.0000
90.580,-97.017,-48.576,0.310,0.004,0.787,10.750,1.000,0.000,0.0000
90.590,-97.017,-48.520,0.310,0.004,0.787,10.750,1.000,0.000,0.0000
90.600,-97.017,-48.464,0.310,0.004,0.787,10.750,1.000,0.000,0.0000
90.610,-97.017,-48.407,0.310,0.005,0.787,10.750,1.000,0.000,0.0000
90.620,-97.017,-48.350,0.310,0.005,0.787,10.750,1.000,0.000,0.0000
90.630,-97.017,-48.293,0.310,0.005,0.787,10.750,1.000,0.000,0.0000
90.640,-97.017,-48.236,0.310,0.005,0.787,10.750,1.000,0.000,0.0000
90.650,-97.017,-48.178,0.310,0.005,0.787,10.750,1.000,0.000,0.0000
90.660,-97.017,-48.119,0.310,0.005,0.787,10.750,1.000,0.000,0.0000
90.670,-97.016,-48.060,0.310,0.005,0.787,10.750,1.000,0.000,0.0000
90.680,-97.016,-48.001,0.310,0.005,0.787,10.750,1.000,0.000,0.0000
90.690,-97.016,-47.941,0.310,0.005,0.787,10.750,1.000,0.000,0.0000
90.700,-97.016,-47.881,0.310,0.005,0.787,10.750,1.000,0.000,0.0000
90.710,-97.016,-47.821,0.310,0.005,0.787,10.750,1.000,0.000,0.0000
90.720,-97.016,-47.760,0.310,0.005,0.787,10.750,1.000,0.000,0.0000
90.730,-97.016,-47.699,0.310,0.005,0.786,10.750,1.000,0.000,0.0000
90.740,-97.016,-47.637,0.310,0.005,0.786,10.750,1.000,0.000,0.0000
90.750,-97.016,-47.575,0.310,0.005,0.786,10.750,1.000,0.000,0.0000
90.760,-97.016,-47.513,0.310,0.005,0.786,10.750,1.000,0.000,0.0000
90.770,-97.016,-47.450,0.310,0.005,0.786,10.750,1.000,0.000,0.0000
90.780,-97.016,-47.387,0.310,0.005,0.786,10.750,1.000,0.000,0.0000
90.790,-97.016,-47.323,0.310,0.005,0.786,10.750,1.000,0.000,0.0000
90.800,-97.016,-47.259,0.310,0.005,0.786,10.750,1.000,0.000,0.0000
90.810,-97.016,-47.195,0.310,0.005,0.786,10.750,1.000,0.000,0.0000
90.820,-97.016,-47.130,0.310,0.005,0.786,10.750,1.000,0.000,0.0000
90.830,-97.016,-47.065,0.310,0.005,0.786,10.750,1.000,0.000,0.0000
90.840,-97.016,-46.999,0.310,0.005,0.786,10.750,1.000,0.000,0.0000
90.850,-97.016,-46.933,0.310,0.005,0.786,10.750,1.000,0.000,0.0000
90.860,-97.016,-46.867,0.310,0.005,0.786,10.750,1.000,0.000,0.0000
90.870,-97.015,-46.800,0.310,0.005,0.786,10.750,1.000,0.000,0.0000
90.880,-97.015,-46.733,0.310,0.005,0.786,10.750,1.000,0.000,0.0000
90.890,-97.015,-46.665,0.310,0.005,0.786,10.750,1.000,0.000,0.0000
90.900,-97.015,-46.597,0.310,0.005,0.786,10.750,1.000,0.000,0.0000
90.910,-97.015,-46.529,0.310,0.005,0.786,10.750,1.000,0.000,0.0000
90.920,-97.015,-46.460,0.310,0.005,0.785,10.750,1.000,0.000,0.0000
90.930,-97.015,-46.391,0.310,0.006,0.785,10.750,1.000,0.000,0.0000
90.940,-97.015,-46.321,0.310,0.006,0.785,10.750,1.000,0.000,0.0000
90.950,-97.015,-46.251,0.310,0.006,0.785,10.750,1.000,0.000,0.0000
90.960,-97.015,-46.181,0.310,0.006,0.785,10.750,1.000,0.000,0.0000
90.970,-97.015,-46.110,0.310,0.006,0.785,10.750,1.000,0.000,0.0000
90.980,-97.015,-46.039,0.310,0.006,0.785,10.750,1.000,0.000,0.0000
90.990,-97.015,-45.968,0.310,0.006,0.785,10.750,1.000,0.000,0.0000
91.000,-97.015,-45.896,0.310,0.006,0.785,10.750,1.000,0.000,0.0000
91.010,-97.015,-45.823,0.310,0.006,0.785,10.750,1.000,0.000,0.0000
91.020,-97.015,-45.751,0.310,0.006,0.785,10.750,1.000,0.000,0.0000
91.030,-97.015,-45.678,0.310,0.006,0.785,10.750,1.000,0.000,0.0000
91.040,-97.015,-45.604,0.310,0.006,0.785,10.750,1.000,0.000,0.0000
91.050,-97.014,-45.530,0.310,0.006,0.785,10.750,1.000,0.000,0.0000
91.060,-97.014,-45.456,0.310,0.006,0.785,10.750,1.000,0.000,0.0000
91.070,-97.014,-45.381,0.310,0.006,0.785,10.750,1.000,0.000,0.0000
91.080,-97.014,-45.306,0.310,0.006,0.785,10.750,1.000,0.000,0.0000
91.090,-97.014,-45.230,0.310,0.006,0.785,10.750,1.000,0.000,0.0000
91.100,-97.014,-45.154,0.310,0.006,0.784,10.750,1.000,0.000,0.0000
91.110,-97.014,-45.078,0.310,0.006,0.784,10.750,1.000,0.000,0.0000
91.120,-97.014,-45.001,0.310,0.006,0.784,10.750,1.000,0.000,0.0000
91.130,-97.014,-44.924,0.310,0.006,0.784,10.750,1.000,0.000,0.0000
91.140,-97.014,-44.847,0.310,0.006,0.784,10.750,1.000,0.000,0.0000
91.150,-97.014,-44.769,0.310,0.006,0.784,10.750,1.000,0.000,0.0000
91.160,-97.014,-44.691,0.310,0.006,0.784,10.750,1.000,0.000,0.0000
91.170,-97.014,-44.612,0.310,0.006,0.784,10.750,1.000,0.000,0.0000
91.180,-97.014,-44.533,0.310,0.006,0.784,10.750,1.000,0.000,0.0000
91.190,-97.014,-44.453,0.310,0.006,0.784,10.750,1.000,0.000,0.0000
91.200,-97.014,-44.374,0.310,0.006,0.784,10.750,1.000,0.000,0.0000
91.210,-97.013,-44.293,0.310,0.006,0.784,10.750,1.000,0.000,0.0000
91.220,-97.013,-44.213,0.310,0.006,0.784,10.750,1.000,0.000,0.0000
91.230,-97.013,-44.132,0.310,0.006,0.784,10.750,1.000,0.000,0.0000
91.240,-97.013,-44.050,0.310,0.006,0.784,10.750,1.000,0.000,0.0000
91.250,-97.013,-43.968,0.310,0.007,0.783,10.750,1.000,0.000,0.0000
91.260,-97.013,-43.886,0.310,0.007,0.783,10.750,1.000,0.000,0.0000
91.270,-97.013,-43.803,0.310,0.007,0.783,10.750,1.000,0.000,0.0000
91.280,-97.013,-43.720,0.310,0.007,0.783,10.750,1.000,0.000,0.0000
91.290,-97.013,-43.637,0.310,0.007,0.783,10.750,1.000,0.000,0.0000
91.300,-97.013,-43.553,0.310,0.007,0.783,10.750,1.000,0.000,0.0000
91.310,-97.013,-43.469,0.310,0.007,0.783,10.750,1.000,0.000,0.0000
91.320,-97.013,-43.384,0.310,0.007,0.783,10.750,1.000,0.000,0.0000
91.330,-97.013,-43.299,0.310,0.007,0.783,10.750,1.000,0.000,0.0000
91.340,-97.013,-43.214,0.310,0.007,0.783,10.750,1.000,0.000,0.0000
91.350,-97.013,-43.128,0.310,0.007,0.783,10.750,1.000,0.000,0.0000
91.360,-97.012,-43.042,0.310,0.007,0.783,10.750,1.000,0.000,0.0000
91.370,-97.012,-42.955,0.310,0.007,0.783,10.750,1.000,0.000,0.0000
91.380,-97.012,-42.868,0.310,0.007,0.783,10.750,1.000,0.000,0.0000
91.390,-97.012,-42.781,0.310,0.007,0.783,10.750,1.000,0.000,0.0000
91.400,-97.012,-42.693,0.310,0.007,0.782,10.750,1.000,0.000,0.0000
91.410,-97.012,-42.605,0.310,0.007,0.782,10.750,1.000,0.000,0.0000
91.420,-97.012,-42.516,0.310,0.007,0.782,10.750,1.000,0.000,0.0000
91.430,-97.012,-42.427,0.310,0.007,0.782,10.750,1.000,0.000,0.0000
91.440,-97.012,-42.338,0.310,0.007,0.782,10.750,1.000,0.000,0.0000
91.450,-97.012,-42.248,0.310,0.007,0.782,10.750,1.000,0.000,0.0000
91.460,-97.012,-42.158,0.310,0.007,0.782,10.749,1.000,0.000,0.0000
91.470,-97.012,-42.067,0.310,0.007,0.782,10.749,1.000,0.000,0.0000
91.480,-97.012,-41.976,0.310,0.007,0.782,10.749,1.000,0.000,0.0000
91.490,-97.012,-41.885,0.310,0.007,0.782,10.749,1.000,0.000,0.0000
91.500,-97.011,-41.793,0.310,0.007,0.782,10.749,1.000,0.000,0.0000
91.510,-97.011,-41.701,0.310,0.007,0.782,10.749,1.000,0.000,0.0000
91.520,-97.011,-41.608,0.310,0.007,0.782,10.749,1.000,0.000,0.0000
91.530,-97.011,-41.515,0.310,0.007,0.782,10.749,1.000,0.000,0.0000
91.540,-97.011,-41.422,0.310,0.007,0.781,10.749,1.000,0.000,0.0000
91.550,-97.011,-41.328,0.310,0.007,0.781,10.749,1.000,0.000,0.0000
91.560,-97.011,-41.234,0.310,0.008,0.781,10.749,1.000,0.000,0.0000
91.570,-97.011,-41.139,0.310,0.008,0.781,10.749,1.000,0.000,0.0000
91.580,-97.011,-41.044,0.310,0.008,0.781,10.749,1.000,0.000,0.0000
91.590,-97.011,-40.949,0.310,0.008,0.781,10.749,1.000,0.000,0.0000
91.600,-97.011,-40.853,0.310,0.008,0.781,10.749,1.000,0.000,0.0000
91.610,-97.011,-40.757,0.310,0.008,0.781,10.749,1.000,0.000,0.0000
91.620,-97.011,-40.660,0.310,0.008,0.781,10.749,1.000,0.000,0.0000
91.630,-97.011,-40.564,0.310,0.008,0.781,10.749,0.940,0.000,0.0000
91.640,-97.010,-40.466,0.310,0.008,0.781,10.749,0.880,0.000,0.0000
91.650,-97.010,-40.369,0.310,0.008,0.781,10.749,0.820,0.000,0.0000
91.660,-97.010,-40.271,0.310,0.014,0.781,10.749,0.760,0.000,0.0000
91.670,-97.010,-40.173,0.311,0.026,0.780,10.749,0.700,0.000,0.0000
91.680,-97.010,-40.076,0.311,0.042,0.780,10.749,0.640,0.000,0.0000
91.690,-97.010,-39.979,0.312,0.058,0.780,10.748,0.580,0.000,0.0000
91.700,-97.010,-39.883,0.312,0.072,0.780,10.747,0.520,0.000,0.0000
91.710,-97.010,-39.787,0.313,0.085,0.780,10.746,0.460,0.000,0.0000
91.720,-97.010,-39.692,0.314,0.095,0.780,10.745,0.400,0.000,0.0000
91.730,-97.010,-39.596,0.315,0.103,0.780,10.744,0.340,0.000,0.0000
91.740,-97.010,-39.502,0.316,0.108,0.780,10.743,0.280,0.000,0.0000
91.750,-97.010,-39.407,0.317,0.111,0.780,10.742,0.220,0.000,0.0000
91.760,-97.010,-39.314,0.318,0.112,0.780,10.741,0.160,0.000,0.0000
91.770,-97.009,-39.220,0.320,0.112,0.780,10.740,0.100,0.000,0.0000
91.780,-97.009,-39.127,0.321,0.110,0.780,10.739,0.040,0.000,0.0000
91.790,-97.009,-39.034,0.322,0.107,0.780,10.738,0.000,0.000,0.0000
91.800,-97.009,-38.942,0.323,0.102,0.780,10.737,0.000,0.000,0.0000
91.810,-97.009,-38.850,0.324,0.096,0.780,10.736,0.000,0.000,0.0000
91.820,-97.009,-38.758,0.325,0.090,0.780,10.735,0.000,0.000,0.0000
91.830,-97.009,-38.667,0.325,0.082,0.780,10.734,0.000,0.000,0.0000
91.840,-97.009,-38.577,0.326,0.074,0.780,10.733,0.000,0.000,0.0000
91.850,-97.009,-38.486,0.327,0.066,0.780,10.733,0.000,0.000,0.0000
91.860,-97.009,-38.397,0.327,0.057,0.780,10.732,0.000,0.000,0.0000
91.870,-97.009,-38.307,0.328,0.048,0.780,10.732,0.000,0.000,0.0000
91.880,-97.009,-38.218,0.328,0.039,0.780,10.731,0.000,0.000,0.0000
91.890,-97.009,-38.130,0.329,0.030,0.780,10.731,0.000,0.000,0.0000
91.900,-97.009,-38.041,0.329,0.022,0.779,10.731,0.000,0.000,0.0000
91.910,-97.008,-37.954,0.329,0.014,0.779,10.731,0.000,0.000,0.0000
91.920,-97.008,-37.866,0.329,0.008,0.779,10.731,0.000,0.000,0.0000
91.930,-97.008,-37.779,0.329,0.008,0.779,10.731,0.000,0.000,0.0000
91.940,-97.008,-37.693,0.329,0.013,0.779,10.731,0.000,0.000,0.0000
91.950,-97.008,-37.607,0.329,0.018,0.779,10.731,0.000,0.000,0.0000
91.960,-97.008,-37.521,0.328,0.024,0.779,10.731,0.000,0.000,0.0000
91.970,-97.008,-37.436,0.328,0.028,0.779,10.731,0.000,0.000,0.0000
91.980,-97.008,-37.351,0.328,0.032,0.779,10.732,0.000,0.000,0.0000
91.990,-97.008,-37.267,0.327,0.036,0.779,10.732,0.000,0.000,0.0000
92.000,-97.008,-37.183,0.327,0.038,0.779,10.732,0.000,0.000,0.0000
92.010,-97.008,-37.099,0.327,0.040,0.779,10.733,0.000,0.000,0.0000
92.020,-97.008,-37.016,0.326,0.042,0.779,10.733,0.000,0.000,0.0000
92.030,-97.008,-36.933,0.326,0.042,0.778,10.734,0.000,0.000,0.0000
92.040,-97.008,-36.850,0.325,0.042,0.778,10.734,0.000,0.000,0.0000
92.050,-97.007,-36.768,0.325,0.041,0.778,10.734,0.000,0.000,0.0000
92.060,-97.007,-36.686,0.325,0.040,0.778,10.735,0.000,0.000,0.0000
92.070,-97.007,-36.605,0.324,0.038,0.778,10.735,0.000,0.000,0.0000
92.080,-97.007,-36.524,0.324,0.036,0.778,10.736,0.000,0.000,0.0000
92.090,-97.007,-36.444,0.324,0.034,0.778,10.736,0.000,0.000,0.0000
92.100,-97.007,-36.364,0.323,0.031,0.778,10.736,0.000,0.000,0.0000
92.110,-97.007,-36.284,0.323,0.028,0.778,10.736,0.000,0.000,0.0000
92.120,-97.007,-36.204,0.323,0.025,0.778,10.737,0.000,0.000,0.0000
92.130,-97.007,-36.126,0.322,0.022,0.778,10.737,0.000,0.000,0.0000
92.140,-97.007,-36.047,0.322,0.018,0.778,10.737,0.000,0.000,0.0000
92.150,-97.007,-35.969,0.322,0.015,0.778,10.737,0.000,0.000,0.0000
92.160,-97.007,-35.891,0.322,0.012,0.777,10.737,0.000,0.000,0.0000
92.170,-97.007,-35.814,0.322,0.009,0.777,10.737,0.000,0.000,0.0000
92.180,-97.007,-35.737,0.322,0.007,0.777,10.737,0.000,0.000,0.0000
92.190,-97.007,-35.660,0.322,0.006,0.777,10.737,0.000,0.000,0.0000
92.200,-97.007,-35.584,0.322,0.006,0.777,10.737,0.000,0.000,0.0000
92.210,-97.006,-35.508,0.322,0.008,0.777,10.737,0.000,0.000,0.0000
92.220,-97.006,-35.432,0.322,0.009,0.777,10.737,0.000,0.000,0.0000
92.230,-97.006,-35.357,0.322,0.011,0.777,10.737,0.000,0.000,0.0000
92.240,-97.006,-35.283,0.322,0.012,0.777,10.737,0.000,0.000,0.0000
92.250,-97.006,-35.208,0.322,0.014,0.777,10.737,0.000,0.000,0.0000
92.260,-97.006,-35.135,0.323,0.015,0.777,10.737,0.000,0.000,0.0000
92.270,-97.006,-35.061,0.323,0.015,0.777,10.737,0.000,0.000,0.0000
92.280,-97.006,-34.988,0.323,0.016,0.777,10.736,0.000,0.000,0.0000
92.290,-97.006,-34.915,0.323,0.016,0.777,10.736,0.000,0.000,0.0000
92.300,-97.006,-34.843,0.323,0.017,0.777,10.736,0.000,0.000,0.0000
92.310,-97.006,-34.771,0.323,0.016,0.777,10.736,0.000,0.000,0.0000
92.320,-97.006,-34.700,0.323,0.016,0.777,10.736,0.000,0.000,0.0000
92.330,-97.006,-34.629,0.324,0.016,0.777,10.736,0.000,0.000,0.0000
92.340,-97.006,-34.558,0.324,0.015,0.776,10.735,0.000,0.000,0.0000
92.350,-97.006,-34.488,0.324,0.014,0.776,10.735,0.000,0.000,0.0000
92.360,-97.006,-34.418,0.324,0.013,0.776,10.735,0.000,0.000,0.0000
92.370,-97.006,-34.348,0.324,0.012,0.776,10.735,0.000,0.000,0.0000
92.380,-97.006,-34.279,0.324,0.011,0.776,10.735,0.000,0.000,0.0000
92.390,-97.005,-34.211,0.324,0.010,0.776,10.735,0.000,0.000,0.0000
92.400,-97.005,-34.142,0.324,0.009,0.776,10.735,0.000,0.000,0.0000
92.410,-97.005,-34.074,0.324,0.008,0.776,10.735,0.000,0.000,0.0000
92.420,-97.005,-34.007,0.324,0.007,0.776,10.735,0.000,0.000,0.0000
92.430,-97.005,-33.940,0.324,0.006,0.776,10.735,0.000,0.000,0.0000
92.440,-97.005,-33.873,0.325,0.006,0.776,10.735,0.000,0.000,0.0000
92.450,-97.005,-33.807,0.325,0.005,0.776,10.735,0.000,0.000,0.0000
92.460,-97.005,-33.741,0.325,0.005,0.776,10.735,0.000,0.000,0.0000
92.470,-97.005,-33.675,0.325,0.005,0.776,10.735,0.000,0.000,0.0000
92.480,-97.005,-33.610,0.324,0.006,0.776,10.735,0.000,0.000,0.0000
92.490,-97.005,-33.546,0.324,0.006,0.776,10.735,0.000,0.000,0.0000
92.500,-97.005,-33.481,0.324,0.006,0.776,10.735,0.000,0.000,0.0000
92.510,-97.005,-33.417,0.324,0.007,0.776,10.735,0.000,0.000,0.0000
92.520,-97.005,-33.354,0.324,0.007,0.776,10.735,0.000,0.000,0.0000
92.530,-97.005,-33.291,0.324,0.007,0.775,10.735,0.000,0.000,0.0000
92.540,-97.005,-33.228,0.324,0.007,0.775,10.735,0.000,0.000,0.0000
92.550,-97.005,-33.166,0.324,0.007,0.775,10.735,0.000,0.000,0.0000
92.560,-97.005,-33.104,0.324,0.008,0.775,10.735,0.000,0.000,0.0000
92.570,-97.005,-33.042,0.324,0.008,0.775,10.735,0.000,0.000,0.0000
92.580,-97.004,-32.981,0.324,0.007,0.775,10.735,0.000,0.000,0.0000
92.590,-97.004,-32.920,0.324,0.007,0.775,10.735,0.000,0.000,0.0000
92.600,-97.004,-32.860,0.324,0.007,0.775,10.735,0.000,0.000,0.0000
92.610,-97.004,-32.800,0.324,0.007,0.775,10.735,0.000,0.000,0.0000
92.620,-97.004,-32.741,0.324,0.007,0.775,10.735,0.000,0.000,0.0000
92.630,-97.004,-32.681,0.324,0.006,0.775,10.735,0.000,0.000,0.0000
92.640,-97.004,-32.623,0.324,0.006,0.775,10.735,0.000,0.000,0.0000
92.650,-97.004,-32.564,0.324,0.006,0.775,10.735,0.000,0.000,0.0000
92.660,-97.004,-32.506,0.324,0.005,0.775,10.735,0.000,0.000,0.0000
92.670,-97.004,-32.449,0.324,0.005,0.775,10.735,0.000,0.000,0.0000
92.680,-97.004,-32.392,0.324,0.005,0.775,10.735,0.000,0.000,0.0000
92.690,-97.004,-32.335,0.324,0.005,0.775,10.735,0.000,0.000,0.0000
92.700,-97.004,-32.278,0.324,0.005,0.775,10.735,0.000,0.000,0.0000
92.710,-97.004,-32.222,0.324,0.004,0.775,10.735,0.000,0.000,0.0000
92.720,-97.004,-32.167,0.324,0.004,0.775,10.735,0.000,0.000,0.0000
92.730,-97.004,-32.112,0.324,0.004,0.775,10.735,0.000,0.000,0.0000
92.740,-97.004,-32.057,0.324,0.004,0.774,10.735,0.040,0.000,0.0000
92.750,-97.004,-32.002,0.324,0.004,0.774,10.735,0.080,0.000,0.0000
92.760,-97.004,-31.948,0.324,0.004,0.774,10.735,0.120,0.000,0.0000
92.770,-97.004,-31.895,0.324,0.005,0.774,10.735,0.160,0.000,0.0000
92.780,-97.004,-31.842,0.324,0.005,0.774,10.735,0.200,0.000,0.0000
92.790,-97.004,-31.789,0.324,0.005,0.774,10.735,0.240,0.000,0.0000
92.800,-97.003,-31.736,0.324,0.005,0.774,10.735,0.280,0.000,0.0000
92.810,-97.003,-31.684,0.324,0.005,0.774,10.735,0.320,0.000,0.0000
92.820,-97.003,-31.633,0.324,0.005,0.774,10.735,0.360,0.000,0.0000
92.830,-97.003,-31.582,0.324,0.005,0.774,10.735,0.400,0.000,0.0000
92.840,-97.003,-31.531,0.324,0.005,0.774,10.735,0.440,0.000,0.0000
92.850,-97.003,-31.480,0.324,0.004,0.774,10.735,0.480,0.000,0.0000
92.860,-97.003,-31.430,0.324,0.007,0.774,10.735,0.520,0.000,0.0000
92.870,-97.003,-31.380,0.324,0.020,0.774,10.735,0.560,0.000,0.0000
92.880,-97.003,-31.329,0.323,0.036,0.774,10.736,0.600,0.000,0.0000
92.890,-97.003,-31.278,0.323,0.053,0.774,10.736,0.640,0.000,0.0000
92.900,-97.003,-31.226,0.322,0.069,0.774,10.737,0.680,0.000,0.0000
92.910,-97.003,-31.174,0.321,0.083,0.774,10.738,0.720,0.000,0.0000
92.920,-97.003,-31.122,0.320,0.094,0.774,10.739,0.760,0.000,0.0000
92.930,-97.003,-31.069,0.319,0.102,0.773,10.740,0.800,0.000,0.0000
92.940,-97.003,-31.016,0.318,0.109,0.773,10.741,0.840,0.000,0.0000
92.950,-97.003,-30.962,0.317,0.112,0.773,10.742,0.880,0.000,0.0000
92.960,-97.003,-30.908,0.316,0.114,0.773,10.743,0.920,0.000,0.0000
92.970,-97.003,-30.854,0.315,0.114,0.773,10.744,0.960,0.000,0.0000
92.980,-97.003,-30.799,0.314,0.112,0.773,10.745,1.000,0.000,0.0000
92.990,-97.003,-30.744,0.312,0.109,0.773,10.746,1.000,0.000,0.0000
93.000,-97.003,-30.688,0.311,0.104,0.773,10.747,1.000,0.000,0.0000
93.010,-97.003,-30.632,0.310,0.099,0.773,10.748,1.000,0.000,0.0000
93.020,-97.003,-30.576,0.310,0.092,0.773,10.749,1.000,0.000,0.0000
93.030,-97.003,-30.519,0.309,0.084,0.773,10.750,1.000,0.000,0.0000
93.040,-97.002,-30.462,0.308,0.076,0.773,10.751,1.000,0.000,0.0000
93.050,-97.002,-30.404,0.307,0.067,0.773,10.752,1.000,0.000,0.0000
93.060,-97.002,-30.346,0.307,0.058,0.773,10.752,1.000,0.000,0.0000
93.070,-97.002,-30.287,0.306,0.049,0.772,10.753,1.000,0.000,0.0000
93.080,-97.002,-30.229,0.306,0.039,0.772,10.753,1.000,0.000,0.0000
93.090,-97.002,-30.169,0.306,0.030,0.772,10.753,1.000,0.000,0.0000
93.100,-97.002,-30.109,0.305,0.021,0.772,10.754,1.000,0.000,0.0000
93.110,-97.002,-30.049,0.305,0.013,0.772,10.754,1.000,0.000,0.0000
93.120,-97.002,-29.989,0.305,0.006,0.772,10.754,1.000,0.000,0.0000
93.130,-97.002,-29.928,0.305,0.006,0.772,10.754,1.000,0.000,0.0000
93.140,-97.002,-29.866,0.305,0.012,0.772,10.753,1.000,0.000,0.0000
93.150,-97.002,-29.804,0.305,0.019,0.772,10.753,1.000,0.000,0.0000
93.160,-97.002,-29.742,0.306,0.024,0.772,10.753,1.000,0.000,0.0000
93.170,-97.002,-29.679,0.306,0.029,0.772,10.753,1.000,0.000,0.0000
93.180,-97.002,-29.616,0.306,0.033,0.772,10.752,1.000,0.000,0.0000
93.190,-97.002,-29.553,0.307,0.037,0.772,10.752,1.000,0.000,0.0000
93.200,-97.002,-29.489,0.307,0.039,0.772,10.752,1.000,0.000,0.0000
93.210,-97.002,-29.425,0.307,0.041,0.772,10.751,1.000,0.000,0.0000
93.220,-97.002,-29.360,0.308,0.042,0.772,10.751,1.000,0.000,0.0000
93.230,-97.002,-29.295,0.308,0.043,0.772,10.750,1.000,0.000,0.0000
93.240,-97.001,-29.230,0.309,0.042,0.772,10.750,1.000,0.000,0.0000
93.250,-97.001,-29.164,0.309,0.042,0.772,10.750,1.000,0.000,0.0000
93.260,-97.001,-29.098,0.310,0.040,0.772,10.749,1.000,0.000,0.0000
93.270,-97.001,-29.031,0.310,0.038,0.772,10.749,1.000,0.000,0.0000
93.280,-97.001,-28.964,0.310,0.036,0.772,10.748,1.000,0.000,0.0000
93.290,-97.001,-28.897,0.311,0.033,0.771,10.748,1.000,0.000,0.0000
93.300,-97.001,-28.829,0.311,0.030,0.771,10.748,1.000,0.000,0.0000
93.310,-97.001,-28.761,0.311,0.027,0.771,10.748,1.000,0.000,0.0000
93.320,-97.001,-28.692,0.311,0.024,0.771,10.747,1.000,0.000,0.0000
93.330,-97.001,-28.623,0.312,0.021,0.771,10.747,1.000,0.000,0.0000
93.340,-97.001,-28.554,0.312,0.017,0.771,10.747,1.000,0.000,0.0000
93.350,-97.001,-28.484,0.312,0.014,0.771,10.747,1.000,0.000,0.0000
93.360,-97.001,-28.414,0.312,0.011,0.771,10.747,1.000,0.000,0.0000
93.370,-97.001,-28.343,0.312,0.008,0.771,10.747,1.000,0.000,0.0000
93.380,-97.001,-28.273,0.312,0.006,0.771,10.747,1.000,0.000,0.0000
93.390,-97.001,-28.201,0.312,0.006,0.771,10.747,1.000,0.000,0.0000
93.400,-97.001,-28.130,0.312,0.006,0.771,10.747,1.000,0.000,0.0000
93.410,-97.001,-28.057,0.312,0.008,0.771,10.747,1.000,0.000,0.0000
93.420,-97.000,-27.985,0.312,0.010,0.771,10.747,1.000,0.000,0.0000
93.430,-97.000,-27.912,0.312,0.011,0.771,10.747,1.000,0.000,0.0000
93.440,-97.000,-27.839,0.312,0.013,0.771,10.747,1.000,0.000,0.0000
93.450,-97.000,-27.765,0.312,0.014,0.771,10.747,1.000,0.000,0.0000
93.460,-97.000,-27.691,0.311,0.015,0.771,10.747,1.000,0.000,0.0000
93.470,-97.000,-27.617,0.311,0.016,0.770,10.747,1.000,0.000,0.0000
93.480,-97.000,-27.542,0.311,0.017,0.770,10.747,1.000,0.000,0.0000
93.490,-97.000,-27.467,0.311,0.017,0.770,10.748,1.000,0.000,0.0000
93.500,-97.000,-27.391,0.311,0.017,0.770,10.748,1.000,0.000,0.0000
93.510,-97.000,-27.315,0.311,0.017,0.770,10.748,1.000,0.000,0.0000
93.520,-97.000,-27.238,0.311,0.016,0.770,10.748,1.000,0.000,0.0000
93.530,-97.000,-27.162,0.310,0.016,0.770,10.748,1.000,0.000,0.0000
93.540,-97.000,-27.084,0.310,0.015,0.770,10.748,1.000,0.000,0.0000
93.550,-97.000,-27.007,0.310,0.014,0.770,10.748,1.000,0.000,0.0000
93.560,-97.000,-26.929,0.310,0.013,0.770,10.749,1.000,0.000,0.0000
93.570,-97.000,-26.850,0.310,0.012,0.770,10.749,1.000,0.000,0.0000
93.580,-97.000,-26.771,0.310,0.011,0.770,10.749,1.000,0.000,0.0000
93.590,-96.999,-26.692,0.310,0.010,0.770,10.749,1.000,0.000,0.0000
93.600,-96.999,-26.613,0.310,0.009,0.770,10.749,1.000,0.000,0.0000
93.610,-96.999,-26.533,0.310,0.008,0.770,10.749,1.000,0.000,0.0000
93.620,-96.999,-26.452,0.310,0.008,0.770,10.749,1.000,0.000,0.0000
93.630,-96.999,-26.371,0.310,0.007,0.769,10.749,1.000,0.000,0.0000
93.640,-96.999,-26.290,0.310,0.007,0.769,10.749,1.000,0.000,0.0000
93.650,-96.999,-26.209,0.310,0.007,0.769,10.749,1.000,0.000,0.0000
93.660,-96.999,-26.126,0.310,0.007,0.769,10.749,1.000,0.000,0.0000
93.670,-96.999,-26.044,0.310,0.007,0.769,10.749,1.000,0.000,0.0000
93.680,-96.999,-25.961,0.310,0.007,0.769,10.749,1.000,0.000,0.0000
93.690,-96.999,-25.878,0.310,0.007,0.769,10.749,1.000,0.000,0.0000
93.700,-96.999,-25.794,0.310,0.008,0.769,10.749,1.000,0.000,0.0000
93.710,-96.999,-25.710,0.310,0.008,0.769,10.749,1.000,0.000,0.0000
93.720,-96.999,-25.626,0.310,0.008,0.769,10.749,1.000,0.000,0.0000
93.730,-96.999,-25.541,0.310,0.009,0.769,10.749,1.000,0.000,0.0000
93.740,-96.998,-25.456,0.310,0.009,0.769,10.749,1.000,0.000,0.0000
93.750,-96.998,-25.370,0.310,0.009,0.769,10.749,1.000,0.000,0.0000
93.760,-96.998,-25.284,0.310,0.009,0.769,10.748,1.000,0.000,0.0000
93.770,-96.998,-25.198,0.310,0.009,0.769,10.748,1.000,0.000,0.0000
93.780,-96.998,-25.111,0.310,0.009,0.768,10.748,1.000,0.000,0.0000
93.790,-96.998,-25.024,0.310,0.009,0.768,10.748,1.000,0.000,0.0000
93.800,-96.998,-24.936,0.310,0.009,0.768,10.748,1.000,0.000,0.0000
93.810,-96.998,-24.848,0.310,0.008,0.768,10.748,1.000,0.000,0.0000
93.820,-96.998,-24.760,0.310,0.008,0.768,10.748,1.000,0.000,0.0000
93.830,-96.998,-24.671,0.310,0.008,0.768,10.748,1.000,0.000,0.0000
93.840,-96.998,-24.582,0.310,0.008,0.768,10.748,1.000,0.000,0.0000
93.850,-96.998,-24.493,0.310,0.008,0.768,10.748,1.000,0.000,0.0000
93.860,-96.998,-24.403,0.310,0.008,0.768,10.748,1.000,0.000,0.0000
93.870,-96.998,-24.312,0.310,0.007,0.768,10.748,1.000,0.000,0.0000
93.880,-96.997,-24.222,0.310,0.007,0.768,10.748,1.000,0.000,0.0000
93.890,-96.997,-24.130,0.310,0.007,0.768,10.748,1.000,0.000,0.0000
93.900,-96.997,-24.039,0.310,0.007,0.768,10.748,1.000,0.000,0.0000
93.910,-96.997,-23.947,0.310,0.007,0.768,10.748,1.000,0.000,0.0000
93.920,-96.997,-23.855,0.310,0.007,0.767,10.748,1.000,0.000,0.0000
93.930,-96.997,-23.762,0.310,0.007,0.767,10.748,1.000,0.000,0.0000
93.940,-96.997,-23.669,0.310,0.007,0.767,10.748,1.000,0.000,0.0000
93.950,-96.997,-23.575,0.310,0.008,0.767,10.748,1.000,0.000,0.0000
93.960,-96.997,-23.481,0.310,0.008,0.767,10.748,1.000,0.000,0.0000
93.970,-96.997,-23.387,0.310,0.008,0.767,10.748,1.000,0.000,0.0000
93.980,-96.997,-23.292,0.310,0.008,0.767,10.748,1.000,0.000,0.0000
93.990,-96.997,-23.197,0.310,0.008,0.767,10.748,1.000,0.000,0.0000
94.000,-96.997,-23.102,0.310,0.008,0.767,10.748,1.000,0.000,0.0000
94.010,-96.997,-23.006,0.310,0.008,0.767,10.748,1.000,0.000,0.0000
94.020,-96.996,-22.909,0.310,0.008,0.767,10.748,1.000,0.000,0.0000
94.030,-96.996,-22.813,0.310,0.008,0.767,10.748,1.000,0.000,0.0000
94.040,-96.996,-22.716,0.310,0.008,0.767,10.748,1.000,0.000,0.0000
94.050,-96.996,-22.618,0.310,0.008,0.766,10.748,1.000,0.000,0.0000
94.060,-96.996,-22.520,0.310,0.008,0.766,10.748,1.000,0.000,0.0000
94.070,-96.996,-22.422,0.310,0.008,0.766,10.748,1.000,0.000,0.0000
94.080,-96.996,-22.323,0.310,0.008,0.766,10.748,1.000,0.000,0.0000
94.090,-96.996,-22.224,0.310,0.008,0.766,10.748,1.000,0.000,0.0000
94.100,-96.996,-22.125,0.310,0.008,0.766,10.748,1.000,0.000,0.0000
94.110,-96.996,-22.025,0.310,0.008,0.766,10.748,1.000,0.000,0.0000
94.120,-96.996,-21.925,0.310,0.008,0.766,10.748,1.000,0.000,0.0000
94.130,-96.996,-21.824,0.310,0.008,0.766,10.748,1.000,0.000,0.0000
94.140,-96.995,-21.723,0.310,0.008,0.766,10.748,1.000,0.000,0.0000
94.150,-96.995,-21.621,0.310,0.008,0.766,10.748,1.000,0.000,0.0000
94.160,-96.995,-21.520,0.310,0.008,0.766,10.748,1.000,0.000,0.0000
94.170,-96.995,-21.417,0.310,0.008,0.766,10.748,1.000,0.000,0.0000
94.180,-96.995,-21.315,0.310,0.008,0.765,10.748,1.000,0.000,0.0000
94.190,-96.995,-21.212,0.310,0.008,0.765,10.748,1.000,0.000,0.0000
94.200,-96.995,-21.108,0.310,0.008,0.765,10.748,1.000,0.000,0.0000
94.210,-96.995,-21.004,0.310,0.008,0.765,10.748,1.000,0.000,0.0000
94.220,-96.995,-20.900,0.310,0.008,0.765,10.748,1.000,0.000,0.0000
94.230,-96.995,-20.795,0.310,0.008,0.765,10.748,1.000,0.000,0.0000
94.240,-96.995,-20.690,0.310,0.008,0.765,10.748,1.000,0.000,0.0000
94.250,-96.995,-20.585,0.310,0.008,0.765,10.748,1.000,0.000,0.0000
94.260,-96.995,-20.479,0.310,0.008,0.765,10.748,1.000,0.000,0.0000
94.270,-96.994,-20.373,0.310,0.009,0.765,10.748,1.000,0.000,0.0000
94.280,-96.994,-20.266,0.310,0.009,0.765,10.748,1.000,0.000,0.0000
94.290,-96.994,-20.159,0.310,0.009,0.765,10.748,1.000,0.000,0.0000
94.300,-96.994,-20.052,0.310,0.009,0.764,10.748,1.000,0.000,0.0000
94.310,-96.994,-19.944,0.310,0.009,0.764,10.748,1.000,0.000,0.0000
94.320,-96.994,-19.836,0.310,0.009,0.764,10.748,1.000,0.000,0.0000
94.330,-96.994,-19.727,0.310,0.009,0.764,10.748,1.000,0.000,0.0000
94.340,-96.994,-19.618,0.310,0.009,0.764,10.748,1.000,0.000,0.0000
94.350,-96.994,-19.509,0.310,0.009,0.764,10.748,1.000,0.000,0.0000
94.360,-96.994,-19.399,0.310,0.009,0.764,10.748,1.000,0.000,0.0000
94.370,-96.994,-19.289,0.310,0.009,0.764,10.748,1.000,0.000,0.0000
94.380,-96.993,-19.178,0.310,0.009,0.764,10.748,1.000,0.000,0.0000
94.390,-96.993,-19.067,0.310,0.009,0.764,10.748,1.000,0.000,0.0000
94.400,-96.993,-18.956,0.310,0.011,0.764,10.748,1.000,0.000,0.0000
94.410,-96.993,-18.845,0.310,0.016,0.763,10.748,0.940,0.000,0.0000
94.420,-96.993,-18.734,0.311,0.027,0.763,10.747,0.880,0.000,0.0000
94.430,-96.993,-18.623,0.311,0.041,0.763,10.747,0.820,0.000,0.0000
94.440,-96.993,-18.513,0.312,0.056,0.763,10.746,0.760,0.000,0.0000
94.450,-96.993,-18.402,0.312,0.070,0.763,10.746,0.700,0.000,0.0000
94.460,-96.993,-18.293,0.313,0.082,0.763,10.745,0.640,0.000,0.0000
94.470,-96.993,-18.183,0.314,0.092,0.763,10.744,0.580,0.000,0.0000
94.480,-96.993,-18.075,0.315,0.100,0.763,10.743,0.520,0.000,0.0000
94.490,-96.992,-17.966,0.316,0.106,0.763,10.742,0.460,0.000,0.0000
94.500,-96.992,-17.858,0.317,0.109,0.763,10.741,0.400,0.000,0.0000
94.510,-96.992,-17.750,0.318,0.111,0.763,10.740,0.340,0.000,0.0000
94.520,-96.992,-17.643,0.319,0.111,0.763,10.738,0.280,0.000,0.0000
94.530,-96.992,-17.536,0.321,0.109,0.763,10.737,0.220,0.000,0.0000
94.540,-96.992,-17.430,0.322,0.106,0.763,10.736,0.160,0.000,0.0000
94.550,-96.992,-17.324,0.323,0.102,0.763,10.735,0.100,0.000,0.0000
94.560,-96.992,-17.218,0.324,0.096,0.763,10.734,0.040,0.000,0.0000
94.570,-96.992,-17.113,0.324,0.090,0.763,10.733,0.000,0.000,0.0000
94.580,-96.992,-17.008,0.325,0.083,0.763,10.733,0.000,0.000,0.0000
94.590,-96.992,-16.904,0.326,0.075,0.763,10.732,0.000,0.000,0.0000
94.600,-96.992,-16.800,0.327,0.066,0.762,10.731,0.000,0.000,0.0000
94.610,-96.991,-16.696,0.327,0.058,0.762,10.731,0.000,0.000,0.0000
94.620,-96.991,-16.593,0.328,0.049,0.762,10.730,0.000,0.000,0.0000
94.630,-96.991,-16.490,0.328,0.040,0.762,10.730,0.000,0.000,0.0000
94.640,-96.991,-16.388,0.328,0.031,0.762,10.729,0.040,0.000,0.0000
94.650,-96.991,-16.286,0.329,0.023,0.762,10.729,0.080,0.000,0.0000
94.660,-96.991,-16.185,0.329,0.015,0.762,10.729,0.120,0.000,0.0000
94.670,-96.991,-16.084,0.329,0.009,0.762,10.729,0.160,0.000,0.0000
94.680,-96.991,-15.983,0.329,0.008,0.762,10.729,0.200,0.000,0.0000
94.690,-96.991,-15.883,0.329,0.012,0.762,10.729,0.240,0.000,0.0000
94.700,-96.991,-15.783,0.329,0.018,0.762,10.729,0.280,0.000,0.0000
94.710,-96.991,-15.684,0.328,0.023,0.762,10.729,0.320,0.000,0.0000
94.720,-96.991,-15.585,0.328,0.028,0.762,10.730,0.360,0.000,0.0000
94.730,-96.991,-15.486,0.328,0.032,0.761,10.730,0.400,0.000,0.0000
94.740,-96.990,-15.388,0.327,0.035,0.761,10.730,0.440,0.000,0.0000
94.750,-96.990,-15.290,0.327,0.038,0.761,10.731,0.480,0.000,0.0000
94.760,-96.990,-15.193,0.327,0.040,0.761,10.731,0.520,0.000,0.0000
94.770,-96.990,-15.096,0.326,0.041,0.761,10.732,0.560,0.000,0.0000
94.780,-96.990,-14.999,0.326,0.042,0.761,10.732,0.600,0.000,0.0000
94.790,-96.990,-14.903,0.325,0.042,0.761,10.732,0.640,0.000,0.0000
94.800,-96.990,-14.807,0.325,0.041,0.761,10.733,0.580,0.000,0.0000
94.810,-96.990,-14.712,0.325,0.040,0.761,10.733,0.520,0.000,0.0000
94.820,-96.990,-14.617,0.324,0.038,0.761,10.733,0.460,0.000,0.0000
94.830,-96.990,-14.522,0.324,0.036,0.761,10.734,0.400,0.000,0.0000
94.840,-96.990,-14.428,0.324,0.034,0.760,10.734,0.340,0.000,0.0000
94.850,-96.990,-14.334,0.323,0.031,0.760,10.734,0.280,0.000,0.0000
94.860,-96.990,-14.240,0.323,0.028,0.760,10.735,0.220,0.000,0.0000
94.870,-96.989,-14.147,0.323,0.025,0.760,10.735,0.160,0.000,0.0000
94.880,-96.989,-14.055,0.323,0.022,0.760,10.735,0.100,0.000,0.0000
94.890,-96.989,-13.962,0.322,0.019,0.760,10.735,0.040,0.000,0.0000
94.900,-96.989,-13.870,0.322,0.016,0.760,10.735,0.000,0.000,0.0000
94.910,-96.989,-13.779,0.322,0.013,0.760,10.736,0.000,0.000,0.0000
94.920,-96.989,-13.688,0.322,0.010,0.760,10.736,0.000,0.000,0.0000
94.930,-96.989,-13.597,0.322,0.008,0.760,10.736,0.000,0.000,0.0000
94.940,-96.989,-13.507,0.322,0.007,0.760,10.736,0.000,0.000,0.0000
94.950,-96.989,-13.417,0.322,0.007,0.760,10.736,0.000,0.000,0.0000
94.960,-96.989,-13.327,0.322,0.008,0.759,10.736,0.000,0.000,0.0000
94.970,-96.989,-13.238,0.322,0.010,0.759,10.736,0.000,0.000,0.0000
94.980,-96.989,-13.149,0.322,0.011,0.759,10.735,0.000,0.000,0.0000
94.990,-96.989,-13.061,0.322,0.012,0.759,10.735,0.000,0.000,0.0000
95.000,-96.989,-12.973,0.322,0.014,0.759,10.735,0.000,0.000,0.0000
95.010,-96.988,-12.885,0.323,0.015,0.759,10.735,0.000,0.000,0.0000
95.020,-96.988,-12.798,0.323,0.016,0.759,10.735,0.000,0.000,0.0000
95.030,-96.988,-12.711,0.323,0.016,0.759,10.735,0.000,0.000,0.0000
95.040,-96.988,-12.625,0.323,0.017,0.759,10.735,0.000,0.000,0.0000
95.050,-96.988,-12.539,0.323,0.017,0.759,10.734,0.000,0.000,0.0000
95.060,-96.988,-12.453,0.323,0.017,0.759,10.734,0.000,0.000,0.0000
95.070,-96.988,-12.368,0.323,0.016,0.759,10.734,0.000,0.000,0.0000
95.080,-96.988,-12.283,0.324,0.016,0.759,10.734,0.000,0.000,0.0000
95.090,-96.988,-12.199,0.324,0.015,0.759,10.734,0.000,0.000,0.0000
95.100,-96.988,-12.115,0.324,0.015,0.759,10.734,0.000,0.000,0.0000
95.110,-96.988,-12.031,0.324,0.014,0.759,10.734,0.000,0.000,0.0000
95.120,-96.988,-11.948,0.324,0.013,0.758,10.733,0.000,0.000,0.0000
95.130,-96.988,-11.865,0.324,0.012,0.758,10.733,0.000,0.000,0.0000
95.140,-96.988,-11.783,0.324,0.011,0.758,10.733,0.000,0.000,0.0000
95.150,-96.987,-11.701,0.324,0.010,0.758,10.733,0.000,0.000,0.0000
95.160,-96.987,-11.619,0.324,0.009,0.758,10.733,0.000,0.000,0.0000
95.170,-96.987,-11.538,0.324,0.008,0.758,10.733,0.000,0.000,0.0000
95.180,-96.987,-11.457,0.324,0.007,0.758,10.733,0.000,0.000,0.0000
95.190,-96.987,-11.376,0.324,0.007,0.758,10.733,0.000,0.000,0.0000
95.200,-96.987,-11.296,0.325,0.006,0.758,10.733,0.000,0.000,0.0000
95.210,-96.987,-11.217,0.325,0.006,0.758,10.733,0.000,0.000,0.0000
95.220,-96.987,-11.138,0.324,0.006,0.758,10.733,0.000,0.000,0.0000
95.230,-96.987,-11.059,0.324,0.007,0.758,10.733,0.000,0.000,0.0000
95.240,-96.987,-10.980,0.324,0.007,0.758,10.733,0.000,0.000,0.0000
95.250,-96.987,-10.902,0.324,0.007,0.758,10.733,0.000,0.000,0.0000
95.260,-96.987,-10.825,0.324,0.007,0.758,10.733,0.000,0.000,0.0000
95.270,-96.987,-10.747,0.324,0.008,0.758,10.733,0.000,0.000,0.0000
95.280,-96.987,-10.671,0.324,0.008,0.757,10.733,0.000,0.000,0.0000
95.290,-96.987,-10.594,0.324,0.008,0.757,10.733,0.000,0.000,0.0000
95.300,-96.987,-10.518,0.324,0.008,0.757,10.733,0.000,0.000,0.0000
95.310,-96.986,-10.442,0.324,0.008,0.757,10.733,0.000,0.000,0.0000
95.320,-96.986,-10.367,0.324,0.008,0.757,10.733,0.000,0.000,0.0000
95.330,-96.986,-10.292,0.324,0.008,0.757,10.733,0.000,0.000,0.0000
95.340,-96.986,-10.218,0.324,0.008,0.757,10.733,0.000,0.000,0.0000
95.350,-96.986,-10.144,0.324,0.008,0.757,10.734,0.000,0.000,0.0000
95.360,-96.986,-10.070,0.324,0.008,0.757,10.734,0.000,0.000,0.0000
95.370,-96.986,-9.997,0.324,0.007,0.757,10.734,0.000,0.000,0.0000
95.380,-96.986,-9.924,0.324,0.007,0.757,10.734,0.000,0.000,0.0000
95.390,-96.986,-9.851,0.324,0.007,0.757,10.734,0.000,0.000,0.0000
95.400,-96.986,-9.779,0.324,0.007,0.757,10.734,0.000,0.000,0.0000
95.410,-96.986,-9.708,0.324,0.006,0.757,10.734,0.000,0.000,0.0000
95.420,-96.986,-9.636,0.324,0.006,0.757,10.734,0.000,0.000,0.0000
95.430,-96.986,-9.565,0.324,0.006,0.757,10.734,0.000,0.000,0.0000
95.440,-96.986,-9.495,0.324,0.006,0.756,10.734,0.000,0.000,0.0000
95.450,-96.986,-9.425,0.324,0.006,0.756,10.734,0.000,0.000,0.0000
95.460,-96.986,-9.355,0.324,0.006,0.756,10.734,0.000,0.000,0.0000
95.470,-96.986,-9.286,0.324,0.006,0.756,10.734,0.000,0.000,0.0000
95.480,-96.986,-9.217,0.324,0.005,0.756,10.734,0.000,0.000,0.0000
95.490,-96.985,-9.148,0.324,0.005,0.756,10.734,0.000,0.000,0.0000
95.500,-96.985,-9.080,0.324,0.005,0.756,10.734,0.000,0.000,0.0000
95.510,-96.985,-9.013,0.324,0.006,0.756,10.734,0.000,0.000,0.0000
95.520,-96.985,-8.945,0.324,0.006,0.756,10.734,0.000,0.000,0.0000
95.530,-96.985,-8.878,0.324,0.006,0.756,10.734,0.000,0.000,0.0000
95.540,-96.985,-8.812,0.324,0.006,0.756,10.734,0.000,0.000,0.0000
95.550,-96.985,-8.746,0.324,0.006,0.756,10.734,0.000,0.000,0.0000
95.560,-96.985,-8.680,0.324,0.006,0.756,10.734,0.000,0.000,0.0000
95.570,-96.985,-8.615,0.324,0.006,0.756,10.734,0.000,0.000,0.0000
95.580,-96.985,-8.550,0.324,0.006,0.756,10.734,0.000,0.000,0.0000
95.590,-96.985,-8.485,0.324,0.006,0.756,10.734,0.000,0.000,0.0000
95.600,-96.985,-8.421,0.324,0.005,0.756,10.734,0.000,0.000,0.0000
95.610,-96.985,-8.357,0.324,0.005,0.756,10.733,0.000,0.000,0.0000
95.620,-96.985,-8.294,0.324,0.005,0.756,10.733,0.000,0.000,0.0000
95.630,-96.985,-8.231,0.324,0.005,0.755,10.733,0.000,0.000,0.0000
95.640,-96.985,-8.168,0.324,0.005,0.755,10.733,0.000,0.000,0.0000
95.650,-96.985,-8.106,0.324,0.005,0.755,10.733,0.000,0.000,0.0000
95.660,-96.985,-8.044,0.324,0.005,0.755,10.733,0.000,0.000,0.0000
95.670,-96.985,-7.983,0.324,0.005,0.755,10.733,0.000,0.000,0.0000
95.680,-96.984,-7.922,0.324,0.005,0.755,10.733,0.000,0.000,0.0000
95.690,-96.984,-7.861,0.324,0.005,0.755,10.733,0.000,0.000,0.0000
95.700,-96.984,-7.801,0.324,0.005,0.755,10.733,0.000,0.000,0.0000
95.710,-96.984,-7.741,0.324,0.005,0.755,10.733,0.000,0.000,0.0000
95.720,-96.984,-7.682,0.324,0.005,0.755,10.733,0.000,0.000,0.0000
95.730,-96.984,-7.623,0.324,0.005,0.755,10.733,0.000,0.000,0.0000
95.740,-96.984,-7.564,0.324,0.005,0.755,10.733,0.000,0.000,0.0000
95.750,-96.984,-7.506,0.324,0.005,0.755,10.733,0.000,0.000,0.0000
95.760,-96.984,-7.448,0.324,0.005,0.755,10.733,0.000,0.000,0.0000
95.770,-96.984,-7.391,0.324,0.005,0.755,10.733,0.000,0.000,0.0000
95.780,-96.984,-7.334,0.324,0.005,0.755,10.733,0.000,0.000,0.0000
95.790,-96.984,-7.277,0.324,0.005,0.755,10.733,0.000,0.000,0.0000
95.800,-96.984,-7.221,0.324,0.005,0.755,10.733,0.000,0.000,0.0000
95.810,-96.984,-7.165,0.324,0.004,0.755,10.733,0.000,0.000,0.0000
95.820,-96.984,-7.110,0.324,0.004,0.755,10.733,0.000,0.000,0.0000
95.830,-96.984,-7.055,0.324,0.004,0.755,10.733,0.000,0.000,0.0000
95.840,-96.984,-7.000,0.324,0.004,0.755,10.733,0.000,0.000,0.0000
95.850,-96.984,-6.946,0.324,0.004,0.754,10.733,0.000,0.000,0.0000
95.860,-96.984,-6.892,0.324,0.004,0.754,10.733,0.000,0.000,0.0000
95.870,-96.984,-6.839,0.324,0.004,0.754,10.733,0.000,0.000,0.0000
95.880,-96.984,-6.786,0.324,0.004,0.754,10.733,0.000,0.000,0.0000
95.890,-96.984,-6.733,0.324,0.004,0.754,10.733,0.000,0.000,0.0000
95.900,-96.983,-6.681,0.324,0.004,0.754,10.733,0.000,0.000,0.0000
95.910,-96.983,-6.629,0.324,0.004,0.754,10.733,0.000,0.000,0.0000
95.920,-96.983,-6.577,0.324,0.004,0.754,10.733,0.040,0.000,0.0000
95.930,-96.983,-6.526,0.324,0.004,0.754,10.733,0.080,0.000,0.0000
95.940,-96.983,-6.476,0.324,0.004,0.754,10.733,0.120,0.000,0.0000
95.950,-96.983,-6.425,0.324,0.004,0.754,10.733,0.160,0.000,0.0000
95.960,-96.983,-6.376,0.324,0.004,0.754,10.733,0.200,0.000,0.0000
95.970,-96.983,-6.326,0.324,0.004,0.754,10.733,0.240,0.000,0.0000
95.980,-96.983,-6.277,0.324,0.004,0.754,10.733,0.280,0.000,0.0000
95.990,-96.983,-6.228,0.324,0.004,0.754,10.733,0.320,0.000,0.0000
96.000,-96.983,-6.180,0.324,0.004,0.754,10.733,0.360,0.000,0.0000
96.010,-96.983,-6.132,0.324,0.004,0.754,10.733,0.400,0.000,0.0000
96.020,-96.983,-6.085,0.324,0.004,0.754,10.733,0.440,0.000,0.0000
96.030,-96.983,-6.037,0.324,0.009,0.754,10.733,0.480,0.000,0.0000
96.040,-96.983,-5.990,0.324,0.021,0.754,10.734,0.520,0.000,0.0000
96.050,-96.983,-5.942,0.323,0.038,0.754,10.734,0.560,0.000,0.0000
96.060,-96.983,-5.894,0.323,0.054,0.754,10.734,0.600,0.000,0.0000
96.070,-96.983,-5.845,0.322,0.070,0.754,10.735,0.640,0.000,0.0000
96.080,-96.983,-5.796,0.321,0.084,0.753,10.736,0.680,0.000,0.0000
96.090,-96.983,-5.747,0.320,0.095,0.753,10.737,0.720,0.000,0.0000
96.100,-96.983,-5.697,0.319,0.103,0.753,10.738,0.760,0.000,0.0000
96.110,-96.983,-5.646,0.318,0.109,0.753,10.739,0.800,0.000,0.0000
96.120,-96.983,-5.596,0.317,0.113,0.753,10.740,0.740,0.000,0.0000
96.130,-96.983,-5.545,0.316,0.114,0.753,10.741,0.680,0.000,0.0000
96.140,-96.983,-5.493,0.315,0.114,0.753,10.742,0.620,0.000,0.0000
96.150,-96.983,-5.441,0.313,0.112,0.753,10.744,0.560,0.000,0.0000
96.160,-96.982,-5.389,0.312,0.109,0.753,10.745,0.500,0.000,0.0000
96.170,-96.982,-5.337,0.311,0.104,0.753,10.746,0.440,0.000,0.0000
96.180,-96.982,-5.284,0.310,0.091,0.753,10.747,0.380,0.000,0.0000
96.190,-96.982,-5.231,0.310,0.071,0.753,10.747,0.320,0.000,0.0000
96.200,-96.982,-5.179,0.309,0.047,0.753,10.748,0.260,0.000,0.0000
96.210,-96.982,-5.127,0.309,0.023,0.752,10.748,0.200,0.000,0.0000
96.220,-96.982,-5.075,0.309,0.004,0.752,10.748,0.140,0.000,0.0000
96.230,-96.982,-5.024,0.309,0.024,0.752,10.748,0.080,0.000,0.0000
96.240,-96.982,-4.973,0.310,0.044,0.752,10.747,0.020,0.000,0.0000
96.250,-96.982,-4.923,0.310,0.062,0.752,10.747,0.000,0.000,0.0000
96.260,-96.982,-4.873,0.311,0.077,0.752,10.746,0.000,0.000,0.0000
96.270,-96.982,-4.823,0.312,0.090,0.752,10.745,0.000,0.000,0.0000
96.280,-96.982,-4.774,0.313,0.100,0.752,10.744,0.000,0.000,0.0000
96.290,-96.982,-4.725,0.314,0.108,0.752,10.743,0.000,0.000,0.0000
96.300,-96.982,-4.676,0.315,0.114,0.752,10.742,0.000,0.000,0.0000
96.310,-96.982,-4.628,0.316,0.119,0.752,10.741,0.000,0.000,0.0000
96.320,-96.982,-4.580,0.318,0.121,0.752,10.739,0.000,0.000,0.0000
96.330,-96.982,-4.533,0.319,0.121,0.752,10.738,0.000,0.000,0.0000
96.340,-96.982,-4.486,0.320,0.120,0.752,10.737,0.000,0.000,0.0000
96.350,-96.982,-4.439,0.321,0.117,0.752,10.736,0.000,0.000,0.0000
96.360,-96.982,-4.393,0.322,0.112,0.752,10.735,0.000,0.000,0.0000
96.370,-96.982,-4.347,0.323,0.107,0.752,10.734,0.000,0.000,0.0000
96.380,-96.982,-4.302,0.324,0.100,0.752,10.733,0.000,0.000,0.0000
96.390,-96.982,-4.257,0.325,0.092,0.752,10.732,0.000,0.000,0.0000
96.400,-96.982,-4.213,0.326,0.083,0.752,10.731,0.000,0.000,0.0000
96.410,-96.981,-4.169,0.327,0.074,0.752,10.730,0.000,0.000,0.0000
96.420,-96.981,-4.125,0.328,0.065,0.752,10.729,0.000,0.000,0.0000
96.430,-96.981,-4.082,0.328,0.055,0.752,10.729,0.000,0.000,0.0000
96.440,-96.981,-4.039,0.329,0.045,0.752,10.728,0.000,0.000,0.0000
96.450,-96.981,-3.996,0.329,0.035,0.752,10.728,0.000,0.000,0.0000
96.460,-96.981,-3.955,0.329,0.025,0.752,10.728,0.000,0.000,0.0000
96.470,-96.981,-3.913,0.329,0.016,0.752,10.728,0.000,0.000,0.0000
96.480,-96.981,-3.872,0.329,0.007,0.752,10.728,0.000,0.000,0.0000
96.490,-96.981,-3.831,0.329,0.004,0.752,10.728,0.000,0.000,0.0000
96.500,-96.981,-3.791,0.329,0.010,0.752,10.728,0.000,0.000,0.0000
96.510,-96.981,-3.751,0.329,0.017,0.752,10.728,0.000,0.000,0.0000
96.520,-96.981,-3.711,0.329,0.023,0.752,10.728,0.000,0.000,0.0000
96.530,-96.981,-3.672,0.329,0.029,0.752,10.728,0.000,0.000,0.0000
96.540,-96.981,-3.634,0.328,0.034,0.752,10.729,0.000,0.000,0.0000
96.550,-96.981,-3.595,0.328,0.038,0.752,10.729,0.000,0.000,0.0000
96.560,-96.981,-3.558,0.327,0.041,0.752,10.730,0.000,0.000,0.0000
96.570,-96.981,-3.520,0.327,0.043,0.752,10.730,0.000,0.000,0.0000
96.580,-96.981,-3.483,0.327,0.045,0.752,10.730,0.000,0.000,0.0000
96.590,-96.981,-3.446,0.326,0.045,0.752,10.731,0.000,0.000,0.0000
96.600,-96.981,-3.410,0.326,0.045,0.752,10.731,0.000,0.000,0.0000
96.610,-96.981,-3.374,0.325,0.045,0.752,10.732,0.000,0.000,0.0000
96.620,-96.981,-3.339,0.325,0.044,0.752,10.732,0.000,0.000,0.0000
96.630,-96.981,-3.303,0.324,0.042,0.752,10.733,0.000,0.000,0.0000
96.640,-96.981,-3.269,0.324,0.040,0.752,10.733,0.000,0.000,0.0000
96.650,-96.981,-3.234,0.324,0.037,0.751,10.733,0.000,0.000,0.0000
96.660,-96.981,-3.200,0.323,0.034,0.751,10.734,0.000,0.000,0.0000
96.670,-96.981,-3.167,0.323,0.031,0.751,10.734,0.000,0.000,0.0000
96.680,-96.981,-3.134,0.323,0.027,0.751,10.734,0.000,0.000,0.0000
96.690,-96.981,-3.101,0.322,0.023,0.751,10.734,0.000,0.000,0.0000
96.700,-96.981,-3.069,0.322,0.020,0.751,10.735,0.000,0.000,0.0000
96.710,-96.981,-3.037,0.322,0.016,0.751,10.735,0.000,0.000,0.0000
96.720,-96.981,-3.005,0.322,0.012,0.751,10.735,0.000,0.000,0.0000
96.730,-96.981,-2.974,0.322,0.009,0.751,10.735,0.000,0.000,0.0000
96.740,-96.981,-2.943,0.322,0.005,0.751,10.735,0.000,0.000,0.0000
96.750,-96.980,-2.912,0.322,0.003,0.751,10.735,0.000,0.000,0.0000
96.760,-96.980,-2.882,0.322,0.003,0.751,10.735,0.000,0.000,0.0000
96.770,-96.980,-2.853,0.322,0.005,0.751,10.735,0.000,0.000,0.0000
96.780,-96.980,-2.823,0.322,0.007,0.751,10.735,0.000,0.000,0.0000
96.790,-96.980,-2.795,0.322,0.010,0.751,10.735,0.000,0.000,0.0000
96.800,-96.980,-2.766,0.322,0.012,0.751,10.735,0.000,0.000,0.0000
96.810,-96.980,-2.738,0.322,0.013,0.751,10.735,0.000,0.000,0.0000
96.820,-96.980,-2.710,0.322,0.015,0.751,10.734,0.000,0.000,0.0000
96.830,-96.980,-2.683,0.323,0.016,0.751,10.734,0.000,0.000,0.0000
96.840,-96.980,-2.656,0.323,0.016,0.751,10.734,0.000,0.000,0.0000
96.850,-96.980,-2.630,0.323,0.017,0.751,10.734,0.000,0.000,0.0000
96.860,-96.980,-2.604,0.323,0.017,0.751,10.734,0.000,0.000,0.0000
96.870,-96.980,-2.578,0.323,0.017,0.751,10.734,0.000,0.000,0.0000
96.880,-96.980,-2.553,0.323,0.017,0.751,10.733,0.000,0.000,0.0000
96.890,-96.980,-2.528,0.324,0.016,0.751,10.733,0.000,0.000,0.0000
96.900,-96.980,-2.503,0.324,0.015,0.751,10.733,0.000,0.000,0.0000
96.910,-96.980,-2.479,0.324,0.014,0.751,10.733,0.000,0.000,0.0000
96.920,-96.980,-2.455,0.324,0.013,0.751,10.733,0.000,0.000,0.0000
96.930,-96.980,-2.432,0.324,0.012,0.751,10.733,0.000,0.000,0.0000
96.940,-96.980,-2.409,0.324,0.011,0.751,10.733,0.000,0.000,0.0000
96.950,-96.980,-2.387,0.324,0.010,0.751,10.733,0.000,0.000,0.0000
96.960,-96.980,-2.365,0.324,0.008,0.751,10.732,0.000,0.000,0.0000
96.970,-96.980,-2.343,0.324,0.007,0.751,10.732,0.000,0.000,0.0000
96.980,-96.980,-2.322,0.325,0.005,0.751,10.732,0.000,0.000,0.0000
96.990,-96.980,-2.301,0.325,0.004,0.751,10.732,0.000,0.000,0.0000
97.000,-96.980,-2.280,0.325,0.003,0.751,10.732,0.000,0.000,0.0000
97.010,-96.980,-2.260,0.325,0.002,0.751,10.732,0.000,0.000,0.0000
97.020,-96.980,-2.240,0.325,0.002,0.751,10.732,0.000,0.000,0.0000
97.030,-96.980,-2.221,0.325,0.002,0.751,10.732,0.000,0.000,0.0000
97.040,-96.980,-2.202,0.325,0.003,0.751,10.732,0.000,0.000,0.0000
97.050,-96.980,-2.184,0.325,0.003,0.751,10.732,0.000,0.000,0.0000
97.060,-96.980,-2.165,0.324,0.004,0.751,10.732,0.000,0.000,0.0000
97.070,-96.980,-2.148,0.324,0.005,0.751,10.732,0.000,0.000,0.0000
97.080,-96.980,-2.130,0.324,0.005,0.751,10.732,0.000,0.000,0.0000
97.090,-96.980,-2.114,0.324,0.006,0.751,10.732,0.000,0.000,0.0000
97.100,-96.980,-2.097,0.324,0.006,0.751,10.733,0.000,0.000,0.0000
97.110,-96.980,-2.081,0.324,0.006,0.751,10.733,0.000,0.000,0.0000
97.120,-96.980,-2.065,0.324,0.006,0.751,10.733,0.000,0.000,0.0000
97.130,-96.980,-2.050,0.324,0.006,0.751,10.733,0.000,0.000,0.0000
97.140,-96.980,-2.035,0.324,0.006,0.751,10.733,0.000,0.000,0.0000
97.150,-96.980,-2.020,0.324,0.006,0.751,10.733,0.000,0.000,0.0000
97.160,-96.980,-2.006,0.324,0.006,0.751,10.733,0.000,0.000,0.0000
97.170,-96.980,-1.992,0.324,0.005,0.751,10.733,0.000,0.000,0.0000
97.180,-96.980,-1.979,0.324,0.005,0.751,10.733,0.000,0.000,0.0000
97.190,-96.980,-1.966,0.324,0.005,0.750,10.733,0.040,0.000,0.0000
97.200,-96.980,-1.953,0.324,0.004,0.750,10.733,0.080,0.000,0.0000
97.210,-96.980,-1.941,0.324,0.004,0.750,10.733,0.120,0.000,0.0000
97.220,-96.980,-1.929,0.324,0.011,0.750,10.733,0.160,0.000,0.0000
97.230,-96.980,-1.917,0.323,0.024,0.750,10.733,0.200,0.000,0.0000
97.240,-96.980,-1.905,0.323,0.040,0.750,10.734,0.240,0.000,0.0000
97.250,-96.980,-1.892,0.322,0.056,0.750,10.734,0.280,0.000,0.0000
97.260,-96.980,-1.878,0.322,0.071,0.750,10.735,0.320,0.000,0.0000
97.270,-96.980,-1.865,0.321,0.084,0.750,10.736,0.360,0.000,0.0000
97.280,-96.980,-1.851,0.320,0.095,0.750,10.737,0.400,0.000,0.0000
97.290,-96.980,-1.836,0.319,0.103,0.750,10.738,0.440,0.000,0.0000
97.300,-96.980,-1.821,0.318,0.109,0.750,10.739,0.480,0.000,0.0000
97.310,-96.980,-1.806,0.317,0.112,0.750,10.740,0.520,0.000,0.0000
97.320,-96.980,-1.790,0.315,0.113,0.750,10.741,0.560,0.000,0.0000
97.330,-96.980,-1.774,0.314,0.113,0.750,10.742,0.600,0.000,0.0000
97.340,-96.980,-1.757,0.313,0.111,0.750,10.743,0.640,0.000,0.0000
97.350,-96.980,-1.740,0.312,0.107,0.750,10.745,0.680,0.000,0.0000
97.360,-96.980,-1.723,0.311,0.102,0.750,10.746,0.720,0.000,0.0000
97.370,-96.980,-1.705,0.310,0.096,0.750,10.747,0.760,0.000,0.0000
97.380,-96.980,-1.687,0.309,0.089,0.750,10.747,0.800,0.000,0.0000
97.390,-96.979,-1.668,0.309,0.081,0.750,10.748,0.840,0.000,0.0000
97.400,-96.979,-1.649,0.308,0.073,0.750,10.749,0.880,0.000,0.0000
97.410,-96.979,-1.630,0.307,0.064,0.750,10.750,0.920,0.000,0.0000
97.420,-96.979,-1.610,0.307,0.055,0.750,10.750,0.960,0.000,0.0000
97.430,-96.979,-1.590,0.306,0.046,0.750,10.751,1.000,0.000,0.0000
97.440,-96.979,-1.569,0.306,0.036,0.750,10.751,1.000,0.000,0.0000
97.450,-96.979,-1.548,0.305,0.027,0.750,10.751,1.000,0.000,0.0000
97.460,-96.979,-1.527,0.305,0.018,0.750,10.751,1.000,0.000,0.0000
97.470,-96.979,-1.505,0.305,0.010,0.750,10.751,1.000,0.000,0.0000
97.480,-96.979,-1.482,0.305,0.002,0.750,10.752,1.000,0.000,0.0000
97.490,-96.979,-1.460,0.305,0.006,0.749,10.751,1.000,0.000,0.0000
97.500,-96.979,-1.436,0.305,0.013,0.749,10.751,1.000,0.000,0.0000
97.510,-96.979,-1.413,0.306,0.019,0.749,10.751,1.000,0.000,0.0000
97.520,-96.979,-1.389,0.306,0.025,0.749,10.751,1.000,0.000,0.0000
97.530,-96.979,-1.364,0.306,0.029,0.749,10.751,1.000,0.000,0.0000
97.540,-96.979,-1.340,0.306,0.033,0.749,10.750,1.000,0.000,0.0000
97.550,-96.979,-1.314,0.307,0.037,0.749,10.750,1.000,0.000,0.0000
97.560,-96.979,-1.289,0.307,0.039,0.749,10.749,1.000,0.000,0.0000
97.570,-96.979,-1.263,0.308,0.041,0.749,10.749,1.000,0.000,0.0000
97.580,-96.979,-1.236,0.308,0.042,0.749,10.749,1.000,0.000,0.0000
97.590,-96.979,-1.210,0.308,0.042,0.749,10.748,1.000,0.000,0.0000
97.600,-96.979,-1.182,0.309,0.042,0.749,10.748,1.000,0.000,0.0000
97.610,-96.979,-1.155,0.309,0.041,0.749,10.747,1.000,0.000,0.0000
97.620,-96.979,-1.127,0.310,0.039,0.749,10.747,1.000,0.000,0.0000
97.630,-96.979,-1.099,0.310,0.037,0.749,10.747,1.000,0.000,0.0000
97.640,-96.979,-1.070,0.310,0.035,0.749,10.746,1.000,0.000,0.0000
97.650,-96.979,-1.041,0.311,0.032,0.749,10.746,1.000,0.000,0.0000
97.660,-96.979,-1.011,0.311,0.029,0.749,10.746,1.000,0.000,0.0000
97.670,-96.979,-0.981,0.311,0.026,0.749,10.745,1.000,0.000,0.0000
97.680,-96.979,-0.951,0.311,0.022,0.749,10.745,1.000,0.000,0.0000
97.690,-96.979,-0.920,0.312,0.019,0.749,10.745,1.000,0.000,0.0000
97.700,-96.979,-0.889,0.312,0.016,0.749,10.745,1.000,0.000,0.0000
97.710,-96.979,-0.858,0.312,0.012,0.749,10.745,1.000,0.000,0.0000
97.720,-96.979,-0.826,0.312,0.009,0.749,10.745,1.000,0.000,0.0000
97.730,-96.979,-0.793,0.312,0.006,0.749,10.745,1.000,0.000,0.0000
97.740,-96.979,-0.761,0.312,0.003,0.749,10.745,1.000,0.000,0.0000
97.750,-96.979,-0.728,0.312,0.003,0.749,10.745,1.000,0.000,0.0000
97.760,-96.979,-0.694,0.312,0.004,0.749,10.745,1.000,0.000,0.0000
97.770,-96.979,-0.660,0.312,0.007,0.749,10.745,1.000,0.000,0.0000
97.780,-96.979,-0.626,0.312,0.009,0.749,10.745,1.000,0.000,0.0000
97.790,-96.979,-0.592,0.312,0.010,0.749,10.745,1.000,0.000,0.0000
97.800,-96.979,-0.557,0.312,0.012,0.749,10.745,1.000,0.000,0.0000
97.810,-96.979,-0.521,0.312,0.013,0.749,10.745,1.000,0.000,0.0000
97.820,-96.979,-0.485,0.311,0.014,0.749,10.745,1.000,0.000,0.0000
97.830,-96.979,-0.449,0.311,0.015,0.749,10.745,1.000,0.000,0.0000
97.840,-96.978,-0.413,0.311,0.016,0.749,10.746,1.000,0.000,0.0000
97.850,-96.978,-0.376,0.311,0.016,0.749,10.746,1.000,0.000,0.0000
97.860,-96.978,-0.338,0.311,0.016,0.749,10.746,1.000,0.000,0.0000
97.870,-96.978,-0.300,0.311,0.015,0.749,10.746,1.000,0.000,0.0000
97.880,-96.978,-0.262,0.310,0.015,0.749,10.746,1.000,0.000,0.0000
97.890,-96.978,-0.224,0.310,0.014,0.749,10.746,1.000,0.000,0.0000
97.900,-96.978,-0.185,0.310,0.014,0.749,10.746,1.000,0.000,0.0000
97.910,-96.978,-0.145,0.310,0.013,0.749,10.747,1.000,0.000,0.0000
97.920,-96.978,-0.105,0.310,0.012,0.749,10.747,1.000,0.000,0.0000
97.930,-96.978,-0.065,0.310,0.010,0.748,10.747,1.000,0.000,0.0000
97.940,-96.978,-0.025,0.310,0.009,0.748,10.747,1.000,0.000,0.0000
97.950,-96.978,0.016,0.310,0.008,0.748,10.747,1.000,0.000,0.0000
97.960,-96.978,0.058,0.310,0.007,0.748,10.747,1.000,0.000,0.0000
97.970,-96.978,0.099,0.310,0.006,0.748,10.747,1.000,0.000,0.0000
97.980,-96.978,0.142,0.310,0.005,0.748,10.747,1.000,0.000,0.0000
97.990,-96.978,0.184,0.310,0.004,0.748,10.747,1.000,0.000,0.0000
98.000,-96.978,0.227,0.310,0.004,0.748,10.747,0.940,0.000,0.0000
98.010,-96.978,0.271,0.310,0.003,0.748,10.747,0.880,0.000,0.0000
98.020,-96.978,0.314,0.310,0.004,0.748,10.747,0.820,0.000,0.0000
98.030,-96.978,0.359,0.310,0.004,0.748,10.747,0.760,0.000,0.0000
98.040,-96.978,0.403,0.310,0.004,0.748,10.747,0.700,0.000,0.0000
98.050,-96.978,0.448,0.310,0.005,0.748,10.747,0.640,0.000,0.0000
98.060,-96.978,0.493,0.310,0.005,0.748,10.747,0.580,0.000,0.0000
98.070,-96.978,0.539,0.310,0.006,0.748,10.747,0.520,0.000,0.0000
98.080,-96.978,0.585,0.310,0.006,0.748,10.747,0.460,0.000,0.0000
98.090,-96.978,0.632,0.310,0.007,0.748,10.747,0.400,0.000,0.0000
98.100,-96.978,0.679,0.310,0.014,0.748,10.747,0.340,0.000,0.0000
98.110,-96.978,0.725,0.310,0.026,0.748,10.746,0.280,0.000,0.0000
98.120,-96.978,0.771,0.311,0.042,0.748,10.746,0.220,0.000,0.0000
98.130,-96.978,0.817,0.311,0.058,0.748,10.745,0.160,0.000,0.0000
98.140,-96.977,0.863,0.312,0.074,0.748,10.745,0.100,0.000,0.0000
98.150,-96.977,0.908,0.313,0.087,0.748,10.744,0.040,0.000,0.0000
98.160,-96.977,0.952,0.314,0.097,0.748,10.743,0.000,0.000,0.0000
98.170,-96.977,0.996,0.315,0.105,0.748,10.742,0.000,0.000,0.0000
98.180,-96.977,1.040,0.316,0.111,0.748,10.741,0.000,0.000,0.0000
98.190,-96.977,1.084,0.317,0.114,0.748,10.739,0.000,0.000,0.0000
98.200,-96.977,1.127,0.318,0.116,0.748,10.738,0.040,0.000,0.0000
98.210,-96.977,1.169,0.319,0.115,0.748,10.737,0.080,0.000,0.0000
98.220,-96.977,1.211,0.321,0.113,0.748,10.736,0.120,0.000,0.0000
98.230,-96.977,1.253,0.322,0.110,0.748,10.735,0.160,0.000,0.0000
98.240,-96.977,1.294,0.323,0.105,0.748,10.734,0.200,0.000,0.0000
98.250,-96.977,1.335,0.324,0.099,0.748,10.733,0.240,0.000,0.0000
98.260,-96.977,1.376,0.325,0.092,0.748,10.732,0.280,0.000,0.0000
98.270,-96.977,1.416,0.325,0.085,0.748,10.731,0.320,0.000,0.0000
98.280,-96.977,1.456,0.326,0.076,0.748,10.730,0.360,0.000,0.0000
98.290,-96.977,1.495,0.327,0.060,0.748,10.730,0.400,0.000,0.0000
98.300,-96.977,1.535,0.327,0.037,0.748,10.729,0.440,0.000,0.0000
98.310,-96.977,1.575,0.327,0.012,0.748,10.729,0.480,0.000,0.0000
98.320,-96.977,1.615,0.327,0.015,0.748,10.729,0.520,0.000,0.0000
98.330,-96.977,1.656,0.327,0.041,0.748,10.730,0.560,0.000,0.0000
98.340,-96.977,1.697,0.326,0.063,0.748,10.730,0.600,0.000,0.0000
98.350,-96.977,1.739,0.325,0.083,0.748,10.731,0.640,0.000,0.0000
98.360,-96.977,1.781,0.324,0.100,0.748,10.732,0.680,0.000,0.0000
98.370,-96.977,1.823,0.323,0.114,0.747,10.733,0.720,0.000,0.0000
98.380,-96.977,1.866,0.322,0.125,0.747,10.735,0.760,0.000,0.0000
98.390,-96.977,1.909,0.321,0.133,0.747,10.736,0.800,0.000,0.0000
98.400,-96.977,1.952,0.319,0.139,0.747,10.737,0.840,0.000,0.0000
98.410,-96.977,1.996,0.318,0.142,0.747,10.739,0.880,0.000,0.0000
98.420,-96.977,2.040,0.316,0.142,0.747,10.740,0.820,0.000,0.0000
98.430,-96.977,2.085,0.315,0.141,0.747,10.742,0.760,0.000,0.0000
98.440,-96.976,2.130,0.314,0.138,0.747,10.743,0.700,0.000,0.0000
98.450,-96.976,2.176,0.312,0.133,0.747,10.744,0.640,0.000,0.0000
98.460,-96.976,2.221,0.311,0.126,0.747,10.746,0.580,0.000,0.0000
98.470,-96.976,2.268,0.310,0.118,0.747,10.747,0.520,0.000,0.0000
98.480,-96.976,2.314,0.309,0.109,0.747,10.748,0.460,0.000,0.0000
98.490,-96.976,2.362,0.308,0.099,0.746,10.749,0.400,0.000,0.0000
98.500,-96.976,2.409,0.307,0.081,0.746,10.750,0.340,0.000,0.0000
98.510,-96.976,2.456,0.306,0.056,0.746,10.750,0.280,0.000,0.0000
98.520,-96.976,2.503,0.306,0.029,0.746,10.750,0.220,0.000,0.0000
98.530,-96.976,2.549,0.306,0.004,0.746,10.750,0.160,0.000,0.0000
98.540,-96.976,2.596,0.306,0.026,0.746,10.750,0.100,0.000,0.0000
98.550,-96.976,2.641,0.307,0.051,0.746,10.750,0.040,0.000,0.0000
98.560,-96.976,2.687,0.307,0.073,0.746,10.749,0.000,0.000,0.0000
98.570,-96.976,2.732,0.308,0.091,0.746,10.748,0.000,0.000,0.0000
98.580,-96.976,2.776,0.309,0.107,0.746,10.747,0.000,0.000,0.0000
98.590,-96.976,2.820,0.311,0.120,0.746,10.746,0.000,0.000,0.0000
98.600,-96.976,2.864,0.312,0.130,0.746,10.744,0.000,0.000,0.0000
98.610,-96.976,2.908,0.313,0.138,0.746,10.743,0.000,0.000,0.0000
98.620,-96.976,2.951,0.315,0.143,0.746,10.742,0.000,0.000,0.0000
98.630,-96.976,2.993,0.316,0.146,0.746,10.740,0.000,0.000,0.0000
98.640,-96.976,3.036,0.318,0.147,0.746,10.739,0.000,0.000,0.0000
98.650,-96.976,3.078,0.319,0.145,0.746,10.737,0.000,0.000,0.0000
98.660,-96.976,3.119,0.321,0.142,0.746,10.736,0.000,0.000,0.0000
98.670,-96.976,3.160,0.322,0.136,0.746,10.734,0.000,0.000,0.0000
98.680,-96.976,3.201,0.323,0.129,0.746,10.733,0.000,0.000,0.0000
98.690,-96.976,3.241,0.324,0.121,0.746,10.732,0.000,0.000,0.0000
98.700,-96.976,3.281,0.326,0.112,0.746,10.731,0.000,0.000,0.0000
98.710,-96.976,3.320,0.327,0.101,0.746,10.730,0.000,0.000,0.0000
98.720,-96.975,3.359,0.327,0.090,0.746,10.729,0.000,0.000,0.0000
98.730,-96.975,3.397,0.328,0.079,0.746,10.728,0.000,0.000,0.0000
98.740,-96.975,3.436,0.329,0.067,0.746,10.728,0.000,0.000,0.0000
98.750,-96.975,3.473,0.329,0.055,0.746,10.727,0.000,0.000,0.0000
98.760,-96.975,3.510,0.330,0.043,0.746,10.727,0.000,0.000,0.0000
98.770,-96.975,3.547,0.330,0.031,0.746,10.726,0.000,0.000,0.0000
98.780,-96.975,3.584,0.330,0.019,0.746,10.726,0.000,0.000,0.0080
98.790,-96.975,3.620,0.330,0.009,0.746,10.726,0.000,0.000,0.0160
98.800,-96.975,3.655,0.330,0.005,0.746,10.726,0.000,0.000,0.0240
98.810,-96.975,3.690,0.330,0.012,0.746,10.726,0.000,0.000,0.0320
98.820,-96.975,3.725,0.330,0.021,0.746,10.726,0.000,0.000,0.0400
98.830,-96.975,3.759,0.330,0.029,0.746,10.727,0.000,0.000,0.0480
98.840,-96.975,3.793,0.330,0.035,0.746,10.727,0.000,0.000,0.0560
98.850,-96.975,3.827,0.329,0.041,0.746,10.727,0.000,0.000,0.0640
98.860,-96.975,3.860,0.329,0.046,0.746,10.728,0.000,0.000,0.0720
98.870,-96.975,3.893,0.328,0.050,0.746,10.728,0.000,0.000,0.0800
98.880,-96.975,3.925,0.328,0.053,0.746,10.729,0.000,0.000,0.0880
98.890,-96.975,3.957,0.327,0.055,0.745,10.729,0.000,0.000,0.0960
98.900,-96.974,3.988,0.327,0.056,0.745,10.730,0.000,0.000,0.1040
98.910,-96.974,4.019,0.326,0.057,0.745,10.730,0.000,0.000,0.1120
98.920,-96.974,4.050,0.325,0.057,0.745,10.731,0.000,0.000,0.1200
98.930,-96.974,4.080,0.325,0.056,0.745,10.731,0.000,0.000,0.1280
98.940,-96.974,4.110,0.324,0.055,0.744,10.732,0.000,0.000,0.1360
98.950,-96.973,4.140,0.324,0.053,0.744,10.732,0.000,0.000,0.1440
98.960,-96.973,4.169,0.324,0.052,0.744,10.733,0.000,0.000,0.1520
98.970,-96.973,4.198,0.323,0.050,0.744,10.733,0.000,0.000,0.1600
98.980,-96.972,4.226,0.323,0.049,0.743,10.733,0.000,0.000,0.1680
98.990,-96.972,4.254,0.322,0.048,0.743,10.734,0.000,0.000,0.1760
99.000,-96.972,4.281,0.322,0.047,0.742,10.734,0.000,0.000,0.1840
99.010,-96.971,4.308,0.322,0.047,0.742,10.734,0.000,0.000,0.1920
99.020,-96.971,4.335,0.322,0.048,0.742,10.734,0.000,0.000,0.2000
99.030,-96.970,4.361,0.322,0.049,0.741,10.734,0.000,0.000,0.2080
99.040,-96.970,4.387,0.322,0.050,0.741,10.734,0.000,0.000,0.2160
99.050,-96.969,4.413,0.322,0.052,0.740,10.734,0.000,0.000,0.2240
99.060,-96.969,4.438,0.322,0.054,0.739,10.734,0.000,0.000,0.2320
99.070,-96.968,4.462,0.322,0.057,0.739,10.734,0.000,0.000,0.2400
99.080,-96.968,4.486,0.322,0.060,0.738,10.734,0.000,0.000,0.2480
99.090,-96.967,4.510,0.322,0.063,0.738,10.734,0.000,0.000,0.2560
99.100,-96.966,4.533,0.322,0.066,0.737,10.734,0.000,0.000,0.2640
99.110,-96.966,4.556,0.322,0.068,0.736,10.733,0.000,0.000,0.2720
99.120,-96.965,4.579,0.322,0.071,0.736,10.733,0.000,0.000,0.2800
99.130,-96.964,4.601,0.323,0.074,0.735,10.733,0.000,0.000,0.2880
99.140,-96.964,4.622,0.323,0.076,0.734,10.733,0.000,0.000,0.2960
99.150,-96.963,4.644,0.323,0.078,0.734,10.732,0.000,0.000,0.3040
99.160,-96.962,4.664,0.323,0.080,0.733,10.732,0.000,0.000,0.3120
99.170,-96.961,4.685,0.323,0.082,0.732,10.732,0.000,0.000,0.3200
99.180,-96.961,4.704,0.324,0.083,0.731,10.731,0.000,0.000,0.3280
99.190,-96.960,4.724,0.324,0.085,0.730,10.731,0.000,0.000,0.3360
99.200,-96.959,4.743,0.324,0.086,0.730,10.731,0.000,0.000,0.3440
99.210,-96.958,4.761,0.324,0.087,0.729,10.731,0.000,0.000,0.3520
99.220,-96.957,4.779,0.324,0.088,0.728,10.730,0.000,0.000,0.3600
99.230,-96.956,4.797,0.325,0.089,0.727,10.730,0.000,0.000,0.3680
99.240,-96.955,4.814,0.325,0.090,0.726,10.730,0.000,0.000,0.3760
99.250,-96.955,4.831,0.325,0.090,0.725,10.730,0.000,0.000,0.3840
99.260,-96.954,4.848,0.325,0.091,0.724,10.729,0.000,0.000,0.3920
99.270,-96.953,4.864,0.325,0.091,0.724,10.729,0.000,0.000,0.4000
99.280,-96.952,4.879,0.325,0.092,0.723,10.729,0.000,0.000,0.4080
99.290,-96.951,4.894,0.325,0.092,0.722,10.729,0.000,0.000,0.4160
99.300,-96.950,4.909,0.325,0.093,0.721,10.729,0.000,0.000,0.4240
99.310,-96.949,4.924,0.325,0.093,0.720,10.729,0.000,0.000,0.4320
99.320,-96.948,4.937,0.325,0.093,0.719,10.729,0.000,0.000,0.4400
99.330,-96.947,4.951,0.325,0.093,0.718,10.729,0.000,0.000,0.4480
99.340,-96.946,4.964,0.325,0.093,0.717,10.729,0.000,0.000,0.4560
99.350,-96.945,4.977,0.325,0.093,0.716,10.729,0.000,0.000,0.4640
99.360,-96.944,4.989,0.325,0.092,0.715,10.729,0.000,0.000,0.4720
99.370,-96.943,5.001,0.325,0.092,0.714,10.729,0.000,0.000,0.4800
99.380,-96.943,5.012,0.325,0.091,0.713,10.729,0.000,0.000,0.4880
99.390,-96.942,5.023,0.325,0.090,0.713,10.729,0.000,0.000,0.4960
99.400,-96.941,5.034,0.324,0.089,0.712,10.729,0.000,0.000,0.5000
99.410,-96.940,5.044,0.324,0.089,0.711,10.729,0.000,0.000,0.5000
99.420,-96.939,5.054,0.324,0.087,0.710,10.729,0.000,0.000,0.5000
99.430,-96.938,5.064,0.324,0.085,0.709,10.729,0.000,0.000,0.5000
99.440,-96.937,5.073,0.324,0.083,0.708,10.729,0.000,0.000,0.5000
99.450,-96.937,5.082,0.324,0.080,0.707,10.729,0.000,0.000,0.5000
99.460,-96.936,5.090,0.324,0.078,0.707,10.729,0.000,0.000,0.5000
99.470,-96.935,5.098,0.324,0.076,0.706,10.729,0.000,0.000,0.5000
99.480,-96.934,5.106,0.323,0.073,0.705,10.729,0.000,0.000,0.5000
99.490,-96.934,5.113,0.323,0.070,0.704,10.729,0.000,0.000,0.5000
99.500,-96.933,5.120,0.323,0.068,0.704,10.729,0.000,0.000,0.5000
99.510,-96.932,5.127,0.323,0.065,0.703,10.729,0.000,0.000,0.5000
99.520,-96.932,5.133,0.323,0.062,0.703,10.729,0.000,0.000,0.5000
99.530,-96.931,5.139,0.323,0.059,0.702,10.729,0.000,0.000,0.5000
99.540,-96.931,5.144,0.323,0.055,0.701,10.729,0.000,0.000,0.5000
99.550,-96.930,5.149,0.323,0.052,0.701,10.730,0.000,0.000,0.5000
99.560,-96.930,5.154,0.323,0.049,0.700,10.730,0.000,0.000,0.4700
99.570,-96.929,5.158,0.323,0.043,0.700,10.730,0.000,0.000,0.4400
99.580,-96.929,5.162,0.323,0.037,0.700,10.730,0.000,0.000,0.4100
99.590,-96.928,5.166,0.323,0.032,0.699,10.730,0.040,0.000,0.3800
99.600,-96.928,5.170,0.323,0.028,0.699,10.730,0.080,0.000,0.3500
99.610,-96.928,5.173,0.322,0.032,0.699,10.730,0.120,0.000,0.3200
99.620,-96.928,5.177,0.322,0.042,0.698,10.730,0.160,0.000,0.2900
99.630,-96.927,5.181,0.322,0.053,0.698,10.731,0.200,0.000,0.2600
99.640,-96.927,5.186,0.321,0.064,0.698,10.731,0.240,0.000,0.2300
99.650,-96.927,5.191,0.320,0.072,0.697,10.732,0.280,0.000,0.2000
99.660,-96.926,5.196,0.320,0.078,0.697,10.732,0.320,0.000,0.1700
99.670,-96.926,5.201,0.319,0.082,0.697,10.733,0.360,0.000,0.1400
99.680,-96.926,5.206,0.318,0.085,0.696,10.734,0.400,0.000,0.1100
99.690,-96.925,5.212,0.317,0.087,0.696,10.735,0.440,0.000,0.0800
99.700,-96.925,5.217,0.317,0.088,0.695,10.735,0.480,0.000,0.0500
99.710,-96.924,5.223,0.316,0.088,0.695,10.736,0.520,0.000,0.0200
99.720,-96.924,5.229,0.315,0.089,0.694,10.737,0.560,0.000,0.0000
99.730,-96.923,5.236,0.314,0.090,0.694,10.737,0.600,0.000,0.0000
99.740,-96.923,5.242,0.314,0.093,0.693,10.738,0.640,0.000,0.0000
99.750,-96.922,5.250,0.313,0.098,0.693,10.739,0.680,0.000,0.0000
99.760,-96.921,5.257,0.312,0.103,0.692,10.739,0.720,0.000,0.0000
99.770,-96.921,5.266,0.312,0.107,0.691,10.740,0.760,0.000,0.0000
99.780,-96.920,5.274,0.311,0.110,0.690,10.741,0.800,0.000,0.0000
99.790,-96.919,5.284,0.310,0.113,0.689,10.741,0.840,0.000,0.0000
99.800,-96.918,5.293,0.309,0.116,0.688,10.742,0.880,0.000,0.0000
99.810,-96.917,5.304,0.309,0.119,0.687,10.743,0.920,0.000,0.0000
99.820,-96.916,5.315,0.308,0.122,0.686,10.743,0.960,0.000,0.0000
99.830,-96.915,5.326,0.307,0.125,0.685,10.744,1.000,0.000,0.0000
99.840,-96.914,5.338,0.307,0.128,0.684,10.744,1.000,0.000,0.0000
99.850,-96.913,5.351,0.306,0.130,0.683,10.744,1.000,0.000,0.0000
99.860,-96.911,5.364,0.306,0.133,0.682,10.745,1.000,0.000,0.0000
99.870,-96.910,5.377,0.306,0.137,0.680,10.745,1.000,0.000,0.0000
99.880,-96.909,5.392,0.305,0.140,0.679,10.745,1.000,0.000,0.0000
99.890,-96.907,5.406,0.305,0.144,0.677,10.745,1.000,0.000,0.0000
99.900,-96.906,5.421,0.305,0.149,0.676,10.745,1.000,0.000,0.0000
99.910,-96.904,5.437,0.305,0.153,0.674,10.745,1.000,0.000,0.0000
99.920,-96.903,5.453,0.305,0.158,0.673,10.745,1.000,0.000,0.0000
99.930,-96.901,5.469,0.305,0.163,0.671,10.745,1.000,0.000,0.0000
99.940,-96.899,5.486,0.305,0.168,0.670,10.744,1.000,0.000,0.0000
99.950,-96.898,5.503,0.305,0.173,0.668,10.744,1.000,0.000,0.0000
99.960,-96.896,5.521,0.306,0.178,0.666,10.744,1.000,0.000,0.0000
99.970,-96.894,5.539,0.306,0.183,0.664,10.743,1.000,0.000,0.0000
99.980,-96.892,5.558,0.306,0.188,0.662,10.743,1.000,0.000,0.0000
99.990,-96.890,5.577,0.307,0.193,0.661,10.742,1.000,0.000,0.0000
100.000,-96.888,5.596,0.307,0.197,0.659,10.742,1.000,0.000,0.0000
100.010,-96.886,5.616,0.307,0.201,0.657,10.741,1.000,0.000,0.0000
100.020,-96.884,5.636,0.308,0.206,0.655,10.741,1.000,0.000,0.0000
100.030,-96.882,5.657,0.308,0.210,0.653,10.740,1.000,0.000,0.0000
100.040,-96.880,5.678,0.309,0.214,0.650,10.740,1.000,0.000,0.0000
100.050,-96.878,5.700,0.309,0.218,0.648,10.739,1.000,0.000,0.0000
100.060,-96.876,5.722,0.309,0.221,0.646,10.738,1.000,0.000,0.0000
100.070,-96.874,5.744,0.310,0.225,0.644,10.738,1.000,0.000,0.0000
100.080,-96.871,5.767,0.310,0.229,0.642,10.737,1.000,0.000,0.0000
100.090,-96.869,5.790,0.310,0.232,0.639,10.737,1.000,0.000,0.0000
100.100,-96.867,5.814,0.311,0.236,0.637,10.736,1.000,0.000,0.0000
100.110,-96.864,5.838,0.311,0.240,0.635,10.736,1.000,0.000,0.0000
100.120,-96.862,5.862,0.311,0.243,0.632,10.736,1.000,0.000,0.0000
100.130,-96.859,5.887,0.311,0.245,0.630,10.735,1.000,0.000,0.0000
100.140,-96.857,5.912,0.311,0.250,0.627,10.735,1.000,0.000,0.0000
100.150,-96.854,5.938,0.312,0.255,0.625,10.735,1.000,0.000,0.0000
100.160,-96.852,5.964,0.312,0.260,0.622,10.734,1.000,0.000,0.0000
100.170,-96.849,5.990,0.312,0.265,0.620,10.734,1.000,0.000,0.0000
100.180,-96.847,6.017,0.312,0.269,0.617,10.734,1.000,0.000,0.0000
100.190,-96.844,6.044,0.312,0.274,0.614,10.734,1.000,0.000,0.0000
100.200,-96.841,6.072,0.312,0.279,0.611,10.733,1.000,0.000,0.0000
100.210,-96.838,6.100,0.312,0.284,0.609,10.733,1.000,0.000,0.0000
100.220,-96.835,6.128,0.312,0.290,0.606,10.733,1.000,0.000,0.0000
100.230,-96.832,6.157,0.312,0.295,0.603,10.733,1.000,0.000,0.0000
100.240,-96.829,6.186,0.311,0.300,0.600,10.733,1.000,0.000,0.0000
100.250,-96.826,6.215,0.311,0.305,0.597,10.733,1.000,0.000,0.0000
100.260,-96.823,6.245,0.311,0.310,0.594,10.732,1.000,0.000,0.0000
100.270,-96.820,6.275,0.311,0.315,0.590,10.732,1.000,0.000,0.0000
100.280,-96.817,6.306,0.311,0.319,0.587,10.732,1.000,0.000,0.0000
100.290,-96.814,6.337,0.311,0.323,0.584,10.732,1.000,0.000,0.0000
100.300,-96.810,6.368,0.311,0.326,0.581,10.732,1.000,0.000,0.0000
100.310,-96.807,6.400,0.311,0.330,0.577,10.732,1.000,0.000,0.0000
100.320,-96.804,6.432,0.311,0.334,0.574,10.731,1.000,0.000,0.0000
100.330,-96.800,6.465,0.311,0.337,0.571,10.731,1.000,0.000,0.0000
100.340,-96.797,6.498,0.310,0.341,0.567,10.731,1.000,0.000,0.0000
100.350,-96.793,6.531,0.310,0.344,0.564,10.731,1.000,0.000,0.0000
100.360,-96.790,6.565,0.310,0.347,0.560,10.731,1.000,0.000,0.0000
100.370,-96.787,6.599,0.310,0.350,0.557,10.731,1.000,0.000,0.0000
100.380,-96.783,6.634,0.310,0.353,0.553,10.731,1.000,0.000,0.0000
100.390,-96.779,6.669,0.310,0.357,0.550,10.730,1.000,0.000,0.0000
100.400,-96.776,6.704,0.310,0.360,0.546,10.730,1.000,0.000,0.0000
100.410,-96.772,6.740,0.310,0.363,0.543,10.730,1.000,0.000,0.0000
100.420,-96.769,6.776,0.310,0.366,0.539,10.730,1.000,0.000,0.0000
100.430,-96.765,6.813,0.310,0.369,0.535,10.730,1.000,0.000,0.0000
100.440,-96.761,6.850,0.310,0.373,0.531,10.729,1.000,0.000,0.0000
100.450,-96.757,6.887,0.310,0.376,0.528,10.729,1.000,0.000,0.0000
100.460,-96.754,6.925,0.310,0.380,0.524,10.729,1.000,0.000,0.0000
100.470,-96.750,6.963,0.310,0.383,0.520,10.729,1.000,0.000,0.0000
100.480,-96.746,7.002,0.310,0.387,0.516,10.728,1.000,0.000,0.0000
100.490,-96.742,7.041,0.310,0.391,0.512,10.728,1.000,0.000,0.0000
100.500,-96.738,7.080,0.310,0.395,0.508,10.728,1.000,0.000,0.0000
100.510,-96.734,7.120,0.310,0.398,0.504,10.727,1.000,0.000,0.0000
100.520,-96.730,7.160,0.310,0.401,0.500,10.727,1.000,0.000,0.0000
100.530,-96.726,7.201,0.310,0.405,0.496,10.727,1.000,0.000,0.0000
100.540,-96.722,7.242,0.310,0.408,0.492,10.727,1.000,0.000,0.0000
100.550,-96.718,7.284,0.310,0.411,0.488,10.726,1.000,0.000,0.0000
100.560,-96.714,7.325,0.310,0.414,0.484,10.726,1.000,0.000,0.0000
100.570,-96.709,7.368,0.310,0.418,0.480,10.726,1.000,0.000,0.0000
100.580,-96.705,7.410,0.310,0.421,0.476,10.725,1.000,0.000,0.0000
100.590,-96.701,7.453,0.310,0.424,0.471,10.725,1.000,0.000,0.0000
100.600,-96.697,7.496,0.310,0.426,0.467,10.725,1.000,0.000,0.0000
100.610,-96.692,7.540,0.310,0.429,0.463,10.724,1.000,0.000,0.0000
100.620,-96.688,7.584,0.310,0.433,0.459,10.724,1.000,0.000,0.0000
100.630,-96.684,7.628,0.310,0.438,0.454,10.724,1.000,0.000,0.0000
100.640,-96.679,7.673,0.310,0.443,0.450,10.723,1.000,0.000,0.0000
100.650,-96.675,7.719,0.310,0.448,0.445,10.723,1.000,0.000,0.0000
100.660,-96.670,7.764,0.310,0.454,0.441,10.723,1.000,0.000,0.0000
100.670,-96.666,7.810,0.310,0.459,0.436,10.722,1.000,0.000,0.0000
100.680,-96.661,7.857,0.310,0.465,0.432,10.722,1.000,0.000,0.0000
100.690,-96.656,7.904,0.310,0.470,0.427,10.722,1.000,0.000,0.0000
100.700,-96.652,7.951,0.310,0.476,0.422,10.721,1.000,0.000,0.0000
100.710,-96.647,7.999,0.310,0.481,0.417,10.721,1.000,0.000,0.0000
100.720,-96.642,8.047,0.310,0.486,0.412,10.721,1.000,0.000,0.0000
100.730,-96.637,8.095,0.310,0.492,0.408,10.721,1.000,0.000,0.0000
100.740,-96.632,8.144,0.310,0.496,0.403,10.720,1.000,0.000,0.0000
100.750,-96.627,8.194,0.310,0.502,0.398,10.720,1.000,0.000,0.0000
100.760,-96.622,8.243,0.310,0.508,0.392,10.720,1.000,0.000,0.0080
100.770,-96.617,8.294,0.310,0.515,0.387,10.719,1.000,0.000,0.0160
100.780,-96.612,8.344,0.310,0.522,0.382,10.719,1.000,0.000,0.0240
100.790,-96.606,8.395,0.310,0.529,0.377,10.719,1.000,0.000,0.0320
100.800,-96.601,8.446,0.310,0.533,0.372,10.719,1.000,0.000,0.0400
100.810,-96.596,8.498,0.310,0.540,0.366,10.718,1.000,0.000,0.0480
100.820,-96.590,8.549,0.310,0.542,0.361,10.718,1.000,0.000,0.0560
100.830,-96.585,8.601,0.310,0.545,0.355,10.718,1.000,0.000,0.0640
100.840,-96.579,8.654,0.311,0.550,0.350,10.717,1.000,0.000,0.0720
100.850,-96.574,8.706,0.311,0.556,0.344,10.717,1.000,0.000,0.0800
100.860,-96.568,8.759,0.311,0.562,0.339,10.716,1.000,0.000,0.0880
100.870,-96.562,8.812,0.311,0.569,0.333,10.716,0.940,0.000,0.0960
100.880,-96.557,8.866,0.311,0.576,0.327,10.715,0.880,0.000,0.1040
100.890,-96.551,8.920,0.311,0.582,0.321,10.715,0.820,0.000,0.1120
100.900,-96.545,8.974,0.311,0.590,0.316,10.715,0.760,0.000,0.1200
100.910,-96.539,9.029,0.311,0.597,0.310,10.714,0.700,0.000,0.1280
100.920,-96.533,9.084,0.311,0.605,0.304,10.714,0.640,0.000,0.1360
100.930,-96.527,9.139,0.311,0.614,0.297,10.714,0.580,0.000,0.1440
100.940,-96.520,9.195,0.311,0.623,0.291,10.713,0.520,0.000,0.1520
100.950,-96.514,9.251,0.311,0.629,0.285,10.713,0.460,0.000,0.1600
100.960,-96.508,9.307,0.311,0.635,0.279,10.713,0.400,0.000,0.1680
100.970,-96.501,9.363,0.312,0.641,0.272,10.712,0.340,0.000,0.1760
100.980,-96.495,9.419,0.312,0.647,0.266,10.711,0.280,0.000,0.1840
100.990,-96.489,9.474,0.313,0.647,0.259,10.711,0.220,0.000,0.1920
101.000,-96.482,9.529,0.313,0.652,0.253,10.710,0.160,0.000,0.2000
101.010,-96.475,9.583,0.314,0.656,0.247,10.709,0.100,0.000,0.2080
101.020,-96.469,9.638,0.315,0.661,0.240,10.708,0.040,0.000,0.2160
101.030,-96.462,9.692,0.315,0.684,0.233,10.707,0.000,0.000,0.2240
101.040,-96.455,9.746,0.316,0.698,0.227,10.706,0.000,0.000,0.2320
101.050,-96.448,9.800,0.317,0.709,0.220,10.705,0.000,0.000,0.2400
101.060,-96.441,9.854,0.318,0.718,0.213,10.704,0.000,0.000,0.2480
101.070,-96.434,9.907,0.318,0.726,0.206,10.702,0.000,0.000,0.2560
101.080,-96.426,9.960,0.319,0.735,0.199,10.701,0.000,0.000,0.2640
101.090,-96.419,10.013,0.320,0.745,0.191,10.700,0.000,0.000,0.2720
101.100,-96.412,10.065,0.321,0.758,0.184,10.699,0.000,0.000,0.2800
101.110,-96.404,10.117,0.322,0.773,0.177,10.698,0.000,0.000,0.2880
101.120,-96.396,10.168,0.323,0.788,0.169,10.697,0.000,0.000,0.2960
101.130,-96.388,10.218,0.323,0.803,0.162,10.696,0.000,0.000,0.3040
101.140,-96.380,10.268,0.324,0.819,0.154,10.694,0.000,0.000,0.3120
101.150,-96.372,10.317,0.325,0.838,0.146,10.693,0.000,0.000,0.3200
101.160,-96.363,10.366,0.326,0.855,0.138,10.692,0.000,0.000,0.3280
101.170,-96.354,10.414,0.327,0.870,0.130,10.691,0.000,0.000,0.3360
101.180,-96.346,10.461,0.328,0.884,0.122,10.690,0.000,0.000,0.3440
101.190,-96.337,10.507,0.329,0.896,0.113,10.689,0.000,0.000,0.3520
101.200,-96.328,10.552,0.329,0.907,0.105,10.688,0.000,0.000,0.3600
101.210,-96.318,10.597,0.330,0.918,0.097,10.687,0.000,0.000,0.3680
101.220,-96.309,10.641,0.331,0.926,0.089,10.686,0.000,0.000,0.3760
101.230,-96.300,10.685,0.331,0.933,0.081,10.685,0.000,0.000,0.3840
101.240,-96.291,10.727,0.332,0.939,0.073,10.684,0.000,0.000,0.3920
101.250,-96.281,10.770,0.332,0.946,0.066,10.684,0.000,0.000,0.4000
101.260,-96.272,10.811,0.332,0.944,0.059,10.683,0.000,0.000,0.4080
101.270,-96.262,10.852,0.332,0.945,0.053,10.683,0.000,0.000,0.4160
101.280,-96.253,10.893,0.332,0.949,0.048,10.683,0.000,0.000,0.4240
101.290,-96.243,10.933,0.332,0.948,0.044,10.683,0.000,0.000,0.4320
101.300,-96.234,10.972,0.332,0.948,0.042,10.683,0.000,0.000,0.4400
101.310,-96.224,11.011,0.332,0.949,0.042,10.683,0.000,0.000,0.4480
101.320,-96.215,11.050,0.331,0.943,0.044,10.683,0.000,0.000,0.4560
101.330,-96.205,11.087,0.331,0.942,0.048,10.683,0.000,0.000,0.4640
101.340,-96.196,11.124,0.331,0.944,0.053,10.683,0.000,0.000,0.4720
101.350,-96.187,11.160,0.330,0.946,0.059,10.683,0.000,0.000,0.4800
101.360,-96.177,11.196,0.330,0.949,0.066,10.684,0.000,0.000,0.4880
101.370,-96.168,11.232,0.329,0.951,0.074,10.684,0.000,0.000,0.4960
101.380,-96.158,11.266,0.329,0.952,0.082,10.684,0.000,0.000,0.5000
101.390,-96.149,11.301,0.328,0.954,0.090,10.685,0.000,0.000,0.5000
101.400,-96.139,11.334,0.328,0.956,0.099,10.685,0.000,0.000,0.5000
101.410,-96.129,11.368,0.327,0.959,0.107,10.686,0.000,0.000,0.5000
101.420,-96.120,11.401,0.327,0.962,0.116,10.686,0.000,0.000,0.5000
101.430,-96.110,11.433,0.326,0.965,0.125,10.687,0.000,0.000,0.5000
101.440,-96.101,11.465,0.325,0.968,0.134,10.687,0.000,0.000,0.5000
101.450,-96.091,11.497,0.325,0.971,0.143,10.688,0.000,0.000,0.5000
101.460,-96.081,11.528,0.324,0.972,0.153,10.688,0.000,0.000,0.5000
101.470,-96.071,11.558,0.324,0.973,0.162,10.688,0.000,0.000,0.5000
101.480,-96.062,11.588,0.323,0.974,0.172,10.689,0.000,0.000,0.5000
101.490,-96.052,11.618,0.323,0.975,0.181,10.689,0.000,0.000,0.5000
101.500,-96.042,11.647,0.323,0.977,0.191,10.689,0.000,0.000,0.4700
101.510,-96.032,11.676,0.322,0.982,0.200,10.690,0.000,0.000,0.4400
101.520,-96.022,11.705,0.322,1.009,0.210,10.690,0.000,0.000,0.4100
101.530,-96.012,11.734,0.321,1.024,0.220,10.691,0.000,0.000,0.3800
101.540,-96.002,11.763,0.321,1.029,0.230,10.691,0.000,0.000,0.3500
101.550,-95.992,11.791,0.321,1.028,0.240,10.691,0.000,0.000,0.3200
101.560,-95.981,11.819,0.320,1.023,0.251,10.692,0.000,0.000,0.2900
101.570,-95.971,11.846,0.320,1.016,0.261,10.692,0.000,0.000,0.2600
101.580,-95.961,11.874,0.320,1.009,0.271,10.692,0.000,0.000,0.2300
101.590,-95.951,11.900,0.320,1.003,0.281,10.692,0.000,0.000,0.2000
101.600,-95.941,11.926,0.320,0.999,0.291,10.692,0.000,0.000,0.1700
101.610,-95.931,11.952,0.320,0.997,0.300,10.692,0.000,0.000,0.1400
101.620,-95.921,11.978,0.320,0.994,0.310,10.692,0.000,0.000,0.1100
101.630,-95.911,12.003,0.321,0.992,0.320,10.692,0.000,0.000,0.0800
101.640,-95.901,12.028,0.321,0.990,0.330,10.692,0.040,0.000,0.0500
101.650,-95.891,12.053,0.321,0.986,0.340,10.692,0.080,0.000,0.0200
101.660,-95.882,12.077,0.321,0.982,0.350,10.692,0.120,0.000,0.0000
101.670,-95.872,12.101,0.321,0.978,0.360,10.691,0.160,0.000,0.0000
101.680,-95.862,12.125,0.321,0.977,0.369,10.691,0.200,0.000,0.0000
101.690,-95.852,12.149,0.322,0.977,0.379,10.691,0.240,0.000,0.0000
101.700,-95.843,12.173,0.322,0.977,0.389,10.691,0.280,0.000,0.0000
101.710,-95.833,12.197,0.322,0.985,0.399,10.692,0.320,0.000,0.0000
101.720,-95.823,12.221,0.321,1.001,0.409,10.692,0.360,0.000,0.0000
101.730,-95.812,12.245,0.321,1.021,0.419,10.693,0.400,0.000,0.0000
101.740,-95.802,12.270,0.321,1.043,0.429,10.693,0.440,0.000,0.0000
101.750,-95.791,12.296,0.320,1.067,0.440,10.694,0.480,0.000,0.0000
101.760,-95.781,12.322,0.319,1.090,0.450,10.695,0.520,0.000,0.0000
101.770,-95.769,12.348,0.318,1.113,0.461,10.696,0.560,0.000,0.0000
101.780,-95.758,12.375,0.317,1.135,0.473,10.698,0.600,0.000,0.0000
101.790,-95.747,12.403,0.316,1.156,0.484,10.699,0.640,0.000,0.0000
101.800,-95.735,12.431,0.315,1.176,0.496,10.700,0.680,0.000,0.0000
101.810,-95.723,12.459,0.314,1.196,0.508,10.702,0.720,0.000,0.0000
101.820,-95.711,12.488,0.313,1.215,0.520,10.703,0.760,0.000,0.0000
101.830,-95.699,12.517,0.312,1.233,0.532,10.705,0.800,0.000,0.0000
101.840,-95.686,12.547,0.311,1.251,0.544,10.706,0.840,0.000,0.0000
101.850,-95.673,12.577,0.310,1.269,0.557,10.707,0.880,0.000,0.0000
101.860,-95.661,12.607,0.309,1.286,0.570,10.709,0.920,0.000,0.0000
101.870,-95.648,12.638,0.308,1.302,0.583,10.710,0.960,0.000,0.0000
101.880,-95.634,12.670,0.307,1.322,0.596,10.711,1.000,0.000,0.0000
101.890,-95.621,12.701,0.306,1.342,0.609,10.712,1.000,0.000,0.0000
101.900,-95.607,12.734,0.306,1.362,0.623,10.713,1.000,0.000,0.0000
101.910,-95.594,12.766,0.305,1.384,0.637,10.714,1.000,0.000,0.0000
101.920,-95.580,12.799,0.305,1.405,0.651,10.715,1.000,0.000,0.0000
101.930,-95.565,12.833,0.305,1.425,0.665,10.716,1.000,0.000,0.0000
101.940,-95.551,12.867,0.305,1.445,0.679,10.717,1.000,0.000,0.0000
101.950,-95.536,12.901,0.304,1.463,0.694,10.718,1.000,0.000,0.0000
101.960,-95.521,12.935,0.304,1.481,0.709,10.718,1.000,0.000,0.0000
101.970,-95.506,12.970,0.304,1.499,0.724,10.719,1.000,0.000,0.0000
101.980,-95.491,13.006,0.305,1.516,0.739,10.719,1.000,0.000,0.0000
101.990,-95.476,13.042,0.305,1.534,0.754,10.720,1.000,0.000,0.0000
102.000,-95.460,13.078,0.305,1.550,0.770,10.720,1.000,0.000,0.0000
102.010,-95.445,13.115,0.305,1.567,0.785,10.721,1.000,0.000,0.0000
102.020,-95.429,13.152,0.306,1.584,0.801,10.721,1.000,0.000,0.0000
102.030,-95.413,13.189,0.306,1.600,0.817,10.722,1.000,0.000,0.0000
102.040,-95.397,13.227,0.307,1.616,0.833,10.722,1.000,0.000,0.0000
102.050,-95.380,13.265,0.307,1.632,0.850,10.723,1.000,0.000,0.0000
102.060,-95.364,13.303,0.308,1.647,0.866,10.723,1.000,0.000,0.0000
102.070,-95.347,13.342,0.308,1.663,0.883,10.724,1.000,0.000,0.0000
102.080,-95.331,13.382,0.308,1.678,0.900,10.724,1.000,0.000,0.0000
102.090,-95.314,13.421,0.309,1.693,0.917,10.725,1.000,0.000,0.0000
102.100,-95.297,13.461,0.309,1.708,0.934,10.726,1.000,0.000,0.0000
102.110,-95.279,13.501,0.310,1.723,0.951,10.726,1.000,0.000,0.0000
102.120,-95.262,13.542,0.310,1.738,0.968,10.727,1.000,0.000,0.0000
102.130,-95.245,13.583,0.311,1.752,0.986,10.728,1.000,0.000,0.0000
102.140,-95.227,13.625,0.311,1.767,1.003,10.729,1.000,0.000,0.0000
102.150,-95.209,13.666,0.311,1.781,1.021,10.730,1.000,0.000,0.0000
102.160,-95.191,13.708,0.311,1.797,1.039,10.731,1.000,0.000,0.0000
102.170,-95.173,13.751,0.312,1.809,1.057,10.732,1.000,0.000,0.0000
102.180,-95.155,13.793,0.312,1.821,1.075,10.733,1.000,0.000,0.0000
102.190,-95.136,13.836,0.312,1.830,1.094,10.735,1.000,0.000,0.0000
102.200,-95.118,13.879,0.312,1.840,1.112,10.736,1.000,0.000,0.0000
102.210,-95.100,13.923,0.313,1.853,1.131,10.737,1.000,0.000,0.0000
102.220,-95.081,13.967,0.313,1.868,1.149,10.739,1.000,0.000,0.0000
102.230,-95.062,14.011,0.313,1.885,1.168,10.740,1.000,0.000,0.0000
102.240,-95.043,14.056,0.313,1.902,1.187,10.742,1.000,0.000,0.0000
102.250,-95.024,14.101,0.313,1.920,1.206,10.744,1.000,0.000,0.0000
102.260,-95.004,14.147,0.312,1.938,1.226,10.746,1.000,0.000,0.0000
102.270,-94.985,14.193,0.312,1.957,1.245,10.748,1.000,0.000,0.0000
102.280,-94.965,14.239,0.312,1.975,1.265,10.750,1.000,0.000,0.0000
102.290,-94.945,14.286,0.312,1.993,1.285,10.752,1.000,0.000,0.0000
102.300,-94.925,14.333,0.312,2.012,1.305,10.754,1.000,0.000,0.0000
102.310,-94.905,14.381,0.311,2.030,1.325,10.756,1.000,0.000,0.0000
102.320,-94.884,14.429,0.311,2.048,1.346,10.759,1.000,0.000,0.0000
102.330,-94.864,14.477,0.311,2.066,1.367,10.761,1.000,0.000,0.0000
102.340,-94.843,14.526,0.311,2.084,1.387,10.764,1.000,0.000,0.0000
102.350,-94.822,14.575,0.311,2.101,1.408,10.766,1.000,0.000,0.0000
102.360,-94.801,14.624,0.310,2.118,1.430,10.769,1.000,0.000,0.0000
102.370,-94.779,14.674,0.310,2.134,1.451,10.771,1.000,0.000,0.0000
102.380,-94.758,14.724,0.310,2.150,1.472,10.774,1.000,0.000,0.0000
102.390,-94.736,14.774,0.310,2.163,1.494,10.777,1.000,0.000,0.0000
102.400,-94.714,14.825,0.310,2.179,1.516,10.779,1.000,0.000,0.0000
102.410,-94.692,14.876,0.310,2.196,1.538,10.782,1.000,0.000,0.0000
102.420,-94.670,14.927,0.310,2.213,1.560,10.785,1.000,0.000,0.0000
102.430,-94.648,14.979,0.310,2.227,1.582,10.787,1.000,0.000,0.0000
102.440,-94.625,15.030,0.310,2.244,1.605,10.790,1.000,0.000,0.0000
102.450,-94.603,15.083,0.310,2.264,1.627,10.793,1.000,0.000,0.0000
102.460,-94.580,15.135,0.310,2.283,1.650,10.796,1.000,0.000,0.0000
102.470,-94.557,15.188,0.310,2.303,1.673,10.799,1.000,0.000,0.0000
102.480,-94.534,15.242,0.310,2.322,1.696,10.802,1.000,0.000,0.0000
102.490,-94.510,15.296,0.310,2.341,1.720,10.806,1.000,0.000,0.0000
102.500,-94.487,15.350,0.310,2.359,1.743,10.809,1.000,0.000,0.0000
102.510,-94.463,15.405,0.309,2.377,1.767,10.812,1.000,0.000,0.0000
102.520,-94.439,15.460,0.309,2.393,1.791,10.816,1.000,0.000,0.0000
102.530,-94.415,15.516,0.309,2.409,1.815,10.819,1.000,0.000,0.0000
102.540,-94.391,15.572,0.309,2.425,1.839,10.823,1.000,0.000,0.0000
102.550,-94.366,15.628,0.309,2.439,1.864,10.827,1.000,0.000,0.0000
102.560,-94.342,15.685,0.309,2.454,1.888,10.830,1.000,0.000,0.0000
102.570,-94.317,15.742,0.310,2.467,1.913,10.834,1.000,0.000,0.0000
102.580,-94.292,15.799,0.310,2.481,1.938,10.838,1.000,0.000,0.0000
102.590,-94.267,15.857,0.310,2.494,1.963,10.842,1.000,0.000,0.0000
102.600,-94.242,15.915,0.310,2.508,1.988,10.846,1.000,0.000,0.0000
102.610,-94.217,15.973,0.310,2.519,2.013,10.850,1.000,0.000,0.0000
102.620,-94.192,16.031,0.310,2.526,2.038,10.854,1.000,0.000,0.0000
102.630,-94.167,16.090,0.310,2.535,2.064,10.858,1.000,0.000,0.0000
102.640,-94.141,16.150,0.310,2.547,2.089,10.862,1.000,0.000,0.0000
102.650,-94.115,16.209,0.310,2.562,2.115,10.866,1.000,0.000,0.0000
102.660,-94.090,16.269,0.310,2.580,2.140,10.871,1.000,0.000,0.0000
102.670,-94.064,16.330,0.310,2.598,2.166,10.875,1.000,0.000,0.0000
102.680,-94.037,16.391,0.311,2.617,2.193,10.880,1.000,0.000,0.0000
102.690,-94.011,16.452,0.311,2.636,2.219,10.885,1.000,0.000,0.0000
102.700,-93.985,16.514,0.310,2.654,2.246,10.890,1.000,0.000,0.0000
102.710,-93.958,16.576,0.310,2.673,2.272,10.895,1.000,0.000,0.0000
102.720,-93.931,16.639,0.310,2.691,2.299,10.900,1.000,0.000,0.0000
102.730,-93.904,16.702,0.310,2.709,2.326,10.905,1.000,0.000,0.0000
102.740,-93.877,16.765,0.310,2.726,2.353,10.910,0.940,0.000,0.0000
102.750,-93.849,16.829,0.310,2.742,2.381,10.916,0.880,0.000,0.0000
102.760,-93.822,16.893,0.310,2.758,2.408,10.921,0.820,0.000,0.0000
102.770,-93.794,16.957,0.310,2.772,2.436,10.927,0.760,0.000,0.0000
102.780,-93.766,17.022,0.310,2.788,2.464,10.932,0.700,0.000,0.0000
102.790,-93.738,17.086,0.310,2.805,2.492,10.938,0.640,0.000,0.0000
102.800,-93.710,17.151,0.310,2.817,2.520,10.944,0.580,0.000,0.0000
102.810,-93.682,17.216,0.311,2.824,2.549,10.950,0.520,0.000,0.0000
102.820,-93.653,17.281,0.311,2.825,2.577,10.955,0.460,0.000,0.0000
102.830,-93.625,17.346,0.311,2.821,2.605,10.961,0.400,0.000,0.0000
102.840,-93.597,17.410,0.312,2.814,2.633,10.967,0.340,0.000,0.0000
102.850,-93.569,17.474,0.312,2.804,2.661,10.972,0.280,0.000,0.0000
102.860,-93.541,17.538,0.313,2.793,2.689,10.978,0.220,0.000,0.0000
102.870,-93.513,17.602,0.314,2.781,2.717,10.983,0.160,0.000,0.0000
102.880,-93.486,17.665,0.315,2.767,2.745,10.989,0.100,0.000,0.0000
102.890,-93.458,17.728,0.316,2.753,2.772,10.994,0.040,0.000,0.0000
102.900,-93.431,17.790,0.317,2.737,2.799,10.999,0.000,0.000,0.0000
102.910,-93.403,17.852,0.318,2.721,2.827,11.005,0.000,0.000,0.0000
102.920,-93.376,17.914,0.319,2.703,2.854,11.010,0.000,0.000,0.0000
102.930,-93.350,17.976,0.320,2.685,2.881,11.016,0.000,0.000,0.0000
102.940,-93.323,18.036,0.321,2.663,2.907,11.021,0.000,0.000,0.0000
102.950,-93.297,18.097,0.322,2.641,2.934,11.026,0.000,0.000,0.0000
102.960,-93.270,18.157,0.323,2.618,2.960,11.032,0.000,0.000,0.0000
102.970,-93.245,18.217,0.324,2.591,2.986,11.037,0.000,0.000,0.0000
102.980,-93.219,18.276,0.325,2.566,3.011,11.043,0.000,0.000,0.0080
102.990,-93.194,18.335,0.326,2.546,3.037,11.049,0.000,0.000,0.0160
103.000,-93.168,18.393,0.327,2.529,3.062,11.054,0.000,0.000,0.0240
103.010,-93.143,18.452,0.327,2.515,3.087,11.060,0.000,0.000,0.0320
103.020,-93.118,18.510,0.328,2.502,3.112,11.066,0.000,0.000,0.0400
103.030,-93.093,18.568,0.328,2.489,3.137,11.072,0.000,0.000,0.0480
103.040,-93.068,18.625,0.328,2.477,3.162,11.079,0.000,0.000,0.0560
103.050,-93.044,18.682,0.328,2.465,3.186,11.085,0.000,0.000,0.0640
103.060,-93.019,18.739,0.328,2.453,3.211,11.092,0.000,0.000,0.0720
103.070,-92.995,18.796,0.328,2.442,3.235,11.098,0.000,0.000,0.0800
103.080,-92.971,18.852,0.328,2.431,3.260,11.105,0.000,0.000,0.0880
103.090,-92.946,18.908,0.328,2.420,3.284,11.112,0.000,0.000,0.0960
103.100,-92.922,18.964,0.328,2.409,3.308,11.119,0.000,0.000,0.1040
103.110,-92.898,19.019,0.328,2.399,3.332,11.126,0.000,0.000,0.1120
103.120,-92.874,19.073,0.327,2.385,3.356,11.132,0.000,0.000,0.1200
103.130,-92.851,19.126,0.327,2.370,3.380,11.139,0.000,0.000,0.1280
103.140,-92.827,19.179,0.327,2.356,3.403,11.146,0.000,0.000,0.1360
103.150,-92.804,19.231,0.327,2.318,3.426,11.153,0.000,0.000,0.1440
103.160,-92.781,19.283,0.327,2.293,3.449,11.159,0.000,0.000,0.1520
103.170,-92.758,19.334,0.327,2.278,3.472,11.166,0.000,0.000,0.1600
103.180,-92.736,19.384,0.327,2.268,3.495,11.173,0.000,0.000,0.1680
103.190,-92.713,19.434,0.327,2.262,3.517,11.179,0.000,0.000,0.1760
103.200,-92.690,19.483,0.327,2.256,3.540,11.186,0.000,0.000,0.1840
103.210,-92.668,19.532,0.327,2.251,3.562,11.193,0.000,0.000,0.1920
103.220,-92.645,19.581,0.327,2.245,3.585,11.200,0.000,0.000,0.2000
103.230,-92.623,19.629,0.326,2.239,3.607,11.207,0.000,0.000,0.2080
103.240,-92.601,19.677,0.326,2.232,3.629,11.214,0.000,0.000,0.2160
103.250,-92.578,19.724,0.326,2.225,3.652,11.221,0.000,0.000,0.2240
103.260,-92.556,19.771,0.326,2.217,3.674,11.228,0.000,0.000,0.2320
103.270,-92.534,19.818,0.325,2.208,3.696,11.235,0.000,0.000,0.2400
103.280,-92.512,19.864,0.325,2.199,3.718,11.242,0.000,0.000,0.2480
103.290,-92.490,19.909,0.325,2.189,3.740,11.249,0.000,0.000,0.2560
103.300,-92.469,19.955,0.325,2.179,3.762,11.256,0.000,0.000,0.2640
103.310,-92.447,19.999,0.325,2.169,3.783,11.263,0.000,0.000,0.2720
103.320,-92.425,20.043,0.324,2.158,3.805,11.270,0.000,0.000,0.2800
103.330,-92.404,20.087,0.324,2.148,3.826,11.276,0.000,0.000,0.2880
103.340,-92.382,20.130,0.324,2.137,3.848,11.283,0.000,0.000,0.2960
103.350,-92.361,20.173,0.324,2.134,3.869,11.291,0.000,0.000,0.3040
103.360,-92.340,20.216,0.324,2.133,3.890,11.298,0.000,0.000,0.3120
103.370,-92.318,20.259,0.323,2.131,3.912,11.305,0.000,0.000,0.3200
103.380,-92.297,20.301,0.323,2.127,3.933,11.312,0.000,0.000,0.3280
103.390,-92.276,20.342,0.323,2.157,3.955,11.319,0.000,0.000,0.3360
103.400,-92.254,20.384,0.323,2.172,3.976,11.327,0.000,0.000,0.3440
103.410,-92.232,20.426,0.322,2.177,3.998,11.334,0.000,0.000,0.3520
103.420,-92.210,20.467,0.322,2.177,4.020,11.342,0.000,0.000,0.3600
103.430,-92.189,20.508,0.322,2.175,4.041,11.349,0.000,0.000,0.3680
103.440,-92.167,20.548,0.322,2.174,4.063,11.357,0.000,0.000,0.3760
103.450,-92.145,20.588,0.322,2.172,4.085,11.364,0.000,0.000,0.3840
103.460,-92.123,20.627,0.322,2.169,4.107,11.372,0.000,0.000,0.3920
103.470,-92.102,20.666,0.322,2.167,4.128,11.379,0.000,0.000,0.4000
103.480,-92.080,20.704,0.322,2.165,4.150,11.386,0.000,0.000,0.4080
103.490,-92.059,20.742,0.322,2.163,4.172,11.394,0.000,0.000,0.4160
103.500,-92.037,20.779,0.322,2.160,4.193,11.401,0.000,0.000,0.4240
103.510,-92.015,20.816,0.322,2.157,4.215,11.408,0.000,0.000,0.3940
103.520,-91.994,20.852,0.323,2.146,4.236,11.415,0.000,0.000,0.3640
103.530,-91.973,20.887,0.323,2.129,4.258,11.422,0.000,0.000,0.3340
103.540,-91.952,20.922,0.324,2.108,4.279,11.429,0.000,0.000,0.3040
103.550,-91.931,20.955,0.324,2.080,4.299,11.436,0.000,0.000,0.2740
103.560,-91.910,20.987,0.325,2.053,4.320,11.443,0.040,0.000,0.2440
103.570,-91.890,21.019,0.326,2.030,4.340,11.449,0.080,0.000,0.2140
103.580,-91.870,21.050,0.327,2.014,4.360,11.456,0.120,0.000,0.1840
103.590,-91.850,21.081,0.328,2.004,4.380,11.462,0.160,0.000,0.1540
103.600,-91.830,21.111,0.328,1.992,4.400,11.469,0.200,0.000,0.1240
103.610,-91.810,21.142,0.328,1.984,4.420,11.476,0.240,0.000,0.0940
103.620,-91.790,21.172,0.329,1.980,4.440,11.483,0.280,0.000,0.0640
103.630,-91.770,21.202,0.329,1.978,4.460,11.490,0.320,0.000,0.0340
103.640,-91.751,21.231,0.329,1.974,4.479,11.497,0.360,0.000,0.0040
103.650,-91.731,21.261,0.328,1.982,4.499,11.505,0.400,0.000,0.0000
103.660,-91.711,21.291,0.328,2.005,4.519,11.513,0.440,0.000,0.0000
103.670,-91.691,21.322,0.327,2.037,4.540,11.521,0.480,0.000,0.0000
103.680,-91.670,21.352,0.326,2.074,4.560,11.530,0.520,0.000,0.0000
103.690,-91.649,21.384,0.325,2.113,4.581,11.539,0.560,0.000,0.0000
103.700,-91.627,21.416,0.323,2.153,4.603,11.548,0.600,0.000,0.0000
103.710,-91.605,21.448,0.322,2.189,4.625,11.558,0.640,0.000,0.0000
103.720,-91.583,21.481,0.320,2.222,4.647,11.568,0.680,0.000,0.0000
103.730,-91.561,21.514,0.319,2.251,4.669,11.578,0.720,0.000,0.0000
103.740,-91.538,21.548,0.317,2.298,4.692,11.589,0.760,0.000,0.0000
103.750,-91.515,21.582,0.315,2.340,4.716,11.599,0.800,0.000,0.0000
103.760,-91.491,21.617,0.313,2.374,4.739,11.610,0.740,0.000,0.0000
103.770,-91.467,21.652,0.311,2.402,4.763,11.621,0.680,0.000,0.0000
103.780,-91.443,21.687,0.310,2.426,4.787,11.632,0.620,0.000,0.0000
103.790,-91.418,21.723,0.308,2.449,4.812,11.643,0.560,0.000,0.0000
103.800,-91.394,21.759,0.307,2.471,4.836,11.654,0.500,0.000,0.0000
103.810,-91.369,21.796,0.306,2.493,4.861,11.665,0.440,0.000,0.0000
103.820,-91.344,21.833,0.304,2.515,4.886,11.676,0.380,0.000,0.0000
103.830,-91.318,21.870,0.304,2.525,4.912,11.687,0.320,0.000,0.0000
103.840,-91.293,21.907,0.303,2.524,4.937,11.698,0.260,0.000,0.0000
103.850,-91.268,21.943,0.303,2.514,4.962,11.708,0.200,0.000,0.0000
103.860,-91.243,21.980,0.303,2.498,4.987,11.718,0.240,0.000,0.0000
103.870,-91.218,22.016,0.303,2.480,5.012,11.728,0.280,0.000,0.0000
103.880,-91.194,22.052,0.304,2.460,5.036,11.737,0.320,0.000,0.0000
103.890,-91.169,22.088,0.305,2.439,5.061,11.747,0.360,0.000,0.0000
103.900,-91.145,22.123,0.306,2.419,5.085,11.756,0.400,0.000,0.0000
103.910,-91.121,22.158,0.307,2.411,5.109,11.764,0.440,0.000,0.0000
103.920,-91.097,22.194,0.308,2.415,5.133,11.773,0.480,0.000,0.0000
103.930,-91.073,22.229,0.310,2.427,5.157,11.782,0.520,0.000,0.0000
103.940,-91.048,22.265,0.311,2.444,5.182,11.791,0.560,0.000,0.0000
103.950,-91.024,22.301,0.312,2.463,5.206,11.801,0.600,0.000,0.0000
103.960,-90.999,22.337,0.313,2.484,5.231,11.810,0.640,0.000,0.0000
103.970,-90.974,22.373,0.314,2.505,5.256,11.820,0.680,0.000,0.0000
103.980,-90.949,22.410,0.315,2.525,5.282,11.830,0.720,0.000,0.0000
103.990,-90.923,22.447,0.315,2.545,5.307,11.840,0.760,0.000,0.0000
104.000,-90.897,22.484,0.316,2.564,5.333,11.851,0.800,0.000,0.0000
104.010,-90.872,22.522,0.316,2.579,5.358,11.862,0.840,0.000,0.0000
104.020,-90.846,22.560,0.317,2.594,5.384,11.873,0.880,0.000,0.0000
104.030,-90.820,22.598,0.317,2.613,5.410,11.884,0.920,0.000,0.0000
104.040,-90.793,22.637,0.317,2.633,5.437,11.895,0.960,0.000,0.0000
104.050,-90.767,22.675,0.317,2.656,5.463,11.907,1.000,0.000,0.0000
104.060,-90.740,22.715,0.317,2.679,5.490,11.919,1.000,0.000,0.0000
104.070,-90.713,22.754,0.317,2.704,5.517,11.931,1.000,0.000,0.0000
104.080,-90.686,22.794,0.316,2.728,5.544,11.943,1.000,0.000,0.0000
104.090,-90.658,22.834,0.316,2.753,5.572,11.956,1.000,0.000,0.0000
104.100,-90.630,22.875,0.315,2.778,5.600,11.969,1.000,0.000,0.0000
104.110,-90.602,22.915,0.315,2.803,5.628,11.982,1.000,0.000,0.0000
104.120,-90.574,22.957,0.314,2.828,5.656,11.995,1.000,0.000,0.0000
104.130,-90.545,22.998,0.314,2.853,5.685,12.008,1.000,0.000,0.0000
104.140,-90.517,23.040,0.313,2.877,5.713,12.022,1.000,0.000,0.0000
104.150,-90.488,23.082,0.313,2.901,5.742,12.036,0.940,0.000,0.0000
104.160,-90.458,23.125,0.312,2.925,5.772,12.050,0.880,0.000,0.0000
104.170,-90.429,23.167,0.312,2.950,5.801,12.064,0.820,0.000,0.0000
104.180,-90.399,23.210,0.311,2.975,5.831,12.078,0.760,0.000,0.0000
104.190,-90.369,23.254,0.310,2.999,5.861,12.092,0.700,0.000,0.0000
104.200,-90.339,23.298,0.310,3.021,5.891,12.107,0.640,0.000,0.0000
104.210,-90.309,23.342,0.310,3.043,5.921,12.122,0.580,0.000,0.0000
104.220,-90.278,23.386,0.309,3.066,5.952,12.136,0.520,0.000,0.0000
104.230,-90.247,23.430,0.309,3.088,5.983,12.151,0.460,0.000,0.0000
104.240,-90.216,23.475,0.309,3.097,6.014,12.166,0.400,0.000,0.0000
104.250,-90.185,23.520,0.309,3.091,6.045,12.181,0.340,0.000,0.0000
104.260,-90.154,23.564,0.309,3.080,6.076,12.196,0.280,0.000,0.0000
104.270,-90.124,23.609,0.309,3.066,6.106,12.210,0.220,0.000,0.0000
104.280,-90.093,23.652,0.310,3.049,6.137,12.224,0.160,0.000,0.0000
104.290,-90.063,23.696,0.310,3.030,6.167,12.238,0.100,0.000,0.0000
104.300,-90.033,23.739,0.311,3.011,6.197,12.252,0.040,0.000,0.0000
104.310,-90.003,23.782,0.312,2.991,6.227,12.266,0.000,0.000,0.0000
104.320,-89.973,23.825,0.313,2.971,6.257,12.280,0.000,0.000,0.0080
104.330,-89.944,23.868,0.314,2.949,6.286,12.293,0.000,0.000,0.0160
104.340,-89.915,23.910,0.315,2.926,6.315,12.307,0.000,0.000,0.0240
104.350,-89.886,23.952,0.317,2.900,6.344,12.320,0.000,0.000,0.0320
104.360,-89.857,23.993,0.318,2.874,6.373,12.333,0.000,0.000,0.0400
104.370,-89.828,24.034,0.319,2.847,6.402,12.346,0.000,0.000,0.0480
104.380,-89.800,24.075,0.320,2.820,6.430,12.359,0.000,0.000,0.0560
104.390,-89.772,24.115,0.322,2.793,6.458,12.372,0.000,0.000,0.0640
104.400,-89.745,24.155,0.323,2.765,6.485,12.385,0.000,0.000,0.0720
104.410,-89.717,24.194,0.324,2.738,6.513,12.398,0.000,0.000,0.0800
104.420,-89.690,24.234,0.325,2.710,6.540,12.411,0.000,0.000,0.0880
104.430,-89.663,24.272,0.326,2.683,6.567,12.423,0.000,0.000,0.0960
104.440,-89.637,24.311,0.327,2.657,6.593,12.436,0.000,0.000,0.1040
104.450,-89.611,24.349,0.328,2.630,6.619,12.449,0.000,0.000,0.1120
104.460,-89.585,24.386,0.328,2.606,6.646,12.462,0.000,0.000,0.1200
104.470,-89.559,24.424,0.329,2.583,6.671,12.475,0.000,0.000,0.1280
104.480,-89.533,24.461,0.329,2.576,6.697,12.488,0.000,0.000,0.1360
104.490,-89.507,24.498,0.330,2.561,6.723,12.501,0.000,0.000,0.1440
104.500,-89.482,24.535,0.330,2.551,6.748,12.514,0.000,0.000,0.1520
104.510,-89.456,24.571,0.330,2.542,6.774,12.527,0.000,0.000,0.1600
104.520,-89.431,24.608,0.329,2.531,6.799,12.541,0.000,0.000,0.1680
104.530,-89.406,24.644,0.329,2.517,6.824,12.554,0.000,0.000,0.1760
104.540,-89.381,24.679,0.329,2.502,6.849,12.567,0.000,0.000,0.1840
104.550,-89.356,24.715,0.328,2.485,6.874,12.581,0.000,0.000,0.1920
104.560,-89.331,24.750,0.328,2.467,6.899,12.594,0.000,0.000,0.2000
104.570,-89.307,24.784,0.328,2.448,6.923,12.608,0.000,0.000,0.2080
104.580,-89.283,24.818,0.327,2.429,6.947,12.621,0.000,0.000,0.2160
104.590,-89.259,24.852,0.327,2.410,6.972,12.634,0.000,0.000,0.2240
104.600,-89.235,24.885,0.327,2.391,6.995,12.647,0.000,0.000,0.2320
104.610,-89.211,24.917,0.326,2.371,7.019,12.660,0.000,0.000,0.2400
104.620,-89.187,24.949,0.326,2.350,7.043,12.673,0.000,0.000,0.2480
104.630,-89.164,24.980,0.326,2.329,7.066,12.686,0.000,0.000,0.2560
104.640,-89.141,25.011,0.325,2.307,7.089,12.698,0.000,0.000,0.2640
104.650,-89.118,25.042,0.325,2.284,7.112,12.711,0.000,0.000,0.2720
104.660,-89.096,25.072,0.325,2.262,7.134,12.723,0.000,0.000,0.2800
104.670,-89.073,25.101,0.325,2.240,7.157,12.736,0.000,0.000,0.2880
104.680,-89.051,25.130,0.325,2.218,7.179,12.748,0.000,0.000,0.2960
104.690,-89.029,25.159,0.324,2.198,7.201,12.760,0.000,0.000,0.3040
104.700,-89.007,25.187,0.324,2.178,7.223,12.772,0.000,0.000,0.3120
104.710,-88.986,25.215,0.324,2.158,7.244,12.784,0.000,0.000,0.3200
104.720,-88.964,25.242,0.324,2.139,7.266,12.796,0.000,0.000,0.3280
104.730,-88.943,25.269,0.324,2.119,7.287,12.807,0.000,0.000,0.3360
104.740,-88.922,25.296,0.324,2.099,7.308,12.819,0.000,0.000,0.3440
104.750,-88.901,25.322,0.324,2.078,7.329,12.830,0.000,0.000,0.3520
104.760,-88.881,25.348,0.324,2.057,7.349,12.842,0.000,0.000,0.3600
104.770,-88.861,25.373,0.324,2.026,7.370,12.853,0.000,0.000,0.3680
104.780,-88.841,25.398,0.324,2.002,7.390,12.864,0.000,0.000,0.3760
104.790,-88.821,25.422,0.324,1.975,7.409,12.875,0.000,0.000,0.3840
104.800,-88.801,25.446,0.324,1.949,7.429,12.886,0.000,0.000,0.3920
104.810,-88.782,25.469,0.325,1.923,7.448,12.897,0.000,0.000,0.4000
104.820,-88.763,25.492,0.325,1.897,7.467,12.907,0.000,0.000,0.4080
104.830,-88.744,25.515,0.325,1.868,7.486,12.917,0.000,0.000,0.4160
104.840,-88.726,25.537,0.325,1.836,7.504,12.928,0.000,0.000,0.4240
104.850,-88.708,25.558,0.325,1.801,7.522,12.938,0.000,0.000,0.4320
104.860,-88.690,25.579,0.325,1.765,7.540,12.948,0.000,0.000,0.4400
104.870,-88.673,25.600,0.325,1.733,7.557,12.957,0.000,0.000,0.4480
104.880,-88.656,25.620,0.325,1.704,7.574,12.967,0.000,0.000,0.4560
104.890,-88.639,25.640,0.326,1.678,7.591,12.976,0.000,0.000,0.4640
104.900,-88.623,25.659,0.326,1.653,7.607,12.985,0.000,0.000,0.4720
104.910,-88.606,25.678,0.326,1.628,7.624,12.995,0.000,0.000,0.4800
104.920,-88.590,25.696,0.326,1.604,7.640,13.004,0.000,0.000,0.4880
104.930,-88.575,25.715,0.326,1.580,7.655,13.013,0.000,0.000,0.4960
104.940,-88.559,25.732,0.326,1.555,7.671,13.022,0.000,0.000,0.5000
104.950,-88.544,25.750,0.326,1.531,7.686,13.030,0.000,0.000,0.5000
104.960,-88.529,25.767,0.326,1.507,7.701,13.039,0.000,0.000,0.5000
104.970,-88.514,25.783,0.326,1.484,7.716,13.048,0.000,0.000,0.5000
104.980,-88.499,25.800,0.326,1.462,7.731,13.056,0.000,0.000,0.5000
104.990,-88.485,25.816,0.325,1.441,7.745,13.065,0.000,0.000,0.5000
105.000,-88.471,25.831,0.325,1.419,7.759,13.073,0.000,0.000,0.5000
105.010,-88.457,25.846,0.325,1.398,7.773,13.081,0.000,0.000,0.5000
105.020,-88.443,25.861,0.325,1.377,7.787,13.089,0.000,0.000,0.5000
105.030,-88.429,25.876,0.325,1.356,7.801,13.097,0.000,0.000,0.5000
105.040,-88.416,25.890,0.324,1.335,7.814,13.105,0.000,0.000,0.5000
105.050,-88.403,25.904,0.324,1.315,7.827,13.113,0.000,0.000,0.5000
105.060,-88.390,25.918,0.324,1.294,7.840,13.121,0.000,0.000,0.5000
105.070,-88.377,25.931,0.324,1.274,7.853,13.128,0.000,0.000,0.5000
105.080,-88.365,25.944,0.323,1.254,7.865,13.136,0.000,0.000,0.5000
105.090,-88.352,25.957,0.323,1.233,7.878,13.143,0.000,0.000,0.5000
105.100,-88.340,25.970,0.323,1.213,7.890,13.150,0.000,0.000,0.5000
105.110,-88.328,25.982,0.323,1.192,7.902,13.157,0.000,0.000,0.5000
105.120,-88.317,25.994,0.322,1.172,7.914,13.164,0.000,0.000,0.5000
105.130,-88.305,26.006,0.322,1.151,7.925,13.171,0.000,0.000,0.5000
105.140,-88.294,26.017,0.322,1.131,7.936,13.178,0.000,0.000,0.5000
105.150,-88.283,26.028,0.322,1.112,7.947,13.185,0.000,0.000,0.5000
105.160,-88.272,26.039,0.322,1.092,7.958,13.191,0.000,0.000,0.4700
105.170,-88.261,26.050,0.322,1.077,7.969,13.198,0.000,0.000,0.4400
105.180,-88.250,26.060,0.322,1.063,7.980,13.204,0.000,0.000,0.4100
105.190,-88.240,26.070,0.321,1.052,7.990,13.210,0.000,0.000,0.3800
105.200,-88.229,26.080,0.321,1.042,8.001,13.217,0.000,0.000,0.3500
105.210,-88.219,26.090,0.321,1.032,8.011,13.223,0.000,0.000,0.3200
105.220,-88.209,26.100,0.321,1.024,8.021,13.229,0.040,0.000,0.2900
105.230,-88.199,26.110,0.321,1.015,8.031,13.235,0.080,0.000,0.2600
105.240,-88.189,26.119,0.321,1.004,8.041,13.241,0.120,0.000,0.2300
105.250,-88.179,26.128,0.321,0.957,8.051,13.247,0.160,0.000,0.2000
105.260,-88.170,26.137,0.320,0.931,8.060,13.252,0.200,0.000,0.1700
105.270,-88.160,26.146,0.320,0.922,8.070,13.258,0.240,0.000,0.1400
105.280,-88.151,26.155,0.320,0.927,8.079,13.263,0.280,0.000,0.1100
105.290,-88.142,26.163,0.320,0.938,8.088,13.269,0.320,0.000,0.0800
105.300,-88.132,26.172,0.320,0.950,8.098,13.275,0.360,0.000,0.0500
105.310,-88.123,26.182,0.320,0.962,8.107,13.281,0.400,0.000,0.0200
105.320,-88.113,26.191,0.319,0.973,8.117,13.287,0.440,0.000,0.0000
105.330,-88.103,26.200,0.319,0.989,8.127,13.293,0.480,0.000,0.0000
105.340,-88.093,26.210,0.318,1.019,8.137,13.299,0.520,0.000,0.0000
105.350,-88.082,26.220,0.318,1.058,8.148,13.306,0.560,0.000,0.0000
105.360,-88.071,26.231,0.317,1.104,8.159,13.313,0.600,0.000,0.0000
105.370,-88.060,26.242,0.316,1.152,8.170,13.321,0.640,0.000,0.0000
105.380,-88.048,26.253,0.315,1.202,8.182,13.329,0.680,0.000,0.0000
105.390,-88.035,26.265,0.314,1.250,8.195,13.337,0.720,0.000,0.0000
105.400,-88.023,26.277,0.313,1.296,8.208,13.346,0.760,0.000,0.0000
105.410,-88.009,26.290,0.312,1.341,8.221,13.355,0.800,0.000,0.0000
105.420,-87.995,26.303,0.311,1.384,8.235,13.364,0.840,0.000,0.0000
105.430,-87.981,26.316,0.310,1.425,8.249,13.373,0.880,0.000,0.0000
105.440,-87.967,26.330,0.309,1.465,8.263,13.383,0.920,0.000,0.0000
105.450,-87.952,26.344,0.308,1.504,8.278,13.392,0.960,0.000,0.0000
105.460,-87.936,26.359,0.307,1.543,8.294,13.402,1.000,0.000,0.0000
105.470,-87.920,26.373,0.306,1.580,8.310,13.412,1.000,0.000,0.0000
105.480,-87.904,26.389,0.306,1.617,8.326,13.423,1.000,0.000,0.0000
105.490,-87.888,26.404,0.305,1.654,8.342,13.433,1.000,0.000,0.0000
105.500,-87.871,26.420,0.305,1.690,8.359,13.444,1.000,0.000,0.0000
105.510,-87.854,26.436,0.304,1.725,8.377,13.454,1.000,0.000,0.0000
105.520,-87.836,26.452,0.304,1.761,8.394,13.465,1.000,0.000,0.0000
105.530,-87.818,26.469,0.304,1.795,8.412,13.476,1.000,0.000,0.0000
105.540,-87.800,26.486,0.304,1.829,8.430,13.487,1.000,0.000,0.0000
105.550,-87.781,26.504,0.304,1.863,8.449,13.499,1.000,0.000,0.0000
105.560,-87.762,26.521,0.304,1.896,8.468,13.510,1.000,0.000,0.0000
105.570,-87.743,26.539,0.304,1.929,8.487,13.522,1.000,0.000,0.0000
105.580,-87.723,26.558,0.304,1.962,8.507,13.534,1.000,0.000,0.0000
105.590,-87.703,26.576,0.305,1.994,8.527,13.546,1.000,0.000,0.0000
105.600,-87.683,26.595,0.305,2.025,8.547,13.558,1.000,0.000,0.0000
105.610,-87.662,26.614,0.305,2.056,8.568,13.570,1.000,0.000,0.0000
105.620,-87.642,26.634,0.306,2.087,8.588,13.583,1.000,0.000,0.0000
105.630,-87.620,26.653,0.306,2.117,8.610,13.595,1.000,0.000,0.0000
105.640,-87.599,26.673,0.307,2.149,8.631,13.608,1.000,0.000,0.0000
105.650,-87.577,26.694,0.307,2.182,8.653,13.621,1.000,0.000,0.0000
105.660,-87.555,26.714,0.308,2.215,8.675,13.634,1.000,0.000,0.0000
105.670,-87.533,26.735,0.308,2.244,8.698,13.648,1.000,0.000,0.0000
105.680,-87.510,26.756,0.309,2.272,8.720,13.662,1.000,0.000,0.0000
105.690,-87.487,26.777,0.309,2.301,8.743,13.676,1.000,0.000,0.0000
105.700,-87.463,26.799,0.310,2.329,8.767,13.690,1.000,0.000,0.0000
105.710,-87.440,26.821,0.310,2.357,8.790,13.704,1.000,0.000,0.0000
105.720,-87.416,26.843,0.311,2.386,8.814,13.719,1.000,0.000,0.0000
105.730,-87.392,26.865,0.311,2.412,8.838,13.734,1.000,0.000,0.0000
105.740,-87.368,26.888,0.311,2.444,8.863,13.749,1.000,0.000,0.0000
105.750,-87.343,26.911,0.312,2.473,8.887,13.764,1.000,0.000,0.0000
105.760,-87.318,26.934,0.312,2.502,8.912,13.779,1.000,0.000,0.0000
105.770,-87.292,26.957,0.312,2.532,8.938,13.795,1.000,0.000,0.0000
105.780,-87.267,26.981,0.312,2.561,8.963,13.811,1.000,0.000,0.0000
105.790,-87.241,27.005,0.312,2.591,8.989,13.828,1.000,0.000,0.0000
105.800,-87.215,27.029,0.312,2.620,9.015,13.844,1.000,0.000,0.0000
105.810,-87.188,27.054,0.312,2.650,9.042,13.861,1.000,0.000,0.0000
105.820,-87.161,27.078,0.312,2.679,9.069,13.878,1.000,0.000,0.0000
105.830,-87.134,27.103,0.312,2.708,9.096,13.895,1.000,0.000,0.0000
105.840,-87.107,27.129,0.312,2.737,9.123,13.913,1.000,0.000,0.0000
105.850,-87.079,27.154,0.312,2.767,9.151,13.931,1.000,0.000,0.0000
105.860,-87.051,27.180,0.312,2.795,9.179,13.949,1.000,0.000,0.0000
105.870,-87.023,27.206,0.312,2.824,9.207,13.967,1.000,0.000,0.0000
105.880,-86.995,27.233,0.312,2.853,9.235,13.985,1.000,0.000,0.0000
105.890,-86.966,27.260,0.312,2.882,9.264,14.004,1.000,0.000,0.0000
105.900,-86.937,27.287,0.311,2.911,9.293,14.023,1.000,0.000,0.0000
105.910,-86.907,27.314,0.311,2.939,9.323,14.042,1.000,0.000,0.0000
105.920,-86.878,27.342,0.311,2.968,9.352,14.062,1.000,0.000,0.0000
105.930,-86.848,27.369,0.311,2.997,9.382,14.081,1.000,0.000,0.0000
105.940,-86.817,27.398,0.311,3.025,9.413,14.101,1.000,0.000,0.0000
105.950,-86.787,27.426,0.310,3.053,9.443,14.121,1.000,0.000,0.0000
105.960,-86.756,27.455,0.310,3.081,9.474,14.141,1.000,0.000,0.0000
105.970,-86.725,27.483,0.310,3.109,9.505,14.162,1.000,0.000,0.0000
105.980,-86.694,27.513,0.310,3.135,9.536,14.182,1.000,0.000,0.0000
105.990,-86.662,27.542,0.310,3.161,9.568,14.203,1.000,0.000,0.0000
106.000,-86.630,27.572,0.310,3.188,9.600,14.224,1.000,0.000,0.0000
106.010,-86.598,27.602,0.310,3.216,9.632,14.246,1.000,0.000,0.0000
106.020,-86.566,27.632,0.310,3.245,9.665,14.267,1.000,0.000,0.0000
106.030,-86.533,27.662,0.310,3.275,9.697,14.289,1.000,0.000,0.0000
106.040,-86.500,27.693,0.310,3.302,9.730,14.311,1.000,0.000,0.0000
106.050,-86.466,27.724,0.310,3.330,9.764,14.333,1.000,0.000,0.0000
106.060,-86.433,27.755,0.310,3.359,9.797,14.355,1.000,0.000,0.0000
106.070,-86.399,27.787,0.310,3.389,9.831,14.378,1.000,0.000,0.0000
106.080,-86.365,27.819,0.310,3.421,9.865,14.401,1.000,0.000,0.0000
106.090,-86.330,27.851,0.310,3.453,9.900,14.424,1.000,0.000,0.0000
106.100,-86.295,27.884,0.310,3.485,9.935,14.447,1.000,0.000,0.0000
106.110,-86.260,27.916,0.310,3.517,9.970,14.471,1.000,0.000,0.0000
106.120,-86.225,27.949,0.310,3.549,10.005,14.495,1.000,0.000,0.0000
106.130,-86.189,27.983,0.310,3.581,10.041,14.519,1.000,0.000,0.0000
106.140,-86.153,28.016,0.310,3.612,10.077,14.543,1.000,0.000,0.0000
106.150,-86.116,28.050,0.310,3.643,10.114,14.568,1.000,0.000,0.0000
106.160,-86.080,28.084,0.310,3.674,10.150,14.593,1.000,0.000,0.0000
106.170,-86.043,28.119,0.310,3.704,10.187,14.618,1.000,0.000,0.0000
106.180,-86.005,28.153,0.310,3.734,10.225,14.644,1.000,0.000,0.0000
106.190,-85.968,28.188,0.310,3.763,10.262,14.669,1.000,0.000,0.0000
106.200,-85.930,28.223,0.310,3.792,10.300,14.695,1.000,0.000,0.0000
106.210,-85.891,28.259,0.310,3.817,10.339,14.721,1.000,0.000,0.0000
106.220,-85.853,28.294,0.310,3.844,10.377,14.748,1.000,0.000,0.0000
106.230,-85.814,28.330,0.310,3.873,10.416,14.774,1.000,0.000,0.0000
106.240,-85.775,28.366,0.310,3.902,10.455,14.801,1.000,0.000,0.0000
106.250,-85.736,28.403,0.310,3.931,10.494,14.828,1.000,0.000,0.0000
106.260,-85.696,28.439,0.310,3.961,10.534,14.856,1.000,0.000,0.0000
106.270,-85.657,28.476,0.310,3.986,10.573,14.883,1.000,0.000,0.0000
106.280,-85.616,28.513,0.310,4.014,10.614,14.911,1.000,0.000,0.0000
106.290,-85.576,28.550,0.311,4.045,10.654,14.939,1.000,0.000,0.0000
106.300,-85.535,28.588,0.311,4.078,10.695,14.968,1.000,0.000,0.0000
106.310,-85.494,28.626,0.311,4.111,10.736,14.996,1.000,0.000,0.0000
106.320,-85.453,28.664,0.311,4.144,10.777,15.026,1.000,0.000,0.0000
106.330,-85.411,28.703,0.311,4.177,10.819,15.055,1.000,0.000,0.0000
106.340,-85.369,28.741,0.311,4.209,10.861,15.085,1.000,0.000,0.0080
106.350,-85.326,28.780,0.311,4.239,10.904,15.114,1.000,0.000,0.0160
106.360,-85.284,28.820,0.311,4.266,10.946,15.145,1.000,0.000,0.0240
106.370,-85.241,28.859,0.311,4.291,10.989,15.175,1.000,0.000,0.0320
106.380,-85.198,28.899,0.310,4.316,11.032,15.206,1.000,0.000,0.0400
106.390,-85.154,28.939,0.310,4.340,11.076,15.237,1.000,0.000,0.0480
106.400,-85.111,28.979,0.311,4.363,11.119,15.268,1.000,0.000,0.0560
106.410,-85.067,29.020,0.311,4.386,11.163,15.299,1.000,0.000,0.0640
106.420,-85.023,29.061,0.311,4.409,11.207,15.330,1.000,0.000,0.0720
106.430,-84.978,29.102,0.311,4.440,11.252,15.362,1.000,0.000,0.0800
106.440,-84.934,29.143,0.311,4.473,11.296,15.394,1.000,0.000,0.0880
106.450,-84.888,29.185,0.311,4.505,11.342,15.427,1.000,0.000,0.0960
106.460,-84.843,29.227,0.311,4.537,11.387,15.460,0.940,0.000,0.1040
106.470,-84.797,29.269,0.310,4.569,11.433,15.493,0.880,0.000,0.1120
106.480,-84.751,29.311,0.310,4.622,11.479,15.526,0.820,0.000,0.1200
106.490,-84.704,29.354,0.310,4.672,11.526,15.560,0.760,0.000,0.1280
106.500,-84.657,29.397,0.310,4.718,11.573,15.594,0.700,0.000,0.1360
106.510,-84.610,29.441,0.310,4.761,11.620,15.629,0.640,0.000,0.1440
106.520,-84.562,29.485,0.310,4.803,11.668,15.664,0.580,0.000,0.1520
106.530,-84.513,29.529,0.310,4.833,11.717,15.700,0.520,0.000,0.1600
106.540,-84.465,29.573,0.309,4.847,11.765,15.735,0.460,0.000,0.1680
106.550,-84.416,29.617,0.310,4.848,11.814,15.771,0.400,0.000,0.1760
106.560,-84.368,29.660,0.310,4.840,11.862,15.806,0.340,0.000,0.1840
106.570,-84.320,29.704,0.310,4.825,11.910,15.842,0.280,0.000,0.1920
106.580,-84.272,29.747,0.311,4.808,11.958,15.877,0.220,0.000,0.2000
106.590,-84.224,29.789,0.312,4.770,12.006,15.911,0.160,0.000,0.2080
106.600,-84.177,29.830,0.313,4.730,12.053,15.946,0.100,0.000,0.2160
106.610,-84.130,29.871,0.314,4.693,12.100,15.980,0.040,0.000,0.2240
106.620,-84.083,29.911,0.315,4.661,12.147,16.013,0.000,0.000,0.2320
106.630,-84.037,29.951,0.317,4.634,12.193,16.047,0.000,0.000,0.2400
106.640,-83.991,29.990,0.318,4.610,12.239,16.080,0.000,0.000,0.2480
106.650,-83.945,30.028,0.320,4.537,12.285,16.113,0.000,0.000,0.2560
106.660,-83.901,30.066,0.321,4.479,12.329,16.146,0.000,0.000,0.2640
106.670,-83.856,30.104,0.323,4.437,12.374,16.178,0.000,0.000,0.2720
106.680,-83.812,30.140,0.325,4.404,12.418,16.210,0.000,0.000,0.2800
106.690,-83.769,30.177,0.326,4.377,12.461,16.242,0.000,0.000,0.2880
106.700,-83.725,30.212,0.327,4.353,12.505,16.274,0.000,0.000,0.2960
106.710,-83.682,30.247,0.329,4.331,12.548,16.306,0.000,0.000,0.3040
106.720,-83.639,30.282,0.330,4.309,12.591,16.338,0.000,0.000,0.3120
106.730,-83.596,30.316,0.331,4.285,12.634,16.369,0.000,0.000,0.3200
106.740,-83.553,30.350,0.331,4.261,12.677,16.401,0.000,0.000,0.3280
106.750,-83.511,30.384,0.332,4.235,12.719,16.433,0.000,0.000,0.3360
106.760,-83.469,30.416,0.332,4.208,12.761,16.465,0.000,0.000,0.3440
106.770,-83.427,30.449,0.333,4.179,12.803,16.496,0.000,0.000,0.3520
106.780,-83.386,30.480,0.333,4.150,12.845,16.528,0.000,0.000,0.3600
106.790,-83.344,30.512,0.333,4.120,12.886,16.559,0.000,0.000,0.3680
106.800,-83.303,30.543,0.333,4.089,12.927,16.590,0.000,0.000,0.3760
106.810,-83.263,30.573,0.333,4.075,12.967,16.622,0.000,0.000,0.3840
106.820,-83.222,30.604,0.332,4.064,13.008,16.653,0.000,0.000,0.3920
106.830,-83.182,30.634,0.332,4.053,13.049,16.685,0.000,0.000,0.4000
106.840,-83.141,30.663,0.331,4.039,13.089,16.716,0.000,0.000,0.4080
106.850,-83.101,30.693,0.331,4.019,13.129,16.747,0.000,0.000,0.4160
106.860,-83.061,30.721,0.330,3.995,13.169,16.779,0.000,0.000,0.4240
106.870,-83.021,30.750,0.329,3.969,13.209,16.810,0.000,0.000,0.4320
106.880,-82.982,30.777,0.329,3.940,13.248,16.841,0.000,0.000,0.4400
106.890,-82.943,30.804,0.328,3.911,13.287,16.871,0.000,0.000,0.4480
106.900,-82.903,30.831,0.327,3.939,13.327,16.902,0.000,0.000,0.4560
106.910,-82.864,30.858,0.326,3.953,13.366,16.933,0.000,0.000,0.4640
106.920,-82.824,30.884,0.326,3.957,13.406,16.965,0.000,0.000,0.4720
106.930,-82.785,30.909,0.325,3.946,13.445,16.996,0.000,0.000,0.4800
106.940,-82.746,30.934,0.324,3.925,13.484,17.027,0.000,0.000,0.4880
106.950,-82.707,30.959,0.323,3.895,13.523,17.057,0.000,0.000,0.4960
106.960,-82.668,30.983,0.323,3.857,13.562,17.088,0.000,0.000,0.5000
106.970,-82.630,31.006,0.323,3.810,13.600,17.118,0.000,0.000,0.5000
106.980,-82.593,31.029,0.323,3.755,13.638,17.147,0.000,0.000,0.5000
106.990,-82.556,31.050,0.323,3.698,13.674,17.176,0.000,0.000,0.5000
107.000,-82.519,31.071,0.323,3.640,13.711,17.204,0.000,0.000,0.5000
107.010,-82.483,31.092,0.323,3.582,13.747,17.232,0.000,0.000,0.5000
107.020,-82.448,31.111,0.324,3.528,13.782,17.260,0.000,0.000,0.5000
107.030,-82.413,31.130,0.324,3.482,13.817,17.287,0.000,0.000,0.5000
107.040,-82.379,31.149,0.325,3.445,13.851,17.313,0.000,0.000,0.5000
107.050,-82.345,31.167,0.325,3.419,13.885,17.340,0.000,0.000,0.5000
107.060,-82.311,31.184,0.326,3.405,13.919,17.367,0.000,0.000,0.5000
107.070,-82.277,31.202,0.326,3.399,13.953,17.393,0.000,0.000,0.5000
107.080,-82.243,31.219,0.326,3.389,13.987,17.420,0.000,0.000,0.5000
107.090,-82.209,31.236,0.326,3.376,14.021,17.446,0.000,0.000,0.5000
107.100,-82.175,31.252,0.326,3.363,14.055,17.473,0.000,0.000,0.5000
107.110,-82.142,31.268,0.326,3.348,14.088,17.500,0.000,0.000,0.5000
107.120,-82.109,31.284,0.326,3.327,14.121,17.526,0.000,0.000,0.5000
107.130,-82.076,31.300,0.326,3.300,14.154,17.552,0.000,0.000,0.5000
107.140,-82.043,31.315,0.326,3.273,14.187,17.578,0.000,0.000,0.5000
107.150,-82.010,31.330,0.326,3.243,14.220,17.604,0.000,0.000,0.5000
107.160,-81.978,31.345,0.326,3.208,14.252,17.630,0.000,0.000,0.5000
107.170,-81.947,31.359,0.325,3.170,14.283,17.655,0.000,0.000,0.5000
107.180,-81.915,31.373,0.325,3.131,14.315,17.680,0.000,0.000,0.5000
107.190,-81.884,31.387,0.325,3.093,14.346,17.705,0.000,0.000,0.5000
107.200,-81.854,31.400,0.325,3.057,14.376,17.729,0.000,0.000,0.5000
107.210,-81.824,31.413,0.325,3.025,14.406,17.753,0.000,0.000,0.5000
107.220,-81.794,31.426,0.325,2.995,14.436,17.777,0.000,0.000,0.5000
107.230,-81.764,31.438,0.325,2.968,14.466,17.801,0.000,0.000,0.5000
107.240,-81.735,31.450,0.324,2.941,14.495,17.825,0.000,0.000,0.5000
107.250,-81.705,31.462,0.324,2.915,14.525,17.848,0.000,0.000,0.5000
107.260,-81.677,31.474,0.324,2.888,14.554,17.872,0.000,0.000,0.5000
107.270,-81.648,31.485,0.324,2.862,14.582,17.895,0.000,0.000,0.5000
107.280,-81.620,31.496,0.323,2.821,14.610,17.918,0.000,0.000,0.5000
107.290,-81.592,31.507,0.323,2.781,14.638,17.940,0.000,0.000,0.5000
107.300,-81.564,31.517,0.323,2.744,14.666,17.962,0.000,0.000,0.5000
107.310,-81.537,31.527,0.323,2.711,14.693,17.984,0.000,0.000,0.5000
107.320,-81.510,31.537,0.323,2.683,14.720,18.006,0.000,0.000,0.5000
107.330,-81.484,31.547,0.323,2.657,14.746,18.027,0.000,0.000,0.5000
107.340,-81.458,31.557,0.323,2.635,14.772,18.048,0.000,0.000,0.5000
107.350,-81.431,31.566,0.322,2.614,14.799,18.070,0.000,0.000,0.5000
107.360,-81.406,31.575,0.322,2.593,14.825,18.091,0.000,0.000,0.5000
107.370,-81.380,31.584,0.322,2.573,14.850,18.111,0.000,0.000,0.5000
107.380,-81.354,31.593,0.322,2.552,14.876,18.132,0.000,0.000,0.5000
107.390,-81.329,31.601,0.322,2.531,14.901,18.153,0.000,0.000,0.5000
107.400,-81.304,31.610,0.322,2.510,14.926,18.173,0.000,0.000,0.5000
107.410,-81.279,31.618,0.321,2.488,14.951,18.193,0.000,0.000,0.5000
107.420,-81.254,31.626,0.321,2.466,14.976,18.213,0.000,0.000,0.5000
107.430,-81.230,31.634,0.321,2.443,15.000,18.233,0.000,0.000,0.5000
107.440,-81.206,31.641,0.321,2.419,15.024,18.253,0.000,0.000,0.5000
107.450,-81.182,31.649,0.321,2.393,15.048,18.272,0.000,0.000,0.5000
107.460,-81.158,31.656,0.321,2.366,15.072,18.292,0.000,0.000,0.5000
107.470,-81.135,31.663,0.321,2.337,15.095,18.310,0.040,0.000,0.5000
107.480,-81.112,31.670,0.321,2.308,15.118,18.329,0.080,0.000,0.5000
107.490,-81.089,31.676,0.321,2.277,15.141,18.348,0.120,0.000,0.4700
107.500,-81.066,31.683,0.321,2.249,15.164,18.366,0.160,0.000,0.4400
107.510,-81.044,31.689,0.321,2.224,15.186,18.384,0.200,0.000,0.4100
107.520,-81.022,31.695,0.321,2.196,15.208,18.402,0.240,0.000,0.3800
107.530,-81.000,31.701,0.321,2.176,15.230,18.419,0.280,0.000,0.3500
107.540,-80.979,31.706,0.322,2.164,15.251,18.437,0.320,0.000,0.3200
107.550,-80.957,31.712,0.322,2.163,15.273,18.455,0.360,0.000,0.2900
107.560,-80.935,31.717,0.321,2.170,15.295,18.472,0.400,0.000,0.2600
107.570,-80.914,31.723,0.321,2.184,15.316,18.490,0.440,0.000,0.2300
107.580,-80.892,31.729,0.321,2.209,15.339,18.508,0.480,0.000,0.2000
107.590,-80.869,31.734,0.321,2.242,15.361,18.527,0.520,0.000,0.1700
107.600,-80.846,31.740,0.320,2.281,15.384,18.546,0.560,0.000,0.1400
107.610,-80.823,31.745,0.320,2.324,15.407,18.565,0.600,0.000,0.1100
107.620,-80.799,31.751,0.319,2.370,15.431,18.585,0.640,0.000,0.0800
107.630,-80.775,31.757,0.318,2.418,15.455,18.605,0.680,0.000,0.0500
107.640,-80.751,31.763,0.317,2.467,15.479,18.626,0.720,0.000,0.0200
107.650,-80.725,31.768,0.316,2.516,15.505,18.647,0.760,0.000,0.0000
107.660,-80.700,31.774,0.315,2.570,15.530,18.669,0.800,0.000,0.0000
107.670,-80.673,31.780,0.314,2.632,15.557,18.691,0.840,0.000,0.0000
107.680,-80.646,31.786,0.313,2.700,15.584,18.713,0.880,0.000,0.0000
107.690,-80.619,31.793,0.312,2.770,15.611,18.737,0.920,0.000,0.0000
107.700,-80.590,31.799,0.311,2.841,15.640,18.761,0.960,0.000,0.0000
107.710,-80.561,31.805,0.310,2.909,15.669,18.785,1.000,0.000,0.0000
107.720,-80.532,31.812,0.309,2.975,15.698,18.810,1.000,0.000,0.0000
107.730,-80.501,31.819,0.308,3.038,15.729,18.836,1.000,0.000,0.0000
107.740,-80.470,31.825,0.307,3.098,15.760,18.862,1.000,0.000,0.0000
107.750,-80.439,31.832,0.306,3.156,15.791,18.889,1.000,0.000,0.0000
107.760,-80.407,31.839,0.305,3.211,15.823,18.916,1.000,0.000,0.0000
107.770,-80.374,31.846,0.304,3.264,15.856,18.943,1.000,0.000,0.0000
107.780,-80.341,31.853,0.304,3.315,15.889,18.971,1.000,0.000,0.0000
107.790,-80.307,31.861,0.303,3.365,15.923,18.999,1.000,0.000,0.0000
107.800,-80.273,31.868,0.303,3.427,15.957,19.027,1.000,0.000,0.0000
107.810,-80.238,31.876,0.302,3.485,15.992,19.056,1.000,0.000,0.0000
107.820,-80.203,31.883,0.302,3.540,16.027,19.085,1.000,0.000,0.0000
107.830,-80.167,31.891,0.302,3.590,16.063,19.115,1.000,0.000,0.0000
107.840,-80.130,31.899,0.302,3.637,16.100,19.145,1.000,0.000,0.0000
107.850,-80.094,31.907,0.302,3.681,16.136,19.176,1.000,0.000,0.0000
107.860,-80.056,31.914,0.303,3.724,16.174,19.207,1.000,0.000,0.0000
107.870,-80.019,31.922,0.303,3.765,16.211,19.238,1.000,0.000,0.0000
107.880,-79.981,31.930,0.303,3.806,16.249,19.269,1.000,0.000,0.0000
107.890,-79.942,31.938,0.304,3.852,16.288,19.301,1.000,0.000,0.0000
107.900,-79.903,31.947,0.304,3.898,16.327,19.333,1.000,0.000,0.0000
107.910,-79.864,31.955,0.305,3.942,16.366,19.365,1.000,0.000,0.0000
107.920,-79.824,31.963,0.306,3.985,16.406,19.398,1.000,0.000,0.0000
107.930,-79.784,31.971,0.306,4.027,16.446,19.432,1.000,0.000,0.0000
107.940,-79.743,31.980,0.307,4.068,16.487,19.465,1.000,0.000,0.0000
107.950,-79.702,31.988,0.307,4.109,16.528,19.499,1.000,0.000,0.0000
107.960,-79.660,31.997,0.308,4.149,16.570,19.533,1.000,0.000,0.0000
107.970,-79.619,32.005,0.309,4.189,16.611,19.568,1.000,0.000,0.0000
107.980,-79.576,32.014,0.309,4.228,16.654,19.603,1.000,0.000,0.0000
107.990,-79.534,32.023,0.310,4.267,16.696,19.639,1.000,0.000,0.0000
108.000,-79.491,32.032,0.310,4.306,16.739,19.675,1.000,0.000,0.0000
108.010,-79.447,32.041,0.311,4.345,16.783,19.711,1.000,0.000,0.0000
108.020,-79.403,32.050,0.311,4.383,16.827,19.747,1.000,0.000,0.0000
108.030,-79.359,32.059,0.312,4.420,16.871,19.784,1.000,0.000,0.0000
108.040,-79.314,32.068,0.312,4.457,16.916,19.822,1.000,0.000,0.0000
108.050,-79.270,32.077,0.312,4.494,16.960,19.859,1.000,0.000,0.0000
108.060,-79.224,32.086,0.312,4.531,17.006,19.897,1.000,0.000,0.0000
108.070,-79.179,32.096,0.313,4.562,17.051,19.936,1.000,0.000,0.0000
108.080,-79.133,32.105,0.313,4.594,17.097,19.974,1.000,0.000,0.0000
108.090,-79.086,32.115,0.313,4.628,17.144,20.013,0.940,0.000,0.0000
108.100,-79.040,32.124,0.313,4.664,17.190,20.053,0.880,0.000,0.0000
108.110,-78.993,32.134,0.313,4.701,17.237,20.093,0.820,0.000,0.0000
108.120,-78.945,32.144,0.313,4.740,17.285,20.133,0.760,0.000,0.0000
108.130,-78.898,32.154,0.313,4.778,17.332,20.173,0.700,0.000,0.0000
108.140,-78.849,32.163,0.313,4.817,17.381,20.214,0.640,0.000,0.0000
108.150,-78.801,32.173,0.313,4.855,17.429,20.255,0.580,0.000,0.0000
108.160,-78.752,32.184,0.313,4.891,17.478,20.297,0.520,0.000,0.0000
108.170,-78.703,32.194,0.312,4.928,17.527,20.339,0.460,0.000,0.0000
108.180,-78.653,32.204,0.312,4.957,17.577,20.381,0.400,0.000,0.0000
108.190,-78.603,32.214,0.312,4.964,17.627,20.424,0.340,0.000,0.0000
108.200,-78.554,32.224,0.312,4.955,17.676,20.466,0.280,0.000,0.0000
108.210,-78.505,32.234,0.312,4.933,17.725,20.508,0.220,0.000,0.0000
108.220,-78.456,32.245,0.313,4.904,17.775,20.550,0.160,0.000,-0.0080
108.230,-78.407,32.255,0.313,4.868,17.823,20.591,0.100,0.000,-0.0160
108.240,-78.359,32.264,0.314,4.827,17.871,20.632,0.040,0.000,-0.0240
108.250,-78.311,32.274,0.314,4.784,17.919,20.672,0.000,0.000,-0.0320
108.260,-78.263,32.284,0.315,4.740,17.967,20.713,0.000,0.000,-0.0400
108.270,-78.216,32.294,0.316,4.696,18.014,20.752,0.000,0.000,-0.0480
108.280,-78.170,32.303,0.317,4.651,18.060,20.792,0.000,0.000,-0.0560
108.290,-78.124,32.313,0.318,4.606,18.106,20.831,0.000,0.000,-0.0640
108.300,-78.078,32.322,0.319,4.571,18.152,20.870,0.000,0.000,-0.0720
108.310,-78.033,32.331,0.320,4.533,18.197,20.908,0.000,0.000,-0.0800
108.320,-77.988,32.340,0.321,4.500,18.242,20.946,0.000,0.000,-0.0880
108.330,-77.943,32.350,0.322,4.466,18.287,20.984,0.000,0.000,-0.0960
108.340,-77.899,32.359,0.323,4.430,18.331,21.022,0.000,0.000,-0.1040
108.350,-77.855,32.368,0.323,4.392,18.375,21.059,0.000,0.000,-0.1120
108.360,-77.811,32.377,0.324,4.352,18.419,21.096,0.000,0.000,-0.1200
108.370,-77.768,32.386,0.325,4.311,18.462,21.133,0.000,0.000,-0.1280
108.380,-77.726,32.394,0.326,4.269,18.504,21.170,0.000,0.000,-0.1360
108.390,-77.683,32.403,0.326,4.225,18.547,21.206,0.000,0.000,-0.1440
108.400,-77.642,32.412,0.327,4.181,18.588,21.242,0.000,0.000,-0.1520
108.410,-77.600,32.420,0.327,4.163,18.630,21.277,0.000,0.000,-0.1600
108.420,-77.559,32.429,0.327,4.136,18.671,21.313,0.000,0.000,-0.1680
108.430,-77.518,32.437,0.328,4.111,18.713,21.349,0.000,0.000,-0.1760
108.440,-77.477,32.446,0.328,4.081,18.753,21.384,0.000,0.000,-0.1840
108.450,-77.436,32.454,0.328,4.047,18.794,21.419,0.000,0.000,-0.1920
108.460,-77.396,32.463,0.328,4.010,18.834,21.454,0.000,0.000,-0.2000
108.470,-77.356,32.471,0.327,3.970,18.874,21.488,0.000,0.000,-0.2080
108.480,-77.317,32.479,0.327,3.929,18.913,21.522,0.000,0.000,-0.2160
108.490,-77.278,32.488,0.327,3.887,18.952,21.556,0.000,0.000,-0.2240
108.500,-77.240,32.496,0.327,3.845,18.990,21.590,0.000,0.000,-0.2320
108.510,-77.202,32.505,0.327,3.801,19.028,21.623,0.000,0.000,-0.2400
108.520,-77.164,32.513,0.326,3.758,19.066,21.656,0.000,0.000,-0.2480
108.530,-77.127,32.522,0.326,3.714,19.103,21.688,0.000,0.000,-0.2560
108.540,-77.090,32.530,0.326,3.670,19.140,21.720,0.000,0.000,-0.2640
108.550,-77.054,32.538,0.326,3.613,19.176,21.752,0.000,0.000,-0.2720
108.560,-77.019,32.547,0.326,3.556,19.211,21.783,0.000,0.000,-0.2800
108.570,-76.984,32.555,0.325,3.503,19.246,21.813,0.000,0.000,-0.2880
108.580,-76.949,32.563,0.325,3.453,19.281,21.844,0.000,0.000,-0.2960
108.590,-76.915,32.572,0.325,3.403,19.315,21.873,0.000,0.000,-0.3040
108.600,-76.882,32.580,0.325,3.349,19.348,21.903,0.000,0.000,-0.3120
108.610,-76.849,32.588,0.325,3.294,19.381,21.931,0.000,0.000,-0.3200
108.620,-76.816,32.596,0.325,3.237,19.414,21.960,0.000,0.000,-0.3280
108.630,-76.785,32.605,0.325,3.179,19.446,21.987,0.000,0.000,-0.3360
108.640,-76.753,32.613,0.325,3.121,19.477,22.015,0.000,0.000,-0.3440
108.650,-76.723,32.621,0.325,3.063,19.507,22.041,0.000,0.000,-0.3520
108.660,-76.693,32.628,0.325,3.008,19.537,22.068,0.000,0.000,-0.3600
108.670,-76.663,32.636,0.325,2.956,19.567,22.093,0.000,0.000,-0.3680
108.680,-76.634,32.644,0.325,2.906,19.596,22.119,0.000,0.000,-0.3760
108.690,-76.605,32.652,0.326,2.859,19.625,22.144,0.000,0.000,-0.3840
108.700,-76.577,32.660,0.326,2.813,19.653,22.168,0.000,0.000,-0.3920
108.710,-76.550,32.668,0.326,2.767,19.680,22.193,0.000,0.000,-0.4000
108.720,-76.522,32.675,0.326,2.721,19.708,22.217,0.000,0.000,-0.4080
108.730,-76.496,32.683,0.326,2.676,19.734,22.240,0.000,0.000,-0.4160
108.740,-76.470,32.690,0.326,2.587,19.760,22.263,0.000,0.000,-0.4240
108.750,-76.445,32.698,0.326,2.507,19.785,22.285,0.000,0.000,-0.4320
108.760,-76.420,32.705,0.326,2.436,19.810,22.306,0.000,0.000,-0.4400
108.770,-76.397,32.713,0.326,2.375,19.833,22.327,0.000,0.000,-0.4480
108.780,-76.373,32.720,0.327,2.322,19.857,22.347,0.000,0.000,-0.4560
108.790,-76.351,32.727,0.327,2.273,19.879,22.367,0.000,0.000,-0.4640
108.800,-76.328,32.734,0.327,2.231,19.902,22.386,0.000,0.000,-0.4720
108.810,-76.306,32.741,0.327,2.191,19.924,22.406,0.000,0.000,-0.4800
108.820,-76.285,32.748,0.327,2.150,19.945,22.425,0.000,0.000,-0.4880
108.830,-76.264,32.755,0.327,2.108,19.966,22.443,0.000,0.000,-0.4960
108.840,-76.243,32.762,0.327,2.066,19.987,22.461,0.000,0.000,-0.5000
108.850,-76.223,32.768,0.326,2.024,20.007,22.479,0.000,0.000,-0.5000
108.860,-76.203,32.775,0.326,1.984,20.027,22.497,0.000,0.000,-0.5000
108.870,-76.184,32.781,0.326,1.946,20.046,22.514,0.000,0.000,-0.5000
108.880,-76.165,32.788,0.326,1.909,20.065,22.531,0.000,0.000,-0.5000
108.890,-76.146,32.794,0.325,1.873,20.084,22.548,0.000,0.000,-0.5000
108.900,-76.127,32.801,0.325,1.838,20.103,22.564,0.000,0.000,-0.5000
108.910,-76.109,32.807,0.325,1.803,20.121,22.580,0.000,0.000,-0.5000
108.920,-76.092,32.813,0.324,1.768,20.138,22.596,0.040,0.000,-0.5000
108.930,-76.074,32.819,0.324,1.734,20.156,22.611,0.080,0.000,-0.5000
108.940,-76.057,32.826,0.324,1.699,20.173,22.626,0.120,0.000,-0.5000
108.950,-76.041,32.832,0.323,1.665,20.189,22.641,0.160,0.000,-0.5000
108.960,-76.024,32.838,0.323,1.641,20.206,22.656,0.200,0.000,-0.5000
108.970,-76.008,32.843,0.322,1.627,20.222,22.670,0.240,0.000,-0.5000
108.980,-75.992,32.849,0.322,1.628,20.238,22.685,0.280,0.000,-0.5000
108.990,-75.975,32.856,0.321,1.660,20.255,22.700,0.320,0.000,-0.5000
109.000,-75.958,32.862,0.321,1.702,20.272,22.715,0.360,0.000,-0.5000
109.010,-75.941,32.869,0.320,1.745,20.289,22.731,0.400,0.000,-0.5000
109.020,-75.923,32.876,0.319,1.788,20.307,22.747,0.440,0.000,-0.5000
109.030,-75.905,32.883,0.318,1.826,20.325,22.764,0.480,0.000,-0.5000
109.040,-75.886,32.890,0.317,1.859,20.344,22.781,0.520,0.000,-0.5000
109.050,-75.867,32.897,0.315,1.885,20.363,22.798,0.560,0.000,-0.5000
109.060,-75.848,32.905,0.314,1.905,20.382,22.815,0.600,0.000,-0.5000
109.070,-75.829,32.912,0.313,1.926,20.401,22.833,0.640,0.000,-0.5000
109.080,-75.810,32.920,0.313,1.950,20.420,22.850,0.680,0.000,-0.5000
109.090,-75.790,32.928,0.312,1.975,20.440,22.868,0.720,0.000,-0.5000
109.100,-75.770,32.936,0.311,2.002,20.460,22.886,0.760,0.000,-0.4700
109.110,-75.750,32.945,0.310,2.031,20.480,22.904,0.800,0.000,-0.4400
109.120,-75.729,32.953,0.310,2.060,20.501,22.923,0.840,0.000,-0.4100
109.130,-75.708,32.962,0.309,2.091,20.522,22.942,0.880,0.000,-0.3800
109.140,-75.687,32.971,0.308,2.124,20.543,22.961,0.920,0.000,-0.3500
109.150,-75.665,32.980,0.308,2.159,20.565,22.980,0.960,0.000,-0.3200
109.160,-75.643,32.989,0.308,2.198,20.587,23.000,1.000,0.000,-0.2900
109.170,-75.621,32.999,0.307,2.240,20.609,23.020,1.000,0.000,-0.2600
109.180,-75.598,33.009,0.307,2.284,20.632,23.040,1.000,0.000,-0.2300
109.190,-75.575,33.019,0.307,2.330,20.655,23.061,1.000,0.000,-0.2000
109.200,-75.551,33.030,0.307,2.379,20.679,23.082,1.000,0.000,-0.1700
109.210,-75.527,33.041,0.306,2.376,20.703,23.103,1.000,0.000,-0.1400
109.220,-75.503,33.052,0.307,2.380,20.727,23.124,1.000,0.000,-0.1100
109.230,-75.479,33.063,0.307,2.394,20.751,23.145,1.000,0.000,-0.0800
109.240,-75.455,33.074,0.307,2.420,20.775,23.166,1.000,0.000,-0.0500
109.250,-75.431,33.085,0.307,2.454,20.799,23.188,1.000,0.000,-0.0200
109.260,-75.406,33.097,0.308,2.494,20.824,23.210,1.000,0.000,0.0000
109.270,-75.380,33.109,0.308,2.541,20.850,23.232,1.000,0.000,0.0000
109.280,-75.354,33.122,0.308,2.597,20.876,23.255,1.000,0.000,0.0000
109.290,-75.328,33.134,0.308,2.659,20.902,23.279,1.000,0.000,0.0000
109.300,-75.301,33.147,0.308,2.724,20.929,23.303,1.000,0.000,0.0000
109.310,-75.273,33.161,0.308,2.788,20.957,23.328,0.940,0.000,0.0000
109.320,-75.244,33.175,0.308,2.850,20.986,23.353,0.880,0.000,0.0000
109.330,-75.215,33.189,0.308,2.908,21.015,23.379,0.820,0.000,0.0000
109.340,-75.186,33.203,0.308,2.964,21.045,23.405,0.760,0.000,0.0000
109.350,-75.155,33.218,0.308,3.017,21.075,23.432,0.700,0.000,0.0000
109.360,-75.125,33.233,0.308,3.067,21.105,23.460,0.640,0.000,0.0000
109.370,-75.094,33.248,0.308,3.115,21.137,23.487,0.580,0.000,0.0000
109.380,-75.062,33.263,0.308,3.161,21.168,23.516,0.520,0.000,0.0000
109.390,-75.030,33.279,0.308,3.206,21.200,23.544,0.460,0.000,0.0000
109.400,-74.997,33.295,0.308,3.249,21.233,23.573,0.400,0.000,0.0000
109.410,-74.964,33.311,0.308,3.291,21.266,23.602,0.340,0.000,0.0000
109.420,-74.931,33.328,0.308,3.327,21.299,23.632,0.280,0.000,0.0000
109.430,-74.898,33.344,0.308,3.343,21.332,23.662,0.220,0.000,0.0000
109.440,-74.864,33.360,0.308,3.339,21.366,23.691,0.160,0.000,0.0000
109.450,-74.831,33.377,0.309,3.331,21.399,23.721,0.100,0.000,0.0000
109.460,-74.798,33.393,0.309,3.312,21.432,23.750,0.040,0.000,0.0000
109.470,-74.765,33.409,0.310,3.286,21.465,23.779,0.000,0.000,0.0000
109.480,-74.733,33.426,0.311,3.256,21.497,23.808,0.000,0.000,0.0000
109.490,-74.700,33.442,0.312,3.224,21.530,23.836,0.000,0.000,0.0000
109.500,-74.668,33.457,0.313,3.190,21.562,23.864,0.000,0.000,0.0000
109.510,-74.637,33.473,0.314,3.155,21.593,23.892,0.000,0.000,0.0000
109.520,-74.606,33.488,0.315,3.120,21.624,23.920,0.000,0.000,0.0000
109.530,-74.575,33.504,0.316,3.086,21.655,23.947,0.000,0.000,0.0000
109.540,-74.544,33.519,0.317,3.052,21.686,23.973,0.000,0.000,0.0000
109.550,-74.514,33.534,0.319,3.018,21.716,24.000,0.000,0.000,0.0000
109.560,-74.484,33.549,0.320,2.982,21.746,24.026,0.000,0.000,0.0000
109.570,-74.455,33.563,0.321,2.947,21.775,24.052,0.000,0.000,0.0000
109.580,-74.426,33.578,0.322,2.910,21.804,24.077,0.000,0.000,0.0000
109.590,-74.397,33.592,0.323,2.874,21.833,24.102,0.000,0.000,0.0000
109.600,-74.369,33.606,0.324,2.836,21.861,24.127,0.000,0.000,0.0080
109.610,-74.341,33.620,0.325,2.802,21.889,24.152,0.000,0.000,0.0160
109.620,-74.313,33.634,0.326,2.769,21.917,24.177,0.000,0.000,0.0240
109.630,-74.286,33.648,0.327,2.736,21.944,24.201,0.000,0.000,0.0320
109.640,-74.259,33.661,0.327,2.705,21.971,24.225,0.000,0.000,0.0400
109.650,-74.232,33.675,0.328,2.673,21.998,24.249,0.000,0.000,0.0480
109.660,-74.206,33.688,0.328,2.641,22.024,24.272,0.000,0.000,0.0560
109.670,-74.180,33.701,0.329,2.609,22.050,24.295,0.000,0.000,0.0640
109.680,-74.154,33.714,0.329,2.576,22.076,24.318,0.000,0.000,0.0720
109.690,-74.128,33.726,0.329,2.543,22.102,24.341,0.000,0.000,0.0800
109.700,-74.103,33.739,0.329,2.510,22.127,24.364,0.000,0.000,0.0880
109.710,-74.079,33.751,0.329,2.476,22.152,24.386,0.000,0.000,0.0960
109.720,-74.054,33.763,0.329,2.442,22.176,24.408,0.000,0.000,0.1040
109.730,-74.030,33.775,0.328,2.408,22.200,24.430,0.000,0.000,0.1120
109.740,-74.006,33.787,0.328,2.374,22.224,24.451,0.000,0.000,0.1200
109.750,-73.983,33.798,0.328,2.340,22.247,24.473,0.000,0.000,0.1280
109.760,-73.960,33.810,0.328,2.306,22.270,24.493,0.000,0.000,0.1360
109.770,-73.937,33.821,0.327,2.271,22.293,24.514,0.000,0.000,0.1440
109.780,-73.915,33.832,0.327,2.237,22.315,24.534,0.000,0.000,0.1520
109.790,-73.893,33.842,0.326,2.202,22.337,24.554,0.000,0.000,0.1600
109.800,-73.871,33.853,0.326,2.149,22.359,24.574,0.000,0.000,0.1680
109.810,-73.850,33.862,0.326,2.095,22.380,24.593,0.000,0.000,0.1760
109.820,-73.830,33.872,0.325,2.044,22.400,24.611,0.000,0.000,0.1840
109.830,-73.810,33.881,0.325,1.998,22.420,24.629,0.000,0.000,0.1920
109.840,-73.790,33.891,0.325,1.956,22.440,24.647,0.000,0.000,0.2000
109.850,-73.771,33.900,0.325,1.918,22.459,24.665,0.000,0.000,0.1700
109.860,-73.752,33.908,0.325,1.878,22.478,24.682,0.000,0.000,0.1400
109.870,-73.734,33.917,0.325,1.838,22.496,24.698,0.000,0.000,0.1100
109.880,-73.716,33.925,0.324,1.799,22.514,24.714,0.000,0.000,0.0800
109.890,-73.698,33.934,0.324,1.761,22.532,24.730,0.000,0.000,0.0500
109.900,-73.681,33.942,0.324,1.724,22.549,24.746,0.000,0.000,0.0200
109.910,-73.664,33.950,0.324,1.688,22.566,24.761,0.000,0.000,0.0000
109.920,-73.648,33.958,0.324,1.653,22.582,24.776,0.000,0.000,0.0000
109.930,-73.631,33.966,0.324,1.620,22.599,24.791,0.000,0.000,0.0000
109.940,-73.616,33.973,0.323,1.587,22.614,24.805,0.000,0.000,0.0000
109.950,-73.600,33.981,0.323,1.554,22.630,24.819,0.000,0.000,0.0000
109.960,-73.585,33.988,0.323,1.520,22.645,24.833,0.000,0.000,0.0000
109.970,-73.570,33.995,0.323,1.486,22.660,24.847,0.000,0.000,0.0000
109.980,-73.556,34.002,0.323,1.450,22.674,24.860,0.000,0.000,0.0000
109.990,-73.541,34.008,0.323,1.415,22.689,24.873,0.000,0.000,0.0000
110.000,-73.528,34.015,0.323,1.383,22.702,24.885,0.000,0.000,0.0000
110.010,-73.514,34.021,0.323,1.349,22.716,24.897,0.000,0.000,0.0000
110.020,-73.501,34.027,0.323,1.314,22.729,24.909,0.000,0.000,0.0000
110.030,-73.488,34.033,0.323,1.278,22.742,24.921,0.000,0.000,0.0000
110.040,-73.476,34.039,0.323,1.241,22.754,24.932,0.000,0.000,0.0000
110.050,-73.464,34.045,0.323,1.204,22.766,24.943,0.000,0.000,0.0000
110.060,-73.452,34.050,0.323,1.166,22.778,24.953,0.000,0.000,0.0000
110.070,-73.441,34.056,0.323,1.129,22.789,24.963,0.000,0.000,0.0000
110.080,-73.430,34.061,0.323,1.092,22.800,24.973,0.000,0.000,0.0000
110.090,-73.419,34.066,0.323,1.055,22.811,24.983,0.000,0.000,0.0000
110.100,-73.409,34.071,0.323,1.018,22.821,24.992,0.000,0.000,0.0000
110.110,-73.399,34.075,0.323,0.981,22.831,25.001,0.000,0.000,0.0000
110.120,-73.390,34.080,0.323,0.945,22.840,25.009,0.000,0.000,0.0000
110.130,-73.381,34.084,0.324,0.908,22.849,25.017,0.000,0.000,0.0000
110.140,-73.372,34.088,0.324,0.872,22.858,25.025,0.000,0.000,0.0000
110.150,-73.364,34.092,0.324,0.835,22.866,25.033,0.000,0.000,0.0000
110.160,-73.356,34.096,0.324,0.799,22.874,25.040,0.000,0.000,0.0000
110.170,-73.348,34.100,0.324,0.763,22.882,25.047,0.000,0.000,0.0000
110.180,-73.341,34.103,0.324,0.727,22.889,25.053,0.000,0.000,0.0000
110.190,-73.334,34.106,0.324,0.690,22.896,25.060,0.000,0.000,0.0000
110.200,-73.327,34.109,0.324,0.654,22.903,25.066,0.000,0.000,0.0000
110.210,-73.321,34.112,0.324,0.618,22.909,25.071,0.000,0.000,0.0000
110.220,-73.315,34.115,0.324,0.582,22.915,25.076,0.000,0.000,0.0000
110.230,-73.310,34.118,0.324,0.545,22.920,25.081,0.000,0.000,0.0000
110.240,-73.305,34.120,0.324,0.509,22.925,25.086,0.000,0.000,0.0000
110.250,-73.300,34.122,0.324,0.473,22.930,25.090,0.000,0.000,0.0000
110.260,-73.296,34.124,0.324,0.437,22.934,25.094,0.000,0.000,0.0000
110.270,-73.292,34.126,0.324,0.401,22.938,25.098,0.000,0.000,0.0000
110.280,-73.288,34.128,0.324,0.365,22.942,25.101,0.000,0.000,0.0000
110.290,-73.285,34.129,0.324,0.328,22.945,25.104,0.000,0.000,0.0000
110.300,-73.282,34.131,0.324,0.292,22.948,25.107,0.000,0.000,0.0000
110.310,-73.279,34.132,0.324,0.256,22.951,25.109,0.000,0.000,0.0000
110.320,-73.277,34.133,0.324,0.220,22.953,25.111,0.000,0.000,0.0000
110.330,-73.275,34.134,0.324,0.184,22.955,25.113,0.000,0.000,0.0000
110.340,-73.274,34.135,0.324,0.147,22.956,25.114,0.000,0.000,0.0000
110.350,-73.273,34.135,0.324,0.111,22.957,25.115,0.000,0.000,0.0000
110.360,-73.272,34.136,0.324,0.075,22.958,25.116,0.000,0.000,0.0000
110.370,-73.272,34.136,0.324,0.039,22.958,25.116,0.000,0.000,0.0000
110.380,-73.271,34.136,0.324,0.014,22.959,25.116,0.000,0.000,0.0000
110.390,-73.271,34.136,0.324,0.012,22.959,25.116,0.000,0.000,0.0000
110.400,-73.272,34.136,0.324,0.022,22.958,25.116,0.000,0.000,0.0000
110.410,-73.272,34.136,0.323,0.031,22.958,25.116,0.000,0.000,0.0000
110.420,-73.272,34.136,0.323,0.038,22.958,25.116,0.000,0.000,0.0000
110.430,-73.272,34.136,0.323,0.044,22.958,25.116,0.000,0.000,0.0000
110.440,-73.272,34.136,0.322,0.049,22.958,25.116,0.000,0.000,0.0000
110.450,-73.272,34.136,0.322,0.054,22.958,25.116,0.000,0.000,0.0000
110.460,-73.272,34.135,0.321,0.057,22.958,25.117,0.000,0.000,0.0000
110.470,-73.273,34.135,0.320,0.059,22.958,25.117,0.000,0.000,0.0000
110.480,-73.273,34.135,0.320,0.060,22.957,25.117,0.000,0.000,0.0000
110.490,-73.273,34.135,0.319,0.060,22.957,25.117,0.000,0.000,0.0000
110.500,-73.273,34.135,0.319,0.059,22.957,25.117,0.000,0.000,0.0000
110.510,-73.273,34.135,0.318,0.058,22.957,25.117,0.000,0.000,0.0000
110.520,-73.273,34.135,0.318,0.056,22.957,25.117,0.000,0.000,0.0000
110.530,-73.273,34.135,0.317,0.053,22.957,25.117,0.000,0.000,0.0000
110.540,-73.273,34.135,0.317,0.049,22.957,25.118,0.000,0.000,0.0000
110.550,-73.273,34.135,0.316,0.045,22.957,25.118,0.000,0.000,0.0000
110.560,-73.274,34.135,0.316,0.041,22.957,25.118,0.000,0.000,0.0000
110.570,-73.274,34.135,0.315,0.036,22.956,25.118,0.000,0.000,0.0000
110.580,-73.274,34.135,0.315,0.032,22.956,25.118,0.000,0.000,0.0000
110.590,-73.274,34.135,0.315,0.027,22.956,25.118,0.000,0.000,0.0000
110.600,-73.274,34.135,0.315,0.022,22.956,25.118,0.000,0.000,0.0000
110.610,-73.274,34.135,0.314,0.017,22.956,25.118,0.000,0.000,0.0000
110.620,-73.274,34.135,0.314,0.012,22.956,25.118,0.000,0.000,0.0000
110.630,-73.274,34.135,0.314,0.007,22.956,25.118,0.000,0.000,0.0000
110.640,-73.274,34.135,0.314,0.003,22.956,25.118,0.000,0.000,0.0000
110.650,-73.274,34.135,0.314,0.001,22.956,25.118,0.000,0.000,0.0000
110.660,-73.274,34.135,0.314,0.005,22.956,25.118,0.000,0.000,0.0000
110.670,-73.274,34.135,0.314,0.008,22.956,25.118,0.000,0.000,0.0000
110.680,-73.274,34.135,0.315,0.011,22.956,25.118,0.000,0.000,0.0000
110.690,-73.274,34.135,0.315,0.014,22.956,25.118,0.000,0.000,0.0000
110.700,-73.274,34.135,0.315,0.017,22.956,25.118,0.000,0.000,0.0000
110.710,-73.274,34.135,0.315,0.018,22.956,25.118,0.000,0.000,0.0000
110.720,-73.274,34.135,0.315,0.020,22.956,25.118,0.000,0.000,0.0000
110.730,-73.274,34.135,0.315,0.021,22.956,25.118,0.000,0.000,0.0000
110.740,-73.274,34.135,0.316,0.022,22.956,25.118,0.000,0.000,0.0000
110.750,-73.273,34.135,0.316,0.022,22.957,25.118,0.000,0.000,0.0000
110.760,-73.273,34.135,0.316,0.022,22.957,25.118,0.000,0.000,0.0000
110.770,-73.273,34.135,0.316,0.022,22.957,25.118,0.000,0.000,0.0000
110.780,-73.273,34.135,0.316,0.021,22.957,25.118,0.000,0.000,0.0000
110.790,-73.273,34.135,0.317,0.020,22.957,25.118,0.000,0.000,0.0000
110.800,-73.273,34.135,0.317,0.019,22.957,25.118,0.000,0.000,0.0000
110.810,-73.273,34.135,0.317,0.018,22.957,25.117,0.000,0.000,0.0000
110.820,-73.273,34.135,0.317,0.016,22.957,25.117,0.000,0.000,0.0000
110.830,-73.273,34.135,0.317,0.015,22.957,25.117,0.000,0.000,0.0000
110.840,-73.273,34.135,0.317,0.013,22.957,25.117,0.000,0.000,0.0000
110.850,-73.273,34.135,0.318,0.011,22.957,25.117,0.000,0.000,0.0000
110.860,-73.273,34.135,0.318,0.009,22.957,25.117,0.000,0.000,0.0000
110.870,-73.273,34.135,0.318,0.008,22.957,25.117,0.000,0.000,0.0000
110.880,-73.273,34.135,0.318,0.006,22.957,25.117,0.000,0.000,0.0000
110.890,-73.273,34.135,0.318,0.004,22.957,25.117,0.000,0.000,0.0000
110.900,-73.273,34.135,0.318,0.002,22.957,25.117,0.000,0.000,0.0000
110.910,-73.273,34.135,0.318,0.001,22.957,25.117,0.000,0.000,0.0000
110.920,-73.273,34.135,0.318,0.001,22.957,25.117,0.000,0.000,0.0000
110.930,-73.273,34.135,0.318,0.002,22.957,25.117,0.000,0.000,0.0000
110.940,-73.273,34.135,0.318,0.003,22.957,25.117,0.000,0.000,0.0000
110.950,-73.273,34.135,0.318,0.005,22.957,25.117,0.000,0.000,0.0000
110.960,-73.273,34.135,0.318,0.006,22.957,25.117,0.000,0.000,0.0000
110.970,-73.273,34.135,0.318,0.006,22.957,25.117,0.000,0.000,0.0000
110.980,-73.273,34.135,0.318,0.007,22.957,25.117,0.000,0.000,0.0000
110.990,-73.273,34.135,0.317,0.007,22.957,25.117,0.000,0.000,0.0000
111.000,-73.273,34.135,0.317,0.008,22.957,25.117,0.000,0.000,0.0000
111.010,-73.273,34.135,0.317,0.008,22.957,25.117,0.000,0.000,0.0000
111.020,-73.273,34.135,0.317,0.008,22.957,25.117,0.000,0.000,0.0000
111.030,-73.273,34.135,0.317,0.008,22.957,25.117,0.000,0.000,0.0000
111.040,-73.273,34.135,0.317,0.008,22.957,25.117,0.000,0.000,0.0000
111.050,-73.273,34.135,0.317,0.008,22.957,25.117,0.000,0.000,0.0000
111.060,-73.273,34.135,0.317,0.007,22.957,25.117,0.000,0.000,0.0000
111.070,-73.273,34.135,0.317,0.007,22.957,25.117,0.000,0.000,0.0000
111.080,-73.273,34.135,0.317,0.006,22.957,25.118,0.000,0.000,0.0000
111.090,-73.273,34.135,0.317,0.006,22.957,25.118,0.000,0.000,0.0000
111.100,-73.273,34.135,0.317,0.005,22.957,25.118,0.000,0.000,0.0000
111.110,-73.273,34.135,0.317,0.004,22.957,25.118,0.000,0.000,0.0000
111.120,-73.273,34.135,0.317,0.004,22.957,25.118,0.000,0.000,0.0000
111.130,-73.273,34.135,0.317,0.003,22.957,25.118,0.000,0.000,0.0000
111.140,-73.273,34.135,0.317,0.002,22.957,25.118,0.000,0.000,0.0000
111.150,-73.273,34.135,0.317,0.002,22.957,25.118,0.000,0.000,0.0000
111.160,-73.273,34.135,0.317,0.001,22.957,25.118,0.000,0.000,0.0000
111.170,-73.273,34.135,0.317,0.001,22.957,25.118,0.000,0.000,0.0000
111.180,-73.273,34.135,0.317,0.000,22.957,25.118,0.000,0.000,0.0000
111.190,-73.273,34.135,0.317,0.001,22.957,25.118,0.000,0.000,0.0000
111.200,-73.273,34.135,0.317,0.001,22.957,25.118,0.000,0.000,0.0000
111.210,-73.273,34.135,0.317,0.001,22.957,25.118,0.000,0.000,0.0000
111.220,-73.273,34.135,0.317,0.002,22.957,25.118,0.000,0.000,0.0000
111.230,-73.273,34.135,0.317,0.002,22.957,25.118,0.000,0.000,0.0000
111.240,-73.273,34.135,0.317,0.002,22.957,25.118,0.000,0.000,0.0000
111.250,-73.273,34.135,0.317,0.003,22.957,25.118,0.000,0.000,0.0000
111.260,-73.273,34.135,0.317,0.003,22.957,25.118,0.000,0.000,0.0000
111.270,-73.273,34.135,0.317,0.003,22.957,25.118,0.000,0.000,0.0000
111.280,-73.273,34.135,0.317,0.003,22.957,25.118,0.000,0.000,0.0000
111.290,-73.273,34.135,0.317,0.003,22.957,25.118,0.000,0.000,0.0000
111.300,-73.273,34.135,0.317,0.003,22.957,25.118,0.000,0.000,0.0000
111.310,-73.273,34.135,0.317,0.003,22.957,25.118,0.000,0.000,0.0000
111.320,-73.273,34.135,0.317,0.003,22.957,25.118,0.000,0.000,0.0000
111.330,-73.273,34.135,0.317,0.003,22.957,25.118,0.000,0.000,0.0000
111.340,-73.273,34.135,0.317,0.002,22.957,25.117,0.000,0.000,0.0000
111.350,-73.273,34.135,0.317,0.002,22.957,25.117,0.000,0.000,0.0000
111.360,-73.273,34.135,0.317,0.002,22.957,25.117,0.000,0.000,0.0000
111.370,-73.273,34.135,0.317,0.002,22.957,25.117,0.000,0.000,0.0000
111.380,-73.273,34.135,0.317,0.002,22.957,25.117,0.000,0.000,0.0000
111.390,-73.273,34.135,0.317,0.001,22.957,25.117,0.000,0.000,0.0000
111.400,-73.273,34.135,0.317,0.001,22.957,25.117,0.000,0.000,0.0000
111.410,-73.273,34.135,0.317,0.001,22.957,25.117,0.000,0.000,0.0000
111.420,-73.273,34.135,0.317,0.001,22.957,25.117,0.000,0.000,0.0000
111.430,-73.273,34.135,0.317,0.000,22.957,25.117,0.000,0.000,0.0000
111.440,-73.273,34.135,0.317,0.000,22.957,25.117,0.000,0.000,0.0000
111.450,-73.273,34.135,0.317,0.000,22.957,25.117,0.000,0.000,0.0000
111.460,-73.273,34.135,0.317,0.000,22.957,25.117,0.000,0.000,0.0000
111.470,-73.273,34.135,0.317,0.000,22.957,25.117,0.000,0.000,0.0000
111.480,-73.273,34.135,0.317,0.001,22.957,25.117,0.000,0.000,0.0000
111.490,-73.273,34.135,0.317,0.001,22.957,25.117,0.000,0.000,0.0000
111.500,-73.273,34.135,0.317,0.001,22.957,25.117,0.000,0.000,0.0000
111.510,-73.273,34.135,0.317,0.001,22.957,25.117,0.000,0.000,0.0000
111.520,-73.273,34.135,0.317,0.001,22.957,25.117,0.000,0.000,0.0000
111.530,-73.273,34.135,0.317,0.001,22.957,25.117,0.000,0.000,0.0000
111.540,-73.273,34.135,0.317,0.001,22.957,25.117,0.000,0.000,0.0000
111.550,-73.273,34.135,0.317,0.001,22.957,25.117,0.000,0.000,0.0000
111.560,-73.273,34.135,0.317,0.001,22.957,25.117,0.000,0.000,0.0000
111.570,-73.273,34.135,0.317,0.001,22.957,25.117,0.000,0.000,0.0000
111.580,-73.273,34.135,0.317,0.001,22.957,25.117,0.000,0.000,0.0000
111.590,-73.273,34.135,0.317,0.001,22.957,25.118,0.000,0.000,0.0000
111.600,-73.273,34.135,0.317,0.001,22.957,25.118,0.000,0.000,0.0000
111.610,-73.273,34.135,0.317,0.001,22.957,25.118,0.000,0.000,0.0000
111.620,-73.273,34.135,0.317,0.001,22.957,25.118,0.000,0.000,0.0000
111.630,-73.273,34.135,0.317,0.001,22.957,25.118,0.000,0.000,0.0000
111.640,-73.273,34.135,0.317,0.001,22.957,25.118,0.000,0.000,0.0000
111.650,-73.273,34.135,0.317,0.000,22.957,25.118,0.000,0.000,0.0000
111.660,-73.273,34.135,0.317,0.000,22.957,25.118,0.000,0.000,0.0000
111.670,-73.273,34.135,0.317,0.000,22.957,25.118,0.000,0.000,0.0000
111.680,-73.273,34.135,0.317,0.000,22.957,25.118,0.000,0.000,0.0000
111.690,-73.273,34.135,0.317,0.000,22.957,25.118,0.000,0.000,0.0000
111.700,-73.273,34.135,0.317,0.000,22.957,25.118,0.000,0.000,0.0000
111.710,-73.273,34.135,0.317,0.000,22.957,25.118,0.000,0.000,0.0000
111.720,-73.273,34.135,0.317,0.000,22.957,25.118,0.000,0.000,0.0000
111.730,-73.273,34.135,0.317,0.000,22.957,25.118,0.000,0.000,0.0000
111.740,-73.273,34.135,0.317,0.000,22.957,25.118,0.000,0.000,0.0000
111.750,-73.273,34.135,0.317,0.000,22.957,25.118,0.000,0.000,0.0000
111.760,-73.273,34.135,0.317,0.000,22.957,25.118,0.000,0.000,0.0000
111.770,-73.273,34.135,0.317,0.000,22.957,25.118,0.000,0.000,0.0000
111.780,-73.273,34.135,0.317,0.000,22.957,25.118,0.000,0.000,0.0000
111.790,-73.273,34.135,0.317,0.000,22.957,25.118,0.000,0.000,0.0000
111.800,-73.273,34.135,0.317,0.000,22.957,25.118,0.000,0.000,0.0000
111.810,-73.273,34.135,0.317,0.000,22.957,25.118,0.000,0.000,0.0000
111.820,-73.273,34.135,0.317,0.000,22.957,25.118,0.000,0.000,0.0000
111.830,-73.273,34.135,0.317,0.000,22.957,25.118,0.000,0.000,0.0000
111.840,-73.273,34.135,0.317,0.000,22.957,25.118,0.000,0.000,0.0000
111.850,-73.273,34.135,0.317,0.000,22.957,25.118,0.000,0.000,0.0000
111.860,-73.273,34.135,0.317,0.000,22.957,25.118,0.000,0.000,0.0000
111.870,-73.273,34.135,0.317,0.000,22.957,25.118,0.000,0.000,0.0000
111.880,-73.273,34.135,0.317,0.000,22.957,25.118,0.000,0.000,0.0000
111.890,-73.273,34.135,0.317,0.000,22.957,25.118,0.000,0.000,0.0000
111.900,-73.273,34.135,0.317,0.000,22.957,25.118,0.000,0.000,0.0000
111.910,-73.273,34.135,0.317,0.000,22.957,25.118,0.000,0.000,0.0000
111.920,-73.273,34.135,0.317,0.000,22.957,25.118,0.000,0.000,0.0000
111.930,-73.273,34.135,0.317,0.000,22.957,25.118,0.000,0.000,0.0000
111.940,-73.273,34.135,0.317,0.000,22.957,25.118,0.000,0.000,0.0000
111.950,-73.273,34.135,0.317,0.000,22.957,25.118,0.000,0.000,0.0000
111.960,-73.273,34.135,0.317,0.000,22.957,25.118,0.000,0.000,0.0000
111.970,-73.273,34.135,0.317,0.000,22.957,25.118,0.000,0.000,0.0000
111.980,-73.273,34.135,0.317,0.000,22.957,25.118,0.000,0.000,0.0000
111.990,-73.273,34.135,0.317,0.000,22.957,25.118,0.000,0.000,0.0000
112.000,-73.273,34.135,0.317,0.000,22.957,25.118,0.000,0.000,0.0000
112.010,-73.273,34.135,0.317,0.000,22.957,25.118,0.000,0.000,0.0000
112.020,-73.273,34.135,0.317,0.000,22.957,25.118,0.000,0.000,0.0000
112.030,-73.273,34.135,0.317,0.000,22.957,25.118,0.000,0.000,0.0000
112.040,-73.273,34.135,0.317,0.000,22.957,25.118,0.000,0.000,0.0000
112.050,-73.273,34.135,0.317,0.000,22.957,25.118,0.000,0.000,0.0000
112.060,-73.273,34.135,0.317,0.000,22.957,25.118,0.000,0.000,0.0000
112.070,-73.273,34.135,0.317,0.000,22.957,25.118,0.000,0.000,0.0000
112.080,-73.273,34.135,0.317,0.000,22.957,25.118,0.000,0.000,0.0000
112.090,-73.273,34.135,0.317,0.000,22.957,25.118,0.000,0.000,0.0000
112.100,-73.273,34.135,0.317,0.000,22.957,25.118,0.000,0.000,0.0000
112.110,-73.273,34.135,0.317,0.000,22.957,25.118,0.000,0.000,0.0000
112.120,-73.273,34.135,0.317,0.000,22.957,25.118,0.000,0.000,0.0000
112.130,-73.273,34.135,0.317,0.000,22.957,25.118,0.000,0.000,0.0000
112.140,-73.273,34.135,0.317,0.000,22.957,25.118,0.000,0.000,0.0000
112.150,-73.273,34.135,0.317,0.000,22.957,25.118,0.000,0.000,0.0000
112.160,-73.273,34.135,0.317,0.000,22.957,25.118,0.000,0.000,0.0000
112.170,-73.273,34.135,0.317,0.000,22.957,25.118,0.000,0.000,0.0000
112.180,-73.273,34.135,0.317,0.000,22.957,25.118,0.000,0.000,0.0000
112.190,-73.273,34.135,0.317,0.000,22.957,25.118,0.000,0.000,0.0000
112.200,-73.273,34.135,0.317,0.000,22.957,25.118,0.000,0.000,0.0000
112.210,-73.273,34.135,0.317,0.000,22.957,25.118,0.000,0.000,0.0000
112.220,-73.273,34.135,0.317,0.000,22.957,25.118,0.000,0.000,0.0000
112.230,-73.273,34.135,0.317,0.000,22.957,25.118,0.000,0.000,0.0000
112.240,-73.273,34.135,0.317,0.000,22.957,25.118,0.000,0.000,0.0000
112.250,-73.273,34.135,0.317,0.000,22.957,25.118,0.000,0.000,0.0000
112.260,-73.273,34.135,0.317,0.000,22.957,25.118,0.000,0.000,0.0000
112.270,-73.273,34.135,0.317,0.000,22.957,25.118,0.000,0.000,0.0000
112.280,-73.273,34.135,0.317,0.000,22.957,25.118,0.000,0.000,0.0000
112.290,-73.273,34.135,0.317,0.000,22.957,25.118,0.000,0.000,0.0000
112.300,-73.273,34.135,0.317,0.000,22.957,25.118,0.000,0.000,0.0000
112.310,-73.273,34.135,0.317,0.000,22.957,25.118,0.000,0.000,0.0000
112.320,-73.273,34.135,0.317,0.000,22.957,25.118,0.000,0.000,0.0000
112.330,-73.273,34.135,0.317,0.000,22.957,25.118,0.000,0.000,0.0000
112.340,-73.273,34.135,0.317,0.000,22.957,25.118,0.000,0.000,0.0000
112.350,-73.273,34.135,0.317,0.000,22.957,25.118,0.000,0.000,0.0000
112.360,-73.273,34.135,0.317,0.000,22.957,25.118,0.000,0.000,0.0000
112.370,-73.273,34.135,0.317,0.000,22.957,25.118,0.000,0.000,0.0000
112.380,-73.273,34.135,0.317,0.000,22.957,25.118,0.000,0.000,0.0000
112.390,-73.273,34.135,0.317,0.000,22.957,25.118,0.000,0.000,0.0000
112.400,-73.273,34.135,0.317,0.000,22.957,25.118,0.000,0.000,0.0000
112.410,-73.273,34.135,0.317,0.000,22.957,25.118,0.000,0.000,0.0000
112.420,-73.273,34.135,0.317,0.000,22.957,25.118,0.000,0.000,0.0000
112.430,-73.273,34.135,0.317,0.000,22.957,25.118,0.000,0.000,0.0000
112.440,-73.273,34.135,0.317,0.000,22.957,25.118,0.000,0.000,0.0000
112.450,-73.273,34.135,0.317,0.000,22.957,25.118,0.000,0.000,0.0000
112.460,-73.273,34.135,0.317,0.000,22.957,25.118,0.000,0.000,0.0000
112.470,-73.273,34.135,0.317,0.000,22.957,25.118,0.000,0.000,0.0000
112.480,-73.273,34.135,0.317,0.000,22.957,25.118,0.000,0.000,0.0000
112.490,-73.273,34.135,0.317,0.000,22.957,25.118,0.000,0.000,0.0000
112.500,-73.273,34.135,0.317,0.000,22.957,25.118,0.000,0.000,0.0000
112.510,-73.273,34.135,0.317,0.000,22.957,25.118,0.000,0.000,0.0000
112.520,-73.273,34.135,0.317,0.000,22.957,25.118,0.000,0.000,0.0000
112.530,-73.273,34.135,0.317,0.000,22.957,25.118,0.000,0.000,0.0000
112.540,-73.273,34.135,0.317,0.000,22.957,25.118,0.000,0.000,0.0000
112.550,-73.273,34.135,0.317,0.000,22.957,25.118,0.000,0.000,0.0000
112.560,-73.273,34.135,0.317,0.000,22.957,25.118,0.000,0.000,0.0000
112.570,-73.273,34.135,0.317,0.000,22.957,25.118,0.000,0.000,0.0000
112.580,-73.273,34.135,0.317,0.000,22.957,25.118,0.000,0.000,0.0000
112.590,-73.273,34.135,0.317,0.000,22.957,25.118,0.000,0.000,0.0000
112.600,-73.273,34.135,0.317,0.000,22.957,25.118,0.000,0.000,0.0000
112.610,-73.273,34.135,0.317,0.000,22.957,25.118,0.000,0.000,0.0000
112.620,-73.273,34.135,0.317,0.000,22.957,25.118,0.000,0.000,0.0000
112.630,-73.273,34.135,0.317,0.000,22.957,25.118,0.000,0.000,0.0000
112.640,-73.273,34.135,0.317,0.000,22.957,25.118,0.000,0.000,0.0000
112.650,-73.273,34.135,0.317,0.000,22.957,25.118,0.000,0.000,0.0000
112.660,-73.273,34.135,0.317,0.000,22.957,25.118,0.000,0.000,0.0000
112.670,-73.273,34.135,0.317,0.000,22.957,25.118,0.000,0.000,0.0000
112.680,-73.273,34.135,0.317,0.000,22.957,25.118,0.000,0.000,0.0000
112.690,-73.273,34.135,0.317,0.000,22.957,25.118,0.000,0.000,0.0000
112.700,-73.273,34.135,0.317,0.000,22.957,25.118,0.000,0.000,0.0000
112.710,-73.273,34.135,0.317,0.000,22.957,25.118,0.000,0.000,0.0000
112.720,-73.273,34.135,0.317,0.000,22.957,25.118,0.000,0.000,0.0000
112.730,-73.273,34.135,0.317,0.000,22.957,25.118,0.000,0.000,0.0000
112.740,-73.273,34.135,0.317,0.000,22.957,25.118,0.000,0.000,0.0000
112.750,-73.273,34.135,0.317,0.000,22.957,25.118,0.000,0.000,0.0000
112.760,-73.273,34.135,0.317,0.000,22.957,25.118,0.000,0.000,0.0000
112.770,-73.273,34.135,0.317,0.000,22.957,25.118,0.000,0.000,0.0000
112.780,-73.273,34.135,0.317,0.000,22.957,25.118,0.000,0.000,0.0000
112.790,-73.273,34.135,0.317,0.000,22.957,25.118,0.000,0.000,0.0000
112.800,-73.273,34.135,0.317,0.000,22.957,25.118,0.000,0.000,0.0000
112.810,-73.273,34.135,0.317,0.000,22.957,25.118,0.000,0.000,0.0000
112.820,-73.273,34.135,0.317,0.000,22.957,25.118,0.000,0.000,0.0000
112.830,-73.273,34.135,0.317,0.000,22.957,25.118,0.000,0.000,0.0000
112.840,-73.273,34.135,0.317,0.000,22.957,25.118,0.000,0.000,0.0000
112.850,-73.273,34.135,0.317,0.000,22.957,25.118,0.000,0.000,0.0000
112.860,-73.273,34.135,0.317,0.000,22.957,25.118,0.000,0.000,0.0000
112.870,-73.273,34.135,0.317,0.000,22.957,25.118,0.000,0.000,0.0000
112.880,-73.273,34.135,0.317,0.000,22.957,25.118,0.000,0.000,0.0000
112.890,-73.273,34.135,0.317,0.000,22.957,25.118,0.000,0.000,0.0000
112.900,-73.273,34.135,0.317,0.000,22.957,25.118,0.000,0.000,0.0000
112.910,-73.273,34.135,0.317,0.000,22.957,25.118,0.000,0.000,0.0000
112.920,-73.273,34.135,0.317,0.000,22.957,25.118,0.000,0.000,0.0000
112.930,-73.273,34.135,0.317,0.000,22.957,25.118,0.000,0.000,0.0000
112.940,-73.273,34.135,0.317,0.000,22.957,25.118,0.000,0.000,0.0000
112.950,-73.273,34.135,0.317,0.000,22.957,25.118,0.000,0.000,0.0000
112.960,-73.273,34.135,0.317,0.000,22.957,25.118,0.000,0.000,0.0000
112.970,-73.273,34.135,0.317,0.000,22.957,25.118,0.000,0.000,0.0000
112.980,-73.273,34.135,0.317,0.000,22.957,25.118,0.000,0.000,0.0000
112.990,-73.273,34.135,0.317,0.000,22.957,25.118,0.000,0.000,0.0000
113.000,-73.273,34.135,0.317,0.000,22.957,25.118,0.000,0.000,0.0000
113.010,-73.273,34.135,0.317,0.000,22.957,25.118,0.000,0.000,0.0000
113.020,-73.273,34.135,0.317,0.000,22.957,25.118,0.000,0.000,0.0000
113.030,-73.273,34.135,0.317,0.000,22.957,25.118,0.000,0.000,0.0000
113.040,-73.273,34.135,0.317,0.000,22.957,25.118,0.000,0.000,0.0000
113.050,-73.273,34.135,0.317,0.000,22.957,25.118,0.000,0.000,0.0000
113.060,-73.273,34.135,0.317,0.000,22.957,25.118,0.000,0.000,0.0000
113.070,-73.273,34.135,0.317,0.000,22.957,25.118,0.000,0.000,0.0000
113.080,-73.273,34.135,0.317,0.000,22.957,25.118,0.000,0.000,0.0000
113.090,-73.273,34.135,0.317,0.000,22.957,25.118,0.000,0.000,0.0000
113.100,-73.273,34.135,0.317,0.000,22.957,25.118,0.000,0.000,0.0000
113.110,-73.273,34.135,0.317,0.000,22.957,25.118,0.000,0.000,0.0000
113.120,-73.273,34.135,0.317,0.000,22.957,25.118,0.000,0.000,0.0000
113.130,-73.273,34.135,0.317,0.000,22.957,25.118,0.000,0.000,0.0000
113.140,-73.273,34.135,0.317,0.000,22.957,25.118,0.000,0.000,0.0000
113.150,-73.273,34.135,0.317,0.000,22.957,25.118,0.000,0.000,0.0000
113.160,-73.273,34.135,0.317,0.000,22.957,25.118,0.000,0.000,0.0000
113.170,-73.273,34.135,0.317,0.000,22.957,25.118,0.000,0.000,0.0000
113.180,-73.273,34.135,0.317,0.000,22.957,25.118,0.000,0.000,0.0000
113.190,-73.273,34.135,0.317,0.000,22.957,25.118,0.000,0.000,0.0000
113.200,-73.273,34.135,0.317,0.000,22.957,25.118,0.000,0.000,0.0000
113.210,-73.273,34.135,0.317,0.000,22.957,25.118,0.000,0.000,0.0000
113.220,-73.273,34.135,0.317,0.000,22.957,25.118,0.000,0.000,0.0000
113.230,-73.273,34.135,0.317,0.000,22.957,25.118,0.000,0.000,0.0000
113.240,-73.273,34.135,0.317,0.000,22.957,25.118,0.000,0.000,0.0000
113.250,-73.273,34.135,0.317,0.000,22.957,25.118,0.000,0.000,0.0000
113.260,-73.273,34.135,0.317,0.000,22.957,25.118,0.000,0.000,0.0000
113.270,-73.273,34.135,0.317,0.000,22.957,25.118,0.000,0.000,0.0000
113.280,-73.273,34.135,0.317,0.000,22.957,25.118,0.000,0.000,0.0000
113.290,-73.273,34.135,0.317,0.000,22.957,25.118,0.000,0.000,0.0000
113.300,-73.273,34.135,0.317,0.000,22.957,25.118,0.000,0.000,0.0000
113.310,-73.273,34.135,0.317,0.000,22.957,25.118,0.000,0.000,0.0000
113.320,-73.273,34.135,0.317,0.000,22.957,25.118,0.000,0.000,0.0000
113.330,-73.273,34.135,0.317,0.000,22.957,25.118,0.000,0.000,0.0000
113.340,-73.273,34.135,0.317,0.000,22.957,25.118,0.000,0.000,0.0000
113.350,-73.273,34.135,0.317,0.000,22.957,25.118,0.000,0.000,0.0000
113.360,-73.273,34.135,0.317,0.000,22.957,25.118,0.000,0.000,0.0000
113.370,-73.273,34.135,0.317,0.000,22.957,25.118,0.000,0.000,0.0000
113.380,-73.273,34.135,0.317,0.000,22.957,25.118,0.000,0.000,0.0000
113.390,-73.273,34.135,0.317,0.000,22.957,25.118,0.000,0.000,0.0000
113.400,-73.273,34.135,0.317,0.000,22.957,25.118,0.000,0.000,0.0000
113.410,-73.273,34.135,0.317,0.000,22.957,25.118,0.000,0.000,0.0000
113.420,-73.273,34.135,0.317,0.000,22.957,25.118,0.000,0.000,0.0000
113.430,-73.273,34.135,0.317,0.000,22.957,25.118,0.000,0.000,0.0000
113.440,-73.273,34.135,0.317,0.000,22.957,25.118,0.000,0.000,0.0000
113.450,-73.273,34.135,0.317,0.000,22.957,25.118,0.000,0.000,0.0000
113.460,-73.273,34.135,0.317,0.000,22.957,25.118,0.000,0.000,0.0000
113.470,-73.273,34.135,0.317,0.000,22.957,25.118,0.000,0.000,0.0000
113.480,-73.273,34.135,0.317,0.000,22.957,25.118,0.000,0.000,0.0000
113.490,-73.273,34.135,0.317,0.000,22.957,25.118,0.000,0.000,0.0000
113.500,-73.273,34.135,0.317,0.000,22.957,25.118,0.000,0.000,0.0000
113.510,-73.273,34.135,0.317,0.000,22.957,25.118,0.000,0.000,0.0000
113.520,-73.273,34.135,0.317,0.000,22.957,25.118,0.000,0.000,0.0000
113.530,-73.273,34.135,0.317,0.000,22.957,25.118,0.000,0.000,0.0000
113.540,-73.273,34.135,0.317,0.000,22.957,25.118,0.000,0.000,0.0000
113.550,-73.273,34.135,0.317,0.000,22.957,25.118,0.000,0.000,0.0000
113.560,-73.273,34.135,0.317,0.000,22.957,25.118,0.000,0.000,0.0000
113.570,-73.273,34.135,0.317,0.000,22.957,25.118,0.000,0.000,0.0000
113.580,-73.273,34.135,0.317,0.000,22.957,25.118,0.000,0.000,0.0000
113.590,-73.273,34.135,0.317,0.000,22.957,25.118,0.000,0.000,0.0000
113.600,-73.273,34.135,0.317,0.000,22.957,25.118,0.000,0.000,0.0000
113.610,-73.273,34.135,0.317,0.000,22.957,25.118,0.000,0.000,0.0000
113.620,-73.273,34.135,0.317,0.000,22.957,25.118,0.000,0.000,0.0000
113.630,-73.273,34.135,0.317,0.000,22.957,25.118,0.000,0.000,0.0000
113.640,-73.273,34.135,0.317,0.000,22.957,25.118,0.000,0.000,0.0000
113.650,-73.273,34.135,0.317,0.000,22.957,25.118,0.000,0.000,0.0000
113.660,-73.273,34.135,0.317,0.000,22.957,25.118,0.000,0.000,0.0000
113.670,-73.273,34.135,0.317,0.000,22.957,25.118,0.000,0.000,0.0000
113.680,-73.273,34.135,0.317,0.000,22.957,25.118,0.000,0.000,0.0000
113.690,-73.273,34.135,0.317,0.000,22.957,25.118,0.000,0.000,0.0000
113.700,-73.273,34.135,0.317,0.000,22.957,25.118,0.000,0.000,0.0000
113.710,-73.273,34.135,0.317,0.000,22.957,25.118,0.000,0.000,0.0000
113.720,-73.273,34.135,0.317,0.000,22.957,25.118,0.000,0.000,0.0000
113.730,-73.273,34.135,0.317,0.000,22.957,25.118,0.000,0.000,0.0000
113.740,-73.273,34.135,0.317,0.000,22.957,25.118,0.000,0.000,0.0000
113.750,-73.273,34.135,0.317,0.000,22.957,25.118,0.000,0.000,0.0000
113.760,-73.273,34.135,0.317,0.000,22.957,25.118,0.000,0.000,0.0000
113.770,-73.273,34.135,0.317,0.000,22.957,25.118,0.000,0.000,0.0000
113.780,-73.273,34.135,0.317,0.000,22.957,25.118,0.000,0.000,0.0000
113.790,-73.273,34.135,0.317,0.000,22.957,25.118,0.000,0.000,0.0000
113.800,-73.273,34.135,0.317,0.000,22.957,25.118,0.000,0.000,0.0000
113.810,-73.273,34.135,0.317,0.000,22.957,25.118,0.000,0.000,0.0000
113.820,-73.273,34.135,0.317,0.000,22.957,25.118,0.000,0.000,0.0000
113.830,-73.273,34.135,0.317,0.000,22.957,25.118,0.000,0.000,0.0000
113.840,-73.273,34.135,0.317,0.000,22.957,25.118,0.000,0.000,0.0000
113.850,-73.273,34.135,0.317,0.000,22.957,25.118,0.000,0.000,0.0000
113.860,-73.273,34.135,0.317,0.000,22.957,25.118,0.000,0.000,0.0000
113.870,-73.273,34.135,0.317,0.000,22.957,25.118,0.000,0.000,0.0000
113.880,-73.273,34.135,0.317,0.000,22.957,25.118,0.000,0.000,0.0000
113.890,-73.273,34.135,0.317,0.000,22.957,25.118,0.000,0.000,0.0000
113.900,-73.273,34.135,0.317,0.000,22.957,25.118,0.000,0.000,0.0000
113.910,-73.273,34.135,0.317,0.000,22.957,25.118,0.000,0.000,0.0000
113.920,-73.273,34.135,0.317,0.000,22.957,25.118,0.000,0.000,0.0000
113.930,-73.273,34.135,0.317,0.000,22.957,25.118,0.000,0.000,0.0000
113.940,-73.273,34.135,0.317,0.000,22.957,25.118,0.000,0.000,0.0000
113.950,-73.273,34.135,0.317,0.000,22.957,25.118,0.000,0.000,0.0000
113.960,-73.273,34.135,0.317,0.000,22.957,25.118,0.000,0.000,0.0000
113.970,-73.273,34.135,0.317,0.000,22.957,25.118,0.000,0.000,0.0000
113.980,-73.273,34.135,0.317,0.000,22.957,25.118,0.000,0.000,0.0000
113.990,-73.273,34.135,0.317,0.000,22.957,25.118,0.000,0.000,0.0000
114.000,-73.273,34.135,0.317,0.000,22.957,25.118,0.000,0.000,0.0000
114.010,-73.273,34.135,0.317,0.000,22.957,25.118,0.000,0.000,0.0000
114.020,-73.273,34.135,0.317,0.000,22.957,25.118,0.000,0.000,0.0000
114.030,-73.273,34.135,0.317,0.000,22.957,25.118,0.000,0.000,0.0000
114.040,-73.273,34.135,0.317,0.000,22.957,25.118,0.000,0.000,0.0000
114.050,-73.273,34.135,0.317,0.000,22.957,25.118,0.000,0.000,0.0000
114.060,-73.273,34.135,0.317,0.000,22.957,25.118,0.000,0.000,0.0000
114.070,-73.273,34.135,0.317,0.000,22.957,25.118,0.000,0.000,0.0000
114.080,-73.273,34.135,0.317,0.000,22.957,25.118,0.000,0.000,0.0000
114.090,-73.273,34.135,0.317,0.000,22.957,25.118,0.000,0.000,0.0000
114.100,-73.273,34.135,0.317,0.000,22.957,25.118,0.000,0.000,0.0000
114.110,-73.273,34.135,0.317,0.000,22.957,25.118,0.000,0.000,0.0000
114.120,-73.273,34.135,0.317,0.000,22.957,25.118,0.000,0.000,0.0000
114.130,-73.273,34.135,0.317,0.000,22.957,25.118,0.000,0.000,0.0000
114.140,-73.273,34.135,0.317,0.000,22.957,25.118,0.000,0.000,0.0000
114.150,-73.273,34.135,0.317,0.000,22.957,25.118,0.000,0.000,0.0000
114.160,-73.273,34.135,0.317,0.000,22.957,25.118,0.000,0.000,0.0000
114.170,-73.273,34.135,0.317,0.000,22.957,25.118,0.000,0.000,0.0000
114.180,-73.273,34.135,0.317,0.000,22.957,25.118,0.000,0.000,0.0000
114.190,-73.273,34.135,0.317,0.000,22.957,25.118,0.000,0.000,0.0000
114.200,-73.273,34.135,0.317,0.000,22.957,25.118,0.000,0.000,0.0000
114.210,-73.273,34.135,0.317,0.000,22.957,25.118,0.000,0.000,0.0000
114.220,-73.273,34.135,0.317,0.000,22.957,25.118,0.000,0.000,0.0000
114.230,-73.273,34.135,0.317,0.000,22.957,25.118,0.000,0.000,0.0000
114.240,-73.273,34.135,0.317,0.000,22.957,25.118,0.000,0.000,0.0000
114.250,-73.273,34.135,0.317,0.000,22.957,25.118,0.000,0.000,0.0000
114.260,-73.273,34.135,0.317,0.000,22.957,25.118,0.000,0.000,0.0000
114.270,-73.273,34.135,0.317,0.000,22.957,25.118,0.000,0.000,0.0000
114.280,-73.273,34.135,0.317,0.000,22.957,25.118,0.000,0.000,0.0000
114.290,-73.273,34.135,0.317,0.000,22.957,25.118,0.000,0.000,0.0000
114.300,-73.273,34.135,0.317,0.000,22.957,25.118,0.000,0.000,0.0000
114.310,-73.273,34.135,0.317,0.000,22.957,25.118,0.000,0.000,0.0000
114.320,-73.273,34.135,0.317,0.000,22.957,25.118,0.000,0.000,0.0000
114.330,-73.273,34.135,0.317,0.000,22.957,25.118,0.000,0.000,0.0000
114.340,-73.273,34.135,0.317,0.000,22.957,25.118,0.000,0.000,0.0000
114.350,-73.273,34.135,0.317,0.000,22.957,25.118,0.000,0.000,0.0000
114.360,-73.273,34.135,0.317,0.000,22.957,25.118,0.000,0.000,0.0000
114.370,-73.273,34.135,0.317,0.000,22.957,25.118,0.000,0.000,0.0000
114.380,-73.273,34.135,0.317,0.000,22.957,25.118,0.000,0.000,0.0000
114.390,-73.273,34.135,0.317,0.000,22.957,25.118,0.000,0.000,0.0000
114.400,-73.273,34.135,0.317,0.000,22.957,25.118,0.000,0.000,0.0000
114.410,-73.273,34.135,0.317,0.000,22.957,25.118,0.000,0.000,0.0000
114.420,-73.273,34.135,0.317,0.000,22.957,25.118,0.000,0.000,0.0000
114.430,-73.273,34.135,0.317,0.000,22.957,25.118,0.000,0.000,0.0000
114.440,-73.273,34.135,0.317,0.000,22.957,25.118,0.000,0.000,0.0000
114.450,-73.273,34.135,0.317,0.000,22.957,25.118,0.000,0.000,0.0000
114.460,-73.273,34.135,0.317,0.000,22.957,25.118,0.000,0.000,0.0000
114.470,-73.273,34.135,0.317,0.000,22.957,25.118,0.000,0.000,0.0000
114.480,-73.273,34.135,0.317,0.000,22.957,25.118,0.000,0.000,0.0000
114.490,-73.273,34.135,0.317,0.000,22.957,25.118,0.000,0.000,0.0000
114.500,-73.273,34.135,0.317,0.000,22.957,25.118,0.000,0.000,0.0000
114.510,-73.273,34.135,0.317,0.000,22.957,25.118,0.000,0.000,0.0000
114.520,-73.273,34.135,0.317,0.000,22.957,25.118,0.000,0.000,0.0000
114.530,-73.273,34.135,0.317,0.000,22.957,25.118,0.000,0.000,0.0000
114.540,-73.273,34.135,0.317,0.000,22.957,25.118,0.000,0.000,0.0000
114.550,-73.273,34.135,0.317,0.000,22.957,25.118,0.000,0.000,0.0000
114.560,-73.273,34.135,0.317,0.000,22.957,25.118,0.000,0.000,0.0000
114.570,-73.273,34.135,0.317,0.000,22.957,25.118,0.000,0.000,0.0000
114.580,-73.273,34.135,0.317,0.000,22.957,25.118,0.000,0.000,0.0000
114.590,-73.273,34.135,0.317,0.000,22.957,25.118,0.000,0.000,0.0000
114.600,-73.273,34.135,0.317,0.000,22.957,25.118,0.000,0.000,0.0000
114.610,-73.273,34.135,0.317,0.000,22.957,25.118,0.000,0.000,0.0000
114.620,-73.273,34.135,0.317,0.000,22.957,25.118,0.000,0.000,0.0000
114.630,-73.273,34.135,0.317,0.000,22.957,25.118,0.000,0.000,0.0000
114.640,-73.273,34.135,0.317,0.000,22.957,25.118,0.000,0.000,0.0000
114.650,-73.273,34.135,0.317,0.000,22.957,25.118,0.000,0.000,0.0000
114.660,-73.273,34.135,0.317,0.000,22.957,25.118,0.000,0.000,0.0000
114.670,-73.273,34.135,0.317,0.000,22.957,25.118,0.000,0.000,0.0000
114.680,-73.273,34.135,0.317,0.000,22.957,25.118,0.000,0.000,0.0000
114.690,-73.273,34.135,0.317,0.000,22.957,25.118,0.000,0.000,0.0000
114.700,-73.273,34.135,0.317,0.000,22.957,25.118,0.000,0.000,0.0000
114.710,-73.273,34.135,0.317,0.000,22.957,25.118,0.000,0.000,0.0000
114.720,-73.273,34.135,0.317,0.000,22.957,25.118,0.000,0.000,0.0000
114.730,-73.273,34.135,0.317,0.000,22.957,25.118,0.000,0.000,0.0000
114.740,-73.273,34.135,0.317,0.000,22.957,25.118,0.000,0.000,0.0000
114.750,-73.273,34.135,0.317,0.000,22.957,25.118,0.000,0.000,0.0000
114.760,-73.273,34.135,0.317,0.000,22.957,25.118,0.000,0.000,0.0000
114.770,-73.273,34.135,0.317,0.000,22.957,25.118,0.000,0.000,0.0000
114.780,-73.273,34.135,0.317,0.000,22.957,25.118,0.000,0.000,0.0000
114.790,-73.273,34.135,0.317,0.000,22.957,25.118,0.000,0.000,0.0000
114.800,-73.273,34.135,0.317,0.000,22.957,25.118,0.000,0.000,0.0000
114.810,-73.273,34.135,0.317,0.000,22.957,25.118,0.000,0.000,0.0000
114.820,-73.273,34.135,0.317,0.000,22.957,25.118,0.000,0.000,0.0000
114.830,-73.273,34.135,0.317,0.000,22.957,25.118,0.000,0.000,0.0000
114.840,-73.273,34.135,0.317,0.000,22.957,25.118,0.000,0.000,0.0000
114.850,-73.273,34.135,0.317,0.000,22.957,25.118,0.000,0.000,0.0000
114.860,-73.273,34.135,0.317,0.000,22.957,25.118,0.000,0.000,0.0000
114.870,-73.273,34.135,0.317,0.000,22.957,25.118,0.000,0.000,0.0000
114.880,-73.273,34.135,0.317,0.000,22.957,25.118,0.000,0.000,0.0000
114.890,-73.273,34.135,0.317,0.000,22.957,25.118,0.000,0.000,0.0000
114.900,-73.273,34.135,0.317,0.000,22.957,25.118,0.000,0.000,0.0000
114.910,-73.273,34.135,0.317,0.000,22.957,25.118,0.000,0.000,0.0000
114.920,-73.273,34.135,0.317,0.000,22.957,25.118,0.000,0.000,0.0000
114.930,-73.273,34.135,0.317,0.000,22.957,25.118,0.000,0.000,0.0000
114.940,-73.273,34.135,0.317,0.000,22.957,25.118,0.000,0.000,0.0000
114.950,-73.273,34.135,0.317,0.000,22.957,25.118,0.000,0.000,0.0000
114.960,-73.273,34.135,0.317,0.000,22.957,25.118,0.000,0.000,0.0000
114.970,-73.273,34.135,0.317,0.000,22.957,25.118,0.000,0.000,0.0000
114.980,-73.273,34.135,0.317,0.000,22.957,25.118,0.000,0.000,0.0000
114.990,-73.273,34.135,0.317,0.000,22.957,25.118,0.000,0.000,0.0000
115.000,-73.273,34.135,0.317,0.000,22.957,25.118,0.000,0.000,0.0000
115.010,-73.273,34.135,0.317,0.000,22.957,25.118,0.000,0.000,0.0000
115.020,-73.273,34.135,0.317,0.000,22.957,25.118,0.000,0.000,0.0000
115.030,-73.273,34.135,0.317,0.000,22.957,25.118,0.000,0.000,0.0000
115.040,-73.273,34.135,0.317,0.000,22.957,25.118,0.000,0.000,0.0000
115.050,-73.273,34.135,0.317,0.000,22.957,25.118,0.000,0.000,0.0000
115.060,-73.273,34.135,0.317,0.000,22.957,25.118,0.000,0.000,0.0000
115.070,-73.273,34.135,0.317,0.000,22.957,25.118,0.000,0.000,0.0000
115.080,-73.273,34.135,0.317,0.000,22.957,25.118,0.000,0.000,0.0000
115.090,-73.273,34.135,0.317,0.000,22.957,25.118,0.000,0.000,0.0000
115.100,-73.273,34.135,0.317,0.000,22.957,25.118,0.000,0.000,0.0000
115.110,-73.273,34.135,0.317,0.000,22.957,25.118,0.000,0.000,0.0000
115.120,-73.273,34.135,0.317,0.000,22.957,25.118,0.000,0.000,0.0000
115.130,-73.273,34.135,0.317,0.000,22.957,25.118,0.000,0.000,0.0000
115.140,-73.273,34.135,0.317,0.000,22.957,25.118,0.000,0.000,0.0000
115.150,-73.273,34.135,0.317,0.000,22.957,25.118,0.000,0.000,0.0000
115.160,-73.273,34.135,0.317,0.000,22.957,25.118,0.000,0.000,0.0000
115.170,-73.273,34.135,0.317,0.000,22.957,25.118,0.000,0.000,0.0000
115.180,-73.273,34.135,0.317,0.000,22.957,25.118,0.000,0.000,0.0000
115.190,-73.273,34.135,0.317,0.000,22.957,25.118,0.040,0.000,0.0000
115.200,-73.273,34.135,0.317,0.013,22.957,25.118,0.080,0.000,0.0000
115.210,-73.273,34.136,0.317,0.038,22.957,25.118,0.120,0.000,0.0000
115.220,-73.272,34.136,0.317,0.070,22.958,25.119,0.160,0.000,0.0000
115.230,-73.271,34.136,0.316,0.107,22.959,25.120,0.200,0.000,0.0000
115.240,-73.270,34.137,0.316,0.145,22.960,25.121,0.240,0.000,0.0000
115.250,-73.268,34.138,0.316,0.183,22.962,25.123,0.280,0.000,0.0000
115.260,-73.266,34.139,0.315,0.220,22.964,25.125,0.320,0.000,0.0000
115.270,-73.263,34.140,0.315,0.257,22.967,25.128,0.360,0.000,0.0000
115.280,-73.260,34.141,0.314,0.293,22.970,25.130,0.400,0.000,0.0000
115.290,-73.257,34.143,0.313,0.328,22.973,25.134,0.440,0.000,0.0000
115.300,-73.253,34.145,0.313,0.364,22.977,25.137,0.480,0.000,0.0000
115.310,-73.250,34.146,0.312,0.399,22.980,25.141,0.520,0.000,0.0000
115.320,-73.245,34.148,0.312,0.434,22.985,25.145,0.560,0.000,0.0000
115.330,-73.241,34.151,0.311,0.470,22.989,25.149,0.600,0.000,0.0000
115.340,-73.236,34.153,0.311,0.505,22.994,25.154,0.640,0.000,0.0000
115.350,-73.230,34.156,0.310,0.541,23.000,25.159,0.680,0.000,0.0000
115.360,-73.224,34.158,0.310,0.576,23.006,25.165,0.720,0.000,0.0000
115.370,-73.218,34.161,0.309,0.612,23.012,25.170,0.760,0.000,0.0000
115.380,-73.212,34.164,0.309,0.648,23.018,25.176,0.800,0.000,0.0000
115.390,-73.205,34.167,0.309,0.681,23.025,25.183,0.840,0.000,0.0000
115.400,-73.198,34.171,0.309,0.715,23.032,25.189,0.880,0.000,0.0000
115.410,-73.190,34.174,0.308,0.749,23.040,25.196,0.920,0.000,0.0000
115.420,-73.183,34.178,0.308,0.785,23.047,25.203,0.960,0.000,0.0000
115.430,-73.174,34.182,0.308,0.821,23.056,25.211,1.000,0.000,0.0000
115.440,-73.166,34.186,0.308,0.857,23.064,25.219,1.000,0.000,0.0000
115.450,-73.157,34.190,0.308,0.893,23.073,25.227,1.000,0.000,0.0000
115.460,-73.148,34.194,0.308,0.930,23.082,25.235,1.000,0.000,0.0000
115.470,-73.138,34.199,0.308,0.967,23.092,25.244,1.000,0.000,0.0000
115.480,-73.128,34.203,0.308,1.003,23.102,25.253,1.000,0.000,0.0000
115.490,-73.117,34.208,0.308,1.039,23.113,25.262,1.000,0.000,0.0000
115.500,-73.107,34.213,0.308,1.076,23.123,25.272,1.000,0.000,0.0000
115.510,-73.096,34.218,0.308,1.112,23.134,25.282,1.000,0.000,0.0000
115.520,-73.084,34.224,0.308,1.148,23.146,25.292,1.000,0.000,0.0000
115.530,-73.072,34.229,0.309,1.185,23.158,25.303,1.000,0.000,0.0000
115.540,-73.060,34.235,0.309,1.221,23.170,25.314,1.000,0.000,0.0000
115.550,-73.047,34.241,0.309,1.257,23.183,25.325,1.000,0.000,0.0000
115.560,-73.035,34.247,0.309,1.293,23.195,25.337,1.000,0.000,0.0000
115.570,-73.021,34.253,0.309,1.330,23.209,25.349,1.000,0.000,0.0000
115.580,-73.008,34.260,0.310,1.366,23.222,25.361,1.000,0.000,0.0000
115.590,-72.994,34.266,0.310,1.402,23.236,25.374,1.000,0.000,0.0000
115.600,-72.979,34.273,0.310,1.438,23.251,25.387,1.000,0.000,0.0000
115.610,-72.964,34.280,0.310,1.474,23.266,25.400,1.000,0.000,0.0000
115.620,-72.949,34.287,0.310,1.510,23.281,25.414,1.000,0.000,0.0000
115.630,-72.934,34.294,0.310,1.546,23.296,25.428,1.000,0.000,0.0000
115.640,-72.918,34.302,0.311,1.583,23.312,25.442,1.000,0.000,0.0000
115.650,-72.902,34.309,0.311,1.621,23.328,25.457,1.000,0.000,0.0000
115.660,-72.885,34.317,0.311,1.659,23.345,25.472,1.000,0.000,0.0000
115.670,-72.868,34.325,0.311,1.696,23.362,25.487,1.000,0.000,0.0000
115.680,-72.851,34.333,0.311,1.732,23.379,25.503,1.000,0.000,0.0000
115.690,-72.833,34.342,0.311,1.769,23.397,25.519,1.000,0.000,0.0000
115.700,-72.815,34.350,0.311,1.805,23.415,25.535,1.000,0.000,0.0000
115.710,-72.797,34.359,0.311,1.841,23.433,25.552,1.000,0.000,0.0000
115.720,-72.778,34.367,0.311,1.877,23.452,25.569,1.000,0.000,0.0000
115.730,-72.759,34.376,0.311,1.913,23.471,25.586,1.000,0.000,0.0000
115.740,-72.739,34.386,0.311,1.948,23.491,25.604,1.000,0.000,0.0000
115.750,-72.720,34.395,0.311,1.984,23.510,25.622,1.000,0.000,0.0000
115.760,-72.699,34.404,0.311,2.020,23.531,25.640,1.000,0.000,0.0000
115.770,-72.679,34.414,0.311,2.056,23.551,25.659,1.000,0.000,0.0000
115.780,-72.658,34.424,0.311,2.092,23.572,25.678,1.000,0.000,0.0000
115.790,-72.637,34.434,0.311,2.128,23.593,25.698,1.000,0.000,0.0000
115.800,-72.615,34.444,0.311,2.164,23.615,25.717,1.000,0.000,0.0000
115.810,-72.593,34.454,0.311,2.200,23.637,25.737,1.000,0.000,0.0000
115.820,-72.571,34.465,0.310,2.236,23.659,25.758,1.000,0.000,0.0000
115.830,-72.548,34.476,0.310,2.272,23.682,25.778,1.000,0.000,0.0080
115.840,-72.525,34.486,0.310,2.307,23.705,25.799,1.000,0.000,0.0160
115.850,-72.501,34.497,0.310,2.340,23.729,25.821,1.000,0.000,0.0240
115.860,-72.478,34.509,0.310,2.373,23.752,25.842,1.000,0.000,0.0320
115.870,-72.454,34.520,0.310,2.406,23.776,25.864,1.000,0.000,0.0400
115.880,-72.429,34.531,0.310,2.439,23.801,25.886,1.000,0.000,0.0480
115.890,-72.405,34.543,0.310,2.472,23.825,25.909,1.000,0.000,0.0560
115.900,-72.380,34.555,0.310,2.505,23.850,25.932,1.000,0.000,0.0640
115.910,-72.354,34.567,0.310,2.538,23.876,25.955,1.000,0.000,0.0720
115.920,-72.328,34.579,0.310,2.571,23.902,25.978,1.000,0.000,0.0800
115.930,-72.302,34.591,0.310,2.619,23.928,26.002,1.000,0.000,0.0880
115.940,-72.276,34.603,0.310,2.664,23.954,26.026,1.000,0.000,0.0960
115.950,-72.249,34.616,0.310,2.705,23.981,26.051,1.000,0.000,0.1040
115.960,-72.221,34.629,0.310,2.749,24.009,26.076,1.000,0.000,0.1120
115.970,-72.193,34.642,0.310,2.792,24.037,26.102,1.000,0.000,0.1200
115.980,-72.165,34.655,0.310,2.834,24.065,26.128,1.000,0.000,0.1280
115.990,-72.136,34.668,0.310,2.874,24.094,26.154,1.000,0.000,0.1360
116.000,-72.107,34.682,0.310,2.912,24.123,26.180,1.000,0.000,0.1440
116.010,-72.077,34.695,0.310,2.949,24.153,26.207,1.000,0.000,0.1520
116.020,-72.048,34.709,0.310,2.985,24.182,26.235,1.000,0.000,0.1600
116.030,-72.017,34.723,0.310,3.020,24.213,26.262,1.000,0.000,0.1680
116.040,-71.987,34.737,0.310,3.055,24.243,26.290,1.000,0.000,0.1760
116.050,-71.956,34.751,0.310,3.090,24.274,26.318,1.000,0.000,0.1840
116.060,-71.925,34.765,0.310,3.124,24.305,26.347,1.000,0.000,0.1920
116.070,-71.893,34.779,0.310,3.159,24.337,26.376,1.000,0.000,0.2000
116.080,-71.861,34.793,0.310,3.193,24.369,26.405,1.000,0.000,0.2080
116.090,-71.829,34.808,0.310,3.227,24.401,26.434,1.000,0.000,0.2160
116.100,-71.796,34.822,0.310,3.261,24.434,26.464,1.000,0.000,0.2240
116.110,-71.763,34.837,0.310,3.296,24.467,26.494,1.000,0.000,0.2320
116.120,-71.730,34.851,0.310,3.330,24.500,26.525,1.000,0.000,0.2400
116.130,-71.696,34.866,0.310,3.365,24.534,26.555,1.000,0.000,0.2480
116.140,-71.662,34.881,0.311,3.399,24.568,26.586,1.000,0.000,0.2560
116.150,-71.628,34.896,0.311,3.433,24.602,26.618,1.000,0.000,0.2640
116.160,-71.593,34.911,0.311,3.467,24.637,26.650,1.000,0.000,0.2720
116.170,-71.558,34.925,0.311,3.500,24.672,26.682,1.000,0.000,0.2800
116.180,-71.523,34.940,0.311,3.530,24.707,26.714,1.000,0.000,0.2880
116.190,-71.488,34.955,0.311,3.556,24.742,26.746,1.000,0.000,0.2960
116.200,-71.452,34.970,0.311,3.582,24.778,26.779,1.000,0.000,0.3040
116.210,-71.416,34.985,0.311,3.607,24.814,26.812,1.000,0.000,0.3120
116.220,-71.379,35.000,0.312,3.631,24.851,26.845,1.000,0.000,0.3200
116.230,-71.343,35.015,0.312,3.656,24.887,26.879,1.000,0.000,0.3280
116.240,-71.306,35.030,0.312,3.664,24.924,26.912,1.000,0.000,0.3360
116.250,-71.269,35.045,0.312,3.683,24.961,26.946,1.000,0.000,0.3440
116.260,-71.232,35.060,0.313,3.701,24.998,26.980,1.000,0.000,0.3520
116.270,-71.195,35.075,0.313,3.722,25.035,27.014,1.000,0.000,0.3600
116.280,-71.158,35.090,0.313,3.742,25.072,27.048,1.000,0.000,0.3680
116.290,-71.120,35.104,0.313,3.765,25.110,27.083,1.000,0.000,0.3760
116.300,-71.082,35.119,0.314,3.792,25.148,27.117,1.000,0.000,0.3840
116.310,-71.044,35.134,0.314,3.822,25.186,27.153,1.000,0.000,0.3920
116.320,-71.005,35.148,0.314,3.853,25.225,27.188,0.940,0.000,0.4000
116.330,-70.967,35.163,0.314,3.886,25.263,27.224,0.880,0.000,0.4080
116.340,-70.927,35.177,0.314,3.921,25.303,27.260,0.820,0.000,0.4160
116.350,-70.888,35.191,0.314,3.957,25.342,27.296,0.760,0.000,0.4240
116.360,-70.848,35.206,0.314,3.993,25.382,27.333,0.700,0.000,0.4320
116.370,-70.808,35.220,0.314,4.029,25.422,27.370,0.640,0.000,0.4400
116.380,-70.767,35.234,0.314,4.062,25.463,27.407,0.580,0.000,0.4480
116.390,-70.726,35.248,0.314,4.092,25.504,27.445,0.520,0.000,0.4560
116.400,-70.685,35.262,0.314,4.122,25.545,27.483,0.460,0.000,0.4640
116.410,-70.643,35.276,0.313,4.150,25.587,27.521,0.400,0.000,0.4720
116.420,-70.602,35.290,0.313,4.169,25.628,27.560,0.340,0.000,0.4800
116.430,-70.560,35.303,0.313,4.169,25.670,27.598,0.280,0.000,0.4880
116.440,-70.518,35.317,0.313,4.154,25.712,27.636,0.220,0.000,0.4960
116.450,-70.477,35.329,0.314,4.126,25.753,27.674,0.160,0.000,0.5000
116.460,-70.436,35.342,0.314,4.090,25.794,27.712,0.100,0.000,0.4700
116.470,-70.396,35.354,0.315,4.052,25.834,27.749,0.040,0.000,0.4400
116.480,-70.356,35.365,0.315,4.015,25.874,27.786,0.000,0.000,0.4100
116.490,-70.316,35.376,0.316,3.981,25.914,27.822,0.000,0.000,0.3800
116.500,-70.276,35.387,0.317,3.952,25.954,27.859,0.000,0.000,0.3500
116.510,-70.237,35.397,0.318,3.930,25.993,27.895,0.000,0.000,0.3200
116.520,-70.198,35.407,0.319,3.913,26.032,27.930,0.000,0.000,0.2900
116.530,-70.159,35.417,0.319,3.869,26.071,27.966,0.000,0.000,0.2600
116.540,-70.121,35.426,0.320,3.824,26.109,28.001,0.000,0.000,0.2300
116.550,-70.083,35.435,0.321,3.788,26.147,28.035,0.000,0.000,0.2000
116.560,-70.045,35.444,0.322,3.760,26.185,28.070,0.000,0.000,0.1700
116.570,-70.008,35.452,0.323,3.741,26.222,28.104,0.000,0.000,0.1400
116.580,-69.971,35.461,0.324,3.727,26.259,28.138,0.000,0.000,0.1100
116.590,-69.934,35.469,0.324,3.716,26.296,28.172,0.000,0.000,0.0800
116.600,-69.897,35.477,0.325,3.703,26.333,28.206,0.000,0.000,0.0500
116.610,-69.860,35.485,0.325,3.685,26.370,28.240,0.000,0.000,0.0200
116.620,-69.823,35.493,0.326,3.663,26.407,28.274,0.000,0.000,0.0000
116.630,-69.787,35.501,0.326,3.641,26.443,28.308,0.000,0.000,0.0000
116.640,-69.750,35.508,0.326,3.623,26.480,28.341,0.000,0.000,0.0000
116.650,-69.714,35.515,0.326,3.608,26.516,28.375,0.000,0.000,0.0000
116.660,-69.678,35.523,0.326,3.597,26.552,28.408,0.000,0.000,0.0000
116.670,-69.643,35.530,0.326,3.585,26.587,28.441,0.000,0.000,0.0000
116.680,-69.607,35.537,0.326,3.572,26.623,28.474,0.000,0.000,0.0000
116.690,-69.571,35.544,0.325,3.566,26.659,28.508,0.000,0.000,0.0000
116.700,-69.536,35.551,0.325,3.557,26.694,28.541,0.000,0.000,0.0000
116.710,-69.500,35.558,0.325,3.541,26.730,28.574,0.000,0.000,0.0000
116.720,-69.465,35.565,0.324,3.520,26.765,28.607,0.000,0.000,0.0000
116.730,-69.430,35.572,0.324,3.493,26.800,28.639,0.000,0.000,0.0000
116.740,-69.395,35.579,0.323,3.464,26.835,28.671,0.000,0.000,0.0000
116.750,-69.361,35.585,0.323,3.432,26.869,28.703,0.000,0.000,0.0000
116.760,-69.327,35.592,0.322,3.399,26.903,28.735,0.000,0.000,0.0000
116.770,-69.294,35.598,0.322,3.366,26.937,28.767,0.000,0.000,0.0000
116.780,-69.260,35.605,0.322,3.336,26.970,28.798,0.000,0.000,0.0000
116.790,-69.227,35.611,0.321,3.307,27.003,28.828,0.000,0.000,0.0000
116.800,-69.194,35.618,0.321,3.275,27.036,28.859,0.000,0.000,0.0000
116.810,-69.162,35.624,0.321,3.242,27.068,28.889,0.000,0.000,0.0000
116.820,-69.130,35.630,0.321,3.216,27.100,28.919,0.000,0.000,0.0000
116.830,-69.098,35.636,0.321,3.187,27.132,28.949,0.000,0.000,0.0000
116.840,-69.066,35.642,0.321,3.155,27.164,28.978,0.000,0.000,0.0000
116.850,-69.035,35.648,0.320,3.121,27.195,29.007,0.000,0.000,0.0000
116.860,-69.004,35.654,0.320,3.084,27.226,29.036,0.000,0.000,0.0000
116.870,-68.974,35.659,0.321,3.046,27.256,29.064,0.000,0.000,0.0000
116.880,-68.944,35.665,0.321,3.008,27.286,29.092,0.000,0.000,0.0000
116.890,-68.914,35.670,0.321,2.969,27.316,29.120,0.000,0.000,0.0000
116.900,-68.885,35.676,0.321,2.930,27.345,29.147,0.000,0.000,0.0000
116.910,-68.856,35.681,0.321,2.891,27.374,29.174,0.000,0.000,0.0000
116.920,-68.827,35.687,0.321,2.851,27.403,29.200,0.000,0.000,0.0000
116.930,-68.799,35.692,0.322,2.812,27.431,29.226,0.000,0.000,0.0000
116.940,-68.771,35.697,0.322,2.773,27.459,29.252,0.000,0.000,0.0000
116.950,-68.744,35.702,0.322,2.734,27.486,29.277,0.000,0.000,0.0000
116.960,-68.717,35.707,0.322,2.694,27.513,29.302,0.000,0.000,0.0000
116.970,-68.692,35.712,0.323,2.526,27.538,29.326,0.000,0.000,0.0000
116.980,-68.668,35.718,0.323,2.430,27.562,29.348,0.000,0.000,0.0000
116.990,-68.643,35.723,0.324,2.470,27.587,29.371,0.000,0.000,0.0000
117.000,-68.619,35.727,0.324,2.400,27.611,29.393,0.000,0.000,0.0000
117.010,-68.595,35.732,0.325,2.356,27.635,29.415,0.000,0.000,0.0000
117.020,-68.572,35.737,0.325,2.321,27.658,29.436,0.000,0.000,0.0000
117.030,-68.549,35.742,0.325,2.294,27.681,29.458,0.000,0.000,0.0000
117.040,-68.527,35.747,0.325,2.268,27.703,29.479,0.040,0.000,0.0000
117.050,-68.504,35.751,0.325,2.241,27.726,29.500,0.080,0.000,0.0000
117.060,-68.482,35.756,0.325,2.213,27.748,29.520,0.120,0.000,0.0000
117.070,-68.460,35.761,0.325,2.183,27.770,29.541,0.160,0.000,0.0000
117.080,-68.439,35.765,0.325,2.152,27.791,29.561,0.200,0.000,0.0000
117.090,-68.418,35.769,0.325,2.055,27.812,29.580,0.240,0.000,0.0000
117.100,-68.398,35.773,0.325,2.053,27.832,29.599,0.280,0.000,0.0000
117.110,-68.377,35.776,0.325,2.052,27.853,29.618,0.320,0.000,0.0000
117.120,-68.356,35.780,0.324,2.096,27.874,29.638,0.360,0.000,0.0000
117.130,-68.335,35.784,0.324,2.134,27.895,29.658,0.400,0.000,0.0000
117.140,-68.313,35.788,0.323,2.194,27.917,29.679,0.440,0.000,0.0000
117.150,-68.290,35.792,0.322,2.264,27.940,29.700,0.480,0.000,0.0000
117.160,-68.267,35.796,0.320,2.330,27.963,29.723,0.520,0.000,0.0000
117.170,-68.243,35.800,0.319,2.390,27.987,29.745,0.560,0.000,0.0000
117.180,-68.219,35.805,0.318,2.446,28.011,29.769,0.600,0.000,0.0000
117.190,-68.194,35.809,0.316,2.490,28.036,29.792,0.640,0.000,0.0000
117.200,-68.169,35.813,0.315,2.531,28.061,29.816,0.680,0.000,0.0000
117.210,-68.143,35.818,0.313,2.570,28.087,29.841,0.720,0.000,0.0000
117.220,-68.117,35.822,0.312,2.606,28.113,29.866,0.760,0.000,0.0000
117.230,-68.091,35.827,0.311,2.640,28.139,29.891,0.800,0.000,0.0000
117.240,-68.064,35.832,0.310,2.676,28.166,29.916,0.840,0.000,0.0000
117.250,-68.037,35.836,0.309,2.721,28.193,29.942,0.880,0.000,0.0000
117.260,-68.009,35.841,0.308,2.763,28.221,29.968,0.920,0.000,0.0000
117.270,-67.981,35.846,0.307,2.806,28.249,29.994,0.960,0.000,0.0000
117.280,-67.953,35.852,0.306,2.846,28.278,30.021,1.000,0.000,0.0000
117.290,-67.924,35.857,0.305,2.886,28.306,30.048,1.000,0.000,0.0000
117.300,-67.894,35.862,0.305,2.927,28.336,30.076,1.000,0.000,0.0000
117.310,-67.865,35.868,0.305,2.970,28.365,30.104,1.000,0.000,0.0000
117.320,-67.835,35.873,0.304,3.012,28.395,30.132,1.000,0.000,0.0000
117.330,-67.804,35.879,0.304,3.056,28.426,30.161,1.000,0.000,0.0000
117.340,-67.773,35.885,0.304,3.100,28.457,30.190,1.000,0.000,0.0000
117.350,-67.742,35.891,0.304,3.144,28.488,30.219,1.000,0.000,0.0000
117.360,-67.710,35.897,0.304,3.188,28.520,30.249,1.000,0.000,0.0080
117.370,-67.677,35.903,0.304,3.235,28.553,30.279,1.000,0.000,0.0160
117.380,-67.644,35.909,0.305,3.284,28.586,30.310,1.000,0.000,0.0240
117.390,-67.611,35.915,0.305,3.332,28.619,30.341,1.000,0.000,0.0320
117.400,-67.577,35.922,0.305,3.379,28.653,30.372,1.000,0.000,0.0400
117.410,-67.543,35.928,0.306,3.426,28.687,30.404,1.000,0.000,0.0480
117.420,-67.508,35.935,0.306,3.470,28.722,30.437,1.000,0.000,0.0560
117.430,-67.473,35.941,0.306,3.514,28.757,30.469,1.000,0.000,0.0640
117.440,-67.438,35.948,0.307,3.556,28.792,30.503,1.000,0.000,0.0720
117.450,-67.402,35.955,0.307,3.596,28.828,30.536,1.000,0.000,0.0800
117.460,-67.365,35.962,0.308,3.635,28.865,30.570,1.000,0.000,0.0880
117.470,-67.329,35.968,0.308,3.674,28.901,30.604,1.000,0.000,0.0960
117.480,-67.292,35.975,0.309,3.713,28.938,30.639,1.000,0.000,0.1040
117.490,-67.254,35.982,0.309,3.751,28.976,30.674,1.000,0.000,0.1120
117.500,-67.216,35.989,0.310,3.788,29.014,30.709,1.000,0.000,0.1200
117.510,-67.178,35.996,0.310,3.824,29.052,30.745,1.000,0.000,0.1280
117.520,-67.139,36.002,0.311,3.854,29.091,30.781,1.000,0.000,0.1360
117.530,-67.101,36.009,0.311,3.880,29.129,30.817,1.000,0.000,0.1440
117.540,-67.062,36.016,0.312,3.908,29.168,30.853,1.000,0.000,0.1520
117.550,-67.022,36.023,0.312,3.938,29.208,30.890,1.000,0.000,0.1600
117.560,-66.982,36.029,0.312,3.972,29.248,30.927,1.000,0.000,0.1680
117.570,-66.942,36.036,0.313,4.009,29.288,30.965,1.000,0.000,0.1760
117.580,-66.902,36.043,0.313,4.042,29.328,31.003,1.000,0.000,0.1840
117.590,-66.861,36.049,0.313,4.067,29.369,31.041,1.000,0.000,0.1920
117.600,-66.821,36.056,0.314,4.076,29.410,31.079,1.000,0.000,0.2000
117.610,-66.780,36.063,0.314,4.075,29.450,31.117,1.000,0.000,0.2080
117.620,-66.739,36.070,0.314,4.084,29.491,31.155,1.000,0.000,0.2160
117.630,-66.698,36.076,0.314,4.103,29.532,31.194,1.000,0.000,0.2240
117.640,-66.657,36.083,0.315,4.130,29.573,31.233,1.000,0.000,0.2320
117.650,-66.615,36.089,0.315,4.162,29.615,31.272,1.000,0.000,0.2400
117.660,-66.573,36.096,0.315,4.197,29.657,31.311,1.000,0.000,0.2480
117.670,-66.531,36.102,0.315,4.235,29.699,31.351,1.000,0.000,0.2560
117.680,-66.488,36.109,0.315,4.273,29.742,31.391,1.000,0.000,0.2640
117.690,-66.445,36.115,0.315,4.308,29.785,31.432,1.000,0.000,0.2720
117.700,-66.401,36.121,0.315,4.342,29.829,31.472,1.000,0.000,0.2800
117.710,-66.358,36.128,0.314,4.375,29.872,31.514,1.000,0.000,0.2880
117.720,-66.314,36.134,0.314,4.406,29.916,31.555,1.000,0.000,0.2960
117.730,-66.269,36.140,0.314,4.437,29.961,31.597,1.000,0.000,0.3040
117.740,-66.225,36.146,0.314,4.467,30.005,31.639,1.000,0.000,0.3120
117.750,-66.180,36.152,0.313,4.496,30.050,31.681,1.000,0.000,0.3200
117.760,-66.134,36.158,0.313,4.529,30.096,31.724,1.000,0.000,0.3280
117.770,-66.089,36.163,0.313,4.571,30.141,31.767,0.940,0.000,0.3360
117.780,-66.042,36.169,0.313,4.624,30.188,31.811,0.880,0.000,0.3440
117.790,-65.996,36.175,0.312,4.683,30.234,31.855,0.820,0.000,0.3520
117.800,-65.948,36.180,0.312,4.749,30.282,31.900,0.760,0.000,0.3600
117.810,-65.900,36.186,0.311,4.805,30.330,31.946,0.700,0.000,0.3680
117.820,-65.851,36.191,0.311,4.851,30.379,31.991,0.640,0.000,0.3760
117.830,-65.803,36.196,0.310,4.888,30.427,32.038,0.580,0.000,0.3840
117.840,-65.753,36.201,0.310,4.922,30.477,32.084,0.520,0.000,0.3920
117.850,-65.704,36.205,0.310,4.954,30.526,32.131,0.460,0.000,0.4000
117.860,-65.655,36.210,0.311,4.903,30.575,32.177,0.400,0.000,0.4080
117.870,-65.606,36.214,0.312,4.924,30.624,32.223,0.340,0.000,0.4160
117.880,-65.557,36.219,0.314,4.900,30.673,32.268,0.280,0.000,0.4240
117.890,-65.508,36.223,0.318,4.846,30.722,32.313,0.220,0.000,0.4320
117.900,-65.460,36.226,0.322,4.851,30.770,32.357,0.160,0.000,0.4400
117.910,-65.412,36.229,0.326,4.839,30.818,32.401,0.100,0.000,0.4100
117.920,-65.364,36.231,0.331,4.816,30.866,32.445,0.040,0.000,0.3800
117.930,-65.316,36.233,0.336,4.769,30.914,32.488,0.000,0.000,0.3500
117.940,-65.270,36.235,0.341,4.710,30.960,32.530,0.000,0.000,0.3200
117.950,-65.224,36.236,0.346,4.642,31.007,32.572,0.000,0.000,0.2900
117.960,-65.178,36.237,0.351,4.579,31.052,32.614,0.000,0.000,0.2600
117.970,-65.133,36.238,0.356,4.525,31.097,32.654,0.000,0.000,0.2300
117.980,-65.088,36.238,0.361,4.480,31.142,32.695,0.000,0.000,0.2000
117.990,-65.044,36.238,0.366,4.449,31.186,32.735,0.000,0.000,0.1700
118.000,-65.000,36.238,0.370,4.426,31.230,32.776,0.000,0.000,0.1400
118.010,-64.956,36.238,0.373,4.410,31.274,32.816,0.000,0.000,0.1100
118.020,-64.912,36.238,0.376,4.399,31.318,32.857,0.000,0.000,0.0800
118.030,-64.869,36.238,0.379,4.386,31.362,32.897,0.000,0.000,0.0500
118.040,-64.825,36.237,0.381,4.376,31.405,32.938,0.000,0.000,0.0200
118.050,-64.781,36.236,0.383,4.361,31.449,32.979,0.000,0.000,0.0000
118.060,-64.738,36.235,0.384,4.348,31.492,33.019,0.000,0.000,0.0000
118.070,-64.694,36.234,0.384,4.331,31.536,33.060,0.000,0.000,0.0000
118.080,-64.651,36.233,0.385,4.308,31.579,33.101,0.000,0.000,0.0000
118.090,-64.609,36.232,0.385,4.279,31.622,33.142,0.000,0.000,0.0000
118.100,-64.566,36.230,0.384,4.247,31.664,33.182,0.000,0.000,0.0000
118.110,-64.524,36.229,0.383,4.214,31.706,33.222,0.000,0.000,0.0000
118.120,-64.482,36.227,0.382,4.180,31.748,33.262,0.000,0.000,0.0000
118.130,-64.441,36.226,0.381,4.147,31.789,33.302,0.000,0.000,0.0000
118.140,-64.400,36.225,0.380,4.118,31.831,33.341,0.000,0.000,0.0000
118.150,-64.359,36.223,0.378,4.098,31.871,33.380,0.000,0.000,0.0000
118.160,-64.318,36.222,0.376,4.078,31.912,33.420,0.000,0.000,0.0000
118.170,-64.277,36.220,0.375,4.052,31.953,33.459,0.000,0.000,0.0000
118.180,-64.237,36.219,0.373,4.020,31.993,33.497,0.000,0.000,0.0000
118.190,-64.197,36.217,0.371,3.983,32.033,33.536,0.000,0.000,0.0000
118.200,-64.158,36.216,0.369,3.944,32.072,33.574,0.000,0.000,0.0000
118.210,-64.119,36.214,0.367,3.904,32.111,33.611,0.000,0.000,0.0000
118.220,-64.080,36.213,0.365,3.863,32.150,33.648,0.000,0.000,0.0000
118.230,-64.042,36.212,0.364,3.822,32.188,33.685,0.000,0.000,0.0000
118.240,-64.005,36.210,0.362,3.781,32.226,33.721,0.000,0.000,0.0000
118.250,-63.967,36.209,0.361,3.741,32.263,33.757,0.000,0.000,0.0000
118.260,-63.930,36.208,0.360,3.701,32.300,33.793,0.040,0.000,0.0000
118.270,-63.894,36.207,0.359,3.661,32.337,33.828,0.080,0.000,0.0000
118.280,-63.857,36.206,0.358,3.622,32.373,33.862,0.120,0.000,0.0000
118.290,-63.822,36.204,0.357,3.582,32.409,33.897,0.160,0.000,0.0000
118.300,-63.786,36.203,0.357,3.543,32.444,33.930,0.200,0.000,0.0000
118.310,-63.751,36.202,0.356,3.501,32.479,33.964,0.240,0.000,0.0000
118.320,-63.716,36.201,0.356,3.459,32.514,33.997,0.280,0.000,0.0000
118.330,-63.682,36.200,0.356,3.416,32.548,34.029,0.320,0.000,0.0000
118.340,-63.648,36.199,0.356,3.400,32.582,34.061,0.360,0.000,0.0000
118.350,-63.614,36.198,0.356,3.406,32.616,34.094,0.400,0.000,0.0000
118.360,-63.580,36.197,0.356,3.429,32.650,34.126,0.440,0.000,0.0000
118.370,-63.545,36.196,0.356,3.461,32.685,34.159,0.480,0.000,0.0000
118.380,-63.510,36.195,0.355,3.500,32.720,34.193,0.520,0.000,0.0000
118.390,-63.475,36.193,0.355,3.541,32.755,34.226,0.560,0.000,0.0000
118.400,-63.439,36.192,0.355,3.582,32.791,34.261,0.600,0.000,0.0000
118.410,-63.403,36.191,0.354,3.622,32.827,34.295,0.640,0.000,0.0000
118.420,-63.366,36.190,0.354,3.661,32.864,34.330,0.680,0.000,0.0000
118.430,-63.329,36.189,0.354,3.697,32.901,34.365,0.720,0.000,0.0000
118.440,-63.292,36.187,0.353,3.729,32.938,34.401,0.760,0.000,0.0000
118.450,-63.254,36.186,0.353,3.759,32.976,34.437,0.800,0.000,0.0000
118.460,-63.217,36.185,0.352,3.791,33.013,34.473,0.840,0.000,0.0000
118.470,-63.178,36.183,0.352,3.826,33.052,34.509,0.780,0.000,0.0000
118.480,-63.140,36.182,0.352,3.864,33.090,34.546,0.720,0.000,0.0000
118.490,-63.101,36.180,0.351,3.904,33.129,34.584,0.660,0.000,0.0000
118.500,-63.061,36.179,0.351,3.946,33.169,34.621,0.600,0.000,0.0000
118.510,-63.021,36.178,0.350,3.989,33.209,34.659,0.540,0.000,0.0000
118.520,-62.981,36.176,0.350,4.033,33.249,34.698,0.480,0.000,0.0000
118.530,-62.940,36.175,0.350,4.078,33.290,34.737,0.420,0.000,0.0000
118.540,-62.899,36.173,0.349,4.123,33.331,34.776,0.360,0.000,0.0000
118.550,-62.858,36.172,0.349,4.144,33.373,34.816,0.300,0.000,0.0000
118.560,-62.816,36.170,0.349,4.143,33.414,34.855,0.240,0.000,0.0000
118.570,-62.775,36.169,0.349,4.127,33.455,34.894,0.180,0.000,0.0000
118.580,-62.734,36.167,0.349,4.101,33.496,34.933,0.120,0.000,0.0000
118.590,-62.693,36.166,0.350,4.068,33.537,34.972,0.060,0.000,0.0000
118.600,-62.653,36.164,0.350,4.030,33.577,35.010,0.000,0.000,0.0000
118.610,-62.613,36.163,0.351,3.989,33.617,35.048,0.000,0.000,0.0000
118.620,-62.573,36.161,0.352,3.948,33.657,35.085,0.000,0.000,0.0000
118.630,-62.534,36.160,0.353,3.905,33.696,35.122,0.000,0.000,0.0000
118.640,-62.496,36.158,0.354,3.863,33.734,35.158,0.000,0.000,0.0000
118.650,-62.458,36.157,0.355,3.820,33.772,35.194,0.000,0.000,0.0000
118.660,-62.420,36.155,0.357,3.776,33.810,35.230,0.000,0.000,0.0000
118.670,-62.383,36.154,0.358,3.733,33.847,35.265,0.000,0.000,0.0000
118.680,-62.346,36.152,0.359,3.690,33.884,35.300,0.000,0.000,0.0000
118.690,-62.309,36.151,0.360,3.648,33.921,35.334,0.000,0.000,0.0000
118.700,-62.273,36.150,0.362,3.605,33.957,35.368,0.000,0.000,0.0000
118.710,-62.238,36.148,0.363,3.562,33.992,35.402,0.000,0.000,0.0000
118.720,-62.202,36.147,0.364,3.519,34.028,35.435,0.000,0.000,0.0000
118.730,-62.168,36.145,0.365,3.476,34.062,35.468,0.000,0.000,0.0000
118.740,-62.133,36.144,0.366,3.433,34.097,35.501,0.000,0.000,0.0000
118.750,-62.100,36.143,0.367,3.389,34.131,35.533,0.000,0.000,0.0000
118.760,-62.066,36.141,0.367,3.345,34.164,35.564,0.000,0.000,0.0000
118.770,-62.033,36.140,0.368,3.300,34.197,35.596,0.000,0.000,0.0000
118.780,-62.001,36.139,0.369,3.253,34.230,35.626,0.000,0.000,0.0000
118.790,-61.968,36.137,0.369,3.207,34.262,35.657,0.000,0.000,0.0000
118.800,-61.937,36.136,0.369,3.171,34.293,35.687,0.000,0.000,0.0000
118.810,-61.905,36.134,0.370,3.136,34.325,35.717,0.000,0.000,0.0000
118.820,-61.874,36.133,0.370,3.100,34.356,35.747,0.000,0.000,0.0000
118.830,-61.844,36.132,0.370,3.063,34.386,35.776,0.000,0.000,0.0000
118.840,-61.814,36.130,0.370,3.026,34.417,35.805,0.000,0.000,-0.0080
118.850,-61.784,36.129,0.369,2.990,34.446,35.833,0.000,0.000,-0.0160
118.860,-61.754,36.127,0.369,2.956,34.476,35.862,0.000,0.000,-0.0240
118.870,-61.725,36.126,0.369,2.923,34.505,35.890,0.000,0.000,-0.0320
118.880,-61.696,36.125,0.368,2.891,34.534,35.917,0.000,0.000,-0.0400
118.890,-61.667,36.123,0.368,2.858,34.563,35.945,0.000,0.000,-0.0480
118.900,-61.639,36.122,0.367,2.826,34.591,35.972,0.000,0.000,-0.0560
118.910,-61.611,36.121,0.367,2.792,34.619,35.999,0.000,0.000,-0.0640
118.920,-61.584,36.120,0.366,2.759,34.646,36.025,0.000,0.000,-0.0720
118.930,-61.556,36.119,0.366,2.724,34.674,36.051,0.000,0.000,-0.0800
118.940,-61.529,36.117,0.365,2.689,34.701,36.077,0.000,0.000,-0.0880
118.950,-61.503,36.116,0.365,2.654,34.727,36.103,0.000,0.000,-0.0960
118.960,-61.477,36.115,0.364,2.619,34.753,36.128,0.000,0.000,-0.1040
118.970,-61.451,36.114,0.363,2.582,34.779,36.153,0.000,0.000,-0.1120
118.980,-61.426,36.113,0.363,2.545,34.805,36.177,0.000,0.000,-0.1200
118.990,-61.400,36.112,0.363,2.506,34.830,36.201,0.000,0.000,-0.1280
119.000,-61.376,36.112,0.362,2.467,34.854,36.225,0.000,0.000,-0.1360
119.010,-61.352,36.111,0.362,2.426,34.879,36.248,0.000,0.000,-0.1440
119.020,-61.328,36.110,0.362,2.382,34.902,36.271,0.000,0.000,-0.1520
119.030,-61.304,36.109,0.362,2.338,34.926,36.294,0.000,0.000,-0.1600
119.040,-61.281,36.108,0.361,2.293,34.949,36.316,0.000,0.000,-0.1680
119.050,-61.259,36.108,0.361,2.248,34.971,36.337,0.000,0.000,-0.1760
119.060,-61.237,36.107,0.361,2.204,34.993,36.358,0.000,0.000,-0.1840
119.070,-61.215,36.106,0.361,2.160,35.015,36.379,0.000,0.000,-0.1920
119.080,-61.194,36.106,0.362,2.118,35.036,36.399,0.000,0.000,-0.2000
119.090,-61.173,36.105,0.362,2.076,35.057,36.419,0.000,0.000,-0.2080
119.100,-61.153,36.105,0.362,2.035,35.077,36.438,0.000,0.000,-0.2160
119.110,-61.133,36.104,0.362,1.993,35.097,36.457,0.000,0.000,-0.2240
119.120,-61.114,36.104,0.362,1.951,35.117,36.476,0.000,0.000,-0.2320
119.130,-61.094,36.103,0.362,1.910,35.136,36.494,0.000,0.000,-0.2400
119.140,-61.076,36.103,0.363,1.868,35.154,36.512,0.000,0.000,-0.2480
119.150,-61.058,36.103,0.363,1.826,35.173,36.529,0.000,0.000,-0.2560
119.160,-61.040,36.102,0.363,1.782,35.190,36.546,0.000,0.000,-0.2640
119.170,-61.022,36.102,0.364,1.737,35.208,36.563,0.000,0.000,-0.2720
119.180,-61.005,36.102,0.364,1.689,35.225,36.579,0.000,0.000,-0.2800
119.190,-60.989,36.101,0.364,1.640,35.241,36.594,0.000,0.000,-0.2880
119.200,-60.973,36.101,0.364,1.591,35.257,36.609,0.000,0.000,-0.2960
119.210,-60.958,36.101,0.365,1.541,35.272,36.624,0.000,0.000,-0.3040
119.220,-60.943,36.101,0.365,1.491,35.287,36.638,0.000,0.000,-0.2740
119.230,-60.928,36.101,0.365,1.444,35.302,36.652,0.000,0.000,-0.2440
119.240,-60.914,36.101,0.365,1.396,35.316,36.665,0.000,0.000,-0.2140
119.250,-60.901,36.101,0.366,1.353,35.329,36.678,0.000,0.000,-0.1840
119.260,-60.888,36.101,0.366,1.304,35.342,36.691,0.000,0.000,-0.1540
119.270,-60.875,36.101,0.366,1.258,35.355,36.703,0.000,0.000,-0.1240
119.280,-60.863,36.101,0.366,1.214,35.367,36.714,0.000,0.000,-0.0940
119.290,-60.851,36.101,0.366,1.174,35.379,36.725,0.000,0.000,-0.0640
119.300,-60.840,36.101,0.366,1.138,35.390,36.736,0.000,0.000,-0.0340
119.310,-60.829,36.101,0.366,1.104,35.401,36.747,0.000,0.000,-0.0040
119.320,-60.818,36.101,0.366,1.072,35.412,36.757,0.000,0.000,0.0000
119.330,-60.808,36.101,0.366,1.038,35.422,36.767,0.000,0.000,0.0000
119.340,-60.798,36.102,0.366,1.001,35.432,36.777,0.000,0.000,0.0000
119.350,-60.788,36.102,0.366,0.963,35.442,36.786,0.000,0.000,0.0000
119.360,-60.779,36.102,0.365,0.924,35.451,36.795,0.000,0.000,0.0000
119.370,-60.770,36.102,0.365,0.884,35.460,36.803,0.040,0.000,0.0000
119.380,-60.762,36.102,0.365,0.845,35.468,36.812,0.080,0.000,0.0000
119.390,-60.753,36.102,0.365,0.824,35.477,36.820,0.120,0.000,0.0000
119.400,-60.745,36.102,0.364,0.828,35.485,36.828,0.160,0.000,0.0000
119.410,-60.737,36.102,0.364,0.852,35.493,36.836,0.200,0.000,0.0000
119.420,-60.728,36.102,0.363,0.890,35.502,36.845,0.240,0.000,0.0000
119.430,-60.719,36.102,0.362,0.935,35.512,36.854,0.280,0.000,0.0000
119.440,-60.709,36.102,0.361,0.980,35.521,36.863,0.320,0.000,0.0000
119.450,-60.699,36.102,0.360,1.023,35.531,36.873,0.360,0.000,0.0000
119.460,-60.688,36.102,0.359,1.064,35.542,36.884,0.400,0.000,0.0000
119.470,-60.677,36.102,0.358,1.104,35.553,36.895,0.440,0.000,0.0000
119.480,-60.666,36.101,0.357,1.143,35.564,36.906,0.480,0.000,0.0000
119.490,-60.654,36.101,0.355,1.181,35.576,36.918,0.520,0.000,0.0000
119.500,-60.642,36.101,0.354,1.220,35.588,36.930,0.560,0.000,0.0000
119.510,-60.629,36.101,0.353,1.261,35.601,36.942,0.600,0.000,0.0000
119.520,-60.616,36.101,0.352,1.305,35.614,36.955,0.640,0.000,0.0000
119.530,-60.603,36.101,0.351,1.349,35.627,36.968,0.680,0.000,0.0000
119.540,-60.589,36.101,0.350,1.391,35.641,36.981,0.720,0.000,0.0000
119.550,-60.575,36.100,0.349,1.432,35.655,36.995,0.760,0.000,0.0000
119.560,-60.560,36.100,0.348,1.473,35.670,37.010,0.800,0.000,0.0000
119.570,-60.545,36.100,0.347,1.513,35.685,37.024,0.840,0.000,0.0000
119.580,-60.529,36.100,0.346,1.554,35.701,37.040,0.880,0.000,0.0000
119.590,-60.513,36.100,0.346,1.595,35.717,37.055,0.920,0.000,0.0000
119.600,-60.497,36.100,0.345,1.636,35.733,37.071,0.960,0.000,0.0000
119.610,-60.480,36.099,0.345,1.683,35.750,37.087,1.000,0.000,0.0000
119.620,-60.463,36.099,0.345,1.730,35.767,37.104,1.000,0.000,0.0000
119.630,-60.445,36.099,0.345,1.780,35.785,37.121,1.000,0.000,0.0000
119.640,-60.427,36.099,0.345,1.780,35.803,37.138,1.000,0.000,0.0000
119.650,-60.409,36.099,0.345,1.834,35.821,37.155,1.000,0.000,0.0000
119.660,-60.390,36.098,0.345,1.883,35.840,37.173,1.000,0.000,0.0000
119.670,-60.371,36.098,0.345,1.930,35.859,37.192,1.000,0.000,0.0000
119.680,-60.351,36.098,0.345,1.964,35.879,37.210,1.000,0.000,0.0000
119.690,-60.332,36.098,0.346,1.962,35.898,37.229,1.000,0.000,0.0000
119.700,-60.312,36.097,0.346,1.958,35.918,37.248,1.000,0.000,0.0000
119.710,-60.292,36.097,0.347,1.965,35.938,37.266,1.000,0.000,0.0000
119.720,-60.273,36.097,0.348,1.962,35.957,37.285,1.000,0.000,0.0000
119.730,-60.252,36.097,0.348,2.069,35.978,37.305,1.000,0.000,0.0000
119.740,-60.231,36.097,0.349,2.148,35.999,37.325,1.000,0.000,0.0000
119.750,-60.208,36.096,0.349,2.242,36.022,37.346,1.000,0.000,0.0000
119.760,-60.185,36.096,0.349,2.310,36.045,37.369,1.000,0.000,0.0000
119.770,-60.161,36.096,0.349,2.374,36.069,37.391,1.000,0.000,0.0000
119.780,-60.137,36.095,0.349,2.426,36.093,37.414,1.000,0.000,0.0000
119.790,-60.112,36.095,0.349,2.468,36.118,37.438,1.000,0.000,0.0000
119.800,-60.087,36.095,0.350,2.505,36.143,37.462,1.000,0.000,0.0000
119.810,-60.062,36.094,0.350,2.538,36.168,37.486,1.000,0.000,0.0000
119.820,-60.036,36.094,0.350,2.570,36.194,37.511,1.000,0.000,0.0000
119.830,-60.010,36.094,0.350,2.603,36.220,37.536,1.000,0.000,0.0000
119.840,-59.984,36.093,0.350,2.636,36.246,37.561,1.000,0.000,0.0000
119.850,-59.957,36.093,0.351,2.669,36.273,37.587,1.000,0.000,0.0000
119.860,-59.930,36.092,0.351,2.704,36.300,37.612,1.000,0.000,0.0000
119.870,-59.903,36.092,0.351,2.739,36.327,37.639,1.000,0.000,0.0000
119.880,-59.875,36.092,0.351,2.775,36.355,37.665,1.000,0.000,0.0000
119.890,-59.847,36.091,0.351,2.811,36.383,37.692,1.000,0.000,0.0000
119.900,-59.818,36.091,0.351,2.846,36.412,37.719,1.000,0.000,0.0000
119.910,-59.790,36.090,0.351,2.879,36.440,37.747,1.000,0.000,0.0000
119.920,-59.761,36.090,0.352,2.911,36.470,37.775,1.000,0.000,0.0000
119.930,-59.731,36.089,0.352,2.944,36.499,37.803,1.000,0.000,0.0000
119.940,-59.701,36.089,0.352,2.979,36.529,37.832,1.000,0.000,0.0000
119.950,-59.671,36.088,0.352,3.016,36.559,37.861,1.000,0.000,0.0000
119.960,-59.641,36.088,0.352,3.053,36.589,37.890,1.000,0.000,0.0000
119.970,-59.610,36.087,0.352,3.091,36.620,37.920,1.000,0.000,0.0000
119.980,-59.578,36.087,0.352,3.130,36.652,37.950,1.000,0.000,0.0000
119.990,-59.547,36.086,0.352,3.169,36.683,37.980,1.000,0.000,0.0000
120.000,-59.515,36.086,0.352,3.205,36.715,38.011,1.000,0.000,0.0000
120.010,-59.482,36.085,0.352,3.243,36.748,38.042,1.000,0.000,0.0000
120.020,-59.449,36.085,0.351,3.283,36.781,38.074,1.000,0.000,0.0000
120.030,-59.416,36.084,0.351,3.323,36.814,38.105,1.000,0.000,0.0000
120.040,-59.383,36.084,0.351,3.364,36.848,38.138,1.000,0.000,0.0000
120.050,-59.348,36.083,0.351,3.406,36.882,38.171,1.000,0.000,0.0000
120.060,-59.314,36.083,0.351,3.449,36.916,38.204,1.000,0.000,0.0000
120.070,-59.279,36.082,0.351,3.491,36.951,38.237,1.000,0.000,0.0000
120.080,-59.244,36.081,0.350,3.533,36.986,38.271,1.000,0.000,0.0000
120.090,-59.208,36.081,0.350,3.576,37.022,38.306,1.000,0.000,0.0000
120.100,-59.172,36.080,0.350,3.618,37.058,38.340,1.000,0.000,0.0000
120.110,-59.135,36.080,0.350,3.660,37.095,38.376,1.000,0.000,0.0000
120.120,-59.098,36.079,0.350,3.707,37.132,38.411,1.000,0.000,0.0000
120.130,-59.061,36.078,0.350,3.754,37.169,38.447,1.000,0.000,0.0000
120.140,-59.023,36.078,0.349,3.799,37.207,38.484,1.000,0.000,0.0000
120.150,-58.984,36.077,0.349,3.843,37.246,38.521,1.000,0.000,0.0000
120.160,-58.945,36.077,0.349,3.885,37.285,38.558,1.000,0.000,0.0000
120.170,-58.906,36.076,0.349,3.927,37.324,38.596,1.000,0.000,0.0000
120.180,-58.866,36.075,0.349,3.968,37.364,38.634,1.000,0.000,0.0000
120.190,-58.826,36.075,0.349,4.009,37.404,38.673,1.000,0.000,0.0000
120.200,-58.786,36.074,0.349,4.048,37.444,38.712,1.000,0.000,0.0000
120.210,-58.745,36.074,0.349,4.085,37.485,38.751,1.000,0.000,0.0000
120.220,-58.704,36.073,0.349,4.121,37.526,38.791,1.000,0.000,0.0000
120.230,-58.662,36.072,0.349,4.157,37.568,38.831,1.000,0.000,0.0000
120.240,-58.620,36.072,0.349,4.193,37.610,38.871,1.000,0.000,0.0000
120.250,-58.578,36.071,0.349,4.231,37.652,38.912,1.000,0.000,0.0000
120.260,-58.535,36.070,0.349,4.269,37.695,38.953,1.000,0.000,0.0000
120.270,-58.492,36.070,0.349,4.308,37.738,38.994,1.000,0.000,0.0000
120.280,-58.449,36.069,0.349,4.347,37.781,39.036,1.000,0.000,0.0000
120.290,-58.405,36.068,0.349,4.385,37.825,39.078,1.000,0.000,0.0000
120.300,-58.361,36.068,0.349,4.424,37.869,39.121,1.000,0.000,0.0000
120.310,-58.316,36.067,0.350,4.459,37.914,39.163,1.000,0.000,0.0000
120.320,-58.271,36.066,0.350,4.496,37.959,39.207,1.000,0.000,0.0000
120.330,-58.226,36.066,0.350,4.534,38.004,39.250,1.000,0.000,0.0000
120.340,-58.180,36.065,0.350,4.574,38.050,39.294,1.000,0.000,0.0000
120.350,-58.134,36.064,0.350,4.615,38.096,39.339,1.000,0.000,0.0000
120.360,-58.087,36.063,0.350,4.657,38.143,39.383,1.000,0.000,0.0000
120.370,-58.040,36.063,0.350,4.703,38.190,39.429,1.000,0.000,0.0000
120.380,-57.993,36.062,0.350,4.749,38.237,39.474,1.000,0.000,0.0000
120.390,-57.945,36.061,0.350,4.794,38.285,39.521,1.000,0.000,0.0000
120.400,-57.896,36.060,0.350,4.837,38.334,39.567,1.000,0.000,0.0000
120.410,-57.848,36.060,0.350,4.879,38.382,39.614,1.000,0.000,0.0000
120.420,-57.798,36.059,0.350,4.920,38.432,39.661,1.000,0.000,0.0000
120.430,-57.749,36.058,0.350,4.960,38.481,39.709,1.000,0.000,0.0000
120.440,-57.699,36.057,0.350,4.999,38.531,39.757,1.000,0.000,0.0000
120.450,-57.648,36.056,0.350,5.035,38.582,39.806,1.000,0.000,0.0000
120.460,-57.598,36.055,0.350,5.069,38.632,39.855,1.000,0.000,0.0000
120.470,-57.547,36.054,0.350,5.104,38.683,39.904,1.000,0.000,0.0000
120.480,-57.495,36.053,0.350,5.142,38.735,39.953,1.000,0.000,0.0000
120.490,-57.444,36.052,0.350,5.179,38.786,40.003,1.000,0.000,0.0000
120.500,-57.391,36.051,0.350,5.219,38.839,40.054,1.000,0.000,0.0000
120.510,-57.339,36.050,0.349,5.258,38.891,40.105,1.000,0.000,0.0000
120.520,-57.286,36.050,0.347,5.295,38.944,40.156,1.000,0.000,0.0000
120.530,-57.233,36.049,0.344,5.331,38.997,40.208,1.000,0.000,0.0000
120.540,-57.179,36.048,0.340,5.360,39.051,40.261,1.000,0.000,0.0000
120.550,-57.125,36.047,0.337,5.386,39.105,40.314,1.000,0.000,0.0000
120.560,-57.071,36.046,0.333,5.417,39.159,40.367,1.000,0.000,0.0000
120.570,-57.017,36.045,0.329,5.455,39.213,40.420,1.000,0.000,0.0000
120.580,-56.962,36.044,0.325,5.493,39.268,40.474,1.000,0.000,0.0000
120.590,-56.907,36.043,0.321,5.535,39.323,40.528,1.000,0.000,0.0000
120.600,-56.851,36.042,0.317,5.578,39.379,40.583,1.000,0.000,0.0000
120.610,-56.795,36.041,0.314,5.626,39.435,40.638,1.000,0.000,0.0000
120.620,-56.739,36.040,0.310,5.674,39.491,40.694,1.000,0.000,0.0000
120.630,-56.681,36.039,0.307,5.721,39.549,40.750,1.000,0.000,0.0000
120.640,-56.624,36.038,0.304,5.766,39.606,40.806,1.000,0.000,0.0000
120.650,-56.566,36.036,0.302,5.810,39.664,40.863,1.000,0.000,0.0000
120.660,-56.507,36.035,0.299,5.851,39.723,40.920,1.000,0.000,0.0000
120.670,-56.449,36.034,0.297,5.887,39.781,40.977,1.000,0.000,0.0000
120.680,-56.389,36.033,0.296,5.925,39.841,41.035,1.000,0.000,0.0000
120.690,-56.330,36.032,0.295,5.964,39.900,41.093,1.000,0.000,0.0000
120.700,-56.270,36.031,0.294,6.004,39.960,41.151,1.000,0.000,0.0000
120.710,-56.209,36.030,0.293,6.045,40.021,41.209,1.000,0.000,0.0000
120.720,-56.148,36.028,0.293,6.087,40.082,41.268,1.000,0.000,0.0000
120.730,-56.087,36.027,0.293,6.128,40.143,41.327,1.000,0.000,0.0000
120.740,-56.025,36.026,0.293,6.169,40.205,41.387,1.000,0.000,0.0000
120.750,-55.963,36.025,0.294,6.209,40.267,41.447,1.000,0.000,0.0000
120.760,-55.901,36.024,0.295,6.247,40.329,41.507,1.000,0.000,0.0000
120.770,-55.838,36.023,0.296,6.287,40.392,41.567,1.000,0.000,0.0000
120.780,-55.775,36.021,0.297,6.329,40.455,41.628,1.000,0.000,0.0000
120.790,-55.711,36.020,0.298,6.373,40.519,41.689,1.000,0.000,0.0000
120.800,-55.647,36.019,0.299,6.418,40.583,41.751,1.000,0.000,0.0000
120.810,-55.582,36.018,0.301,6.468,40.648,41.813,1.000,0.000,0.0000
120.820,-55.517,36.017,0.302,6.516,40.713,41.876,1.000,0.000,0.0000
120.830,-55.451,36.015,0.303,6.563,40.779,41.939,1.000,0.000,0.0000
120.840,-55.385,36.014,0.305,6.604,40.845,42.002,1.000,0.000,0.0000
120.850,-55.319,36.013,0.306,6.640,40.911,42.066,1.000,0.000,0.0000
120.860,-55.252,36.011,0.307,6.676,40.978,42.130,1.000,0.000,0.0000
120.870,-55.185,36.010,0.309,6.714,41.045,42.195,1.000,0.000,0.0000
120.880,-55.118,36.009,0.310,6.751,41.112,42.260,1.000,0.000,0.0000
120.890,-55.050,36.007,0.311,6.790,41.180,42.325,1.000,0.000,0.0000
120.900,-54.981,36.006,0.312,6.827,41.249,42.391,1.000,0.000,0.0000
120.910,-54.913,36.004,0.313,6.865,41.317,42.457,1.000,0.000,0.0000
120.920,-54.844,36.003,0.314,6.901,41.386,42.524,1.000,0.000,0.0000
120.930,-54.774,36.002,0.314,6.937,41.456,42.591,1.000,0.000,0.0000
120.940,-54.705,36.000,0.315,6.969,41.525,42.658,1.000,0.000,0.0000
120.950,-54.635,35.999,0.316,7.005,41.595,42.726,1.000,0.000,0.0000
120.960,-54.564,35.997,0.316,7.043,41.666,42.794,1.000,0.000,0.0000
120.970,-54.493,35.995,0.316,7.084,41.737,42.863,1.000,0.000,0.0000
120.980,-54.422,35.994,0.316,7.126,41.808,42.932,1.000,0.000,0.0000
120.990,-54.350,35.992,0.316,7.172,41.880,43.001,1.000,0.000,0.0000
121.000,-54.278,35.991,0.316,7.218,41.952,43.071,1.000,0.000,0.0000
121.010,-54.206,35.989,0.316,7.262,42.024,43.141,1.000,0.000,0.0000
121.020,-54.133,35.987,0.316,7.299,42.097,43.212,1.000,0.000,0.0000
121.030,-54.059,35.986,0.315,7.335,42.171,43.283,1.000,0.000,0.0000
121.040,-53.986,35.984,0.315,7.372,42.244,43.355,1.000,0.000,0.0000
121.050,-53.911,35.982,0.315,7.410,42.319,43.427,1.000,0.000,0.0000
121.060,-53.837,35.981,0.314,7.448,42.393,43.499,1.000,0.000,0.0000
121.070,-53.762,35.979,0.314,7.486,42.468,43.572,1.000,0.000,0.0000
121.080,-53.687,35.978,0.313,7.523,42.543,43.645,1.000,0.000,0.0000
121.090,-53.611,35.976,0.313,7.559,42.619,43.718,1.000,0.000,0.0000
121.100,-53.535,35.975,0.312,7.591,42.695,43.792,1.000,0.000,0.0000
121.110,-53.459,35.973,0.312,7.627,42.771,43.866,1.000,0.000,0.0000
121.120,-53.382,35.971,0.311,7.666,42.848,43.940,1.000,0.000,0.0000
121.130,-53.305,35.970,0.311,7.709,42.925,44.015,1.000,0.000,0.0000
121.140,-53.228,35.968,0.311,7.753,43.002,44.091,1.000,0.000,0.0000
121.150,-53.150,35.967,0.310,7.802,43.080,44.166,1.000,0.000,0.0000
121.160,-53.071,35.965,0.310,7.850,43.159,44.243,1.000,0.000,0.0000
121.170,-52.992,35.964,0.309,7.890,43.238,44.319,1.000,0.000,0.0000
121.180,-52.913,35.962,0.309,7.928,43.317,44.396,1.000,0.000,0.0000
121.190,-52.833,35.960,0.309,7.967,43.397,44.474,1.000,0.000,0.0000
121.200,-52.753,35.959,0.309,8.007,43.477,44.551,1.000,0.000,0.0000
121.210,-52.673,35.957,0.308,8.046,43.557,44.630,1.000,0.000,0.0000
121.220,-52.592,35.955,0.308,8.085,43.638,44.708,1.000,0.000,0.0000
121.230,-52.511,35.953,0.308,8.123,43.719,44.787,1.000,0.000,0.0000
121.240,-52.429,35.952,0.308,8.160,43.801,44.866,1.000,0.000,0.0000
121.250,-52.347,35.950,0.308,8.191,43.883,44.946,1.000,0.000,0.0000
121.260,-52.265,35.948,0.308,8.227,43.965,45.026,1.000,0.000,0.0000
121.270,-52.182,35.946,0.308,8.266,44.048,45.106,1.000,0.000,0.0000
121.280,-52.099,35.944,0.308,8.309,44.131,45.187,1.000,0.000,0.0000
121.290,-52.016,35.942,0.308,8.354,44.214,45.268,1.000,0.000,0.0000
121.300,-51.932,35.940,0.309,8.402,44.298,45.349,1.000,0.000,0.0000
121.310,-51.847,35.938,0.309,8.450,44.383,45.432,1.000,0.000,0.0000
121.320,-51.762,35.936,0.309,8.490,44.468,45.514,1.000,0.000,0.0000
121.330,-51.677,35.934,0.309,8.530,44.553,45.597,1.000,0.000,0.0000
121.340,-51.591,35.932,0.309,8.570,44.639,45.680,1.000,0.000,0.0000
121.350,-51.505,35.930,0.309,8.609,44.725,45.764,1.000,0.000,0.0000
121.360,-51.419,35.928,0.309,8.648,44.811,45.848,1.000,0.000,0.0000
121.370,-51.332,35.926,0.309,8.685,44.898,45.932,1.000,0.000,0.0000
121.380,-51.245,35.924,0.310,8.722,44.985,46.017,1.000,0.000,0.0000
121.390,-51.157,35.923,0.310,8.752,45.073,46.102,1.000,0.000,0.0000
121.400,-51.069,35.921,0.310,8.787,45.161,46.188,1.000,0.000,0.0000
121.410,-50.981,35.919,0.310,8.827,45.249,46.273,1.000,0.000,0.0000
121.420,-50.892,35.917,0.310,8.870,45.338,46.360,1.000,0.000,0.0000
121.430,-50.803,35.915,0.311,8.918,45.427,46.446,1.000,0.000,0.0000
121.440,-50.714,35.913,0.311,8.966,45.516,46.534,1.000,0.000,0.0000
121.450,-50.623,35.911,0.311,9.006,45.607,46.621,1.000,0.000,0.0000
121.460,-50.533,35.909,0.311,9.045,45.697,46.709,1.000,0.000,0.0000
121.470,-50.442,35.907,0.311,9.085,45.788,46.798,1.000,0.000,0.0000
121.480,-50.351,35.905,0.311,9.125,45.879,46.887,1.000,0.000,0.0000
121.490,-50.259,35.903,0.311,9.164,45.971,46.976,1.000,0.000,0.0000
121.500,-50.167,35.901,0.311,9.202,46.063,47.065,1.000,0.000,0.0000
121.510,-50.075,35.899,0.311,9.239,46.155,47.155,1.000,0.000,0.0000
121.520,-49.982,35.897,0.311,9.267,46.248,47.246,1.000,0.000,0.0000
121.530,-49.889,35.894,0.311,9.300,46.341,47.336,1.000,0.000,0.0000
121.540,-49.796,35.892,0.311,9.340,46.434,47.427,1.000,0.000,0.0000
121.550,-49.702,35.890,0.311,9.383,46.528,47.519,1.000,0.000,0.0000
121.560,-49.608,35.888,0.311,9.432,46.622,47.611,1.000,0.000,0.0000
121.570,-49.513,35.885,0.311,9.482,46.717,47.703,1.000,0.000,0.0000
121.580,-49.418,35.883,0.311,9.522,46.812,47.796,1.000,0.000,0.0000
121.590,-49.322,35.881,0.311,9.562,46.908,47.889,1.000,0.000,0.0000
121.600,-49.226,35.878,0.311,9.602,47.004,47.983,1.000,0.000,0.0000
121.610,-49.130,35.876,0.311,9.642,47.100,48.077,1.000,0.000,0.0000
121.620,-49.033,35.874,0.310,9.680,47.197,48.171,1.000,0.000,0.0000
121.630,-48.936,35.872,0.310,9.717,47.294,48.266,1.000,0.000,0.0000
121.640,-48.838,35.869,0.310,9.752,47.392,48.361,1.000,0.000,0.0000
121.650,-48.740,35.867,0.310,9.783,47.490,48.456,1.000,0.000,0.0000
121.660,-48.642,35.865,0.310,9.819,47.588,48.552,1.000,0.000,0.0000
121.670,-48.543,35.862,0.310,9.860,47.687,48.648,1.000,0.000,0.0000
121.680,-48.444,35.860,0.310,9.907,47.786,48.745,1.000,0.000,0.0000
121.690,-48.345,35.858,0.310,9.954,47.885,48.842,1.000,0.000,0.0000
121.700,-48.245,35.856,0.310,9.995,47.985,48.940,1.000,0.000,0.0000
121.710,-48.145,35.853,0.310,10.036,48.085,49.038,1.000,0.000,0.0000
121.720,-48.044,35.851,0.310,10.077,48.186,49.136,1.000,0.000,0.0000
121.730,-47.943,35.849,0.310,10.118,48.287,49.235,1.000,0.000,0.0000
121.740,-47.841,35.846,0.310,10.157,48.389,49.334,1.000,0.000,0.0000
121.750,-47.739,35.844,0.310,10.194,48.491,49.433,1.000,0.000,0.0000
121.760,-47.637,35.841,0.310,10.229,48.593,49.533,1.000,0.000,0.0000
121.770,-47.534,35.839,0.310,10.260,48.696,49.633,1.000,0.000,0.0000
121.780,-47.431,35.837,0.310,10.296,48.799,49.734,1.000,0.000,0.0000
121.790,-47.328,35.834,0.310,10.338,48.902,49.835,1.000,0.000,0.0000
121.800,-47.224,35.831,0.310,10.385,49.006,49.936,1.000,0.000,0.0000
121.810,-47.120,35.829,0.310,10.431,49.110,50.038,1.000,0.000,0.0000
121.820,-47.015,35.826,0.310,10.473,49.215,50.140,1.000,0.000,0.0000
121.830,-46.910,35.824,0.310,10.515,49.320,50.243,1.000,0.000,0.0000
121.840,-46.804,35.821,0.310,10.556,49.426,50.346,1.000,0.000,0.0000
121.850,-46.698,35.818,0.310,10.596,49.532,50.450,1.000,0.000,0.0000
121.860,-46.592,35.816,0.310,10.634,49.638,50.554,1.000,0.000,0.0000
121.870,-46.485,35.813,0.310,10.670,49.745,50.658,1.000,0.000,0.0000
121.880,-46.378,35.811,0.310,10.699,49.852,50.763,1.000,0.000,0.0000
121.890,-46.271,35.808,0.310,10.732,49.959,50.868,1.000,0.000,0.0000
121.900,-46.163,35.806,0.310,10.774,50.067,50.973,1.000,0.000,0.0000
121.910,-46.055,35.803,0.310,10.822,50.175,51.079,1.000,0.000,0.0000
121.920,-45.946,35.800,0.310,10.868,50.284,51.185,1.000,0.000,0.0000
121.930,-45.837,35.798,0.310,10.910,50.393,51.292,1.000,0.000,0.0000
121.940,-45.728,35.795,0.310,10.953,50.502,51.399,1.000,0.000,0.0000
121.950,-45.618,35.792,0.310,10.994,50.612,51.506,1.000,0.000,0.0000
121.960,-45.507,35.790,0.310,11.035,50.723,51.614,1.000,0.000,0.0000
121.970,-45.397,35.787,0.310,11.070,50.833,51.723,1.000,0.000,0.0000
121.980,-45.286,35.784,0.310,11.097,50.944,51.831,1.000,0.000,0.0000
121.990,-45.175,35.781,0.310,11.113,51.055,51.940,1.000,0.000,0.0000
122.000,-45.063,35.779,0.310,11.126,51.167,52.049,1.000,0.000,0.0000
122.010,-44.952,35.776,0.311,11.137,51.278,52.158,1.000,0.000,0.0000
122.020,-44.840,35.773,0.311,11.144,51.390,52.267,1.000,0.000,0.0000
122.030,-44.729,35.770,0.311,11.150,51.501,52.376,1.000,0.000,0.0000
122.040,-44.617,35.767,0.312,11.155,51.613,52.485,1.000,0.000,0.0000
122.050,-44.506,35.764,0.312,11.160,51.724,52.594,1.000,0.000,0.0000
122.060,-44.394,35.762,0.313,11.163,51.836,52.703,1.000,0.000,0.0000
122.070,-44.283,35.759,0.313,11.164,51.947,52.813,1.000,0.000,0.0000
122.080,-44.171,35.756,0.314,11.163,52.059,52.922,1.000,0.000,0.0000
122.090,-44.059,35.753,0.314,11.157,52.171,53.031,1.000,0.000,0.0000
122.100,-43.948,35.751,0.315,11.149,52.282,53.140,1.000,0.000,0.0000
122.110,-43.836,35.748,0.315,11.146,52.394,53.249,1.000,0.000,0.0000
122.120,-43.725,35.745,0.316,11.143,52.505,53.358,1.000,0.000,0.0000
122.130,-43.614,35.742,0.316,11.144,52.616,53.467,1.000,0.000,0.0000
122.140,-43.502,35.740,0.317,11.147,52.728,53.576,1.000,0.000,0.0000
122.150,-43.391,35.737,0.317,11.152,52.839,53.685,1.000,0.000,0.0000
122.160,-43.279,35.734,0.318,11.157,52.951,53.795,1.000,0.000,0.0000
122.170,-43.167,35.731,0.318,11.159,53.063,53.904,1.000,0.000,0.0000
122.180,-43.056,35.729,0.318,11.159,53.174,54.013,1.000,0.000,0.0000
122.190,-42.944,35.726,0.318,11.155,53.286,54.123,1.000,0.000,0.0000
122.200,-42.833,35.723,0.319,11.142,53.397,54.232,1.000,0.000,0.0000
122.210,-42.722,35.721,0.319,11.130,53.508,54.341,1.000,0.000,0.0000
122.220,-42.610,35.718,0.319,11.124,53.620,54.450,1.000,0.000,0.0000
122.230,-42.499,35.715,0.319,11.125,53.731,54.559,1.000,0.000,0.0000
122.240,-42.388,35.712,0.319,11.129,53.842,54.668,1.000,0.000,0.0000
122.250,-42.276,35.710,0.319,11.134,53.954,54.777,1.000,0.000,0.0000
122.260,-42.165,35.707,0.319,11.141,54.065,54.887,1.000,0.000,0.0000
122.270,-42.054,35.704,0.319,11.146,54.176,54.996,1.000,0.000,0.0000
122.280,-41.942,35.701,0.319,11.148,54.288,55.105,1.000,0.000,0.0000
122.290,-41.831,35.699,0.319,11.147,54.399,55.215,1.000,0.000,0.0000
122.300,-41.719,35.696,0.319,11.143,54.511,55.324,1.000,0.000,0.0000
122.310,-41.608,35.693,0.319,11.133,54.622,55.433,1.000,0.000,0.0000
122.320,-41.497,35.691,0.319,11.123,54.733,55.542,1.000,0.000,0.0000
122.330,-41.385,35.688,0.319,11.120,54.845,55.652,1.000,0.000,0.0000
122.340,-41.274,35.685,0.318,11.122,54.956,55.761,1.000,0.000,0.0000
122.350,-41.163,35.683,0.318,11.127,55.067,55.870,1.000,0.000,0.0000
122.360,-41.052,35.680,0.318,11.132,55.178,55.979,1.000,0.000,0.0000
122.370,-40.940,35.677,0.318,11.138,55.290,56.089,1.000,0.000,0.0000
122.380,-40.829,35.675,0.318,11.143,55.401,56.198,1.000,0.000,0.0000
122.390,-40.717,35.672,0.317,11.145,55.513,56.308,1.000,0.000,0.0000
122.400,-40.606,35.669,0.317,11.144,55.624,56.417,1.000,0.000,0.0000
122.410,-40.495,35.667,0.317,11.140,55.735,56.526,1.000,0.000,0.0000
122.420,-40.383,35.664,0.317,11.132,55.847,56.636,1.000,0.000,0.0000
122.430,-40.272,35.662,0.317,11.125,55.958,56.745,1.000,0.000,0.0000
122.440,-40.161,35.659,0.317,11.124,56.069,56.854,1.000,0.000,0.0000
122.450,-40.049,35.656,0.316,11.127,56.181,56.964,1.000,0.000,0.0000
122.460,-39.938,35.653,0.316,11.132,56.292,57.073,1.000,0.000,0.0000
122.470,-39.827,35.651,0.316,11.136,56.403,57.182,1.000,0.000,0.0000
122.480,-39.715,35.648,0.316,11.142,56.515,57.292,1.000,0.000,0.0000
122.490,-39.604,35.645,0.316,11.146,56.626,57.401,1.000,0.000,0.0000
122.500,-39.492,35.643,0.316,11.147,56.738,57.511,1.000,0.000,0.0000
122.510,-39.381,35.640,0.316,11.145,56.849,57.621,1.000,0.000,0.0000
122.520,-39.270,35.637,0.316,11.134,56.960,57.730,1.000,0.000,0.0000
122.530,-39.158,35.635,0.316,11.124,57.072,57.839,1.000,0.000,0.0000
122.540,-39.047,35.632,0.316,11.121,57.183,57.949,1.000,0.000,0.0000
122.550,-38.936,35.630,0.316,11.123,57.294,58.058,1.000,0.000,0.0000
122.560,-38.825,35.627,0.316,11.128,57.405,58.167,1.000,0.000,0.0000
122.570,-38.713,35.625,0.316,11.135,57.517,58.277,1.000,0.000,0.0000
122.580,-38.602,35.622,0.316,11.141,57.628,58.386,1.000,0.000,0.0000
122.590,-38.490,35.620,0.316,11.146,57.740,58.496,1.000,0.000,0.0000
122.600,-38.379,35.617,0.316,11.149,57.851,58.605,1.000,0.000,0.0000
122.610,-38.267,35.614,0.316,11.149,57.963,58.715,1.000,0.000,0.0000
122.620,-38.156,35.612,0.316,11.145,58.074,58.825,1.000,0.000,0.0000
122.630,-38.045,35.609,0.317,11.135,58.185,58.934,1.000,0.000,0.0000
122.640,-37.933,35.607,0.317,11.126,58.297,59.043,1.000,0.000,0.0000
122.650,-37.822,35.604,0.317,11.124,58.408,59.153,1.000,0.000,0.0000
122.660,-37.711,35.602,0.317,11.126,58.519,59.262,1.000,0.000,0.0000
122.670,-37.600,35.599,0.317,11.131,58.630,59.372,1.000,0.000,0.0000
122.680,-37.488,35.596,0.317,11.136,58.742,59.481,1.000,0.000,0.0000
122.690,-37.377,35.594,0.317,11.141,58.853,59.591,1.000,0.000,0.0000
122.700,-37.265,35.591,0.317,11.146,58.965,59.700,1.000,0.000,0.0000
122.710,-37.154,35.588,0.317,11.147,59.076,59.810,1.000,0.000,0.0000
122.720,-37.042,35.586,0.317,11.146,59.188,59.920,1.000,0.000,0.0000
122.730,-36.931,35.583,0.317,11.141,59.299,60.029,1.000,0.000,0.0000
122.740,-36.820,35.581,0.317,11.131,59.410,60.139,1.000,0.000,0.0000
122.750,-36.708,35.578,0.317,11.125,59.522,60.248,1.000,0.000,0.0000
122.760,-36.597,35.576,0.317,11.124,59.633,60.358,1.000,0.000,0.0000
122.770,-36.486,35.573,0.317,11.127,59.744,60.467,1.000,0.000,0.0000
122.780,-36.375,35.571,0.317,11.132,59.855,60.577,1.000,0.000,0.0000
122.790,-36.263,35.568,0.317,11.137,59.967,60.687,1.000,0.000,0.0000
122.800,-36.152,35.566,0.317,11.142,60.078,60.796,1.000,0.000,0.0000
122.810,-36.040,35.563,0.317,11.145,60.190,60.906,1.000,0.000,0.0000
122.820,-35.929,35.561,0.317,11.146,60.301,61.016,1.000,0.000,0.0000
122.830,-35.817,35.558,0.317,11.143,60.413,61.125,1.000,0.000,0.0000
122.840,-35.706,35.556,0.317,11.132,60.524,61.235,1.000,0.000,0.0000
122.850,-35.595,35.553,0.317,11.123,60.635,61.345,1.000,0.000,0.0000
122.860,-35.484,35.551,0.317,11.119,60.746,61.454,1.000,0.000,0.0000
122.870,-35.373,35.548,0.317,11.122,60.857,61.564,1.000,0.000,0.0000
122.880,-35.261,35.546,0.317,11.127,60.969,61.673,1.000,0.000,0.0000
122.890,-35.150,35.543,0.317,11.132,61.080,61.783,1.000,0.000,0.0000
122.900,-35.039,35.541,0.317,11.137,61.191,61.892,1.000,0.000,0.0000
122.910,-34.927,35.538,0.317,11.142,61.303,62.002,1.000,0.000,0.0000
122.920,-34.816,35.536,0.317,11.144,61.414,62.112,1.000,0.000,0.0000
122.930,-34.704,35.533,0.317,11.144,61.526,62.222,1.000,0.000,0.0000
122.940,-34.593,35.531,0.317,11.140,61.637,62.332,1.000,0.000,0.0000
122.950,-34.482,35.528,0.317,11.131,61.748,62.441,1.000,0.000,0.0000
122.960,-34.370,35.526,0.317,11.123,61.860,62.551,1.000,0.000,0.0000
122.970,-34.259,35.523,0.317,11.122,61.971,62.660,1.000,0.000,0.0000
122.980,-34.148,35.521,0.317,11.124,62.082,62.770,1.000,0.000,0.0000
122.990,-34.037,35.519,0.317,11.130,62.193,62.880,1.000,0.000,0.0000
123.000,-33.925,35.516,0.317,11.135,62.305,62.989,1.000,0.000,0.0000
123.010,-33.814,35.514,0.317,11.138,62.416,63.099,1.000,0.000,0.0000
123.020,-33.702,35.511,0.317,11.142,62.528,63.209,1.000,0.000,0.0000
123.030,-33.591,35.509,0.317,11.144,62.639,63.319,1.000,0.000,0.0000
123.040,-33.480,35.507,0.317,11.143,62.750,63.429,1.000,0.000,0.0000
123.050,-33.368,35.504,0.317,11.131,62.862,63.538,1.000,0.000,0.0000
123.060,-33.257,35.502,0.317,11.120,62.973,63.648,1.000,0.000,0.0000
123.070,-33.146,35.499,0.317,11.118,63.084,63.758,1.000,0.000,0.0000
123.080,-33.035,35.497,0.317,11.120,63.195,63.867,1.000,0.000,0.0000
123.090,-32.923,35.494,0.317,11.126,63.307,63.977,1.000,0.000,0.0000
123.100,-32.812,35.492,0.317,11.132,63.418,64.087,1.000,0.000,0.0000
123.110,-32.701,35.489,0.317,11.137,63.529,64.196,1.000,0.000,0.0000
123.120,-32.589,35.487,0.317,11.140,63.641,64.306,1.000,0.000,0.0000
123.130,-32.478,35.484,0.317,11.143,63.752,64.416,1.000,0.000,0.0000
123.140,-32.366,35.482,0.317,11.143,63.864,64.526,1.000,0.000,0.0000
123.150,-32.255,35.480,0.317,11.141,63.975,64.636,1.000,0.000,0.0000
123.160,-32.144,35.477,0.317,11.131,64.086,64.746,1.000,0.000,0.0000
123.170,-32.032,35.475,0.317,11.122,64.198,64.855,1.000,0.000,0.0000
123.180,-31.921,35.473,0.317,11.119,64.309,64.965,1.000,0.000,0.0000
123.190,-31.810,35.470,0.317,11.121,64.420,65.075,1.000,0.000,0.0000
123.200,-31.699,35.468,0.317,11.126,64.531,65.185,1.000,0.000,0.0000
123.210,-31.587,35.466,0.317,11.132,64.643,65.294,1.000,0.000,0.0000
123.220,-31.476,35.463,0.317,11.136,64.754,65.404,1.000,0.000,0.0000
123.230,-31.365,35.461,0.317,11.138,64.865,65.514,1.000,0.000,0.0000
123.240,-31.253,35.459,0.317,11.141,64.977,65.624,1.000,0.000,0.0000
123.250,-31.142,35.456,0.317,11.140,65.088,65.734,1.000,0.000,0.0000
123.260,-31.031,35.454,0.317,11.137,65.199,65.844,1.000,0.000,0.0000
123.270,-30.919,35.452,0.317,11.128,65.311,65.954,1.000,0.000,0.0000
123.280,-30.808,35.449,0.317,11.121,65.422,66.063,1.000,0.000,0.0000
123.290,-30.697,35.447,0.317,11.120,65.533,66.173,1.000,0.000,0.0000
123.300,-30.586,35.445,0.317,11.123,65.644,66.283,1.000,0.000,0.0000
123.310,-30.474,35.442,0.317,11.128,65.756,66.393,1.000,0.000,0.0000
123.320,-30.363,35.440,0.317,11.134,65.867,66.503,1.000,0.000,0.0000
123.330,-30.252,35.437,0.317,11.137,65.978,66.613,1.000,0.000,0.0000
123.340,-30.140,35.435,0.317,11.138,66.090,66.722,1.000,0.000,0.0000
123.350,-30.029,35.433,0.317,11.140,66.201,66.832,1.000,0.000,0.0000
123.360,-29.917,35.430,0.317,11.139,66.313,66.942,0.940,0.000,0.0000
123.370,-29.806,35.428,0.317,11.116,66.424,67.052,0.880,0.000,0.0000
123.380,-29.695,35.426,0.317,11.096,66.535,67.162,0.820,0.000,0.0000
123.390,-29.585,35.423,0.317,11.060,66.645,67.271,0.760,0.000,0.0000
123.400,-29.475,35.421,0.317,11.022,66.755,67.380,0.700,0.000,0.0000
123.410,-29.365,35.419,0.318,10.984,66.865,67.488,0.640,0.000,0.0000
123.420,-29.255,35.416,0.318,10.946,66.975,67.596,0.580,0.000,0.0000
123.430,-29.146,35.414,0.319,10.908,67.084,67.704,0.520,0.000,0.0000
123.440,-29.037,35.412,0.319,10.870,67.193,67.811,0.460,0.000,0.0000
123.450,-28.929,35.410,0.320,10.829,67.301,67.918,0.400,0.000,0.0000
123.460,-28.821,35.408,0.320,10.790,67.409,68.024,0.340,0.000,0.0000
123.470,-28.714,35.405,0.321,10.748,67.516,68.130,0.280,0.000,0.0000
123.480,-28.607,35.403,0.321,10.697,67.623,68.236,0.220,0.000,0.0000
123.490,-28.500,35.401,0.322,10.649,67.730,68.341,0.160,0.000,0.0000
123.500,-28.394,35.399,0.323,10.607,67.836,68.446,0.100,0.000,0.0000
123.510,-28.289,35.397,0.323,10.570,67.941,68.550,0.040,0.000,0.0000
123.520,-28.183,35.395,0.324,10.534,68.047,68.654,0.000,0.000,0.0000
123.530,-28.078,35.392,0.324,10.500,68.152,68.758,0.000,0.000,0.0000
123.540,-27.974,35.390,0.325,10.464,68.256,68.861,0.000,0.000,0.0000
123.550,-27.869,35.388,0.325,10.426,68.361,68.964,0.000,0.000,0.0000
123.560,-27.765,35.386,0.325,10.386,68.465,69.066,0.000,0.000,0.0000
123.570,-27.662,35.383,0.326,10.344,68.568,69.168,0.000,0.000,0.0000
123.580,-27.559,35.381,0.326,10.303,68.671,69.270,0.000,0.000,0.0000
123.590,-27.457,35.379,0.326,10.250,68.774,69.371,0.000,0.000,0.0000
123.600,-27.355,35.377,0.326,10.201,68.876,69.472,0.000,0.000,0.0000
123.610,-27.253,35.375,0.326,10.157,68.977,69.573,0.000,0.000,0.0000
123.620,-27.152,35.373,0.326,10.118,69.078,69.673,0.000,0.000,0.0000
123.630,-27.051,35.371,0.327,10.083,69.179,69.772,0.000,0.000,0.0000
123.640,-26.950,35.370,0.327,10.048,69.280,69.871,0.000,0.000,0.0000
123.650,-26.850,35.368,0.326,10.013,69.380,69.970,0.000,0.000,0.0000
123.660,-26.751,35.366,0.326,9.976,69.479,70.069,0.000,0.000,0.0000
123.670,-26.651,35.364,0.326,9.938,69.579,70.167,0.000,0.000,0.0000
123.680,-26.552,35.362,0.326,9.897,69.678,70.265,0.000,0.000,0.0000
123.690,-26.454,35.360,0.326,9.855,69.776,70.363,0.000,0.000,0.0000
123.700,-26.356,35.358,0.326,9.813,69.874,70.460,0.000,0.000,0.0000
123.710,-26.258,35.356,0.326,9.762,69.972,70.556,0.000,0.000,0.0000
123.720,-26.161,35.354,0.325,9.715,70.069,70.652,0.000,0.000,0.0000
123.730,-26.064,35.352,0.325,9.674,70.166,70.748,0.000,0.000,0.0000
123.740,-25.968,35.351,0.325,9.637,70.262,70.843,0.000,0.000,0.0000
123.750,-25.872,35.349,0.325,9.602,70.358,70.938,0.000,0.000,0.0000
123.760,-25.776,35.347,0.325,9.568,70.454,71.033,0.000,0.000,0.0000
123.770,-25.681,35.345,0.324,9.533,70.549,71.127,0.000,0.000,0.0000
123.780,-25.586,35.343,0.324,9.497,70.644,71.221,0.000,0.000,0.0000
123.790,-25.491,35.341,0.324,9.460,70.739,71.314,0.000,0.000,0.0000
123.800,-25.397,35.339,0.324,9.420,70.833,71.408,0.000,0.000,0.0000
123.810,-25.303,35.337,0.324,9.379,70.927,71.500,0.000,0.000,0.0000
123.820,-25.210,35.335,0.323,9.339,71.020,71.593,0.000,0.000,0.0000
123.830,-25.117,35.333,0.323,9.287,71.113,71.685,0.000,0.000,0.0000
123.840,-25.024,35.331,0.323,9.240,71.206,71.776,0.000,0.000,0.0000
123.850,-24.932,35.330,0.323,9.198,71.298,71.867,0.000,0.000,0.0000
123.860,-24.841,35.328,0.323,9.160,71.389,71.958,0.000,0.000,0.0000
123.870,-24.750,35.326,0.323,9.125,71.480,72.048,0.000,0.000,0.0000
123.880,-24.659,35.325,0.323,9.091,71.571,72.138,0.000,0.000,0.0000
123.890,-24.568,35.323,0.323,9.057,71.662,72.227,0.000,0.000,0.0000
123.900,-24.478,35.322,0.323,9.022,71.752,72.316,0.000,0.000,0.0000
123.910,-24.388,35.320,0.323,8.985,71.842,72.405,0.000,0.000,0.0000
123.920,-24.299,35.318,0.323,8.947,71.931,72.494,0.000,0.000,0.0000
123.930,-24.209,35.317,0.323,8.907,72.021,72.582,0.000,0.000,0.0000
123.940,-24.121,35.315,0.323,8.865,72.109,72.670,0.000,0.000,0.0000
123.950,-24.033,35.313,0.323,8.823,72.197,72.757,0.000,0.000,0.0000
123.960,-23.945,35.312,0.323,8.771,72.285,72.844,0.000,0.000,0.0000
123.970,-23.858,35.310,0.323,8.724,72.372,72.930,0.000,0.000,0.0000
123.980,-23.771,35.309,0.323,8.682,72.459,73.016,0.000,0.000,0.0000
123.990,-23.684,35.307,0.323,8.644,72.546,73.101,0.000,0.000,0.0000
124.000,-23.598,35.305,0.323,8.609,72.632,73.186,0.000,0.000,0.0000
124.010,-23.513,35.304,0.324,8.574,72.717,73.271,0.000,0.000,0.0000
124.020,-23.427,35.302,0.324,8.540,72.803,73.356,0.000,0.000,0.0000
124.030,-23.342,35.300,0.324,8.504,72.888,73.440,0.000,0.000,0.0000
124.040,-23.257,35.298,0.324,8.467,72.973,73.524,0.000,0.000,0.0000
124.050,-23.173,35.297,0.324,8.429,73.057,73.607,0.000,0.000,0.0000
124.060,-23.089,35.295,0.324,8.390,73.141,73.690,0.000,0.000,0.0000
124.070,-23.006,35.293,0.324,8.349,73.224,73.773,0.000,0.000,0.0000
124.080,-22.923,35.292,0.324,8.307,73.307,73.855,0.000,0.000,0.0000
124.090,-22.840,35.290,0.324,8.265,73.390,73.937,0.000,0.000,0.0000
124.100,-22.758,35.289,0.324,8.215,73.472,74.018,0.000,0.000,0.0000
124.110,-22.676,35.287,0.324,8.168,73.554,74.099,0.000,0.000,0.0000
124.120,-22.595,35.286,0.324,8.126,73.635,74.179,0.000,0.000,0.0000
124.130,-22.514,35.284,0.324,8.088,73.716,74.259,0.000,0.000,0.0000
124.140,-22.434,35.283,0.324,8.052,73.796,74.339,0.000,0.000,0.0000
124.150,-22.353,35.282,0.324,8.017,73.877,74.418,0.000,0.000,0.0000
124.160,-22.274,35.280,0.324,7.981,73.956,74.497,0.000,0.000,0.0000
124.170,-22.194,35.279,0.324,7.945,74.036,74.576,0.000,0.000,0.0000
124.180,-22.115,35.278,0.324,7.908,74.115,74.654,0.000,0.000,0.0000
124.190,-22.036,35.276,0.324,7.870,74.194,74.732,0.000,0.000,0.0000
124.200,-21.958,35.275,0.324,7.831,74.272,74.809,0.000,0.000,0.0000
124.210,-21.880,35.274,0.324,7.791,74.350,74.887,0.000,0.000,0.0000
124.220,-21.803,35.272,0.324,7.750,74.427,74.963,0.000,0.000,0.0000
124.230,-21.726,35.271,0.324,7.709,74.505,75.040,0.000,0.000,0.0000
124.240,-21.649,35.270,0.324,7.666,74.581,75.115,0.000,0.000,0.0000
124.250,-21.573,35.268,0.324,7.617,74.657,75.191,0.000,0.000,0.0000
124.260,-21.497,35.267,0.324,7.572,74.733,75.266,0.000,0.000,0.0000
124.270,-21.422,35.266,0.324,7.530,74.808,75.340,0.000,0.000,0.0000
124.280,-21.347,35.264,0.324,7.492,74.883,75.414,0.000,0.000,0.0000
124.290,-21.272,35.263,0.324,7.455,74.958,75.488,0.000,0.000,0.0000
124.300,-21.198,35.262,0.324,7.419,75.032,75.562,0.000,0.000,0.0000
124.310,-21.124,35.260,0.324,7.383,75.106,75.635,0.000,0.000,0.0000
124.320,-21.051,35.259,0.324,7.347,75.179,75.708,0.000,0.000,0.0000
124.330,-20.978,35.257,0.324,7.310,75.252,75.780,0.000,0.000,0.0000
124.340,-20.905,35.256,0.324,7.272,75.325,75.852,0.000,0.000,0.0000
124.350,-20.833,35.254,0.324,7.234,75.397,75.924,0.000,0.000,0.0000
124.360,-20.761,35.253,0.324,7.194,75.469,75.995,0.000,0.000,0.0000
124.370,-20.689,35.252,0.324,7.154,75.541,76.066,0.000,0.000,0.0000
124.380,-20.618,35.250,0.324,7.113,75.612,76.136,0.000,0.000,0.0000
124.390,-20.547,35.249,0.324,7.072,75.683,76.206,0.000,0.000,0.0000
124.400,-20.477,35.248,0.324,7.031,75.753,76.276,0.000,0.000,0.0000
124.410,-20.407,35.246,0.324,6.982,75.823,76.345,0.000,0.000,0.0000
124.420,-20.338,35.245,0.324,6.937,75.892,76.414,0.000,0.000,0.0000
124.430,-20.269,35.244,0.324,6.896,75.961,76.482,0.000,0.000,0.0000
124.440,-20.200,35.243,0.324,6.857,76.030,76.550,0.000,0.000,0.0000
124.450,-20.132,35.242,0.324,6.819,76.098,76.617,0.000,0.000,0.0000
124.460,-20.064,35.241,0.324,6.783,76.166,76.684,0.000,0.000,0.0000
124.470,-19.997,35.240,0.324,6.747,76.233,76.751,0.000,0.000,0.0000
124.480,-19.930,35.239,0.324,6.710,76.300,76.818,0.000,0.000,0.0000
124.490,-19.863,35.238,0.324,6.673,76.367,76.884,0.000,0.000,0.0000
124.500,-19.796,35.237,0.324,6.635,76.434,76.949,0.000,0.000,0.0000
124.510,-19.731,35.236,0.324,6.597,76.500,77.015,0.000,0.000,0.0000
124.520,-19.665,35.235,0.324,6.558,76.565,77.080,0.000,0.000,0.0000
124.530,-19.600,35.234,0.324,6.518,76.630,77.144,0.000,0.000,0.0000
124.540,-19.535,35.233,0.324,6.478,76.695,77.208,0.000,0.000,0.0000
124.550,-19.471,35.232,0.324,6.438,76.759,77.272,0.000,0.000,0.0000
124.560,-19.407,35.231,0.324,6.397,76.823,77.336,0.000,0.000,0.0000
124.570,-19.343,35.230,0.324,6.356,76.887,77.398,0.000,0.000,0.0000
124.580,-19.280,35.229,0.324,6.307,76.950,77.461,0.000,0.000,0.0000
124.590,-19.217,35.228,0.324,6.262,77.013,77.523,0.000,0.000,0.0000
124.600,-19.155,35.227,0.324,6.219,77.075,77.585,0.000,0.000,0.0000
124.610,-19.093,35.225,0.324,6.179,77.137,77.646,0.000,0.000,0.0000
124.620,-19.032,35.224,0.324,6.141,77.198,77.707,0.000,0.000,0.0000
124.630,-18.971,35.223,0.324,6.104,77.259,77.767,0.000,0.000,0.0000
124.640,-18.910,35.222,0.324,6.068,77.320,77.827,0.000,0.000,0.0000
124.650,-18.850,35.221,0.324,6.031,77.380,77.887,0.000,0.000,0.0000
124.660,-18.790,35.220,0.324,5.994,77.440,77.946,0.000,0.000,0.0000
124.670,-18.730,35.218,0.324,5.956,77.500,78.005,0.000,0.000,0.0000
124.680,-18.671,35.217,0.324,5.918,77.559,78.064,0.000,0.000,0.0000
124.690,-18.612,35.216,0.324,5.879,77.618,78.122,0.000,0.000,0.0000
124.700,-18.554,35.215,0.324,5.840,77.676,78.180,0.000,0.000,0.0000
124.710,-18.496,35.214,0.324,5.801,77.734,78.237,0.000,0.000,0.0000
124.720,-18.438,35.213,0.324,5.762,77.792,78.295,0.000,0.000,0.0000
124.730,-18.381,35.212,0.324,5.722,77.849,78.351,0.000,0.000,0.0000
124.740,-18.324,35.211,0.324,5.682,77.906,78.407,0.000,0.000,0.0000
124.750,-18.268,35.210,0.324,5.641,77.962,78.463,0.000,0.000,0.0000
124.760,-18.212,35.209,0.324,5.601,78.018,78.519,0.000,0.000,0.0000
124.770,-18.156,35.208,0.324,5.560,78.074,78.574,0.000,0.000,0.0000
124.780,-18.101,35.207,0.324,5.514,78.129,78.629,0.000,0.000,0.0000
124.790,-18.047,35.206,0.324,5.469,78.183,78.683,0.000,0.000,0.0000
124.800,-17.992,35.206,0.324,5.425,78.238,78.737,0.000,0.000,0.0000
124.810,-17.938,35.205,0.324,5.385,78.292,78.790,0.000,0.000,0.0000
124.820,-17.885,35.204,0.324,5.347,78.345,78.843,0.000,0.000,0.0000
124.830,-17.832,35.203,0.324,5.310,78.398,78.895,0.000,0.000,0.0000
124.840,-17.779,35.203,0.324,5.273,78.451,78.948,0.000,0.000,0.0000
124.850,-17.727,35.202,0.324,5.235,78.503,79.000,0.000,0.000,0.0000
124.860,-17.675,35.201,0.324,5.198,78.555,79.051,0.000,0.000,0.0000
124.870,-17.623,35.201,0.324,5.160,78.607,79.102,0.000,0.000,0.0000
124.880,-17.572,35.200,0.324,5.121,78.658,79.153,0.000,0.000,0.0000
124.890,-17.521,35.199,0.324,5.083,78.709,79.203,0.000,0.000,0.0000
124.900,-17.471,35.198,0.324,5.044,78.759,79.253,0.000,0.000,0.0000
124.910,-17.421,35.198,0.324,5.005,78.809,79.303,0.000,0.000,0.0000
124.920,-17.371,35.197,0.324,4.965,78.859,79.352,0.000,0.000,0.0000
124.930,-17.322,35.196,0.324,4.926,78.908,79.401,0.000,0.000,0.0000
124.940,-17.273,35.196,0.324,4.886,78.957,79.449,0.000,0.000,0.0000
124.950,-17.224,35.195,0.324,4.846,79.006,79.497,0.000,0.000,0.0000
124.960,-17.176,35.194,0.324,4.806,79.054,79.545,0.000,0.000,0.0000
124.970,-17.129,35.193,0.324,4.766,79.101,79.592,0.000,0.000,0.0000
124.980,-17.081,35.192,0.324,4.726,79.149,79.639,0.000,0.000,0.0000
124.990,-17.035,35.192,0.324,4.686,79.195,79.685,0.000,0.000,0.0000
125.000,-16.988,35.191,0.324,4.645,79.242,79.731,0.000,0.000,0.0000
125.010,-16.942,35.190,0.324,4.600,79.288,79.777,0.000,0.000,0.0000
125.020,-16.897,35.189,0.324,4.555,79.333,79.822,0.000,0.000,0.0000
125.030,-16.851,35.189,0.324,4.512,79.379,79.867,0.000,0.000,0.0000
125.040,-16.807,35.188,0.324,4.471,79.423,79.911,0.000,0.000,0.0000
125.050,-16.762,35.187,0.324,4.431,79.468,79.955,0.000,0.000,0.0000
125.060,-16.719,35.186,0.324,4.391,79.511,79.999,0.000,0.000,0.0000
125.070,-16.675,35.185,0.324,4.352,79.555,80.042,0.000,0.000,0.0000
125.080,-16.632,35.184,0.324,4.316,79.598,80.085,0.000,0.000,0.0000
125.090,-16.589,35.184,0.324,4.279,79.641,80.127,0.000,0.000,0.0000
125.100,-16.547,35.183,0.324,4.243,79.683,80.169,0.000,0.000,0.0000
125.110,-16.505,35.182,0.324,4.205,79.725,80.211,0.000,0.000,0.0000
125.120,-16.463,35.181,0.324,4.167,79.767,80.252,0.000,0.000,0.0000
125.130,-16.422,35.180,0.324,4.128,79.808,80.293,0.000,0.000,0.0000
125.140,-16.381,35.180,0.324,4.089,79.849,80.333,0.000,0.000,0.0000
125.150,-16.340,35.179,0.324,4.049,79.890,80.374,0.000,0.000,0.0000
125.160,-16.300,35.178,0.324,4.010,79.930,80.413,0.000,0.000,0.0000
125.170,-16.260,35.177,0.324,3.970,79.970,80.453,0.000,0.000,0.0000
125.180,-16.221,35.177,0.324,3.931,80.009,80.492,0.000,0.000,0.0000
125.190,-16.182,35.176,0.324,3.891,80.048,80.530,0.000,0.000,0.0000
125.200,-16.144,35.176,0.324,3.852,80.086,80.568,0.000,0.000,0.0000
125.210,-16.106,35.175,0.324,3.812,80.124,80.606,0.000,0.000,0.0000
125.220,-16.068,35.174,0.324,3.772,80.162,80.644,0.000,0.000,0.0000
125.230,-16.031,35.174,0.324,3.733,80.199,80.681,0.000,0.000,0.0000
125.240,-15.994,35.173,0.324,3.693,80.236,80.717,0.000,0.000,0.0000
125.250,-15.957,35.173,0.324,3.653,80.273,80.753,0.000,0.000,0.0000
125.260,-15.921,35.172,0.324,3.613,80.309,80.789,0.000,0.000,0.0000
125.270,-15.885,35.172,0.324,3.573,80.345,80.825,0.000,0.000,0.0000
125.280,-15.850,35.171,0.324,3.533,80.380,80.860,0.000,0.000,0.0000
125.290,-15.815,35.171,0.324,3.493,80.415,80.894,0.000,0.000,0.0000
125.300,-15.781,35.170,0.324,3.448,80.449,80.928,0.000,0.000,0.0000
125.310,-15.746,35.170,0.324,3.405,80.484,80.962,0.000,0.000,0.0000
125.320,-15.713,35.169,0.324,3.362,80.517,80.995,0.000,0.000,0.0000
125.330,-15.680,35.169,0.324,3.321,80.550,81.028,0.000,0.000,0.0000
125.340,-15.647,35.168,0.324,3.281,80.583,81.061,0.000,0.000,0.0000
125.350,-15.614,35.168,0.324,3.241,80.616,81.093,0.000,0.000,0.0000
125.360,-15.582,35.168,0.324,3.201,80.648,81.125,0.000,0.000,0.0000
125.370,-15.551,35.167,0.324,3.162,80.679,81.156,0.000,0.000,0.0000
125.380,-15.520,35.167,0.324,3.122,80.710,81.187,0.000,0.000,0.0000
125.390,-15.489,35.166,0.324,3.083,80.741,81.218,0.000,0.000,0.0000
125.400,-15.458,35.166,0.324,3.043,80.772,81.248,0.000,0.000,0.0000
