timestamp_sec,ego_x,ego_y,ego_z,ego_speed_mps,distance_to_intersection_m,distance_to_pedestrian_m,human_throttle,human_brake,human_steering_rad
1540.350,-97.020,-52.451,0.317,0.000,0.790,10.744,0.000,0.000,0.0000
1540.360,-97.020,-52.451,0.317,0.000,0.790,10.744,0.000,0.000,0.0000
1540.370,-97.020,-52.451,0.317,0.000,0.790,10.744,0.000,0.000,0.0000
1540.380,-97.020,-52.451,0.317,0.000,0.790,10.744,0.000,0.000,0.0000
1540.390,-97.020,-52.451,0.317,0.000,0.790,10.744,0.000,0.000,0.0000
1540.400,-97.020,-52.451,0.317,0.000,0.790,10.744,0.000,0.000,0.0000
1540.410,-97.020,-52.451,0.317,0.000,0.790,10.744,0.000,0.000,0.0000
1540.420,-97.020,-52.451,0.317,0.000,0.790,10.744,0.000,0.000,0.0000
1540.430,-97.020,-52.451,0.317,0.000,0.790,10.744,0.000,0.000,0.0000
1540.440,-97.020,-52.451,0.317,0.000,0.790,10.744,0.000,0.000,0.0000
1540.450,-97.020,-52.451,0.317,0.000,0.790,10.744,0.000,0.000,0.0000
1540.460,-97.020,-52.451,0.317,0.000,0.790,10.744,0.000,0.000,0.0000
1540.470,-97.020,-52.451,0.317,0.000,0.790,10.744,0.000,0.000,0.0000
1540.480,-97.020,-52.451,0.317,0.000,0.790,10.744,0.000,0.000,0.0000
1540.490,-97.020,-52.451,0.317,0.000,0.790,10.744,0.000,0.000,0.0000
1540.500,-97.020,-52.451,0.317,0.000,0.790,10.744,0.000,0.000,0.0000
1540.510,-97.020,-52.451,0.317,0.000,0.790,10.744,0.000,0.000,0.0000
1540.520,-97.020,-52.451,0.317,0.000,0.790,10.744,0.000,0.000,0.0000
1540.530,-97.020,-52.451,0.317,0.000,0.790,10.744,0.000,0.000,0.0000
1540.540,-97.020,-52.451,0.317,0.000,0.790,10.744,0.000,0.000,0.0000
1540.550,-97.020,-52.451,0.317,0.000,0.790,10.744,0.000,0.000,0.0000
1540.560,-97.020,-52.451,0.317,0.000,0.790,10.744,0.000,0.000,0.0000
1540.570,-97.020,-52.451,0.317,0.000,0.790,10.744,0.000,0.000,0.0000
1540.580,-97.020,-52.451,0.317,0.000,0.790,10.744,0.000,0.000,0.0000
1540.590,-97.020,-52.451,0.317,0.000,0.790,10.744,0.000,0.000,0.0000
1540.600,-97.020,-52.451,0.317,0.000,0.790,10.744,0.000,0.000,0.0000
1540.610,-97.020,-52.451,0.317,0.000,0.790,10.744,0.000,0.000,0.0000
1540.620,-97.020,-52.451,0.317,0.000,0.790,10.744,0.000,0.000,0.0000
1540.630,-97.020,-52.451,0.317,0.000,0.790,10.744,0.000,0.000,0.0000
1540.640,-97.020,-52.451,0.317,0.000,0.790,10.744,0.000,0.000,0.0000
1540.650,-97.020,-52.451,0.317,0.000,0.790,10.744,0.000,0.000,0.0000
1540.660,-97.020,-52.451,0.317,0.000,0.790,10.744,0.000,0.000,0.0000
1540.670,-97.020,-52.451,0.317,0.000,0.790,10.744,0.000,0.000,0.0000
1540.680,-97.020,-52.451,0.317,0.000,0.790,10.744,0.000,0.000,0.0000
1540.690,-97.020,-52.451,0.317,0.000,0.790,10.744,0.000,0.000,0.0000
1540.700,-97.020,-52.451,0.317,0.000,0.790,10.744,0.000,0.000,0.0000
1540.710,-97.020,-52.451,0.317,0.000,0.790,10.744,0.000,0.000,0.0000
1540.720,-97.020,-52.451,0.317,0.000,0.790,10.744,0.040,0.000,0.0000
1540.730,-97.020,-52.451,0.317,0.004,0.790,10.744,0.080,0.000,0.0000
1540.740,-97.020,-52.451,0.317,0.010,0.790,10.744,0.120,0.000,0.0000
1540.750,-97.020,-52.450,0.317,0.018,0.790,10.744,0.160,0.000,0.0000
1540.760,-97.020,-52.449,0.316,0.027,0.790,10.744,0.200,0.000,0.0000
1540.770,-97.020,-52.447,0.316,0.035,0.790,10.745,0.240,0.000,0.0000
1540.780,-97.020,-52.446,0.316,0.041,0.790,10.745,0.280,0.000,0.0000
1540.790,-97.020,-52.443,0.315,0.047,0.790,10.745,0.320,0.000,0.0000
1540.800,-97.020,-52.440,0.315,0.051,0.790,10.746,0.360,0.000,0.0000
1540.810,-97.020,-52.437,0.314,0.054,0.790,10.746,0.400,0.000,0.0000
1540.820,-97.020,-52.434,0.314,0.056,0.790,10.747,0.440,0.000,0.0000
1540.830,-97.020,-52.430,0.313,0.056,0.790,10.748,0.480,0.000,0.0000
1540.840,-97.020,-52.425,0.312,0.056,0.790,10.748,0.520,0.000,0.0000
1540.850,-97.020,-52.421,0.312,0.055,0.790,10.749,0.560,0.000,0.0000
1540.860,-97.020,-52.415,0.311,0.054,0.790,10.749,0.600,0.000,0.0000
1540.870,-97.020,-52.410,0.311,0.051,0.790,10.750,0.640,0.000,0.0000
1540.880,-97.020,-52.404,0.310,0.048,0.790,10.750,0.680,0.000,0.0000
1540.890,-97.020,-52.397,0.310,0.045,0.790,10.751,0.720,0.000,0.0000
1540.900,-97.020,-52.391,0.309,0.041,0.790,10.751,0.760,0.000,0.0000
1540.910,-97.020,-52.384,0.309,0.037,0.790,10.751,0.800,0.000,0.0000
1540.920,-97.020,-52.376,0.309,0.033,0.790,10.752,0.840,0.000,0.0000
1540.930,-97.020,-52.368,0.308,0.028,0.790,10.752,0.880,0.000,0.0000
1540.940,-97.020,-52.360,0.308,0.024,0.790,10.752,0.920,0.000,0.0000
1540.950,-97.020,-52.351,0.308,0.019,0.790,10.752,0.960,0.000,0.0000
1540.960,-97.020,-52.341,0.308,0.014,0.790,10.753,1.000,0.000,0.0000
1540.970,-97.020,-52.332,0.308,0.010,0.790,10.753,1.000,0.000,0.0000
1540.980,-97.020,-52.322,0.308,0.006,0.790,10.753,1.000,0.000,0.0000
1540.990,-97.020,-52.311,0.308,0.002,0.790,10.753,1.000,0.000,0.0000
1541.000,-97.020,-52.301,0.308,0.003,0.790,10.753,1.000,0.000,0.0000
1541.010,-97.020,-52.289,0.308,0.006,0.790,10.753,1.000,0.000,0.0000
1541.020,-97.020,-52.278,0.308,0.009,0.790,10.753,1.000,0.000,0.0000
1541.030,-97.020,-52.266,0.308,0.012,0.790,10.752,1.000,0.000,0.0000
1541.040,-97.020,-52.253,0.308,0.014,0.790,10.752,1.000,0.000,0.0000
1541.050,-97.020,-52.240,0.308,0.016,0.790,10.752,1.000,0.000,0.0000
1541.060,-97.020,-52.227,0.308,0.018,0.790,10.752,1.000,0.000,0.0000
1541.070,-97.020,-52.213,0.309,0.019,0.790,10.752,1.000,0.000,0.0000
1541.080,-97.020,-52.199,0.309,0.020,0.790,10.752,1.000,0.000,0.0000
1541.090,-97.020,-52.185,0.309,0.021,0.790,10.751,1.000,0.000,0.0000
1541.100,-97.020,-52.170,0.309,0.021,0.790,10.751,1.000,0.000,0.0000
1541.110,-97.020,-52.155,0.310,0.021,0.790,10.751,1.000,0.000,0.0000
1541.120,-97.020,-52.139,0.310,0.020,0.790,10.751,1.000,0.000,0.0000
1541.130,-97.020,-52.123,0.310,0.020,0.790,10.751,1.000,0.000,0.0000
1541.140,-97.020,-52.107,0.310,0.019,0.790,10.750,1.000,0.000,0.0000
1541.150,-97.020,-52.090,0.310,0.018,0.790,10.750,1.000,0.000,0.0000
1541.160,-97.020,-52.073,0.310,0.016,0.790,10.750,1.000,0.000,0.0000
1541.170,-97.020,-52.055,0.311,0.015,0.790,10.750,1.000,0.000,0.0000
1541.180,-97.020,-52.037,0.311,0.013,0.790,10.750,1.000,0.000,0.0000
1541.190,-97.020,-52.019,0.311,0.012,0.790,10.750,1.000,0.000,0.0000
1541.200,-97.020,-52.000,0.311,0.010,0.790,10.750,1.000,0.000,0.0000
1541.210,-97.020,-51.981,0.311,0.008,0.790,10.749,1.000,0.000,0.0000
1541.220,-97.020,-51.961,0.311,0.006,0.790,10.749,1.000,0.000,0.0000
1541.230,-97.020,-51.941,0.311,0.005,0.790,10.749,1.000,0.000,0.0000
1541.240,-97.020,-51.921,0.311,0.003,0.790,10.749,1.000,0.000,0.0000
1541.250,-97.020,-51.900,0.311,0.002,0.790,10.749,1.000,0.000,0.0000
1541.260,-97.020,-51.879,0.311,0.002,0.790,10.749,1.000,0.000,0.0000
1541.270,-97.020,-51.857,0.311,0.002,0.790,10.749,1.000,0.000,0.0000
1541.280,-97.020,-51.835,0.311,0.003,0.790,10.749,1.000,0.000,0.0000
1541.290,-97.019,-51.813,0.311,0.004,0.790,10.749,1.000,0.000,0.0000
1541.300,-97.019,-51.790,0.311,0.005,0.790,10.749,1.000,0.000,0.0000
1541.310,-97.019,-51.767,0.311,0.006,0.790,10.749,1.000,0.000,0.0000
1541.320,-97.019,-51.744,0.311,0.007,0.790,10.750,1.000,0.000,0.0000
1541.330,-97.019,-51.720,0.311,0.007,0.790,10.750,1.000,0.000,0.0000
1541.340,-97.019,-51.695,0.311,0.008,0.790,10.750,1.000,0.000,0.0000
1541.350,-97.019,-51.671,0.311,0.008,0.790,10.750,1.000,0.000,0.0000
1541.360,-97.019,-51.646,0.311,0.008,0.790,10.750,1.000,0.000,0.0000
1541.370,-97.019,-51.620,0.311,0.008,0.790,10.750,1.000,0.000,0.0000
1541.380,-97.019,-51.594,0.310,0.008,0.790,10.750,1.000,0.000,0.0000
1541.390,-97.019,-51.568,0.310,0.008,0.790,10.750,1.000,0.000,0.0000
1541.400,-97.019,-51.541,0.310,0.007,0.790,10.750,1.000,0.000,0.0000
1541.410,-97.019,-51.514,0.310,0.007,0.790,10.750,1.000,0.000,0.0000
1541.420,-97.019,-51.487,0.310,0.007,0.789,10.750,1.000,0.000,0.0000
1541.430,-97.019,-51.459,0.310,0.006,0.789,10.750,1.000,0.000,0.0000
1541.440,-97.019,-51.430,0.310,0.006,0.789,10.750,1.000,0.000,0.0000
1541.450,-97.019,-51.402,0.310,0.005,0.789,10.750,1.000,0.000,0.0000
1541.460,-97.019,-51.373,0.310,0.004,0.789,10.750,1.000,0.000,0.0000
1541.470,-97.019,-51.343,0.310,0.004,0.789,10.750,1.000,0.000,0.0000
1541.480,-97.019,-51.313,0.310,0.003,0.789,10.750,1.000,0.000,0.0000
1541.490,-97.019,-51.283,0.310,0.003,0.789,10.751,1.000,0.000,0.0000
1541.500,-97.019,-51.252,0.310,0.003,0.789,10.751,1.000,0.000,0.0000
1541.510,-97.019,-51.221,0.310,0.003,0.789,10.751,1.000,0.000,0.0000
1541.520,-97.019,-51.190,0.310,0.003,0.789,10.751,1.000,0.000,0.0000
1541.530,-97.019,-51.158,0.310,0.003,0.789,10.751,1.000,0.000,0.0000
1541.540,-97.019,-51.126,0.310,0.003,0.789,10.750,1.000,0.000,0.0000
1541.550,-97.019,-51.093,0.310,0.003,0.789,10.750,1.000,0.000,0.0000
1541.560,-97.019,-51.060,0.310,0.003,0.789,10.750,1.000,0.000,0.0000
1541.570,-97.019,-51.027,0.310,0.003,0.789,10.750,1.000,0.000,0.0000
1541.580,-97.019,-50.993,0.310,0.004,0.789,10.750,1.000,0.000,0.0000
1541.590,-97.019,-50.958,0.310,0.004,0.789,10.750,1.000,0.000,0.0000
1541.600,-97.019,-50.924,0.310,0.004,0.789,10.750,1.000,0.000,0.0000
1541.610,-97.019,-50.889,0.310,0.004,0.789,10.750,1.000,0.000,0.0000
1541.620,-97.019,-50.853,0.310,0.004,0.789,10.750,1.000,0.000,0.0000
1541.630,-97.019,-50.817,0.310,0.004,0.789,10.750,1.000,0.000,0.0000
1541.640,-97.019,-50.781,0.310,0.004,0.789,10.750,1.000,0.000,0.0000
1541.650,-97.019,-50.745,0.310,0.004,0.789,10.750,1.000,0.000,0.0000
1541.660,-97.019,-50.708,0.310,0.004,0.789,10.750,1.000,0.000,0.0000
1541.670,-97.019,-50.670,0.310,0.004,0.789,10.750,1.000,0.000,0.0000
1541.680,-97.019,-50.632,0.310,0.004,0.789,10.750,1.000,0.000,0.0000
1541.690,-97.019,-50.594,0.310,0.004,0.789,10.750,1.000,0.000,0.0000
1541.700,-97.018,-50.556,0.310,0.004,0.789,10.750,1.000,0.000,0.0000
1541.710,-97.018,-50.516,0.310,0.004,0.789,10.750,1.000,0.000,0.0000
1541.720,-97.018,-50.477,0.310,0.003,0.789,10.750,1.000,0.000,0.0000
1541.730,-97.018,-50.437,0.310,0.003,0.789,10.750,1.000,0.000,0.0000
1541.740,-97.018,-50.397,0.310,0.003,0.789,10.750,1.000,0.000,0.0000
1541.750,-97.018,-50.356,0.310,0.003,0.789,10.750,1.000,0.000,0.0000
1541.760,-97.018,-50.315,0.310,0.003,0.789,10.750,1.000,0.000,0.0000
1541.770,-97.018,-50.274,0.310,0.003,0.789,10.750,1.000,0.000,0.0000
1541.780,-97.018,-50.232,0.310,0.003,0.788,10.750,1.000,0.000,0.0000
1541.790,-97.018,-50.190,0.310,0.003,0.788,10.750,1.000,0.000,0.0000
1541.800,-97.018,-50.148,0.310,0.003,0.788,10.750,1.000,0.000,0.0000
1541.810,-97.018,-50.105,0.310,0.003,0.788,10.750,1.000,0.000,0.0000
1541.820,-97.018,-50.061,0.310,0.004,0.788,10.750,1.000,0.000,0.0000
1541.830,-97.018,-50.017,0.310,0.004,0.788,10.750,1.000,0.000,0.0000
1541.840,-97.018,-49.973,0.310,0.004,0.788,10.750,1.000,0.000,0.0000
1541.850,-97.018,-49.929,0.310,0.004,0.788,10.750,1.000,0.000,0.0000
1541.860,-97.018,-49.884,0.310,0.004,0.788,10.750,1.000,0.000,0.0000
1541.870,-97.018,-49.838,0.310,0.004,0.788,10.750,1.000,0.000,0.0000
1541.880,-97.018,-49.793,0.310,0.004,0.788,10.750,1.000,0.000,0.0000
1541.890,-97.018,-49.747,0.310,0.004,0.788,10.750,1.000,0.000,0.0000
1541.900,-97.018,-49.700,0.310,0.004,0.788,10.750,1.000,0.000,0.0000
1541.910,-97.018,-49.653,0.310,0.004,0.788,10.750,1.000,0.000,0.0000
1541.920,-97.018,-49.606,0.310,0.004,0.788,10.750,1.000,0.000,0.0000
1541.930,-97.018,-49.558,0.310,0.004,0.788,10.750,1.000,0.000,0.0000
1541.940,-97.018,-49.510,0.310,0.004,0.788,10.750,1.000,0.000,0.0000
1541.950,-97.018,-49.461,0.310,0.004,0.788,10.750,1.000,0.000,0.0000
1541.960,-97.018,-49.412,0.310,0.004,0.788,10.750,1.000,0.000,0.0000
1541.970,-97.018,-49.363,0.310,0.004,0.788,10.750,1.000,0.000,0.0000
1541.980,-97.017,-49.313,0.310,0.004,0.788,10.750,1.000,0.000,0.0000
1541.990,-97.017,-49.263,0.310,0.004,0.788,10.750,1.000,0.000,0.0000
1542.000,-97.017,-49.213,0.310,0.004,0.788,10.750,1.000,0.000,0.0000
1542.010,-97.017,-49.162,0.310,0.004,0.788,10.750,1.000,0.000,0.0000
1542.020,-97.017,-49.110,0.310,0.004,0.788,10.750,1.000,0.000,0.0000
1542.030,-97.017,-49.059,0.310,0.004,0.788,10.750,1.000,0.000,0.0000
1542.040,-97.017,-49.007,0.310,0.004,0.788,10.750,1.000,0.000,0.0000
1542.050,-97.017,-48.954,0.310,0.004,0.787,10.750,1.000,0.000,0.0000
1542.060,-97.017,-48.901,0.310,0.004,0.787,10.750,1.000,0.000,0.0000
1542.070,-97.017,-48.848,0.310,0.004,0.787,10.750,1.000,0.000,0.0000
1542.080,-97.017,-48.794,0.310,0.004,0.787,10.750,1.000,0.000,0.0000
1542.090,-97.017,-48.740,0.310,0.004,0.787,10.750,1.000,0.000,0.0000
1542.100,-97.017,-48.686,0.310,0.004,0.787,10.750,1.000,0.000,0.0000
1542.110,-97.017,-48.631,0.310,0.004,0.787,10.750,1.000,0.000,0.0000
1542.120,-97.017,-48.576,0.310,0.004,0.787,10.750,1.000,0.000,0.0000
1542.130,-97.017,-48.520,0.310,0.004,0.787,10.750,1.000,0.000,0.0000
1542.140,-97.017,-48.464,0.310,0.004,0.787,10.750,1.000,0.000,0.0000
1542.150,-97.017,-48.407,0.310,0.005,0.787,10.750,1.000,0.000,0.0000
1542.160,-97.017,-48.350,0.310,0.005,0.787,10.750,1.000,0.000,0.0000
1542.170,-97.017,-48.293,0.310,0.005,0.787,10.750,1.000,0.000,0.0000
1542.180,-97.017,-48.236,0.310,0.005,0.787,10.750,1.000,0.000,0.0000
1542.190,-97.017,-48.178,0.310,0.005,0.787,10.750,1.000,0.000,0.0000
1542.200,-97.017,-48.119,0.310,0.005,0.787,10.750,1.000,0.000,0.0000
1542.210,-97.016,-48.060,0.310,0.005,0.787,10.750,1.000,0.000,0.0000
1542.220,-97.016,-48.001,0.310,0.005,0.787,10.750,1.000,0.000,0.0000
1542.230,-97.016,-47.941,0.310,0.005,0.787,10.750,1.000,0.000,0.0000
1542.240,-97.016,-47.881,0.310,0.005,0.787,10.750,1.000,0.000,0.0000
1542.250,-97.016,-47.821,0.310,0.005,0.787,10.750,1.000,0.000,0.0000
1542.260,-97.016,-47.760,0.310,0.005,0.787,10.750,1.000,0.000,0.0000
1542.270,-97.016,-47.699,0.310,0.005,0.786,10.750,1.000,0.000,0.0000
1542.280,-97.016,-47.637,0.310,0.005,0.786,10.750,1.000,0.000,0.0000
1542.290,-97.016,-47.575,0.310,0.005,0.786,10.750,1.000,0.000,0.0000
1542.300,-97.016,-47.513,0.310,0.005,0.786,10.750,1.000,0.000,0.0000
1542.310,-97.016,-47.450,0.310,0.005,0.786,10.750,1.000,0.000,0.0000
1542.320,-97.016,-47.387,0.310,0.005,0.786,10.750,1.000,0.000,0.0000
1542.330,-97.016,-47.323,0.310,0.005,0.786,10.750,1.000,0.000,0.0000
1542.340,-97.016,-47.259,0.310,0.005,0.786,10.750,1.000,0.000,0.0000
1542.350,-97.016,-47.195,0.310,0.005,0.786,10.750,1.000,0.000,0.0000
1542.360,-97.016,-47.130,0.310,0.005,0.786,10.750,1.000,0.000,0.0000
1542.370,-97.016,-47.065,0.310,0.005,0.786,10.750,1.000,0.000,0.0000
1542.380,-97.016,-46.999,0.310,0.005,0.786,10.750,1.000,0.000,0.0000
1542.390,-97.016,-46.933,0.310,0.005,0.786,10.750,1.000,0.000,0.0000
1542.400,-97.016,-46.867,0.310,0.005,0.786,10.750,1.000,0.000,0.0000
1542.410,-97.015,-46.800,0.310,0.005,0.786,10.750,1.000,0.000,0.0000
1542.420,-97.015,-46.733,0.310,0.005,0.786,10.750,1.000,0.000,0.0000
1542.430,-97.015,-46.665,0.310,0.005,0.786,10.750,1.000,0.000,0.0000
1542.440,-97.015,-46.597,0.310,0.005,0.786,10.750,1.000,0.000,0.0000
1542.450,-97.015,-46.529,0.310,0.005,0.786,10.750,1.000,0.000,0.0000
1542.460,-97.015,-46.460,0.310,0.005,0.785,10.750,1.000,0.000,0.0000
1542.470,-97.015,-46.391,0.310,0.006,0.785,10.750,1.000,0.000,0.0000
1542.480,-97.015,-46.321,0.310,0.006,0.785,10.750,1.000,0.000,0.0000
1542.490,-97.015,-46.251,0.310,0.006,0.785,10.750,1.000,0.000,0.0000
1542.500,-97.015,-46.181,0.310,0.006,0.785,10.750,1.000,0.000,0.0000
1542.510,-97.015,-46.110,0.310,0.006,0.785,10.750,1.000,0.000,0.0000
1542.520,-97.015,-46.039,0.310,0.006,0.785,10.750,1.000,0.000,0.0000
1542.530,-97.015,-45.968,0.310,0.006,0.785,10.750,1.000,0.000,0.0000
1542.540,-97.015,-45.896,0.310,0.006,0.785,10.750,1.000,0.000,0.0000
1542.550,-97.015,-45.823,0.310,0.006,0.785,10.750,1.000,0.000,0.0000
1542.560,-97.015,-45.751,0.310,0.006,0.785,10.750,1.000,0.000,0.0000
1542.570,-97.015,-45.678,0.310,0.006,0.785,10.750,1.000,0.000,0.0000
1542.580,-97.015,-45.604,0.310,0.006,0.785,10.750,1.000,0.000,0.0000
1542.590,-97.014,-45.530,0.310,0.006,0.785,10.750,1.000,0.000,0.0000
1542.600,-97.014,-45.456,0.310,0.006,0.785,10.750,1.000,0.000,0.0000
1542.610,-97.014,-45.381,0.310,0.006,0.785,10.750,1.000,0.000,0.0000
1542.620,-97.014,-45.306,0.310,0.006,0.785,10.750,1.000,0.000,0.0000
1542.630,-97.014,-45.230,0.310,0.006,0.785,10.750,1.000,0.000,0.0000
1542.640,-97.014,-45.154,0.310,0.006,0.784,10.750,1.000,0.000,0.0000
1542.650,-97.014,-45.078,0.310,0.006,0.784,10.750,1.000,0.000,0.0000
1542.660,-97.014,-45.001,0.310,0.006,0.784,10.750,1.000,0.000,0.0000
1542.670,-97.014,-44.924,0.310,0.006,0.784,10.750,1.000,0.000,0.0000
1542.680,-97.014,-44.847,0.310,0.006,0.784,10.750,1.000,0.000,0.0000
1542.690,-97.014,-44.769,0.310,0.006,0.784,10.750,1.000,0.000,0.0000
1542.700,-97.014,-44.691,0.310,0.006,0.784,10.750,1.000,0.000,0.0000
1542.710,-97.014,-44.612,0.310,0.006,0.784,10.750,1.000,0.000,0.0000
1542.720,-97.014,-44.533,0.310,0.006,0.784,10.750,1.000,0.000,0.0000
1542.730,-97.014,-44.453,0.310,0.006,0.784,10.750,1.000,0.000,0.0000
1542.740,-97.014,-44.374,0.310,0.006,0.784,10.750,1.000,0.000,0.0000
1542.750,-97.013,-44.293,0.310,0.006,0.784,10.750,1.000,0.000,0.0000
1542.760,-97.013,-44.213,0.310,0.006,0.784,10.750,1.000,0.000,0.0000
1542.770,-97.013,-44.132,0.310,0.006,0.784,10.750,1.000,0.000,0.0000
1542.780,-97.013,-44.050,0.310,0.006,0.784,10.750,1.000,0.000,0.0000
1542.790,-97.013,-43.968,0.310,0.007,0.783,10.750,1.000,0.000,0.0000
1542.800,-97.013,-43.886,0.310,0.007,0.783,10.750,1.000,0.000,0.0000
1542.810,-97.013,-43.803,0.310,0.007,0.783,10.750,1.000,0.000,0.0000
1542.820,-97.013,-43.720,0.310,0.007,0.783,10.750,1.000,0.000,0.0000
1542.830,-97.013,-43.637,0.310,0.007,0.783,10.750,1.000,0.000,0.0000
1542.840,-97.013,-43.553,0.310,0.007,0.783,10.750,1.000,0.000,0.0000
1542.850,-97.013,-43.469,0.310,0.007,0.783,10.750,1.000,0.000,0.0000
1542.860,-97.013,-43.384,0.310,0.007,0.783,10.750,1.000,0.000,0.0000
1542.870,-97.013,-43.299,0.310,0.007,0.783,10.750,1.000,0.000,0.0000
1542.880,-97.013,-43.214,0.310,0.007,0.783,10.750,1.000,0.000,0.0000
1542.890,-97.013,-43.128,0.310,0.007,0.783,10.750,1.000,0.000,0.0000
1542.900,-97.012,-43.042,0.310,0.007,0.783,10.750,1.000,0.000,0.0000
1542.910,-97.012,-42.955,0.310,0.007,0.783,10.750,1.000,0.000,0.0000
1542.920,-97.012,-42.868,0.310,0.007,0.783,10.750,1.000,0.000,0.0000
1542.930,-97.012,-42.781,0.310,0.007,0.783,10.750,1.000,0.000,0.0000
1542.940,-97.012,-42.693,0.310,0.007,0.782,10.750,1.000,0.000,0.0000
1542.950,-97.012,-42.605,0.310,0.007,0.782,10.750,1.000,0.000,0.0000
1542.960,-97.012,-42.516,0.310,0.007,0.782,10.750,1.000,0.000,0.0000
1542.970,-97.012,-42.427,0.310,0.007,0.782,10.750,1.000,0.000,0.0000
1542.980,-97.012,-42.338,0.310,0.007,0.782,10.750,1.000,0.000,0.0000
1542.990,-97.012,-42.248,0.310,0.007,0.782,10.750,1.000,0.000,0.0000
1543.000,-97.012,-42.158,0.310,0.007,0.782,10.749,1.000,0.000,0.0000
1543.010,-97.012,-42.067,0.310,0.007,0.782,10.749,1.000,0.000,0.0000
1543.020,-97.012,-41.976,0.310,0.007,0.782,10.749,1.000,0.000,0.0000
1543.030,-97.012,-41.885,0.310,0.007,0.782,10.749,1.000,0.000,0.0000
1543.040,-97.011,-41.793,0.310,0.007,0.782,10.749,1.000,0.000,0.0000
1543.050,-97.011,-41.701,0.310,0.007,0.782,10.749,1.000,0.000,0.0000
1543.060,-97.011,-41.608,0.310,0.007,0.782,10.749,1.000,0.000,0.0000
1543.070,-97.011,-41.515,0.310,0.007,0.782,10.749,1.000,0.000,0.0000
1543.080,-97.011,-41.422,0.310,0.007,0.781,10.749,1.000,0.000,0.0000
1543.090,-97.011,-41.328,0.310,0.007,0.781,10.749,1.000,0.000,0.0000
1543.100,-97.011,-41.234,0.310,0.008,0.781,10.749,1.000,0.000,0.0000
1543.110,-97.011,-41.139,0.310,0.008,0.781,10.749,1.000,0.000,0.0000
1543.120,-97.011,-41.044,0.310,0.008,0.781,10.749,1.000,0.000,0.0000
1543.130,-97.011,-40.949,0.310,0.008,0.781,10.749,1.000,0.000,0.0000
1543.140,-97.011,-40.853,0.310,0.008,0.781,10.749,1.000,0.000,0.0000
1543.150,-97.011,-40.757,0.310,0.008,0.781,10.749,1.000,0.000,0.0000
1543.160,-97.011,-40.660,0.310,0.008,0.781,10.749,1.000,0.000,0.0000
1543.170,-97.011,-40.564,0.310,0.008,0.781,10.749,1.000,0.000,0.0000
1543.180,-97.010,-40.466,0.310,0.008,0.781,10.749,1.000,0.000,0.0000
1543.190,-97.010,-40.368,0.310,0.008,0.781,10.749,1.000,0.000,0.0000
1543.200,-97.010,-40.270,0.310,0.008,0.781,10.749,1.000,0.000,0.0000
1543.210,-97.010,-40.172,0.310,0.008,0.780,10.749,1.000,0.000,0.0000
1543.220,-97.010,-40.073,0.310,0.008,0.780,10.749,1.000,0.000,0.0000
1543.230,-97.010,-39.974,0.310,0.008,0.780,10.749,1.000,0.000,0.0000
1543.240,-97.010,-39.874,0.310,0.008,0.780,10.749,1.000,0.000,0.0000
1543.250,-97.010,-39.774,0.310,0.008,0.780,10.749,1.000,0.000,0.0000
1543.260,-97.010,-39.673,0.310,0.008,0.780,10.749,1.000,0.000,0.0000
1543.270,-97.010,-39.572,0.310,0.008,0.780,10.749,1.000,0.000,0.0000
1543.280,-97.010,-39.471,0.310,0.008,0.780,10.749,1.000,0.000,0.0000
1543.290,-97.010,-39.369,0.310,0.008,0.780,10.749,1.000,0.000,0.0000
1543.300,-97.009,-39.267,0.310,0.008,0.780,10.749,1.000,0.000,0.0000
1543.310,-97.009,-39.165,0.310,0.008,0.780,10.749,1.000,0.000,0.0000
1543.320,-97.009,-39.062,0.310,0.008,0.780,10.749,1.000,0.000,0.0000
1543.330,-97.009,-38.959,0.310,0.008,0.780,10.749,1.000,0.000,0.0000
1543.340,-97.009,-38.855,0.310,0.008,0.779,10.749,1.000,0.000,0.0000
1543.350,-97.009,-38.751,0.310,0.008,0.779,10.749,1.000,0.000,0.0000
1543.360,-97.009,-38.646,0.310,0.008,0.779,10.749,1.000,0.000,0.0000
1543.370,-97.009,-38.541,0.310,0.008,0.779,10.749,1.000,0.000,0.0000
1543.380,-97.009,-38.436,0.310,0.008,0.779,10.749,1.000,0.000,0.0000
1543.390,-97.009,-38.331,0.310,0.008,0.779,10.749,1.000,0.000,0.0000
1543.400,-97.009,-38.224,0.310,0.008,0.779,10.749,1.000,0.000,0.0000
1543.410,-97.009,-38.118,0.310,0.008,0.779,10.749,1.000,0.000,0.0000
1543.420,-97.008,-38.011,0.310,0.009,0.779,10.749,1.000,0.000,0.0000
1543.430,-97.008,-37.904,0.310,0.009,0.779,10.749,1.000,0.000,0.0000
1543.440,-97.008,-37.796,0.310,0.009,0.779,10.749,1.000,0.000,0.0000
1543.450,-97.008,-37.688,0.310,0.009,0.778,10.749,1.000,0.000,0.0000
1543.460,-97.008,-37.580,0.310,0.009,0.778,10.749,1.000,0.000,0.0000
1543.470,-97.008,-37.471,0.310,0.009,0.778,10.749,1.000,0.000,0.0000
1543.480,-97.008,-37.362,0.310,0.009,0.778,10.749,1.000,0.000,0.0000
1543.490,-97.008,-37.252,0.310,0.009,0.778,10.749,1.000,0.000,0.0000
1543.500,-97.008,-37.142,0.310,0.009,0.778,10.749,1.000,0.000,0.0000
1543.510,-97.008,-37.032,0.310,0.009,0.778,10.749,1.000,0.000,0.0000
1543.520,-97.008,-36.921,0.310,0.009,0.778,10.749,1.000,0.000,0.0000
1543.530,-97.008,-36.810,0.310,0.010,0.778,10.749,1.000,0.000,0.0000
1543.540,-97.007,-36.698,0.310,0.014,0.778,10.749,1.000,0.000,0.0000
1543.550,-97.007,-36.587,0.311,0.020,0.778,10.749,1.000,0.000,0.0000
1543.560,-97.007,-36.476,0.311,0.028,0.778,10.748,1.000,0.000,0.0000
1543.570,-97.007,-36.365,0.311,0.035,0.777,10.748,1.000,0.000,0.0000
1543.580,-97.007,-36.253,0.312,0.042,0.777,10.748,1.000,0.000,0.0000
1543.590,-97.007,-36.142,0.312,0.047,0.777,10.747,1.000,0.000,0.0000
1543.600,-97.007,-36.031,0.313,0.051,0.777,10.747,1.000,0.000,0.0000
1543.610,-97.007,-35.920,0.313,0.054,0.777,10.746,1.000,0.000,0.0000
1543.620,-97.007,-35.809,0.314,0.056,0.777,10.746,1.000,0.000,0.0000
1543.630,-97.007,-35.697,0.314,0.056,0.777,10.745,1.000,0.000,0.0000
1543.640,-97.007,-35.586,0.315,0.056,0.777,10.745,1.000,0.000,0.0000
1543.650,-97.006,-35.475,0.315,0.056,0.777,10.744,1.000,0.000,0.0000
1543.660,-97.006,-35.364,0.316,0.054,0.777,10.743,1.000,0.000,0.0000
1543.670,-97.006,-35.252,0.316,0.052,0.777,10.743,1.000,0.000,0.0000
1543.680,-97.006,-35.141,0.317,0.049,0.777,10.742,1.000,0.000,0.0000
1543.690,-97.006,-35.030,0.317,0.046,0.777,10.742,1.000,0.000,0.0000
1543.700,-97.006,-34.919,0.318,0.042,0.777,10.742,1.000,0.000,0.0000
1543.710,-97.006,-34.808,0.318,0.038,0.776,10.741,1.000,0.000,0.0000
1543.720,-97.006,-34.696,0.318,0.034,0.776,10.741,1.000,0.000,0.0000
1543.730,-97.006,-34.585,0.319,0.030,0.776,10.741,1.000,0.000,0.0000
1543.740,-97.006,-34.474,0.319,0.026,0.776,10.740,1.000,0.000,0.0000
1543.750,-97.006,-34.363,0.319,0.022,0.776,10.740,1.000,0.000,0.0000
1543.760,-97.005,-34.252,0.319,0.017,0.776,10.740,1.000,0.000,0.0000
1543.770,-97.005,-34.141,0.319,0.014,0.776,10.740,1.000,0.000,0.0000
1543.780,-97.005,-34.030,0.319,0.011,0.776,10.740,1.000,0.000,0.0000
1543.790,-97.005,-33.919,0.319,0.009,0.776,10.740,1.000,0.000,0.0000
1543.800,-97.005,-33.807,0.319,0.009,0.776,10.740,1.000,0.000,0.0000
1543.810,-97.005,-33.696,0.319,0.010,0.776,10.740,1.000,0.000,0.0000
1543.820,-97.005,-33.585,0.319,0.012,0.776,10.740,1.000,0.000,0.0000
1543.830,-97.005,-33.474,0.319,0.014,0.775,10.740,1.000,0.000,0.0000
1543.840,-97.005,-33.363,0.319,0.016,0.775,10.740,1.000,0.000,0.0000
1543.850,-97.005,-33.252,0.319,0.018,0.775,10.740,1.000,0.000,0.0000
1543.860,-97.005,-33.141,0.319,0.020,0.775,10.740,1.000,0.000,0.0000
1543.870,-97.005,-33.030,0.319,0.021,0.775,10.741,1.000,0.000,0.0000
1543.880,-97.004,-32.919,0.318,0.022,0.775,10.741,1.000,0.000,0.0000
1543.890,-97.004,-32.808,0.318,0.022,0.775,10.741,1.000,0.000,0.0000
1543.900,-97.004,-32.697,0.318,0.023,0.775,10.741,1.000,0.000,0.0000
1543.910,-97.004,-32.586,0.318,0.022,0.775,10.741,1.000,0.000,0.0000
1543.920,-97.004,-32.475,0.317,0.022,0.775,10.742,1.000,0.000,0.0000
1543.930,-97.004,-32.364,0.317,0.022,0.774,10.742,1.000,0.000,0.0000
1543.940,-97.004,-32.253,0.317,0.021,0.774,10.742,1.000,0.000,0.0000
1543.950,-97.004,-32.142,0.317,0.020,0.774,10.742,1.000,0.000,0.0000
1543.960,-97.004,-32.030,0.317,0.019,0.774,10.742,1.000,0.000,0.0000
1543.970,-97.004,-31.919,0.317,0.017,0.774,10.742,1.000,0.000,0.0000
1543.980,-97.004,-31.808,0.316,0.016,0.774,10.742,1.000,0.000,0.0000
1543.990,-97.003,-31.697,0.316,0.015,0.774,10.743,1.000,0.000,0.0000
1544.000,-97.003,-31.586,0.316,0.014,0.774,10.743,1.000,0.000,0.0000
1544.010,-97.003,-31.475,0.316,0.012,0.774,10.743,1.000,0.000,0.0000
1544.020,-97.003,-31.364,0.316,0.011,0.774,10.743,1.000,0.000,0.0000
1544.030,-97.003,-31.253,0.316,0.010,0.774,10.743,1.000,0.000,0.0000
1544.040,-97.003,-31.142,0.316,0.010,0.773,10.743,1.000,0.000,0.0000
1544.050,-97.003,-31.031,0.316,0.009,0.773,10.743,1.000,0.000,0.0000
1544.060,-97.003,-30.920,0.316,0.009,0.773,10.743,1.000,0.000,0.0000
1544.070,-97.003,-30.809,0.316,0.009,0.773,10.743,1.000,0.000,0.0000
1544.080,-97.003,-30.697,0.316,0.009,0.773,10.743,1.000,0.000,0.0000
1544.090,-97.003,-30.586,0.316,0.010,0.773,10.743,1.000,0.000,0.0000
1544.100,-97.002,-30.475,0.316,0.010,0.773,10.743,1.000,0.000,0.0000
1544.110,-97.002,-30.364,0.316,0.010,0.773,10.743,1.000,0.000,0.0000
1544.120,-97.002,-30.253,0.316,0.011,0.773,10.743,1.000,0.000,0.0000
1544.130,-97.002,-30.142,0.316,0.011,0.773,10.743,1.000,0.000,0.0000
1544.140,-97.002,-30.031,0.316,0.011,0.773,10.742,1.000,0.000,0.0000
1544.150,-97.002,-29.920,0.316,0.012,0.772,10.742,1.000,0.000,0.0000
1544.160,-97.002,-29.809,0.317,0.012,0.772,10.742,1.000,0.000,0.0000
1544.170,-97.002,-29.697,0.317,0.012,0.772,10.742,1.000,0.000,0.0000
1544.180,-97.002,-29.586,0.317,0.012,0.772,10.742,1.000,0.000,0.0000
1544.190,-97.002,-29.475,0.317,0.012,0.772,10.742,1.000,0.000,0.0000
1544.200,-97.002,-29.364,0.317,0.011,0.772,10.742,1.000,0.000,0.0000
1544.210,-97.001,-29.253,0.317,0.011,0.772,10.742,1.000,0.000,0.0000
1544.220,-97.001,-29.142,0.317,0.011,0.772,10.742,1.000,0.000,0.0000
1544.230,-97.001,-29.031,0.317,0.011,0.772,10.742,1.000,0.000,0.0000
1544.240,-97.001,-28.920,0.317,0.010,0.772,10.742,1.000,0.000,0.0000
1544.250,-97.001,-28.809,0.317,0.010,0.772,10.742,1.000,0.000,0.0000
1544.260,-97.001,-28.697,0.317,0.010,0.772,10.742,1.000,0.000,0.0000
1544.270,-97.001,-28.586,0.317,0.010,0.771,10.742,1.000,0.000,0.0000
1544.280,-97.001,-28.475,0.317,0.009,0.771,10.742,1.000,0.000,0.0000
1544.290,-97.001,-28.364,0.317,0.009,0.771,10.741,1.000,0.000,0.0000
1544.300,-97.001,-28.253,0.317,0.009,0.771,10.741,1.000,0.000,0.0000
1544.310,-97.001,-28.142,0.317,0.009,0.771,10.741,1.000,0.000,0.0000
1544.320,-97.001,-28.031,0.317,0.009,0.771,10.741,1.000,0.000,0.0000
1544.330,-97.000,-27.920,0.317,0.009,0.771,10.741,1.000,0.000,0.0000
1544.340,-97.000,-27.809,0.317,0.009,0.771,10.741,1.000,0.000,0.0000
1544.350,-97.000,-27.698,0.317,0.009,0.771,10.741,1.000,0.000,0.0000
1544.360,-97.000,-27.586,0.317,0.009,0.771,10.741,1.000,0.000,0.0000
1544.370,-97.000,-27.475,0.317,0.009,0.771,10.741,1.000,0.000,0.0000
1544.380,-97.000,-27.364,0.317,0.009,0.770,10.741,1.000,0.000,0.0000
1544.390,-97.000,-27.253,0.317,0.009,0.770,10.741,1.000,0.000,0.0000
1544.400,-97.000,-27.142,0.317,0.009,0.770,10.741,1.000,0.000,0.0000
1544.410,-97.000,-27.031,0.317,0.009,0.770,10.742,1.000,0.000,0.0000
1544.420,-97.000,-26.920,0.317,0.009,0.770,10.742,1.000,0.000,0.0000
1544.430,-97.000,-26.809,0.317,0.009,0.770,10.742,1.000,0.000,0.0000
1544.440,-96.999,-26.698,0.317,0.009,0.770,10.742,1.000,0.000,0.0000
1544.450,-96.999,-26.587,0.317,0.009,0.770,10.742,1.000,0.000,0.0000
1544.460,-96.999,-26.475,0.317,0.009,0.770,10.742,1.000,0.000,0.0000
1544.470,-96.999,-26.364,0.317,0.009,0.770,10.742,1.000,0.000,0.0000
1544.480,-96.999,-26.253,0.317,0.009,0.770,10.742,1.000,0.000,0.0000
1544.490,-96.999,-26.142,0.317,0.009,0.769,10.742,1.000,0.000,0.0000
1544.500,-96.999,-26.031,0.317,0.009,0.769,10.742,1.000,0.000,0.0000
1544.510,-96.999,-25.920,0.317,0.009,0.769,10.742,1.000,0.000,0.0000
1544.520,-96.999,-25.809,0.317,0.009,0.769,10.742,1.000,0.000,0.0000
1544.530,-96.999,-25.698,0.317,0.009,0.769,10.742,1.000,0.000,0.0000
1544.540,-96.999,-25.587,0.317,0.009,0.769,10.742,1.000,0.000,0.0000
1544.550,-96.998,-25.476,0.317,0.009,0.769,10.742,1.000,0.000,0.0000
1544.560,-96.998,-25.365,0.317,0.009,0.769,10.742,1.000,0.000,0.0000
1544.570,-96.998,-25.253,0.317,0.009,0.769,10.742,1.000,0.000,0.0000
1544.580,-96.998,-25.142,0.317,0.009,0.769,10.742,1.000,0.000,0.0000
1544.590,-96.998,-25.031,0.317,0.009,0.769,10.742,1.000,0.000,0.0000
1544.600,-96.998,-24.920,0.317,0.009,0.769,10.742,1.000,0.000,0.0000
1544.610,-96.998,-24.809,0.317,0.009,0.768,10.742,1.000,0.000,0.0000
1544.620,-96.998,-24.698,0.317,0.009,0.768,10.742,1.000,0.000,0.0000
1544.630,-96.998,-24.587,0.317,0.009,0.768,10.742,1.000,0.000,0.0000
1544.640,-96.998,-24.476,0.317,0.009,0.768,10.742,1.000,0.000,0.0000
1544.650,-96.998,-24.365,0.317,0.009,0.768,10.742,1.000,0.000,0.0000
1544.660,-96.998,-24.254,0.317,0.009,0.768,10.742,1.000,0.000,0.0000
1544.670,-96.997,-24.142,0.317,0.009,0.768,10.742,1.000,0.000,0.0000
1544.680,-96.997,-24.031,0.317,0.009,0.768,10.742,1.000,0.000,0.0000
1544.690,-96.997,-23.920,0.317,0.009,0.768,10.742,1.000,0.000,0.0000
1544.700,-96.997,-23.809,0.317,0.009,0.768,10.742,1.000,0.000,0.0000
1544.710,-96.997,-23.698,0.317,0.009,0.768,10.741,1.000,0.000,0.0000
1544.720,-96.997,-23.587,0.317,0.009,0.767,10.741,1.000,0.000,0.0000
1544.730,-96.997,-23.476,0.317,0.009,0.767,10.741,1.000,0.000,0.0000
1544.740,-96.997,-23.365,0.317,0.009,0.767,10.741,1.000,0.000,0.0000
1544.750,-96.997,-23.254,0.317,0.009,0.767,10.741,1.000,0.000,0.0000
1544.760,-96.997,-23.143,0.317,0.009,0.767,10.741,1.000,0.000,0.0000
1544.770,-96.997,-23.031,0.317,0.009,0.767,10.741,1.000,0.000,0.0000
1544.780,-96.996,-22.920,0.317,0.009,0.767,10.741,1.000,0.000,0.0000
1544.790,-96.996,-22.809,0.317,0.009,0.767,10.741,1.000,0.000,0.0000
1544.800,-96.996,-22.698,0.317,0.009,0.767,10.741,1.000,0.000,0.0000
1544.810,-96.996,-22.587,0.317,0.009,0.767,10.741,1.000,0.000,0.0000
1544.820,-96.996,-22.476,0.317,0.009,0.767,10.741,1.000,0.000,0.0000
1544.830,-96.996,-22.365,0.317,0.009,0.766,10.741,1.000,0.000,0.0000
1544.840,-96.996,-22.254,0.317,0.009,0.766,10.741,1.000,0.000,0.0000
1544.850,-96.996,-22.143,0.317,0.009,0.766,10.741,1.000,0.000,0.0000
1544.860,-96.996,-22.032,0.317,0.009,0.766,10.741,1.000,0.000,0.0000
1544.870,-96.996,-21.920,0.317,0.009,0.766,10.741,1.000,0.000,0.0000
1544.880,-96.996,-21.809,0.317,0.009,0.766,10.741,1.000,0.000,0.0000
1544.890,-96.995,-21.698,0.317,0.009,0.766,10.741,1.000,0.000,0.0000
1544.900,-96.995,-21.587,0.317,0.009,0.766,10.741,1.000,0.000,0.0000
1544.910,-96.995,-21.476,0.317,0.009,0.766,10.741,1.000,0.000,0.0000
1544.920,-96.995,-21.365,0.317,0.009,0.766,10.741,1.000,0.000,0.0000
1544.930,-96.995,-21.254,0.317,0.009,0.766,10.741,1.000,0.000,0.0000
1544.940,-96.995,-21.143,0.317,0.009,0.766,10.741,1.000,0.000,0.0000
1544.950,-96.995,-21.032,0.317,0.009,0.765,10.741,1.000,0.000,0.0000
1544.960,-96.995,-20.921,0.317,0.009,0.765,10.741,1.000,0.000,0.0000
1544.970,-96.995,-20.809,0.317,0.009,0.765,10.741,1.000,0.000,0.0000
1544.980,-96.995,-20.698,0.317,0.009,0.765,10.741,1.000,0.000,0.0000
1544.990,-96.995,-20.587,0.317,0.009,0.765,10.741,1.000,0.000,0.0000
1545.000,-96.994,-20.476,0.317,0.009,0.765,10.741,1.000,0.000,0.0000
1545.010,-96.994,-20.365,0.317,0.009,0.765,10.741,1.000,0.000,0.0000
1545.020,-96.994,-20.254,0.317,0.009,0.765,10.741,1.000,0.000,0.0000
1545.030,-96.994,-20.143,0.317,0.009,0.765,10.741,1.000,0.000,0.0000
1545.040,-96.994,-20.032,0.317,0.009,0.765,10.741,1.000,0.000,0.0000
1545.050,-96.994,-19.921,0.317,0.009,0.765,10.741,1.000,0.000,0.0000
1545.060,-96.994,-19.810,0.317,0.009,0.764,10.741,1.000,0.000,0.0000
1545.070,-96.994,-19.698,0.317,0.009,0.764,10.741,1.000,0.000,0.0000
1545.080,-96.994,-19.587,0.317,0.009,0.764,10.741,1.000,0.000,0.0000
1545.090,-96.994,-19.476,0.317,0.009,0.764,10.741,1.000,0.000,0.0000
1545.100,-96.994,-19.365,0.317,0.009,0.764,10.741,1.000,0.000,0.0000
1545.110,-96.994,-19.254,0.317,0.009,0.764,10.741,1.000,0.000,0.0000
1545.120,-96.993,-19.143,0.317,0.009,0.764,10.741,1.000,0.000,0.0000
1545.130,-96.993,-19.032,0.317,0.009,0.764,10.741,1.000,0.000,0.0000
1545.140,-96.993,-18.921,0.317,0.009,0.764,10.741,1.000,0.000,0.0000
1545.150,-96.993,-18.810,0.317,0.009,0.764,10.741,1.000,0.000,0.0000
1545.160,-96.993,-18.699,0.317,0.009,0.764,10.741,1.000,0.000,0.0000
1545.170,-96.993,-18.587,0.317,0.009,0.763,10.741,1.000,0.000,0.0000
1545.180,-96.993,-18.476,0.317,0.009,0.763,10.741,1.000,0.000,0.0000
1545.190,-96.993,-18.365,0.317,0.009,0.763,10.741,1.000,0.000,0.0000
1545.200,-96.993,-18.254,0.317,0.009,0.763,10.741,1.000,0.000,0.0000
1545.210,-96.993,-18.143,0.317,0.009,0.763,10.741,1.000,0.000,0.0000
1545.220,-96.993,-18.032,0.317,0.009,0.763,10.741,1.000,0.000,0.0000
1545.230,-96.992,-17.921,0.317,0.009,0.763,10.741,1.000,0.000,0.0000
1545.240,-96.992,-17.810,0.317,0.009,0.763,10.741,1.000,0.000,0.0000
1545.250,-96.992,-17.699,0.317,0.009,0.763,10.741,1.000,0.000,0.0000
1545.260,-96.992,-17.588,0.317,0.009,0.763,10.741,1.000,0.000,0.0000
1545.270,-96.992,-17.476,0.317,0.009,0.763,10.741,1.000,0.000,0.0000
1545.280,-96.992,-17.365,0.317,0.009,0.762,10.741,1.000,0.000,0.0000
1545.290,-96.992,-17.254,0.317,0.009,0.762,10.741,1.000,0.000,0.0000
1545.300,-96.992,-17.143,0.317,0.009,0.762,10.741,1.000,0.000,0.0000
1545.310,-96.992,-17.032,0.317,0.009,0.762,10.741,1.000,0.000,0.0000
1545.320,-96.992,-16.921,0.317,0.009,0.762,10.741,1.000,0.000,0.0000
1545.330,-96.992,-16.810,0.317,0.009,0.762,10.741,1.000,0.000,0.0000
1545.340,-96.991,-16.699,0.317,0.009,0.762,10.741,1.000,0.000,0.0000
1545.350,-96.991,-16.588,0.317,0.009,0.762,10.741,1.000,0.000,0.0000
1545.360,-96.991,-16.477,0.317,0.009,0.762,10.741,1.000,0.000,0.0000
1545.370,-96.991,-16.366,0.317,0.009,0.762,10.741,1.000,0.000,0.0000
1545.380,-96.991,-16.254,0.317,0.009,0.762,10.741,1.000,0.000,0.0000
1545.390,-96.991,-16.143,0.317,0.009,0.762,10.741,1.000,0.000,0.0000
1545.400,-96.991,-16.032,0.317,0.009,0.761,10.741,1.000,0.000,0.0000
1545.410,-96.991,-15.921,0.317,0.009,0.761,10.741,1.000,0.000,0.0000
1545.420,-96.991,-15.810,0.317,0.009,0.761,10.741,1.000,0.000,0.0000
1545.430,-96.991,-15.699,0.317,0.009,0.761,10.741,1.000,0.000,0.0000
1545.440,-96.991,-15.588,0.317,0.009,0.761,10.741,1.000,0.000,0.0000
1545.450,-96.991,-15.477,0.317,0.009,0.761,10.741,1.000,0.000,0.0000
1545.460,-96.990,-15.366,0.317,0.009,0.761,10.741,1.000,0.000,0.0000
1545.470,-96.990,-15.255,0.317,0.009,0.761,10.741,1.000,0.000,0.0000
1545.480,-96.990,-15.143,0.317,0.009,0.761,10.741,1.000,0.000,0.0000
1545.490,-96.990,-15.032,0.317,0.009,0.761,10.741,1.000,0.000,0.0000
1545.500,-96.990,-14.921,0.317,0.009,0.761,10.741,1.000,0.000,0.0000
1545.510,-96.990,-14.810,0.317,0.009,0.760,10.741,1.000,0.000,0.0000
1545.520,-96.990,-14.699,0.317,0.009,0.760,10.741,1.000,0.000,0.0000
1545.530,-96.990,-14.588,0.317,0.009,0.760,10.741,1.000,0.000,0.0000
1545.540,-96.990,-14.477,0.317,0.009,0.760,10.741,1.000,0.000,0.0000
1545.550,-96.990,-14.366,0.317,0.009,0.760,10.741,1.000,0.000,0.0000
1545.560,-96.990,-14.255,0.317,0.009,0.760,10.741,1.000,0.000,0.0000
1545.570,-96.989,-14.144,0.317,0.009,0.760,10.741,1.000,0.000,0.0000
1545.580,-96.989,-14.032,0.317,0.009,0.760,10.741,1.000,0.000,0.0000
1545.590,-96.989,-13.921,0.317,0.009,0.760,10.741,1.000,0.000,0.0000
1545.600,-96.989,-13.810,0.317,0.009,0.760,10.741,1.000,0.000,0.0000
1545.610,-96.989,-13.699,0.317,0.009,0.760,10.741,1.000,0.000,0.0000
1545.620,-96.989,-13.588,0.317,0.009,0.759,10.741,1.000,0.000,0.0000
1545.630,-96.989,-13.477,0.317,0.009,0.759,10.741,1.000,0.000,0.0000
1545.640,-96.989,-13.366,0.317,0.009,0.759,10.741,1.000,0.000,0.0000
1545.650,-96.989,-13.255,0.317,0.009,0.759,10.741,1.000,0.000,0.0000
1545.660,-96.989,-13.144,0.317,0.009,0.759,10.741,1.000,0.000,0.0000
1545.670,-96.989,-13.033,0.317,0.009,0.759,10.741,1.000,0.000,0.0000
1545.680,-96.988,-12.921,0.317,0.009,0.759,10.741,1.000,0.000,0.0000
1545.690,-96.988,-12.810,0.317,0.009,0.759,10.741,1.000,0.000,0.0000
1545.700,-96.988,-12.699,0.317,0.009,0.759,10.741,1.000,0.000,0.0000
1545.710,-96.988,-12.588,0.317,0.009,0.759,10.741,1.000,0.000,0.0000
1545.720,-96.988,-12.477,0.317,0.009,0.759,10.741,1.000,0.000,0.0000
1545.730,-96.988,-12.366,0.317,0.009,0.759,10.741,1.000,0.000,0.0000
1545.740,-96.988,-12.255,0.317,0.009,0.758,10.741,1.000,0.000,0.0000
1545.750,-96.988,-12.144,0.317,0.009,0.758,10.741,1.000,0.000,0.0000
1545.760,-96.988,-12.033,0.317,0.009,0.758,10.741,1.000,0.000,0.0000
1545.770,-96.988,-11.922,0.317,0.009,0.758,10.741,1.000,0.000,0.0000
1545.780,-96.988,-11.810,0.317,0.009,0.758,10.741,1.000,0.000,0.0000
1545.790,-96.987,-11.699,0.317,0.009,0.758,10.741,1.000,0.000,0.0000
1545.800,-96.987,-11.588,0.317,0.009,0.758,10.741,1.000,0.000,0.0000
1545.810,-96.987,-11.477,0.317,0.009,0.758,10.741,1.000,0.000,0.0000
1545.820,-96.987,-11.366,0.317,0.009,0.758,10.741,1.000,0.000,0.0000
1545.830,-96.987,-11.255,0.317,0.009,0.758,10.741,1.000,0.000,0.0000
1545.840,-96.987,-11.144,0.317,0.009,0.758,10.741,1.000,0.000,0.0000
1545.850,-96.987,-11.033,0.317,0.009,0.757,10.741,1.000,0.000,0.0000
1545.860,-96.987,-10.922,0.317,0.009,0.757,10.741,1.000,0.000,0.0000
1545.870,-96.987,-10.811,0.317,0.009,0.757,10.741,1.000,0.000,0.0000
1545.880,-96.987,-10.699,0.317,0.009,0.757,10.740,1.000,0.000,0.0000
1545.890,-96.987,-10.588,0.317,0.009,0.757,10.740,1.000,0.000,0.0000
1545.900,-96.987,-10.477,0.317,0.009,0.757,10.740,1.000,0.000,0.0000
1545.910,-96.986,-10.366,0.317,0.009,0.757,10.740,1.000,0.000,0.0000
1545.920,-96.986,-10.255,0.317,0.009,0.757,10.740,1.000,0.000,0.0000
1545.930,-96.986,-10.144,0.317,0.009,0.757,10.740,1.000,0.000,0.0000
1545.940,-96.986,-10.033,0.317,0.009,0.757,10.740,1.000,0.000,0.0000
1545.950,-96.986,-9.922,0.317,0.009,0.757,10.740,1.000,0.000,0.0000
1545.960,-96.986,-9.811,0.317,0.009,0.756,10.740,1.000,0.000,0.0000
1545.970,-96.986,-9.700,0.317,0.009,0.756,10.740,1.000,0.000,0.0000
1545.980,-96.986,-9.588,0.317,0.009,0.756,10.740,1.000,0.000,0.0000
1545.990,-96.986,-9.477,0.317,0.009,0.756,10.740,1.000,0.000,0.0000
1546.000,-96.986,-9.366,0.317,0.009,0.756,10.740,1.000,0.000,0.0000
1546.010,-96.986,-9.255,0.317,0.009,0.756,10.740,1.000,0.000,0.0000
1546.020,-96.985,-9.144,0.317,0.009,0.756,10.740,1.000,0.000,0.0000
1546.030,-96.985,-9.033,0.317,0.009,0.756,10.740,1.000,0.000,0.0000
1546.040,-96.985,-8.922,0.317,0.009,0.756,10.740,1.000,0.000,0.0000
1546.050,-96.985,-8.811,0.317,0.009,0.756,10.740,1.000,0.000,0.0000
1546.060,-96.985,-8.700,0.317,0.009,0.756,10.740,1.000,0.000,0.0000
1546.070,-96.985,-8.589,0.317,0.009,0.755,10.740,1.000,0.000,0.0000
1546.080,-96.985,-8.478,0.317,0.009,0.755,10.740,1.000,0.000,0.0000
1546.090,-96.985,-8.366,0.317,0.009,0.755,10.740,1.000,0.000,0.0000
1546.100,-96.985,-8.255,0.317,0.009,0.755,10.740,1.000,0.000,0.0000
1546.110,-96.985,-8.144,0.317,0.009,0.755,10.740,1.000,0.000,0.0000
1546.120,-96.985,-8.033,0.317,0.009,0.755,10.740,1.000,0.000,0.0000
1546.130,-96.984,-7.922,0.317,0.009,0.755,10.740,1.000,0.000,0.0000
1546.140,-96.984,-7.811,0.317,0.009,0.755,10.740,1.000,0.000,0.0000
1546.150,-96.984,-7.700,0.317,0.009,0.755,10.740,1.000,0.000,0.0000
1546.160,-96.984,-7.589,0.317,0.009,0.755,10.740,1.000,0.000,0.0000
1546.170,-96.984,-7.478,0.317,0.009,0.755,10.740,1.000,0.000,0.0000
1546.180,-96.984,-7.367,0.317,0.009,0.755,10.740,1.000,0.000,0.0000
1546.190,-96.984,-7.255,0.317,0.009,0.754,10.740,1.000,0.000,0.0000
1546.200,-96.984,-7.144,0.317,0.009,0.754,10.740,1.000,0.000,0.0000
1546.210,-96.984,-7.033,0.317,0.009,0.754,10.740,1.000,0.000,0.0000
1546.220,-96.984,-6.922,0.317,0.009,0.754,10.740,1.000,0.000,0.0000
1546.230,-96.984,-6.811,0.317,0.009,0.754,10.740,1.000,0.000,0.0000
1546.240,-96.984,-6.700,0.317,0.009,0.754,10.740,1.000,0.000,0.0000
1546.250,-96.983,-6.589,0.317,0.009,0.754,10.740,1.000,0.000,0.0000
1546.260,-96.983,-6.478,0.317,0.009,0.754,10.740,1.000,0.000,0.0000
1546.270,-96.983,-6.367,0.317,0.009,0.754,10.740,1.000,0.000,0.0000
1546.280,-96.983,-6.256,0.317,0.009,0.754,10.740,1.000,0.000,0.0000
1546.290,-96.983,-6.144,0.317,0.009,0.754,10.740,1.000,0.000,0.0000
1546.300,-96.983,-6.033,0.317,0.009,0.753,10.740,1.000,0.000,0.0000
1546.310,-96.983,-5.922,0.317,0.009,0.753,10.740,1.000,0.000,0.0000
1546.320,-96.983,-5.811,0.317,0.009,0.753,10.740,1.000,0.000,0.0000
1546.330,-96.983,-5.700,0.317,0.009,0.753,10.740,1.000,0.000,0.0000
1546.340,-96.983,-5.589,0.317,0.009,0.753,10.740,1.000,0.000,0.0000
1546.350,-96.983,-5.478,0.317,0.009,0.753,10.740,1.000,0.000,0.0000
1546.360,-96.982,-5.367,0.317,0.009,0.753,10.740,1.000,0.000,0.0000
1546.370,-96.982,-5.256,0.317,0.009,0.753,10.740,1.000,0.000,0.0000
1546.380,-96.982,-5.145,0.317,0.009,0.753,10.740,1.000,0.000,0.0000
1546.390,-96.982,-5.033,0.317,0.009,0.753,10.740,1.000,0.000,0.0000
1546.400,-96.982,-4.922,0.317,0.009,0.753,10.740,1.000,0.000,0.0000
1546.410,-96.982,-4.811,0.317,0.009,0.752,10.740,1.000,0.000,0.0000
1546.420,-96.982,-4.700,0.317,0.009,0.752,10.740,1.000,0.000,0.0000
1546.430,-96.982,-4.589,0.317,0.009,0.752,10.740,1.000,0.000,0.0000
1546.440,-96.982,-4.478,0.317,0.009,0.752,10.740,1.000,0.000,0.0000
1546.450,-96.982,-4.367,0.317,0.009,0.752,10.740,1.000,0.000,0.0000
1546.460,-96.982,-4.256,0.317,0.009,0.752,10.740,1.000,0.000,0.0000
1546.470,-96.981,-4.145,0.317,0.009,0.752,10.740,1.000,0.000,0.0000
1546.480,-96.981,-4.034,0.317,0.009,0.752,10.740,1.000,0.000,0.0000
1546.490,-96.981,-3.922,0.317,0.009,0.752,10.740,1.000,0.000,0.0000
1546.500,-96.981,-3.811,0.317,0.009,0.752,10.740,1.000,0.000,0.0000
1546.510,-96.981,-3.700,0.317,0.009,0.752,10.740,1.000,0.000,0.0000
1546.520,-96.981,-3.589,0.317,0.009,0.752,10.740,1.000,0.000,0.0000
1546.530,-96.981,-3.478,0.317,0.009,0.751,10.740,0.940,0.000,0.0000
1546.540,-96.981,-3.367,0.317,0.010,0.751,10.740,0.880,0.000,0.0000
1546.550,-96.981,-3.256,0.317,0.014,0.751,10.740,0.820,0.000,0.0000
1546.560,-96.981,-3.146,0.317,0.020,0.751,10.740,0.760,0.000,0.0000
1546.570,-96.981,-3.036,0.318,0.028,0.751,10.739,0.700,0.000,0.0000
1546.580,-96.980,-2.927,0.318,0.036,0.751,10.739,0.640,0.000,0.0000
1546.590,-96.980,-2.817,0.318,0.042,0.751,10.739,0.580,0.000,0.0000
1546.600,-96.980,-2.709,0.319,0.048,0.751,10.738,0.520,0.000,0.0000
1546.610,-96.980,-2.600,0.319,0.052,0.751,10.738,0.460,0.000,0.0000
1546.620,-96.980,-2.492,0.320,0.055,0.751,10.737,0.400,0.000,0.0000
1546.630,-96.980,-2.385,0.320,0.057,0.751,10.736,0.340,0.000,0.0000
1546.640,-96.980,-2.278,0.321,0.058,0.751,10.736,0.280,0.000,0.0000
1546.650,-96.980,-2.171,0.321,0.058,0.751,10.735,0.220,0.000,0.0000
1546.660,-96.980,-2.065,0.322,0.057,0.750,10.735,0.160,0.000,0.0000
1546.670,-96.980,-1.959,0.323,0.055,0.750,10.734,0.100,0.000,0.0000
1546.680,-96.980,-1.853,0.323,0.053,0.750,10.734,0.040,0.000,0.0000
1546.690,-96.980,-1.748,0.324,0.050,0.750,10.733,0.000,0.000,0.0000
1546.700,-96.979,-1.643,0.324,0.047,0.750,10.733,0.000,0.000,0.0000
1546.710,-96.979,-1.539,0.325,0.044,0.750,10.732,0.000,0.000,0.0000
1546.720,-96.979,-1.435,0.325,0.040,0.750,10.732,0.000,0.000,0.0000
1546.730,-96.979,-1.332,0.325,0.036,0.750,10.732,0.000,0.000,0.0000
1546.740,-96.979,-1.229,0.326,0.031,0.750,10.731,0.000,0.000,0.0000
1546.750,-96.979,-1.126,0.326,0.027,0.750,10.731,0.040,0.000,0.0000
1546.760,-96.979,-1.024,0.326,0.022,0.750,10.731,0.080,0.000,0.0000
1546.770,-96.979,-0.922,0.326,0.018,0.750,10.731,0.120,0.000,0.0000
1546.780,-96.979,-0.820,0.326,0.014,0.750,10.730,0.160,0.000,0.0000
1546.790,-96.979,-0.719,0.326,0.011,0.750,10.730,0.200,0.000,0.0000
1546.800,-96.979,-0.618,0.326,0.009,0.750,10.730,0.240,0.000,0.0000
1546.810,-96.979,-0.518,0.326,0.008,0.749,10.730,0.280,0.000,0.0000
1546.820,-96.978,-0.418,0.326,0.009,0.749,10.730,0.320,0.000,0.0000
1546.830,-96.978,-0.319,0.326,0.011,0.749,10.730,0.360,0.000,0.0000
1546.840,-96.978,-0.220,0.326,0.013,0.749,10.731,0.400,0.000,0.0000
1546.850,-96.978,-0.121,0.326,0.015,0.749,10.731,0.440,0.000,0.0000
1546.860,-96.978,-0.023,0.326,0.017,0.749,10.731,0.480,0.000,0.0000
1546.870,-96.978,0.075,0.326,0.019,0.749,10.731,0.520,0.000,0.0000
1546.880,-96.978,0.172,0.326,0.020,0.749,10.731,0.560,0.000,0.0000
1546.890,-96.978,0.269,0.325,0.021,0.749,10.731,0.600,0.000,0.0000
1546.900,-96.978,0.366,0.325,0.022,0.749,10.732,0.640,0.000,0.0000
1546.910,-96.978,0.462,0.325,0.022,0.749,10.732,0.680,0.000,0.0000
1546.920,-96.978,0.558,0.325,0.022,0.749,10.732,0.720,0.000,0.0000
1546.930,-96.978,0.654,0.324,0.022,0.748,10.732,0.760,0.000,0.0000
1546.940,-96.978,0.749,0.324,0.022,0.748,10.732,0.800,0.000,0.0000
1546.950,-96.977,0.843,0.324,0.021,0.748,10.733,0.840,0.000,0.0000
1546.960,-96.977,0.938,0.324,0.020,0.748,10.733,0.880,0.000,0.0000
1546.970,-96.977,1.032,0.324,0.026,0.748,10.733,0.920,0.000,0.0000
1546.980,-96.977,1.126,0.323,0.038,0.748,10.733,0.960,0.000,0.0000
1546.990,-96.977,1.221,0.323,0.052,0.748,10.734,1.000,0.000,0.0000
1547.000,-96.977,1.316,0.322,0.067,0.748,10.734,1.000,0.000,0.0000
1547.010,-96.977,1.411,0.321,0.081,0.748,10.735,1.000,0.000,0.0000
1547.020,-96.977,1.507,0.320,0.093,0.748,10.736,1.000,0.000,0.0000
1547.030,-96.977,1.603,0.319,0.103,0.747,10.737,1.000,0.000,0.0000
1547.040,-96.977,1.700,0.318,0.109,0.747,10.738,0.940,0.000,0.0000
1547.050,-96.977,1.797,0.317,0.113,0.747,10.739,0.880,0.000,0.0000
1547.060,-96.977,1.894,0.316,0.113,0.747,10.741,0.820,0.000,0.0000
1547.070,-96.977,1.992,0.315,0.104,0.747,10.742,0.760,0.000,0.0000
1547.080,-96.976,2.089,0.314,0.088,0.747,10.742,0.700,0.000,0.0000
1547.090,-96.976,2.186,0.313,0.069,0.747,10.743,0.640,0.000,0.0000
1547.100,-96.976,2.283,0.313,0.048,0.747,10.744,0.580,0.000,0.0000
1547.110,-96.976,2.379,0.313,0.028,0.747,10.744,0.520,0.000,0.0000
1547.120,-96.976,2.474,0.313,0.011,0.747,10.744,0.460,0.000,0.0080
1547.130,-96.976,2.570,0.313,0.013,0.746,10.744,0.400,0.000,0.0160
1547.140,-96.976,2.665,0.313,0.027,0.746,10.744,0.340,0.000,0.0240
1547.150,-96.976,2.759,0.313,0.041,0.746,10.743,0.280,0.000,0.0320
1547.160,-96.976,2.853,0.314,0.053,0.746,10.743,0.220,0.000,0.0400
1547.170,-96.976,2.947,0.314,0.063,0.746,10.742,0.160,0.000,0.0480
1547.180,-96.976,3.041,0.315,0.073,0.746,10.741,0.100,0.000,0.0560
1547.190,-96.975,3.134,0.316,0.080,0.746,10.740,0.040,0.000,0.0640
1547.200,-96.975,3.226,0.317,0.087,0.746,10.740,0.000,0.000,0.0720
1547.210,-96.975,3.319,0.318,0.092,0.745,10.739,0.000,0.000,0.0800
1547.220,-96.975,3.411,0.319,0.097,0.745,10.738,0.000,0.000,0.0880
1547.230,-96.974,3.502,0.319,0.101,0.745,10.737,0.000,0.000,0.0960
1547.240,-96.974,3.593,0.320,0.105,0.744,10.736,0.000,0.000,0.1040
1547.250,-96.973,3.684,0.321,0.109,0.744,10.735,0.000,0.000,0.1120
1547.260,-96.972,3.774,0.322,0.113,0.743,10.734,0.000,0.000,0.1200
1547.270,-96.972,3.864,0.323,0.119,0.742,10.733,0.000,0.000,0.1280
1547.280,-96.971,3.953,0.324,0.125,0.741,10.732,0.000,0.000,0.1360
1547.290,-96.969,4.042,0.325,0.134,0.740,10.731,0.000,0.000,0.1440
1547.300,-96.968,4.131,0.325,0.145,0.739,10.730,0.000,0.000,0.1520
1547.310,-96.967,4.219,0.326,0.158,0.738,10.730,0.000,0.000,0.1600
1547.320,-96.965,4.306,0.327,0.171,0.736,10.729,0.000,0.000,0.1680
1547.330,-96.963,4.393,0.327,0.187,0.734,10.728,0.000,0.000,0.1760
1547.340,-96.961,4.480,0.327,0.206,0.732,10.728,0.000,0.000,0.1840
1547.350,-96.959,4.566,0.328,0.226,0.730,10.727,0.000,0.000,0.1920
1547.360,-96.957,4.652,0.328,0.249,0.728,10.727,0.000,0.000,0.2000
1547.370,-96.954,4.737,0.328,0.276,0.725,10.726,0.000,0.000,0.2080
1547.380,-96.951,4.822,0.329,0.304,0.722,10.726,0.000,0.000,0.2160
1547.390,-96.948,4.906,0.329,0.333,0.719,10.725,0.000,0.000,0.2240
1547.400,-96.944,4.990,0.329,0.362,0.715,10.725,0.000,0.000,0.2320
1547.410,-96.940,5.072,0.329,0.376,0.711,10.724,0.000,0.000,0.2400
1547.420,-96.936,5.155,0.329,0.418,0.707,10.724,0.000,0.000,0.2480
1547.430,-96.932,5.236,0.329,0.439,0.703,10.723,0.000,0.000,0.2560
1547.440,-96.927,5.316,0.329,0.468,0.698,10.723,0.000,0.000,0.2640
1547.450,-96.922,5.396,0.329,0.502,0.693,10.722,0.000,0.000,0.2720
1547.460,-96.917,5.476,0.329,0.537,0.688,10.722,0.000,0.000,0.2800
1547.470,-96.911,5.554,0.330,0.573,0.682,10.721,0.000,0.000,0.2880
1547.480,-96.905,5.632,0.329,0.615,0.676,10.721,0.000,0.000,0.2960
1547.490,-96.898,5.710,0.329,0.650,0.669,10.720,0.000,0.000,0.3040
1547.500,-96.891,5.787,0.329,0.693,0.662,10.720,0.000,0.000,0.3120
1547.510,-96.884,5.863,0.329,0.733,0.655,10.719,0.000,0.000,0.3200
1547.520,-96.876,5.939,0.329,0.772,0.647,10.719,0.000,0.000,0.3280
1547.530,-96.868,6.014,0.329,0.804,0.639,10.718,0.000,0.000,0.3360
1547.540,-96.860,6.089,0.329,0.844,0.631,10.718,0.000,0.000,0.3440
1547.550,-96.851,6.163,0.328,0.884,0.622,10.718,0.000,0.000,0.3520
1547.560,-96.842,6.237,0.328,0.927,0.613,10.717,0.000,0.000,0.3600
1547.570,-96.832,6.310,0.328,0.965,0.603,10.717,0.000,0.000,0.3680
1547.580,-96.822,6.382,0.328,1.003,0.593,10.716,0.000,0.000,0.3760
1547.590,-96.811,6.454,0.327,1.042,0.583,10.715,0.000,0.000,0.3840
1547.600,-96.801,6.525,0.327,1.082,0.572,10.715,0.000,0.000,0.3920
1547.610,-96.789,6.596,0.327,1.122,0.561,10.714,0.000,0.000,0.4000
1547.620,-96.778,6.666,0.327,1.168,0.549,10.714,0.000,0.000,0.4080
1547.630,-96.766,6.735,0.326,1.202,0.537,10.713,0.000,0.000,0.4160
1547.640,-96.753,6.803,0.326,1.239,0.525,10.712,0.000,0.000,0.4240
1547.650,-96.741,6.871,0.326,1.278,0.512,10.711,0.000,0.000,0.3940
1547.660,-96.727,6.939,0.326,1.320,0.499,10.711,0.000,0.000,0.3640
1547.670,-96.714,7.005,0.326,1.366,0.485,10.710,0.000,0.000,0.3340
1547.680,-96.699,7.071,0.326,1.425,0.471,10.709,0.000,0.000,0.3040
1547.690,-96.685,7.137,0.326,1.469,0.456,10.708,0.000,0.000,0.2740
1547.700,-96.670,7.202,0.326,1.508,0.441,10.707,0.000,0.000,0.2440
1547.710,-96.654,7.266,0.326,1.544,0.426,10.706,0.000,0.000,0.2140
1547.720,-96.638,7.331,0.326,1.581,0.410,10.705,0.000,0.000,0.1840
1547.730,-96.622,7.395,0.325,1.619,0.394,10.705,0.000,0.000,0.1540
1547.740,-96.606,7.458,0.325,1.658,0.377,10.704,0.000,0.000,0.1240
1547.750,-96.589,7.522,0.325,1.698,0.360,10.703,0.000,0.000,0.0940
1547.760,-96.571,7.585,0.324,1.737,0.343,10.703,0.000,0.000,0.0640
1547.770,-96.554,7.649,0.324,1.766,0.325,10.702,0.000,0.000,0.0340
1547.780,-96.536,7.712,0.323,1.795,0.308,10.702,0.000,0.000,0.0040
1547.790,-96.518,7.776,0.323,1.822,0.289,10.702,0.000,0.000,0.0000
1547.800,-96.499,7.839,0.322,1.851,0.271,10.702,0.000,0.000,0.0000
1547.810,-96.480,7.903,0.321,1.877,0.252,10.702,0.000,0.000,0.0000
1547.820,-96.461,7.966,0.320,1.902,0.233,10.702,0.000,0.000,0.0000
1547.830,-96.442,8.030,0.319,1.924,0.214,10.702,0.000,0.000,0.0000
1547.840,-96.423,8.094,0.319,1.937,0.195,10.702,0.000,0.000,0.0000
1547.850,-96.403,8.157,0.318,1.943,0.176,10.702,0.000,0.000,0.0000
1547.860,-96.384,8.221,0.317,1.948,0.156,10.702,0.000,0.000,0.0000
1547.870,-96.364,8.284,0.317,1.951,0.137,10.702,0.000,0.000,0.0000
1547.880,-96.345,8.347,0.316,1.953,0.118,10.701,0.000,0.000,0.0000
1547.890,-96.325,8.410,0.316,1.952,0.099,10.701,0.040,0.000,0.0000
1547.900,-96.306,8.472,0.316,1.950,0.080,10.701,0.080,0.000,0.0000
1547.910,-96.286,8.534,0.315,1.945,0.062,10.700,0.120,0.000,0.0000
1547.920,-96.267,8.596,0.315,1.939,0.045,10.700,0.160,0.000,0.0000
1547.930,-96.248,8.658,0.316,1.931,0.031,10.699,0.200,0.000,0.0000
1547.940,-96.228,8.719,0.316,1.922,0.026,10.699,0.240,0.000,0.0000
1547.950,-96.209,8.780,0.316,1.912,0.033,10.698,0.280,0.000,0.0000
1547.960,-96.190,8.840,0.316,1.902,0.048,10.697,0.320,0.000,0.0000
1547.970,-96.171,8.900,0.317,1.891,0.064,10.696,0.360,0.000,0.0000
1547.980,-96.153,8.960,0.317,1.879,0.082,10.696,0.400,0.000,0.0000
1547.990,-96.134,9.019,0.318,1.867,0.100,10.695,0.440,0.000,0.0000
1548.000,-96.116,9.078,0.319,1.847,0.118,10.694,0.480,0.000,0.0000
1548.010,-96.097,9.136,0.320,1.829,0.136,10.693,0.520,0.000,0.0000
1548.020,-96.079,9.193,0.320,1.812,0.154,10.692,0.560,0.000,0.0000
1548.030,-96.061,9.251,0.321,1.803,0.172,10.691,0.600,0.000,0.0000
1548.040,-96.043,9.308,0.322,1.802,0.190,10.690,0.640,0.000,0.0000
1548.050,-96.025,9.366,0.322,1.804,0.207,10.690,0.680,0.000,0.0000
1548.060,-96.007,9.423,0.323,1.810,0.225,10.689,0.720,0.000,0.0000
1548.070,-95.989,9.482,0.323,1.820,0.243,10.689,0.760,0.000,0.0000
1548.080,-95.970,9.540,0.322,1.833,0.262,10.690,0.800,0.000,0.0000
1548.090,-95.952,9.599,0.322,1.847,0.280,10.690,0.840,0.000,0.0000
1548.100,-95.933,9.659,0.322,1.861,0.298,10.691,0.880,0.000,0.0000
1548.110,-95.915,9.719,0.321,1.875,0.317,10.691,0.920,0.000,0.0000
1548.120,-95.896,9.779,0.320,1.890,0.336,10.692,0.960,0.000,0.0000
1548.130,-95.877,9.839,0.319,1.905,0.354,10.693,1.000,0.000,0.0000
1548.140,-95.858,9.900,0.318,1.920,0.374,10.694,1.000,0.000,0.0000
1548.150,-95.838,9.962,0.317,1.936,0.393,10.696,1.000,0.000,0.0000
1548.160,-95.819,10.023,0.316,1.952,0.412,10.697,1.000,0.000,0.0000
1548.170,-95.799,10.085,0.315,1.968,0.432,10.699,1.000,0.000,0.0000
1548.180,-95.779,10.148,0.314,1.983,0.451,10.700,1.000,0.000,0.0000
1548.190,-95.759,10.211,0.313,1.998,0.471,10.701,1.000,0.000,0.0000
1548.200,-95.739,10.274,0.312,2.013,0.491,10.703,1.000,0.000,0.0000
1548.210,-95.719,10.338,0.311,2.022,0.511,10.704,1.000,0.000,0.0000
1548.220,-95.699,10.402,0.310,2.037,0.532,10.706,1.000,0.000,0.0000
1548.230,-95.678,10.466,0.310,2.053,0.552,10.707,1.000,0.000,0.0000
1548.240,-95.658,10.530,0.309,2.069,0.573,10.709,1.000,0.000,0.0000
1548.250,-95.637,10.595,0.308,2.085,0.594,10.710,1.000,0.000,0.0000
1548.260,-95.616,10.660,0.308,2.101,0.615,10.711,1.000,0.000,0.0000
1548.270,-95.594,10.726,0.307,2.117,0.636,10.713,1.000,0.000,0.0000
1548.280,-95.573,10.792,0.307,2.132,0.657,10.714,1.000,0.000,0.0000
1548.290,-95.552,10.859,0.306,2.147,0.678,10.715,1.000,0.000,0.0000
1548.300,-95.530,10.926,0.306,2.162,0.700,10.716,1.000,0.000,0.0000
1548.310,-95.508,10.993,0.306,2.175,0.722,10.717,1.000,0.000,0.0000
1548.320,-95.486,11.061,0.306,2.189,0.744,10.719,1.000,0.000,0.0000
1548.330,-95.464,11.130,0.306,2.201,0.766,10.720,1.000,0.000,0.0000
1548.340,-95.442,11.198,0.306,2.214,0.788,10.721,1.000,0.000,0.0000
1548.350,-95.420,11.267,0.306,2.225,0.810,10.722,1.000,0.000,0.0000
1548.360,-95.398,11.337,0.306,2.236,0.832,10.723,1.000,0.000,0.0000
1548.370,-95.375,11.407,0.306,2.247,0.855,10.724,1.000,0.000,0.0000
1548.380,-95.353,11.477,0.306,2.253,0.877,10.725,1.000,0.000,0.0000
1548.390,-95.330,11.548,0.306,2.259,0.900,10.726,1.000,0.000,0.0000
1548.400,-95.307,11.619,0.307,2.268,0.923,10.728,1.000,0.000,0.0000
1548.410,-95.285,11.690,0.307,2.275,0.945,10.729,1.000,0.000,0.0000
1548.420,-95.262,11.761,0.308,2.283,0.968,10.730,1.000,0.000,0.0000
1548.430,-95.239,11.833,0.308,2.292,0.991,10.731,1.000,0.000,0.0000
1548.440,-95.216,11.906,0.309,2.302,1.014,10.732,1.000,0.000,0.0000
1548.450,-95.193,11.979,0.309,2.313,1.037,10.733,1.000,0.000,0.0000
1548.460,-95.170,12.052,0.309,2.325,1.061,10.735,1.000,0.000,0.0000
1548.470,-95.146,12.126,0.310,2.338,1.084,10.736,1.000,0.000,0.0000
1548.480,-95.123,12.200,0.310,2.350,1.108,10.738,1.000,0.000,0.0000
1548.490,-95.099,12.274,0.310,2.363,1.131,10.740,1.000,0.000,0.0000
1548.500,-95.075,12.349,0.311,2.376,1.155,10.741,1.000,0.000,0.0000
1548.510,-95.051,12.425,0.311,2.388,1.179,10.743,1.000,0.000,0.0000
1548.520,-95.027,12.500,0.311,2.401,1.203,10.745,1.000,0.000,0.0000
1548.530,-95.003,12.576,0.311,2.413,1.227,10.747,1.000,0.000,0.0000
1548.540,-94.979,12.653,0.311,2.421,1.251,10.749,1.000,0.000,0.0000
1548.550,-94.955,12.729,0.312,2.431,1.275,10.751,1.000,0.000,0.0000
1548.560,-94.930,12.806,0.312,2.447,1.300,10.754,1.000,0.000,0.0000
1548.570,-94.906,12.883,0.312,2.463,1.325,10.756,1.000,0.000,0.0000
1548.580,-94.881,12.961,0.312,2.480,1.349,10.758,1.000,0.000,0.0000
1548.590,-94.856,13.039,0.312,2.497,1.374,10.761,1.000,0.000,0.0000
1548.600,-94.831,13.117,0.312,2.514,1.399,10.764,1.000,0.000,0.0000
1548.610,-94.805,13.196,0.312,2.530,1.425,10.766,1.000,0.000,0.0000
1548.620,-94.780,13.275,0.312,2.545,1.450,10.769,1.000,0.000,0.0000
1548.630,-94.754,13.355,0.312,2.560,1.476,10.772,1.000,0.000,0.0000
1548.640,-94.729,13.435,0.312,2.574,1.501,10.776,1.000,0.000,0.0000
1548.650,-94.703,13.515,0.312,2.587,1.527,10.779,1.000,0.000,0.0000
1548.660,-94.677,13.596,0.311,2.599,1.553,10.782,1.000,0.000,0.0000
1548.670,-94.651,13.678,0.311,2.610,1.579,10.786,1.000,0.000,0.0000
1548.680,-94.625,13.759,0.311,2.620,1.606,10.789,1.000,0.000,0.0000
1548.690,-94.598,13.841,0.311,2.628,1.632,10.793,1.000,0.000,0.0000
1548.700,-94.572,13.923,0.311,2.636,1.658,10.796,1.000,0.000,0.0000
1548.710,-94.545,14.006,0.311,2.643,1.685,10.800,1.000,0.000,0.0000
1548.720,-94.519,14.088,0.311,2.650,1.711,10.803,1.000,0.000,0.0000
1548.730,-94.492,14.172,0.311,2.659,1.738,10.807,1.000,0.000,0.0000
1548.740,-94.466,14.255,0.310,2.669,1.764,10.811,1.000,0.000,0.0000
1548.750,-94.439,14.340,0.310,2.680,1.791,10.815,1.000,0.000,0.0000
1548.760,-94.412,14.424,0.310,2.692,1.818,10.819,1.000,0.000,0.0000
1548.770,-94.385,14.509,0.310,2.704,1.845,10.823,1.000,0.000,0.0000
1548.780,-94.358,14.595,0.310,2.716,1.872,10.827,1.000,0.000,0.0000
1548.790,-94.330,14.681,0.310,2.728,1.900,10.832,1.000,0.000,0.0000
1548.800,-94.303,14.767,0.310,2.739,1.927,10.836,1.000,0.000,0.0000
1548.810,-94.276,14.853,0.310,2.750,1.954,10.840,1.000,0.000,0.0000
1548.820,-94.248,14.940,0.310,2.757,1.982,10.845,1.000,0.000,0.0000
1548.830,-94.220,15.027,0.310,2.767,2.010,10.849,1.000,0.000,0.0000
1548.840,-94.193,15.115,0.310,2.782,2.038,10.854,1.000,0.000,0.0000
1548.850,-94.165,15.203,0.310,2.799,2.066,10.859,1.000,0.000,0.0000
1548.860,-94.136,15.291,0.310,2.816,2.094,10.863,1.000,0.000,0.0000
1548.870,-94.108,15.380,0.310,2.833,2.122,10.868,1.000,0.000,0.0000
1548.880,-94.080,15.469,0.310,2.849,2.151,10.873,1.000,0.000,0.0000
1548.890,-94.051,15.558,0.310,2.865,2.179,10.878,1.000,0.000,0.0000
1548.900,-94.022,15.648,0.310,2.881,2.208,10.884,1.000,0.000,0.0000
1548.910,-93.993,15.738,0.310,2.895,2.237,10.889,1.000,0.000,0.0000
1548.920,-93.964,15.829,0.310,2.908,2.266,10.894,1.000,0.000,0.0000
1548.930,-93.935,15.920,0.310,2.921,2.295,10.900,1.000,0.000,0.0080
1548.940,-93.906,16.012,0.310,2.931,2.325,10.905,1.000,0.000,0.0160
1548.950,-93.876,16.103,0.310,2.942,2.354,10.911,1.000,0.000,0.0240
1548.960,-93.847,16.196,0.310,2.953,2.383,10.917,1.000,0.000,0.0320
1548.970,-93.817,16.288,0.310,2.963,2.413,10.922,1.000,0.000,0.0400
1548.980,-93.787,16.381,0.310,2.974,2.443,10.928,1.000,0.000,0.0480
1548.990,-93.757,16.474,0.310,2.988,2.473,10.934,0.940,0.000,0.0560
1549.000,-93.727,16.568,0.310,3.003,2.503,10.941,0.880,0.000,0.0640
1549.010,-93.697,16.663,0.310,3.012,2.533,10.947,0.820,0.000,0.0720
1549.020,-93.667,16.757,0.310,3.018,2.563,10.953,0.760,0.000,0.0800
1549.030,-93.637,16.852,0.310,3.021,2.593,10.960,0.700,0.000,0.0880
1549.040,-93.607,16.946,0.310,3.021,2.623,10.966,0.640,0.000,0.0960
1549.050,-93.576,17.040,0.311,3.020,2.654,10.972,0.580,0.000,0.1040
1549.060,-93.546,17.133,0.312,3.000,2.684,10.978,0.520,0.000,0.1120
1549.070,-93.517,17.226,0.313,2.993,2.714,10.984,0.460,0.000,0.1200
1549.080,-93.487,17.317,0.314,2.988,2.743,10.990,0.400,0.000,0.1280
1549.090,-93.457,17.408,0.315,2.984,2.773,10.995,0.340,0.000,0.1360
1549.100,-93.427,17.498,0.317,2.985,2.803,11.001,0.280,0.000,0.1440
1549.110,-93.397,17.587,0.318,2.989,2.833,11.006,0.220,0.000,0.1520
1549.120,-93.367,17.676,0.319,2.996,2.863,11.012,0.160,0.000,0.1600
1549.130,-93.337,17.765,0.321,3.004,2.893,11.018,0.100,0.000,0.1680
1549.140,-93.307,17.853,0.322,3.014,2.923,11.024,0.040,0.000,0.1760
1549.150,-93.277,17.940,0.323,3.024,2.953,11.030,0.000,0.000,0.1840
1549.160,-93.247,18.027,0.325,3.035,2.984,11.036,0.000,0.000,0.1920
1549.170,-93.216,18.114,0.326,3.045,3.014,11.043,0.000,0.000,0.2000
1549.180,-93.186,18.199,0.327,3.056,3.045,11.050,0.000,0.000,0.2080
1549.190,-93.155,18.285,0.328,3.066,3.075,11.057,0.000,0.000,0.2160
1549.200,-93.124,18.369,0.329,3.110,3.106,11.064,0.000,0.000,0.2240
1549.210,-93.092,18.454,0.329,3.139,3.138,11.071,0.000,0.000,0.2320
1549.220,-93.061,18.539,0.329,3.165,3.169,11.079,0.000,0.000,0.2400
1549.230,-93.029,18.623,0.330,3.189,3.201,11.088,0.000,0.000,0.2480
1549.240,-92.997,18.707,0.330,3.215,3.233,11.096,0.000,0.000,0.2560
1549.250,-92.964,18.790,0.330,3.242,3.266,11.105,0.000,0.000,0.2640
1549.260,-92.932,18.873,0.330,3.268,3.299,11.114,0.000,0.000,0.2720
1549.270,-92.899,18.955,0.330,3.293,3.331,11.123,0.000,0.000,0.2800
1549.280,-92.866,19.036,0.330,3.306,3.365,11.133,0.000,0.000,0.2880
1549.290,-92.833,19.116,0.330,3.304,3.398,11.142,0.000,0.000,0.2960
1549.300,-92.800,19.195,0.330,3.294,3.430,11.151,0.000,0.000,0.3040
1549.310,-92.767,19.272,0.330,3.288,3.463,11.160,0.000,0.000,0.3120
1549.320,-92.734,19.349,0.330,3.294,3.496,11.170,0.000,0.000,0.3200
1549.330,-92.701,19.424,0.331,3.311,3.529,11.179,0.000,0.000,0.3280
1549.340,-92.667,19.499,0.331,3.335,3.563,11.189,0.000,0.000,0.3360
1549.350,-92.634,19.573,0.331,3.363,3.596,11.198,0.000,0.000,0.3440
1549.360,-92.600,19.646,0.332,3.392,3.630,11.209,0.000,0.000,0.3520
1549.370,-92.566,19.718,0.332,3.420,3.665,11.219,0.000,0.000,0.3600
1549.380,-92.531,19.790,0.332,3.446,3.699,11.229,0.000,0.000,0.3680
1549.390,-92.497,19.861,0.332,3.470,3.734,11.240,0.000,0.000,0.3760
1549.400,-92.462,19.932,0.332,3.493,3.769,11.251,0.000,0.000,0.3840
1549.410,-92.426,20.001,0.331,3.514,3.804,11.263,0.000,0.000,0.3920
1549.420,-92.391,20.070,0.331,3.535,3.839,11.274,0.000,0.000,0.4000
1549.430,-92.356,20.138,0.331,3.554,3.875,11.286,0.000,0.000,0.4080
1549.440,-92.320,20.205,0.331,3.572,3.910,11.297,0.000,0.000,0.4160
1549.450,-92.284,20.271,0.331,3.590,3.946,11.309,0.000,0.000,0.4240
1549.460,-92.248,20.336,0.331,3.606,3.982,11.321,0.000,0.000,0.4320
1549.470,-92.212,20.401,0.330,3.622,4.018,11.333,0.000,0.000,0.4400
1549.480,-92.175,20.464,0.330,3.637,4.055,11.346,0.000,0.000,0.4480
1549.490,-92.139,20.527,0.330,3.652,4.091,11.358,0.000,0.000,0.4180
1549.500,-92.102,20.588,0.330,3.671,4.128,11.371,0.000,0.000,0.3880
1549.510,-92.065,20.650,0.330,3.732,4.165,11.384,0.000,0.000,0.3580
1549.520,-92.027,20.711,0.329,3.774,4.203,11.398,0.000,0.000,0.3280
1549.530,-91.989,20.771,0.329,3.809,4.241,11.411,0.000,0.000,0.2980
1549.540,-91.951,20.831,0.328,3.841,4.280,11.425,0.000,0.000,0.2680
1549.550,-91.912,20.891,0.328,3.873,4.318,11.440,0.000,0.000,0.2380
1549.560,-91.873,20.950,0.327,3.904,4.357,11.454,0.000,0.000,0.2080
1549.570,-91.833,21.008,0.327,3.936,4.397,11.469,0.000,0.000,0.1780
1549.580,-91.794,21.066,0.326,3.968,4.436,11.484,0.000,0.000,0.1480
1549.590,-91.754,21.123,0.325,4.007,4.476,11.499,0.000,0.000,0.1180
1549.600,-91.713,21.181,0.325,4.053,4.517,11.515,0.000,0.000,0.0880
1549.610,-91.672,21.238,0.324,4.102,4.558,11.531,0.000,0.000,0.0580
1549.620,-91.631,21.295,0.323,4.148,4.599,11.547,0.000,0.000,0.0280
1549.630,-91.589,21.352,0.322,4.205,4.641,11.564,0.000,0.000,0.0000
1549.640,-91.546,21.409,0.321,4.270,4.684,11.582,0.000,0.000,0.0000
1549.650,-91.503,21.467,0.320,4.328,4.727,11.600,0.000,0.000,0.0000
1549.660,-91.459,21.525,0.318,4.377,4.771,11.618,0.000,0.000,0.0000
1549.670,-91.415,21.582,0.317,4.410,4.815,11.636,0.000,0.000,0.0000
1549.680,-91.371,21.640,0.316,4.426,4.859,11.655,0.000,0.000,0.0000
1549.690,-91.326,21.697,0.315,4.430,4.904,11.674,0.000,0.000,0.0000
1549.700,-91.282,21.754,0.314,4.428,4.948,11.692,0.000,0.000,0.0000
1549.710,-91.238,21.811,0.313,4.420,4.992,11.711,0.000,0.000,0.0000
1549.720,-91.194,21.868,0.313,4.409,5.036,11.729,0.000,0.000,0.0000
1549.730,-91.150,21.924,0.312,4.396,5.080,11.748,0.000,0.000,0.0000
1549.740,-91.106,21.980,0.312,4.381,5.124,11.766,0.000,0.000,0.0000
1549.750,-91.062,22.035,0.312,4.364,5.168,11.784,0.000,0.000,0.0000
1549.760,-91.019,22.090,0.312,4.345,5.211,11.802,0.000,0.000,0.0000
1549.770,-90.976,22.145,0.313,4.325,5.254,11.820,0.000,0.000,0.0000
1549.780,-90.933,22.200,0.313,4.304,5.297,11.838,0.000,0.000,0.0000
1549.790,-90.890,22.254,0.314,4.281,5.340,11.856,0.000,0.000,0.0000
1549.800,-90.847,22.308,0.315,4.257,5.383,11.874,0.000,0.000,0.0000
1549.810,-90.805,22.362,0.315,4.231,5.425,11.891,0.000,0.000,0.0000
1549.820,-90.763,22.415,0.316,4.205,5.467,11.909,0.000,0.000,0.0000
1549.830,-90.721,22.467,0.317,4.153,5.509,11.926,0.000,0.000,0.0000
1549.840,-90.680,22.519,0.319,4.107,5.550,11.944,0.000,0.000,0.0000
1549.850,-90.640,22.571,0.320,4.068,5.590,11.961,0.040,0.000,0.0000
1549.860,-90.599,22.622,0.321,4.037,5.631,11.978,0.080,0.000,0.0000
1549.870,-90.559,22.673,0.322,4.011,5.671,11.995,0.120,0.000,0.0000
1549.880,-90.519,22.724,0.323,3.989,5.711,12.012,0.160,0.000,0.0000
1549.890,-90.480,22.775,0.324,3.968,5.750,12.029,0.200,0.000,0.0000
1549.900,-90.440,22.825,0.325,3.948,5.790,12.047,0.240,0.000,0.0000
1549.910,-90.401,22.875,0.326,3.928,5.829,12.064,0.280,0.000,0.0000
1549.920,-90.362,22.924,0.326,3.908,5.868,12.082,0.320,0.000,0.0000
1549.930,-90.323,22.974,0.327,3.888,5.907,12.100,0.360,0.000,0.0000
1549.940,-90.284,23.023,0.327,3.867,5.946,12.117,0.400,0.000,0.0000
1549.950,-90.246,23.072,0.328,3.846,5.984,12.135,0.440,0.000,0.0000
1549.960,-90.208,23.120,0.328,3.824,6.022,12.153,0.480,0.000,0.0000
1549.970,-90.170,23.168,0.328,3.802,6.060,12.171,0.520,0.000,0.0000
1549.980,-90.132,23.216,0.328,3.779,6.098,12.189,0.560,0.000,0.0000
1549.990,-90.094,23.264,0.328,3.770,6.136,12.207,0.600,0.000,0.0000
1550.000,-90.056,23.311,0.328,3.774,6.174,12.226,0.640,0.000,0.0000
1550.010,-90.019,23.359,0.328,3.783,6.212,12.245,0.680,0.000,0.0000
1550.020,-89.981,23.407,0.327,3.803,6.250,12.264,0.720,0.000,0.0000
1550.030,-89.942,23.455,0.326,3.830,6.288,12.283,0.760,0.000,0.0000
1550.040,-89.904,23.503,0.326,3.860,6.326,12.303,0.800,0.000,0.0000
1550.050,-89.865,23.551,0.324,3.889,6.365,12.323,0.840,0.000,0.0000
1550.060,-89.826,23.600,0.323,3.918,6.404,12.344,0.880,0.000,0.0000
1550.070,-89.786,23.649,0.322,3.947,6.444,12.365,0.920,0.000,0.0000
1550.080,-89.746,23.698,0.320,3.977,6.484,12.386,0.960,0.000,0.0000
1550.090,-89.706,23.748,0.319,4.006,6.524,12.408,1.000,0.000,0.0000
1550.100,-89.666,23.798,0.317,4.034,6.564,12.430,1.000,0.000,0.0000
1550.110,-89.626,23.848,0.316,4.062,6.605,12.452,1.000,0.000,0.0000
1550.120,-89.585,23.899,0.314,4.090,6.645,12.474,1.000,0.000,0.0000
1550.130,-89.544,23.950,0.313,4.117,6.687,12.496,1.000,0.000,0.0000
1550.140,-89.502,24.002,0.311,4.143,6.728,12.519,1.000,0.000,0.0000
1550.150,-89.460,24.053,0.310,4.168,6.770,12.542,1.000,0.000,0.0000
1550.160,-89.419,24.105,0.309,4.193,6.811,12.565,1.000,0.000,0.0000
1550.170,-89.376,24.158,0.308,4.217,6.854,12.588,1.000,0.000,0.0000
1550.180,-89.334,24.211,0.307,4.241,6.896,12.611,1.000,0.000,0.0000
1550.190,-89.291,24.264,0.306,4.263,6.939,12.634,1.000,0.000,0.0000
1550.200,-89.249,24.317,0.305,4.286,6.982,12.658,1.000,0.000,0.0000
1550.210,-89.205,24.371,0.304,4.303,7.025,12.681,1.000,0.000,0.0000
1550.220,-89.162,24.425,0.304,4.322,7.068,12.705,1.000,0.000,0.0000
1550.230,-89.119,24.479,0.304,4.342,7.111,12.729,1.000,0.000,0.0000
1550.240,-89.075,24.534,0.304,4.365,7.155,12.752,1.000,0.000,0.0000
1550.250,-89.031,24.589,0.304,4.390,7.199,12.776,1.000,0.000,0.0000
1550.260,-88.987,24.644,0.304,4.417,7.243,12.800,1.000,0.000,0.0000
1550.270,-88.943,24.700,0.304,4.446,7.287,12.825,1.000,0.000,0.0000
1550.280,-88.898,24.756,0.304,4.475,7.332,12.849,1.000,0.000,0.0000
1550.290,-88.853,24.812,0.304,4.505,7.377,12.874,1.000,0.000,0.0000
1550.300,-88.808,24.869,0.304,4.534,7.422,12.899,1.000,0.000,0.0000
1550.310,-88.762,24.926,0.305,4.562,7.468,12.924,1.000,0.000,0.0000
1550.320,-88.716,24.984,0.305,4.590,7.514,12.950,1.000,0.000,0.0000
1550.330,-88.670,25.042,0.306,4.616,7.560,12.975,1.000,0.000,0.0000
1550.340,-88.623,25.100,0.306,4.642,7.607,13.001,1.000,0.000,0.0000
1550.350,-88.577,25.158,0.307,4.667,7.653,13.027,1.000,0.000,0.0080
1550.360,-88.530,25.217,0.307,4.692,7.700,13.054,1.000,0.000,0.0160
1550.370,-88.483,25.276,0.308,4.702,7.747,13.080,1.000,0.000,0.0240
1550.380,-88.436,25.335,0.308,4.718,7.794,13.107,1.000,0.000,0.0320
1550.390,-88.388,25.394,0.309,4.741,7.842,13.134,1.000,0.000,0.0400
1550.400,-88.341,25.453,0.310,4.765,7.889,13.161,1.000,0.000,0.0480
1550.410,-88.293,25.513,0.310,4.791,7.937,13.188,1.000,0.000,0.0560
1550.420,-88.245,25.573,0.311,4.820,7.986,13.216,1.000,0.000,0.0640
1550.430,-88.196,25.633,0.311,4.849,8.034,13.244,1.000,0.000,0.0720
1550.440,-88.147,25.693,0.312,4.879,8.083,13.272,1.000,0.000,0.0800
1550.450,-88.098,25.754,0.312,4.909,8.132,13.301,1.000,0.000,0.0880
1550.460,-88.049,25.815,0.313,4.938,8.181,13.330,1.000,0.000,0.0960
1550.470,-87.999,25.876,0.313,4.967,8.231,13.360,1.000,0.000,0.1040
1550.480,-87.949,25.938,0.313,4.995,8.281,13.390,1.000,0.000,0.1120
1550.490,-87.899,25.999,0.313,5.022,8.331,13.420,1.000,0.000,0.1200
1550.500,-87.848,26.061,0.313,5.048,8.382,13.450,1.000,0.000,0.1280
1550.510,-87.798,26.123,0.313,5.073,8.432,13.481,1.000,0.000,0.1360
1550.520,-87.747,26.185,0.314,5.098,8.483,13.512,1.000,0.000,0.1440
1550.530,-87.695,26.248,0.314,5.150,8.535,13.543,0.940,0.000,0.1520
1550.540,-87.643,26.311,0.313,5.205,8.587,13.576,0.880,0.000,0.1600
1550.550,-87.591,26.374,0.313,5.259,8.639,13.608,0.820,0.000,0.1680
1550.560,-87.537,26.438,0.313,5.312,8.693,13.641,0.760,0.000,0.1760
1550.570,-87.484,26.502,0.312,5.353,8.746,13.675,0.700,0.000,0.1840
1550.580,-87.430,26.566,0.312,5.379,8.800,13.709,0.640,0.000,0.1920
1550.590,-87.376,26.631,0.312,5.393,8.854,13.743,0.580,0.000,0.2000
1550.600,-87.322,26.694,0.312,5.398,8.908,13.777,0.520,0.000,0.2080
1550.610,-87.268,26.758,0.312,5.398,8.962,13.811,0.460,0.000,0.2160
1550.620,-87.214,26.821,0.312,5.396,9.016,13.845,0.400,0.000,0.2240
1550.630,-87.160,26.883,0.312,5.391,9.070,13.879,0.340,0.000,0.2320
1550.640,-87.107,26.945,0.313,5.385,9.123,13.913,0.280,0.000,0.2400
1550.650,-87.053,27.006,0.314,5.367,9.177,13.946,0.220,0.000,0.2480
1550.660,-87.000,27.065,0.315,5.287,9.230,13.979,0.160,0.000,0.2560
1550.670,-86.948,27.123,0.317,5.226,9.282,14.012,0.100,0.000,0.2640
1550.680,-86.896,27.180,0.318,5.185,9.334,14.044,0.040,0.000,0.2720
1550.690,-86.844,27.237,0.320,5.162,9.386,14.076,0.000,0.000,0.2800
1550.700,-86.793,27.293,0.322,5.152,9.437,14.109,0.000,0.000,0.2880
1550.710,-86.741,27.348,0.323,5.150,9.489,14.141,0.000,0.000,0.2960
1550.720,-86.690,27.402,0.325,5.151,9.540,14.174,0.000,0.000,0.3040
1550.730,-86.638,27.456,0.326,5.152,9.592,14.206,0.000,0.000,0.3120
1550.740,-86.587,27.509,0.328,5.152,9.643,14.239,0.000,0.000,0.3200
1550.750,-86.535,27.562,0.329,5.150,9.695,14.273,0.000,0.000,0.3280
1550.760,-86.484,27.614,0.330,5.146,9.746,14.306,0.000,0.000,0.3360
1550.770,-86.433,27.665,0.331,5.139,9.797,14.340,0.000,0.000,0.3440
1550.780,-86.381,27.716,0.331,5.130,9.849,14.373,0.000,0.000,0.3520
1550.790,-86.330,27.766,0.332,5.119,9.900,14.407,0.000,0.000,0.3600
1550.800,-86.279,27.815,0.333,5.106,9.951,14.441,0.000,0.000,0.3680
1550.810,-86.228,27.864,0.333,5.091,10.002,14.475,0.000,0.000,0.3760
1550.820,-86.177,27.911,0.334,5.074,10.053,14.509,0.000,0.000,0.3840
1550.830,-86.127,27.958,0.334,5.056,10.103,14.543,0.000,0.000,0.3920
1550.840,-86.077,28.004,0.334,5.037,10.154,14.577,0.000,0.000,0.4000
1550.850,-86.026,28.050,0.334,5.034,10.204,14.612,0.000,0.000,0.4080
1550.860,-85.975,28.095,0.334,5.103,10.255,14.647,0.000,0.000,0.4160
1550.870,-85.924,28.141,0.333,5.131,10.306,14.682,0.000,0.000,0.4240
1550.880,-85.872,28.185,0.332,5.144,10.358,14.718,0.000,0.000,0.4320
1550.890,-85.821,28.229,0.332,5.145,10.409,14.754,0.000,0.000,0.4400
1550.900,-85.770,28.273,0.331,5.136,10.460,14.790,0.000,0.000,0.4480
1550.910,-85.718,28.316,0.330,5.120,10.512,14.826,0.000,0.000,0.4560
1550.920,-85.667,28.358,0.329,5.094,10.563,14.862,0.000,0.000,0.4640
1550.930,-85.617,28.398,0.329,5.056,10.613,14.898,0.000,0.000,0.4720
1550.940,-85.567,28.438,0.329,5.007,10.663,14.933,0.000,0.000,0.4800
1550.950,-85.517,28.477,0.329,4.947,10.713,14.967,0.000,0.000,0.4880
1550.960,-85.469,28.514,0.329,4.882,10.762,15.002,0.000,0.000,0.4960
1550.970,-85.420,28.550,0.329,4.815,10.810,15.035,0.000,0.000,0.5000
1550.980,-85.373,28.585,0.329,4.760,10.857,15.069,0.000,0.000,0.5000
1550.990,-85.326,28.620,0.329,4.728,10.905,15.102,0.000,0.000,0.5000
1551.000,-85.278,28.653,0.330,4.707,10.952,15.135,0.000,0.000,0.5000
1551.010,-85.231,28.686,0.330,4.695,10.999,15.168,0.000,0.000,0.4700
1551.020,-85.185,28.719,0.330,4.691,11.045,15.201,0.000,0.000,0.4400
1551.030,-85.138,28.751,0.330,4.694,11.092,15.235,0.000,0.000,0.4100
1551.040,-85.091,28.782,0.330,4.703,11.139,15.268,0.000,0.000,0.3800
1551.050,-85.043,28.812,0.330,4.719,11.187,15.302,0.000,0.000,0.3500
1551.060,-84.996,28.843,0.329,4.741,11.234,15.336,0.000,0.000,0.3200
1551.070,-84.948,28.873,0.329,4.767,11.282,15.371,0.000,0.000,0.2900
1551.080,-84.900,28.902,0.328,4.797,11.330,15.406,0.000,0.000,0.2600
1551.090,-84.852,28.931,0.327,4.830,11.378,15.441,0.000,0.000,0.2300
1551.100,-84.803,28.960,0.326,4.867,11.427,15.477,0.000,0.000,0.2000
1551.110,-84.754,28.988,0.325,4.906,11.476,15.514,0.000,0.000,0.1700
1551.120,-84.705,29.017,0.324,4.945,11.525,15.550,0.000,0.000,0.1400
1551.130,-84.656,29.044,0.323,4.941,11.574,15.587,0.000,0.000,0.1100
1551.140,-84.606,29.072,0.322,4.937,11.624,15.624,0.000,0.000,0.0800
1551.150,-84.557,29.099,0.321,4.934,11.673,15.660,0.000,0.000,0.0500
1551.160,-84.508,29.126,0.320,4.938,11.723,15.697,0.000,0.000,0.0200
1551.170,-84.458,29.152,0.319,4.913,11.772,15.734,0.000,0.000,0.0000
1551.180,-84.409,29.178,0.318,4.891,11.821,15.770,0.000,0.000,0.0000
1551.190,-84.361,29.204,0.318,4.882,11.869,15.806,0.000,0.000,0.0000
1551.200,-84.312,29.230,0.317,4.883,11.918,15.843,0.000,0.000,0.0000
1551.210,-84.263,29.256,0.317,4.889,11.967,15.879,0.000,0.000,0.0000
1551.220,-84.214,29.281,0.316,4.894,12.016,15.916,0.000,0.000,0.0000
1551.230,-84.165,29.307,0.316,4.898,12.065,15.952,0.000,0.000,0.0000
1551.240,-84.116,29.332,0.316,4.897,12.114,15.989,0.000,0.000,0.0000
1551.250,-84.067,29.358,0.315,4.891,12.163,16.025,0.000,0.000,0.0000
1551.260,-84.018,29.383,0.315,4.881,12.212,16.062,0.000,0.000,0.0000
1551.270,-83.970,29.408,0.315,4.866,12.260,16.098,0.000,0.000,0.0000
1551.280,-83.921,29.433,0.315,4.852,12.309,16.135,0.000,0.000,0.0000
1551.290,-83.873,29.458,0.315,4.834,12.357,16.171,0.000,0.000,0.0000
1551.300,-83.825,29.482,0.315,4.817,12.405,16.207,0.000,0.000,0.0000
1551.310,-83.777,29.507,0.316,4.801,12.453,16.243,0.000,0.000,0.0000
1551.320,-83.729,29.531,0.316,4.782,12.501,16.278,0.000,0.000,0.0000
1551.330,-83.681,29.556,0.316,4.762,12.549,16.314,0.000,0.000,0.0000
1551.340,-83.634,29.580,0.317,4.737,12.596,16.350,0.000,0.000,0.0000
1551.350,-83.587,29.604,0.317,4.709,12.643,16.385,0.000,0.000,0.0000
1551.360,-83.540,29.627,0.318,4.686,12.690,16.420,0.040,0.000,0.0000
1551.370,-83.493,29.651,0.318,4.663,12.737,16.455,0.080,0.000,0.0000
1551.380,-83.447,29.674,0.319,4.637,12.783,16.490,0.120,0.000,0.0000
1551.390,-83.401,29.697,0.319,4.608,12.829,16.525,0.160,0.000,0.0000
1551.400,-83.355,29.720,0.320,4.576,12.875,16.559,0.200,0.000,0.0000
1551.410,-83.310,29.742,0.321,4.542,12.920,16.594,0.240,0.000,0.0000
1551.420,-83.265,29.765,0.321,4.508,12.965,16.628,0.280,0.000,0.0000
1551.430,-83.220,29.787,0.322,4.473,13.010,16.662,0.320,0.000,0.0000
1551.440,-83.175,29.809,0.322,4.437,13.055,16.695,0.360,0.000,0.0000
1551.450,-83.131,29.831,0.323,4.401,13.099,16.729,0.400,0.000,0.0000
1551.460,-83.088,29.853,0.324,4.364,13.142,16.762,0.440,0.000,0.0000
1551.470,-83.044,29.874,0.324,4.347,13.186,16.795,0.480,0.000,0.0000
1551.480,-83.001,29.896,0.324,4.348,13.229,16.829,0.520,0.000,0.0000
1551.490,-82.957,29.918,0.324,4.364,13.273,16.862,0.560,0.000,0.0000
1551.500,-82.913,29.939,0.324,4.390,13.317,16.896,0.600,0.000,0.0000
1551.510,-82.869,29.962,0.324,4.422,13.361,16.931,0.640,0.000,0.0000
1551.520,-82.825,29.984,0.324,4.457,13.405,16.966,0.680,0.000,0.0000
1551.530,-82.780,30.006,0.323,4.493,13.450,17.001,0.720,0.000,0.0000
1551.540,-82.734,30.029,0.322,4.525,13.496,17.037,0.760,0.000,0.0000
1551.550,-82.689,30.051,0.321,4.546,13.541,17.073,0.800,0.000,0.0000
1551.560,-82.643,30.074,0.320,4.569,13.587,17.109,0.840,0.000,0.0000
1551.570,-82.597,30.097,0.319,4.596,13.633,17.145,0.880,0.000,0.0000
1551.580,-82.551,30.120,0.318,4.627,13.679,17.182,0.920,0.000,0.0000
1551.590,-82.504,30.144,0.317,4.661,13.726,17.219,0.960,0.000,0.0000
1551.600,-82.457,30.167,0.316,4.697,13.773,17.257,1.000,0.000,0.0000
1551.610,-82.410,30.191,0.315,4.735,13.820,17.295,1.000,0.000,0.0000
1551.620,-82.362,30.215,0.314,4.775,13.868,17.333,1.000,0.000,0.0000
1551.630,-82.314,30.239,0.313,4.815,13.916,17.372,1.000,0.000,0.0000
1551.640,-82.266,30.263,0.312,4.855,13.964,17.411,1.000,0.000,0.0000
1551.650,-82.217,30.287,0.311,4.896,14.013,17.450,1.000,0.000,0.0000
1551.660,-82.167,30.312,0.310,4.936,14.063,17.489,1.000,0.000,0.0000
1551.670,-82.118,30.337,0.309,4.976,14.112,17.529,1.000,0.000,0.0000
1551.680,-82.068,30.362,0.308,5.016,14.162,17.570,1.000,0.000,0.0000
1551.690,-82.017,30.387,0.307,5.056,14.213,17.610,1.000,0.000,0.0000
1551.700,-81.966,30.412,0.306,5.095,14.264,17.651,1.000,0.000,0.0000
1551.710,-81.915,30.438,0.306,5.134,14.315,17.692,1.000,0.000,0.0000
1551.720,-81.863,30.463,0.306,5.174,14.367,17.734,1.000,0.000,0.0000
1551.730,-81.811,30.489,0.305,5.217,14.419,17.776,1.000,0.000,0.0000
1551.740,-81.758,30.515,0.305,5.252,14.472,17.818,1.000,0.000,0.0000
1551.750,-81.705,30.541,0.305,5.285,14.525,17.860,1.000,0.000,0.0000
1551.760,-81.652,30.567,0.305,5.319,14.578,17.903,1.000,0.000,0.0000
1551.770,-81.599,30.594,0.305,5.354,14.631,17.945,1.000,0.000,0.0000
1551.780,-81.545,30.620,0.305,5.390,14.685,17.989,1.000,0.000,0.0000
1551.790,-81.491,30.647,0.305,5.423,14.739,18.032,1.000,0.000,0.0000
1551.800,-81.436,30.674,0.306,5.458,14.794,18.076,1.000,0.000,0.0000
1551.810,-81.381,30.701,0.306,5.495,14.849,18.120,1.000,0.000,0.0000
1551.820,-81.326,30.728,0.306,5.534,14.904,18.164,1.000,0.000,0.0000
1551.830,-81.270,30.755,0.307,5.574,14.960,18.209,1.000,0.000,0.0000
1551.840,-81.214,30.783,0.307,5.614,15.016,18.254,1.000,0.000,0.0000
1551.850,-81.157,30.811,0.308,5.654,15.073,18.300,1.000,0.000,0.0000
1551.860,-81.100,30.838,0.308,5.693,15.130,18.346,1.000,0.000,0.0000
1551.870,-81.043,30.866,0.308,5.731,15.187,18.392,1.000,0.000,0.0000
1551.880,-80.985,30.895,0.309,5.769,15.245,18.439,1.000,0.000,0.0000
1551.890,-80.927,30.923,0.309,5.805,15.303,18.486,1.000,0.000,0.0000
1551.900,-80.869,30.952,0.310,5.841,15.361,18.534,1.000,0.000,0.0000
1551.910,-80.810,30.981,0.310,5.876,15.420,18.581,1.000,0.000,0.0000
1551.920,-80.751,31.010,0.310,5.907,15.479,18.629,1.000,0.000,0.0000
1551.930,-80.692,31.039,0.311,5.937,15.538,18.678,1.000,0.000,0.0000
1551.940,-80.632,31.068,0.311,5.968,15.598,18.727,1.000,0.000,0.0000
1551.950,-80.572,31.097,0.311,6.000,15.658,18.776,1.000,0.000,0.0000
1551.960,-80.512,31.127,0.311,6.028,15.718,18.825,1.000,0.000,0.0000
1551.970,-80.451,31.157,0.312,6.057,15.779,18.875,1.000,0.000,0.0000
1551.980,-80.390,31.187,0.312,6.090,15.840,18.925,1.000,0.000,0.0000
1551.990,-80.329,31.217,0.312,6.125,15.901,18.975,1.000,0.000,0.0000
1552.000,-80.267,31.248,0.312,6.162,15.963,19.026,1.000,0.000,0.0000
1552.010,-80.205,31.278,0.312,6.200,16.025,19.078,1.000,0.000,0.0000
1552.020,-80.143,31.309,0.312,6.240,16.087,19.129,1.000,0.000,0.0000
1552.030,-80.080,31.340,0.312,6.279,16.150,19.181,1.000,0.000,0.0000
1552.040,-80.017,31.371,0.312,6.318,16.213,19.234,1.000,0.000,0.0000
1552.050,-79.953,31.403,0.312,6.357,16.277,19.287,1.000,0.000,0.0000
1552.060,-79.890,31.434,0.312,6.395,16.341,19.340,1.000,0.000,0.0000
1552.070,-79.825,31.466,0.312,6.433,16.405,19.394,1.000,0.000,0.0000
1552.080,-79.760,31.498,0.312,6.469,16.470,19.448,1.000,0.000,0.0000
1552.090,-79.695,31.530,0.311,6.499,16.535,19.502,1.000,0.000,0.0000
1552.100,-79.630,31.562,0.311,6.532,16.600,19.557,1.000,0.000,0.0000
1552.110,-79.565,31.594,0.311,6.566,16.665,19.612,1.000,0.000,0.0000
1552.120,-79.499,31.627,0.311,6.602,16.732,19.667,1.000,0.000,0.0000
1552.130,-79.432,31.659,0.311,6.638,16.798,19.723,1.000,0.000,0.0000
1552.140,-79.365,31.692,0.311,6.670,16.865,19.779,1.000,0.000,0.0000
1552.150,-79.298,31.725,0.311,6.704,16.932,19.836,1.000,0.000,0.0000
1552.160,-79.231,31.757,0.311,6.742,16.999,19.893,1.000,0.000,0.0000
1552.170,-79.163,31.791,0.310,6.782,17.067,19.950,1.000,0.000,0.0000
1552.180,-79.095,31.824,0.310,6.823,17.135,20.008,1.000,0.000,0.0000
1552.190,-79.026,31.857,0.310,6.864,17.204,20.066,1.000,0.000,0.0000
1552.200,-78.957,31.891,0.310,6.905,17.273,20.124,1.000,0.000,0.0000
1552.210,-78.888,31.925,0.310,6.945,17.342,20.183,1.000,0.000,0.0000
1552.220,-78.818,31.959,0.310,6.984,17.412,20.243,1.000,0.000,0.0000
1552.230,-78.748,31.993,0.310,7.022,17.482,20.302,1.000,0.000,0.0000
1552.240,-78.677,32.027,0.310,7.058,17.553,20.362,1.000,0.000,0.0000
1552.250,-78.606,32.061,0.309,7.091,17.624,20.423,1.000,0.000,0.0000
1552.260,-78.535,32.096,0.309,7.122,17.695,20.483,1.000,0.000,0.0000
1552.270,-78.463,32.131,0.309,7.153,17.767,20.544,1.000,0.000,0.0000
1552.280,-78.392,32.166,0.309,7.187,17.838,20.606,0.940,0.000,0.0000
1552.290,-78.319,32.201,0.309,7.214,17.911,20.667,0.880,0.000,0.0000
1552.300,-78.247,32.236,0.310,7.245,17.983,20.729,0.820,0.000,0.0000
1552.310,-78.174,32.272,0.310,7.280,18.056,20.792,0.760,0.000,0.0000
1552.320,-78.101,32.307,0.310,7.317,18.129,20.855,0.700,0.000,0.0000
1552.330,-78.028,32.343,0.310,7.335,18.202,20.918,0.640,0.000,0.0000
1552.340,-77.954,32.379,0.310,7.335,18.276,20.980,0.580,0.000,0.0000
1552.350,-77.881,32.415,0.310,7.320,18.349,21.043,0.520,0.000,0.0000
1552.360,-77.808,32.451,0.311,7.297,18.422,21.106,0.460,0.000,0.0000
1552.370,-77.736,32.486,0.311,7.267,18.494,21.168,0.400,0.000,0.0000
1552.380,-77.663,32.522,0.312,7.234,18.567,21.230,0.340,0.000,0.0000
1552.390,-77.591,32.557,0.313,7.199,18.639,21.292,0.280,0.000,0.0000
1552.400,-77.520,32.592,0.314,7.159,18.710,21.353,0.220,0.000,0.0000
1552.410,-77.448,32.627,0.315,7.121,18.782,21.415,0.160,0.000,0.0000
1552.420,-77.378,32.661,0.316,7.084,18.852,21.475,0.100,0.000,0.0000
1552.430,-77.307,32.696,0.317,7.048,18.923,21.536,0.040,0.000,0.0000
1552.440,-77.237,32.730,0.319,7.009,18.993,21.596,0.000,0.000,0.0000
1552.450,-77.167,32.764,0.320,6.968,19.063,21.656,0.000,0.000,0.0000
1552.460,-77.098,32.797,0.321,6.934,19.132,21.716,0.000,0.000,0.0000
1552.470,-77.029,32.831,0.322,6.903,19.201,21.776,0.000,0.000,0.0000
1552.480,-76.960,32.864,0.323,6.872,19.270,21.835,0.000,0.000,0.0000
1552.490,-76.892,32.897,0.324,6.840,19.338,21.894,0.000,0.000,0.0000
1552.500,-76.824,32.930,0.325,6.808,19.406,21.953,0.000,0.000,0.0000
1552.510,-76.756,32.963,0.326,6.775,19.474,22.012,0.000,0.000,0.0000
1552.520,-76.689,32.995,0.326,6.740,19.541,22.071,0.000,0.000,0.0000
1552.530,-76.622,33.027,0.327,6.702,19.608,22.129,0.000,0.000,0.0000
1552.540,-76.555,33.060,0.328,6.662,19.675,22.187,0.000,0.000,0.0000
1552.550,-76.489,33.091,0.328,6.622,19.741,22.245,0.000,0.000,0.0000
1552.560,-76.423,33.123,0.328,6.583,19.807,22.302,0.000,0.000,0.0000
1552.570,-76.358,33.155,0.329,6.525,19.872,22.360,0.000,0.000,0.0000
1552.580,-76.293,33.186,0.329,6.473,19.937,22.416,0.000,0.000,0.0000
1552.590,-76.229,33.217,0.329,6.425,20.001,22.473,0.000,0.000,0.0000
1552.600,-76.165,33.249,0.329,6.383,20.065,22.529,0.000,0.000,0.0000
1552.610,-76.102,33.279,0.329,6.343,20.129,22.585,0.000,0.000,0.0000
1552.620,-76.038,33.310,0.329,6.308,20.192,22.640,0.000,0.000,0.0000
1552.630,-75.976,33.341,0.329,6.281,20.254,22.696,0.000,0.000,0.0000
1552.640,-75.913,33.371,0.329,6.254,20.317,22.751,0.000,0.000,0.0000
1552.650,-75.851,33.402,0.328,6.226,20.379,22.806,0.000,0.000,0.0000
1552.660,-75.789,33.432,0.328,6.195,20.441,22.861,0.000,0.000,0.0000
1552.670,-75.727,33.462,0.328,6.164,20.503,22.916,0.000,0.000,0.0000
1552.680,-75.666,33.492,0.327,6.131,20.564,22.970,0.000,0.000,0.0000
1552.690,-75.605,33.521,0.327,6.095,20.625,23.025,0.000,0.000,0.0000
1552.700,-75.544,33.551,0.326,6.059,20.686,23.079,0.000,0.000,0.0000
1552.710,-75.484,33.580,0.326,6.024,20.746,23.132,0.000,0.000,0.0000
1552.720,-75.424,33.609,0.325,5.988,20.806,23.186,0.000,0.000,0.0000
1552.730,-75.365,33.638,0.325,5.954,20.865,23.239,0.000,0.000,0.0000
1552.740,-75.306,33.667,0.324,5.918,20.924,23.291,0.000,0.000,0.0000
1552.750,-75.247,33.695,0.324,5.869,20.983,23.344,0.000,0.000,0.0000
1552.760,-75.189,33.723,0.324,5.824,21.041,23.396,0.000,0.000,0.0000
1552.770,-75.131,33.751,0.323,5.783,21.099,23.447,0.000,0.000,0.0000
1552.780,-75.073,33.779,0.323,5.745,21.157,23.498,0.000,0.000,0.0000
1552.790,-75.016,33.806,0.323,5.710,21.214,23.549,0.000,0.000,0.0000
1552.800,-74.959,33.834,0.323,5.677,21.271,23.600,0.000,0.000,0.0000
1552.810,-74.903,33.861,0.323,5.648,21.327,23.651,0.000,0.000,0.0000
1552.820,-74.847,33.888,0.322,5.624,21.383,23.701,0.000,0.000,0.0000
1552.830,-74.791,33.914,0.322,5.600,21.439,23.751,0.000,0.000,0.0000
1552.840,-74.735,33.941,0.322,5.572,21.495,23.801,0.000,0.000,0.0000
1552.850,-74.680,33.967,0.322,5.543,21.550,23.850,0.000,0.000,0.0000
1552.860,-74.624,33.994,0.322,5.511,21.606,23.900,0.000,0.000,0.0000
1552.870,-74.570,34.020,0.322,5.476,21.660,23.949,0.000,0.000,0.0000
1552.880,-74.515,34.046,0.322,5.440,21.715,23.997,0.000,0.000,0.0000
1552.890,-74.461,34.072,0.322,5.404,21.769,24.046,0.000,0.000,0.0000
1552.900,-74.408,34.097,0.322,5.367,21.822,24.094,0.000,0.000,0.0000
1552.910,-74.354,34.123,0.322,5.325,21.876,24.141,0.000,0.000,0.0000
1552.920,-74.302,34.148,0.322,5.280,21.928,24.189,0.000,0.000,0.0000
1552.930,-74.249,34.174,0.322,5.233,21.981,24.236,0.000,0.000,0.0000
1552.940,-74.197,34.199,0.322,5.187,22.033,24.282,0.000,0.000,0.0000
1552.950,-74.146,34.223,0.323,5.144,22.084,24.328,0.000,0.000,0.0000
1552.960,-74.095,34.248,0.323,5.104,22.135,24.374,0.000,0.000,0.0000
1552.970,-74.044,34.273,0.323,5.067,22.186,24.419,0.000,0.000,0.0000
1552.980,-73.994,34.297,0.323,5.030,22.236,24.465,0.000,0.000,0.0000
1552.990,-73.944,34.321,0.324,4.995,22.286,24.509,0.000,0.000,0.0000
1553.000,-73.894,34.345,0.324,4.960,22.336,24.554,0.000,0.000,0.0000
1553.010,-73.845,34.369,0.324,4.924,22.385,24.598,0.000,0.000,0.0000
1553.020,-73.796,34.393,0.324,4.889,22.434,24.642,0.000,0.000,0.0000
1553.030,-73.748,34.416,0.324,4.856,22.482,24.686,0.000,0.000,0.0000
1553.040,-73.699,34.440,0.324,4.826,22.531,24.729,0.000,0.000,0.0000
1553.050,-73.651,34.463,0.324,4.797,22.579,24.773,0.000,0.000,0.0000
1553.060,-73.604,34.486,0.324,4.768,22.626,24.816,0.000,0.000,0.0000
1553.070,-73.556,34.509,0.324,4.740,22.674,24.858,0.000,0.000,0.0000
1553.080,-73.509,34.532,0.324,4.709,22.721,24.901,0.000,0.000,0.0000
1553.090,-73.463,34.554,0.324,4.677,22.768,24.943,0.000,0.000,0.0000
1553.100,-73.416,34.577,0.324,4.643,22.814,24.985,0.000,0.000,0.0000
1553.110,-73.370,34.599,0.324,4.608,22.860,25.027,0.000,0.000,0.0000
1553.120,-73.324,34.621,0.324,4.571,22.906,25.068,0.000,0.000,0.0000
1553.130,-73.279,34.643,0.324,4.531,22.951,25.109,0.000,0.000,0.0000
1553.140,-73.234,34.664,0.324,4.491,22.996,25.150,0.000,0.000,0.0000
1553.150,-73.190,34.685,0.324,4.450,23.040,25.190,0.000,0.000,0.0000
1553.160,-73.145,34.707,0.324,4.409,23.085,25.230,0.000,0.000,0.0000
1553.170,-73.102,34.727,0.324,4.369,23.128,25.270,0.000,0.000,0.0000
1553.180,-73.059,34.748,0.324,4.330,23.172,25.309,0.000,0.000,0.0000
1553.190,-73.016,34.769,0.324,4.292,23.214,25.348,0.000,0.000,0.0000
1553.200,-72.973,34.789,0.324,4.255,23.257,25.386,0.000,0.000,0.0000
1553.210,-72.931,34.809,0.324,4.219,23.299,25.425,0.000,0.000,0.0000
1553.220,-72.889,34.829,0.324,4.184,23.341,25.463,0.000,0.000,0.0000
1553.230,-72.848,34.848,0.324,4.149,23.383,25.500,0.000,0.000,0.0000
1553.240,-72.806,34.868,0.324,4.115,23.424,25.538,0.000,0.000,0.0000
1553.250,-72.766,34.887,0.324,4.079,23.464,25.575,0.000,0.000,0.0000
1553.260,-72.725,34.906,0.324,4.044,23.505,25.611,0.000,0.000,0.0000
1553.270,-72.685,34.926,0.324,4.009,23.545,25.648,0.000,0.000,0.0000
1553.280,-72.645,34.944,0.324,3.975,23.585,25.684,0.000,0.000,0.0000
1553.290,-72.606,34.963,0.324,3.940,23.624,25.720,0.000,0.000,0.0000
1553.300,-72.567,34.982,0.324,3.905,23.663,25.755,0.000,0.000,0.0000
1553.310,-72.528,35.000,0.324,3.870,23.702,25.791,0.000,0.000,0.0000
1553.320,-72.490,35.018,0.324,3.837,23.740,25.826,0.000,0.000,0.0000
1553.330,-72.452,35.036,0.324,3.804,23.778,25.860,0.000,0.000,0.0000
1553.340,-72.414,35.054,0.324,3.771,23.816,25.895,0.000,0.000,0.0000
1553.350,-72.377,35.072,0.324,3.738,23.853,25.929,0.000,0.000,0.0000
1553.360,-72.340,35.090,0.324,3.704,23.890,25.963,0.000,0.000,0.0000
1553.370,-72.303,35.107,0.324,3.670,23.927,25.996,0.000,0.080,0.0000
1553.380,-72.267,35.125,0.323,3.633,23.963,26.029,0.000,0.160,0.0000
1553.390,-72.231,35.142,0.323,3.594,23.999,26.062,0.000,0.240,0.0000
1553.400,-72.195,35.159,0.323,3.553,24.035,26.094,0.000,0.320,0.0000
1553.410,-72.160,35.175,0.323,3.512,24.070,26.126,0.000,0.400,0.0000
1553.420,-72.125,35.192,0.323,3.470,24.105,26.158,0.000,0.480,0.0000
1553.430,-72.091,35.208,0.324,3.427,24.139,26.189,0.000,0.560,0.0000
1553.440,-72.057,35.225,0.324,3.385,24.173,26.220,0.000,0.640,0.0000
1553.450,-72.024,35.241,0.324,3.342,24.206,26.251,0.000,0.720,0.0000
1553.460,-71.991,35.257,0.324,3.301,24.239,26.281,0.000,0.800,0.0000
1553.470,-71.958,35.272,0.324,3.261,24.272,26.311,0.000,0.880,0.0000
1553.480,-71.926,35.288,0.324,3.222,24.304,26.340,0.000,0.960,0.0000
1553.490,-71.894,35.303,0.324,3.183,24.336,26.369,0.000,1.000,0.0000
1553.500,-71.863,35.318,0.324,3.146,24.367,26.398,0.000,1.000,0.0000
1553.510,-71.832,35.333,0.324,3.110,24.399,26.426,0.000,1.000,0.0000
1553.520,-71.801,35.348,0.324,3.076,24.429,26.454,0.000,1.000,0.0000
1553.530,-71.770,35.363,0.324,3.041,24.460,26.482,0.000,1.000,0.0000
1553.540,-71.740,35.377,0.324,3.006,24.490,26.510,0.000,1.000,0.0000
1553.550,-71.711,35.391,0.324,2.971,24.519,26.537,0.000,1.000,0.0000
1553.560,-71.681,35.405,0.324,2.936,24.549,26.564,0.000,1.000,0.0000
1553.570,-71.652,35.419,0.324,2.900,24.578,26.590,0.000,1.000,0.0000
1553.580,-71.624,35.433,0.324,2.864,24.606,26.616,0.000,1.000,0.0000
1553.590,-71.595,35.447,0.324,2.829,24.635,26.642,0.000,1.000,0.0000
1553.600,-71.567,35.460,0.324,2.793,24.663,26.668,0.000,1.000,0.0000
1553.610,-71.540,35.473,0.324,2.757,24.690,26.693,0.000,1.000,0.0000
1553.620,-71.513,35.486,0.324,2.722,24.717,26.718,0.000,1.000,0.0000
1553.630,-71.486,35.499,0.324,2.686,24.744,26.743,0.000,1.000,0.0000
1553.640,-71.459,35.512,0.324,2.651,24.771,26.767,0.000,1.000,0.0000
1553.650,-71.433,35.524,0.324,2.615,24.797,26.791,0.000,1.000,0.0000
1553.660,-71.407,35.536,0.324,2.580,24.823,26.815,0.000,1.000,0.0000
1553.670,-71.382,35.548,0.324,2.545,24.848,26.838,0.000,1.000,0.0000
1553.680,-71.357,35.560,0.324,2.510,24.873,26.861,0.000,1.000,0.0000
1553.690,-71.332,35.572,0.324,2.477,24.898,26.884,0.000,1.000,0.0000
1553.700,-71.307,35.584,0.324,2.443,24.923,26.906,0.000,1.000,0.0000
1553.710,-71.283,35.595,0.324,2.410,24.947,26.929,0.000,1.000,0.0000
1553.720,-71.260,35.606,0.324,2.376,24.970,26.950,0.000,1.000,0.0000
1553.730,-71.236,35.618,0.324,2.342,24.994,26.972,0.000,1.000,0.0000
1553.740,-71.213,35.628,0.324,2.307,25.017,26.993,0.000,1.000,0.0000
1553.750,-71.190,35.639,0.324,2.272,25.040,27.014,0.000,1.000,0.0000
1553.760,-71.168,35.650,0.324,2.237,25.062,27.035,0.000,1.000,0.0000
1553.770,-71.146,35.660,0.324,2.201,25.084,27.055,0.000,1.000,0.0000
1553.780,-71.124,35.670,0.324,2.165,25.106,27.075,0.000,1.000,0.0000
1553.790,-71.103,35.680,0.323,2.129,25.127,27.094,0.000,1.000,0.0000
1553.800,-71.082,35.690,0.323,2.092,25.148,27.113,0.000,1.000,0.0000
1553.810,-71.062,35.700,0.323,2.056,25.168,27.132,0.000,1.000,0.0000
1553.820,-71.041,35.710,0.323,2.019,25.189,27.151,0.000,1.000,0.0000
1553.830,-71.022,35.719,0.323,1.982,25.208,27.169,0.000,1.000,0.0000
1553.840,-71.002,35.728,0.323,1.945,25.228,27.187,0.000,1.000,0.0000
1553.850,-70.983,35.737,0.324,1.908,25.247,27.205,0.000,1.000,0.0000
1553.860,-70.964,35.746,0.324,1.870,25.266,27.222,0.000,1.000,0.0000
1553.870,-70.946,35.755,0.324,1.833,25.284,27.239,0.000,1.000,0.0000
1553.880,-70.928,35.763,0.324,1.796,25.302,27.255,0.000,1.000,0.0000
1553.890,-70.911,35.772,0.324,1.760,25.320,27.271,0.000,1.000,0.0000
1553.900,-70.893,35.780,0.324,1.724,25.337,27.287,0.000,1.000,0.0000
1553.910,-70.876,35.788,0.324,1.688,25.354,27.303,0.000,1.000,0.0000
1553.920,-70.860,35.796,0.324,1.652,25.370,27.318,0.000,1.000,0.0000
1553.930,-70.844,35.803,0.324,1.616,25.386,27.333,0.000,1.000,0.0000
1553.940,-70.828,35.811,0.324,1.580,25.402,27.347,0.000,1.000,0.0000
1553.950,-70.812,35.818,0.324,1.544,25.418,27.361,0.000,1.000,0.0000
1553.960,-70.797,35.825,0.324,1.508,25.433,27.375,0.000,1.000,0.0000
1553.970,-70.783,35.832,0.324,1.472,25.447,27.389,0.000,1.000,0.0000
1553.980,-70.768,35.839,0.324,1.436,25.462,27.402,0.000,1.000,0.0000
1553.990,-70.754,35.846,0.324,1.400,25.476,27.415,0.000,1.000,0.0000
1554.000,-70.741,35.852,0.324,1.364,25.489,27.428,0.000,1.000,0.0000
1554.010,-70.727,35.858,0.324,1.328,25.503,27.440,0.000,1.000,0.0000
1554.020,-70.714,35.865,0.324,1.292,25.516,27.452,0.000,1.000,0.0000
1554.030,-70.702,35.871,0.324,1.256,25.528,27.463,0.000,1.000,0.0000
1554.040,-70.690,35.876,0.324,1.220,25.540,27.474,0.000,1.000,0.0000
1554.050,-70.678,35.882,0.324,1.184,25.552,27.485,0.000,1.000,0.0000
1554.060,-70.666,35.888,0.324,1.148,25.564,27.496,0.000,1.000,0.0000
1554.070,-70.655,35.893,0.324,1.112,25.575,27.506,0.000,1.000,0.0000
1554.080,-70.644,35.898,0.324,1.077,25.586,27.516,0.000,1.000,0.0000
1554.090,-70.634,35.903,0.324,1.041,25.596,27.526,0.000,1.000,0.0000
1554.100,-70.624,35.908,0.324,1.005,25.606,27.535,0.000,1.000,0.0000
1554.110,-70.614,35.912,0.324,0.969,25.616,27.544,0.000,1.000,0.0000
1554.120,-70.605,35.917,0.324,0.933,25.625,27.553,0.000,1.000,0.0000
1554.130,-70.596,35.921,0.324,0.897,25.634,27.561,0.000,1.000,0.0000
1554.140,-70.587,35.925,0.324,0.861,25.643,27.569,0.000,1.000,0.0000
1554.150,-70.579,35.929,0.324,0.825,25.651,27.576,0.000,1.000,0.0000
1554.160,-70.571,35.933,0.324,0.789,25.659,27.584,0.000,1.000,0.0000
1554.170,-70.564,35.937,0.324,0.753,25.666,27.591,0.000,1.000,0.0000
1554.180,-70.557,35.940,0.324,0.717,25.673,27.597,0.000,1.000,0.0000
1554.190,-70.550,35.944,0.324,0.681,25.680,27.603,0.000,1.000,0.0000
1554.200,-70.543,35.947,0.324,0.646,25.687,27.609,0.000,0.900,0.0000
1554.210,-70.537,35.950,0.324,0.612,25.693,27.615,0.000,0.800,0.0000
1554.220,-70.531,35.952,0.324,0.580,25.699,27.620,0.000,0.700,0.0000
1554.230,-70.526,35.955,0.324,0.548,25.704,27.626,0.000,0.600,0.0000
1554.240,-70.521,35.958,0.324,0.517,25.709,27.630,0.000,0.500,0.0000
1554.250,-70.516,35.960,0.324,0.485,25.714,27.635,0.000,0.400,0.0000
1554.260,-70.511,35.962,0.324,0.453,25.719,27.639,0.000,0.300,0.0000
1554.270,-70.507,35.964,0.324,0.420,25.723,27.643,0.000,0.200,0.0000
1554.280,-70.503,35.966,0.323,0.387,25.727,27.646,0.000,0.100,0.0000
1554.290,-70.500,35.968,0.323,0.355,25.730,27.650,0.000,0.000,0.0000
1554.300,-70.497,35.970,0.323,0.322,25.734,27.653,0.000,0.000,0.0000
1554.310,-70.494,35.971,0.323,0.286,25.736,27.655,0.000,0.000,0.0000
1554.320,-70.491,35.973,0.323,0.249,25.739,27.658,0.000,0.000,0.0000
1554.330,-70.489,35.974,0.323,0.212,25.741,27.660,0.000,0.000,0.0000
1554.340,-70.487,35.975,0.323,0.175,25.743,27.661,0.000,0.000,0.0000
1554.350,-70.486,35.976,0.323,0.138,25.744,27.663,0.000,0.000,0.0000
1554.360,-70.485,35.976,0.323,0.102,25.745,27.664,0.000,0.000,0.0000
1554.370,-70.484,35.977,0.323,0.070,25.746,27.664,0.000,0.000,0.0000
1554.380,-70.484,35.977,0.323,0.045,25.746,27.665,0.000,0.000,0.0000
1554.390,-70.483,35.977,0.323,0.026,25.747,27.665,0.000,0.000,0.0000
1554.400,-70.483,35.977,0.323,0.011,25.747,27.665,0.000,0.000,0.0000
1554.410,-70.483,35.977,0.323,0.014,25.747,27.665,0.000,0.000,0.0000
1554.420,-70.484,35.977,0.323,0.022,25.747,27.665,0.000,0.000,0.0000
1554.430,-70.484,35.977,0.323,0.029,25.746,27.665,0.000,0.000,0.0000
1554.440,-70.484,35.977,0.322,0.035,25.746,27.665,0.000,0.000,0.0000
1554.450,-70.484,35.977,0.322,0.040,25.746,27.665,0.000,0.000,0.0000
1554.460,-70.484,35.977,0.321,0.045,25.746,27.665,0.000,0.000,0.0000
1554.470,-70.484,35.977,0.321,0.048,25.746,27.665,0.000,0.000,0.0000
1554.480,-70.484,35.977,0.320,0.051,25.746,27.665,0.000,0.000,0.0000
1554.490,-70.484,35.977,0.320,0.052,25.746,27.665,0.000,0.000,0.0000
1554.500,-70.484,35.977,0.319,0.053,25.746,27.665,0.000,0.000,0.0000
1554.510,-70.485,35.977,0.319,0.053,25.746,27.666,0.000,0.000,0.0000
1554.520,-70.485,35.977,0.318,0.052,25.745,27.666,0.000,0.000,0.0000
1554.530,-70.485,35.977,0.318,0.050,25.745,27.666,0.000,0.000,0.0000
1554.540,-70.485,35.977,0.317,0.048,25.745,27.666,0.000,0.000,0.0000
1554.550,-70.485,35.976,0.317,0.045,25.745,27.666,0.000,0.000,0.0000
1554.560,-70.485,35.976,0.317,0.042,25.745,27.666,0.000,0.000,0.0000
1554.570,-70.485,35.976,0.316,0.038,25.745,27.666,0.000,0.000,0.0000
1554.580,-70.485,35.976,0.316,0.035,25.745,27.666,0.000,0.000,0.0000
1554.590,-70.485,35.976,0.316,0.030,25.745,27.666,0.000,0.000,0.0000
1554.600,-70.485,35.976,0.315,0.026,25.745,27.666,0.000,0.000,0.0000
1554.610,-70.485,35.976,0.315,0.022,25.745,27.666,0.000,0.000,0.0000
1554.620,-70.485,35.976,0.315,0.018,25.745,27.666,0.000,0.000,0.0000
1554.630,-70.485,35.976,0.315,0.013,25.745,27.666,0.000,0.000,0.0000
1554.640,-70.485,35.976,0.315,0.009,25.745,27.666,0.000,0.000,0.0000
1554.650,-70.485,35.976,0.315,0.005,25.745,27.666,0.000,0.000,0.0000
1554.660,-70.485,35.976,0.315,0.001,25.745,27.666,0.000,0.000,0.0000
1554.670,-70.485,35.976,0.315,0.002,25.745,27.666,0.000,0.000,0.0000
1554.680,-70.485,35.976,0.315,0.006,25.745,27.666,0.000,0.000,0.0000
1554.690,-70.485,35.976,0.315,0.008,25.745,27.666,0.000,0.000,0.0000
1554.700,-70.485,35.976,0.315,0.011,25.745,27.666,0.000,0.000,0.0000
1554.710,-70.485,35.976,0.315,0.013,25.745,27.666,0.000,0.000,0.0000
1554.720,-70.485,35.976,0.315,0.015,25.745,27.666,0.000,0.000,0.0000
1554.730,-70.485,35.976,0.315,0.017,25.745,27.666,0.000,0.000,0.0000
1554.740,-70.485,35.976,0.315,0.018,25.745,27.666,0.000,0.000,0.0000
1554.750,-70.485,35.976,0.316,0.019,25.745,27.666,0.000,0.000,0.0000
1554.760,-70.485,35.976,0.316,0.019,25.745,27.666,0.000,0.000,0.0000
1554.770,-70.485,35.976,0.316,0.020,25.745,27.666,0.000,0.000,0.0000
1554.780,-70.485,35.976,0.316,0.019,25.745,27.666,0.000,0.000,0.0000
1554.790,-70.485,35.976,0.316,0.019,25.745,27.666,0.000,0.000,0.0000
1554.800,-70.485,35.976,0.317,0.018,25.745,27.666,0.000,0.000,0.0000
1554.810,-70.485,35.976,0.317,0.017,25.745,27.666,0.000,0.000,0.0000
1554.820,-70.485,35.976,0.317,0.016,25.745,27.666,0.000,0.000,0.0000
1554.830,-70.485,35.976,0.317,0.015,25.745,27.666,0.000,0.000,0.0000
1554.840,-70.485,35.976,0.317,0.014,25.745,27.666,0.000,0.000,0.0000
1554.850,-70.485,35.976,0.317,0.012,25.745,27.666,0.000,0.000,0.0000
1554.860,-70.485,35.977,0.317,0.011,25.745,27.666,0.000,0.000,0.0000
1554.870,-70.485,35.977,0.318,0.009,25.745,27.666,0.000,0.000,0.0000
1554.880,-70.485,35.977,0.318,0.008,25.745,27.666,0.000,0.000,0.0000
1554.890,-70.485,35.977,0.318,0.006,25.745,27.666,0.000,0.000,0.0000
1554.900,-70.485,35.977,0.318,0.004,25.745,27.666,0.000,0.000,0.0000
1554.910,-70.485,35.977,0.318,0.003,25.745,27.666,0.000,0.000,0.0000
1554.920,-70.485,35.977,0.318,0.001,25.745,27.666,0.000,0.000,0.0000
1554.930,-70.485,35.977,0.318,0.000,25.745,27.666,0.000,0.000,0.0000
1554.940,-70.485,35.977,0.318,0.001,25.745,27.666,0.000,0.000,0.0000
1554.950,-70.485,35.977,0.318,0.002,25.745,27.666,0.000,0.000,0.0000
1554.960,-70.485,35.977,0.318,0.004,25.745,27.666,0.000,0.000,0.0000
1554.970,-70.485,35.977,0.318,0.004,25.745,27.666,0.000,0.000,0.0000
1554.980,-70.485,35.977,0.318,0.005,25.745,27.666,0.000,0.000,0.0000
1554.990,-70.485,35.976,0.318,0.006,25.745,27.666,0.000,0.000,0.0000
1555.000,-70.485,35.976,0.317,0.006,25.745,27.666,0.000,0.000,0.0000
1555.010,-70.485,35.976,0.317,0.007,25.745,27.666,0.000,0.000,0.0000
1555.020,-70.485,35.976,0.317,0.007,25.745,27.666,0.000,0.000,0.0000
1555.030,-70.485,35.976,0.317,0.007,25.745,27.666,0.000,0.000,0.0000
1555.040,-70.485,35.976,0.317,0.007,25.745,27.666,0.000,0.000,0.0000
1555.050,-70.485,35.976,0.317,0.007,25.745,27.666,0.000,0.000,0.0000
1555.060,-70.485,35.976,0.317,0.007,25.745,27.666,0.000,0.000,0.0000
1555.070,-70.485,35.976,0.317,0.007,25.745,27.666,0.000,0.000,0.0000
1555.080,-70.485,35.976,0.317,0.006,25.745,27.666,0.000,0.000,0.0000
1555.090,-70.485,35.976,0.317,0.006,25.745,27.666,0.000,0.000,0.0000
1555.100,-70.485,35.976,0.317,0.005,25.745,27.666,0.000,0.000,0.0000
1555.110,-70.485,35.976,0.317,0.005,25.745,27.666,0.000,0.000,0.0000
1555.120,-70.485,35.976,0.317,0.004,25.745,27.666,0.000,0.000,0.0000
1555.130,-70.485,35.976,0.317,0.004,25.745,27.666,0.000,0.000,0.0000
1555.140,-70.485,35.976,0.317,0.003,25.745,27.666,0.000,0.000,0.0000
1555.150,-70.485,35.976,0.317,0.003,25.745,27.666,0.000,0.000,0.0000
1555.160,-70.485,35.976,0.317,0.002,25.745,27.666,0.000,0.000,0.0000
1555.170,-70.485,35.976,0.317,0.001,25.745,27.666,0.000,0.000,0.0000
1555.180,-70.485,35.976,0.317,0.001,25.745,27.666,0.000,0.000,0.0000
1555.190,-70.485,35.976,0.317,0.000,25.745,27.666,0.000,0.000,0.0000
1555.200,-70.485,35.976,0.317,0.000,25.745,27.666,0.000,0.000,0.0000
1555.210,-70.485,35.976,0.317,0.001,25.745,27.666,0.000,0.000,0.0000
1555.220,-70.485,35.976,0.317,0.001,25.745,27.666,0.000,0.000,0.0000
1555.230,-70.485,35.976,0.317,0.001,25.745,27.666,0.000,0.000,0.0000
1555.240,-70.485,35.976,0.317,0.002,25.745,27.666,0.000,0.000,0.0000
1555.250,-70.485,35.976,0.317,0.002,25.745,27.666,0.000,0.000,0.0000
1555.260,-70.485,35.976,0.317,0.002,25.745,27.666,0.000,0.000,0.0000
1555.270,-70.485,35.976,0.317,0.002,25.745,27.666,0.000,0.000,0.0000
1555.280,-70.485,35.976,0.317,0.003,25.745,27.666,0.000,0.000,0.0000
1555.290,-70.485,35.976,0.317,0.003,25.745,27.666,0.000,0.000,0.0000
1555.300,-70.485,35.976,0.317,0.003,25.745,27.666,0.000,0.000,0.0000
1555.310,-70.485,35.976,0.317,0.003,25.745,27.666,0.000,0.000,0.0000
1555.320,-70.485,35.976,0.317,0.003,25.745,27.666,0.000,0.000,0.0000
1555.330,-70.485,35.976,0.317,0.002,25.745,27.666,0.000,0.000,0.0000
1555.340,-70.485,35.976,0.317,0.002,25.745,27.666,0.000,0.000,0.0000
1555.350,-70.485,35.976,0.317,0.002,25.745,27.666,0.000,0.000,0.0000
1555.360,-70.485,35.976,0.317,0.002,25.745,27.666,0.000,0.000,0.0000
1555.370,-70.485,35.976,0.317,0.002,25.745,27.666,0.000,0.000,0.0000
1555.380,-70.485,35.976,0.317,0.002,25.745,27.666,0.000,0.000,0.0000
1555.390,-70.485,35.976,0.317,0.001,25.745,27.666,0.000,0.000,0.0000
1555.400,-70.485,35.976,0.317,0.001,25.745,27.666,0.000,0.000,0.0000
1555.410,-70.485,35.976,0.317,0.001,25.745,27.666,0.000,0.000,0.0000
1555.420,-70.485,35.976,0.317,0.001,25.745,27.666,0.000,0.000,0.0000
1555.430,-70.485,35.976,0.317,0.001,25.745,27.666,0.000,0.000,0.0000
1555.440,-70.485,35.976,0.317,0.000,25.745,27.666,0.000,0.000,0.0000
1555.450,-70.485,35.976,0.317,0.000,25.745,27.666,0.000,0.000,0.0000
1555.460,-70.485,35.976,0.317,0.000,25.745,27.666,0.000,0.000,0.0000
1555.470,-70.485,35.976,0.317,0.000,25.745,27.666,0.000,0.000,0.0000
1555.480,-70.485,35.976,0.317,0.000,25.745,27.666,0.000,0.000,0.0000
1555.490,-70.485,35.976,0.317,0.000,25.745,27.666,0.000,0.000,0.0000
1555.500,-70.485,35.976,0.317,0.001,25.745,27.666,0.000,0.000,0.0000
1555.510,-70.485,35.976,0.317,0.001,25.745,27.666,0.000,0.000,0.0000
1555.520,-70.485,35.976,0.317,0.001,25.745,27.666,0.000,0.000,0.0000
1555.530,-70.485,35.976,0.317,0.001,25.745,27.666,0.000,0.000,0.0000
1555.540,-70.485,35.976,0.317,0.001,25.745,27.666,0.000,0.000,0.0000
1555.550,-70.485,35.976,0.317,0.001,25.745,27.666,0.000,0.000,0.0000
1555.560,-70.485,35.976,0.317,0.001,25.745,27.666,0.000,0.000,0.0000
1555.570,-70.485,35.976,0.317,0.001,25.745,27.666,0.000,0.000,0.0000
1555.580,-70.485,35.976,0.317,0.001,25.745,27.666,0.000,0.000,0.0000
1555.590,-70.485,35.976,0.317,0.001,25.745,27.666,0.000,0.000,0.0000
1555.600,-70.485,35.976,0.317,0.001,25.745,27.666,0.000,0.000,0.0000
1555.610,-70.485,35.976,0.317,0.001,25.745,27.666,0.000,0.000,0.0000
1555.620,-70.485,35.976,0.317,0.001,25.745,27.666,0.000,0.000,0.0000
1555.630,-70.485,35.976,0.317,0.001,25.745,27.666,0.000,0.000,0.0000
1555.640,-70.485,35.976,0.317,0.001,25.745,27.666,0.000,0.000,0.0000
1555.650,-70.485,35.976,0.317,0.001,25.745,27.666,0.000,0.000,0.0000
1555.660,-70.485,35.976,0.317,0.000,25.745,27.666,0.000,0.000,0.0000
1555.670,-70.485,35.976,0.317,0.000,25.745,27.666,0.000,0.000,0.0000
1555.680,-70.485,35.976,0.317,0.000,25.745,27.666,0.000,0.000,0.0000
1555.690,-70.485,35.976,0.317,0.000,25.745,27.666,0.000,0.000,0.0000
1555.700,-70.485,35.976,0.317,0.000,25.745,27.666,0.000,0.000,0.0000
1555.710,-70.485,35.976,0.317,0.000,25.745,27.666,0.000,0.000,0.0000
1555.720,-70.485,35.976,0.317,0.000,25.745,27.666,0.000,0.000,0.0000
1555.730,-70.485,35.976,0.317,0.000,25.745,27.666,0.000,0.000,0.0000
1555.740,-70.485,35.976,0.317,0.000,25.745,27.666,0.000,0.000,0.0000
1555.750,-70.485,35.976,0.317,0.000,25.745,27.666,0.000,0.000,0.0000
1555.760,-70.485,35.976,0.317,0.000,25.745,27.666,0.000,0.000,0.0000
1555.770,-70.485,35.976,0.317,0.000,25.745,27.666,0.000,0.000,0.0000
1555.780,-70.485,35.976,0.317,0.000,25.745,27.666,0.000,0.000,0.0000
1555.790,-70.485,35.976,0.317,0.000,25.745,27.666,0.000,0.000,0.0000
1555.800,-70.485,35.976,0.317,0.000,25.745,27.666,0.000,0.000,0.0000
1555.810,-70.485,35.976,0.317,0.000,25.745,27.666,0.000,0.000,0.0000
1555.820,-70.485,35.976,0.317,0.000,25.745,27.666,0.000,0.000,0.0000
1555.830,-70.485,35.976,0.317,0.000,25.745,27.666,0.000,0.000,0.0000
1555.840,-70.485,35.976,0.317,0.000,25.745,27.666,0.000,0.000,0.0000
1555.850,-70.485,35.976,0.317,0.000,25.745,27.666,0.000,0.000,0.0000
1555.860,-70.485,35.976,0.317,0.000,25.745,27.666,0.000,0.000,0.0000
1555.870,-70.485,35.976,0.317,0.000,25.745,27.666,0.000,0.000,0.0000
1555.880,-70.485,35.976,0.317,0.000,25.745,27.666,0.000,0.000,0.0000
1555.890,-70.485,35.976,0.317,0.000,25.745,27.666,0.000,0.000,0.0000
1555.900,-70.485,35.976,0.317,0.000,25.745,27.666,0.000,0.000,0.0000
1555.910,-70.485,35.976,0.317,0.000,25.745,27.666,0.000,0.000,0.0000
1555.920,-70.485,35.976,0.317,0.000,25.745,27.666,0.000,0.000,0.0000
1555.930,-70.485,35.976,0.317,0.000,25.745,27.666,0.000,0.000,0.0000
1555.940,-70.485,35.976,0.317,0.000,25.745,27.666,0.000,0.000,0.0000
1555.950,-70.485,35.976,0.317,0.000,25.745,27.666,0.000,0.000,0.0000
1555.960,-70.485,35.976,0.317,0.000,25.745,27.666,0.000,0.000,0.0000
1555.970,-70.485,35.976,0.317,0.000,25.745,27.666,0.000,0.000,0.0000
1555.980,-70.485,35.976,0.317,0.000,25.745,27.666,0.000,0.000,0.0000
1555.990,-70.485,35.976,0.317,0.000,25.745,27.666,0.000,0.000,0.0000
1556.000,-70.485,35.976,0.317,0.000,25.745,27.666,0.000,0.000,0.0000
1556.010,-70.485,35.976,0.317,0.000,25.745,27.666,0.000,0.000,0.0000
1556.020,-70.485,35.976,0.317,0.000,25.745,27.666,0.000,0.000,0.0000
1556.030,-70.485,35.976,0.317,0.000,25.745,27.666,0.000,0.000,0.0000
1556.040,-70.485,35.976,0.317,0.000,25.745,27.666,0.000,0.000,0.0000
1556.050,-70.485,35.976,0.317,0.000,25.745,27.666,0.000,0.000,0.0000
1556.060,-70.485,35.976,0.317,0.000,25.745,27.666,0.000,0.000,0.0000
1556.070,-70.485,35.976,0.317,0.000,25.745,27.666,0.000,0.000,0.0000
1556.080,-70.485,35.976,0.317,0.000,25.745,27.666,0.000,0.000,0.0000
1556.090,-70.485,35.976,0.317,0.000,25.745,27.666,0.000,0.000,0.0000
1556.100,-70.485,35.976,0.317,0.000,25.745,27.666,0.000,0.000,0.0000
1556.110,-70.485,35.976,0.317,0.000,25.745,27.666,0.000,0.000,0.0000
1556.120,-70.485,35.976,0.317,0.000,25.745,27.666,0.000,0.000,0.0000
1556.130,-70.485,35.976,0.317,0.000,25.745,27.666,0.000,0.000,0.0000
1556.140,-70.485,35.976,0.317,0.000,25.745,27.666,0.000,0.000,0.0000
1556.150,-70.485,35.976,0.317,0.000,25.745,27.666,0.000,0.000,0.0000
1556.160,-70.485,35.976,0.317,0.000,25.745,27.666,0.000,0.000,0.0000
1556.170,-70.485,35.976,0.317,0.000,25.745,27.666,0.000,0.000,0.0000
1556.180,-70.485,35.976,0.317,0.000,25.745,27.666,0.000,0.000,0.0000
1556.190,-70.485,35.976,0.317,0.000,25.745,27.666,0.000,0.000,0.0000
1556.200,-70.485,35.976,0.317,0.000,25.745,27.666,0.000,0.000,0.0000
1556.210,-70.485,35.976,0.317,0.000,25.745,27.666,0.000,0.000,0.0000
1556.220,-70.485,35.976,0.317,0.000,25.745,27.666,0.000,0.000,0.0000
1556.230,-70.485,35.976,0.317,0.000,25.745,27.666,0.000,0.000,0.0000
1556.240,-70.485,35.976,0.317,0.000,25.745,27.666,0.000,0.000,0.0000
1556.250,-70.485,35.976,0.317,0.000,25.745,27.666,0.000,0.000,0.0000
1556.260,-70.485,35.976,0.317,0.000,25.745,27.666,0.000,0.000,0.0000
1556.270,-70.485,35.976,0.317,0.000,25.745,27.666,0.000,0.000,0.0000
1556.280,-70.485,35.976,0.317,0.000,25.745,27.666,0.000,0.000,0.0000
1556.290,-70.485,35.976,0.317,0.000,25.745,27.666,0.000,0.000,0.0000
1556.300,-70.485,35.976,0.317,0.000,25.745,27.666,0.000,0.000,0.0000
1556.310,-70.485,35.976,0.317,0.000,25.745,27.666,0.000,0.000,0.0000
1556.320,-70.485,35.976,0.317,0.000,25.745,27.666,0.000,0.000,0.0000
1556.330,-70.485,35.976,0.317,0.000,25.745,27.666,0.000,0.000,0.0000
1556.340,-70.485,35.976,0.317,0.000,25.745,27.666,0.000,0.000,0.0000
1556.350,-70.485,35.976,0.317,0.000,25.745,27.666,0.000,0.000,0.0000
1556.360,-70.485,35.976,0.317,0.000,25.745,27.666,0.000,0.000,0.0000
1556.370,-70.485,35.976,0.317,0.000,25.745,27.666,0.000,0.000,0.0000
1556.380,-70.485,35.976,0.317,0.000,25.745,27.666,0.000,0.000,0.0000
1556.390,-70.485,35.976,0.317,0.000,25.745,27.666,0.000,0.000,0.0000
1556.400,-70.485,35.976,0.317,0.000,25.745,27.666,0.000,0.000,0.0000
1556.410,-70.485,35.976,0.317,0.000,25.745,27.666,0.000,0.000,0.0000
1556.420,-70.485,35.976,0.317,0.000,25.745,27.666,0.000,0.000,0.0000
1556.430,-70.485,35.976,0.317,0.000,25.745,27.666,0.000,0.000,0.0000
1556.440,-70.485,35.976,0.317,0.000,25.745,27.666,0.000,0.000,0.0000
1556.450,-70.485,35.976,0.317,0.000,25.745,27.666,0.000,0.000,0.0000
1556.460,-70.485,35.976,0.317,0.000,25.745,27.666,0.000,0.000,0.0000
1556.470,-70.485,35.976,0.317,0.000,25.745,27.666,0.000,0.000,0.0000
1556.480,-70.485,35.976,0.317,0.000,25.745,27.666,0.000,0.000,0.0000
1556.490,-70.485,35.976,0.317,0.000,25.745,27.666,0.000,0.000,0.0000
1556.500,-70.485,35.976,0.317,0.000,25.745,27.666,0.000,0.000,0.0000
1556.510,-70.485,35.976,0.317,0.000,25.745,27.666,0.000,0.000,0.0000
1556.520,-70.485,35.976,0.317,0.000,25.745,27.666,0.000,0.000,0.0000
1556.530,-70.485,35.976,0.317,0.000,25.745,27.666,0.000,0.000,0.0000
1556.540,-70.485,35.976,0.317,0.000,25.745,27.666,0.000,0.000,0.0000
1556.550,-70.485,35.976,0.317,0.000,25.745,27.666,0.000,0.000,0.0000
1556.560,-70.485,35.976,0.317,0.000,25.745,27.666,0.000,0.000,0.0000
1556.570,-70.485,35.976,0.317,0.000,25.745,27.666,0.000,0.000,0.0000
1556.580,-70.485,35.976,0.317,0.000,25.745,27.666,0.000,0.000,0.0000
1556.590,-70.485,35.976,0.317,0.000,25.745,27.666,0.000,0.000,0.0000
1556.600,-70.485,35.976,0.317,0.000,25.745,27.666,0.000,0.000,0.0000
1556.610,-70.485,35.976,0.317,0.000,25.745,27.666,0.000,0.000,0.0000
1556.620,-70.485,35.976,0.317,0.000,25.745,27.666,0.000,0.000,0.0000
1556.630,-70.485,35.976,0.317,0.000,25.745,27.666,0.000,0.000,0.0000
1556.640,-70.485,35.976,0.317,0.000,25.745,27.666,0.000,0.000,0.0000
1556.650,-70.485,35.976,0.317,0.000,25.745,27.666,0.000,0.000,0.0000
1556.660,-70.485,35.976,0.317,0.000,25.745,27.666,0.000,0.000,0.0000
1556.670,-70.485,35.976,0.317,0.000,25.745,27.666,0.000,0.000,0.0000
1556.680,-70.485,35.976,0.317,0.000,25.745,27.666,0.000,0.000,0.0000
1556.690,-70.485,35.976,0.317,0.000,25.745,27.666,0.000,0.000,0.0000
1556.700,-70.485,35.976,0.317,0.000,25.745,27.666,0.000,0.000,0.0000
1556.710,-70.485,35.976,0.317,0.000,25.745,27.666,0.000,0.000,0.0000
1556.720,-70.485,35.976,0.317,0.000,25.745,27.666,0.000,0.000,0.0000
1556.730,-70.485,35.976,0.317,0.000,25.745,27.666,0.000,0.000,0.0000
1556.740,-70.485,35.976,0.317,0.000,25.745,27.666,0.000,0.000,0.0000
1556.750,-70.485,35.976,0.317,0.000,25.745,27.666,0.000,0.000,0.0000
1556.760,-70.485,35.976,0.317,0.000,25.745,27.666,0.000,0.000,0.0000
1556.770,-70.485,35.976,0.317,0.000,25.745,27.666,0.000,0.000,0.0000
1556.780,-70.485,35.976,0.317,0.000,25.745,27.666,0.000,0.000,0.0000
1556.790,-70.485,35.976,0.317,0.000,25.745,27.666,0.000,0.000,0.0000
1556.800,-70.485,35.976,0.317,0.000,25.745,27.666,0.000,0.000,0.0000
1556.810,-70.485,35.976,0.317,0.000,25.745,27.666,0.000,0.000,0.0000
1556.820,-70.485,35.976,0.317,0.000,25.745,27.666,0.000,0.000,0.0000
1556.830,-70.485,35.976,0.317,0.000,25.745,27.666,0.000,0.000,0.0000
1556.840,-70.485,35.976,0.317,0.000,25.745,27.666,0.000,0.000,0.0000
1556.850,-70.485,35.976,0.317,0.000,25.745,27.666,0.000,0.000,0.0000
1556.860,-70.485,35.976,0.317,0.000,25.745,27.666,0.000,0.000,0.0000
1556.870,-70.485,35.976,0.317,0.000,25.745,27.666,0.000,0.000,0.0000
1556.880,-70.485,35.976,0.317,0.000,25.745,27.666,0.000,0.000,0.0000
1556.890,-70.485,35.976,0.317,0.000,25.745,27.666,0.000,0.000,0.0000
1556.900,-70.485,35.976,0.317,0.000,25.745,27.666,0.000,0.000,0.0000
1556.910,-70.485,35.976,0.317,0.000,25.745,27.666,0.000,0.000,0.0000
1556.920,-70.485,35.976,0.317,0.000,25.745,27.666,0.000,0.000,0.0000
1556.930,-70.485,35.976,0.317,0.000,25.745,27.666,0.000,0.000,0.0000
1556.940,-70.485,35.976,0.317,0.000,25.745,27.666,0.000,0.000,0.0000
1556.950,-70.485,35.976,0.317,0.000,25.745,27.666,0.000,0.000,0.0000
1556.960,-70.485,35.976,0.317,0.000,25.745,27.666,0.000,0.000,0.0000
1556.970,-70.485,35.976,0.317,0.000,25.745,27.666,0.000,0.000,0.0000
1556.980,-70.485,35.976,0.317,0.000,25.745,27.666,0.000,0.000,0.0000
1556.990,-70.485,35.976,0.317,0.000,25.745,27.666,0.000,0.000,0.0000
1557.000,-70.485,35.976,0.317,0.000,25.745,27.666,0.000,0.000,0.0000
1557.010,-70.485,35.976,0.317,0.000,25.745,27.666,0.000,0.000,0.0000
1557.020,-70.485,35.976,0.317,0.000,25.745,27.666,0.000,0.000,0.0000
1557.030,-70.485,35.976,0.317,0.000,25.745,27.666,0.000,0.000,0.0000
1557.040,-70.485,35.976,0.317,0.000,25.745,27.666,0.000,0.000,0.0000
1557.050,-70.485,35.976,0.317,0.000,25.745,27.666,0.000,0.000,0.0000
1557.060,-70.485,35.976,0.317,0.000,25.745,27.666,0.000,0.000,0.0000
1557.070,-70.485,35.976,0.317,0.000,25.745,27.666,0.000,0.000,0.0000
1557.080,-70.485,35.976,0.317,0.000,25.745,27.666,0.000,0.000,0.0000
1557.090,-70.485,35.976,0.317,0.000,25.745,27.666,0.000,0.000,0.0000
1557.100,-70.485,35.976,0.317,0.000,25.745,27.666,0.000,0.000,0.0000
1557.110,-70.485,35.976,0.317,0.000,25.745,27.666,0.000,0.000,0.0000
1557.120,-70.485,35.976,0.317,0.000,25.745,27.666,0.000,0.000,0.0000
1557.130,-70.485,35.976,0.317,0.000,25.745,27.666,0.000,0.000,0.0000
1557.140,-70.485,35.976,0.317,0.000,25.745,27.666,0.000,0.000,0.0000
1557.150,-70.485,35.976,0.317,0.000,25.745,27.666,0.000,0.000,0.0000
1557.160,-70.485,35.976,0.317,0.000,25.745,27.666,0.000,0.000,0.0000
1557.170,-70.485,35.976,0.317,0.000,25.745,27.666,0.000,0.000,0.0000
1557.180,-70.485,35.976,0.317,0.000,25.745,27.666,0.000,0.000,0.0000
1557.190,-70.485,35.976,0.317,0.000,25.745,27.666,0.000,0.000,0.0000
1557.200,-70.485,35.976,0.317,0.000,25.745,27.666,0.000,0.000,0.0000
1557.210,-70.485,35.976,0.317,0.000,25.745,27.666,0.000,0.000,0.0000
1557.220,-70.485,35.976,0.317,0.000,25.745,27.666,0.000,0.000,0.0000
1557.230,-70.485,35.976,0.317,0.000,25.745,27.666,0.000,0.000,0.0000
1557.240,-70.485,35.976,0.317,0.000,25.745,27.666,0.000,0.000,0.0000
1557.250,-70.485,35.976,0.317,0.000,25.745,27.666,0.000,0.000,0.0000
1557.260,-70.485,35.976,0.317,0.000,25.745,27.666,0.000,0.000,0.0000
1557.270,-70.485,35.976,0.317,0.000,25.745,27.666,0.000,0.000,0.0000
1557.280,-70.485,35.976,0.317,0.000,25.745,27.666,0.000,0.000,0.0000
1557.290,-70.485,35.976,0.317,0.000,25.745,27.666,0.000,0.000,0.0000
1557.300,-70.485,35.976,0.317,0.000,25.745,27.666,0.000,0.000,0.0000
1557.310,-70.485,35.976,0.317,0.000,25.745,27.666,0.000,0.000,0.0000
1557.320,-70.485,35.976,0.317,0.000,25.745,27.666,0.000,0.000,0.0000
1557.330,-70.485,35.976,0.317,0.000,25.745,27.666,0.000,0.000,0.0000
1557.340,-70.485,35.976,0.317,0.000,25.745,27.666,0.000,0.000,0.0000
1557.350,-70.485,35.976,0.317,0.000,25.745,27.666,0.000,0.000,0.0000
1557.360,-70.485,35.976,0.317,0.000,25.745,27.666,0.000,0.000,0.0000
1557.370,-70.485,35.976,0.317,0.000,25.745,27.666,0.000,0.000,0.0000
1557.380,-70.485,35.976,0.317,0.000,25.745,27.666,0.000,0.000,0.0000
1557.390,-70.485,35.976,0.317,0.000,25.745,27.666,0.000,0.000,0.0000
1557.400,-70.485,35.976,0.317,0.000,25.745,27.666,0.000,0.000,0.0000
1557.410,-70.485,35.976,0.317,0.000,25.745,27.666,0.000,0.000,0.0000
1557.420,-70.485,35.976,0.317,0.000,25.745,27.666,0.000,0.000,0.0000
1557.430,-70.485,35.976,0.317,0.000,25.745,27.666,0.000,0.000,0.0000
1557.440,-70.485,35.976,0.317,0.000,25.745,27.666,0.000,0.000,0.0000
1557.450,-70.485,35.976,0.317,0.000,25.745,27.666,0.000,0.000,0.0000
1557.460,-70.485,35.976,0.317,0.000,25.745,27.666,0.000,0.000,0.0000
1557.470,-70.485,35.976,0.317,0.000,25.745,27.666,0.000,0.000,0.0000
1557.480,-70.485,35.976,0.317,0.000,25.745,27.666,0.040,0.000,0.0000
1557.490,-70.485,35.977,0.317,0.013,25.745,27.666,0.080,0.000,0.0000
1557.500,-70.484,35.977,0.317,0.038,25.746,27.666,0.120,0.000,0.0000
1557.510,-70.484,35.977,0.317,0.071,25.746,27.667,0.160,0.000,0.0000
1557.520,-70.483,35.978,0.316,0.107,25.747,27.668,0.200,0.000,0.0000
1557.530,-70.481,35.978,0.316,0.145,25.749,27.670,0.240,0.000,0.0000
1557.540,-70.480,35.979,0.316,0.183,25.751,27.671,0.280,0.000,0.0000
1557.550,-70.477,35.980,0.315,0.221,25.753,27.674,0.320,0.000,0.0000
1557.560,-70.475,35.981,0.315,0.257,25.755,27.676,0.360,0.000,0.0000
1557.570,-70.472,35.982,0.314,0.293,25.758,27.679,0.400,0.000,0.0000
1557.580,-70.469,35.984,0.314,0.329,25.761,27.682,0.440,0.000,0.0000
1557.590,-70.465,35.986,0.313,0.365,25.765,27.686,0.480,0.000,0.0000
1557.600,-70.461,35.987,0.312,0.400,25.769,27.690,0.520,0.000,0.0000
1557.610,-70.457,35.989,0.312,0.436,25.773,27.694,0.560,0.000,0.0000
1557.620,-70.452,35.992,0.311,0.472,25.778,27.698,0.600,0.000,0.0000
1557.630,-70.447,35.994,0.311,0.508,25.783,27.703,0.640,0.000,0.0000
1557.640,-70.442,35.996,0.310,0.544,25.788,27.708,0.680,0.000,0.0000
1557.650,-70.436,35.999,0.310,0.581,25.794,27.714,0.720,0.000,0.0000
1557.660,-70.430,36.002,0.309,0.617,25.800,27.720,0.760,0.000,0.0000
1557.670,-70.423,36.005,0.309,0.654,25.807,27.726,0.800,0.000,0.0000
1557.680,-70.416,36.008,0.309,0.691,25.814,27.732,0.840,0.000,0.0000
1557.690,-70.409,36.011,0.308,0.727,25.821,27.739,0.880,0.000,0.0000
1557.700,-70.401,36.015,0.308,0.764,25.829,27.746,0.920,0.000,0.0000
1557.710,-70.393,36.019,0.308,0.801,25.837,27.754,0.960,0.000,0.0000
1557.720,-70.385,36.022,0.308,0.838,25.845,27.762,1.000,0.000,0.0000
1557.730,-70.376,36.026,0.308,0.875,25.854,27.770,1.000,0.000,0.0000
1557.740,-70.367,36.031,0.308,0.912,25.863,27.778,1.000,0.000,0.0000
1557.750,-70.358,36.035,0.308,0.949,25.872,27.787,1.000,0.000,0.0000
1557.760,-70.348,36.039,0.308,0.986,25.882,27.796,1.000,0.000,0.0000
1557.770,-70.338,36.044,0.308,1.022,25.892,27.805,1.000,0.000,0.0000
1557.780,-70.327,36.049,0.308,1.059,25.903,27.815,1.000,0.000,0.0000
1557.790,-70.316,36.054,0.308,1.096,25.914,27.825,1.000,0.000,0.0000
1557.800,-70.305,36.059,0.308,1.132,25.925,27.836,1.000,0.000,0.0080
1557.810,-70.293,36.065,0.308,1.169,25.937,27.846,1.000,0.000,0.0160
1557.820,-70.281,36.070,0.308,1.206,25.949,27.857,1.000,0.000,0.0240
1557.830,-70.269,36.076,0.309,1.240,25.961,27.869,1.000,0.000,0.0320
1557.840,-70.256,36.082,0.309,1.274,25.974,27.880,1.000,0.000,0.0400
1557.850,-70.243,36.088,0.309,1.306,25.987,27.892,1.000,0.000,0.0480
1557.860,-70.229,36.094,0.309,1.338,26.001,27.905,1.000,0.000,0.0560
1557.870,-70.216,36.100,0.310,1.369,26.014,27.917,1.000,0.000,0.0640
1557.880,-70.202,36.107,0.310,1.400,26.028,27.930,1.000,0.000,0.0720
1557.890,-70.187,36.113,0.310,1.432,26.043,27.943,1.000,0.000,0.0800
1557.900,-70.173,36.120,0.310,1.463,26.057,27.957,1.000,0.000,0.0880
1557.910,-70.158,36.127,0.311,1.496,26.072,27.970,1.000,0.000,0.0960
1557.920,-70.142,36.134,0.311,1.530,26.088,27.984,1.000,0.000,0.1040
1557.930,-70.127,36.141,0.311,1.564,26.103,27.999,1.000,0.000,0.1120
1557.940,-70.111,36.148,0.311,1.598,26.119,28.014,1.000,0.000,0.1200
1557.950,-70.095,36.156,0.311,1.632,26.135,28.029,1.000,0.000,0.1280
1557.960,-70.078,36.164,0.311,1.666,26.152,28.044,1.000,0.000,0.1360
1557.970,-70.061,36.171,0.312,1.700,26.169,28.060,1.000,0.000,0.1440
1557.980,-70.044,36.179,0.312,1.734,26.186,28.076,1.000,0.000,0.1520
1557.990,-70.026,36.187,0.312,1.768,26.204,28.092,1.000,0.000,0.1600
1558.000,-70.008,36.196,0.312,1.802,26.222,28.109,1.000,0.000,0.1680
1558.010,-69.989,36.204,0.312,1.835,26.241,28.125,1.000,0.000,0.1760
1558.020,-69.971,36.212,0.312,1.869,26.259,28.143,1.000,0.000,0.1840
1558.030,-69.952,36.221,0.312,1.903,26.278,28.160,1.000,0.000,0.1920
1558.040,-69.932,36.230,0.312,1.936,26.298,28.178,1.000,0.000,0.2000
1558.050,-69.913,36.239,0.312,1.969,26.317,28.197,1.000,0.000,0.2080
1558.060,-69.893,36.248,0.312,2.003,26.337,28.215,1.000,0.000,0.2160
1558.070,-69.872,36.257,0.312,2.036,26.358,28.234,1.000,0.000,0.2240
1558.080,-69.852,36.266,0.311,2.069,26.378,28.253,1.000,0.000,0.2320
1558.090,-69.831,36.275,0.311,2.102,26.399,28.273,1.000,0.000,0.2400
1558.100,-69.809,36.285,0.311,2.135,26.421,28.292,1.000,0.000,0.2480
1558.110,-69.788,36.294,0.311,2.168,26.442,28.312,0.940,0.000,0.2560
1558.120,-69.766,36.304,0.311,2.201,26.464,28.333,0.880,0.000,0.2640
1558.130,-69.743,36.314,0.311,2.233,26.487,28.354,0.920,0.000,0.2720
1558.140,-69.721,36.324,0.311,2.265,26.509,28.375,0.960,0.000,0.2800
1558.150,-69.698,36.334,0.311,2.298,26.532,28.396,1.000,0.000,0.2880
1558.160,-69.674,36.344,0.311,2.330,26.556,28.418,1.000,0.000,0.2960
1558.170,-69.651,36.354,0.311,2.361,26.579,28.439,1.000,0.000,0.3040
1558.180,-69.627,36.364,0.311,2.393,26.603,28.462,1.000,0.000,0.3120
1558.190,-69.603,36.374,0.311,2.424,26.627,28.484,1.000,0.000,0.3200
1558.200,-69.578,36.385,0.311,2.456,26.652,28.507,1.000,0.000,0.3280
1558.210,-69.553,36.395,0.311,2.487,26.677,28.530,1.000,0.000,0.3360
1558.220,-69.528,36.406,0.311,2.540,26.702,28.553,1.000,0.000,0.3440
1558.230,-69.502,36.416,0.311,2.585,26.728,28.577,1.000,0.000,0.3520
1558.240,-69.476,36.427,0.311,2.626,26.754,28.602,1.000,0.000,0.3600
1558.250,-69.449,36.437,0.311,2.664,26.781,28.627,1.000,0.000,0.3680
1558.260,-69.422,36.448,0.311,2.703,26.808,28.652,1.000,0.000,0.3760
1558.270,-69.395,36.459,0.310,2.741,26.835,28.677,1.000,0.000,0.3840
1558.280,-69.367,36.470,0.310,2.779,26.863,28.703,1.000,0.000,0.3920
1558.290,-69.339,36.481,0.310,2.813,26.891,28.729,1.000,0.000,0.4000
1558.300,-69.310,36.492,0.310,2.844,26.920,28.755,1.000,0.000,0.4080
1558.310,-69.281,36.503,0.310,2.873,26.949,28.782,1.000,0.000,0.4160
1558.320,-69.252,36.514,0.310,2.901,26.978,28.809,0.940,0.000,0.4240
1558.330,-69.223,36.525,0.311,2.929,27.007,28.836,0.880,0.000,0.4320
1558.340,-69.194,36.536,0.311,2.957,27.036,28.864,0.820,0.000,0.4400
1558.350,-69.164,36.547,0.311,2.983,27.066,28.891,0.760,0.000,0.4480
1558.360,-69.134,36.558,0.311,3.010,27.096,28.919,0.700,0.000,0.4560
1558.370,-69.103,36.569,0.311,3.036,27.127,28.947,0.640,0.000,0.4640
1558.380,-69.073,36.580,0.311,3.061,27.157,28.976,0.580,0.000,0.4720
1558.390,-69.042,36.591,0.312,3.086,27.188,29.004,0.520,0.000,0.4800
1558.400,-69.011,36.601,0.312,3.111,27.219,29.033,0.460,0.000,0.4500
1558.410,-68.979,36.612,0.312,3.130,27.251,29.062,0.400,0.000,0.4200
1558.420,-68.948,36.623,0.313,3.145,27.282,29.091,0.340,0.000,0.3900
1558.430,-68.916,36.633,0.313,3.159,27.314,29.120,0.280,0.000,0.3600
1558.440,-68.885,36.643,0.313,3.166,27.345,29.150,0.220,0.000,0.3300
1558.450,-68.853,36.654,0.314,3.157,27.377,29.179,0.160,0.000,0.3000
1558.460,-68.822,36.663,0.314,3.137,27.408,29.208,0.100,0.000,0.2700
1558.470,-68.791,36.673,0.315,3.111,27.439,29.237,0.040,0.000,0.2400
1558.480,-68.760,36.683,0.316,3.084,27.470,29.265,0.000,0.000,0.2100
1558.490,-68.729,36.692,0.316,3.058,27.501,29.293,0.000,0.000,0.1800
1558.500,-68.699,36.701,0.317,2.981,27.531,29.321,0.000,0.000,0.1500
1558.510,-68.670,36.710,0.318,2.906,27.560,29.347,0.000,0.000,0.1200
1558.520,-68.642,36.719,0.319,2.857,27.588,29.374,0.000,0.000,0.0900
1558.530,-68.613,36.728,0.320,2.860,27.617,29.400,0.000,0.000,0.0600
1558.540,-68.585,36.736,0.321,2.825,27.645,29.426,0.000,0.000,0.0300
1558.550,-68.557,36.745,0.322,2.843,27.673,29.452,0.000,0.000,0.0000
1558.560,-68.528,36.753,0.322,2.836,27.702,29.478,0.000,0.000,0.0000
1558.570,-68.500,36.761,0.323,2.838,27.730,29.504,0.000,0.000,0.0000
1558.580,-68.472,36.769,0.323,2.839,27.759,29.531,0.000,0.000,0.0000
1558.590,-68.443,36.777,0.324,2.833,27.787,29.557,0.000,0.000,0.0000
1558.600,-68.415,36.785,0.324,2.824,27.815,29.583,0.000,0.000,0.0000
1558.610,-68.387,36.793,0.324,2.815,27.843,29.610,0.000,0.000,0.0000
1558.620,-68.359,36.800,0.324,2.811,27.871,29.636,0.000,0.000,0.0000
1558.630,-68.331,36.808,0.324,2.807,27.899,29.662,0.000,0.000,0.0000
1558.640,-68.303,36.816,0.324,2.792,27.927,29.688,0.000,0.000,0.0000
1558.650,-68.276,36.823,0.324,2.655,27.954,29.713,0.000,0.000,0.0000
1558.660,-68.250,36.829,0.324,2.583,27.980,29.737,0.000,0.000,0.0000
1558.670,-68.225,36.835,0.324,2.544,28.005,29.760,0.000,0.000,0.0000
1558.680,-68.200,36.842,0.324,2.525,28.030,29.784,0.040,0.000,0.0000
1558.690,-68.174,36.848,0.324,2.565,28.056,29.808,0.080,0.000,0.0000
1558.700,-68.148,36.855,0.324,2.551,28.082,29.832,0.120,0.000,0.0000
1558.710,-68.123,36.861,0.324,2.530,28.107,29.856,0.160,0.000,0.0000
1558.720,-68.098,36.868,0.323,2.502,28.132,29.879,0.200,0.000,0.0000
1558.730,-68.073,36.874,0.323,2.470,28.157,29.902,0.240,0.000,0.0000
1558.740,-68.049,36.880,0.323,2.462,28.181,29.925,0.280,0.000,0.0000
1558.750,-68.024,36.886,0.322,2.476,28.206,29.949,0.320,0.000,0.0000
1558.760,-67.999,36.893,0.322,2.505,28.231,29.972,0.360,0.000,0.0000
1558.770,-67.974,36.899,0.321,2.544,28.256,29.996,0.400,0.000,0.0000
1558.780,-67.948,36.906,0.320,2.587,28.282,30.021,0.440,0.000,0.0000
1558.790,-67.921,36.913,0.319,2.632,28.309,30.046,0.480,0.000,0.0000
1558.800,-67.895,36.920,0.318,2.677,28.335,30.071,0.520,0.000,0.0000
1558.810,-67.867,36.927,0.317,2.720,28.363,30.097,0.560,0.000,0.0000
1558.820,-67.840,36.934,0.316,2.761,28.390,30.123,0.600,0.000,0.0000
1558.830,-67.812,36.942,0.315,2.799,28.418,30.150,0.640,0.000,0.0000
1558.840,-67.784,36.949,0.314,2.837,28.446,30.176,0.680,0.000,0.0000
1558.850,-67.755,36.957,0.313,2.875,28.475,30.204,0.720,0.000,0.0000
1558.860,-67.726,36.965,0.312,2.913,28.504,30.231,0.760,0.000,0.0000
1558.870,-67.696,36.973,0.311,2.952,28.534,30.259,0.800,0.000,0.0000
1558.880,-67.666,36.980,0.310,2.991,28.564,30.287,0.840,0.000,0.0000
1558.890,-67.636,36.989,0.309,3.031,28.594,30.316,0.880,0.000,0.0000
1558.900,-67.605,36.997,0.308,3.071,28.625,30.345,0.920,0.000,0.0000
1558.910,-67.574,37.005,0.308,3.111,28.656,30.374,0.960,0.000,0.0000
1558.920,-67.543,37.014,0.307,3.152,28.687,30.404,1.000,0.000,0.0000
1558.930,-67.511,37.022,0.307,3.192,28.719,30.434,1.000,0.000,0.0000
1558.940,-67.478,37.031,0.306,3.232,28.752,30.465,1.000,0.000,0.0000
1558.950,-67.446,37.040,0.306,3.272,28.784,30.495,1.000,0.000,0.0000
1558.960,-67.413,37.049,0.306,3.312,28.817,30.526,1.000,0.000,0.0000
1558.970,-67.379,37.058,0.306,3.352,28.851,30.558,1.000,0.000,0.0080
1558.980,-67.345,37.067,0.306,3.389,28.885,30.590,1.000,0.000,0.0160
1558.990,-67.311,37.076,0.306,3.426,28.919,30.622,1.000,0.000,0.0240
1559.000,-67.276,37.085,0.306,3.462,28.954,30.654,1.000,0.000,0.0320
1559.010,-67.241,37.095,0.306,3.498,28.989,30.687,1.000,0.000,0.0400
1559.020,-67.206,37.104,0.306,3.535,29.024,30.720,1.000,0.000,0.0480
1559.030,-67.170,37.114,0.307,3.572,29.060,30.753,1.000,0.000,0.0560
1559.040,-67.134,37.123,0.307,3.609,29.096,30.787,1.000,0.000,0.0640
1559.050,-67.098,37.133,0.307,3.646,29.132,30.821,1.000,0.000,0.0720
1559.060,-67.061,37.143,0.308,3.683,29.169,30.855,1.000,0.000,0.0800
1559.070,-67.024,37.153,0.308,3.719,29.206,30.890,1.000,0.000,0.0880
1559.080,-66.986,37.162,0.309,3.756,29.244,30.925,1.000,0.000,0.0960
1559.090,-66.948,37.172,0.309,3.793,29.282,30.961,1.000,0.000,0.1040
1559.100,-66.910,37.182,0.309,3.832,29.320,30.996,1.000,0.000,0.1120
1559.110,-66.871,37.193,0.310,3.879,29.359,31.033,1.000,0.000,0.1200
1559.120,-66.832,37.203,0.310,3.930,29.398,31.069,1.000,0.000,0.1280
1559.130,-66.792,37.213,0.311,3.985,29.438,31.107,1.000,0.000,0.1360
1559.140,-66.752,37.224,0.311,4.040,29.478,31.145,1.000,0.000,0.1440
1559.150,-66.711,37.234,0.311,4.092,29.519,31.183,1.000,0.000,0.1520
1559.160,-66.669,37.245,0.311,4.141,29.561,31.222,1.000,0.000,0.1600
1559.170,-66.627,37.256,0.311,4.187,29.603,31.261,1.000,0.000,0.1680
1559.180,-66.585,37.267,0.311,4.230,29.645,31.301,1.000,0.000,0.1760
1559.190,-66.542,37.277,0.311,4.272,29.688,31.341,1.000,0.000,0.1840
1559.200,-66.499,37.288,0.311,4.313,29.731,31.382,1.000,0.000,0.1920
1559.210,-66.456,37.299,0.311,4.354,29.774,31.422,1.000,0.000,0.2000
1559.220,-66.412,37.310,0.311,4.395,29.818,31.464,1.000,0.000,0.2080
1559.230,-66.367,37.321,0.311,4.435,29.863,31.505,1.000,0.000,0.2160
1559.240,-66.323,37.332,0.311,4.475,29.907,31.548,1.000,0.000,0.2240
1559.250,-66.278,37.343,0.311,4.515,29.953,31.590,1.000,0.000,0.2320
1559.260,-66.232,37.354,0.311,4.554,29.998,31.633,1.000,0.000,0.2400
1559.270,-66.186,37.365,0.311,4.593,30.044,31.676,1.000,0.000,0.2480
1559.280,-66.140,37.375,0.311,4.633,30.090,31.720,1.000,0.000,0.2560
1559.290,-66.093,37.386,0.311,4.673,30.137,31.764,1.000,0.000,0.2640
1559.300,-66.046,37.397,0.311,4.710,30.184,31.808,1.000,0.000,0.2720
1559.310,-65.998,37.407,0.311,4.746,30.232,31.853,1.000,0.000,0.2800
1559.320,-65.951,37.418,0.311,4.775,30.279,31.898,1.000,0.000,0.2880
1559.330,-65.903,37.428,0.311,4.793,30.327,31.943,1.000,0.000,0.2960
1559.340,-65.855,37.438,0.312,4.804,30.375,31.988,1.000,0.000,0.3040
1559.350,-65.807,37.448,0.312,4.802,30.423,32.033,1.000,0.000,0.3120
1559.360,-65.760,37.458,0.313,4.719,30.470,32.077,0.940,0.000,0.3200
1559.370,-65.712,37.468,0.315,4.725,30.518,32.121,0.880,0.000,0.3280
1559.380,-65.665,37.477,0.317,4.726,30.565,32.165,0.820,0.000,0.3360
1559.390,-65.618,37.487,0.320,4.755,30.612,32.209,0.760,0.000,0.3440
1559.400,-65.570,37.496,0.322,4.776,30.660,32.253,0.700,0.000,0.3520
1559.410,-65.522,37.505,0.324,4.811,30.708,32.298,0.640,0.000,0.3600
1559.420,-65.474,37.513,0.327,4.835,30.756,32.343,0.580,0.000,0.3680
1559.430,-65.426,37.522,0.330,4.814,30.804,32.387,0.520,0.000,0.3380
1559.440,-65.377,37.531,0.334,4.872,30.853,32.431,0.460,0.000,0.3080
1559.450,-65.328,37.539,0.338,4.923,30.902,32.477,0.400,0.000,0.2780
1559.460,-65.278,37.547,0.341,4.967,30.952,32.522,0.340,0.000,0.2480
1559.470,-65.228,37.555,0.345,5.007,31.002,32.568,0.280,0.000,0.2180
1559.480,-65.178,37.562,0.348,5.030,31.052,32.614,0.220,0.000,0.1880
1559.490,-65.128,37.569,0.351,5.045,31.102,32.661,0.160,0.000,0.1580
1559.500,-65.077,37.576,0.354,5.055,31.153,32.708,0.100,0.000,0.1280
1559.510,-65.027,37.582,0.357,5.060,31.203,32.755,0.040,0.000,0.0980
1559.520,-64.976,37.589,0.360,5.061,31.254,32.801,0.000,0.000,0.0680
1559.530,-64.926,37.595,0.362,5.053,31.304,32.848,0.000,0.000,0.0380
1559.540,-64.876,37.601,0.364,5.032,31.355,32.895,0.000,0.000,0.0080
1559.550,-64.826,37.606,0.366,4.996,31.404,32.942,0.000,0.000,0.0000
1559.560,-64.776,37.612,0.368,4.943,31.454,32.988,0.000,0.000,0.0000
1559.570,-64.728,37.617,0.370,4.868,31.502,33.034,0.000,0.000,0.0000
1559.580,-64.680,37.622,0.372,4.777,31.550,33.078,0.040,0.000,0.0000
1559.590,-64.633,37.627,0.373,4.704,31.597,33.122,0.080,0.000,0.0000
1559.600,-64.586,37.632,0.374,4.651,31.644,33.166,0.120,0.000,0.0000
1559.610,-64.540,37.637,0.375,4.614,31.690,33.209,0.160,0.000,0.0000
1559.620,-64.494,37.642,0.376,4.583,31.736,33.252,0.200,0.000,0.0000
1559.630,-64.449,37.647,0.377,4.557,31.781,33.295,0.240,0.000,0.0000
1559.640,-64.404,37.652,0.377,4.533,31.827,33.338,0.280,0.000,0.0000
1559.650,-64.358,37.656,0.377,4.507,31.872,33.381,0.320,0.000,0.0000
1559.660,-64.314,37.661,0.376,4.480,31.916,33.424,0.360,0.000,0.0000
1559.670,-64.269,37.666,0.376,4.449,31.961,33.466,0.400,0.000,0.0000
1559.680,-64.225,37.671,0.375,4.429,32.005,33.508,0.440,0.000,0.0000
1559.690,-64.181,37.675,0.374,4.432,32.050,33.551,0.480,0.000,0.0000
1559.700,-64.136,37.680,0.373,4.454,32.094,33.593,0.520,0.000,0.0000
1559.710,-64.091,37.685,0.372,4.489,32.139,33.636,0.560,0.000,0.0000
1559.720,-64.046,37.689,0.370,4.529,32.184,33.680,0.600,0.000,0.0000
1559.730,-64.000,37.694,0.368,4.572,32.230,33.724,0.640,0.000,0.0000
1559.740,-63.954,37.699,0.366,4.615,32.276,33.768,0.680,0.000,0.0000
1559.750,-63.908,37.704,0.364,4.658,32.323,33.813,0.720,0.000,0.0000
1559.760,-63.861,37.708,0.362,4.699,32.369,33.858,0.760,0.000,0.0000
1559.770,-63.813,37.713,0.360,4.739,32.417,33.904,0.800,0.000,0.0000
1559.780,-63.766,37.718,0.358,4.775,32.464,33.950,0.840,0.000,0.0000
1559.790,-63.718,37.723,0.356,4.812,32.513,33.996,0.880,0.000,0.0000
1559.800,-63.669,37.728,0.354,4.850,32.561,34.042,0.920,0.000,0.0000
1559.810,-63.620,37.733,0.352,4.890,32.610,34.089,0.960,0.000,0.0000
1559.820,-63.571,37.737,0.350,4.932,32.659,34.137,1.000,0.000,0.0000
1559.830,-63.521,37.742,0.348,4.974,32.709,34.185,1.000,0.000,0.0000
1559.840,-63.471,37.747,0.347,5.018,32.759,34.233,1.000,0.000,0.0000
1559.850,-63.420,37.752,0.345,5.062,32.810,34.281,1.000,0.000,0.0000
1559.860,-63.369,37.757,0.344,5.106,32.861,34.330,1.000,0.000,0.0000
1559.870,-63.318,37.762,0.343,5.150,32.912,34.379,1.000,0.000,0.0000
1559.880,-63.266,37.767,0.342,5.195,32.964,34.429,1.000,0.000,0.0000
1559.890,-63.214,37.772,0.342,5.239,33.016,34.479,1.000,0.000,0.0000
1559.900,-63.161,37.777,0.341,5.283,33.069,34.529,1.000,0.000,0.0000
1559.910,-63.107,37.782,0.341,5.329,33.123,34.580,1.000,0.000,0.0000
1559.920,-63.054,37.787,0.341,5.374,33.176,34.631,1.000,0.000,0.0000
1559.930,-63.000,37.792,0.341,5.420,33.231,34.683,1.000,0.000,0.0000
1559.940,-62.945,37.797,0.341,5.464,33.285,34.735,1.000,0.000,0.0000
1559.950,-62.890,37.802,0.341,5.507,33.340,34.787,1.000,0.000,0.0080
1559.960,-62.834,37.808,0.341,5.547,33.396,34.840,1.000,0.000,0.0160
1559.970,-62.779,37.813,0.342,5.584,33.452,34.893,1.000,0.000,0.0240
1559.980,-62.722,37.819,0.342,5.620,33.508,34.946,1.000,0.000,0.0320
1559.990,-62.666,37.824,0.343,5.652,33.564,35.000,1.000,0.000,0.0400
1560.000,-62.609,37.829,0.344,5.688,33.621,35.054,1.000,0.000,0.0480
1560.010,-62.552,37.835,0.345,5.728,33.678,35.108,1.000,0.000,0.0560
1560.020,-62.494,37.840,0.345,5.777,33.736,35.163,1.000,0.000,0.0640
1560.030,-62.436,37.846,0.346,5.829,33.794,35.218,1.000,0.000,0.0720
1560.040,-62.377,37.852,0.347,5.882,33.853,35.274,1.000,0.000,0.0800
1560.050,-62.317,37.857,0.348,5.933,33.913,35.330,1.000,0.000,0.0880
1560.060,-62.258,37.863,0.348,5.983,33.972,35.387,1.000,0.000,0.0960
1560.070,-62.197,37.869,0.349,6.031,34.033,35.445,1.000,0.000,0.1040
1560.080,-62.137,37.874,0.349,6.078,34.094,35.502,1.000,0.000,0.1120
1560.090,-62.075,37.880,0.350,6.123,34.155,35.561,1.000,0.000,0.1200
1560.100,-62.014,37.886,0.351,6.164,34.216,35.619,1.000,0.000,0.1280
1560.110,-61.952,37.891,0.351,6.198,34.278,35.678,1.000,0.000,0.1360
1560.120,-61.889,37.897,0.351,6.226,34.341,35.738,1.000,0.000,0.1440
1560.130,-61.827,37.902,0.352,6.253,34.403,35.797,1.000,0.000,0.1520
1560.140,-61.764,37.907,0.352,6.280,34.466,35.857,1.000,0.000,0.1600
1560.150,-61.701,37.912,0.353,6.309,34.529,35.917,1.000,0.000,0.1680
1560.160,-61.638,37.917,0.353,6.339,34.592,35.978,1.000,0.000,0.1760
1560.170,-61.574,37.922,0.353,6.364,34.656,36.038,1.000,0.000,0.1840
1560.180,-61.510,37.927,0.354,6.369,34.720,36.099,1.000,0.000,0.1920
1560.190,-61.447,37.931,0.354,6.354,34.783,36.160,1.000,0.000,0.2000
1560.200,-61.383,37.936,0.354,6.351,34.847,36.220,1.000,0.000,0.2080
1560.210,-61.320,37.940,0.355,6.361,34.910,36.281,1.000,0.000,0.2160
1560.220,-61.256,37.944,0.355,6.382,34.974,36.342,1.000,0.000,0.2240
1560.230,-61.192,37.948,0.355,6.410,35.038,36.403,1.000,0.000,0.2320
1560.240,-61.127,37.952,0.356,6.443,35.103,36.465,1.000,0.000,0.2400
1560.250,-61.063,37.956,0.356,6.478,35.168,36.526,1.000,0.000,0.2480
1560.260,-60.997,37.959,0.356,6.514,35.233,36.589,1.000,0.000,0.2560
1560.270,-60.932,37.962,0.356,6.547,35.298,36.651,0.940,0.000,0.2640
1560.280,-60.866,37.965,0.356,6.578,35.364,36.714,0.880,0.000,0.2340
1560.290,-60.800,37.968,0.355,6.617,35.430,36.778,0.820,0.000,0.2040
1560.300,-60.733,37.970,0.355,6.665,35.497,36.842,0.860,0.000,0.1740
1560.310,-60.666,37.972,0.355,6.711,35.564,36.906,0.900,0.000,0.1440
1560.320,-60.599,37.974,0.354,6.751,35.631,36.971,0.940,0.000,0.1140
1560.330,-60.531,37.975,0.354,6.788,35.699,37.036,0.980,0.000,0.0840
1560.340,-60.462,37.977,0.353,6.882,35.768,37.102,1.000,0.000,0.0540
1560.350,-60.394,37.978,0.353,6.827,35.836,37.167,1.000,0.000,0.0240
1560.360,-60.325,37.980,0.353,6.823,35.905,37.233,1.000,0.000,0.0000
1560.370,-60.257,37.981,0.353,6.821,35.973,37.298,1.000,0.000,0.0000
1560.380,-60.189,37.981,0.353,6.818,36.041,37.364,1.000,0.000,0.0000
1560.390,-60.121,37.982,0.353,6.815,36.109,37.429,1.000,0.000,0.0000
1560.400,-60.053,37.982,0.353,6.812,36.177,37.494,1.000,0.000,0.0000
1560.410,-59.985,37.982,0.353,6.810,36.245,37.560,1.000,0.000,0.0000
1560.420,-59.916,37.982,0.353,6.909,36.314,37.626,1.000,0.000,0.0000
1560.430,-59.844,37.981,0.352,7.117,36.386,37.694,1.000,0.000,0.0000
1560.440,-59.772,37.980,0.351,7.279,36.458,37.764,1.000,0.000,0.0000
1560.450,-59.698,37.979,0.350,7.405,36.532,37.836,1.000,0.000,0.0000
1560.460,-59.623,37.977,0.349,7.499,36.607,37.908,1.000,0.000,0.0000
1560.470,-59.547,37.976,0.348,7.567,36.683,37.981,1.000,0.000,0.0000
1560.480,-59.471,37.975,0.347,7.621,36.759,38.054,1.000,0.000,0.0000
1560.490,-59.394,37.973,0.346,7.667,36.836,38.128,1.000,0.000,0.0000
1560.500,-59.317,37.972,0.345,7.708,36.913,38.202,1.000,0.000,0.0000
1560.510,-59.240,37.970,0.345,7.749,36.990,38.277,1.000,0.000,0.0000
1560.520,-59.162,37.969,0.344,7.790,37.068,38.352,1.000,0.000,0.0000
1560.530,-59.083,37.967,0.344,7.833,37.147,38.427,1.000,0.000,0.0000
1560.540,-59.005,37.965,0.343,7.877,37.225,38.503,1.000,0.000,0.0000
1560.550,-58.925,37.963,0.343,7.922,37.305,38.579,1.000,0.000,0.0000
1560.560,-58.846,37.961,0.343,7.966,37.384,38.656,1.000,0.000,0.0000
1560.570,-58.766,37.959,0.343,8.010,37.464,38.733,1.000,0.000,0.0000
1560.580,-58.685,37.957,0.344,8.053,37.545,38.810,1.000,0.000,0.0000
1560.590,-58.604,37.955,0.344,8.095,37.626,38.888,1.000,0.000,0.0000
1560.600,-58.523,37.953,0.344,8.135,37.707,38.966,1.000,0.000,0.0000
1560.610,-58.441,37.951,0.344,8.172,37.789,39.044,1.000,0.000,0.0000
1560.620,-58.359,37.948,0.345,8.208,37.871,39.123,1.000,0.000,0.0000
1560.630,-58.277,37.946,0.345,8.242,37.954,39.202,1.000,0.000,0.0000
1560.640,-58.194,37.944,0.346,8.265,38.036,39.282,1.000,0.000,0.0000
1560.650,-58.111,37.942,0.347,8.282,38.119,39.361,1.000,0.000,0.0000
1560.660,-58.028,37.940,0.347,8.308,38.202,39.441,1.000,0.000,0.0000
1560.670,-57.945,37.937,0.348,8.344,38.285,39.521,1.000,0.000,0.0000
1560.680,-57.861,37.935,0.349,8.387,38.369,39.602,1.000,0.000,0.0000
1560.690,-57.776,37.933,0.349,8.434,38.454,39.683,1.000,0.000,0.0000
1560.700,-57.692,37.931,0.350,8.484,38.539,39.765,1.000,0.000,0.0000
1560.710,-57.606,37.929,0.350,8.534,38.624,39.847,1.000,0.000,0.0000
1560.720,-57.520,37.927,0.351,8.583,38.710,39.929,1.000,0.000,0.0000
1560.730,-57.434,37.925,0.352,8.626,38.796,40.012,1.000,0.000,0.0000
1560.740,-57.347,37.922,0.352,8.674,38.883,40.096,1.000,0.000,0.0000
1560.750,-57.260,37.920,0.352,8.717,38.970,40.180,1.000,0.000,0.0000
1560.760,-57.173,37.918,0.351,8.753,39.057,40.264,1.000,0.000,0.0000
1560.770,-57.085,37.916,0.348,8.785,39.145,40.350,1.000,0.000,0.0000
1560.780,-56.997,37.914,0.345,8.806,39.233,40.436,1.000,0.000,0.0000
1560.790,-56.909,37.912,0.342,8.819,39.321,40.521,1.000,0.000,0.0000
1560.800,-56.820,37.910,0.338,8.848,39.410,40.608,1.000,0.000,0.0000
1560.810,-56.732,37.908,0.334,8.878,39.498,40.694,1.000,0.000,0.0000
1560.820,-56.642,37.906,0.330,8.920,39.588,40.781,1.000,0.000,0.0000
1560.830,-56.553,37.903,0.326,8.967,39.677,40.869,1.000,0.000,0.0000
1560.840,-56.463,37.900,0.322,9.017,39.767,40.957,1.000,0.000,0.0000
1560.850,-56.372,37.898,0.318,9.067,39.858,41.045,1.000,0.000,0.0000
1560.860,-56.281,37.895,0.315,9.116,39.949,41.134,1.000,0.000,0.0000
1560.870,-56.190,37.892,0.311,9.162,40.040,41.223,1.000,0.000,0.0000
1560.880,-56.098,37.889,0.308,9.205,40.132,41.313,1.000,0.000,0.0000
1560.890,-56.005,37.886,0.305,9.245,40.225,41.403,1.000,0.000,0.0000
1560.900,-55.912,37.883,0.303,9.281,40.318,41.493,1.000,0.000,0.0000
1560.910,-55.819,37.880,0.300,9.310,40.411,41.584,1.000,0.000,0.0000
1560.920,-55.726,37.877,0.298,9.313,40.504,41.674,1.000,0.000,0.0000
1560.930,-55.633,37.874,0.297,9.350,40.597,41.765,1.000,0.000,0.0000
1560.940,-55.539,37.871,0.296,9.397,40.691,41.856,1.000,0.000,0.0000
1560.950,-55.444,37.869,0.295,9.450,40.786,41.948,1.000,0.000,0.0000
1560.960,-55.349,37.866,0.294,9.506,40.881,42.040,1.000,0.000,0.0000
1560.970,-55.254,37.863,0.294,9.562,40.976,42.133,1.000,0.000,0.0000
1560.980,-55.157,37.860,0.294,9.616,41.073,42.226,1.000,0.000,0.0000
1560.990,-55.061,37.857,0.294,9.667,41.169,42.319,1.000,0.000,0.0000
1561.000,-54.964,37.854,0.294,9.713,41.266,42.413,1.000,0.000,0.0000
1561.010,-54.866,37.851,0.295,9.756,41.364,42.507,1.000,0.000,0.0000
1561.020,-54.768,37.848,0.295,9.794,41.462,42.602,1.000,0.000,0.0000
1561.030,-54.670,37.845,0.296,9.822,41.560,42.697,1.000,0.000,0.0000
1561.040,-54.571,37.842,0.298,9.851,41.659,42.792,1.000,0.000,0.0000
1561.050,-54.473,37.839,0.299,9.879,41.757,42.887,1.000,0.000,0.0000
1561.060,-54.374,37.836,0.300,9.916,41.856,42.983,1.000,0.000,0.0000
1561.070,-54.274,37.833,0.302,9.959,41.956,43.079,1.000,0.000,0.0000
1561.080,-54.174,37.830,0.303,10.008,42.056,43.175,1.000,0.000,0.0000
1561.090,-54.073,37.827,0.304,10.059,42.157,43.272,1.000,0.000,0.0000
1561.100,-53.972,37.823,0.306,10.110,42.258,43.370,1.000,0.000,0.0000
1561.110,-53.871,37.820,0.307,10.158,42.359,43.468,1.000,0.000,0.0000
1561.120,-53.769,37.817,0.308,10.202,42.461,43.567,1.000,0.000,0.0000
1561.130,-53.666,37.813,0.309,10.242,42.564,43.666,1.000,0.000,0.0000
1561.140,-53.563,37.810,0.310,10.277,42.667,43.765,1.000,0.000,0.0000
1561.150,-53.460,37.807,0.311,10.303,42.770,43.865,1.000,0.000,0.0000
1561.160,-53.357,37.803,0.312,10.305,42.873,43.964,1.000,0.000,0.0000
1561.170,-53.254,37.800,0.313,10.338,42.976,44.065,1.000,0.000,0.0080
1561.180,-53.150,37.796,0.314,10.383,43.080,44.165,1.000,0.000,0.0160
1561.190,-53.046,37.793,0.315,10.438,43.184,44.266,1.000,0.000,0.0240
1561.200,-52.941,37.790,0.315,10.496,43.289,44.368,1.000,0.000,0.0320
1561.210,-52.835,37.786,0.316,10.555,43.395,44.470,1.000,0.000,0.0400
1561.220,-52.729,37.783,0.316,10.612,43.501,44.573,1.000,0.000,0.0480
1561.230,-52.623,37.780,0.316,10.664,43.607,44.677,1.000,0.000,0.0560
1561.240,-52.515,37.776,0.316,10.710,43.715,44.781,1.000,0.000,0.0640
1561.250,-52.408,37.773,0.315,10.752,43.822,44.885,1.000,0.000,0.0720
1561.260,-52.300,37.769,0.315,10.762,43.930,44.990,1.000,0.000,0.0800
1561.270,-52.193,37.765,0.315,10.776,44.038,45.095,1.000,0.000,0.0880
1561.280,-52.085,37.762,0.315,10.770,44.145,45.199,1.000,0.000,0.0960
1561.290,-51.977,37.758,0.315,10.777,44.253,45.304,1.000,0.000,0.1040
1561.300,-51.869,37.754,0.315,10.791,44.361,45.409,1.000,0.000,0.1120
1561.310,-51.761,37.750,0.315,10.808,44.469,45.514,1.000,0.000,0.1200
1561.320,-51.653,37.745,0.315,10.823,44.577,45.619,1.000,0.000,0.1280
1561.330,-51.544,37.741,0.315,10.835,44.686,45.724,1.000,0.000,0.1360
1561.340,-51.436,37.736,0.314,10.841,44.794,45.830,1.000,0.000,0.1440
1561.350,-51.328,37.731,0.314,10.841,44.902,45.935,1.000,0.000,0.1140
1561.360,-51.219,37.726,0.314,10.858,45.011,46.041,1.000,0.000,0.0840
1561.370,-51.110,37.720,0.314,10.888,45.120,46.147,1.000,0.000,0.0540
1561.380,-51.001,37.714,0.314,10.931,45.229,46.253,1.000,0.000,0.0240
1561.390,-50.891,37.708,0.314,10.965,45.339,46.360,1.000,0.000,0.0000
1561.400,-50.781,37.701,0.314,10.977,45.449,46.467,1.000,0.000,0.0000
1561.410,-50.672,37.694,0.314,10.991,45.558,46.574,1.000,0.000,0.0000
1561.420,-50.561,37.687,0.314,11.008,45.669,46.681,1.000,0.000,0.0000
1561.430,-50.451,37.679,0.313,11.030,45.779,46.788,1.000,0.000,0.0000
1561.440,-50.341,37.671,0.313,11.055,45.889,46.896,1.000,0.000,0.0000
1561.450,-50.230,37.663,0.313,11.078,46.000,47.004,1.000,0.000,0.0000
1561.460,-50.119,37.655,0.313,11.097,46.111,47.112,1.000,0.000,0.0000
1561.470,-50.008,37.646,0.313,11.100,46.222,47.220,1.000,0.000,0.0000
1561.480,-49.897,37.637,0.313,11.101,46.333,47.328,1.000,0.000,0.0000
1561.490,-49.786,37.628,0.313,11.099,46.444,47.436,1.000,0.000,0.0000
1561.500,-49.675,37.619,0.313,11.104,46.555,47.545,1.000,0.000,0.0000
1561.510,-49.564,37.610,0.313,11.116,46.666,47.653,1.000,0.000,0.0000
1561.520,-49.452,37.601,0.314,11.131,46.778,47.761,1.000,0.000,0.0000
1561.530,-49.341,37.591,0.314,11.147,46.889,47.870,1.000,0.000,0.0000
1561.540,-49.229,37.582,0.314,11.160,47.001,47.979,1.000,0.000,0.0000
1561.550,-49.118,37.572,0.314,11.169,47.112,48.087,1.000,0.000,0.0000
1561.560,-49.006,37.562,0.314,11.171,47.224,48.196,1.000,0.000,0.0000
1561.570,-48.894,37.553,0.314,11.167,47.336,48.305,1.000,0.000,0.0000
1561.580,-48.783,37.543,0.315,11.156,47.447,48.414,1.000,0.000,0.0000
1561.590,-48.671,37.533,0.315,11.136,47.559,48.522,1.000,0.000,0.0000
1561.600,-48.560,37.523,0.315,11.112,47.670,48.631,1.000,0.000,0.0000
1561.610,-48.449,37.514,0.316,11.098,47.781,48.739,1.000,0.000,0.0000
1561.620,-48.338,37.504,0.316,11.103,47.892,48.847,1.000,0.000,0.0000
1561.630,-48.227,37.494,0.317,11.115,48.003,48.956,1.000,0.000,0.0000
1561.640,-48.116,37.484,0.317,11.131,48.114,49.064,1.000,0.000,0.0000
1561.650,-48.004,37.475,0.317,11.145,48.226,49.173,1.000,0.000,0.0000
1561.660,-47.893,37.465,0.317,11.153,48.337,49.282,1.000,0.000,0.0000
1561.670,-47.781,37.455,0.317,11.156,48.449,49.391,1.000,0.000,0.0000
1561.680,-47.670,37.446,0.318,11.150,48.560,49.499,1.000,0.000,0.0000
1561.690,-47.558,37.436,0.318,11.138,48.672,49.608,1.000,0.000,0.0000
1561.700,-47.447,37.427,0.318,11.123,48.783,49.717,1.000,0.000,0.0000
1561.710,-47.336,37.417,0.318,11.109,48.894,49.825,1.000,0.000,0.0000
1561.720,-47.225,37.407,0.318,11.107,49.005,49.934,1.000,0.000,0.0000
1561.730,-47.114,37.398,0.318,11.114,49.116,50.042,1.000,0.000,0.0000
1561.740,-47.003,37.388,0.318,11.126,49.228,50.151,1.000,0.000,0.0000
1561.750,-46.891,37.378,0.318,11.139,49.339,50.260,1.000,0.000,0.0000
1561.760,-46.780,37.368,0.318,11.149,49.450,50.369,1.000,0.000,0.0000
1561.770,-46.668,37.358,0.318,11.153,49.562,50.478,1.000,0.000,0.0000
1561.780,-46.557,37.349,0.318,11.152,49.673,50.587,1.000,0.000,0.0000
1561.790,-46.445,37.339,0.318,11.143,49.785,50.696,1.000,0.000,0.0000
1561.800,-46.334,37.329,0.318,11.125,49.896,50.804,1.000,0.000,0.0000
1561.810,-46.223,37.319,0.318,11.110,50.007,50.913,1.000,0.000,0.0000
1561.820,-46.112,37.309,0.318,11.100,50.118,51.022,1.000,0.000,0.0000
1561.830,-46.001,37.299,0.318,11.101,50.229,51.130,1.000,0.000,0.0000
1561.840,-45.890,37.289,0.318,11.111,50.340,51.239,1.000,0.000,0.0000
1561.850,-45.778,37.280,0.318,11.124,50.452,51.348,1.000,0.000,0.0000
1561.860,-45.667,37.270,0.318,11.137,50.563,51.457,1.000,0.000,0.0000
1561.870,-45.556,37.260,0.317,11.146,50.674,51.566,1.000,0.000,0.0000
1561.880,-45.444,37.250,0.317,11.150,50.786,51.675,1.000,0.000,0.0000
1561.890,-45.333,37.241,0.317,11.147,50.897,51.784,1.000,0.000,0.0000
1561.900,-45.221,37.231,0.317,11.137,51.009,51.893,1.000,0.000,0.0000
1561.910,-45.110,37.221,0.317,11.120,51.120,52.002,1.000,0.000,0.0000
1561.920,-44.999,37.211,0.317,11.103,51.231,52.110,1.000,0.000,0.0000
1561.930,-44.888,37.202,0.317,11.097,51.342,52.219,0.940,0.000,0.0000
1561.940,-44.777,37.192,0.317,11.090,51.453,52.327,0.880,0.000,0.0000
1561.950,-44.666,37.182,0.317,11.079,51.564,52.436,0.820,0.000,0.0000
1561.960,-44.556,37.172,0.317,11.063,51.674,52.544,0.760,0.000,0.0000
1561.970,-44.445,37.162,0.317,11.040,51.785,52.652,0.700,0.000,0.0000
1561.980,-44.335,37.152,0.317,11.010,51.895,52.760,0.640,0.000,0.0000
1561.990,-44.226,37.142,0.318,10.972,52.004,52.867,0.580,0.000,0.0000
1562.000,-44.116,37.133,0.318,10.927,52.114,52.974,0.520,0.000,0.0000
1562.010,-44.008,37.123,0.318,10.870,52.222,53.081,0.460,0.000,0.0000
1562.020,-43.899,37.113,0.319,10.843,52.331,53.187,0.400,0.000,0.0000
1562.030,-43.791,37.104,0.319,10.788,52.439,53.292,0.340,0.000,0.0000
1562.040,-43.684,37.094,0.320,10.742,52.546,53.398,0.280,0.000,0.0000
1562.050,-43.577,37.085,0.321,10.704,52.653,53.502,0.220,0.000,0.0000
1562.060,-43.470,37.075,0.321,10.671,52.760,53.607,0.160,0.000,0.0000
1562.070,-43.364,37.066,0.322,10.641,52.866,53.711,0.100,0.000,0.0000
1562.080,-43.258,37.057,0.322,10.610,52.972,53.815,0.040,0.000,0.0000
1562.090,-43.152,37.047,0.323,10.576,53.078,53.918,0.000,0.000,0.0000
1562.100,-43.046,37.038,0.323,10.536,53.184,54.021,0.000,0.000,0.0000
1562.110,-42.942,37.029,0.324,10.491,53.288,54.124,0.000,0.000,0.0000
1562.120,-42.837,37.020,0.324,10.433,53.393,54.226,0.000,0.000,0.0000
1562.130,-42.733,37.011,0.325,10.378,53.497,54.328,0.040,0.000,0.0000
1562.140,-42.630,37.002,0.325,10.322,53.600,54.429,0.080,0.000,0.0000
1562.150,-42.527,36.993,0.326,10.277,53.703,54.530,0.120,0.000,0.0000
1562.160,-42.425,36.983,0.326,10.241,53.805,54.630,0.160,0.000,0.0000
1562.170,-42.323,36.974,0.326,10.211,53.907,54.730,0.200,0.000,0.0000
1562.180,-42.221,36.965,0.326,10.182,54.009,54.830,0.240,0.000,0.0000
1562.190,-42.120,36.956,0.327,10.153,54.110,54.930,0.280,0.000,0.0000
1562.200,-42.018,36.947,0.327,10.120,54.212,55.029,0.320,0.000,0.0000
1562.210,-41.918,36.938,0.327,10.083,54.312,55.128,0.360,0.000,0.0000
1562.220,-41.817,36.929,0.327,10.041,54.413,55.226,0.400,0.000,0.0000
1562.230,-41.717,36.920,0.326,9.994,54.513,55.324,0.440,0.000,0.0000
1562.240,-41.618,36.911,0.326,9.938,54.612,55.422,0.480,0.000,0.0000
1562.250,-41.519,36.902,0.326,9.876,54.711,55.519,0.520,0.000,0.0000
1562.260,-41.421,36.893,0.326,9.828,54.809,55.615,0.560,0.000,0.0000
1562.270,-41.323,36.884,0.326,9.788,54.907,55.711,0.600,0.000,0.0000
1562.280,-41.225,36.876,0.326,9.756,55.005,55.807,0.640,0.000,0.0000
1562.290,-41.128,36.867,0.326,9.728,55.102,55.903,0.680,0.000,0.0000
1562.300,-41.031,36.859,0.326,9.700,55.199,55.998,0.720,0.000,0.0000
1562.310,-40.934,36.850,0.325,9.671,55.296,56.093,0.760,0.000,0.0000
1562.320,-40.838,36.842,0.325,9.639,55.392,56.188,0.800,0.000,0.0000
1562.330,-40.742,36.833,0.325,9.603,55.488,56.282,0.840,0.000,0.0000
1562.340,-40.646,36.825,0.325,9.562,55.584,56.376,0.880,0.000,0.0000
1562.350,-40.551,36.817,0.324,9.541,55.679,56.470,0.920,0.000,0.0000
1562.360,-40.456,36.808,0.324,9.530,55.774,56.563,0.960,0.000,0.0000
1562.370,-40.360,36.800,0.323,9.538,55.870,56.657,1.000,0.000,0.0000
1562.380,-40.265,36.792,0.323,9.556,55.965,56.751,1.000,0.000,0.0000
1562.390,-40.169,36.783,0.322,9.588,56.061,56.845,1.000,0.000,0.0000
1562.400,-40.073,36.775,0.321,9.631,56.157,56.940,1.000,0.000,0.0000
1562.410,-39.976,36.766,0.320,9.681,56.254,57.035,1.000,0.000,0.0000
1562.420,-39.878,36.758,0.319,9.733,56.352,57.131,1.000,0.000,0.0000
1562.430,-39.781,36.749,0.318,9.784,56.449,57.228,1.000,0.000,0.0000
1562.440,-39.682,36.740,0.317,9.832,56.548,57.324,1.000,0.000,0.0000
1562.450,-39.583,36.731,0.315,9.877,56.647,57.422,1.000,0.000,0.0000
1562.460,-39.484,36.722,0.314,9.917,56.746,57.519,1.000,0.000,0.0000
1562.470,-39.385,36.713,0.313,9.952,56.845,57.617,1.000,0.000,0.0000
1562.480,-39.285,36.704,0.312,9.983,56.945,57.716,1.000,0.000,0.0000
1562.490,-39.185,36.695,0.311,10.009,57.045,57.814,1.000,0.000,0.0000
1562.500,-39.085,36.686,0.310,10.035,57.145,57.913,1.000,0.000,0.0000
1562.510,-38.984,36.677,0.309,10.071,57.246,58.012,1.000,0.000,0.0000
1562.520,-38.883,36.668,0.308,10.117,57.347,58.112,1.000,0.000,0.0000
1562.530,-38.781,36.659,0.308,10.168,57.449,58.212,1.000,0.000,0.0000
1562.540,-38.679,36.650,0.307,10.222,57.551,58.312,1.000,0.000,0.0000
1562.550,-38.576,36.641,0.306,10.275,57.654,58.413,1.000,0.000,0.0000
1562.560,-38.473,36.632,0.306,10.326,57.757,58.515,1.000,0.000,0.0000
1562.570,-38.369,36.623,0.305,10.371,57.861,58.617,1.000,0.000,0.0000
1562.580,-38.265,36.613,0.305,10.412,57.965,58.719,1.000,0.000,0.0000
1562.590,-38.160,36.604,0.305,10.446,58.070,58.822,1.000,0.000,0.0000
1562.600,-38.056,36.595,0.305,10.473,58.174,58.925,1.000,0.000,0.0000
1562.610,-37.951,36.586,0.305,10.490,58.279,59.028,1.000,0.000,0.0000
1562.620,-37.846,36.577,0.305,10.525,58.384,59.132,1.000,0.000,0.0000
1562.630,-37.740,36.567,0.305,10.569,58.490,59.236,1.000,0.000,0.0000
1562.640,-37.634,36.558,0.306,10.620,58.596,59.340,1.000,0.000,0.0000
1562.650,-37.527,36.548,0.306,10.674,58.703,59.445,1.000,0.000,0.0000
1562.660,-37.420,36.539,0.306,10.728,58.810,59.551,1.000,0.000,0.0000
1562.670,-37.312,36.529,0.306,10.778,58.918,59.657,1.000,0.000,0.0000
1562.680,-37.204,36.520,0.307,10.824,59.026,59.763,1.000,0.000,-0.0080
1562.690,-37.095,36.510,0.307,10.866,59.135,59.870,1.000,0.000,-0.0160
1562.700,-36.986,36.500,0.307,10.905,59.244,59.977,1.000,0.000,-0.0240
1562.710,-36.877,36.490,0.308,10.926,59.353,60.084,1.000,0.000,-0.0320
1562.720,-36.767,36.480,0.308,10.950,59.463,60.192,1.000,0.000,-0.0400
1562.730,-36.658,36.470,0.309,10.961,59.572,60.300,1.000,0.000,-0.0480
1562.740,-36.548,36.461,0.309,10.973,59.682,60.408,1.000,0.000,-0.0560
1562.750,-36.438,36.451,0.310,10.987,59.792,60.516,1.000,0.000,-0.0640
1562.760,-36.328,36.441,0.311,11.003,59.902,60.624,1.000,0.000,-0.0720
1562.770,-36.218,36.431,0.311,11.017,60.012,60.732,1.000,0.000,-0.0800
1562.780,-36.108,36.422,0.312,11.028,60.122,60.841,1.000,0.000,-0.0880
1562.790,-35.997,36.412,0.313,11.034,60.233,60.949,1.000,0.000,-0.0960
1562.800,-35.887,36.403,0.313,11.034,60.343,61.058,1.000,0.000,-0.0660
1562.810,-35.776,36.393,0.314,11.044,60.454,61.166,1.000,0.000,-0.0360
1562.820,-35.666,36.384,0.315,11.054,60.564,61.275,1.000,0.000,-0.0060
1562.830,-35.555,36.375,0.315,11.049,60.675,61.384,1.000,0.000,0.0000
1562.840,-35.445,36.367,0.316,11.048,60.785,61.492,1.000,0.000,0.0000
1562.850,-35.334,36.358,0.316,11.062,60.896,61.601,1.000,0.000,0.0000
1562.860,-35.223,36.350,0.317,11.082,61.007,61.710,1.000,0.000,0.0000
1562.870,-35.112,36.342,0.317,11.110,61.118,61.820,1.000,0.000,0.0000
1562.880,-35.001,36.334,0.318,11.136,61.229,61.929,1.000,0.000,0.0000
1562.890,-34.889,36.326,0.318,11.155,61.341,62.039,1.000,0.000,0.0000
1562.900,-34.778,36.318,0.318,11.164,61.452,62.149,1.000,0.000,0.0000
1562.910,-34.666,36.310,0.318,11.163,61.564,62.259,1.000,0.000,0.0000
1562.920,-34.555,36.302,0.318,11.145,61.675,62.369,1.000,0.000,0.0000
1562.930,-34.444,36.295,0.318,11.114,61.786,62.478,1.000,0.000,0.0000
1562.940,-34.333,36.287,0.319,11.107,61.897,62.588,1.000,0.000,0.0000
1562.950,-34.221,36.280,0.319,11.114,62.009,62.697,1.000,0.000,0.0000
1562.960,-34.110,36.273,0.319,11.129,62.120,62.807,1.000,0.000,0.0000
1562.970,-33.999,36.266,0.319,11.149,62.231,62.917,1.000,0.000,0.0000
1562.980,-33.887,36.259,0.319,11.167,62.343,63.027,1.000,0.000,0.0000
1562.990,-33.775,36.251,0.318,11.182,62.455,63.137,1.000,0.000,0.0000
1563.000,-33.663,36.244,0.318,11.190,62.567,63.247,1.000,0.000,0.0000
1563.010,-33.551,36.237,0.318,11.189,62.679,63.358,1.000,0.000,0.0000
1563.020,-33.440,36.230,0.318,11.181,62.790,63.468,1.000,0.000,0.0000
1563.030,-33.328,36.224,0.318,11.165,62.902,63.578,1.000,0.000,0.0000
1563.040,-33.216,36.217,0.318,11.143,63.014,63.688,1.000,0.000,0.0000
1563.050,-33.105,36.210,0.318,11.126,63.125,63.798,1.000,0.000,0.0000
1563.060,-32.994,36.203,0.318,11.124,63.236,63.907,1.000,0.000,0.0000
1563.070,-32.883,36.196,0.317,11.132,63.347,64.017,1.000,0.000,0.0000
1563.080,-32.771,36.189,0.317,11.146,63.459,64.127,1.000,0.000,0.0000
1563.090,-32.660,36.181,0.317,11.161,63.570,64.237,1.000,0.000,0.0000
1563.100,-32.548,36.174,0.317,11.173,63.682,64.347,1.000,0.000,0.0000
1563.110,-32.436,36.167,0.317,11.178,63.794,64.457,1.000,0.000,0.0000
1563.120,-32.324,36.160,0.317,11.177,63.906,64.568,1.000,0.000,0.0000
1563.130,-32.213,36.153,0.317,11.167,64.017,64.678,1.000,0.000,0.0000
1563.140,-32.101,36.145,0.317,11.145,64.129,64.788,1.000,0.000,0.0000
1563.150,-31.990,36.138,0.317,11.129,64.240,64.898,1.000,0.000,0.0000
1563.160,-31.879,36.131,0.317,11.129,64.351,65.007,1.000,0.000,0.0000
1563.170,-31.767,36.124,0.317,11.135,64.463,65.117,1.000,0.000,0.0000
1563.180,-31.656,36.117,0.317,11.148,64.574,65.227,1.000,0.000,0.0000
1563.190,-31.544,36.110,0.316,11.162,64.686,65.337,1.000,0.000,0.0000
1563.200,-31.432,36.103,0.316,11.176,64.798,65.448,1.000,0.000,0.0000
1563.210,-31.321,36.096,0.316,11.185,64.909,65.558,1.000,0.000,0.0000
1563.220,-31.209,36.089,0.316,11.187,65.021,65.668,1.000,0.000,0.0000
1563.230,-31.097,36.082,0.316,11.181,65.133,65.779,1.000,0.000,0.0000
1563.240,-30.985,36.075,0.316,11.168,65.245,65.889,1.000,0.000,0.0000
1563.250,-30.874,36.068,0.316,11.147,65.356,65.999,1.000,0.000,0.0000
1563.260,-30.762,36.061,0.316,11.128,65.468,66.109,1.000,0.000,0.0000
1563.270,-30.651,36.054,0.316,11.124,65.579,66.218,1.000,0.000,0.0000
1563.280,-30.540,36.047,0.317,11.131,65.690,66.328,1.000,0.000,0.0000
1563.290,-30.428,36.040,0.317,11.145,65.802,66.438,1.000,0.000,0.0000
1563.300,-30.317,36.033,0.317,11.160,65.913,66.548,1.000,0.000,0.0000
1563.310,-30.205,36.026,0.317,11.173,66.025,66.659,1.000,0.000,0.0000
1563.320,-30.093,36.019,0.317,11.181,66.137,66.769,1.000,0.000,0.0000
1563.330,-29.981,36.012,0.317,11.181,66.249,66.879,1.000,0.000,0.0000
1563.340,-29.870,36.004,0.317,11.173,66.360,66.990,1.000,0.000,0.0000
1563.350,-29.758,35.997,0.317,11.158,66.472,67.100,1.000,0.000,0.0000
1563.360,-29.647,35.990,0.317,11.132,66.583,67.210,1.000,0.000,0.0000
1563.370,-29.536,35.983,0.317,11.126,66.694,67.319,1.000,0.000,0.0000
1563.380,-29.424,35.976,0.317,11.128,66.806,67.429,1.000,0.000,0.0000
1563.390,-29.313,35.969,0.317,11.139,66.917,67.539,1.000,0.000,0.0000
1563.400,-29.201,35.962,0.317,11.153,67.029,67.649,1.000,0.000,0.0000
1563.410,-29.090,35.955,0.317,11.168,67.140,67.760,1.000,0.000,0.0000
1563.420,-28.978,35.948,0.317,11.179,67.252,67.870,1.000,0.000,0.0000
1563.430,-28.866,35.941,0.317,11.183,67.364,67.980,1.000,0.000,0.0000
1563.440,-28.754,35.934,0.317,11.181,67.476,68.091,1.000,0.000,0.0000
1563.450,-28.643,35.928,0.317,11.170,67.587,68.201,1.000,0.000,0.0000
1563.460,-28.531,35.921,0.317,11.148,67.699,68.311,1.000,0.000,0.0000
1563.470,-28.420,35.914,0.317,11.126,67.810,68.421,1.000,0.000,0.0000
1563.480,-28.309,35.907,0.317,11.119,67.921,68.531,1.000,0.000,0.0000
1563.490,-28.197,35.900,0.317,11.124,68.033,68.641,1.000,0.000,0.0000
1563.500,-28.086,35.893,0.317,11.137,68.144,68.751,1.000,0.000,0.0000
1563.510,-27.974,35.886,0.317,11.153,68.256,68.861,1.000,0.000,0.0000
1563.520,-27.863,35.879,0.317,11.167,68.367,68.971,1.000,0.000,0.0000
1563.530,-27.751,35.872,0.317,11.177,68.479,69.082,1.000,0.000,0.0000
1563.540,-27.639,35.865,0.317,11.179,68.591,69.192,1.000,0.000,0.0000
1563.550,-27.528,35.858,0.317,11.175,68.702,69.303,1.000,0.000,0.0000
1563.560,-27.416,35.850,0.317,11.162,68.814,69.413,1.000,0.000,0.0000
1563.570,-27.304,35.843,0.317,11.142,68.926,69.523,1.000,0.000,0.0000
1563.580,-27.193,35.836,0.317,11.125,69.037,69.633,1.000,0.000,-0.0080
1563.590,-27.082,35.829,0.317,11.119,69.148,69.743,1.000,0.000,-0.0160
1563.600,-26.971,35.822,0.317,11.122,69.259,69.853,1.000,0.000,-0.0240
1563.610,-26.860,35.815,0.317,11.130,69.370,69.963,1.000,0.000,-0.0320
1563.620,-26.748,35.808,0.317,11.138,69.482,70.073,1.000,0.000,-0.0400
1563.630,-26.637,35.801,0.317,11.144,69.593,70.183,1.000,0.000,-0.0480
1563.640,-26.525,35.794,0.317,11.145,69.705,70.293,1.000,0.000,-0.0560
1563.650,-26.414,35.787,0.317,11.139,69.816,70.403,1.000,0.000,-0.0640
1563.660,-26.303,35.780,0.317,11.125,69.927,70.513,1.000,0.000,-0.0720
1563.670,-26.192,35.773,0.317,11.104,70.038,70.623,1.000,0.000,-0.0800
1563.680,-26.080,35.767,0.317,11.114,70.150,70.733,1.000,0.000,-0.0880
1563.690,-25.970,35.760,0.317,11.078,70.260,70.842,1.000,0.000,-0.0960
1563.700,-25.859,35.754,0.317,11.113,70.372,70.952,1.000,0.000,-0.1040
1563.710,-25.747,35.747,0.317,11.155,70.483,71.062,1.000,0.000,-0.1120
1563.720,-25.635,35.740,0.317,11.195,70.595,71.173,1.000,0.000,-0.1200
1563.730,-25.523,35.734,0.317,11.228,70.707,71.284,1.000,0.000,-0.0900
1563.740,-25.410,35.728,0.317,11.238,70.820,71.395,1.000,0.000,-0.0600
1563.750,-25.298,35.722,0.316,11.228,70.932,71.506,1.000,0.000,-0.0300
1563.760,-25.186,35.717,0.316,11.204,71.044,71.617,1.000,0.000,-0.0000
1563.770,-25.074,35.711,0.316,11.169,71.156,71.728,1.000,0.000,0.0000
1563.780,-24.963,35.707,0.316,11.136,71.267,71.838,1.000,0.000,0.0000
1563.790,-24.852,35.702,0.316,11.126,71.378,71.948,1.000,0.000,0.0000
1563.800,-24.740,35.698,0.317,11.125,71.490,72.058,1.000,0.000,0.0000
1563.810,-24.629,35.694,0.317,11.134,71.601,72.168,1.000,0.000,0.0000
1563.820,-24.518,35.691,0.317,11.150,71.712,72.278,1.000,0.000,0.0000
1563.830,-24.406,35.688,0.317,11.168,71.824,72.389,1.000,0.000,0.0000
1563.840,-24.294,35.684,0.317,11.184,71.936,72.499,1.000,0.000,0.0000
1563.850,-24.182,35.681,0.317,11.196,72.048,72.610,1.000,0.000,0.0000
1563.860,-24.070,35.678,0.317,11.203,72.160,72.721,1.000,0.000,0.0000
1563.870,-23.958,35.676,0.317,11.203,72.272,72.832,1.000,0.000,0.0000
1563.880,-23.846,35.673,0.317,11.197,72.384,72.942,1.000,0.000,0.0000
1563.890,-23.734,35.670,0.317,11.184,72.496,73.053,1.000,0.000,0.0000
1563.900,-23.623,35.668,0.317,11.166,72.607,73.163,1.000,0.000,0.0000
1563.910,-23.511,35.665,0.317,11.145,72.719,73.274,1.000,0.000,0.0000
1563.920,-23.400,35.663,0.317,11.138,72.830,73.384,1.000,0.000,0.0000
1563.930,-23.288,35.660,0.317,11.141,72.942,73.494,1.000,0.000,0.0000
1563.940,-23.177,35.658,0.317,11.151,73.053,73.604,1.000,0.000,0.0000
1563.950,-23.065,35.655,0.317,11.163,73.165,73.715,1.000,0.000,0.0000
1563.960,-22.954,35.653,0.317,11.173,73.276,73.825,1.000,0.000,0.0000
1563.970,-22.842,35.650,0.317,11.179,73.388,73.936,1.000,0.000,0.0000
1563.980,-22.730,35.648,0.317,11.178,73.500,74.046,1.000,0.000,0.0000
1563.990,-22.618,35.645,0.317,11.172,73.612,74.157,1.000,0.000,0.0000
1564.000,-22.507,35.642,0.317,11.159,73.723,74.267,1.000,0.000,0.0000
1564.010,-22.395,35.640,0.317,11.142,73.835,74.378,1.000,0.000,0.0000
1564.020,-22.284,35.637,0.317,11.136,73.946,74.488,1.000,0.000,0.0000
1564.030,-22.172,35.635,0.317,11.140,74.058,74.598,1.000,0.000,0.0000
1564.040,-22.061,35.633,0.317,11.151,74.169,74.708,1.000,0.000,0.0000
1564.050,-21.949,35.630,0.317,11.164,74.281,74.819,1.000,0.000,0.0000
1564.060,-21.838,35.628,0.317,11.176,74.392,74.930,1.000,0.000,0.0000
1564.070,-21.726,35.625,0.317,11.185,74.504,75.040,1.000,0.000,0.0000
1564.080,-21.614,35.623,0.317,11.188,74.616,75.151,1.000,0.000,0.0000
1564.090,-21.502,35.621,0.317,11.184,74.728,75.262,1.000,0.000,0.0000
1564.100,-21.390,35.618,0.317,11.175,74.840,75.372,1.000,0.000,0.0000
1564.110,-21.279,35.616,0.317,11.146,74.951,75.483,1.000,0.000,0.0000
1564.120,-21.167,35.614,0.317,11.130,75.063,75.593,1.000,0.000,0.0000
1564.130,-21.056,35.611,0.317,11.127,75.174,75.703,1.000,0.000,0.0000
1564.140,-20.945,35.609,0.317,11.134,75.285,75.813,1.000,0.000,0.0000
1564.150,-20.833,35.607,0.317,11.147,75.397,75.924,1.000,0.000,0.0000
1564.160,-20.722,35.604,0.317,11.161,75.508,76.034,1.000,0.000,0.0000
1564.170,-20.610,35.602,0.317,11.173,75.620,76.145,1.000,0.000,0.0000
1564.180,-20.498,35.599,0.317,11.181,75.732,76.255,1.000,0.000,0.0000
1564.190,-20.386,35.597,0.317,11.183,75.844,76.366,1.000,0.000,0.0000
1564.200,-20.275,35.594,0.317,11.178,75.955,76.477,1.000,0.000,0.0000
1564.210,-20.163,35.592,0.317,11.167,76.067,76.587,1.000,0.000,0.0000
1564.220,-20.052,35.589,0.317,11.144,76.178,76.698,1.000,0.000,0.0000
1564.230,-19.940,35.587,0.317,11.132,76.290,76.808,1.000,0.000,0.0000
1564.240,-19.829,35.585,0.317,11.133,76.401,76.918,1.000,0.000,0.0000
1564.250,-19.717,35.582,0.317,11.142,76.513,77.029,1.000,0.000,0.0000
1564.260,-19.606,35.580,0.317,11.155,76.624,77.139,1.000,0.000,0.0000
1564.270,-19.494,35.578,0.317,11.168,76.736,77.250,1.000,0.000,0.0000
1564.280,-19.382,35.575,0.317,11.178,76.848,77.360,1.000,0.000,0.0000
1564.290,-19.271,35.573,0.317,11.184,76.959,77.471,1.000,0.000,0.0000
1564.300,-19.159,35.571,0.317,11.183,77.071,77.582,1.000,0.000,0.0000
1564.310,-19.047,35.569,0.317,11.176,77.183,77.693,1.000,0.000,0.0000
1564.320,-18.935,35.567,0.317,11.163,77.295,77.803,1.000,0.000,0.0000
1564.330,-18.824,35.565,0.317,11.144,77.406,77.914,1.000,0.000,0.0000
1564.340,-18.713,35.562,0.317,11.135,77.517,78.024,1.000,0.000,0.0000
1564.350,-18.601,35.560,0.317,11.138,77.629,78.134,1.000,0.000,0.0000
1564.360,-18.490,35.558,0.317,11.148,77.740,78.245,1.000,0.000,0.0000
1564.370,-18.378,35.555,0.317,11.160,77.852,78.355,1.000,0.000,0.0000
1564.380,-18.266,35.553,0.317,11.172,77.964,78.466,1.000,0.000,0.0000
1564.390,-18.155,35.551,0.317,11.180,78.075,78.577,1.000,0.000,0.0000
1564.400,-18.043,35.548,0.317,11.183,78.187,78.687,1.000,0.000,0.0000
1564.410,-17.931,35.546,0.317,11.180,78.299,78.798,1.000,0.000,0.0000
1564.420,-17.819,35.543,0.317,11.171,78.411,78.909,1.000,0.000,0.0000
1564.430,-17.708,35.541,0.317,11.145,78.522,79.019,1.000,0.000,0.0000
1564.440,-17.597,35.539,0.317,11.130,78.633,79.130,1.000,0.000,0.0000
1564.450,-17.485,35.536,0.317,11.128,78.745,79.240,1.000,0.000,0.0000
1564.460,-17.374,35.534,0.317,11.136,78.856,79.350,1.000,0.000,0.0000
1564.470,-17.262,35.532,0.317,11.148,78.968,79.461,1.000,0.000,0.0000
1564.480,-17.151,35.529,0.317,11.162,79.079,79.571,1.000,0.000,0.0000
1564.490,-17.039,35.527,0.317,11.174,79.191,79.682,1.000,0.000,-0.0080
1564.500,-16.927,35.525,0.317,11.178,79.303,79.793,1.000,0.000,-0.0160
1564.510,-16.816,35.523,0.317,11.174,79.414,79.903,1.000,0.000,-0.0240
1564.520,-16.704,35.520,0.317,11.162,79.526,80.014,1.000,0.000,-0.0320
1564.530,-16.593,35.518,0.317,11.144,79.637,80.124,1.000,0.000,-0.0400
1564.540,-16.481,35.516,0.317,11.139,79.749,80.235,1.000,0.000,-0.0480
1564.550,-16.370,35.514,0.317,11.145,79.860,80.345,1.000,0.000,-0.0560
1564.560,-16.258,35.511,0.317,11.161,79.972,80.456,1.000,0.000,-0.0640
1564.570,-16.146,35.509,0.317,11.181,80.084,80.567,1.000,0.000,-0.0720
1564.580,-16.034,35.506,0.317,11.203,80.196,80.678,1.000,0.000,-0.0800
1564.590,-15.922,35.504,0.317,11.222,80.308,80.789,1.000,0.000,-0.0880
1564.600,-15.810,35.502,0.317,11.237,80.420,80.900,1.000,0.000,-0.0960
1564.610,-15.697,35.500,0.316,11.246,80.533,81.012,1.000,0.000,-0.1040
1564.620,-15.585,35.498,0.316,11.249,80.645,81.124,1.000,0.000,-0.0740
1564.630,-15.472,35.496,0.316,11.232,80.758,81.235,1.000,0.000,-0.0440
1564.640,-15.361,35.494,0.316,11.178,80.869,81.346,1.000,0.000,-0.0140
1564.650,-15.249,35.493,0.316,11.149,80.981,81.456,1.000,0.000,0.0000
1564.660,-15.138,35.492,0.316,11.140,81.092,81.567,1.000,0.000,0.0000
1564.670,-15.026,35.492,0.317,11.143,81.204,81.677,1.000,0.000,0.0000
1564.680,-14.915,35.491,0.317,11.151,81.315,81.788,1.000,0.000,0.0000
1564.690,-14.803,35.491,0.317,11.162,81.427,81.898,1.000,0.000,0.0000
1564.700,-14.691,35.492,0.317,11.172,81.539,82.009,1.000,0.000,0.0000
1564.710,-14.580,35.492,0.317,11.178,81.650,82.120,1.000,0.000,0.0000
1564.720,-14.468,35.492,0.317,11.180,81.762,82.231,1.000,0.000,0.0000
1564.730,-14.356,35.493,0.317,11.177,81.874,82.341,1.000,0.000,0.0000
1564.740,-14.244,35.494,0.317,11.170,81.986,82.452,1.000,0.000,0.0000
1564.750,-14.133,35.495,0.317,11.159,82.097,82.563,1.000,0.000,0.0000
1564.760,-14.021,35.495,0.317,11.139,82.209,82.673,1.000,0.000,0.0000
1564.770,-13.910,35.496,0.317,11.128,82.320,82.784,1.000,0.000,0.0000
1564.780,-13.799,35.497,0.317,11.126,82.431,82.894,1.000,0.000,0.0000
1564.790,-13.688,35.498,0.318,11.130,82.542,83.004,1.000,0.000,0.0000
1564.800,-13.576,35.499,0.318,11.137,82.654,83.115,1.000,0.000,0.0000
1564.810,-13.465,35.500,0.318,11.144,82.765,83.225,1.000,0.000,0.0000
1564.820,-13.353,35.501,0.318,11.149,82.877,83.336,1.000,0.000,0.0000
1564.830,-13.242,35.502,0.318,11.151,82.988,83.446,1.000,0.000,0.0000
1564.840,-13.130,35.503,0.318,11.149,83.100,83.557,1.000,0.000,0.0000
1564.850,-13.019,35.504,0.318,11.131,83.211,83.667,1.000,0.000,0.0000
1564.860,-12.908,35.505,0.318,11.121,83.322,83.778,1.000,0.000,0.0000
1564.870,-12.797,35.506,0.318,11.118,83.433,83.888,1.000,0.000,0.0000
1564.880,-12.685,35.508,0.318,11.122,83.545,83.998,1.000,0.000,0.0000
1564.890,-12.574,35.509,0.318,11.130,83.656,84.109,1.000,0.000,0.0000
1564.900,-12.463,35.510,0.318,11.139,83.767,84.219,1.000,0.000,0.0000
1564.910,-12.351,35.511,0.318,11.149,83.879,84.330,1.000,0.000,0.0000
1564.920,-12.240,35.512,0.317,11.155,83.990,84.440,1.000,0.000,0.0000
1564.930,-12.128,35.514,0.317,11.159,84.102,84.551,1.000,0.000,0.0000
1564.940,-12.016,35.515,0.317,11.158,84.214,84.662,1.000,0.000,0.0000
1564.950,-11.905,35.516,0.317,11.143,84.325,84.772,1.000,0.000,0.0000
1564.960,-11.794,35.518,0.317,11.124,84.436,84.883,1.000,0.000,0.0000
1564.970,-11.683,35.519,0.317,11.113,84.547,84.993,1.000,0.000,0.0000
1564.980,-11.572,35.520,0.317,11.111,84.658,85.103,1.000,0.000,0.0000
1564.990,-11.460,35.521,0.317,11.116,84.770,85.213,1.000,0.000,0.0000
1565.000,-11.349,35.522,0.317,11.126,84.881,85.324,1.000,0.000,0.0000
1565.010,-11.238,35.523,0.317,11.136,84.992,85.434,1.000,0.000,0.0000
1565.020,-11.126,35.524,0.317,11.145,85.104,85.545,1.000,0.000,0.0000
1565.030,-11.015,35.526,0.317,11.152,85.215,85.656,1.000,0.000,0.0000
1565.040,-10.903,35.527,0.317,11.155,85.327,85.766,1.000,0.000,0.0000
1565.050,-10.792,35.528,0.317,11.153,85.438,85.877,1.000,0.000,0.0000
1565.060,-10.680,35.529,0.317,11.140,85.550,85.987,1.000,0.000,0.0000
1565.070,-10.569,35.530,0.317,11.125,85.661,86.098,1.000,0.000,0.0000
1565.080,-10.458,35.531,0.317,11.117,85.772,86.208,1.000,0.000,0.0000
1565.090,-10.347,35.532,0.317,11.117,85.883,86.318,1.000,0.000,0.0000
1565.100,-10.235,35.533,0.317,11.123,85.995,86.429,1.000,0.000,0.0000
1565.110,-10.124,35.535,0.317,11.132,86.106,86.539,1.000,0.000,0.0000
1565.120,-10.013,35.536,0.317,11.141,86.217,86.650,1.000,0.000,0.0000
1565.130,-9.901,35.537,0.317,11.149,86.329,86.761,1.000,0.000,0.0000
1565.140,-9.790,35.539,0.317,11.154,86.440,86.871,1.000,0.000,0.0000
1565.150,-9.678,35.540,0.317,11.156,86.552,86.982,1.000,0.000,0.0000
1565.160,-9.567,35.541,0.317,11.153,86.663,87.093,1.000,0.000,0.0000
1565.170,-9.455,35.543,0.317,11.133,86.775,87.203,1.000,0.000,0.0000
1565.180,-9.344,35.544,0.317,11.119,86.886,87.313,1.000,0.000,0.0000
1565.190,-9.233,35.545,0.317,11.115,86.997,87.424,1.000,0.000,0.0000
1565.200,-9.122,35.546,0.317,11.118,87.108,87.534,1.000,0.000,0.0000
1565.210,-9.011,35.548,0.317,11.125,87.219,87.644,1.000,0.000,0.0000
1565.220,-8.899,35.549,0.317,11.135,87.331,87.755,1.000,0.000,0.0000
1565.230,-8.788,35.550,0.317,11.144,87.442,87.866,1.000,0.000,0.0000
1565.240,-8.676,35.551,0.317,11.151,87.554,87.976,1.000,0.000,0.0000
1565.250,-8.565,35.552,0.317,11.155,87.665,88.087,1.000,0.000,0.0000
1565.260,-8.453,35.553,0.317,11.155,87.777,88.198,1.000,0.000,0.0000
1565.270,-8.342,35.555,0.317,11.151,87.888,88.308,1.000,0.000,0.0000
1565.280,-8.230,35.556,0.317,11.133,88.000,88.419,1.000,0.000,0.0000
1565.290,-8.119,35.557,0.317,11.121,88.111,88.529,1.000,0.000,0.0000
1565.300,-8.008,35.558,0.317,11.118,88.222,88.640,1.000,0.000,0.0000
1565.310,-7.897,35.559,0.317,11.121,88.333,88.750,1.000,0.000,0.0000
1565.320,-7.785,35.561,0.317,11.129,88.445,88.861,1.000,0.000,0.0000
1565.330,-7.674,35.562,0.317,11.137,88.556,88.971,1.000,0.000,0.0000
1565.340,-7.563,35.563,0.317,11.146,88.667,89.082,1.000,0.000,0.0000
1565.350,-7.451,35.565,0.317,11.151,88.779,89.192,1.000,0.000,0.0000
1565.360,-7.340,35.566,0.317,11.154,88.890,89.303,1.000,0.000,0.0000
1565.370,-7.228,35.568,0.317,11.152,89.002,89.414,1.000,0.000,0.0000
1565.380,-7.117,35.569,0.317,11.131,89.113,89.524,1.000,0.000,0.0000
1565.390,-7.006,35.570,0.317,11.117,89.224,89.635,1.000,0.000,0.0000
1565.400,-6.894,35.572,0.317,11.111,89.336,89.745,1.000,0.000,0.0000
1565.410,-6.783,35.573,0.317,11.113,89.447,89.855,1.000,0.000,0.0000
1565.420,-6.672,35.574,0.317,11.119,89.558,89.966,1.000,0.000,0.0000
1565.430,-6.561,35.575,0.317,11.129,89.669,90.076,1.000,0.000,0.0000
1565.440,-6.449,35.576,0.317,11.139,89.781,90.187,1.000,0.000,0.0000
1565.450,-6.338,35.578,0.317,11.146,89.892,90.298,1.000,0.000,0.0000
1565.460,-6.226,35.579,0.317,11.151,90.004,90.408,1.000,0.000,0.0000
1565.470,-6.115,35.580,0.317,11.153,90.115,90.519,1.000,0.000,0.0000
1565.480,-6.003,35.581,0.317,11.150,90.227,90.630,1.000,0.000,0.0000
1565.490,-5.892,35.582,0.317,11.131,90.338,90.740,1.000,0.000,0.0000
1565.500,-5.781,35.583,0.317,11.118,90.449,90.851,1.000,0.000,0.0000
1565.510,-5.670,35.585,0.317,11.113,90.560,90.961,1.000,0.000,0.0000
1565.520,-5.559,35.586,0.317,11.116,90.671,91.072,1.000,0.000,0.0000
1565.530,-5.447,35.587,0.317,11.123,90.783,91.182,1.000,0.000,0.0000
1565.540,-5.336,35.588,0.317,11.132,90.894,91.293,1.000,0.000,0.0000
1565.550,-5.225,35.590,0.317,11.141,91.005,91.403,1.000,0.000,0.0000
1565.560,-5.113,35.591,0.317,11.147,91.117,91.514,1.000,0.000,0.0000
1565.570,-5.002,35.593,0.317,11.151,91.228,91.625,1.000,0.000,0.0000
1565.580,-4.890,35.594,0.317,11.151,91.340,91.735,1.000,0.000,0.0000
1565.590,-4.779,35.595,0.317,11.148,91.451,91.846,1.000,0.000,0.0000
1565.600,-4.667,35.597,0.317,11.130,91.563,91.957,1.000,0.000,0.0000
1565.610,-4.556,35.598,0.317,11.120,91.674,92.067,1.000,0.000,0.0000
1565.620,-4.445,35.599,0.317,11.116,91.785,92.178,1.000,0.000,0.0000
1565.630,-4.334,35.601,0.317,11.120,91.896,92.288,1.000,0.000,0.0000
1565.640,-4.223,35.602,0.317,11.127,92.007,92.398,1.000,0.000,0.0000
1565.650,-4.111,35.603,0.317,11.135,92.119,92.509,1.000,0.000,0.0000
1565.660,-4.000,35.604,0.317,11.143,92.230,92.620,1.000,0.000,0.0000
