timestamp_sec,ego_x,ego_y,ego_z,ego_speed_mps,distance_to_intersection_m,distance_to_pedestrian_m,human_throttle,human_brake,human_steering_rad
518.870,-97.020,-52.451,0.317,0.000,0.790,10.744,0.000,0.000,0.0000
518.880,-97.020,-52.451,0.317,0.000,0.790,10.744,0.000,0.000,0.0000
518.890,-97.020,-52.451,0.317,0.000,0.790,10.744,0.000,0.000,0.0000
518.900,-97.020,-52.451,0.317,0.000,0.790,10.744,0.000,0.000,0.0000
518.910,-97.020,-52.451,0.317,0.000,0.790,10.744,0.000,0.000,0.0000
518.920,-97.020,-52.451,0.317,0.000,0.790,10.744,0.000,0.000,0.0000
518.930,-97.020,-52.451,0.317,0.000,0.790,10.744,0.000,0.000,0.0000
518.940,-97.020,-52.451,0.317,0.000,0.790,10.744,0.000,0.000,0.0000
518.950,-97.020,-52.451,0.317,0.000,0.790,10.744,0.000,0.000,0.0000
518.960,-97.020,-52.451,0.317,0.000,0.790,10.744,0.000,0.000,0.0000
518.970,-97.020,-52.451,0.317,0.000,0.790,10.744,0.000,0.000,0.0000
518.980,-97.020,-52.451,0.317,0.000,0.790,10.744,0.000,0.000,0.0000
518.990,-97.020,-52.451,0.317,0.000,0.790,10.744,0.000,0.000,0.0000
519.000,-97.020,-52.451,0.317,0.000,0.790,10.744,0.000,0.000,0.0000
519.010,-97.020,-52.451,0.317,0.000,0.790,10.744,0.000,0.000,0.0000
519.020,-97.020,-52.451,0.317,0.000,0.790,10.744,0.000,0.000,0.0000
519.030,-97.020,-52.451,0.317,0.000,0.790,10.744,0.000,0.000,0.0000
519.040,-97.020,-52.451,0.317,0.000,0.790,10.744,0.000,0.000,0.0000
519.050,-97.020,-52.451,0.317,0.000,0.790,10.744,0.000,0.000,0.0000
519.060,-97.020,-52.451,0.317,0.000,0.790,10.744,0.000,0.000,0.0000
519.070,-97.020,-52.451,0.317,0.000,0.790,10.744,0.000,0.000,0.0000
519.080,-97.020,-52.451,0.317,0.000,0.790,10.744,0.000,0.000,0.0000
519.090,-97.020,-52.451,0.317,0.000,0.790,10.744,0.000,0.000,0.0000
519.100,-97.020,-52.451,0.317,0.000,0.790,10.744,0.000,0.000,0.0000
519.110,-97.020,-52.451,0.317,0.000,0.790,10.744,0.000,0.000,0.0000
519.120,-97.020,-52.451,0.317,0.000,0.790,10.744,0.000,0.000,0.0000
519.130,-97.020,-52.451,0.317,0.000,0.790,10.744,0.000,0.000,0.0000
519.140,-97.020,-52.451,0.317,0.000,0.790,10.744,0.000,0.000,0.0000
519.150,-97.020,-52.451,0.317,0.000,0.790,10.744,0.000,0.000,0.0000
519.160,-97.020,-52.451,0.317,0.000,0.790,10.744,0.000,0.000,0.0000
519.170,-97.020,-52.451,0.317,0.000,0.790,10.744,0.000,0.000,0.0000
519.180,-97.020,-52.451,0.317,0.000,0.790,10.744,0.000,0.000,0.0000
519.190,-97.020,-52.451,0.317,0.000,0.790,10.744,0.000,0.000,0.0000
519.200,-97.020,-52.451,0.317,0.000,0.790,10.744,0.040,0.000,0.0000
519.210,-97.020,-52.451,0.317,0.004,0.790,10.744,0.080,0.000,0.0000
519.220,-97.020,-52.451,0.317,0.010,0.790,10.744,0.120,0.000,0.0000
519.230,-97.020,-52.450,0.317,0.018,0.790,10.744,0.160,0.000,0.0000
519.240,-97.020,-52.449,0.316,0.027,0.790,10.744,0.200,0.000,0.0000
519.250,-97.020,-52.447,0.316,0.035,0.790,10.745,0.240,0.000,0.0000
519.260,-97.020,-52.446,0.316,0.041,0.790,10.745,0.280,0.000,0.0000
519.270,-97.020,-52.443,0.315,0.047,0.790,10.745,0.320,0.000,0.0000
519.280,-97.020,-52.440,0.315,0.051,0.790,10.746,0.360,0.000,0.0000
519.290,-97.020,-52.437,0.314,0.054,0.790,10.746,0.400,0.000,0.0000
519.300,-97.020,-52.434,0.314,0.056,0.790,10.747,0.440,0.000,0.0000
519.310,-97.020,-52.430,0.313,0.056,0.790,10.748,0.480,0.000,0.0000
519.320,-97.020,-52.425,0.312,0.056,0.790,10.748,0.520,0.000,0.0000
519.330,-97.020,-52.421,0.312,0.055,0.790,10.749,0.560,0.000,0.0000
519.340,-97.020,-52.415,0.311,0.054,0.790,10.749,0.600,0.000,0.0000
519.350,-97.020,-52.410,0.311,0.051,0.790,10.750,0.640,0.000,0.0000
519.360,-97.020,-52.404,0.310,0.048,0.790,10.750,0.680,0.000,0.0000
519.370,-97.020,-52.397,0.310,0.045,0.790,10.751,0.720,0.000,0.0000
519.380,-97.020,-52.391,0.309,0.041,0.790,10.751,0.760,0.000,0.0000
519.390,-97.020,-52.384,0.309,0.037,0.790,10.751,0.800,0.000,0.0000
519.400,-97.020,-52.376,0.309,0.033,0.790,10.752,0.840,0.000,0.0000
519.410,-97.020,-52.368,0.308,0.028,0.790,10.752,0.880,0.000,0.0000
519.420,-97.020,-52.360,0.308,0.024,0.790,10.752,0.920,0.000,0.0000
519.430,-97.020,-52.351,0.308,0.019,0.790,10.752,0.960,0.000,0.0000
519.440,-97.020,-52.341,0.308,0.014,0.790,10.753,1.000,0.000,0.0000
519.450,-97.020,-52.332,0.308,0.010,0.790,10.753,1.000,0.000,0.0000
519.460,-97.020,-52.322,0.308,0.006,0.790,10.753,1.000,0.000,0.0000
519.470,-97.020,-52.311,0.308,0.002,0.790,10.753,1.000,0.000,0.0000
519.480,-97.020,-52.301,0.308,0.003,0.790,10.753,1.000,0.000,0.0000
519.490,-97.020,-52.289,0.308,0.006,0.790,10.753,1.000,0.000,0.0000
519.500,-97.020,-52.278,0.308,0.009,0.790,10.753,1.000,0.000,0.0000
519.510,-97.020,-52.266,0.308,0.012,0.790,10.752,1.000,0.000,0.0000
519.520,-97.020,-52.253,0.308,0.014,0.790,10.752,1.000,0.000,0.0000
519.530,-97.020,-52.240,0.308,0.016,0.790,10.752,1.000,0.000,0.0000
519.540,-97.020,-52.227,0.308,0.018,0.790,10.752,1.000,0.000,0.0000
519.550,-97.020,-52.213,0.309,0.019,0.790,10.752,1.000,0.000,0.0000
519.560,-97.020,-52.199,0.309,0.020,0.790,10.752,1.000,0.000,0.0000
519.570,-97.020,-52.185,0.309,0.021,0.790,10.751,1.000,0.000,0.0000
519.580,-97.020,-52.170,0.309,0.021,0.790,10.751,1.000,0.000,0.0000
519.590,-97.020,-52.155,0.310,0.021,0.790,10.751,1.000,0.000,0.0000
519.600,-97.020,-52.139,0.310,0.020,0.790,10.751,1.000,0.000,0.0000
519.610,-97.020,-52.123,0.310,0.020,0.790,10.751,1.000,0.000,0.0000
519.620,-97.020,-52.107,0.310,0.019,0.790,10.750,1.000,0.000,0.0000
519.630,-97.020,-52.090,0.310,0.018,0.790,10.750,1.000,0.000,0.0000
519.640,-97.020,-52.073,0.310,0.016,0.790,10.750,1.000,0.000,0.0000
519.650,-97.020,-52.055,0.311,0.015,0.790,10.750,1.000,0.000,0.0000
519.660,-97.020,-52.037,0.311,0.013,0.790,10.750,1.000,0.000,0.0000
519.670,-97.020,-52.019,0.311,0.012,0.790,10.750,1.000,0.000,0.0000
519.680,-97.020,-52.000,0.311,0.010,0.790,10.750,1.000,0.000,0.0000
519.690,-97.020,-51.981,0.311,0.008,0.790,10.749,1.000,0.000,0.0000
519.700,-97.020,-51.961,0.311,0.006,0.790,10.749,1.000,0.000,0.0000
519.710,-97.020,-51.941,0.311,0.005,0.790,10.749,1.000,0.000,0.0000
519.720,-97.020,-51.921,0.311,0.003,0.790,10.749,1.000,0.000,0.0000
519.730,-97.020,-51.900,0.311,0.002,0.790,10.749,1.000,0.000,0.0000
519.740,-97.020,-51.879,0.311,0.002,0.790,10.749,1.000,0.000,0.0000
519.750,-97.020,-51.857,0.311,0.002,0.790,10.749,1.000,0.000,0.0000
519.760,-97.020,-51.835,0.311,0.003,0.790,10.749,1.000,0.000,0.0000
519.770,-97.019,-51.813,0.311,0.004,0.790,10.749,1.000,0.000,0.0000
519.780,-97.019,-51.790,0.311,0.005,0.790,10.749,1.000,0.000,0.0000
519.790,-97.019,-51.767,0.311,0.006,0.790,10.749,1.000,0.000,0.0000
519.800,-97.019,-51.744,0.311,0.007,0.790,10.750,1.000,0.000,0.0000
519.810,-97.019,-51.720,0.311,0.007,0.790,10.750,1.000,0.000,0.0000
519.820,-97.019,-51.695,0.311,0.008,0.790,10.750,1.000,0.000,0.0000
519.830,-97.019,-51.671,0.311,0.008,0.790,10.750,1.000,0.000,0.0000
519.840,-97.019,-51.646,0.311,0.008,0.790,10.750,1.000,0.000,0.0000
519.850,-97.019,-51.620,0.311,0.008,0.790,10.750,1.000,0.000,0.0000
519.860,-97.019,-51.594,0.310,0.008,0.790,10.750,1.000,0.000,0.0000
519.870,-97.019,-51.568,0.310,0.008,0.790,10.750,1.000,0.000,0.0000
519.880,-97.019,-51.541,0.310,0.007,0.790,10.750,1.000,0.000,0.0000
519.890,-97.019,-51.514,0.310,0.007,0.790,10.750,1.000,0.000,0.0000
519.900,-97.019,-51.487,0.310,0.007,0.789,10.750,1.000,0.000,0.0000
519.910,-97.019,-51.459,0.310,0.006,0.789,10.750,1.000,0.000,0.0000
519.920,-97.019,-51.430,0.310,0.006,0.789,10.750,1.000,0.000,0.0000
519.930,-97.019,-51.402,0.310,0.005,0.789,10.750,1.000,0.000,0.0000
519.940,-97.019,-51.373,0.310,0.004,0.789,10.750,1.000,0.000,0.0000
519.950,-97.019,-51.343,0.310,0.004,0.789,10.750,1.000,0.000,0.0000
519.960,-97.019,-51.313,0.310,0.003,0.789,10.750,1.000,0.000,0.0000
519.970,-97.019,-51.283,0.310,0.003,0.789,10.751,1.000,0.000,0.0000
519.980,-97.019,-51.252,0.310,0.003,0.789,10.751,1.000,0.000,0.0000
519.990,-97.019,-51.221,0.310,0.003,0.789,10.751,1.000,0.000,0.0000
520.000,-97.019,-51.190,0.310,0.003,0.789,10.751,1.000,0.000,0.0000
520.010,-97.019,-51.158,0.310,0.003,0.789,10.751,1.000,0.000,0.0000
520.020,-97.019,-51.126,0.310,0.003,0.789,10.750,1.000,0.000,0.0000
520.030,-97.019,-51.093,0.310,0.003,0.789,10.750,1.000,0.000,0.0000
520.040,-97.019,-51.060,0.310,0.003,0.789,10.750,1.000,0.000,0.0000
520.050,-97.019,-51.027,0.310,0.003,0.789,10.750,1.000,0.000,0.0000
520.060,-97.019,-50.993,0.310,0.004,0.789,10.750,1.000,0.000,0.0000
520.070,-97.019,-50.958,0.310,0.004,0.789,10.750,1.000,0.000,0.0000
520.080,-97.019,-50.924,0.310,0.004,0.789,10.750,1.000,0.000,0.0000
520.090,-97.019,-50.889,0.310,0.004,0.789,10.750,1.000,0.000,0.0000
520.100,-97.019,-50.853,0.310,0.004,0.789,10.750,1.000,0.000,0.0000
520.110,-97.019,-50.817,0.310,0.004,0.789,10.750,1.000,0.000,0.0000
520.120,-97.019,-50.781,0.310,0.004,0.789,10.750,1.000,0.000,0.0000
520.130,-97.019,-50.745,0.310,0.004,0.789,10.750,1.000,0.000,0.0000
520.140,-97.019,-50.708,0.310,0.004,0.789,10.750,1.000,0.000,0.0000
520.150,-97.019,-50.670,0.310,0.004,0.789,10.750,1.000,0.000,0.0000
520.160,-97.019,-50.632,0.310,0.004,0.789,10.750,1.000,0.000,0.0000
520.170,-97.019,-50.594,0.310,0.004,0.789,10.750,1.000,0.000,0.0000
520.180,-97.018,-50.556,0.310,0.004,0.789,10.750,1.000,0.000,0.0000
520.190,-97.018,-50.516,0.310,0.004,0.789,10.750,1.000,0.000,0.0000
520.200,-97.018,-50.477,0.310,0.003,0.789,10.750,1.000,0.000,0.0000
520.210,-97.018,-50.437,0.310,0.003,0.789,10.750,1.000,0.000,0.0000
520.220,-97.018,-50.397,0.310,0.003,0.789,10.750,1.000,0.000,0.0000
520.230,-97.018,-50.356,0.310,0.003,0.789,10.750,1.000,0.000,0.0000
520.240,-97.018,-50.315,0.310,0.003,0.789,10.750,1.000,0.000,0.0000
520.250,-97.018,-50.274,0.310,0.003,0.789,10.750,1.000,0.000,0.0000
520.260,-97.018,-50.232,0.310,0.003,0.788,10.750,1.000,0.000,0.0000
520.270,-97.018,-50.190,0.310,0.003,0.788,10.750,1.000,0.000,0.0000
520.280,-97.018,-50.148,0.310,0.003,0.788,10.750,1.000,0.000,0.0000
520.290,-97.018,-50.105,0.310,0.003,0.788,10.750,1.000,0.000,0.0000
520.300,-97.018,-50.061,0.310,0.004,0.788,10.750,1.000,0.000,0.0000
520.310,-97.018,-50.017,0.310,0.004,0.788,10.750,1.000,0.000,0.0000
520.320,-97.018,-49.973,0.310,0.004,0.788,10.750,1.000,0.000,0.0000
520.330,-97.018,-49.929,0.310,0.004,0.788,10.750,1.000,0.000,0.0000
520.340,-97.018,-49.884,0.310,0.004,0.788,10.750,1.000,0.000,0.0000
520.350,-97.018,-49.838,0.310,0.004,0.788,10.750,1.000,0.000,0.0000
520.360,-97.018,-49.793,0.310,0.004,0.788,10.750,1.000,0.000,0.0000
520.370,-97.018,-49.747,0.310,0.004,0.788,10.750,1.000,0.000,0.0000
520.380,-97.018,-49.700,0.310,0.004,0.788,10.750,1.000,0.000,0.0000
520.390,-97.018,-49.653,0.310,0.004,0.788,10.750,1.000,0.000,0.0000
520.400,-97.018,-49.606,0.310,0.004,0.788,10.750,1.000,0.000,0.0000
520.410,-97.018,-49.558,0.310,0.004,0.788,10.750,1.000,0.000,0.0000
520.420,-97.018,-49.510,0.310,0.004,0.788,10.750,1.000,0.000,0.0000
520.430,-97.018,-49.461,0.310,0.004,0.788,10.750,1.000,0.000,0.0000
520.440,-97.018,-49.412,0.310,0.004,0.788,10.750,1.000,0.000,0.0000
520.450,-97.018,-49.363,0.310,0.004,0.788,10.750,1.000,0.000,0.0000
520.460,-97.017,-49.313,0.310,0.004,0.788,10.750,1.000,0.000,0.0000
520.470,-97.017,-49.263,0.310,0.004,0.788,10.750,1.000,0.000,0.0000
520.480,-97.017,-49.213,0.310,0.004,0.788,10.750,1.000,0.000,0.0000
520.490,-97.017,-49.162,0.310,0.004,0.788,10.750,1.000,0.000,0.0000
520.500,-97.017,-49.110,0.310,0.004,0.788,10.750,1.000,0.000,0.0000
520.510,-97.017,-49.059,0.310,0.004,0.788,10.750,1.000,0.000,0.0000
520.520,-97.017,-49.007,0.310,0.004,0.788,10.750,1.000,0.000,0.0000
520.530,-97.017,-48.954,0.310,0.004,0.787,10.750,1.000,0.000,0.0000
520.540,-97.017,-48.901,0.310,0.004,0.787,10.750,1.000,0.000,0.0000
520.550,-97.017,-48.848,0.310,0.004,0.787,10.750,1.000,0.000,0.0000
520.560,-97.017,-48.794,0.310,0.004,0.787,10.750,1.000,0.000,0.0000
520.570,-97.017,-48.740,0.310,0.004,0.787,10.750,1.000,0.000,0.0000
520.580,-97.017,-48.686,0.310,0.004,0.787,10.750,1.000,0.000,0.0000
520.590,-97.017,-48.631,0.310,0.004,0.787,10.750,1.000,0.000,0.0000
520.600,-97.017,-48.576,0.310,0.004,0.787,10.750,1.000,0.000,0.0000
520.610,-97.017,-48.520,0.310,0.004,0.787,10.750,1.000,0.000,0.0000
520.620,-97.017,-48.464,0.310,0.004,0.787,10.750,1.000,0.000,0.0000
520.630,-97.017,-48.407,0.310,0.005,0.787,10.750,1.000,0.000,0.0000
520.640,-97.017,-48.350,0.310,0.005,0.787,10.750,1.000,0.000,0.0000
520.650,-97.017,-48.293,0.310,0.005,0.787,10.750,1.000,0.000,0.0000
520.660,-97.017,-48.236,0.310,0.005,0.787,10.750,1.000,0.000,0.0000
520.670,-97.017,-48.178,0.310,0.005,0.787,10.750,1.000,0.000,0.0000
520.680,-97.017,-48.119,0.310,0.005,0.787,10.750,1.000,0.000,0.0000
520.690,-97.016,-48.060,0.310,0.005,0.787,10.750,1.000,0.000,0.0000
520.700,-97.016,-48.001,0.310,0.005,0.787,10.750,1.000,0.000,0.0000
520.710,-97.016,-47.941,0.310,0.005,0.787,10.750,1.000,0.000,0.0000
520.720,-97.016,-47.881,0.310,0.005,0.787,10.750,1.000,0.000,0.0000
520.730,-97.016,-47.821,0.310,0.005,0.787,10.750,1.000,0.000,0.0000
520.740,-97.016,-47.760,0.310,0.005,0.787,10.750,1.000,0.000,0.0000
520.750,-97.016,-47.699,0.310,0.005,0.786,10.750,1.000,0.000,0.0000
520.760,-97.016,-47.637,0.310,0.005,0.786,10.750,1.000,0.000,0.0000
520.770,-97.016,-47.575,0.310,0.005,0.786,10.750,1.000,0.000,0.0000
520.780,-97.016,-47.513,0.310,0.005,0.786,10.750,1.000,0.000,0.0000
520.790,-97.016,-47.450,0.310,0.005,0.786,10.750,1.000,0.000,0.0000
520.800,-97.016,-47.387,0.310,0.005,0.786,10.750,1.000,0.000,0.0000
520.810,-97.016,-47.323,0.310,0.005,0.786,10.750,1.000,0.000,0.0000
520.820,-97.016,-47.259,0.310,0.005,0.786,10.750,1.000,0.000,0.0000
520.830,-97.016,-47.195,0.310,0.005,0.786,10.750,1.000,0.000,0.0000
520.840,-97.016,-47.130,0.310,0.005,0.786,10.750,1.000,0.000,0.0000
520.850,-97.016,-47.065,0.310,0.005,0.786,10.750,1.000,0.000,0.0000
520.860,-97.016,-46.999,0.310,0.005,0.786,10.750,1.000,0.000,0.0000
520.870,-97.016,-46.933,0.310,0.005,0.786,10.750,1.000,0.000,0.0000
520.880,-97.016,-46.867,0.310,0.005,0.786,10.750,1.000,0.000,0.0000
520.890,-97.015,-46.800,0.310,0.005,0.786,10.750,1.000,0.000,0.0000
520.900,-97.015,-46.733,0.310,0.005,0.786,10.750,1.000,0.000,0.0000
520.910,-97.015,-46.665,0.310,0.005,0.786,10.750,1.000,0.000,0.0000
520.920,-97.015,-46.597,0.310,0.005,0.786,10.750,1.000,0.000,0.0000
520.930,-97.015,-46.529,0.310,0.005,0.786,10.750,1.000,0.000,0.0000
520.940,-97.015,-46.460,0.310,0.005,0.785,10.750,1.000,0.000,0.0000
520.950,-97.015,-46.391,0.310,0.006,0.785,10.750,1.000,0.000,0.0000
520.960,-97.015,-46.321,0.310,0.006,0.785,10.750,1.000,0.000,0.0000
520.970,-97.015,-46.251,0.310,0.006,0.785,10.750,1.000,0.000,0.0000
520.980,-97.015,-46.181,0.310,0.006,0.785,10.750,1.000,0.000,0.0000
520.990,-97.015,-46.110,0.310,0.006,0.785,10.750,1.000,0.000,0.0000
521.000,-97.015,-46.039,0.310,0.006,0.785,10.750,1.000,0.000,0.0000
521.010,-97.015,-45.968,0.310,0.006,0.785,10.750,1.000,0.000,0.0000
521.020,-97.015,-45.896,0.310,0.006,0.785,10.750,1.000,0.000,0.0000
521.030,-97.015,-45.823,0.310,0.006,0.785,10.750,1.000,0.000,0.0000
521.040,-97.015,-45.751,0.310,0.006,0.785,10.750,1.000,0.000,0.0000
521.050,-97.015,-45.678,0.310,0.006,0.785,10.750,1.000,0.000,0.0000
521.060,-97.015,-45.604,0.310,0.006,0.785,10.750,1.000,0.000,0.0000
521.070,-97.014,-45.530,0.310,0.006,0.785,10.750,1.000,0.000,0.0000
521.080,-97.014,-45.456,0.310,0.006,0.785,10.750,1.000,0.000,0.0000
521.090,-97.014,-45.381,0.310,0.006,0.785,10.750,1.000,0.000,0.0000
521.100,-97.014,-45.306,0.310,0.006,0.785,10.750,1.000,0.000,0.0000
521.110,-97.014,-45.230,0.310,0.006,0.785,10.750,1.000,0.000,0.0000
521.120,-97.014,-45.154,0.310,0.006,0.784,10.750,1.000,0.000,0.0000
521.130,-97.014,-45.078,0.310,0.006,0.784,10.750,1.000,0.000,0.0000
521.140,-97.014,-45.001,0.310,0.006,0.784,10.750,1.000,0.000,0.0000
521.150,-97.014,-44.924,0.310,0.006,0.784,10.750,1.000,0.000,0.0000
521.160,-97.014,-44.847,0.310,0.006,0.784,10.750,1.000,0.000,0.0000
521.170,-97.014,-44.769,0.310,0.006,0.784,10.750,1.000,0.000,0.0000
521.180,-97.014,-44.691,0.310,0.006,0.784,10.750,1.000,0.000,0.0000
521.190,-97.014,-44.612,0.310,0.006,0.784,10.750,1.000,0.000,0.0000
521.200,-97.014,-44.533,0.310,0.006,0.784,10.750,1.000,0.000,0.0000
521.210,-97.014,-44.453,0.310,0.006,0.784,10.750,1.000,0.000,0.0000
521.220,-97.014,-44.374,0.310,0.006,0.784,10.750,1.000,0.000,0.0000
521.230,-97.013,-44.293,0.310,0.006,0.784,10.750,1.000,0.000,0.0000
521.240,-97.013,-44.213,0.310,0.006,0.784,10.750,1.000,0.000,0.0000
521.250,-97.013,-44.132,0.310,0.006,0.784,10.750,1.000,0.000,0.0000
521.260,-97.013,-44.050,0.310,0.006,0.784,10.750,1.000,0.000,0.0000
521.270,-97.013,-43.968,0.310,0.007,0.783,10.750,1.000,0.000,0.0000
521.280,-97.013,-43.886,0.310,0.007,0.783,10.750,1.000,0.000,0.0000
521.290,-97.013,-43.803,0.310,0.007,0.783,10.750,1.000,0.000,0.0000
521.300,-97.013,-43.720,0.310,0.007,0.783,10.750,1.000,0.000,0.0000
521.310,-97.013,-43.637,0.310,0.007,0.783,10.750,1.000,0.000,0.0000
521.320,-97.013,-43.553,0.310,0.007,0.783,10.750,1.000,0.000,0.0000
521.330,-97.013,-43.469,0.310,0.007,0.783,10.750,1.000,0.000,0.0000
521.340,-97.013,-43.384,0.310,0.007,0.783,10.750,1.000,0.000,0.0000
521.350,-97.013,-43.299,0.310,0.007,0.783,10.750,1.000,0.000,0.0000
521.360,-97.013,-43.214,0.310,0.007,0.783,10.750,1.000,0.000,0.0000
521.370,-97.013,-43.128,0.310,0.007,0.783,10.750,1.000,0.000,0.0000
521.380,-97.012,-43.042,0.310,0.007,0.783,10.750,1.000,0.000,0.0000
521.390,-97.012,-42.955,0.310,0.007,0.783,10.750,1.000,0.000,0.0000
521.400,-97.012,-42.868,0.310,0.007,0.783,10.750,1.000,0.000,0.0000
521.410,-97.012,-42.781,0.310,0.007,0.783,10.750,1.000,0.000,0.0000
521.420,-97.012,-42.693,0.310,0.007,0.782,10.750,1.000,0.000,0.0000
521.430,-97.012,-42.605,0.310,0.007,0.782,10.750,1.000,0.000,0.0000
521.440,-97.012,-42.516,0.310,0.007,0.782,10.750,1.000,0.000,0.0000
521.450,-97.012,-42.427,0.310,0.007,0.782,10.750,1.000,0.000,0.0000
521.460,-97.012,-42.338,0.310,0.007,0.782,10.750,1.000,0.000,0.0000
521.470,-97.012,-42.248,0.310,0.007,0.782,10.750,1.000,0.000,0.0000
521.480,-97.012,-42.158,0.310,0.007,0.782,10.749,1.000,0.000,0.0000
521.490,-97.012,-42.067,0.310,0.007,0.782,10.749,1.000,0.000,0.0000
521.500,-97.012,-41.976,0.310,0.007,0.782,10.749,1.000,0.000,0.0000
521.510,-97.012,-41.885,0.310,0.007,0.782,10.749,1.000,0.000,0.0000
521.520,-97.011,-41.793,0.310,0.007,0.782,10.749,1.000,0.000,0.0000
521.530,-97.011,-41.701,0.310,0.007,0.782,10.749,1.000,0.000,0.0000
521.540,-97.011,-41.608,0.310,0.007,0.782,10.749,1.000,0.000,0.0000
521.550,-97.011,-41.515,0.310,0.007,0.782,10.749,1.000,0.000,0.0000
521.560,-97.011,-41.422,0.310,0.007,0.781,10.749,1.000,0.000,0.0000
521.570,-97.011,-41.328,0.310,0.007,0.781,10.749,1.000,0.000,0.0000
521.580,-97.011,-41.234,0.310,0.008,0.781,10.749,1.000,0.000,0.0000
521.590,-97.011,-41.139,0.310,0.008,0.781,10.749,1.000,0.000,0.0000
521.600,-97.011,-41.044,0.310,0.008,0.781,10.749,1.000,0.000,0.0000
521.610,-97.011,-40.949,0.310,0.008,0.781,10.749,1.000,0.000,0.0000
521.620,-97.011,-40.853,0.310,0.008,0.781,10.749,1.000,0.000,0.0000
521.630,-97.011,-40.757,0.310,0.008,0.781,10.749,1.000,0.000,0.0000
521.640,-97.011,-40.660,0.310,0.008,0.781,10.749,1.000,0.000,0.0000
521.650,-97.011,-40.564,0.310,0.008,0.781,10.749,1.000,0.000,0.0000
521.660,-97.010,-40.466,0.310,0.008,0.781,10.749,1.000,0.000,0.0000
521.670,-97.010,-40.368,0.310,0.008,0.781,10.749,1.000,0.000,0.0000
521.680,-97.010,-40.270,0.310,0.008,0.781,10.749,1.000,0.000,0.0000
521.690,-97.010,-40.172,0.310,0.008,0.780,10.749,1.000,0.000,0.0000
521.700,-97.010,-40.073,0.310,0.008,0.780,10.749,1.000,0.000,0.0000
521.710,-97.010,-39.974,0.310,0.008,0.780,10.749,1.000,0.000,0.0000
521.720,-97.010,-39.874,0.310,0.008,0.780,10.749,1.000,0.000,0.0000
521.730,-97.010,-39.774,0.310,0.008,0.780,10.749,1.000,0.000,0.0000
521.740,-97.010,-39.673,0.310,0.008,0.780,10.749,1.000,0.000,0.0000
521.750,-97.010,-39.572,0.310,0.008,0.780,10.749,1.000,0.000,0.0000
521.760,-97.010,-39.471,0.310,0.008,0.780,10.749,1.000,0.000,0.0000
521.770,-97.010,-39.369,0.310,0.008,0.780,10.749,1.000,0.000,0.0000
521.780,-97.009,-39.267,0.310,0.008,0.780,10.749,1.000,0.000,0.0000
521.790,-97.009,-39.165,0.310,0.008,0.780,10.749,1.000,0.000,0.0000
521.800,-97.009,-39.062,0.310,0.008,0.780,10.749,1.000,0.000,0.0000
521.810,-97.009,-38.959,0.310,0.008,0.779,10.749,1.000,0.000,0.0000
521.820,-97.009,-38.855,0.310,0.008,0.779,10.749,1.000,0.000,0.0000
521.830,-97.009,-38.751,0.310,0.008,0.779,10.749,1.000,0.000,0.0000
521.840,-97.009,-38.646,0.310,0.008,0.779,10.749,1.000,0.000,0.0000
521.850,-97.009,-38.541,0.310,0.008,0.779,10.749,1.000,0.000,0.0000
521.860,-97.009,-38.436,0.310,0.008,0.779,10.749,1.000,0.000,0.0000
521.870,-97.009,-38.331,0.310,0.008,0.779,10.749,1.000,0.000,0.0000
521.880,-97.009,-38.224,0.310,0.008,0.779,10.749,1.000,0.000,0.0000
521.890,-97.009,-38.118,0.310,0.008,0.779,10.749,1.000,0.000,0.0000
521.900,-97.008,-38.011,0.310,0.009,0.779,10.749,1.000,0.000,0.0000
521.910,-97.008,-37.904,0.310,0.009,0.779,10.749,1.000,0.000,0.0000
521.920,-97.008,-37.796,0.310,0.009,0.779,10.749,1.000,0.000,0.0000
521.930,-97.008,-37.688,0.310,0.009,0.778,10.749,1.000,0.000,0.0000
521.940,-97.008,-37.580,0.310,0.009,0.778,10.749,1.000,0.000,0.0000
521.950,-97.008,-37.471,0.310,0.009,0.778,10.749,1.000,0.000,0.0000
521.960,-97.008,-37.362,0.310,0.009,0.778,10.749,1.000,0.000,0.0000
521.970,-97.008,-37.252,0.310,0.009,0.778,10.749,1.000,0.000,0.0000
521.980,-97.008,-37.142,0.310,0.009,0.778,10.749,1.000,0.000,0.0000
521.990,-97.008,-37.032,0.310,0.009,0.778,10.749,1.000,0.000,0.0000
522.000,-97.008,-36.921,0.310,0.009,0.778,10.749,1.000,0.000,0.0000
522.010,-97.008,-36.810,0.310,0.010,0.778,10.749,1.000,0.000,0.0000
522.020,-97.007,-36.698,0.310,0.014,0.778,10.749,1.000,0.000,0.0000
522.030,-97.007,-36.587,0.311,0.020,0.778,10.749,1.000,0.000,0.0000
522.040,-97.007,-36.476,0.311,0.028,0.778,10.748,1.000,0.000,0.0000
522.050,-97.007,-36.365,0.311,0.035,0.777,10.748,1.000,0.000,0.0000
522.060,-97.007,-36.253,0.312,0.042,0.777,10.748,1.000,0.000,0.0000
522.070,-97.007,-36.142,0.312,0.047,0.777,10.747,1.000,0.000,0.0000
522.080,-97.007,-36.031,0.313,0.051,0.777,10.747,1.000,0.000,0.0000
522.090,-97.007,-35.920,0.313,0.054,0.777,10.746,1.000,0.000,0.0000
522.100,-97.007,-35.809,0.314,0.056,0.777,10.746,1.000,0.000,0.0000
522.110,-97.007,-35.697,0.314,0.056,0.777,10.745,1.000,0.000,0.0000
522.120,-97.007,-35.586,0.315,0.056,0.777,10.745,1.000,0.000,0.0000
522.130,-97.006,-35.475,0.315,0.056,0.777,10.744,1.000,0.000,0.0000
522.140,-97.006,-35.364,0.316,0.054,0.777,10.743,1.000,0.000,0.0000
522.150,-97.006,-35.252,0.316,0.052,0.777,10.743,1.000,0.000,0.0000
522.160,-97.006,-35.141,0.317,0.049,0.777,10.742,1.000,0.000,0.0000
522.170,-97.006,-35.030,0.317,0.046,0.777,10.742,1.000,0.000,0.0000
522.180,-97.006,-34.919,0.318,0.042,0.777,10.742,1.000,0.000,0.0000
522.190,-97.006,-34.808,0.318,0.038,0.776,10.741,1.000,0.000,0.0000
522.200,-97.006,-34.696,0.318,0.034,0.776,10.741,1.000,0.000,0.0000
522.210,-97.006,-34.585,0.319,0.030,0.776,10.741,1.000,0.000,0.0000
522.220,-97.006,-34.474,0.319,0.026,0.776,10.740,1.000,0.000,0.0000
522.230,-97.006,-34.363,0.319,0.022,0.776,10.740,1.000,0.000,0.0000
522.240,-97.005,-34.252,0.319,0.017,0.776,10.740,1.000,0.000,0.0000
522.250,-97.005,-34.141,0.319,0.014,0.776,10.740,1.000,0.000,0.0000
522.260,-97.005,-34.030,0.319,0.011,0.776,10.740,1.000,0.000,0.0000
522.270,-97.005,-33.919,0.319,0.009,0.776,10.740,1.000,0.000,0.0000
522.280,-97.005,-33.807,0.319,0.009,0.776,10.740,1.000,0.000,0.0000
522.290,-97.005,-33.696,0.319,0.010,0.776,10.740,1.000,0.000,0.0000
522.300,-97.005,-33.585,0.319,0.012,0.776,10.740,1.000,0.000,0.0000
522.310,-97.005,-33.474,0.319,0.014,0.775,10.740,1.000,0.000,0.0000
522.320,-97.005,-33.363,0.319,0.016,0.775,10.740,1.000,0.000,0.0000
522.330,-97.005,-33.252,0.319,0.018,0.775,10.740,1.000,0.000,0.0000
522.340,-97.005,-33.141,0.319,0.020,0.775,10.740,1.000,0.000,0.0000
522.350,-97.005,-33.030,0.319,0.021,0.775,10.741,1.000,0.000,0.0000
522.360,-97.004,-32.919,0.318,0.022,0.775,10.741,1.000,0.000,0.0000
522.370,-97.004,-32.808,0.318,0.022,0.775,10.741,1.000,0.000,0.0000
522.380,-97.004,-32.697,0.318,0.023,0.775,10.741,1.000,0.000,0.0000
522.390,-97.004,-32.586,0.318,0.022,0.775,10.741,1.000,0.000,0.0000
522.400,-97.004,-32.475,0.317,0.022,0.775,10.742,1.000,0.000,0.0000
522.410,-97.004,-32.364,0.317,0.022,0.774,10.742,1.000,0.000,0.0000
522.420,-97.004,-32.253,0.317,0.021,0.774,10.742,1.000,0.000,0.0000
522.430,-97.004,-32.142,0.317,0.020,0.774,10.742,1.000,0.000,0.0000
522.440,-97.004,-32.030,0.317,0.019,0.774,10.742,1.000,0.000,0.0000
522.450,-97.004,-31.919,0.317,0.017,0.774,10.742,1.000,0.000,0.0000
522.460,-97.004,-31.808,0.316,0.016,0.774,10.742,1.000,0.000,0.0000
522.470,-97.003,-31.697,0.316,0.015,0.774,10.743,1.000,0.000,0.0000
522.480,-97.003,-31.586,0.316,0.014,0.774,10.743,1.000,0.000,0.0000
522.490,-97.003,-31.475,0.316,0.012,0.774,10.743,1.000,0.000,0.0000
522.500,-97.003,-31.364,0.316,0.011,0.774,10.743,1.000,0.000,0.0000
522.510,-97.003,-31.253,0.316,0.010,0.774,10.743,1.000,0.000,0.0000
522.520,-97.003,-31.142,0.316,0.010,0.773,10.743,1.000,0.000,0.0000
522.530,-97.003,-31.031,0.316,0.009,0.773,10.743,1.000,0.000,0.0000
522.540,-97.003,-30.920,0.316,0.009,0.773,10.743,1.000,0.000,0.0000
522.550,-97.003,-30.809,0.316,0.009,0.773,10.743,1.000,0.000,0.0000
522.560,-97.003,-30.697,0.316,0.009,0.773,10.743,1.000,0.000,0.0000
522.570,-97.003,-30.586,0.316,0.010,0.773,10.743,1.000,0.000,0.0000
522.580,-97.002,-30.475,0.316,0.010,0.773,10.743,1.000,0.000,0.0000
522.590,-97.002,-30.364,0.316,0.010,0.773,10.743,1.000,0.000,0.0000
522.600,-97.002,-30.253,0.316,0.011,0.773,10.743,1.000,0.000,0.0000
522.610,-97.002,-30.142,0.316,0.011,0.773,10.743,1.000,0.000,0.0000
522.620,-97.002,-30.031,0.316,0.011,0.773,10.742,1.000,0.000,0.0000
522.630,-97.002,-29.920,0.316,0.012,0.772,10.742,1.000,0.000,0.0000
522.640,-97.002,-29.809,0.317,0.012,0.772,10.742,1.000,0.000,0.0000
522.650,-97.002,-29.697,0.317,0.012,0.772,10.742,1.000,0.000,0.0000
522.660,-97.002,-29.586,0.317,0.012,0.772,10.742,1.000,0.000,0.0000
522.670,-97.002,-29.475,0.317,0.012,0.772,10.742,1.000,0.000,0.0000
522.680,-97.002,-29.364,0.317,0.011,0.772,10.742,1.000,0.000,0.0000
522.690,-97.001,-29.253,0.317,0.011,0.772,10.742,1.000,0.000,0.0000
522.700,-97.001,-29.142,0.317,0.011,0.772,10.742,1.000,0.000,0.0000
522.710,-97.001,-29.031,0.317,0.011,0.772,10.742,1.000,0.000,0.0000
522.720,-97.001,-28.920,0.317,0.010,0.772,10.742,1.000,0.000,0.0000
522.730,-97.001,-28.809,0.317,0.010,0.772,10.742,1.000,0.000,0.0000
522.740,-97.001,-28.697,0.317,0.010,0.772,10.742,1.000,0.000,0.0000
522.750,-97.001,-28.586,0.317,0.010,0.771,10.742,1.000,0.000,0.0000
522.760,-97.001,-28.475,0.317,0.009,0.771,10.742,1.000,0.000,0.0000
522.770,-97.001,-28.364,0.317,0.009,0.771,10.741,1.000,0.000,0.0000
522.780,-97.001,-28.253,0.317,0.009,0.771,10.741,1.000,0.000,0.0000
522.790,-97.001,-28.142,0.317,0.009,0.771,10.741,1.000,0.000,0.0000
522.800,-97.001,-28.031,0.317,0.009,0.771,10.741,1.000,0.000,0.0000
522.810,-97.000,-27.920,0.317,0.009,0.771,10.741,1.000,0.000,0.0000
522.820,-97.000,-27.809,0.317,0.009,0.771,10.741,1.000,0.000,0.0000
522.830,-97.000,-27.698,0.317,0.009,0.771,10.741,1.000,0.000,0.0000
522.840,-97.000,-27.586,0.317,0.009,0.771,10.741,1.000,0.000,0.0000
522.850,-97.000,-27.475,0.317,0.009,0.771,10.741,1.000,0.000,0.0000
522.860,-97.000,-27.364,0.317,0.009,0.770,10.741,1.000,0.000,0.0000
522.870,-97.000,-27.253,0.317,0.009,0.770,10.741,1.000,0.000,0.0000
522.880,-97.000,-27.142,0.317,0.009,0.770,10.741,1.000,0.000,0.0000
522.890,-97.000,-27.031,0.317,0.009,0.770,10.742,1.000,0.000,0.0000
522.900,-97.000,-26.920,0.317,0.009,0.770,10.742,1.000,0.000,0.0000
522.910,-97.000,-26.809,0.317,0.009,0.770,10.742,1.000,0.000,0.0000
522.920,-96.999,-26.698,0.317,0.009,0.770,10.742,1.000,0.000,0.0000
522.930,-96.999,-26.587,0.317,0.009,0.770,10.742,1.000,0.000,0.0000
522.940,-96.999,-26.475,0.317,0.009,0.770,10.742,1.000,0.000,0.0000
522.950,-96.999,-26.364,0.317,0.009,0.770,10.742,1.000,0.000,0.0000
522.960,-96.999,-26.253,0.317,0.009,0.770,10.742,1.000,0.000,0.0000
522.970,-96.999,-26.142,0.317,0.009,0.769,10.742,1.000,0.000,0.0000
522.980,-96.999,-26.031,0.317,0.009,0.769,10.742,1.000,0.000,0.0000
522.990,-96.999,-25.920,0.317,0.009,0.769,10.742,1.000,0.000,0.0000
523.000,-96.999,-25.809,0.317,0.009,0.769,10.742,1.000,0.000,0.0000
523.010,-96.999,-25.698,0.317,0.009,0.769,10.742,1.000,0.000,0.0000
523.020,-96.999,-25.587,0.317,0.009,0.769,10.742,1.000,0.000,0.0000
523.030,-96.998,-25.476,0.317,0.009,0.769,10.742,1.000,0.000,0.0000
523.040,-96.998,-25.365,0.317,0.009,0.769,10.742,1.000,0.000,0.0000
523.050,-96.998,-25.253,0.317,0.009,0.769,10.742,1.000,0.000,0.0000
523.060,-96.998,-25.142,0.317,0.009,0.769,10.742,1.000,0.000,0.0000
523.070,-96.998,-25.031,0.317,0.009,0.769,10.742,1.000,0.000,0.0000
523.080,-96.998,-24.920,0.317,0.009,0.769,10.742,1.000,0.000,0.0000
523.090,-96.998,-24.809,0.317,0.009,0.768,10.742,1.000,0.000,0.0000
523.100,-96.998,-24.698,0.317,0.009,0.768,10.742,1.000,0.000,0.0000
523.110,-96.998,-24.587,0.317,0.009,0.768,10.742,1.000,0.000,0.0000
523.120,-96.998,-24.476,0.317,0.009,0.768,10.742,1.000,0.000,0.0000
523.130,-96.998,-24.365,0.317,0.009,0.768,10.742,1.000,0.000,0.0000
523.140,-96.998,-24.254,0.317,0.009,0.768,10.742,1.000,0.000,0.0000
523.150,-96.997,-24.142,0.317,0.009,0.768,10.742,1.000,0.000,0.0000
523.160,-96.997,-24.031,0.317,0.009,0.768,10.742,1.000,0.000,0.0000
523.170,-96.997,-23.920,0.317,0.009,0.768,10.742,1.000,0.000,0.0000
523.180,-96.997,-23.809,0.317,0.009,0.768,10.742,1.000,0.000,0.0000
523.190,-96.997,-23.698,0.317,0.009,0.768,10.741,1.000,0.000,0.0000
523.200,-96.997,-23.587,0.317,0.009,0.767,10.741,1.000,0.000,0.0000
523.210,-96.997,-23.476,0.317,0.009,0.767,10.741,1.000,0.000,0.0000
523.220,-96.997,-23.365,0.317,0.009,0.767,10.741,1.000,0.000,0.0000
523.230,-96.997,-23.254,0.317,0.009,0.767,10.741,1.000,0.000,0.0000
523.240,-96.997,-23.143,0.317,0.009,0.767,10.741,1.000,0.000,0.0000
523.250,-96.997,-23.031,0.317,0.009,0.767,10.741,1.000,0.000,0.0000
523.260,-96.996,-22.920,0.317,0.009,0.767,10.741,1.000,0.000,0.0000
523.270,-96.996,-22.809,0.317,0.009,0.767,10.741,1.000,0.000,0.0000
523.280,-96.996,-22.698,0.317,0.009,0.767,10.741,1.000,0.000,0.0000
523.290,-96.996,-22.587,0.317,0.009,0.767,10.741,1.000,0.000,0.0000
523.300,-96.996,-22.476,0.317,0.009,0.767,10.741,1.000,0.000,0.0000
523.310,-96.996,-22.365,0.317,0.009,0.766,10.741,1.000,0.000,0.0000
523.320,-96.996,-22.254,0.317,0.009,0.766,10.741,1.000,0.000,0.0000
523.330,-96.996,-22.143,0.317,0.009,0.766,10.741,1.000,0.000,0.0000
523.340,-96.996,-22.032,0.317,0.009,0.766,10.741,1.000,0.000,0.0000
523.350,-96.996,-21.920,0.317,0.009,0.766,10.741,1.000,0.000,0.0000
523.360,-96.996,-21.809,0.317,0.009,0.766,10.741,1.000,0.000,0.0000
523.370,-96.995,-21.698,0.317,0.009,0.766,10.741,1.000,0.000,0.0000
523.380,-96.995,-21.587,0.317,0.009,0.766,10.741,1.000,0.000,0.0000
523.390,-96.995,-21.476,0.317,0.009,0.766,10.741,1.000,0.000,0.0000
523.400,-96.995,-21.365,0.317,0.009,0.766,10.741,1.000,0.000,0.0000
523.410,-96.995,-21.254,0.317,0.009,0.766,10.741,1.000,0.000,0.0000
523.420,-96.995,-21.143,0.317,0.009,0.765,10.741,1.000,0.000,0.0000
523.430,-96.995,-21.032,0.317,0.009,0.765,10.741,1.000,0.000,0.0000
523.440,-96.995,-20.921,0.317,0.009,0.765,10.741,1.000,0.000,0.0000
523.450,-96.995,-20.809,0.317,0.009,0.765,10.741,1.000,0.000,0.0000
523.460,-96.995,-20.698,0.317,0.009,0.765,10.741,1.000,0.000,0.0000
523.470,-96.995,-20.587,0.317,0.009,0.765,10.741,1.000,0.000,0.0000
523.480,-96.994,-20.476,0.317,0.009,0.765,10.741,1.000,0.000,0.0000
523.490,-96.994,-20.365,0.317,0.009,0.765,10.741,1.000,0.000,0.0000
523.500,-96.994,-20.254,0.317,0.009,0.765,10.741,1.000,0.000,0.0000
523.510,-96.994,-20.143,0.317,0.009,0.765,10.741,1.000,0.000,0.0000
523.520,-96.994,-20.032,0.317,0.009,0.765,10.741,1.000,0.000,0.0000
523.530,-96.994,-19.921,0.317,0.009,0.765,10.741,1.000,0.000,0.0000
523.540,-96.994,-19.810,0.317,0.009,0.764,10.741,1.000,0.000,0.0000
523.550,-96.994,-19.698,0.317,0.009,0.764,10.741,1.000,0.000,0.0000
523.560,-96.994,-19.587,0.317,0.009,0.764,10.741,1.000,0.000,0.0000
523.570,-96.994,-19.476,0.317,0.009,0.764,10.741,1.000,0.000,0.0000
523.580,-96.994,-19.365,0.317,0.009,0.764,10.741,1.000,0.000,0.0000
523.590,-96.994,-19.254,0.317,0.009,0.764,10.741,1.000,0.000,0.0000
523.600,-96.993,-19.143,0.317,0.009,0.764,10.741,1.000,0.000,0.0000
523.610,-96.993,-19.032,0.317,0.009,0.764,10.741,1.000,0.000,0.0000
523.620,-96.993,-18.921,0.317,0.009,0.764,10.741,1.000,0.000,0.0000
523.630,-96.993,-18.810,0.317,0.009,0.764,10.741,1.000,0.000,0.0000
523.640,-96.993,-18.699,0.317,0.009,0.764,10.741,1.000,0.000,0.0000
523.650,-96.993,-18.587,0.317,0.009,0.763,10.741,1.000,0.000,0.0000
523.660,-96.993,-18.476,0.317,0.009,0.763,10.741,1.000,0.000,0.0000
523.670,-96.993,-18.365,0.317,0.009,0.763,10.741,1.000,0.000,0.0000
523.680,-96.993,-18.254,0.317,0.009,0.763,10.741,1.000,0.000,0.0000
523.690,-96.993,-18.143,0.317,0.009,0.763,10.741,1.000,0.000,0.0000
523.700,-96.993,-18.032,0.317,0.009,0.763,10.741,1.000,0.000,0.0000
523.710,-96.992,-17.921,0.317,0.009,0.763,10.741,1.000,0.000,0.0000
523.720,-96.992,-17.810,0.317,0.009,0.763,10.741,1.000,0.000,0.0000
523.730,-96.992,-17.699,0.317,0.009,0.763,10.741,1.000,0.000,0.0000
523.740,-96.992,-17.588,0.317,0.009,0.763,10.741,1.000,0.000,0.0000
523.750,-96.992,-17.476,0.317,0.009,0.763,10.741,1.000,0.000,0.0000
523.760,-96.992,-17.365,0.317,0.009,0.762,10.741,1.000,0.000,0.0000
523.770,-96.992,-17.254,0.317,0.009,0.762,10.741,1.000,0.000,0.0000
523.780,-96.992,-17.143,0.317,0.009,0.762,10.741,1.000,0.000,0.0000
523.790,-96.992,-17.032,0.317,0.009,0.762,10.741,1.000,0.000,0.0000
523.800,-96.992,-16.921,0.317,0.009,0.762,10.741,1.000,0.000,0.0000
523.810,-96.992,-16.810,0.317,0.009,0.762,10.741,1.000,0.000,0.0000
523.820,-96.991,-16.699,0.317,0.009,0.762,10.741,1.000,0.000,0.0000
523.830,-96.991,-16.588,0.317,0.009,0.762,10.741,1.000,0.000,0.0000
523.840,-96.991,-16.477,0.317,0.009,0.762,10.741,1.000,0.000,0.0000
523.850,-96.991,-16.366,0.317,0.009,0.762,10.741,1.000,0.000,0.0000
523.860,-96.991,-16.254,0.317,0.009,0.762,10.741,1.000,0.000,0.0000
523.870,-96.991,-16.143,0.317,0.009,0.762,10.741,1.000,0.000,0.0000
523.880,-96.991,-16.032,0.317,0.009,0.761,10.741,1.000,0.000,0.0000
523.890,-96.991,-15.921,0.317,0.009,0.761,10.741,1.000,0.000,0.0000
523.900,-96.991,-15.810,0.317,0.009,0.761,10.741,1.000,0.000,0.0000
523.910,-96.991,-15.699,0.317,0.009,0.761,10.741,1.000,0.000,0.0000
523.920,-96.991,-15.588,0.317,0.009,0.761,10.741,1.000,0.000,0.0000
523.930,-96.991,-15.477,0.317,0.009,0.761,10.741,1.000,0.000,0.0000
523.940,-96.990,-15.366,0.317,0.009,0.761,10.741,1.000,0.000,0.0000
523.950,-96.990,-15.255,0.317,0.009,0.761,10.741,1.000,0.000,0.0000
523.960,-96.990,-15.143,0.317,0.009,0.761,10.741,1.000,0.000,0.0000
523.970,-96.990,-15.032,0.317,0.009,0.761,10.741,1.000,0.000,0.0000
523.980,-96.990,-14.921,0.317,0.009,0.761,10.741,1.000,0.000,0.0000
523.990,-96.990,-14.810,0.317,0.009,0.760,10.741,1.000,0.000,0.0000
524.000,-96.990,-14.699,0.317,0.009,0.760,10.741,1.000,0.000,0.0000
524.010,-96.990,-14.588,0.317,0.009,0.760,10.741,1.000,0.000,0.0000
524.020,-96.990,-14.477,0.317,0.009,0.760,10.741,1.000,0.000,0.0000
524.030,-96.990,-14.366,0.317,0.009,0.760,10.741,1.000,0.000,0.0000
524.040,-96.990,-14.255,0.317,0.009,0.760,10.741,1.000,0.000,0.0000
524.050,-96.989,-14.144,0.317,0.009,0.760,10.741,1.000,0.000,0.0000
524.060,-96.989,-14.032,0.317,0.009,0.760,10.741,1.000,0.000,0.0000
524.070,-96.989,-13.921,0.317,0.009,0.760,10.741,1.000,0.000,0.0000
524.080,-96.989,-13.810,0.317,0.009,0.760,10.741,1.000,0.000,0.0000
524.090,-96.989,-13.699,0.317,0.009,0.760,10.741,1.000,0.000,0.0000
524.100,-96.989,-13.588,0.317,0.009,0.759,10.741,1.000,0.000,0.0000
524.110,-96.989,-13.477,0.317,0.009,0.759,10.741,1.000,0.000,0.0000
524.120,-96.989,-13.366,0.317,0.009,0.759,10.741,1.000,0.000,0.0000
524.130,-96.989,-13.255,0.317,0.009,0.759,10.741,1.000,0.000,0.0000
524.140,-96.989,-13.144,0.317,0.009,0.759,10.741,1.000,0.000,0.0000
524.150,-96.989,-13.033,0.317,0.009,0.759,10.741,1.000,0.000,0.0000
524.160,-96.988,-12.921,0.317,0.009,0.759,10.741,1.000,0.000,0.0000
524.170,-96.988,-12.810,0.317,0.009,0.759,10.741,1.000,0.000,0.0000
524.180,-96.988,-12.699,0.317,0.009,0.759,10.741,1.000,0.000,0.0000
524.190,-96.988,-12.588,0.317,0.009,0.759,10.741,1.000,0.000,0.0000
524.200,-96.988,-12.477,0.317,0.009,0.759,10.741,1.000,0.000,0.0000
524.210,-96.988,-12.366,0.317,0.009,0.759,10.741,1.000,0.000,0.0000
524.220,-96.988,-12.255,0.317,0.009,0.758,10.741,1.000,0.000,0.0000
524.230,-96.988,-12.144,0.317,0.009,0.758,10.741,0.940,0.000,0.0000
524.240,-96.988,-12.033,0.317,0.010,0.758,10.741,0.880,0.000,0.0000
524.250,-96.988,-11.922,0.317,0.014,0.758,10.740,0.820,0.000,0.0000
524.260,-96.988,-11.812,0.317,0.020,0.758,10.740,0.760,0.000,0.0000
524.270,-96.987,-11.702,0.318,0.028,0.758,10.740,0.700,0.000,0.0000
524.280,-96.987,-11.592,0.318,0.036,0.758,10.740,0.640,0.000,0.0000
524.290,-96.987,-11.483,0.318,0.042,0.758,10.739,0.580,0.000,0.0000
524.300,-96.987,-11.374,0.319,0.048,0.758,10.739,0.520,0.000,0.0000
524.310,-96.987,-11.266,0.319,0.052,0.758,10.738,0.460,0.000,0.0000
524.320,-96.987,-11.158,0.320,0.055,0.758,10.738,0.400,0.000,0.0000
524.330,-96.987,-11.051,0.320,0.057,0.758,10.737,0.340,0.000,0.0000
524.340,-96.987,-10.943,0.321,0.058,0.758,10.737,0.280,0.000,0.0000
524.350,-96.987,-10.837,0.321,0.058,0.757,10.736,0.220,0.000,0.0000
524.360,-96.987,-10.730,0.322,0.057,0.757,10.735,0.160,0.000,0.0000
524.370,-96.987,-10.624,0.323,0.055,0.757,10.735,0.100,0.000,0.0000
524.380,-96.987,-10.519,0.323,0.053,0.757,10.734,0.040,0.000,0.0000
524.390,-96.986,-10.414,0.324,0.050,0.757,10.734,0.000,0.000,0.0000
524.400,-96.986,-10.309,0.324,0.047,0.757,10.733,0.000,0.000,0.0000
524.410,-96.986,-10.205,0.325,0.044,0.757,10.733,0.000,0.000,0.0000
524.420,-96.986,-10.101,0.325,0.040,0.757,10.732,0.000,0.000,0.0000
524.430,-96.986,-9.997,0.325,0.036,0.757,10.732,0.000,0.000,0.0000
524.440,-96.986,-9.894,0.326,0.031,0.757,10.732,0.000,0.000,0.0000
524.450,-96.986,-9.792,0.326,0.027,0.757,10.732,0.000,0.000,0.0000
524.460,-96.986,-9.689,0.326,0.022,0.757,10.731,0.000,0.000,0.0000
524.470,-96.986,-9.587,0.326,0.018,0.757,10.731,0.000,0.000,0.0000
524.480,-96.986,-9.486,0.326,0.014,0.757,10.731,0.000,0.000,0.0000
524.490,-96.986,-9.385,0.326,0.011,0.757,10.731,0.000,0.000,0.0000
524.500,-96.986,-9.284,0.326,0.009,0.756,10.731,0.000,0.000,0.0000
524.510,-96.985,-9.184,0.326,0.008,0.756,10.731,0.000,0.000,0.0000
524.520,-96.985,-9.084,0.326,0.009,0.756,10.731,0.000,0.000,0.0000
524.530,-96.985,-8.985,0.326,0.011,0.756,10.731,0.000,0.000,0.0000
524.540,-96.985,-8.886,0.326,0.013,0.756,10.731,0.000,0.000,0.0000
524.550,-96.985,-8.787,0.326,0.015,0.756,10.731,0.000,0.000,0.0000
524.560,-96.985,-8.689,0.326,0.017,0.756,10.731,0.000,0.000,0.0000
524.570,-96.985,-8.591,0.326,0.019,0.756,10.732,0.000,0.000,0.0000
524.580,-96.985,-8.493,0.326,0.020,0.756,10.732,0.000,0.000,0.0000
524.590,-96.985,-8.396,0.325,0.021,0.756,10.732,0.000,0.000,0.0000
524.600,-96.985,-8.300,0.325,0.022,0.756,10.732,0.000,0.000,0.0000
524.610,-96.985,-8.203,0.325,0.022,0.756,10.732,0.000,0.000,0.0000
524.620,-96.985,-8.108,0.325,0.022,0.755,10.733,0.000,0.000,0.0000
524.630,-96.985,-8.012,0.324,0.022,0.755,10.733,0.000,0.000,0.0000
524.640,-96.984,-7.917,0.324,0.022,0.755,10.733,0.000,0.000,0.0000
524.650,-96.984,-7.822,0.324,0.021,0.755,10.733,0.000,0.000,0.0000
524.660,-96.984,-7.728,0.324,0.020,0.755,10.733,0.000,0.000,0.0000
524.670,-96.984,-7.634,0.324,0.019,0.755,10.734,0.000,0.000,0.0000
524.680,-96.984,-7.541,0.324,0.017,0.755,10.734,0.000,0.000,0.0000
524.690,-96.984,-7.448,0.323,0.016,0.755,10.734,0.000,0.000,0.0000
524.700,-96.984,-7.355,0.323,0.015,0.755,10.734,0.000,0.000,0.0000
524.710,-96.984,-7.263,0.323,0.013,0.755,10.734,0.000,0.000,0.0000
524.720,-96.984,-7.171,0.323,0.012,0.755,10.734,0.000,0.000,0.0000
524.730,-96.984,-7.079,0.323,0.010,0.755,10.734,0.000,0.000,0.0000
524.740,-96.984,-6.988,0.323,0.009,0.754,10.734,0.000,0.000,0.0000
524.750,-96.984,-6.897,0.323,0.008,0.754,10.734,0.000,0.000,0.0000
524.760,-96.984,-6.807,0.323,0.008,0.754,10.734,0.000,0.000,0.0000
524.770,-96.984,-6.717,0.323,0.007,0.754,10.734,0.000,0.000,0.0000
524.780,-96.983,-6.627,0.323,0.007,0.754,10.734,0.000,0.000,0.0000
524.790,-96.983,-6.538,0.323,0.007,0.754,10.734,0.000,0.000,0.0000
524.800,-96.983,-6.450,0.323,0.008,0.754,10.734,0.000,0.000,0.0000
524.810,-96.983,-6.361,0.323,0.008,0.754,10.734,0.000,0.000,0.0000
524.820,-96.983,-6.273,0.323,0.009,0.754,10.734,0.000,0.000,0.0000
524.830,-96.983,-6.186,0.323,0.009,0.754,10.734,0.000,0.000,0.0000
524.840,-96.983,-6.098,0.323,0.010,0.754,10.734,0.000,0.000,0.0000
524.850,-96.983,-6.012,0.323,0.010,0.754,10.734,0.000,0.000,0.0000
524.860,-96.983,-5.925,0.323,0.010,0.754,10.734,0.000,0.000,0.0000
524.870,-96.983,-5.839,0.323,0.010,0.754,10.734,0.000,0.000,0.0000
524.880,-96.983,-5.754,0.323,0.010,0.753,10.734,0.000,0.000,0.0000
524.890,-96.983,-5.668,0.324,0.010,0.753,10.734,0.000,0.000,0.0000
524.900,-96.983,-5.584,0.324,0.010,0.753,10.733,0.000,0.000,0.0000
524.910,-96.983,-5.499,0.324,0.010,0.753,10.733,0.000,0.000,0.0000
524.920,-96.982,-5.415,0.324,0.010,0.753,10.733,0.000,0.000,0.0000
524.930,-96.982,-5.332,0.324,0.009,0.753,10.733,0.000,0.000,0.0000
524.940,-96.982,-5.248,0.324,0.009,0.753,10.733,0.000,0.000,0.0000
524.950,-96.982,-5.166,0.324,0.009,0.753,10.733,0.000,0.000,0.0000
524.960,-96.982,-5.083,0.324,0.008,0.753,10.733,0.000,0.000,0.0000
524.970,-96.982,-5.001,0.324,0.008,0.753,10.733,0.000,0.000,0.0000
524.980,-96.982,-4.920,0.324,0.008,0.753,10.733,0.000,0.000,0.0000
524.990,-96.982,-4.838,0.324,0.007,0.753,10.733,0.000,0.000,0.0000
525.000,-96.982,-4.758,0.324,0.007,0.753,10.733,0.000,0.000,0.0000
525.010,-96.982,-4.677,0.324,0.007,0.753,10.733,0.000,0.000,0.0000
525.020,-96.982,-4.597,0.324,0.007,0.753,10.733,0.000,0.000,0.0000
525.030,-96.982,-4.517,0.324,0.006,0.753,10.733,0.000,0.000,0.0000
525.040,-96.982,-4.438,0.324,0.006,0.752,10.733,0.000,0.000,0.0000
525.050,-96.982,-4.359,0.324,0.006,0.752,10.733,0.000,0.000,0.0000
525.060,-96.982,-4.281,0.324,0.006,0.752,10.733,0.000,0.000,0.0000
525.070,-96.982,-4.203,0.324,0.006,0.752,10.733,0.000,0.000,0.0000
525.080,-96.981,-4.125,0.324,0.006,0.752,10.733,0.000,0.000,0.0000
525.090,-96.981,-4.048,0.324,0.006,0.752,10.733,0.040,0.000,0.0000
525.100,-96.981,-3.971,0.324,0.007,0.752,10.733,0.080,0.000,0.0000
525.110,-96.981,-3.895,0.324,0.007,0.752,10.733,0.120,0.000,0.0000
525.120,-96.981,-3.819,0.324,0.007,0.752,10.733,0.160,0.000,0.0000
525.130,-96.981,-3.743,0.324,0.007,0.752,10.733,0.200,0.000,0.0000
525.140,-96.981,-3.668,0.324,0.007,0.752,10.733,0.240,0.000,0.0000
525.150,-96.981,-3.593,0.324,0.007,0.752,10.733,0.280,0.000,0.0000
525.160,-96.981,-3.518,0.324,0.007,0.752,10.733,0.320,0.000,0.0000
525.170,-96.981,-3.444,0.324,0.007,0.752,10.733,0.360,0.000,0.0000
525.180,-96.981,-3.371,0.324,0.006,0.752,10.733,0.400,0.000,0.0000
525.190,-96.981,-3.297,0.324,0.006,0.752,10.733,0.440,0.000,0.0000
525.200,-96.981,-3.225,0.324,0.006,0.751,10.733,0.480,0.000,0.0000
525.210,-96.981,-3.152,0.324,0.006,0.751,10.733,0.520,0.000,0.0000
525.220,-96.981,-3.080,0.324,0.006,0.751,10.733,0.560,0.000,0.0000
525.230,-96.981,-3.008,0.324,0.006,0.751,10.733,0.600,0.000,0.0000
525.240,-96.981,-2.937,0.324,0.006,0.751,10.733,0.640,0.000,0.0000
525.250,-96.980,-2.866,0.324,0.008,0.751,10.733,0.680,0.000,0.0000
525.260,-96.980,-2.795,0.324,0.018,0.751,10.733,0.720,0.000,0.0000
525.270,-96.980,-2.723,0.323,0.032,0.751,10.734,0.760,0.000,0.0000
525.280,-96.980,-2.652,0.323,0.049,0.751,10.734,0.800,0.000,0.0000
525.290,-96.980,-2.580,0.322,0.064,0.751,10.735,0.840,0.000,0.0000
525.300,-96.980,-2.507,0.321,0.079,0.751,10.736,0.880,0.000,0.0000
525.310,-96.980,-2.434,0.320,0.091,0.751,10.736,0.920,0.000,0.0000
525.320,-96.980,-2.361,0.319,0.100,0.751,10.737,0.960,0.000,0.0000
525.330,-96.980,-2.287,0.318,0.107,0.751,10.738,1.000,0.000,0.0000
525.340,-96.980,-2.213,0.317,0.111,0.750,10.740,1.000,0.000,0.0000
525.350,-96.980,-2.138,0.316,0.113,0.750,10.741,1.000,0.000,0.0000
525.360,-96.980,-2.063,0.315,0.114,0.750,10.742,1.000,0.000,0.0000
525.370,-96.980,-1.988,0.314,0.112,0.750,10.743,1.000,0.000,0.0000
525.380,-96.980,-1.912,0.313,0.109,0.750,10.744,1.000,0.000,0.0000
525.390,-96.980,-1.836,0.312,0.105,0.750,10.745,1.000,0.000,0.0000
525.400,-96.980,-1.760,0.311,0.100,0.750,10.746,1.000,0.000,0.0000
525.410,-96.979,-1.683,0.310,0.093,0.750,10.747,1.000,0.000,0.0000
525.420,-96.979,-1.605,0.309,0.086,0.750,10.748,1.000,0.000,0.0000
525.430,-96.979,-1.528,0.308,0.078,0.750,10.749,1.000,0.000,0.0000
525.440,-96.979,-1.449,0.307,0.069,0.750,10.749,1.000,0.000,0.0000
525.450,-96.979,-1.371,0.307,0.060,0.749,10.750,1.000,0.000,0.0000
525.460,-96.979,-1.292,0.306,0.051,0.749,10.750,1.000,0.000,0.0000
525.470,-96.979,-1.212,0.306,0.042,0.749,10.751,1.000,0.000,0.0000
525.480,-96.979,-1.132,0.306,0.033,0.749,10.751,1.000,0.000,0.0000
525.490,-96.979,-1.052,0.305,0.024,0.749,10.751,1.000,0.000,0.0000
525.500,-96.979,-0.971,0.305,0.015,0.749,10.751,1.000,0.000,0.0000
525.510,-96.979,-0.890,0.305,0.009,0.749,10.751,1.000,0.000,0.0000
525.520,-96.979,-0.809,0.305,0.007,0.749,10.751,1.000,0.000,0.0000
525.530,-96.979,-0.727,0.305,0.012,0.749,10.751,1.000,0.000,0.0000
525.540,-96.979,-0.644,0.305,0.017,0.749,10.751,1.000,0.000,0.0000
525.550,-96.979,-0.561,0.306,0.023,0.749,10.751,1.000,0.000,0.0000
525.560,-96.979,-0.478,0.306,0.028,0.749,10.751,1.000,0.000,0.0000
525.570,-96.978,-0.395,0.306,0.032,0.749,10.750,0.940,0.000,0.0000
525.580,-96.978,-0.311,0.307,0.036,0.749,10.750,0.880,0.000,0.0000
525.590,-96.978,-0.226,0.307,0.039,0.749,10.750,0.820,0.000,0.0000
525.600,-96.978,-0.141,0.307,0.041,0.748,10.749,0.760,0.000,0.0000
525.610,-96.978,-0.057,0.308,0.049,0.748,10.749,0.700,0.000,0.0000
525.620,-96.978,0.028,0.309,0.063,0.748,10.748,0.640,0.000,0.0000
525.630,-96.978,0.113,0.309,0.078,0.748,10.747,0.580,0.000,0.0000
525.640,-96.978,0.197,0.310,0.094,0.748,10.746,0.520,0.000,0.0000
525.650,-96.978,0.281,0.311,0.108,0.748,10.745,0.460,0.000,0.0000
525.660,-96.978,0.364,0.313,0.120,0.748,10.744,0.400,0.000,0.0000
525.670,-96.978,0.447,0.314,0.128,0.748,10.743,0.340,0.000,0.0000
525.680,-96.978,0.529,0.315,0.134,0.748,10.741,0.280,0.000,0.0000
525.690,-96.978,0.611,0.316,0.137,0.748,10.740,0.220,0.000,0.0000
525.700,-96.978,0.693,0.318,0.138,0.748,10.739,0.160,0.000,0.0000
525.710,-96.978,0.774,0.319,0.137,0.748,10.737,0.100,0.000,0.0000
525.720,-96.977,0.855,0.321,0.133,0.748,10.736,0.040,0.000,0.0000
525.730,-96.977,0.935,0.322,0.128,0.748,10.735,0.000,0.000,0.0000
525.740,-96.977,1.015,0.323,0.122,0.748,10.734,0.000,0.000,0.0000
525.750,-96.977,1.095,0.324,0.114,0.748,10.732,0.000,0.000,0.0000
525.760,-96.977,1.174,0.325,0.106,0.748,10.731,0.000,0.000,0.0000
525.770,-96.977,1.252,0.326,0.096,0.748,10.730,0.000,0.000,0.0000
525.780,-96.977,1.331,0.327,0.086,0.748,10.730,0.000,0.000,0.0000
525.790,-96.977,1.409,0.328,0.075,0.748,10.729,0.000,0.000,0.0000
525.800,-96.977,1.486,0.328,0.064,0.748,10.728,0.000,0.000,0.0000
525.810,-96.977,1.563,0.329,0.053,0.748,10.728,0.000,0.000,0.0000
525.820,-96.977,1.640,0.329,0.042,0.748,10.727,0.000,0.000,0.0000
525.830,-96.977,1.716,0.330,0.031,0.748,10.727,0.000,0.000,0.0000
525.840,-96.977,1.792,0.330,0.021,0.748,10.727,0.000,0.000,0.0000
525.850,-96.977,1.867,0.330,0.011,0.748,10.727,0.000,0.000,0.0000
525.860,-96.977,1.942,0.330,0.006,0.748,10.727,0.000,0.000,0.0000
525.870,-96.977,2.016,0.330,0.011,0.748,10.727,0.000,0.000,0.0000
525.880,-96.976,2.091,0.330,0.018,0.748,10.727,0.000,0.000,0.0000
525.890,-96.976,2.164,0.330,0.025,0.747,10.727,0.000,0.000,0.0000
525.900,-96.976,2.238,0.329,0.031,0.747,10.727,0.000,0.000,0.0000
525.910,-96.976,2.310,0.329,0.037,0.747,10.728,0.000,0.000,0.0000
525.920,-96.976,2.383,0.328,0.041,0.747,10.728,0.000,0.000,0.0000
525.930,-96.976,2.455,0.328,0.045,0.747,10.729,0.000,0.000,0.0000
525.940,-96.976,2.527,0.328,0.048,0.747,10.729,0.000,0.000,0.0000
525.950,-96.976,2.598,0.327,0.050,0.747,10.729,0.000,0.000,0.0000
525.960,-96.976,2.669,0.327,0.051,0.747,10.730,0.000,0.000,0.0000
525.970,-96.976,2.739,0.326,0.051,0.747,10.730,0.000,0.000,0.0000
525.980,-96.976,2.809,0.325,0.050,0.747,10.731,0.000,0.000,0.0000
525.990,-96.976,2.879,0.325,0.049,0.747,10.731,0.000,0.000,0.0000
526.000,-96.976,2.948,0.325,0.048,0.747,10.732,0.000,0.000,0.0000
526.010,-96.976,3.017,0.324,0.045,0.747,10.732,0.000,0.000,0.0000
526.020,-96.976,3.086,0.324,0.042,0.746,10.733,0.000,0.000,0.0000
526.030,-96.976,3.154,0.323,0.039,0.746,10.733,0.000,0.000,0.0000
526.040,-96.976,3.222,0.323,0.036,0.746,10.733,0.000,0.000,0.0000
526.050,-96.976,3.289,0.323,0.032,0.746,10.734,0.000,0.000,0.0080
526.060,-96.975,3.356,0.322,0.028,0.746,10.734,0.000,0.000,0.0160
526.070,-96.975,3.423,0.322,0.024,0.746,10.734,0.000,0.000,0.0240
526.080,-96.975,3.489,0.322,0.020,0.746,10.734,0.000,0.000,0.0320
526.090,-96.975,3.555,0.322,0.017,0.746,10.735,0.000,0.000,0.0400
526.100,-96.975,3.620,0.322,0.014,0.746,10.735,0.000,0.000,0.0480
526.110,-96.975,3.685,0.322,0.012,0.746,10.735,0.000,0.000,0.0560
526.120,-96.975,3.750,0.322,0.013,0.746,10.735,0.000,0.000,0.0640
526.130,-96.975,3.814,0.322,0.015,0.745,10.735,0.000,0.000,0.0720
526.140,-96.975,3.878,0.322,0.018,0.745,10.735,0.000,0.000,0.0800
526.150,-96.974,3.941,0.322,0.023,0.745,10.735,0.000,0.000,0.0880
526.160,-96.974,4.004,0.322,0.027,0.745,10.735,0.000,0.000,0.0960
526.170,-96.974,4.067,0.322,0.033,0.745,10.734,0.000,0.000,0.1040
526.180,-96.973,4.129,0.322,0.039,0.744,10.734,0.000,0.000,0.1120
526.190,-96.973,4.191,0.322,0.045,0.744,10.734,0.000,0.000,0.1200
526.200,-96.973,4.252,0.322,0.051,0.743,10.734,0.000,0.000,0.1280
526.210,-96.972,4.313,0.323,0.059,0.743,10.734,0.000,0.000,0.1360
526.220,-96.971,4.374,0.323,0.066,0.742,10.733,0.000,0.000,0.1440
526.230,-96.971,4.434,0.323,0.074,0.741,10.733,0.000,0.000,0.1520
526.240,-96.970,4.494,0.323,0.083,0.741,10.733,0.000,0.000,0.1600
526.250,-96.969,4.553,0.323,0.092,0.740,10.732,0.000,0.000,0.1680
526.260,-96.968,4.612,0.324,0.102,0.739,10.732,0.000,0.000,0.1760
526.270,-96.967,4.671,0.324,0.112,0.738,10.732,0.000,0.000,0.1840
526.280,-96.966,4.729,0.324,0.122,0.736,10.731,0.000,0.000,0.1920
526.290,-96.964,4.786,0.324,0.133,0.735,10.731,0.000,0.000,0.2000
526.300,-96.963,4.843,0.324,0.144,0.734,10.731,0.000,0.000,0.2080
526.310,-96.961,4.900,0.325,0.154,0.732,10.731,0.000,0.000,0.2160
526.320,-96.960,4.956,0.325,0.165,0.731,10.730,0.000,0.000,0.2240
526.330,-96.958,5.012,0.325,0.177,0.729,10.730,0.000,0.000,0.2320
526.340,-96.956,5.068,0.325,0.190,0.727,10.730,0.000,0.000,0.2400
526.350,-96.954,5.123,0.325,0.203,0.725,10.729,0.000,0.000,0.2480
526.360,-96.952,5.178,0.325,0.216,0.723,10.729,0.000,0.000,0.2560
526.370,-96.950,5.232,0.325,0.230,0.720,10.729,0.000,0.000,0.2640
526.380,-96.947,5.286,0.325,0.245,0.718,10.729,0.000,0.000,0.2340
526.390,-96.945,5.339,0.325,0.261,0.715,10.728,0.000,0.000,0.2040
526.400,-96.942,5.392,0.325,0.278,0.713,10.728,0.000,0.000,0.1740
526.410,-96.939,5.444,0.325,0.293,0.710,10.728,0.000,0.000,0.1440
526.420,-96.936,5.496,0.325,0.308,0.707,10.727,0.000,0.000,0.1140
526.430,-96.933,5.547,0.325,0.318,0.703,10.727,0.000,0.000,0.0840
526.440,-96.929,5.597,0.326,0.326,0.700,10.727,0.000,0.000,0.0540
526.450,-96.926,5.647,0.326,0.333,0.697,10.726,0.000,0.000,0.0240
526.460,-96.923,5.697,0.326,0.339,0.694,10.726,0.000,0.000,0.0000
526.470,-96.919,5.746,0.326,0.344,0.690,10.726,0.000,0.000,0.0000
526.480,-96.916,5.795,0.326,0.351,0.687,10.725,0.000,0.000,0.0000
526.490,-96.912,5.843,0.326,0.359,0.683,10.725,0.000,0.000,0.0000
526.500,-96.908,5.891,0.326,0.366,0.679,10.725,0.000,0.000,0.0000
526.510,-96.905,5.939,0.326,0.372,0.676,10.725,0.000,0.000,0.0000
526.520,-96.901,5.987,0.325,0.376,0.672,10.724,0.000,0.000,0.0000
526.530,-96.897,6.034,0.325,0.380,0.668,10.724,0.000,0.000,0.0000
526.540,-96.893,6.082,0.325,0.383,0.664,10.724,0.000,0.000,0.0000
526.550,-96.890,6.129,0.325,0.384,0.660,10.724,0.000,0.000,0.0000
526.560,-96.886,6.175,0.324,0.388,0.657,10.724,0.000,0.000,0.0000
526.570,-96.882,6.222,0.324,0.391,0.653,10.724,0.000,0.000,0.0000
526.580,-96.878,6.268,0.324,0.392,0.649,10.724,0.000,0.000,0.0000
526.590,-96.874,6.313,0.323,0.392,0.645,10.724,0.000,0.000,0.0000
526.600,-96.870,6.359,0.323,0.390,0.641,10.724,0.000,0.000,0.0000
526.610,-96.866,6.404,0.323,0.389,0.637,10.724,0.000,0.000,0.0000
526.620,-96.862,6.448,0.322,0.387,0.633,10.724,0.000,0.000,0.0000
526.630,-96.858,6.493,0.322,0.385,0.629,10.724,0.000,0.000,0.0000
526.640,-96.855,6.536,0.322,0.383,0.625,10.724,0.000,0.000,0.0000
526.650,-96.851,6.580,0.322,0.381,0.622,10.724,0.000,0.000,0.0000
526.660,-96.847,6.623,0.322,0.378,0.618,10.724,0.000,0.000,0.0000
526.670,-96.843,6.666,0.322,0.375,0.614,10.723,0.000,0.000,0.0000
526.680,-96.840,6.708,0.322,0.373,0.610,10.723,0.000,0.000,0.0000
526.690,-96.836,6.750,0.322,0.372,0.607,10.723,0.000,0.000,0.0000
526.700,-96.832,6.792,0.322,0.371,0.603,10.723,0.000,0.000,0.0000
526.710,-96.828,6.833,0.322,0.368,0.599,10.722,0.000,0.000,0.0080
526.720,-96.825,6.874,0.322,0.365,0.596,10.722,0.000,0.000,0.0160
526.730,-96.821,6.915,0.322,0.361,0.592,10.722,0.000,0.000,0.0240
526.740,-96.818,6.955,0.322,0.357,0.589,10.721,0.000,0.000,0.0320
526.750,-96.814,6.995,0.322,0.352,0.585,10.721,0.000,0.000,0.0400
526.760,-96.811,7.034,0.322,0.348,0.582,10.721,0.000,0.000,0.0480
526.770,-96.807,7.073,0.322,0.343,0.578,10.720,0.000,0.000,0.0560
526.780,-96.804,7.111,0.323,0.339,0.575,10.720,0.000,0.000,0.0640
526.790,-96.800,7.149,0.323,0.335,0.571,10.719,0.000,0.000,0.0720
526.800,-96.797,7.187,0.323,0.331,0.568,10.719,0.000,0.000,0.0800
526.810,-96.794,7.224,0.323,0.327,0.565,10.718,0.000,0.000,0.0880
526.820,-96.791,7.260,0.324,0.324,0.562,10.718,0.000,0.000,0.0960
526.830,-96.788,7.296,0.324,0.320,0.559,10.717,0.000,0.000,0.1040
526.840,-96.784,7.332,0.324,0.317,0.555,10.717,0.000,0.000,0.1120
526.850,-96.781,7.367,0.324,0.314,0.552,10.716,0.000,0.000,0.1200
526.860,-96.778,7.402,0.324,0.317,0.549,10.716,0.000,0.000,0.1280
526.870,-96.775,7.437,0.325,0.318,0.546,10.715,0.000,0.000,0.1360
526.880,-96.772,7.471,0.325,0.318,0.543,10.715,0.000,0.000,0.1440
526.890,-96.769,7.505,0.325,0.317,0.540,10.715,0.000,0.000,0.1520
526.900,-96.765,7.539,0.325,0.315,0.537,10.715,0.000,0.000,0.1600
526.910,-96.762,7.572,0.325,0.315,0.533,10.714,0.000,0.000,0.1680
526.920,-96.759,7.604,0.325,0.314,0.530,10.714,0.000,0.000,0.1760
526.930,-96.756,7.637,0.325,0.313,0.527,10.714,0.000,0.000,0.1840
526.940,-96.753,7.668,0.325,0.313,0.524,10.714,0.000,0.000,0.1920
526.950,-96.750,7.700,0.325,0.313,0.521,10.713,0.000,0.000,0.2000
526.960,-96.747,7.731,0.325,0.313,0.518,10.713,0.000,0.000,0.2080
526.970,-96.743,7.761,0.325,0.314,0.515,10.713,0.000,0.000,0.2160
526.980,-96.740,7.791,0.325,0.314,0.511,10.713,0.040,0.000,0.2240
526.990,-96.737,7.821,0.325,0.314,0.508,10.713,0.080,0.000,0.2320
527.000,-96.734,7.850,0.325,0.313,0.505,10.712,0.120,0.000,0.2400
527.010,-96.731,7.879,0.325,0.312,0.502,10.712,0.160,0.000,0.2480
527.020,-96.728,7.908,0.325,0.312,0.499,10.712,0.200,0.000,0.2560
527.030,-96.725,7.936,0.325,0.312,0.496,10.712,0.240,0.000,0.2640
527.040,-96.722,7.964,0.324,0.311,0.493,10.712,0.280,0.000,0.2720
527.050,-96.718,7.992,0.324,0.315,0.490,10.712,0.320,0.000,0.2800
527.060,-96.715,8.020,0.324,0.323,0.486,10.712,0.360,0.000,0.2880
527.070,-96.712,8.048,0.323,0.335,0.483,10.712,0.400,0.000,0.2960
527.080,-96.708,8.077,0.323,0.349,0.480,10.713,0.440,0.000,0.3040
527.090,-96.705,8.106,0.322,0.364,0.476,10.713,0.480,0.000,0.3120
527.100,-96.701,8.136,0.321,0.378,0.472,10.714,0.520,0.000,0.3200
527.110,-96.698,8.167,0.320,0.393,0.468,10.715,0.460,0.000,0.3280
527.120,-96.694,8.197,0.318,0.407,0.464,10.716,0.400,0.000,0.3360
527.130,-96.690,8.228,0.317,0.421,0.460,10.717,0.340,0.000,0.3440
527.140,-96.685,8.260,0.316,0.434,0.456,10.718,0.280,0.000,0.3520
527.150,-96.681,8.292,0.315,0.441,0.452,10.719,0.220,0.000,0.3600
527.160,-96.677,8.323,0.314,0.446,0.447,10.720,0.160,0.000,0.3680
527.170,-96.672,8.355,0.313,0.449,0.443,10.720,0.100,0.000,0.3760
527.180,-96.668,8.386,0.312,0.452,0.438,10.720,0.040,0.000,0.3840
527.190,-96.663,8.417,0.312,0.455,0.434,10.721,0.000,0.000,0.3920
527.200,-96.659,8.447,0.312,0.458,0.429,10.720,0.000,0.000,0.4000
527.210,-96.654,8.477,0.312,0.462,0.425,10.720,0.000,0.000,0.4080
527.220,-96.650,8.506,0.312,0.468,0.420,10.720,0.000,0.000,0.4160
527.230,-96.645,8.535,0.313,0.474,0.415,10.719,0.000,0.000,0.4240
527.240,-96.640,8.564,0.313,0.481,0.411,10.718,0.000,0.000,0.4320
527.250,-96.635,8.592,0.314,0.486,0.406,10.717,0.000,0.000,0.4400
527.260,-96.630,8.619,0.315,0.489,0.401,10.716,0.000,0.000,0.4480
527.270,-96.626,8.645,0.316,0.492,0.396,10.714,0.000,0.000,0.4560
527.280,-96.621,8.671,0.317,0.494,0.392,10.713,0.000,0.000,0.4640
527.290,-96.616,8.697,0.318,0.495,0.387,10.711,0.000,0.000,0.4720
527.300,-96.611,8.721,0.320,0.495,0.382,10.710,0.000,0.000,0.4800
527.310,-96.606,8.745,0.321,0.495,0.378,10.708,0.000,0.000,0.4880
527.320,-96.602,8.769,0.322,0.495,0.373,10.707,0.000,0.000,0.4960
527.330,-96.597,8.792,0.323,0.493,0.368,10.705,0.000,0.000,0.5000
527.340,-96.592,8.814,0.325,0.490,0.364,10.704,0.000,0.000,0.5000
527.350,-96.587,8.836,0.326,0.486,0.359,10.702,0.000,0.000,0.5000
527.360,-96.583,8.858,0.327,0.481,0.355,10.701,0.000,0.000,0.5000
527.370,-96.578,8.879,0.328,0.476,0.350,10.700,0.000,0.000,0.5000
527.380,-96.573,8.899,0.329,0.472,0.346,10.699,0.000,0.000,0.5000
527.390,-96.569,8.919,0.329,0.467,0.341,10.698,0.000,0.000,0.5000
527.400,-96.564,8.939,0.330,0.462,0.337,10.697,0.000,0.000,0.5000
527.410,-96.560,8.958,0.330,0.457,0.332,10.696,0.000,0.000,0.5000
527.420,-96.555,8.977,0.330,0.451,0.328,10.696,0.000,0.000,0.5000
527.430,-96.551,8.996,0.331,0.446,0.323,10.696,0.000,0.000,0.5000
527.440,-96.546,9.014,0.331,0.441,0.319,10.695,0.000,0.000,0.5000
527.450,-96.542,9.032,0.331,0.436,0.315,10.695,0.000,0.000,0.5000
527.460,-96.538,9.049,0.330,0.431,0.310,10.695,0.000,0.000,0.5000
527.470,-96.533,9.066,0.330,0.426,0.306,10.695,0.000,0.000,0.5000
527.480,-96.529,9.082,0.330,0.421,0.302,10.695,0.000,0.000,0.5000
527.490,-96.525,9.098,0.330,0.415,0.298,10.695,0.000,0.000,0.5000
527.500,-96.521,9.114,0.329,0.410,0.294,10.696,0.000,0.000,0.5000
527.510,-96.517,9.129,0.329,0.404,0.290,10.696,0.000,0.000,0.5000
527.520,-96.513,9.144,0.328,0.399,0.286,10.696,0.000,0.000,0.5000
527.530,-96.509,9.159,0.327,0.393,0.282,10.697,0.000,0.000,0.5000
527.540,-96.505,9.173,0.327,0.387,0.278,10.697,0.000,0.000,0.5000
527.550,-96.502,9.187,0.326,0.380,0.274,10.698,0.000,0.000,0.5000
527.560,-96.498,9.201,0.325,0.374,0.270,10.698,0.000,0.000,0.5000
527.570,-96.494,9.214,0.325,0.367,0.267,10.699,0.000,0.000,0.5000
527.580,-96.491,9.227,0.324,0.360,0.263,10.699,0.000,0.000,0.5000
527.590,-96.487,9.239,0.324,0.352,0.259,10.699,0.000,0.000,0.5000
527.600,-96.484,9.252,0.323,0.345,0.256,10.700,0.000,0.000,0.5000
527.610,-96.481,9.263,0.323,0.337,0.253,10.700,0.000,0.000,0.5000
527.620,-96.477,9.275,0.322,0.329,0.249,10.701,0.000,0.000,0.5000
527.630,-96.474,9.286,0.322,0.321,0.246,10.701,0.000,0.000,0.5000
527.640,-96.471,9.297,0.321,0.313,0.243,10.701,0.000,0.000,0.5000
527.650,-96.468,9.308,0.321,0.305,0.240,10.701,0.000,0.000,0.5000
527.660,-96.465,9.318,0.321,0.297,0.237,10.702,0.000,0.000,0.4700
527.670,-96.462,9.328,0.320,0.286,0.234,10.702,0.000,0.000,0.4400
527.680,-96.459,9.337,0.320,0.275,0.231,10.702,0.000,0.000,0.4100
527.690,-96.457,9.347,0.320,0.265,0.229,10.702,0.000,0.000,0.3800
527.700,-96.454,9.356,0.320,0.256,0.226,10.702,0.000,0.000,0.3500
527.710,-96.452,9.364,0.320,0.248,0.224,10.702,0.000,0.000,0.3200
527.720,-96.449,9.373,0.320,0.239,0.221,10.702,0.000,0.000,0.2900
527.730,-96.447,9.381,0.320,0.231,0.219,10.702,0.000,0.000,0.2600
527.740,-96.445,9.389,0.320,0.223,0.217,10.701,0.000,0.000,0.2300
527.750,-96.443,9.396,0.320,0.215,0.215,10.701,0.000,0.000,0.2000
527.760,-96.441,9.404,0.320,0.208,0.213,10.701,0.000,0.000,0.1700
527.770,-96.439,9.411,0.320,0.202,0.211,10.701,0.000,0.000,0.1400
527.780,-96.437,9.418,0.320,0.195,0.209,10.701,0.000,0.000,0.1100
527.790,-96.435,9.425,0.320,0.189,0.207,10.701,0.000,0.000,0.0800
527.800,-96.433,9.431,0.320,0.181,0.205,10.701,0.000,0.000,0.0500
527.810,-96.431,9.437,0.320,0.174,0.203,10.700,0.000,0.000,0.0200
527.820,-96.430,9.443,0.320,0.165,0.202,10.700,0.000,0.000,0.0000
527.830,-96.428,9.449,0.321,0.156,0.200,10.700,0.000,0.000,0.0000
527.840,-96.427,9.454,0.321,0.145,0.199,10.700,0.000,0.000,0.0000
527.850,-96.425,9.459,0.321,0.133,0.198,10.700,0.000,0.000,0.0000
527.860,-96.424,9.464,0.321,0.119,0.197,10.699,0.000,0.000,0.0000
527.870,-96.423,9.468,0.322,0.105,0.196,10.699,0.000,0.000,0.0000
527.880,-96.422,9.471,0.322,0.092,0.195,10.698,0.040,0.000,0.0000
527.890,-96.421,9.474,0.322,0.084,0.194,10.698,0.080,0.000,0.0000
527.900,-96.421,9.478,0.322,0.083,0.193,10.698,0.120,0.000,0.0000
527.910,-96.420,9.482,0.322,0.090,0.192,10.698,0.160,0.000,0.0000
527.920,-96.419,9.486,0.322,0.104,0.191,10.698,0.200,0.000,0.0000
527.930,-96.418,9.490,0.322,0.121,0.190,10.698,0.240,0.000,0.0000
527.940,-96.416,9.495,0.321,0.139,0.189,10.699,0.280,0.000,0.0000
527.950,-96.415,9.500,0.321,0.156,0.187,10.699,0.320,0.000,0.0000
527.960,-96.413,9.506,0.320,0.172,0.186,10.700,0.360,0.000,0.0000
527.970,-96.412,9.512,0.319,0.187,0.184,10.701,0.400,0.000,0.0000
527.980,-96.410,9.518,0.318,0.201,0.182,10.702,0.440,0.000,0.0000
527.990,-96.408,9.525,0.317,0.213,0.180,10.703,0.480,0.000,0.0000
528.000,-96.406,9.532,0.316,0.225,0.178,10.704,0.520,0.000,0.0000
528.010,-96.404,9.540,0.315,0.237,0.176,10.705,0.560,0.000,0.0000
528.020,-96.402,9.548,0.314,0.247,0.173,10.706,0.600,0.000,0.0000
528.030,-96.399,9.556,0.313,0.258,0.171,10.706,0.640,0.000,0.0000
528.040,-96.397,9.565,0.312,0.268,0.168,10.707,0.680,0.000,0.0000
528.050,-96.394,9.574,0.311,0.278,0.165,10.708,0.720,0.000,0.0000
528.060,-96.391,9.583,0.310,0.289,0.163,10.709,0.760,0.000,0.0000
528.070,-96.388,9.593,0.309,0.299,0.160,10.710,0.800,0.000,0.0000
528.080,-96.385,9.603,0.309,0.309,0.157,10.710,0.840,0.000,0.0000
528.090,-96.382,9.614,0.308,0.320,0.153,10.711,0.880,0.000,0.0000
528.100,-96.379,9.625,0.307,0.330,0.150,10.711,0.920,0.000,0.0000
528.110,-96.376,9.636,0.307,0.342,0.147,10.712,0.960,0.000,0.0000
528.120,-96.372,9.648,0.307,0.353,0.143,10.712,1.000,0.000,0.0000
528.130,-96.369,9.660,0.306,0.364,0.139,10.712,1.000,0.000,0.0000
528.140,-96.365,9.673,0.306,0.376,0.136,10.712,1.000,0.000,0.0000
528.150,-96.361,9.686,0.306,0.388,0.132,10.712,1.000,0.000,0.0000
528.160,-96.357,9.699,0.306,0.400,0.128,10.712,1.000,0.000,0.0000
528.170,-96.353,9.713,0.306,0.412,0.124,10.712,1.000,0.000,0.0000
528.180,-96.349,9.727,0.306,0.424,0.120,10.712,1.000,0.000,0.0000
528.190,-96.344,9.742,0.306,0.437,0.115,10.712,1.000,0.000,0.0000
528.200,-96.340,9.757,0.306,0.449,0.111,10.711,1.000,0.000,0.0000
528.210,-96.335,9.772,0.306,0.461,0.106,10.711,1.000,0.000,0.0000
528.220,-96.330,9.788,0.307,0.474,0.102,10.711,1.000,0.000,0.0000
528.230,-96.326,9.804,0.307,0.486,0.097,10.710,1.000,0.000,0.0000
528.240,-96.321,9.821,0.307,0.498,0.092,10.710,1.000,0.000,0.0000
528.250,-96.315,9.838,0.308,0.510,0.087,10.709,1.000,0.000,0.0000
528.260,-96.310,9.855,0.308,0.522,0.082,10.709,1.000,0.000,0.0000
528.270,-96.305,9.872,0.308,0.534,0.077,10.708,1.000,0.000,0.0000
528.280,-96.299,9.891,0.309,0.546,0.072,10.708,1.000,0.000,0.0000
528.290,-96.294,9.909,0.309,0.558,0.067,10.707,1.000,0.000,0.0000
528.300,-96.288,9.928,0.309,0.570,0.061,10.707,1.000,0.000,0.0000
528.310,-96.282,9.947,0.310,0.582,0.056,10.706,1.000,0.000,0.0000
528.320,-96.276,9.966,0.310,0.594,0.051,10.706,1.000,0.000,0.0000
528.330,-96.270,9.986,0.310,0.606,0.045,10.705,1.000,0.000,0.0000
528.340,-96.264,10.007,0.311,0.617,0.040,10.705,1.000,0.000,0.0000
528.350,-96.258,10.027,0.311,0.629,0.035,10.704,1.000,0.000,0.0000
528.360,-96.252,10.048,0.311,0.641,0.030,10.704,1.000,0.000,0.0000
528.370,-96.245,10.070,0.311,0.653,0.026,10.703,1.000,0.000,0.0000
528.380,-96.238,10.091,0.312,0.665,0.023,10.703,1.000,0.000,0.0000
528.390,-96.232,10.114,0.312,0.677,0.022,10.703,1.000,0.000,0.0000
528.400,-96.225,10.136,0.312,0.689,0.022,10.703,1.000,0.000,0.0000
528.410,-96.218,10.159,0.312,0.701,0.025,10.702,1.000,0.000,0.0000
528.420,-96.211,10.182,0.312,0.713,0.029,10.702,1.000,0.000,0.0000
528.430,-96.203,10.206,0.312,0.725,0.035,10.702,1.000,0.000,0.0000
528.440,-96.196,10.230,0.312,0.737,0.040,10.702,1.000,0.000,0.0000
528.450,-96.188,10.254,0.312,0.750,0.047,10.702,1.000,0.000,0.0000
528.460,-96.181,10.279,0.312,0.762,0.054,10.702,1.000,0.000,0.0000
528.470,-96.173,10.304,0.312,0.774,0.061,10.702,1.000,0.000,0.0000
528.480,-96.165,10.330,0.312,0.786,0.068,10.702,1.000,0.000,0.0000
528.490,-96.157,10.356,0.312,0.799,0.076,10.702,1.000,0.000,0.0000
528.500,-96.149,10.382,0.311,0.811,0.084,10.702,1.000,0.000,0.0000
528.510,-96.141,10.408,0.311,0.823,0.092,10.702,1.000,0.000,0.0000
528.520,-96.133,10.435,0.311,0.835,0.100,10.702,1.000,0.000,0.0000
528.530,-96.124,10.463,0.311,0.848,0.108,10.702,1.000,0.000,0.0000
528.540,-96.115,10.491,0.311,0.860,0.116,10.702,1.000,0.000,0.0000
528.550,-96.107,10.519,0.311,0.872,0.125,10.702,1.000,0.000,0.0000
528.560,-96.098,10.547,0.311,0.884,0.134,10.702,1.000,0.000,0.0000
528.570,-96.089,10.576,0.310,0.897,0.143,10.702,1.000,0.000,0.0000
528.580,-96.080,10.605,0.310,0.909,0.152,10.702,1.000,0.000,0.0000
528.590,-96.071,10.635,0.310,0.921,0.161,10.702,1.000,0.000,0.0000
528.600,-96.061,10.665,0.310,0.933,0.170,10.702,1.000,0.000,0.0000
528.610,-96.052,10.695,0.310,0.945,0.179,10.702,1.000,0.000,0.0000
528.620,-96.042,10.726,0.310,0.957,0.189,10.702,1.000,0.000,0.0000
528.630,-96.033,10.757,0.310,0.969,0.198,10.702,1.000,0.000,0.0000
528.640,-96.023,10.789,0.310,0.980,0.208,10.702,1.000,0.000,0.0000
528.650,-96.013,10.821,0.310,0.992,0.218,10.702,1.000,0.000,0.0000
528.660,-96.003,10.853,0.310,1.004,0.228,10.702,1.000,0.000,0.0000
528.670,-95.993,10.885,0.310,1.016,0.238,10.702,1.000,0.000,0.0000
528.680,-95.982,10.918,0.310,1.028,0.248,10.702,1.000,0.000,0.0000
528.690,-95.972,10.952,0.310,1.040,0.259,10.702,1.000,0.000,0.0000
528.700,-95.961,10.985,0.310,1.052,0.269,10.702,1.000,0.000,0.0000
528.710,-95.951,11.020,0.310,1.064,0.280,10.702,1.000,0.000,0.0000
528.720,-95.940,11.054,0.310,1.077,0.291,10.702,1.000,0.000,0.0000
528.730,-95.929,11.089,0.310,1.089,0.301,10.702,1.000,0.000,0.0000
528.740,-95.918,11.124,0.310,1.101,0.312,10.703,1.000,0.000,0.0000
528.750,-95.907,11.160,0.310,1.113,0.324,10.703,1.000,0.000,0.0000
528.760,-95.896,11.196,0.310,1.125,0.335,10.703,1.000,0.000,0.0000
528.770,-95.884,11.233,0.310,1.137,0.346,10.703,1.000,0.000,0.0000
528.780,-95.873,11.270,0.310,1.148,0.358,10.703,1.000,0.000,0.0000
528.790,-95.861,11.307,0.310,1.160,0.369,10.703,1.000,0.000,0.0000
528.800,-95.850,11.344,0.310,1.172,0.381,10.703,1.000,0.000,0.0000
528.810,-95.838,11.382,0.310,1.184,0.393,10.703,1.000,0.000,0.0000
528.820,-95.826,11.421,0.310,1.196,0.405,10.703,1.000,0.000,0.0000
528.830,-95.814,11.460,0.310,1.208,0.417,10.704,1.000,0.000,0.0000
528.840,-95.802,11.499,0.310,1.219,0.429,10.704,1.000,0.000,0.0000
528.850,-95.789,11.538,0.310,1.231,0.441,10.704,1.000,0.000,0.0000
528.860,-95.777,11.578,0.310,1.243,0.454,10.704,1.000,0.000,0.0000
528.870,-95.764,11.618,0.310,1.256,0.466,10.704,1.000,0.000,0.0000
528.880,-95.752,11.659,0.310,1.268,0.479,10.705,1.000,0.000,0.0000
528.890,-95.739,11.700,0.310,1.280,0.492,10.705,1.000,0.000,0.0000
528.900,-95.726,11.741,0.310,1.292,0.505,10.705,1.000,0.000,0.0000
528.910,-95.713,11.783,0.310,1.305,0.518,10.706,1.000,0.000,0.0000
528.920,-95.700,11.825,0.310,1.317,0.531,10.706,1.000,0.000,0.0000
528.930,-95.686,11.868,0.310,1.330,0.544,10.706,1.000,0.000,0.0000
528.940,-95.673,11.911,0.310,1.342,0.557,10.707,1.000,0.000,0.0000
528.950,-95.659,11.954,0.310,1.355,0.571,10.707,1.000,0.000,0.0000
528.960,-95.646,11.998,0.310,1.368,0.585,10.707,1.000,0.000,0.0000
528.970,-95.632,12.042,0.310,1.381,0.598,10.708,1.000,0.000,0.0000
528.980,-95.618,12.086,0.310,1.394,0.612,10.708,1.000,0.000,0.0000
528.990,-95.604,12.131,0.310,1.407,0.626,10.709,1.000,0.000,0.0000
529.000,-95.590,12.176,0.310,1.420,0.641,10.709,1.000,0.000,0.0000
529.010,-95.575,12.222,0.310,1.434,0.655,10.710,1.000,0.000,0.0000
529.020,-95.561,12.268,0.310,1.447,0.669,10.711,1.000,0.000,0.0000
529.030,-95.546,12.314,0.310,1.460,0.684,10.711,1.000,0.000,0.0000
529.040,-95.532,12.361,0.310,1.474,0.699,10.712,1.000,0.000,0.0000
529.050,-95.517,12.408,0.310,1.487,0.714,10.713,1.000,0.000,0.0000
529.060,-95.502,12.455,0.310,1.501,0.729,10.713,1.000,0.000,0.0000
529.070,-95.486,12.503,0.310,1.514,0.744,10.714,1.000,0.000,0.0000
529.080,-95.471,12.551,0.310,1.527,0.759,10.715,1.000,0.000,0.0000
529.090,-95.456,12.599,0.310,1.541,0.774,10.716,1.000,0.000,0.0000
529.100,-95.440,12.648,0.310,1.554,0.790,10.716,1.000,0.000,0.0000
529.110,-95.425,12.698,0.310,1.567,0.806,10.717,1.000,0.000,0.0000
529.120,-95.409,12.747,0.310,1.580,0.821,10.718,1.000,0.000,0.0000
529.130,-95.393,12.797,0.310,1.593,0.837,10.719,1.000,0.000,0.0000
529.140,-95.377,12.848,0.310,1.606,0.853,10.720,1.000,0.000,0.0000
529.150,-95.361,12.898,0.310,1.618,0.870,10.721,1.000,0.000,0.0000
529.160,-95.344,12.949,0.310,1.631,0.886,10.722,1.000,0.000,0.0000
529.170,-95.328,13.001,0.310,1.643,0.902,10.723,1.000,0.000,0.0000
529.180,-95.311,13.052,0.310,1.655,0.919,10.724,1.000,0.000,0.0000
529.190,-95.295,13.105,0.310,1.668,0.936,10.725,1.000,0.000,0.0000
529.200,-95.278,13.157,0.310,1.680,0.952,10.726,1.000,0.000,0.0000
529.210,-95.261,13.210,0.310,1.692,0.969,10.727,1.000,0.000,0.0000
529.220,-95.244,13.263,0.310,1.705,0.986,10.728,1.000,0.000,0.0000
529.230,-95.227,13.317,0.310,1.717,1.003,10.730,1.000,0.000,0.0000
529.240,-95.209,13.371,0.310,1.729,1.021,10.731,1.000,0.000,0.0000
529.250,-95.192,13.426,0.310,1.740,1.038,10.732,1.000,0.000,0.0000
529.260,-95.175,13.481,0.310,1.752,1.056,10.734,1.000,0.000,0.0000
529.270,-95.157,13.536,0.310,1.763,1.073,10.735,1.000,0.000,0.0000
529.280,-95.139,13.592,0.310,1.775,1.091,10.736,1.000,0.000,0.0000
529.290,-95.121,13.648,0.310,1.786,1.109,10.738,1.000,0.000,0.0000
529.300,-95.103,13.704,0.310,1.797,1.127,10.739,1.000,0.000,0.0000
529.310,-95.085,13.761,0.310,1.809,1.145,10.741,1.000,0.000,0.0000
529.320,-95.067,13.818,0.310,1.820,1.163,10.742,1.000,0.000,0.0000
529.330,-95.049,13.876,0.310,1.832,1.181,10.744,1.000,0.000,0.0000
529.340,-95.030,13.934,0.310,1.844,1.200,10.746,1.000,0.000,0.0000
529.350,-95.012,13.992,0.310,1.856,1.218,10.747,1.000,0.000,0.0000
529.360,-94.993,14.051,0.310,1.868,1.237,10.749,1.000,0.000,0.0080
529.370,-94.974,14.110,0.310,1.881,1.256,10.751,1.000,0.000,0.0160
529.380,-94.955,14.169,0.310,1.894,1.275,10.753,0.940,0.000,0.0240
529.390,-94.936,14.229,0.310,1.908,1.294,10.755,0.880,0.000,0.0320
529.400,-94.917,14.289,0.310,1.922,1.313,10.757,0.820,0.000,0.0400
529.410,-94.898,14.350,0.310,1.937,1.333,10.758,0.760,0.000,0.0480
529.420,-94.878,14.411,0.310,1.952,1.352,10.760,0.700,0.000,0.0560
529.430,-94.858,14.472,0.310,1.968,1.372,10.763,0.640,0.000,0.0640
529.440,-94.839,14.534,0.310,1.984,1.392,10.765,0.580,0.000,0.0720
529.450,-94.819,14.596,0.310,1.992,1.412,10.767,0.520,0.000,0.0800
529.460,-94.799,14.657,0.310,1.995,1.431,10.769,0.460,0.000,0.0880
529.470,-94.779,14.719,0.311,1.993,1.451,10.771,0.400,0.000,0.0960
529.480,-94.759,14.780,0.311,1.989,1.471,10.772,0.340,0.000,0.1040
529.490,-94.739,14.841,0.312,1.984,1.491,10.774,0.280,0.000,0.1120
529.500,-94.719,14.901,0.313,1.979,1.511,10.776,0.220,0.000,0.1200
529.510,-94.700,14.960,0.314,1.974,1.531,10.777,0.160,0.000,0.1280
529.520,-94.680,15.020,0.315,1.970,1.550,10.778,0.100,0.000,0.1360
529.530,-94.660,15.079,0.316,1.967,1.570,10.780,0.040,0.000,0.1440
529.540,-94.641,15.137,0.317,1.965,1.590,10.781,0.000,0.000,0.1520
529.550,-94.621,15.195,0.318,1.962,1.609,10.783,0.000,0.000,0.1600
529.560,-94.601,15.253,0.319,1.960,1.629,10.784,0.000,0.000,0.1680
529.570,-94.582,15.310,0.320,1.958,1.648,10.785,0.000,0.000,0.1760
529.580,-94.562,15.366,0.321,1.955,1.668,10.787,0.000,0.000,0.1840
529.590,-94.543,15.423,0.322,1.952,1.687,10.788,0.000,0.000,0.1920
529.600,-94.523,15.478,0.324,1.949,1.707,10.790,0.000,0.000,0.2000
529.610,-94.504,15.534,0.324,1.947,1.726,10.792,0.000,0.000,0.2080
529.620,-94.485,15.588,0.325,1.944,1.746,10.794,0.000,0.000,0.2160
529.630,-94.465,15.643,0.326,1.941,1.765,10.795,0.000,0.000,0.2240
529.640,-94.446,15.697,0.327,1.938,1.785,10.797,0.000,0.000,0.2320
529.650,-94.426,15.750,0.328,1.936,1.804,10.800,0.000,0.000,0.2400
529.660,-94.407,15.803,0.328,1.934,1.823,10.802,0.000,0.000,0.2480
529.670,-94.388,15.855,0.329,1.932,1.843,10.804,0.000,0.000,0.2180
529.680,-94.369,15.907,0.329,1.927,1.862,10.807,0.000,0.000,0.1880
529.690,-94.349,15.958,0.329,1.924,1.881,10.809,0.000,0.000,0.1580
529.700,-94.330,16.009,0.330,1.921,1.900,10.812,0.000,0.000,0.1280
529.710,-94.311,16.059,0.330,1.920,1.920,10.815,0.000,0.000,0.0980
529.720,-94.292,16.109,0.330,1.918,1.939,10.818,0.000,0.000,0.0680
529.730,-94.273,16.159,0.330,1.912,1.958,10.821,0.000,0.000,0.0380
529.740,-94.254,16.208,0.330,1.901,1.977,10.824,0.000,0.000,0.0080
529.750,-94.235,16.256,0.330,1.889,1.996,10.827,0.000,0.000,0.0160
529.760,-94.216,16.304,0.329,1.885,2.015,10.830,0.000,0.000,0.0240
529.770,-94.197,16.352,0.329,1.885,2.033,10.834,0.000,0.000,0.0320
529.780,-94.178,16.399,0.329,1.888,2.052,10.837,0.000,0.000,0.0400
529.790,-94.159,16.446,0.328,1.891,2.071,10.841,0.000,0.000,0.0480
529.800,-94.140,16.493,0.328,1.892,2.090,10.845,0.000,0.000,0.0560
529.810,-94.121,16.540,0.327,1.893,2.109,10.849,0.000,0.000,0.0640
529.820,-94.102,16.587,0.327,1.893,2.128,10.853,0.000,0.000,0.0720
529.830,-94.084,16.633,0.326,1.889,2.147,10.857,0.000,0.000,0.0800
529.840,-94.065,16.678,0.325,1.884,2.166,10.861,0.000,0.000,0.0880
529.850,-94.046,16.724,0.325,1.878,2.184,10.865,0.000,0.000,0.0960
529.860,-94.027,16.769,0.324,1.866,2.203,10.869,0.000,0.000,0.1040
529.870,-94.009,16.813,0.323,1.855,2.221,10.872,0.000,0.000,0.1120
529.880,-93.990,16.857,0.323,1.845,2.240,10.876,0.000,0.000,0.1200
529.890,-93.972,16.901,0.323,1.836,2.258,10.880,0.000,0.000,0.1280
529.900,-93.954,16.944,0.322,1.828,2.277,10.884,0.000,0.000,0.1360
529.910,-93.936,16.987,0.322,1.820,2.295,10.888,0.000,0.000,0.1440
529.920,-93.917,17.030,0.322,1.812,2.313,10.891,0.000,0.000,0.1520
529.930,-93.899,17.072,0.321,1.799,2.331,10.895,0.000,0.000,0.1220
529.940,-93.882,17.113,0.321,1.788,2.349,10.899,0.000,0.000,0.0920
529.950,-93.864,17.155,0.321,1.782,2.366,10.902,0.000,0.000,0.0620
529.960,-93.846,17.196,0.321,1.783,2.384,10.906,0.000,0.000,0.0320
529.970,-93.828,17.237,0.321,1.785,2.402,10.910,0.000,0.000,0.0020
529.980,-93.810,17.278,0.321,1.789,2.420,10.913,0.000,0.000,0.0000
529.990,-93.792,17.318,0.320,1.788,2.438,10.917,0.000,0.000,0.0000
530.000,-93.774,17.359,0.320,1.782,2.456,10.921,0.000,0.000,0.0000
530.010,-93.757,17.399,0.320,1.772,2.473,10.925,0.000,0.000,0.0000
530.020,-93.739,17.439,0.320,1.759,2.491,10.928,0.000,0.000,0.0000
530.030,-93.722,17.478,0.320,1.742,2.508,10.932,0.000,0.000,0.0000
530.040,-93.704,17.517,0.320,1.722,2.526,10.935,0.000,0.000,0.0000
530.050,-93.687,17.556,0.320,1.699,2.543,10.939,0.000,0.000,0.0000
530.060,-93.671,17.594,0.321,1.676,2.559,10.942,0.000,0.000,0.0000
530.070,-93.654,17.631,0.321,1.651,2.576,10.945,0.000,0.000,0.0000
530.080,-93.638,17.668,0.321,1.627,2.592,10.948,0.040,0.000,0.0000
530.090,-93.622,17.704,0.322,1.606,2.608,10.951,0.080,0.000,0.0000
530.100,-93.606,17.740,0.322,1.587,2.624,10.954,0.120,0.000,0.0000
530.110,-93.590,17.776,0.323,1.569,2.640,10.957,0.160,0.000,0.0000
530.120,-93.575,17.811,0.323,1.552,2.655,10.961,0.200,0.000,0.0000
530.130,-93.560,17.846,0.324,1.535,2.671,10.964,0.240,0.000,0.0000
530.140,-93.544,17.881,0.324,1.519,2.686,10.967,0.280,0.000,0.0000
530.150,-93.529,17.915,0.324,1.502,2.701,10.970,0.320,0.000,0.0000
530.160,-93.514,17.949,0.325,1.485,2.716,10.973,0.360,0.000,0.0000
530.170,-93.500,17.982,0.325,1.480,2.731,10.976,0.400,0.000,0.0000
530.180,-93.485,18.016,0.325,1.484,2.745,10.979,0.440,0.000,0.0000
530.190,-93.470,18.051,0.325,1.496,2.760,10.983,0.480,0.000,0.0000
530.200,-93.455,18.085,0.324,1.512,2.775,10.987,0.520,0.000,0.0000
530.210,-93.439,18.120,0.324,1.530,2.791,10.991,0.560,0.000,0.0000
530.220,-93.424,18.155,0.323,1.549,2.806,10.995,0.600,0.000,0.0000
530.230,-93.408,18.190,0.322,1.567,2.822,11.000,0.640,0.000,0.0000
530.240,-93.393,18.226,0.321,1.584,2.838,11.004,0.680,0.000,0.0000
530.250,-93.377,18.262,0.320,1.601,2.854,11.009,0.720,0.000,0.0000
530.260,-93.360,18.299,0.319,1.618,2.870,11.014,0.760,0.000,0.0000
530.270,-93.344,18.336,0.318,1.635,2.886,11.019,0.800,0.000,0.0000
530.280,-93.328,18.373,0.317,1.652,2.903,11.024,0.840,0.000,0.0000
530.290,-93.311,18.410,0.315,1.671,2.919,11.029,0.880,0.000,0.0000
530.300,-93.294,18.448,0.314,1.691,2.936,11.035,0.920,0.000,0.0000
530.310,-93.277,18.486,0.313,1.711,2.953,11.040,0.960,0.000,0.0000
530.320,-93.260,18.525,0.312,1.731,2.970,11.045,1.000,0.000,0.0000
530.330,-93.242,18.564,0.311,1.751,2.988,11.051,1.000,0.000,0.0000
530.340,-93.225,18.604,0.310,1.771,3.005,11.056,1.000,0.000,0.0000
530.350,-93.207,18.644,0.309,1.791,3.023,11.062,1.000,0.000,0.0000
530.360,-93.189,18.684,0.308,1.812,3.041,11.067,1.000,0.000,0.0000
530.370,-93.170,18.725,0.307,1.832,3.060,11.073,1.000,0.000,0.0000
530.380,-93.152,18.766,0.306,1.851,3.078,11.078,1.000,0.000,0.0000
530.390,-93.133,18.808,0.306,1.870,3.097,11.083,1.000,0.000,0.0000
530.400,-93.114,18.850,0.305,1.889,3.116,11.089,1.000,0.000,0.0000
530.410,-93.095,18.892,0.305,1.904,3.135,11.094,1.000,0.000,0.0000
530.420,-93.076,18.935,0.305,1.919,3.154,11.099,1.000,0.000,0.0000
530.430,-93.057,18.977,0.304,1.934,3.173,11.105,1.000,0.000,0.0000
530.440,-93.037,19.021,0.304,1.950,3.193,11.110,1.000,0.000,0.0000
530.450,-93.018,19.064,0.305,1.966,3.213,11.115,1.000,0.000,0.0000
530.460,-92.998,19.108,0.305,1.983,3.232,11.120,1.000,0.000,0.0000
530.470,-92.978,19.152,0.305,2.000,3.252,11.125,1.000,0.000,0.0000
530.480,-92.957,19.196,0.305,2.018,3.273,11.131,1.000,0.000,0.0000
530.490,-92.937,19.241,0.306,2.035,3.293,11.136,1.000,0.000,0.0000
530.500,-92.917,19.286,0.306,2.053,3.313,11.141,1.000,0.000,0.0000
530.510,-92.896,19.332,0.307,2.071,3.334,11.146,1.000,0.000,0.0000
530.520,-92.875,19.378,0.307,2.088,3.355,11.152,1.000,0.000,0.0000
530.530,-92.854,19.424,0.308,2.105,3.376,11.157,1.000,0.000,0.0000
530.540,-92.833,19.471,0.308,2.122,3.397,11.163,1.000,0.000,0.0000
530.550,-92.811,19.518,0.308,2.140,3.419,11.168,1.000,0.000,0.0000
530.560,-92.790,19.566,0.309,2.158,3.440,11.174,1.000,0.000,0.0000
530.570,-92.768,19.614,0.309,2.175,3.462,11.180,1.000,0.000,0.0000
530.580,-92.746,19.662,0.310,2.190,3.484,11.186,1.000,0.000,0.0000
530.590,-92.724,19.711,0.310,2.205,3.506,11.192,1.000,0.000,0.0000
530.600,-92.702,19.760,0.310,2.220,3.528,11.198,1.000,0.000,0.0000
530.610,-92.680,19.809,0.311,2.236,3.550,11.205,1.000,0.000,0.0000
530.620,-92.657,19.859,0.311,2.251,3.573,11.211,1.000,0.000,0.0000
530.630,-92.634,19.909,0.311,2.267,3.596,11.218,1.000,0.000,0.0080
530.640,-92.612,19.960,0.311,2.282,3.618,11.224,1.000,0.000,0.0160
530.650,-92.589,20.010,0.312,2.298,3.641,11.231,1.000,0.000,0.0240
530.660,-92.565,20.062,0.312,2.314,3.665,11.238,1.000,0.000,0.0320
530.670,-92.542,20.113,0.312,2.329,3.688,11.245,1.000,0.000,0.0400
530.680,-92.519,20.165,0.312,2.344,3.711,11.252,1.000,0.000,0.0480
530.690,-92.495,20.217,0.312,2.360,3.735,11.259,1.000,0.000,0.0560
530.700,-92.471,20.270,0.312,2.377,3.759,11.267,1.000,0.000,0.0640
530.710,-92.447,20.323,0.312,2.395,3.783,11.274,1.000,0.000,0.0720
530.720,-92.423,20.376,0.312,2.414,3.807,11.282,1.000,0.000,0.0800
530.730,-92.399,20.430,0.312,2.436,3.831,11.290,1.000,0.000,0.0880
530.740,-92.374,20.484,0.312,2.460,3.856,11.298,0.940,0.000,0.0960
530.750,-92.349,20.539,0.312,2.485,3.881,11.306,0.880,0.000,0.1040
530.760,-92.324,20.594,0.311,2.510,3.906,11.314,0.820,0.000,0.1120
530.770,-92.299,20.649,0.311,2.535,3.931,11.323,0.760,0.000,0.1200
530.780,-92.273,20.704,0.311,2.559,3.957,11.331,0.700,0.000,0.1280
530.790,-92.248,20.760,0.311,2.582,3.982,11.340,0.640,0.000,0.1360
530.800,-92.222,20.816,0.311,2.606,4.009,11.349,0.580,0.000,0.1440
530.810,-92.195,20.872,0.311,2.630,4.035,11.358,0.520,0.000,0.1520
530.820,-92.169,20.929,0.311,2.643,4.061,11.366,0.460,0.000,0.1600
530.830,-92.142,20.985,0.311,2.647,4.088,11.375,0.400,0.000,0.1680
530.840,-92.116,21.040,0.311,2.644,4.114,11.384,0.340,0.000,0.1760
530.850,-92.090,21.096,0.312,2.639,4.141,11.393,0.280,0.000,0.1840
530.860,-92.063,21.150,0.312,2.632,4.167,11.401,0.220,0.000,0.1540
530.870,-92.037,21.205,0.313,2.624,4.193,11.409,0.160,0.000,0.1240
530.880,-92.011,21.258,0.314,2.619,4.219,11.418,0.100,0.000,0.0940
530.890,-91.985,21.312,0.315,2.617,4.245,11.426,0.040,0.000,0.0640
530.900,-91.958,21.365,0.316,2.617,4.272,11.434,0.000,0.000,0.0340
530.910,-91.932,21.418,0.317,2.612,4.298,11.443,0.000,0.000,0.0040
530.920,-91.906,21.470,0.318,2.606,4.324,11.451,0.000,0.000,0.0000
530.930,-91.880,21.522,0.319,2.599,4.350,11.459,0.000,0.000,0.0000
530.940,-91.854,21.574,0.320,2.591,4.376,11.468,0.000,0.000,0.0000
530.950,-91.829,21.625,0.321,2.581,4.401,11.476,0.000,0.000,0.0000
530.960,-91.803,21.676,0.322,2.569,4.427,11.484,0.000,0.000,0.0000
530.970,-91.777,21.726,0.323,2.556,4.453,11.493,0.000,0.000,0.0000
530.980,-91.752,21.776,0.324,2.542,4.478,11.501,0.000,0.000,0.0000
530.990,-91.727,21.826,0.325,2.526,4.503,11.510,0.000,0.000,0.0000
531.000,-91.702,21.875,0.325,2.510,4.528,11.519,0.040,0.000,0.0000
531.010,-91.677,21.924,0.326,2.493,4.553,11.527,0.080,0.000,0.0000
531.020,-91.652,21.972,0.327,2.476,4.578,11.536,0.120,0.000,0.0000
531.030,-91.627,22.021,0.327,2.458,4.603,11.545,0.160,0.000,0.0000
531.040,-91.603,22.068,0.328,2.440,4.627,11.554,0.200,0.000,0.0000
531.050,-91.579,22.116,0.328,2.422,4.651,11.563,0.240,0.000,0.0000
531.060,-91.555,22.163,0.328,2.403,4.675,11.572,0.280,0.000,0.0000
531.070,-91.531,22.209,0.328,2.385,4.699,11.581,0.320,0.000,0.0000
531.080,-91.507,22.256,0.329,2.367,4.723,11.590,0.360,0.000,0.0000
531.090,-91.484,22.302,0.329,2.349,4.746,11.599,0.400,0.000,0.0000
531.100,-91.461,22.347,0.329,2.331,4.770,11.608,0.440,0.000,0.0000
531.110,-91.437,22.392,0.328,2.313,4.793,11.617,0.480,0.000,0.0000
531.120,-91.414,22.437,0.328,2.309,4.816,11.626,0.520,0.000,0.0000
531.130,-91.391,22.483,0.328,2.315,4.839,11.636,0.560,0.000,0.0000
531.140,-91.368,22.528,0.327,2.330,4.862,11.646,0.600,0.000,0.0000
531.150,-91.344,22.574,0.326,2.349,4.886,11.656,0.640,0.000,0.0000
531.160,-91.321,22.620,0.325,2.371,4.909,11.666,0.680,0.000,0.0000
531.170,-91.297,22.666,0.324,2.393,4.933,11.677,0.720,0.000,0.0000
531.180,-91.273,22.713,0.323,2.414,4.957,11.688,0.760,0.000,0.0000
531.190,-91.248,22.761,0.321,2.435,4.982,11.699,0.800,0.000,0.0000
531.200,-91.224,22.808,0.320,2.455,5.006,11.711,0.840,0.000,0.0000
531.210,-91.199,22.856,0.318,2.474,5.031,11.722,0.880,0.000,0.0000
531.220,-91.174,22.904,0.317,2.493,5.056,11.734,0.920,0.000,0.0000
531.230,-91.149,22.953,0.315,2.511,5.081,11.745,0.960,0.000,0.0000
531.240,-91.124,23.002,0.314,2.530,5.106,11.757,1.000,0.000,0.0000
531.250,-91.099,23.051,0.312,2.549,5.131,11.769,1.000,0.000,0.0080
531.260,-91.073,23.101,0.311,2.568,5.157,11.781,1.000,0.000,0.0160
531.270,-91.047,23.151,0.310,2.587,5.183,11.793,1.000,0.000,0.0240
531.280,-91.021,23.201,0.309,2.607,5.209,11.805,0.940,0.000,0.0320
531.290,-90.995,23.251,0.308,2.626,5.235,11.817,0.880,0.000,0.0400
531.300,-90.968,23.302,0.307,2.647,5.262,11.829,0.820,0.000,0.0480
531.310,-90.942,23.354,0.306,2.668,5.288,11.841,0.760,0.000,0.0560
531.320,-90.915,23.405,0.305,2.690,5.315,11.853,0.700,0.000,0.0640
531.330,-90.888,23.458,0.305,2.712,5.342,11.865,0.640,0.000,0.0720
531.340,-90.860,23.510,0.304,2.736,5.370,11.877,0.580,0.000,0.0800
531.350,-90.833,23.563,0.304,2.760,5.397,11.890,0.520,0.000,0.0880
531.360,-90.805,23.616,0.304,2.770,5.425,11.902,0.460,0.000,0.0960
531.370,-90.777,23.669,0.304,2.770,5.453,11.914,0.400,0.000,0.1040
531.380,-90.750,23.722,0.304,2.762,5.480,11.926,0.340,0.000,0.1120
531.390,-90.722,23.774,0.305,2.751,5.508,11.937,0.280,0.000,0.1200
531.400,-90.695,23.826,0.306,2.738,5.535,11.949,0.220,0.000,0.1280
531.410,-90.668,23.877,0.307,2.725,5.562,11.960,0.160,0.000,0.1360
531.420,-90.640,23.928,0.308,2.713,5.590,11.971,0.100,0.000,0.1440
531.430,-90.614,23.979,0.309,2.702,5.617,11.982,0.040,0.000,0.1520
531.440,-90.587,24.029,0.311,2.691,5.643,11.992,0.000,0.000,0.1600
531.450,-90.560,24.079,0.313,2.681,5.670,12.003,0.000,0.000,0.1680
531.460,-90.533,24.128,0.314,2.671,5.697,12.014,0.000,0.000,0.1760
531.470,-90.507,24.177,0.316,2.661,5.723,12.024,0.000,0.000,0.1840
531.480,-90.480,24.226,0.318,2.651,5.750,12.035,0.000,0.000,0.1920
531.490,-90.454,24.274,0.319,2.641,5.776,12.045,0.000,0.000,0.2000
531.500,-90.428,24.322,0.321,2.630,5.802,12.056,0.000,0.000,0.2080
531.510,-90.401,24.369,0.323,2.620,5.829,12.067,0.000,0.000,0.2160
531.520,-90.375,24.415,0.324,2.609,5.855,12.078,0.000,0.000,0.2240
531.530,-90.349,24.462,0.325,2.598,5.881,12.089,0.000,0.000,0.2320
531.540,-90.324,24.507,0.327,2.586,5.906,12.099,0.000,0.000,0.2400
531.550,-90.298,24.552,0.328,2.575,5.932,12.111,0.000,0.000,0.2480
531.560,-90.272,24.597,0.329,2.563,5.958,12.122,0.000,0.000,0.2560
531.570,-90.247,24.641,0.330,2.552,5.983,12.133,0.000,0.000,0.2640
531.580,-90.221,24.685,0.331,2.540,6.009,12.144,0.000,0.000,0.2720
531.590,-90.196,24.728,0.331,2.529,6.034,12.156,0.000,0.000,0.2800
531.600,-90.171,24.771,0.332,2.518,6.059,12.167,0.000,0.000,0.2880
531.610,-90.146,24.813,0.332,2.507,6.084,12.179,0.000,0.000,0.2960
531.620,-90.121,24.855,0.332,2.496,6.109,12.191,0.000,0.000,0.3040
531.630,-90.096,24.896,0.332,2.485,6.134,12.203,0.000,0.000,0.3120
531.640,-90.071,24.936,0.332,2.474,6.159,12.215,0.000,0.000,0.3200
531.650,-90.047,24.977,0.332,2.463,6.183,12.227,0.000,0.000,0.3280
531.660,-90.022,25.016,0.332,2.452,6.208,12.239,0.000,0.000,0.3360
531.670,-89.998,25.055,0.332,2.441,6.232,12.251,0.000,0.000,0.3440
531.680,-89.974,25.094,0.332,2.430,6.257,12.263,0.000,0.000,0.3140
531.690,-89.949,25.132,0.331,2.419,6.281,12.276,0.000,0.000,0.2840
531.700,-89.925,25.170,0.331,2.408,6.305,12.288,0.000,0.000,0.2540
531.710,-89.901,25.207,0.330,2.398,6.329,12.300,0.000,0.000,0.2240
531.720,-89.877,25.243,0.330,2.388,6.353,12.313,0.000,0.000,0.1940
531.730,-89.854,25.280,0.329,2.376,6.376,12.325,0.000,0.000,0.1640
531.740,-89.830,25.316,0.328,2.360,6.400,12.337,0.000,0.000,0.1340
531.750,-89.807,25.351,0.328,2.340,6.423,12.350,0.000,0.000,0.1040
531.760,-89.783,25.386,0.327,2.319,6.447,12.362,0.000,0.000,0.0740
531.770,-89.760,25.420,0.326,2.300,6.470,12.374,0.000,0.000,0.0440
531.780,-89.738,25.454,0.326,2.286,6.492,12.386,0.000,0.000,0.0140
531.790,-89.715,25.488,0.325,2.275,6.515,12.398,0.000,0.000,0.0000
531.800,-89.692,25.522,0.325,2.268,6.538,12.410,0.000,0.000,0.0000
531.810,-89.670,25.555,0.324,2.264,6.561,12.422,0.000,0.000,0.0000
531.820,-89.647,25.588,0.324,2.260,6.583,12.434,0.000,0.000,0.0000
531.830,-89.624,25.621,0.323,2.254,6.606,12.446,0.000,0.000,0.0000
531.840,-89.602,25.654,0.322,2.246,6.628,12.458,0.000,0.000,0.0000
531.850,-89.580,25.686,0.322,2.236,6.650,12.470,0.000,0.000,0.0000
531.860,-89.557,25.718,0.321,2.225,6.673,12.482,0.000,0.000,0.0000
531.870,-89.535,25.750,0.321,2.214,6.695,12.494,0.000,0.000,0.0000
531.880,-89.513,25.782,0.321,2.201,6.717,12.505,0.000,0.000,0.0000
531.890,-89.491,25.813,0.320,2.187,6.739,12.517,0.000,0.000,0.0000
531.900,-89.470,25.845,0.320,2.173,6.760,12.529,0.000,0.000,0.0000
531.910,-89.448,25.876,0.320,2.160,6.782,12.540,0.000,0.000,0.0000
531.920,-89.427,25.907,0.319,2.145,6.803,12.552,0.000,0.000,0.0000
531.930,-89.405,25.937,0.319,2.130,6.825,12.563,0.000,0.000,0.0000
531.940,-89.384,25.967,0.319,2.113,6.846,12.574,0.000,0.000,0.0000
531.950,-89.363,25.997,0.319,2.093,6.867,12.585,0.000,0.000,0.0000
531.960,-89.343,26.027,0.319,2.073,6.888,12.596,0.040,0.000,0.0000
531.970,-89.322,26.056,0.319,2.052,6.908,12.607,0.080,0.000,0.0000
531.980,-89.302,26.085,0.319,2.031,6.928,12.617,0.120,0.000,0.0000
531.990,-89.282,26.114,0.320,2.011,6.948,12.628,0.160,0.000,0.0000
532.000,-89.262,26.142,0.320,1.990,6.968,12.638,0.200,0.000,0.0000
532.010,-89.242,26.170,0.320,1.969,6.988,12.648,0.240,0.000,0.0000
532.020,-89.222,26.198,0.321,1.952,7.008,12.659,0.280,0.000,0.0000
532.030,-89.203,26.225,0.321,1.938,7.027,12.669,0.320,0.000,0.0000
532.040,-89.184,26.253,0.321,1.939,7.046,12.679,0.360,0.000,0.0000
532.050,-89.164,26.280,0.321,1.949,7.066,12.689,0.400,0.000,0.0000
532.060,-89.145,26.308,0.321,1.966,7.085,12.700,0.440,0.000,0.0000
532.070,-89.125,26.336,0.321,1.987,7.105,12.711,0.480,0.000,0.0080
532.080,-89.105,26.364,0.321,2.007,7.125,12.722,0.520,0.000,0.0160
532.090,-89.084,26.393,0.320,2.026,7.146,12.733,0.560,0.000,0.0240
532.100,-89.064,26.421,0.320,2.044,7.166,12.745,0.600,0.000,0.0320
532.110,-89.043,26.450,0.319,2.061,7.187,12.757,0.640,0.000,0.0400
532.120,-89.023,26.480,0.318,2.079,7.207,12.769,0.680,0.000,0.0480
532.130,-89.002,26.509,0.318,2.097,7.228,12.781,0.720,0.000,0.0560
532.140,-88.980,26.539,0.317,2.116,7.250,12.793,0.760,0.000,0.0640
532.150,-88.959,26.569,0.316,2.135,7.271,12.805,0.800,0.000,0.0720
532.160,-88.938,26.599,0.315,2.155,7.292,12.818,0.840,0.000,0.0800
532.170,-88.916,26.630,0.314,2.176,7.314,12.831,0.880,0.000,0.0880
532.180,-88.894,26.661,0.314,2.197,7.336,12.843,0.920,0.000,0.0960
532.190,-88.872,26.692,0.313,2.219,7.358,12.856,0.960,0.000,0.1040
532.200,-88.849,26.724,0.312,2.241,7.381,12.869,0.900,0.000,0.1120
532.210,-88.827,26.755,0.311,2.264,7.403,12.883,0.840,0.000,0.1200
532.220,-88.804,26.787,0.311,2.287,7.426,12.896,0.780,0.000,0.1280
532.230,-88.781,26.820,0.310,2.311,7.449,12.909,0.720,0.000,0.1360
532.240,-88.757,26.852,0.309,2.335,7.473,12.923,0.660,0.000,0.1440
532.250,-88.734,26.885,0.309,2.359,7.496,12.937,0.600,0.000,0.1520
532.260,-88.710,26.918,0.308,2.383,7.520,12.950,0.540,0.000,0.1600
532.270,-88.686,26.952,0.308,2.408,7.544,12.964,0.480,0.000,0.1680
532.280,-88.662,26.985,0.308,2.433,7.568,12.978,0.420,0.000,0.1760
532.290,-88.637,27.019,0.307,2.459,7.593,12.992,0.360,0.000,0.1840
532.300,-88.612,27.053,0.307,2.471,7.618,13.006,0.300,0.000,0.1920
532.310,-88.588,27.087,0.307,2.478,7.643,13.020,0.240,0.000,0.2000
532.320,-88.563,27.121,0.308,2.500,7.668,13.035,0.180,0.000,0.2080
532.330,-88.537,27.155,0.308,2.505,7.693,13.049,0.120,0.000,0.2160
532.340,-88.512,27.188,0.308,2.502,7.718,13.063,0.160,0.000,0.2240
532.350,-88.488,27.222,0.309,2.494,7.743,13.076,0.200,0.000,0.2320
532.360,-88.463,27.255,0.310,2.483,7.767,13.090,0.240,0.000,0.2400
532.370,-88.438,27.288,0.311,2.471,7.792,13.104,0.280,0.000,0.2480
532.380,-88.413,27.321,0.312,2.458,7.817,13.117,0.320,0.000,0.2560
532.390,-88.389,27.353,0.313,2.445,7.841,13.130,0.360,0.000,0.2640
532.400,-88.365,27.385,0.314,2.434,7.865,13.143,0.400,0.000,0.2720
532.410,-88.340,27.417,0.315,2.439,7.890,13.157,0.440,0.000,0.2800
532.420,-88.316,27.450,0.316,2.455,7.914,13.170,0.480,0.000,0.2880
532.430,-88.291,27.482,0.317,2.479,7.939,13.184,0.520,0.000,0.2960
532.440,-88.266,27.514,0.318,2.508,7.964,13.198,0.560,0.000,0.3040
532.450,-88.241,27.547,0.318,2.539,7.989,13.212,0.600,0.000,0.3120
532.460,-88.215,27.579,0.319,2.572,8.015,13.227,0.640,0.000,0.3200
532.470,-88.189,27.612,0.319,2.605,8.041,13.242,0.680,0.000,0.3280
532.480,-88.162,27.645,0.319,2.638,8.068,13.257,0.720,0.000,0.3360
532.490,-88.136,27.678,0.319,2.669,8.094,13.273,0.760,0.000,0.3440
532.500,-88.109,27.712,0.319,2.700,8.121,13.289,0.800,0.000,0.3520
532.510,-88.081,27.745,0.319,2.729,8.149,13.306,0.840,0.000,0.3600
532.520,-88.054,27.778,0.319,2.758,8.176,13.322,0.880,0.000,0.3680
532.530,-88.026,27.811,0.319,2.786,8.204,13.339,0.920,0.000,0.3760
532.540,-87.998,27.844,0.319,2.802,8.232,13.356,0.960,0.000,0.3840
532.550,-87.970,27.877,0.318,2.819,8.260,13.373,1.000,0.000,0.3920
532.560,-87.941,27.910,0.318,2.833,8.289,13.390,1.000,0.000,0.4000
532.570,-87.913,27.943,0.318,2.848,8.317,13.408,1.000,0.000,0.4080
532.580,-87.884,27.976,0.318,2.865,8.346,13.425,1.000,0.000,0.4160
532.590,-87.855,28.008,0.317,2.888,8.375,13.443,1.000,0.000,0.4240
532.600,-87.826,28.041,0.317,2.911,8.404,13.461,1.000,0.000,0.4320
532.610,-87.797,28.074,0.317,2.933,8.433,13.479,1.000,0.000,0.4400
532.620,-87.767,28.106,0.316,2.953,8.463,13.497,1.000,0.000,0.4480
532.630,-87.738,28.139,0.316,2.971,8.492,13.516,1.000,0.000,0.4560
532.640,-87.708,28.171,0.316,2.988,8.522,13.534,1.000,0.000,0.4640
532.650,-87.678,28.203,0.315,3.012,8.552,13.553,1.000,0.000,0.4720
532.660,-87.647,28.235,0.315,3.041,8.583,13.572,1.000,0.000,0.4800
532.670,-87.617,28.267,0.315,3.072,8.613,13.591,1.000,0.000,0.4880
532.680,-87.586,28.299,0.315,3.103,8.644,13.610,1.000,0.000,0.4960
532.690,-87.554,28.331,0.314,3.132,8.676,13.630,1.000,0.000,0.5000
532.700,-87.523,28.363,0.314,3.161,8.707,13.649,1.000,0.000,0.5000
532.710,-87.491,28.395,0.314,3.191,8.739,13.670,1.000,0.000,0.5000
532.720,-87.459,28.427,0.314,3.221,8.771,13.690,1.000,0.000,0.5000
532.730,-87.426,28.458,0.314,3.252,8.804,13.710,1.000,0.000,0.5000
532.740,-87.393,28.490,0.313,3.285,8.837,13.731,1.000,0.000,0.5000
532.750,-87.360,28.522,0.313,3.318,8.870,13.752,1.000,0.000,0.5000
532.760,-87.327,28.553,0.313,3.352,8.904,13.773,1.000,0.000,0.5000
532.770,-87.293,28.584,0.313,3.386,8.937,13.794,1.000,0.000,0.5000
532.780,-87.258,28.616,0.313,3.421,8.972,13.816,1.000,0.000,0.5000
532.790,-87.224,28.647,0.313,3.457,9.006,13.838,1.000,0.000,0.5000
532.800,-87.189,28.678,0.313,3.503,9.041,13.860,1.000,0.000,0.5000
532.810,-87.153,28.709,0.313,3.553,9.077,13.883,1.000,0.000,0.5000
532.820,-87.117,28.740,0.312,3.608,9.113,13.906,1.000,0.000,0.5000
532.830,-87.080,28.771,0.312,3.684,9.150,13.930,0.940,0.000,0.5000
532.840,-87.043,28.803,0.312,3.746,9.187,13.954,0.880,0.000,0.5000
532.850,-87.005,28.834,0.312,3.804,9.225,13.979,0.820,0.000,0.5000
532.860,-86.966,28.865,0.311,3.859,9.264,14.004,0.760,0.000,0.5000
532.870,-86.927,28.896,0.311,3.910,9.303,14.029,0.700,0.000,0.5000
532.880,-86.888,28.927,0.311,3.960,9.342,14.055,0.640,0.000,0.5000
532.890,-86.848,28.958,0.311,4.009,9.383,14.081,0.580,0.000,0.5000
532.900,-86.807,28.989,0.311,4.055,9.423,14.108,0.520,0.000,0.5000
532.910,-86.766,29.019,0.311,4.100,9.464,14.134,0.460,0.000,0.5000
532.920,-86.725,29.049,0.311,4.131,9.505,14.161,0.400,0.000,0.5000
532.930,-86.683,29.079,0.311,4.146,9.547,14.188,0.340,0.000,0.5000
532.940,-86.642,29.107,0.312,4.147,9.588,14.215,0.280,0.000,0.4700
532.950,-86.600,29.135,0.313,4.134,9.630,14.242,0.220,0.000,0.4400
532.960,-86.559,29.163,0.314,4.117,9.671,14.268,0.160,0.000,0.4100
532.970,-86.518,29.190,0.314,4.106,9.712,14.295,0.100,0.000,0.3800
532.980,-86.477,29.216,0.316,4.105,9.753,14.321,0.040,0.000,0.3500
532.990,-86.436,29.242,0.317,4.121,9.794,14.348,0.000,0.000,0.3200
533.000,-86.394,29.267,0.317,4.151,9.836,14.375,0.000,0.000,0.2900
533.010,-86.353,29.292,0.318,4.194,9.878,14.402,0.000,0.000,0.2600
533.020,-86.310,29.317,0.319,4.244,9.920,14.430,0.000,0.000,0.2300
533.030,-86.267,29.342,0.319,4.300,9.963,14.459,0.000,0.000,0.2000
533.040,-86.224,29.367,0.320,4.347,10.006,14.488,0.000,0.000,0.1700
533.050,-86.180,29.392,0.320,4.385,10.050,14.518,0.000,0.000,0.1400
533.060,-86.136,29.416,0.320,4.412,10.094,14.547,0.000,0.000,0.1100
533.070,-86.091,29.440,0.320,4.431,10.139,14.577,0.000,0.000,0.0800
533.080,-86.047,29.465,0.320,4.459,10.183,14.608,0.000,0.000,0.0500
533.090,-86.002,29.488,0.320,4.485,10.228,14.639,0.000,0.000,0.0200
533.100,-85.957,29.512,0.319,4.508,10.273,14.670,0.000,0.000,0.0000
533.110,-85.912,29.536,0.319,4.524,10.318,14.701,0.000,0.000,0.0000
533.120,-85.866,29.559,0.319,4.527,10.364,14.732,0.000,0.000,0.0000
533.130,-85.821,29.583,0.319,4.519,10.409,14.763,0.000,0.000,0.0000
533.140,-85.776,29.606,0.319,4.502,10.454,14.795,0.000,0.000,0.0000
533.150,-85.731,29.629,0.318,4.477,10.499,14.826,0.000,0.000,0.0000
533.160,-85.687,29.651,0.318,4.446,10.543,14.856,0.000,0.000,0.0000
533.170,-85.643,29.674,0.319,4.413,10.587,14.887,0.000,0.000,0.0000
533.180,-85.599,29.696,0.319,4.378,10.631,14.917,0.000,0.000,0.0000
533.190,-85.556,29.718,0.319,4.342,10.674,14.948,0.000,0.000,0.0000
533.200,-85.513,29.739,0.319,4.306,10.718,14.977,0.000,0.000,0.0000
533.210,-85.470,29.761,0.319,4.271,10.760,15.007,0.000,0.000,0.0000
533.220,-85.427,29.782,0.320,4.237,10.803,15.037,0.000,0.000,0.0000
533.230,-85.385,29.804,0.320,4.204,10.845,15.066,0.040,0.000,0.0000
533.240,-85.344,29.825,0.321,4.171,10.886,15.095,0.080,0.000,0.0000
533.250,-85.302,29.845,0.321,4.138,10.928,15.124,0.120,0.000,0.0000
533.260,-85.261,29.866,0.321,4.105,10.969,15.153,0.160,0.000,0.0000
533.270,-85.221,29.887,0.322,4.071,11.009,15.181,0.200,0.000,0.0000
533.280,-85.180,29.907,0.322,4.037,11.050,15.210,0.240,0.000,0.0000
533.290,-85.140,29.927,0.323,4.002,11.090,15.238,0.280,0.000,0.0000
533.300,-85.101,29.947,0.323,3.967,11.130,15.266,0.320,0.000,0.0000
533.310,-85.061,29.967,0.323,3.932,11.169,15.294,0.360,0.000,0.0000
533.320,-85.022,29.987,0.324,3.897,11.208,15.322,0.400,0.000,0.0000
533.330,-84.983,30.006,0.324,3.876,11.247,15.349,0.440,0.000,0.0000
533.340,-84.945,30.025,0.324,3.853,11.285,15.377,0.480,0.000,0.0000
533.350,-84.906,30.045,0.324,3.853,11.324,15.404,0.520,0.000,0.0000
533.360,-84.868,30.064,0.324,3.873,11.362,15.432,0.560,0.000,0.0000
533.370,-84.829,30.084,0.324,3.903,11.401,15.461,0.600,0.000,0.0000
533.380,-84.789,30.104,0.323,3.939,11.441,15.490,0.640,0.000,0.0000
533.390,-84.749,30.124,0.323,3.978,11.481,15.519,0.680,0.000,0.0000
533.400,-84.709,30.144,0.322,4.017,11.521,15.549,0.720,0.000,0.0000
533.410,-84.669,30.164,0.321,4.059,11.561,15.579,0.760,0.000,0.0000
533.420,-84.628,30.185,0.320,4.107,11.602,15.609,0.800,0.000,0.0000
533.430,-84.586,30.206,0.319,4.152,11.644,15.640,0.840,0.000,0.0000
533.440,-84.544,30.227,0.318,4.194,11.686,15.672,0.880,0.000,0.0000
533.450,-84.502,30.248,0.316,4.234,11.728,15.704,0.920,0.000,0.0000
533.460,-84.459,30.269,0.315,4.273,11.771,15.736,0.960,0.000,0.0000
533.470,-84.416,30.290,0.314,4.312,11.814,15.768,1.000,0.000,0.0000
533.480,-84.373,30.312,0.313,4.350,11.857,15.801,1.000,0.000,0.0000
533.490,-84.329,30.333,0.311,4.389,11.901,15.834,1.000,0.000,0.0000
533.500,-84.285,30.355,0.310,4.427,11.946,15.867,1.000,0.000,0.0000
533.510,-84.240,30.377,0.309,4.466,11.990,15.901,1.000,0.000,0.0000
533.520,-84.195,30.399,0.308,4.506,12.035,15.935,1.000,0.000,0.0000
533.530,-84.149,30.422,0.308,4.545,12.081,15.969,1.000,0.000,0.0000
533.540,-84.104,30.444,0.307,4.584,12.126,16.004,1.000,0.000,0.0000
533.550,-84.057,30.467,0.306,4.624,12.173,16.039,1.000,0.000,0.0000
533.560,-84.011,30.489,0.306,4.663,12.219,16.074,1.000,0.000,0.0000
533.570,-83.964,30.512,0.305,4.702,12.266,16.109,1.000,0.000,0.0000
533.580,-83.916,30.535,0.305,4.740,12.314,16.145,1.000,0.000,0.0000
533.590,-83.868,30.559,0.305,4.779,12.362,16.181,1.000,0.000,0.0000
533.600,-83.820,30.582,0.305,4.817,12.410,16.217,1.000,0.000,0.0000
533.610,-83.772,30.606,0.305,4.854,12.458,16.254,1.000,0.000,0.0000
533.620,-83.723,30.629,0.305,4.889,12.507,16.290,1.000,0.000,0.0000
533.630,-83.674,30.653,0.305,4.920,12.556,16.327,1.000,0.000,0.0000
533.640,-83.624,30.677,0.305,4.952,12.606,16.365,1.000,0.000,0.0000
533.650,-83.574,30.701,0.305,4.983,12.656,16.402,1.000,0.000,0.0000
533.660,-83.524,30.725,0.306,5.016,12.706,16.440,1.000,0.000,0.0000
533.670,-83.474,30.750,0.306,5.050,12.756,16.478,1.000,0.000,0.0000
533.680,-83.423,30.774,0.307,5.085,12.807,16.516,1.000,0.000,0.0000
533.690,-83.372,30.799,0.307,5.121,12.858,16.555,1.000,0.000,0.0000
533.700,-83.320,30.823,0.308,5.158,12.910,16.594,1.000,0.000,0.0000
533.710,-83.268,30.848,0.308,5.196,12.962,16.633,1.000,0.000,0.0000
533.720,-83.216,30.874,0.309,5.236,13.014,16.673,1.000,0.000,0.0000
533.730,-83.163,30.899,0.309,5.276,13.067,16.713,1.000,0.000,0.0000
533.740,-83.110,30.924,0.310,5.318,13.120,16.754,1.000,0.000,0.0000
533.750,-83.056,30.950,0.310,5.360,13.174,16.795,1.000,0.000,0.0000
533.760,-83.002,30.976,0.310,5.402,13.228,16.837,1.000,0.000,0.0000
533.770,-82.948,31.002,0.311,5.442,13.282,16.878,1.000,0.000,0.0000
533.780,-82.893,31.029,0.311,5.479,13.337,16.921,1.000,0.000,0.0000
533.790,-82.838,31.055,0.311,5.515,13.392,16.963,1.000,0.000,0.0000
533.800,-82.782,31.082,0.311,5.550,13.448,17.006,1.000,0.000,0.0000
533.810,-82.726,31.109,0.311,5.584,13.504,17.050,1.000,0.000,0.0000
533.820,-82.670,31.136,0.312,5.605,13.560,17.093,1.000,0.000,0.0000
533.830,-82.614,31.163,0.312,5.627,13.616,17.137,1.000,0.000,0.0000
533.840,-82.558,31.190,0.312,5.659,13.672,17.181,1.000,0.000,0.0000
533.850,-82.501,31.217,0.312,5.694,13.729,17.226,1.000,0.000,0.0000
533.860,-82.443,31.245,0.312,5.731,13.787,17.271,1.000,0.000,0.0000
533.870,-82.386,31.273,0.312,5.768,13.844,17.316,1.000,0.000,0.0000
533.880,-82.328,31.301,0.312,5.807,13.902,17.361,1.000,0.000,0.0000
533.890,-82.269,31.329,0.312,5.847,13.961,17.408,1.000,0.000,0.0000
533.900,-82.210,31.357,0.312,5.888,14.020,17.454,1.000,0.000,0.0000
533.910,-82.151,31.386,0.312,5.930,14.079,17.501,1.000,0.000,0.0000
533.920,-82.091,31.415,0.312,5.971,14.139,17.548,1.000,0.000,0.0000
533.930,-82.031,31.443,0.312,6.011,14.199,17.596,1.000,0.000,0.0000
533.940,-81.971,31.472,0.311,6.050,14.259,17.644,1.000,0.000,0.0000
533.950,-81.910,31.502,0.311,6.088,14.320,17.693,1.000,0.000,0.0000
533.960,-81.848,31.531,0.311,6.126,14.382,17.742,1.000,0.000,0.0000
533.970,-81.787,31.560,0.311,6.163,14.443,17.791,1.000,0.000,0.0000
533.980,-81.725,31.590,0.311,6.198,14.505,17.841,1.000,0.000,0.0000
533.990,-81.663,31.619,0.311,6.229,14.567,17.891,1.000,0.000,0.0000
534.000,-81.600,31.649,0.310,6.256,14.630,17.941,1.000,0.000,0.0000
534.010,-81.537,31.679,0.310,6.277,14.693,17.992,1.000,0.000,0.0000
534.020,-81.474,31.709,0.310,6.301,14.756,18.042,1.000,0.000,0.0000
534.030,-81.411,31.738,0.310,6.330,14.819,18.093,1.000,0.000,0.0000
534.040,-81.347,31.768,0.310,6.364,14.883,18.145,1.000,0.000,0.0000
534.050,-81.283,31.799,0.310,6.402,14.947,18.196,1.000,0.000,0.0000
534.060,-81.219,31.829,0.310,6.442,15.011,18.248,1.000,0.000,0.0000
534.070,-81.154,31.859,0.310,6.483,15.076,18.301,1.000,0.000,0.0000
534.080,-81.089,31.890,0.310,6.524,15.141,18.354,1.000,0.000,0.0000
534.090,-81.023,31.921,0.310,6.567,15.207,18.407,1.000,0.000,0.0000
534.100,-80.957,31.952,0.310,6.613,15.273,18.461,1.000,0.000,0.0000
534.110,-80.890,31.983,0.310,6.663,15.340,18.516,1.000,0.000,0.0000
534.120,-80.823,32.014,0.310,6.709,15.407,18.571,1.000,0.000,0.0000
534.130,-80.756,32.046,0.310,6.752,15.474,18.626,1.000,0.000,0.0000
534.140,-80.688,32.078,0.310,6.791,15.542,18.682,1.000,0.000,0.0000
534.150,-80.620,32.110,0.310,6.826,15.610,18.738,1.000,0.000,0.0000
534.160,-80.551,32.142,0.310,6.854,15.679,18.794,1.000,0.000,0.0000
534.170,-80.482,32.174,0.310,6.878,15.748,18.851,1.000,0.000,0.0000
534.180,-80.413,32.207,0.310,6.895,15.817,18.907,1.000,0.000,0.0000
534.190,-80.344,32.239,0.310,6.919,15.886,18.964,1.000,0.000,0.0000
534.200,-80.275,32.272,0.310,6.949,15.955,19.022,1.000,0.000,0.0000
534.210,-80.205,32.305,0.310,6.983,16.025,19.079,1.000,0.000,0.0000
534.220,-80.135,32.338,0.310,7.021,16.095,19.138,1.000,0.000,0.0000
534.230,-80.064,32.371,0.310,7.063,16.166,19.196,0.940,0.000,0.0000
534.240,-79.993,32.404,0.310,7.110,16.237,19.255,0.880,0.000,0.0080
534.250,-79.921,32.438,0.310,7.162,16.309,19.315,0.820,0.000,0.0160
534.260,-79.849,32.472,0.310,7.213,16.381,19.375,0.760,0.000,0.0240
534.270,-79.776,32.506,0.310,7.261,16.454,19.435,0.700,0.000,0.0320
534.280,-79.704,32.540,0.310,7.282,16.526,19.496,0.640,0.000,0.0400
534.290,-79.631,32.574,0.310,7.279,16.599,19.557,0.580,0.000,0.0480
534.300,-79.558,32.608,0.310,7.254,16.672,19.618,0.520,0.000,0.0560
534.310,-79.486,32.642,0.311,7.215,16.744,19.678,0.460,0.000,0.0640
534.320,-79.414,32.675,0.312,7.172,16.816,19.738,0.400,0.000,0.0720
534.330,-79.343,32.708,0.312,7.105,16.887,19.797,0.340,0.000,0.0800
534.340,-79.273,32.741,0.314,7.045,16.957,19.856,0.280,0.000,0.0880
534.350,-79.203,32.773,0.315,6.994,17.027,19.914,0.220,0.000,0.0960
534.360,-79.134,32.805,0.316,6.951,17.096,19.972,0.160,0.000,0.1040
534.370,-79.064,32.837,0.317,6.913,17.166,20.030,0.100,0.000,0.1120
534.380,-78.996,32.868,0.319,6.879,17.234,20.087,0.040,0.000,0.1200
534.390,-78.927,32.899,0.320,6.847,17.303,20.144,0.000,0.000,0.1280
534.400,-78.859,32.930,0.321,6.815,17.371,20.202,0.000,0.000,0.1360
534.410,-78.791,32.961,0.322,6.781,17.439,20.259,0.000,0.000,0.1440
534.420,-78.724,32.991,0.324,6.758,17.506,20.315,0.000,0.000,0.1520
534.430,-78.656,33.021,0.325,6.732,17.574,20.372,0.000,0.000,0.1600
534.440,-78.589,33.051,0.325,6.702,17.641,20.429,0.000,0.000,0.1680
534.450,-78.523,33.080,0.326,6.668,17.707,20.485,0.000,0.000,0.1760
534.460,-78.456,33.109,0.327,6.630,17.774,20.541,0.000,0.000,0.1840
534.470,-78.390,33.138,0.328,6.591,17.840,20.597,0.000,0.000,0.1920
534.480,-78.325,33.167,0.328,6.553,17.905,20.653,0.000,0.000,0.2000
534.490,-78.260,33.195,0.329,6.518,17.970,20.709,0.000,0.000,0.2080
534.500,-78.195,33.223,0.329,6.518,18.035,20.764,0.000,0.000,0.1780
534.510,-78.130,33.250,0.329,6.500,18.100,20.820,0.000,0.000,0.1480
534.520,-78.065,33.277,0.329,6.467,18.165,20.875,0.000,0.000,0.1180
534.530,-78.001,33.304,0.330,6.422,18.229,20.931,0.000,0.000,0.0880
534.540,-77.937,33.331,0.330,6.374,18.293,20.985,0.000,0.000,0.0580
534.550,-77.874,33.357,0.330,6.329,18.356,21.040,0.000,0.000,0.0280
534.560,-77.811,33.382,0.329,6.288,18.419,21.094,0.000,0.000,0.0000
534.570,-77.748,33.408,0.329,6.253,18.482,21.148,0.000,0.000,0.0000
534.580,-77.686,33.433,0.329,6.228,18.544,21.202,0.000,0.000,0.0000
534.590,-77.624,33.457,0.329,6.209,18.606,21.256,0.000,0.000,0.0000
534.600,-77.562,33.482,0.328,6.193,18.668,21.310,0.000,0.000,0.0000
534.610,-77.500,33.506,0.328,6.176,18.730,21.363,0.000,0.000,0.0000
534.620,-77.439,33.530,0.327,6.158,18.791,21.417,0.000,0.000,0.0000
534.630,-77.377,33.554,0.327,6.136,18.853,21.470,0.000,0.000,0.0000
534.640,-77.316,33.577,0.326,6.112,18.914,21.524,0.000,0.000,0.0000
534.650,-77.255,33.601,0.326,6.086,18.975,21.577,0.000,0.000,0.0000
534.660,-77.195,33.624,0.325,6.059,19.035,21.630,0.000,0.000,0.0000
534.670,-77.134,33.647,0.324,6.034,19.096,21.683,0.000,0.000,0.0000
534.680,-77.074,33.670,0.324,6.007,19.156,21.735,0.000,0.000,0.0000
534.690,-77.015,33.692,0.323,5.979,19.215,21.788,0.000,0.000,0.0000
534.700,-76.955,33.714,0.323,5.949,19.275,21.840,0.000,0.000,0.0000
534.710,-76.896,33.736,0.322,5.918,19.334,21.891,0.000,0.000,0.0000
534.720,-76.837,33.758,0.322,5.887,19.393,21.943,0.000,0.000,0.0000
534.730,-76.778,33.780,0.321,5.856,19.452,21.994,0.000,0.000,0.0000
534.740,-76.720,33.802,0.321,5.824,19.510,22.045,0.000,0.000,0.0000
534.750,-76.662,33.823,0.321,5.791,19.568,22.096,0.000,0.000,0.0000
534.760,-76.605,33.845,0.321,5.758,19.625,22.147,0.000,0.000,0.0000
534.770,-76.547,33.866,0.320,5.723,19.683,22.197,0.000,0.000,0.0000
534.780,-76.491,33.887,0.320,5.689,19.739,22.247,0.000,0.000,0.0000
534.790,-76.434,33.908,0.320,5.653,19.796,22.297,0.000,0.000,0.0000
534.800,-76.378,33.929,0.320,5.617,19.852,22.346,0.000,0.000,0.0000
534.810,-76.322,33.950,0.320,5.579,19.908,22.395,0.000,0.000,0.0000
534.820,-76.267,33.970,0.320,5.542,19.963,22.444,0.000,0.000,0.0000
534.830,-76.212,33.991,0.321,5.505,20.018,22.492,0.000,0.000,0.0000
534.840,-76.157,34.011,0.321,5.467,20.073,22.540,0.000,0.000,0.0000
534.850,-76.103,34.032,0.321,5.428,20.127,22.588,0.000,0.000,0.0000
534.860,-76.049,34.052,0.321,5.384,20.181,22.635,0.000,0.000,0.0000
534.870,-75.995,34.072,0.322,5.339,20.235,22.682,0.000,0.000,0.0000
534.880,-75.943,34.091,0.322,5.282,20.287,22.728,0.000,0.000,0.0000
534.890,-75.890,34.111,0.322,5.229,20.340,22.774,0.000,0.000,0.0000
534.900,-75.838,34.131,0.323,5.190,20.392,22.820,0.000,0.000,0.0000
534.910,-75.787,34.150,0.323,5.155,20.443,22.865,0.000,0.000,0.0000
534.920,-75.736,34.169,0.323,5.122,20.494,22.910,0.000,0.000,0.0000
534.930,-75.685,34.189,0.324,5.090,20.545,22.955,0.000,0.000,0.0000
534.940,-75.634,34.208,0.324,5.058,20.596,23.000,0.000,0.000,0.0000
534.950,-75.584,34.227,0.324,5.026,20.646,23.044,0.000,0.000,0.0000
534.960,-75.534,34.245,0.325,4.993,20.696,23.089,0.000,0.000,0.0000
534.970,-75.484,34.264,0.325,4.959,20.746,23.132,0.000,0.000,0.0000
534.980,-75.435,34.283,0.325,4.925,20.795,23.176,0.000,0.000,0.0000
534.990,-75.386,34.301,0.325,4.891,20.844,23.219,0.000,0.000,0.0000
535.000,-75.338,34.319,0.325,4.855,20.892,23.262,0.000,0.000,0.0000
535.010,-75.289,34.337,0.325,4.823,20.941,23.305,0.000,0.000,0.0000
535.020,-75.242,34.355,0.325,4.790,20.988,23.348,0.000,0.000,0.0000
535.030,-75.194,34.373,0.325,4.756,21.036,23.390,0.000,0.000,0.0000
535.040,-75.147,34.390,0.325,4.721,21.083,23.432,0.000,0.000,0.0000
535.050,-75.100,34.407,0.325,4.686,21.130,23.474,0.000,0.000,0.0000
535.060,-75.053,34.424,0.325,4.650,21.177,23.515,0.000,0.000,0.0000
535.070,-75.007,34.441,0.325,4.614,21.223,23.556,0.000,0.000,0.0000
535.080,-74.962,34.458,0.325,4.576,21.268,23.597,0.000,0.000,0.0000
535.090,-74.916,34.475,0.325,4.534,21.314,23.638,0.000,0.000,0.0000
535.100,-74.871,34.491,0.325,4.489,21.359,23.678,0.000,0.000,0.0000
535.110,-74.827,34.507,0.325,4.428,21.403,23.717,0.000,0.000,0.0000
535.120,-74.783,34.523,0.325,4.369,21.447,23.756,0.000,0.000,0.0000
535.130,-74.740,34.539,0.325,4.321,21.490,23.795,0.000,0.000,0.0000
535.140,-74.697,34.554,0.325,4.283,21.533,23.833,0.000,0.000,0.0000
535.150,-74.655,34.570,0.325,4.254,21.575,23.871,0.000,0.000,0.0000
535.160,-74.612,34.585,0.325,4.230,21.618,23.909,0.000,0.000,0.0000
535.170,-74.570,34.600,0.325,4.204,21.660,23.947,0.000,0.000,0.0000
535.180,-74.529,34.615,0.325,4.176,21.701,23.984,0.000,0.000,0.0000
535.190,-74.487,34.630,0.325,4.145,21.743,24.021,0.000,0.000,0.0000
535.200,-74.446,34.645,0.324,4.111,21.784,24.058,0.000,0.000,0.0000
535.210,-74.405,34.659,0.324,4.076,21.825,24.095,0.000,0.000,0.0000
535.220,-74.365,34.674,0.324,4.040,21.865,24.131,0.000,0.000,0.0000
535.230,-74.325,34.688,0.324,4.004,21.905,24.167,0.000,0.000,0.0080
535.240,-74.285,34.703,0.324,3.964,21.945,24.203,0.000,0.000,0.0160
535.250,-74.246,34.717,0.324,3.922,21.984,24.238,0.000,0.000,0.0240
535.260,-74.207,34.731,0.324,3.879,22.023,24.273,0.000,0.000,0.0320
535.270,-74.169,34.745,0.324,3.845,22.061,24.307,0.000,0.000,0.0400
535.280,-74.131,34.758,0.323,3.811,22.099,24.342,0.000,0.000,0.0480
535.290,-74.093,34.772,0.323,3.775,22.137,24.376,0.000,0.000,0.0560
535.300,-74.056,34.786,0.323,3.739,22.174,24.409,0.000,0.000,0.0640
535.310,-74.019,34.799,0.323,3.701,22.211,24.442,0.000,0.000,0.0720
535.320,-73.982,34.813,0.323,3.662,22.248,24.475,0.000,0.000,0.0800
535.330,-73.946,34.826,0.323,3.622,22.284,24.508,0.000,0.000,0.0880
535.340,-73.910,34.839,0.323,3.582,22.320,24.540,0.000,0.000,0.0960
535.350,-73.874,34.852,0.323,3.542,22.356,24.572,0.000,0.000,0.1040
535.360,-73.839,34.865,0.323,3.502,22.391,24.604,0.000,0.000,0.1120
535.370,-73.805,34.877,0.323,3.462,22.425,24.635,0.000,0.000,0.1200
535.380,-73.771,34.890,0.323,3.421,22.459,24.666,0.000,0.000,0.1280
535.390,-73.737,34.902,0.324,3.381,22.493,24.696,0.000,0.000,0.0980
535.400,-73.703,34.914,0.324,3.348,22.527,24.726,0.000,0.000,0.0680
535.410,-73.670,34.926,0.324,3.319,22.560,24.756,0.000,0.000,0.0380
535.420,-73.637,34.938,0.324,3.294,22.593,24.786,0.000,0.000,0.0080
535.430,-73.605,34.949,0.324,3.266,22.625,24.815,0.000,0.000,0.0000
535.440,-73.572,34.961,0.324,3.204,22.658,24.844,0.000,0.000,0.0000
535.450,-73.541,34.972,0.324,3.144,22.689,24.872,0.000,0.000,0.0000
535.460,-73.510,34.983,0.324,3.091,22.720,24.900,0.000,0.000,0.0000
535.470,-73.480,34.994,0.324,3.045,22.750,24.928,0.000,0.000,0.0000
535.480,-73.450,35.004,0.324,3.004,22.780,24.955,0.000,0.000,0.0000
535.490,-73.420,35.015,0.325,2.969,22.810,24.982,0.000,0.000,0.0000
535.500,-73.391,35.025,0.325,2.942,22.839,25.008,0.000,0.000,0.0000
535.510,-73.361,35.035,0.325,2.915,22.869,25.035,0.000,0.000,0.0000
535.520,-73.332,35.046,0.325,2.888,22.898,25.061,0.000,0.000,0.0000
535.530,-73.304,35.056,0.325,2.858,22.926,25.086,0.000,0.000,0.0000
535.540,-73.276,35.065,0.325,2.827,22.954,25.112,0.000,0.000,0.0000
535.550,-73.248,35.075,0.325,2.794,22.982,25.137,0.000,0.000,0.0000
535.560,-73.220,35.085,0.324,2.761,23.010,25.162,0.000,0.000,0.0000
535.570,-73.193,35.094,0.324,2.726,23.037,25.187,0.000,0.000,0.0000
535.580,-73.166,35.104,0.324,2.691,23.064,25.212,0.000,0.000,0.0000
535.590,-73.139,35.113,0.324,2.656,23.091,25.236,0.000,0.000,0.0000
535.600,-73.113,35.122,0.324,2.621,23.117,25.259,0.000,0.000,0.0000
535.610,-73.087,35.131,0.324,2.585,23.143,25.283,0.000,0.000,0.0000
535.620,-73.062,35.140,0.324,2.549,23.168,25.306,0.000,0.000,0.0000
535.630,-73.037,35.148,0.324,2.513,23.193,25.329,0.000,0.000,0.0000
535.640,-73.012,35.157,0.324,2.476,23.218,25.351,0.000,0.000,0.0000
535.650,-72.987,35.165,0.324,2.445,23.243,25.374,0.000,0.000,0.0000
535.660,-72.963,35.174,0.323,2.415,23.267,25.396,0.000,0.000,0.0000
535.670,-72.939,35.182,0.323,2.383,23.291,25.417,0.000,0.000,0.0000
535.680,-72.916,35.190,0.323,2.349,23.314,25.439,0.000,0.000,0.0000
535.690,-72.893,35.198,0.323,2.314,23.337,25.460,0.000,0.000,0.0000
535.700,-72.870,35.206,0.323,2.278,23.360,25.480,0.000,0.000,0.0000
535.710,-72.848,35.213,0.323,2.241,23.382,25.501,0.000,0.000,0.0000
535.720,-72.826,35.221,0.323,2.204,23.404,25.521,0.000,0.000,0.0000
535.730,-72.804,35.228,0.323,2.167,23.426,25.540,0.000,0.000,0.0000
535.740,-72.783,35.236,0.323,2.130,23.447,25.560,0.000,0.000,0.0000
535.750,-72.762,35.243,0.323,2.093,23.468,25.579,0.000,0.000,0.0000
535.760,-72.741,35.250,0.323,2.055,23.489,25.597,0.000,0.000,0.0000
535.770,-72.721,35.257,0.323,2.018,23.509,25.616,0.000,0.000,0.0000
535.780,-72.701,35.264,0.323,1.981,23.529,25.634,0.000,0.000,0.0000
535.790,-72.682,35.270,0.323,1.943,23.548,25.651,0.000,0.000,0.0000
535.800,-72.663,35.277,0.323,1.906,23.567,25.669,0.000,0.000,0.0000
535.810,-72.644,35.283,0.323,1.868,23.586,25.686,0.000,0.000,0.0000
535.820,-72.626,35.289,0.323,1.831,23.604,25.702,0.000,0.000,0.0000
535.830,-72.608,35.296,0.323,1.793,23.622,25.719,0.000,0.000,0.0000
535.840,-72.590,35.302,0.323,1.755,23.640,25.734,0.000,0.000,0.0000
535.850,-72.573,35.307,0.324,1.718,23.657,25.750,0.040,0.000,0.0000
535.860,-72.556,35.313,0.324,1.680,23.674,25.765,0.080,0.000,0.0000
535.870,-72.540,35.319,0.324,1.642,23.690,25.780,0.120,0.000,0.0000
535.880,-72.524,35.324,0.324,1.603,23.706,25.795,0.160,0.000,0.0000
535.890,-72.508,35.330,0.324,1.580,23.722,25.809,0.200,0.000,0.0000
535.900,-72.492,35.335,0.324,1.574,23.738,25.823,0.240,0.000,0.0000
535.910,-72.476,35.341,0.324,1.583,23.754,25.838,0.280,0.000,0.0000
535.920,-72.460,35.346,0.323,1.604,23.770,25.853,0.320,0.000,0.0000
535.930,-72.444,35.351,0.323,1.633,23.786,25.868,0.360,0.000,0.0000
535.940,-72.427,35.357,0.322,1.667,23.803,25.883,0.400,0.000,0.0000
535.950,-72.410,35.363,0.321,1.704,23.820,25.899,0.440,0.000,0.0000
535.960,-72.393,35.369,0.321,1.733,23.837,25.915,0.480,0.000,0.0000
535.970,-72.375,35.375,0.320,1.764,23.855,25.932,0.520,0.000,0.0000
535.980,-72.358,35.381,0.319,1.797,23.872,25.948,0.560,0.000,0.0000
535.990,-72.339,35.387,0.318,1.831,23.891,25.965,0.600,0.000,0.0000
536.000,-72.321,35.393,0.317,1.867,23.909,25.983,0.640,0.000,0.0000
536.010,-72.302,35.400,0.315,1.905,23.928,26.001,0.680,0.000,0.0000
536.020,-72.282,35.406,0.314,1.942,23.948,26.019,0.720,0.000,0.0000
536.030,-72.262,35.413,0.313,1.981,23.968,26.037,0.760,0.000,0.0000
536.040,-72.242,35.420,0.312,2.022,23.988,26.056,0.800,0.000,0.0000
536.050,-72.222,35.426,0.311,2.068,24.008,26.075,0.840,0.000,0.0000
536.060,-72.200,35.434,0.310,2.114,24.030,26.095,0.880,0.000,0.0000
536.070,-72.179,35.441,0.309,2.157,24.051,26.115,0.920,0.000,0.0000
536.080,-72.157,35.448,0.309,2.200,24.073,26.135,0.960,0.000,0.0000
536.090,-72.135,35.455,0.308,2.241,24.095,26.156,1.000,0.000,0.0000
536.100,-72.112,35.463,0.307,2.281,24.118,26.177,1.000,0.000,0.0000
536.110,-72.088,35.471,0.306,2.322,24.142,26.199,1.000,0.000,0.0000
536.120,-72.065,35.478,0.306,2.362,24.165,26.220,1.000,0.000,0.0000
536.130,-72.041,35.486,0.306,2.402,24.189,26.242,1.000,0.000,0.0000
536.140,-72.016,35.495,0.305,2.442,24.214,26.265,1.000,0.000,0.0000
536.150,-71.992,35.503,0.305,2.482,24.238,26.288,1.000,0.000,0.0000
536.160,-71.966,35.511,0.305,2.522,24.264,26.311,1.000,0.000,0.0000
536.170,-71.941,35.520,0.305,2.562,24.289,26.334,1.000,0.000,0.0000
536.180,-71.915,35.528,0.305,2.602,24.315,26.358,1.000,0.000,0.0000
536.190,-71.888,35.537,0.305,2.642,24.342,26.382,1.000,0.000,0.0000
536.200,-71.862,35.546,0.305,2.682,24.368,26.406,1.000,0.000,0.0000
536.210,-71.834,35.555,0.306,2.721,24.396,26.431,1.000,0.000,0.0000
536.220,-71.807,35.564,0.306,2.760,24.423,26.456,1.000,0.000,0.0000
536.230,-71.779,35.573,0.306,2.800,24.451,26.482,1.000,0.000,0.0000
536.240,-71.750,35.582,0.307,2.838,24.480,26.508,1.000,0.000,0.0000
536.250,-71.721,35.592,0.307,2.889,24.509,26.534,1.000,0.000,0.0000
536.260,-71.692,35.602,0.307,2.938,24.538,26.561,1.000,0.000,0.0000
536.270,-71.662,35.612,0.308,2.985,24.568,26.588,1.000,0.000,0.0000
536.280,-71.632,35.622,0.308,3.028,24.598,26.615,0.940,0.000,0.0000
536.290,-71.601,35.632,0.308,3.069,24.629,26.643,0.880,0.000,0.0000
536.300,-71.570,35.642,0.309,3.105,24.660,26.672,0.820,0.000,0.0000
536.310,-71.539,35.652,0.309,3.137,24.691,26.700,0.760,0.000,0.0000
536.320,-71.507,35.663,0.309,3.165,24.723,26.729,0.700,0.000,0.0000
536.330,-71.475,35.673,0.310,3.193,24.755,26.758,0.640,0.000,0.0000
536.340,-71.443,35.684,0.310,3.223,24.787,26.788,0.580,0.000,0.0000
536.350,-71.410,35.694,0.311,3.256,24.820,26.817,0.520,0.000,0.0000
536.360,-71.378,35.705,0.311,3.291,24.852,26.847,0.460,0.000,0.0000
536.370,-71.344,35.716,0.311,3.328,24.886,26.878,0.400,0.000,0.0000
536.380,-71.311,35.727,0.312,3.365,24.919,26.908,0.340,0.000,0.0000
536.390,-71.277,35.738,0.312,3.403,24.953,26.940,0.280,0.000,0.0000
536.400,-71.242,35.749,0.312,3.418,24.988,26.971,0.220,0.000,0.0000
536.410,-71.208,35.760,0.312,3.413,25.022,27.002,0.160,0.000,0.0000
536.420,-71.174,35.771,0.313,3.394,25.056,27.033,0.100,0.000,0.0000
536.430,-71.141,35.782,0.313,3.357,25.089,27.064,0.040,0.000,0.0000
536.440,-71.108,35.793,0.314,3.311,25.122,27.094,0.000,0.000,0.0000
536.450,-71.075,35.804,0.315,3.269,25.155,27.123,0.000,0.000,0.0000
536.460,-71.043,35.814,0.316,3.234,25.187,27.153,0.000,0.000,0.0000
536.470,-71.011,35.825,0.317,3.202,25.219,27.182,0.000,0.000,0.0000
536.480,-70.979,35.835,0.318,3.169,25.251,27.211,0.000,0.000,0.0000
536.490,-70.948,35.845,0.318,3.135,25.282,27.239,0.000,0.000,0.0000
536.500,-70.917,35.856,0.319,3.100,25.313,27.267,0.000,0.000,0.0000
536.510,-70.886,35.866,0.320,3.063,25.344,27.295,0.000,0.000,0.0000
536.520,-70.856,35.875,0.321,3.026,25.374,27.323,0.000,0.000,0.0000
536.530,-70.826,35.885,0.322,2.989,25.404,27.350,0.000,0.000,0.0000
536.540,-70.796,35.895,0.323,2.950,25.434,27.376,0.000,0.000,0.0000
536.550,-70.767,35.904,0.324,2.915,25.463,27.403,0.000,0.000,0.0000
536.560,-70.739,35.914,0.324,2.879,25.491,27.429,0.000,0.000,0.0000
536.570,-70.710,35.923,0.325,2.843,25.520,27.455,0.000,0.000,0.0000
536.580,-70.682,35.932,0.326,2.806,25.548,27.481,0.000,0.000,0.0000
536.590,-70.654,35.941,0.326,2.768,25.576,27.506,0.000,0.000,0.0000
536.600,-70.627,35.950,0.327,2.730,25.603,27.531,0.000,0.000,0.0000
536.610,-70.600,35.959,0.327,2.691,25.630,27.556,0.000,0.000,0.0000
536.620,-70.574,35.967,0.327,2.651,25.656,27.580,0.000,0.080,0.0000
536.630,-70.548,35.976,0.328,2.610,25.682,27.604,0.000,0.160,0.0000
536.640,-70.522,35.984,0.328,2.567,25.708,27.628,0.000,0.240,0.0000
536.650,-70.497,35.992,0.328,2.524,25.733,27.651,0.000,0.320,0.0000
536.660,-70.472,36.000,0.328,2.480,25.758,27.674,0.000,0.400,0.0000
536.670,-70.448,36.008,0.328,2.437,25.783,27.696,0.000,0.480,0.0000
536.680,-70.424,36.015,0.328,2.394,25.806,27.718,0.000,0.560,0.0000
536.690,-70.400,36.023,0.328,2.352,25.830,27.740,0.000,0.640,0.0000
536.700,-70.377,36.030,0.328,2.310,25.853,27.761,0.000,0.720,0.0000
536.710,-70.354,36.038,0.328,2.268,25.876,27.782,0.000,0.800,0.0000
536.720,-70.332,36.045,0.327,2.224,25.898,27.803,0.000,0.880,0.0000
536.730,-70.310,36.052,0.327,2.179,25.920,27.823,0.000,0.960,0.0000
536.740,-70.289,36.058,0.327,2.132,25.941,27.843,0.000,1.000,0.0000
536.750,-70.268,36.065,0.327,2.086,25.962,27.862,0.000,1.000,0.0000
536.760,-70.248,36.072,0.327,2.041,25.982,27.881,0.000,1.000,0.0000
536.770,-70.228,36.078,0.326,1.998,26.002,27.900,0.000,1.000,0.0000
536.780,-70.208,36.084,0.326,1.958,26.022,27.918,0.000,1.000,0.0000
536.790,-70.189,36.090,0.326,1.918,26.041,27.936,0.000,1.000,0.0000
536.800,-70.170,36.096,0.326,1.880,26.060,27.953,0.000,1.000,0.0000
536.810,-70.152,36.102,0.325,1.842,26.078,27.970,0.000,1.000,0.0000
536.820,-70.134,36.108,0.325,1.805,26.096,27.987,0.000,1.000,0.0000
536.830,-70.116,36.114,0.325,1.767,26.114,28.004,0.000,1.000,0.0000
536.840,-70.099,36.119,0.324,1.729,26.131,28.020,0.000,1.000,0.0000
536.850,-70.082,36.125,0.324,1.692,26.148,28.035,0.000,1.000,0.0000
536.860,-70.065,36.130,0.324,1.654,26.165,28.051,0.000,1.000,0.0000
536.870,-70.049,36.135,0.324,1.616,26.181,28.066,0.000,1.000,0.0000
536.880,-70.033,36.140,0.324,1.578,26.197,28.080,0.000,1.000,0.0000
536.890,-70.018,36.145,0.323,1.529,26.212,28.095,0.000,1.000,0.0000
536.900,-70.003,36.150,0.323,1.481,26.227,28.108,0.000,1.000,0.0000
536.910,-69.989,36.155,0.323,1.435,26.241,28.122,0.000,1.000,0.0000
536.920,-69.975,36.159,0.323,1.393,26.255,28.135,0.000,1.000,0.0000
536.930,-69.961,36.164,0.323,1.353,26.269,28.147,0.000,1.000,0.0000
536.940,-69.948,36.168,0.323,1.314,26.282,28.159,0.000,1.000,0.0000
536.950,-69.936,36.172,0.323,1.276,26.295,28.171,0.000,1.000,0.0000
536.960,-69.923,36.176,0.323,1.238,26.307,28.183,0.000,1.000,0.0000
536.970,-69.911,36.180,0.323,1.201,26.319,28.194,0.000,1.000,0.0000
536.980,-69.899,36.184,0.323,1.164,26.331,28.204,0.000,1.000,0.0000
536.990,-69.888,36.187,0.323,1.126,26.342,28.215,0.000,1.000,0.0000
537.000,-69.877,36.191,0.323,1.088,26.353,28.225,0.000,1.000,0.0000
537.010,-69.867,36.194,0.323,1.051,26.363,28.235,0.000,1.000,0.0000
537.020,-69.857,36.198,0.323,1.013,26.373,28.244,0.000,1.000,0.0000
537.030,-69.847,36.201,0.323,0.975,26.383,28.253,0.000,1.000,0.0000
537.040,-69.838,36.204,0.323,0.937,26.392,28.262,0.000,1.000,0.0000
537.050,-69.829,36.207,0.324,0.899,26.401,28.270,0.000,1.000,0.0000
537.060,-69.820,36.210,0.324,0.861,26.410,28.278,0.000,1.000,0.0000
537.070,-69.812,36.213,0.324,0.823,26.418,28.285,0.000,1.000,0.0000
537.080,-69.804,36.215,0.324,0.785,26.426,28.293,0.000,1.000,0.0000
537.090,-69.796,36.218,0.324,0.749,26.434,28.300,0.000,1.000,0.0000
537.100,-69.789,36.220,0.324,0.713,26.441,28.306,0.000,1.000,0.0000
537.110,-69.783,36.222,0.324,0.678,26.448,28.312,0.000,0.900,0.0000
537.120,-69.776,36.225,0.324,0.645,26.454,28.318,0.000,0.800,0.0000
537.130,-69.770,36.227,0.324,0.613,26.460,28.324,0.000,0.700,0.0000
537.140,-69.764,36.229,0.324,0.582,26.466,28.329,0.000,0.600,0.0000
537.150,-69.759,36.231,0.324,0.551,26.471,28.335,0.000,0.500,0.0000
537.160,-69.753,36.233,0.324,0.519,26.477,28.339,0.000,0.400,0.0000
537.170,-69.749,36.234,0.324,0.488,26.481,28.344,0.000,0.300,0.0000
537.180,-69.744,36.236,0.324,0.456,26.486,28.348,0.000,0.200,0.0000
537.190,-69.740,36.238,0.323,0.423,26.490,28.352,0.000,0.100,0.0000
537.200,-69.736,36.239,0.323,0.391,26.494,28.356,0.000,0.000,0.0000
537.210,-69.732,36.240,0.323,0.358,26.498,28.359,0.000,0.000,0.0000
537.220,-69.729,36.242,0.323,0.322,26.501,28.362,0.000,0.000,0.0000
537.230,-69.726,36.243,0.323,0.285,26.504,28.365,0.000,0.000,0.0000
537.240,-69.724,36.244,0.323,0.247,26.506,28.367,0.000,0.000,0.0000
537.250,-69.722,36.245,0.323,0.209,26.508,28.369,0.000,0.000,0.0000
537.260,-69.720,36.246,0.323,0.170,26.510,28.371,0.000,0.000,0.0000
537.270,-69.719,36.246,0.323,0.138,26.511,28.372,0.000,0.000,0.0000
537.280,-69.717,36.247,0.323,0.112,26.513,28.373,0.000,0.000,0.0000
537.290,-69.717,36.248,0.323,0.092,26.514,28.374,0.000,0.000,0.0000
537.300,-69.716,36.248,0.323,0.074,26.514,28.375,0.000,0.000,0.0000
537.310,-69.715,36.248,0.323,0.057,26.515,28.375,0.000,0.000,0.0000
537.320,-69.715,36.248,0.323,0.042,26.515,28.376,0.000,0.000,0.0000
537.330,-69.715,36.249,0.322,0.029,26.515,28.376,0.000,0.000,0.0000
537.340,-69.715,36.249,0.322,0.021,26.515,28.376,0.000,0.000,0.0000
537.350,-69.715,36.249,0.322,0.024,26.515,28.376,0.000,0.000,0.0000
537.360,-69.715,36.249,0.322,0.030,26.515,28.376,0.000,0.000,0.0000
537.370,-69.715,36.249,0.321,0.035,26.515,28.376,0.000,0.000,0.0000
537.380,-69.715,36.249,0.321,0.039,26.515,28.376,0.000,0.000,0.0000
537.390,-69.715,36.248,0.321,0.042,26.515,28.376,0.000,0.000,0.0000
537.400,-69.715,36.248,0.320,0.044,26.515,28.376,0.000,0.000,0.0000
537.410,-69.715,36.248,0.320,0.046,26.515,28.376,0.000,0.000,0.0000
537.420,-69.715,36.248,0.319,0.046,26.515,28.376,0.000,0.000,0.0000
537.430,-69.715,36.248,0.319,0.046,26.515,28.376,0.000,0.000,0.0000
537.440,-69.716,36.248,0.318,0.046,26.514,28.377,0.000,0.000,0.0000
537.450,-69.716,36.248,0.318,0.044,26.514,28.377,0.000,0.000,0.0000
537.460,-69.716,36.248,0.317,0.043,26.514,28.377,0.000,0.000,0.0000
537.470,-69.716,36.248,0.317,0.040,26.514,28.377,0.000,0.000,0.0000
537.480,-69.716,36.248,0.317,0.038,26.514,28.377,0.000,0.000,0.0000
537.490,-69.716,36.248,0.316,0.035,26.514,28.377,0.000,0.000,0.0000
537.500,-69.716,36.248,0.316,0.031,26.514,28.377,0.000,0.000,0.0000
537.510,-69.716,36.248,0.316,0.028,26.514,28.377,0.000,0.000,0.0000
537.520,-69.716,36.248,0.316,0.024,26.514,28.377,0.000,0.000,0.0000
537.530,-69.716,36.248,0.315,0.020,26.514,28.377,0.000,0.000,0.0000
537.540,-69.716,36.248,0.315,0.016,26.514,28.377,0.000,0.000,0.0000
537.550,-69.716,36.248,0.315,0.013,26.514,28.377,0.000,0.000,0.0000
537.560,-69.716,36.248,0.315,0.009,26.514,28.377,0.000,0.000,0.0000
537.570,-69.716,36.248,0.315,0.005,26.514,28.377,0.000,0.000,0.0000
537.580,-69.716,36.248,0.315,0.002,26.514,28.377,0.000,0.000,0.0000
537.590,-69.716,36.248,0.315,0.001,26.514,28.377,0.000,0.000,0.0000
537.600,-69.716,36.248,0.315,0.004,26.514,28.377,0.000,0.000,0.0000
537.610,-69.716,36.248,0.315,0.007,26.514,28.377,0.000,0.000,0.0000
537.620,-69.716,36.248,0.315,0.009,26.514,28.377,0.000,0.000,0.0000
537.630,-69.716,36.248,0.315,0.011,26.514,28.377,0.000,0.000,0.0000
537.640,-69.716,36.248,0.315,0.013,26.514,28.377,0.000,0.000,0.0000
537.650,-69.716,36.248,0.315,0.014,26.514,28.377,0.000,0.000,0.0000
537.660,-69.716,36.248,0.316,0.016,26.514,28.377,0.000,0.000,0.0000
537.670,-69.716,36.248,0.316,0.016,26.514,28.377,0.000,0.000,0.0000
537.680,-69.716,36.248,0.316,0.017,26.514,28.377,0.000,0.000,0.0000
537.690,-69.716,36.248,0.316,0.017,26.514,28.377,0.000,0.000,0.0000
537.700,-69.716,36.248,0.316,0.017,26.514,28.377,0.000,0.000,0.0000
537.710,-69.716,36.248,0.316,0.017,26.514,28.377,0.000,0.000,0.0000
537.720,-69.716,36.248,0.317,0.016,26.514,28.377,0.000,0.000,0.0000
537.730,-69.716,36.248,0.317,0.016,26.514,28.377,0.000,0.000,0.0000
537.740,-69.716,36.248,0.317,0.015,26.514,28.377,0.000,0.000,0.0000
537.750,-69.716,36.248,0.317,0.014,26.514,28.377,0.000,0.000,0.0000
537.760,-69.716,36.248,0.317,0.012,26.514,28.377,0.000,0.000,0.0000
537.770,-69.716,36.248,0.317,0.011,26.514,28.377,0.000,0.000,0.0000
537.780,-69.716,36.248,0.317,0.010,26.514,28.377,0.000,0.000,0.0000
537.790,-69.716,36.248,0.317,0.008,26.514,28.377,0.000,0.000,0.0000
537.800,-69.716,36.248,0.318,0.007,26.514,28.377,0.000,0.000,0.0000
537.810,-69.716,36.248,0.318,0.006,26.514,28.377,0.000,0.000,0.0000
537.820,-69.716,36.248,0.318,0.004,26.514,28.377,0.000,0.000,0.0000
537.830,-69.716,36.248,0.318,0.003,26.514,28.377,0.000,0.000,0.0000
537.840,-69.716,36.248,0.318,0.002,26.514,28.377,0.000,0.000,0.0000
537.850,-69.716,36.248,0.318,0.000,26.514,28.377,0.000,0.000,0.0000
537.860,-69.716,36.248,0.318,0.001,26.514,28.377,0.000,0.000,0.0000
537.870,-69.716,36.248,0.318,0.002,26.514,28.377,0.000,0.000,0.0000
537.880,-69.716,36.248,0.318,0.003,26.514,28.377,0.000,0.000,0.0000
537.890,-69.716,36.248,0.318,0.004,26.514,28.377,0.000,0.000,0.0000
537.900,-69.716,36.248,0.318,0.004,26.514,28.377,0.000,0.000,0.0000
537.910,-69.716,36.248,0.317,0.005,26.514,28.377,0.000,0.000,0.0000
537.920,-69.716,36.248,0.317,0.005,26.514,28.377,0.000,0.000,0.0000
537.930,-69.716,36.248,0.317,0.006,26.514,28.377,0.000,0.000,0.0000
537.940,-69.716,36.248,0.317,0.006,26.514,28.377,0.000,0.000,0.0000
537.950,-69.716,36.248,0.317,0.006,26.514,28.377,0.000,0.000,0.0000
537.960,-69.716,36.248,0.317,0.006,26.514,28.377,0.000,0.000,0.0000
537.970,-69.716,36.248,0.317,0.006,26.514,28.377,0.000,0.000,0.0000
537.980,-69.716,36.248,0.317,0.006,26.514,28.377,0.000,0.000,0.0000
537.990,-69.716,36.248,0.317,0.006,26.514,28.377,0.000,0.000,0.0000
538.000,-69.716,36.248,0.317,0.006,26.514,28.377,0.000,0.000,0.0000
538.010,-69.716,36.248,0.317,0.005,26.514,28.377,0.000,0.000,0.0000
538.020,-69.716,36.248,0.317,0.005,26.514,28.377,0.000,0.000,0.0000
538.030,-69.716,36.248,0.317,0.004,26.514,28.377,0.000,0.000,0.0000
538.040,-69.716,36.248,0.317,0.004,26.514,28.377,0.000,0.000,0.0000
538.050,-69.716,36.248,0.317,0.003,26.514,28.377,0.000,0.000,0.0000
538.060,-69.716,36.248,0.317,0.003,26.514,28.377,0.000,0.000,0.0000
538.070,-69.716,36.248,0.317,0.002,26.514,28.377,0.000,0.000,0.0000
538.080,-69.716,36.248,0.317,0.002,26.514,28.377,0.000,0.000,0.0000
538.090,-69.716,36.248,0.317,0.001,26.514,28.377,0.000,0.000,0.0000
538.100,-69.716,36.248,0.317,0.001,26.514,28.377,0.000,0.000,0.0000
538.110,-69.716,36.248,0.317,0.000,26.514,28.377,0.000,0.000,0.0000
538.120,-69.716,36.248,0.317,0.000,26.514,28.377,0.000,0.000,0.0000
538.130,-69.716,36.248,0.317,0.001,26.514,28.377,0.000,0.000,0.0000
538.140,-69.716,36.248,0.317,0.001,26.514,28.377,0.000,0.000,0.0000
538.150,-69.716,36.248,0.317,0.001,26.514,28.377,0.000,0.000,0.0000
538.160,-69.716,36.248,0.317,0.001,26.514,28.377,0.000,0.000,0.0000
538.170,-69.716,36.248,0.317,0.002,26.514,28.377,0.000,0.000,0.0000
538.180,-69.716,36.248,0.317,0.002,26.514,28.377,0.000,0.000,0.0000
538.190,-69.716,36.248,0.317,0.002,26.514,28.377,0.000,0.000,0.0000
538.200,-69.716,36.248,0.317,0.002,26.514,28.377,0.000,0.000,0.0000
538.210,-69.716,36.248,0.317,0.002,26.514,28.377,0.000,0.000,0.0000
538.220,-69.716,36.248,0.317,0.002,26.514,28.377,0.000,0.000,0.0000
538.230,-69.716,36.248,0.317,0.002,26.514,28.377,0.000,0.000,0.0000
538.240,-69.716,36.248,0.317,0.002,26.514,28.377,0.000,0.000,0.0000
538.250,-69.716,36.248,0.317,0.002,26.514,28.377,0.000,0.000,0.0000
538.260,-69.716,36.248,0.317,0.002,26.514,28.377,0.000,0.000,0.0000
538.270,-69.716,36.248,0.317,0.002,26.514,28.377,0.000,0.000,0.0000
538.280,-69.716,36.248,0.317,0.002,26.514,28.377,0.000,0.000,0.0000
538.290,-69.716,36.248,0.317,0.002,26.514,28.377,0.000,0.000,0.0000
538.300,-69.716,36.248,0.317,0.001,26.514,28.377,0.000,0.000,0.0000
538.310,-69.716,36.248,0.317,0.001,26.514,28.377,0.000,0.000,0.0000
538.320,-69.716,36.248,0.317,0.001,26.514,28.377,0.000,0.000,0.0000
538.330,-69.716,36.248,0.317,0.001,26.514,28.377,0.000,0.000,0.0000
538.340,-69.716,36.248,0.317,0.001,26.514,28.377,0.000,0.000,0.0000
538.350,-69.716,36.248,0.317,0.001,26.514,28.377,0.000,0.000,0.0000
538.360,-69.716,36.248,0.317,0.000,26.514,28.377,0.000,0.000,0.0000
538.370,-69.716,36.248,0.317,0.000,26.514,28.377,0.000,0.000,0.0000
538.380,-69.716,36.248,0.317,0.000,26.514,28.377,0.000,0.000,0.0000
538.390,-69.716,36.248,0.317,0.000,26.514,28.377,0.000,0.000,0.0000
538.400,-69.716,36.248,0.317,0.000,26.514,28.377,0.000,0.000,0.0000
538.410,-69.716,36.248,0.317,0.000,26.514,28.377,0.000,0.000,0.0000
538.420,-69.716,36.248,0.317,0.000,26.514,28.377,0.000,0.000,0.0000
538.430,-69.716,36.248,0.317,0.001,26.514,28.377,0.000,0.000,0.0000
538.440,-69.716,36.248,0.317,0.001,26.514,28.377,0.000,0.000,0.0000
538.450,-69.716,36.248,0.317,0.001,26.514,28.377,0.000,0.000,0.0000
538.460,-69.716,36.248,0.317,0.001,26.514,28.377,0.000,0.000,0.0000
538.470,-69.716,36.248,0.317,0.001,26.514,28.377,0.000,0.000,0.0000
538.480,-69.716,36.248,0.317,0.001,26.514,28.377,0.000,0.000,0.0000
538.490,-69.716,36.248,0.317,0.001,26.514,28.377,0.000,0.000,0.0000
538.500,-69.716,36.248,0.317,0.001,26.514,28.377,0.000,0.000,0.0000
538.510,-69.716,36.248,0.317,0.001,26.514,28.377,0.000,0.000,0.0000
538.520,-69.716,36.248,0.317,0.001,26.514,28.377,0.000,0.000,0.0000
538.530,-69.716,36.248,0.317,0.001,26.514,28.377,0.000,0.000,0.0000
538.540,-69.716,36.248,0.317,0.001,26.514,28.377,0.000,0.000,0.0000
538.550,-69.716,36.248,0.317,0.001,26.514,28.377,0.000,0.000,0.0000
538.560,-69.716,36.248,0.317,0.001,26.514,28.377,0.000,0.000,0.0000
538.570,-69.716,36.248,0.317,0.001,26.514,28.377,0.000,0.000,0.0000
538.580,-69.716,36.248,0.317,0.000,26.514,28.377,0.000,0.000,0.0000
538.590,-69.716,36.248,0.317,0.000,26.514,28.377,0.000,0.000,0.0000
538.600,-69.716,36.248,0.317,0.000,26.514,28.377,0.000,0.000,0.0000
538.610,-69.716,36.248,0.317,0.000,26.514,28.377,0.000,0.000,0.0000
538.620,-69.716,36.248,0.317,0.000,26.514,28.377,0.000,0.000,0.0000
538.630,-69.716,36.248,0.317,0.000,26.514,28.377,0.000,0.000,0.0000
538.640,-69.716,36.248,0.317,0.000,26.514,28.377,0.000,0.000,0.0000
538.650,-69.716,36.248,0.317,0.000,26.514,28.377,0.000,0.000,0.0000
538.660,-69.716,36.248,0.317,0.000,26.514,28.377,0.000,0.000,0.0000
538.670,-69.716,36.248,0.317,0.000,26.514,28.377,0.000,0.000,0.0000
538.680,-69.716,36.248,0.317,0.000,26.514,28.377,0.000,0.000,0.0000
538.690,-69.716,36.248,0.317,0.000,26.514,28.377,0.000,0.000,0.0000
538.700,-69.716,36.248,0.317,0.000,26.514,28.377,0.000,0.000,0.0000
538.710,-69.716,36.248,0.317,0.000,26.514,28.377,0.000,0.000,0.0000
538.720,-69.716,36.248,0.317,0.000,26.514,28.377,0.000,0.000,0.0000
538.730,-69.716,36.248,0.317,0.000,26.514,28.377,0.000,0.000,0.0000
538.740,-69.716,36.248,0.317,0.000,26.514,28.377,0.000,0.000,0.0000
538.750,-69.716,36.248,0.317,0.000,26.514,28.377,0.000,0.000,0.0000
538.760,-69.716,36.248,0.317,0.000,26.514,28.377,0.000,0.000,0.0000
538.770,-69.716,36.248,0.317,0.000,26.514,28.377,0.000,0.000,0.0000
538.780,-69.716,36.248,0.317,0.000,26.514,28.377,0.000,0.000,0.0000
538.790,-69.716,36.248,0.317,0.000,26.514,28.377,0.000,0.000,0.0000
538.800,-69.716,36.248,0.317,0.000,26.514,28.377,0.000,0.000,0.0000
538.810,-69.716,36.248,0.317,0.000,26.514,28.377,0.000,0.000,0.0000
538.820,-69.716,36.248,0.317,0.000,26.514,28.377,0.000,0.000,0.0000
538.830,-69.716,36.248,0.317,0.000,26.514,28.377,0.000,0.000,0.0000
538.840,-69.716,36.248,0.317,0.000,26.514,28.377,0.000,0.000,0.0000
538.850,-69.716,36.248,0.317,0.000,26.514,28.377,0.000,0.000,0.0000
538.860,-69.716,36.248,0.317,0.000,26.514,28.377,0.000,0.000,0.0000
538.870,-69.716,36.248,0.317,0.000,26.514,28.377,0.000,0.000,0.0000
538.880,-69.716,36.248,0.317,0.000,26.514,28.377,0.000,0.000,0.0000
538.890,-69.716,36.248,0.317,0.000,26.514,28.377,0.000,0.000,0.0000
538.900,-69.716,36.248,0.317,0.000,26.514,28.377,0.000,0.000,0.0000
538.910,-69.716,36.248,0.317,0.000,26.514,28.377,0.000,0.000,0.0000
538.920,-69.716,36.248,0.317,0.000,26.514,28.377,0.000,0.000,0.0000
538.930,-69.716,36.248,0.317,0.000,26.514,28.377,0.000,0.000,0.0000
538.940,-69.716,36.248,0.317,0.000,26.514,28.377,0.000,0.000,0.0000
538.950,-69.716,36.248,0.317,0.000,26.514,28.377,0.000,0.000,0.0000
538.960,-69.716,36.248,0.317,0.000,26.514,28.377,0.000,0.000,0.0000
538.970,-69.716,36.248,0.317,0.000,26.514,28.377,0.000,0.000,0.0000
538.980,-69.716,36.248,0.317,0.000,26.514,28.377,0.000,0.000,0.0000
538.990,-69.716,36.248,0.317,0.000,26.514,28.377,0.000,0.000,0.0000
539.000,-69.716,36.248,0.317,0.000,26.514,28.377,0.000,0.000,0.0000
539.010,-69.716,36.248,0.317,0.000,26.514,28.377,0.000,0.000,0.0000
539.020,-69.716,36.248,0.317,0.000,26.514,28.377,0.000,0.000,0.0000
539.030,-69.716,36.248,0.317,0.000,26.514,28.377,0.000,0.000,0.0000
539.040,-69.716,36.248,0.317,0.000,26.514,28.377,0.000,0.000,0.0000
539.050,-69.716,36.248,0.317,0.000,26.514,28.377,0.000,0.000,0.0000
539.060,-69.716,36.248,0.317,0.000,26.514,28.377,0.000,0.000,0.0000
539.070,-69.716,36.248,0.317,0.000,26.514,28.377,0.000,0.000,0.0000
539.080,-69.716,36.248,0.317,0.000,26.514,28.377,0.000,0.000,0.0000
539.090,-69.716,36.248,0.317,0.000,26.514,28.377,0.000,0.000,0.0000
539.100,-69.716,36.248,0.317,0.000,26.514,28.377,0.000,0.000,0.0000
539.110,-69.716,36.248,0.317,0.000,26.514,28.377,0.000,0.000,0.0000
539.120,-69.716,36.248,0.317,0.000,26.514,28.377,0.000,0.000,0.0000
539.130,-69.716,36.248,0.317,0.000,26.514,28.377,0.000,0.000,0.0000
539.140,-69.716,36.248,0.317,0.000,26.514,28.377,0.000,0.000,0.0000
539.150,-69.716,36.248,0.317,0.000,26.514,28.377,0.000,0.000,0.0000
539.160,-69.716,36.248,0.317,0.000,26.514,28.377,0.000,0.000,0.0000
539.170,-69.716,36.248,0.317,0.000,26.514,28.377,0.000,0.000,0.0000
539.180,-69.716,36.248,0.317,0.000,26.514,28.377,0.000,0.000,0.0000
539.190,-69.716,36.248,0.317,0.000,26.514,28.377,0.000,0.000,0.0000
539.200,-69.716,36.248,0.317,0.000,26.514,28.377,0.000,0.000,0.0000
539.210,-69.716,36.248,0.317,0.000,26.514,28.377,0.000,0.000,0.0000
539.220,-69.716,36.248,0.317,0.000,26.514,28.377,0.000,0.000,0.0000
539.230,-69.716,36.248,0.317,0.000,26.514,28.377,0.000,0.000,0.0000
539.240,-69.716,36.248,0.317,0.000,26.514,28.377,0.000,0.000,0.0000
539.250,-69.716,36.248,0.317,0.000,26.514,28.377,0.000,0.000,0.0000
539.260,-69.716,36.248,0.317,0.000,26.514,28.377,0.000,0.000,0.0000
539.270,-69.716,36.248,0.317,0.000,26.514,28.377,0.000,0.000,0.0000
539.280,-69.716,36.248,0.317,0.000,26.514,28.377,0.000,0.000,0.0000
539.290,-69.716,36.248,0.317,0.000,26.514,28.377,0.000,0.000,0.0000
539.300,-69.716,36.248,0.317,0.000,26.514,28.377,0.000,0.000,0.0000
539.310,-69.716,36.248,0.317,0.000,26.514,28.377,0.000,0.000,0.0000
539.320,-69.716,36.248,0.317,0.000,26.514,28.377,0.000,0.000,0.0000
539.330,-69.716,36.248,0.317,0.000,26.514,28.377,0.000,0.000,0.0000
539.340,-69.716,36.248,0.317,0.000,26.514,28.377,0.000,0.000,0.0000
539.350,-69.716,36.248,0.317,0.000,26.514,28.377,0.000,0.000,0.0000
539.360,-69.716,36.248,0.317,0.000,26.514,28.377,0.000,0.000,0.0000
539.370,-69.716,36.248,0.317,0.000,26.514,28.377,0.000,0.000,0.0000
539.380,-69.716,36.248,0.317,0.000,26.514,28.377,0.000,0.000,0.0000
539.390,-69.716,36.248,0.317,0.000,26.514,28.377,0.000,0.000,0.0000
539.400,-69.716,36.248,0.317,0.000,26.514,28.377,0.000,0.000,0.0000
539.410,-69.716,36.248,0.317,0.000,26.514,28.377,0.000,0.000,0.0000
539.420,-69.716,36.248,0.317,0.000,26.514,28.377,0.000,0.000,0.0000
539.430,-69.716,36.248,0.317,0.000,26.514,28.377,0.000,0.000,0.0000
539.440,-69.716,36.248,0.317,0.000,26.514,28.377,0.000,0.000,0.0000
539.450,-69.716,36.248,0.317,0.000,26.514,28.377,0.000,0.000,0.0000
539.460,-69.716,36.248,0.317,0.000,26.514,28.377,0.000,0.000,0.0000
539.470,-69.716,36.248,0.317,0.000,26.514,28.377,0.000,0.000,0.0000
539.480,-69.716,36.248,0.317,0.000,26.514,28.377,0.000,0.000,0.0000
539.490,-69.716,36.248,0.317,0.000,26.514,28.377,0.000,0.000,0.0000
539.500,-69.716,36.248,0.317,0.000,26.514,28.377,0.000,0.000,0.0000
539.510,-69.716,36.248,0.317,0.000,26.514,28.377,0.000,0.000,0.0000
539.520,-69.716,36.248,0.317,0.000,26.514,28.377,0.000,0.000,0.0000
539.530,-69.716,36.248,0.317,0.000,26.514,28.377,0.000,0.000,0.0000
539.540,-69.716,36.248,0.317,0.000,26.514,28.377,0.000,0.000,0.0000
539.550,-69.716,36.248,0.317,0.000,26.514,28.377,0.000,0.000,0.0000
539.560,-69.716,36.248,0.317,0.000,26.514,28.377,0.000,0.000,0.0000
539.570,-69.716,36.248,0.317,0.000,26.514,28.377,0.000,0.000,0.0000
539.580,-69.716,36.248,0.317,0.000,26.514,28.377,0.000,0.000,0.0000
539.590,-69.716,36.248,0.317,0.000,26.514,28.377,0.000,0.000,0.0000
539.600,-69.716,36.248,0.317,0.000,26.514,28.377,0.000,0.000,0.0000
539.610,-69.716,36.248,0.317,0.000,26.514,28.377,0.000,0.000,0.0000
539.620,-69.716,36.248,0.317,0.000,26.514,28.377,0.000,0.000,0.0000
539.630,-69.716,36.248,0.317,0.000,26.514,28.377,0.000,0.000,0.0000
539.640,-69.716,36.248,0.317,0.000,26.514,28.377,0.000,0.000,0.0000
539.650,-69.716,36.248,0.317,0.000,26.514,28.377,0.000,0.000,0.0000
539.660,-69.716,36.248,0.317,0.000,26.514,28.377,0.000,0.000,0.0000
539.670,-69.716,36.248,0.317,0.000,26.514,28.377,0.000,0.000,0.0000
539.680,-69.716,36.248,0.317,0.000,26.514,28.377,0.000,0.000,0.0000
539.690,-69.716,36.248,0.317,0.000,26.514,28.377,0.000,0.000,0.0000
539.700,-69.716,36.248,0.317,0.000,26.514,28.377,0.000,0.000,0.0000
539.710,-69.716,36.248,0.317,0.000,26.514,28.377,0.000,0.000,0.0000
539.720,-69.716,36.248,0.317,0.000,26.514,28.377,0.000,0.000,0.0000
539.730,-69.716,36.248,0.317,0.000,26.514,28.377,0.000,0.000,0.0000
539.740,-69.716,36.248,0.317,0.000,26.514,28.377,0.000,0.000,0.0000
539.750,-69.716,36.248,0.317,0.000,26.514,28.377,0.000,0.000,0.0000
539.760,-69.716,36.248,0.317,0.000,26.514,28.377,0.000,0.000,0.0000
539.770,-69.716,36.248,0.317,0.000,26.514,28.377,0.000,0.000,0.0000
539.780,-69.716,36.248,0.317,0.000,26.514,28.377,0.000,0.000,0.0000
539.790,-69.716,36.248,0.317,0.000,26.514,28.377,0.000,0.000,0.0000
539.800,-69.716,36.248,0.317,0.000,26.514,28.377,0.000,0.000,0.0000
539.810,-69.716,36.248,0.317,0.000,26.514,28.377,0.000,0.000,0.0000
539.820,-69.716,36.248,0.317,0.000,26.514,28.377,0.000,0.000,0.0000
539.830,-69.716,36.248,0.317,0.000,26.514,28.377,0.000,0.000,0.0000
539.840,-69.716,36.248,0.317,0.000,26.514,28.377,0.000,0.000,0.0000
539.850,-69.716,36.248,0.317,0.000,26.514,28.377,0.000,0.000,0.0000
539.860,-69.716,36.248,0.317,0.000,26.514,28.377,0.000,0.000,0.0000
539.870,-69.716,36.248,0.317,0.000,26.514,28.377,0.000,0.000,0.0000
539.880,-69.716,36.248,0.317,0.000,26.514,28.377,0.000,0.000,0.0000
539.890,-69.716,36.248,0.317,0.000,26.514,28.377,0.000,0.000,0.0000
539.900,-69.716,36.248,0.317,0.000,26.514,28.377,0.000,0.000,0.0000
539.910,-69.716,36.248,0.317,0.000,26.514,28.377,0.000,0.000,0.0000
539.920,-69.716,36.248,0.317,0.000,26.514,28.377,0.000,0.000,0.0000
539.930,-69.716,36.248,0.317,0.000,26.514,28.377,0.000,0.000,0.0000
539.940,-69.716,36.248,0.317,0.000,26.514,28.377,0.000,0.000,0.0000
539.950,-69.716,36.248,0.317,0.000,26.514,28.377,0.000,0.000,0.0000
539.960,-69.716,36.248,0.317,0.000,26.514,28.377,0.000,0.000,0.0000
539.970,-69.716,36.248,0.317,0.000,26.514,28.377,0.000,0.000,0.0000
539.980,-69.716,36.248,0.317,0.000,26.514,28.377,0.000,0.000,0.0000
539.990,-69.716,36.248,0.317,0.000,26.514,28.377,0.000,0.000,0.0000
540.000,-69.716,36.248,0.317,0.000,26.514,28.377,0.000,0.000,0.0000
540.010,-69.716,36.248,0.317,0.000,26.514,28.377,0.000,0.000,0.0000
540.020,-69.716,36.248,0.317,0.000,26.514,28.377,0.000,0.000,0.0000
540.030,-69.716,36.248,0.317,0.000,26.514,28.377,0.000,0.000,0.0000
540.040,-69.716,36.248,0.317,0.000,26.514,28.377,0.000,0.000,0.0000
540.050,-69.716,36.248,0.317,0.000,26.514,28.377,0.000,0.000,0.0000
540.060,-69.716,36.248,0.317,0.000,26.514,28.377,0.000,0.000,0.0000
540.070,-69.716,36.248,0.317,0.000,26.514,28.377,0.000,0.000,0.0000
540.080,-69.716,36.248,0.317,0.000,26.514,28.377,0.000,0.000,0.0000
540.090,-69.716,36.248,0.317,0.000,26.514,28.377,0.000,0.000,0.0000
540.100,-69.716,36.248,0.317,0.000,26.514,28.377,0.000,0.000,0.0000
540.110,-69.716,36.248,0.317,0.000,26.514,28.377,0.000,0.000,0.0000
540.120,-69.716,36.248,0.317,0.000,26.514,28.377,0.000,0.000,0.0000
540.130,-69.716,36.248,0.317,0.000,26.514,28.377,0.000,0.000,0.0000
540.140,-69.716,36.248,0.317,0.000,26.514,28.377,0.000,0.000,0.0000
540.150,-69.716,36.248,0.317,0.000,26.514,28.377,0.000,0.000,0.0000
540.160,-69.716,36.248,0.317,0.000,26.514,28.377,0.000,0.000,0.0000
540.170,-69.716,36.248,0.317,0.000,26.514,28.377,0.000,0.000,0.0000
540.180,-69.716,36.248,0.317,0.000,26.514,28.377,0.000,0.000,0.0000
540.190,-69.716,36.248,0.317,0.000,26.514,28.377,0.000,0.000,0.0000
540.200,-69.716,36.248,0.317,0.000,26.514,28.377,0.000,0.000,0.0000
540.210,-69.716,36.248,0.317,0.000,26.514,28.377,0.000,0.000,0.0000
540.220,-69.716,36.248,0.317,0.000,26.514,28.377,0.000,0.000,0.0000
540.230,-69.716,36.248,0.317,0.000,26.514,28.377,0.000,0.000,0.0000
540.240,-69.716,36.248,0.317,0.000,26.514,28.377,0.000,0.000,0.0000
540.250,-69.716,36.248,0.317,0.000,26.514,28.377,0.000,0.000,0.0000
540.260,-69.716,36.248,0.317,0.000,26.514,28.377,0.000,0.000,0.0000
540.270,-69.716,36.248,0.317,0.000,26.514,28.377,0.000,0.000,0.0000
540.280,-69.716,36.248,0.317,0.000,26.514,28.377,0.000,0.000,0.0000
540.290,-69.716,36.248,0.317,0.000,26.514,28.377,0.000,0.000,0.0000
540.300,-69.716,36.248,0.317,0.000,26.514,28.377,0.000,0.000,0.0000
540.310,-69.716,36.248,0.317,0.000,26.514,28.377,0.000,0.000,0.0000
540.320,-69.716,36.248,0.317,0.000,26.514,28.377,0.000,0.000,0.0000
540.330,-69.716,36.248,0.317,0.000,26.514,28.377,0.000,0.000,0.0000
540.340,-69.716,36.248,0.317,0.000,26.514,28.377,0.000,0.000,0.0000
540.350,-69.716,36.248,0.317,0.000,26.514,28.377,0.000,0.000,0.0000
540.360,-69.716,36.248,0.317,0.000,26.514,28.377,0.000,0.000,0.0000
540.370,-69.716,36.248,0.317,0.000,26.514,28.377,0.000,0.000,0.0000
540.380,-69.716,36.248,0.317,0.000,26.514,28.377,0.000,0.000,0.0000
540.390,-69.716,36.248,0.317,0.000,26.514,28.377,0.000,0.000,0.0000
540.400,-69.716,36.248,0.317,0.000,26.514,28.377,0.000,0.000,0.0000
540.410,-69.716,36.248,0.317,0.000,26.514,28.377,0.000,0.000,0.0000
540.420,-69.716,36.248,0.317,0.000,26.514,28.377,0.000,0.000,0.0000
540.430,-69.716,36.248,0.317,0.000,26.514,28.377,0.000,0.000,0.0000
540.440,-69.716,36.248,0.317,0.000,26.514,28.377,0.000,0.000,0.0000
540.450,-69.716,36.248,0.317,0.000,26.514,28.377,0.000,0.000,0.0000
540.460,-69.716,36.248,0.317,0.000,26.514,28.377,0.000,0.000,0.0000
540.470,-69.716,36.248,0.317,0.000,26.514,28.377,0.000,0.000,0.0000
540.480,-69.716,36.248,0.317,0.000,26.514,28.377,0.000,0.000,0.0000
540.490,-69.716,36.248,0.317,0.000,26.514,28.377,0.000,0.000,0.0000
540.500,-69.716,36.248,0.317,0.000,26.514,28.377,0.000,0.000,0.0000
540.510,-69.716,36.248,0.317,0.000,26.514,28.377,0.000,0.000,0.0000
540.520,-69.716,36.248,0.317,0.000,26.514,28.377,0.000,0.000,0.0000
540.530,-69.716,36.248,0.317,0.000,26.514,28.377,0.000,0.000,0.0000
540.540,-69.716,36.248,0.317,0.000,26.514,28.377,0.000,0.000,0.0000
540.550,-69.716,36.248,0.317,0.000,26.514,28.377,0.000,0.000,0.0000
540.560,-69.716,36.248,0.317,0.000,26.514,28.377,0.000,0.000,0.0000
540.570,-69.716,36.248,0.317,0.000,26.514,28.377,0.000,0.000,0.0000
540.580,-69.716,36.248,0.317,0.000,26.514,28.377,0.000,0.000,0.0000
540.590,-69.716,36.248,0.317,0.000,26.514,28.377,0.000,0.000,0.0000
540.600,-69.716,36.248,0.317,0.000,26.514,28.377,0.000,0.000,0.0000
540.610,-69.716,36.248,0.317,0.000,26.514,28.377,0.000,0.000,0.0000
540.620,-69.716,36.248,0.317,0.000,26.514,28.377,0.000,0.000,0.0000
540.630,-69.716,36.248,0.317,0.000,26.514,28.377,0.000,0.000,0.0000
540.640,-69.716,36.248,0.317,0.000,26.514,28.377,0.000,0.000,0.0000
540.650,-69.716,36.248,0.317,0.000,26.514,28.377,0.000,0.000,0.0000
540.660,-69.716,36.248,0.317,0.000,26.514,28.377,0.000,0.000,0.0000
540.670,-69.716,36.248,0.317,0.000,26.514,28.377,0.000,0.000,0.0000
540.680,-69.716,36.248,0.317,0.000,26.514,28.377,0.000,0.000,0.0000
540.690,-69.716,36.248,0.317,0.000,26.514,28.377,0.000,0.000,0.0000
540.700,-69.716,36.248,0.317,0.000,26.514,28.377,0.000,0.000,0.0000
540.710,-69.716,36.248,0.317,0.000,26.514,28.377,0.000,0.000,0.0000
540.720,-69.716,36.248,0.317,0.000,26.514,28.377,0.000,0.000,0.0000
540.730,-69.716,36.248,0.317,0.000,26.514,28.377,0.000,0.000,0.0000
540.740,-69.716,36.248,0.317,0.000,26.514,28.377,0.000,0.000,0.0000
540.750,-69.716,36.248,0.317,0.000,26.514,28.377,0.000,0.000,0.0000
540.760,-69.716,36.248,0.317,0.000,26.514,28.377,0.000,0.000,0.0000
540.770,-69.716,36.248,0.317,0.000,26.514,28.377,0.000,0.000,0.0000
540.780,-69.716,36.248,0.317,0.000,26.514,28.377,0.000,0.000,0.0000
540.790,-69.716,36.248,0.317,0.000,26.514,28.377,0.000,0.000,0.0000
540.800,-69.716,36.248,0.317,0.000,26.514,28.377,0.000,0.000,0.0000
540.810,-69.716,36.248,0.317,0.000,26.514,28.377,0.000,0.000,0.0000
540.820,-69.716,36.248,0.317,0.000,26.514,28.377,0.000,0.000,0.0000
540.830,-69.716,36.248,0.317,0.000,26.514,28.377,0.000,0.000,0.0000
540.840,-69.716,36.248,0.317,0.000,26.514,28.377,0.000,0.000,0.0000
540.850,-69.716,36.248,0.317,0.000,26.514,28.377,0.000,0.000,0.0000
540.860,-69.716,36.248,0.317,0.000,26.514,28.377,0.000,0.000,0.0000
540.870,-69.716,36.248,0.317,0.000,26.514,28.377,0.000,0.000,0.0000
540.880,-69.716,36.248,0.317,0.000,26.514,28.377,0.000,0.000,0.0000
540.890,-69.716,36.248,0.317,0.000,26.514,28.377,0.000,0.000,0.0000
540.900,-69.716,36.248,0.317,0.000,26.514,28.377,0.000,0.000,0.0000
540.910,-69.716,36.248,0.317,0.000,26.514,28.377,0.000,0.000,0.0000
540.920,-69.716,36.248,0.317,0.000,26.514,28.377,0.000,0.000,0.0000
540.930,-69.716,36.248,0.317,0.000,26.514,28.377,0.000,0.000,0.0000
540.940,-69.716,36.248,0.317,0.000,26.514,28.377,0.000,0.000,0.0000
540.950,-69.716,36.248,0.317,0.000,26.514,28.377,0.000,0.000,0.0000
540.960,-69.716,36.248,0.317,0.000,26.514,28.377,0.000,0.000,0.0000
540.970,-69.716,36.248,0.317,0.000,26.514,28.377,0.000,0.000,0.0000
540.980,-69.716,36.248,0.317,0.000,26.514,28.377,0.000,0.000,0.0000
540.990,-69.716,36.248,0.317,0.000,26.514,28.377,0.000,0.000,0.0000
541.000,-69.716,36.248,0.317,0.000,26.514,28.377,0.000,0.000,0.0000
541.010,-69.716,36.248,0.317,0.000,26.514,28.377,0.000,0.000,0.0000
541.020,-69.716,36.248,0.317,0.000,26.514,28.377,0.000,0.000,0.0000
541.030,-69.716,36.248,0.317,0.000,26.514,28.377,0.000,0.000,0.0000
541.040,-69.716,36.248,0.317,0.000,26.514,28.377,0.000,0.000,0.0000
541.050,-69.716,36.248,0.317,0.000,26.514,28.377,0.000,0.000,0.0000
541.060,-69.716,36.248,0.317,0.000,26.514,28.377,0.000,0.000,0.0000
541.070,-69.716,36.248,0.317,0.000,26.514,28.377,0.000,0.000,0.0000
541.080,-69.716,36.248,0.317,0.000,26.514,28.377,0.000,0.000,0.0000
541.090,-69.716,36.248,0.317,0.000,26.514,28.377,0.000,0.000,0.0000
541.100,-69.716,36.248,0.317,0.000,26.514,28.377,0.000,0.000,0.0000
541.110,-69.716,36.248,0.317,0.000,26.514,28.377,0.000,0.000,0.0000
541.120,-69.716,36.248,0.317,0.000,26.514,28.377,0.000,0.000,0.0000
541.130,-69.716,36.248,0.317,0.000,26.514,28.377,0.000,0.000,0.0000
541.140,-69.716,36.248,0.317,0.000,26.514,28.377,0.000,0.000,0.0000
541.150,-69.716,36.248,0.317,0.000,26.514,28.377,0.000,0.000,0.0000
541.160,-69.716,36.248,0.317,0.000,26.514,28.377,0.000,0.000,0.0000
541.170,-69.716,36.248,0.317,0.000,26.514,28.377,0.000,0.000,0.0000
541.180,-69.716,36.248,0.317,0.000,26.514,28.377,0.000,0.000,0.0000
541.190,-69.716,36.248,0.317,0.000,26.514,28.377,0.000,0.000,0.0000
541.200,-69.716,36.248,0.317,0.000,26.514,28.377,0.000,0.000,0.0000
541.210,-69.716,36.248,0.317,0.000,26.514,28.377,0.000,0.000,0.0000
541.220,-69.716,36.248,0.317,0.000,26.514,28.377,0.000,0.000,0.0000
541.230,-69.716,36.248,0.317,0.000,26.514,28.377,0.000,0.000,0.0000
541.240,-69.716,36.248,0.317,0.000,26.514,28.377,0.000,0.000,0.0000
541.250,-69.716,36.248,0.317,0.000,26.514,28.377,0.000,0.000,0.0000
541.260,-69.716,36.248,0.317,0.000,26.514,28.377,0.000,0.000,0.0000
541.270,-69.716,36.248,0.317,0.000,26.514,28.377,0.000,0.000,0.0000
541.280,-69.716,36.248,0.317,0.000,26.514,28.377,0.000,0.000,0.0000
541.290,-69.716,36.248,0.317,0.000,26.514,28.377,0.000,0.000,0.0000
541.300,-69.716,36.248,0.317,0.000,26.514,28.377,0.000,0.000,0.0000
541.310,-69.716,36.248,0.317,0.000,26.514,28.377,0.000,0.000,0.0000
541.320,-69.716,36.248,0.317,0.000,26.514,28.377,0.000,0.000,0.0000
541.330,-69.716,36.248,0.317,0.000,26.514,28.377,0.000,0.000,0.0000
541.340,-69.716,36.248,0.317,0.000,26.514,28.377,0.000,0.000,0.0000
541.350,-69.716,36.248,0.317,0.000,26.514,28.377,0.000,0.000,0.0000
541.360,-69.716,36.248,0.317,0.000,26.514,28.377,0.000,0.000,0.0000
541.370,-69.716,36.248,0.317,0.000,26.514,28.377,0.000,0.000,0.0000
541.380,-69.716,36.248,0.317,0.000,26.514,28.377,0.000,0.000,0.0000
541.390,-69.716,36.248,0.317,0.000,26.514,28.377,0.000,0.000,0.0000
541.400,-69.716,36.248,0.317,0.000,26.514,28.377,0.000,0.000,0.0000
541.410,-69.716,36.248,0.317,0.000,26.514,28.377,0.000,0.000,0.0000
541.420,-69.716,36.248,0.317,0.000,26.514,28.377,0.000,0.000,0.0000
541.430,-69.716,36.248,0.317,0.000,26.514,28.377,0.000,0.000,0.0000
541.440,-69.716,36.248,0.317,0.000,26.514,28.377,0.000,0.000,0.0000
541.450,-69.716,36.248,0.317,0.000,26.514,28.377,0.000,0.000,0.0000
541.460,-69.716,36.248,0.317,0.000,26.514,28.377,0.000,0.000,0.0000
541.470,-69.716,36.248,0.317,0.000,26.514,28.377,0.000,0.000,0.0000
541.480,-69.716,36.248,0.317,0.000,26.514,28.377,0.000,0.000,0.0000
541.490,-69.716,36.248,0.317,0.000,26.514,28.377,0.000,0.000,0.0000
541.500,-69.716,36.248,0.317,0.000,26.514,28.377,0.000,0.000,0.0000
541.510,-69.716,36.248,0.317,0.000,26.514,28.377,0.000,0.000,0.0000
541.520,-69.716,36.248,0.317,0.000,26.514,28.377,0.000,0.000,0.0000
541.530,-69.716,36.248,0.317,0.000,26.514,28.377,0.000,0.000,0.0000
541.540,-69.716,36.248,0.317,0.000,26.514,28.377,0.000,0.000,0.0000
541.550,-69.716,36.248,0.317,0.000,26.514,28.377,0.000,0.000,0.0000
541.560,-69.716,36.248,0.317,0.000,26.514,28.377,0.000,0.000,0.0000
541.570,-69.716,36.248,0.317,0.000,26.514,28.377,0.000,0.000,0.0000
541.580,-69.716,36.248,0.317,0.000,26.514,28.377,0.000,0.000,0.0000
541.590,-69.716,36.248,0.317,0.000,26.514,28.377,0.000,0.000,0.0000
541.600,-69.716,36.248,0.317,0.000,26.514,28.377,0.000,0.000,0.0000
541.610,-69.716,36.248,0.317,0.000,26.514,28.377,0.000,0.000,0.0000
541.620,-69.716,36.248,0.317,0.000,26.514,28.377,0.000,0.000,0.0000
541.630,-69.716,36.248,0.317,0.000,26.514,28.377,0.000,0.000,0.0000
541.640,-69.716,36.248,0.317,0.000,26.514,28.377,0.000,0.000,0.0000
541.650,-69.716,36.248,0.317,0.000,26.514,28.377,0.000,0.000,0.0000
541.660,-69.716,36.248,0.317,0.000,26.514,28.377,0.000,0.000,0.0000
541.670,-69.716,36.248,0.317,0.000,26.514,28.377,0.000,0.000,0.0000
541.680,-69.716,36.248,0.317,0.000,26.514,28.377,0.000,0.000,0.0000
541.690,-69.716,36.248,0.317,0.000,26.514,28.377,0.000,0.000,0.0000
541.700,-69.716,36.248,0.317,0.000,26.514,28.377,0.000,0.000,0.0000
541.710,-69.716,36.248,0.317,0.000,26.514,28.377,0.000,0.000,0.0000
541.720,-69.716,36.248,0.317,0.000,26.514,28.377,0.000,0.000,0.0000
541.730,-69.716,36.248,0.317,0.000,26.514,28.377,0.000,0.000,0.0000
541.740,-69.716,36.248,0.317,0.000,26.514,28.377,0.000,0.000,0.0000
541.750,-69.716,36.248,0.317,0.000,26.514,28.377,0.000,0.000,0.0000
541.760,-69.716,36.248,0.317,0.000,26.514,28.377,0.000,0.000,0.0000
541.770,-69.716,36.248,0.317,0.000,26.514,28.377,0.000,0.000,0.0000
541.780,-69.716,36.248,0.317,0.000,26.514,28.377,0.000,0.000,0.0000
541.790,-69.716,36.248,0.317,0.000,26.514,28.377,0.000,0.000,0.0000
541.800,-69.716,36.248,0.317,0.000,26.514,28.377,0.000,0.000,0.0000
541.810,-69.716,36.248,0.317,0.000,26.514,28.377,0.000,0.000,0.0000
541.820,-69.716,36.248,0.317,0.000,26.514,28.377,0.000,0.000,0.0000
541.830,-69.716,36.248,0.317,0.000,26.514,28.377,0.000,0.000,0.0000
541.840,-69.716,36.248,0.317,0.000,26.514,28.377,0.000,0.000,0.0000
541.850,-69.716,36.248,0.317,0.000,26.514,28.377,0.000,0.000,0.0000
541.860,-69.716,36.248,0.317,0.000,26.514,28.377,0.000,0.000,0.0000
541.870,-69.716,36.248,0.317,0.000,26.514,28.377,0.000,0.000,0.0000
541.880,-69.716,36.248,0.317,0.000,26.514,28.377,0.000,0.000,0.0000
541.890,-69.716,36.248,0.317,0.000,26.514,28.377,0.000,0.000,0.0000
541.900,-69.716,36.248,0.317,0.000,26.514,28.377,0.000,0.000,0.0000
541.910,-69.716,36.248,0.317,0.000,26.514,28.377,0.000,0.000,0.0000
541.920,-69.716,36.248,0.317,0.000,26.514,28.377,0.000,0.000,0.0000
541.930,-69.716,36.248,0.317,0.000,26.514,28.377,0.000,0.000,0.0000
541.940,-69.716,36.248,0.317,0.000,26.514,28.377,0.000,0.000,0.0000
541.950,-69.716,36.248,0.317,0.000,26.514,28.377,0.000,0.000,0.0000
541.960,-69.716,36.248,0.317,0.000,26.514,28.377,0.000,0.000,0.0000
541.970,-69.716,36.248,0.317,0.000,26.514,28.377,0.000,0.000,0.0000
541.980,-69.716,36.248,0.317,0.000,26.514,28.377,0.000,0.000,0.0000
541.990,-69.716,36.248,0.317,0.000,26.514,28.377,0.000,0.000,0.0000
542.000,-69.716,36.248,0.317,0.000,26.514,28.377,0.000,0.000,0.0000
542.010,-69.716,36.248,0.317,0.000,26.514,28.377,0.000,0.000,0.0000
542.020,-69.716,36.248,0.317,0.000,26.514,28.377,0.000,0.000,0.0000
542.030,-69.716,36.248,0.317,0.000,26.514,28.377,0.000,0.000,0.0000
542.040,-69.716,36.248,0.317,0.000,26.514,28.377,0.000,0.000,0.0000
542.050,-69.716,36.248,0.317,0.000,26.514,28.377,0.000,0.000,0.0000
542.060,-69.716,36.248,0.317,0.000,26.514,28.377,0.000,0.000,0.0000
542.070,-69.716,36.248,0.317,0.000,26.514,28.377,0.000,0.000,0.0000
542.080,-69.716,36.248,0.317,0.000,26.514,28.377,0.000,0.000,0.0000
542.090,-69.716,36.248,0.317,0.000,26.514,28.377,0.000,0.000,0.0000
542.100,-69.716,36.248,0.317,0.000,26.514,28.377,0.040,0.000,0.0000
542.110,-69.716,36.248,0.317,0.014,26.514,28.377,0.080,0.000,0.0000
542.120,-69.715,36.248,0.317,0.040,26.515,28.377,0.120,0.000,0.0000
542.130,-69.715,36.249,0.317,0.074,26.515,28.378,0.160,0.000,0.0000
542.140,-69.714,36.249,0.316,0.112,26.516,28.379,0.200,0.000,0.0000
542.150,-69.712,36.249,0.316,0.153,26.518,28.381,0.240,0.000,0.0000
542.160,-69.710,36.250,0.316,0.193,26.520,28.383,0.280,0.000,0.0000
542.170,-69.708,36.251,0.315,0.232,26.522,28.385,0.320,0.000,0.0000
542.180,-69.705,36.251,0.315,0.271,26.525,28.387,0.360,0.000,0.0000
542.190,-69.702,36.252,0.314,0.309,26.528,28.391,0.400,0.000,0.0000
542.200,-69.699,36.253,0.314,0.347,26.531,28.394,0.440,0.000,0.0000
542.210,-69.695,36.254,0.313,0.384,26.535,28.398,0.480,0.000,0.0000
542.220,-69.691,36.256,0.312,0.421,26.539,28.402,0.520,0.000,0.0000
542.230,-69.686,36.257,0.312,0.459,26.544,28.406,0.560,0.000,0.0000
542.240,-69.681,36.258,0.311,0.497,26.549,28.411,0.600,0.000,0.0000
542.250,-69.676,36.260,0.311,0.535,26.554,28.416,0.640,0.000,0.0000
542.260,-69.670,36.262,0.310,0.573,26.560,28.422,0.680,0.000,0.0000
542.270,-69.664,36.264,0.310,0.612,26.566,28.427,0.720,0.000,0.0000
542.280,-69.658,36.266,0.309,0.650,26.572,28.434,0.760,0.000,0.0000
542.290,-69.651,36.268,0.309,0.689,26.579,28.440,0.800,0.000,0.0000
542.300,-69.643,36.270,0.309,0.728,26.587,28.447,0.840,0.000,0.0000
542.310,-69.636,36.272,0.308,0.766,26.594,28.454,0.880,0.000,0.0000
542.320,-69.628,36.274,0.308,0.802,26.602,28.462,0.920,0.000,0.0000
542.330,-69.619,36.277,0.308,0.838,26.611,28.469,0.960,0.000,0.0000
542.340,-69.611,36.280,0.308,0.876,26.619,28.478,1.000,0.000,0.0000
542.350,-69.602,36.282,0.308,0.914,26.628,28.486,1.000,0.000,0.0000
542.360,-69.592,36.285,0.308,0.953,26.638,28.495,1.000,0.000,0.0000
542.370,-69.582,36.288,0.308,0.992,26.648,28.504,1.000,0.000,0.0000
542.380,-69.572,36.291,0.308,1.031,26.658,28.514,1.000,0.000,0.0000
542.390,-69.561,36.295,0.308,1.070,26.669,28.524,1.000,0.000,0.0000
542.400,-69.550,36.298,0.308,1.109,26.680,28.534,1.000,0.000,0.0000
542.410,-69.539,36.301,0.308,1.147,26.691,28.544,1.000,0.000,0.0000
542.420,-69.527,36.305,0.308,1.186,26.703,28.555,1.000,0.000,0.0000
542.430,-69.514,36.309,0.308,1.224,26.716,28.567,1.000,0.000,0.0000
542.440,-69.502,36.312,0.309,1.263,26.728,28.578,1.000,0.000,0.0000
542.450,-69.489,36.316,0.309,1.301,26.741,28.590,1.000,0.000,0.0000
542.460,-69.475,36.320,0.309,1.339,26.755,28.603,1.000,0.000,0.0000
542.470,-69.462,36.325,0.309,1.377,26.768,28.615,1.000,0.000,0.0000
542.480,-69.447,36.329,0.309,1.415,26.783,28.628,1.000,0.000,0.0000
542.490,-69.433,36.333,0.310,1.454,26.797,28.642,1.000,0.000,0.0000
542.500,-69.418,36.338,0.310,1.492,26.812,28.656,1.000,0.000,0.0000
542.510,-69.403,36.342,0.310,1.529,26.827,28.670,1.000,0.000,0.0000
542.520,-69.387,36.347,0.310,1.567,26.843,28.684,1.000,0.000,0.0000
542.530,-69.371,36.352,0.310,1.605,26.859,28.699,1.000,0.000,0.0000
542.540,-69.355,36.357,0.310,1.643,26.875,28.714,1.000,0.000,0.0000
542.550,-69.338,36.362,0.311,1.681,26.892,28.730,1.000,0.000,0.0000
542.560,-69.321,36.367,0.311,1.719,26.909,28.746,1.000,0.000,0.0000
542.570,-69.303,36.373,0.311,1.757,26.927,28.762,1.000,0.000,0.0000
542.580,-69.285,36.378,0.311,1.795,26.945,28.779,1.000,0.000,0.0000
542.590,-69.267,36.384,0.311,1.833,26.963,28.795,1.000,0.000,0.0000
542.600,-69.248,36.389,0.311,1.871,26.982,28.813,1.000,0.000,0.0000
542.610,-69.229,36.395,0.311,1.909,27.001,28.831,1.000,0.000,0.0000
542.620,-69.209,36.401,0.311,1.947,27.021,28.849,1.000,0.000,0.0000
542.630,-69.190,36.407,0.311,1.985,27.040,28.867,1.000,0.000,0.0000
542.640,-69.169,36.413,0.311,2.023,27.061,28.886,1.000,0.000,0.0000
542.650,-69.149,36.419,0.311,2.061,27.081,28.905,1.000,0.000,0.0000
542.660,-69.128,36.425,0.311,2.099,27.102,28.924,1.000,0.000,0.0000
542.670,-69.106,36.432,0.311,2.137,27.124,28.944,1.000,0.000,0.0080
542.680,-69.085,36.438,0.311,2.174,27.145,28.965,1.000,0.000,0.0160
542.690,-69.063,36.445,0.311,2.209,27.167,28.985,1.000,0.000,0.0240
542.700,-69.040,36.452,0.311,2.245,27.190,29.006,1.000,0.000,0.0320
542.710,-69.017,36.459,0.311,2.279,27.213,29.027,1.000,0.000,0.0400
542.720,-68.994,36.466,0.311,2.315,27.236,29.049,1.000,0.000,0.0480
542.730,-68.971,36.473,0.311,2.350,27.259,29.071,1.000,0.000,0.0560
542.740,-68.947,36.480,0.311,2.385,27.283,29.093,1.000,0.000,0.0640
542.750,-68.923,36.487,0.311,2.421,27.307,29.115,1.000,0.000,0.0720
542.760,-68.898,36.494,0.311,2.456,27.332,29.138,1.000,0.000,0.0800
542.770,-68.873,36.502,0.311,2.492,27.357,29.161,1.000,0.000,0.0880
542.780,-68.848,36.509,0.311,2.527,27.382,29.185,1.000,0.000,0.0960
542.790,-68.822,36.517,0.311,2.563,27.408,29.209,1.000,0.000,0.1040
542.800,-68.796,36.525,0.311,2.599,27.434,29.233,1.000,0.000,0.1120
542.810,-68.770,36.533,0.310,2.634,27.460,29.257,1.000,0.000,0.1200
542.820,-68.743,36.541,0.310,2.669,27.487,29.282,1.000,0.000,0.1280
542.830,-68.717,36.549,0.311,2.628,27.513,29.307,1.000,0.000,0.1360
542.840,-68.690,36.557,0.311,2.658,27.540,29.331,1.000,0.000,0.1440
542.850,-68.664,36.565,0.311,2.688,27.566,29.356,1.000,0.000,0.1520
542.860,-68.636,36.573,0.311,2.753,27.594,29.382,1.000,0.000,0.1600
542.870,-68.608,36.582,0.311,2.829,27.622,29.408,0.940,0.000,0.1680
542.880,-68.579,36.590,0.311,2.905,27.651,29.436,0.880,0.000,0.1760
542.890,-68.549,36.599,0.310,2.942,27.681,29.463,0.820,0.000,0.1840
542.900,-68.520,36.608,0.310,2.958,27.710,29.491,0.760,0.000,0.1920
542.910,-68.490,36.617,0.310,2.922,27.740,29.518,0.700,0.000,0.2000
542.920,-68.461,36.626,0.310,2.972,27.769,29.545,0.640,0.000,0.2080
542.930,-68.430,36.634,0.310,3.028,27.800,29.574,0.580,0.000,0.2160
542.940,-68.400,36.643,0.310,3.084,27.830,29.602,0.520,0.000,0.2240
542.950,-68.368,36.652,0.310,3.138,27.862,29.632,0.460,0.000,0.2320
542.960,-68.336,36.660,0.310,3.190,27.894,29.662,0.400,0.000,0.2400
542.970,-68.304,36.669,0.310,3.238,27.926,29.692,0.340,0.000,0.2480
542.980,-68.271,36.678,0.310,3.283,27.959,29.722,0.280,0.000,0.2560
542.990,-68.239,36.686,0.310,3.220,27.991,29.752,0.220,0.000,0.2640
543.000,-68.207,36.695,0.311,3.201,28.023,29.782,0.160,0.000,0.2720
543.010,-68.175,36.703,0.311,3.191,28.055,29.812,0.100,0.000,0.2800
543.020,-68.144,36.711,0.312,3.146,28.086,29.841,0.040,0.000,0.2880
543.030,-68.111,36.719,0.312,3.219,28.119,29.871,0.000,0.000,0.2960
543.040,-68.079,36.727,0.312,3.219,28.151,29.901,0.000,0.000,0.3040
543.050,-68.047,36.735,0.313,3.171,28.183,29.930,0.000,0.000,0.3120
543.060,-68.016,36.742,0.314,3.108,28.214,29.959,0.000,0.000,0.3200
543.070,-67.986,36.750,0.315,3.046,28.244,29.987,0.000,0.000,0.3280
543.080,-67.956,36.757,0.316,2.992,28.274,30.015,0.000,0.000,0.3360
543.090,-67.927,36.764,0.317,2.947,28.303,30.042,0.000,0.000,0.3440
543.100,-67.898,36.770,0.318,2.907,28.332,30.068,0.000,0.000,0.3520
543.110,-67.869,36.777,0.319,2.875,28.361,30.095,0.000,0.000,0.3600
543.120,-67.840,36.784,0.320,2.845,28.390,30.121,0.000,0.000,0.3680
543.130,-67.812,36.790,0.321,2.818,28.418,30.147,0.000,0.000,0.3760
543.140,-67.784,36.797,0.322,2.790,28.446,30.173,0.000,0.000,0.3840
543.150,-67.757,36.803,0.323,2.758,28.473,30.198,0.000,0.000,0.3920
543.160,-67.730,36.809,0.324,2.722,28.500,30.223,0.000,0.000,0.4000
543.170,-67.703,36.815,0.325,2.683,28.527,30.248,0.000,0.000,0.4080
543.180,-67.676,36.821,0.325,2.640,28.554,30.273,0.000,0.000,0.4160
543.190,-67.650,36.826,0.326,2.595,28.580,30.297,0.000,0.000,0.4240
543.200,-67.625,36.832,0.327,2.548,28.605,30.320,0.000,0.000,0.4320
543.210,-67.600,36.837,0.327,2.500,28.630,30.344,0.000,0.000,0.4400
543.220,-67.575,36.843,0.328,2.451,28.655,30.366,0.000,0.000,0.4480
543.230,-67.551,36.848,0.328,2.402,28.679,30.389,0.000,0.000,0.4560
543.240,-67.528,36.853,0.328,2.347,28.702,30.411,0.000,0.000,0.4640
543.250,-67.505,36.857,0.329,2.296,28.725,30.432,0.000,0.000,0.4720
543.260,-67.483,36.862,0.329,2.247,28.748,30.453,0.000,0.000,0.4800
543.270,-67.461,36.866,0.329,2.202,28.770,30.473,0.000,0.000,0.4880
543.280,-67.439,36.870,0.329,2.156,28.791,30.494,0.000,0.000,0.4960
543.290,-67.418,36.875,0.329,2.111,28.812,30.513,0.000,0.000,0.5000
543.300,-67.397,36.879,0.329,2.066,28.833,30.533,0.000,0.000,0.5000
543.310,-67.377,36.882,0.329,2.022,28.853,30.552,0.000,0.000,0.5000
543.320,-67.357,36.886,0.329,1.979,28.873,30.570,0.000,0.000,0.5000
543.330,-67.338,36.890,0.328,1.938,28.892,30.589,0.000,0.000,0.5000
543.340,-67.319,36.893,0.328,1.899,28.911,30.606,0.000,0.000,0.5000
543.350,-67.300,36.896,0.328,1.861,28.930,30.624,0.000,0.000,0.5000
543.360,-67.282,36.900,0.327,1.824,28.948,30.641,0.000,0.000,0.5000
543.370,-67.264,36.903,0.327,1.787,28.966,30.658,0.000,0.000,0.5000
543.380,-67.247,36.906,0.327,1.749,28.983,30.675,0.000,0.000,0.5000
543.390,-67.230,36.908,0.326,1.711,29.001,30.691,0.000,0.000,0.5000
543.400,-67.213,36.911,0.326,1.673,29.017,30.707,0.000,0.000,0.5000
543.410,-67.196,36.914,0.325,1.636,29.034,30.722,0.000,0.000,0.5000
543.420,-67.180,36.916,0.325,1.599,29.050,30.737,0.000,0.000,0.5000
543.430,-67.165,36.918,0.324,1.563,29.065,30.752,0.000,0.000,0.4700
543.440,-67.150,36.921,0.324,1.528,29.080,30.767,0.000,0.000,0.4400
543.450,-67.135,36.923,0.324,1.489,29.095,30.781,0.000,0.000,0.4100
543.460,-67.120,36.925,0.323,1.450,29.110,30.794,0.000,0.000,0.3800
543.470,-67.106,36.927,0.323,1.410,29.124,30.808,0.000,0.000,0.3500
543.480,-67.092,36.928,0.323,1.371,29.138,30.821,0.000,0.000,0.3200
543.490,-67.079,36.930,0.323,1.333,29.151,30.833,0.000,0.000,0.2900
543.500,-67.066,36.932,0.322,1.300,29.164,30.845,0.000,0.000,0.2600
543.510,-67.053,36.933,0.322,1.270,29.177,30.857,0.000,0.000,0.2300
543.520,-67.041,36.935,0.322,1.242,29.189,30.869,0.000,0.000,0.2000
543.530,-67.029,36.936,0.322,1.213,29.201,30.881,0.000,0.000,0.1700
543.540,-67.017,36.938,0.322,1.180,29.213,30.892,0.000,0.000,0.1400
543.550,-67.006,36.939,0.321,1.143,29.224,30.903,0.000,0.000,0.1100
543.560,-66.995,36.940,0.321,1.105,29.235,30.913,0.000,0.000,0.0800
543.570,-66.984,36.941,0.321,1.067,29.246,30.923,0.000,0.000,0.0500
543.580,-66.974,36.943,0.321,1.029,29.256,30.933,0.000,0.000,0.0200
543.590,-66.964,36.944,0.321,0.992,29.266,30.942,0.000,0.000,0.0000
543.600,-66.954,36.945,0.321,0.958,29.276,30.951,0.000,0.000,0.0000
543.610,-66.945,36.946,0.321,0.929,29.285,30.960,0.000,0.000,0.0000
543.620,-66.936,36.947,0.321,0.903,29.294,30.968,0.000,0.000,0.0000
543.630,-66.927,36.948,0.321,0.878,29.303,30.976,0.000,0.000,0.0000
543.640,-66.918,36.949,0.321,0.849,29.312,30.984,0.040,0.000,0.0000
543.650,-66.910,36.950,0.322,0.817,29.320,30.992,0.080,0.000,0.0000
543.660,-66.902,36.951,0.322,0.808,29.328,30.999,0.120,0.000,0.0000
543.670,-66.894,36.952,0.321,0.823,29.336,31.007,0.160,0.000,0.0000
543.680,-66.885,36.953,0.321,0.853,29.345,31.015,0.200,0.000,0.0000
543.690,-66.877,36.954,0.321,0.892,29.353,31.024,0.240,0.000,0.0000
543.700,-66.867,36.955,0.320,0.936,29.363,31.033,0.280,0.000,0.0000
543.710,-66.857,36.956,0.320,0.981,29.373,31.042,0.320,0.000,0.0000
543.720,-66.847,36.958,0.319,1.026,29.383,31.052,0.360,0.000,0.0000
543.730,-66.837,36.959,0.318,1.070,29.393,31.062,0.400,0.000,0.0000
543.740,-66.825,36.960,0.317,1.113,29.405,31.073,0.440,0.000,0.0000
543.750,-66.814,36.962,0.316,1.155,29.416,31.084,0.480,0.000,0.0000
543.760,-66.802,36.964,0.315,1.196,29.428,31.096,0.520,0.000,0.0000
543.770,-66.790,36.965,0.314,1.237,29.440,31.108,0.560,0.000,0.0000
543.780,-66.777,36.967,0.313,1.278,29.453,31.120,0.600,0.000,0.0000
543.790,-66.764,36.968,0.312,1.319,29.466,31.133,0.640,0.000,0.0000
543.800,-66.750,36.970,0.311,1.360,29.480,31.146,0.680,0.000,0.0000
543.810,-66.736,36.972,0.311,1.401,29.494,31.159,0.720,0.000,0.0000
543.820,-66.722,36.974,0.310,1.443,29.508,31.173,0.760,0.000,0.0000
543.830,-66.707,36.976,0.309,1.485,29.523,31.187,0.800,0.000,0.0000
543.840,-66.692,36.978,0.308,1.527,29.538,31.202,0.840,0.000,0.0000
543.850,-66.676,36.980,0.308,1.570,29.554,31.217,0.880,0.000,0.0000
543.860,-66.660,36.982,0.307,1.613,29.570,31.232,0.920,0.000,0.0000
543.870,-66.643,36.984,0.307,1.655,29.587,31.248,0.960,0.000,0.0000
543.880,-66.626,36.986,0.307,1.697,29.604,31.264,1.000,0.000,0.0000
543.890,-66.609,36.988,0.306,1.739,29.621,31.280,1.000,0.000,0.0000
543.900,-66.591,36.990,0.306,1.780,29.639,31.297,1.000,0.000,0.0000
543.910,-66.573,36.993,0.306,1.822,29.657,31.314,1.000,0.000,0.0000
543.920,-66.554,36.995,0.306,1.863,29.676,31.331,1.000,0.000,0.0000
543.930,-66.535,36.998,0.306,1.903,29.695,31.349,1.000,0.000,0.0000
543.940,-66.516,37.000,0.306,1.944,29.714,31.368,1.000,0.000,0.0000
543.950,-66.496,37.003,0.306,1.985,29.734,31.386,1.000,0.000,0.0080
543.960,-66.476,37.005,0.307,2.026,29.754,31.405,1.000,0.000,0.0160
543.970,-66.455,37.008,0.307,2.067,29.775,31.425,1.000,0.000,0.0240
543.980,-66.434,37.011,0.307,2.108,29.796,31.444,1.000,0.000,0.0320
543.990,-66.413,37.013,0.307,2.149,29.817,31.464,1.000,0.000,0.0400
544.000,-66.391,37.016,0.308,2.191,29.839,31.485,1.000,0.000,0.0480
544.010,-66.368,37.019,0.308,2.232,29.862,31.506,1.000,0.000,0.0560
544.020,-66.346,37.022,0.308,2.273,29.884,31.527,1.000,0.000,0.0640
544.030,-66.322,37.025,0.309,2.315,29.908,31.549,1.000,0.000,0.0720
544.040,-66.299,37.027,0.309,2.356,29.931,31.571,1.000,0.000,0.0800
544.050,-66.275,37.030,0.309,2.394,29.955,31.593,1.000,0.000,0.0880
544.060,-66.251,37.033,0.310,2.429,29.979,31.616,1.000,0.000,0.0960
544.070,-66.226,37.036,0.310,2.460,30.004,31.639,1.000,0.000,0.1040
544.080,-66.201,37.039,0.311,2.493,30.029,31.662,1.000,0.000,0.1120
544.090,-66.176,37.042,0.311,2.527,30.054,31.686,1.000,0.000,0.1200
544.100,-66.150,37.045,0.311,2.563,30.080,31.710,1.000,0.000,0.1280
544.110,-66.124,37.048,0.311,2.601,30.106,31.734,1.000,0.000,0.1360
544.120,-66.098,37.051,0.312,2.639,30.132,31.759,1.000,0.000,0.1440
544.130,-66.071,37.054,0.312,2.678,30.159,31.784,1.000,0.000,0.1520
544.140,-66.044,37.058,0.312,2.717,30.186,31.810,1.000,0.000,0.1600
544.150,-66.016,37.061,0.312,2.755,30.214,31.836,1.000,0.000,0.1680
544.160,-65.988,37.064,0.312,2.792,30.242,31.862,1.000,0.000,0.1760
544.170,-65.960,37.067,0.312,2.827,30.270,31.888,1.000,0.000,0.1840
544.180,-65.932,37.070,0.312,2.861,30.298,31.915,1.000,0.000,0.1920
544.190,-65.903,37.074,0.313,2.897,30.327,31.943,1.000,0.000,0.2000
544.200,-65.873,37.077,0.313,2.933,30.357,31.970,1.000,0.000,0.2080
544.210,-65.844,37.080,0.313,2.971,30.386,31.998,1.000,0.000,0.2160
544.220,-65.813,37.083,0.312,3.008,30.417,32.027,1.000,0.000,0.2240
544.230,-65.783,37.087,0.312,3.046,30.447,32.055,1.000,0.000,0.2320
544.240,-65.752,37.090,0.312,3.081,30.478,32.084,1.000,0.000,0.2400
544.250,-65.721,37.093,0.312,3.113,30.509,32.114,1.000,0.000,0.2100
544.260,-65.690,37.097,0.313,3.106,30.540,32.143,1.000,0.000,0.1800
544.270,-65.658,37.100,0.314,3.167,30.572,32.173,1.000,0.000,0.1500
544.280,-65.626,37.104,0.315,3.205,30.604,32.202,1.000,0.000,0.1200
544.290,-65.594,37.108,0.316,3.266,30.636,32.233,1.000,0.000,0.0900
544.300,-65.560,37.111,0.318,3.336,30.670,32.264,1.000,0.000,0.0600
544.310,-65.526,37.115,0.319,3.408,30.704,32.295,1.000,0.000,0.0300
544.320,-65.492,37.119,0.322,3.453,30.738,32.327,1.000,0.000,0.0000
544.330,-65.457,37.123,0.325,3.529,30.773,32.359,1.000,0.000,0.0000
544.340,-65.421,37.126,0.328,3.596,30.809,32.392,1.000,0.000,0.0000
544.350,-65.385,37.130,0.331,3.650,30.845,32.425,1.000,0.000,0.0000
544.360,-65.348,37.133,0.335,3.694,30.882,32.459,1.000,0.000,0.0000
544.370,-65.311,37.136,0.338,3.728,30.919,32.493,1.000,0.000,0.0000
544.380,-65.273,37.139,0.341,3.760,30.957,32.527,1.000,0.000,0.0000
544.390,-65.235,37.142,0.344,3.789,30.995,32.562,1.000,0.000,0.0000
544.400,-65.197,37.146,0.347,3.815,31.033,32.597,1.000,0.000,0.0000
544.410,-65.159,37.149,0.350,3.843,31.071,32.632,1.000,0.000,0.0000
544.420,-65.120,37.152,0.353,3.876,31.110,32.668,1.000,0.000,0.0000
544.430,-65.081,37.155,0.355,3.912,31.149,32.704,1.000,0.000,0.0000
544.440,-65.042,37.158,0.357,3.950,31.188,32.740,1.000,0.000,0.0000
544.450,-65.002,37.162,0.359,3.990,31.228,32.777,1.000,0.000,0.0000
544.460,-64.962,37.165,0.361,4.029,31.268,32.815,1.000,0.000,0.0000
544.470,-64.921,37.168,0.362,4.068,31.309,32.853,1.000,0.000,0.0000
544.480,-64.880,37.172,0.363,4.106,31.350,32.891,1.000,0.000,0.0000
544.490,-64.839,37.175,0.364,4.144,31.391,32.930,1.000,0.000,0.0000
544.500,-64.797,37.178,0.364,4.181,31.433,32.970,1.000,0.000,0.0000
544.510,-64.755,37.182,0.365,4.218,31.475,33.010,1.000,0.000,0.0000
544.520,-64.712,37.185,0.365,4.255,31.518,33.050,1.000,0.000,0.0000
544.530,-64.669,37.189,0.364,4.291,31.561,33.091,1.000,0.000,0.0000
544.540,-64.626,37.193,0.364,4.329,31.604,33.132,1.000,0.000,0.0000
544.550,-64.582,37.196,0.363,4.366,31.648,33.173,1.000,0.000,0.0000
544.560,-64.538,37.200,0.362,4.404,31.692,33.215,1.000,0.000,0.0000
544.570,-64.494,37.204,0.362,4.442,31.736,33.258,1.000,0.000,0.0000
544.580,-64.449,37.207,0.361,4.480,31.781,33.300,1.000,0.000,0.0000
544.590,-64.404,37.211,0.360,4.518,31.826,33.344,1.000,0.000,0.0000
544.600,-64.358,37.215,0.358,4.556,31.872,33.387,1.000,0.000,0.0000
544.610,-64.312,37.219,0.357,4.594,31.918,33.431,1.000,0.000,0.0000
544.620,-64.266,37.223,0.356,4.632,31.964,33.475,1.000,0.000,0.0000
544.630,-64.219,37.227,0.355,4.670,32.011,33.520,1.000,0.000,0.0000
544.640,-64.172,37.231,0.354,4.708,32.058,33.565,1.000,0.000,0.0000
544.650,-64.125,37.235,0.353,4.744,32.105,33.610,1.000,0.000,0.0000
544.660,-64.077,37.239,0.352,4.781,32.153,33.656,1.000,0.000,0.0000
544.670,-64.029,37.243,0.351,4.820,32.201,33.702,1.000,0.000,0.0000
544.680,-63.980,37.247,0.350,4.861,32.250,33.748,1.000,0.000,0.0000
544.690,-63.931,37.251,0.349,4.902,32.299,33.795,1.000,0.000,0.0000
544.700,-63.882,37.255,0.348,4.944,32.348,33.842,1.000,0.000,0.0000
544.710,-63.832,37.259,0.347,4.986,32.398,33.890,1.000,0.000,0.0000
544.720,-63.782,37.263,0.347,5.028,32.448,33.938,1.000,0.000,0.0000
544.730,-63.731,37.267,0.346,5.070,32.499,33.986,1.000,0.000,0.0000
544.740,-63.680,37.271,0.346,5.112,32.550,34.035,1.000,0.000,0.0000
544.750,-63.628,37.276,0.346,5.153,32.602,34.084,1.000,0.000,0.0000
544.760,-63.576,37.280,0.345,5.195,32.654,34.133,1.000,0.000,0.0000
544.770,-63.524,37.284,0.345,5.236,32.706,34.183,1.000,0.000,0.0000
544.780,-63.471,37.288,0.345,5.279,32.759,34.233,1.000,0.000,0.0000
544.790,-63.418,37.293,0.345,5.322,32.812,34.284,1.000,0.000,0.0000
544.800,-63.364,37.297,0.345,5.363,32.866,34.334,1.000,0.000,0.0000
544.810,-63.310,37.302,0.345,5.404,32.920,34.386,1.000,0.000,0.0000
544.820,-63.256,37.306,0.346,5.443,32.974,34.437,1.000,0.000,0.0000
544.830,-63.201,37.311,0.346,5.483,33.029,34.490,1.000,0.000,0.0000
544.840,-63.146,37.315,0.346,5.522,33.084,34.542,1.000,0.000,0.0000
544.850,-63.090,37.320,0.347,5.560,33.140,34.595,1.000,0.000,0.0000
544.860,-63.034,37.325,0.347,5.597,33.196,34.648,1.000,0.000,0.0000
544.870,-62.978,37.329,0.347,5.631,33.252,34.701,1.000,0.000,0.0000
544.880,-62.921,37.334,0.348,5.665,33.309,34.755,1.000,0.000,0.0000
544.890,-62.864,37.339,0.348,5.703,33.366,34.809,1.000,0.000,0.0000
544.900,-62.807,37.343,0.349,5.742,33.423,34.864,1.000,0.000,0.0000
544.910,-62.749,37.348,0.349,5.784,33.481,34.919,1.000,0.000,0.0000
544.920,-62.691,37.353,0.350,5.826,33.539,34.974,1.000,0.000,0.0000
544.930,-62.632,37.358,0.350,5.868,33.598,35.030,1.000,0.000,0.0000
544.940,-62.573,37.363,0.350,5.910,33.657,35.086,1.000,0.000,0.0000
544.950,-62.514,37.368,0.351,5.952,33.716,35.143,1.000,0.000,0.0000
544.960,-62.454,37.373,0.351,5.993,33.776,35.200,1.000,0.000,0.0000
544.970,-62.393,37.378,0.351,6.035,33.837,35.257,1.000,0.000,0.0000
544.980,-62.333,37.383,0.351,6.077,33.898,35.315,1.000,0.000,0.0080
544.990,-62.271,37.388,0.352,6.120,33.959,35.373,1.000,0.000,0.0160
545.000,-62.210,37.393,0.352,6.162,34.020,35.432,1.000,0.000,0.0240
545.010,-62.148,37.399,0.352,6.203,34.082,35.491,1.000,0.000,0.0320
545.020,-62.085,37.404,0.352,6.244,34.145,35.551,1.000,0.000,0.0400
545.030,-62.022,37.409,0.352,6.285,34.208,35.611,1.000,0.000,0.0480
545.040,-61.959,37.414,0.352,6.324,34.271,35.671,1.000,0.000,0.0560
545.050,-61.896,37.419,0.352,6.359,34.334,35.732,1.000,0.000,0.0640
545.060,-61.832,37.424,0.352,6.385,34.398,35.793,1.000,0.000,0.0720
545.070,-61.768,37.429,0.352,6.405,34.462,35.854,1.000,0.000,0.0800
545.080,-61.703,37.434,0.352,6.430,34.527,35.915,1.000,0.000,0.0880
545.090,-61.639,37.439,0.352,6.460,34.591,35.977,1.000,0.000,0.0960
545.100,-61.574,37.444,0.352,6.496,34.656,36.039,1.000,0.000,0.1040
545.110,-61.508,37.449,0.352,6.535,34.722,36.101,1.000,0.000,0.1120
545.120,-61.443,37.454,0.352,6.577,34.787,36.164,1.000,0.000,0.1200
545.130,-61.376,37.459,0.352,6.621,34.854,36.227,1.000,0.000,0.1280
545.140,-61.310,37.464,0.352,6.665,34.920,36.291,1.000,0.000,0.1360
545.150,-61.243,37.469,0.351,6.708,34.987,36.355,1.000,0.000,0.1440
545.160,-61.175,37.474,0.351,6.749,35.055,36.420,1.000,0.000,0.1520
545.170,-61.107,37.478,0.351,6.786,35.123,36.485,1.000,0.000,0.1600
545.180,-61.039,37.483,0.351,6.822,35.191,36.550,1.000,0.000,0.1680
545.190,-60.971,37.487,0.351,6.856,35.259,36.616,1.000,0.000,0.1760
545.200,-60.902,37.491,0.351,6.890,35.328,36.682,1.000,0.000,0.1840
545.210,-60.832,37.496,0.351,6.923,35.398,36.748,1.000,0.000,0.1920
545.220,-60.763,37.500,0.351,6.964,35.467,36.815,1.000,0.000,0.2000
545.230,-60.693,37.504,0.351,7.013,35.537,36.882,1.000,0.000,0.2080
545.240,-60.622,37.508,0.351,7.061,35.608,36.949,1.000,0.000,0.2160
545.250,-60.551,37.511,0.350,7.110,35.679,37.018,1.000,0.000,0.2240
545.260,-60.479,37.515,0.350,7.166,35.751,37.086,1.000,0.000,0.2320
545.270,-60.407,37.519,0.350,7.188,35.823,37.155,1.000,0.000,0.2020
545.280,-60.336,37.522,0.350,7.120,35.894,37.223,1.000,0.000,0.1720
545.290,-60.265,37.526,0.351,7.115,35.965,37.291,1.000,0.000,0.1420
545.300,-60.194,37.529,0.351,7.114,36.036,37.359,1.000,0.000,0.1120
545.310,-60.123,37.532,0.351,7.113,36.107,37.428,1.000,0.000,0.0820
545.320,-60.052,37.534,0.352,7.111,36.178,37.496,1.000,0.000,0.0520
545.330,-59.981,37.536,0.352,7.109,36.249,37.564,1.000,0.000,0.0220
545.340,-59.908,37.538,0.353,7.221,36.322,37.633,1.000,0.000,0.0000
545.350,-59.836,37.540,0.353,7.241,36.394,37.702,1.000,0.000,0.0000
545.360,-59.762,37.541,0.353,7.391,36.468,37.773,1.000,0.000,0.0000
545.370,-59.687,37.542,0.352,7.496,36.543,37.845,1.000,0.000,0.0000
545.380,-59.611,37.543,0.352,7.581,36.619,37.918,1.000,0.000,0.0000
545.390,-59.535,37.544,0.351,7.649,36.695,37.991,1.000,0.000,0.0000
545.400,-59.458,37.544,0.351,7.725,36.772,38.066,1.000,0.000,0.0000
545.410,-59.380,37.545,0.350,7.790,36.850,38.141,1.000,0.000,0.0000
545.420,-59.301,37.545,0.350,7.846,36.929,38.216,1.000,0.000,0.0000
545.430,-59.222,37.545,0.349,7.896,37.008,38.292,1.000,0.000,0.0000
545.440,-59.143,37.545,0.349,7.942,37.087,38.369,1.000,0.000,0.0000
545.450,-59.063,37.545,0.348,7.986,37.167,38.446,1.000,0.000,0.0000
545.460,-58.983,37.545,0.348,8.029,37.247,38.523,1.000,0.000,0.0000
545.470,-58.902,37.544,0.347,8.072,37.328,38.600,1.000,0.000,0.0000
545.480,-58.821,37.544,0.347,8.114,37.409,38.679,1.000,0.000,0.0000
545.490,-58.739,37.543,0.347,8.156,37.491,38.757,1.000,0.000,0.0000
545.500,-58.657,37.543,0.347,8.197,37.573,38.836,1.000,0.000,0.0000
545.510,-58.575,37.542,0.347,8.237,37.655,38.915,1.000,0.000,0.0000
545.520,-58.492,37.542,0.347,8.275,37.738,38.995,1.000,0.000,0.0000
545.530,-58.409,37.541,0.347,8.311,37.821,39.075,1.000,0.000,0.0000
545.540,-58.326,37.540,0.347,8.345,37.904,39.155,1.000,0.000,0.0000
545.550,-58.242,37.540,0.347,8.377,37.988,39.235,1.000,0.000,0.0000
545.560,-58.158,37.539,0.347,8.384,38.072,39.316,1.000,0.000,0.0000
545.570,-58.074,37.538,0.348,8.402,38.156,39.397,1.000,0.000,0.0000
545.580,-57.990,37.538,0.348,8.431,38.240,39.478,1.000,0.000,0.0000
545.590,-57.905,37.537,0.348,8.470,38.325,39.559,1.000,0.000,0.0000
545.600,-57.820,37.537,0.349,8.517,38.410,39.641,1.000,0.000,0.0000
545.610,-57.734,37.536,0.349,8.568,38.496,39.724,1.000,0.000,0.0000
545.620,-57.648,37.536,0.349,8.619,38.582,39.807,1.000,0.000,0.0000
545.630,-57.561,37.535,0.350,8.671,38.669,39.890,1.000,0.000,0.0000
545.640,-57.474,37.535,0.350,8.720,38.756,39.974,1.000,0.000,0.0000
545.650,-57.386,37.534,0.350,8.765,38.844,40.058,1.000,0.000,0.0000
545.660,-57.298,37.534,0.350,8.810,38.932,40.143,1.000,0.000,0.0000
545.670,-57.210,37.533,0.349,8.850,39.020,40.229,1.000,0.000,0.0000
545.680,-57.121,37.533,0.347,8.883,39.109,40.315,1.000,0.000,0.0000
545.690,-57.032,37.532,0.344,8.911,39.198,40.402,1.000,0.000,0.0000
545.700,-56.943,37.532,0.341,8.921,39.287,40.489,1.000,0.000,0.0000
545.710,-56.853,37.531,0.337,8.944,39.377,40.576,1.000,0.000,0.0000
545.720,-56.764,37.530,0.333,8.976,39.466,40.663,1.000,0.000,0.0000
545.730,-56.674,37.530,0.329,9.018,39.556,40.751,1.000,0.000,0.0000
545.740,-56.583,37.529,0.326,9.066,39.647,40.840,1.000,0.000,0.0000
545.750,-56.492,37.528,0.322,9.116,39.738,40.929,1.000,0.000,0.0000
545.760,-56.400,37.527,0.318,9.167,39.830,41.018,1.000,0.000,0.0000
545.770,-56.308,37.526,0.314,9.217,39.922,41.108,1.000,0.000,0.0000
545.780,-56.216,37.525,0.311,9.264,40.014,41.198,1.000,0.000,0.0000
545.790,-56.123,37.524,0.308,9.309,40.107,41.289,1.000,0.000,0.0000
545.800,-56.029,37.523,0.305,9.349,40.201,41.380,1.000,0.000,0.0000
545.810,-55.935,37.522,0.302,9.387,40.295,41.471,1.000,0.000,0.0000
545.820,-55.841,37.521,0.300,9.420,40.389,41.563,1.000,0.000,0.0000
545.830,-55.747,37.520,0.298,9.448,40.483,41.655,1.000,0.000,0.0000
545.840,-55.652,37.519,0.297,9.460,40.578,41.746,1.000,0.000,0.0000
545.850,-55.557,37.518,0.296,9.501,40.673,41.838,1.000,0.000,0.0000
545.860,-55.462,37.517,0.295,9.550,40.768,41.931,1.000,0.000,0.0000
545.870,-55.366,37.516,0.294,9.605,40.864,42.024,1.000,0.000,0.0000
545.880,-55.269,37.515,0.294,9.661,40.961,42.118,1.000,0.000,0.0000
545.890,-55.172,37.514,0.294,9.716,41.058,42.212,1.000,0.000,0.0000
545.900,-55.074,37.513,0.294,9.767,41.156,42.306,1.000,0.000,0.0000
545.910,-54.976,37.512,0.294,9.815,41.254,42.401,1.000,0.000,0.0000
545.920,-54.878,37.511,0.295,9.858,41.352,42.496,1.000,0.000,0.0000
545.930,-54.779,37.510,0.296,9.897,41.451,42.592,1.000,0.000,0.0000
545.940,-54.679,37.510,0.297,9.931,41.551,42.688,1.000,0.000,0.0000
545.950,-54.580,37.509,0.298,9.956,41.650,42.784,1.000,0.000,0.0000
545.960,-54.480,37.508,0.299,9.967,41.750,42.880,1.000,0.000,0.0000
545.970,-54.380,37.507,0.300,10.006,41.850,42.976,1.000,0.000,0.0000
545.980,-54.279,37.506,0.302,10.053,41.951,43.073,1.000,0.000,0.0000
545.990,-54.178,37.505,0.303,10.105,42.052,43.171,1.000,0.000,0.0000
546.000,-54.077,37.504,0.305,10.159,42.153,43.269,1.000,0.000,0.0000
546.010,-53.975,37.503,0.306,10.212,42.255,43.368,1.000,0.000,0.0000
546.020,-53.872,37.502,0.307,10.261,42.358,43.467,1.000,0.000,0.0000
546.030,-53.769,37.501,0.308,10.306,42.461,43.566,1.000,0.000,0.0000
546.040,-53.666,37.500,0.310,10.346,42.564,43.666,1.000,0.000,0.0000
546.050,-53.562,37.498,0.311,10.381,42.668,43.767,1.000,0.000,0.0000
546.060,-53.458,37.497,0.312,10.411,42.772,43.867,1.000,0.000,0.0000
546.070,-53.353,37.496,0.313,10.428,42.877,43.968,1.000,0.000,0.0000
546.080,-53.249,37.495,0.313,10.454,42.981,44.069,1.000,0.000,0.0000
546.090,-53.144,37.494,0.314,10.491,43.086,44.171,1.000,0.000,0.0000
546.100,-53.039,37.493,0.315,10.536,43.191,44.273,1.000,0.000,0.0000
546.110,-52.933,37.492,0.315,10.586,43.297,44.376,1.000,0.000,0.0000
546.120,-52.826,37.491,0.316,10.637,43.404,44.479,1.000,0.000,0.0000
546.130,-52.720,37.490,0.316,10.686,43.510,44.583,1.000,0.000,0.0000
546.140,-52.612,37.489,0.316,10.732,43.618,44.687,1.000,0.000,0.0000
546.150,-52.504,37.488,0.316,10.773,43.726,44.791,1.000,0.000,0.0000
546.160,-52.396,37.487,0.316,10.809,43.834,44.896,1.000,0.000,0.0000
546.170,-52.288,37.486,0.316,10.839,43.942,45.002,1.000,0.000,0.0000
546.180,-52.179,37.485,0.315,10.861,44.051,45.107,1.000,0.000,0.0000
546.190,-52.071,37.483,0.315,10.886,44.159,45.213,1.000,0.000,0.0000
546.200,-51.961,37.482,0.315,10.921,44.269,45.319,1.000,0.000,0.0000
546.210,-51.852,37.481,0.315,10.965,44.378,45.426,1.000,0.000,0.0000
546.220,-51.742,37.480,0.314,11.014,44.488,45.533,1.000,0.000,0.0000
546.230,-51.631,37.479,0.314,11.065,44.599,45.641,1.000,0.000,0.0000
546.240,-51.520,37.478,0.313,11.115,44.710,45.749,1.000,0.000,0.0000
546.250,-51.408,37.476,0.313,11.150,44.822,45.857,1.000,0.000,0.0000
546.260,-51.297,37.475,0.312,11.169,44.933,45.966,1.000,0.000,0.0000
546.270,-51.185,37.474,0.312,11.174,45.045,46.075,1.000,0.000,0.0000
546.280,-51.073,37.473,0.312,11.169,45.157,46.184,1.000,0.000,0.0000
546.290,-50.962,37.471,0.312,11.150,45.268,46.292,1.000,0.000,0.0000
546.300,-50.850,37.470,0.312,11.139,45.380,46.400,1.000,0.000,0.0000
546.310,-50.739,37.469,0.312,11.139,45.491,46.509,1.000,0.000,0.0000
546.320,-50.627,37.468,0.312,11.147,45.603,46.617,1.000,0.000,0.0000
546.330,-50.516,37.466,0.312,11.159,45.714,46.726,1.000,0.000,0.0000
546.340,-50.404,37.465,0.312,11.171,45.826,46.835,1.000,0.000,0.0000
546.350,-50.292,37.464,0.313,11.181,45.938,46.943,1.000,0.000,0.0000
546.360,-50.180,37.463,0.313,11.187,46.050,47.052,1.000,0.000,0.0000
546.370,-50.069,37.462,0.313,11.187,46.162,47.161,1.000,0.000,0.0000
546.380,-49.957,37.461,0.314,11.182,46.273,47.270,1.000,0.000,0.0000
546.390,-49.845,37.460,0.314,11.170,46.385,47.379,1.000,0.000,0.0000
546.400,-49.733,37.459,0.314,11.152,46.497,47.487,1.000,0.000,0.0000
546.410,-49.622,37.458,0.315,11.144,46.608,47.596,1.000,0.000,0.0000
546.420,-49.511,37.456,0.315,11.145,46.719,47.704,1.000,0.000,0.0000
546.430,-49.399,37.455,0.316,11.152,46.831,47.813,1.000,0.000,0.0000
546.440,-49.287,37.454,0.316,11.163,46.943,47.921,1.000,0.000,0.0000
546.450,-49.176,37.453,0.317,11.173,47.054,48.030,1.000,0.000,0.0000
546.460,-49.064,37.451,0.317,11.180,47.166,48.139,1.000,0.000,0.0000
546.470,-48.952,37.450,0.317,11.182,47.278,48.248,1.000,0.000,0.0000
546.480,-48.840,37.448,0.318,11.179,47.390,48.357,1.000,0.000,0.0000
546.490,-48.729,37.447,0.318,11.171,47.501,48.466,1.000,0.000,0.0000
546.500,-48.617,37.446,0.318,11.146,47.613,48.575,1.000,0.000,0.0000
546.510,-48.506,37.444,0.318,11.132,47.724,48.683,1.000,0.000,0.0000
546.520,-48.395,37.443,0.319,11.128,47.835,48.792,1.000,0.000,0.0000
546.530,-48.283,37.442,0.319,11.134,47.947,48.900,1.000,0.000,0.0000
546.540,-48.172,37.441,0.319,11.144,48.058,49.009,1.000,0.000,0.0000
546.550,-48.060,37.439,0.319,11.156,48.170,49.118,1.000,0.000,0.0000
546.560,-47.949,37.438,0.319,11.166,48.281,49.227,1.000,0.000,0.0000
546.570,-47.837,37.437,0.319,11.173,48.393,49.336,1.000,0.000,0.0000
546.580,-47.725,37.436,0.319,11.174,48.505,49.445,1.000,0.000,0.0000
546.590,-47.613,37.435,0.319,11.169,48.617,49.554,1.000,0.000,0.0000
546.600,-47.502,37.434,0.319,11.160,48.728,49.663,1.000,0.000,0.0000
546.610,-47.390,37.432,0.319,11.139,48.840,49.772,1.000,0.000,0.0000
546.620,-47.279,37.431,0.319,11.127,48.951,49.881,1.000,0.000,0.0000
546.630,-47.168,37.430,0.318,11.127,49.062,49.989,1.000,0.000,0.0000
546.640,-47.056,37.429,0.318,11.134,49.174,50.098,1.000,0.000,0.0000
546.650,-46.945,37.427,0.318,11.145,49.285,50.207,1.000,0.000,0.0000
546.660,-46.833,37.426,0.318,11.156,49.397,50.316,1.000,0.000,0.0000
546.670,-46.722,37.425,0.318,11.165,49.508,50.425,1.000,0.000,0.0000
546.680,-46.610,37.423,0.318,11.170,49.620,50.534,1.000,0.000,0.0000
546.690,-46.498,37.422,0.317,11.170,49.732,50.644,1.000,0.000,0.0000
546.700,-46.387,37.420,0.317,11.165,49.843,50.753,1.000,0.000,0.0000
546.710,-46.275,37.419,0.317,11.139,49.955,50.862,1.000,0.000,0.0000
546.720,-46.164,37.417,0.317,11.125,50.066,50.971,1.000,0.000,0.0000
546.730,-46.053,37.416,0.317,11.122,50.177,51.079,1.000,0.000,0.0000
546.740,-45.942,37.415,0.317,11.127,50.288,51.188,1.000,0.000,0.0000
546.750,-45.830,37.414,0.317,11.138,50.400,51.297,1.000,0.000,0.0000
546.760,-45.719,37.412,0.317,11.151,50.511,51.406,1.000,0.000,0.0000
546.770,-45.607,37.411,0.316,11.163,50.623,51.515,1.000,0.000,0.0000
546.780,-45.495,37.410,0.316,11.171,50.735,51.625,1.000,0.000,0.0000
546.790,-45.384,37.409,0.316,11.174,50.846,51.734,1.000,0.000,0.0000
546.800,-45.272,37.407,0.316,11.172,50.958,51.843,1.000,0.000,0.0000
546.810,-45.160,37.406,0.316,11.165,51.070,51.953,1.000,0.000,0.0000
546.820,-45.049,37.405,0.316,11.141,51.181,52.062,1.000,0.000,0.0000
546.830,-44.938,37.404,0.316,11.128,51.292,52.171,1.000,0.000,0.0000
546.840,-44.826,37.402,0.316,11.126,51.404,52.279,1.000,0.000,0.0000
546.850,-44.715,37.401,0.316,11.131,51.515,52.388,1.000,0.000,0.0000
546.860,-44.604,37.400,0.316,11.142,51.626,52.497,1.000,0.000,0.0000
546.870,-44.492,37.398,0.316,11.154,51.738,52.607,1.000,0.000,0.0000
546.880,-44.380,37.397,0.316,11.164,51.850,52.716,1.000,0.000,0.0000
546.890,-44.269,37.395,0.316,11.171,51.961,52.825,1.000,0.000,0.0000
546.900,-44.157,37.394,0.316,11.172,52.073,52.935,1.000,0.000,0.0000
546.910,-44.045,37.392,0.316,11.169,52.185,53.044,1.000,0.000,0.0000
546.920,-43.934,37.391,0.316,11.151,52.296,53.153,1.000,0.000,0.0000
546.930,-43.822,37.389,0.317,11.132,52.408,53.262,1.000,0.000,0.0000
546.940,-43.711,37.388,0.317,11.124,52.519,53.371,1.000,0.000,0.0000
546.950,-43.600,37.386,0.317,11.126,52.630,53.480,1.000,0.000,0.0000
546.960,-43.489,37.385,0.317,11.135,52.741,53.589,1.000,0.000,0.0000
546.970,-43.377,37.384,0.317,11.146,52.853,53.699,1.000,0.000,0.0000
546.980,-43.266,37.382,0.317,11.158,52.964,53.808,1.000,0.000,0.0000
546.990,-43.154,37.381,0.317,11.167,53.076,53.917,1.000,0.000,0.0000
547.000,-43.042,37.380,0.317,11.172,53.188,54.027,1.000,0.000,0.0000
547.010,-42.930,37.379,0.317,11.172,53.300,54.136,1.000,0.000,0.0000
547.020,-42.819,37.377,0.317,11.166,53.411,54.246,1.000,0.000,0.0000
547.030,-42.707,37.376,0.317,11.141,53.523,54.355,1.000,0.000,0.0000
547.040,-42.596,37.375,0.317,11.126,53.634,54.464,1.000,0.000,0.0000
547.050,-42.485,37.373,0.317,11.123,53.745,54.573,1.000,0.000,0.0000
547.060,-42.374,37.372,0.317,11.128,53.856,54.682,1.000,0.000,0.0000
547.070,-42.262,37.370,0.317,11.138,53.968,54.792,1.000,0.000,0.0000
547.080,-42.151,37.369,0.317,11.150,54.079,54.901,1.000,0.000,0.0000
547.090,-42.039,37.368,0.317,11.161,54.191,55.010,1.000,0.000,0.0000
547.100,-41.927,37.366,0.317,11.168,54.303,55.120,1.000,0.000,0.0000
547.110,-41.816,37.364,0.317,11.171,54.414,55.230,1.000,0.000,0.0000
547.120,-41.704,37.363,0.317,11.169,54.526,55.339,1.000,0.000,0.0000
547.130,-41.592,37.361,0.317,11.161,54.638,55.449,1.000,0.000,0.0000
547.140,-41.481,37.360,0.317,11.139,54.749,55.558,1.000,0.000,0.0000
547.150,-41.370,37.358,0.317,11.127,54.860,55.667,1.000,0.000,0.0000
547.160,-41.259,37.357,0.317,11.124,54.971,55.776,1.000,0.000,0.0000
547.170,-41.147,37.355,0.317,11.130,55.083,55.886,1.000,0.000,0.0000
547.180,-41.036,37.354,0.317,11.140,55.194,55.995,1.000,0.000,0.0000
547.190,-40.924,37.352,0.317,11.152,55.306,56.104,1.000,0.000,0.0000
547.200,-40.813,37.351,0.317,11.162,55.417,56.214,1.000,0.000,0.0000
547.210,-40.701,37.350,0.317,11.168,55.529,56.324,1.000,0.000,0.0000
547.220,-40.589,37.348,0.317,11.169,55.641,56.433,1.000,0.000,0.0000
547.230,-40.478,37.347,0.317,11.165,55.752,56.543,1.000,0.000,0.0000
547.240,-40.366,37.346,0.317,11.157,55.864,56.653,1.000,0.000,0.0000
547.250,-40.255,37.344,0.317,11.138,55.975,56.762,1.000,0.000,0.0000
547.260,-40.143,37.343,0.317,11.128,56.087,56.871,1.000,0.000,0.0000
547.270,-40.032,37.341,0.317,11.127,56.198,56.981,1.000,0.000,0.0000
547.280,-39.921,37.340,0.317,11.134,56.309,57.090,1.000,0.000,0.0000
547.290,-39.809,37.338,0.317,11.144,56.421,57.199,1.000,0.000,0.0000
547.300,-39.698,37.337,0.317,11.155,56.532,57.309,1.000,0.000,0.0000
547.310,-39.586,37.335,0.317,11.163,56.644,57.419,1.000,0.000,0.0000
547.320,-39.475,37.334,0.317,11.167,56.755,57.528,1.000,0.000,0.0000
547.330,-39.363,37.332,0.317,11.167,56.867,57.638,1.000,0.000,0.0000
547.340,-39.251,37.330,0.317,11.162,56.979,57.748,1.000,0.000,0.0000
547.350,-39.140,37.329,0.317,11.138,57.090,57.857,1.000,0.000,0.0000
547.360,-39.029,37.327,0.317,11.125,57.201,57.967,1.000,0.000,0.0000
547.370,-38.917,37.326,0.317,11.122,57.313,58.076,1.000,0.000,0.0000
547.380,-38.806,37.324,0.317,11.127,57.424,58.185,1.000,0.000,0.0000
547.390,-38.695,37.323,0.317,11.137,57.535,58.295,1.000,0.000,0.0000
547.400,-38.583,37.321,0.317,11.149,57.647,58.404,1.000,0.000,0.0000
547.410,-38.472,37.320,0.317,11.159,57.758,58.514,1.000,0.000,0.0000
547.420,-38.360,37.319,0.317,11.167,57.870,58.624,1.000,0.000,0.0000
547.430,-38.248,37.317,0.317,11.169,57.982,58.734,1.000,0.000,0.0000
547.440,-38.137,37.316,0.317,11.167,58.093,58.843,1.000,0.000,0.0000
547.450,-38.025,37.314,0.317,11.160,58.205,58.953,1.000,0.000,0.0000
547.460,-37.914,37.313,0.317,11.139,58.316,59.063,1.000,0.000,0.0000
547.470,-37.802,37.311,0.317,11.126,58.428,59.172,1.000,0.000,0.0000
547.480,-37.691,37.310,0.317,11.124,58.539,59.282,1.000,0.000,0.0000
547.490,-37.580,37.308,0.317,11.129,58.650,59.391,1.000,0.000,0.0000
547.500,-37.469,37.307,0.317,11.138,58.761,59.501,1.000,0.000,0.0000
547.510,-37.357,37.305,0.317,11.149,58.873,59.610,1.000,0.000,0.0000
547.520,-37.245,37.303,0.317,11.158,58.985,59.720,1.000,0.000,0.0000
547.530,-37.134,37.302,0.317,11.164,59.096,59.830,1.000,0.000,0.0000
547.540,-37.022,37.300,0.317,11.166,59.208,59.940,1.000,0.000,0.0000
547.550,-36.911,37.298,0.317,11.162,59.319,60.050,1.000,0.000,0.0000
547.560,-36.799,37.297,0.317,11.147,59.431,60.159,1.000,0.000,0.0000
547.570,-36.688,37.295,0.317,11.130,59.542,60.269,1.000,0.000,0.0000
547.580,-36.577,37.293,0.317,11.122,59.653,60.378,1.000,0.000,0.0000
547.590,-36.465,37.292,0.317,11.124,59.765,60.488,1.000,0.000,0.0000
547.600,-36.354,37.290,0.317,11.131,59.876,60.597,1.000,0.000,0.0000
547.610,-36.243,37.289,0.317,11.142,59.987,60.707,1.000,0.000,0.0000
547.620,-36.131,37.287,0.317,11.153,60.099,60.817,1.000,0.000,0.0000
547.630,-36.019,37.286,0.317,11.161,60.211,60.927,1.000,0.000,0.0000
547.640,-35.908,37.284,0.317,11.166,60.322,61.037,1.000,0.000,0.0000
547.650,-35.796,37.283,0.317,11.165,60.434,61.146,1.000,0.000,0.0000
547.660,-35.685,37.281,0.317,11.160,60.545,61.256,1.000,0.000,0.0000
547.670,-35.573,37.280,0.317,11.137,60.657,61.366,1.000,0.000,0.0000
547.680,-35.462,37.278,0.317,11.123,60.768,61.476,1.000,0.000,0.0000
547.690,-35.351,37.277,0.317,11.119,60.879,61.585,1.000,0.000,0.0000
547.700,-35.239,37.275,0.317,11.123,60.991,61.695,1.000,0.000,0.0000
547.710,-35.128,37.273,0.317,11.133,61.102,61.804,1.000,0.000,0.0000
547.720,-35.017,37.272,0.317,11.144,61.213,61.914,1.000,0.000,0.0000
547.730,-34.905,37.270,0.317,11.154,61.325,62.024,1.000,0.000,0.0000
547.740,-34.794,37.268,0.317,11.161,61.436,62.134,1.000,0.000,0.0000
547.750,-34.682,37.267,0.317,11.164,61.548,62.244,1.000,0.000,0.0000
547.760,-34.570,37.265,0.317,11.163,61.660,62.354,1.000,0.000,0.0000
547.770,-34.459,37.263,0.317,11.149,61.771,62.464,1.000,0.000,0.0000
547.780,-34.347,37.261,0.317,11.132,61.883,62.573,1.000,0.000,0.0000
547.790,-34.236,37.260,0.317,11.122,61.994,62.683,1.000,0.000,0.0000
547.800,-34.125,37.258,0.317,11.121,62.105,62.792,1.000,0.000,0.0000
547.810,-34.014,37.256,0.317,11.127,62.216,62.902,1.000,0.000,0.0000
547.820,-33.902,37.255,0.317,11.138,62.328,63.012,1.000,0.000,0.0000
547.830,-33.791,37.253,0.317,11.148,62.439,63.122,1.000,0.000,0.0000
547.840,-33.679,37.252,0.317,11.158,62.551,63.232,1.000,0.000,0.0000
547.850,-33.568,37.250,0.317,11.163,62.662,63.342,1.000,0.000,0.0000
547.860,-33.456,37.249,0.317,11.165,62.774,63.452,1.000,0.000,0.0000
547.870,-33.344,37.247,0.317,11.161,62.886,63.562,1.000,0.000,0.0000
547.880,-33.233,37.246,0.317,11.147,62.997,63.672,1.000,0.000,0.0000
547.890,-33.122,37.244,0.317,11.130,63.108,63.781,1.000,0.000,0.0000
547.900,-33.010,37.242,0.317,11.123,63.220,63.891,1.000,0.000,0.0000
547.910,-32.899,37.241,0.317,11.124,63.331,64.001,1.000,0.000,0.0000
547.920,-32.788,37.239,0.317,11.130,63.442,64.110,1.000,0.000,0.0000
547.930,-32.677,37.237,0.317,11.140,63.553,64.220,1.000,0.000,0.0000
547.940,-32.565,37.236,0.317,11.150,63.665,64.330,1.000,0.000,0.0000
547.950,-32.453,37.234,0.317,11.158,63.777,64.440,1.000,0.000,0.0000
547.960,-32.342,37.232,0.317,11.162,63.888,64.550,1.000,0.000,0.0000
547.970,-32.230,37.230,0.317,11.162,64.000,64.660,1.000,0.000,0.0000
547.980,-32.119,37.228,0.317,11.157,64.111,64.771,1.000,0.000,0.0000
547.990,-32.007,37.227,0.317,11.137,64.223,64.880,1.000,0.000,0.0000
548.000,-31.896,37.225,0.317,11.124,64.334,64.990,1.000,0.000,0.0000
548.010,-31.785,37.223,0.317,11.120,64.445,65.100,1.000,0.000,0.0000
548.020,-31.674,37.221,0.317,11.124,64.556,65.209,1.000,0.000,0.0000
548.030,-31.562,37.220,0.317,11.133,64.668,65.319,1.000,0.000,0.0000
548.040,-31.451,37.218,0.317,11.143,64.779,65.429,1.000,0.000,0.0000
548.050,-31.339,37.216,0.317,11.153,64.891,65.539,1.000,0.000,0.0000
548.060,-31.228,37.215,0.317,11.160,65.002,65.649,1.000,0.000,0.0000
548.070,-31.116,37.213,0.317,11.162,65.114,65.759,1.000,0.000,0.0000
548.080,-31.004,37.212,0.317,11.161,65.226,65.870,1.000,0.000,0.0000
548.090,-30.893,37.210,0.317,11.148,65.337,65.980,1.000,0.000,0.0000
548.100,-30.782,37.208,0.317,11.130,65.448,66.089,1.000,0.000,0.0000
548.110,-30.670,37.207,0.317,11.121,65.560,66.199,1.000,0.000,0.0000
548.120,-30.559,37.205,0.317,11.120,65.671,66.309,1.000,0.000,0.0000
548.130,-30.448,37.203,0.317,11.125,65.782,66.419,1.000,0.000,0.0000
548.140,-30.337,37.201,0.317,11.135,65.893,66.529,1.000,0.000,0.0000
548.150,-30.225,37.200,0.317,11.145,66.005,66.639,1.000,0.000,0.0000
548.160,-30.114,37.198,0.317,11.154,66.116,66.749,1.000,0.000,0.0000
548.170,-30.002,37.196,0.317,11.159,66.228,66.859,1.000,0.000,0.0000
548.180,-29.890,37.194,0.317,11.160,66.340,66.969,1.000,0.000,0.0000
548.190,-29.779,37.192,0.317,11.157,66.451,67.079,1.000,0.000,0.0000
548.200,-29.668,37.190,0.317,11.136,66.562,67.189,1.000,0.000,0.0000
548.210,-29.556,37.188,0.317,11.124,66.674,67.299,1.000,0.000,0.0000
548.220,-29.445,37.187,0.317,11.120,66.785,67.409,1.000,0.000,0.0000
548.230,-29.334,37.185,0.317,11.122,66.896,67.519,1.000,0.000,0.0000
548.240,-29.223,37.183,0.317,11.130,67.007,67.628,1.000,0.000,0.0000
548.250,-29.111,37.182,0.317,11.140,67.119,67.738,1.000,0.000,0.0000
548.260,-29.000,37.180,0.317,11.150,67.230,67.849,1.000,0.000,0.0000
548.270,-28.888,37.178,0.317,11.157,67.342,67.959,1.000,0.000,0.0000
548.280,-28.777,37.177,0.317,11.161,67.454,68.069,1.000,0.000,0.0000
548.290,-28.665,37.175,0.317,11.161,67.565,68.179,1.000,0.000,0.0000
548.300,-28.553,37.173,0.317,11.149,67.677,68.289,1.000,0.000,0.0000
548.310,-28.442,37.172,0.317,11.130,67.788,68.399,1.000,0.000,0.0000
548.320,-28.331,37.170,0.317,11.119,67.899,68.509,1.000,0.000,0.0000
548.330,-28.220,37.168,0.317,11.116,68.010,68.619,1.000,0.000,0.0000
548.340,-28.109,37.166,0.317,11.121,68.121,68.729,1.000,0.000,0.0000
548.350,-27.997,37.164,0.317,11.129,68.233,68.839,1.000,0.000,0.0000
548.360,-27.886,37.163,0.317,11.139,68.344,68.949,1.000,0.000,0.0000
548.370,-27.774,37.161,0.317,11.149,68.456,69.059,1.000,0.000,0.0000
548.380,-27.663,37.159,0.317,11.155,68.567,69.169,1.000,0.000,0.0000
548.390,-27.551,37.157,0.317,11.158,68.679,69.279,1.000,0.000,0.0000
548.400,-27.440,37.155,0.317,11.156,68.790,69.390,1.000,0.000,0.0000
548.410,-27.328,37.153,0.317,11.145,68.902,69.500,1.000,0.000,0.0000
548.420,-27.217,37.151,0.317,11.128,69.013,69.610,1.000,0.000,0.0000
548.430,-27.106,37.149,0.317,11.120,69.124,69.719,1.000,0.000,0.0000
548.440,-26.995,37.147,0.317,11.119,69.235,69.829,1.000,0.000,0.0000
548.450,-26.883,37.145,0.317,11.124,69.347,69.939,1.000,0.000,0.0000
548.460,-26.772,37.144,0.317,11.134,69.458,70.049,1.000,0.000,0.0000
548.470,-26.661,37.142,0.317,11.143,69.569,70.159,1.000,0.000,0.0000
548.480,-26.549,37.140,0.317,11.152,69.681,70.270,1.000,0.000,0.0000
548.490,-26.437,37.138,0.317,11.157,69.793,70.380,1.000,0.000,0.0000
548.500,-26.326,37.137,0.317,11.158,69.904,70.490,1.000,0.000,0.0000
548.510,-26.214,37.135,0.317,11.156,70.016,70.600,1.000,0.000,0.0000
548.520,-26.103,37.133,0.317,11.135,70.127,70.711,1.000,0.000,0.0000
548.530,-25.992,37.131,0.317,11.123,70.238,70.821,1.000,0.000,0.0000
548.540,-25.881,37.130,0.317,11.120,70.349,70.930,1.000,0.000,0.0000
548.550,-25.769,37.128,0.317,11.121,70.461,71.040,1.000,0.000,0.0000
548.560,-25.658,37.126,0.317,11.128,70.572,71.150,1.000,0.000,0.0000
548.570,-25.547,37.124,0.317,11.137,70.683,71.260,1.000,0.000,0.0000
548.580,-25.435,37.122,0.317,11.146,70.795,71.371,1.000,0.000,0.0000
548.590,-25.324,37.120,0.317,11.153,70.906,71.481,1.000,0.000,0.0000
548.600,-25.212,37.118,0.317,11.157,71.018,71.591,1.000,0.000,0.0000
548.610,-25.101,37.116,0.317,11.157,71.129,71.702,1.000,0.000,0.0000
548.620,-24.989,37.114,0.317,11.146,71.241,71.812,1.000,0.000,0.0000
548.630,-24.878,37.112,0.317,11.129,71.352,71.922,1.000,0.000,0.0000
548.640,-24.767,37.110,0.317,11.119,71.463,72.032,1.000,0.000,0.0000
548.650,-24.655,37.108,0.317,11.116,71.575,72.142,1.000,0.000,0.0000
548.660,-24.544,37.106,0.317,11.120,71.686,72.252,1.000,0.000,0.0000
548.670,-24.433,37.105,0.317,11.129,71.797,72.362,1.000,0.000,0.0000
548.680,-24.322,37.103,0.317,11.138,71.908,72.472,1.000,0.000,0.0000
548.690,-24.210,37.101,0.317,11.147,72.020,72.582,1.000,0.000,0.0000
548.700,-24.099,37.099,0.317,11.154,72.131,72.693,1.000,0.000,0.0000
548.710,-23.987,37.097,0.317,11.156,72.243,72.803,1.000,0.000,0.0000
548.720,-23.875,37.095,0.317,11.155,72.355,72.913,1.000,0.000,0.0000
548.730,-23.764,37.094,0.317,11.143,72.466,73.023,1.000,0.000,0.0000
548.740,-23.653,37.092,0.317,11.128,72.577,73.134,1.000,0.000,0.0000
548.750,-23.542,37.090,0.317,11.119,72.688,73.244,1.000,0.000,0.0000
548.760,-23.430,37.088,0.317,11.118,72.800,73.354,1.000,0.000,0.0000
548.770,-23.319,37.086,0.317,11.123,72.911,73.464,1.000,0.000,0.0000
548.780,-23.208,37.084,0.317,11.131,73.022,73.574,1.000,0.000,0.0000
548.790,-23.096,37.082,0.317,11.140,73.134,73.684,1.000,0.000,0.0000
548.800,-22.985,37.080,0.317,11.148,73.245,73.794,1.000,0.000,0.0000
548.810,-22.873,37.078,0.317,11.153,73.357,73.905,1.000,0.000,0.0000
548.820,-22.762,37.076,0.317,11.148,73.468,74.015,1.000,0.000,0.0000
548.830,-22.651,37.074,0.317,11.140,73.579,74.125,1.000,0.000,0.0000
548.840,-22.539,37.072,0.317,11.123,73.691,74.235,1.000,0.000,0.0000
548.850,-22.428,37.070,0.317,11.113,73.802,74.345,1.000,0.000,0.0000
548.860,-22.317,37.068,0.317,11.113,73.913,74.455,1.000,0.000,0.0000
548.870,-22.206,37.066,0.317,11.117,74.024,74.565,1.000,0.000,0.0000
548.880,-22.095,37.064,0.317,11.126,74.135,74.675,1.000,0.000,0.0000
548.890,-21.983,37.062,0.317,11.136,74.247,74.785,1.000,0.000,0.0000
548.900,-21.872,37.060,0.317,11.145,74.358,74.896,1.000,0.000,0.0000
548.910,-21.760,37.059,0.317,11.152,74.470,75.006,1.000,0.000,0.0000
548.920,-21.649,37.057,0.317,11.154,74.581,75.117,1.000,0.000,0.0000
548.930,-21.537,37.055,0.317,11.147,74.693,75.227,1.000,0.000,0.0000
548.940,-21.426,37.053,0.317,11.138,74.804,75.337,1.000,0.000,0.0000
548.950,-21.315,37.051,0.317,11.122,74.915,75.447,1.000,0.000,0.0000
548.960,-21.204,37.049,0.317,11.114,75.026,75.557,1.000,0.000,0.0000
548.970,-21.092,37.047,0.317,11.114,75.138,75.667,1.000,0.000,0.0000
548.980,-20.981,37.045,0.317,11.118,75.249,75.777,1.000,0.000,0.0000
548.990,-20.870,37.043,0.317,11.126,75.360,75.887,1.000,0.000,0.0000
549.000,-20.759,37.041,0.317,11.135,75.471,75.998,1.000,0.000,0.0000
549.010,-20.647,37.039,0.317,11.144,75.583,76.108,1.000,0.000,0.0000
549.020,-20.536,37.037,0.317,11.150,75.694,76.218,1.000,0.000,0.0000
549.030,-20.424,37.035,0.317,11.146,75.806,76.329,1.000,0.000,0.0000
549.040,-20.313,37.033,0.317,11.140,75.917,76.439,1.000,0.000,0.0000
549.050,-20.201,37.031,0.317,11.131,76.029,76.549,1.000,0.000,0.0000
549.060,-20.090,37.028,0.317,11.119,76.140,76.659,1.000,0.000,0.0000
549.070,-19.979,37.026,0.317,11.114,76.251,76.769,1.000,0.000,0.0000
549.080,-19.868,37.024,0.317,11.115,76.362,76.880,1.000,0.000,0.0000
549.090,-19.757,37.022,0.317,11.121,76.473,76.990,1.000,0.000,0.0000
549.100,-19.645,37.020,0.317,11.130,76.585,77.100,1.000,0.000,0.0000
549.110,-19.534,37.018,0.317,11.139,76.696,77.210,1.000,0.000,0.0000
549.120,-19.423,37.016,0.317,11.147,76.807,77.321,1.000,0.000,0.0000
549.130,-19.311,37.014,0.317,11.152,76.919,77.431,1.000,0.000,0.0000
549.140,-19.200,37.013,0.317,11.147,77.030,77.541,1.000,0.000,0.0000
549.150,-19.088,37.011,0.317,11.139,77.142,77.652,1.000,0.000,0.0000
549.160,-18.977,37.009,0.317,11.123,77.253,77.762,1.000,0.000,0.0000
549.170,-18.866,37.007,0.317,11.112,77.364,77.872,1.000,0.000,0.0000
549.180,-18.755,37.005,0.317,11.112,77.475,77.982,1.000,0.000,0.0000
549.190,-18.644,37.003,0.317,11.116,77.586,78.092,1.000,0.000,0.0000
549.200,-18.532,37.001,0.317,11.124,77.698,78.202,1.000,0.000,0.0000
549.210,-18.421,36.999,0.317,11.133,77.809,78.313,1.000,0.000,0.0000
549.220,-18.310,36.996,0.317,11.142,77.920,78.423,1.000,0.000,0.0000
549.230,-18.198,36.994,0.317,11.148,78.032,78.534,1.000,0.000,0.0000
549.240,-18.087,36.992,0.317,11.149,78.143,78.644,1.000,0.000,0.0000
549.250,-17.975,36.990,0.317,11.143,78.255,78.754,1.000,0.000,0.0000
549.260,-17.864,36.988,0.317,11.135,78.366,78.865,1.000,0.000,0.0000
549.270,-17.753,36.986,0.317,11.121,78.477,78.975,1.000,0.000,0.0000
549.280,-17.642,36.983,0.317,11.114,78.588,79.085,1.000,0.000,0.0000
549.290,-17.530,36.981,0.317,11.113,78.700,79.195,1.000,0.000,0.0000
549.300,-17.419,36.979,0.317,11.117,78.811,79.305,1.000,0.000,0.0000
549.310,-17.308,36.977,0.317,11.125,78.922,79.415,1.000,0.000,0.0000
549.320,-17.197,36.975,0.317,11.134,79.033,79.526,1.000,0.000,0.0000
549.330,-17.085,36.973,0.317,11.142,79.145,79.636,1.000,0.000,0.0000
549.340,-16.974,36.971,0.317,11.148,79.256,79.747,1.000,0.000,0.0000
549.350,-16.862,36.969,0.317,11.147,79.368,79.857,1.000,0.000,0.0000
549.360,-16.751,36.967,0.317,11.140,79.479,79.968,1.000,0.000,0.0000
549.370,-16.640,36.965,0.317,11.131,79.590,80.078,1.000,0.000,0.0000
549.380,-16.528,36.963,0.317,11.120,79.702,80.188,1.000,0.000,0.0000
549.390,-16.417,36.961,0.317,11.114,79.813,80.298,1.000,0.000,0.0000
549.400,-16.306,36.959,0.317,11.115,79.924,80.408,1.000,0.000,0.0000
549.410,-16.195,36.957,0.317,11.120,80.035,80.519,1.000,0.000,0.0000
549.420,-16.084,36.955,0.317,11.127,80.146,80.629,1.000,0.000,0.0000
549.430,-15.972,36.952,0.317,11.136,80.258,80.739,1.000,0.000,0.0000
549.440,-15.861,36.950,0.317,11.143,80.369,80.850,1.000,0.000,0.0000
549.450,-15.749,36.948,0.317,11.146,80.481,80.960,1.000,0.000,0.0000
549.460,-15.638,36.946,0.317,11.142,80.592,81.071,1.000,0.000,0.0000
549.470,-15.527,36.944,0.317,11.135,80.703,81.181,1.000,0.000,0.0000
549.480,-15.415,36.941,0.317,11.120,80.815,81.291,1.000,0.000,0.0000
549.490,-15.304,36.939,0.317,11.112,80.926,81.401,1.000,0.000,0.0000
549.500,-15.193,36.937,0.317,11.111,81.037,81.512,1.000,0.000,0.0000
549.510,-15.082,36.935,0.317,11.115,81.148,81.622,1.000,0.000,0.0000
549.520,-14.971,36.932,0.317,11.122,81.259,81.732,1.000,0.000,0.0000
549.530,-14.859,36.930,0.317,11.131,81.371,81.842,1.000,0.000,0.0000
549.540,-14.748,36.928,0.317,11.139,81.482,81.953,1.000,0.000,0.0000
549.550,-14.637,36.926,0.317,11.146,81.593,82.063,1.000,0.000,0.0000
549.560,-14.525,36.924,0.317,11.148,81.705,82.174,1.000,0.000,0.0000
549.570,-14.414,36.922,0.317,11.142,81.816,82.284,1.000,0.000,0.0000
549.580,-14.302,36.920,0.317,11.134,81.928,82.395,1.000,0.000,0.0000
549.590,-14.191,36.918,0.317,11.121,82.039,82.505,1.000,0.000,0.0000
549.600,-14.080,36.916,0.317,11.114,82.150,82.615,1.000,0.000,0.0000
549.610,-13.969,36.914,0.317,11.113,82.261,82.725,1.000,0.000,0.0000
549.620,-13.858,36.911,0.317,11.117,82.372,82.836,1.000,0.000,0.0000
549.630,-13.746,36.909,0.317,11.123,82.484,82.946,1.000,0.000,0.0000
549.640,-13.635,36.907,0.317,11.132,82.595,83.056,1.000,0.000,0.0000
549.650,-13.524,36.905,0.317,11.139,82.706,83.167,1.000,0.000,0.0000
549.660,-13.412,36.903,0.317,11.143,82.818,83.277,1.000,0.000,0.0000
549.670,-13.301,36.900,0.317,11.141,82.929,83.388,1.000,0.000,0.0000
549.680,-13.190,36.898,0.317,11.136,83.040,83.498,1.000,0.000,0.0000
549.690,-13.078,36.896,0.317,11.129,83.152,83.609,1.000,0.000,0.0000
549.700,-12.967,36.893,0.317,11.118,83.263,83.719,1.000,0.000,0.0000
549.710,-12.856,36.891,0.317,11.114,83.374,83.829,1.000,0.000,0.0000
549.720,-12.745,36.889,0.317,11.115,83.485,83.939,1.000,0.000,0.0000
549.730,-12.634,36.887,0.317,11.120,83.596,84.050,1.000,0.000,0.0000
549.740,-12.522,36.884,0.317,11.127,83.708,84.160,1.000,0.000,0.0000
549.750,-12.411,36.882,0.317,11.135,83.819,84.270,1.000,0.000,0.0000
549.760,-12.300,36.880,0.317,11.142,83.930,84.381,1.000,0.000,0.0000
549.770,-12.188,36.878,0.317,11.146,84.042,84.492,1.000,0.000,0.0000
549.780,-12.077,36.876,0.317,11.142,84.153,84.602,1.000,0.000,0.0000
549.790,-11.965,36.874,0.317,11.135,84.265,84.713,1.000,0.000,0.0000
549.800,-11.854,36.871,0.317,11.120,84.376,84.823,1.000,0.000,0.0000
549.810,-11.743,36.869,0.317,11.112,84.487,84.933,1.000,0.000,0.0000
549.820,-11.632,36.867,0.317,11.111,84.598,85.043,1.000,0.000,0.0000
549.830,-11.521,36.865,0.317,11.114,84.709,85.154,1.000,0.000,0.0000
549.840,-11.410,36.863,0.317,11.120,84.820,85.264,1.000,0.000,0.0000
549.850,-11.298,36.860,0.317,11.126,84.932,85.374,1.000,0.000,0.0000
549.860,-11.187,36.858,0.317,11.133,85.043,85.485,1.000,0.000,0.0000
549.870,-11.076,36.856,0.317,11.138,85.154,85.595,1.000,0.000,0.0000
549.880,-10.964,36.853,0.317,11.137,85.266,85.706,1.000,0.000,0.0000
549.890,-10.853,36.851,0.317,11.134,85.377,85.816,1.000,0.000,0.0000
549.900,-10.742,36.849,0.317,11.128,85.488,85.927,1.000,0.000,0.0000
549.910,-10.630,36.846,0.317,11.117,85.600,86.037,1.000,0.000,0.0000
549.920,-10.519,36.844,0.317,11.112,85.711,86.147,1.000,0.000,0.0000
549.930,-10.408,36.842,0.317,11.112,85.822,86.257,1.000,0.000,0.0000
549.940,-10.297,36.839,0.317,11.117,85.933,86.368,1.000,0.000,0.0000
549.950,-10.186,36.837,0.317,11.123,86.044,86.478,0.940,0.000,0.0000
549.960,-10.075,36.835,0.317,11.118,86.155,86.588,0.880,0.000,0.0000
549.970,-9.964,36.833,0.317,11.103,86.266,86.699,0.820,0.000,0.0000
549.980,-9.853,36.830,0.317,11.077,86.377,86.809,0.760,0.000,0.0000
549.990,-9.742,36.828,0.317,11.039,86.488,86.918,0.700,0.000,0.0000
550.000,-9.632,36.826,0.318,10.993,86.598,87.027,0.640,0.000,0.0000
550.010,-9.523,36.824,0.318,10.943,86.707,87.136,0.580,0.000,0.0000
550.020,-9.414,36.822,0.319,10.891,86.816,87.244,0.520,0.000,0.0000
550.030,-9.306,36.820,0.319,10.845,86.924,87.351,0.460,0.000,0.0000
550.040,-9.198,36.817,0.320,10.806,87.032,87.458,0.400,0.000,0.0000
550.050,-9.090,36.815,0.320,10.770,87.140,87.565,0.340,0.000,0.0000
550.060,-8.983,36.813,0.321,10.735,87.247,87.672,0.280,0.000,0.0000
550.070,-8.876,36.811,0.321,10.700,87.354,87.778,0.220,0.000,0.0000
550.080,-8.769,36.808,0.322,10.664,87.461,87.884,0.160,0.000,0.0000
550.090,-8.663,36.806,0.322,10.626,87.567,87.989,0.100,0.000,0.0000
550.100,-8.557,36.804,0.323,10.585,87.673,88.094,0.040,0.000,0.0000
550.110,-8.451,36.801,0.323,10.541,87.779,88.199,0.000,0.000,0.0000
550.120,-8.347,36.799,0.324,10.488,87.883,88.303,0.000,0.000,0.0000
550.130,-8.242,36.797,0.324,10.440,87.988,88.406,0.000,0.000,0.0000
550.140,-8.138,36.795,0.325,10.397,88.092,88.509,0.000,0.000,0.0000
550.150,-8.035,36.792,0.325,10.359,88.195,88.612,0.000,0.000,0.0000
550.160,-7.931,36.790,0.326,10.324,88.299,88.715,0.000,0.000,0.0000
550.170,-7.828,36.788,0.326,10.289,88.402,88.817,0.000,0.000,0.0000
550.180,-7.726,36.786,0.326,10.254,88.504,88.919,0.000,0.000,0.0000
550.190,-7.624,36.784,0.326,10.217,88.606,89.020,0.000,0.000,0.0000
550.200,-7.522,36.782,0.326,10.178,88.708,89.121,0.000,0.000,0.0000
550.210,-7.421,36.780,0.326,10.137,88.809,89.222,0.000,0.000,0.0000
550.220,-7.320,36.778,0.326,10.094,88.910,89.322,0.000,0.000,0.0000
550.230,-7.219,36.776,0.326,10.050,89.011,89.422,0.000,0.000,0.0000
550.240,-7.119,36.774,0.326,9.999,89.111,89.521,0.000,0.000,0.0000
550.250,-7.020,36.771,0.326,9.953,89.210,89.620,0.000,0.000,0.0000
550.260,-6.921,36.769,0.326,9.911,89.309,89.718,0.000,0.000,0.0000
550.270,-6.822,36.767,0.326,9.874,89.408,89.816,0.000,0.000,0.0000
550.280,-6.723,36.765,0.326,9.838,89.507,89.914,0.000,0.000,0.0000
550.290,-6.625,36.763,0.326,9.804,89.605,90.011,0.000,0.000,0.0000
550.300,-6.528,36.761,0.326,9.768,89.702,90.108,0.000,0.000,0.0000
