timestamp_sec,ego_x,ego_y,ego_z,ego_speed_mps,distance_to_intersection_m,distance_to_pedestrian_m,human_throttle,human_brake,human_steering_rad
1063.290,-97.019,-51.554,0.329,0.003,0.790,10.732,0.000,0.000,0.0000
1063.300,-97.019,-51.546,0.328,0.010,0.790,10.732,0.000,0.000,0.0000
1063.310,-97.019,-51.537,0.328,0.016,0.790,10.732,0.000,0.000,0.0000
1063.320,-97.019,-51.530,0.328,0.021,0.790,10.732,0.000,0.000,0.0000
1063.330,-97.019,-51.522,0.328,0.026,0.790,10.733,0.000,0.000,0.0000
1063.340,-97.019,-51.515,0.328,0.030,0.790,10.733,0.000,0.000,0.0000
1063.350,-97.019,-51.509,0.327,0.033,0.790,10.733,0.000,0.000,0.0000
1063.360,-97.019,-51.503,0.327,0.035,0.790,10.734,0.000,0.000,0.0000
1063.370,-97.019,-51.497,0.326,0.037,0.790,10.734,0.000,0.000,0.0000
1063.380,-97.019,-51.492,0.326,0.038,0.790,10.734,0.000,0.000,0.0000
1063.390,-97.019,-51.487,0.326,0.039,0.790,10.735,0.000,0.000,0.0000
1063.400,-97.019,-51.482,0.325,0.039,0.790,10.735,0.000,0.000,0.0000
1063.410,-97.019,-51.478,0.325,0.038,0.790,10.736,0.000,0.000,0.0000
1063.420,-97.019,-51.474,0.325,0.037,0.790,10.736,0.000,0.000,0.0000
1063.430,-97.019,-51.471,0.324,0.036,0.790,10.736,0.000,0.000,0.0000
1063.440,-97.019,-51.468,0.324,0.034,0.790,10.737,0.000,0.000,0.0000
1063.450,-97.019,-51.465,0.324,0.031,0.790,10.737,0.000,0.000,0.0000
1063.460,-97.019,-51.463,0.323,0.029,0.790,10.737,0.000,0.000,0.0000
1063.470,-97.019,-51.461,0.323,0.026,0.790,10.737,0.000,0.000,0.0000
1063.480,-97.019,-51.460,0.323,0.023,0.790,10.738,0.000,0.000,0.0000
1063.490,-97.019,-51.459,0.323,0.020,0.790,10.738,0.000,0.000,0.0000
1063.500,-97.019,-51.458,0.322,0.016,0.790,10.738,0.000,0.000,0.0000
1063.510,-97.019,-51.458,0.322,0.013,0.790,10.738,0.000,0.000,0.0000
1063.520,-97.019,-51.458,0.322,0.014,0.790,10.738,0.000,0.000,0.0000
1063.530,-97.019,-51.458,0.322,0.017,0.790,10.738,0.000,0.000,0.0000
1063.540,-97.019,-51.458,0.322,0.023,0.790,10.739,0.000,0.000,0.0000
1063.550,-97.019,-51.458,0.321,0.028,0.790,10.739,0.000,0.000,0.0000
1063.560,-97.019,-51.458,0.321,0.033,0.790,10.739,0.000,0.000,0.0000
1063.570,-97.019,-51.459,0.321,0.038,0.790,10.740,0.000,0.000,0.0000
1063.580,-97.019,-51.459,0.320,0.041,0.790,10.740,0.040,0.000,0.0000
1063.590,-97.019,-51.459,0.320,0.047,0.790,10.741,0.080,0.000,0.0000
1063.600,-97.019,-51.458,0.319,0.055,0.790,10.741,0.120,0.000,0.0000
1063.610,-97.019,-51.458,0.319,0.064,0.790,10.742,0.160,0.000,0.0000
1063.620,-97.019,-51.457,0.318,0.072,0.790,10.742,0.200,0.000,0.0000
1063.630,-97.019,-51.455,0.317,0.079,0.790,10.743,0.240,0.000,0.0000
1063.640,-97.019,-51.453,0.316,0.084,0.790,10.744,0.280,0.000,0.0000
1063.650,-97.019,-51.451,0.315,0.087,0.790,10.745,0.320,0.000,0.0000
1063.660,-97.019,-51.448,0.315,0.089,0.790,10.746,0.360,0.000,0.0000
1063.670,-97.019,-51.445,0.314,0.089,0.790,10.747,0.400,0.000,0.0000
1063.680,-97.019,-51.442,0.313,0.088,0.790,10.748,0.440,0.000,0.0000
1063.690,-97.019,-51.438,0.312,0.085,0.789,10.748,0.480,0.000,0.0000
1063.700,-97.019,-51.434,0.311,0.082,0.789,10.749,0.520,0.000,0.0000
1063.710,-97.019,-51.429,0.310,0.077,0.789,10.750,0.560,0.000,0.0000
1063.720,-97.019,-51.424,0.310,0.072,0.789,10.751,0.600,0.000,0.0000
1063.730,-97.019,-51.418,0.309,0.066,0.789,10.751,0.640,0.000,0.0000
1063.740,-97.019,-51.412,0.308,0.059,0.789,10.752,0.680,0.000,0.0000
1063.750,-97.019,-51.406,0.308,0.052,0.789,10.753,0.720,0.000,0.0000
1063.760,-97.019,-51.399,0.307,0.045,0.789,10.753,0.760,0.000,0.0000
1063.770,-97.019,-51.392,0.307,0.038,0.789,10.753,0.800,0.000,0.0000
1063.780,-97.019,-51.384,0.307,0.030,0.789,10.754,0.840,0.000,0.0000
1063.790,-97.019,-51.376,0.307,0.023,0.789,10.754,0.880,0.000,0.0000
1063.800,-97.019,-51.368,0.306,0.016,0.789,10.754,0.920,0.000,0.0000
1063.810,-97.019,-51.359,0.306,0.009,0.789,10.754,0.960,0.000,0.0000
1063.820,-97.019,-51.350,0.306,0.003,0.789,10.754,1.000,0.000,0.0000
1063.830,-97.019,-51.340,0.306,0.004,0.789,10.754,1.000,0.000,0.0000
1063.840,-97.019,-51.330,0.306,0.009,0.789,10.754,1.000,0.000,0.0000
1063.850,-97.019,-51.320,0.307,0.014,0.789,10.754,1.000,0.000,0.0000
1063.860,-97.019,-51.309,0.307,0.019,0.789,10.754,1.000,0.000,0.0000
1063.870,-97.019,-51.298,0.307,0.022,0.789,10.753,1.000,0.000,0.0000
1063.880,-97.019,-51.286,0.307,0.026,0.789,10.753,1.000,0.000,0.0000
1063.890,-97.019,-51.274,0.307,0.028,0.789,10.753,1.000,0.000,0.0000
1063.900,-97.019,-51.261,0.308,0.030,0.789,10.753,1.000,0.000,0.0000
1063.910,-97.019,-51.248,0.308,0.032,0.789,10.752,1.000,0.000,0.0000
1063.920,-97.019,-51.235,0.308,0.033,0.789,10.752,1.000,0.000,0.0000
1063.930,-97.019,-51.221,0.309,0.033,0.789,10.752,1.000,0.000,0.0000
1063.940,-97.019,-51.207,0.309,0.033,0.789,10.751,1.000,0.000,0.0000
1063.950,-97.019,-51.193,0.309,0.032,0.789,10.751,1.000,0.000,0.0000
1063.960,-97.019,-51.178,0.310,0.031,0.789,10.751,1.000,0.000,0.0000
1063.970,-97.019,-51.163,0.310,0.030,0.789,10.750,1.000,0.000,0.0000
1063.980,-97.019,-51.147,0.310,0.028,0.789,10.750,1.000,0.000,0.0000
1063.990,-97.019,-51.131,0.311,0.026,0.789,10.750,1.000,0.000,0.0000
1064.000,-97.019,-51.115,0.311,0.024,0.789,10.750,1.000,0.000,0.0000
1064.010,-97.019,-51.098,0.311,0.021,0.789,10.749,1.000,0.000,0.0000
1064.020,-97.019,-51.081,0.311,0.018,0.789,10.749,1.000,0.000,0.0000
1064.030,-97.019,-51.063,0.311,0.016,0.789,10.749,1.000,0.000,0.0000
1064.040,-97.019,-51.045,0.311,0.013,0.789,10.749,1.000,0.000,0.0000
1064.050,-97.019,-51.027,0.312,0.010,0.789,10.749,1.000,0.000,0.0000
1064.060,-97.019,-51.008,0.312,0.008,0.789,10.749,1.000,0.000,0.0000
1064.070,-97.019,-50.989,0.312,0.005,0.789,10.749,1.000,0.000,0.0000
1064.080,-97.019,-50.969,0.312,0.003,0.789,10.749,1.000,0.000,0.0000
1064.090,-97.019,-50.949,0.312,0.002,0.789,10.749,1.000,0.000,0.0000
1064.100,-97.019,-50.929,0.312,0.003,0.789,10.749,1.000,0.000,0.0000
1064.110,-97.019,-50.908,0.312,0.005,0.789,10.749,1.000,0.000,0.0000
1064.120,-97.019,-50.887,0.312,0.006,0.789,10.749,1.000,0.000,0.0000
1064.130,-97.019,-50.865,0.311,0.008,0.789,10.749,1.000,0.000,0.0000
1064.140,-97.019,-50.843,0.311,0.009,0.789,10.749,1.000,0.000,0.0000
1064.150,-97.019,-50.821,0.311,0.010,0.789,10.749,1.000,0.000,0.0000
1064.160,-97.019,-50.798,0.311,0.011,0.789,10.749,1.000,0.000,0.0000
1064.170,-97.019,-50.775,0.311,0.012,0.789,10.749,1.000,0.000,0.0000
1064.180,-97.019,-50.752,0.311,0.012,0.789,10.749,1.000,0.000,0.0000
1064.190,-97.019,-50.728,0.311,0.012,0.789,10.750,1.000,0.000,0.0000
1064.200,-97.019,-50.704,0.311,0.012,0.789,10.750,1.000,0.000,0.0000
1064.210,-97.019,-50.679,0.311,0.012,0.789,10.750,1.000,0.000,0.0000
1064.220,-97.019,-50.654,0.310,0.012,0.789,10.750,1.000,0.000,0.0000
1064.230,-97.019,-50.628,0.310,0.011,0.789,10.750,1.000,0.000,0.0000
1064.240,-97.019,-50.602,0.310,0.011,0.789,10.750,1.000,0.000,0.0000
1064.250,-97.019,-50.576,0.310,0.010,0.789,10.750,1.000,0.000,0.0000
1064.260,-97.018,-50.549,0.310,0.009,0.789,10.750,1.000,0.000,0.0000
1064.270,-97.018,-50.522,0.310,0.008,0.789,10.750,1.000,0.000,0.0000
1064.280,-97.018,-50.495,0.310,0.008,0.789,10.750,1.000,0.000,0.0000
1064.290,-97.018,-50.467,0.310,0.007,0.789,10.751,1.000,0.000,0.0000
1064.300,-97.018,-50.439,0.310,0.006,0.789,10.751,1.000,0.000,0.0000
1064.310,-97.018,-50.410,0.310,0.005,0.789,10.751,1.000,0.000,0.0000
1064.320,-97.018,-50.381,0.310,0.004,0.789,10.751,1.000,0.000,0.0000
1064.330,-97.018,-50.351,0.310,0.003,0.789,10.751,1.000,0.000,0.0000
1064.340,-97.018,-50.321,0.310,0.003,0.789,10.751,1.000,0.000,0.0000
1064.350,-97.018,-50.291,0.310,0.002,0.789,10.751,1.000,0.000,0.0000
1064.360,-97.018,-50.260,0.310,0.003,0.788,10.751,1.000,0.000,0.0000
1064.370,-97.018,-50.229,0.310,0.003,0.788,10.751,1.000,0.000,0.0000
1064.380,-97.018,-50.198,0.310,0.003,0.788,10.751,1.000,0.000,0.0000
1064.390,-97.018,-50.166,0.310,0.004,0.788,10.751,1.000,0.000,0.0000
1064.400,-97.018,-50.134,0.310,0.004,0.788,10.751,1.000,0.000,0.0000
1064.410,-97.018,-50.101,0.310,0.004,0.788,10.751,1.000,0.000,0.0000
1064.420,-97.018,-50.068,0.310,0.005,0.788,10.750,1.000,0.000,0.0000
1064.430,-97.018,-50.035,0.310,0.005,0.788,10.750,1.000,0.000,0.0000
1064.440,-97.018,-50.001,0.310,0.005,0.788,10.750,1.000,0.000,0.0000
1064.450,-97.018,-49.966,0.310,0.005,0.788,10.750,1.000,0.000,0.0000
1064.460,-97.018,-49.932,0.310,0.005,0.788,10.750,1.000,0.000,0.0000
1064.470,-97.018,-49.897,0.310,0.005,0.788,10.750,1.000,0.000,0.0000
1064.480,-97.018,-49.861,0.310,0.005,0.788,10.750,1.000,0.000,0.0000
1064.490,-97.018,-49.826,0.310,0.005,0.788,10.750,1.000,0.000,0.0000
1064.500,-97.018,-49.789,0.310,0.005,0.788,10.750,1.000,0.000,0.0000
1064.510,-97.018,-49.753,0.310,0.005,0.788,10.750,1.000,0.000,0.0000
1064.520,-97.018,-49.716,0.310,0.005,0.788,10.750,1.000,0.000,0.0000
1064.530,-97.018,-49.678,0.310,0.004,0.788,10.750,1.000,0.000,0.0000
1064.540,-97.018,-49.640,0.310,0.004,0.788,10.750,1.000,0.000,0.0000
1064.550,-97.018,-49.602,0.310,0.004,0.788,10.750,1.000,0.000,0.0000
1064.560,-97.018,-49.564,0.310,0.004,0.788,10.750,1.000,0.000,0.0000
1064.570,-97.018,-49.525,0.310,0.004,0.788,10.750,1.000,0.000,0.0000
1064.580,-97.018,-49.485,0.310,0.003,0.788,10.750,1.000,0.000,0.0000
1064.590,-97.018,-49.445,0.310,0.003,0.788,10.750,1.000,0.000,0.0000
1064.600,-97.018,-49.405,0.310,0.003,0.788,10.750,1.000,0.000,0.0000
1064.610,-97.018,-49.365,0.310,0.003,0.788,10.750,1.000,0.000,0.0000
1064.620,-97.018,-49.324,0.310,0.003,0.788,10.750,1.000,0.000,0.0000
1064.630,-97.017,-49.282,0.310,0.003,0.788,10.750,1.000,0.000,0.0000
1064.640,-97.017,-49.240,0.310,0.003,0.788,10.750,1.000,0.000,0.0000
1064.650,-97.017,-49.198,0.310,0.003,0.788,10.750,1.000,0.000,0.0000
1064.660,-97.017,-49.156,0.310,0.004,0.788,10.750,1.000,0.000,0.0000
1064.670,-97.017,-49.113,0.310,0.004,0.788,10.750,1.000,0.000,0.0000
1064.680,-97.017,-49.069,0.310,0.004,0.788,10.750,1.000,0.000,0.0000
1064.690,-97.017,-49.025,0.310,0.004,0.788,10.750,1.000,0.000,0.0000
1064.700,-97.017,-48.981,0.310,0.004,0.787,10.750,1.000,0.000,0.0000
1064.710,-97.017,-48.937,0.310,0.004,0.787,10.750,1.000,0.000,0.0000
1064.720,-97.017,-48.892,0.310,0.004,0.787,10.750,1.000,0.000,0.0000
1064.730,-97.017,-48.846,0.310,0.004,0.787,10.750,1.000,0.000,0.0000
1064.740,-97.017,-48.801,0.310,0.004,0.787,10.750,1.000,0.000,0.0000
1064.750,-97.017,-48.755,0.310,0.004,0.787,10.750,1.000,0.000,0.0000
1064.760,-97.017,-48.708,0.310,0.004,0.787,10.750,1.000,0.000,0.0000
1064.770,-97.017,-48.661,0.310,0.004,0.787,10.750,1.000,0.000,0.0000
1064.780,-97.017,-48.614,0.310,0.004,0.787,10.750,1.000,0.000,0.0000
1064.790,-97.017,-48.566,0.310,0.004,0.787,10.750,1.000,0.000,0.0000
1064.800,-97.017,-48.518,0.310,0.004,0.787,10.750,1.000,0.000,0.0000
1064.810,-97.017,-48.469,0.310,0.004,0.787,10.750,1.000,0.000,0.0000
1064.820,-97.017,-48.420,0.310,0.004,0.787,10.750,1.000,0.000,0.0000
1064.830,-97.017,-48.371,0.310,0.004,0.787,10.750,1.000,0.000,0.0000
1064.840,-97.017,-48.321,0.310,0.004,0.787,10.750,1.000,0.000,0.0000
1064.850,-97.017,-48.271,0.310,0.004,0.787,10.750,1.000,0.000,0.0000
1064.860,-97.017,-48.221,0.310,0.004,0.787,10.750,1.000,0.000,0.0000
1064.870,-97.017,-48.170,0.310,0.004,0.787,10.750,1.000,0.000,0.0000
1064.880,-97.017,-48.119,0.310,0.004,0.787,10.750,1.000,0.000,0.0000
1064.890,-97.017,-48.067,0.310,0.004,0.787,10.750,1.000,0.000,0.0000
1064.900,-97.016,-48.015,0.310,0.004,0.787,10.750,1.000,0.000,0.0000
1064.910,-97.016,-47.962,0.310,0.004,0.787,10.750,1.000,0.000,0.0000
1064.920,-97.016,-47.909,0.310,0.004,0.787,10.750,1.000,0.000,0.0000
1064.930,-97.016,-47.856,0.310,0.004,0.787,10.750,1.000,0.000,0.0000
1064.940,-97.016,-47.802,0.310,0.004,0.787,10.750,1.000,0.000,0.0000
1064.950,-97.016,-47.748,0.310,0.004,0.787,10.750,1.000,0.000,0.0000
1064.960,-97.016,-47.694,0.310,0.004,0.786,10.750,1.000,0.000,0.0000
1064.970,-97.016,-47.639,0.310,0.004,0.786,10.750,1.000,0.000,0.0000
1064.980,-97.016,-47.584,0.310,0.004,0.786,10.750,1.000,0.000,0.0000
1064.990,-97.016,-47.528,0.310,0.004,0.786,10.750,1.000,0.000,0.0000
1065.000,-97.016,-47.472,0.310,0.005,0.786,10.750,1.000,0.000,0.0000
1065.010,-97.016,-47.415,0.310,0.005,0.786,10.750,1.000,0.000,0.0000
1065.020,-97.016,-47.359,0.310,0.005,0.786,10.750,1.000,0.000,0.0000
1065.030,-97.016,-47.301,0.310,0.005,0.786,10.750,1.000,0.000,0.0000
1065.040,-97.016,-47.244,0.310,0.005,0.786,10.750,1.000,0.000,0.0000
1065.050,-97.016,-47.186,0.310,0.005,0.786,10.750,1.000,0.000,0.0000
1065.060,-97.016,-47.127,0.310,0.005,0.786,10.750,1.000,0.000,0.0000
1065.070,-97.016,-47.068,0.310,0.005,0.786,10.750,1.000,0.000,0.0000
1065.080,-97.016,-47.009,0.310,0.005,0.786,10.750,1.000,0.000,0.0000
1065.090,-97.016,-46.949,0.310,0.005,0.786,10.750,1.000,0.000,0.0000
1065.100,-97.016,-46.889,0.310,0.005,0.786,10.750,1.000,0.000,0.0000
1065.110,-97.016,-46.829,0.310,0.005,0.786,10.750,1.000,0.000,0.0000
1065.120,-97.015,-46.768,0.310,0.005,0.786,10.750,1.000,0.000,0.0000
1065.130,-97.015,-46.707,0.310,0.005,0.786,10.750,1.000,0.000,0.0000
1065.140,-97.015,-46.645,0.310,0.005,0.786,10.750,1.000,0.000,0.0000
1065.150,-97.015,-46.583,0.310,0.005,0.786,10.750,1.000,0.000,0.0000
1065.160,-97.015,-46.521,0.310,0.005,0.786,10.750,1.000,0.000,0.0000
1065.170,-97.015,-46.458,0.310,0.005,0.785,10.750,1.000,0.000,0.0000
1065.180,-97.015,-46.395,0.310,0.005,0.785,10.750,1.000,0.000,0.0000
1065.190,-97.015,-46.331,0.310,0.005,0.785,10.750,1.000,0.000,0.0000
1065.200,-97.015,-46.267,0.310,0.005,0.785,10.750,1.000,0.000,0.0000
1065.210,-97.015,-46.203,0.310,0.005,0.785,10.750,1.000,0.000,0.0000
1065.220,-97.015,-46.138,0.310,0.005,0.785,10.750,1.000,0.000,0.0000
1065.230,-97.015,-46.073,0.310,0.005,0.785,10.750,1.000,0.000,0.0000
1065.240,-97.015,-46.007,0.310,0.005,0.785,10.750,1.000,0.000,0.0000
1065.250,-97.015,-45.941,0.310,0.005,0.785,10.750,1.000,0.000,0.0000
1065.260,-97.015,-45.875,0.310,0.005,0.785,10.750,1.000,0.000,0.0000
1065.270,-97.015,-45.808,0.310,0.005,0.785,10.750,1.000,0.000,0.0000
1065.280,-97.015,-45.741,0.310,0.005,0.785,10.750,1.000,0.000,0.0000
1065.290,-97.015,-45.673,0.310,0.005,0.785,10.750,1.000,0.000,0.0000
1065.300,-97.015,-45.605,0.310,0.005,0.785,10.750,1.000,0.000,0.0000
1065.310,-97.014,-45.537,0.310,0.005,0.785,10.750,1.000,0.000,0.0000
1065.320,-97.014,-45.468,0.310,0.005,0.785,10.750,1.000,0.000,0.0000
1065.330,-97.014,-45.399,0.310,0.006,0.785,10.750,1.000,0.000,0.0000
1065.340,-97.014,-45.329,0.310,0.006,0.785,10.750,1.000,0.000,0.0000
1065.350,-97.014,-45.259,0.310,0.006,0.785,10.750,1.000,0.000,0.0000
1065.360,-97.014,-45.189,0.310,0.006,0.784,10.750,1.000,0.000,0.0000
1065.370,-97.014,-45.118,0.310,0.006,0.784,10.750,1.000,0.000,0.0000
1065.380,-97.014,-45.047,0.310,0.006,0.784,10.750,1.000,0.000,0.0000
1065.390,-97.014,-44.976,0.310,0.006,0.784,10.750,1.000,0.000,0.0000
1065.400,-97.014,-44.904,0.310,0.006,0.784,10.750,1.000,0.000,0.0000
1065.410,-97.014,-44.831,0.310,0.006,0.784,10.750,1.000,0.000,0.0000
1065.420,-97.014,-44.759,0.310,0.006,0.784,10.750,1.000,0.000,0.0000
1065.430,-97.014,-44.686,0.310,0.006,0.784,10.750,1.000,0.000,0.0000
1065.440,-97.014,-44.612,0.310,0.006,0.784,10.750,1.000,0.000,0.0000
1065.450,-97.014,-44.538,0.310,0.006,0.784,10.750,1.000,0.000,0.0000
1065.460,-97.014,-44.464,0.310,0.006,0.784,10.750,1.000,0.000,0.0000
1065.470,-97.014,-44.389,0.310,0.006,0.784,10.750,1.000,0.000,0.0000
1065.480,-97.014,-44.314,0.310,0.006,0.784,10.750,1.000,0.000,0.0000
1065.490,-97.013,-44.238,0.310,0.006,0.784,10.750,1.000,0.000,0.0000
1065.500,-97.013,-44.163,0.310,0.006,0.784,10.750,1.000,0.000,0.0000
1065.510,-97.013,-44.086,0.310,0.006,0.784,10.750,1.000,0.000,0.0000
1065.520,-97.013,-44.010,0.310,0.006,0.784,10.750,1.000,0.000,0.0000
1065.530,-97.013,-43.932,0.310,0.006,0.783,10.750,1.000,0.000,0.0000
1065.540,-97.013,-43.855,0.310,0.006,0.783,10.750,1.000,0.000,0.0000
1065.550,-97.013,-43.777,0.310,0.006,0.783,10.750,1.000,0.000,0.0000
1065.560,-97.013,-43.699,0.310,0.006,0.783,10.750,1.000,0.000,0.0000
1065.570,-97.013,-43.620,0.310,0.006,0.783,10.750,1.000,0.000,0.0000
1065.580,-97.013,-43.541,0.310,0.006,0.783,10.750,1.000,0.000,0.0000
1065.590,-97.013,-43.461,0.310,0.006,0.783,10.750,1.000,0.000,0.0000
1065.600,-97.013,-43.382,0.310,0.006,0.783,10.750,1.000,0.000,0.0000
1065.610,-97.013,-43.301,0.310,0.006,0.783,10.750,1.000,0.000,0.0000
1065.620,-97.013,-43.221,0.310,0.006,0.783,10.750,1.000,0.000,0.0000
1065.630,-97.013,-43.140,0.310,0.006,0.783,10.750,1.000,0.000,0.0000
1065.640,-97.013,-43.058,0.310,0.006,0.783,10.750,1.000,0.000,0.0000
1065.650,-97.012,-42.976,0.310,0.007,0.783,10.750,1.000,0.000,0.0000
1065.660,-97.012,-42.894,0.310,0.007,0.783,10.750,1.000,0.000,0.0000
1065.670,-97.012,-42.811,0.310,0.007,0.783,10.750,1.000,0.000,0.0000
1065.680,-97.012,-42.728,0.310,0.007,0.783,10.750,1.000,0.000,0.0000
1065.690,-97.012,-42.645,0.310,0.007,0.782,10.750,1.000,0.000,0.0000
1065.700,-97.012,-42.561,0.310,0.007,0.782,10.750,1.000,0.000,0.0000
1065.710,-97.012,-42.477,0.310,0.007,0.782,10.750,1.000,0.000,0.0000
1065.720,-97.012,-42.392,0.310,0.007,0.782,10.750,1.000,0.000,0.0000
1065.730,-97.012,-42.307,0.310,0.007,0.782,10.750,1.000,0.000,0.0000
1065.740,-97.012,-42.222,0.310,0.007,0.782,10.749,1.000,0.000,0.0000
1065.750,-97.012,-42.136,0.310,0.007,0.782,10.749,1.000,0.000,0.0000
1065.760,-97.012,-42.050,0.310,0.007,0.782,10.749,1.000,0.000,0.0000
1065.770,-97.012,-41.963,0.310,0.007,0.782,10.749,1.000,0.000,0.0000
1065.780,-97.012,-41.876,0.310,0.007,0.782,10.749,1.000,0.000,0.0000
1065.790,-97.011,-41.789,0.310,0.007,0.782,10.749,1.000,0.000,0.0000
1065.800,-97.011,-41.701,0.310,0.007,0.782,10.749,1.000,0.000,0.0000
1065.810,-97.011,-41.613,0.310,0.007,0.782,10.749,1.000,0.000,0.0000
1065.820,-97.011,-41.524,0.310,0.007,0.782,10.749,1.000,0.000,0.0000
1065.830,-97.011,-41.435,0.310,0.007,0.781,10.749,1.000,0.000,0.0000
1065.840,-97.011,-41.346,0.310,0.007,0.781,10.749,1.000,0.000,0.0000
1065.850,-97.011,-41.256,0.310,0.007,0.781,10.749,1.000,0.000,0.0000
1065.860,-97.011,-41.166,0.310,0.007,0.781,10.749,1.000,0.000,0.0000
1065.870,-97.011,-41.075,0.310,0.007,0.781,10.749,1.000,0.000,0.0000
1065.880,-97.011,-40.984,0.310,0.007,0.781,10.749,1.000,0.000,0.0000
1065.890,-97.011,-40.893,0.310,0.007,0.781,10.749,1.000,0.000,0.0000
1065.900,-97.011,-40.801,0.310,0.007,0.781,10.749,1.000,0.000,0.0000
1065.910,-97.011,-40.709,0.310,0.007,0.781,10.749,1.000,0.000,0.0000
1065.920,-97.011,-40.616,0.310,0.007,0.781,10.749,1.000,0.000,0.0000
1065.930,-97.010,-40.523,0.310,0.007,0.781,10.749,1.000,0.000,0.0000
1065.940,-97.010,-40.430,0.310,0.007,0.781,10.749,1.000,0.000,0.0000
1065.950,-97.010,-40.336,0.310,0.007,0.781,10.749,1.000,0.000,0.0000
1065.960,-97.010,-40.242,0.310,0.008,0.781,10.749,1.000,0.000,0.0000
1065.970,-97.010,-40.147,0.310,0.008,0.780,10.749,1.000,0.000,0.0000
1065.980,-97.010,-40.052,0.310,0.008,0.780,10.749,1.000,0.000,0.0000
1065.990,-97.010,-39.957,0.310,0.008,0.780,10.749,1.000,0.000,0.0000
1066.000,-97.010,-39.861,0.310,0.008,0.780,10.749,1.000,0.000,0.0000
1066.010,-97.010,-39.765,0.310,0.008,0.780,10.749,1.000,0.000,0.0000
1066.020,-97.010,-39.669,0.310,0.008,0.780,10.749,1.000,0.000,0.0000
1066.030,-97.010,-39.572,0.310,0.008,0.780,10.749,1.000,0.000,0.0000
1066.040,-97.010,-39.474,0.310,0.008,0.780,10.749,1.000,0.000,0.0000
1066.050,-97.010,-39.377,0.310,0.008,0.780,10.749,1.000,0.000,0.0000
1066.060,-97.009,-39.278,0.310,0.008,0.780,10.749,1.000,0.000,0.0000
1066.070,-97.009,-39.180,0.310,0.008,0.780,10.749,1.000,0.000,0.0000
1066.080,-97.009,-39.081,0.310,0.008,0.780,10.749,1.000,0.000,0.0000
1066.090,-97.009,-38.982,0.310,0.008,0.780,10.749,1.000,0.000,0.0000
1066.100,-97.009,-38.882,0.310,0.008,0.779,10.749,1.000,0.000,0.0000
1066.110,-97.009,-38.782,0.310,0.008,0.779,10.749,1.000,0.000,0.0000
1066.120,-97.009,-38.681,0.310,0.008,0.779,10.749,1.000,0.000,0.0000
1066.130,-97.009,-38.580,0.310,0.008,0.779,10.749,1.000,0.000,0.0000
1066.140,-97.009,-38.479,0.310,0.008,0.779,10.749,1.000,0.000,0.0000
1066.150,-97.009,-38.377,0.310,0.008,0.779,10.749,1.000,0.000,0.0000
1066.160,-97.009,-38.275,0.310,0.008,0.779,10.749,1.000,0.000,0.0000
1066.170,-97.009,-38.173,0.310,0.008,0.779,10.749,1.000,0.000,0.0000
1066.180,-97.009,-38.070,0.310,0.008,0.779,10.749,1.000,0.000,0.0000
1066.190,-97.008,-37.967,0.310,0.008,0.779,10.749,1.000,0.000,0.0000
1066.200,-97.008,-37.863,0.310,0.008,0.779,10.749,1.000,0.000,0.0000
1066.210,-97.008,-37.759,0.310,0.008,0.779,10.749,1.000,0.000,0.0000
1066.220,-97.008,-37.654,0.310,0.008,0.778,10.749,1.000,0.000,0.0000
1066.230,-97.008,-37.550,0.310,0.008,0.778,10.749,1.000,0.000,0.0000
1066.240,-97.008,-37.444,0.310,0.008,0.778,10.749,1.000,0.000,0.0000
1066.250,-97.008,-37.339,0.310,0.008,0.778,10.749,1.000,0.000,0.0000
1066.260,-97.008,-37.233,0.310,0.008,0.778,10.749,1.000,0.000,0.0000
1066.270,-97.008,-37.126,0.310,0.008,0.778,10.749,1.000,0.000,0.0000
1066.280,-97.008,-37.019,0.310,0.009,0.778,10.749,1.000,0.000,0.0000
1066.290,-97.008,-36.912,0.310,0.009,0.778,10.749,1.000,0.000,0.0000
1066.300,-97.008,-36.804,0.310,0.009,0.778,10.749,1.000,0.000,0.0000
1066.310,-97.007,-36.696,0.310,0.009,0.778,10.749,1.000,0.000,0.0000
1066.320,-97.007,-36.588,0.310,0.009,0.778,10.749,1.000,0.000,0.0000
1066.330,-97.007,-36.479,0.310,0.009,0.778,10.749,1.000,0.000,0.0000
1066.340,-97.007,-36.370,0.310,0.009,0.777,10.749,1.000,0.000,0.0000
1066.350,-97.007,-36.260,0.310,0.009,0.777,10.749,1.000,0.000,0.0000
1066.360,-97.007,-36.150,0.310,0.009,0.777,10.749,1.000,0.000,0.0000
1066.370,-97.007,-36.040,0.310,0.009,0.777,10.749,1.000,0.000,0.0000
1066.380,-97.007,-35.929,0.310,0.009,0.777,10.749,1.000,0.000,0.0000
1066.390,-97.007,-35.818,0.310,0.010,0.777,10.749,1.000,0.000,0.0000
1066.400,-97.007,-35.707,0.310,0.014,0.777,10.749,1.000,0.000,0.0000
1066.410,-97.007,-35.595,0.311,0.020,0.777,10.749,1.000,0.000,0.0000
1066.420,-97.006,-35.484,0.311,0.028,0.777,10.748,1.000,0.000,0.0000
1066.430,-97.006,-35.373,0.311,0.035,0.777,10.748,1.000,0.000,0.0000
1066.440,-97.006,-35.261,0.312,0.042,0.777,10.748,1.000,0.000,0.0000
1066.450,-97.006,-35.150,0.312,0.047,0.777,10.747,1.000,0.000,0.0000
1066.460,-97.006,-35.039,0.313,0.051,0.776,10.747,1.000,0.000,0.0000
1066.470,-97.006,-34.928,0.313,0.054,0.776,10.746,1.000,0.000,0.0000
1066.480,-97.006,-34.817,0.314,0.056,0.776,10.746,1.000,0.000,0.0000
1066.490,-97.006,-34.705,0.314,0.056,0.776,10.745,1.000,0.000,0.0000
1066.500,-97.006,-34.594,0.315,0.056,0.776,10.744,1.000,0.000,0.0000
1066.510,-97.006,-34.483,0.315,0.056,0.776,10.744,1.000,0.000,0.0000
1066.520,-97.006,-34.372,0.316,0.054,0.776,10.743,1.000,0.000,0.0000
1066.530,-97.005,-34.260,0.316,0.052,0.776,10.743,1.000,0.000,0.0000
1066.540,-97.005,-34.149,0.317,0.049,0.776,10.742,1.000,0.000,0.0000
1066.550,-97.005,-34.038,0.317,0.046,0.776,10.742,1.000,0.000,0.0000
1066.560,-97.005,-33.927,0.318,0.042,0.776,10.741,1.000,0.000,0.0000
1066.570,-97.005,-33.816,0.318,0.038,0.776,10.741,1.000,0.000,0.0000
1066.580,-97.005,-33.705,0.318,0.034,0.776,10.741,1.000,0.000,0.0000
1066.590,-97.005,-33.593,0.319,0.030,0.775,10.740,1.000,0.000,0.0000
1066.600,-97.005,-33.482,0.319,0.026,0.775,10.740,1.000,0.000,0.0000
1066.610,-97.005,-33.371,0.319,0.022,0.775,10.740,1.000,0.000,0.0000
1066.620,-97.005,-33.260,0.319,0.017,0.775,10.740,1.000,0.000,0.0000
1066.630,-97.005,-33.149,0.319,0.014,0.775,10.740,1.000,0.000,0.0000
1066.640,-97.005,-33.038,0.319,0.011,0.775,10.740,1.000,0.000,0.0000
1066.650,-97.004,-32.927,0.319,0.009,0.775,10.740,1.000,0.000,0.0000
1066.660,-97.004,-32.816,0.319,0.009,0.775,10.740,1.000,0.000,0.0000
1066.670,-97.004,-32.704,0.319,0.010,0.775,10.740,1.000,0.000,0.0000
1066.680,-97.004,-32.593,0.319,0.012,0.775,10.740,1.000,0.000,0.0000
1066.690,-97.004,-32.482,0.319,0.014,0.775,10.740,1.000,0.000,0.0000
1066.700,-97.004,-32.371,0.319,0.016,0.775,10.740,1.000,0.000,0.0000
1066.710,-97.004,-32.260,0.319,0.018,0.774,10.740,1.000,0.000,0.0000
1066.720,-97.004,-32.149,0.319,0.020,0.774,10.740,1.000,0.000,0.0000
1066.730,-97.004,-32.038,0.319,0.021,0.774,10.740,1.000,0.000,0.0000
1066.740,-97.004,-31.927,0.318,0.022,0.774,10.741,1.000,0.000,0.0000
1066.750,-97.004,-31.816,0.318,0.022,0.774,10.741,1.000,0.000,0.0000
1066.760,-97.003,-31.705,0.318,0.023,0.774,10.741,1.000,0.000,0.0000
1066.770,-97.003,-31.594,0.318,0.022,0.774,10.741,1.000,0.000,0.0000
1066.780,-97.003,-31.483,0.317,0.022,0.774,10.741,1.000,0.000,0.0000
1066.790,-97.003,-31.372,0.317,0.022,0.774,10.742,1.000,0.000,0.0000
1066.800,-97.003,-31.261,0.317,0.021,0.774,10.742,1.000,0.000,0.0000
1066.810,-97.003,-31.150,0.317,0.020,0.773,10.742,1.000,0.000,0.0000
1066.820,-97.003,-31.039,0.317,0.019,0.773,10.742,1.000,0.000,0.0000
1066.830,-97.003,-30.927,0.317,0.017,0.773,10.742,1.000,0.000,0.0000
1066.840,-97.003,-30.816,0.316,0.016,0.773,10.742,1.000,0.000,0.0000
1066.850,-97.003,-30.705,0.316,0.015,0.773,10.743,1.000,0.000,0.0000
1066.860,-97.003,-30.594,0.316,0.014,0.773,10.743,1.000,0.000,0.0000
1066.870,-97.002,-30.483,0.316,0.012,0.773,10.743,1.000,0.000,0.0000
1066.880,-97.002,-30.372,0.316,0.011,0.773,10.743,1.000,0.000,0.0000
1066.890,-97.002,-30.261,0.316,0.010,0.773,10.743,1.000,0.000,0.0000
1066.900,-97.002,-30.150,0.316,0.009,0.773,10.743,1.000,0.000,0.0000
1066.910,-97.002,-30.039,0.316,0.009,0.773,10.743,1.000,0.000,0.0000
1066.920,-97.002,-29.928,0.316,0.009,0.772,10.743,1.000,0.000,0.0000
1066.930,-97.002,-29.817,0.316,0.009,0.772,10.743,1.000,0.000,0.0000
1066.940,-97.002,-29.705,0.316,0.009,0.772,10.743,1.000,0.000,0.0000
1066.950,-97.002,-29.594,0.316,0.010,0.772,10.743,1.000,0.000,0.0000
1066.960,-97.002,-29.483,0.316,0.010,0.772,10.743,1.000,0.000,0.0000
1066.970,-97.002,-29.372,0.316,0.010,0.772,10.743,1.000,0.000,0.0000
1066.980,-97.002,-29.261,0.316,0.011,0.772,10.743,1.000,0.000,0.0000
1066.990,-97.001,-29.150,0.316,0.011,0.772,10.742,1.000,0.000,0.0000
1067.000,-97.001,-29.039,0.316,0.011,0.772,10.742,1.000,0.000,0.0000
1067.010,-97.001,-28.928,0.316,0.012,0.772,10.742,1.000,0.000,0.0000
1067.020,-97.001,-28.817,0.317,0.012,0.772,10.742,1.000,0.000,0.0000
1067.030,-97.001,-28.705,0.317,0.012,0.772,10.742,1.000,0.000,0.0000
1067.040,-97.001,-28.594,0.317,0.012,0.771,10.742,1.000,0.000,0.0000
1067.050,-97.001,-28.483,0.317,0.012,0.771,10.742,1.000,0.000,0.0000
1067.060,-97.001,-28.372,0.317,0.011,0.771,10.742,1.000,0.000,0.0000
1067.070,-97.001,-28.261,0.317,0.011,0.771,10.742,1.000,0.000,0.0000
1067.080,-97.001,-28.150,0.317,0.011,0.771,10.742,1.000,0.000,0.0000
1067.090,-97.001,-28.039,0.317,0.011,0.771,10.742,1.000,0.000,0.0000
1067.100,-97.000,-27.928,0.317,0.010,0.771,10.742,1.000,0.000,0.0000
1067.110,-97.000,-27.817,0.317,0.010,0.771,10.742,1.000,0.000,0.0000
1067.120,-97.000,-27.705,0.317,0.010,0.771,10.742,1.000,0.000,0.0000
1067.130,-97.000,-27.594,0.317,0.010,0.771,10.741,1.000,0.000,0.0000
1067.140,-97.000,-27.483,0.317,0.009,0.771,10.741,1.000,0.000,0.0000
1067.150,-97.000,-27.372,0.317,0.009,0.770,10.741,1.000,0.000,0.0000
1067.160,-97.000,-27.261,0.317,0.009,0.770,10.741,1.000,0.000,0.0000
1067.170,-97.000,-27.150,0.317,0.009,0.770,10.741,1.000,0.000,0.0000
1067.180,-97.000,-27.039,0.317,0.009,0.770,10.741,1.000,0.000,0.0000
1067.190,-97.000,-26.928,0.317,0.009,0.770,10.741,1.000,0.000,0.0000
1067.200,-97.000,-26.817,0.317,0.009,0.770,10.741,1.000,0.000,0.0000
1067.210,-96.999,-26.706,0.317,0.009,0.770,10.741,1.000,0.000,0.0000
1067.220,-96.999,-26.594,0.317,0.009,0.770,10.741,1.000,0.000,0.0000
1067.230,-96.999,-26.483,0.317,0.009,0.770,10.741,1.000,0.000,0.0000
1067.240,-96.999,-26.372,0.317,0.009,0.770,10.741,1.000,0.000,0.0000
1067.250,-96.999,-26.261,0.317,0.009,0.770,10.741,1.000,0.000,0.0000
1067.260,-96.999,-26.150,0.317,0.009,0.769,10.741,1.000,0.000,0.0000
1067.270,-96.999,-26.039,0.317,0.009,0.769,10.741,1.000,0.000,0.0000
1067.280,-96.999,-25.928,0.317,0.009,0.769,10.741,1.000,0.000,0.0000
1067.290,-96.999,-25.817,0.317,0.009,0.769,10.741,1.000,0.000,0.0000
1067.300,-96.999,-25.706,0.317,0.009,0.769,10.741,1.000,0.000,0.0000
1067.310,-96.999,-25.595,0.317,0.009,0.769,10.742,1.000,0.000,0.0000
1067.320,-96.998,-25.484,0.317,0.009,0.769,10.742,1.000,0.000,0.0000
1067.330,-96.998,-25.372,0.317,0.009,0.769,10.742,1.000,0.000,0.0000
1067.340,-96.998,-25.261,0.317,0.009,0.769,10.742,1.000,0.000,0.0000
1067.350,-96.998,-25.150,0.317,0.009,0.769,10.742,1.000,0.000,0.0000
1067.360,-96.998,-25.039,0.317,0.009,0.769,10.742,1.000,0.000,0.0000
1067.370,-96.998,-24.928,0.317,0.009,0.769,10.742,1.000,0.000,0.0000
1067.380,-96.998,-24.817,0.317,0.009,0.768,10.742,1.000,0.000,0.0000
1067.390,-96.998,-24.706,0.317,0.009,0.768,10.742,1.000,0.000,0.0000
1067.400,-96.998,-24.595,0.317,0.009,0.768,10.742,1.000,0.000,0.0000
1067.410,-96.998,-24.484,0.317,0.009,0.768,10.742,1.000,0.000,0.0000
1067.420,-96.998,-24.373,0.317,0.009,0.768,10.742,1.000,0.000,0.0000
1067.430,-96.998,-24.261,0.317,0.009,0.768,10.742,1.000,0.000,0.0000
1067.440,-96.997,-24.150,0.317,0.009,0.768,10.742,1.000,0.000,0.0000
1067.450,-96.997,-24.039,0.317,0.009,0.768,10.742,1.000,0.000,0.0000
1067.460,-96.997,-23.928,0.317,0.009,0.768,10.742,1.000,0.000,0.0000
1067.470,-96.997,-23.817,0.317,0.009,0.768,10.742,1.000,0.000,0.0000
1067.480,-96.997,-23.706,0.317,0.009,0.768,10.742,1.000,0.000,0.0000
1067.490,-96.997,-23.595,0.317,0.009,0.767,10.742,1.000,0.000,0.0000
1067.500,-96.997,-23.484,0.317,0.009,0.767,10.742,1.000,0.000,0.0000
1067.510,-96.997,-23.373,0.317,0.009,0.767,10.742,1.000,0.000,0.0000
1067.520,-96.997,-23.262,0.317,0.009,0.767,10.742,1.000,0.000,0.0000
1067.530,-96.997,-23.150,0.317,0.009,0.767,10.741,1.000,0.000,0.0000
1067.540,-96.997,-23.039,0.317,0.009,0.767,10.741,1.000,0.000,0.0000
1067.550,-96.996,-22.928,0.317,0.009,0.767,10.741,1.000,0.000,0.0000
1067.560,-96.996,-22.817,0.317,0.009,0.767,10.741,1.000,0.000,0.0000
1067.570,-96.996,-22.706,0.317,0.009,0.767,10.741,1.000,0.000,0.0000
1067.580,-96.996,-22.595,0.317,0.009,0.767,10.741,1.000,0.000,0.0000
1067.590,-96.996,-22.484,0.317,0.009,0.767,10.741,1.000,0.000,0.0000
1067.600,-96.996,-22.373,0.317,0.009,0.766,10.741,1.000,0.000,0.0000
1067.610,-96.996,-22.262,0.317,0.009,0.766,10.741,1.000,0.000,0.0000
1067.620,-96.996,-22.151,0.317,0.009,0.766,10.741,1.000,0.000,0.0000
1067.630,-96.996,-22.039,0.317,0.009,0.766,10.741,1.000,0.000,0.0000
1067.640,-96.996,-21.928,0.317,0.009,0.766,10.741,1.000,0.000,0.0000
1067.650,-96.996,-21.817,0.317,0.009,0.766,10.741,1.000,0.000,0.0000
1067.660,-96.995,-21.706,0.317,0.009,0.766,10.741,1.000,0.000,0.0000
1067.670,-96.995,-21.595,0.317,0.009,0.766,10.741,1.000,0.000,0.0000
1067.680,-96.995,-21.484,0.317,0.009,0.766,10.741,1.000,0.000,0.0000
1067.690,-96.995,-21.373,0.317,0.009,0.766,10.741,1.000,0.000,0.0000
1067.700,-96.995,-21.262,0.317,0.009,0.766,10.741,1.000,0.000,0.0000
1067.710,-96.995,-21.151,0.317,0.009,0.766,10.741,1.000,0.000,0.0000
1067.720,-96.995,-21.040,0.317,0.009,0.765,10.741,1.000,0.000,0.0000
1067.730,-96.995,-20.928,0.317,0.009,0.765,10.741,1.000,0.000,0.0000
1067.740,-96.995,-20.817,0.317,0.009,0.765,10.741,1.000,0.000,0.0000
1067.750,-96.995,-20.706,0.317,0.009,0.765,10.741,1.000,0.000,0.0000
1067.760,-96.995,-20.595,0.317,0.009,0.765,10.741,1.000,0.000,0.0000
1067.770,-96.995,-20.484,0.317,0.009,0.765,10.741,1.000,0.000,0.0000
1067.780,-96.994,-20.373,0.317,0.009,0.765,10.741,1.000,0.000,0.0000
1067.790,-96.994,-20.262,0.317,0.009,0.765,10.741,1.000,0.000,0.0000
1067.800,-96.994,-20.151,0.317,0.009,0.765,10.741,1.000,0.000,0.0000
1067.810,-96.994,-20.040,0.317,0.009,0.765,10.741,1.000,0.000,0.0000
1067.820,-96.994,-19.929,0.317,0.009,0.765,10.741,1.000,0.000,0.0000
1067.830,-96.994,-19.818,0.317,0.009,0.764,10.741,1.000,0.000,0.0000
1067.840,-96.994,-19.706,0.317,0.009,0.764,10.741,1.000,0.000,0.0000
1067.850,-96.994,-19.595,0.317,0.009,0.764,10.741,1.000,0.000,0.0000
1067.860,-96.994,-19.484,0.317,0.009,0.764,10.741,1.000,0.000,0.0000
1067.870,-96.994,-19.373,0.317,0.009,0.764,10.741,1.000,0.000,0.0000
1067.880,-96.994,-19.262,0.317,0.009,0.764,10.741,1.000,0.000,0.0000
1067.890,-96.993,-19.151,0.317,0.009,0.764,10.741,1.000,0.000,0.0000
1067.900,-96.993,-19.040,0.317,0.009,0.764,10.741,1.000,0.000,0.0000
1067.910,-96.993,-18.929,0.317,0.009,0.764,10.741,1.000,0.000,0.0000
1067.920,-96.993,-18.818,0.317,0.009,0.764,10.741,1.000,0.000,0.0000
1067.930,-96.993,-18.707,0.317,0.009,0.764,10.741,1.000,0.000,0.0000
1067.940,-96.993,-18.595,0.317,0.009,0.763,10.741,1.000,0.000,0.0000
1067.950,-96.993,-18.484,0.317,0.009,0.763,10.741,1.000,0.000,0.0000
1067.960,-96.993,-18.373,0.317,0.009,0.763,10.741,1.000,0.000,0.0000
1067.970,-96.993,-18.262,0.317,0.009,0.763,10.741,1.000,0.000,0.0000
1067.980,-96.993,-18.151,0.317,0.009,0.763,10.741,1.000,0.000,0.0000
1067.990,-96.993,-18.040,0.317,0.009,0.763,10.741,1.000,0.000,0.0000
1068.000,-96.992,-17.929,0.317,0.009,0.763,10.741,1.000,0.000,0.0000
1068.010,-96.992,-17.818,0.317,0.009,0.763,10.741,1.000,0.000,0.0000
1068.020,-96.992,-17.707,0.317,0.009,0.763,10.741,1.000,0.000,0.0000
1068.030,-96.992,-17.596,0.317,0.009,0.763,10.741,1.000,0.000,0.0000
1068.040,-96.992,-17.484,0.317,0.009,0.763,10.741,1.000,0.000,0.0000
1068.050,-96.992,-17.373,0.317,0.009,0.762,10.741,1.000,0.000,0.0000
1068.060,-96.992,-17.262,0.317,0.009,0.762,10.741,1.000,0.000,0.0000
1068.070,-96.992,-17.151,0.317,0.009,0.762,10.741,1.000,0.000,0.0000
1068.080,-96.992,-17.040,0.317,0.009,0.762,10.741,1.000,0.000,0.0000
1068.090,-96.992,-16.929,0.317,0.009,0.762,10.741,1.000,0.000,0.0000
1068.100,-96.992,-16.818,0.317,0.009,0.762,10.741,1.000,0.000,0.0000
1068.110,-96.991,-16.707,0.317,0.009,0.762,10.741,1.000,0.000,0.0000
1068.120,-96.991,-16.596,0.317,0.009,0.762,10.741,1.000,0.000,0.0000
1068.130,-96.991,-16.485,0.317,0.009,0.762,10.741,1.000,0.000,0.0000
1068.140,-96.991,-16.373,0.317,0.009,0.762,10.741,1.000,0.000,0.0000
1068.150,-96.991,-16.262,0.317,0.009,0.762,10.741,1.000,0.000,0.0000
1068.160,-96.991,-16.151,0.317,0.009,0.762,10.741,1.000,0.000,0.0000
1068.170,-96.991,-16.040,0.317,0.009,0.761,10.741,1.000,0.000,0.0000
1068.180,-96.991,-15.929,0.317,0.009,0.761,10.741,1.000,0.000,0.0000
1068.190,-96.991,-15.818,0.317,0.009,0.761,10.741,1.000,0.000,0.0000
1068.200,-96.991,-15.707,0.317,0.009,0.761,10.741,1.000,0.000,0.0000
1068.210,-96.991,-15.596,0.317,0.009,0.761,10.741,1.000,0.000,0.0000
1068.220,-96.991,-15.485,0.317,0.009,0.761,10.741,1.000,0.000,0.0000
1068.230,-96.990,-15.374,0.317,0.009,0.761,10.741,1.000,0.000,0.0000
1068.240,-96.990,-15.262,0.317,0.009,0.761,10.741,1.000,0.000,0.0000
1068.250,-96.990,-15.151,0.317,0.009,0.761,10.741,1.000,0.000,0.0000
1068.260,-96.990,-15.040,0.317,0.009,0.761,10.741,1.000,0.000,0.0000
1068.270,-96.990,-14.929,0.317,0.009,0.761,10.741,1.000,0.000,0.0000
1068.280,-96.990,-14.818,0.317,0.009,0.760,10.741,1.000,0.000,0.0000
1068.290,-96.990,-14.707,0.317,0.009,0.760,10.741,1.000,0.000,0.0000
1068.300,-96.990,-14.596,0.317,0.009,0.760,10.741,1.000,0.000,0.0000
1068.310,-96.990,-14.485,0.317,0.009,0.760,10.741,1.000,0.000,0.0000
1068.320,-96.990,-14.374,0.317,0.009,0.760,10.741,1.000,0.000,0.0000
1068.330,-96.990,-14.263,0.317,0.009,0.760,10.741,1.000,0.000,0.0000
1068.340,-96.989,-14.151,0.317,0.009,0.760,10.741,1.000,0.000,0.0000
1068.350,-96.989,-14.040,0.317,0.009,0.760,10.741,1.000,0.000,0.0000
1068.360,-96.989,-13.929,0.317,0.009,0.760,10.741,1.000,0.000,0.0000
1068.370,-96.989,-13.818,0.317,0.009,0.760,10.741,1.000,0.000,0.0000
1068.380,-96.989,-13.707,0.317,0.009,0.760,10.741,1.000,0.000,0.0000
1068.390,-96.989,-13.596,0.317,0.009,0.759,10.741,1.000,0.000,0.0000
1068.400,-96.989,-13.485,0.317,0.009,0.759,10.741,1.000,0.000,0.0000
1068.410,-96.989,-13.374,0.317,0.009,0.759,10.741,1.000,0.000,0.0000
1068.420,-96.989,-13.263,0.317,0.009,0.759,10.741,1.000,0.000,0.0000
1068.430,-96.989,-13.152,0.317,0.009,0.759,10.741,1.000,0.000,0.0000
1068.440,-96.989,-13.040,0.317,0.009,0.759,10.741,1.000,0.000,0.0000
1068.450,-96.988,-12.929,0.317,0.009,0.759,10.741,1.000,0.000,0.0000
1068.460,-96.988,-12.818,0.317,0.009,0.759,10.741,1.000,0.000,0.0000
1068.470,-96.988,-12.707,0.317,0.009,0.759,10.741,1.000,0.000,0.0000
1068.480,-96.988,-12.596,0.317,0.009,0.759,10.741,1.000,0.000,0.0000
1068.490,-96.988,-12.485,0.317,0.009,0.759,10.741,1.000,0.000,0.0000
1068.500,-96.988,-12.374,0.317,0.009,0.759,10.741,1.000,0.000,0.0000
1068.510,-96.988,-12.263,0.317,0.009,0.758,10.741,1.000,0.000,0.0000
1068.520,-96.988,-12.152,0.317,0.009,0.758,10.741,1.000,0.000,0.0000
1068.530,-96.988,-12.041,0.317,0.009,0.758,10.741,1.000,0.000,0.0000
1068.540,-96.988,-11.930,0.317,0.009,0.758,10.741,1.000,0.000,0.0000
1068.550,-96.988,-11.818,0.317,0.009,0.758,10.741,1.000,0.000,0.0000
1068.560,-96.988,-11.707,0.317,0.009,0.758,10.741,1.000,0.000,0.0000
1068.570,-96.987,-11.596,0.317,0.009,0.758,10.741,1.000,0.000,0.0000
1068.580,-96.987,-11.485,0.317,0.009,0.758,10.741,1.000,0.000,0.0000
1068.590,-96.987,-11.374,0.317,0.009,0.758,10.741,1.000,0.000,0.0000
1068.600,-96.987,-11.263,0.317,0.009,0.758,10.741,1.000,0.000,0.0000
1068.610,-96.987,-11.152,0.317,0.009,0.758,10.741,1.000,0.000,0.0000
1068.620,-96.987,-11.041,0.317,0.009,0.757,10.741,1.000,0.000,0.0000
1068.630,-96.987,-10.930,0.317,0.009,0.757,10.741,1.000,0.000,0.0000
1068.640,-96.987,-10.819,0.317,0.009,0.757,10.741,1.000,0.000,0.0000
1068.650,-96.987,-10.707,0.317,0.009,0.757,10.740,1.000,0.000,0.0000
1068.660,-96.987,-10.596,0.317,0.009,0.757,10.740,1.000,0.000,0.0000
1068.670,-96.987,-10.485,0.317,0.009,0.757,10.740,1.000,0.000,0.0000
1068.680,-96.986,-10.374,0.317,0.009,0.757,10.740,1.000,0.000,0.0000
1068.690,-96.986,-10.263,0.317,0.009,0.757,10.740,1.000,0.000,0.0000
1068.700,-96.986,-10.152,0.317,0.009,0.757,10.740,1.000,0.000,0.0000
1068.710,-96.986,-10.041,0.317,0.009,0.757,10.740,1.000,0.000,0.0000
1068.720,-96.986,-9.930,0.317,0.009,0.757,10.740,1.000,0.000,0.0000
1068.730,-96.986,-9.819,0.317,0.009,0.756,10.740,1.000,0.000,0.0000
1068.740,-96.986,-9.708,0.317,0.009,0.756,10.740,1.000,0.000,0.0000
1068.750,-96.986,-9.596,0.317,0.009,0.756,10.740,1.000,0.000,0.0000
1068.760,-96.986,-9.485,0.317,0.009,0.756,10.740,1.000,0.000,0.0000
1068.770,-96.986,-9.374,0.317,0.009,0.756,10.740,1.000,0.000,0.0000
1068.780,-96.986,-9.263,0.317,0.009,0.756,10.740,1.000,0.000,0.0000
1068.790,-96.985,-9.152,0.317,0.009,0.756,10.740,1.000,0.000,0.0000
1068.800,-96.985,-9.041,0.317,0.009,0.756,10.740,1.000,0.000,0.0000
1068.810,-96.985,-8.930,0.317,0.009,0.756,10.740,1.000,0.000,0.0000
1068.820,-96.985,-8.819,0.317,0.009,0.756,10.740,1.000,0.000,0.0000
1068.830,-96.985,-8.708,0.317,0.009,0.756,10.740,1.000,0.000,0.0000
1068.840,-96.985,-8.597,0.317,0.009,0.755,10.740,1.000,0.000,0.0000
1068.850,-96.985,-8.485,0.317,0.009,0.755,10.740,1.000,0.000,0.0000
1068.860,-96.985,-8.374,0.317,0.009,0.755,10.740,1.000,0.000,0.0000
1068.870,-96.985,-8.263,0.317,0.009,0.755,10.740,1.000,0.000,0.0000
1068.880,-96.985,-8.152,0.317,0.009,0.755,10.740,1.000,0.000,0.0000
1068.890,-96.985,-8.041,0.317,0.009,0.755,10.740,1.000,0.000,0.0000
1068.900,-96.984,-7.930,0.317,0.009,0.755,10.740,1.000,0.000,0.0000
1068.910,-96.984,-7.819,0.317,0.009,0.755,10.740,1.000,0.000,0.0000
1068.920,-96.984,-7.708,0.317,0.009,0.755,10.740,1.000,0.000,0.0000
1068.930,-96.984,-7.597,0.317,0.009,0.755,10.740,1.000,0.000,0.0000
1068.940,-96.984,-7.486,0.317,0.009,0.755,10.740,1.000,0.000,0.0000
1068.950,-96.984,-7.374,0.317,0.009,0.755,10.740,1.000,0.000,0.0000
1068.960,-96.984,-7.263,0.317,0.009,0.754,10.740,1.000,0.000,0.0000
1068.970,-96.984,-7.152,0.317,0.009,0.754,10.740,1.000,0.000,0.0000
1068.980,-96.984,-7.041,0.317,0.009,0.754,10.740,1.000,0.000,0.0000
1068.990,-96.984,-6.930,0.317,0.009,0.754,10.740,1.000,0.000,0.0000
1069.000,-96.984,-6.819,0.317,0.009,0.754,10.740,1.000,0.000,0.0000
1069.010,-96.984,-6.708,0.317,0.009,0.754,10.740,1.000,0.000,0.0000
1069.020,-96.983,-6.597,0.317,0.009,0.754,10.740,1.000,0.000,0.0000
1069.030,-96.983,-6.486,0.317,0.009,0.754,10.740,1.000,0.000,0.0000
1069.040,-96.983,-6.375,0.317,0.009,0.754,10.740,1.000,0.000,0.0000
1069.050,-96.983,-6.263,0.317,0.009,0.754,10.740,1.000,0.000,0.0000
1069.060,-96.983,-6.152,0.317,0.009,0.754,10.740,1.000,0.000,0.0000
1069.070,-96.983,-6.041,0.317,0.009,0.753,10.740,1.000,0.000,0.0000
1069.080,-96.983,-5.930,0.317,0.009,0.753,10.740,1.000,0.000,0.0000
1069.090,-96.983,-5.819,0.317,0.009,0.753,10.740,1.000,0.000,0.0000
1069.100,-96.983,-5.708,0.317,0.009,0.753,10.740,1.000,0.000,0.0000
1069.110,-96.983,-5.597,0.317,0.009,0.753,10.740,1.000,0.000,0.0000
1069.120,-96.983,-5.486,0.317,0.009,0.753,10.740,1.000,0.000,0.0000
1069.130,-96.982,-5.375,0.317,0.009,0.753,10.740,1.000,0.000,0.0000
1069.140,-96.982,-5.264,0.317,0.009,0.753,10.740,1.000,0.000,0.0000
1069.150,-96.982,-5.152,0.317,0.009,0.753,10.740,1.000,0.000,0.0000
1069.160,-96.982,-5.041,0.317,0.009,0.753,10.740,1.000,0.000,0.0000
1069.170,-96.982,-4.930,0.317,0.009,0.753,10.740,1.000,0.000,0.0000
1069.180,-96.982,-4.819,0.317,0.009,0.752,10.740,1.000,0.000,0.0000
1069.190,-96.982,-4.708,0.317,0.009,0.752,10.740,1.000,0.000,0.0000
1069.200,-96.982,-4.597,0.317,0.009,0.752,10.740,1.000,0.000,0.0000
1069.210,-96.982,-4.486,0.317,0.009,0.752,10.740,1.000,0.000,0.0000
1069.220,-96.982,-4.375,0.317,0.009,0.752,10.740,0.940,0.000,0.0000
1069.230,-96.982,-4.264,0.317,0.010,0.752,10.740,0.880,0.000,0.0000
1069.240,-96.981,-4.153,0.317,0.014,0.752,10.740,0.820,0.000,0.0000
1069.250,-96.981,-4.043,0.317,0.020,0.752,10.740,0.760,0.000,0.0000
1069.260,-96.981,-3.933,0.318,0.028,0.752,10.739,0.700,0.000,0.0000
1069.270,-96.981,-3.823,0.318,0.036,0.752,10.739,0.640,0.000,0.0000
1069.280,-96.981,-3.714,0.318,0.042,0.752,10.739,0.580,0.000,0.0000
1069.290,-96.981,-3.605,0.319,0.048,0.752,10.738,0.520,0.000,0.0000
1069.300,-96.981,-3.497,0.319,0.052,0.752,10.738,0.460,0.000,0.0000
1069.310,-96.981,-3.389,0.320,0.055,0.751,10.737,0.400,0.000,0.0000
1069.320,-96.981,-3.282,0.320,0.057,0.751,10.737,0.340,0.000,0.0000
1069.330,-96.981,-3.175,0.321,0.058,0.751,10.736,0.280,0.000,0.0000
1069.340,-96.981,-3.068,0.321,0.058,0.751,10.735,0.220,0.000,0.0000
1069.350,-96.981,-2.961,0.322,0.057,0.751,10.735,0.160,0.000,0.0000
1069.360,-96.980,-2.855,0.323,0.055,0.751,10.734,0.100,0.000,0.0000
1069.370,-96.980,-2.750,0.323,0.053,0.751,10.734,0.040,0.000,0.0000
1069.380,-96.980,-2.645,0.324,0.050,0.751,10.733,0.000,0.000,0.0000
1069.390,-96.980,-2.540,0.324,0.047,0.751,10.733,0.000,0.000,0.0000
1069.400,-96.980,-2.436,0.325,0.044,0.751,10.732,0.000,0.000,0.0000
1069.410,-96.980,-2.332,0.325,0.040,0.751,10.732,0.000,0.000,0.0000
1069.420,-96.980,-2.228,0.325,0.036,0.751,10.732,0.000,0.000,0.0000
1069.430,-96.980,-2.125,0.326,0.031,0.751,10.731,0.000,0.000,0.0000
1069.440,-96.980,-2.023,0.326,0.027,0.751,10.731,0.000,0.000,0.0000
1069.450,-96.980,-1.920,0.326,0.022,0.751,10.731,0.000,0.000,0.0000
1069.460,-96.980,-1.818,0.326,0.018,0.750,10.731,0.000,0.000,0.0000
1069.470,-96.980,-1.717,0.326,0.014,0.750,10.731,0.000,0.000,0.0000
1069.480,-96.979,-1.616,0.326,0.011,0.750,10.730,0.000,0.000,0.0000
1069.490,-96.979,-1.515,0.326,0.009,0.750,10.730,0.000,0.000,0.0000
1069.500,-96.979,-1.415,0.326,0.008,0.750,10.730,0.000,0.000,0.0000
1069.510,-96.979,-1.315,0.326,0.009,0.750,10.730,0.000,0.000,0.0000
1069.520,-96.979,-1.216,0.326,0.011,0.750,10.730,0.000,0.000,0.0000
1069.530,-96.979,-1.117,0.326,0.013,0.750,10.731,0.000,0.000,0.0000
1069.540,-96.979,-1.018,0.326,0.015,0.750,10.731,0.000,0.000,0.0000
1069.550,-96.979,-0.920,0.326,0.017,0.750,10.731,0.000,0.000,0.0000
1069.560,-96.979,-0.822,0.326,0.019,0.750,10.731,0.000,0.000,0.0000
1069.570,-96.979,-0.724,0.326,0.020,0.750,10.731,0.000,0.000,0.0000
1069.580,-96.979,-0.627,0.325,0.021,0.749,10.731,0.000,0.000,0.0000
1069.590,-96.979,-0.531,0.325,0.022,0.749,10.732,0.000,0.000,0.0000
1069.600,-96.979,-0.434,0.325,0.022,0.749,10.732,0.000,0.000,0.0000
1069.610,-96.978,-0.339,0.325,0.022,0.749,10.732,0.000,0.000,0.0000
1069.620,-96.978,-0.243,0.324,0.022,0.749,10.732,0.000,0.000,0.0000
1069.630,-96.978,-0.148,0.324,0.022,0.749,10.732,0.000,0.000,0.0000
1069.640,-96.978,-0.053,0.324,0.021,0.749,10.733,0.000,0.000,0.0000
1069.650,-96.978,0.041,0.324,0.020,0.749,10.733,0.000,0.000,0.0000
1069.660,-96.978,0.135,0.324,0.019,0.749,10.733,0.000,0.000,0.0000
1069.670,-96.978,0.228,0.324,0.017,0.749,10.733,0.000,0.000,0.0000
1069.680,-96.978,0.321,0.323,0.016,0.749,10.733,0.000,0.000,0.0000
1069.690,-96.978,0.414,0.323,0.015,0.749,10.733,0.040,0.000,0.0000
1069.700,-96.978,0.506,0.323,0.013,0.748,10.733,0.080,0.000,0.0000
1069.710,-96.978,0.598,0.323,0.012,0.748,10.734,0.120,0.000,0.0000
1069.720,-96.978,0.690,0.323,0.010,0.748,10.734,0.160,0.000,0.0000
1069.730,-96.978,0.781,0.323,0.009,0.748,10.734,0.200,0.000,0.0000
1069.740,-96.977,0.872,0.323,0.008,0.748,10.734,0.240,0.000,0.0000
1069.750,-96.977,0.962,0.323,0.008,0.748,10.734,0.280,0.000,0.0000
1069.760,-96.977,1.052,0.323,0.007,0.748,10.734,0.320,0.000,0.0000
1069.770,-96.977,1.141,0.323,0.007,0.748,10.734,0.360,0.000,0.0000
1069.780,-96.977,1.231,0.323,0.007,0.748,10.734,0.400,0.000,0.0000
1069.790,-96.977,1.319,0.323,0.008,0.748,10.734,0.440,0.000,0.0000
1069.800,-96.977,1.408,0.323,0.008,0.748,10.734,0.480,0.000,0.0000
1069.810,-96.977,1.496,0.323,0.009,0.748,10.734,0.520,0.000,0.0080
1069.820,-96.977,1.583,0.323,0.010,0.748,10.733,0.560,0.000,0.0160
1069.830,-96.977,1.671,0.323,0.011,0.748,10.733,0.500,0.000,0.0240
1069.840,-96.977,1.757,0.323,0.012,0.747,10.733,0.440,0.000,0.0320
1069.850,-96.977,1.844,0.323,0.013,0.747,10.733,0.380,0.000,0.0400
1069.860,-96.977,1.930,0.323,0.014,0.747,10.733,0.320,0.000,0.0480
1069.870,-96.976,2.015,0.323,0.016,0.747,10.733,0.260,0.000,0.0560
1069.880,-96.976,2.100,0.324,0.018,0.747,10.733,0.200,0.000,0.0640
1069.890,-96.976,2.185,0.324,0.021,0.747,10.733,0.140,0.000,0.0720
1069.900,-96.976,2.270,0.324,0.025,0.747,10.733,0.080,0.000,0.0800
1069.910,-96.975,2.354,0.324,0.031,0.746,10.733,0.020,0.000,0.0880
1069.920,-96.975,2.437,0.324,0.037,0.746,10.733,0.000,0.000,0.0960
1069.930,-96.975,2.520,0.324,0.044,0.745,10.732,0.000,0.000,0.1040
1069.940,-96.974,2.603,0.324,0.052,0.745,10.732,0.000,0.000,0.1120
1069.950,-96.974,2.686,0.324,0.062,0.744,10.732,0.000,0.000,0.1200
1069.960,-96.973,2.767,0.324,0.072,0.744,10.732,0.000,0.000,0.1280
1069.970,-96.972,2.849,0.324,0.084,0.743,10.732,0.000,0.000,0.1360
1069.980,-96.971,2.930,0.324,0.096,0.742,10.732,0.000,0.000,0.1440
1069.990,-96.970,3.011,0.324,0.110,0.741,10.732,0.000,0.000,0.1520
1070.000,-96.969,3.091,0.324,0.124,0.739,10.731,0.000,0.000,0.1600
1070.010,-96.967,3.171,0.324,0.139,0.738,10.731,0.000,0.000,0.1680
1070.020,-96.966,3.250,0.324,0.155,0.737,10.731,0.000,0.000,0.1760
1070.030,-96.964,3.329,0.324,0.172,0.735,10.731,0.000,0.000,0.1840
1070.040,-96.962,3.408,0.324,0.190,0.733,10.731,0.000,0.000,0.1920
1070.050,-96.960,3.486,0.324,0.209,0.731,10.731,0.000,0.000,0.2000
1070.060,-96.958,3.564,0.324,0.230,0.729,10.730,0.000,0.000,0.2080
1070.070,-96.955,3.641,0.324,0.251,0.726,10.730,0.000,0.000,0.2160
1070.080,-96.952,3.718,0.325,0.274,0.723,10.730,0.000,0.000,0.2240
1070.090,-96.950,3.794,0.325,0.297,0.720,10.730,0.000,0.000,0.2320
1070.100,-96.946,3.870,0.325,0.323,0.717,10.729,0.000,0.000,0.2400
1070.110,-96.943,3.945,0.325,0.351,0.714,10.729,0.000,0.000,0.2480
1070.120,-96.939,4.019,0.325,0.380,0.710,10.728,0.000,0.000,0.2560
1070.130,-96.935,4.093,0.325,0.410,0.706,10.728,0.000,0.000,0.2640
1070.140,-96.931,4.166,0.325,0.425,0.702,10.727,0.000,0.000,0.2720
1070.150,-96.926,4.239,0.326,0.467,0.697,10.727,0.000,0.000,0.2800
1070.160,-96.921,4.311,0.326,0.486,0.692,10.726,0.000,0.000,0.2880
1070.170,-96.916,4.382,0.326,0.511,0.687,10.725,0.000,0.000,0.2580
1070.180,-96.910,4.452,0.326,0.562,0.681,10.724,0.000,0.000,0.2280
1070.190,-96.905,4.523,0.327,0.585,0.676,10.724,0.000,0.000,0.1980
1070.200,-96.898,4.592,0.327,0.633,0.669,10.723,0.000,0.000,0.1680
1070.210,-96.892,4.662,0.327,0.669,0.663,10.722,0.000,0.000,0.1380
1070.220,-96.885,4.731,0.327,0.700,0.656,10.722,0.000,0.000,0.1080
1070.230,-96.877,4.801,0.327,0.726,0.648,10.721,0.000,0.000,0.0780
1070.240,-96.870,4.869,0.326,0.748,0.641,10.721,0.000,0.000,0.0480
1070.250,-96.862,4.938,0.326,0.766,0.633,10.721,0.000,0.000,0.0180
1070.260,-96.854,5.005,0.326,0.782,0.625,10.720,0.000,0.000,0.0000
1070.270,-96.846,5.073,0.326,0.794,0.617,10.720,0.000,0.000,0.0000
1070.280,-96.838,5.140,0.326,0.808,0.609,10.719,0.000,0.000,0.0000
1070.290,-96.830,5.207,0.325,0.823,0.601,10.719,0.000,0.000,0.0000
1070.300,-96.822,5.273,0.325,0.837,0.593,10.719,0.000,0.000,0.0000
1070.310,-96.813,5.340,0.325,0.851,0.584,10.718,0.000,0.000,0.0000
1070.320,-96.805,5.406,0.324,0.864,0.576,10.718,0.000,0.000,0.0000
1070.330,-96.796,5.472,0.324,0.875,0.567,10.718,0.000,0.000,0.0000
1070.340,-96.787,5.538,0.323,0.884,0.558,10.718,0.000,0.000,0.0000
1070.350,-96.778,5.604,0.323,0.889,0.549,10.718,0.000,0.000,0.0000
1070.360,-96.769,5.669,0.322,0.891,0.540,10.717,0.000,0.000,0.0000
1070.370,-96.760,5.734,0.322,0.891,0.531,10.717,0.000,0.000,0.0000
1070.380,-96.751,5.799,0.321,0.890,0.522,10.717,0.000,0.000,0.0000
1070.390,-96.743,5.864,0.321,0.889,0.514,10.717,0.000,0.000,0.0000
1070.400,-96.734,5.928,0.321,0.889,0.505,10.716,0.000,0.000,0.0000
1070.410,-96.725,5.992,0.320,0.888,0.496,10.716,0.000,0.000,0.0000
1070.420,-96.716,6.056,0.320,0.887,0.487,10.716,0.000,0.000,0.0000
1070.430,-96.707,6.119,0.320,0.884,0.478,10.715,0.000,0.000,0.0000
1070.440,-96.698,6.182,0.320,0.881,0.469,10.715,0.000,0.000,0.0000
1070.450,-96.690,6.245,0.320,0.877,0.461,10.714,0.000,0.000,0.0000
1070.460,-96.681,6.307,0.320,0.872,0.452,10.714,0.000,0.000,0.0000
1070.470,-96.672,6.369,0.320,0.864,0.443,10.713,0.000,0.000,0.0000
1070.480,-96.664,6.430,0.320,0.855,0.435,10.712,0.000,0.000,0.0000
1070.490,-96.655,6.491,0.320,0.847,0.426,10.712,0.040,0.000,0.0000
1070.500,-96.647,6.551,0.321,0.840,0.418,10.711,0.080,0.000,0.0000
1070.510,-96.638,6.611,0.321,0.834,0.410,10.710,0.120,0.000,0.0000
1070.520,-96.630,6.670,0.321,0.827,0.401,10.709,0.160,0.000,0.0000
1070.530,-96.622,6.729,0.322,0.819,0.393,10.708,0.200,0.000,0.0000
1070.540,-96.614,6.787,0.322,0.812,0.385,10.707,0.240,0.000,0.0000
1070.550,-96.606,6.845,0.323,0.804,0.377,10.707,0.280,0.000,0.0000
1070.560,-96.598,6.903,0.323,0.797,0.369,10.706,0.320,0.000,0.0000
1070.570,-96.590,6.960,0.323,0.790,0.362,10.705,0.360,0.000,0.0000
1070.580,-96.582,7.017,0.324,0.783,0.354,10.704,0.400,0.000,0.0000
1070.590,-96.574,7.074,0.324,0.776,0.346,10.703,0.440,0.000,0.0000
1070.600,-96.567,7.130,0.324,0.770,0.339,10.703,0.480,0.000,0.0000
1070.610,-96.559,7.186,0.325,0.764,0.331,10.702,0.520,0.000,0.0000
1070.620,-96.552,7.241,0.325,0.762,0.323,10.702,0.560,0.000,0.0000
1070.630,-96.544,7.297,0.325,0.764,0.316,10.701,0.600,0.000,0.0000
1070.640,-96.536,7.353,0.324,0.769,0.308,10.701,0.640,0.000,0.0000
1070.650,-96.528,7.410,0.324,0.775,0.300,10.701,0.680,0.000,0.0000
1070.660,-96.521,7.466,0.324,0.784,0.293,10.701,0.720,0.000,0.0000
1070.670,-96.513,7.524,0.323,0.793,0.285,10.702,0.760,0.000,0.0000
1070.680,-96.505,7.581,0.322,0.803,0.277,10.702,0.800,0.000,0.0000
1070.690,-96.497,7.639,0.321,0.813,0.268,10.703,0.840,0.000,0.0000
1070.700,-96.489,7.698,0.320,0.823,0.260,10.703,0.880,0.000,0.0000
1070.710,-96.480,7.756,0.319,0.832,0.252,10.704,0.920,0.000,0.0000
1070.720,-96.472,7.816,0.317,0.841,0.244,10.705,0.960,0.000,0.0000
1070.730,-96.464,7.875,0.316,0.850,0.235,10.706,1.000,0.000,0.0000
1070.740,-96.455,7.935,0.315,0.859,0.226,10.707,1.000,0.000,0.0000
1070.750,-96.446,7.996,0.314,0.868,0.218,10.708,1.000,0.000,0.0000
1070.760,-96.438,8.056,0.313,0.875,0.209,10.708,1.000,0.000,0.0000
1070.770,-96.429,8.117,0.311,0.880,0.200,10.709,1.000,0.000,0.0000
1070.780,-96.420,8.179,0.310,0.887,0.191,10.710,1.000,0.000,0.0000
1070.790,-96.411,8.241,0.310,0.894,0.182,10.710,1.000,0.000,0.0000
1070.800,-96.402,8.303,0.309,0.900,0.173,10.711,1.000,0.000,0.0000
1070.810,-96.393,8.365,0.308,0.907,0.164,10.711,1.000,0.000,0.0000
1070.820,-96.384,8.428,0.307,0.912,0.155,10.712,1.000,0.000,0.0000
1070.830,-96.375,8.492,0.307,0.918,0.146,10.712,1.000,0.000,0.0000
1070.840,-96.366,8.556,0.306,0.923,0.137,10.712,1.000,0.000,0.0000
1070.850,-96.357,8.620,0.306,0.928,0.128,10.712,1.000,0.000,0.0000
1070.860,-96.347,8.685,0.305,0.933,0.118,10.712,1.000,0.000,0.0000
1070.870,-96.338,8.750,0.305,0.937,0.109,10.712,1.000,0.000,0.0000
1070.880,-96.329,8.816,0.305,0.942,0.100,10.712,1.000,0.000,0.0000
1070.890,-96.319,8.882,0.305,0.946,0.090,10.712,1.000,0.000,0.0000
1070.900,-96.310,8.949,0.305,0.950,0.081,10.712,1.000,0.000,0.0000
1070.910,-96.300,9.015,0.305,0.955,0.072,10.711,1.000,0.000,0.0000
1070.920,-96.290,9.083,0.305,0.958,0.062,10.711,1.000,0.000,0.0000
1070.930,-96.281,9.151,0.305,0.960,0.053,10.710,1.000,0.000,0.0000
1070.940,-96.271,9.219,0.306,0.962,0.044,10.710,1.000,0.000,0.0000
1070.950,-96.262,9.287,0.306,0.964,0.035,10.709,1.000,0.000,0.0000
1070.960,-96.252,9.356,0.306,0.966,0.027,10.709,1.000,0.000,0.0080
1070.970,-96.242,9.425,0.307,0.969,0.021,10.708,1.000,0.000,0.0160
1070.980,-96.233,9.495,0.307,0.973,0.017,10.707,1.000,0.000,0.0240
1070.990,-96.223,9.565,0.308,0.978,0.019,10.707,1.000,0.000,0.0320
1071.000,-96.213,9.636,0.308,0.984,0.025,10.706,1.000,0.000,0.0400
1071.010,-96.203,9.707,0.309,0.991,0.033,10.705,1.000,0.000,0.0480
1071.020,-96.193,9.778,0.309,0.999,0.042,10.705,1.000,0.000,0.0560
1071.030,-96.183,9.851,0.309,1.007,0.051,10.704,1.000,0.000,0.0640
1071.040,-96.173,9.923,0.310,1.017,0.060,10.704,1.000,0.000,0.0720
1071.050,-96.163,9.996,0.310,1.032,0.070,10.703,1.000,0.000,0.0800
1071.060,-96.152,10.069,0.310,1.044,0.080,10.703,1.000,0.000,0.0880
1071.070,-96.142,10.142,0.310,1.050,0.091,10.702,1.000,0.000,0.0960
1071.080,-96.131,10.216,0.311,1.059,0.101,10.702,1.000,0.000,0.1040
1071.090,-96.120,10.290,0.311,1.066,0.112,10.701,1.000,0.000,0.1120
1071.100,-96.110,10.363,0.312,1.076,0.122,10.701,1.000,0.000,0.1200
1071.110,-96.099,10.437,0.312,1.090,0.133,10.700,1.000,0.000,0.1280
1071.120,-96.088,10.512,0.312,1.108,0.144,10.700,1.000,0.000,0.1360
1071.130,-96.076,10.586,0.313,1.127,0.155,10.699,1.000,0.000,0.1440
1071.140,-96.065,10.661,0.313,1.146,0.167,10.699,1.000,0.000,0.1520
1071.150,-96.053,10.735,0.313,1.166,0.178,10.699,1.000,0.000,0.1600
1071.160,-96.041,10.811,0.314,1.187,0.190,10.698,1.000,0.000,0.1680
1071.170,-96.029,10.886,0.314,1.209,0.202,10.698,1.000,0.000,0.1760
1071.180,-96.017,10.962,0.314,1.232,0.214,10.698,1.000,0.000,0.1840
1071.190,-96.004,11.038,0.314,1.256,0.227,10.698,1.000,0.000,0.1920
1071.200,-95.992,11.115,0.314,1.280,0.240,10.698,1.000,0.000,0.2000
1071.210,-95.979,11.191,0.314,1.306,0.253,10.698,1.000,0.000,0.2080
1071.220,-95.965,11.268,0.314,1.334,0.266,10.698,1.000,0.000,0.2160
1071.230,-95.952,11.346,0.314,1.362,0.279,10.698,1.000,0.000,0.2240
1071.240,-95.938,11.423,0.314,1.391,0.293,10.698,1.000,0.000,0.2320
1071.250,-95.924,11.501,0.314,1.414,0.307,10.699,1.000,0.000,0.2400
1071.260,-95.909,11.580,0.313,1.476,0.322,10.699,1.000,0.000,0.2480
1071.270,-95.894,11.659,0.313,1.520,0.337,10.700,1.000,0.000,0.2560
1071.280,-95.878,11.739,0.312,1.559,0.353,10.701,1.000,0.000,0.2640
1071.290,-95.862,11.820,0.312,1.596,0.369,10.701,1.000,0.000,0.2720
1071.300,-95.846,11.901,0.311,1.634,0.385,10.702,1.000,0.000,0.2800
1071.310,-95.829,11.981,0.311,1.675,0.402,10.703,1.000,0.000,0.2500
1071.320,-95.812,12.062,0.310,1.719,0.419,10.703,1.000,0.000,0.2200
1071.330,-95.794,12.143,0.310,1.765,0.436,10.704,1.000,0.000,0.1900
1071.340,-95.776,12.223,0.310,1.810,0.454,10.704,1.000,0.000,0.1600
1071.350,-95.758,12.304,0.311,1.853,0.473,10.704,1.000,0.000,0.1300
1071.360,-95.739,12.383,0.311,1.894,0.492,10.704,0.940,0.000,0.1000
1071.370,-95.719,12.463,0.311,1.935,0.511,10.704,0.880,0.000,0.0700
1071.380,-95.699,12.543,0.312,1.983,0.531,10.705,0.820,0.000,0.0400
1071.390,-95.679,12.623,0.312,2.035,0.551,10.705,0.760,0.000,0.0100
1071.400,-95.658,12.704,0.312,2.097,0.572,10.705,0.700,0.000,0.0000
1071.410,-95.636,12.786,0.312,2.164,0.594,10.706,0.640,0.000,0.0000
1071.420,-95.614,12.868,0.312,2.227,0.616,10.707,0.580,0.000,0.0000
1071.430,-95.591,12.950,0.312,2.277,0.639,10.708,0.520,0.000,0.0000
1071.440,-95.568,13.032,0.312,2.313,0.662,10.709,0.460,0.000,0.0000
1071.450,-95.545,13.114,0.312,2.337,0.685,10.709,0.400,0.000,0.0000
1071.460,-95.521,13.196,0.313,2.353,0.709,10.710,0.340,0.000,0.0000
1071.470,-95.498,13.278,0.313,2.361,0.733,10.711,0.280,0.000,0.0000
1071.480,-95.474,13.359,0.313,2.366,0.756,10.712,0.220,0.000,0.0000
1071.490,-95.450,13.440,0.314,2.368,0.780,10.712,0.160,0.000,0.0000
1071.500,-95.427,13.520,0.315,2.369,0.804,10.713,0.100,0.000,0.0000
1071.510,-95.403,13.600,0.315,2.368,0.827,10.713,0.040,0.000,0.0000
1071.520,-95.379,13.680,0.316,2.365,0.851,10.714,0.000,0.000,0.0000
1071.530,-95.356,13.759,0.317,2.360,0.875,10.714,0.000,0.000,0.0000
1071.540,-95.332,13.838,0.318,2.354,0.898,10.715,0.040,0.000,0.0000
1071.550,-95.309,13.917,0.319,2.346,0.922,10.715,0.080,0.000,0.0000
1071.560,-95.286,13.995,0.320,2.336,0.945,10.716,0.120,0.000,0.0000
1071.570,-95.262,14.072,0.321,2.312,0.968,10.717,0.160,0.000,0.0000
1071.580,-95.240,14.149,0.322,2.289,0.991,10.717,0.200,0.000,0.0000
1071.590,-95.217,14.225,0.323,2.268,1.014,10.718,0.240,0.000,0.0000
1071.600,-95.194,14.300,0.324,2.249,1.036,10.718,0.280,0.000,0.0000
1071.610,-95.172,14.376,0.325,2.234,1.058,10.719,0.320,0.000,0.0000
1071.620,-95.150,14.451,0.326,2.220,1.081,10.720,0.360,0.000,0.0000
1071.630,-95.128,14.525,0.327,2.208,1.103,10.721,0.400,0.000,0.0000
1071.640,-95.106,14.600,0.327,2.196,1.125,10.722,0.440,0.000,0.0000
1071.650,-95.084,14.674,0.328,2.185,1.147,10.723,0.480,0.000,0.0000
1071.660,-95.062,14.747,0.328,2.175,1.168,10.725,0.520,0.000,0.0000
1071.670,-95.041,14.821,0.328,2.164,1.190,10.727,0.560,0.000,0.0000
1071.680,-95.019,14.894,0.329,2.154,1.211,10.728,0.600,0.000,0.0000
1071.690,-94.998,14.966,0.329,2.144,1.233,10.730,0.640,0.000,0.0000
1071.700,-94.976,15.038,0.329,2.135,1.254,10.732,0.680,0.000,0.0000
1071.710,-94.955,15.110,0.329,2.134,1.276,10.734,0.720,0.000,0.0000
1071.720,-94.934,15.182,0.328,2.138,1.297,10.737,0.760,0.000,0.0000
1071.730,-94.912,15.254,0.328,2.149,1.318,10.739,0.800,0.000,0.0000
1071.740,-94.891,15.327,0.327,2.160,1.340,10.742,0.840,0.000,0.0000
1071.750,-94.869,15.399,0.326,2.176,1.362,10.745,0.880,0.000,0.0000
1071.760,-94.847,15.472,0.325,2.193,1.383,10.749,0.920,0.000,0.0000
1071.770,-94.825,15.546,0.324,2.212,1.406,10.752,0.960,0.000,0.0000
1071.780,-94.803,15.619,0.323,2.230,1.428,10.756,1.000,0.000,0.0000
1071.790,-94.780,15.694,0.321,2.247,1.450,10.760,1.000,0.000,0.0000
1071.800,-94.758,15.768,0.320,2.263,1.473,10.764,1.000,0.000,0.0000
1071.810,-94.735,15.843,0.318,2.278,1.495,10.768,1.000,0.000,0.0080
1071.820,-94.712,15.918,0.317,2.292,1.518,10.773,1.000,0.000,0.0160
1071.830,-94.689,15.994,0.315,2.304,1.541,10.777,1.000,0.000,0.0240
1071.840,-94.666,16.070,0.314,2.315,1.564,10.781,1.000,0.000,0.0320
1071.850,-94.643,16.147,0.312,2.325,1.587,10.785,1.000,0.000,0.0400
1071.860,-94.619,16.223,0.311,2.334,1.611,10.790,1.000,0.000,0.0480
1071.870,-94.596,16.300,0.310,2.344,1.634,10.794,1.000,0.000,0.0560
1071.880,-94.573,16.378,0.309,2.354,1.658,10.798,1.000,0.000,0.0640
1071.890,-94.549,16.455,0.308,2.373,1.681,10.802,1.000,0.000,0.0720
1071.900,-94.525,16.534,0.307,2.390,1.705,10.806,1.000,0.000,0.0800
1071.910,-94.501,16.613,0.306,2.406,1.729,10.811,1.000,0.000,0.0880
1071.920,-94.477,16.692,0.305,2.422,1.753,10.815,1.000,0.000,0.0960
1071.930,-94.452,16.772,0.304,2.441,1.778,10.819,1.000,0.000,0.1040
1071.940,-94.428,16.853,0.304,2.461,1.802,10.823,1.000,0.000,0.1120
1071.950,-94.403,16.934,0.303,2.483,1.827,10.827,1.000,0.000,0.1200
1071.960,-94.378,17.015,0.303,2.506,1.852,10.831,1.000,0.000,0.1280
1071.970,-94.352,17.097,0.303,2.531,1.878,10.835,1.000,0.000,0.1360
1071.980,-94.327,17.180,0.303,2.556,1.903,10.839,1.000,0.000,0.1440
1071.990,-94.301,17.262,0.303,2.584,1.929,10.843,1.000,0.000,0.1520
1072.000,-94.275,17.345,0.303,2.613,1.955,10.847,1.000,0.000,0.1600
1072.010,-94.249,17.429,0.303,2.643,1.982,10.851,1.000,0.000,0.1680
1072.020,-94.222,17.512,0.303,2.650,2.008,10.855,1.000,0.000,0.1760
1072.030,-94.195,17.595,0.304,2.664,2.035,10.859,1.000,0.000,0.1840
1072.040,-94.169,17.677,0.305,2.686,2.061,10.862,1.000,0.000,0.1920
1072.050,-94.141,17.759,0.306,2.714,2.089,10.866,1.000,0.000,0.2000
1072.060,-94.114,17.842,0.307,2.748,2.116,10.870,1.000,0.000,0.2080
1072.070,-94.086,17.924,0.308,2.787,2.144,10.873,1.000,0.000,0.2160
1072.080,-94.058,18.007,0.309,2.828,2.172,10.877,1.000,0.000,0.2240
1072.090,-94.029,18.090,0.310,2.872,2.201,10.882,1.000,0.000,0.2320
1072.100,-94.000,18.173,0.311,2.918,2.230,10.886,1.000,0.000,0.2400
1072.110,-93.970,18.256,0.312,2.966,2.260,10.891,1.000,0.000,0.2480
1072.120,-93.940,18.339,0.313,3.014,2.290,10.895,1.000,0.000,0.2560
1072.130,-93.910,18.423,0.314,3.063,2.321,10.901,1.000,0.000,0.2640
1072.140,-93.879,18.506,0.314,3.111,2.352,10.906,1.000,0.000,0.2720
1072.150,-93.847,18.590,0.315,3.158,2.383,10.912,1.000,0.000,0.2800
1072.160,-93.815,18.674,0.316,3.204,2.415,10.917,1.000,0.000,0.2880
1072.170,-93.782,18.757,0.316,3.250,2.448,10.923,1.000,0.000,0.2960
1072.180,-93.749,18.840,0.317,3.298,2.481,10.930,1.000,0.000,0.3040
1072.190,-93.716,18.924,0.317,3.391,2.515,10.936,1.000,0.000,0.3120
1072.200,-93.681,19.008,0.317,3.413,2.549,10.943,1.000,0.000,0.3200
1072.210,-93.646,19.092,0.317,3.508,2.584,10.951,1.000,0.000,0.3280
1072.220,-93.611,19.177,0.317,3.576,2.620,10.959,1.000,0.000,0.3360
1072.230,-93.574,19.261,0.317,3.641,2.656,10.967,1.000,0.000,0.3440
1072.240,-93.537,19.346,0.317,3.701,2.693,10.975,1.000,0.000,0.3520
1072.250,-93.500,19.430,0.317,3.757,2.731,10.984,1.000,0.000,0.3600
1072.260,-93.461,19.514,0.317,3.805,2.769,10.993,1.000,0.000,0.3680
1072.270,-93.423,19.597,0.317,3.846,2.807,11.001,1.000,0.000,0.3760
1072.280,-93.384,19.679,0.317,3.893,2.846,11.010,1.000,0.000,0.3840
1072.290,-93.345,19.761,0.317,3.945,2.885,11.019,1.000,0.000,0.3920
1072.300,-93.305,19.842,0.318,4.001,2.925,11.029,1.000,0.000,0.4000
1072.310,-93.264,19.923,0.318,4.060,2.966,11.038,1.000,0.000,0.4080
1072.320,-93.223,20.004,0.319,4.122,3.007,11.048,1.000,0.000,0.4160
1072.330,-93.181,20.084,0.319,4.187,3.049,11.058,0.940,0.000,0.4240
1072.340,-93.138,20.163,0.319,4.254,3.092,11.069,0.880,0.000,0.3940
1072.350,-93.095,20.243,0.320,4.323,3.135,11.080,0.820,0.000,0.3640
1072.360,-93.051,20.322,0.320,4.393,3.179,11.091,0.760,0.000,0.3340
1072.370,-93.007,20.400,0.320,4.462,3.223,11.103,0.700,0.000,0.3040
1072.380,-92.961,20.478,0.321,4.530,3.269,11.115,0.640,0.000,0.2740
1072.390,-92.915,20.555,0.321,4.598,3.315,11.127,0.580,0.000,0.2440
1072.400,-92.869,20.632,0.321,4.667,3.361,11.140,0.520,0.000,0.2140
1072.410,-92.821,20.708,0.322,4.739,3.409,11.153,0.460,0.000,0.1840
1072.420,-92.773,20.784,0.322,4.813,3.457,11.166,0.400,0.000,0.1540
1072.430,-92.724,20.860,0.322,4.892,3.506,11.180,0.340,0.000,0.1240
1072.440,-92.675,20.935,0.322,4.974,3.556,11.195,0.280,0.000,0.0940
1072.450,-92.624,21.010,0.322,5.041,3.606,11.210,0.220,0.000,0.0640
1072.460,-92.573,21.084,0.322,5.122,3.657,11.226,0.160,0.000,0.0340
1072.470,-92.521,21.158,0.322,5.182,3.709,11.242,0.100,0.000,0.0040
1072.480,-92.469,21.232,0.322,5.250,3.762,11.258,0.040,0.000,0.0000
1072.490,-92.415,21.306,0.322,5.334,3.815,11.275,0.000,0.000,0.0000
1072.500,-92.361,21.380,0.321,5.420,3.869,11.293,0.000,0.000,0.0000
1072.510,-92.306,21.454,0.320,5.495,3.924,11.312,0.000,0.000,0.0000
1072.520,-92.251,21.528,0.320,5.550,3.979,11.331,0.000,0.000,0.0000
1072.530,-92.195,21.602,0.319,5.587,4.035,11.350,0.000,0.000,0.0000
1072.540,-92.139,21.676,0.318,5.611,4.091,11.370,0.000,0.000,0.0000
1072.550,-92.082,21.750,0.317,5.623,4.148,11.390,0.000,0.000,0.0000
1072.560,-92.026,21.823,0.317,5.627,4.204,11.410,0.000,0.000,0.0000
1072.570,-91.970,21.896,0.316,5.625,4.260,11.430,0.000,0.000,0.0000
1072.580,-91.914,21.968,0.316,5.619,4.316,11.450,0.000,0.000,0.0000
1072.590,-91.858,22.040,0.316,5.610,4.372,11.470,0.000,0.000,0.0000
1072.600,-91.802,22.112,0.316,5.599,4.428,11.491,0.000,0.000,0.0000
1072.610,-91.746,22.184,0.316,5.584,4.484,11.511,0.000,0.000,0.0000
1072.620,-91.690,22.255,0.316,5.567,4.540,11.532,0.000,0.000,0.0000
1072.630,-91.635,22.326,0.316,5.547,4.595,11.552,0.000,0.000,0.0000
1072.640,-91.579,22.397,0.317,5.524,4.651,11.573,0.000,0.000,0.0000
1072.650,-91.524,22.467,0.317,5.498,4.706,11.594,0.000,0.000,0.0000
1072.660,-91.470,22.536,0.318,5.444,4.760,11.614,0.000,0.000,0.0000
1072.670,-91.416,22.605,0.318,5.398,4.814,11.635,0.000,0.000,0.0000
1072.680,-91.362,22.674,0.319,5.362,4.868,11.655,0.000,0.000,0.0000
1072.690,-91.309,22.742,0.320,5.334,4.921,11.676,0.000,0.000,0.0000
1072.700,-91.256,22.810,0.321,5.312,4.974,11.696,0.000,0.000,0.0000
1072.710,-91.203,22.878,0.322,5.293,5.027,11.717,0.000,0.000,0.0000
1072.720,-91.150,22.945,0.322,5.275,5.080,11.738,0.000,0.000,0.0000
1072.730,-91.098,23.013,0.323,5.257,5.132,11.759,0.000,0.000,0.0000
1072.740,-91.045,23.080,0.324,5.238,5.185,11.781,0.000,0.000,0.0000
1072.750,-90.993,23.146,0.324,5.218,5.237,11.802,0.000,0.000,0.0000
1072.760,-90.941,23.213,0.325,5.197,5.289,11.824,0.000,0.000,0.0000
1072.770,-90.890,23.279,0.325,5.174,5.341,11.846,0.040,0.000,0.0000
1072.780,-90.838,23.345,0.326,5.149,5.392,11.868,0.080,0.000,0.0000
1072.790,-90.787,23.410,0.326,5.124,5.443,11.890,0.120,0.000,0.0000
1072.800,-90.736,23.475,0.326,5.095,5.494,11.912,0.160,0.000,0.0000
1072.810,-90.685,23.540,0.327,5.070,5.545,11.934,0.200,0.000,0.0000
1072.820,-90.635,23.604,0.327,5.050,5.595,11.957,0.240,0.000,0.0000
1072.830,-90.584,23.667,0.327,5.033,5.646,11.979,0.280,0.000,0.0000
1072.840,-90.534,23.731,0.327,5.018,5.696,12.002,0.320,0.000,0.0000
1072.850,-90.484,23.794,0.327,5.003,5.746,12.025,0.360,0.000,0.0000
1072.860,-90.434,23.856,0.327,4.988,5.796,12.048,0.400,0.000,0.0000
1072.870,-90.384,23.919,0.327,4.972,5.846,12.071,0.440,0.000,0.0000
1072.880,-90.335,23.981,0.327,4.955,5.895,12.094,0.480,0.000,0.0000
1072.890,-90.286,24.043,0.327,4.935,5.945,12.117,0.520,0.000,0.0000
1072.900,-90.236,24.104,0.326,4.914,5.994,12.141,0.560,0.000,0.0000
1072.910,-90.188,24.166,0.326,4.890,6.043,12.164,0.600,0.000,0.0000
1072.920,-90.139,24.227,0.326,4.865,6.091,12.188,0.640,0.000,0.0000
1072.930,-90.091,24.287,0.326,4.839,6.140,12.211,0.680,0.000,0.0000
1072.940,-90.042,24.347,0.325,4.812,6.188,12.235,0.720,0.000,0.0000
1072.950,-89.994,24.407,0.325,4.789,6.236,12.259,0.760,0.000,0.0000
1072.960,-89.947,24.467,0.325,4.782,6.283,12.283,0.800,0.000,0.0000
1072.970,-89.899,24.527,0.324,4.789,6.331,12.307,0.840,0.000,0.0000
1072.980,-89.851,24.588,0.324,4.806,6.379,12.331,0.880,0.000,0.0000
1072.990,-89.802,24.648,0.323,4.830,6.428,12.356,0.920,0.000,0.0000
1073.000,-89.754,24.709,0.322,4.858,6.476,12.381,0.960,0.000,0.0000
1073.010,-89.705,24.771,0.321,4.887,6.525,12.407,1.000,0.000,0.0000
1073.020,-89.656,24.833,0.319,4.916,6.574,12.433,1.000,0.000,0.0000
1073.030,-89.606,24.895,0.318,4.945,6.624,12.459,1.000,0.000,0.0000
1073.040,-89.557,24.958,0.317,4.973,6.673,12.486,1.000,0.000,0.0000
1073.050,-89.507,25.021,0.315,5.000,6.723,12.513,1.000,0.000,0.0000
1073.060,-89.456,25.084,0.314,5.026,6.774,12.540,1.000,0.000,0.0000
1073.070,-89.406,25.147,0.313,5.051,6.824,12.568,1.000,0.000,0.0000
1073.080,-89.355,25.211,0.312,5.074,6.875,12.596,1.000,0.000,0.0000
1073.090,-89.304,25.275,0.311,5.097,6.926,12.624,1.000,0.000,0.0000
1073.100,-89.253,25.340,0.310,5.115,6.977,12.652,1.000,0.000,0.0080
1073.110,-89.202,25.404,0.309,5.132,7.028,12.680,1.000,0.000,0.0160
1073.120,-89.150,25.469,0.308,5.155,7.080,12.708,1.000,0.000,0.0240
1073.130,-89.099,25.534,0.307,5.181,7.132,12.737,1.000,0.000,0.0320
1073.140,-89.046,25.599,0.307,5.210,7.184,12.765,1.000,0.000,0.0400
1073.150,-88.994,25.665,0.306,5.240,7.236,12.794,1.000,0.000,0.0480
1073.160,-88.941,25.730,0.306,5.271,7.289,12.824,1.000,0.000,0.0560
1073.170,-88.888,25.797,0.305,5.303,7.342,12.853,1.000,0.000,0.0640
1073.180,-88.835,25.863,0.305,5.334,7.395,12.883,1.000,0.000,0.0720
1073.190,-88.781,25.930,0.305,5.363,7.449,12.913,1.000,0.000,0.0800
1073.200,-88.727,25.997,0.305,5.392,7.503,12.943,1.000,0.000,0.0880
1073.210,-88.673,26.064,0.305,5.419,7.557,12.974,1.000,0.000,0.0960
1073.220,-88.619,26.132,0.305,5.445,7.611,13.004,1.000,0.000,0.1040
1073.230,-88.564,26.199,0.306,5.470,7.666,13.035,1.000,0.000,0.1120
1073.240,-88.509,26.267,0.306,5.494,7.721,13.067,1.000,0.000,0.1200
1073.250,-88.454,26.335,0.306,5.551,7.776,13.098,1.000,0.000,0.1280
1073.260,-88.398,26.404,0.307,5.564,7.832,13.130,1.000,0.000,0.1360
1073.270,-88.342,26.473,0.307,5.633,7.888,13.163,1.000,0.000,0.1440
1073.280,-88.285,26.542,0.307,5.696,7.945,13.196,1.000,0.000,0.1520
1073.290,-88.227,26.612,0.307,5.754,8.003,13.229,1.000,0.000,0.1600
1073.300,-88.169,26.683,0.307,5.807,8.061,13.263,1.000,0.000,0.1680
1073.310,-88.110,26.753,0.308,5.856,8.120,13.298,1.000,0.000,0.1760
1073.320,-88.051,26.824,0.308,5.904,8.179,13.333,1.000,0.000,0.1840
1073.330,-87.992,26.895,0.308,5.951,8.238,13.368,1.000,0.000,0.1920
1073.340,-87.932,26.966,0.308,5.996,8.298,13.404,1.000,0.000,0.2000
1073.350,-87.872,27.037,0.308,6.043,8.358,13.440,1.000,0.000,0.2080
1073.360,-87.811,27.108,0.309,6.063,8.419,13.477,0.940,0.000,0.2160
1073.370,-87.751,27.178,0.310,6.039,8.479,13.513,0.880,0.000,0.2240
1073.380,-87.690,27.247,0.310,6.025,8.540,13.549,0.820,0.000,0.2320
1073.390,-87.630,27.316,0.311,6.027,8.600,13.585,0.760,0.000,0.2400
1073.400,-87.570,27.384,0.313,6.036,8.660,13.622,0.700,0.000,0.2480
1073.410,-87.509,27.452,0.314,6.050,8.721,13.658,0.640,0.000,0.2560
1073.420,-87.449,27.519,0.315,6.065,8.781,13.695,0.580,0.000,0.2640
1073.430,-87.388,27.586,0.316,6.077,8.842,13.732,0.520,0.000,0.2340
1073.440,-87.327,27.652,0.318,6.096,8.903,13.769,0.460,0.000,0.2040
1073.450,-87.266,27.717,0.319,6.121,8.964,13.807,0.400,0.000,0.1740
1073.460,-87.204,27.782,0.320,6.148,9.026,13.845,0.340,0.000,0.1440
1073.470,-87.142,27.847,0.321,6.177,9.088,13.884,0.280,0.000,0.1140
1073.480,-87.080,27.911,0.322,6.205,9.150,13.922,0.220,0.000,0.0840
1073.490,-87.018,27.974,0.323,6.232,9.212,13.962,0.160,0.000,0.0540
1073.500,-86.956,28.038,0.324,6.257,9.275,14.002,0.100,0.000,0.0240
1073.510,-86.893,28.100,0.324,6.261,9.337,14.042,0.040,0.000,0.0000
1073.520,-86.831,28.162,0.325,6.237,9.400,14.081,0.000,0.000,0.0000
1073.530,-86.768,28.224,0.326,6.220,9.462,14.122,0.000,0.000,0.0000
1073.540,-86.706,28.284,0.326,6.213,9.524,14.162,0.000,0.000,0.0000
1073.550,-86.644,28.345,0.327,6.212,9.586,14.202,0.000,0.000,0.0000
1073.560,-86.582,28.405,0.327,6.214,9.648,14.243,0.000,0.000,0.0000
1073.570,-86.520,28.465,0.328,6.215,9.710,14.284,0.000,0.000,0.0000
1073.580,-86.458,28.524,0.328,6.212,9.772,14.325,0.000,0.000,0.0000
1073.590,-86.396,28.583,0.328,6.204,9.834,14.366,0.000,0.000,0.0000
1073.600,-86.334,28.642,0.328,6.192,9.896,14.408,0.000,0.000,0.0000
1073.610,-86.272,28.701,0.328,6.178,9.958,14.449,0.000,0.000,0.0000
1073.620,-86.210,28.759,0.328,6.161,10.020,14.491,0.000,0.000,0.0000
1073.630,-86.149,28.817,0.327,6.146,10.081,14.533,0.000,0.000,0.0000
1073.640,-86.088,28.874,0.327,6.133,10.142,14.575,0.000,0.000,0.0000
1073.650,-86.026,28.931,0.327,6.119,10.204,14.617,0.000,0.000,0.0000
1073.660,-85.965,28.988,0.326,6.104,10.265,14.659,0.000,0.000,0.0000
1073.670,-85.904,29.045,0.326,6.089,10.326,14.701,0.000,0.000,0.0000
1073.680,-85.844,29.101,0.325,6.071,10.386,14.743,0.000,0.000,0.0000
1073.690,-85.783,29.158,0.325,6.052,10.447,14.785,0.000,0.000,0.0000
1073.700,-85.723,29.214,0.325,6.030,10.507,14.827,0.000,0.000,0.0000
1073.710,-85.663,29.269,0.324,6.005,10.567,14.869,0.000,0.000,0.0000
1073.720,-85.603,29.325,0.324,5.979,10.627,14.911,0.000,0.000,0.0000
1073.730,-85.544,29.380,0.323,5.949,10.686,14.953,0.040,0.000,0.0000
1073.740,-85.484,29.435,0.323,5.917,10.746,14.994,0.080,0.000,0.0000
1073.750,-85.426,29.489,0.323,5.884,10.804,15.036,0.120,0.000,0.0000
1073.760,-85.367,29.543,0.322,5.844,10.863,15.077,0.160,0.000,0.0000
1073.770,-85.309,29.597,0.322,5.803,10.921,15.118,0.200,0.000,0.0000
1073.780,-85.252,29.650,0.322,5.752,10.978,15.159,0.240,0.000,0.0000
1073.790,-85.195,29.704,0.322,5.711,11.036,15.200,0.280,0.000,0.0000
1073.800,-85.138,29.756,0.322,5.680,11.092,15.240,0.320,0.000,0.0000
1073.810,-85.081,29.809,0.322,5.655,11.149,15.280,0.360,0.000,0.0000
1073.820,-85.025,29.862,0.322,5.633,11.205,15.321,0.400,0.000,0.0000
1073.830,-84.969,29.914,0.322,5.613,11.261,15.361,0.440,0.000,0.0000
1073.840,-84.913,29.966,0.322,5.592,11.317,15.401,0.480,0.000,0.0000
1073.850,-84.857,30.018,0.322,5.570,11.373,15.441,0.520,0.000,0.0000
1073.860,-84.802,30.069,0.322,5.547,11.428,15.481,0.560,0.000,0.0000
1073.870,-84.746,30.121,0.323,5.522,11.484,15.521,0.600,0.000,0.0000
1073.880,-84.691,30.172,0.323,5.496,11.539,15.561,0.640,0.000,0.0000
1073.890,-84.637,30.223,0.323,5.468,11.593,15.601,0.680,0.000,0.0000
1073.900,-84.582,30.273,0.323,5.456,11.648,15.641,0.720,0.000,0.0000
1073.910,-84.528,30.324,0.323,5.453,11.702,15.681,0.760,0.000,0.0000
1073.920,-84.473,30.374,0.322,5.465,11.757,15.721,0.800,0.000,0.0000
1073.930,-84.418,30.425,0.322,5.486,11.812,15.761,0.840,0.000,0.0000
1073.940,-84.363,30.476,0.322,5.509,11.867,15.802,0.880,0.000,0.0000
1073.950,-84.308,30.527,0.321,5.539,11.922,15.843,0.920,0.000,0.0000
1073.960,-84.252,30.578,0.320,5.575,11.978,15.885,0.960,0.000,0.0000
1073.970,-84.196,30.629,0.320,5.614,12.034,15.927,1.000,0.000,0.0000
1073.980,-84.139,30.681,0.319,5.654,12.091,15.969,1.000,0.000,0.0000
1073.990,-84.082,30.733,0.318,5.694,12.148,16.012,1.000,0.000,0.0000
1074.000,-84.025,30.785,0.317,5.733,12.205,16.056,1.000,0.000,0.0000
1074.010,-83.967,30.838,0.316,5.770,12.263,16.100,1.000,0.000,0.0000
1074.020,-83.909,30.891,0.314,5.805,12.321,16.144,1.000,0.000,0.0000
1074.030,-83.851,30.944,0.313,5.837,12.379,16.188,1.000,0.000,0.0000
1074.040,-83.792,30.997,0.312,5.867,12.438,16.233,1.000,0.000,0.0000
1074.050,-83.733,31.051,0.311,5.896,12.497,16.278,1.000,0.000,0.0000
1074.060,-83.674,31.105,0.310,5.922,12.556,16.323,1.000,0.000,0.0000
1074.070,-83.615,31.159,0.309,5.947,12.615,16.369,1.000,0.000,0.0080
1074.080,-83.555,31.213,0.309,5.970,12.675,16.415,1.000,0.000,0.0160
1074.090,-83.495,31.268,0.308,5.993,12.735,16.461,1.000,0.000,0.0240
1074.100,-83.435,31.323,0.307,6.021,12.795,16.507,1.000,0.000,0.0320
1074.110,-83.374,31.378,0.307,6.056,12.856,16.553,1.000,0.000,0.0400
1074.120,-83.313,31.434,0.306,6.096,12.917,16.600,1.000,0.000,0.0480
1074.130,-83.252,31.490,0.306,6.139,12.978,16.647,1.000,0.000,0.0560
1074.140,-83.190,31.546,0.306,6.183,13.040,16.695,1.000,0.000,0.0640
1074.150,-83.128,31.603,0.305,6.227,13.102,16.743,1.000,0.000,0.0720
1074.160,-83.065,31.660,0.305,6.269,13.165,16.791,1.000,0.000,0.0800
1074.170,-83.002,31.718,0.305,6.309,13.228,16.840,1.000,0.000,0.0880
1074.180,-82.939,31.775,0.305,6.348,13.291,16.889,1.000,0.000,0.0960
1074.190,-82.875,31.833,0.305,6.385,13.355,16.939,1.000,0.000,0.1040
1074.200,-82.810,31.891,0.305,6.421,13.420,16.988,1.000,0.000,0.1120
1074.210,-82.746,31.949,0.305,6.440,13.484,17.038,1.000,0.000,0.1200
1074.220,-82.681,32.007,0.305,6.460,13.549,17.088,0.940,0.000,0.1280
1074.230,-82.617,32.065,0.306,6.486,13.613,17.139,0.880,0.000,0.1360
1074.240,-82.552,32.123,0.307,6.481,13.678,17.189,0.820,0.000,0.1440
1074.250,-82.487,32.181,0.307,6.493,13.743,17.239,0.760,0.000,0.1520
1074.260,-82.422,32.238,0.308,6.503,13.808,17.290,0.700,0.000,0.1600
1074.270,-82.357,32.296,0.309,6.507,13.873,17.340,0.640,0.000,0.1680
1074.280,-82.292,32.353,0.310,6.506,13.938,17.391,0.580,0.000,0.1760
1074.290,-82.227,32.409,0.311,6.500,14.003,17.442,0.520,0.000,0.1840
1074.300,-82.162,32.465,0.312,6.488,14.068,17.492,0.460,0.000,0.1920
1074.310,-82.097,32.521,0.314,6.473,14.133,17.543,0.400,0.000,0.2000
1074.320,-82.033,32.576,0.315,6.454,14.197,17.593,0.340,0.000,0.2080
1074.330,-81.968,32.630,0.317,6.433,14.262,17.643,0.280,0.000,0.2160
1074.340,-81.904,32.684,0.318,6.408,14.326,17.693,0.220,0.000,0.2240
1074.350,-81.840,32.738,0.320,6.401,14.390,17.743,0.160,0.000,0.2320
1074.360,-81.776,32.791,0.321,6.398,14.454,17.794,0.100,0.000,0.2400
1074.370,-81.712,32.844,0.322,6.392,14.518,17.844,0.040,0.000,0.2480
1074.380,-81.649,32.896,0.324,6.382,14.581,17.894,0.000,0.000,0.2560
1074.390,-81.584,32.948,0.325,6.419,14.646,17.945,0.000,0.000,0.2640
1074.400,-81.520,32.999,0.325,6.444,14.710,17.997,0.000,0.000,0.2720
1074.410,-81.455,33.051,0.326,6.458,14.775,18.048,0.000,0.000,0.2800
1074.420,-81.391,33.101,0.327,6.462,14.839,18.100,0.000,0.000,0.2880
1074.430,-81.326,33.151,0.327,6.459,14.904,18.152,0.000,0.000,0.2960
1074.440,-81.262,33.200,0.328,6.422,14.968,18.203,0.000,0.000,0.3040
1074.450,-81.198,33.248,0.329,6.379,15.032,18.255,0.000,0.000,0.3120
1074.460,-81.135,33.295,0.329,6.337,15.095,18.306,0.000,0.000,0.3200
1074.470,-81.072,33.341,0.330,6.291,15.158,18.356,0.000,0.000,0.3280
1074.480,-81.009,33.386,0.331,6.247,15.221,18.407,0.000,0.000,0.3360
1074.490,-80.947,33.430,0.332,6.209,15.283,18.457,0.000,0.000,0.3440
1074.500,-80.886,33.474,0.332,6.130,15.344,18.506,0.000,0.000,0.3520
1074.510,-80.825,33.517,0.333,6.074,15.405,18.556,0.000,0.000,0.3600
1074.520,-80.765,33.559,0.334,6.037,15.465,18.605,0.000,0.000,0.3680
1074.530,-80.705,33.600,0.334,6.014,15.525,18.654,0.000,0.000,0.3760
1074.540,-80.645,33.640,0.335,5.999,15.585,18.703,0.000,0.000,0.3840
1074.550,-80.585,33.680,0.335,5.987,15.645,18.752,0.000,0.000,0.3920
1074.560,-80.525,33.719,0.335,5.976,15.705,18.801,0.000,0.000,0.4000
1074.570,-80.466,33.757,0.335,5.965,15.764,18.850,0.000,0.000,0.4080
1074.580,-80.406,33.794,0.335,5.951,15.824,18.899,0.000,0.000,0.4160
1074.590,-80.347,33.831,0.335,5.934,15.883,18.948,0.000,0.000,0.4240
1074.600,-80.288,33.867,0.334,5.914,15.942,18.997,0.000,0.000,0.4320
1074.610,-80.229,33.902,0.334,5.887,16.001,19.046,0.000,0.000,0.4400
1074.620,-80.170,33.936,0.333,5.853,16.060,19.095,0.000,0.000,0.4480
1074.630,-80.112,33.970,0.333,5.814,16.118,19.143,0.000,0.000,0.4560
1074.640,-80.054,34.003,0.333,5.772,16.176,19.191,0.000,0.000,0.4640
1074.650,-79.997,34.035,0.332,5.771,16.233,19.240,0.000,0.000,0.4340
1074.660,-79.939,34.067,0.331,5.776,16.291,19.288,0.000,0.000,0.4040
1074.670,-79.881,34.098,0.331,5.779,16.349,19.337,0.000,0.000,0.3740
1074.680,-79.823,34.129,0.330,5.776,16.407,19.385,0.000,0.000,0.3440
1074.690,-79.766,34.159,0.329,5.769,16.464,19.434,0.000,0.000,0.3140
1074.700,-79.708,34.188,0.328,5.760,16.522,19.483,0.000,0.000,0.2840
1074.710,-79.650,34.217,0.328,5.786,16.580,19.531,0.000,0.000,0.2540
1074.720,-79.592,34.245,0.327,5.787,16.638,19.580,0.000,0.000,0.2240
1074.730,-79.534,34.272,0.326,5.795,16.696,19.629,0.000,0.000,0.1940
1074.740,-79.476,34.299,0.325,5.801,16.754,19.678,0.000,0.000,0.1640
1074.750,-79.418,34.326,0.324,5.810,16.812,19.728,0.000,0.000,0.1340
1074.760,-79.360,34.352,0.323,5.819,16.870,19.777,0.000,0.000,0.1040
1074.770,-79.302,34.377,0.323,5.833,16.928,19.827,0.000,0.000,0.0740
1074.780,-79.243,34.403,0.322,5.853,16.987,19.876,0.000,0.000,0.0440
1074.790,-79.184,34.428,0.321,5.880,17.046,19.927,0.000,0.000,0.0140
1074.800,-79.125,34.452,0.320,5.905,17.105,19.977,0.000,0.000,0.0000
1074.810,-79.066,34.477,0.319,5.925,17.164,20.027,0.000,0.000,0.0000
1074.820,-79.007,34.501,0.318,5.939,17.223,20.078,0.000,0.000,0.0000
1074.830,-78.947,34.526,0.317,5.945,17.283,20.129,0.000,0.000,0.0000
1074.840,-78.888,34.549,0.316,5.943,17.342,20.180,0.000,0.000,0.0000
1074.850,-78.829,34.573,0.316,5.934,17.401,20.230,0.000,0.000,0.0000
1074.860,-78.769,34.596,0.315,5.918,17.461,20.281,0.000,0.000,0.0000
1074.870,-78.710,34.619,0.315,5.927,17.520,20.331,0.000,0.000,0.0000
1074.880,-78.651,34.642,0.315,5.896,17.579,20.382,0.000,0.000,0.0000
1074.890,-78.592,34.665,0.314,5.894,17.638,20.432,0.000,0.000,0.0080
1074.900,-78.533,34.688,0.314,5.883,17.697,20.482,0.000,0.000,0.0160
1074.910,-78.475,34.710,0.314,5.863,17.755,20.532,0.000,0.000,0.0240
1074.920,-78.416,34.732,0.315,5.835,17.814,20.582,0.000,0.000,0.0320
1074.930,-78.358,34.754,0.315,5.802,17.872,20.631,0.000,0.000,0.0400
1074.940,-78.301,34.776,0.315,5.765,17.929,20.681,0.000,0.000,0.0480
1074.950,-78.243,34.798,0.316,5.726,17.987,20.729,0.000,0.000,0.0560
1074.960,-78.187,34.820,0.316,5.685,18.043,20.778,0.000,0.000,0.0640
1074.970,-78.130,34.841,0.317,5.643,18.100,20.826,0.000,0.000,0.0720
1074.980,-78.074,34.862,0.318,5.600,18.156,20.873,0.000,0.000,0.0800
1074.990,-78.019,34.883,0.319,5.556,18.211,20.921,0.000,0.000,0.0880
1075.000,-77.964,34.904,0.319,5.511,18.266,20.968,0.000,0.000,0.0960
1075.010,-77.909,34.924,0.320,5.472,18.321,21.014,0.000,0.000,0.1040
1075.020,-77.855,34.945,0.321,5.436,18.376,21.061,0.000,0.000,0.1120
1075.030,-77.801,34.965,0.322,5.399,18.430,21.107,0.000,0.000,0.1200
1075.040,-77.747,34.985,0.323,5.363,18.483,21.153,0.000,0.000,0.1280
1075.050,-77.694,35.005,0.323,5.326,18.536,21.198,0.000,0.000,0.1360
1075.060,-77.641,35.025,0.324,5.288,18.589,21.244,0.000,0.000,0.1440
1075.070,-77.588,35.044,0.325,5.249,18.642,21.289,0.000,0.000,0.1520
1075.080,-77.536,35.064,0.325,5.209,18.694,21.333,0.000,0.000,0.1600
1075.090,-77.484,35.083,0.326,5.194,18.746,21.378,0.000,0.000,0.1680
1075.100,-77.432,35.102,0.326,5.179,18.798,21.423,0.000,0.000,0.1760
1075.110,-77.381,35.120,0.327,5.160,18.849,21.467,0.000,0.000,0.1840
1075.120,-77.329,35.139,0.327,5.138,18.901,21.512,0.000,0.000,0.1920
1075.130,-77.278,35.157,0.327,5.112,18.952,21.556,0.000,0.000,0.2000
1075.140,-77.228,35.175,0.327,5.083,19.002,21.600,0.000,0.000,0.2080
1075.150,-77.177,35.193,0.327,5.052,19.053,21.644,0.000,0.000,0.2160
1075.160,-77.127,35.211,0.327,5.020,19.103,21.688,0.000,0.000,0.2240
1075.170,-77.077,35.228,0.327,4.987,19.153,21.731,0.000,0.000,0.2320
1075.180,-77.027,35.245,0.327,4.952,19.203,21.775,0.000,0.000,0.2400
1075.190,-76.979,35.262,0.327,4.887,19.251,21.817,0.000,0.000,0.2480
1075.200,-76.930,35.277,0.327,4.823,19.300,21.859,0.000,0.000,0.2560
1075.210,-76.883,35.293,0.327,4.762,19.347,21.901,0.000,0.000,0.2640
1075.220,-76.836,35.308,0.327,4.708,19.394,21.942,0.000,0.000,0.2720
1075.230,-76.789,35.323,0.327,4.660,19.441,21.983,0.000,0.000,0.2800
1075.240,-76.743,35.337,0.327,4.618,19.487,22.023,0.000,0.000,0.2880
1075.250,-76.697,35.351,0.327,4.580,19.533,22.063,0.000,0.000,0.2960
1075.260,-76.652,35.365,0.327,4.541,19.578,22.103,0.000,0.000,0.3040
1075.270,-76.607,35.378,0.327,4.504,19.623,22.142,0.000,0.000,0.3120
1075.280,-76.562,35.391,0.327,4.466,19.668,22.181,0.000,0.000,0.3200
1075.290,-76.518,35.404,0.327,4.428,19.712,22.220,0.000,0.000,0.3280
1075.300,-76.474,35.417,0.327,4.390,19.756,22.259,0.000,0.000,0.3360
1075.310,-76.430,35.429,0.327,4.350,19.800,22.297,0.000,0.000,0.3440
1075.320,-76.388,35.441,0.327,4.255,19.842,22.334,0.000,0.000,0.3520
1075.330,-76.346,35.453,0.327,4.170,19.884,22.371,0.000,0.000,0.3600
1075.340,-76.305,35.464,0.327,4.100,19.925,22.407,0.000,0.000,0.3680
1075.350,-76.265,35.475,0.327,4.042,19.965,22.442,0.000,0.000,0.3760
1075.360,-76.225,35.486,0.327,3.993,20.005,22.477,0.000,0.000,0.3840
1075.370,-76.185,35.496,0.327,3.949,20.045,22.512,0.000,0.000,0.3920
1075.380,-76.146,35.506,0.327,3.908,20.084,22.546,0.000,0.000,0.4000
1075.390,-76.107,35.516,0.327,3.868,20.123,22.581,0.000,0.000,0.4080
1075.400,-76.069,35.526,0.327,3.828,20.161,22.614,0.000,0.000,0.4160
1075.410,-76.031,35.535,0.327,3.787,20.199,22.648,0.000,0.000,0.4240
1075.420,-75.994,35.544,0.327,3.745,20.236,22.681,0.000,0.000,0.3940
1075.430,-75.957,35.553,0.327,3.714,20.273,22.714,0.000,0.000,0.3640
1075.440,-75.920,35.561,0.326,3.693,20.310,22.746,0.000,0.000,0.3340
1075.450,-75.883,35.570,0.326,3.679,20.347,22.779,0.000,0.000,0.3040
1075.460,-75.846,35.578,0.326,3.671,20.384,22.812,0.000,0.000,0.2740
1075.470,-75.810,35.586,0.325,3.666,20.420,22.844,0.000,0.000,0.2440
1075.480,-75.773,35.594,0.325,3.647,20.457,22.877,0.000,0.000,0.2140
1075.490,-75.737,35.602,0.324,3.626,20.493,22.909,0.000,0.000,0.1840
1075.500,-75.701,35.610,0.324,3.604,20.529,22.941,0.000,0.000,0.1540
1075.510,-75.665,35.617,0.323,3.583,20.565,22.973,0.000,0.000,0.1240
1075.520,-75.629,35.624,0.322,3.564,20.601,23.005,0.000,0.000,0.0940
1075.530,-75.594,35.631,0.322,3.546,20.636,23.037,0.000,0.000,0.0640
1075.540,-75.559,35.638,0.321,3.528,20.671,23.068,0.000,0.000,0.0340
1075.550,-75.523,35.645,0.321,3.511,20.707,23.099,0.000,0.000,0.0040
1075.560,-75.489,35.651,0.320,3.493,20.741,23.131,0.000,0.000,0.0000
1075.570,-75.454,35.658,0.320,3.474,20.776,23.162,0.000,0.000,0.0000
1075.580,-75.419,35.664,0.320,3.453,20.811,23.192,0.000,0.000,0.0000
1075.590,-75.385,35.670,0.319,3.430,20.845,23.223,0.000,0.000,0.0000
1075.600,-75.351,35.676,0.319,3.404,20.879,23.253,0.000,0.000,0.0000
1075.610,-75.318,35.683,0.319,3.326,20.912,23.283,0.000,0.000,0.0000
1075.620,-75.285,35.689,0.319,3.258,20.945,23.312,0.000,0.000,0.0000
1075.630,-75.253,35.695,0.319,3.204,20.977,23.340,0.000,0.000,0.0000
1075.640,-75.221,35.700,0.320,3.163,21.009,23.368,0.000,0.000,0.0000
1075.650,-75.190,35.706,0.320,3.130,21.040,23.396,0.000,0.000,0.0000
1075.660,-75.159,35.712,0.320,3.102,21.071,23.423,0.000,0.000,0.0000
1075.670,-75.128,35.718,0.320,3.076,21.102,23.451,0.000,0.000,0.0000
1075.680,-75.098,35.723,0.321,3.050,21.132,23.478,0.000,0.000,0.0000
1075.690,-75.068,35.729,0.321,3.023,21.162,23.504,0.000,0.000,0.0000
1075.700,-75.038,35.734,0.321,2.994,21.192,23.531,0.000,0.000,0.0000
1075.710,-75.008,35.739,0.322,2.963,21.222,23.557,0.000,0.000,0.0000
1075.720,-74.979,35.745,0.322,2.931,21.251,23.583,0.000,0.000,0.0000
1075.730,-74.950,35.750,0.322,2.898,21.280,23.609,0.000,0.000,0.0000
1075.740,-74.921,35.755,0.322,2.863,21.309,23.634,0.000,0.000,0.0000
1075.750,-74.893,35.760,0.323,2.828,21.337,23.660,0.000,0.000,0.0000
1075.760,-74.865,35.765,0.323,2.792,21.365,23.684,0.000,0.000,0.0000
1075.770,-74.837,35.770,0.323,2.755,21.393,23.709,0.000,0.000,0.0000
1075.780,-74.810,35.775,0.323,2.718,21.420,23.733,0.000,0.000,0.0000
1075.790,-74.783,35.780,0.324,2.681,21.447,23.757,0.000,0.000,0.0000
1075.800,-74.757,35.785,0.324,2.643,21.473,23.780,0.000,0.000,0.0000
1075.810,-74.731,35.789,0.324,2.611,21.499,23.804,0.000,0.000,0.0000
1075.820,-74.705,35.794,0.324,2.576,21.525,23.826,0.000,0.000,0.0000
1075.830,-74.680,35.798,0.324,2.537,21.550,23.849,0.000,0.000,0.0000
1075.840,-74.655,35.803,0.324,2.498,21.575,23.871,0.000,0.000,0.0000
1075.850,-74.630,35.807,0.325,2.458,21.600,23.893,0.000,0.000,0.0000
1075.860,-74.606,35.811,0.325,2.419,21.624,23.915,0.000,0.000,0.0000
1075.870,-74.582,35.815,0.325,2.380,21.648,23.936,0.000,0.000,0.0000
1075.880,-74.559,35.819,0.325,2.341,21.671,23.957,0.000,0.000,0.0000
1075.890,-74.536,35.823,0.325,2.302,21.694,23.978,0.000,0.000,0.0000
1075.900,-74.513,35.827,0.325,2.263,21.717,23.998,0.000,0.000,0.0000
1075.910,-74.491,35.831,0.325,2.224,21.739,24.018,0.000,0.000,0.0000
1075.920,-74.469,35.835,0.325,2.185,21.761,24.037,0.000,0.000,0.0000
1075.930,-74.448,35.838,0.325,2.146,21.782,24.057,0.000,0.000,0.0000
1075.940,-74.427,35.842,0.325,2.107,21.804,24.076,0.000,0.000,0.0000
1075.950,-74.406,35.845,0.325,2.067,21.824,24.094,0.000,0.000,0.0000
1075.960,-74.386,35.849,0.325,2.028,21.844,24.112,0.000,0.000,0.0000
1075.970,-74.366,35.852,0.325,1.988,21.864,24.130,0.000,0.000,0.0000
1075.980,-74.346,35.855,0.325,1.949,21.884,24.148,0.000,0.000,0.0000
1075.990,-74.327,35.859,0.324,1.909,21.903,24.165,0.000,0.000,0.0000
1076.000,-74.308,35.862,0.324,1.870,21.922,24.182,0.000,0.000,0.0000
1076.010,-74.290,35.865,0.324,1.830,21.940,24.198,0.000,0.000,0.0000
1076.020,-74.272,35.868,0.324,1.791,21.958,24.214,0.000,0.000,0.0000
1076.030,-74.255,35.871,0.324,1.751,21.975,24.230,0.000,0.000,0.0000
1076.040,-74.238,35.874,0.324,1.711,21.992,24.245,0.000,0.000,0.0000
1076.050,-74.221,35.877,0.324,1.672,22.009,24.260,0.000,0.000,0.0000
1076.060,-74.205,35.880,0.324,1.632,22.026,24.275,0.000,0.000,0.0000
1076.070,-74.189,35.883,0.324,1.593,22.041,24.289,0.000,0.000,0.0000
1076.080,-74.173,35.885,0.324,1.553,22.057,24.303,0.000,0.000,0.0000
1076.090,-74.158,35.888,0.324,1.514,22.072,24.317,0.000,0.000,0.0000
1076.100,-74.143,35.891,0.324,1.474,22.087,24.330,0.000,0.000,0.0000
1076.110,-74.129,35.893,0.324,1.418,22.101,24.343,0.000,0.000,0.0000
1076.120,-74.115,35.896,0.324,1.364,22.115,24.355,0.000,0.000,0.0000
1076.130,-74.102,35.898,0.324,1.313,22.128,24.367,0.000,0.000,0.0000
1076.140,-74.090,35.900,0.324,1.267,22.140,24.378,0.000,0.000,0.0000
1076.150,-74.077,35.902,0.324,1.224,22.153,24.389,0.000,0.000,0.0000
1076.160,-74.066,35.905,0.324,1.183,22.165,24.400,0.000,0.000,0.0000
1076.170,-74.054,35.907,0.324,1.143,22.176,24.410,0.000,0.000,0.0000
1076.180,-74.043,35.909,0.324,1.104,22.187,24.420,0.000,0.000,0.0000
1076.190,-74.032,35.910,0.324,1.065,22.198,24.430,0.000,0.000,0.0000
1076.200,-74.022,35.912,0.324,1.025,22.208,24.439,0.040,0.000,0.0000
1076.210,-74.012,35.914,0.324,0.987,22.218,24.448,0.080,0.000,0.0000
1076.220,-74.003,35.916,0.324,0.963,22.227,24.456,0.120,0.000,0.0000
1076.230,-73.993,35.917,0.324,0.964,22.237,24.465,0.160,0.000,0.0000
1076.240,-73.983,35.919,0.324,0.986,22.247,24.474,0.200,0.000,0.0000
1076.250,-73.973,35.921,0.323,1.022,22.257,24.483,0.240,0.000,0.0000
1076.260,-73.962,35.923,0.323,1.065,22.268,24.493,0.280,0.000,0.0000
1076.270,-73.951,35.924,0.322,1.110,22.279,24.504,0.320,0.000,0.0000
1076.280,-73.940,35.926,0.321,1.154,22.290,24.514,0.360,0.000,0.0000
1076.290,-73.928,35.928,0.320,1.197,22.302,24.526,0.400,0.000,0.0000
1076.300,-73.915,35.930,0.319,1.238,22.315,24.537,0.440,0.000,0.0000
1076.310,-73.903,35.932,0.318,1.278,22.327,24.549,0.480,0.000,0.0000
1076.320,-73.890,35.935,0.316,1.317,22.340,24.561,0.520,0.000,0.0000
1076.330,-73.876,35.937,0.315,1.356,22.354,24.574,0.560,0.000,0.0000
1076.340,-73.862,35.939,0.314,1.395,22.368,24.587,0.600,0.000,0.0000
1076.350,-73.848,35.942,0.313,1.434,22.382,24.601,0.640,0.000,0.0000
1076.360,-73.833,35.944,0.312,1.474,22.397,24.614,0.680,0.000,0.0000
1076.370,-73.818,35.947,0.311,1.514,22.412,24.628,0.720,0.000,0.0000
1076.380,-73.803,35.949,0.310,1.554,22.427,24.643,0.760,0.000,0.0000
1076.390,-73.787,35.952,0.309,1.594,22.443,24.657,0.800,0.000,0.0000
1076.400,-73.770,35.955,0.308,1.635,22.460,24.672,0.840,0.000,0.0000
1076.410,-73.754,35.957,0.307,1.676,22.476,24.688,0.880,0.000,0.0000
1076.420,-73.736,35.960,0.307,1.718,22.494,24.704,0.920,0.000,0.0000
1076.430,-73.719,35.963,0.306,1.759,22.511,24.720,0.960,0.000,0.0000
1076.440,-73.701,35.966,0.306,1.800,22.529,24.736,1.000,0.000,0.0000
1076.450,-73.682,35.969,0.305,1.842,22.548,24.753,1.000,0.000,0.0000
1076.460,-73.664,35.972,0.305,1.883,22.566,24.770,1.000,0.000,0.0000
1076.470,-73.644,35.975,0.305,1.925,22.586,24.787,1.000,0.000,0.0000
1076.480,-73.625,35.979,0.305,1.969,22.605,24.805,1.000,0.000,0.0000
1076.490,-73.605,35.982,0.305,2.017,22.625,24.823,1.000,0.000,0.0000
1076.500,-73.584,35.985,0.305,2.059,22.646,24.842,1.000,0.000,0.0000
1076.510,-73.563,35.989,0.305,2.096,22.667,24.861,1.000,0.000,0.0000
1076.520,-73.542,35.992,0.305,2.134,22.688,24.880,1.000,0.000,0.0000
1076.530,-73.520,35.996,0.306,2.173,22.710,24.899,1.000,0.000,0.0000
1076.540,-73.498,35.999,0.306,2.213,22.732,24.919,1.000,0.000,0.0000
1076.550,-73.475,36.003,0.306,2.253,22.755,24.939,1.000,0.000,0.0000
1076.560,-73.452,36.007,0.307,2.293,22.778,24.960,1.000,0.000,0.0000
1076.570,-73.429,36.011,0.307,2.334,22.801,24.981,1.000,0.000,0.0000
1076.580,-73.405,36.014,0.308,2.375,22.825,25.002,1.000,0.000,0.0000
1076.590,-73.381,36.018,0.308,2.416,22.849,25.024,1.000,0.000,0.0000
1076.600,-73.357,36.022,0.308,2.456,22.873,25.046,1.000,0.000,0.0000
1076.610,-73.332,36.026,0.309,2.497,22.898,25.068,1.000,0.000,0.0000
1076.620,-73.306,36.030,0.309,2.537,22.924,25.091,1.000,0.000,0.0000
1076.630,-73.280,36.034,0.310,2.577,22.950,25.114,1.000,0.000,0.0000
1076.640,-73.254,36.038,0.310,2.617,22.976,25.138,1.000,0.000,0.0000
1076.650,-73.228,36.043,0.310,2.656,23.002,25.161,1.000,0.000,0.0000
1076.660,-73.201,36.047,0.311,2.696,23.029,25.186,1.000,0.000,0.0000
1076.670,-73.173,36.051,0.311,2.735,23.057,25.210,1.000,0.000,0.0000
1076.680,-73.146,36.056,0.311,2.774,23.084,25.235,1.000,0.000,0.0000
1076.690,-73.118,36.060,0.312,2.813,23.112,25.261,1.000,0.000,0.0000
1076.700,-73.089,36.064,0.312,2.852,23.141,25.287,1.000,0.000,0.0000
1076.710,-73.060,36.069,0.312,2.891,23.170,25.313,1.000,0.000,0.0000
1076.720,-73.031,36.073,0.312,2.929,23.199,25.339,1.000,0.000,0.0000
1076.730,-73.001,36.078,0.312,2.968,23.229,25.366,1.000,0.000,0.0000
1076.740,-72.971,36.083,0.312,3.006,23.259,25.393,1.000,0.000,0.0000
1076.750,-72.941,36.087,0.312,3.044,23.289,25.421,1.000,0.000,0.0000
1076.760,-72.910,36.092,0.312,3.082,23.320,25.449,1.000,0.000,0.0000
1076.770,-72.879,36.097,0.312,3.120,23.351,25.477,1.000,0.000,0.0000
1076.780,-72.847,36.102,0.312,3.156,23.383,25.506,1.000,0.000,0.0000
1076.790,-72.815,36.107,0.312,3.193,23.415,25.535,1.000,0.000,0.0000
1076.800,-72.783,36.112,0.312,3.231,23.447,25.564,1.000,0.000,0.0000
1076.810,-72.750,36.117,0.312,3.270,23.480,25.594,1.000,0.000,0.0000
1076.820,-72.717,36.122,0.312,3.309,23.513,25.624,1.000,0.000,0.0000
1076.830,-72.684,36.128,0.311,3.349,23.546,25.655,1.000,0.000,0.0000
1076.840,-72.650,36.133,0.311,3.388,23.580,25.685,0.940,0.000,0.0000
1076.850,-72.615,36.138,0.311,3.428,23.615,25.717,0.880,0.000,0.0000
1076.860,-72.581,36.144,0.311,3.468,23.649,25.748,0.820,0.000,0.0000
1076.870,-72.546,36.149,0.311,3.508,23.684,25.780,0.760,0.000,0.0000
1076.880,-72.510,36.155,0.311,3.547,23.720,25.813,0.700,0.000,0.0000
1076.890,-72.474,36.161,0.310,3.583,23.756,25.845,0.640,0.000,0.0000
1076.900,-72.438,36.166,0.310,3.621,23.792,25.878,0.580,0.000,0.0000
1076.910,-72.402,36.172,0.310,3.660,23.828,25.912,0.520,0.000,0.0000
1076.920,-72.365,36.178,0.310,3.701,23.865,25.945,0.460,0.000,0.0000
1076.930,-72.327,36.183,0.310,3.743,23.903,25.980,0.400,0.000,0.0000
1076.940,-72.289,36.189,0.310,3.785,23.941,26.014,0.340,0.000,0.0000
1076.950,-72.251,36.195,0.310,3.815,23.979,26.049,0.280,0.000,0.0000
1076.960,-72.213,36.201,0.310,3.823,24.017,26.084,0.220,0.000,0.0000
1076.970,-72.175,36.207,0.310,3.812,24.055,26.118,0.160,0.000,0.0000
1076.980,-72.137,36.212,0.310,3.788,24.093,26.153,0.100,0.000,0.0000
1076.990,-72.099,36.218,0.311,3.757,24.131,26.187,0.040,0.000,0.0000
1077.000,-72.062,36.224,0.311,3.721,24.168,26.221,0.000,0.000,0.0000
1077.010,-72.025,36.229,0.312,3.683,24.205,26.254,0.000,0.000,0.0000
1077.020,-71.989,36.235,0.313,3.644,24.241,26.287,0.000,0.000,0.0000
1077.030,-71.953,36.240,0.314,3.605,24.277,26.319,0.000,0.000,0.0000
1077.040,-71.917,36.245,0.315,3.566,24.313,26.352,0.000,0.000,0.0000
1077.050,-71.882,36.251,0.316,3.526,24.348,26.383,0.000,0.000,0.0000
1077.060,-71.847,36.256,0.317,3.487,24.383,26.415,0.000,0.000,0.0000
1077.070,-71.813,36.261,0.319,3.447,24.417,26.446,0.000,0.000,0.0000
1077.080,-71.779,36.266,0.320,3.406,24.451,26.476,0.000,0.000,0.0000
1077.090,-71.745,36.271,0.321,3.365,24.485,26.507,0.000,0.000,0.0000
1077.100,-71.712,36.276,0.322,3.323,24.518,26.537,0.000,0.000,0.0000
1077.110,-71.679,36.281,0.323,3.278,24.551,26.566,0.000,0.000,0.0000
1077.120,-71.647,36.286,0.324,3.230,24.583,26.595,0.000,0.000,0.0000
1077.130,-71.615,36.291,0.325,3.188,24.615,26.624,0.000,0.000,0.0000
1077.140,-71.583,36.295,0.326,3.146,24.647,26.653,0.000,0.000,0.0000
1077.150,-71.552,36.300,0.327,3.106,24.678,26.681,0.000,0.000,0.0000
1077.160,-71.522,36.304,0.327,3.065,24.708,26.709,0.000,0.000,0.0000
1077.170,-71.491,36.309,0.328,3.024,24.739,26.736,0.000,0.080,0.0000
1077.180,-71.462,36.313,0.328,2.981,24.768,26.763,0.000,0.160,0.0000
1077.190,-71.432,36.318,0.329,2.935,24.798,26.790,0.000,0.240,0.0000
1077.200,-71.403,36.322,0.329,2.889,24.827,26.816,0.000,0.320,0.0000
1077.210,-71.375,36.326,0.329,2.842,24.855,26.842,0.000,0.400,0.0000
1077.220,-71.347,36.330,0.329,2.796,24.883,26.868,0.000,0.480,0.0000
1077.230,-71.320,36.334,0.329,2.750,24.910,26.893,0.000,0.560,0.0000
1077.240,-71.293,36.338,0.329,2.702,24.937,26.918,0.000,0.640,0.0000
1077.250,-71.266,36.342,0.329,2.655,24.964,26.942,0.000,0.720,0.0000
1077.260,-71.240,36.346,0.329,2.608,24.990,26.966,0.000,0.800,0.0000
1077.270,-71.214,36.350,0.329,2.562,25.016,26.990,0.000,0.880,0.0000
1077.280,-71.189,36.354,0.329,2.517,25.041,27.013,0.000,0.960,0.0000
1077.290,-71.164,36.358,0.329,2.473,25.066,27.036,0.000,1.000,0.0000
1077.300,-71.140,36.362,0.328,2.430,25.090,27.058,0.000,1.000,0.0000
1077.310,-71.116,36.366,0.328,2.390,25.114,27.081,0.000,1.000,0.0000
1077.320,-71.093,36.369,0.327,2.350,25.137,27.102,0.000,1.000,0.0000
1077.330,-71.070,36.373,0.327,2.312,25.160,27.124,0.000,1.000,0.0000
1077.340,-71.047,36.376,0.327,2.274,25.183,27.145,0.000,1.000,0.0000
1077.350,-71.024,36.380,0.326,2.236,25.206,27.165,0.000,1.000,0.0000
1077.360,-71.003,36.383,0.326,2.197,25.228,27.186,0.000,1.000,0.0000
1077.370,-70.981,36.387,0.325,2.159,25.249,27.206,0.000,1.000,0.0000
1077.380,-70.960,36.390,0.325,2.120,25.270,27.226,0.000,1.000,0.0000
1077.390,-70.939,36.393,0.324,2.082,25.291,27.245,0.000,1.000,0.0000
1077.400,-70.918,36.396,0.324,2.043,25.312,27.264,0.000,1.000,0.0000
1077.410,-70.898,36.399,0.324,2.005,25.332,27.282,0.000,1.000,0.0000
1077.420,-70.879,36.402,0.323,1.966,25.351,27.301,0.000,1.000,0.0000
1077.430,-70.860,36.405,0.323,1.928,25.371,27.318,0.000,1.000,0.0000
1077.440,-70.841,36.408,0.323,1.889,25.389,27.336,0.000,1.000,0.0000
1077.450,-70.822,36.411,0.322,1.850,25.408,27.353,0.000,1.000,0.0000
1077.460,-70.804,36.413,0.322,1.812,25.426,27.370,0.000,1.000,0.0000
1077.470,-70.786,36.416,0.322,1.773,25.444,27.386,0.000,1.000,0.0000
1077.480,-70.769,36.419,0.322,1.735,25.461,27.402,0.000,1.000,0.0000
1077.490,-70.752,36.421,0.322,1.696,25.478,27.418,0.000,1.000,0.0000
1077.500,-70.735,36.423,0.322,1.657,25.495,27.433,0.000,1.000,0.0000
1077.510,-70.719,36.426,0.322,1.618,25.511,27.448,0.000,1.000,0.0000
1077.520,-70.703,36.428,0.322,1.579,25.527,27.463,0.000,1.000,0.0000
1077.530,-70.688,36.430,0.322,1.540,25.542,27.477,0.000,1.000,0.0000
1077.540,-70.673,36.433,0.322,1.501,25.557,27.491,0.000,1.000,0.0000
1077.550,-70.658,36.435,0.322,1.462,25.572,27.504,0.000,1.000,0.0000
1077.560,-70.644,36.437,0.322,1.422,25.586,27.517,0.000,1.000,0.0000
1077.570,-70.630,36.439,0.322,1.383,25.600,27.530,0.000,1.000,0.0000
1077.580,-70.617,36.441,0.322,1.344,25.613,27.542,0.000,1.000,0.0000
1077.590,-70.604,36.443,0.323,1.304,25.626,27.554,0.000,1.000,0.0000
1077.600,-70.591,36.445,0.323,1.264,25.639,27.566,0.000,1.000,0.0000
1077.610,-70.579,36.447,0.323,1.225,25.651,27.577,0.000,1.000,0.0000
1077.620,-70.567,36.448,0.323,1.185,25.663,27.588,0.000,1.000,0.0000
1077.630,-70.556,36.450,0.323,1.145,25.674,27.598,0.000,1.000,0.0000
1077.640,-70.545,36.452,0.323,1.105,25.685,27.608,0.000,1.000,0.0000
1077.650,-70.534,36.453,0.324,1.065,25.696,27.618,0.000,1.000,0.0000
1077.660,-70.524,36.455,0.324,1.025,25.706,27.628,0.000,1.000,0.0000
1077.670,-70.514,36.456,0.324,0.979,25.716,27.636,0.000,1.000,0.0000
1077.680,-70.505,36.458,0.324,0.934,25.725,27.645,0.000,1.000,0.0000
1077.690,-70.496,36.459,0.324,0.890,25.734,27.653,0.000,1.000,0.0000
1077.700,-70.487,36.461,0.324,0.847,25.743,27.661,0.000,1.000,0.0000
1077.710,-70.479,36.462,0.325,0.806,25.751,27.668,0.000,1.000,0.0000
1077.720,-70.472,36.463,0.325,0.765,25.758,27.675,0.000,1.000,0.0000
1077.730,-70.464,36.464,0.325,0.725,25.766,27.682,0.000,1.000,0.0000
1077.740,-70.457,36.465,0.325,0.685,25.773,27.688,0.000,1.000,0.0000
1077.750,-70.451,36.467,0.325,0.645,25.779,27.694,0.000,1.000,0.0000
1077.760,-70.445,36.468,0.325,0.606,25.785,27.700,0.000,1.000,0.0000
1077.770,-70.439,36.469,0.325,0.566,25.791,27.705,0.000,1.000,0.0000
1077.780,-70.434,36.469,0.325,0.527,25.796,27.710,0.000,1.000,0.0000
1077.790,-70.429,36.470,0.325,0.487,25.801,27.714,0.000,1.000,0.0000
1077.800,-70.425,36.471,0.325,0.448,25.805,27.718,0.000,1.000,0.0000
1077.810,-70.421,36.472,0.325,0.408,25.809,27.722,0.000,1.000,0.0000
1077.820,-70.417,36.473,0.325,0.369,25.813,27.726,0.000,1.000,0.0000
1077.830,-70.414,36.473,0.325,0.330,25.816,27.729,0.000,1.000,0.0000
1077.840,-70.411,36.474,0.325,0.291,25.819,27.731,0.000,1.000,0.0000
1077.850,-70.408,36.474,0.325,0.253,25.822,27.734,0.000,1.000,0.0000
1077.860,-70.406,36.475,0.324,0.214,25.824,27.736,0.000,1.000,0.0000
1077.870,-70.404,36.475,0.324,0.176,25.826,27.737,0.000,1.000,0.0000
1077.880,-70.403,36.475,0.324,0.139,25.827,27.739,0.000,1.000,0.0000
1077.890,-70.402,36.476,0.324,0.102,25.828,27.740,0.000,1.000,0.0000
1077.900,-70.401,36.476,0.324,0.067,25.829,27.740,0.000,1.000,0.0000
1077.910,-70.401,36.476,0.324,0.040,25.829,27.741,0.000,1.000,0.0000
1077.920,-70.401,36.476,0.324,0.023,25.829,27.741,0.000,1.000,0.0000
1077.930,-70.401,36.476,0.324,0.022,25.829,27.741,0.000,0.900,0.0000
1077.940,-70.401,36.476,0.323,0.030,25.829,27.741,0.000,0.800,0.0000
1077.950,-70.401,36.476,0.323,0.037,25.829,27.741,0.000,0.700,0.0000
1077.960,-70.401,36.476,0.322,0.043,25.829,27.741,0.000,0.600,0.0000
1077.970,-70.401,36.476,0.322,0.048,25.829,27.741,0.000,0.500,0.0000
1077.980,-70.401,36.476,0.322,0.052,25.829,27.741,0.000,0.400,0.0000
1077.990,-70.401,36.476,0.321,0.055,25.829,27.741,0.000,0.300,0.0000
1078.000,-70.402,36.476,0.320,0.057,25.828,27.741,0.000,0.200,0.0000
1078.010,-70.402,36.476,0.320,0.058,25.828,27.742,0.000,0.100,0.0000
1078.020,-70.402,36.476,0.319,0.059,25.828,27.742,0.000,0.000,0.0000
1078.030,-70.402,36.476,0.319,0.058,25.828,27.742,0.000,0.000,0.0000
1078.040,-70.402,36.476,0.318,0.056,25.828,27.742,0.000,0.000,0.0000
1078.050,-70.402,36.476,0.318,0.054,25.828,27.742,0.000,0.000,0.0000
1078.060,-70.402,36.476,0.317,0.051,25.828,27.742,0.000,0.000,0.0000
1078.070,-70.402,36.476,0.317,0.048,25.828,27.742,0.000,0.000,0.0000
1078.080,-70.403,36.476,0.316,0.044,25.828,27.742,0.000,0.000,0.0000
1078.090,-70.403,36.476,0.316,0.040,25.827,27.742,0.000,0.000,0.0000
1078.100,-70.403,36.475,0.316,0.035,25.827,27.742,0.000,0.000,0.0000
1078.110,-70.403,36.475,0.315,0.031,25.827,27.742,0.000,0.000,0.0000
1078.120,-70.403,36.475,0.315,0.026,25.827,27.742,0.000,0.000,0.0000
1078.130,-70.403,36.475,0.315,0.021,25.827,27.742,0.000,0.000,0.0000
1078.140,-70.403,36.475,0.315,0.016,25.827,27.743,0.000,0.000,0.0000
1078.150,-70.403,36.475,0.314,0.012,25.827,27.743,0.000,0.000,0.0000
1078.160,-70.403,36.475,0.314,0.007,25.827,27.743,0.000,0.000,0.0000
1078.170,-70.403,36.475,0.314,0.003,25.827,27.743,0.000,0.000,0.0000
1078.180,-70.403,36.475,0.314,0.001,25.827,27.743,0.000,0.000,0.0000
1078.190,-70.403,36.475,0.314,0.005,25.827,27.743,0.000,0.000,0.0000
1078.200,-70.403,36.475,0.315,0.008,25.827,27.743,0.000,0.000,0.0000
1078.210,-70.403,36.475,0.315,0.011,25.827,27.743,0.000,0.000,0.0000
1078.220,-70.403,36.475,0.315,0.014,25.827,27.742,0.000,0.000,0.0000
1078.230,-70.403,36.475,0.315,0.016,25.827,27.742,0.000,0.000,0.0000
1078.240,-70.403,36.475,0.315,0.018,25.827,27.742,0.000,0.000,0.0000
1078.250,-70.403,36.475,0.315,0.019,25.827,27.742,0.000,0.000,0.0000
1078.260,-70.403,36.475,0.315,0.020,25.827,27.742,0.000,0.000,0.0000
1078.270,-70.403,36.475,0.316,0.021,25.827,27.742,0.000,0.000,0.0000
1078.280,-70.403,36.475,0.316,0.021,25.827,27.742,0.000,0.000,0.0000
1078.290,-70.403,36.476,0.316,0.021,25.827,27.742,0.000,0.000,0.0000
1078.300,-70.403,36.476,0.316,0.021,25.827,27.742,0.000,0.000,0.0000
1078.310,-70.402,36.476,0.317,0.020,25.828,27.742,0.000,0.000,0.0000
1078.320,-70.402,36.476,0.317,0.020,25.828,27.742,0.000,0.000,0.0000
1078.330,-70.402,36.476,0.317,0.019,25.828,27.742,0.000,0.000,0.0000
1078.340,-70.402,36.476,0.317,0.017,25.828,27.742,0.000,0.000,0.0000
1078.350,-70.402,36.476,0.317,0.016,25.828,27.742,0.000,0.000,0.0000
1078.360,-70.402,36.476,0.317,0.014,25.828,27.742,0.000,0.000,0.0000
1078.370,-70.402,36.476,0.317,0.013,25.828,27.742,0.000,0.000,0.0000
1078.380,-70.402,36.476,0.318,0.011,25.828,27.742,0.000,0.000,0.0000
1078.390,-70.402,36.476,0.318,0.009,25.828,27.742,0.000,0.000,0.0000
1078.400,-70.402,36.476,0.318,0.007,25.828,27.742,0.000,0.000,0.0000
1078.410,-70.402,36.476,0.318,0.006,25.828,27.742,0.000,0.000,0.0000
1078.420,-70.402,36.476,0.318,0.004,25.828,27.742,0.000,0.000,0.0000
1078.430,-70.402,36.476,0.318,0.002,25.828,27.742,0.000,0.000,0.0000
1078.440,-70.402,36.476,0.318,0.001,25.828,27.742,0.000,0.000,0.0000
1078.450,-70.402,36.476,0.318,0.001,25.828,27.742,0.000,0.000,0.0000
1078.460,-70.402,36.476,0.318,0.002,25.828,27.742,0.000,0.000,0.0000
1078.470,-70.402,36.476,0.318,0.003,25.828,27.742,0.000,0.000,0.0000
1078.480,-70.402,36.476,0.318,0.004,25.828,27.742,0.000,0.000,0.0000
1078.490,-70.402,36.476,0.318,0.005,25.828,27.742,0.000,0.000,0.0000
1078.500,-70.402,36.476,0.318,0.006,25.828,27.742,0.000,0.000,0.0000
1078.510,-70.402,36.476,0.318,0.007,25.828,27.742,0.000,0.000,0.0000
1078.520,-70.402,36.476,0.318,0.007,25.828,27.742,0.000,0.000,0.0000
1078.530,-70.402,36.476,0.317,0.008,25.828,27.742,0.000,0.000,0.0000
1078.540,-70.402,36.476,0.317,0.008,25.828,27.742,0.000,0.000,0.0000
1078.550,-70.402,36.476,0.317,0.008,25.828,27.742,0.000,0.000,0.0000
1078.560,-70.402,36.476,0.317,0.008,25.828,27.742,0.000,0.000,0.0000
1078.570,-70.402,36.476,0.317,0.008,25.828,27.742,0.000,0.000,0.0000
1078.580,-70.402,36.476,0.317,0.007,25.828,27.742,0.000,0.000,0.0000
1078.590,-70.402,36.476,0.317,0.007,25.828,27.742,0.000,0.000,0.0000
1078.600,-70.402,36.476,0.317,0.007,25.828,27.742,0.000,0.000,0.0000
1078.610,-70.402,36.476,0.317,0.006,25.828,27.742,0.000,0.000,0.0000
1078.620,-70.402,36.476,0.317,0.006,25.828,27.742,0.000,0.000,0.0000
1078.630,-70.402,36.476,0.317,0.005,25.828,27.742,0.000,0.000,0.0000
1078.640,-70.402,36.476,0.317,0.004,25.828,27.742,0.000,0.000,0.0000
1078.650,-70.402,36.476,0.317,0.004,25.828,27.742,0.000,0.000,0.0000
1078.660,-70.402,36.476,0.317,0.003,25.828,27.742,0.000,0.000,0.0000
1078.670,-70.402,36.476,0.317,0.002,25.828,27.742,0.000,0.000,0.0000
1078.680,-70.402,36.476,0.317,0.002,25.828,27.742,0.000,0.000,0.0000
1078.690,-70.402,36.476,0.317,0.001,25.828,27.742,0.000,0.000,0.0000
1078.700,-70.402,36.476,0.317,0.001,25.828,27.742,0.000,0.000,0.0000
1078.710,-70.402,36.476,0.317,0.000,25.828,27.742,0.000,0.000,0.0000
1078.720,-70.402,36.476,0.317,0.001,25.828,27.742,0.000,0.000,0.0000
1078.730,-70.402,36.476,0.317,0.001,25.828,27.742,0.000,0.000,0.0000
1078.740,-70.402,36.476,0.317,0.001,25.828,27.742,0.000,0.000,0.0000
1078.750,-70.402,36.476,0.317,0.002,25.828,27.742,0.000,0.000,0.0000
1078.760,-70.402,36.476,0.317,0.002,25.828,27.742,0.000,0.000,0.0000
1078.770,-70.402,36.476,0.317,0.002,25.828,27.742,0.000,0.000,0.0000
1078.780,-70.402,36.476,0.317,0.003,25.828,27.742,0.000,0.000,0.0000
1078.790,-70.402,36.476,0.317,0.003,25.828,27.742,0.000,0.000,0.0000
1078.800,-70.402,36.476,0.317,0.003,25.828,27.742,0.000,0.000,0.0000
1078.810,-70.402,36.476,0.317,0.003,25.828,27.742,0.000,0.000,0.0000
1078.820,-70.402,36.476,0.317,0.003,25.828,27.742,0.000,0.000,0.0000
1078.830,-70.402,36.476,0.317,0.003,25.828,27.742,0.000,0.000,0.0000
1078.840,-70.402,36.476,0.317,0.003,25.828,27.742,0.000,0.000,0.0000
1078.850,-70.402,36.476,0.317,0.003,25.828,27.742,0.000,0.000,0.0000
1078.860,-70.402,36.476,0.317,0.002,25.828,27.742,0.000,0.000,0.0000
1078.870,-70.402,36.476,0.317,0.002,25.828,27.742,0.000,0.000,0.0000
1078.880,-70.402,36.476,0.317,0.002,25.828,27.742,0.000,0.000,0.0000
1078.890,-70.402,36.476,0.317,0.002,25.828,27.742,0.000,0.000,0.0000
1078.900,-70.402,36.476,0.317,0.002,25.828,27.742,0.000,0.000,0.0000
1078.910,-70.402,36.476,0.317,0.001,25.828,27.742,0.000,0.000,0.0000
1078.920,-70.402,36.476,0.317,0.001,25.828,27.742,0.000,0.000,0.0000
1078.930,-70.402,36.476,0.317,0.001,25.828,27.742,0.000,0.000,0.0000
1078.940,-70.402,36.476,0.317,0.001,25.828,27.742,0.000,0.000,0.0000
1078.950,-70.402,36.476,0.317,0.001,25.828,27.742,0.000,0.000,0.0000
1078.960,-70.402,36.476,0.317,0.000,25.828,27.742,0.000,0.000,0.0000
1078.970,-70.402,36.476,0.317,0.000,25.828,27.742,0.000,0.000,0.0000
1078.980,-70.402,36.476,0.317,0.000,25.828,27.742,0.000,0.000,0.0000
1078.990,-70.402,36.476,0.317,0.000,25.828,27.742,0.000,0.000,0.0000
1079.000,-70.402,36.476,0.317,0.000,25.828,27.742,0.000,0.000,0.0000
1079.010,-70.402,36.476,0.317,0.001,25.828,27.742,0.000,0.000,0.0000
1079.020,-70.402,36.476,0.317,0.001,25.828,27.742,0.000,0.000,0.0000
1079.030,-70.402,36.476,0.317,0.001,25.828,27.742,0.000,0.000,0.0000
1079.040,-70.402,36.476,0.317,0.001,25.828,27.742,0.000,0.000,0.0000
1079.050,-70.402,36.476,0.317,0.001,25.828,27.742,0.000,0.000,0.0000
1079.060,-70.402,36.476,0.317,0.001,25.828,27.742,0.000,0.000,0.0000
1079.070,-70.402,36.476,0.317,0.001,25.828,27.742,0.000,0.000,0.0000
1079.080,-70.402,36.476,0.317,0.001,25.828,27.742,0.000,0.000,0.0000
1079.090,-70.402,36.476,0.317,0.001,25.828,27.742,0.000,0.000,0.0000
1079.100,-70.402,36.476,0.317,0.001,25.828,27.742,0.000,0.000,0.0000
1079.110,-70.402,36.476,0.317,0.001,25.828,27.742,0.000,0.000,0.0000
1079.120,-70.402,36.476,0.317,0.001,25.828,27.742,0.000,0.000,0.0000
1079.130,-70.402,36.476,0.317,0.001,25.828,27.742,0.000,0.000,0.0000
1079.140,-70.402,36.476,0.317,0.001,25.828,27.742,0.000,0.000,0.0000
1079.150,-70.402,36.476,0.317,0.001,25.828,27.742,0.000,0.000,0.0000
1079.160,-70.402,36.476,0.317,0.001,25.828,27.742,0.000,0.000,0.0000
1079.170,-70.402,36.476,0.317,0.001,25.828,27.742,0.000,0.000,0.0000
1079.180,-70.402,36.476,0.317,0.000,25.828,27.742,0.000,0.000,0.0000
1079.190,-70.402,36.476,0.317,0.000,25.828,27.742,0.000,0.000,0.0000
1079.200,-70.402,36.476,0.317,0.000,25.828,27.742,0.000,0.000,0.0000
1079.210,-70.402,36.476,0.317,0.000,25.828,27.742,0.000,0.000,0.0000
1079.220,-70.402,36.476,0.317,0.000,25.828,27.742,0.000,0.000,0.0000
1079.230,-70.402,36.476,0.317,0.000,25.828,27.742,0.000,0.000,0.0000
1079.240,-70.402,36.476,0.317,0.000,25.828,27.742,0.000,0.000,0.0000
1079.250,-70.402,36.476,0.317,0.000,25.828,27.742,0.000,0.000,0.0000
1079.260,-70.402,36.476,0.317,0.000,25.828,27.742,0.000,0.000,0.0000
1079.270,-70.402,36.476,0.317,0.000,25.828,27.742,0.000,0.000,0.0000
1079.280,-70.402,36.476,0.317,0.000,25.828,27.742,0.000,0.000,0.0000
1079.290,-70.402,36.476,0.317,0.000,25.828,27.742,0.000,0.000,0.0000
1079.300,-70.402,36.476,0.317,0.000,25.828,27.742,0.000,0.000,0.0000
1079.310,-70.402,36.476,0.317,0.000,25.828,27.742,0.000,0.000,0.0000
1079.320,-70.402,36.476,0.317,0.000,25.828,27.742,0.000,0.000,0.0000
1079.330,-70.402,36.476,0.317,0.000,25.828,27.742,0.000,0.000,0.0000
1079.340,-70.402,36.476,0.317,0.000,25.828,27.742,0.000,0.000,0.0000
1079.350,-70.402,36.476,0.317,0.000,25.828,27.742,0.000,0.000,0.0000
1079.360,-70.402,36.476,0.317,0.000,25.828,27.742,0.000,0.000,0.0000
1079.370,-70.402,36.476,0.317,0.000,25.828,27.742,0.000,0.000,0.0000
1079.380,-70.402,36.476,0.317,0.000,25.828,27.742,0.000,0.000,0.0000
1079.390,-70.402,36.476,0.317,0.000,25.828,27.742,0.000,0.000,0.0000
1079.400,-70.402,36.476,0.317,0.000,25.828,27.742,0.000,0.000,0.0000
1079.410,-70.402,36.476,0.317,0.000,25.828,27.742,0.000,0.000,0.0000
1079.420,-70.402,36.476,0.317,0.000,25.828,27.742,0.000,0.000,0.0000
1079.430,-70.402,36.476,0.317,0.000,25.828,27.742,0.000,0.000,0.0000
1079.440,-70.402,36.476,0.317,0.000,25.828,27.742,0.000,0.000,0.0000
1079.450,-70.402,36.476,0.317,0.000,25.828,27.742,0.000,0.000,0.0000
1079.460,-70.402,36.476,0.317,0.000,25.828,27.742,0.000,0.000,0.0000
1079.470,-70.402,36.476,0.317,0.000,25.828,27.742,0.000,0.000,0.0000
1079.480,-70.402,36.476,0.317,0.000,25.828,27.742,0.000,0.000,0.0000
1079.490,-70.402,36.476,0.317,0.000,25.828,27.742,0.000,0.000,0.0000
1079.500,-70.402,36.476,0.317,0.000,25.828,27.742,0.000,0.000,0.0000
1079.510,-70.402,36.476,0.317,0.000,25.828,27.742,0.000,0.000,0.0000
1079.520,-70.402,36.476,0.317,0.000,25.828,27.742,0.000,0.000,0.0000
1079.530,-70.402,36.476,0.317,0.000,25.828,27.742,0.000,0.000,0.0000
1079.540,-70.402,36.476,0.317,0.000,25.828,27.742,0.000,0.000,0.0000
1079.550,-70.402,36.476,0.317,0.000,25.828,27.742,0.000,0.000,0.0000
1079.560,-70.402,36.476,0.317,0.000,25.828,27.742,0.000,0.000,0.0000
1079.570,-70.402,36.476,0.317,0.000,25.828,27.742,0.000,0.000,0.0000
1079.580,-70.402,36.476,0.317,0.000,25.828,27.742,0.000,0.000,0.0000
1079.590,-70.402,36.476,0.317,0.000,25.828,27.742,0.000,0.000,0.0000
1079.600,-70.402,36.476,0.317,0.000,25.828,27.742,0.000,0.000,0.0000
1079.610,-70.402,36.476,0.317,0.000,25.828,27.742,0.000,0.000,0.0000
1079.620,-70.402,36.476,0.317,0.000,25.828,27.742,0.000,0.000,0.0000
1079.630,-70.402,36.476,0.317,0.000,25.828,27.742,0.000,0.000,0.0000
1079.640,-70.402,36.476,0.317,0.000,25.828,27.742,0.000,0.000,0.0000
1079.650,-70.402,36.476,0.317,0.000,25.828,27.742,0.000,0.000,0.0000
1079.660,-70.402,36.476,0.317,0.000,25.828,27.742,0.000,0.000,0.0000
1079.670,-70.402,36.476,0.317,0.000,25.828,27.742,0.000,0.000,0.0000
1079.680,-70.402,36.476,0.317,0.000,25.828,27.742,0.000,0.000,0.0000
1079.690,-70.402,36.476,0.317,0.000,25.828,27.742,0.000,0.000,0.0000
1079.700,-70.402,36.476,0.317,0.000,25.828,27.742,0.000,0.000,0.0000
1079.710,-70.402,36.476,0.317,0.000,25.828,27.742,0.000,0.000,0.0000
1079.720,-70.402,36.476,0.317,0.000,25.828,27.742,0.000,0.000,0.0000
1079.730,-70.402,36.476,0.317,0.000,25.828,27.742,0.000,0.000,0.0000
1079.740,-70.402,36.476,0.317,0.000,25.828,27.742,0.000,0.000,0.0000
1079.750,-70.402,36.476,0.317,0.000,25.828,27.742,0.000,0.000,0.0000
1079.760,-70.402,36.476,0.317,0.000,25.828,27.742,0.000,0.000,0.0000
1079.770,-70.402,36.476,0.317,0.000,25.828,27.742,0.000,0.000,0.0000
1079.780,-70.402,36.476,0.317,0.000,25.828,27.742,0.000,0.000,0.0000
1079.790,-70.402,36.476,0.317,0.000,25.828,27.742,0.000,0.000,0.0000
1079.800,-70.402,36.476,0.317,0.000,25.828,27.742,0.000,0.000,0.0000
1079.810,-70.402,36.476,0.317,0.000,25.828,27.742,0.000,0.000,0.0000
1079.820,-70.402,36.476,0.317,0.000,25.828,27.742,0.000,0.000,0.0000
1079.830,-70.402,36.476,0.317,0.000,25.828,27.742,0.000,0.000,0.0000
1079.840,-70.402,36.476,0.317,0.000,25.828,27.742,0.000,0.000,0.0000
1079.850,-70.402,36.476,0.317,0.000,25.828,27.742,0.000,0.000,0.0000
1079.860,-70.402,36.476,0.317,0.000,25.828,27.742,0.000,0.000,0.0000
1079.870,-70.402,36.476,0.317,0.000,25.828,27.742,0.000,0.000,0.0000
1079.880,-70.402,36.476,0.317,0.000,25.828,27.742,0.000,0.000,0.0000
1079.890,-70.402,36.476,0.317,0.000,25.828,27.742,0.000,0.000,0.0000
1079.900,-70.402,36.476,0.317,0.000,25.828,27.742,0.000,0.000,0.0000
1079.910,-70.402,36.476,0.317,0.000,25.828,27.742,0.000,0.000,0.0000
1079.920,-70.402,36.476,0.317,0.000,25.828,27.742,0.000,0.000,0.0000
1079.930,-70.402,36.476,0.317,0.000,25.828,27.742,0.000,0.000,0.0000
1079.940,-70.402,36.476,0.317,0.000,25.828,27.742,0.000,0.000,0.0000
1079.950,-70.402,36.476,0.317,0.000,25.828,27.742,0.000,0.000,0.0000
1079.960,-70.402,36.476,0.317,0.000,25.828,27.742,0.000,0.000,0.0000
1079.970,-70.402,36.476,0.317,0.000,25.828,27.742,0.000,0.000,0.0000
1079.980,-70.402,36.476,0.317,0.000,25.828,27.742,0.000,0.000,0.0000
1079.990,-70.402,36.476,0.317,0.000,25.828,27.742,0.000,0.000,0.0000
1080.000,-70.402,36.476,0.317,0.000,25.828,27.742,0.000,0.000,0.0000
1080.010,-70.402,36.476,0.317,0.000,25.828,27.742,0.000,0.000,0.0000
1080.020,-70.402,36.476,0.317,0.000,25.828,27.742,0.000,0.000,0.0000
1080.030,-70.402,36.476,0.317,0.000,25.828,27.742,0.000,0.000,0.0000
1080.040,-70.402,36.476,0.317,0.000,25.828,27.742,0.000,0.000,0.0000
1080.050,-70.402,36.476,0.317,0.000,25.828,27.742,0.000,0.000,0.0000
1080.060,-70.402,36.476,0.317,0.000,25.828,27.742,0.000,0.000,0.0000
1080.070,-70.402,36.476,0.317,0.000,25.828,27.742,0.000,0.000,0.0000
1080.080,-70.402,36.476,0.317,0.000,25.828,27.742,0.000,0.000,0.0000
1080.090,-70.402,36.476,0.317,0.000,25.828,27.742,0.000,0.000,0.0000
1080.100,-70.402,36.476,0.317,0.000,25.828,27.742,0.000,0.000,0.0000
1080.110,-70.402,36.476,0.317,0.000,25.828,27.742,0.000,0.000,0.0000
1080.120,-70.402,36.476,0.317,0.000,25.828,27.742,0.000,0.000,0.0000
1080.130,-70.402,36.476,0.317,0.000,25.828,27.742,0.000,0.000,0.0000
1080.140,-70.402,36.476,0.317,0.000,25.828,27.742,0.000,0.000,0.0000
1080.150,-70.402,36.476,0.317,0.000,25.828,27.742,0.000,0.000,0.0000
1080.160,-70.402,36.476,0.317,0.000,25.828,27.742,0.000,0.000,0.0000
1080.170,-70.402,36.476,0.317,0.000,25.828,27.742,0.000,0.000,0.0000
1080.180,-70.402,36.476,0.317,0.000,25.828,27.742,0.000,0.000,0.0000
1080.190,-70.402,36.476,0.317,0.000,25.828,27.742,0.000,0.000,0.0000
1080.200,-70.402,36.476,0.317,0.000,25.828,27.742,0.000,0.000,0.0000
1080.210,-70.402,36.476,0.317,0.000,25.828,27.742,0.000,0.000,0.0000
1080.220,-70.402,36.476,0.317,0.000,25.828,27.742,0.000,0.000,0.0000
1080.230,-70.402,36.476,0.317,0.000,25.828,27.742,0.000,0.000,0.0000
1080.240,-70.402,36.476,0.317,0.000,25.828,27.742,0.000,0.000,0.0000
1080.250,-70.402,36.476,0.317,0.000,25.828,27.742,0.000,0.000,0.0000
1080.260,-70.402,36.476,0.317,0.000,25.828,27.742,0.000,0.000,0.0000
1080.270,-70.402,36.476,0.317,0.000,25.828,27.742,0.040,0.000,0.0000
1080.280,-70.402,36.476,0.317,0.015,25.828,27.742,0.080,0.000,0.0000
1080.290,-70.402,36.476,0.317,0.041,25.828,27.743,0.120,0.000,0.0000
1080.300,-70.401,36.476,0.317,0.077,25.829,27.743,0.160,0.000,0.0000
1080.310,-70.400,36.476,0.316,0.116,25.830,27.744,0.200,0.000,0.0000
1080.320,-70.398,36.476,0.316,0.157,25.832,27.746,0.240,0.000,0.0000
1080.330,-70.397,36.476,0.316,0.199,25.833,27.748,0.280,0.000,0.0000
1080.340,-70.394,36.477,0.315,0.240,25.836,27.750,0.320,0.000,0.0000
1080.350,-70.391,36.477,0.315,0.280,25.839,27.753,0.360,0.000,0.0000
1080.360,-70.388,36.478,0.314,0.319,25.842,27.756,0.400,0.000,0.0000
1080.370,-70.385,36.478,0.314,0.358,25.845,27.760,0.440,0.000,0.0000
1080.380,-70.381,36.479,0.313,0.397,25.849,27.763,0.480,0.000,0.0000
1080.390,-70.377,36.479,0.312,0.435,25.853,27.768,0.520,0.000,0.0000
1080.400,-70.372,36.480,0.312,0.474,25.858,27.772,0.560,0.000,0.0000
1080.410,-70.367,36.481,0.311,0.513,25.863,27.777,0.600,0.000,0.0000
1080.420,-70.361,36.481,0.311,0.552,25.869,27.782,0.640,0.000,0.0000
1080.430,-70.355,36.482,0.310,0.588,25.875,27.788,0.680,0.000,0.0000
1080.440,-70.349,36.483,0.310,0.626,25.881,27.794,0.720,0.000,0.0000
1080.450,-70.342,36.484,0.309,0.664,25.888,27.800,0.760,0.000,0.0000
1080.460,-70.335,36.485,0.309,0.704,25.895,27.807,0.800,0.000,0.0080
1080.470,-70.328,36.486,0.309,0.745,25.902,27.814,0.840,0.000,0.0160
1080.480,-70.320,36.487,0.309,0.788,25.910,27.821,0.880,0.000,0.0240
1080.490,-70.312,36.489,0.308,0.832,25.918,27.829,0.920,0.000,0.0320
1080.500,-70.303,36.490,0.308,0.875,25.927,27.837,0.960,0.000,0.0400
1080.510,-70.294,36.491,0.308,0.919,25.936,27.846,1.000,0.000,0.0480
1080.520,-70.284,36.492,0.308,0.960,25.946,27.855,1.000,0.000,0.0560
1080.530,-70.274,36.494,0.308,0.998,25.956,27.864,1.000,0.000,0.0640
1080.540,-70.264,36.495,0.308,1.035,25.966,27.873,1.000,0.000,0.0720
1080.550,-70.253,36.497,0.308,1.069,25.977,27.883,1.000,0.000,0.0800
1080.560,-70.242,36.498,0.308,1.104,25.988,27.893,1.000,0.000,0.0880
1080.570,-70.231,36.499,0.308,1.141,25.999,27.904,1.000,0.000,0.0960
1080.580,-70.219,36.501,0.308,1.178,26.011,27.915,1.000,0.000,0.1040
1080.590,-70.207,36.503,0.308,1.217,26.023,27.926,1.000,0.000,0.1120
1080.600,-70.194,36.504,0.308,1.257,26.036,27.937,1.000,0.000,0.1200
1080.610,-70.181,36.506,0.309,1.297,26.049,27.949,1.000,0.000,0.1280
1080.620,-70.168,36.508,0.309,1.337,26.062,27.962,1.000,0.000,0.1360
1080.630,-70.154,36.510,0.309,1.377,26.076,27.974,1.000,0.000,0.1440
1080.640,-70.140,36.511,0.309,1.417,26.090,27.987,1.000,0.000,0.1520
1080.650,-70.125,36.513,0.309,1.456,26.105,28.001,1.000,0.000,0.1600
1080.660,-70.111,36.515,0.310,1.496,26.119,28.014,1.000,0.000,0.1680
1080.670,-70.095,36.517,0.310,1.535,26.135,28.028,1.000,0.000,0.1760
1080.680,-70.079,36.519,0.310,1.574,26.151,28.043,1.000,0.000,0.1840
1080.690,-70.063,36.521,0.310,1.613,26.167,28.058,1.000,0.000,0.1920
1080.700,-70.047,36.524,0.310,1.651,26.183,28.073,1.000,0.000,0.2000
1080.710,-70.030,36.526,0.311,1.690,26.200,28.089,1.000,0.000,0.2080
1080.720,-70.013,36.528,0.311,1.729,26.217,28.105,1.000,0.000,0.2160
1080.730,-69.995,36.530,0.311,1.767,26.235,28.121,1.000,0.000,0.2240
1080.740,-69.977,36.532,0.311,1.805,26.253,28.137,1.000,0.000,0.2320
1080.750,-69.958,36.535,0.311,1.843,26.272,28.154,1.000,0.000,0.2400
1080.760,-69.940,36.537,0.311,1.881,26.290,28.172,1.000,0.000,0.2480
1080.770,-69.920,36.540,0.311,1.919,26.310,28.190,1.000,0.000,0.2560
1080.780,-69.901,36.542,0.311,1.956,26.329,28.208,1.000,0.000,0.2640
1080.790,-69.881,36.544,0.311,1.994,26.349,28.226,1.000,0.000,0.2720
1080.800,-69.861,36.547,0.311,2.031,26.369,28.245,1.000,0.000,0.2800
1080.810,-69.840,36.549,0.311,2.068,26.390,28.264,1.000,0.000,0.2880
1080.820,-69.819,36.552,0.311,2.104,26.411,28.283,1.000,0.000,0.2960
1080.830,-69.798,36.554,0.311,2.141,26.432,28.303,1.000,0.000,0.3040
1080.840,-69.776,36.557,0.311,2.177,26.454,28.323,1.000,0.000,0.3120
1080.850,-69.754,36.559,0.311,2.213,26.476,28.344,1.000,0.000,0.3200
1080.860,-69.731,36.562,0.311,2.249,26.499,28.365,1.000,0.000,0.3280
1080.870,-69.708,36.564,0.311,2.284,26.522,28.386,1.000,0.000,0.3360
1080.880,-69.685,36.567,0.311,2.319,26.545,28.407,1.000,0.000,0.3440
1080.890,-69.662,36.570,0.311,2.354,26.568,28.429,1.000,0.000,0.3520
1080.900,-69.638,36.572,0.311,2.388,26.592,28.451,1.000,0.000,0.3600
1080.910,-69.613,36.575,0.311,2.422,26.617,28.474,1.000,0.000,0.3680
1080.920,-69.589,36.577,0.311,2.456,26.641,28.497,1.000,0.000,0.3760
1080.930,-69.564,36.579,0.311,2.489,26.666,28.520,1.000,0.000,0.3840
1080.940,-69.539,36.582,0.311,2.522,26.691,28.543,1.000,0.000,0.3920
1080.950,-69.513,36.584,0.311,2.554,26.717,28.567,1.000,0.000,0.4000
1080.960,-69.487,36.587,0.311,2.586,26.743,28.591,1.000,0.000,0.4080
1080.970,-69.461,36.589,0.311,2.617,26.769,28.615,1.000,0.000,0.4160
1080.980,-69.435,36.591,0.311,2.646,26.795,28.639,1.000,0.000,0.4240
1080.990,-69.408,36.593,0.311,2.673,26.822,28.664,1.000,0.000,0.4320
1081.000,-69.381,36.596,0.311,2.660,26.849,28.689,1.000,0.000,0.4400
1081.010,-69.355,36.598,0.312,2.661,26.875,28.713,1.000,0.000,0.4480
1081.020,-69.328,36.600,0.312,2.663,26.902,28.738,1.000,0.000,0.4560
1081.030,-69.301,36.602,0.312,2.671,26.929,28.763,1.000,0.000,0.4640
1081.040,-69.275,36.604,0.313,2.685,26.955,28.788,1.000,0.000,0.4720
1081.050,-69.248,36.606,0.313,2.704,26.982,28.813,1.000,0.000,0.4420
1081.060,-69.220,36.608,0.313,2.763,27.010,28.838,1.000,0.000,0.4120
1081.070,-69.192,36.610,0.313,2.824,27.038,28.864,1.000,0.000,0.3820
1081.080,-69.163,36.612,0.313,2.883,27.067,28.891,1.000,0.000,0.3520
1081.090,-69.133,36.613,0.313,2.939,27.097,28.918,1.000,0.000,0.3220
1081.100,-69.104,36.615,0.313,2.991,27.126,28.946,1.000,0.000,0.2920
1081.110,-69.073,36.616,0.313,3.040,27.157,28.975,1.000,0.000,0.2620
1081.120,-69.042,36.618,0.312,3.080,27.188,29.003,1.000,0.000,0.2320
1081.130,-69.011,36.619,0.312,3.114,27.219,29.032,1.000,0.000,0.2020
1081.140,-68.980,36.620,0.312,3.146,27.250,29.062,1.000,0.000,0.1720
1081.150,-68.948,36.621,0.312,3.179,27.282,29.091,1.000,0.000,0.1420
1081.160,-68.916,36.622,0.312,3.214,27.314,29.121,1.000,0.000,0.1120
1081.170,-68.883,36.623,0.311,3.253,27.347,29.152,1.000,0.000,0.0820
1081.180,-68.850,36.623,0.311,3.296,27.380,29.182,1.000,0.000,0.0520
1081.190,-68.817,36.624,0.311,3.342,27.413,29.214,1.000,0.000,0.0220
1081.200,-68.783,36.624,0.311,3.392,27.447,29.245,1.000,0.000,0.0000
1081.210,-68.749,36.625,0.310,3.447,27.481,29.277,1.000,0.000,0.0000
1081.220,-68.713,36.625,0.310,3.510,27.517,29.310,1.000,0.000,0.0000
1081.230,-68.678,36.625,0.310,3.579,27.552,29.344,1.000,0.000,0.0000
1081.240,-68.641,36.626,0.309,3.652,27.589,29.378,1.000,0.000,0.0000
1081.250,-68.605,36.626,0.309,3.643,27.625,29.412,1.000,0.000,0.0000
1081.260,-68.570,36.626,0.309,3.508,27.660,29.444,1.000,0.000,0.0000
1081.270,-68.533,36.626,0.309,3.640,27.697,29.478,1.000,0.000,0.0000
1081.280,-68.497,36.626,0.309,3.599,27.733,29.512,1.000,0.000,0.0000
1081.290,-68.460,36.626,0.309,3.763,27.770,29.547,1.000,0.000,0.0000
1081.300,-68.421,36.626,0.308,3.861,27.809,29.583,1.000,0.000,0.0000
1081.310,-68.382,36.626,0.308,3.933,27.848,29.620,1.000,0.000,0.0000
1081.320,-68.342,36.626,0.308,3.997,27.888,29.657,1.000,0.000,0.0000
1081.330,-68.301,36.625,0.307,4.052,27.929,29.695,1.000,0.000,0.0000
1081.340,-68.260,36.625,0.307,4.103,27.970,29.734,1.000,0.000,0.0000
1081.350,-68.219,36.625,0.307,4.151,28.011,29.772,1.000,0.000,0.0000
1081.360,-68.177,36.625,0.307,4.199,28.053,29.812,1.000,0.000,0.0000
1081.370,-68.134,36.625,0.307,4.246,28.096,29.851,1.000,0.000,0.0000
1081.380,-68.091,36.625,0.307,4.293,28.139,29.891,1.000,0.000,0.0000
1081.390,-68.048,36.625,0.307,4.341,28.182,29.932,1.000,0.000,0.0000
1081.400,-68.004,36.625,0.307,4.397,28.226,29.973,1.000,0.000,0.0000
1081.410,-67.959,36.625,0.306,4.456,28.271,30.015,1.000,0.000,0.0000
1081.420,-67.914,36.624,0.306,4.514,28.316,30.057,1.000,0.000,0.0000
1081.430,-67.869,36.624,0.307,4.570,28.361,30.100,1.000,0.000,0.0000
1081.440,-67.822,36.624,0.307,4.623,28.408,30.143,1.000,0.000,0.0000
1081.450,-67.776,36.624,0.307,4.676,28.454,30.187,1.000,0.000,0.0000
1081.460,-67.728,36.624,0.307,4.727,28.502,30.231,1.000,0.000,0.0000
1081.470,-67.681,36.624,0.307,4.776,28.550,30.275,1.000,0.000,0.0000
1081.480,-67.632,36.623,0.307,4.822,28.598,30.320,1.000,0.000,0.0000
1081.490,-67.584,36.623,0.307,4.867,28.646,30.366,1.000,0.000,0.0000
1081.500,-67.535,36.623,0.307,4.909,28.695,30.412,1.000,0.000,0.0000
1081.510,-67.485,36.622,0.308,4.951,28.745,30.458,1.000,0.000,0.0000
1081.520,-67.435,36.622,0.308,4.992,28.795,30.505,1.000,0.000,0.0000
1081.530,-67.385,36.622,0.308,5.031,28.845,30.552,1.000,0.000,0.0000
1081.540,-67.334,36.621,0.308,5.070,28.896,30.599,1.000,0.000,0.0000
1081.550,-67.283,36.621,0.309,5.108,28.947,30.647,1.000,0.000,0.0000
1081.560,-67.232,36.621,0.309,5.145,28.998,30.695,1.000,0.000,0.0000
1081.570,-67.180,36.620,0.309,5.182,29.050,30.743,1.000,0.000,0.0000
1081.580,-67.128,36.620,0.310,5.219,29.102,30.792,1.000,0.000,0.0000
1081.590,-67.075,36.619,0.310,5.255,29.155,30.841,1.000,0.000,0.0000
1081.600,-67.022,36.619,0.310,5.290,29.208,30.891,1.000,0.000,0.0000
1081.610,-66.969,36.618,0.311,5.323,29.261,30.941,1.000,0.000,0.0000
1081.620,-66.915,36.618,0.311,5.353,29.315,30.991,1.000,0.000,0.0000
1081.630,-66.862,36.617,0.311,5.383,29.368,31.041,1.000,0.000,0.0000
1081.640,-66.807,36.617,0.312,5.420,29.423,31.092,1.000,0.000,0.0000
1081.650,-66.753,36.616,0.312,5.461,29.477,31.143,1.000,0.000,0.0000
1081.660,-66.698,36.616,0.312,5.504,29.532,31.195,1.000,0.000,0.0000
1081.670,-66.642,36.615,0.312,5.548,29.588,31.247,1.000,0.000,0.0000
1081.680,-66.586,36.615,0.312,5.591,29.644,31.299,1.000,0.000,0.0000
1081.690,-66.530,36.614,0.312,5.634,29.700,31.352,1.000,0.000,0.0000
1081.700,-66.473,36.614,0.312,5.676,29.757,31.406,1.000,0.000,0.0000
1081.710,-66.416,36.613,0.312,5.718,29.814,31.459,1.000,0.000,0.0000
1081.720,-66.358,36.613,0.312,5.758,29.872,31.514,1.000,0.000,0.0000
1081.730,-66.300,36.612,0.312,5.797,29.930,31.568,1.000,0.000,0.0000
1081.740,-66.242,36.612,0.312,5.836,29.988,31.623,1.000,0.000,0.0000
1081.750,-66.183,36.611,0.312,5.875,30.047,31.678,1.000,0.000,0.0000
1081.760,-66.124,36.611,0.312,5.913,30.106,31.734,1.000,0.000,0.0000
1081.770,-66.065,36.611,0.312,5.951,30.165,31.790,1.000,0.000,0.0000
1081.780,-66.005,36.610,0.312,5.989,30.225,31.847,1.000,0.000,0.0000
1081.790,-65.945,36.610,0.311,6.026,30.285,31.903,1.000,0.000,0.0000
1081.800,-65.884,36.609,0.311,6.064,30.346,31.961,1.000,0.000,0.0000
1081.810,-65.823,36.609,0.311,6.099,30.407,32.018,1.000,0.000,0.0000
1081.820,-65.762,36.608,0.311,6.129,30.468,32.076,1.000,0.000,0.0000
1081.830,-65.700,36.608,0.311,6.160,30.530,32.134,1.000,0.000,0.0000
1081.840,-65.638,36.607,0.311,6.195,30.592,32.193,1.000,0.000,0.0000
1081.850,-65.576,36.606,0.313,6.166,30.654,32.250,1.000,0.000,0.0000
1081.860,-65.514,36.606,0.316,6.207,30.716,32.308,1.000,0.000,0.0000
1081.870,-65.452,36.605,0.319,6.301,30.778,32.366,1.000,0.000,0.0000
1081.880,-65.388,36.604,0.323,6.388,30.842,32.425,1.000,0.000,0.0000
1081.890,-65.323,36.603,0.326,6.457,30.907,32.485,1.000,0.000,0.0000
1081.900,-65.258,36.603,0.330,6.514,30.972,32.545,1.000,0.000,0.0000
1081.910,-65.193,36.602,0.334,6.563,31.037,32.605,1.000,0.000,0.0000
1081.920,-65.127,36.601,0.337,6.608,31.103,32.667,1.000,0.000,0.0000
1081.930,-65.060,36.601,0.341,6.651,31.170,32.728,1.000,0.000,0.0000
1081.940,-64.993,36.600,0.344,6.689,31.237,32.790,1.000,0.000,0.0000
1081.950,-64.926,36.600,0.347,6.725,31.304,32.853,1.000,0.000,0.0000
1081.960,-64.859,36.599,0.350,6.760,31.371,32.916,1.000,0.000,0.0000
1081.970,-64.791,36.598,0.353,6.794,31.439,32.979,1.000,0.000,0.0000
1081.980,-64.723,36.598,0.356,6.828,31.507,33.043,1.000,0.000,0.0000
1081.990,-64.654,36.597,0.358,6.860,31.576,33.107,1.000,0.000,0.0000
1082.000,-64.585,36.596,0.360,6.886,31.645,33.172,1.000,0.000,0.0000
1082.010,-64.516,36.595,0.362,6.913,31.714,33.236,1.000,0.000,0.0000
1082.020,-64.447,36.595,0.363,6.944,31.783,33.302,1.000,0.000,0.0000
1082.030,-64.377,36.594,0.364,6.980,31.853,33.368,1.000,0.000,0.0000
1082.040,-64.307,36.593,0.365,7.021,31.923,33.434,1.000,0.000,0.0000
1082.050,-64.236,36.592,0.366,7.064,31.994,33.501,1.000,0.000,0.0000
1082.060,-64.165,36.592,0.366,7.107,32.065,33.568,1.000,0.000,0.0000
1082.070,-64.094,36.591,0.366,7.151,32.137,33.636,1.000,0.000,0.0000
1082.080,-64.022,36.590,0.365,7.196,32.209,33.704,1.000,0.000,0.0000
1082.090,-63.949,36.590,0.365,7.239,32.281,33.773,1.000,0.000,0.0000
1082.100,-63.876,36.589,0.364,7.279,32.354,33.842,1.000,0.000,0.0000
1082.110,-63.803,36.589,0.363,7.316,32.427,33.912,1.000,0.000,0.0000
1082.120,-63.730,36.588,0.362,7.352,32.500,33.982,1.000,0.000,0.0000
1082.130,-63.656,36.587,0.361,7.388,32.574,34.053,1.000,0.000,0.0000
1082.140,-63.582,36.587,0.360,7.424,32.648,34.124,1.000,0.000,0.0000
1082.150,-63.507,36.586,0.359,7.458,32.723,34.195,1.000,0.000,0.0000
1082.160,-63.432,36.585,0.358,7.485,32.798,34.266,1.000,0.000,0.0000
1082.170,-63.357,36.585,0.356,7.512,32.873,34.338,1.000,0.000,0.0000
1082.180,-63.282,36.584,0.355,7.542,32.948,34.410,1.000,0.000,0.0000
1082.190,-63.206,36.583,0.354,7.584,33.024,34.483,1.000,0.000,0.0000
1082.200,-63.130,36.582,0.353,7.631,33.101,34.556,1.000,0.000,0.0000
1082.210,-63.053,36.582,0.352,7.681,33.177,34.629,1.000,0.000,0.0000
1082.220,-62.975,36.581,0.351,7.731,33.255,34.703,1.000,0.000,0.0000
1082.230,-62.898,36.580,0.349,7.780,33.332,34.777,1.000,0.000,0.0000
1082.240,-62.819,36.579,0.348,7.827,33.411,34.852,1.000,0.000,0.0000
1082.250,-62.741,36.578,0.348,7.871,33.489,34.927,1.000,0.000,0.0000
1082.260,-62.662,36.578,0.347,7.913,33.568,35.003,1.000,0.000,0.0000
1082.270,-62.582,36.577,0.346,7.951,33.648,35.079,1.000,0.000,0.0000
1082.280,-62.502,36.576,0.346,7.989,33.728,35.155,1.000,0.000,0.0000
1082.290,-62.422,36.575,0.345,8.026,33.808,35.232,1.000,0.000,0.0000
1082.300,-62.341,36.574,0.345,8.063,33.889,35.309,1.000,0.000,0.0000
1082.310,-62.260,36.573,0.345,8.094,33.970,35.386,1.000,0.000,0.0000
1082.320,-62.179,36.572,0.345,8.122,34.051,35.463,1.000,0.000,0.0000
1082.330,-62.098,36.571,0.345,8.152,34.132,35.541,1.000,0.000,0.0000
1082.340,-62.016,36.570,0.345,8.170,34.214,35.619,1.000,0.000,0.0000
1082.350,-61.934,36.569,0.345,8.219,34.296,35.697,1.000,0.000,0.0000
1082.360,-61.851,36.568,0.345,8.273,34.379,35.776,1.000,0.000,0.0000
1082.370,-61.768,36.567,0.346,8.327,34.462,35.856,1.000,0.000,0.0000
1082.380,-61.684,36.566,0.346,8.379,34.546,35.935,1.000,0.000,0.0000
1082.390,-61.600,36.565,0.346,8.428,34.630,36.016,1.000,0.000,0.0000
1082.400,-61.515,36.564,0.347,8.472,34.715,36.097,1.000,0.000,0.0000
1082.410,-61.430,36.563,0.347,8.513,34.800,36.178,1.000,0.000,0.0000
1082.420,-61.344,36.562,0.347,8.554,34.886,36.260,1.000,0.000,0.0000
1082.430,-61.258,36.561,0.348,8.593,34.972,36.342,1.000,0.000,0.0000
1082.440,-61.172,36.561,0.348,8.630,35.058,36.424,1.000,0.000,0.0000
1082.450,-61.085,36.560,0.349,8.657,35.145,36.507,1.000,0.000,0.0000
1082.460,-60.999,36.559,0.349,8.684,35.231,36.589,1.000,0.000,0.0000
1082.470,-60.912,36.558,0.350,8.713,35.319,36.673,1.000,0.000,0.0000
1082.480,-60.824,36.557,0.350,8.733,35.406,36.756,1.000,0.000,0.0000
1082.490,-60.736,36.556,0.351,8.782,35.494,36.840,1.000,0.000,0.0000
1082.500,-60.648,36.555,0.351,8.836,35.582,36.925,1.000,0.000,0.0000
1082.510,-60.559,36.554,0.351,8.890,35.671,37.010,1.000,0.000,0.0000
1082.520,-60.470,36.553,0.351,8.941,35.760,37.095,1.000,0.000,0.0000
1082.530,-60.380,36.552,0.352,8.986,35.850,37.181,1.000,0.000,0.0000
1082.540,-60.290,36.551,0.352,8.984,35.940,37.267,1.000,0.000,0.0000
1082.550,-60.200,36.550,0.352,8.979,36.030,37.353,1.000,0.000,0.0000
1082.560,-60.110,36.549,0.352,8.973,36.120,37.439,1.000,0.000,0.0000
1082.570,-60.021,36.548,0.353,8.968,36.209,37.525,1.000,0.000,0.0000
1082.580,-59.931,36.547,0.353,8.964,36.299,37.611,1.000,0.000,0.0000
1082.590,-59.842,36.546,0.354,8.959,36.388,37.697,1.000,0.000,0.0000
1082.600,-59.751,36.545,0.354,9.018,36.479,37.783,1.000,0.000,0.0000
1082.610,-59.660,36.543,0.354,9.091,36.570,37.870,1.000,0.000,0.0000
1082.620,-59.568,36.542,0.354,9.212,36.662,37.959,1.000,0.000,0.0000
1082.630,-59.475,36.541,0.354,9.323,36.755,38.048,1.000,0.000,0.0000
1082.640,-59.381,36.540,0.353,9.414,36.849,38.139,1.000,0.000,0.0000
1082.650,-59.286,36.539,0.352,9.488,36.944,38.230,1.000,0.000,0.0000
1082.660,-59.191,36.537,0.352,9.545,37.039,38.322,1.000,0.000,0.0000
1082.670,-59.095,36.536,0.351,9.589,37.135,38.414,1.000,0.000,0.0000
1082.680,-58.999,36.535,0.350,9.622,37.231,38.507,1.000,0.000,0.0000
1082.690,-58.902,36.534,0.350,9.650,37.328,38.600,1.000,0.000,0.0000
1082.700,-58.805,36.533,0.349,9.677,37.425,38.693,1.000,0.000,0.0000
1082.710,-58.708,36.531,0.349,9.703,37.522,38.786,1.000,0.000,0.0000
1082.720,-58.611,36.530,0.349,9.720,37.619,38.880,1.000,0.000,0.0000
1082.730,-58.514,36.529,0.349,9.733,37.716,38.973,1.000,0.000,0.0000
1082.740,-58.416,36.528,0.349,9.774,37.814,39.067,1.000,0.000,0.0000
1082.750,-58.318,36.527,0.348,9.823,37.912,39.162,1.000,0.000,0.0000
1082.760,-58.219,36.525,0.348,9.875,38.011,39.257,1.000,0.000,0.0000
1082.770,-58.120,36.524,0.348,9.927,38.110,39.353,1.000,0.000,0.0000
1082.780,-58.020,36.523,0.348,9.972,38.210,39.449,1.000,0.000,0.0000
1082.790,-57.920,36.522,0.348,10.013,38.310,39.545,1.000,0.000,0.0000
1082.800,-57.819,36.520,0.348,10.049,38.411,39.642,1.000,0.000,0.0000
1082.810,-57.719,36.519,0.348,10.084,38.511,39.739,1.000,0.000,0.0000
1082.820,-57.617,36.518,0.348,10.117,38.613,39.836,1.000,0.000,0.0000
1082.830,-57.516,36.516,0.348,10.148,38.714,39.934,1.000,0.000,0.0000
1082.840,-57.414,36.515,0.349,10.171,38.816,40.032,1.000,0.000,0.0000
1082.850,-57.312,36.513,0.348,10.188,38.918,40.130,1.000,0.000,0.0000
1082.860,-57.210,36.512,0.347,10.231,39.020,40.229,1.000,0.000,0.0000
1082.870,-57.107,36.510,0.344,10.280,39.123,40.329,1.000,0.000,0.0000
1082.880,-57.004,36.509,0.340,10.330,39.226,40.430,1.000,0.000,0.0000
1082.890,-56.900,36.508,0.337,10.369,39.330,40.531,1.000,0.000,0.0000
1082.900,-56.796,36.506,0.333,10.409,39.434,40.632,1.000,0.000,0.0000
1082.910,-56.692,36.505,0.329,10.447,39.538,40.734,1.000,0.000,0.0000
1082.920,-56.587,36.504,0.325,10.485,39.643,40.836,1.000,0.000,0.0000
1082.930,-56.482,36.503,0.321,10.523,39.748,40.938,1.000,0.000,0.0000
1082.940,-56.377,36.501,0.318,10.558,39.853,41.041,1.000,0.000,0.0000
1082.950,-56.271,36.500,0.314,10.591,39.959,41.144,1.000,0.000,0.0000
1082.960,-56.165,36.499,0.311,10.622,40.065,41.248,1.000,0.000,0.0000
1082.970,-56.058,36.497,0.308,10.663,40.172,41.351,1.000,0.000,0.0000
1082.980,-55.951,36.496,0.305,10.712,40.279,41.456,1.000,0.000,0.0000
1082.990,-55.843,36.495,0.303,10.767,40.387,41.560,1.000,0.000,0.0000
1083.000,-55.735,36.493,0.300,10.822,40.495,41.665,1.000,0.000,0.0000
1083.010,-55.626,36.492,0.298,10.875,40.604,41.771,1.000,0.000,0.0000
1083.020,-55.517,36.490,0.297,10.923,40.713,41.877,1.000,0.000,0.0000
1083.030,-55.407,36.489,0.295,10.962,40.823,41.983,1.000,0.000,0.0000
1083.040,-55.297,36.487,0.295,10.999,40.933,42.090,1.000,0.000,0.0000
1083.050,-55.187,36.486,0.294,11.033,41.043,42.197,1.000,0.000,0.0000
1083.060,-55.077,36.484,0.294,11.064,41.153,42.304,1.000,0.000,0.0000
1083.070,-54.966,36.483,0.294,11.096,41.264,42.411,1.000,0.000,0.0000
1083.080,-54.854,36.481,0.294,11.126,41.376,42.519,1.000,0.000,0.0000
1083.090,-54.743,36.480,0.294,11.155,41.487,42.627,1.000,0.000,0.0000
1083.100,-54.631,36.478,0.295,11.179,41.599,42.735,1.000,0.000,0.0000
1083.110,-54.519,36.476,0.296,11.199,41.711,42.843,1.000,0.000,0.0000
1083.120,-54.407,36.475,0.297,11.212,41.823,42.951,1.000,0.000,0.0000
1083.130,-54.295,36.473,0.299,11.213,41.935,43.059,1.000,0.000,0.0000
1083.140,-54.183,36.472,0.300,11.211,42.047,43.167,1.000,0.000,0.0000
1083.150,-54.071,36.470,0.302,11.206,42.159,43.276,1.000,0.000,0.0000
1083.160,-53.959,36.469,0.304,11.198,42.271,43.384,1.000,0.000,0.0000
1083.170,-53.847,36.467,0.306,11.187,42.383,43.492,1.000,0.000,0.0000
1083.180,-53.735,36.466,0.308,11.180,42.495,43.599,1.000,0.000,0.0000
1083.190,-53.623,36.464,0.310,11.183,42.607,43.707,1.000,0.000,0.0000
1083.200,-53.511,36.463,0.312,11.192,42.719,43.815,1.000,0.000,0.0000
1083.210,-53.399,36.461,0.314,11.204,42.831,43.924,1.000,0.000,0.0000
1083.220,-53.287,36.459,0.315,11.214,42.943,44.032,1.000,0.000,0.0000
1083.230,-53.175,36.458,0.317,11.212,43.055,44.140,1.000,0.000,0.0000
1083.240,-53.063,36.456,0.318,11.208,43.167,44.249,1.000,0.000,0.0000
1083.250,-52.951,36.455,0.320,11.202,43.279,44.357,1.000,0.000,0.0000
1083.260,-52.839,36.453,0.321,11.193,43.391,44.465,1.000,0.000,0.0000
1083.270,-52.727,36.451,0.322,11.181,43.503,44.574,1.000,0.000,0.0000
1083.280,-52.616,36.449,0.323,11.165,43.614,44.682,1.000,0.000,0.0000
1083.290,-52.504,36.447,0.324,11.158,43.726,44.790,1.000,0.000,0.0000
1083.300,-52.392,36.446,0.324,11.162,43.838,44.898,1.000,0.000,0.0000
1083.310,-52.281,36.444,0.325,11.171,43.949,45.007,1.000,0.000,0.0000
1083.320,-52.169,36.442,0.325,11.181,44.061,45.115,1.000,0.000,0.0000
1083.330,-52.057,36.441,0.325,11.181,44.173,45.224,1.000,0.000,0.0000
1083.340,-51.945,36.439,0.325,11.178,44.285,45.332,1.000,0.000,0.0000
1083.350,-51.834,36.437,0.325,11.175,44.397,45.441,1.000,0.000,0.0000
1083.360,-51.722,36.436,0.325,11.171,44.508,45.550,1.000,0.000,0.0000
1083.370,-51.610,36.434,0.325,11.163,44.620,45.658,1.000,0.000,0.0000
1083.380,-51.499,36.433,0.324,11.152,44.731,45.767,1.000,0.000,0.0000
1083.390,-51.387,36.431,0.324,11.140,44.843,45.875,1.000,0.000,0.0000
1083.400,-51.276,36.429,0.323,11.139,44.954,45.984,1.000,0.000,0.0000
1083.410,-51.164,36.428,0.323,11.146,45.066,46.092,1.000,0.000,0.0000
1083.420,-51.053,36.426,0.322,11.157,45.177,46.201,1.000,0.000,0.0000
1083.430,-50.941,36.424,0.321,11.168,45.289,46.310,1.000,0.000,0.0000
1083.440,-50.829,36.423,0.321,11.169,45.401,46.419,1.000,0.000,0.0000
1083.450,-50.718,36.421,0.320,11.167,45.512,46.527,1.000,0.000,0.0000
1083.460,-50.606,36.419,0.319,11.165,45.624,46.636,1.000,0.000,0.0000
1083.470,-50.495,36.417,0.318,11.160,45.735,46.745,1.000,0.000,0.0000
1083.480,-50.383,36.416,0.318,11.152,45.847,46.854,1.000,0.000,0.0000
1083.490,-50.272,36.414,0.317,11.142,45.958,46.962,1.000,0.000,0.0000
1083.500,-50.160,36.412,0.317,11.136,46.070,47.071,1.000,0.000,0.0000
1083.510,-50.049,36.410,0.316,11.140,46.181,47.180,1.000,0.000,0.0000
1083.520,-49.937,36.408,0.316,11.150,46.293,47.288,1.000,0.000,0.0000
1083.530,-49.826,36.406,0.315,11.163,46.404,47.397,1.000,0.000,0.0000
1083.540,-49.714,36.404,0.315,11.175,46.516,47.506,1.000,0.000,0.0000
1083.550,-49.602,36.403,0.315,11.177,46.628,47.615,1.000,0.000,0.0000
1083.560,-49.490,36.401,0.314,11.176,46.740,47.724,1.000,0.000,0.0000
1083.570,-49.379,36.399,0.314,11.173,46.851,47.833,1.000,0.000,0.0000
1083.580,-49.267,36.397,0.314,11.168,46.963,47.942,1.000,0.000,0.0000
1083.590,-49.155,36.396,0.314,11.158,47.075,48.051,1.000,0.000,0.0000
1083.600,-49.044,36.394,0.314,11.145,47.186,48.159,1.000,0.000,0.0000
1083.610,-48.933,36.392,0.314,11.137,47.297,48.268,1.000,0.000,0.0000
1083.620,-48.821,36.390,0.314,11.145,47.409,48.377,1.000,0.000,0.0000
1083.630,-48.710,36.389,0.314,11.159,47.520,48.485,1.000,0.000,0.0000
1083.640,-48.598,36.387,0.314,11.173,47.632,48.594,1.000,0.000,0.0000
1083.650,-48.486,36.385,0.314,11.177,47.744,48.703,1.000,0.000,0.0000
1083.660,-48.374,36.383,0.315,11.177,47.856,48.812,1.000,0.000,0.0000
1083.670,-48.263,36.381,0.315,11.177,47.967,48.921,1.000,0.000,0.0000
1083.680,-48.151,36.379,0.315,11.173,48.079,49.030,1.000,0.000,0.0000
1083.690,-48.039,36.377,0.315,11.167,48.191,49.139,1.000,0.000,0.0000
1083.700,-47.928,36.375,0.315,11.157,48.302,49.248,1.000,0.000,0.0000
1083.710,-47.816,36.373,0.316,11.147,48.414,49.357,1.000,0.000,0.0000
1083.720,-47.705,36.371,0.316,11.147,48.525,49.466,1.000,0.000,0.0000
1083.730,-47.593,36.369,0.316,11.155,48.637,49.574,1.000,0.000,0.0000
1083.740,-47.481,36.367,0.317,11.166,48.749,49.683,1.000,0.000,0.0000
1083.750,-47.370,36.366,0.317,11.178,48.860,49.793,1.000,0.000,0.0000
1083.760,-47.258,36.364,0.317,11.179,48.972,49.902,1.000,0.000,0.0000
1083.770,-47.146,36.362,0.317,11.177,49.084,50.011,1.000,0.000,0.0000
1083.780,-47.034,36.360,0.317,11.175,49.196,50.120,1.000,0.000,0.0000
1083.790,-46.923,36.358,0.317,11.170,49.307,50.229,1.000,0.000,0.0000
1083.800,-46.811,36.356,0.317,11.162,49.419,50.338,1.000,0.000,0.0000
1083.810,-46.700,36.354,0.318,11.150,49.530,50.447,1.000,0.000,0.0000
1083.820,-46.588,36.352,0.318,11.144,49.642,50.556,1.000,0.000,0.0000
1083.830,-46.477,36.351,0.318,11.147,49.753,50.665,1.000,0.000,0.0000
1083.840,-46.365,36.349,0.318,11.156,49.865,50.774,1.000,0.000,0.0000
1083.850,-46.253,36.347,0.318,11.168,49.977,50.883,1.000,0.000,0.0000
1083.860,-46.142,36.345,0.318,11.179,50.088,50.992,1.000,0.000,0.0000
1083.870,-46.030,36.343,0.318,11.179,50.200,51.102,1.000,0.000,0.0000
1083.880,-45.918,36.341,0.318,11.174,50.312,51.211,1.000,0.000,0.0000
1083.890,-45.806,36.339,0.318,11.170,50.424,51.320,1.000,0.000,0.0000
1083.900,-45.695,36.337,0.318,11.164,50.535,51.429,1.000,0.000,0.0000
1083.910,-45.583,36.335,0.318,11.154,50.647,51.539,1.000,0.000,0.0000
1083.920,-45.472,36.333,0.318,11.141,50.758,51.648,1.000,0.000,0.0000
1083.930,-45.360,36.331,0.318,11.138,50.870,51.757,1.000,0.000,0.0000
1083.940,-45.249,36.328,0.318,11.144,50.981,51.866,1.000,0.000,0.0000
1083.950,-45.137,36.326,0.318,11.155,51.093,51.975,1.000,0.000,0.0000
1083.960,-45.026,36.324,0.318,11.168,51.204,52.084,1.000,0.000,0.0000
1083.970,-44.914,36.322,0.317,11.171,51.316,52.193,1.000,0.000,0.0000
1083.980,-44.802,36.320,0.317,11.171,51.428,52.303,1.000,0.000,0.0000
1083.990,-44.691,36.318,0.317,11.170,51.539,52.412,1.000,0.000,0.0000
1084.000,-44.579,36.316,0.317,11.167,51.651,52.522,1.000,0.000,0.0000
1084.010,-44.467,36.314,0.317,11.161,51.763,52.631,1.000,0.000,0.0000
1084.020,-44.356,36.312,0.317,11.151,51.874,52.740,1.000,0.000,0.0000
1084.030,-44.244,36.310,0.317,11.141,51.986,52.849,1.000,0.000,0.0000
1084.040,-44.133,36.308,0.317,11.141,52.097,52.958,1.000,0.000,0.0000
1084.050,-44.021,36.306,0.317,11.149,52.209,53.067,1.000,0.000,0.0000
1084.060,-43.910,36.304,0.317,11.161,52.320,53.177,1.000,0.000,0.0000
1084.070,-43.798,36.302,0.317,11.173,52.432,53.286,1.000,0.000,0.0000
1084.080,-43.686,36.300,0.317,11.174,52.544,53.396,1.000,0.000,0.0000
1084.090,-43.575,36.298,0.317,11.172,52.655,53.505,0.940,0.000,0.0000
1084.100,-43.463,36.296,0.317,11.156,52.767,53.615,0.880,0.000,0.0000
1084.110,-43.352,36.294,0.317,11.129,52.878,53.724,0.820,0.000,0.0000
1084.120,-43.241,36.292,0.317,11.091,52.989,53.832,0.760,0.000,0.0000
1084.130,-43.131,36.289,0.317,11.040,53.099,53.940,0.700,0.000,0.0000
1084.140,-43.020,36.287,0.317,11.009,53.210,54.048,0.640,0.000,0.0000
1084.150,-42.911,36.285,0.318,10.973,53.319,54.156,0.680,0.000,0.0000
1084.160,-42.801,36.283,0.318,10.942,53.429,54.263,0.720,0.000,0.0000
1084.170,-42.692,36.281,0.319,10.901,53.538,54.370,0.760,0.000,0.0000
1084.180,-42.584,36.279,0.319,10.860,53.646,54.476,0.800,0.000,0.0000
1084.190,-42.475,36.277,0.320,10.820,53.755,54.582,0.840,0.000,0.0000
1084.200,-42.368,36.275,0.320,10.778,53.862,54.688,0.880,0.000,0.0000
1084.210,-42.260,36.273,0.321,10.734,53.970,54.793,0.920,0.000,0.0000
1084.220,-42.153,36.271,0.322,10.693,54.077,54.897,0.960,0.000,0.0000
1084.230,-42.047,36.269,0.322,10.675,54.183,55.002,1.000,0.000,0.0000
1084.240,-41.940,36.267,0.323,10.668,54.290,55.107,1.000,0.000,0.0000
1084.250,-41.833,36.265,0.323,10.684,54.397,55.211,1.000,0.000,0.0000
1084.260,-41.726,36.263,0.323,10.719,54.504,55.317,1.000,0.000,0.0000
1084.270,-41.618,36.260,0.323,10.762,54.612,55.422,1.000,0.000,0.0000
1084.280,-41.510,36.258,0.322,10.810,54.720,55.528,1.000,0.000,0.0000
1084.290,-41.402,36.256,0.322,10.859,54.828,55.635,1.000,0.000,0.0000
1084.300,-41.293,36.254,0.321,10.905,54.937,55.742,1.000,0.000,0.0000
1084.310,-41.183,36.252,0.320,10.947,55.047,55.850,1.000,0.000,0.0000
1084.320,-41.073,36.250,0.319,10.984,55.157,55.958,1.000,0.000,0.0000
1084.330,-40.963,36.247,0.318,11.016,55.267,56.066,1.000,0.000,0.0000
1084.340,-40.853,36.245,0.317,11.045,55.377,56.175,1.000,0.000,0.0000
1084.350,-40.742,36.243,0.317,11.067,55.488,56.284,1.000,0.000,0.0000
1084.360,-40.631,36.240,0.316,11.073,55.599,56.392,1.000,0.000,0.0000
1084.370,-40.520,36.238,0.315,11.098,55.710,56.502,1.000,0.000,0.0000
1084.380,-40.409,36.236,0.314,11.122,55.821,56.611,0.940,0.000,0.0000
1084.390,-40.298,36.233,0.313,11.132,55.932,56.720,0.880,0.000,0.0000
1084.400,-40.187,36.231,0.312,11.118,56.043,56.830,0.820,0.000,0.0000
1084.410,-40.076,36.229,0.312,11.090,56.154,56.939,0.760,0.000,0.0000
1084.420,-39.965,36.227,0.312,11.055,56.265,57.047,0.800,0.000,0.0000
1084.430,-39.855,36.224,0.312,11.018,56.375,57.156,0.840,0.000,0.0000
1084.440,-39.745,36.222,0.312,10.977,56.485,57.263,0.880,0.000,0.0000
1084.450,-39.636,36.220,0.312,10.932,56.594,57.371,0.920,0.000,0.0000
1084.460,-39.527,36.218,0.313,10.882,56.703,57.477,0.960,0.000,0.0000
1084.470,-39.419,36.216,0.313,10.842,56.811,57.584,1.000,0.000,0.0000
1084.480,-39.310,36.213,0.314,10.833,56.920,57.690,1.000,0.000,0.0000
1084.490,-39.202,36.211,0.315,10.851,57.028,57.797,1.000,0.000,0.0000
1084.500,-39.093,36.209,0.315,10.880,57.137,57.904,1.000,0.000,0.0000
1084.510,-38.984,36.207,0.316,10.919,57.246,58.011,1.000,0.000,0.0000
1084.520,-38.874,36.204,0.316,10.961,57.356,58.118,1.000,0.000,0.0000
1084.530,-38.764,36.202,0.316,11.002,57.466,58.227,1.000,0.000,0.0000
1084.540,-38.654,36.200,0.316,11.039,57.576,58.335,1.000,0.000,0.0000
1084.550,-38.543,36.197,0.316,11.071,57.687,58.444,1.000,0.000,0.0000
1084.560,-38.432,36.195,0.316,11.099,57.798,58.553,1.000,0.000,0.0000
1084.570,-38.321,36.192,0.316,11.113,57.909,58.662,1.000,0.000,0.0000
1084.580,-38.210,36.190,0.316,11.127,58.020,58.772,1.000,0.000,0.0000
1084.590,-38.098,36.187,0.316,11.141,58.132,58.881,1.000,0.000,0.0000
1084.600,-37.987,36.185,0.316,11.150,58.243,58.991,1.000,0.000,0.0000
1084.610,-37.875,36.182,0.316,11.157,58.355,59.101,1.000,0.000,0.0000
1084.620,-37.764,36.180,0.315,11.161,58.466,59.211,1.000,0.000,0.0000
1084.630,-37.652,36.178,0.315,11.162,58.578,59.320,1.000,0.000,0.0000
1084.640,-37.540,36.175,0.315,11.161,58.690,59.430,1.000,0.000,0.0000
1084.650,-37.429,36.173,0.315,11.159,58.801,59.540,1.000,0.000,0.0000
1084.660,-37.317,36.170,0.315,11.153,58.913,59.650,1.000,0.000,0.0000
1084.670,-37.206,36.168,0.316,11.144,59.024,59.759,1.000,0.000,0.0000
1084.680,-37.095,36.166,0.316,11.137,59.135,59.869,1.000,0.000,0.0000
1084.690,-36.983,36.163,0.316,11.139,59.247,59.978,1.000,0.000,0.0000
1084.700,-36.872,36.161,0.316,11.148,59.358,60.088,1.000,0.000,0.0000
1084.710,-36.760,36.158,0.316,11.154,59.470,60.198,1.000,0.000,0.0000
1084.720,-36.649,36.156,0.316,11.160,59.581,60.308,1.000,0.000,-0.0080
1084.730,-36.537,36.154,0.316,11.166,59.693,60.417,1.000,0.000,-0.0160
1084.740,-36.425,36.151,0.316,11.171,59.805,60.527,1.000,0.000,-0.0240
1084.750,-36.313,36.148,0.316,11.174,59.917,60.637,1.000,0.000,-0.0320
1084.760,-36.202,36.146,0.316,11.175,60.028,60.747,1.000,0.000,-0.0400
1084.770,-36.090,36.143,0.316,11.177,60.140,60.857,1.000,0.000,-0.0480
1084.780,-35.978,36.140,0.317,11.157,60.252,60.967,1.000,0.000,-0.0560
1084.790,-35.866,36.138,0.317,11.188,60.364,61.077,1.000,0.000,-0.0640
1084.800,-35.755,36.135,0.317,11.184,60.475,61.187,1.000,0.000,-0.0720
1084.810,-35.643,36.132,0.317,11.177,60.587,61.297,1.000,0.000,-0.0800
1084.820,-35.531,36.130,0.317,11.172,60.699,61.407,1.000,0.000,-0.0880
1084.830,-35.419,36.127,0.317,11.170,60.811,61.517,1.000,0.000,-0.0960
1084.840,-35.308,36.125,0.317,11.169,60.922,61.627,1.000,0.000,-0.1040
1084.850,-35.196,36.123,0.317,11.160,61.034,61.737,1.000,0.000,-0.1120
1084.860,-35.085,36.121,0.317,11.141,61.145,61.847,1.000,0.000,-0.1200
1084.870,-34.974,36.119,0.317,11.114,61.256,61.956,1.000,0.000,-0.1280
1084.880,-34.863,36.118,0.318,11.082,61.367,62.066,1.000,0.000,-0.0980
1084.890,-34.752,36.116,0.318,11.079,61.478,62.175,1.000,0.000,-0.0680
1084.900,-34.641,36.116,0.318,11.123,61.589,62.284,1.000,0.000,-0.0380
1084.910,-34.529,36.115,0.318,11.134,61.701,62.394,1.000,0.000,-0.0080
1084.920,-34.418,36.115,0.318,11.138,61.812,62.504,1.000,0.000,0.0000
1084.930,-34.307,36.115,0.318,11.140,61.923,62.613,1.000,0.000,0.0000
1084.940,-34.195,36.115,0.318,11.143,62.035,62.723,1.000,0.000,0.0000
1084.950,-34.084,36.116,0.318,11.144,62.146,62.833,1.000,0.000,0.0000
1084.960,-33.972,36.117,0.318,11.143,62.258,62.943,1.000,0.000,0.0000
1084.970,-33.861,36.118,0.318,11.136,62.369,63.053,1.000,0.000,0.0000
1084.980,-33.750,36.120,0.318,11.125,62.480,63.162,1.000,0.000,0.0000
1084.990,-33.639,36.121,0.318,11.112,62.591,63.272,1.000,0.000,0.0000
1085.000,-33.528,36.123,0.318,11.099,62.702,63.381,1.000,0.000,0.0000
1085.010,-33.417,36.125,0.318,11.098,62.813,63.491,1.000,0.000,0.0000
1085.020,-33.305,36.127,0.318,11.113,62.925,63.600,1.000,0.000,0.0000
1085.030,-33.194,36.129,0.318,11.134,63.036,63.710,1.000,0.000,0.0000
1085.040,-33.083,36.131,0.318,11.156,63.147,63.820,1.000,0.000,0.0000
1085.050,-32.971,36.133,0.317,11.175,63.259,63.930,1.000,0.000,0.0000
1085.060,-32.859,36.136,0.317,11.188,63.371,64.040,1.000,0.000,0.0000
1085.070,-32.747,36.138,0.317,11.195,63.483,64.151,1.000,0.000,0.0000
1085.080,-32.635,36.141,0.317,11.195,63.595,64.261,1.000,0.000,0.0000
1085.090,-32.523,36.143,0.316,11.188,63.707,64.372,1.000,0.000,0.0000
1085.100,-32.411,36.146,0.316,11.175,63.819,64.482,1.000,0.000,0.0000
1085.110,-32.300,36.148,0.316,11.144,63.930,64.592,1.000,0.000,0.0000
1085.120,-32.189,36.151,0.316,11.127,64.041,64.701,1.000,0.000,0.0000
1085.130,-32.077,36.153,0.316,11.124,64.153,64.811,1.000,0.000,0.0000
1085.140,-31.966,36.156,0.316,11.133,64.264,64.921,1.000,0.000,0.0000
1085.150,-31.855,36.158,0.316,11.147,64.375,65.031,1.000,0.000,0.0000
1085.160,-31.743,36.160,0.316,11.162,64.487,65.141,1.000,0.000,0.0000
1085.170,-31.631,36.163,0.316,11.174,64.599,65.251,1.000,0.000,0.0000
1085.180,-31.520,36.165,0.316,11.180,64.711,65.362,1.000,0.000,0.0000
1085.190,-31.408,36.167,0.316,11.180,64.822,65.472,1.000,0.000,0.0000
1085.200,-31.296,36.170,0.316,11.173,64.934,65.582,1.000,0.000,0.0000
1085.210,-31.184,36.172,0.316,11.152,65.046,65.692,1.000,0.000,0.0000
1085.220,-31.073,36.174,0.316,11.136,65.157,65.802,1.000,0.000,0.0000
1085.230,-30.962,36.177,0.316,11.131,65.268,65.912,1.000,0.000,0.0000
1085.240,-30.850,36.179,0.316,11.136,65.380,66.022,1.000,0.000,0.0000
1085.250,-30.739,36.181,0.317,11.147,65.491,66.132,1.000,0.000,0.0000
1085.260,-30.627,36.184,0.317,11.163,65.603,66.242,1.000,0.000,0.0000
1085.270,-30.516,36.186,0.317,11.177,65.714,66.352,1.000,0.000,0.0000
1085.280,-30.404,36.189,0.317,11.186,65.826,66.463,1.000,0.000,0.0000
1085.290,-30.292,36.191,0.317,11.189,65.938,66.573,1.000,0.000,0.0000
1085.300,-30.180,36.194,0.317,11.183,66.050,66.683,1.000,0.000,0.0000
1085.310,-30.068,36.196,0.317,11.164,66.162,66.794,1.000,0.000,0.0000
1085.320,-29.957,36.199,0.317,11.138,66.273,66.903,1.000,0.000,0.0000
1085.330,-29.846,36.201,0.317,11.118,66.384,67.013,1.000,0.000,0.0000
1085.340,-29.735,36.203,0.317,11.121,66.495,67.123,1.000,0.000,0.0000
1085.350,-29.623,36.206,0.317,11.132,66.607,67.233,1.000,0.000,0.0000
1085.360,-29.512,36.208,0.317,11.145,66.718,67.343,1.000,0.000,0.0000
1085.370,-29.400,36.211,0.317,11.160,66.830,67.453,1.000,0.000,0.0000
1085.380,-29.288,36.213,0.317,11.173,66.942,67.563,1.000,0.000,0.0000
1085.390,-29.177,36.215,0.317,11.181,67.053,67.674,1.000,0.000,0.0000
1085.400,-29.065,36.218,0.317,11.178,67.165,67.784,1.000,0.000,0.0000
1085.410,-28.953,36.220,0.317,11.166,67.277,67.894,1.000,0.000,0.0000
1085.420,-28.842,36.222,0.317,11.148,67.388,68.004,1.000,0.000,0.0000
1085.430,-28.730,36.224,0.317,11.130,67.500,68.114,1.000,0.000,0.0000
1085.440,-28.619,36.227,0.317,11.124,67.611,68.224,1.000,0.000,0.0000
1085.450,-28.508,36.229,0.317,11.128,67.722,68.334,1.000,0.000,0.0000
1085.460,-28.397,36.231,0.317,11.138,67.833,68.444,1.000,0.000,0.0000
1085.470,-28.285,36.234,0.317,11.153,67.945,68.554,1.000,0.000,0.0000
1085.480,-28.173,36.236,0.317,11.167,68.057,68.665,1.000,0.000,0.0000
1085.490,-28.062,36.238,0.317,11.178,68.168,68.775,1.000,0.000,0.0000
1085.500,-27.950,36.241,0.317,11.183,68.280,68.886,1.000,0.000,0.0000
1085.510,-27.838,36.243,0.317,11.180,68.392,68.996,1.000,0.000,0.0000
1085.520,-27.726,36.246,0.317,11.164,68.504,69.106,1.000,0.000,0.0000
1085.530,-27.615,36.248,0.317,11.144,68.615,69.216,1.000,0.000,0.0000
1085.540,-27.504,36.251,0.317,11.129,68.726,69.326,1.000,0.000,0.0000
1085.550,-27.392,36.253,0.317,11.126,68.838,69.436,1.000,0.000,0.0000
1085.560,-27.281,36.255,0.317,11.132,68.949,69.546,1.000,0.000,0.0000
1085.570,-27.170,36.258,0.317,11.142,69.060,69.656,1.000,0.000,0.0000
1085.580,-27.058,36.260,0.317,11.154,69.172,69.767,1.000,0.000,0.0000
1085.590,-26.946,36.262,0.317,11.167,69.284,69.877,1.000,0.000,0.0000
1085.600,-26.835,36.264,0.317,11.177,69.395,69.987,1.000,0.000,0.0000
1085.610,-26.723,36.266,0.317,11.179,69.507,70.098,1.000,0.000,0.0000
1085.620,-26.611,36.269,0.317,11.171,69.619,70.208,1.000,0.000,0.0000
1085.630,-26.500,36.271,0.317,11.155,69.730,70.319,1.000,0.000,0.0000
1085.640,-26.388,36.273,0.317,11.133,69.842,70.429,1.000,0.000,0.0000
1085.650,-26.277,36.275,0.317,11.115,69.953,70.538,1.000,0.000,0.0000
1085.660,-26.166,36.277,0.317,11.120,70.064,70.648,1.000,0.000,0.0000
1085.670,-26.055,36.279,0.317,11.132,70.175,70.758,1.000,0.000,0.0000
1085.680,-25.943,36.282,0.317,11.146,70.287,70.869,1.000,0.000,0.0000
1085.690,-25.831,36.284,0.317,11.161,70.399,70.979,1.000,0.000,0.0000
1085.700,-25.720,36.286,0.317,11.174,70.510,71.089,1.000,0.000,0.0000
1085.710,-25.608,36.288,0.317,11.181,70.622,71.200,1.000,0.000,0.0000
1085.720,-25.496,36.291,0.317,11.180,70.734,71.310,1.000,0.000,0.0000
1085.730,-25.384,36.293,0.317,11.167,70.846,71.421,1.000,0.000,0.0000
1085.740,-25.273,36.295,0.317,11.149,70.957,71.531,1.000,0.000,0.0000
1085.750,-25.162,36.297,0.317,11.131,71.068,71.641,1.000,0.000,0.0000
1085.760,-25.050,36.300,0.317,11.125,71.180,71.751,1.000,0.000,0.0000
1085.770,-24.939,36.302,0.317,11.129,71.291,71.861,1.000,0.000,0.0000
1085.780,-24.828,36.304,0.317,11.139,71.402,71.971,1.000,0.000,0.0000
1085.790,-24.716,36.306,0.317,11.150,71.514,72.082,1.000,0.000,0.0000
1085.800,-24.605,36.308,0.317,11.159,71.625,72.192,1.000,0.000,0.0000
1085.810,-24.493,36.310,0.317,11.167,71.737,72.302,1.000,0.000,0.0000
1085.820,-24.381,36.312,0.317,11.170,71.849,72.413,1.000,0.000,0.0000
1085.830,-24.270,36.314,0.317,11.165,71.960,72.523,1.000,0.000,0.0000
1085.840,-24.158,36.316,0.317,11.154,72.072,72.634,1.000,0.000,0.0000
1085.850,-24.047,36.318,0.317,11.138,72.183,72.744,1.000,0.000,0.0000
1085.860,-23.935,36.320,0.317,11.126,72.295,72.854,1.000,0.000,0.0000
1085.870,-23.824,36.322,0.317,11.126,72.406,72.964,1.000,0.000,0.0000
1085.880,-23.713,36.324,0.317,11.133,72.517,73.074,1.000,0.000,0.0000
1085.890,-23.601,36.326,0.317,11.144,72.629,73.184,1.000,0.000,0.0000
1085.900,-23.490,36.328,0.317,11.155,72.740,73.295,1.000,0.000,0.0000
1085.910,-23.378,36.331,0.317,11.167,72.852,73.405,1.000,0.000,0.0000
1085.920,-23.266,36.333,0.317,11.176,72.964,73.516,1.000,0.000,0.0000
1085.930,-23.155,36.335,0.317,11.178,73.075,73.626,1.000,0.000,0.0000
1085.940,-23.043,36.337,0.317,11.170,73.187,73.737,1.000,0.000,0.0000
1085.950,-22.931,36.339,0.317,11.154,73.299,73.847,1.000,0.000,0.0000
1085.960,-22.820,36.341,0.317,11.132,73.410,73.957,0.940,0.000,0.0000
1085.970,-22.709,36.343,0.317,11.106,73.521,74.067,0.880,0.000,0.0000
1085.980,-22.598,36.345,0.317,11.086,73.632,74.177,0.820,0.000,0.0000
1085.990,-22.488,36.347,0.317,11.064,73.742,74.286,0.760,0.000,0.0000
1086.000,-22.377,36.349,0.318,11.039,73.853,74.396,0.700,0.000,0.0000
1086.010,-22.267,36.351,0.318,11.010,73.963,74.504,0.640,0.000,0.0000
1086.020,-22.157,36.353,0.318,10.978,74.073,74.613,0.580,0.000,0.0000
1086.030,-22.048,36.355,0.319,10.941,74.182,74.721,0.520,0.000,0.0000
1086.040,-21.939,36.357,0.319,10.899,74.291,74.829,0.460,0.000,0.0000
1086.050,-21.830,36.359,0.320,10.849,74.400,74.936,0.400,0.000,0.0000
1086.060,-21.722,36.361,0.320,10.796,74.508,75.043,0.340,0.000,0.0000
1086.070,-21.615,36.362,0.321,10.740,74.615,75.149,0.280,0.000,0.0000
1086.080,-21.508,36.364,0.321,10.694,74.722,75.255,0.220,0.000,0.0000
1086.090,-21.401,36.366,0.322,10.658,74.829,75.361,0.160,0.000,0.0000
1086.100,-21.295,36.368,0.323,10.627,74.935,75.466,0.100,0.000,0.0000
1086.110,-21.189,36.369,0.323,10.598,75.041,75.571,0.040,0.000,0.0000
1086.120,-21.084,36.371,0.324,10.567,75.146,75.675,0.000,0.000,0.0000
1086.130,-20.978,36.373,0.324,10.532,75.252,75.779,0.000,0.000,0.0000
1086.140,-20.873,36.375,0.324,10.494,75.357,75.883,0.000,0.000,0.0000
1086.150,-20.769,36.377,0.325,10.451,75.461,75.987,0.000,0.000,0.0000
1086.160,-20.665,36.379,0.325,10.403,75.565,76.089,0.000,0.000,0.0000
1086.170,-20.561,36.381,0.325,10.351,75.669,76.192,0.000,0.000,0.0000
1086.180,-20.458,36.382,0.326,10.293,75.772,76.294,0.000,0.000,0.0000
1086.190,-20.356,36.384,0.326,10.245,75.874,76.395,0.000,0.000,0.0000
1086.200,-20.254,36.386,0.326,10.206,75.976,76.496,0.000,0.000,0.0000
1086.210,-20.152,36.387,0.326,10.173,76.078,76.597,0.000,0.000,0.0000
1086.220,-20.051,36.389,0.327,10.143,76.179,76.697,0.000,0.000,0.0000
1086.230,-19.950,36.391,0.327,10.113,76.280,76.797,0.000,0.000,0.0000
1086.240,-19.849,36.392,0.326,10.080,76.381,76.897,0.000,0.000,0.0000
1086.250,-19.748,36.394,0.326,10.043,76.482,76.997,0.000,0.000,0.0000
1086.260,-19.648,36.396,0.326,10.003,76.582,77.096,0.000,0.000,0.0000
1086.270,-19.549,36.397,0.326,9.958,76.681,77.195,0.000,0.000,0.0000
1086.280,-19.450,36.398,0.326,9.911,76.780,77.293,0.000,0.000,0.0000
1086.290,-19.351,36.400,0.326,9.860,76.879,77.390,0.000,0.000,0.0000
1086.300,-19.253,36.401,0.326,9.806,76.977,77.487,0.000,0.000,0.0000
1086.310,-19.155,36.403,0.326,9.761,77.075,77.584,0.000,0.000,0.0000
1086.320,-19.058,36.404,0.325,9.724,77.172,77.681,0.000,0.000,0.0000
1086.330,-18.961,36.406,0.325,9.693,77.269,77.777,0.000,0.000,0.0000
1086.340,-18.865,36.407,0.325,9.663,77.365,77.872,0.000,0.000,0.0000
1086.350,-18.768,36.409,0.325,9.632,77.462,77.968,0.000,0.000,0.0000
1086.360,-18.672,36.410,0.325,9.599,77.558,78.063,0.000,0.000,0.0000
1086.370,-18.577,36.412,0.324,9.563,77.653,78.158,0.000,0.000,0.0000
1086.380,-18.481,36.414,0.324,9.523,77.749,78.252,0.000,0.000,0.0000
1086.390,-18.387,36.415,0.324,9.480,77.843,78.346,0.000,0.000,0.0000
1086.400,-18.292,36.417,0.324,9.434,77.938,78.439,0.000,0.000,0.0000
1086.410,-18.198,36.418,0.323,9.386,78.032,78.532,0.000,0.000,0.0000
1086.420,-18.105,36.420,0.323,9.330,78.125,78.625,0.000,0.000,0.0000
1086.430,-18.012,36.421,0.323,9.289,78.218,78.717,0.000,0.000,0.0000
1086.440,-17.920,36.423,0.323,9.251,78.310,78.809,0.000,0.000,0.0000
1086.450,-17.827,36.424,0.323,9.218,78.403,78.900,0.000,0.000,0.0000
1086.460,-17.736,36.425,0.323,9.186,78.494,78.991,0.000,0.000,0.0000
1086.470,-17.644,36.427,0.323,9.155,78.586,79.082,0.000,0.000,0.0000
1086.480,-17.553,36.428,0.323,9.122,78.677,79.172,0.000,0.000,0.0000
1086.490,-17.462,36.429,0.323,9.087,78.768,79.262,0.000,0.000,0.0000
1086.500,-17.371,36.431,0.323,9.049,78.859,79.352,0.000,0.000,0.0000
1086.510,-17.281,36.432,0.323,9.008,78.949,79.441,0.000,0.000,0.0000
1086.520,-17.192,36.433,0.323,8.965,79.038,79.530,0.000,0.000,0.0000
1086.530,-17.103,36.434,0.323,8.919,79.127,79.618,0.000,0.000,0.0000
1086.540,-17.014,36.435,0.323,8.871,79.216,79.706,0.000,0.000,0.0000
1086.550,-16.926,36.436,0.323,8.816,79.304,79.794,0.000,0.000,0.0000
1086.560,-16.838,36.438,0.323,8.770,79.392,79.880,0.000,0.000,0.0000
1086.570,-16.751,36.439,0.323,8.730,79.479,79.967,0.000,0.000,0.0000
1086.580,-16.664,36.440,0.323,8.697,79.566,80.053,0.000,0.000,0.0000
1086.590,-16.577,36.441,0.323,8.665,79.653,80.139,0.000,0.000,0.0000
1086.600,-16.491,36.442,0.324,8.634,79.739,80.225,0.000,0.000,0.0000
1086.610,-16.405,36.444,0.324,8.602,79.825,80.310,0.000,0.000,0.0000
1086.620,-16.319,36.445,0.324,8.567,79.911,80.395,0.000,0.000,0.0000
1086.630,-16.234,36.446,0.324,8.530,79.996,80.479,0.000,0.000,0.0000
1086.640,-16.149,36.447,0.324,8.490,80.081,80.563,0.000,0.000,0.0000
1086.650,-16.064,36.449,0.324,8.448,80.166,80.647,0.000,0.000,0.0000
1086.660,-15.980,36.450,0.324,8.404,80.250,80.730,0.000,0.000,0.0000
1086.670,-15.897,36.451,0.324,8.358,80.333,80.813,0.000,0.000,0.0000
1086.680,-15.814,36.452,0.324,8.311,80.416,80.896,0.000,0.000,0.0000
1086.690,-15.731,36.454,0.324,8.258,80.499,80.977,0.000,0.000,0.0000
1086.700,-15.649,36.455,0.324,8.213,80.581,81.059,0.000,0.000,0.0000
1086.710,-15.567,36.456,0.324,8.174,80.663,81.140,0.000,0.000,0.0000
