timestamp_sec,ego_x,ego_y,ego_z,ego_speed_mps,distance_to_intersection_m,distance_to_pedestrian_m,human_throttle,human_brake,human_steering_rad
1229.550,-97.020,-52.451,0.317,0.000,0.790,10.744,0.000,0.000,0.0000
1229.560,-97.020,-52.451,0.317,0.000,0.790,10.744,0.000,0.000,0.0000
1229.570,-97.020,-52.451,0.317,0.000,0.790,10.744,0.000,0.000,0.0000
1229.580,-97.020,-52.451,0.317,0.000,0.790,10.744,0.000,0.000,0.0000
1229.590,-97.020,-52.451,0.317,0.000,0.790,10.744,0.000,0.000,0.0000
1229.600,-97.020,-52.451,0.317,0.000,0.790,10.744,0.000,0.000,0.0000
1229.610,-97.020,-52.451,0.317,0.000,0.790,10.744,0.000,0.000,0.0000
1229.620,-97.020,-52.451,0.317,0.000,0.790,10.744,0.000,0.000,0.0000
1229.630,-97.020,-52.451,0.317,0.000,0.790,10.744,0.000,0.000,0.0000
1229.640,-97.020,-52.451,0.317,0.000,0.790,10.744,0.000,0.000,0.0000
1229.650,-97.020,-52.451,0.317,0.000,0.790,10.744,0.000,0.000,0.0000
1229.660,-97.020,-52.451,0.317,0.000,0.790,10.744,0.000,0.000,0.0000
1229.670,-97.020,-52.451,0.317,0.000,0.790,10.744,0.000,0.000,0.0000
1229.680,-97.020,-52.451,0.317,0.000,0.790,10.744,0.000,0.000,0.0000
1229.690,-97.020,-52.451,0.317,0.000,0.790,10.744,0.000,0.000,0.0000
1229.700,-97.020,-52.451,0.317,0.000,0.790,10.744,0.000,0.000,0.0000
1229.710,-97.020,-52.451,0.317,0.000,0.790,10.744,0.000,0.000,0.0000
1229.720,-97.020,-52.451,0.317,0.000,0.790,10.744,0.000,0.000,0.0000
1229.730,-97.020,-52.451,0.317,0.000,0.790,10.744,0.000,0.000,0.0000
1229.740,-97.020,-52.451,0.317,0.000,0.790,10.744,0.000,0.000,0.0000
1229.750,-97.020,-52.451,0.317,0.000,0.790,10.744,0.040,0.000,0.0000
1229.760,-97.020,-52.451,0.317,0.004,0.790,10.744,0.080,0.000,0.0000
1229.770,-97.020,-52.451,0.317,0.010,0.790,10.744,0.120,0.000,0.0000
1229.780,-97.020,-52.450,0.317,0.018,0.790,10.744,0.160,0.000,0.0000
1229.790,-97.020,-52.449,0.316,0.027,0.790,10.744,0.200,0.000,0.0000
1229.800,-97.020,-52.447,0.316,0.035,0.790,10.745,0.240,0.000,0.0000
1229.810,-97.020,-52.446,0.316,0.041,0.790,10.745,0.280,0.000,0.0000
1229.820,-97.020,-52.443,0.315,0.047,0.790,10.745,0.320,0.000,0.0000
1229.830,-97.020,-52.440,0.315,0.051,0.790,10.746,0.360,0.000,0.0000
1229.840,-97.020,-52.437,0.314,0.054,0.790,10.746,0.400,0.000,0.0000
1229.850,-97.020,-52.434,0.314,0.056,0.790,10.747,0.440,0.000,0.0000
1229.860,-97.020,-52.430,0.313,0.056,0.790,10.748,0.480,0.000,0.0000
1229.870,-97.020,-52.425,0.312,0.056,0.790,10.748,0.520,0.000,0.0000
1229.880,-97.020,-52.421,0.312,0.055,0.790,10.749,0.560,0.000,0.0000
1229.890,-97.020,-52.415,0.311,0.054,0.790,10.749,0.600,0.000,0.0000
1229.900,-97.020,-52.410,0.311,0.051,0.790,10.750,0.640,0.000,0.0000
1229.910,-97.020,-52.404,0.310,0.048,0.790,10.750,0.680,0.000,0.0000
1229.920,-97.020,-52.397,0.310,0.045,0.790,10.751,0.720,0.000,0.0000
1229.930,-97.020,-52.391,0.309,0.041,0.790,10.751,0.760,0.000,0.0000
1229.940,-97.020,-52.384,0.309,0.037,0.790,10.751,0.800,0.000,0.0000
1229.950,-97.020,-52.376,0.309,0.033,0.790,10.752,0.840,0.000,0.0000
1229.960,-97.020,-52.368,0.308,0.028,0.790,10.752,0.880,0.000,0.0000
1229.970,-97.020,-52.360,0.308,0.024,0.790,10.752,0.920,0.000,0.0000
1229.980,-97.020,-52.351,0.308,0.019,0.790,10.752,0.960,0.000,0.0000
1229.990,-97.020,-52.341,0.308,0.014,0.790,10.753,1.000,0.000,0.0000
1230.000,-97.020,-52.332,0.308,0.010,0.790,10.753,1.000,0.000,0.0000
1230.010,-97.020,-52.322,0.308,0.006,0.790,10.753,1.000,0.000,0.0000
1230.020,-97.020,-52.311,0.308,0.002,0.790,10.753,1.000,0.000,0.0000
1230.030,-97.020,-52.301,0.308,0.003,0.790,10.753,1.000,0.000,0.0000
1230.040,-97.020,-52.289,0.308,0.006,0.790,10.753,1.000,0.000,0.0000
1230.050,-97.020,-52.278,0.308,0.009,0.790,10.753,1.000,0.000,0.0000
1230.060,-97.020,-52.266,0.308,0.012,0.790,10.752,1.000,0.000,0.0000
1230.070,-97.020,-52.253,0.308,0.014,0.790,10.752,1.000,0.000,0.0000
1230.080,-97.020,-52.240,0.308,0.016,0.790,10.752,1.000,0.000,0.0000
1230.090,-97.020,-52.227,0.308,0.018,0.790,10.752,1.000,0.000,0.0000
1230.100,-97.020,-52.213,0.309,0.019,0.790,10.752,1.000,0.000,0.0000
1230.110,-97.020,-52.199,0.309,0.020,0.790,10.752,1.000,0.000,0.0000
1230.120,-97.020,-52.185,0.309,0.021,0.790,10.751,1.000,0.000,0.0000
1230.130,-97.020,-52.170,0.309,0.021,0.790,10.751,1.000,0.000,0.0000
1230.140,-97.020,-52.155,0.310,0.021,0.790,10.751,1.000,0.000,0.0000
1230.150,-97.020,-52.139,0.310,0.020,0.790,10.751,1.000,0.000,0.0000
1230.160,-97.020,-52.123,0.310,0.020,0.790,10.751,1.000,0.000,0.0000
1230.170,-97.020,-52.107,0.310,0.019,0.790,10.750,1.000,0.000,0.0000
1230.180,-97.020,-52.090,0.310,0.018,0.790,10.750,1.000,0.000,0.0000
1230.190,-97.020,-52.073,0.310,0.016,0.790,10.750,1.000,0.000,0.0000
1230.200,-97.020,-52.055,0.311,0.015,0.790,10.750,1.000,0.000,0.0000
1230.210,-97.020,-52.037,0.311,0.013,0.790,10.750,1.000,0.000,0.0000
1230.220,-97.020,-52.019,0.311,0.012,0.790,10.750,1.000,0.000,0.0000
1230.230,-97.020,-52.000,0.311,0.010,0.790,10.750,1.000,0.000,0.0000
1230.240,-97.020,-51.981,0.311,0.008,0.790,10.749,1.000,0.000,0.0000
1230.250,-97.020,-51.961,0.311,0.006,0.790,10.749,1.000,0.000,0.0000
1230.260,-97.020,-51.941,0.311,0.005,0.790,10.749,1.000,0.000,0.0000
1230.270,-97.020,-51.921,0.311,0.003,0.790,10.749,1.000,0.000,0.0000
1230.280,-97.020,-51.900,0.311,0.002,0.790,10.749,1.000,0.000,0.0000
1230.290,-97.020,-51.879,0.311,0.002,0.790,10.749,1.000,0.000,0.0000
1230.300,-97.020,-51.857,0.311,0.002,0.790,10.749,1.000,0.000,0.0000
1230.310,-97.020,-51.835,0.311,0.003,0.790,10.749,1.000,0.000,0.0000
1230.320,-97.019,-51.813,0.311,0.004,0.790,10.749,1.000,0.000,0.0000
1230.330,-97.019,-51.790,0.311,0.005,0.790,10.749,1.000,0.000,0.0000
1230.340,-97.019,-51.767,0.311,0.006,0.790,10.749,1.000,0.000,0.0000
1230.350,-97.019,-51.744,0.311,0.007,0.790,10.750,1.000,0.000,0.0000
1230.360,-97.019,-51.720,0.311,0.007,0.790,10.750,1.000,0.000,0.0000
1230.370,-97.019,-51.695,0.311,0.008,0.790,10.750,1.000,0.000,0.0000
1230.380,-97.019,-51.671,0.311,0.008,0.790,10.750,1.000,0.000,0.0000
1230.390,-97.019,-51.646,0.311,0.008,0.790,10.750,1.000,0.000,0.0000
1230.400,-97.019,-51.620,0.311,0.008,0.790,10.750,1.000,0.000,0.0000
1230.410,-97.019,-51.594,0.310,0.008,0.790,10.750,1.000,0.000,0.0000
1230.420,-97.019,-51.568,0.310,0.008,0.790,10.750,1.000,0.000,0.0000
1230.430,-97.019,-51.541,0.310,0.007,0.790,10.750,1.000,0.000,0.0000
1230.440,-97.019,-51.514,0.310,0.007,0.790,10.750,1.000,0.000,0.0000
1230.450,-97.019,-51.487,0.310,0.007,0.789,10.750,1.000,0.000,0.0000
1230.460,-97.019,-51.459,0.310,0.006,0.789,10.750,1.000,0.000,0.0000
1230.470,-97.019,-51.430,0.310,0.006,0.789,10.750,1.000,0.000,0.0000
1230.480,-97.019,-51.402,0.310,0.005,0.789,10.750,1.000,0.000,0.0000
1230.490,-97.019,-51.373,0.310,0.004,0.789,10.750,1.000,0.000,0.0000
1230.500,-97.019,-51.343,0.310,0.004,0.789,10.750,1.000,0.000,0.0000
1230.510,-97.019,-51.313,0.310,0.003,0.789,10.750,1.000,0.000,0.0000
1230.520,-97.019,-51.283,0.310,0.003,0.789,10.751,1.000,0.000,0.0000
1230.530,-97.019,-51.252,0.310,0.003,0.789,10.751,1.000,0.000,0.0000
1230.540,-97.019,-51.221,0.310,0.003,0.789,10.751,1.000,0.000,0.0000
1230.550,-97.019,-51.190,0.310,0.003,0.789,10.751,1.000,0.000,0.0000
1230.560,-97.019,-51.158,0.310,0.003,0.789,10.751,1.000,0.000,0.0000
1230.570,-97.019,-51.126,0.310,0.003,0.789,10.750,1.000,0.000,0.0000
1230.580,-97.019,-51.093,0.310,0.003,0.789,10.750,1.000,0.000,0.0000
1230.590,-97.019,-51.060,0.310,0.003,0.789,10.750,1.000,0.000,0.0000
1230.600,-97.019,-51.027,0.310,0.003,0.789,10.750,1.000,0.000,0.0000
1230.610,-97.019,-50.993,0.310,0.004,0.789,10.750,1.000,0.000,0.0000
1230.620,-97.019,-50.958,0.310,0.004,0.789,10.750,1.000,0.000,0.0000
1230.630,-97.019,-50.924,0.310,0.004,0.789,10.750,1.000,0.000,0.0000
1230.640,-97.019,-50.889,0.310,0.004,0.789,10.750,1.000,0.000,0.0000
1230.650,-97.019,-50.853,0.310,0.004,0.789,10.750,1.000,0.000,0.0000
1230.660,-97.019,-50.817,0.310,0.004,0.789,10.750,1.000,0.000,0.0000
1230.670,-97.019,-50.781,0.310,0.004,0.789,10.750,1.000,0.000,0.0000
1230.680,-97.019,-50.745,0.310,0.004,0.789,10.750,1.000,0.000,0.0000
1230.690,-97.019,-50.708,0.310,0.004,0.789,10.750,1.000,0.000,0.0000
1230.700,-97.019,-50.670,0.310,0.004,0.789,10.750,1.000,0.000,0.0000
1230.710,-97.019,-50.632,0.310,0.004,0.789,10.750,1.000,0.000,0.0000
1230.720,-97.019,-50.594,0.310,0.004,0.789,10.750,1.000,0.000,0.0000
1230.730,-97.018,-50.556,0.310,0.004,0.789,10.750,1.000,0.000,0.0000
1230.740,-97.018,-50.516,0.310,0.004,0.789,10.750,1.000,0.000,0.0000
1230.750,-97.018,-50.477,0.310,0.003,0.789,10.750,1.000,0.000,0.0000
1230.760,-97.018,-50.437,0.310,0.003,0.789,10.750,1.000,0.000,0.0000
1230.770,-97.018,-50.397,0.310,0.003,0.789,10.750,1.000,0.000,0.0000
1230.780,-97.018,-50.356,0.310,0.003,0.789,10.750,1.000,0.000,0.0000
1230.790,-97.018,-50.315,0.310,0.003,0.789,10.750,1.000,0.000,0.0000
1230.800,-97.018,-50.274,0.310,0.003,0.789,10.750,1.000,0.000,0.0000
1230.810,-97.018,-50.232,0.310,0.003,0.788,10.750,1.000,0.000,0.0000
1230.820,-97.018,-50.190,0.310,0.003,0.788,10.750,1.000,0.000,0.0000
1230.830,-97.018,-50.148,0.310,0.003,0.788,10.750,1.000,0.000,0.0000
1230.840,-97.018,-50.105,0.310,0.003,0.788,10.750,1.000,0.000,0.0000
1230.850,-97.018,-50.061,0.310,0.004,0.788,10.750,1.000,0.000,0.0000
1230.860,-97.018,-50.017,0.310,0.004,0.788,10.750,1.000,0.000,0.0000
1230.870,-97.018,-49.973,0.310,0.004,0.788,10.750,1.000,0.000,0.0000
1230.880,-97.018,-49.929,0.310,0.004,0.788,10.750,1.000,0.000,0.0000
1230.890,-97.018,-49.884,0.310,0.004,0.788,10.750,1.000,0.000,0.0000
1230.900,-97.018,-49.838,0.310,0.004,0.788,10.750,1.000,0.000,0.0000
1230.910,-97.018,-49.793,0.310,0.004,0.788,10.750,1.000,0.000,0.0000
1230.920,-97.018,-49.747,0.310,0.004,0.788,10.750,1.000,0.000,0.0000
1230.930,-97.018,-49.700,0.310,0.004,0.788,10.750,1.000,0.000,0.0000
1230.940,-97.018,-49.653,0.310,0.004,0.788,10.750,1.000,0.000,0.0000
1230.950,-97.018,-49.606,0.310,0.004,0.788,10.750,1.000,0.000,0.0000
1230.960,-97.018,-49.558,0.310,0.004,0.788,10.750,1.000,0.000,0.0000
1230.970,-97.018,-49.510,0.310,0.004,0.788,10.750,1.000,0.000,0.0000
1230.980,-97.018,-49.461,0.310,0.004,0.788,10.750,1.000,0.000,0.0000
1230.990,-97.018,-49.412,0.310,0.004,0.788,10.750,1.000,0.000,0.0000
1231.000,-97.018,-49.363,0.310,0.004,0.788,10.750,1.000,0.000,0.0000
1231.010,-97.017,-49.313,0.310,0.004,0.788,10.750,1.000,0.000,0.0000
1231.020,-97.017,-49.263,0.310,0.004,0.788,10.750,1.000,0.000,0.0000
1231.030,-97.017,-49.213,0.310,0.004,0.788,10.750,1.000,0.000,0.0000
1231.040,-97.017,-49.162,0.310,0.004,0.788,10.750,1.000,0.000,0.0000
1231.050,-97.017,-49.110,0.310,0.004,0.788,10.750,1.000,0.000,0.0000
1231.060,-97.017,-49.059,0.310,0.004,0.788,10.750,1.000,0.000,0.0000
1231.070,-97.017,-49.007,0.310,0.004,0.788,10.750,1.000,0.000,0.0000
1231.080,-97.017,-48.954,0.310,0.004,0.787,10.750,1.000,0.000,0.0000
1231.090,-97.017,-48.901,0.310,0.004,0.787,10.750,1.000,0.000,0.0000
1231.100,-97.017,-48.848,0.310,0.004,0.787,10.750,1.000,0.000,0.0000
1231.110,-97.017,-48.794,0.310,0.004,0.787,10.750,1.000,0.000,0.0000
1231.120,-97.017,-48.740,0.310,0.004,0.787,10.750,1.000,0.000,0.0000
1231.130,-97.017,-48.686,0.310,0.004,0.787,10.750,1.000,0.000,0.0000
1231.140,-97.017,-48.631,0.310,0.004,0.787,10.750,1.000,0.000,0.0000
1231.150,-97.017,-48.576,0.310,0.004,0.787,10.750,1.000,0.000,0.0000
1231.160,-97.017,-48.520,0.310,0.004,0.787,10.750,1.000,0.000,0.0000
1231.170,-97.017,-48.464,0.310,0.004,0.787,10.750,1.000,0.000,0.0000
1231.180,-97.017,-48.407,0.310,0.005,0.787,10.750,1.000,0.000,0.0000
1231.190,-97.017,-48.350,0.310,0.005,0.787,10.750,1.000,0.000,0.0000
1231.200,-97.017,-48.293,0.310,0.005,0.787,10.750,1.000,0.000,0.0000
1231.210,-97.017,-48.236,0.310,0.005,0.787,10.750,1.000,0.000,0.0000
1231.220,-97.017,-48.178,0.310,0.005,0.787,10.750,1.000,0.000,0.0000
1231.230,-97.017,-48.119,0.310,0.005,0.787,10.750,1.000,0.000,0.0000
1231.240,-97.016,-48.060,0.310,0.005,0.787,10.750,1.000,0.000,0.0000
1231.250,-97.016,-48.001,0.310,0.005,0.787,10.750,1.000,0.000,0.0000
1231.260,-97.016,-47.941,0.310,0.005,0.787,10.750,1.000,0.000,0.0000
1231.270,-97.016,-47.881,0.310,0.005,0.787,10.750,1.000,0.000,0.0000
1231.280,-97.016,-47.821,0.310,0.005,0.787,10.750,1.000,0.000,0.0000
1231.290,-97.016,-47.760,0.310,0.005,0.787,10.750,1.000,0.000,0.0000
1231.300,-97.016,-47.699,0.310,0.005,0.786,10.750,1.000,0.000,0.0000
1231.310,-97.016,-47.637,0.310,0.005,0.786,10.750,1.000,0.000,0.0000
1231.320,-97.016,-47.575,0.310,0.005,0.786,10.750,1.000,0.000,0.0000
1231.330,-97.016,-47.513,0.310,0.005,0.786,10.750,1.000,0.000,0.0000
1231.340,-97.016,-47.450,0.310,0.005,0.786,10.750,1.000,0.000,0.0000
1231.350,-97.016,-47.387,0.310,0.005,0.786,10.750,1.000,0.000,0.0000
1231.360,-97.016,-47.323,0.310,0.005,0.786,10.750,1.000,0.000,0.0000
1231.370,-97.016,-47.259,0.310,0.005,0.786,10.750,1.000,0.000,0.0000
1231.380,-97.016,-47.195,0.310,0.005,0.786,10.750,1.000,0.000,0.0000
1231.390,-97.016,-47.130,0.310,0.005,0.786,10.750,1.000,0.000,0.0000
1231.400,-97.016,-47.065,0.310,0.005,0.786,10.750,1.000,0.000,0.0000
1231.410,-97.016,-46.999,0.310,0.005,0.786,10.750,1.000,0.000,0.0000
1231.420,-97.016,-46.933,0.310,0.005,0.786,10.750,1.000,0.000,0.0000
1231.430,-97.016,-46.867,0.310,0.005,0.786,10.750,1.000,0.000,0.0000
1231.440,-97.015,-46.800,0.310,0.005,0.786,10.750,1.000,0.000,0.0000
1231.450,-97.015,-46.733,0.310,0.005,0.786,10.750,1.000,0.000,0.0000
1231.460,-97.015,-46.665,0.310,0.005,0.786,10.750,1.000,0.000,0.0000
1231.470,-97.015,-46.597,0.310,0.005,0.786,10.750,1.000,0.000,0.0000
1231.480,-97.015,-46.529,0.310,0.005,0.786,10.750,1.000,0.000,0.0000
1231.490,-97.015,-46.460,0.310,0.005,0.785,10.750,1.000,0.000,0.0000
1231.500,-97.015,-46.391,0.310,0.006,0.785,10.750,1.000,0.000,0.0000
1231.510,-97.015,-46.321,0.310,0.006,0.785,10.750,1.000,0.000,0.0000
1231.520,-97.015,-46.251,0.310,0.006,0.785,10.750,1.000,0.000,0.0000
1231.530,-97.015,-46.181,0.310,0.006,0.785,10.750,1.000,0.000,0.0000
1231.540,-97.015,-46.110,0.310,0.006,0.785,10.750,1.000,0.000,0.0000
1231.550,-97.015,-46.039,0.310,0.006,0.785,10.750,1.000,0.000,0.0000
1231.560,-97.015,-45.968,0.310,0.006,0.785,10.750,1.000,0.000,0.0000
1231.570,-97.015,-45.896,0.310,0.006,0.785,10.750,1.000,0.000,0.0000
1231.580,-97.015,-45.823,0.310,0.006,0.785,10.750,1.000,0.000,0.0000
1231.590,-97.015,-45.751,0.310,0.006,0.785,10.750,1.000,0.000,0.0000
1231.600,-97.015,-45.678,0.310,0.006,0.785,10.750,1.000,0.000,0.0000
1231.610,-97.015,-45.604,0.310,0.006,0.785,10.750,1.000,0.000,0.0000
1231.620,-97.014,-45.530,0.310,0.006,0.785,10.750,1.000,0.000,0.0000
1231.630,-97.014,-45.456,0.310,0.006,0.785,10.750,1.000,0.000,0.0000
1231.640,-97.014,-45.381,0.310,0.006,0.785,10.750,1.000,0.000,0.0000
1231.650,-97.014,-45.306,0.310,0.006,0.785,10.750,1.000,0.000,0.0000
1231.660,-97.014,-45.230,0.310,0.006,0.785,10.750,1.000,0.000,0.0000
1231.670,-97.014,-45.154,0.310,0.006,0.784,10.750,1.000,0.000,0.0000
1231.680,-97.014,-45.078,0.310,0.006,0.784,10.750,1.000,0.000,0.0000
1231.690,-97.014,-45.001,0.310,0.006,0.784,10.750,1.000,0.000,0.0000
1231.700,-97.014,-44.924,0.310,0.006,0.784,10.750,1.000,0.000,0.0000
1231.710,-97.014,-44.847,0.310,0.006,0.784,10.750,1.000,0.000,0.0000
1231.720,-97.014,-44.769,0.310,0.006,0.784,10.750,1.000,0.000,0.0000
1231.730,-97.014,-44.691,0.310,0.006,0.784,10.750,1.000,0.000,0.0000
1231.740,-97.014,-44.612,0.310,0.006,0.784,10.750,1.000,0.000,0.0000
1231.750,-97.014,-44.533,0.310,0.006,0.784,10.750,1.000,0.000,0.0000
1231.760,-97.014,-44.453,0.310,0.006,0.784,10.750,1.000,0.000,0.0000
1231.770,-97.014,-44.374,0.310,0.006,0.784,10.750,1.000,0.000,0.0000
1231.780,-97.013,-44.293,0.310,0.006,0.784,10.750,1.000,0.000,0.0000
1231.790,-97.013,-44.213,0.310,0.006,0.784,10.750,1.000,0.000,0.0000
1231.800,-97.013,-44.132,0.310,0.006,0.784,10.750,1.000,0.000,0.0000
1231.810,-97.013,-44.050,0.310,0.006,0.784,10.750,1.000,0.000,0.0000
1231.820,-97.013,-43.968,0.310,0.007,0.783,10.750,1.000,0.000,0.0000
1231.830,-97.013,-43.886,0.310,0.007,0.783,10.750,1.000,0.000,0.0000
1231.840,-97.013,-43.803,0.310,0.007,0.783,10.750,1.000,0.000,0.0000
1231.850,-97.013,-43.720,0.310,0.007,0.783,10.750,1.000,0.000,0.0000
1231.860,-97.013,-43.637,0.310,0.007,0.783,10.750,1.000,0.000,0.0000
1231.870,-97.013,-43.553,0.310,0.007,0.783,10.750,1.000,0.000,0.0000
1231.880,-97.013,-43.469,0.310,0.007,0.783,10.750,1.000,0.000,0.0000
1231.890,-97.013,-43.384,0.310,0.007,0.783,10.750,1.000,0.000,0.0000
1231.900,-97.013,-43.299,0.310,0.007,0.783,10.750,1.000,0.000,0.0000
1231.910,-97.013,-43.214,0.310,0.007,0.783,10.750,1.000,0.000,0.0000
1231.920,-97.013,-43.128,0.310,0.007,0.783,10.750,1.000,0.000,0.0000
1231.930,-97.012,-43.042,0.310,0.007,0.783,10.750,1.000,0.000,0.0000
1231.940,-97.012,-42.955,0.310,0.007,0.783,10.750,1.000,0.000,0.0000
1231.950,-97.012,-42.868,0.310,0.007,0.783,10.750,1.000,0.000,0.0000
1231.960,-97.012,-42.781,0.310,0.007,0.783,10.750,1.000,0.000,0.0000
1231.970,-97.012,-42.693,0.310,0.007,0.782,10.750,1.000,0.000,0.0000
1231.980,-97.012,-42.605,0.310,0.007,0.782,10.750,1.000,0.000,0.0000
1231.990,-97.012,-42.516,0.310,0.007,0.782,10.750,1.000,0.000,0.0000
1232.000,-97.012,-42.427,0.310,0.007,0.782,10.750,1.000,0.000,0.0000
1232.010,-97.012,-42.338,0.310,0.007,0.782,10.750,1.000,0.000,0.0000
1232.020,-97.012,-42.248,0.310,0.007,0.782,10.750,1.000,0.000,0.0000
1232.030,-97.012,-42.158,0.310,0.007,0.782,10.749,1.000,0.000,0.0000
1232.040,-97.012,-42.067,0.310,0.007,0.782,10.749,1.000,0.000,0.0000
1232.050,-97.012,-41.976,0.310,0.007,0.782,10.749,1.000,0.000,0.0000
1232.060,-97.012,-41.885,0.310,0.007,0.782,10.749,1.000,0.000,0.0000
1232.070,-97.012,-41.793,0.310,0.007,0.782,10.749,1.000,0.000,0.0000
1232.080,-97.011,-41.701,0.310,0.007,0.782,10.749,1.000,0.000,0.0000
1232.090,-97.011,-41.608,0.310,0.007,0.782,10.749,1.000,0.000,0.0000
1232.100,-97.011,-41.515,0.310,0.007,0.782,10.749,1.000,0.000,0.0000
1232.110,-97.011,-41.422,0.310,0.007,0.781,10.749,1.000,0.000,0.0000
1232.120,-97.011,-41.328,0.310,0.007,0.781,10.749,1.000,0.000,0.0000
1232.130,-97.011,-41.234,0.310,0.008,0.781,10.749,1.000,0.000,0.0000
1232.140,-97.011,-41.139,0.310,0.008,0.781,10.749,1.000,0.000,0.0000
1232.150,-97.011,-41.044,0.310,0.008,0.781,10.749,1.000,0.000,0.0000
1232.160,-97.011,-40.949,0.310,0.008,0.781,10.749,1.000,0.000,0.0000
1232.170,-97.011,-40.853,0.310,0.008,0.781,10.749,1.000,0.000,0.0000
1232.180,-97.011,-40.757,0.310,0.008,0.781,10.749,1.000,0.000,0.0000
1232.190,-97.011,-40.660,0.310,0.008,0.781,10.749,1.000,0.000,0.0000
1232.200,-97.011,-40.564,0.310,0.008,0.781,10.749,1.000,0.000,0.0000
1232.210,-97.010,-40.466,0.310,0.008,0.781,10.749,1.000,0.000,0.0000
1232.220,-97.010,-40.368,0.310,0.008,0.781,10.749,1.000,0.000,0.0000
1232.230,-97.010,-40.270,0.310,0.008,0.781,10.749,1.000,0.000,0.0000
1232.240,-97.010,-40.172,0.310,0.008,0.780,10.749,1.000,0.000,0.0000
1232.250,-97.010,-40.073,0.310,0.008,0.780,10.749,1.000,0.000,0.0000
1232.260,-97.010,-39.974,0.310,0.008,0.780,10.749,1.000,0.000,0.0000
1232.270,-97.010,-39.874,0.310,0.008,0.780,10.749,1.000,0.000,0.0000
1232.280,-97.010,-39.774,0.310,0.008,0.780,10.749,1.000,0.000,0.0000
1232.290,-97.010,-39.673,0.310,0.008,0.780,10.749,1.000,0.000,0.0000
1232.300,-97.010,-39.572,0.310,0.008,0.780,10.749,1.000,0.000,0.0000
1232.310,-97.010,-39.471,0.310,0.008,0.780,10.749,1.000,0.000,0.0000
1232.320,-97.010,-39.369,0.310,0.008,0.780,10.749,1.000,0.000,0.0000
1232.330,-97.009,-39.267,0.310,0.008,0.780,10.749,1.000,0.000,0.0000
1232.340,-97.009,-39.165,0.310,0.008,0.780,10.749,1.000,0.000,0.0000
1232.350,-97.009,-39.062,0.310,0.008,0.780,10.749,1.000,0.000,0.0000
1232.360,-97.009,-38.959,0.310,0.008,0.780,10.749,1.000,0.000,0.0000
1232.370,-97.009,-38.855,0.310,0.008,0.779,10.749,1.000,0.000,0.0000
1232.380,-97.009,-38.751,0.310,0.008,0.779,10.749,1.000,0.000,0.0000
1232.390,-97.009,-38.646,0.310,0.008,0.779,10.749,1.000,0.000,0.0000
1232.400,-97.009,-38.541,0.310,0.008,0.779,10.749,1.000,0.000,0.0000
1232.410,-97.009,-38.436,0.310,0.008,0.779,10.749,1.000,0.000,0.0000
1232.420,-97.009,-38.331,0.310,0.008,0.779,10.749,1.000,0.000,0.0000
1232.430,-97.009,-38.224,0.310,0.008,0.779,10.749,1.000,0.000,0.0000
1232.440,-97.009,-38.118,0.310,0.008,0.779,10.749,1.000,0.000,0.0000
1232.450,-97.008,-38.011,0.310,0.009,0.779,10.749,1.000,0.000,0.0000
1232.460,-97.008,-37.904,0.310,0.009,0.779,10.749,1.000,0.000,0.0000
1232.470,-97.008,-37.796,0.310,0.009,0.779,10.749,1.000,0.000,0.0000
1232.480,-97.008,-37.688,0.310,0.009,0.778,10.749,1.000,0.000,0.0000
1232.490,-97.008,-37.580,0.310,0.009,0.778,10.749,1.000,0.000,0.0000
1232.500,-97.008,-37.471,0.310,0.009,0.778,10.749,1.000,0.000,0.0000
1232.510,-97.008,-37.362,0.310,0.009,0.778,10.749,1.000,0.000,0.0000
1232.520,-97.008,-37.252,0.310,0.009,0.778,10.749,1.000,0.000,0.0000
1232.530,-97.008,-37.142,0.310,0.009,0.778,10.749,1.000,0.000,0.0000
1232.540,-97.008,-37.032,0.310,0.009,0.778,10.749,1.000,0.000,0.0000
1232.550,-97.008,-36.921,0.310,0.009,0.778,10.749,1.000,0.000,0.0000
1232.560,-97.008,-36.810,0.310,0.010,0.778,10.749,1.000,0.000,0.0000
1232.570,-97.007,-36.698,0.310,0.014,0.778,10.749,1.000,0.000,0.0000
1232.580,-97.007,-36.587,0.311,0.020,0.778,10.749,1.000,0.000,0.0000
1232.590,-97.007,-36.476,0.311,0.028,0.778,10.748,1.000,0.000,0.0000
1232.600,-97.007,-36.365,0.311,0.035,0.777,10.748,1.000,0.000,0.0000
1232.610,-97.007,-36.253,0.312,0.042,0.777,10.748,1.000,0.000,0.0000
1232.620,-97.007,-36.142,0.312,0.047,0.777,10.747,1.000,0.000,0.0000
1232.630,-97.007,-36.031,0.313,0.051,0.777,10.747,1.000,0.000,0.0000
1232.640,-97.007,-35.920,0.313,0.054,0.777,10.746,1.000,0.000,0.0000
1232.650,-97.007,-35.809,0.314,0.056,0.777,10.746,1.000,0.000,0.0000
1232.660,-97.007,-35.697,0.314,0.056,0.777,10.745,1.000,0.000,0.0000
1232.670,-97.007,-35.586,0.315,0.056,0.777,10.745,1.000,0.000,0.0000
1232.680,-97.006,-35.475,0.315,0.056,0.777,10.744,1.000,0.000,0.0000
1232.690,-97.006,-35.364,0.316,0.054,0.777,10.743,1.000,0.000,0.0000
1232.700,-97.006,-35.252,0.316,0.052,0.777,10.743,1.000,0.000,0.0000
1232.710,-97.006,-35.141,0.317,0.049,0.777,10.742,1.000,0.000,0.0000
1232.720,-97.006,-35.030,0.317,0.046,0.777,10.742,1.000,0.000,0.0000
1232.730,-97.006,-34.919,0.318,0.042,0.777,10.742,1.000,0.000,0.0000
1232.740,-97.006,-34.808,0.318,0.038,0.776,10.741,1.000,0.000,0.0000
1232.750,-97.006,-34.696,0.318,0.034,0.776,10.741,1.000,0.000,0.0000
1232.760,-97.006,-34.585,0.319,0.030,0.776,10.741,1.000,0.000,0.0000
1232.770,-97.006,-34.474,0.319,0.026,0.776,10.740,1.000,0.000,0.0000
1232.780,-97.006,-34.363,0.319,0.022,0.776,10.740,1.000,0.000,0.0000
1232.790,-97.005,-34.252,0.319,0.017,0.776,10.740,1.000,0.000,0.0000
1232.800,-97.005,-34.141,0.319,0.014,0.776,10.740,1.000,0.000,0.0000
1232.810,-97.005,-34.030,0.319,0.011,0.776,10.740,1.000,0.000,0.0000
1232.820,-97.005,-33.919,0.319,0.009,0.776,10.740,1.000,0.000,0.0000
1232.830,-97.005,-33.807,0.319,0.009,0.776,10.740,1.000,0.000,0.0000
1232.840,-97.005,-33.696,0.319,0.010,0.776,10.740,1.000,0.000,0.0000
1232.850,-97.005,-33.585,0.319,0.012,0.776,10.740,1.000,0.000,0.0000
1232.860,-97.005,-33.474,0.319,0.014,0.775,10.740,1.000,0.000,0.0000
1232.870,-97.005,-33.363,0.319,0.016,0.775,10.740,1.000,0.000,0.0000
1232.880,-97.005,-33.252,0.319,0.018,0.775,10.740,1.000,0.000,0.0000
1232.890,-97.005,-33.141,0.319,0.020,0.775,10.740,1.000,0.000,0.0000
1232.900,-97.005,-33.030,0.319,0.021,0.775,10.741,1.000,0.000,0.0000
1232.910,-97.004,-32.919,0.318,0.022,0.775,10.741,1.000,0.000,0.0000
1232.920,-97.004,-32.808,0.318,0.022,0.775,10.741,1.000,0.000,0.0000
1232.930,-97.004,-32.697,0.318,0.023,0.775,10.741,1.000,0.000,0.0000
1232.940,-97.004,-32.586,0.318,0.022,0.775,10.741,1.000,0.000,0.0000
1232.950,-97.004,-32.475,0.317,0.022,0.775,10.742,1.000,0.000,0.0000
1232.960,-97.004,-32.364,0.317,0.022,0.774,10.742,1.000,0.000,0.0000
1232.970,-97.004,-32.253,0.317,0.021,0.774,10.742,1.000,0.000,0.0000
1232.980,-97.004,-32.142,0.317,0.020,0.774,10.742,1.000,0.000,0.0000
1232.990,-97.004,-32.030,0.317,0.019,0.774,10.742,1.000,0.000,0.0000
1233.000,-97.004,-31.919,0.317,0.017,0.774,10.742,1.000,0.000,0.0000
1233.010,-97.004,-31.808,0.316,0.016,0.774,10.742,1.000,0.000,0.0000
1233.020,-97.003,-31.697,0.316,0.015,0.774,10.743,1.000,0.000,0.0000
1233.030,-97.003,-31.586,0.316,0.014,0.774,10.743,1.000,0.000,0.0000
1233.040,-97.003,-31.475,0.316,0.012,0.774,10.743,1.000,0.000,0.0000
1233.050,-97.003,-31.364,0.316,0.011,0.774,10.743,1.000,0.000,0.0000
1233.060,-97.003,-31.253,0.316,0.010,0.774,10.743,1.000,0.000,0.0000
1233.070,-97.003,-31.142,0.316,0.009,0.773,10.743,1.000,0.000,0.0000
1233.080,-97.003,-31.031,0.316,0.009,0.773,10.743,1.000,0.000,0.0000
1233.090,-97.003,-30.920,0.316,0.009,0.773,10.743,1.000,0.000,0.0000
1233.100,-97.003,-30.809,0.316,0.009,0.773,10.743,1.000,0.000,0.0000
1233.110,-97.003,-30.697,0.316,0.009,0.773,10.743,1.000,0.000,0.0000
1233.120,-97.003,-30.586,0.316,0.010,0.773,10.743,1.000,0.000,0.0000
1233.130,-97.002,-30.475,0.316,0.010,0.773,10.743,1.000,0.000,0.0000
1233.140,-97.002,-30.364,0.316,0.010,0.773,10.743,1.000,0.000,0.0000
1233.150,-97.002,-30.253,0.316,0.011,0.773,10.743,1.000,0.000,0.0000
1233.160,-97.002,-30.142,0.316,0.011,0.773,10.743,1.000,0.000,0.0000
1233.170,-97.002,-30.031,0.316,0.011,0.773,10.742,1.000,0.000,0.0000
1233.180,-97.002,-29.920,0.316,0.012,0.772,10.742,1.000,0.000,0.0000
1233.190,-97.002,-29.809,0.317,0.012,0.772,10.742,1.000,0.000,0.0000
1233.200,-97.002,-29.697,0.317,0.012,0.772,10.742,1.000,0.000,0.0000
1233.210,-97.002,-29.586,0.317,0.012,0.772,10.742,1.000,0.000,0.0000
1233.220,-97.002,-29.475,0.317,0.012,0.772,10.742,1.000,0.000,0.0000
1233.230,-97.002,-29.364,0.317,0.011,0.772,10.742,1.000,0.000,0.0000
1233.240,-97.002,-29.253,0.317,0.011,0.772,10.742,1.000,0.000,0.0000
1233.250,-97.001,-29.142,0.317,0.011,0.772,10.742,1.000,0.000,0.0000
1233.260,-97.001,-29.031,0.317,0.011,0.772,10.742,1.000,0.000,0.0000
1233.270,-97.001,-28.920,0.317,0.010,0.772,10.742,1.000,0.000,0.0000
1233.280,-97.001,-28.809,0.317,0.010,0.772,10.742,1.000,0.000,0.0000
1233.290,-97.001,-28.697,0.317,0.010,0.772,10.742,1.000,0.000,0.0000
1233.300,-97.001,-28.586,0.317,0.010,0.771,10.742,1.000,0.000,0.0000
1233.310,-97.001,-28.475,0.317,0.009,0.771,10.742,1.000,0.000,0.0000
1233.320,-97.001,-28.364,0.317,0.009,0.771,10.741,1.000,0.000,0.0000
1233.330,-97.001,-28.253,0.317,0.009,0.771,10.741,1.000,0.000,0.0000
1233.340,-97.001,-28.142,0.317,0.009,0.771,10.741,1.000,0.000,0.0000
1233.350,-97.001,-28.031,0.317,0.009,0.771,10.741,1.000,0.000,0.0000
1233.360,-97.000,-27.920,0.317,0.009,0.771,10.741,1.000,0.000,0.0000
1233.370,-97.000,-27.809,0.317,0.009,0.771,10.741,1.000,0.000,0.0000
1233.380,-97.000,-27.698,0.317,0.009,0.771,10.741,1.000,0.000,0.0000
1233.390,-97.000,-27.586,0.317,0.009,0.771,10.741,1.000,0.000,0.0000
1233.400,-97.000,-27.475,0.317,0.009,0.771,10.741,1.000,0.000,0.0000
1233.410,-97.000,-27.364,0.317,0.009,0.770,10.741,1.000,0.000,0.0000
1233.420,-97.000,-27.253,0.317,0.009,0.770,10.741,1.000,0.000,0.0000
1233.430,-97.000,-27.142,0.317,0.009,0.770,10.741,1.000,0.000,0.0000
1233.440,-97.000,-27.031,0.317,0.009,0.770,10.742,1.000,0.000,0.0000
1233.450,-97.000,-26.920,0.317,0.009,0.770,10.742,1.000,0.000,0.0000
1233.460,-97.000,-26.809,0.317,0.009,0.770,10.742,1.000,0.000,0.0000
1233.470,-96.999,-26.698,0.317,0.009,0.770,10.742,1.000,0.000,0.0000
1233.480,-96.999,-26.587,0.317,0.009,0.770,10.742,1.000,0.000,0.0000
1233.490,-96.999,-26.475,0.317,0.009,0.770,10.742,1.000,0.000,0.0000
1233.500,-96.999,-26.364,0.317,0.009,0.770,10.742,1.000,0.000,0.0000
1233.510,-96.999,-26.253,0.317,0.009,0.770,10.742,1.000,0.000,0.0000
1233.520,-96.999,-26.142,0.317,0.009,0.769,10.742,1.000,0.000,0.0000
1233.530,-96.999,-26.031,0.317,0.009,0.769,10.742,1.000,0.000,0.0000
1233.540,-96.999,-25.920,0.317,0.009,0.769,10.742,1.000,0.000,0.0000
1233.550,-96.999,-25.809,0.317,0.009,0.769,10.742,1.000,0.000,0.0000
1233.560,-96.999,-25.698,0.317,0.009,0.769,10.742,1.000,0.000,0.0000
1233.570,-96.999,-25.587,0.317,0.009,0.769,10.742,1.000,0.000,0.0000
1233.580,-96.998,-25.476,0.317,0.009,0.769,10.742,1.000,0.000,0.0000
1233.590,-96.998,-25.365,0.317,0.009,0.769,10.742,1.000,0.000,0.0000
1233.600,-96.998,-25.253,0.317,0.009,0.769,10.742,1.000,0.000,0.0000
1233.610,-96.998,-25.142,0.317,0.009,0.769,10.742,1.000,0.000,0.0000
1233.620,-96.998,-25.031,0.317,0.009,0.769,10.742,1.000,0.000,0.0000
1233.630,-96.998,-24.920,0.317,0.009,0.769,10.742,1.000,0.000,0.0000
1233.640,-96.998,-24.809,0.317,0.009,0.768,10.742,1.000,0.000,0.0000
1233.650,-96.998,-24.698,0.317,0.009,0.768,10.742,1.000,0.000,0.0000
1233.660,-96.998,-24.587,0.317,0.009,0.768,10.742,1.000,0.000,0.0000
1233.670,-96.998,-24.476,0.317,0.009,0.768,10.742,1.000,0.000,0.0000
1233.680,-96.998,-24.365,0.317,0.009,0.768,10.742,1.000,0.000,0.0000
1233.690,-96.998,-24.254,0.317,0.009,0.768,10.742,1.000,0.000,0.0000
1233.700,-96.997,-24.142,0.317,0.009,0.768,10.742,1.000,0.000,0.0000
1233.710,-96.997,-24.031,0.317,0.009,0.768,10.742,1.000,0.000,0.0000
1233.720,-96.997,-23.920,0.317,0.009,0.768,10.742,1.000,0.000,0.0000
1233.730,-96.997,-23.809,0.317,0.009,0.768,10.742,1.000,0.000,0.0000
1233.740,-96.997,-23.698,0.317,0.009,0.768,10.741,1.000,0.000,0.0000
1233.750,-96.997,-23.587,0.317,0.009,0.767,10.741,1.000,0.000,0.0000
1233.760,-96.997,-23.476,0.317,0.009,0.767,10.741,1.000,0.000,0.0000
1233.770,-96.997,-23.365,0.317,0.009,0.767,10.741,1.000,0.000,0.0000
1233.780,-96.997,-23.254,0.317,0.009,0.767,10.741,1.000,0.000,0.0000
1233.790,-96.997,-23.143,0.317,0.009,0.767,10.741,1.000,0.000,0.0000
1233.800,-96.997,-23.031,0.317,0.009,0.767,10.741,1.000,0.000,0.0000
1233.810,-96.996,-22.920,0.317,0.009,0.767,10.741,1.000,0.000,0.0000
1233.820,-96.996,-22.809,0.317,0.009,0.767,10.741,1.000,0.000,0.0000
1233.830,-96.996,-22.698,0.317,0.009,0.767,10.741,1.000,0.000,0.0000
1233.840,-96.996,-22.587,0.317,0.009,0.767,10.741,1.000,0.000,0.0000
1233.850,-96.996,-22.476,0.317,0.009,0.767,10.741,1.000,0.000,0.0000
1233.860,-96.996,-22.365,0.317,0.009,0.766,10.741,1.000,0.000,0.0000
1233.870,-96.996,-22.254,0.317,0.009,0.766,10.741,1.000,0.000,0.0000
1233.880,-96.996,-22.143,0.317,0.009,0.766,10.741,1.000,0.000,0.0000
1233.890,-96.996,-22.032,0.317,0.009,0.766,10.741,1.000,0.000,0.0000
1233.900,-96.996,-21.920,0.317,0.009,0.766,10.741,1.000,0.000,0.0000
1233.910,-96.996,-21.809,0.317,0.009,0.766,10.741,1.000,0.000,0.0000
1233.920,-96.995,-21.698,0.317,0.009,0.766,10.741,1.000,0.000,0.0000
1233.930,-96.995,-21.587,0.317,0.009,0.766,10.741,1.000,0.000,0.0000
1233.940,-96.995,-21.476,0.317,0.009,0.766,10.741,1.000,0.000,0.0000
1233.950,-96.995,-21.365,0.317,0.009,0.766,10.741,1.000,0.000,0.0000
1233.960,-96.995,-21.254,0.317,0.009,0.766,10.741,1.000,0.000,0.0000
1233.970,-96.995,-21.143,0.317,0.009,0.766,10.741,1.000,0.000,0.0000
1233.980,-96.995,-21.032,0.317,0.009,0.765,10.741,1.000,0.000,0.0000
1233.990,-96.995,-20.921,0.317,0.009,0.765,10.741,1.000,0.000,0.0000
1234.000,-96.995,-20.809,0.317,0.009,0.765,10.741,1.000,0.000,0.0000
1234.010,-96.995,-20.698,0.317,0.009,0.765,10.741,1.000,0.000,0.0000
1234.020,-96.995,-20.587,0.317,0.009,0.765,10.741,1.000,0.000,0.0000
1234.030,-96.995,-20.476,0.317,0.009,0.765,10.741,1.000,0.000,0.0000
1234.040,-96.994,-20.365,0.317,0.009,0.765,10.741,1.000,0.000,0.0000
1234.050,-96.994,-20.254,0.317,0.009,0.765,10.741,1.000,0.000,0.0000
1234.060,-96.994,-20.143,0.317,0.009,0.765,10.741,1.000,0.000,0.0000
1234.070,-96.994,-20.032,0.317,0.009,0.765,10.741,1.000,0.000,0.0000
1234.080,-96.994,-19.921,0.317,0.009,0.765,10.741,1.000,0.000,0.0000
1234.090,-96.994,-19.810,0.317,0.009,0.764,10.741,1.000,0.000,0.0000
1234.100,-96.994,-19.698,0.317,0.009,0.764,10.741,1.000,0.000,0.0000
1234.110,-96.994,-19.587,0.317,0.009,0.764,10.741,1.000,0.000,0.0000
1234.120,-96.994,-19.476,0.317,0.009,0.764,10.741,1.000,0.000,0.0000
1234.130,-96.994,-19.365,0.317,0.009,0.764,10.741,1.000,0.000,0.0000
1234.140,-96.994,-19.254,0.317,0.009,0.764,10.741,1.000,0.000,0.0000
1234.150,-96.993,-19.143,0.317,0.009,0.764,10.741,1.000,0.000,0.0000
1234.160,-96.993,-19.032,0.317,0.009,0.764,10.741,1.000,0.000,0.0000
1234.170,-96.993,-18.921,0.317,0.009,0.764,10.741,1.000,0.000,0.0000
1234.180,-96.993,-18.810,0.317,0.009,0.764,10.741,1.000,0.000,0.0000
1234.190,-96.993,-18.699,0.317,0.009,0.764,10.741,1.000,0.000,0.0000
1234.200,-96.993,-18.587,0.317,0.009,0.763,10.741,1.000,0.000,0.0000
1234.210,-96.993,-18.476,0.317,0.009,0.763,10.741,1.000,0.000,0.0000
1234.220,-96.993,-18.365,0.317,0.009,0.763,10.741,1.000,0.000,0.0000
1234.230,-96.993,-18.254,0.317,0.009,0.763,10.741,1.000,0.000,0.0000
1234.240,-96.993,-18.143,0.317,0.009,0.763,10.741,1.000,0.000,0.0000
1234.250,-96.993,-18.032,0.317,0.009,0.763,10.741,1.000,0.000,0.0000
1234.260,-96.992,-17.921,0.317,0.009,0.763,10.741,1.000,0.000,0.0000
1234.270,-96.992,-17.810,0.317,0.009,0.763,10.741,1.000,0.000,0.0000
1234.280,-96.992,-17.699,0.317,0.009,0.763,10.741,1.000,0.000,0.0000
1234.290,-96.992,-17.588,0.317,0.009,0.763,10.741,1.000,0.000,0.0000
1234.300,-96.992,-17.476,0.317,0.009,0.763,10.741,1.000,0.000,0.0000
1234.310,-96.992,-17.365,0.317,0.009,0.763,10.741,1.000,0.000,0.0000
1234.320,-96.992,-17.254,0.317,0.009,0.762,10.741,1.000,0.000,0.0000
1234.330,-96.992,-17.143,0.317,0.009,0.762,10.741,1.000,0.000,0.0000
1234.340,-96.992,-17.032,0.317,0.009,0.762,10.741,1.000,0.000,0.0000
1234.350,-96.992,-16.921,0.317,0.009,0.762,10.741,1.000,0.000,0.0000
1234.360,-96.992,-16.810,0.317,0.009,0.762,10.741,1.000,0.000,0.0000
1234.370,-96.991,-16.699,0.317,0.009,0.762,10.741,1.000,0.000,0.0000
1234.380,-96.991,-16.588,0.317,0.009,0.762,10.741,1.000,0.000,0.0000
1234.390,-96.991,-16.477,0.317,0.009,0.762,10.741,1.000,0.000,0.0000
1234.400,-96.991,-16.366,0.317,0.009,0.762,10.741,1.000,0.000,0.0000
1234.410,-96.991,-16.254,0.317,0.009,0.762,10.741,1.000,0.000,0.0000
1234.420,-96.991,-16.143,0.317,0.009,0.762,10.741,1.000,0.000,0.0000
1234.430,-96.991,-16.032,0.317,0.009,0.761,10.741,1.000,0.000,0.0000
1234.440,-96.991,-15.921,0.317,0.009,0.761,10.741,1.000,0.000,0.0000
1234.450,-96.991,-15.810,0.317,0.009,0.761,10.741,1.000,0.000,0.0000
1234.460,-96.991,-15.699,0.317,0.009,0.761,10.741,1.000,0.000,0.0000
1234.470,-96.991,-15.588,0.317,0.009,0.761,10.741,1.000,0.000,0.0000
1234.480,-96.991,-15.477,0.317,0.009,0.761,10.741,1.000,0.000,0.0000
1234.490,-96.990,-15.366,0.317,0.009,0.761,10.741,1.000,0.000,0.0000
1234.500,-96.990,-15.255,0.317,0.009,0.761,10.741,1.000,0.000,0.0000
1234.510,-96.990,-15.143,0.317,0.009,0.761,10.741,1.000,0.000,0.0000
1234.520,-96.990,-15.032,0.317,0.009,0.761,10.741,1.000,0.000,0.0000
1234.530,-96.990,-14.921,0.317,0.009,0.761,10.741,1.000,0.000,0.0000
1234.540,-96.990,-14.810,0.317,0.009,0.760,10.741,1.000,0.000,0.0000
1234.550,-96.990,-14.699,0.317,0.009,0.760,10.741,1.000,0.000,0.0000
1234.560,-96.990,-14.588,0.317,0.009,0.760,10.741,1.000,0.000,0.0000
1234.570,-96.990,-14.477,0.317,0.009,0.760,10.741,1.000,0.000,0.0000
1234.580,-96.990,-14.366,0.317,0.009,0.760,10.741,1.000,0.000,0.0000
1234.590,-96.990,-14.255,0.317,0.009,0.760,10.741,1.000,0.000,0.0000
1234.600,-96.989,-14.144,0.317,0.009,0.760,10.741,1.000,0.000,0.0000
1234.610,-96.989,-14.032,0.317,0.009,0.760,10.741,1.000,0.000,0.0000
1234.620,-96.989,-13.921,0.317,0.009,0.760,10.741,1.000,0.000,0.0000
1234.630,-96.989,-13.810,0.317,0.009,0.760,10.741,1.000,0.000,0.0000
1234.640,-96.989,-13.699,0.317,0.009,0.760,10.741,1.000,0.000,0.0000
1234.650,-96.989,-13.588,0.317,0.009,0.759,10.741,1.000,0.000,0.0000
1234.660,-96.989,-13.477,0.317,0.009,0.759,10.741,1.000,0.000,0.0000
1234.670,-96.989,-13.366,0.317,0.009,0.759,10.741,1.000,0.000,0.0000
1234.680,-96.989,-13.255,0.317,0.009,0.759,10.741,1.000,0.000,0.0000
1234.690,-96.989,-13.144,0.317,0.009,0.759,10.741,1.000,0.000,0.0000
1234.700,-96.989,-13.033,0.317,0.009,0.759,10.741,1.000,0.000,0.0000
1234.710,-96.988,-12.921,0.317,0.009,0.759,10.741,1.000,0.000,0.0000
1234.720,-96.988,-12.810,0.317,0.009,0.759,10.741,1.000,0.000,0.0000
1234.730,-96.988,-12.699,0.317,0.009,0.759,10.741,1.000,0.000,0.0000
1234.740,-96.988,-12.588,0.317,0.009,0.759,10.741,1.000,0.000,0.0000
1234.750,-96.988,-12.477,0.317,0.009,0.759,10.741,1.000,0.000,0.0000
1234.760,-96.988,-12.366,0.317,0.009,0.759,10.741,1.000,0.000,0.0000
1234.770,-96.988,-12.255,0.317,0.009,0.758,10.741,1.000,0.000,0.0000
1234.780,-96.988,-12.144,0.317,0.009,0.758,10.741,1.000,0.000,0.0000
1234.790,-96.988,-12.033,0.317,0.009,0.758,10.741,1.000,0.000,0.0000
1234.800,-96.988,-11.922,0.317,0.009,0.758,10.741,1.000,0.000,0.0000
1234.810,-96.988,-11.810,0.317,0.009,0.758,10.741,1.000,0.000,0.0000
1234.820,-96.988,-11.699,0.317,0.009,0.758,10.741,1.000,0.000,0.0000
1234.830,-96.987,-11.588,0.317,0.009,0.758,10.741,1.000,0.000,0.0000
1234.840,-96.987,-11.477,0.317,0.009,0.758,10.741,1.000,0.000,0.0000
1234.850,-96.987,-11.366,0.317,0.009,0.758,10.741,1.000,0.000,0.0000
1234.860,-96.987,-11.255,0.317,0.009,0.758,10.741,1.000,0.000,0.0000
1234.870,-96.987,-11.144,0.317,0.009,0.758,10.741,1.000,0.000,0.0000
1234.880,-96.987,-11.033,0.317,0.009,0.757,10.741,1.000,0.000,0.0000
1234.890,-96.987,-10.922,0.317,0.009,0.757,10.741,1.000,0.000,0.0000
1234.900,-96.987,-10.811,0.317,0.009,0.757,10.741,1.000,0.000,0.0000
1234.910,-96.987,-10.699,0.317,0.009,0.757,10.740,1.000,0.000,0.0000
1234.920,-96.987,-10.588,0.317,0.009,0.757,10.740,1.000,0.000,0.0000
1234.930,-96.987,-10.477,0.317,0.009,0.757,10.740,1.000,0.000,0.0000
1234.940,-96.986,-10.366,0.317,0.009,0.757,10.740,0.940,0.000,0.0000
1234.950,-96.986,-10.255,0.317,0.010,0.757,10.740,0.880,0.000,0.0000
1234.960,-96.986,-10.145,0.317,0.014,0.757,10.740,0.820,0.000,0.0000
1234.970,-96.986,-10.034,0.317,0.020,0.757,10.740,0.760,0.000,0.0000
1234.980,-96.986,-9.924,0.318,0.028,0.757,10.740,0.700,0.000,0.0000
1234.990,-96.986,-9.815,0.318,0.036,0.757,10.739,0.640,0.000,0.0000
1235.000,-96.986,-9.706,0.318,0.042,0.756,10.739,0.580,0.000,0.0000
1235.010,-96.986,-9.597,0.319,0.048,0.756,10.739,0.520,0.000,0.0000
1235.020,-96.986,-9.488,0.319,0.052,0.756,10.738,0.460,0.000,0.0000
1235.030,-96.986,-9.381,0.320,0.055,0.756,10.738,0.400,0.000,0.0000
1235.040,-96.986,-9.273,0.320,0.057,0.756,10.737,0.340,0.000,0.0000
1235.050,-96.985,-9.166,0.321,0.058,0.756,10.736,0.280,0.000,0.0000
1235.060,-96.985,-9.059,0.321,0.058,0.756,10.736,0.220,0.000,0.0000
1235.070,-96.985,-8.953,0.322,0.057,0.756,10.735,0.160,0.000,0.0000
1235.080,-96.985,-8.847,0.323,0.055,0.756,10.735,0.100,0.000,0.0000
1235.090,-96.985,-8.741,0.323,0.053,0.756,10.734,0.040,0.000,0.0000
1235.100,-96.985,-8.636,0.324,0.050,0.756,10.734,0.000,0.000,0.0000
1235.110,-96.985,-8.531,0.324,0.047,0.756,10.733,0.000,0.000,0.0000
1235.120,-96.985,-8.427,0.325,0.044,0.756,10.733,0.000,0.000,0.0000
1235.130,-96.985,-8.323,0.325,0.040,0.756,10.732,0.000,0.000,0.0000
1235.140,-96.985,-8.220,0.325,0.036,0.756,10.732,0.000,0.000,0.0000
1235.150,-96.985,-8.117,0.326,0.031,0.755,10.732,0.000,0.000,0.0000
1235.160,-96.985,-8.014,0.326,0.027,0.755,10.731,0.000,0.000,0.0000
1235.170,-96.984,-7.912,0.326,0.022,0.755,10.731,0.000,0.000,0.0000
1235.180,-96.984,-7.810,0.326,0.018,0.755,10.731,0.000,0.000,0.0000
1235.190,-96.984,-7.708,0.326,0.014,0.755,10.731,0.000,0.000,0.0000
1235.200,-96.984,-7.607,0.326,0.011,0.755,10.731,0.000,0.000,0.0000
1235.210,-96.984,-7.507,0.326,0.009,0.755,10.731,0.000,0.000,0.0000
1235.220,-96.984,-7.406,0.326,0.008,0.755,10.731,0.000,0.000,0.0000
1235.230,-96.984,-7.306,0.326,0.009,0.755,10.731,0.000,0.000,0.0000
1235.240,-96.984,-7.207,0.326,0.011,0.755,10.731,0.000,0.000,0.0000
1235.250,-96.984,-7.108,0.326,0.013,0.755,10.731,0.000,0.000,0.0000
1235.260,-96.984,-7.009,0.326,0.015,0.755,10.731,0.000,0.000,0.0000
1235.270,-96.984,-6.911,0.326,0.017,0.755,10.731,0.000,0.000,0.0000
1235.280,-96.984,-6.813,0.326,0.019,0.754,10.731,0.000,0.000,0.0000
1235.290,-96.984,-6.716,0.326,0.020,0.754,10.732,0.000,0.000,0.0000
1235.300,-96.983,-6.619,0.325,0.021,0.754,10.732,0.000,0.000,0.0000
1235.310,-96.983,-6.522,0.325,0.022,0.754,10.732,0.000,0.000,0.0000
1235.320,-96.983,-6.426,0.325,0.022,0.754,10.732,0.000,0.000,0.0000
1235.330,-96.983,-6.330,0.325,0.022,0.754,10.732,0.000,0.000,0.0000
1235.340,-96.983,-6.235,0.324,0.022,0.754,10.733,0.000,0.000,0.0000
1235.350,-96.983,-6.139,0.324,0.022,0.754,10.733,0.000,0.000,0.0000
1235.360,-96.983,-6.045,0.324,0.021,0.754,10.733,0.000,0.000,0.0000
1235.370,-96.983,-5.951,0.324,0.020,0.754,10.733,0.000,0.000,0.0000
1235.380,-96.983,-5.857,0.324,0.019,0.754,10.733,0.000,0.000,0.0000
1235.390,-96.983,-5.763,0.324,0.017,0.754,10.734,0.000,0.000,0.0000
1235.400,-96.983,-5.670,0.323,0.016,0.753,10.734,0.000,0.000,0.0000
1235.410,-96.983,-5.577,0.323,0.015,0.753,10.734,0.000,0.000,0.0000
1235.420,-96.983,-5.485,0.323,0.013,0.753,10.734,0.000,0.000,0.0000
1235.430,-96.982,-5.393,0.323,0.012,0.753,10.734,0.000,0.000,0.0000
1235.440,-96.982,-5.302,0.323,0.010,0.753,10.734,0.000,0.000,0.0000
1235.450,-96.982,-5.210,0.323,0.009,0.753,10.734,0.000,0.000,0.0000
1235.460,-96.982,-5.120,0.323,0.008,0.753,10.734,0.000,0.000,0.0000
1235.470,-96.982,-5.029,0.323,0.008,0.753,10.734,0.000,0.000,0.0000
1235.480,-96.982,-4.939,0.323,0.007,0.753,10.734,0.000,0.000,0.0000
1235.490,-96.982,-4.850,0.323,0.007,0.753,10.734,0.000,0.000,0.0000
1235.500,-96.982,-4.761,0.323,0.007,0.753,10.734,0.000,0.000,0.0000
1235.510,-96.982,-4.672,0.323,0.008,0.753,10.734,0.000,0.000,0.0000
1235.520,-96.982,-4.584,0.323,0.008,0.753,10.734,0.000,0.000,0.0000
1235.530,-96.982,-4.496,0.323,0.009,0.752,10.734,0.000,0.000,0.0000
1235.540,-96.982,-4.408,0.323,0.009,0.752,10.734,0.000,0.000,0.0000
1235.550,-96.982,-4.321,0.323,0.010,0.752,10.734,0.000,0.000,0.0000
1235.560,-96.982,-4.234,0.323,0.010,0.752,10.734,0.000,0.000,0.0000
1235.570,-96.981,-4.148,0.323,0.010,0.752,10.734,0.000,0.000,0.0000
1235.580,-96.981,-4.062,0.323,0.010,0.752,10.734,0.000,0.000,0.0000
1235.590,-96.981,-3.976,0.323,0.010,0.752,10.733,0.000,0.000,0.0000
1235.600,-96.981,-3.891,0.324,0.010,0.752,10.733,0.000,0.000,0.0000
1235.610,-96.981,-3.806,0.324,0.010,0.752,10.733,0.000,0.000,0.0000
1235.620,-96.981,-3.722,0.324,0.010,0.752,10.733,0.000,0.000,0.0000
1235.630,-96.981,-3.638,0.324,0.010,0.752,10.733,0.000,0.000,0.0000
1235.640,-96.981,-3.554,0.324,0.009,0.752,10.733,0.000,0.000,0.0000
1235.650,-96.981,-3.471,0.324,0.009,0.752,10.733,0.000,0.000,0.0000
1235.660,-96.981,-3.388,0.324,0.009,0.752,10.733,0.000,0.000,0.0000
1235.670,-96.981,-3.306,0.324,0.008,0.752,10.733,0.000,0.000,0.0000
1235.680,-96.981,-3.224,0.324,0.008,0.752,10.733,0.000,0.000,0.0000
1235.690,-96.981,-3.142,0.324,0.008,0.751,10.733,0.000,0.000,0.0000
1235.700,-96.981,-3.061,0.324,0.007,0.751,10.733,0.000,0.000,0.0000
1235.710,-96.981,-2.980,0.324,0.007,0.751,10.733,0.000,0.000,0.0000
1235.720,-96.980,-2.900,0.324,0.007,0.751,10.733,0.000,0.000,0.0000
1235.730,-96.980,-2.820,0.324,0.007,0.751,10.733,0.000,0.000,0.0000
1235.740,-96.980,-2.740,0.324,0.006,0.751,10.733,0.000,0.000,0.0000
1235.750,-96.980,-2.661,0.324,0.006,0.751,10.733,0.000,0.000,0.0000
1235.760,-96.980,-2.582,0.324,0.006,0.751,10.733,0.000,0.000,0.0000
1235.770,-96.980,-2.503,0.324,0.006,0.751,10.733,0.000,0.000,0.0000
1235.780,-96.980,-2.425,0.324,0.006,0.751,10.733,0.000,0.000,0.0000
1235.790,-96.980,-2.348,0.324,0.006,0.751,10.733,0.000,0.000,0.0000
1235.800,-96.980,-2.270,0.324,0.006,0.751,10.733,0.000,0.000,0.0000
1235.810,-96.980,-2.194,0.324,0.007,0.751,10.733,0.000,0.000,0.0000
1235.820,-96.980,-2.117,0.324,0.007,0.751,10.733,0.000,0.000,0.0000
1235.830,-96.980,-2.041,0.324,0.007,0.751,10.733,0.000,0.000,0.0000
1235.840,-96.980,-1.965,0.324,0.007,0.751,10.733,0.000,0.000,0.0000
1235.850,-96.980,-1.890,0.324,0.007,0.750,10.733,0.000,0.000,0.0000
1235.860,-96.980,-1.815,0.324,0.007,0.750,10.733,0.000,0.000,0.0000
1235.870,-96.980,-1.741,0.324,0.007,0.750,10.733,0.000,0.000,0.0000
1235.880,-96.980,-1.667,0.324,0.007,0.750,10.733,0.000,0.000,0.0000
1235.890,-96.979,-1.593,0.324,0.006,0.750,10.733,0.000,0.000,0.0000
1235.900,-96.979,-1.520,0.324,0.006,0.750,10.733,0.000,0.000,0.0000
1235.910,-96.979,-1.447,0.324,0.006,0.750,10.733,0.000,0.000,0.0000
1235.920,-96.979,-1.374,0.324,0.006,0.750,10.733,0.000,0.000,0.0000
1235.930,-96.979,-1.302,0.324,0.006,0.750,10.733,0.000,0.000,0.0000
1235.940,-96.979,-1.231,0.324,0.006,0.750,10.733,0.000,0.000,0.0000
1235.950,-96.979,-1.159,0.324,0.006,0.750,10.733,0.000,0.000,0.0000
1235.960,-96.979,-1.088,0.324,0.006,0.750,10.733,0.000,0.000,0.0000
1235.970,-96.979,-1.018,0.324,0.006,0.750,10.733,0.000,0.000,0.0000
1235.980,-96.979,-0.948,0.324,0.006,0.750,10.733,0.000,0.000,0.0000
1235.990,-96.979,-0.878,0.324,0.006,0.750,10.733,0.000,0.000,0.0000
1236.000,-96.979,-0.809,0.324,0.006,0.750,10.733,0.000,0.000,0.0000
1236.010,-96.979,-0.740,0.324,0.005,0.750,10.733,0.000,0.000,0.0000
1236.020,-96.979,-0.671,0.324,0.005,0.749,10.733,0.000,0.000,0.0000
1236.030,-96.979,-0.603,0.324,0.005,0.749,10.733,0.000,0.000,0.0000
1236.040,-96.979,-0.536,0.324,0.005,0.749,10.733,0.000,0.000,0.0000
1236.050,-96.979,-0.468,0.324,0.005,0.749,10.733,0.000,0.000,0.0000
1236.060,-96.979,-0.401,0.324,0.005,0.749,10.733,0.000,0.000,0.0000
1236.070,-96.978,-0.335,0.324,0.005,0.749,10.733,0.000,0.000,0.0000
1236.080,-96.978,-0.269,0.324,0.005,0.749,10.733,0.000,0.000,0.0000
1236.090,-96.978,-0.203,0.324,0.005,0.749,10.733,0.000,0.000,0.0000
1236.100,-96.978,-0.138,0.324,0.005,0.749,10.733,0.000,0.000,0.0000
1236.110,-96.978,-0.073,0.324,0.005,0.749,10.733,0.000,0.000,0.0000
1236.120,-96.978,-0.008,0.324,0.005,0.749,10.733,0.040,0.000,0.0000
1236.130,-96.978,0.056,0.324,0.005,0.749,10.733,0.080,0.000,0.0000
1236.140,-96.978,0.120,0.324,0.005,0.749,10.733,0.120,0.000,0.0000
1236.150,-96.978,0.183,0.324,0.005,0.749,10.733,0.160,0.000,0.0000
1236.160,-96.978,0.246,0.324,0.005,0.749,10.733,0.200,0.000,0.0000
1236.170,-96.978,0.309,0.324,0.005,0.749,10.733,0.240,0.000,0.0000
1236.180,-96.978,0.371,0.324,0.005,0.749,10.733,0.280,0.000,0.0000
1236.190,-96.978,0.433,0.324,0.005,0.749,10.733,0.320,0.000,0.0000
1236.200,-96.978,0.494,0.324,0.005,0.749,10.733,0.360,0.000,0.0000
1236.210,-96.978,0.555,0.324,0.005,0.749,10.733,0.400,0.000,0.0000
1236.220,-96.978,0.616,0.324,0.005,0.748,10.733,0.440,0.000,0.0000
1236.230,-96.978,0.676,0.324,0.005,0.748,10.733,0.480,0.000,0.0000
1236.240,-96.978,0.736,0.324,0.005,0.748,10.733,0.520,0.000,0.0000
1236.250,-96.978,0.795,0.324,0.005,0.748,10.733,0.560,0.000,0.0000
1236.260,-96.978,0.854,0.324,0.009,0.748,10.733,0.600,0.000,0.0000
1236.270,-96.977,0.914,0.324,0.022,0.748,10.733,0.640,0.000,0.0000
1236.280,-96.977,0.973,0.323,0.038,0.748,10.733,0.580,0.000,0.0080
1236.290,-96.977,1.034,0.323,0.055,0.748,10.734,0.520,0.000,0.0160
1236.300,-96.977,1.094,0.322,0.063,0.748,10.735,0.460,0.000,0.0240
1236.310,-96.977,1.154,0.321,0.063,0.748,10.735,0.400,0.000,0.0320
1236.320,-96.977,1.214,0.321,0.058,0.748,10.736,0.340,0.000,0.0400
1236.330,-96.977,1.273,0.320,0.050,0.748,10.736,0.280,0.000,0.0480
1236.340,-96.977,1.332,0.320,0.041,0.748,10.737,0.220,0.000,0.0560
1236.350,-96.977,1.391,0.320,0.032,0.747,10.737,0.160,0.000,0.0640
1236.360,-96.977,1.449,0.319,0.025,0.747,10.737,0.100,0.000,0.0720
1236.370,-96.977,1.507,0.319,0.020,0.747,10.737,0.040,0.000,0.0800
1236.380,-96.976,1.564,0.319,0.020,0.747,10.737,0.000,0.000,0.0880
1236.390,-96.976,1.621,0.319,0.023,0.747,10.737,0.000,0.000,0.0960
1236.400,-96.976,1.678,0.319,0.028,0.746,10.737,0.000,0.000,0.1040
1236.410,-96.976,1.734,0.320,0.035,0.746,10.737,0.000,0.000,0.1120
1236.420,-96.975,1.790,0.320,0.042,0.746,10.737,0.000,0.000,0.1200
1236.430,-96.975,1.845,0.320,0.049,0.745,10.736,0.000,0.000,0.1280
1236.440,-96.974,1.900,0.320,0.056,0.745,10.736,0.000,0.000,0.1360
1236.450,-96.974,1.955,0.321,0.064,0.744,10.736,0.000,0.000,0.1440
1236.460,-96.973,2.009,0.321,0.071,0.744,10.735,0.000,0.000,0.1520
1236.470,-96.972,2.063,0.321,0.078,0.743,10.735,0.000,0.000,0.1600
1236.480,-96.972,2.116,0.322,0.086,0.742,10.734,0.000,0.000,0.1680
1236.490,-96.971,2.169,0.322,0.094,0.742,10.734,0.000,0.000,0.1760
1236.500,-96.970,2.222,0.323,0.102,0.741,10.733,0.000,0.000,0.1840
1236.510,-96.969,2.274,0.323,0.110,0.740,10.733,0.000,0.000,0.1920
1236.520,-96.968,2.326,0.323,0.119,0.738,10.732,0.000,0.000,0.2000
1236.530,-96.967,2.377,0.324,0.127,0.737,10.732,0.000,0.000,0.2080
1236.540,-96.965,2.428,0.324,0.136,0.736,10.731,0.000,0.000,0.2160
1236.550,-96.964,2.478,0.324,0.145,0.735,10.731,0.000,0.000,0.2240
1236.560,-96.962,2.528,0.325,0.153,0.733,10.730,0.000,0.000,0.2320
1236.570,-96.961,2.577,0.325,0.162,0.732,10.730,0.000,0.000,0.2400
1236.580,-96.959,2.626,0.325,0.171,0.730,10.730,0.000,0.000,0.2480
1236.590,-96.957,2.675,0.326,0.181,0.728,10.729,0.000,0.000,0.2560
1236.600,-96.955,2.723,0.326,0.191,0.726,10.729,0.000,0.000,0.2640
1236.610,-96.953,2.771,0.326,0.202,0.724,10.729,0.000,0.000,0.2340
1236.620,-96.951,2.818,0.326,0.214,0.722,10.728,0.000,0.000,0.2040
1236.630,-96.949,2.865,0.326,0.226,0.720,10.728,0.000,0.000,0.1740
1236.640,-96.947,2.911,0.326,0.237,0.717,10.728,0.000,0.000,0.1440
1236.650,-96.944,2.957,0.326,0.247,0.715,10.727,0.000,0.000,0.1140
1236.660,-96.942,3.002,0.326,0.254,0.712,10.727,0.000,0.000,0.0840
1236.670,-96.939,3.047,0.326,0.259,0.710,10.727,0.000,0.000,0.0540
1236.680,-96.936,3.091,0.327,0.263,0.707,10.726,0.000,0.000,0.0240
1236.690,-96.934,3.135,0.327,0.265,0.705,10.726,0.000,0.000,0.0000
1236.700,-96.931,3.178,0.327,0.268,0.702,10.726,0.000,0.000,0.0000
1236.710,-96.928,3.221,0.327,0.273,0.699,10.726,0.000,0.000,0.0000
1236.720,-96.925,3.263,0.327,0.278,0.696,10.726,0.000,0.000,0.0000
1236.730,-96.923,3.305,0.326,0.284,0.694,10.725,0.000,0.000,0.0000
1236.740,-96.920,3.347,0.326,0.288,0.691,10.725,0.000,0.000,0.0000
1236.750,-96.917,3.389,0.326,0.292,0.688,10.725,0.000,0.000,0.0000
1236.760,-96.914,3.431,0.326,0.294,0.685,10.725,0.000,0.000,0.0000
1236.770,-96.911,3.472,0.325,0.296,0.682,10.726,0.000,0.000,0.0000
1236.780,-96.908,3.513,0.325,0.297,0.679,10.726,0.000,0.000,0.0000
1236.790,-96.905,3.553,0.325,0.297,0.676,10.726,0.000,0.000,0.0000
1236.800,-96.902,3.594,0.324,0.297,0.673,10.726,0.000,0.000,0.0000
1236.810,-96.899,3.634,0.324,0.297,0.670,10.726,0.000,0.000,0.0000
1236.820,-96.896,3.673,0.323,0.296,0.667,10.726,0.000,0.000,0.0000
1236.830,-96.893,3.712,0.323,0.296,0.664,10.726,0.000,0.000,0.0000
1236.840,-96.890,3.751,0.323,0.296,0.661,10.726,0.000,0.000,0.0000
1236.850,-96.887,3.790,0.323,0.295,0.658,10.726,0.000,0.000,0.0000
1236.860,-96.885,3.828,0.322,0.294,0.655,10.726,0.000,0.000,0.0000
1236.870,-96.882,3.866,0.322,0.292,0.652,10.726,0.000,0.000,0.0000
1236.880,-96.879,3.903,0.322,0.291,0.649,10.726,0.000,0.000,0.0000
1236.890,-96.876,3.940,0.322,0.289,0.647,10.726,0.000,0.000,0.0000
1236.900,-96.873,3.977,0.322,0.287,0.644,10.726,0.000,0.000,0.0000
1236.910,-96.870,4.013,0.322,0.285,0.641,10.726,0.000,0.000,0.0000
1236.920,-96.867,4.049,0.322,0.283,0.638,10.726,0.000,0.000,0.0000
1236.930,-96.864,4.085,0.322,0.281,0.635,10.725,0.040,0.000,0.0000
1236.940,-96.862,4.120,0.322,0.279,0.632,10.725,0.080,0.000,0.0000
1236.950,-96.859,4.154,0.322,0.276,0.630,10.725,0.120,0.000,0.0000
1236.960,-96.856,4.189,0.322,0.273,0.627,10.724,0.160,0.000,0.0000
1236.970,-96.853,4.223,0.322,0.270,0.624,10.724,0.200,0.000,0.0000
1236.980,-96.851,4.257,0.322,0.268,0.622,10.724,0.240,0.000,0.0000
1236.990,-96.848,4.290,0.322,0.266,0.619,10.723,0.280,0.000,0.0000
1237.000,-96.845,4.323,0.322,0.264,0.616,10.723,0.320,0.000,0.0000
1237.010,-96.843,4.356,0.322,0.263,0.614,10.723,0.360,0.000,0.0000
1237.020,-96.840,4.389,0.322,0.262,0.611,10.723,0.400,0.000,0.0000
1237.030,-96.838,4.422,0.322,0.263,0.608,10.723,0.440,0.000,0.0000
1237.040,-96.835,4.455,0.322,0.266,0.606,10.723,0.480,0.000,0.0000
1237.050,-96.832,4.489,0.321,0.270,0.603,10.723,0.520,0.000,0.0000
1237.060,-96.830,4.524,0.321,0.275,0.600,10.724,0.560,0.000,0.0000
1237.070,-96.827,4.558,0.320,0.279,0.598,10.724,0.600,0.000,0.0000
1237.080,-96.824,4.593,0.319,0.284,0.595,10.725,0.640,0.000,0.0000
1237.090,-96.822,4.629,0.318,0.288,0.592,10.725,0.680,0.000,0.0000
1237.100,-96.819,4.665,0.317,0.291,0.589,10.726,0.720,0.000,0.0000
1237.110,-96.816,4.701,0.316,0.294,0.587,10.727,0.760,0.000,0.0000
1237.120,-96.813,4.738,0.315,0.297,0.584,10.728,0.800,0.000,0.0000
1237.130,-96.810,4.775,0.314,0.299,0.581,10.729,0.840,0.000,0.0000
1237.140,-96.808,4.812,0.313,0.301,0.578,10.729,0.880,0.000,0.0000
1237.150,-96.805,4.850,0.312,0.302,0.575,10.730,0.920,0.000,0.0000
1237.160,-96.802,4.888,0.311,0.303,0.572,10.731,0.960,0.000,0.0000
1237.170,-96.799,4.927,0.310,0.305,0.569,10.731,1.000,0.000,0.0000
1237.180,-96.796,4.966,0.310,0.306,0.566,10.732,1.000,0.000,0.0000
1237.190,-96.793,5.006,0.309,0.306,0.563,10.733,1.000,0.000,0.0000
1237.200,-96.790,5.045,0.308,0.307,0.560,10.733,1.000,0.000,0.0000
1237.210,-96.787,5.086,0.308,0.307,0.557,10.733,1.000,0.000,0.0000
1237.220,-96.784,5.127,0.307,0.308,0.554,10.734,1.000,0.000,0.0000
1237.230,-96.781,5.168,0.307,0.309,0.551,10.734,1.000,0.000,0.0000
1237.240,-96.778,5.209,0.306,0.311,0.548,10.734,1.000,0.000,0.0000
1237.250,-96.775,5.251,0.306,0.313,0.545,10.734,1.000,0.000,0.0000
1237.260,-96.771,5.294,0.306,0.315,0.542,10.734,1.000,0.000,0.0000
1237.270,-96.768,5.336,0.306,0.317,0.539,10.734,1.000,0.000,0.0000
1237.280,-96.765,5.379,0.306,0.320,0.535,10.734,1.000,0.000,0.0000
1237.290,-96.762,5.423,0.306,0.324,0.532,10.733,1.000,0.000,0.0000
1237.300,-96.759,5.467,0.306,0.328,0.529,10.733,1.000,0.000,0.0000
1237.310,-96.755,5.511,0.306,0.332,0.526,10.732,1.000,0.000,0.0000
1237.320,-96.752,5.556,0.306,0.336,0.522,10.732,1.000,0.000,0.0000
1237.330,-96.749,5.601,0.307,0.341,0.519,10.732,1.000,0.000,0.0000
1237.340,-96.745,5.647,0.307,0.346,0.515,10.731,1.000,0.000,0.0000
1237.350,-96.742,5.693,0.307,0.350,0.512,10.730,1.000,0.000,0.0000
1237.360,-96.738,5.739,0.308,0.355,0.508,10.730,1.000,0.000,0.0080
1237.370,-96.734,5.786,0.308,0.359,0.505,10.729,1.000,0.000,0.0160
1237.380,-96.731,5.834,0.308,0.364,0.501,10.729,1.000,0.000,0.0240
1237.390,-96.727,5.881,0.309,0.369,0.498,10.728,1.000,0.000,0.0320
1237.400,-96.723,5.930,0.309,0.374,0.494,10.728,1.000,0.000,0.0400
1237.410,-96.720,5.978,0.309,0.381,0.490,10.727,1.000,0.000,0.0480
1237.420,-96.716,6.027,0.309,0.388,0.486,10.726,1.000,0.000,0.0560
1237.430,-96.712,6.077,0.310,0.394,0.482,10.726,1.000,0.000,0.0640
1237.440,-96.708,6.126,0.310,0.399,0.478,10.725,1.000,0.000,0.0720
1237.450,-96.704,6.176,0.310,0.404,0.474,10.725,1.000,0.000,0.0800
1237.460,-96.700,6.227,0.311,0.408,0.470,10.724,1.000,0.000,0.0880
1237.470,-96.696,6.277,0.311,0.412,0.466,10.724,1.000,0.000,0.0960
1237.480,-96.692,6.328,0.311,0.417,0.462,10.723,1.000,0.000,0.1040
1237.490,-96.687,6.379,0.312,0.421,0.458,10.722,1.000,0.000,0.1120
1237.500,-96.683,6.430,0.312,0.429,0.454,10.722,1.000,0.000,0.1200
1237.510,-96.679,6.481,0.312,0.437,0.449,10.721,1.000,0.000,0.1280
1237.520,-96.674,6.533,0.313,0.445,0.445,10.721,1.000,0.000,0.1360
1237.530,-96.670,6.585,0.313,0.453,0.440,10.720,1.000,0.000,0.1440
1237.540,-96.665,6.638,0.313,0.461,0.436,10.720,1.000,0.000,0.1520
1237.550,-96.660,6.690,0.313,0.470,0.431,10.719,1.000,0.000,0.1600
1237.560,-96.656,6.743,0.313,0.480,0.426,10.719,1.000,0.000,0.1680
1237.570,-96.651,6.797,0.313,0.490,0.421,10.719,1.000,0.000,0.1760
1237.580,-96.646,6.851,0.313,0.501,0.416,10.718,1.000,0.000,0.1840
1237.590,-96.641,6.905,0.313,0.512,0.411,10.718,1.000,0.000,0.1920
1237.600,-96.635,6.959,0.313,0.524,0.406,10.718,1.000,0.000,0.2000
1237.610,-96.630,7.014,0.313,0.537,0.401,10.717,1.000,0.000,0.2080
1237.620,-96.624,7.069,0.313,0.551,0.395,10.717,1.000,0.000,0.2160
1237.630,-96.619,7.125,0.313,0.565,0.389,10.717,1.000,0.000,0.2240
1237.640,-96.613,7.180,0.313,0.581,0.384,10.717,1.000,0.000,0.2320
1237.650,-96.607,7.236,0.313,0.598,0.378,10.717,1.000,0.000,0.2020
1237.660,-96.601,7.293,0.312,0.612,0.372,10.717,1.000,0.000,0.1720
1237.670,-96.595,7.350,0.312,0.634,0.365,10.716,1.000,0.000,0.1420
1237.680,-96.588,7.407,0.312,0.663,0.359,10.716,1.000,0.000,0.1120
1237.690,-96.581,7.465,0.311,0.683,0.352,10.716,1.000,0.000,0.0820
1237.700,-96.574,7.523,0.311,0.700,0.345,10.716,1.000,0.000,0.0520
1237.710,-96.567,7.582,0.311,0.717,0.338,10.716,1.000,0.000,0.0220
1237.720,-96.560,7.640,0.311,0.735,0.330,10.716,1.000,0.000,0.0000
1237.730,-96.552,7.700,0.311,0.754,0.323,10.716,1.000,0.000,0.0000
1237.740,-96.544,7.759,0.310,0.775,0.315,10.715,1.000,0.000,0.0000
1237.750,-96.536,7.819,0.310,0.796,0.307,10.715,1.000,0.000,0.0000
1237.760,-96.528,7.879,0.310,0.817,0.299,10.715,1.000,0.000,0.0000
1237.770,-96.520,7.941,0.310,0.838,0.291,10.715,1.000,0.000,0.0000
1237.780,-96.511,8.002,0.309,0.857,0.282,10.715,1.000,0.000,0.0000
1237.790,-96.503,8.065,0.309,0.875,0.273,10.715,1.000,0.000,0.0000
1237.800,-96.494,8.127,0.309,0.892,0.264,10.714,1.000,0.000,0.0000
1237.810,-96.485,8.191,0.309,0.907,0.255,10.714,1.000,0.000,0.0000
1237.820,-96.475,8.254,0.308,0.921,0.246,10.714,1.000,0.000,0.0000
1237.830,-96.466,8.318,0.308,0.934,0.237,10.714,1.000,0.000,0.0000
1237.840,-96.457,8.383,0.308,0.947,0.227,10.714,1.000,0.000,0.0000
1237.850,-96.447,8.448,0.308,0.958,0.218,10.713,1.000,0.000,0.0000
1237.860,-96.437,8.513,0.308,0.968,0.208,10.713,1.000,0.000,0.0000
1237.870,-96.427,8.579,0.308,0.982,0.198,10.713,1.000,0.000,0.0000
1237.880,-96.417,8.646,0.308,0.996,0.188,10.712,1.000,0.000,0.0000
1237.890,-96.407,8.712,0.308,1.009,0.178,10.712,1.000,0.000,0.0000
1237.900,-96.397,8.780,0.308,1.021,0.168,10.712,1.000,0.000,0.0000
1237.910,-96.387,8.847,0.308,1.031,0.158,10.711,1.000,0.000,0.0000
1237.920,-96.376,8.916,0.308,1.041,0.148,10.711,1.000,0.000,0.0000
1237.930,-96.366,8.984,0.308,1.050,0.137,10.710,1.000,0.000,0.0000
1237.940,-96.355,9.053,0.308,1.058,0.127,10.710,1.000,0.000,0.0000
1237.950,-96.345,9.123,0.308,1.065,0.116,10.710,1.000,0.000,0.0000
1237.960,-96.334,9.193,0.308,1.072,0.106,10.709,1.000,0.000,0.0000
1237.970,-96.323,9.263,0.308,1.078,0.095,10.709,1.000,0.000,0.0000
1237.980,-96.312,9.334,0.308,1.084,0.084,10.708,1.000,0.000,0.0000
1237.990,-96.302,9.405,0.308,1.089,0.074,10.708,1.000,0.000,0.0000
1238.000,-96.291,9.477,0.309,1.094,0.063,10.707,1.000,0.000,0.0000
1238.010,-96.280,9.549,0.309,1.099,0.053,10.707,1.000,0.000,0.0000
1238.020,-96.269,9.621,0.309,1.103,0.043,10.706,1.000,0.000,0.0000
1238.030,-96.257,9.693,0.309,1.108,0.034,10.706,1.000,0.000,0.0000
1238.040,-96.246,9.766,0.310,1.110,0.026,10.705,1.000,0.000,0.0000
1238.050,-96.235,9.839,0.310,1.109,0.021,10.705,1.000,0.000,0.0000
1238.060,-96.224,9.912,0.310,1.110,0.021,10.704,1.000,0.000,0.0000
1238.070,-96.213,9.986,0.311,1.113,0.027,10.704,1.000,0.000,0.0000
1238.080,-96.202,10.060,0.311,1.117,0.035,10.703,1.000,0.000,0.0000
1238.090,-96.191,10.135,0.311,1.123,0.045,10.703,1.000,0.000,0.0000
1238.100,-96.179,10.210,0.311,1.129,0.055,10.702,1.000,0.000,0.0000
1238.110,-96.168,10.286,0.311,1.136,0.065,10.702,1.000,0.000,0.0000
1238.120,-96.157,10.362,0.311,1.143,0.076,10.702,1.000,0.000,0.0000
1238.130,-96.145,10.439,0.311,1.150,0.087,10.702,1.000,0.000,0.0000
1238.140,-96.134,10.516,0.311,1.157,0.099,10.702,1.000,0.000,0.0000
1238.150,-96.122,10.593,0.311,1.164,0.110,10.702,1.000,0.000,0.0000
1238.160,-96.110,10.671,0.311,1.171,0.122,10.701,1.000,0.000,0.0080
1238.170,-96.098,10.749,0.311,1.178,0.133,10.701,1.000,0.000,0.0160
1238.180,-96.087,10.828,0.311,1.186,0.145,10.701,1.000,0.000,0.0240
1238.190,-96.075,10.906,0.311,1.187,0.157,10.701,1.000,0.000,0.0320
1238.200,-96.063,10.985,0.311,1.195,0.169,10.701,1.000,0.000,0.0400
1238.210,-96.051,11.064,0.311,1.205,0.181,10.701,1.000,0.000,0.0480
1238.220,-96.039,11.143,0.311,1.217,0.193,10.701,1.000,0.000,0.0560
1238.230,-96.026,11.223,0.311,1.229,0.205,10.701,1.000,0.000,0.0640
1238.240,-96.014,11.303,0.311,1.242,0.217,10.701,1.000,0.000,0.0720
1238.250,-96.001,11.383,0.311,1.254,0.230,10.701,1.000,0.000,0.0800
1238.260,-95.989,11.464,0.311,1.267,0.242,10.701,1.000,0.000,0.0880
1238.270,-95.976,11.546,0.311,1.281,0.255,10.701,1.000,0.000,0.0960
1238.280,-95.963,11.628,0.311,1.294,0.268,10.701,1.000,0.000,0.1040
1238.290,-95.950,11.710,0.311,1.307,0.281,10.701,1.000,0.000,0.1120
1238.300,-95.937,11.792,0.311,1.321,0.294,10.701,1.000,0.000,0.1200
1238.310,-95.923,11.875,0.311,1.336,0.308,10.701,1.000,0.000,0.1280
1238.320,-95.910,11.958,0.311,1.351,0.321,10.701,1.000,0.000,0.1360
1238.330,-95.896,12.041,0.311,1.366,0.335,10.701,1.000,0.000,0.1440
1238.340,-95.882,12.124,0.311,1.395,0.349,10.702,1.000,0.000,0.1520
1238.350,-95.868,12.209,0.311,1.398,0.362,10.702,1.000,0.000,0.1600
1238.360,-95.854,12.294,0.311,1.437,0.377,10.702,1.000,0.000,0.1680
1238.370,-95.839,12.379,0.310,1.471,0.391,10.703,1.000,0.000,0.1760
1238.380,-95.824,12.466,0.310,1.501,0.406,10.703,1.000,0.000,0.1840
1238.390,-95.809,12.552,0.310,1.532,0.422,10.704,1.000,0.000,0.1920
1238.400,-95.793,12.640,0.309,1.563,0.437,10.705,0.940,0.000,0.2000
1238.410,-95.777,12.728,0.309,1.597,0.453,10.705,0.880,0.000,0.2080
1238.420,-95.761,12.816,0.309,1.630,0.470,10.706,0.820,0.000,0.2160
1238.430,-95.744,12.904,0.309,1.662,0.486,10.706,0.760,0.000,0.2240
1238.440,-95.727,12.992,0.309,1.695,0.503,10.707,0.700,0.000,0.2320
1238.450,-95.710,13.080,0.309,1.728,0.520,10.707,0.640,0.000,0.2400
1238.460,-95.692,13.167,0.309,1.777,0.538,10.707,0.580,0.000,0.2480
1238.470,-95.674,13.253,0.310,1.778,0.556,10.707,0.520,0.000,0.2560
1238.480,-95.657,13.338,0.311,1.789,0.574,10.706,0.460,0.000,0.2640
1238.490,-95.639,13.421,0.313,1.811,0.592,10.705,0.400,0.000,0.2720
1238.500,-95.620,13.504,0.314,1.841,0.610,10.704,0.340,0.000,0.2800
1238.510,-95.602,13.586,0.316,1.878,0.629,10.703,0.280,0.000,0.2880
1238.520,-95.582,13.667,0.318,1.916,0.648,10.702,0.220,0.000,0.2960
1238.530,-95.563,13.748,0.320,1.955,0.668,10.701,0.160,0.000,0.3040
1238.540,-95.543,13.828,0.321,1.993,0.688,10.701,0.100,0.000,0.3120
1238.550,-95.523,13.908,0.323,2.030,0.708,10.700,0.040,0.000,0.3200
1238.560,-95.502,13.987,0.324,2.066,0.729,10.699,0.000,0.000,0.3280
1238.570,-95.481,14.066,0.326,2.102,0.750,10.699,0.000,0.000,0.3360
1238.580,-95.460,14.144,0.327,2.136,0.771,10.698,0.000,0.000,0.3440
1238.590,-95.438,14.221,0.329,2.169,0.793,10.698,0.000,0.000,0.3520
1238.600,-95.416,14.297,0.330,2.201,0.815,10.698,0.000,0.000,0.3600
1238.610,-95.394,14.372,0.331,2.233,0.837,10.698,0.000,0.000,0.3680
1238.620,-95.372,14.447,0.332,2.246,0.859,10.699,0.000,0.000,0.3760
1238.630,-95.349,14.522,0.333,2.275,0.882,10.699,0.000,0.000,0.3840
1238.640,-95.325,14.597,0.333,2.369,0.906,10.700,0.000,0.000,0.3920
1238.650,-95.301,14.672,0.333,2.435,0.930,10.702,0.000,0.000,0.4000
1238.660,-95.276,14.746,0.333,2.486,0.955,10.703,0.000,0.000,0.3700
1238.670,-95.251,14.820,0.333,2.521,0.980,10.705,0.000,0.000,0.3400
1238.680,-95.225,14.893,0.333,2.551,1.006,10.707,0.000,0.000,0.3100
1238.690,-95.199,14.965,0.333,2.582,1.031,10.709,0.000,0.000,0.2800
1238.700,-95.173,15.035,0.333,2.612,1.058,10.711,0.000,0.000,0.2500
1238.710,-95.147,15.104,0.333,2.639,1.084,10.713,0.000,0.000,0.2200
1238.720,-95.120,15.173,0.333,2.665,1.111,10.715,0.000,0.000,0.1900
1238.730,-95.093,15.241,0.333,2.698,1.138,10.717,0.000,0.000,0.1600
1238.740,-95.066,15.309,0.333,2.733,1.165,10.720,0.000,0.000,0.1300
1238.750,-95.038,15.376,0.332,2.785,1.193,10.723,0.000,0.000,0.1000
1238.760,-95.010,15.444,0.332,2.848,1.221,10.726,0.000,0.000,0.0700
1238.770,-94.981,15.512,0.331,2.911,1.250,10.730,0.000,0.000,0.0400
1238.780,-94.951,15.580,0.329,2.969,1.280,10.734,0.000,0.000,0.0100
1238.790,-94.921,15.649,0.328,3.021,1.310,10.738,0.000,0.000,0.0000
1238.800,-94.890,15.717,0.327,3.064,1.340,10.743,0.000,0.000,0.0000
1238.810,-94.859,15.785,0.325,3.097,1.371,10.748,0.000,0.000,0.0000
1238.820,-94.828,15.852,0.324,3.120,1.402,10.752,0.000,0.000,0.0000
1238.830,-94.797,15.920,0.322,3.131,1.434,10.757,0.000,0.000,0.0000
1238.840,-94.765,15.987,0.321,3.133,1.465,10.762,0.000,0.000,0.0000
1238.850,-94.734,16.053,0.320,3.131,1.496,10.767,0.000,0.000,0.0000
1238.860,-94.703,16.120,0.319,3.127,1.527,10.772,0.000,0.000,0.0000
1238.870,-94.672,16.186,0.318,3.121,1.559,10.776,0.000,0.000,0.0000
1238.880,-94.641,16.251,0.317,3.113,1.590,10.781,0.000,0.000,0.0000
1238.890,-94.610,16.317,0.316,3.102,1.621,10.786,0.000,0.000,0.0000
1238.900,-94.579,16.382,0.316,3.090,1.652,10.790,0.000,0.000,0.0000
1238.910,-94.548,16.446,0.316,3.075,1.682,10.794,0.000,0.000,0.0000
1238.920,-94.517,16.510,0.316,3.052,1.713,10.799,0.000,0.000,0.0000
1238.930,-94.487,16.573,0.316,3.029,1.743,10.803,0.000,0.000,0.0000
1238.940,-94.457,16.636,0.316,3.006,1.773,10.807,0.000,0.000,0.0000
1238.950,-94.427,16.699,0.316,2.967,1.803,10.811,0.000,0.000,0.0000
1238.960,-94.398,16.761,0.317,2.935,1.832,10.814,0.000,0.000,0.0000
1238.970,-94.369,16.822,0.318,2.911,1.861,10.818,0.040,0.000,0.0000
1238.980,-94.340,16.883,0.318,2.893,1.890,10.822,0.080,0.000,0.0000
1238.990,-94.311,16.944,0.319,2.878,1.919,10.826,0.120,0.000,0.0000
1239.000,-94.283,17.004,0.320,2.864,1.948,10.829,0.160,0.000,0.0000
1239.010,-94.254,17.065,0.320,2.851,1.976,10.833,0.200,0.000,0.0000
1239.020,-94.226,17.125,0.321,2.839,2.005,10.837,0.240,0.000,0.0000
1239.030,-94.197,17.184,0.322,2.826,2.033,10.841,0.280,0.000,0.0000
1239.040,-94.169,17.244,0.322,2.813,2.061,10.845,0.320,0.000,0.0000
1239.050,-94.141,17.303,0.323,2.800,2.089,10.850,0.360,0.000,0.0000
1239.060,-94.113,17.361,0.323,2.787,2.117,10.854,0.400,0.000,0.0000
1239.070,-94.086,17.420,0.324,2.773,2.145,10.858,0.440,0.000,0.0000
1239.080,-94.058,17.478,0.324,2.759,2.172,10.863,0.480,0.000,0.0000
1239.090,-94.031,17.535,0.325,2.746,2.200,10.867,0.520,0.000,0.0000
1239.100,-94.003,17.592,0.325,2.732,2.227,10.872,0.560,0.000,0.0000
1239.110,-93.976,17.649,0.326,2.726,2.254,10.876,0.600,0.000,0.0000
1239.120,-93.949,17.706,0.326,2.728,2.281,10.881,0.640,0.000,0.0000
1239.130,-93.921,17.762,0.326,2.737,2.309,10.887,0.680,0.000,0.0000
1239.140,-93.894,17.819,0.326,2.748,2.336,10.892,0.720,0.000,0.0000
1239.150,-93.866,17.876,0.325,2.766,2.364,10.898,0.760,0.000,0.0000
1239.160,-93.838,17.934,0.325,2.788,2.392,10.904,0.800,0.000,0.0000
1239.170,-93.810,17.992,0.324,2.811,2.420,10.910,0.840,0.000,0.0000
1239.180,-93.782,18.050,0.323,2.835,2.448,10.917,0.880,0.000,0.0000
1239.190,-93.753,18.108,0.322,2.859,2.477,10.924,0.920,0.000,0.0000
1239.200,-93.725,18.167,0.321,2.881,2.506,10.931,0.960,0.000,0.0000
1239.210,-93.696,18.226,0.320,2.902,2.535,10.938,1.000,0.000,0.0000
1239.220,-93.666,18.286,0.318,2.922,2.564,10.945,1.000,0.000,0.0000
1239.230,-93.637,18.346,0.317,2.942,2.593,10.953,1.000,0.000,0.0000
1239.240,-93.608,18.406,0.316,2.960,2.623,10.961,1.000,0.000,0.0000
1239.250,-93.578,18.467,0.314,2.977,2.652,10.969,1.000,0.000,0.0000
1239.260,-93.548,18.528,0.313,2.994,2.682,10.977,1.000,0.000,0.0000
1239.270,-93.518,18.590,0.312,3.010,2.712,10.985,1.000,0.000,0.0080
1239.280,-93.488,18.652,0.310,3.024,2.743,10.993,1.000,0.000,0.0160
1239.290,-93.457,18.714,0.309,3.039,2.773,11.001,1.000,0.000,0.0240
1239.300,-93.427,18.777,0.308,3.050,2.803,11.009,1.000,0.000,0.0320
1239.310,-93.396,18.840,0.308,3.062,2.834,11.017,1.000,0.000,0.0400
1239.320,-93.365,18.903,0.307,3.080,2.865,11.025,1.000,0.000,0.0480
1239.330,-93.334,18.967,0.306,3.090,2.896,11.033,1.000,0.000,0.0560
1239.340,-93.303,19.031,0.306,3.116,2.927,11.041,1.000,0.000,0.0640
1239.350,-93.272,19.095,0.305,3.142,2.958,11.049,1.000,0.000,0.0720
1239.360,-93.240,19.161,0.305,3.168,2.990,11.057,1.000,0.000,0.0800
1239.370,-93.208,19.226,0.304,3.193,3.022,11.066,1.000,0.000,0.0880
1239.380,-93.176,19.292,0.304,3.219,3.054,11.074,1.000,0.000,0.0960
1239.390,-93.144,19.359,0.304,3.246,3.086,11.083,1.000,0.000,0.1040
1239.400,-93.111,19.426,0.304,3.273,3.119,11.091,1.000,0.000,0.1120
1239.410,-93.078,19.493,0.304,3.300,3.152,11.100,1.000,0.000,0.1200
1239.420,-93.045,19.561,0.304,3.328,3.185,11.108,1.000,0.000,0.1280
1239.430,-93.011,19.629,0.304,3.357,3.219,11.117,1.000,0.000,0.1360
1239.440,-92.977,19.697,0.305,3.381,3.253,11.126,1.000,0.000,0.1440
1239.450,-92.943,19.765,0.305,3.403,3.287,11.135,1.000,0.000,0.1520
1239.460,-92.909,19.833,0.306,3.426,3.321,11.144,1.000,0.000,0.1600
1239.470,-92.874,19.901,0.306,3.451,3.356,11.153,1.000,0.000,0.1680
1239.480,-92.840,19.969,0.307,3.444,3.390,11.162,1.000,0.000,0.1760
1239.490,-92.805,20.037,0.308,3.454,3.425,11.171,1.000,0.000,0.1840
1239.500,-92.771,20.105,0.309,3.478,3.459,11.180,1.000,0.000,0.1920
1239.510,-92.736,20.173,0.310,3.511,3.494,11.189,1.000,0.000,0.2000
1239.520,-92.700,20.242,0.311,3.548,3.530,11.199,1.000,0.000,0.2080
1239.530,-92.664,20.310,0.311,3.587,3.566,11.208,1.000,0.000,0.2160
1239.540,-92.628,20.379,0.312,3.627,3.602,11.219,1.000,0.000,0.2240
1239.550,-92.591,20.448,0.313,3.668,3.639,11.229,1.000,0.000,0.1940
1239.560,-92.554,20.517,0.313,3.715,3.676,11.240,1.000,0.000,0.1640
1239.570,-92.517,20.586,0.314,3.767,3.714,11.251,1.000,0.000,0.1340
1239.580,-92.478,20.656,0.314,3.823,3.752,11.263,1.000,0.000,0.1040
1239.590,-92.439,20.726,0.314,3.881,3.791,11.275,1.000,0.000,0.0740
1239.600,-92.400,20.797,0.314,3.931,3.830,11.287,1.000,0.000,0.0440
1239.610,-92.360,20.868,0.314,3.981,3.870,11.300,1.000,0.000,0.0140
1239.620,-92.320,20.939,0.314,4.030,3.910,11.313,1.000,0.000,0.0000
1239.630,-92.279,21.010,0.314,4.077,3.951,11.327,1.000,0.000,0.0000
1239.640,-92.238,21.081,0.314,4.109,3.992,11.340,1.000,0.000,0.0000
1239.650,-92.197,21.153,0.314,4.140,4.033,11.354,1.000,0.000,0.0000
1239.660,-92.155,21.224,0.313,4.177,4.075,11.369,1.000,0.000,0.0000
1239.670,-92.113,21.297,0.313,4.217,4.117,11.383,1.000,0.000,0.0000
1239.680,-92.070,21.369,0.313,4.259,4.160,11.398,1.000,0.000,0.0000
1239.690,-92.027,21.442,0.312,4.300,4.203,11.413,1.000,0.000,0.0000
1239.700,-91.984,21.515,0.312,4.339,4.246,11.429,1.000,0.000,0.0000
1239.710,-91.940,21.589,0.312,4.377,4.290,11.445,1.000,0.000,0.0000
1239.720,-91.896,21.663,0.311,4.413,4.334,11.461,1.000,0.000,0.0000
1239.730,-91.852,21.737,0.311,4.446,4.379,11.477,1.000,0.000,0.0000
1239.740,-91.807,21.812,0.310,4.476,4.423,11.494,1.000,0.000,0.0000
1239.750,-91.762,21.887,0.310,4.504,4.468,11.511,1.000,0.000,0.0000
1239.760,-91.716,21.963,0.309,4.532,4.514,11.528,1.000,0.000,0.0000
1239.770,-91.671,22.038,0.309,4.565,4.559,11.545,1.000,0.000,0.0000
1239.780,-91.625,22.114,0.309,4.598,4.605,11.563,1.000,0.000,0.0000
1239.790,-91.578,22.191,0.308,4.631,4.652,11.581,1.000,0.000,0.0000
1239.800,-91.532,22.268,0.308,4.663,4.698,11.599,1.000,0.000,0.0000
1239.810,-91.485,22.345,0.308,4.693,4.745,11.617,1.000,0.000,0.0000
1239.820,-91.438,22.423,0.308,4.720,4.792,11.636,1.000,0.000,0.0000
1239.830,-91.390,22.501,0.307,4.746,4.840,11.655,1.000,0.000,0.0000
1239.840,-91.343,22.579,0.307,4.769,4.887,11.674,1.000,0.000,0.0000
1239.850,-91.295,22.658,0.307,4.790,4.935,11.693,1.000,0.000,0.0000
1239.860,-91.247,22.737,0.307,4.809,4.983,11.713,1.000,0.000,0.0000
1239.870,-91.198,22.816,0.307,4.825,5.032,11.732,1.000,0.000,0.0000
1239.880,-91.150,22.896,0.307,4.838,5.080,11.752,1.000,0.000,0.0000
1239.890,-91.101,22.975,0.308,4.848,5.129,11.772,1.000,0.000,0.0000
1239.900,-91.053,23.055,0.308,4.861,5.177,11.792,1.000,0.000,0.0000
1239.910,-91.004,23.136,0.308,4.881,5.226,11.812,1.000,0.000,0.0000
1239.920,-90.955,23.216,0.308,4.905,5.275,11.833,1.000,0.000,0.0000
1239.930,-90.906,23.297,0.309,4.931,5.324,11.854,1.000,0.000,0.0000
1239.940,-90.856,23.379,0.309,4.958,5.374,11.875,1.000,0.000,0.0000
1239.950,-90.806,23.461,0.309,4.984,5.424,11.896,1.000,0.000,0.0000
1239.960,-90.756,23.544,0.309,5.008,5.474,11.918,1.000,0.000,0.0000
1239.970,-90.706,23.626,0.309,5.030,5.524,11.940,1.000,0.000,0.0080
1239.980,-90.655,23.709,0.310,5.051,5.575,11.963,1.000,0.000,0.0160
1239.990,-90.605,23.793,0.310,5.069,5.625,11.985,1.000,0.000,0.0240
1240.000,-90.554,23.876,0.310,5.088,5.676,12.008,1.000,0.000,0.0320
1240.010,-90.503,23.960,0.310,5.107,5.727,12.031,1.000,0.000,0.0400
1240.020,-90.452,24.044,0.311,5.116,5.778,12.054,1.000,0.000,0.0480
1240.030,-90.400,24.128,0.311,5.135,5.830,12.078,1.000,0.000,0.0560
1240.040,-90.349,24.213,0.311,5.160,5.881,12.102,1.000,0.000,0.0640
1240.050,-90.297,24.297,0.311,5.188,5.933,12.126,0.940,0.000,0.0720
1240.060,-90.245,24.382,0.311,5.219,5.985,12.150,0.880,0.000,0.0800
1240.070,-90.192,24.467,0.312,5.238,6.038,12.175,0.820,0.000,0.0880
1240.080,-90.140,24.553,0.312,5.244,6.090,12.200,0.760,0.000,0.0960
1240.090,-90.087,24.637,0.312,5.240,6.143,12.225,0.700,0.000,0.1040
1240.100,-90.035,24.722,0.313,5.229,6.195,12.250,0.640,0.000,0.1120
1240.110,-89.983,24.805,0.314,5.213,6.247,12.274,0.580,0.000,0.1200
1240.120,-89.931,24.889,0.314,5.198,6.299,12.299,0.520,0.000,0.1280
1240.130,-89.879,24.972,0.315,5.187,6.351,12.324,0.460,0.000,0.1360
1240.140,-89.827,25.055,0.316,5.205,6.403,12.349,0.400,0.000,0.1440
1240.150,-89.775,25.138,0.317,5.218,6.455,12.375,0.340,0.000,0.1520
1240.160,-89.723,25.221,0.318,5.229,6.507,12.401,0.280,0.000,0.1600
1240.170,-89.670,25.303,0.318,5.237,6.560,12.427,0.220,0.000,0.1680
1240.180,-89.618,25.385,0.319,5.243,6.612,12.453,0.160,0.000,0.1760
1240.190,-89.565,25.467,0.320,5.249,6.665,12.479,0.100,0.000,0.1840
1240.200,-89.513,25.548,0.321,5.253,6.717,12.506,0.040,0.000,0.1920
1240.210,-89.460,25.629,0.321,5.253,6.770,12.532,0.000,0.000,0.2000
1240.220,-89.408,25.708,0.322,5.245,6.822,12.559,0.000,0.000,0.2080
1240.230,-89.356,25.786,0.323,5.237,6.875,12.585,0.000,0.000,0.2160
1240.240,-89.303,25.863,0.324,5.229,6.927,12.612,0.000,0.000,0.2240
1240.250,-89.252,25.940,0.326,5.171,6.979,12.639,0.000,0.000,0.2320
1240.260,-89.200,26.016,0.327,5.137,7.030,12.665,0.000,0.000,0.2400
1240.270,-89.149,26.090,0.328,5.125,7.081,12.692,0.000,0.000,0.2480
1240.280,-89.098,26.164,0.329,5.127,7.132,12.719,0.000,0.000,0.2560
1240.290,-89.046,26.237,0.330,5.137,7.184,12.746,0.000,0.000,0.2640
1240.300,-88.995,26.310,0.331,5.151,7.235,12.773,0.000,0.000,0.2720
1240.310,-88.943,26.382,0.332,5.165,7.287,12.801,0.000,0.000,0.2800
1240.320,-88.891,26.453,0.332,5.178,7.339,12.829,0.000,0.000,0.2880
1240.330,-88.840,26.524,0.333,5.189,7.391,12.858,0.000,0.000,0.2960
1240.340,-88.788,26.594,0.333,5.197,7.443,12.886,0.000,0.000,0.3040
1240.350,-88.736,26.663,0.333,5.199,7.495,12.915,0.000,0.000,0.3120
1240.360,-88.684,26.731,0.333,5.194,7.547,12.945,0.000,0.000,0.3200
1240.370,-88.632,26.798,0.333,5.186,7.598,12.974,0.000,0.000,0.3280
1240.380,-88.580,26.865,0.333,5.186,7.650,13.003,0.000,0.000,0.3360
1240.390,-88.528,26.931,0.333,5.201,7.702,13.033,0.000,0.000,0.3440
1240.400,-88.476,26.997,0.333,5.220,7.754,13.064,0.000,0.000,0.3520
1240.410,-88.423,27.063,0.332,5.308,7.808,13.095,0.000,0.000,0.3600
1240.420,-88.369,27.128,0.332,5.338,7.861,13.126,0.000,0.000,0.3680
1240.430,-88.316,27.192,0.331,5.355,7.914,13.158,0.000,0.000,0.3760
1240.440,-88.262,27.255,0.330,5.355,7.968,13.190,0.000,0.000,0.3840
1240.450,-88.209,27.317,0.330,5.337,8.021,13.222,0.000,0.000,0.3920
1240.460,-88.156,27.377,0.330,5.302,8.074,13.253,0.000,0.000,0.4000
1240.470,-88.103,27.437,0.330,5.268,8.127,13.284,0.000,0.000,0.4080
1240.480,-88.051,27.495,0.330,5.236,8.179,13.315,0.000,0.000,0.4160
1240.490,-87.999,27.552,0.330,5.213,8.232,13.346,0.000,0.000,0.4240
1240.500,-87.947,27.608,0.330,5.198,8.283,13.378,0.000,0.000,0.4320
1240.510,-87.895,27.663,0.330,5.181,8.335,13.409,0.000,0.000,0.4020
1240.520,-87.843,27.717,0.331,5.165,8.387,13.440,0.000,0.000,0.3720
1240.530,-87.791,27.771,0.331,5.176,8.439,13.471,0.000,0.000,0.3420
1240.540,-87.739,27.823,0.331,5.199,8.491,13.503,0.000,0.000,0.3120
1240.550,-87.687,27.876,0.331,5.233,8.543,13.535,0.000,0.000,0.2820
1240.560,-87.634,27.927,0.331,5.273,8.596,13.567,0.000,0.000,0.2520
1240.570,-87.581,27.978,0.330,5.317,8.649,13.601,0.000,0.000,0.2220
1240.580,-87.528,28.029,0.330,5.364,8.703,13.634,0.000,0.000,0.1920
1240.590,-87.473,28.079,0.329,5.413,8.757,13.669,0.000,0.000,0.1620
1240.600,-87.419,28.129,0.328,5.463,8.811,13.703,0.000,0.000,0.1320
1240.610,-87.364,28.179,0.327,5.514,8.866,13.739,0.000,0.000,0.1020
1240.620,-87.308,28.228,0.326,5.566,8.922,13.775,0.000,0.000,0.0720
1240.630,-87.252,28.278,0.325,5.617,8.978,13.811,0.000,0.000,0.0420
1240.640,-87.196,28.326,0.324,5.635,9.035,13.848,0.000,0.000,0.0120
1240.650,-87.139,28.374,0.323,5.651,9.091,13.885,0.000,0.000,0.0000
1240.660,-87.082,28.422,0.321,5.669,9.148,13.922,0.000,0.000,0.0000
1240.670,-87.025,28.470,0.320,5.687,9.205,13.959,0.000,0.000,0.0000
1240.680,-86.968,28.517,0.319,5.707,9.262,13.997,0.000,0.000,0.0000
1240.690,-86.911,28.564,0.318,5.696,9.319,14.034,0.000,0.000,0.0000
1240.700,-86.855,28.611,0.318,5.682,9.375,14.072,0.040,0.000,0.0000
1240.710,-86.798,28.657,0.317,5.671,9.432,14.109,0.080,0.000,0.0000
1240.720,-86.741,28.704,0.316,5.662,9.489,14.146,0.120,0.000,0.0000
1240.730,-86.685,28.750,0.316,5.654,9.545,14.184,0.160,0.000,0.0000
1240.740,-86.628,28.796,0.316,5.643,9.602,14.221,0.200,0.000,0.0000
1240.750,-86.572,28.842,0.315,5.641,9.658,14.259,0.240,0.000,0.0000
1240.760,-86.516,28.887,0.315,5.635,9.714,14.296,0.280,0.000,0.0000
1240.770,-86.459,28.933,0.315,5.625,9.771,14.334,0.320,0.000,0.0000
1240.780,-86.403,28.978,0.315,5.610,9.827,14.371,0.360,0.000,0.0000
1240.790,-86.347,29.023,0.315,5.591,9.883,14.408,0.400,0.000,0.0000
1240.800,-86.292,29.068,0.315,5.569,9.938,14.445,0.440,0.000,0.0000
1240.810,-86.236,29.113,0.316,5.553,9.994,14.483,0.480,0.000,0.0000
1240.820,-86.181,29.157,0.316,5.537,10.049,14.520,0.520,0.000,0.0000
1240.830,-86.126,29.201,0.316,5.517,10.104,14.557,0.560,0.000,0.0000
1240.840,-86.071,29.245,0.317,5.496,10.159,14.594,0.600,0.000,0.0000
1240.850,-86.016,29.289,0.317,5.472,10.214,14.631,0.640,0.000,0.0000
1240.860,-85.961,29.333,0.318,5.464,10.269,14.668,0.680,0.000,0.0000
1240.870,-85.907,29.376,0.318,5.470,10.323,14.705,0.720,0.000,0.0000
1240.880,-85.852,29.420,0.319,5.488,10.378,14.742,0.760,0.000,0.0000
1240.890,-85.797,29.464,0.319,5.513,10.433,14.780,0.800,0.000,0.0000
1240.900,-85.741,29.508,0.319,5.541,10.489,14.818,0.840,0.000,0.0000
1240.910,-85.685,29.552,0.319,5.571,10.545,14.857,0.880,0.000,0.0000
1240.920,-85.630,29.597,0.319,5.595,10.601,14.896,0.920,0.000,0.0000
1240.930,-85.573,29.641,0.318,5.617,10.657,14.935,0.960,0.000,0.0000
1240.940,-85.517,29.686,0.318,5.642,10.713,14.975,1.000,0.000,0.0000
1240.950,-85.460,29.731,0.318,5.669,10.770,15.015,1.000,0.000,0.0000
1240.960,-85.403,29.777,0.317,5.698,10.827,15.056,1.000,0.000,0.0000
1240.970,-85.346,29.822,0.317,5.720,10.884,15.096,1.000,0.000,0.0000
1240.980,-85.289,29.868,0.316,5.745,10.941,15.137,1.000,0.000,0.0000
1240.990,-85.231,29.914,0.315,5.775,10.999,15.179,1.000,0.000,0.0000
1241.000,-85.173,29.960,0.315,5.809,11.057,15.220,1.000,0.000,0.0000
1241.010,-85.114,30.007,0.314,5.845,11.116,15.263,1.000,0.000,0.0000
1241.020,-85.056,30.053,0.313,5.882,11.174,15.305,1.000,0.000,0.0000
1241.030,-84.996,30.101,0.312,5.919,11.234,15.348,1.000,0.000,0.0000
1241.040,-84.937,30.148,0.312,5.956,11.293,15.391,1.000,0.000,0.0000
1241.050,-84.877,30.196,0.311,5.992,11.353,15.435,1.000,0.000,0.0000
1241.060,-84.817,30.243,0.310,6.027,11.413,15.479,1.000,0.000,0.0000
1241.070,-84.756,30.291,0.310,6.060,11.474,15.523,1.000,0.000,0.0000
1241.080,-84.695,30.340,0.309,6.088,11.535,15.568,1.000,0.000,0.0000
1241.090,-84.634,30.388,0.309,6.119,11.596,15.612,0.940,0.000,0.0000
1241.100,-84.572,30.437,0.308,6.151,11.658,15.658,0.880,0.000,0.0000
1241.110,-84.511,30.486,0.308,6.184,11.719,15.703,0.820,0.000,0.0000
1241.120,-84.448,30.535,0.308,6.219,11.782,15.749,0.760,0.000,0.0000
1241.130,-84.386,30.584,0.307,6.247,11.844,15.795,0.700,0.000,0.0000
1241.140,-84.323,30.634,0.307,6.262,11.907,15.841,0.640,0.000,0.0000
1241.150,-84.261,30.683,0.307,6.263,11.969,15.887,0.580,0.000,0.0000
1241.160,-84.198,30.732,0.307,6.255,12.032,15.933,0.520,0.000,0.0000
1241.170,-84.136,30.781,0.308,6.238,12.094,15.979,0.460,0.000,0.0000
1241.180,-84.074,30.830,0.309,6.217,12.156,16.025,0.400,0.000,0.0080
1241.190,-84.012,30.879,0.309,6.190,12.218,16.071,0.340,0.000,0.0160
1241.200,-83.950,30.927,0.310,6.159,12.280,16.116,0.280,0.000,0.0240
1241.210,-83.889,30.975,0.311,6.125,12.341,16.161,0.220,0.000,0.0320
1241.220,-83.828,31.023,0.313,6.089,12.402,16.206,0.160,0.000,0.0400
1241.230,-83.768,31.071,0.314,6.052,12.462,16.251,0.100,0.000,0.0480
1241.240,-83.707,31.118,0.315,6.019,12.523,16.295,0.040,0.000,0.0560
1241.250,-83.647,31.165,0.317,5.988,12.583,16.339,0.000,0.000,0.0640
1241.260,-83.588,31.212,0.318,5.958,12.642,16.384,0.000,0.000,0.0720
1241.270,-83.529,31.259,0.319,5.928,12.701,16.428,0.000,0.000,0.0800
1241.280,-83.470,31.305,0.321,5.911,12.760,16.472,0.000,0.000,0.0880
1241.290,-83.411,31.351,0.322,5.892,12.819,16.516,0.000,0.000,0.0960
1241.300,-83.352,31.397,0.323,5.873,12.878,16.560,0.000,0.000,0.1040
1241.310,-83.293,31.443,0.324,5.852,12.937,16.604,0.000,0.000,0.1120
1241.320,-83.235,31.489,0.325,5.830,12.995,16.648,0.000,0.000,0.1200
1241.330,-83.177,31.534,0.326,5.807,13.053,16.692,0.000,0.000,0.1280
1241.340,-83.119,31.580,0.326,5.783,13.111,16.736,0.000,0.000,0.1360
1241.350,-83.062,31.624,0.327,5.759,13.168,16.780,0.000,0.000,0.1440
1241.360,-83.004,31.669,0.327,5.734,13.226,16.824,0.000,0.000,0.1520
1241.370,-82.947,31.713,0.328,5.689,13.283,16.868,0.000,0.000,0.1600
1241.380,-82.891,31.756,0.329,5.645,13.339,16.911,0.000,0.000,0.1680
1241.390,-82.835,31.798,0.329,5.603,13.395,16.954,0.000,0.000,0.1760
1241.400,-82.779,31.841,0.329,5.567,13.451,16.997,0.000,0.000,0.1840
1241.410,-82.724,31.882,0.330,5.536,13.506,17.040,0.000,0.000,0.1920
1241.420,-82.669,31.923,0.330,5.485,13.561,17.083,0.000,0.000,0.2000
1241.430,-82.615,31.964,0.330,5.443,13.615,17.125,0.000,0.000,0.2080
1241.440,-82.561,32.004,0.331,5.399,13.669,17.167,0.000,0.000,0.2160
1241.450,-82.507,32.043,0.331,5.356,13.723,17.209,0.000,0.000,0.2240
1241.460,-82.454,32.082,0.331,5.312,13.776,17.251,0.000,0.000,0.2320
1241.470,-82.401,32.121,0.331,5.277,13.829,17.292,0.000,0.000,0.2400
1241.480,-82.349,32.159,0.331,5.247,13.881,17.333,0.000,0.000,0.2480
1241.490,-82.297,32.196,0.331,5.220,13.934,17.375,0.000,0.000,0.2560
1241.500,-82.245,32.233,0.331,5.195,13.985,17.416,0.000,0.000,0.2640
1241.510,-82.193,32.270,0.330,5.170,14.037,17.457,0.000,0.000,0.2720
1241.520,-82.141,32.306,0.330,5.145,14.089,17.498,0.000,0.000,0.2800
1241.530,-82.090,32.341,0.330,5.119,14.140,17.538,0.000,0.000,0.2880
1241.540,-82.039,32.376,0.329,5.092,14.191,17.579,0.000,0.000,0.2960
1241.550,-81.989,32.411,0.329,5.064,14.241,17.619,0.000,0.000,0.3040
1241.560,-81.938,32.445,0.328,5.035,14.292,17.660,0.000,0.000,0.3120
1241.570,-81.888,32.479,0.328,5.026,14.342,17.700,0.000,0.000,0.3200
1241.580,-81.838,32.513,0.327,5.020,14.392,17.741,0.000,0.000,0.3280
1241.590,-81.788,32.546,0.327,5.012,14.442,17.781,0.000,0.000,0.3360
1241.600,-81.738,32.579,0.326,4.998,14.492,17.821,0.000,0.000,0.3440
1241.610,-81.688,32.612,0.325,4.980,14.542,17.862,0.000,0.000,0.3520
1241.620,-81.638,32.644,0.325,4.957,14.592,17.902,0.000,0.000,0.3600
1241.630,-81.589,32.676,0.324,4.931,14.641,17.942,0.000,0.000,0.3680
1241.640,-81.540,32.707,0.324,4.903,14.690,17.981,0.000,0.000,0.3760
1241.650,-81.491,32.737,0.323,4.874,14.739,18.021,0.000,0.000,0.3840
1241.660,-81.442,32.767,0.323,4.902,14.788,18.060,0.000,0.000,0.3920
1241.670,-81.393,32.796,0.323,4.915,14.837,18.100,0.000,0.000,0.4000
1241.680,-81.344,32.826,0.322,4.912,14.886,18.140,0.000,0.000,0.4080
1241.690,-81.295,32.854,0.322,4.883,14.935,18.180,0.000,0.000,0.4160
1241.700,-81.247,32.882,0.322,4.837,14.983,18.219,0.000,0.000,0.4240
1241.710,-81.199,32.909,0.322,4.778,15.031,18.258,0.000,0.000,0.4320
1241.720,-81.152,32.935,0.322,4.711,15.078,18.296,0.000,0.000,0.4400
1241.730,-81.106,32.960,0.323,4.641,15.124,18.333,0.000,0.000,0.4480
1241.740,-81.060,32.985,0.323,4.571,15.170,18.370,0.000,0.000,0.4560
1241.750,-81.015,33.008,0.324,4.512,15.215,18.406,0.000,0.000,0.4640
1241.760,-80.970,33.031,0.325,4.468,15.260,18.442,0.000,0.000,0.4720
1241.770,-80.926,33.054,0.325,4.434,15.304,18.478,0.000,0.000,0.4800
1241.780,-80.882,33.076,0.326,4.403,15.348,18.514,0.000,0.000,0.4880
1241.790,-80.838,33.098,0.327,4.372,15.392,18.549,0.000,0.000,0.4960
1241.800,-80.795,33.119,0.327,4.339,15.435,18.584,0.000,0.000,0.5000
1241.810,-80.752,33.139,0.328,4.306,15.478,18.619,0.000,0.000,0.5000
1241.820,-80.709,33.159,0.328,4.274,15.521,18.654,0.000,0.000,0.5000
1241.830,-80.666,33.179,0.329,4.244,15.564,18.688,0.000,0.000,0.5000
1241.840,-80.624,33.198,0.329,4.215,15.606,18.723,0.000,0.000,0.5000
1241.850,-80.582,33.217,0.329,4.182,15.648,18.757,0.000,0.000,0.5000
1241.860,-80.541,33.235,0.329,4.153,15.689,18.791,0.000,0.000,0.5000
1241.870,-80.500,33.252,0.329,4.126,15.730,18.825,0.000,0.000,0.5000
1241.880,-80.459,33.270,0.329,4.099,15.771,18.859,0.000,0.000,0.5000
1241.890,-80.418,33.287,0.329,4.067,15.812,18.892,0.000,0.000,0.5000
1241.900,-80.378,33.303,0.329,4.036,15.852,18.926,0.000,0.000,0.5000
1241.910,-80.338,33.319,0.329,4.006,15.893,18.959,0.000,0.000,0.5000
1241.920,-80.298,33.335,0.329,3.977,15.932,18.992,0.000,0.000,0.5000
1241.930,-80.258,33.350,0.328,3.950,15.972,19.025,0.000,0.000,0.5000
1241.940,-80.219,33.365,0.328,3.922,16.011,19.058,0.000,0.000,0.5000
1241.950,-80.180,33.380,0.327,3.895,16.050,19.090,0.000,0.000,0.5000
1241.960,-80.141,33.394,0.327,3.875,16.089,19.122,0.000,0.000,0.5000
1241.970,-80.103,33.408,0.326,3.853,16.127,19.155,0.000,0.000,0.5000
1241.980,-80.064,33.422,0.326,3.835,16.166,19.187,0.000,0.000,0.5000
1241.990,-80.026,33.435,0.325,3.819,16.204,19.219,0.000,0.000,0.4700
1242.000,-79.988,33.448,0.325,3.807,16.242,19.251,0.000,0.000,0.4400
1242.010,-79.950,33.461,0.324,3.796,16.280,19.283,0.000,0.000,0.4100
1242.020,-79.912,33.473,0.323,3.779,16.318,19.315,0.000,0.000,0.3800
1242.030,-79.875,33.486,0.323,3.758,16.355,19.346,0.000,0.000,0.3500
1242.040,-79.838,33.497,0.322,3.735,16.392,19.378,0.000,0.000,0.3200
1242.050,-79.800,33.509,0.322,3.713,16.430,19.409,0.000,0.000,0.2900
1242.060,-79.764,33.520,0.321,3.693,16.467,19.440,0.000,0.000,0.2600
1242.070,-79.727,33.531,0.321,3.674,16.503,19.471,0.000,0.000,0.2300
1242.080,-79.690,33.541,0.321,3.651,16.540,19.502,0.000,0.000,0.2000
1242.090,-79.654,33.551,0.320,3.628,16.576,19.532,0.000,0.000,0.1700
1242.100,-79.618,33.561,0.320,3.605,16.612,19.562,0.000,0.000,0.1400
1242.110,-79.582,33.571,0.320,3.581,16.648,19.592,0.000,0.000,0.1100
1242.120,-79.547,33.581,0.320,3.560,16.683,19.622,0.000,0.000,0.0800
1242.130,-79.511,33.590,0.320,3.542,16.719,19.652,0.000,0.000,0.0500
1242.140,-79.476,33.599,0.320,3.524,16.754,19.682,0.000,0.000,0.0200
1242.150,-79.441,33.608,0.320,3.507,16.789,19.711,0.000,0.000,0.0000
1242.160,-79.406,33.617,0.320,3.493,16.824,19.740,0.000,0.000,0.0000
1242.170,-79.371,33.626,0.320,3.486,16.859,19.770,0.000,0.000,0.0000
1242.180,-79.336,33.635,0.320,3.483,16.894,19.799,0.000,0.000,0.0000
1242.190,-79.301,33.643,0.320,3.481,16.929,19.828,0.000,0.000,0.0000
1242.200,-79.267,33.652,0.320,3.477,16.963,19.858,0.000,0.000,0.0000
1242.210,-79.232,33.660,0.320,3.469,16.998,19.887,0.000,0.000,0.0000
1242.220,-79.197,33.668,0.319,3.458,17.033,19.916,0.000,0.000,0.0000
1242.230,-79.163,33.677,0.319,3.442,17.067,19.945,0.000,0.000,0.0000
1242.240,-79.129,33.685,0.319,3.423,17.101,19.974,0.000,0.000,0.0000
1242.250,-79.095,33.693,0.319,3.401,17.135,20.003,0.040,0.000,0.0000
1242.260,-79.061,33.701,0.319,3.376,17.169,20.032,0.080,0.000,0.0000
1242.270,-79.027,33.709,0.319,3.350,17.203,20.060,0.120,0.000,0.0000
1242.280,-78.994,33.717,0.320,3.331,17.236,20.088,0.160,0.000,0.0000
1242.290,-78.961,33.725,0.320,3.308,17.269,20.116,0.200,0.000,0.0000
1242.300,-78.928,33.733,0.320,3.287,17.302,20.144,0.240,0.000,0.0000
1242.310,-78.896,33.740,0.320,3.263,17.334,20.171,0.280,0.000,0.0000
1242.320,-78.863,33.748,0.320,3.234,17.367,20.199,0.320,0.000,0.0000
1242.330,-78.831,33.756,0.320,3.225,17.399,20.226,0.360,0.000,0.0000
1242.340,-78.799,33.763,0.320,3.239,17.431,20.254,0.400,0.000,0.0000
1242.350,-78.766,33.771,0.320,3.267,17.464,20.281,0.440,0.000,0.0000
1242.360,-78.733,33.779,0.320,3.303,17.497,20.310,0.480,0.000,0.0000
1242.370,-78.699,33.786,0.319,3.342,17.531,20.338,0.520,0.000,0.0000
1242.380,-78.666,33.794,0.319,3.383,17.564,20.367,0.560,0.000,0.0000
1242.390,-78.631,33.802,0.318,3.425,17.599,20.397,0.600,0.000,0.0000
1242.400,-78.597,33.810,0.318,3.466,17.633,20.427,0.640,0.000,0.0000
1242.410,-78.562,33.818,0.317,3.507,17.668,20.457,0.680,0.000,0.0000
1242.420,-78.526,33.826,0.316,3.546,17.704,20.487,0.720,0.000,0.0000
1242.430,-78.490,33.835,0.315,3.585,17.740,20.518,0.760,0.000,0.0000
1242.440,-78.454,33.843,0.314,3.624,17.776,20.550,0.800,0.000,0.0000
1242.450,-78.418,33.851,0.314,3.663,17.813,20.582,0.840,0.000,0.0000
1242.460,-78.380,33.860,0.313,3.702,17.850,20.614,0.880,0.000,0.0000
1242.470,-78.343,33.868,0.312,3.742,17.887,20.646,0.920,0.000,0.0000
1242.480,-78.305,33.877,0.311,3.781,17.925,20.679,0.960,0.000,0.0000
1242.490,-78.267,33.886,0.310,3.821,17.963,20.712,1.000,0.000,0.0000
1242.500,-78.228,33.895,0.310,3.861,18.002,20.745,1.000,0.000,0.0000
1242.510,-78.189,33.904,0.309,3.901,18.041,20.779,1.000,0.000,0.0000
1242.520,-78.150,33.913,0.308,3.941,18.080,20.813,1.000,0.000,0.0000
1242.530,-78.110,33.922,0.308,3.980,18.120,20.848,1.000,0.000,0.0000
1242.540,-78.070,33.932,0.307,4.020,18.160,20.882,1.000,0.000,0.0000
1242.550,-78.029,33.941,0.307,4.060,18.201,20.917,1.000,0.000,0.0000
1242.560,-77.989,33.951,0.307,4.099,18.242,20.953,1.000,0.000,0.0000
1242.570,-77.947,33.960,0.307,4.138,18.283,20.988,1.000,0.000,0.0000
1242.580,-77.905,33.970,0.306,4.176,18.325,21.024,1.000,0.000,0.0000
1242.590,-77.863,33.980,0.306,4.215,18.367,21.061,1.000,0.000,0.0000
1242.600,-77.821,33.990,0.306,4.252,18.409,21.097,1.000,0.000,0.0000
1242.610,-77.778,34.000,0.306,4.287,18.452,21.134,1.000,0.000,0.0000
1242.620,-77.735,34.010,0.307,4.323,18.495,21.171,1.000,0.000,0.0000
1242.630,-77.691,34.020,0.307,4.359,18.539,21.209,1.000,0.000,0.0000
1242.640,-77.647,34.030,0.307,4.397,18.583,21.247,1.000,0.000,0.0000
1242.650,-77.603,34.040,0.307,4.436,18.627,21.285,1.000,0.000,0.0000
1242.660,-77.558,34.051,0.308,4.473,18.672,21.324,1.000,0.000,0.0000
1242.670,-77.513,34.061,0.308,4.511,18.717,21.362,1.000,0.000,0.0000
1242.680,-77.467,34.072,0.308,4.551,18.763,21.402,1.000,0.000,0.0000
1242.690,-77.421,34.082,0.308,4.592,18.809,21.441,1.000,0.000,0.0000
1242.700,-77.375,34.093,0.309,4.634,18.855,21.481,1.000,0.000,0.0000
1242.710,-77.328,34.104,0.309,4.676,18.902,21.522,1.000,0.000,0.0000
1242.720,-77.281,34.115,0.309,4.718,18.949,21.563,1.000,0.000,0.0000
1242.730,-77.234,34.126,0.310,4.760,18.996,21.604,1.000,0.000,0.0000
1242.740,-77.185,34.137,0.310,4.802,19.045,21.645,0.940,0.000,0.0000
1242.750,-77.137,34.148,0.310,4.843,19.093,21.687,0.880,0.000,0.0000
1242.760,-77.088,34.160,0.310,4.884,19.142,21.730,0.820,0.000,0.0000
1242.770,-77.039,34.171,0.310,4.924,19.191,21.773,0.760,0.000,0.0000
1242.780,-76.989,34.183,0.311,4.964,19.241,21.816,0.700,0.000,0.0000
1242.790,-76.939,34.194,0.311,5.003,19.291,21.859,0.640,0.000,0.0000
1242.800,-76.889,34.206,0.311,5.041,19.341,21.903,0.580,0.000,0.0000
1242.810,-76.838,34.217,0.311,5.079,19.392,21.947,0.520,0.000,0.0000
1242.820,-76.787,34.229,0.311,5.116,19.443,21.992,0.460,0.000,0.0000
1242.830,-76.736,34.241,0.311,5.129,19.494,22.037,0.400,0.000,0.0000
1242.840,-76.685,34.253,0.312,5.116,19.545,22.081,0.340,0.000,0.0000
1242.850,-76.634,34.264,0.312,5.090,19.596,22.126,0.280,0.000,0.0000
1242.860,-76.583,34.276,0.312,5.057,19.647,22.170,0.220,0.000,0.0000
1242.870,-76.533,34.287,0.313,5.020,19.697,22.213,0.160,0.000,0.0000
1242.880,-76.483,34.299,0.314,4.982,19.747,22.257,0.100,0.000,0.0000
1242.890,-76.434,34.310,0.315,4.940,19.796,22.300,0.040,0.000,0.0000
1242.900,-76.385,34.321,0.316,4.901,19.845,22.342,0.000,0.000,0.0000
1242.910,-76.336,34.332,0.317,4.863,19.894,22.384,0.000,0.000,0.0000
1242.920,-76.288,34.343,0.318,4.827,19.942,22.426,0.000,0.000,0.0000
1242.930,-76.240,34.354,0.319,4.792,19.990,22.468,0.000,0.000,0.0000
1242.940,-76.192,34.364,0.320,4.758,20.038,22.509,0.000,0.000,0.0000
1242.950,-76.145,34.375,0.321,4.722,20.085,22.550,0.000,0.000,0.0000
1242.960,-76.098,34.385,0.322,4.686,20.132,22.591,0.000,0.000,0.0000
1242.970,-76.052,34.396,0.323,4.650,20.178,22.632,0.000,0.000,0.0000
1242.980,-76.006,34.406,0.323,4.612,20.224,22.672,0.000,0.000,0.0000
1242.990,-75.960,34.417,0.324,4.573,20.270,22.712,0.000,0.000,0.0000
1243.000,-75.915,34.427,0.325,4.534,20.315,22.752,0.000,0.000,0.0000
1243.010,-75.870,34.437,0.326,4.494,20.360,22.791,0.000,0.000,0.0000
1243.020,-75.825,34.447,0.326,4.453,20.405,22.830,0.000,0.000,0.0000
1243.030,-75.781,34.457,0.327,4.412,20.449,22.869,0.000,0.000,0.0000
1243.040,-75.737,34.467,0.327,4.370,20.493,22.907,0.000,0.000,0.0000
1243.050,-75.694,34.477,0.327,4.328,20.536,22.945,0.000,0.000,0.0000
1243.060,-75.651,34.486,0.328,4.285,20.579,22.983,0.000,0.000,0.0000
1243.070,-75.609,34.496,0.328,4.242,20.621,23.021,0.000,0.000,0.0000
1243.080,-75.567,34.506,0.328,4.195,20.663,23.058,0.000,0.000,0.0000
1243.090,-75.525,34.515,0.328,4.147,20.705,23.094,0.000,0.000,0.0000
1243.100,-75.484,34.525,0.328,4.102,20.746,23.131,0.000,0.000,0.0000
1243.110,-75.444,34.534,0.328,4.060,20.786,23.167,0.000,0.000,0.0000
1243.120,-75.404,34.543,0.328,4.009,20.826,23.202,0.000,0.000,0.0000
1243.130,-75.364,34.553,0.328,3.961,20.866,23.238,0.000,0.000,0.0000
1243.140,-75.325,34.562,0.328,3.916,20.905,23.272,0.000,0.000,0.0000
1243.150,-75.286,34.571,0.328,3.874,20.944,23.307,0.000,0.080,0.0000
1243.160,-75.248,34.580,0.328,3.832,20.982,23.341,0.000,0.160,0.0000
1243.170,-75.210,34.589,0.327,3.789,21.020,23.375,0.000,0.240,0.0000
1243.180,-75.172,34.598,0.327,3.746,21.058,23.408,0.000,0.320,0.0000
1243.190,-75.135,34.606,0.327,3.707,21.095,23.442,0.000,0.400,0.0000
1243.200,-75.099,34.615,0.326,3.671,21.131,23.474,0.000,0.480,0.0000
1243.210,-75.062,34.624,0.326,3.634,21.168,23.507,0.000,0.560,0.0000
1243.220,-75.026,34.632,0.326,3.596,21.204,23.539,0.000,0.640,0.0000
1243.230,-74.991,34.640,0.325,3.557,21.239,23.571,0.000,0.720,0.0000
1243.240,-74.956,34.649,0.325,3.517,21.274,23.602,0.000,0.800,0.0000
1243.250,-74.921,34.657,0.325,3.476,21.309,23.634,0.000,0.880,0.0000
1243.260,-74.887,34.665,0.324,3.434,21.343,23.664,0.000,0.960,0.0000
1243.270,-74.853,34.672,0.324,3.393,21.377,23.695,0.000,1.000,0.0000
1243.280,-74.819,34.680,0.324,3.352,21.411,23.725,0.000,1.000,0.0000
1243.290,-74.786,34.688,0.324,3.313,21.444,23.755,0.000,1.000,0.0000
1243.300,-74.753,34.695,0.323,3.275,21.477,23.784,0.000,1.000,0.0000
1243.310,-74.721,34.703,0.323,3.238,21.509,23.813,0.000,1.000,0.0000
1243.320,-74.689,34.710,0.323,3.201,21.541,23.842,0.000,1.000,0.0000
1243.330,-74.657,34.717,0.323,3.163,21.573,23.870,0.000,1.000,0.0000
1243.340,-74.626,34.724,0.323,3.126,21.604,23.898,0.000,1.000,0.0000
1243.350,-74.595,34.732,0.323,3.087,21.635,23.926,0.000,1.000,0.0000
1243.360,-74.565,34.738,0.323,3.049,21.665,23.953,0.000,1.000,0.0000
1243.370,-74.534,34.745,0.322,3.010,21.696,23.980,0.000,1.000,0.0000
1243.380,-74.505,34.752,0.322,2.971,21.725,24.006,0.000,1.000,0.0000
1243.390,-74.475,34.759,0.322,2.932,21.755,24.033,0.000,1.000,0.0000
1243.400,-74.447,34.765,0.322,2.893,21.784,24.059,0.000,1.000,0.0000
1243.410,-74.418,34.772,0.323,2.854,21.812,24.084,0.000,1.000,0.0000
1243.420,-74.390,34.778,0.323,2.815,21.840,24.109,0.000,1.000,0.0000
1243.430,-74.362,34.784,0.323,2.777,21.868,24.134,0.000,1.000,0.0000
1243.440,-74.335,34.790,0.323,2.738,21.895,24.159,0.000,1.000,0.0000
1243.450,-74.308,34.796,0.323,2.699,21.922,24.183,0.000,1.000,0.0000
1243.460,-74.281,34.802,0.323,2.660,21.949,24.207,0.000,1.000,0.0000
1243.470,-74.255,34.808,0.323,2.619,21.975,24.230,0.000,1.000,0.0000
1243.480,-74.229,34.814,0.323,2.579,22.001,24.253,0.000,1.000,0.0000
1243.490,-74.204,34.819,0.323,2.535,22.026,24.276,0.000,1.000,0.0000
1243.500,-74.179,34.825,0.323,2.493,22.051,24.298,0.000,1.000,0.0000
1243.510,-74.154,34.830,0.324,2.451,22.076,24.320,0.000,1.000,0.0000
1243.520,-74.130,34.836,0.324,2.411,22.100,24.342,0.000,1.000,0.0000
1243.530,-74.106,34.841,0.324,2.372,22.124,24.363,0.000,1.000,0.0000
1243.540,-74.083,34.846,0.324,2.333,22.147,24.384,0.000,1.000,0.0000
1243.550,-74.060,34.851,0.324,2.294,22.170,24.405,0.000,1.000,0.0000
1243.560,-74.038,34.856,0.324,2.255,22.192,24.425,0.000,1.000,0.0000
1243.570,-74.015,34.861,0.324,2.217,22.215,24.445,0.000,1.000,0.0000
1243.580,-73.994,34.866,0.324,2.178,22.236,24.464,0.000,1.000,0.0000
1243.590,-73.972,34.871,0.324,2.139,22.258,24.484,0.000,1.000,0.0000
1243.600,-73.951,34.876,0.324,2.100,22.279,24.502,0.000,1.000,0.0000
1243.610,-73.931,34.880,0.325,2.061,22.299,24.521,0.000,1.000,0.0000
1243.620,-73.910,34.885,0.325,2.022,22.320,24.539,0.000,1.000,0.0000
1243.630,-73.891,34.889,0.325,1.983,22.339,24.557,0.000,1.000,0.0000
1243.640,-73.871,34.894,0.325,1.944,22.359,24.574,0.000,1.000,0.0000
1243.650,-73.852,34.898,0.325,1.905,22.378,24.592,0.000,1.000,0.0000
1243.660,-73.834,34.902,0.324,1.866,22.396,24.608,0.000,1.000,0.0000
1243.670,-73.815,34.907,0.324,1.828,22.415,24.625,0.000,1.000,0.0000
1243.680,-73.797,34.911,0.324,1.793,22.433,24.641,0.000,1.000,0.0000
1243.690,-73.780,34.915,0.324,1.756,22.450,24.657,0.000,1.000,0.0000
1243.700,-73.763,34.918,0.324,1.719,22.467,24.672,0.000,1.000,0.0000
1243.710,-73.746,34.922,0.324,1.682,22.484,24.688,0.000,1.000,0.0000
1243.720,-73.729,34.926,0.324,1.644,22.501,24.703,0.000,1.000,0.0000
1243.730,-73.713,34.930,0.324,1.605,22.517,24.717,0.000,1.000,0.0000
1243.740,-73.698,34.933,0.324,1.567,22.532,24.731,0.000,1.000,0.0000
1243.750,-73.682,34.937,0.324,1.528,22.548,24.745,0.000,1.000,0.0000
1243.760,-73.667,34.940,0.324,1.489,22.563,24.758,0.000,1.000,0.0000
1243.770,-73.653,34.943,0.324,1.450,22.577,24.772,0.000,1.000,0.0000
1243.780,-73.639,34.947,0.324,1.412,22.591,24.784,0.000,1.000,0.0000
1243.790,-73.625,34.950,0.324,1.373,22.605,24.797,0.000,1.000,0.0000
1243.800,-73.612,34.953,0.324,1.334,22.618,24.809,0.000,1.000,0.0000
1243.810,-73.599,34.956,0.324,1.295,22.631,24.821,0.000,1.000,0.0000
1243.820,-73.586,34.959,0.323,1.257,22.644,24.832,0.000,1.000,0.0000
1243.830,-73.574,34.961,0.323,1.218,22.656,24.843,0.000,1.000,0.0000
1243.840,-73.562,34.964,0.323,1.179,22.668,24.854,0.000,1.000,0.0000
1243.850,-73.551,34.967,0.323,1.140,22.679,24.864,0.000,1.000,0.0000
1243.860,-73.540,34.969,0.323,1.102,22.690,24.874,0.000,1.000,0.0000
1243.870,-73.529,34.972,0.323,1.063,22.701,24.883,0.000,0.900,0.0000
1243.880,-73.519,34.974,0.323,1.027,22.711,24.893,0.000,0.800,0.0000
1243.890,-73.509,34.976,0.323,0.993,22.721,24.902,0.000,0.700,0.0000
1243.900,-73.499,34.979,0.323,0.960,22.731,24.910,0.000,0.600,0.0000
1243.910,-73.490,34.981,0.323,0.928,22.740,24.919,0.000,0.500,0.0000
1243.920,-73.481,34.983,0.323,0.895,22.749,24.927,0.000,0.400,0.0000
1243.930,-73.473,34.985,0.323,0.863,22.758,24.935,0.000,0.300,0.0000
1243.940,-73.464,34.987,0.323,0.830,22.766,24.942,0.000,0.200,0.0000
1243.950,-73.456,34.988,0.323,0.797,22.774,24.949,0.000,0.100,0.0000
1243.960,-73.449,34.990,0.323,0.764,22.781,24.956,0.000,0.000,0.0000
1243.970,-73.441,34.992,0.323,0.731,22.789,24.963,0.000,0.000,0.0000
1243.980,-73.434,34.993,0.323,0.695,22.796,24.969,0.000,0.000,0.0000
1243.990,-73.428,34.995,0.323,0.657,22.802,24.975,0.000,0.000,0.0000
1244.000,-73.422,34.996,0.323,0.617,22.808,24.981,0.000,0.000,0.0000
1244.010,-73.416,34.998,0.323,0.578,22.814,24.986,0.000,0.000,0.0000
1244.020,-73.410,34.999,0.323,0.538,22.820,24.991,0.000,0.000,0.0000
1244.030,-73.405,35.000,0.323,0.499,22.825,24.995,0.000,0.000,0.0000
1244.040,-73.401,35.001,0.323,0.460,22.829,24.999,0.000,0.000,0.0000
1244.050,-73.397,35.002,0.323,0.421,22.833,25.003,0.000,0.000,0.0000
1244.060,-73.393,35.003,0.323,0.382,22.837,25.007,0.000,0.000,0.0000
1244.070,-73.389,35.004,0.323,0.343,22.841,25.010,0.000,0.000,0.0000
1244.080,-73.386,35.004,0.323,0.304,22.844,25.012,0.000,0.000,0.0000
1244.090,-73.384,35.005,0.323,0.265,22.846,25.015,0.000,0.000,0.0000
1244.100,-73.381,35.005,0.324,0.227,22.849,25.017,0.000,0.000,0.0000
1244.110,-73.380,35.006,0.324,0.188,22.850,25.019,0.000,0.000,0.0000
1244.120,-73.378,35.006,0.324,0.149,22.852,25.020,0.000,0.000,0.0000
1244.130,-73.377,35.007,0.324,0.110,22.853,25.021,0.000,0.000,0.0000
1244.140,-73.376,35.007,0.324,0.071,22.854,25.021,0.000,0.000,0.0000
1244.150,-73.376,35.007,0.324,0.038,22.854,25.022,0.000,0.000,0.0000
1244.160,-73.376,35.007,0.324,0.014,22.854,25.022,0.000,0.000,0.0000
1244.170,-73.376,35.007,0.324,0.006,22.854,25.022,0.000,0.000,0.0000
1244.180,-73.376,35.007,0.324,0.017,22.854,25.022,0.000,0.000,0.0000
1244.190,-73.376,35.007,0.323,0.025,22.854,25.022,0.000,0.000,0.0000
1244.200,-73.376,35.007,0.323,0.033,22.854,25.022,0.000,0.000,0.0000
1244.210,-73.376,35.007,0.323,0.040,22.854,25.022,0.000,0.000,0.0000
1244.220,-73.376,35.007,0.322,0.045,22.854,25.022,0.000,0.000,0.0000
1244.230,-73.376,35.007,0.322,0.050,22.854,25.022,0.000,0.000,0.0000
1244.240,-73.377,35.007,0.321,0.054,22.853,25.022,0.000,0.000,0.0000
1244.250,-73.377,35.007,0.321,0.056,22.853,25.022,0.000,0.000,0.0000
1244.260,-73.377,35.007,0.320,0.058,22.853,25.022,0.000,0.000,0.0000
1244.270,-73.377,35.007,0.320,0.059,22.853,25.023,0.000,0.000,0.0000
1244.280,-73.377,35.007,0.319,0.058,22.853,25.023,0.000,0.000,0.0000
1244.290,-73.377,35.007,0.318,0.057,22.853,25.023,0.000,0.000,0.0000
1244.300,-73.377,35.006,0.318,0.055,22.853,25.023,0.000,0.000,0.0000
1244.310,-73.378,35.006,0.317,0.053,22.852,25.023,0.000,0.000,0.0000
1244.320,-73.378,35.006,0.317,0.050,22.852,25.023,0.000,0.000,0.0000
1244.330,-73.378,35.006,0.316,0.046,22.852,25.023,0.000,0.000,0.0000
1244.340,-73.378,35.006,0.316,0.042,22.852,25.023,0.000,0.000,0.0000
1244.350,-73.378,35.006,0.316,0.038,22.852,25.023,0.000,0.000,0.0000
1244.360,-73.378,35.006,0.315,0.034,22.852,25.023,0.000,0.000,0.0000
1244.370,-73.378,35.006,0.315,0.029,22.852,25.023,0.000,0.000,0.0000
1244.380,-73.378,35.006,0.315,0.024,22.852,25.024,0.000,0.000,0.0000
1244.390,-73.378,35.006,0.315,0.019,22.852,25.024,0.000,0.000,0.0000
1244.400,-73.378,35.006,0.315,0.015,22.852,25.024,0.000,0.000,0.0000
1244.410,-73.378,35.006,0.314,0.010,22.852,25.024,0.000,0.000,0.0000
1244.420,-73.378,35.006,0.314,0.006,22.852,25.024,0.000,0.000,0.0000
1244.430,-73.378,35.006,0.314,0.001,22.852,25.024,0.000,0.000,0.0000
1244.440,-73.378,35.006,0.314,0.003,22.852,25.024,0.000,0.000,0.0000
1244.450,-73.378,35.006,0.314,0.006,22.852,25.024,0.000,0.000,0.0000
1244.460,-73.378,35.006,0.315,0.009,22.852,25.024,0.000,0.000,0.0000
1244.470,-73.378,35.006,0.315,0.012,22.852,25.024,0.000,0.000,0.0000
1244.480,-73.378,35.006,0.315,0.015,22.852,25.024,0.000,0.000,0.0000
1244.490,-73.378,35.006,0.315,0.017,22.852,25.023,0.000,0.000,0.0000
1244.500,-73.378,35.006,0.315,0.018,22.852,25.023,0.000,0.000,0.0000
1244.510,-73.378,35.006,0.315,0.020,22.852,25.023,0.000,0.000,0.0000
1244.520,-73.378,35.006,0.316,0.021,22.852,25.023,0.000,0.000,0.0000
1244.530,-73.378,35.006,0.316,0.021,22.852,25.023,0.000,0.000,0.0000
1244.540,-73.378,35.006,0.316,0.021,22.852,25.023,0.000,0.000,0.0000
1244.550,-73.378,35.006,0.316,0.021,22.852,25.023,0.000,0.000,0.0000
1244.560,-73.378,35.006,0.316,0.021,22.852,25.023,0.000,0.000,0.0000
1244.570,-73.378,35.006,0.317,0.020,22.852,25.023,0.000,0.000,0.0000
1244.580,-73.378,35.006,0.317,0.019,22.852,25.023,0.000,0.000,0.0000
1244.590,-73.378,35.006,0.317,0.018,22.852,25.023,0.000,0.000,0.0000
1244.600,-73.378,35.006,0.317,0.017,22.852,25.023,0.000,0.000,0.0000
1244.610,-73.378,35.006,0.317,0.015,22.852,25.023,0.000,0.000,0.0000
1244.620,-73.378,35.006,0.317,0.014,22.852,25.023,0.000,0.000,0.0000
1244.630,-73.378,35.006,0.318,0.012,22.852,25.023,0.000,0.000,0.0000
1244.640,-73.378,35.006,0.318,0.010,22.852,25.023,0.000,0.000,0.0000
1244.650,-73.378,35.006,0.318,0.008,22.852,25.023,0.000,0.000,0.0000
1244.660,-73.378,35.006,0.318,0.007,22.852,25.023,0.000,0.000,0.0000
1244.670,-73.378,35.006,0.318,0.005,22.852,25.023,0.000,0.000,0.0000
1244.680,-73.378,35.006,0.318,0.003,22.852,25.023,0.000,0.000,0.0000
1244.690,-73.378,35.006,0.318,0.002,22.852,25.023,0.000,0.000,0.0000
1244.700,-73.378,35.006,0.318,0.000,22.852,25.023,0.000,0.000,0.0000
1244.710,-73.378,35.006,0.318,0.001,22.852,25.023,0.000,0.000,0.0000
1244.720,-73.378,35.006,0.318,0.003,22.852,25.023,0.000,0.000,0.0000
1244.730,-73.378,35.006,0.318,0.004,22.852,25.023,0.000,0.000,0.0000
1244.740,-73.378,35.006,0.318,0.005,22.852,25.023,0.000,0.000,0.0000
1244.750,-73.378,35.006,0.318,0.006,22.852,25.023,0.000,0.000,0.0000
1244.760,-73.378,35.007,0.318,0.006,22.852,25.023,0.000,0.000,0.0000
1244.770,-73.378,35.007,0.318,0.007,22.852,25.023,0.000,0.000,0.0000
1244.780,-73.378,35.007,0.317,0.007,22.852,25.023,0.000,0.000,0.0000
1244.790,-73.378,35.007,0.317,0.008,22.852,25.023,0.000,0.000,0.0000
1244.800,-73.378,35.007,0.317,0.008,22.852,25.023,0.000,0.000,0.0000
1244.810,-73.378,35.007,0.317,0.008,22.852,25.023,0.000,0.000,0.0000
1244.820,-73.378,35.007,0.317,0.008,22.852,25.023,0.000,0.000,0.0000
1244.830,-73.378,35.007,0.317,0.008,22.852,25.023,0.000,0.000,0.0000
1244.840,-73.378,35.007,0.317,0.007,22.852,25.023,0.000,0.000,0.0000
1244.850,-73.378,35.006,0.317,0.007,22.852,25.023,0.000,0.000,0.0000
1244.860,-73.378,35.006,0.317,0.006,22.852,25.023,0.000,0.000,0.0000
1244.870,-73.378,35.006,0.317,0.006,22.852,25.023,0.000,0.000,0.0000
1244.880,-73.378,35.006,0.317,0.005,22.852,25.023,0.000,0.000,0.0000
1244.890,-73.378,35.006,0.317,0.005,22.852,25.023,0.000,0.000,0.0000
1244.900,-73.378,35.006,0.317,0.004,22.852,25.023,0.000,0.000,0.0000
1244.910,-73.378,35.006,0.317,0.003,22.852,25.023,0.000,0.000,0.0000
1244.920,-73.378,35.006,0.317,0.003,22.852,25.023,0.000,0.000,0.0000
1244.930,-73.378,35.006,0.317,0.002,22.852,25.023,0.000,0.000,0.0000
1244.940,-73.378,35.006,0.317,0.002,22.852,25.023,0.000,0.000,0.0000
1244.950,-73.378,35.006,0.317,0.001,22.852,25.023,0.000,0.000,0.0000
1244.960,-73.378,35.006,0.317,0.000,22.852,25.023,0.000,0.000,0.0000
1244.970,-73.378,35.006,0.317,0.000,22.852,25.023,0.000,0.000,0.0000
1244.980,-73.378,35.006,0.317,0.001,22.852,25.023,0.000,0.000,0.0000
1244.990,-73.378,35.006,0.317,0.001,22.852,25.023,0.000,0.000,0.0000
1245.000,-73.378,35.006,0.317,0.002,22.852,25.023,0.000,0.000,0.0000
1245.010,-73.378,35.006,0.317,0.002,22.852,25.023,0.000,0.000,0.0000
1245.020,-73.378,35.007,0.317,0.002,22.852,25.023,0.000,0.000,0.0000
1245.030,-73.378,35.007,0.317,0.002,22.852,25.023,0.000,0.000,0.0000
1245.040,-73.378,35.007,0.317,0.003,22.852,25.023,0.000,0.000,0.0000
1245.050,-73.378,35.007,0.317,0.003,22.852,25.023,0.000,0.000,0.0000
1245.060,-73.378,35.007,0.317,0.003,22.852,25.023,0.000,0.000,0.0000
1245.070,-73.378,35.007,0.317,0.003,22.852,25.023,0.000,0.000,0.0000
1245.080,-73.378,35.007,0.317,0.003,22.852,25.023,0.000,0.000,0.0000
1245.090,-73.378,35.007,0.317,0.003,22.852,25.023,0.000,0.000,0.0000
1245.100,-73.378,35.007,0.317,0.003,22.852,25.023,0.000,0.000,0.0000
1245.110,-73.378,35.007,0.317,0.003,22.852,25.023,0.000,0.000,0.0000
1245.120,-73.378,35.007,0.317,0.002,22.852,25.023,0.000,0.000,0.0000
1245.130,-73.378,35.007,0.317,0.002,22.852,25.023,0.000,0.000,0.0000
1245.140,-73.378,35.007,0.317,0.002,22.852,25.023,0.000,0.000,0.0000
1245.150,-73.378,35.007,0.317,0.002,22.852,25.023,0.000,0.000,0.0000
1245.160,-73.378,35.007,0.317,0.002,22.852,25.023,0.000,0.000,0.0000
1245.170,-73.378,35.007,0.317,0.001,22.852,25.023,0.000,0.000,0.0000
1245.180,-73.378,35.007,0.317,0.001,22.852,25.023,0.000,0.000,0.0000
1245.190,-73.378,35.007,0.317,0.001,22.852,25.023,0.000,0.000,0.0000
1245.200,-73.378,35.007,0.317,0.001,22.852,25.023,0.000,0.000,0.0000
1245.210,-73.378,35.007,0.317,0.000,22.852,25.023,0.000,0.000,0.0000
1245.220,-73.378,35.007,0.317,0.000,22.852,25.023,0.000,0.000,0.0000
1245.230,-73.378,35.007,0.317,0.000,22.852,25.023,0.000,0.000,0.0000
1245.240,-73.378,35.007,0.317,0.000,22.852,25.023,0.000,0.000,0.0000
1245.250,-73.378,35.007,0.317,0.000,22.852,25.023,0.000,0.000,0.0000
1245.260,-73.378,35.007,0.317,0.001,22.852,25.023,0.000,0.000,0.0000
1245.270,-73.378,35.007,0.317,0.001,22.852,25.023,0.000,0.000,0.0000
1245.280,-73.378,35.007,0.317,0.001,22.852,25.023,0.000,0.000,0.0000
1245.290,-73.378,35.007,0.317,0.001,22.852,25.023,0.000,0.000,0.0000
1245.300,-73.378,35.007,0.317,0.001,22.852,25.023,0.000,0.000,0.0000
1245.310,-73.378,35.007,0.317,0.001,22.852,25.023,0.000,0.000,0.0000
1245.320,-73.378,35.007,0.317,0.001,22.852,25.023,0.000,0.000,0.0000
1245.330,-73.378,35.007,0.317,0.001,22.852,25.023,0.000,0.000,0.0000
1245.340,-73.378,35.007,0.317,0.001,22.852,25.023,0.000,0.000,0.0000
1245.350,-73.378,35.007,0.317,0.001,22.852,25.023,0.000,0.000,0.0000
1245.360,-73.378,35.007,0.317,0.001,22.852,25.023,0.000,0.000,0.0000
1245.370,-73.378,35.007,0.317,0.001,22.852,25.023,0.000,0.000,0.0000
1245.380,-73.378,35.007,0.317,0.001,22.852,25.023,0.000,0.000,0.0000
1245.390,-73.378,35.007,0.317,0.001,22.852,25.023,0.000,0.000,0.0000
1245.400,-73.378,35.007,0.317,0.001,22.852,25.023,0.000,0.000,0.0000
1245.410,-73.378,35.007,0.317,0.001,22.852,25.023,0.000,0.000,0.0000
1245.420,-73.378,35.007,0.317,0.001,22.852,25.023,0.000,0.000,0.0000
1245.430,-73.378,35.007,0.317,0.001,22.852,25.023,0.000,0.000,0.0000
1245.440,-73.378,35.007,0.317,0.000,22.852,25.023,0.000,0.000,0.0000
1245.450,-73.378,35.007,0.317,0.000,22.852,25.023,0.000,0.000,0.0000
1245.460,-73.378,35.007,0.317,0.000,22.852,25.023,0.000,0.000,0.0000
1245.470,-73.378,35.007,0.317,0.000,22.852,25.023,0.000,0.000,0.0000
1245.480,-73.378,35.007,0.317,0.000,22.852,25.023,0.000,0.000,0.0000
1245.490,-73.378,35.007,0.317,0.000,22.852,25.023,0.000,0.000,0.0000
1245.500,-73.378,35.007,0.317,0.000,22.852,25.023,0.000,0.000,0.0000
1245.510,-73.378,35.007,0.317,0.000,22.852,25.023,0.000,0.000,0.0000
1245.520,-73.378,35.007,0.317,0.000,22.852,25.023,0.000,0.000,0.0000
1245.530,-73.378,35.007,0.317,0.000,22.852,25.023,0.000,0.000,0.0000
1245.540,-73.378,35.007,0.317,0.000,22.852,25.023,0.000,0.000,0.0000
1245.550,-73.378,35.007,0.317,0.000,22.852,25.023,0.000,0.000,0.0000
1245.560,-73.378,35.007,0.317,0.000,22.852,25.023,0.000,0.000,0.0000
1245.570,-73.378,35.007,0.317,0.000,22.852,25.023,0.000,0.000,0.0000
1245.580,-73.378,35.007,0.317,0.000,22.852,25.023,0.000,0.000,0.0000
1245.590,-73.378,35.007,0.317,0.000,22.852,25.023,0.000,0.000,0.0000
1245.600,-73.378,35.007,0.317,0.000,22.852,25.023,0.000,0.000,0.0000
1245.610,-73.378,35.007,0.317,0.000,22.852,25.023,0.000,0.000,0.0000
1245.620,-73.378,35.007,0.317,0.000,22.852,25.023,0.000,0.000,0.0000
1245.630,-73.378,35.007,0.317,0.000,22.852,25.023,0.000,0.000,0.0000
1245.640,-73.378,35.007,0.317,0.000,22.852,25.023,0.000,0.000,0.0000
1245.650,-73.378,35.007,0.317,0.000,22.852,25.023,0.000,0.000,0.0000
1245.660,-73.378,35.007,0.317,0.000,22.852,25.023,0.000,0.000,0.0000
1245.670,-73.378,35.007,0.317,0.000,22.852,25.023,0.000,0.000,0.0000
1245.680,-73.378,35.007,0.317,0.000,22.852,25.023,0.000,0.000,0.0000
1245.690,-73.378,35.007,0.317,0.000,22.852,25.023,0.000,0.000,0.0000
1245.700,-73.378,35.007,0.317,0.000,22.852,25.023,0.000,0.000,0.0000
1245.710,-73.378,35.007,0.317,0.000,22.852,25.023,0.000,0.000,0.0000
1245.720,-73.378,35.007,0.317,0.000,22.852,25.023,0.000,0.000,0.0000
1245.730,-73.378,35.007,0.317,0.000,22.852,25.023,0.000,0.000,0.0000
1245.740,-73.378,35.007,0.317,0.000,22.852,25.023,0.000,0.000,0.0000
1245.750,-73.378,35.007,0.317,0.000,22.852,25.023,0.000,0.000,0.0000
1245.760,-73.378,35.007,0.317,0.000,22.852,25.023,0.000,0.000,0.0000
1245.770,-73.378,35.007,0.317,0.000,22.852,25.023,0.000,0.000,0.0000
1245.780,-73.378,35.007,0.317,0.000,22.852,25.023,0.000,0.000,0.0000
1245.790,-73.378,35.007,0.317,0.000,22.852,25.023,0.000,0.000,0.0000
1245.800,-73.378,35.007,0.317,0.000,22.852,25.023,0.000,0.000,0.0000
1245.810,-73.378,35.007,0.317,0.000,22.852,25.023,0.000,0.000,0.0000
1245.820,-73.378,35.007,0.317,0.000,22.852,25.023,0.000,0.000,0.0000
1245.830,-73.378,35.007,0.317,0.000,22.852,25.023,0.000,0.000,0.0000
1245.840,-73.378,35.007,0.317,0.000,22.852,25.023,0.000,0.000,0.0000
1245.850,-73.378,35.007,0.317,0.000,22.852,25.023,0.000,0.000,0.0000
1245.860,-73.378,35.007,0.317,0.000,22.852,25.023,0.000,0.000,0.0000
1245.870,-73.378,35.007,0.317,0.000,22.852,25.023,0.000,0.000,0.0000
1245.880,-73.378,35.007,0.317,0.000,22.852,25.023,0.000,0.000,0.0000
1245.890,-73.378,35.007,0.317,0.000,22.852,25.023,0.000,0.000,0.0000
1245.900,-73.378,35.007,0.317,0.000,22.852,25.023,0.000,0.000,0.0000
1245.910,-73.378,35.007,0.317,0.000,22.852,25.023,0.000,0.000,0.0000
1245.920,-73.378,35.007,0.317,0.000,22.852,25.023,0.000,0.000,0.0000
1245.930,-73.378,35.007,0.317,0.000,22.852,25.023,0.000,0.000,0.0000
1245.940,-73.378,35.007,0.317,0.000,22.852,25.023,0.000,0.000,0.0000
1245.950,-73.378,35.007,0.317,0.000,22.852,25.023,0.000,0.000,0.0000
1245.960,-73.378,35.007,0.317,0.000,22.852,25.023,0.000,0.000,0.0000
1245.970,-73.378,35.007,0.317,0.000,22.852,25.023,0.000,0.000,0.0000
1245.980,-73.378,35.007,0.317,0.000,22.852,25.023,0.000,0.000,0.0000
1245.990,-73.378,35.007,0.317,0.000,22.852,25.023,0.000,0.000,0.0000
1246.000,-73.378,35.007,0.317,0.000,22.852,25.023,0.000,0.000,0.0000
1246.010,-73.378,35.007,0.317,0.000,22.852,25.023,0.000,0.000,0.0000
1246.020,-73.378,35.007,0.317,0.000,22.852,25.023,0.000,0.000,0.0000
1246.030,-73.378,35.007,0.317,0.000,22.852,25.023,0.000,0.000,0.0000
1246.040,-73.378,35.007,0.317,0.000,22.852,25.023,0.000,0.000,0.0000
1246.050,-73.378,35.007,0.317,0.000,22.852,25.023,0.000,0.000,0.0000
1246.060,-73.378,35.007,0.317,0.000,22.852,25.023,0.000,0.000,0.0000
1246.070,-73.378,35.007,0.317,0.000,22.852,25.023,0.000,0.000,0.0000
1246.080,-73.378,35.007,0.317,0.000,22.852,25.023,0.000,0.000,0.0000
1246.090,-73.378,35.007,0.317,0.000,22.852,25.023,0.000,0.000,0.0000
1246.100,-73.378,35.007,0.317,0.000,22.852,25.023,0.000,0.000,0.0000
1246.110,-73.378,35.007,0.317,0.000,22.852,25.023,0.000,0.000,0.0000
1246.120,-73.378,35.007,0.317,0.000,22.852,25.023,0.000,0.000,0.0000
1246.130,-73.378,35.007,0.317,0.000,22.852,25.023,0.000,0.000,0.0000
1246.140,-73.378,35.007,0.317,0.000,22.852,25.023,0.000,0.000,0.0000
1246.150,-73.378,35.007,0.317,0.000,22.852,25.023,0.000,0.000,0.0000
1246.160,-73.378,35.007,0.317,0.000,22.852,25.023,0.000,0.000,0.0000
1246.170,-73.378,35.007,0.317,0.000,22.852,25.023,0.000,0.000,0.0000
1246.180,-73.378,35.007,0.317,0.000,22.852,25.023,0.000,0.000,0.0000
1246.190,-73.378,35.007,0.317,0.000,22.852,25.023,0.000,0.000,0.0000
1246.200,-73.378,35.007,0.317,0.000,22.852,25.023,0.000,0.000,0.0000
1246.210,-73.378,35.007,0.317,0.000,22.852,25.023,0.000,0.000,0.0000
1246.220,-73.378,35.007,0.317,0.000,22.852,25.023,0.000,0.000,0.0000
1246.230,-73.378,35.007,0.317,0.000,22.852,25.023,0.000,0.000,0.0000
1246.240,-73.378,35.007,0.317,0.000,22.852,25.023,0.000,0.000,0.0000
1246.250,-73.378,35.007,0.317,0.000,22.852,25.023,0.000,0.000,0.0000
1246.260,-73.378,35.007,0.317,0.000,22.852,25.023,0.000,0.000,0.0000
1246.270,-73.378,35.007,0.317,0.000,22.852,25.023,0.000,0.000,0.0000
1246.280,-73.378,35.007,0.317,0.000,22.852,25.023,0.000,0.000,0.0000
1246.290,-73.378,35.007,0.317,0.000,22.852,25.023,0.000,0.000,0.0000
1246.300,-73.378,35.007,0.317,0.000,22.852,25.023,0.000,0.000,0.0000
1246.310,-73.378,35.007,0.317,0.000,22.852,25.023,0.000,0.000,0.0000
1246.320,-73.378,35.007,0.317,0.000,22.852,25.023,0.000,0.000,0.0000
1246.330,-73.378,35.007,0.317,0.000,22.852,25.023,0.000,0.000,0.0000
1246.340,-73.378,35.007,0.317,0.000,22.852,25.023,0.000,0.000,0.0000
1246.350,-73.378,35.007,0.317,0.000,22.852,25.023,0.000,0.000,0.0000
1246.360,-73.378,35.007,0.317,0.000,22.852,25.023,0.000,0.000,0.0000
1246.370,-73.378,35.007,0.317,0.000,22.852,25.023,0.000,0.000,0.0000
1246.380,-73.378,35.007,0.317,0.000,22.852,25.023,0.000,0.000,0.0000
1246.390,-73.378,35.007,0.317,0.000,22.852,25.023,0.000,0.000,0.0000
1246.400,-73.378,35.007,0.317,0.000,22.852,25.023,0.000,0.000,0.0000
1246.410,-73.378,35.007,0.317,0.000,22.852,25.023,0.000,0.000,0.0000
1246.420,-73.378,35.007,0.317,0.000,22.852,25.023,0.000,0.000,0.0000
1246.430,-73.378,35.007,0.317,0.000,22.852,25.023,0.000,0.000,0.0000
1246.440,-73.378,35.007,0.317,0.000,22.852,25.023,0.000,0.000,0.0000
1246.450,-73.378,35.007,0.317,0.000,22.852,25.023,0.000,0.000,0.0000
1246.460,-73.378,35.007,0.317,0.000,22.852,25.023,0.000,0.000,0.0000
1246.470,-73.378,35.007,0.317,0.000,22.852,25.023,0.000,0.000,0.0000
1246.480,-73.378,35.007,0.317,0.000,22.852,25.023,0.000,0.000,0.0000
1246.490,-73.378,35.007,0.317,0.000,22.852,25.023,0.000,0.000,0.0000
1246.500,-73.378,35.007,0.317,0.000,22.852,25.023,0.000,0.000,0.0000
1246.510,-73.378,35.007,0.317,0.000,22.852,25.023,0.000,0.000,0.0000
1246.520,-73.378,35.007,0.317,0.000,22.852,25.023,0.000,0.000,0.0000
1246.530,-73.378,35.007,0.317,0.000,22.852,25.023,0.000,0.000,0.0000
1246.540,-73.378,35.007,0.317,0.000,22.852,25.023,0.000,0.000,0.0000
1246.550,-73.378,35.007,0.317,0.000,22.852,25.023,0.000,0.000,0.0000
1246.560,-73.378,35.007,0.317,0.000,22.852,25.023,0.000,0.000,0.0000
1246.570,-73.378,35.007,0.317,0.000,22.852,25.023,0.000,0.000,0.0000
1246.580,-73.378,35.007,0.317,0.000,22.852,25.023,0.000,0.000,0.0000
1246.590,-73.378,35.007,0.317,0.000,22.852,25.023,0.000,0.000,0.0000
1246.600,-73.378,35.007,0.317,0.000,22.852,25.023,0.000,0.000,0.0000
1246.610,-73.378,35.007,0.317,0.000,22.852,25.023,0.000,0.000,0.0000
1246.620,-73.378,35.007,0.317,0.000,22.852,25.023,0.000,0.000,0.0000
1246.630,-73.378,35.007,0.317,0.000,22.852,25.023,0.000,0.000,0.0000
1246.640,-73.378,35.007,0.317,0.000,22.852,25.023,0.000,0.000,0.0000
1246.650,-73.378,35.007,0.317,0.000,22.852,25.023,0.000,0.000,0.0000
1246.660,-73.378,35.007,0.317,0.000,22.852,25.023,0.000,0.000,0.0000
1246.670,-73.378,35.007,0.317,0.000,22.852,25.023,0.000,0.000,0.0000
1246.680,-73.378,35.007,0.317,0.000,22.852,25.023,0.000,0.000,0.0000
1246.690,-73.378,35.007,0.317,0.000,22.852,25.023,0.000,0.000,0.0000
1246.700,-73.378,35.007,0.317,0.000,22.852,25.023,0.000,0.000,0.0000
1246.710,-73.378,35.007,0.317,0.000,22.852,25.023,0.000,0.000,0.0000
1246.720,-73.378,35.007,0.317,0.000,22.852,25.023,0.000,0.000,0.0000
1246.730,-73.378,35.007,0.317,0.000,22.852,25.023,0.000,0.000,0.0000
1246.740,-73.378,35.007,0.317,0.000,22.852,25.023,0.000,0.000,0.0000
1246.750,-73.378,35.007,0.317,0.000,22.852,25.023,0.000,0.000,0.0000
1246.760,-73.378,35.007,0.317,0.000,22.852,25.023,0.000,0.000,0.0000
1246.770,-73.378,35.007,0.317,0.000,22.852,25.023,0.000,0.000,0.0000
1246.780,-73.378,35.007,0.317,0.000,22.852,25.023,0.000,0.000,0.0000
1246.790,-73.378,35.007,0.317,0.000,22.852,25.023,0.000,0.000,0.0000
1246.800,-73.378,35.007,0.317,0.000,22.852,25.023,0.000,0.000,0.0000
1246.810,-73.378,35.007,0.317,0.000,22.852,25.023,0.000,0.000,0.0000
1246.820,-73.378,35.007,0.317,0.000,22.852,25.023,0.000,0.000,0.0000
1246.830,-73.378,35.007,0.317,0.000,22.852,25.023,0.000,0.000,0.0000
1246.840,-73.378,35.007,0.317,0.000,22.852,25.023,0.000,0.000,0.0000
1246.850,-73.378,35.007,0.317,0.000,22.852,25.023,0.000,0.000,0.0000
1246.860,-73.378,35.007,0.317,0.000,22.852,25.023,0.000,0.000,0.0000
1246.870,-73.378,35.007,0.317,0.000,22.852,25.023,0.000,0.000,0.0000
1246.880,-73.378,35.007,0.317,0.000,22.852,25.023,0.000,0.000,0.0000
1246.890,-73.378,35.007,0.317,0.000,22.852,25.023,0.000,0.000,0.0000
1246.900,-73.378,35.007,0.317,0.000,22.852,25.023,0.000,0.000,0.0000
1246.910,-73.378,35.007,0.317,0.000,22.852,25.023,0.000,0.000,0.0000
1246.920,-73.378,35.007,0.317,0.000,22.852,25.023,0.000,0.000,0.0000
1246.930,-73.378,35.007,0.317,0.000,22.852,25.023,0.000,0.000,0.0000
1246.940,-73.378,35.007,0.317,0.000,22.852,25.023,0.000,0.000,0.0000
1246.950,-73.378,35.007,0.317,0.000,22.852,25.023,0.000,0.000,0.0000
1246.960,-73.378,35.007,0.317,0.000,22.852,25.023,0.000,0.000,0.0000
1246.970,-73.378,35.007,0.317,0.000,22.852,25.023,0.000,0.000,0.0000
1246.980,-73.378,35.007,0.317,0.000,22.852,25.023,0.000,0.000,0.0000
1246.990,-73.378,35.007,0.317,0.000,22.852,25.023,0.000,0.000,0.0000
1247.000,-73.378,35.007,0.317,0.000,22.852,25.023,0.000,0.000,0.0000
1247.010,-73.378,35.007,0.317,0.000,22.852,25.023,0.000,0.000,0.0000
1247.020,-73.378,35.007,0.317,0.000,22.852,25.023,0.000,0.000,0.0000
1247.030,-73.378,35.007,0.317,0.000,22.852,25.023,0.000,0.000,0.0000
1247.040,-73.378,35.007,0.317,0.000,22.852,25.023,0.000,0.000,0.0000
1247.050,-73.378,35.007,0.317,0.000,22.852,25.023,0.000,0.000,0.0000
1247.060,-73.378,35.007,0.317,0.000,22.852,25.023,0.000,0.000,0.0000
1247.070,-73.378,35.007,0.317,0.000,22.852,25.023,0.000,0.000,0.0000
1247.080,-73.378,35.007,0.317,0.000,22.852,25.023,0.000,0.000,0.0000
1247.090,-73.378,35.007,0.317,0.000,22.852,25.023,0.000,0.000,0.0000
1247.100,-73.378,35.007,0.317,0.000,22.852,25.023,0.000,0.000,0.0000
1247.110,-73.378,35.007,0.317,0.000,22.852,25.023,0.000,0.000,0.0000
1247.120,-73.378,35.007,0.317,0.000,22.852,25.023,0.000,0.000,0.0000
1247.130,-73.378,35.007,0.317,0.000,22.852,25.023,0.000,0.000,0.0000
1247.140,-73.378,35.007,0.317,0.000,22.852,25.023,0.000,0.000,0.0000
1247.150,-73.378,35.007,0.317,0.000,22.852,25.023,0.000,0.000,0.0000
1247.160,-73.378,35.007,0.317,0.000,22.852,25.023,0.000,0.000,0.0000
1247.170,-73.378,35.007,0.317,0.000,22.852,25.023,0.000,0.000,0.0000
1247.180,-73.378,35.007,0.317,0.000,22.852,25.023,0.000,0.000,0.0000
1247.190,-73.378,35.007,0.317,0.000,22.852,25.023,0.000,0.000,0.0000
1247.200,-73.378,35.007,0.317,0.000,22.852,25.023,0.000,0.000,0.0000
1247.210,-73.378,35.007,0.317,0.000,22.852,25.023,0.000,0.000,0.0000
1247.220,-73.378,35.007,0.317,0.000,22.852,25.023,0.000,0.000,0.0000
1247.230,-73.378,35.007,0.317,0.000,22.852,25.023,0.000,0.000,0.0000
1247.240,-73.378,35.007,0.317,0.000,22.852,25.023,0.000,0.000,0.0000
1247.250,-73.378,35.007,0.317,0.000,22.852,25.023,0.000,0.000,0.0000
1247.260,-73.378,35.007,0.317,0.000,22.852,25.023,0.000,0.000,0.0000
1247.270,-73.378,35.007,0.317,0.000,22.852,25.023,0.000,0.000,0.0000
1247.280,-73.378,35.007,0.317,0.000,22.852,25.023,0.000,0.000,0.0000
1247.290,-73.378,35.007,0.317,0.000,22.852,25.023,0.000,0.000,0.0000
1247.300,-73.378,35.007,0.317,0.000,22.852,25.023,0.000,0.000,0.0000
1247.310,-73.378,35.007,0.317,0.000,22.852,25.023,0.000,0.000,0.0000
1247.320,-73.378,35.007,0.317,0.000,22.852,25.023,0.000,0.000,0.0000
1247.330,-73.378,35.007,0.317,0.000,22.852,25.023,0.000,0.000,0.0000
1247.340,-73.378,35.007,0.317,0.000,22.852,25.023,0.000,0.000,0.0000
1247.350,-73.378,35.007,0.317,0.000,22.852,25.023,0.000,0.000,0.0000
1247.360,-73.378,35.007,0.317,0.000,22.852,25.023,0.000,0.000,0.0000
1247.370,-73.378,35.007,0.317,0.000,22.852,25.023,0.040,0.000,0.0000
1247.380,-73.378,35.007,0.317,0.014,22.852,25.023,0.080,0.000,0.0000
1247.390,-73.377,35.007,0.317,0.041,22.853,25.023,0.120,0.000,0.0000
1247.400,-73.377,35.007,0.317,0.075,22.853,25.024,0.160,0.000,0.0000
1247.410,-73.375,35.007,0.316,0.114,22.855,25.025,0.200,0.000,0.0000
1247.420,-73.374,35.008,0.316,0.155,22.856,25.027,0.240,0.000,0.0000
1247.430,-73.372,35.008,0.316,0.196,22.858,25.029,0.280,0.000,0.0000
1247.440,-73.370,35.009,0.315,0.236,22.860,25.031,0.320,0.000,0.0000
1247.450,-73.367,35.009,0.315,0.276,22.863,25.034,0.360,0.000,0.0000
1247.460,-73.364,35.010,0.314,0.314,22.866,25.037,0.400,0.000,0.0000
1247.470,-73.360,35.011,0.314,0.353,22.870,25.040,0.440,0.000,0.0000
1247.480,-73.357,35.012,0.313,0.391,22.873,25.044,0.480,0.000,0.0000
1247.490,-73.352,35.012,0.312,0.429,22.878,25.048,0.520,0.000,0.0000
1247.500,-73.348,35.014,0.312,0.467,22.882,25.052,0.560,0.000,0.0000
1247.510,-73.343,35.015,0.311,0.506,22.887,25.057,0.600,0.000,0.0000
1247.520,-73.337,35.016,0.311,0.545,22.893,25.062,0.640,0.000,0.0000
1247.530,-73.331,35.017,0.310,0.584,22.899,25.068,0.680,0.000,0.0000
1247.540,-73.325,35.019,0.310,0.623,22.905,25.074,0.720,0.000,0.0000
1247.550,-73.319,35.020,0.309,0.662,22.911,25.080,0.760,0.000,0.0000
1247.560,-73.312,35.022,0.309,0.702,22.918,25.086,0.800,0.000,0.0000
1247.570,-73.304,35.023,0.309,0.741,22.926,25.093,0.840,0.000,0.0000
1247.580,-73.296,35.025,0.308,0.781,22.934,25.100,0.880,0.000,0.0000
1247.590,-73.288,35.027,0.308,0.820,22.942,25.108,0.920,0.000,0.0000
1247.600,-73.280,35.029,0.308,0.860,22.950,25.116,0.960,0.000,0.0000
1247.610,-73.271,35.031,0.308,0.900,22.959,25.124,1.000,0.000,0.0000
1247.620,-73.261,35.033,0.308,0.939,22.969,25.132,1.000,0.000,0.0000
1247.630,-73.251,35.035,0.308,0.979,22.979,25.141,1.000,0.000,0.0000
1247.640,-73.241,35.037,0.308,1.019,22.989,25.150,1.000,0.000,0.0000
1247.650,-73.231,35.040,0.308,1.058,22.999,25.160,1.000,0.000,0.0000
1247.660,-73.220,35.042,0.308,1.096,23.010,25.170,1.000,0.000,0.0000
1247.670,-73.208,35.045,0.308,1.133,23.022,25.180,1.000,0.000,0.0000
1247.680,-73.197,35.047,0.308,1.170,23.033,25.191,1.000,0.000,0.0000
1247.690,-73.185,35.050,0.308,1.209,23.045,25.202,1.000,0.000,0.0000
1247.700,-73.172,35.053,0.308,1.247,23.058,25.213,1.000,0.000,0.0000
1247.710,-73.159,35.056,0.309,1.286,23.071,25.224,1.000,0.000,0.0000
1247.720,-73.146,35.059,0.309,1.326,23.084,25.236,1.000,0.000,0.0000
1247.730,-73.132,35.062,0.309,1.365,23.098,25.248,1.000,0.000,0.0000
1247.740,-73.118,35.065,0.309,1.404,23.112,25.261,1.000,0.000,0.0000
1247.750,-73.104,35.068,0.309,1.443,23.126,25.274,1.000,0.000,0.0000
1247.760,-73.089,35.071,0.310,1.482,23.141,25.287,1.000,0.000,0.0000
1247.770,-73.074,35.075,0.310,1.521,23.156,25.301,1.000,0.000,0.0000
1247.780,-73.058,35.078,0.310,1.559,23.172,25.315,1.000,0.000,0.0000
1247.790,-73.042,35.082,0.310,1.598,23.188,25.330,1.000,0.000,0.0000
1247.800,-73.026,35.085,0.310,1.636,23.204,25.344,1.000,0.000,0.0000
1247.810,-73.009,35.089,0.310,1.675,23.221,25.359,1.000,0.000,0.0000
1247.820,-72.992,35.093,0.311,1.714,23.238,25.375,1.000,0.000,0.0000
1247.830,-72.975,35.097,0.311,1.752,23.256,25.391,1.000,0.000,0.0000
1247.840,-72.957,35.101,0.311,1.791,23.273,25.407,1.000,0.000,0.0000
1247.850,-72.938,35.105,0.311,1.829,23.292,25.424,1.000,0.000,0.0000
1247.860,-72.920,35.109,0.311,1.868,23.310,25.440,1.000,0.000,0.0000
1247.870,-72.901,35.113,0.311,1.906,23.329,25.458,1.000,0.000,0.0000
1247.880,-72.881,35.118,0.311,1.945,23.349,25.475,1.000,0.000,0.0000
1247.890,-72.861,35.122,0.311,1.983,23.369,25.493,1.000,0.000,0.0000
1247.900,-72.841,35.126,0.311,2.022,23.389,25.512,1.000,0.000,0.0000
1247.910,-72.820,35.131,0.311,2.061,23.410,25.530,1.000,0.000,0.0000
1247.920,-72.799,35.136,0.311,2.099,23.431,25.549,1.000,0.000,0.0000
1247.930,-72.778,35.140,0.311,2.138,23.452,25.569,1.000,0.000,0.0000
1247.940,-72.756,35.145,0.311,2.177,23.474,25.589,1.000,0.000,0.0000
1247.950,-72.734,35.150,0.311,2.215,23.496,25.609,1.000,0.000,0.0000
1247.960,-72.712,35.155,0.311,2.254,23.518,25.629,1.000,0.000,0.0000
1247.970,-72.689,35.160,0.311,2.293,23.541,25.650,1.000,0.000,0.0000
1247.980,-72.665,35.166,0.311,2.332,23.565,25.671,1.000,0.000,0.0000
1247.990,-72.642,35.171,0.311,2.370,23.588,25.693,1.000,0.000,0.0000
1248.000,-72.618,35.176,0.311,2.409,23.612,25.715,1.000,0.000,0.0000
1248.010,-72.593,35.182,0.311,2.448,23.637,25.737,1.000,0.000,0.0000
1248.020,-72.568,35.187,0.310,2.487,23.662,25.760,1.000,0.000,0.0000
1248.030,-72.543,35.193,0.310,2.525,23.687,25.783,1.000,0.000,0.0000
1248.040,-72.517,35.199,0.310,2.564,23.713,25.806,1.000,0.000,0.0000
1248.050,-72.491,35.204,0.310,2.603,23.739,25.830,1.000,0.000,0.0000
1248.060,-72.465,35.210,0.310,2.642,23.765,25.854,1.000,0.000,0.0000
1248.070,-72.438,35.216,0.310,2.680,23.792,25.878,1.000,0.000,0.0000
1248.080,-72.411,35.222,0.310,2.719,23.819,25.903,1.000,0.000,0.0000
1248.090,-72.383,35.228,0.310,2.758,23.847,25.928,1.000,0.000,0.0000
1248.100,-72.355,35.235,0.310,2.796,23.875,25.954,1.000,0.000,0.0000
1248.110,-72.327,35.241,0.310,2.836,23.903,25.980,1.000,0.000,0.0000
1248.120,-72.298,35.247,0.310,2.877,23.932,26.006,1.000,0.000,0.0000
1248.130,-72.269,35.254,0.310,2.917,23.961,26.033,1.000,0.000,0.0000
1248.140,-72.240,35.261,0.310,2.956,23.991,26.059,1.000,0.000,0.0000
1248.150,-72.210,35.267,0.310,2.995,24.020,26.087,1.000,0.000,0.0000
1248.160,-72.179,35.274,0.310,3.035,24.051,26.114,1.000,0.000,0.0000
1248.170,-72.148,35.281,0.310,3.071,24.082,26.142,1.000,0.000,0.0000
1248.180,-72.117,35.288,0.310,3.107,24.113,26.171,1.000,0.000,0.0000
1248.190,-72.086,35.294,0.310,3.145,24.144,26.200,1.000,0.000,0.0000
1248.200,-72.054,35.301,0.310,3.183,24.176,26.229,1.000,0.000,0.0000
1248.210,-72.022,35.309,0.310,3.222,24.208,26.258,1.000,0.000,0.0000
1248.220,-71.989,35.316,0.310,3.261,24.241,26.288,1.000,0.000,0.0000
1248.230,-71.956,35.323,0.310,3.300,24.274,26.318,1.000,0.000,0.0000
1248.240,-71.923,35.330,0.310,3.340,24.307,26.348,1.000,0.000,0.0000
1248.250,-71.889,35.338,0.310,3.379,24.341,26.379,1.000,0.000,0.0000
1248.260,-71.855,35.345,0.310,3.418,24.375,26.411,1.000,0.000,0.0000
1248.270,-71.820,35.353,0.310,3.458,24.410,26.442,1.000,0.000,0.0000
1248.280,-71.785,35.361,0.310,3.497,24.445,26.474,1.000,0.000,0.0000
1248.290,-71.750,35.369,0.310,3.536,24.480,26.506,1.000,0.000,0.0000
1248.300,-71.714,35.377,0.310,3.575,24.516,26.539,1.000,0.000,0.0000
1248.310,-71.678,35.385,0.310,3.614,24.552,26.572,1.000,0.000,0.0000
1248.320,-71.642,35.393,0.310,3.652,24.588,26.606,1.000,0.000,0.0000
1248.330,-71.605,35.401,0.310,3.691,24.625,26.639,1.000,0.000,0.0000
1248.340,-71.567,35.409,0.310,3.730,24.663,26.674,1.000,0.000,0.0000
1248.350,-71.530,35.418,0.310,3.769,24.700,26.708,1.000,0.000,0.0000
1248.360,-71.492,35.426,0.310,3.808,24.738,26.743,1.000,0.000,0.0000
1248.370,-71.453,35.435,0.310,3.846,24.777,26.778,1.000,0.000,0.0000
1248.380,-71.414,35.443,0.310,3.885,24.816,26.814,1.000,0.000,0.0000
1248.390,-71.375,35.452,0.310,3.923,24.855,26.850,1.000,0.000,0.0000
1248.400,-71.335,35.461,0.310,3.962,24.895,26.886,1.000,0.000,0.0000
1248.410,-71.295,35.470,0.310,4.000,24.935,26.923,1.000,0.000,0.0000
1248.420,-71.255,35.479,0.310,4.038,24.975,26.960,1.000,0.000,0.0000
1248.430,-71.214,35.488,0.310,4.077,25.016,26.997,1.000,0.000,0.0000
1248.440,-71.173,35.497,0.310,4.116,25.057,27.035,1.000,0.000,0.0000
1248.450,-71.132,35.506,0.310,4.155,25.098,27.073,1.000,0.000,0.0000
1248.460,-71.090,35.516,0.310,4.194,25.140,27.112,1.000,0.000,0.0000
1248.470,-71.047,35.525,0.310,4.230,25.183,27.151,1.000,0.000,0.0000
1248.480,-71.005,35.535,0.310,4.266,25.225,27.190,1.000,0.000,0.0000
1248.490,-70.962,35.545,0.310,4.303,25.268,27.229,1.000,0.000,0.0000
1248.500,-70.918,35.554,0.310,4.341,25.312,27.269,1.000,0.000,0.0000
1248.510,-70.875,35.564,0.310,4.380,25.356,27.310,1.000,0.000,0.0000
1248.520,-70.830,35.574,0.310,4.420,25.400,27.350,1.000,0.000,0.0000
1248.530,-70.786,35.584,0.310,4.460,25.444,27.391,1.000,0.000,0.0000
1248.540,-70.741,35.594,0.310,4.500,25.489,27.433,1.000,0.000,0.0000
1248.550,-70.695,35.604,0.310,4.540,25.535,27.475,1.000,0.000,0.0000
1248.560,-70.650,35.615,0.310,4.579,25.580,27.517,1.000,0.000,0.0000
1248.570,-70.603,35.625,0.310,4.619,25.627,27.559,1.000,0.000,0.0000
1248.580,-70.557,35.635,0.310,4.659,25.673,27.602,1.000,0.000,0.0000
1248.590,-70.510,35.646,0.310,4.698,25.720,27.646,1.000,0.000,0.0000
1248.600,-70.462,35.657,0.310,4.737,25.768,27.689,1.000,0.000,0.0000
1248.610,-70.415,35.667,0.310,4.776,25.815,27.733,1.000,0.000,0.0000
1248.620,-70.366,35.678,0.310,4.815,25.864,27.778,1.000,0.000,0.0000
1248.630,-70.318,35.689,0.310,4.854,25.912,27.823,1.000,0.000,0.0000
1248.640,-70.269,35.700,0.310,4.892,25.961,27.868,1.000,0.000,0.0000
1248.650,-70.220,35.711,0.310,4.931,26.010,27.913,1.000,0.000,0.0000
1248.660,-70.170,35.722,0.310,4.969,26.060,27.959,1.000,0.000,0.0000
1248.670,-70.120,35.733,0.310,5.007,26.110,28.005,1.000,0.000,0.0000
1248.680,-70.069,35.744,0.310,5.046,26.161,28.052,1.000,0.000,0.0000
1248.690,-70.019,35.756,0.310,5.081,26.211,28.099,1.000,0.000,0.0000
1248.700,-69.967,35.767,0.310,5.121,26.263,28.146,1.000,0.000,0.0000
1248.710,-69.916,35.779,0.310,5.157,26.314,28.194,1.000,0.000,0.0000
1248.720,-69.864,35.790,0.310,5.195,26.366,28.242,1.000,0.000,0.0000
1248.730,-69.812,35.802,0.310,5.233,26.418,28.291,1.000,0.000,0.0000
1248.740,-69.759,35.813,0.310,5.273,26.471,28.339,1.000,0.000,0.0000
1248.750,-69.706,35.825,0.310,5.313,26.524,28.389,1.000,0.000,0.0000
1248.760,-69.652,35.837,0.310,5.354,26.578,28.438,1.000,0.000,0.0000
1248.770,-69.598,35.849,0.310,5.394,26.632,28.488,1.000,0.000,0.0000
1248.780,-69.544,35.861,0.310,5.434,26.686,28.539,1.000,0.000,0.0000
1248.790,-69.489,35.873,0.310,5.474,26.741,28.589,1.000,0.000,0.0000
1248.800,-69.434,35.885,0.310,5.514,26.796,28.640,1.000,0.000,0.0000
1248.810,-69.379,35.898,0.310,5.554,26.852,28.692,1.000,0.000,0.0080
1248.820,-69.323,35.910,0.310,5.592,26.907,28.744,1.000,0.000,0.0160
1248.830,-69.266,35.923,0.310,5.629,26.964,28.796,1.000,0.000,0.0240
1248.840,-69.210,35.935,0.310,5.665,27.020,28.849,1.000,0.000,0.0320
1248.850,-69.153,35.948,0.310,5.701,27.077,28.902,1.000,0.000,0.0400
1248.860,-69.095,35.960,0.310,5.738,27.135,28.955,1.000,0.000,0.0480
1248.870,-69.038,35.973,0.310,5.774,27.192,29.009,1.000,0.000,0.0560
1248.880,-68.979,35.986,0.310,5.810,27.251,29.063,1.000,0.000,0.0640
1248.890,-68.921,35.999,0.310,5.847,27.309,29.117,1.000,0.000,0.0720
1248.900,-68.862,36.012,0.310,5.884,27.368,29.172,1.000,0.000,0.0800
1248.910,-68.803,36.025,0.310,5.933,27.427,29.227,1.000,0.000,0.0880
1248.920,-68.743,36.038,0.310,5.981,27.487,29.283,1.000,0.000,0.0960
1248.930,-68.685,36.052,0.311,5.783,27.545,29.336,1.000,0.000,0.1040
1248.940,-68.627,36.066,0.311,5.838,27.603,29.391,1.000,0.000,0.1120
1248.950,-68.568,36.079,0.311,5.905,27.662,29.446,1.000,0.000,0.1200
1248.960,-68.508,36.093,0.311,5.999,27.722,29.501,1.000,0.000,0.1280
1248.970,-68.447,36.107,0.311,6.050,27.783,29.558,1.000,0.000,0.1360
1248.980,-68.386,36.120,0.311,6.095,27.844,29.615,1.000,0.000,0.1440
1248.990,-68.326,36.133,0.312,5.992,27.904,29.670,1.000,0.000,0.1520
1249.000,-68.266,36.146,0.312,6.052,27.964,29.727,1.000,0.000,0.1600
1249.010,-68.205,36.159,0.312,6.129,28.025,29.784,0.940,0.000,0.1680
1249.020,-68.142,36.172,0.312,6.206,28.088,29.842,0.880,0.000,0.1760
1249.030,-68.080,36.185,0.312,6.269,28.150,29.900,0.820,0.000,0.1840
1249.040,-68.016,36.198,0.311,6.338,28.214,29.960,0.760,0.000,0.1920
1249.050,-67.952,36.211,0.311,6.399,28.278,30.020,0.700,0.000,0.2000
1249.060,-67.888,36.223,0.311,6.448,28.342,30.080,0.640,0.000,0.1700
1249.070,-67.823,36.236,0.311,6.474,28.407,30.141,0.580,0.000,0.1400
1249.080,-67.759,36.248,0.310,6.467,28.471,30.201,0.520,0.000,0.1100
1249.090,-67.694,36.260,0.311,6.450,28.536,30.261,0.460,0.000,0.0800
1249.100,-67.630,36.272,0.311,6.445,28.600,30.322,0.400,0.000,0.0500
1249.110,-67.565,36.284,0.311,6.437,28.665,30.382,0.340,0.000,0.0200
1249.120,-67.501,36.295,0.311,6.425,28.729,30.442,0.280,0.000,0.0000
1249.130,-67.437,36.307,0.312,6.409,28.793,30.502,0.220,0.000,0.0000
1249.140,-67.373,36.318,0.312,6.392,28.857,30.561,0.160,0.000,0.0000
1249.150,-67.309,36.329,0.313,6.372,28.921,30.621,0.100,0.000,0.0000
1249.160,-67.246,36.340,0.314,6.349,28.984,30.680,0.040,0.000,0.0000
1249.170,-67.183,36.351,0.315,6.324,29.048,30.739,0.000,0.000,0.0000
1249.180,-67.119,36.361,0.315,6.301,29.111,30.798,0.000,0.000,0.0000
1249.190,-67.057,36.371,0.316,6.274,29.173,30.856,0.000,0.000,0.0000
1249.200,-66.994,36.382,0.317,6.241,29.236,30.915,0.000,0.000,0.0000
1249.210,-66.932,36.392,0.318,6.202,29.298,30.972,0.000,0.000,0.0000
1249.220,-66.871,36.402,0.319,6.157,29.359,31.030,0.000,0.000,0.0000
1249.230,-66.810,36.412,0.320,6.110,29.420,31.087,0.000,0.000,0.0000
1249.240,-66.749,36.422,0.321,6.062,29.481,31.143,0.000,0.000,0.0000
1249.250,-66.689,36.431,0.322,6.016,29.541,31.200,0.000,0.000,0.0000
1249.260,-66.629,36.441,0.323,5.972,29.601,31.255,0.000,0.000,0.0000
1249.270,-66.570,36.451,0.324,5.929,29.660,31.311,0.000,0.000,0.0000
1249.280,-66.511,36.460,0.324,5.888,29.719,31.366,0.000,0.000,0.0000
1249.290,-66.453,36.470,0.325,5.847,29.777,31.421,0.000,0.000,0.0000
1249.300,-66.394,36.479,0.326,5.810,29.836,31.475,0.000,0.000,0.0000
1249.310,-66.337,36.488,0.326,5.773,29.893,31.529,0.000,0.000,0.0000
1249.320,-66.279,36.497,0.327,5.734,29.951,31.583,0.000,0.000,0.0000
1249.330,-66.222,36.507,0.327,5.695,30.008,31.636,0.000,0.000,0.0000
1249.340,-66.166,36.516,0.327,5.654,30.064,31.690,0.000,0.000,0.0000
1249.350,-66.110,36.525,0.328,5.613,30.120,31.742,0.000,0.000,0.0000
1249.360,-66.054,36.534,0.328,5.571,30.176,31.795,0.000,0.000,0.0000
1249.370,-65.999,36.543,0.328,5.527,30.231,31.847,0.000,0.000,0.0000
1249.380,-65.944,36.552,0.328,5.481,30.286,31.898,0.000,0.000,0.0000
1249.390,-65.890,36.561,0.328,5.434,30.340,31.950,0.000,0.000,0.0000
1249.400,-65.836,36.569,0.328,5.390,30.394,32.000,0.040,0.000,0.0000
1249.410,-65.782,36.578,0.328,5.347,30.448,32.051,0.080,0.000,0.0000
1249.420,-65.729,36.587,0.328,5.305,30.501,32.101,0.120,0.000,0.0000
1249.430,-65.677,36.596,0.328,5.232,30.553,32.150,0.160,0.000,0.0000
1249.440,-65.625,36.605,0.330,5.209,30.605,32.199,0.200,0.000,0.0000
1249.450,-65.573,36.614,0.331,5.186,30.657,32.247,0.240,0.000,0.0000
1249.460,-65.521,36.622,0.333,5.158,30.709,32.295,0.280,0.000,0.0000
1249.470,-65.470,36.631,0.334,5.123,30.760,32.343,0.320,0.000,0.0000
1249.480,-65.420,36.640,0.337,5.064,30.810,32.390,0.360,0.000,0.0000
1249.490,-65.369,36.648,0.340,5.046,30.861,32.437,0.400,0.000,0.0000
1249.500,-65.319,36.657,0.343,5.026,30.911,32.483,0.440,0.000,0.0000
1249.510,-65.269,36.665,0.346,4.999,30.961,32.529,0.480,0.000,0.0000
1249.520,-65.219,36.673,0.349,4.992,31.011,32.575,0.520,0.000,0.0000
1249.530,-65.169,36.681,0.352,5.005,31.061,32.621,0.560,0.000,0.0000
1249.540,-65.119,36.689,0.355,5.032,31.111,32.668,0.600,0.000,0.0000
1249.550,-65.069,36.697,0.357,5.068,31.161,32.715,0.640,0.000,0.0000
1249.560,-65.018,36.705,0.359,5.107,31.212,32.763,0.680,0.000,0.0000
1249.570,-64.966,36.713,0.361,5.147,31.264,32.811,0.720,0.000,0.0000
1249.580,-64.914,36.721,0.362,5.187,31.316,32.859,0.760,0.000,0.0000
1249.590,-64.862,36.729,0.364,5.224,31.368,32.908,0.800,0.000,0.0000
1249.600,-64.809,36.738,0.364,5.260,31.421,32.958,0.840,0.000,0.0000
1249.610,-64.757,36.746,0.365,5.296,31.474,33.008,0.880,0.000,0.0000
1249.620,-64.703,36.754,0.365,5.334,31.527,33.058,0.920,0.000,0.0000
1249.630,-64.649,36.763,0.365,5.372,31.581,33.109,0.960,0.000,0.0000
1249.640,-64.595,36.771,0.365,5.410,31.635,33.160,1.000,0.000,0.0000
1249.650,-64.541,36.780,0.365,5.448,31.689,33.212,1.000,0.000,0.0080
1249.660,-64.486,36.788,0.364,5.485,31.744,33.264,1.000,0.000,0.0160
1249.670,-64.431,36.797,0.363,5.523,31.799,33.317,1.000,0.000,0.0240
1249.680,-64.375,36.806,0.363,5.562,31.855,33.370,1.000,0.000,0.0320
1249.690,-64.319,36.815,0.362,5.597,31.911,33.423,1.000,0.000,0.0400
1249.700,-64.263,36.824,0.360,5.629,31.967,33.477,1.000,0.000,0.0480
1249.710,-64.206,36.833,0.359,5.660,32.024,33.531,1.000,0.000,0.0560
1249.720,-64.149,36.842,0.358,5.694,32.081,33.585,1.000,0.000,0.0640
1249.730,-64.092,36.851,0.357,5.730,32.138,33.640,1.000,0.000,0.0720
1249.740,-64.035,36.860,0.356,5.767,32.196,33.695,1.000,0.000,0.0800
1249.750,-63.976,36.869,0.354,5.805,32.254,33.750,1.000,0.000,0.0880
1249.760,-63.918,36.878,0.353,5.843,32.312,33.806,1.000,0.000,0.0960
1249.770,-63.859,36.888,0.352,5.880,32.371,33.862,1.000,0.000,0.1040
1249.780,-63.800,36.897,0.351,5.919,32.430,33.919,1.000,0.000,0.1120
1249.790,-63.741,36.906,0.350,5.960,32.490,33.976,1.000,0.000,0.1200
1249.800,-63.680,36.916,0.349,6.004,32.550,34.033,1.000,0.000,0.1280
1249.810,-63.620,36.925,0.348,6.051,32.610,34.091,1.000,0.000,0.1360
1249.820,-63.559,36.935,0.347,6.101,32.671,34.149,1.000,0.000,0.1440
1249.830,-63.497,36.944,0.347,6.151,32.733,34.208,1.000,0.000,0.1520
1249.840,-63.435,36.954,0.346,6.202,32.795,34.267,1.000,0.000,0.1600
1249.850,-63.373,36.963,0.346,6.252,32.857,34.326,1.000,0.000,0.1680
1249.860,-63.310,36.972,0.345,6.299,32.920,34.386,1.000,0.000,0.1760
1249.870,-63.247,36.981,0.345,6.341,32.983,34.447,1.000,0.000,0.1840
1249.880,-63.183,36.991,0.345,6.381,33.047,34.507,1.000,0.000,0.1920
1249.890,-63.119,37.000,0.345,6.419,33.112,34.569,1.000,0.000,0.2000
1249.900,-63.054,37.008,0.345,6.459,33.176,34.630,1.000,0.000,0.2080
1249.910,-62.989,37.017,0.345,6.495,33.241,34.692,1.000,0.000,0.2160
1249.920,-62.924,37.025,0.345,6.528,33.306,34.754,1.000,0.000,0.2240
1249.930,-62.858,37.034,0.345,6.550,33.372,34.816,1.000,0.000,0.2320
1249.940,-62.793,37.042,0.346,6.562,33.437,34.878,1.000,0.000,0.2400
1249.950,-62.727,37.050,0.346,6.570,33.503,34.941,1.000,0.000,0.2480
1249.960,-62.661,37.057,0.347,6.579,33.569,35.003,1.000,0.000,0.2560
1249.970,-62.595,37.065,0.348,6.589,33.635,35.066,1.000,0.000,0.2640
1249.980,-62.529,37.072,0.349,6.603,33.701,35.128,1.000,0.000,0.2720
1249.990,-62.463,37.079,0.349,6.617,33.767,35.191,1.000,0.000,0.2800
1250.000,-62.397,37.086,0.350,6.631,33.833,35.254,1.000,0.000,0.2880
1250.010,-62.330,37.093,0.351,6.644,33.900,35.317,1.000,0.000,0.2960
1250.020,-62.264,37.099,0.352,6.655,33.966,35.380,1.000,0.000,0.2660
1250.030,-62.197,37.105,0.353,6.669,34.033,35.444,1.000,0.000,0.2360
1250.040,-62.130,37.111,0.354,6.686,34.100,35.507,1.000,0.000,0.2060
1250.050,-62.063,37.116,0.355,6.711,34.167,35.571,0.940,0.000,0.1760
1250.060,-61.996,37.121,0.355,6.744,34.234,35.635,0.880,0.000,0.1460
1250.070,-61.928,37.126,0.356,6.785,34.302,35.700,0.820,0.000,0.1160
1250.080,-61.860,37.130,0.356,6.833,34.371,35.765,0.760,0.000,0.0860
1250.090,-61.791,37.134,0.356,6.885,34.439,35.830,0.700,0.000,0.0560
1250.100,-61.721,37.138,0.357,6.943,34.509,35.897,0.640,0.000,0.0260
1250.110,-61.651,37.142,0.356,6.990,34.579,35.963,0.580,0.000,0.0000
1250.120,-61.581,37.145,0.356,7.025,34.649,36.031,0.520,0.000,0.0000
1250.130,-61.511,37.148,0.356,7.054,34.720,36.098,0.460,0.000,0.0000
1250.140,-61.440,37.151,0.356,7.079,34.790,36.166,0.400,0.000,0.0000
1250.150,-61.369,37.153,0.356,7.102,34.861,36.234,0.340,0.000,0.0000
1250.160,-61.298,37.155,0.356,7.106,34.932,36.302,0.280,0.000,0.0000
1250.170,-61.227,37.157,0.356,7.094,35.003,36.369,0.220,0.000,0.0000
1250.180,-61.156,37.159,0.356,7.065,35.074,36.437,0.160,0.000,0.0000
1250.190,-61.086,37.161,0.356,7.023,35.144,36.504,0.100,0.000,0.0000
1250.200,-61.016,37.163,0.356,6.979,35.214,36.571,0.040,0.000,0.0000
1250.210,-60.947,37.164,0.356,6.941,35.283,36.637,0.000,0.000,0.0000
1250.220,-60.878,37.166,0.357,6.909,35.352,36.703,0.000,0.000,0.0000
1250.230,-60.809,37.167,0.357,6.882,35.421,36.769,0.000,0.000,0.0000
1250.240,-60.740,37.169,0.358,6.858,35.490,36.834,0.000,0.000,0.0000
1250.250,-60.672,37.170,0.358,6.829,35.558,36.900,0.000,0.000,0.0000
1250.260,-60.604,37.171,0.359,6.795,35.626,36.964,0.000,0.000,0.0000
1250.270,-60.536,37.173,0.359,6.757,35.694,37.029,0.000,0.000,0.0000
1250.280,-60.469,37.174,0.360,6.718,35.761,37.093,0.000,0.000,0.0000
1250.290,-60.403,37.175,0.361,6.660,35.827,37.157,0.000,0.000,0.0000
1250.300,-60.336,37.177,0.361,6.656,35.894,37.220,0.000,0.000,0.0000
1250.310,-60.269,37.178,0.362,6.654,35.961,37.284,0.000,0.000,0.0000
1250.320,-60.203,37.179,0.362,6.651,36.027,37.348,0.000,0.000,0.0000
1250.330,-60.137,37.180,0.362,6.648,36.094,37.411,0.000,0.000,0.0000
1250.340,-60.070,37.181,0.362,6.614,36.160,37.475,0.000,0.000,0.0000
1250.350,-60.004,37.183,0.362,6.610,36.226,37.538,0.000,0.000,0.0000
1250.360,-59.939,37.184,0.363,6.518,36.291,37.601,0.000,0.000,0.0000
1250.370,-59.874,37.185,0.363,6.462,36.356,37.662,0.000,0.000,0.0000
1250.380,-59.811,37.186,0.363,6.378,36.419,37.723,0.000,0.000,0.0000
1250.390,-59.748,37.187,0.364,6.303,36.482,37.784,0.040,0.000,0.0000
1250.400,-59.685,37.188,0.364,6.239,36.545,37.843,0.080,0.000,0.0000
1250.410,-59.623,37.190,0.365,6.185,36.607,37.903,0.120,0.000,0.0000
1250.420,-59.562,37.191,0.366,6.137,36.668,37.961,0.160,0.000,0.0000
1250.430,-59.501,37.192,0.366,6.092,36.729,38.020,0.200,0.000,0.0000
1250.440,-59.441,37.193,0.366,6.049,36.789,38.078,0.240,0.000,0.0000
1250.450,-59.381,37.194,0.367,6.005,36.849,38.135,0.280,0.000,0.0000
1250.460,-59.321,37.195,0.367,5.961,36.909,38.192,0.320,0.000,0.0000
1250.470,-59.262,37.196,0.367,5.919,36.968,38.249,0.360,0.000,0.0000
1250.480,-59.203,37.197,0.368,5.879,37.027,38.306,0.400,0.000,0.0000
1250.490,-59.145,37.199,0.368,5.839,37.085,38.362,0.440,0.000,0.0000
1250.500,-59.087,37.200,0.368,5.799,37.143,38.417,0.480,0.000,0.0000
1250.510,-59.029,37.201,0.368,5.757,37.201,38.473,0.520,0.000,0.0000
1250.520,-58.972,37.202,0.368,5.739,37.258,38.528,0.560,0.000,0.0000
1250.530,-58.914,37.203,0.368,5.742,37.316,38.583,0.600,0.000,0.0000
1250.540,-58.857,37.204,0.367,5.762,37.373,38.639,0.640,0.000,0.0000
1250.550,-58.799,37.204,0.367,5.795,37.431,38.694,0.680,0.000,0.0000
1250.560,-58.740,37.205,0.366,5.833,37.490,38.751,0.720,0.000,0.0000
1250.570,-58.682,37.206,0.365,5.874,37.548,38.808,0.760,0.000,0.0000
1250.580,-58.622,37.207,0.363,5.916,37.608,38.865,0.800,0.000,0.0000
1250.590,-58.563,37.208,0.362,5.956,37.667,38.922,0.840,0.000,0.0000
1250.600,-58.503,37.209,0.361,5.997,37.727,38.980,0.880,0.000,0.0000
1250.610,-58.443,37.209,0.359,6.036,37.787,39.039,0.920,0.000,0.0000
1250.620,-58.382,37.210,0.358,6.073,37.848,39.098,0.960,0.000,0.0000
1250.630,-58.321,37.211,0.356,6.110,37.909,39.157,1.000,0.000,0.0000
1250.640,-58.259,37.212,0.355,6.149,37.971,39.216,1.000,0.000,0.0000
1250.650,-58.197,37.213,0.353,6.191,38.033,39.276,1.000,0.000,0.0080
1250.660,-58.135,37.213,0.352,6.232,38.095,39.337,1.000,0.000,0.0160
1250.670,-58.072,37.214,0.351,6.274,38.158,39.398,1.000,0.000,0.0240
1250.680,-58.009,37.215,0.349,6.316,38.221,39.459,1.000,0.000,0.0320
1250.690,-57.946,37.216,0.348,6.358,38.284,39.520,1.000,0.000,0.0400
1250.700,-57.882,37.217,0.347,6.400,38.348,39.582,1.000,0.000,0.0480
1250.710,-57.817,37.217,0.346,6.443,38.413,39.644,1.000,0.000,0.0560
1250.720,-57.752,37.218,0.345,6.486,38.478,39.707,1.000,0.000,0.0640
1250.730,-57.687,37.219,0.345,6.529,38.543,39.770,1.000,0.000,0.0720
1250.740,-57.621,37.220,0.344,6.572,38.609,39.834,1.000,0.000,0.0800
1250.750,-57.555,37.221,0.344,6.615,38.675,39.897,1.000,0.000,0.0880
1250.760,-57.489,37.222,0.343,6.658,38.741,39.962,1.000,0.000,0.0960
1250.770,-57.422,37.222,0.344,6.695,38.808,40.026,1.000,0.000,0.1040
1250.780,-57.354,37.223,0.344,6.741,38.876,40.091,1.000,0.000,0.1120
1250.790,-57.287,37.222,0.343,6.782,38.943,40.157,1.000,0.000,0.1200
1250.800,-57.218,37.221,0.341,6.814,39.012,40.223,1.000,0.000,0.1280
1250.810,-57.150,37.220,0.337,6.855,39.080,40.290,1.000,0.000,0.1360
1250.820,-57.081,37.220,0.335,6.880,39.149,40.357,1.000,0.000,0.1440
1250.830,-57.012,37.220,0.331,6.931,39.218,40.425,1.000,0.000,0.1520
1250.840,-56.942,37.220,0.328,6.973,39.288,40.493,1.000,0.000,0.1600
1250.850,-56.872,37.220,0.324,7.025,39.358,40.561,1.000,0.000,0.1680
1250.860,-56.802,37.219,0.320,7.063,39.428,40.630,1.000,0.000,0.1380
1250.870,-56.731,37.219,0.317,7.106,39.499,40.700,1.000,0.000,0.1080
1250.880,-56.659,37.219,0.314,7.147,39.571,40.769,1.000,0.000,0.0780
1250.890,-56.588,37.219,0.310,7.185,39.643,40.840,1.000,0.000,0.0480
1250.900,-56.515,37.218,0.308,7.217,39.715,40.910,1.000,0.000,0.0180
1250.910,-56.443,37.218,0.305,7.242,39.787,40.980,1.000,0.000,0.0000
1250.920,-56.370,37.217,0.303,7.265,39.860,41.051,1.000,0.000,0.0000
1250.930,-56.297,37.216,0.301,7.296,39.933,41.122,1.000,0.000,0.0000
1250.940,-56.224,37.215,0.299,7.334,40.006,41.193,1.000,0.000,0.0000
1250.950,-56.150,37.213,0.298,7.377,40.080,41.265,1.000,0.000,0.0000
1250.960,-56.076,37.212,0.297,7.425,40.154,41.337,1.000,0.000,0.0000
1250.970,-56.001,37.210,0.296,7.478,40.229,41.409,1.000,0.000,0.0000
1250.980,-55.926,37.209,0.296,7.535,40.304,41.482,1.000,0.000,0.0000
1250.990,-55.850,37.207,0.295,7.590,40.380,41.556,1.000,0.000,0.0000
1251.000,-55.774,37.205,0.295,7.641,40.456,41.629,1.000,0.000,0.0000
1251.010,-55.697,37.203,0.295,7.688,40.533,41.704,1.000,0.000,0.0000
1251.020,-55.620,37.201,0.296,7.732,40.610,41.778,1.000,0.000,0.0000
1251.030,-55.542,37.199,0.296,7.774,40.688,41.853,1.000,0.000,0.0000
1251.040,-55.464,37.197,0.297,7.816,40.766,41.929,1.000,0.000,0.0000
1251.050,-55.385,37.194,0.298,7.857,40.845,42.004,1.000,0.000,0.0000
1251.060,-55.306,37.192,0.299,7.896,40.924,42.080,1.000,0.000,0.0000
1251.070,-55.227,37.190,0.300,7.935,41.003,42.157,1.000,0.000,0.0000
1251.080,-55.147,37.188,0.301,7.974,41.083,42.234,1.000,0.000,0.0000
1251.090,-55.067,37.185,0.302,8.015,41.163,42.311,1.000,0.000,0.0000
1251.100,-54.986,37.183,0.304,8.055,41.244,42.389,1.000,0.000,0.0000
1251.110,-54.905,37.180,0.305,8.095,41.325,42.467,1.000,0.000,0.0000
1251.120,-54.824,37.178,0.306,8.134,41.406,42.545,1.000,0.000,0.0000
1251.130,-54.742,37.176,0.307,8.171,41.488,42.624,1.000,0.000,0.0000
1251.140,-54.660,37.173,0.308,8.199,41.570,42.703,1.000,0.000,0.0000
1251.150,-54.578,37.171,0.310,8.231,41.652,42.782,1.000,0.000,0.0000
1251.160,-54.495,37.168,0.311,8.267,41.735,42.862,1.000,0.000,0.0000
1251.170,-54.412,37.166,0.312,8.306,41.818,42.942,1.000,0.000,0.0000
1251.180,-54.329,37.163,0.313,8.345,41.901,43.023,1.000,0.000,0.0000
1251.190,-54.245,37.161,0.313,8.382,41.985,43.104,1.000,0.000,0.0000
1251.200,-54.161,37.159,0.314,8.421,42.069,43.185,1.000,0.000,0.0000
1251.210,-54.076,37.156,0.315,8.462,42.154,43.267,1.000,0.000,0.0000
1251.220,-53.991,37.154,0.315,8.504,42.239,43.349,1.000,0.000,0.0000
1251.230,-53.906,37.152,0.315,8.547,42.324,43.432,1.000,0.000,0.0000
1251.240,-53.820,37.149,0.316,8.589,42.410,43.515,1.000,0.000,0.0000
1251.250,-53.734,37.147,0.316,8.629,42.496,43.599,1.000,0.000,0.0000
1251.260,-53.647,37.144,0.316,8.669,42.583,43.683,1.000,0.000,0.0000
1251.270,-53.560,37.142,0.316,8.706,42.670,43.767,1.000,0.000,0.0000
1251.280,-53.472,37.139,0.316,8.737,42.758,43.852,1.000,0.000,0.0000
1251.290,-53.385,37.137,0.315,8.771,42.845,43.937,1.000,0.000,0.0000
1251.300,-53.297,37.134,0.315,8.808,42.933,44.023,1.000,0.000,0.0000
1251.310,-53.208,37.131,0.315,8.848,43.022,44.109,1.000,0.000,0.0000
1251.320,-53.119,37.129,0.314,8.886,43.111,44.195,1.000,0.000,0.0000
1251.330,-53.030,37.126,0.314,8.926,43.200,44.282,1.000,0.000,0.0000
1251.340,-52.940,37.123,0.314,8.967,43.290,44.369,1.000,0.000,0.0000
1251.350,-52.850,37.120,0.313,9.010,43.380,44.456,1.000,0.000,0.0000
1251.360,-52.760,37.117,0.313,9.053,43.470,44.544,1.000,0.000,0.0000
1251.370,-52.669,37.114,0.312,9.096,43.561,44.633,1.000,0.000,0.0000
1251.380,-52.577,37.111,0.312,9.138,43.653,44.722,1.000,0.000,0.0000
1251.390,-52.486,37.109,0.311,9.179,43.744,44.811,1.000,0.000,0.0000
1251.400,-52.393,37.106,0.311,9.217,43.837,44.900,1.000,0.000,0.0000
1251.410,-52.301,37.102,0.310,9.254,43.929,44.990,1.000,0.000,0.0000
1251.420,-52.208,37.099,0.310,9.286,44.022,45.081,1.000,0.000,0.0000
1251.430,-52.115,37.096,0.310,9.322,44.115,45.171,1.000,0.000,0.0000
1251.440,-52.021,37.093,0.309,9.362,44.209,45.262,1.000,0.000,0.0000
1251.450,-51.927,37.090,0.309,9.400,44.303,45.354,1.000,0.000,0.0000
1251.460,-51.833,37.088,0.309,9.441,44.397,45.445,1.000,0.000,0.0000
1251.470,-51.738,37.085,0.309,9.483,44.492,45.538,1.000,0.000,0.0000
1251.480,-51.643,37.082,0.309,9.527,44.587,45.630,1.000,0.000,0.0000
1251.490,-51.547,37.079,0.308,9.572,44.683,45.723,1.000,0.000,0.0000
1251.500,-51.451,37.076,0.308,9.615,44.779,45.817,1.000,0.000,0.0000
1251.510,-51.354,37.073,0.308,9.658,44.876,45.911,1.000,0.000,0.0000
1251.520,-51.257,37.070,0.308,9.698,44.973,46.005,1.000,0.000,0.0000
1251.530,-51.160,37.067,0.308,9.737,45.070,46.100,1.000,0.000,0.0000
1251.540,-51.062,37.064,0.308,9.768,45.168,46.195,1.000,0.000,0.0000
1251.550,-50.964,37.061,0.308,9.802,45.266,46.290,1.000,0.000,0.0000
1251.560,-50.866,37.058,0.308,9.841,45.364,46.386,1.000,0.000,0.0000
1251.570,-50.767,37.055,0.309,9.881,45.463,46.482,1.000,0.000,0.0000
1251.580,-50.668,37.052,0.309,9.921,45.562,46.579,1.000,0.000,0.0000
1251.590,-50.568,37.049,0.309,9.963,45.662,46.676,1.000,0.000,0.0000
1251.600,-50.468,37.046,0.309,10.007,45.762,46.773,1.000,0.000,0.0000
1251.610,-50.368,37.043,0.309,10.051,45.862,46.871,1.000,0.000,0.0000
1251.620,-50.267,37.039,0.309,10.095,45.963,46.969,1.000,0.000,0.0000
1251.630,-50.165,37.036,0.309,10.137,46.065,47.068,1.000,0.000,0.0000
1251.640,-50.064,37.033,0.310,10.177,46.167,47.167,1.000,0.000,0.0000
1251.650,-49.961,37.030,0.310,10.214,46.269,47.266,1.000,0.000,0.0000
1251.660,-49.859,37.026,0.310,10.245,46.371,47.366,1.000,0.000,0.0000
1251.670,-49.756,37.023,0.310,10.280,46.474,47.466,1.000,0.000,0.0000
1251.680,-49.653,37.020,0.310,10.319,46.577,47.567,1.000,0.000,0.0000
1251.690,-49.549,37.016,0.310,10.358,46.681,47.667,1.000,0.000,0.0000
1251.700,-49.445,37.013,0.310,10.399,46.785,47.769,1.000,0.000,0.0000
1251.710,-49.341,37.010,0.311,10.442,46.889,47.871,1.000,0.000,0.0000
1251.720,-49.236,37.007,0.311,10.486,46.994,47.973,1.000,0.000,0.0000
1251.730,-49.131,37.003,0.311,10.530,47.099,48.075,1.000,0.000,0.0000
1251.740,-49.025,37.000,0.311,10.573,47.205,48.178,1.000,0.000,0.0000
1251.750,-48.919,36.997,0.311,10.614,47.311,48.282,1.000,0.000,0.0000
1251.760,-48.812,36.994,0.311,10.653,47.418,48.386,1.000,0.000,0.0000
1251.770,-48.706,36.990,0.311,10.682,47.524,48.490,1.000,0.000,0.0000
1251.780,-48.598,36.987,0.311,10.715,47.632,48.595,1.000,0.000,0.0000
1251.790,-48.491,36.984,0.311,10.753,47.739,48.699,1.000,0.000,0.0000
1251.800,-48.383,36.980,0.311,10.793,47.847,48.805,1.000,0.000,0.0000
1251.810,-48.275,36.977,0.311,10.833,47.955,48.910,1.000,0.000,0.0000
1251.820,-48.166,36.973,0.311,10.876,48.064,49.017,1.000,0.000,0.0000
1251.830,-48.057,36.970,0.311,10.920,48.173,49.123,1.000,0.000,0.0000
1251.840,-47.947,36.966,0.311,10.964,48.283,49.230,1.000,0.000,0.0000
1251.850,-47.837,36.963,0.311,11.007,48.393,49.338,1.000,0.000,0.0000
1251.860,-47.726,36.959,0.311,11.048,48.504,49.445,1.000,0.000,0.0000
1251.870,-47.616,36.956,0.311,11.087,48.614,49.554,1.000,0.000,0.0000
1251.880,-47.505,36.952,0.311,11.104,48.725,49.662,1.000,0.000,0.0000
1251.890,-47.393,36.948,0.311,11.113,48.837,49.771,1.000,0.000,0.0000
1251.900,-47.282,36.945,0.311,11.120,48.948,49.879,1.000,0.000,0.0000
1251.910,-47.171,36.941,0.311,11.125,49.059,49.988,1.000,0.000,0.0000
1251.920,-47.060,36.938,0.311,11.129,49.170,50.097,1.000,0.000,0.0000
1251.930,-46.948,36.934,0.312,11.135,49.282,50.205,1.000,0.000,0.0000
1251.940,-46.837,36.931,0.312,11.141,49.393,50.314,1.000,0.000,0.0000
1251.950,-46.725,36.927,0.312,11.146,49.505,50.423,1.000,0.000,0.0000
1251.960,-46.614,36.924,0.313,11.149,49.616,50.532,1.000,0.000,0.0000
1251.970,-46.502,36.921,0.313,11.150,49.728,50.641,1.000,0.000,0.0000
1251.980,-46.391,36.917,0.314,11.143,49.839,50.749,1.000,0.000,0.0000
1251.990,-46.280,36.914,0.314,11.131,49.950,50.858,1.000,0.000,0.0000
1252.000,-46.168,36.910,0.315,11.124,50.062,50.967,1.000,0.000,0.0000
1252.010,-46.057,36.907,0.315,11.122,50.173,51.075,1.000,0.000,0.0000
1252.020,-45.946,36.903,0.316,11.124,50.284,51.184,1.000,0.000,0.0000
1252.030,-45.835,36.900,0.316,11.128,50.395,51.293,1.000,0.000,0.0000
1252.040,-45.723,36.896,0.317,11.133,50.507,51.402,1.000,0.000,0.0000
1252.050,-45.612,36.892,0.317,11.138,50.618,51.510,1.000,0.000,0.0000
1252.060,-45.501,36.889,0.318,11.143,50.729,51.619,1.000,0.000,0.0000
1252.070,-45.389,36.885,0.318,11.140,50.841,51.728,1.000,0.000,0.0000
1252.080,-45.278,36.881,0.318,11.134,50.952,51.837,1.000,0.000,0.0000
1252.090,-45.167,36.878,0.319,11.120,51.063,51.946,1.000,0.000,0.0000
1252.100,-45.056,36.874,0.319,11.112,51.174,52.055,1.000,0.000,0.0000
1252.110,-44.944,36.870,0.319,11.108,51.286,52.163,1.000,0.000,0.0000
1252.120,-44.833,36.867,0.319,11.110,51.397,52.272,1.000,0.000,0.0000
1252.130,-44.722,36.863,0.319,11.113,51.508,52.381,1.000,0.000,0.0000
1252.140,-44.611,36.860,0.319,11.119,51.619,52.490,1.000,0.000,0.0000
1252.150,-44.500,36.856,0.319,11.125,51.730,52.599,1.000,0.000,0.0000
1252.160,-44.389,36.853,0.319,11.130,51.842,52.707,1.000,0.000,0.0000
1252.170,-44.277,36.849,0.319,11.133,51.953,52.817,1.000,0.000,0.0000
1252.180,-44.166,36.846,0.319,11.130,52.064,52.926,1.000,0.000,0.0000
1252.190,-44.055,36.842,0.319,11.124,52.175,53.035,1.000,0.000,0.0000
1252.200,-43.944,36.839,0.319,11.112,52.286,53.143,1.000,0.000,0.0000
1252.210,-43.832,36.835,0.319,11.104,52.398,53.252,1.000,0.000,0.0000
1252.220,-43.721,36.832,0.319,11.102,52.509,53.361,1.000,0.000,0.0000
1252.230,-43.610,36.828,0.318,11.104,52.620,53.470,1.000,0.000,0.0000
1252.240,-43.499,36.825,0.318,11.109,52.731,53.579,1.000,0.000,0.0000
1252.250,-43.388,36.821,0.318,11.114,52.842,53.688,1.000,0.000,0.0000
1252.260,-43.277,36.817,0.318,11.121,52.953,53.797,1.000,0.000,0.0000
1252.270,-43.166,36.814,0.318,11.126,53.064,53.906,1.000,0.000,0.0000
1252.280,-43.054,36.810,0.317,11.128,53.176,54.015,1.000,0.000,0.0000
1252.290,-42.943,36.806,0.317,11.125,53.287,54.124,1.000,0.000,0.0000
1252.300,-42.832,36.802,0.317,11.112,53.398,54.233,1.000,0.000,0.0000
1252.310,-42.721,36.799,0.317,11.103,53.509,54.342,1.000,0.000,0.0000
1252.320,-42.610,36.795,0.317,11.100,53.620,54.451,1.000,0.000,0.0000
1252.330,-42.499,36.791,0.317,11.102,53.731,54.560,1.000,0.000,0.0000
1252.340,-42.388,36.788,0.317,11.107,53.842,54.669,1.000,0.000,0.0000
1252.350,-42.277,36.784,0.316,11.112,53.953,54.778,1.000,0.000,0.0000
1252.360,-42.166,36.781,0.316,11.119,54.064,54.887,1.000,0.000,0.0000
1252.370,-42.054,36.777,0.316,11.126,54.176,54.996,1.000,0.000,0.0000
1252.380,-41.943,36.774,0.316,11.131,54.287,55.105,1.000,0.000,0.0000
1252.390,-41.832,36.770,0.316,11.132,54.398,55.214,1.000,0.000,0.0000
1252.400,-41.720,36.767,0.316,11.128,54.510,55.323,1.000,0.000,0.0000
1252.410,-41.609,36.763,0.316,11.116,54.621,55.432,1.000,0.000,0.0000
1252.420,-41.498,36.759,0.316,11.108,54.732,55.541,1.000,0.000,0.0000
1252.430,-41.387,36.756,0.316,11.105,54.843,55.650,1.000,0.000,0.0000
1252.440,-41.276,36.752,0.316,11.107,54.954,55.759,1.000,0.000,0.0000
1252.450,-41.165,36.749,0.316,11.111,55.065,55.868,1.000,0.000,0.0000
1252.460,-41.054,36.745,0.316,11.116,55.176,55.978,1.000,0.000,0.0000
1252.470,-40.943,36.741,0.316,11.122,55.287,56.087,1.000,0.000,0.0000
1252.480,-40.831,36.738,0.316,11.128,55.399,56.196,1.000,0.000,0.0000
1252.490,-40.720,36.734,0.316,11.130,55.510,56.305,1.000,0.000,0.0000
1252.500,-40.609,36.730,0.316,11.128,55.621,56.414,1.000,0.000,0.0000
1252.510,-40.498,36.726,0.316,11.124,55.732,56.524,1.000,0.000,0.0000
1252.520,-40.386,36.723,0.316,11.114,55.844,56.633,1.000,0.000,0.0000
1252.530,-40.275,36.719,0.317,11.108,55.955,56.742,1.000,0.000,0.0000
1252.540,-40.164,36.715,0.317,11.107,56.066,56.851,1.000,0.000,0.0000
1252.550,-40.053,36.712,0.317,11.109,56.177,56.960,1.000,0.000,0.0000
1252.560,-39.942,36.708,0.317,11.113,56.288,57.069,1.000,0.000,0.0000
1252.570,-39.831,36.704,0.317,11.118,56.399,57.178,1.000,0.000,0.0000
1252.580,-39.720,36.701,0.317,11.124,56.510,57.288,1.000,0.000,0.0000
1252.590,-39.608,36.697,0.317,11.129,56.622,57.397,1.000,0.000,0.0000
1252.600,-39.497,36.694,0.317,11.131,56.733,57.506,1.000,0.000,0.0000
1252.610,-39.386,36.690,0.317,11.128,56.844,57.616,1.000,0.000,0.0000
1252.620,-39.275,36.686,0.317,11.115,56.955,57.725,1.000,0.000,0.0000
1252.630,-39.163,36.683,0.317,11.106,57.067,57.834,1.000,0.000,0.0000
1252.640,-39.052,36.679,0.317,11.103,57.178,57.943,1.000,0.000,0.0000
1252.650,-38.941,36.676,0.317,11.104,57.289,58.052,1.000,0.000,0.0000
1252.660,-38.830,36.672,0.317,11.108,57.400,58.161,1.000,0.000,0.0000
1252.670,-38.719,36.668,0.317,11.113,57.511,58.271,1.000,0.000,0.0000
1252.680,-38.608,36.665,0.317,11.118,57.622,58.380,1.000,0.000,0.0000
1252.690,-38.497,36.661,0.317,11.121,57.733,58.489,1.000,0.000,0.0000
1252.700,-38.386,36.657,0.317,11.123,57.844,58.599,1.000,0.000,0.0000
1252.710,-38.274,36.653,0.317,11.123,57.956,58.708,1.000,0.000,0.0000
1252.720,-38.163,36.650,0.317,11.121,58.067,58.817,1.000,0.000,0.0000
1252.730,-38.052,36.646,0.317,11.110,58.178,58.927,1.000,0.000,0.0000
1252.740,-37.941,36.642,0.317,11.104,58.289,59.036,1.000,0.000,0.0000
1252.750,-37.830,36.638,0.317,11.103,58.400,59.145,1.000,0.000,0.0000
1252.760,-37.719,36.634,0.317,11.105,58.511,59.254,1.000,0.000,0.0000
1252.770,-37.608,36.631,0.317,11.109,58.622,59.363,1.000,0.000,0.0000
1252.780,-37.497,36.627,0.317,11.114,58.733,59.473,1.000,0.000,0.0000
1252.790,-37.386,36.624,0.317,11.119,58.845,59.582,1.000,0.000,0.0000
1252.800,-37.274,36.620,0.317,11.123,58.956,59.692,1.000,0.000,0.0000
1252.810,-37.163,36.616,0.317,11.126,59.067,59.801,1.000,0.000,0.0000
1252.820,-37.052,36.613,0.317,11.124,59.178,59.911,1.000,0.000,0.0000
1252.830,-36.941,36.609,0.317,11.121,59.289,60.020,1.000,0.000,0.0000
1252.840,-36.829,36.606,0.317,11.111,59.401,60.129,1.000,0.000,0.0000
1252.850,-36.718,36.602,0.317,11.106,59.512,60.239,1.000,0.000,0.0000
1252.860,-36.607,36.598,0.317,11.105,59.623,60.348,1.000,0.000,0.0000
1252.870,-36.496,36.595,0.317,11.107,59.734,60.457,1.000,0.000,0.0000
1252.880,-36.385,36.591,0.317,11.111,59.845,60.567,1.000,0.000,0.0000
1252.890,-36.274,36.587,0.317,11.115,59.956,60.676,1.000,0.000,0.0000
1252.900,-36.163,36.583,0.317,11.119,60.067,60.785,1.000,0.000,0.0000
1252.910,-36.052,36.580,0.317,11.121,60.178,60.895,1.000,0.000,0.0000
1252.920,-35.940,36.576,0.317,11.122,60.290,61.004,1.000,0.000,0.0000
1252.930,-35.829,36.572,0.317,11.120,60.401,61.114,1.000,0.000,0.0000
1252.940,-35.718,36.568,0.317,11.110,60.512,61.223,1.000,0.000,0.0000
1252.950,-35.607,36.564,0.317,11.103,60.623,61.333,1.000,0.000,0.0000
1252.960,-35.496,36.561,0.317,11.102,60.734,61.442,1.000,0.000,0.0000
1252.970,-35.385,36.557,0.317,11.103,60.845,61.551,1.000,0.000,0.0000
1252.980,-35.274,36.553,0.317,11.108,60.956,61.661,1.000,0.000,0.0000
1252.990,-35.163,36.549,0.317,11.113,61.067,61.770,1.000,0.000,0.0000
1253.000,-35.052,36.546,0.317,11.117,61.178,61.880,1.000,0.000,0.0000
1253.010,-34.940,36.542,0.317,11.120,61.290,61.989,1.000,0.000,0.0000
1253.020,-34.829,36.538,0.317,11.122,61.401,62.099,1.000,0.000,0.0000
1253.030,-34.718,36.535,0.317,11.122,61.512,62.208,1.000,0.000,0.0000
1253.040,-34.607,36.531,0.317,11.120,61.623,62.318,1.000,0.000,0.0000
1253.050,-34.496,36.527,0.317,11.111,61.734,62.427,1.000,0.000,0.0000
1253.060,-34.385,36.524,0.317,11.105,61.845,62.537,1.000,0.000,0.0000
1253.070,-34.274,36.520,0.317,11.103,61.956,62.646,1.000,0.000,0.0000
1253.080,-34.163,36.516,0.317,11.105,62.067,62.756,1.000,0.000,0.0000
1253.090,-34.051,36.513,0.317,11.109,62.179,62.865,1.000,0.000,0.0000
1253.100,-33.940,36.509,0.317,11.113,62.290,62.974,1.000,0.000,0.0000
1253.110,-33.829,36.505,0.317,11.117,62.401,63.084,1.000,0.000,0.0000
1253.120,-33.718,36.501,0.317,11.120,62.512,63.194,1.000,0.000,0.0000
1253.130,-33.607,36.497,0.317,11.121,62.623,63.303,1.000,0.000,0.0000
1253.140,-33.496,36.494,0.317,11.120,62.734,63.413,1.000,0.000,0.0000
1253.150,-33.384,36.490,0.317,11.118,62.846,63.522,1.000,0.000,0.0000
1253.160,-33.273,36.486,0.317,11.110,62.957,63.632,1.000,0.000,0.0000
1253.170,-33.162,36.482,0.317,11.105,63.068,63.741,1.000,0.000,0.0000
1253.180,-33.051,36.478,0.317,11.104,63.179,63.851,1.000,0.000,0.0000
1253.190,-32.940,36.474,0.317,11.107,63.290,63.960,1.000,0.000,0.0000
1253.200,-32.829,36.471,0.317,11.111,63.401,64.070,1.000,0.000,0.0000
1253.210,-32.718,36.467,0.317,11.115,63.512,64.180,1.000,0.000,0.0000
1253.220,-32.607,36.463,0.317,11.118,63.623,64.289,1.000,0.000,0.0000
1253.230,-32.495,36.459,0.317,11.121,63.735,64.399,1.000,0.000,0.0000
1253.240,-32.384,36.456,0.317,11.121,63.846,64.509,1.000,0.000,0.0000
1253.250,-32.273,36.452,0.317,11.120,63.957,64.618,1.000,0.000,0.0000
1253.260,-32.162,36.448,0.317,11.110,64.068,64.728,1.000,0.000,0.0000
1253.270,-32.051,36.445,0.317,11.103,64.179,64.837,1.000,0.000,0.0000
1253.280,-31.940,36.441,0.317,11.101,64.290,64.947,1.000,0.000,0.0000
1253.290,-31.829,36.437,0.317,11.103,64.401,65.056,1.000,0.000,0.0000
1253.300,-31.718,36.433,0.317,11.107,64.512,65.166,1.000,0.000,0.0000
1253.310,-31.607,36.430,0.317,11.111,64.623,65.275,1.000,0.000,0.0000
1253.320,-31.496,36.426,0.317,11.115,64.734,65.385,1.000,0.000,0.0000
1253.330,-31.384,36.422,0.317,11.119,64.846,65.495,1.000,0.000,0.0000
1253.340,-31.273,36.418,0.317,11.120,64.957,65.604,1.000,0.000,0.0000
1253.350,-31.162,36.414,0.317,11.120,65.068,65.714,1.000,0.000,0.0000
1253.360,-31.051,36.410,0.317,11.118,65.179,65.824,1.000,0.000,0.0000
1253.370,-30.940,36.406,0.317,11.109,65.290,65.934,1.000,0.000,0.0000
1253.380,-30.829,36.403,0.317,11.104,65.401,66.043,1.000,0.000,0.0000
1253.390,-30.718,36.399,0.317,11.102,65.512,66.153,1.000,0.000,0.0000
1253.400,-30.607,36.395,0.317,11.104,65.623,66.262,1.000,0.000,0.0000
1253.410,-30.495,36.391,0.317,11.108,65.735,66.372,1.000,0.000,0.0000
1253.420,-30.384,36.387,0.317,11.113,65.846,66.482,1.000,0.000,0.0000
1253.430,-30.273,36.384,0.317,11.117,65.957,66.591,1.000,0.000,0.0000
1253.440,-30.162,36.380,0.317,11.119,66.068,66.701,1.000,0.000,0.0000
1253.450,-30.051,36.376,0.317,11.120,66.179,66.811,1.000,0.000,0.0000
1253.460,-29.940,36.372,0.317,11.120,66.290,66.921,1.000,0.000,0.0000
1253.470,-29.828,36.369,0.317,11.118,66.402,67.030,1.000,0.000,0.0000
1253.480,-29.717,36.365,0.317,11.110,66.513,67.140,1.000,0.000,0.0000
1253.490,-29.606,36.361,0.317,11.105,66.624,67.250,1.000,0.000,0.0000
1253.500,-29.495,36.357,0.317,11.104,66.735,67.359,1.000,0.000,0.0000
1253.510,-29.384,36.354,0.317,11.106,66.846,67.469,1.000,0.000,0.0000
1253.520,-29.273,36.350,0.317,11.109,66.957,67.579,1.000,0.000,0.0000
1253.530,-29.162,36.346,0.317,11.113,67.068,67.688,1.000,0.000,0.0000
1253.540,-29.051,36.342,0.317,11.117,67.179,67.798,1.000,0.000,0.0000
1253.550,-28.940,36.338,0.317,11.119,67.290,67.908,1.000,0.000,0.0000
1253.560,-28.828,36.334,0.317,11.119,67.402,68.018,1.000,0.000,0.0000
1253.570,-28.717,36.330,0.317,11.118,67.513,68.128,1.000,0.000,0.0000
1253.580,-28.606,36.327,0.317,11.109,67.624,68.237,1.000,0.000,0.0000
1253.590,-28.495,36.323,0.317,11.103,67.735,68.347,1.000,0.000,0.0000
1253.600,-28.384,36.319,0.317,11.101,67.846,68.457,1.000,0.000,0.0000
1253.610,-28.273,36.315,0.317,11.102,67.957,68.566,1.000,0.000,0.0000
1253.620,-28.162,36.311,0.317,11.106,68.068,68.676,1.000,0.000,0.0000
1253.630,-28.051,36.307,0.317,11.111,68.179,68.786,1.000,0.000,0.0000
1253.640,-27.940,36.303,0.317,11.115,68.290,68.895,1.000,0.000,0.0000
1253.650,-27.829,36.300,0.317,11.118,68.401,69.005,1.000,0.000,0.0000
1253.660,-27.717,36.296,0.317,11.119,68.513,69.115,1.000,0.000,0.0000
1253.670,-27.606,36.292,0.317,11.119,68.624,69.225,1.000,0.000,0.0000
1253.680,-27.495,36.288,0.317,11.118,68.735,69.335,1.000,0.000,0.0000
1253.690,-27.384,36.285,0.317,11.109,68.846,69.445,1.000,0.000,0.0000
1253.700,-27.273,36.281,0.317,11.104,68.957,69.554,1.000,0.000,0.0000
1253.710,-27.162,36.277,0.317,11.102,69.068,69.664,1.000,0.000,0.0000
1253.720,-27.051,36.273,0.317,11.104,69.179,69.774,1.000,0.000,0.0000
1253.730,-26.940,36.269,0.317,11.107,69.290,69.883,1.000,0.000,0.0000
1253.740,-26.829,36.265,0.317,11.111,69.401,69.993,1.000,0.000,0.0000
1253.750,-26.717,36.262,0.317,11.115,69.513,70.103,1.000,0.000,0.0000
1253.760,-26.606,36.258,0.317,11.118,69.624,70.213,1.000,0.000,0.0000
1253.770,-26.495,36.254,0.317,11.119,69.735,70.323,1.000,0.000,0.0000
1253.780,-26.384,36.250,0.317,11.118,69.846,70.433,1.000,0.000,0.0000
1253.790,-26.273,36.246,0.317,11.108,69.957,70.543,1.000,0.000,0.0000
1253.800,-26.162,36.242,0.317,11.102,70.068,70.652,1.000,0.000,0.0000
1253.810,-26.051,36.238,0.317,11.099,70.179,70.762,1.000,0.000,0.0000
1253.820,-25.940,36.234,0.317,11.101,70.290,70.872,1.000,0.000,0.0000
1253.830,-25.829,36.230,0.317,11.104,70.401,70.982,1.000,0.000,0.0000
1253.840,-25.718,36.226,0.317,11.108,70.512,71.091,1.000,0.000,0.0000
1253.850,-25.607,36.222,0.317,11.113,70.623,71.201,1.000,0.000,0.0000
1253.860,-25.495,36.219,0.317,11.116,70.735,71.311,1.000,0.000,0.0000
1253.870,-25.384,36.215,0.317,11.118,70.846,71.421,1.000,0.000,0.0000
1253.880,-25.273,36.211,0.317,11.119,70.957,71.531,1.000,0.000,0.0000
1253.890,-25.162,36.207,0.317,11.118,71.068,71.641,1.000,0.000,0.0000
1253.900,-25.051,36.203,0.317,11.109,71.179,71.751,1.000,0.000,0.0000
1253.910,-24.940,36.200,0.317,11.103,71.290,71.861,1.000,0.000,0.0000
1253.920,-24.829,36.196,0.317,11.101,71.401,71.970,1.000,0.000,0.0000
1253.930,-24.718,36.192,0.317,11.102,71.512,72.080,1.000,0.000,0.0000
1253.940,-24.607,36.188,0.317,11.105,71.623,72.190,1.000,0.000,0.0000
1253.950,-24.496,36.184,0.317,11.109,71.734,72.300,1.000,0.000,0.0000
1253.960,-24.384,36.180,0.317,11.113,71.846,72.410,1.000,0.000,0.0000
1253.970,-24.273,36.176,0.317,11.116,71.957,72.520,1.000,0.000,0.0000
1253.980,-24.162,36.172,0.317,11.118,72.068,72.630,1.000,0.000,0.0000
1253.990,-24.051,36.168,0.317,11.118,72.179,72.740,1.000,0.000,0.0000
1254.000,-23.940,36.165,0.317,11.117,72.290,72.850,1.000,0.000,0.0000
1254.010,-23.829,36.161,0.317,11.108,72.401,72.959,1.000,0.000,0.0000
1254.020,-23.718,36.157,0.317,11.103,72.512,73.069,1.000,0.000,0.0000
1254.030,-23.607,36.153,0.317,11.102,72.623,73.179,1.000,0.000,0.0000
1254.040,-23.496,36.149,0.317,11.103,72.734,73.289,1.000,0.000,0.0000
1254.050,-23.385,36.145,0.317,11.107,72.845,73.399,1.000,0.000,0.0000
1254.060,-23.273,36.141,0.317,11.111,72.957,73.509,1.000,0.000,0.0000
1254.070,-23.162,36.137,0.317,11.114,73.068,73.619,1.000,0.000,0.0000
1254.080,-23.051,36.133,0.317,11.117,73.179,73.729,1.000,0.000,0.0000
1254.090,-22.940,36.129,0.317,11.118,73.290,73.839,0.940,0.000,0.0000
1254.100,-22.829,36.126,0.317,11.105,73.401,73.949,0.880,0.000,0.0000
1254.110,-22.718,36.122,0.317,11.071,73.512,74.058,0.820,0.000,0.0000
1254.120,-22.608,36.118,0.317,11.032,73.622,74.167,0.760,0.000,0.0000
1254.130,-22.498,36.114,0.317,10.992,73.732,74.276,0.700,0.000,0.0000
1254.140,-22.388,36.110,0.318,10.953,73.842,74.384,0.640,0.000,0.0000
1254.150,-22.279,36.107,0.318,10.915,73.951,74.492,0.580,0.000,0.0000
1254.160,-22.170,36.103,0.319,10.879,74.060,74.600,0.520,0.000,0.0000
1254.170,-22.062,36.099,0.319,10.842,74.168,74.707,0.460,0.000,0.0000
1254.180,-21.954,36.095,0.320,10.805,74.276,74.814,0.400,0.000,0.0000
1254.190,-21.846,36.091,0.320,10.768,74.384,74.920,0.340,0.000,0.0000
1254.200,-21.739,36.087,0.321,10.729,74.491,75.027,0.280,0.000,0.0000
1254.210,-21.632,36.084,0.321,10.689,74.598,75.132,0.220,0.000,0.0000
1254.220,-21.526,36.080,0.322,10.641,74.704,75.238,0.160,0.000,0.0000
1254.230,-21.420,36.076,0.322,10.595,74.810,75.342,0.100,0.000,0.0000
1254.240,-21.314,36.072,0.323,10.552,74.916,75.447,0.040,0.000,0.0000
1254.250,-21.209,36.068,0.324,10.513,75.021,75.551,0.000,0.000,0.0000
1254.260,-21.104,36.065,0.324,10.475,75.126,75.654,0.000,0.000,0.0000
1254.270,-21.000,36.061,0.324,10.438,75.230,75.758,0.000,0.000,0.0000
1254.280,-20.896,36.057,0.325,10.401,75.334,75.861,0.000,0.000,0.0000
1254.290,-20.792,36.054,0.325,10.364,75.438,75.963,0.000,0.000,0.0000
1254.300,-20.689,36.050,0.325,10.325,75.541,76.065,0.000,0.000,0.0000
1254.310,-20.586,36.047,0.326,10.285,75.644,76.167,0.000,0.000,0.0000
1254.320,-20.484,36.043,0.326,10.237,75.746,76.268,0.000,0.000,0.0000
1254.330,-20.382,36.040,0.326,10.189,75.848,76.369,0.000,0.000,0.0000
1254.340,-20.281,36.036,0.326,10.144,75.949,76.470,0.000,0.000,0.0000
1254.350,-20.180,36.033,0.326,10.102,76.050,76.570,0.000,0.000,0.0000
1254.360,-20.079,36.029,0.326,10.063,76.151,76.669,0.000,0.000,0.0000
1254.370,-19.979,36.025,0.326,10.025,76.251,76.769,0.000,0.000,0.0000
1254.380,-19.879,36.022,0.326,9.988,76.351,76.868,0.000,0.000,0.0000
1254.390,-19.779,36.018,0.326,9.951,76.451,76.966,0.000,0.000,0.0000
1254.400,-19.680,36.015,0.326,9.914,76.550,77.064,0.000,0.000,0.0000
1254.410,-19.581,36.011,0.326,9.876,76.649,77.162,0.000,0.000,0.0000
1254.420,-19.483,36.008,0.326,9.838,76.747,77.260,0.000,0.000,0.0000
1254.430,-19.385,36.004,0.326,9.798,76.845,77.357,0.000,0.000,0.0000
1254.440,-19.287,36.000,0.326,9.751,76.943,77.453,0.000,0.000,0.0000
1254.450,-19.190,35.997,0.325,9.705,77.040,77.549,0.000,0.000,0.0000
1254.460,-19.094,35.993,0.325,9.661,77.136,77.645,0.000,0.000,0.0000
1254.470,-18.998,35.990,0.325,9.620,77.232,77.740,0.000,0.000,0.0000
1254.480,-18.902,35.986,0.325,9.582,77.328,77.835,0.000,0.000,0.0000
1254.490,-18.806,35.983,0.325,9.545,77.424,77.930,0.000,0.000,0.0000
1254.500,-18.711,35.980,0.324,9.509,77.519,78.024,0.000,0.000,0.0000
1254.510,-18.617,35.976,0.324,9.473,77.613,78.118,0.000,0.000,0.0000
1254.520,-18.522,35.973,0.324,9.437,77.708,78.212,0.000,0.000,0.0000
1254.530,-18.428,35.970,0.324,9.400,77.802,78.305,0.000,0.000,0.0000
1254.540,-18.335,35.967,0.324,9.362,77.895,78.397,0.000,0.000,0.0000
1254.550,-18.241,35.963,0.323,9.324,77.989,78.490,0.000,0.000,0.0000
1254.560,-18.148,35.960,0.323,9.284,78.082,78.582,0.000,0.000,0.0000
1254.570,-18.056,35.957,0.323,9.238,78.174,78.673,0.000,0.000,0.0000
1254.580,-17.964,35.954,0.323,9.193,78.266,78.764,0.000,0.000,0.0000
1254.590,-17.873,35.950,0.323,9.149,78.357,78.855,0.000,0.000,0.0000
1254.600,-17.782,35.947,0.323,9.108,78.448,78.945,0.000,0.000,0.0000
1254.610,-17.691,35.944,0.323,9.070,78.539,79.035,0.000,0.000,0.0000
1254.620,-17.601,35.941,0.323,9.034,78.629,79.125,0.000,0.000,0.0000
1254.630,-17.511,35.937,0.323,8.998,78.719,79.214,0.000,0.000,0.0000
1254.640,-17.421,35.934,0.323,8.961,78.809,79.303,0.000,0.000,0.0000
1254.650,-17.332,35.931,0.323,8.924,78.898,79.391,0.000,0.000,0.0000
1254.660,-17.243,35.928,0.323,8.887,78.987,79.479,0.000,0.000,0.0000
1254.670,-17.154,35.924,0.323,8.849,79.076,79.567,0.000,0.000,0.0000
1254.680,-17.066,35.921,0.323,8.810,79.164,79.654,0.000,0.000,0.0000
1254.690,-16.979,35.918,0.323,8.764,79.251,79.741,0.000,0.000,0.0000
1254.700,-16.891,35.915,0.323,8.719,79.339,79.827,0.000,0.000,0.0000
1254.710,-16.805,35.911,0.323,8.675,79.425,79.913,0.000,0.000,0.0000
1254.720,-16.718,35.908,0.323,8.633,79.512,79.999,0.000,0.000,0.0000
1254.730,-16.632,35.905,0.323,8.593,79.598,80.084,0.000,0.000,0.0000
1254.740,-16.547,35.902,0.324,8.555,79.683,80.169,0.000,0.000,0.0000
1254.750,-16.462,35.899,0.324,8.518,79.768,80.253,0.000,0.000,0.0000
1254.760,-16.377,35.896,0.324,8.482,79.853,80.337,0.000,0.000,0.0000
1254.770,-16.292,35.893,0.324,8.445,79.938,80.421,0.000,0.000,0.0000
1254.780,-16.208,35.890,0.324,8.408,80.022,80.504,0.000,0.000,0.0000
1254.790,-16.125,35.887,0.324,8.371,80.105,80.587,0.000,0.000,0.0000
