timestamp_sec,ego_x,ego_y,ego_z,ego_speed_mps,distance_to_intersection_m,distance_to_pedestrian_m,human_throttle,human_brake,human_steering_rad
1617.790,-97.020,-52.451,0.317,0.000,0.790,10.744,0.000,0.000,0.0000
1617.800,-97.020,-52.451,0.317,0.000,0.790,10.744,0.000,0.000,0.0000
1617.810,-97.020,-52.451,0.317,0.000,0.790,10.744,0.000,0.000,0.0000
1617.820,-97.020,-52.451,0.317,0.000,0.790,10.744,0.000,0.000,0.0000
1617.830,-97.020,-52.451,0.317,0.000,0.790,10.744,0.000,0.000,0.0000
1617.840,-97.020,-52.451,0.317,0.000,0.790,10.744,0.000,0.000,0.0000
1617.850,-97.020,-52.451,0.317,0.000,0.790,10.744,0.000,0.000,0.0000
1617.860,-97.020,-52.451,0.317,0.000,0.790,10.744,0.000,0.000,0.0000
1617.870,-97.020,-52.451,0.317,0.000,0.790,10.744,0.000,0.000,0.0000
1617.880,-97.020,-52.451,0.317,0.000,0.790,10.744,0.000,0.000,0.0000
1617.890,-97.020,-52.451,0.317,0.000,0.790,10.744,0.000,0.000,0.0000
1617.900,-97.020,-52.451,0.317,0.000,0.790,10.744,0.000,0.000,0.0000
1617.910,-97.020,-52.451,0.317,0.000,0.790,10.744,0.000,0.000,0.0000
1617.920,-97.020,-52.451,0.317,0.000,0.790,10.744,0.000,0.000,0.0000
1617.930,-97.020,-52.451,0.317,0.000,0.790,10.744,0.000,0.000,0.0000
1617.940,-97.020,-52.451,0.317,0.000,0.790,10.744,0.040,0.000,0.0000
1617.950,-97.020,-52.451,0.317,0.004,0.790,10.744,0.080,0.000,0.0000
1617.960,-97.020,-52.451,0.317,0.010,0.790,10.744,0.120,0.000,0.0000
1617.970,-97.020,-52.450,0.317,0.018,0.790,10.744,0.160,0.000,0.0000
1617.980,-97.020,-52.449,0.316,0.027,0.790,10.744,0.200,0.000,0.0000
1617.990,-97.020,-52.447,0.316,0.035,0.790,10.745,0.240,0.000,0.0000
1618.000,-97.020,-52.446,0.316,0.041,0.790,10.745,0.280,0.000,0.0000
1618.010,-97.020,-52.443,0.315,0.047,0.790,10.745,0.320,0.000,0.0000
1618.020,-97.020,-52.440,0.315,0.051,0.790,10.746,0.360,0.000,0.0000
1618.030,-97.020,-52.437,0.314,0.054,0.790,10.746,0.400,0.000,0.0000
1618.040,-97.020,-52.434,0.314,0.056,0.790,10.747,0.440,0.000,0.0000
1618.050,-97.020,-52.430,0.313,0.056,0.790,10.748,0.480,0.000,0.0000
1618.060,-97.020,-52.425,0.312,0.056,0.790,10.748,0.520,0.000,0.0000
1618.070,-97.020,-52.421,0.312,0.055,0.790,10.749,0.560,0.000,0.0000
1618.080,-97.020,-52.415,0.311,0.054,0.790,10.749,0.600,0.000,0.0000
1618.090,-97.020,-52.410,0.311,0.051,0.790,10.750,0.640,0.000,0.0000
1618.100,-97.020,-52.404,0.310,0.048,0.790,10.750,0.680,0.000,0.0000
1618.110,-97.020,-52.397,0.310,0.045,0.790,10.751,0.720,0.000,0.0000
1618.120,-97.020,-52.391,0.309,0.041,0.790,10.751,0.760,0.000,0.0000
1618.130,-97.020,-52.384,0.309,0.037,0.790,10.751,0.800,0.000,0.0000
1618.140,-97.020,-52.376,0.309,0.033,0.790,10.752,0.840,0.000,0.0000
1618.150,-97.020,-52.368,0.308,0.028,0.790,10.752,0.880,0.000,0.0000
1618.160,-97.020,-52.360,0.308,0.024,0.790,10.752,0.920,0.000,0.0000
1618.170,-97.020,-52.351,0.308,0.019,0.790,10.752,0.960,0.000,0.0000
1618.180,-97.020,-52.341,0.308,0.014,0.790,10.753,1.000,0.000,0.0000
1618.190,-97.020,-52.332,0.308,0.010,0.790,10.753,1.000,0.000,0.0000
1618.200,-97.020,-52.322,0.308,0.006,0.790,10.753,1.000,0.000,0.0000
1618.210,-97.020,-52.311,0.308,0.002,0.790,10.753,1.000,0.000,0.0000
1618.220,-97.020,-52.301,0.308,0.003,0.790,10.753,1.000,0.000,0.0000
1618.230,-97.020,-52.289,0.308,0.006,0.790,10.753,1.000,0.000,0.0000
1618.240,-97.020,-52.278,0.308,0.009,0.790,10.753,1.000,0.000,0.0000
1618.250,-97.020,-52.266,0.308,0.012,0.790,10.752,1.000,0.000,0.0000
1618.260,-97.020,-52.253,0.308,0.014,0.790,10.752,1.000,0.000,0.0000
1618.270,-97.020,-52.240,0.308,0.016,0.790,10.752,1.000,0.000,0.0000
1618.280,-97.020,-52.227,0.308,0.018,0.790,10.752,1.000,0.000,0.0000
1618.290,-97.020,-52.213,0.309,0.019,0.790,10.752,1.000,0.000,0.0000
1618.300,-97.020,-52.199,0.309,0.020,0.790,10.752,1.000,0.000,0.0000
1618.310,-97.020,-52.185,0.309,0.021,0.790,10.751,1.000,0.000,0.0000
1618.320,-97.020,-52.170,0.309,0.021,0.790,10.751,1.000,0.000,0.0000
1618.330,-97.020,-52.155,0.310,0.021,0.790,10.751,1.000,0.000,0.0000
1618.340,-97.020,-52.139,0.310,0.020,0.790,10.751,1.000,0.000,0.0000
1618.350,-97.020,-52.123,0.310,0.020,0.790,10.751,1.000,0.000,0.0000
1618.360,-97.020,-52.107,0.310,0.019,0.790,10.750,1.000,0.000,0.0000
1618.370,-97.020,-52.090,0.310,0.018,0.790,10.750,1.000,0.000,0.0000
1618.380,-97.020,-52.073,0.310,0.016,0.790,10.750,1.000,0.000,0.0000
1618.390,-97.020,-52.055,0.311,0.015,0.790,10.750,1.000,0.000,0.0000
1618.400,-97.020,-52.037,0.311,0.013,0.790,10.750,1.000,0.000,0.0000
1618.410,-97.020,-52.019,0.311,0.012,0.790,10.750,1.000,0.000,0.0000
1618.420,-97.020,-52.000,0.311,0.010,0.790,10.750,1.000,0.000,0.0000
1618.430,-97.020,-51.981,0.311,0.008,0.790,10.749,1.000,0.000,0.0000
1618.440,-97.020,-51.961,0.311,0.006,0.790,10.749,1.000,0.000,0.0000
1618.450,-97.020,-51.941,0.311,0.005,0.790,10.749,1.000,0.000,0.0000
1618.460,-97.020,-51.921,0.311,0.003,0.790,10.749,1.000,0.000,0.0000
1618.470,-97.020,-51.900,0.311,0.002,0.790,10.749,1.000,0.000,0.0000
1618.480,-97.020,-51.879,0.311,0.002,0.790,10.749,1.000,0.000,0.0000
1618.490,-97.020,-51.857,0.311,0.002,0.790,10.749,1.000,0.000,0.0000
1618.500,-97.020,-51.835,0.311,0.003,0.790,10.749,1.000,0.000,0.0000
1618.510,-97.019,-51.813,0.311,0.004,0.790,10.749,1.000,0.000,0.0000
1618.520,-97.019,-51.790,0.311,0.005,0.790,10.749,1.000,0.000,0.0000
1618.530,-97.019,-51.767,0.311,0.006,0.790,10.749,1.000,0.000,0.0000
1618.540,-97.019,-51.744,0.311,0.007,0.790,10.750,1.000,0.000,0.0000
1618.550,-97.019,-51.720,0.311,0.007,0.790,10.750,1.000,0.000,0.0000
1618.560,-97.019,-51.695,0.311,0.008,0.790,10.750,1.000,0.000,0.0000
1618.570,-97.019,-51.671,0.311,0.008,0.790,10.750,1.000,0.000,0.0000
1618.580,-97.019,-51.646,0.311,0.008,0.790,10.750,1.000,0.000,0.0000
1618.590,-97.019,-51.620,0.311,0.008,0.790,10.750,1.000,0.000,0.0000
1618.600,-97.019,-51.594,0.310,0.008,0.790,10.750,1.000,0.000,0.0000
1618.610,-97.019,-51.568,0.310,0.008,0.790,10.750,1.000,0.000,0.0000
1618.620,-97.019,-51.541,0.310,0.007,0.790,10.750,1.000,0.000,0.0000
1618.630,-97.019,-51.514,0.310,0.007,0.790,10.750,1.000,0.000,0.0000
1618.640,-97.019,-51.487,0.310,0.007,0.789,10.750,1.000,0.000,0.0000
1618.650,-97.019,-51.459,0.310,0.006,0.789,10.750,1.000,0.000,0.0000
1618.660,-97.019,-51.430,0.310,0.006,0.789,10.750,1.000,0.000,0.0000
1618.670,-97.019,-51.402,0.310,0.005,0.789,10.750,1.000,0.000,0.0000
1618.680,-97.019,-51.373,0.310,0.004,0.789,10.750,1.000,0.000,0.0000
1618.690,-97.019,-51.343,0.310,0.004,0.789,10.750,1.000,0.000,0.0000
1618.700,-97.019,-51.313,0.310,0.003,0.789,10.750,1.000,0.000,0.0000
1618.710,-97.019,-51.283,0.310,0.003,0.789,10.751,1.000,0.000,0.0000
1618.720,-97.019,-51.252,0.310,0.003,0.789,10.751,1.000,0.000,0.0000
1618.730,-97.019,-51.221,0.310,0.003,0.789,10.751,1.000,0.000,0.0000
1618.740,-97.019,-51.190,0.310,0.002,0.789,10.751,1.000,0.000,0.0000
1618.750,-97.019,-51.158,0.310,0.003,0.789,10.751,1.000,0.000,0.0000
1618.760,-97.019,-51.126,0.310,0.003,0.789,10.750,1.000,0.000,0.0000
1618.770,-97.019,-51.093,0.310,0.003,0.789,10.750,1.000,0.000,0.0000
1618.780,-97.019,-51.060,0.310,0.003,0.789,10.750,1.000,0.000,0.0000
1618.790,-97.019,-51.027,0.310,0.003,0.789,10.750,1.000,0.000,0.0000
1618.800,-97.019,-50.993,0.310,0.004,0.789,10.750,1.000,0.000,0.0000
1618.810,-97.019,-50.958,0.310,0.004,0.789,10.750,1.000,0.000,0.0000
1618.820,-97.019,-50.924,0.310,0.004,0.789,10.750,1.000,0.000,0.0000
1618.830,-97.019,-50.889,0.310,0.004,0.789,10.750,1.000,0.000,0.0000
1618.840,-97.019,-50.853,0.310,0.004,0.789,10.750,1.000,0.000,0.0000
1618.850,-97.019,-50.817,0.310,0.004,0.789,10.750,1.000,0.000,0.0000
1618.860,-97.019,-50.781,0.310,0.004,0.789,10.750,1.000,0.000,0.0000
1618.870,-97.019,-50.745,0.310,0.004,0.789,10.750,1.000,0.000,0.0000
1618.880,-97.019,-50.708,0.310,0.004,0.789,10.750,1.000,0.000,0.0000
1618.890,-97.019,-50.670,0.310,0.004,0.789,10.750,1.000,0.000,0.0000
1618.900,-97.019,-50.632,0.310,0.004,0.789,10.750,1.000,0.000,0.0000
1618.910,-97.019,-50.594,0.310,0.004,0.789,10.750,1.000,0.000,0.0000
1618.920,-97.018,-50.556,0.310,0.004,0.789,10.750,1.000,0.000,0.0000
1618.930,-97.018,-50.516,0.310,0.004,0.789,10.750,1.000,0.000,0.0000
1618.940,-97.018,-50.477,0.310,0.003,0.789,10.750,1.000,0.000,0.0000
1618.950,-97.018,-50.437,0.310,0.003,0.789,10.750,1.000,0.000,0.0000
1618.960,-97.018,-50.397,0.310,0.003,0.789,10.750,1.000,0.000,0.0000
1618.970,-97.018,-50.356,0.310,0.003,0.789,10.750,1.000,0.000,0.0000
1618.980,-97.018,-50.315,0.310,0.003,0.789,10.750,1.000,0.000,0.0000
1618.990,-97.018,-50.274,0.310,0.003,0.789,10.750,1.000,0.000,0.0000
1619.000,-97.018,-50.232,0.310,0.003,0.788,10.750,1.000,0.000,0.0000
1619.010,-97.018,-50.190,0.310,0.003,0.788,10.750,1.000,0.000,0.0000
1619.020,-97.018,-50.148,0.310,0.003,0.788,10.750,1.000,0.000,0.0000
1619.030,-97.018,-50.105,0.310,0.003,0.788,10.750,1.000,0.000,0.0000
1619.040,-97.018,-50.061,0.310,0.003,0.788,10.750,1.000,0.000,0.0000
1619.050,-97.018,-50.017,0.310,0.004,0.788,10.750,1.000,0.000,0.0000
1619.060,-97.018,-49.973,0.310,0.004,0.788,10.750,1.000,0.000,0.0000
1619.070,-97.018,-49.929,0.310,0.004,0.788,10.750,1.000,0.000,0.0000
1619.080,-97.018,-49.884,0.310,0.004,0.788,10.750,1.000,0.000,0.0000
1619.090,-97.018,-49.838,0.310,0.004,0.788,10.750,1.000,0.000,0.0000
1619.100,-97.018,-49.793,0.310,0.004,0.788,10.750,1.000,0.000,0.0000
1619.110,-97.018,-49.747,0.310,0.004,0.788,10.750,1.000,0.000,0.0000
1619.120,-97.018,-49.700,0.310,0.004,0.788,10.750,1.000,0.000,0.0000
1619.130,-97.018,-49.653,0.310,0.004,0.788,10.750,1.000,0.000,0.0000
1619.140,-97.018,-49.606,0.310,0.004,0.788,10.750,1.000,0.000,0.0000
1619.150,-97.018,-49.558,0.310,0.004,0.788,10.750,1.000,0.000,0.0000
1619.160,-97.018,-49.510,0.310,0.004,0.788,10.750,1.000,0.000,0.0000
1619.170,-97.018,-49.461,0.310,0.004,0.788,10.750,1.000,0.000,0.0000
1619.180,-97.018,-49.412,0.310,0.004,0.788,10.750,1.000,0.000,0.0000
1619.190,-97.018,-49.363,0.310,0.004,0.788,10.750,1.000,0.000,0.0000
1619.200,-97.018,-49.313,0.310,0.004,0.788,10.750,1.000,0.000,0.0000
1619.210,-97.017,-49.263,0.310,0.004,0.788,10.750,1.000,0.000,0.0000
1619.220,-97.017,-49.213,0.310,0.004,0.788,10.750,1.000,0.000,0.0000
1619.230,-97.017,-49.162,0.310,0.004,0.788,10.750,1.000,0.000,0.0000
1619.240,-97.017,-49.110,0.310,0.004,0.788,10.750,1.000,0.000,0.0000
1619.250,-97.017,-49.059,0.310,0.004,0.788,10.750,1.000,0.000,0.0000
1619.260,-97.017,-49.007,0.310,0.004,0.788,10.750,1.000,0.000,0.0000
1619.270,-97.017,-48.954,0.310,0.004,0.787,10.750,1.000,0.000,0.0000
1619.280,-97.017,-48.901,0.310,0.004,0.787,10.750,1.000,0.000,0.0000
1619.290,-97.017,-48.848,0.310,0.004,0.787,10.750,1.000,0.000,0.0000
1619.300,-97.017,-48.794,0.310,0.004,0.787,10.750,1.000,0.000,0.0000
1619.310,-97.017,-48.740,0.310,0.004,0.787,10.750,1.000,0.000,0.0000
1619.320,-97.017,-48.686,0.310,0.004,0.787,10.750,1.000,0.000,0.0000
1619.330,-97.017,-48.631,0.310,0.004,0.787,10.750,1.000,0.000,0.0000
1619.340,-97.017,-48.576,0.310,0.004,0.787,10.750,1.000,0.000,0.0000
1619.350,-97.017,-48.520,0.310,0.004,0.787,10.750,1.000,0.000,0.0000
1619.360,-97.017,-48.464,0.310,0.004,0.787,10.750,1.000,0.000,0.0000
1619.370,-97.017,-48.407,0.310,0.004,0.787,10.750,1.000,0.000,0.0000
1619.380,-97.017,-48.350,0.310,0.005,0.787,10.750,1.000,0.000,0.0000
1619.390,-97.017,-48.293,0.310,0.005,0.787,10.750,1.000,0.000,0.0000
1619.400,-97.017,-48.236,0.310,0.005,0.787,10.750,1.000,0.000,0.0000
1619.410,-97.017,-48.178,0.310,0.005,0.787,10.750,1.000,0.000,0.0000
1619.420,-97.017,-48.119,0.310,0.005,0.787,10.750,1.000,0.000,0.0000
1619.430,-97.017,-48.060,0.310,0.005,0.787,10.750,1.000,0.000,0.0000
1619.440,-97.016,-48.001,0.310,0.005,0.787,10.750,1.000,0.000,0.0000
1619.450,-97.016,-47.941,0.310,0.005,0.787,10.750,1.000,0.000,0.0000
1619.460,-97.016,-47.881,0.310,0.005,0.787,10.750,1.000,0.000,0.0000
1619.470,-97.016,-47.821,0.310,0.005,0.787,10.750,1.000,0.000,0.0000
1619.480,-97.016,-47.760,0.310,0.005,0.787,10.750,1.000,0.000,0.0000
1619.490,-97.016,-47.699,0.310,0.005,0.786,10.750,1.000,0.000,0.0000
1619.500,-97.016,-47.637,0.310,0.005,0.786,10.750,1.000,0.000,0.0000
1619.510,-97.016,-47.575,0.310,0.005,0.786,10.750,1.000,0.000,0.0000
1619.520,-97.016,-47.513,0.310,0.005,0.786,10.750,1.000,0.000,0.0000
1619.530,-97.016,-47.450,0.310,0.005,0.786,10.750,1.000,0.000,0.0000
1619.540,-97.016,-47.387,0.310,0.005,0.786,10.750,1.000,0.000,0.0000
1619.550,-97.016,-47.323,0.310,0.005,0.786,10.750,1.000,0.000,0.0000
1619.560,-97.016,-47.259,0.310,0.005,0.786,10.750,1.000,0.000,0.0000
1619.570,-97.016,-47.195,0.310,0.005,0.786,10.750,1.000,0.000,0.0000
1619.580,-97.016,-47.130,0.310,0.005,0.786,10.750,1.000,0.000,0.0000
1619.590,-97.016,-47.065,0.310,0.005,0.786,10.750,1.000,0.000,0.0000
1619.600,-97.016,-46.999,0.310,0.005,0.786,10.750,1.000,0.000,0.0000
1619.610,-97.016,-46.933,0.310,0.005,0.786,10.750,1.000,0.000,0.0000
1619.620,-97.016,-46.867,0.310,0.005,0.786,10.750,1.000,0.000,0.0000
1619.630,-97.016,-46.800,0.310,0.005,0.786,10.750,1.000,0.000,0.0000
1619.640,-97.015,-46.733,0.310,0.005,0.786,10.750,1.000,0.000,0.0000
1619.650,-97.015,-46.665,0.310,0.005,0.786,10.750,1.000,0.000,0.0000
1619.660,-97.015,-46.597,0.310,0.005,0.786,10.750,1.000,0.000,0.0000
1619.670,-97.015,-46.529,0.310,0.005,0.786,10.750,1.000,0.000,0.0000
1619.680,-97.015,-46.460,0.310,0.005,0.786,10.750,1.000,0.000,0.0000
1619.690,-97.015,-46.391,0.310,0.005,0.785,10.750,1.000,0.000,0.0000
1619.700,-97.015,-46.321,0.310,0.006,0.785,10.750,1.000,0.000,0.0000
1619.710,-97.015,-46.251,0.310,0.006,0.785,10.750,1.000,0.000,0.0000
1619.720,-97.015,-46.181,0.310,0.006,0.785,10.750,1.000,0.000,0.0000
1619.730,-97.015,-46.110,0.310,0.006,0.785,10.750,1.000,0.000,0.0000
1619.740,-97.015,-46.039,0.310,0.006,0.785,10.750,1.000,0.000,0.0000
1619.750,-97.015,-45.968,0.310,0.006,0.785,10.750,1.000,0.000,0.0000
1619.760,-97.015,-45.896,0.310,0.006,0.785,10.750,1.000,0.000,0.0000
1619.770,-97.015,-45.823,0.310,0.006,0.785,10.750,1.000,0.000,0.0000
1619.780,-97.015,-45.751,0.310,0.006,0.785,10.750,1.000,0.000,0.0000
1619.790,-97.015,-45.678,0.310,0.006,0.785,10.750,1.000,0.000,0.0000
1619.800,-97.015,-45.604,0.310,0.006,0.785,10.750,1.000,0.000,0.0000
1619.810,-97.015,-45.530,0.310,0.006,0.785,10.750,1.000,0.000,0.0000
1619.820,-97.014,-45.456,0.310,0.006,0.785,10.750,1.000,0.000,0.0000
1619.830,-97.014,-45.381,0.310,0.006,0.785,10.750,1.000,0.000,0.0000
1619.840,-97.014,-45.306,0.310,0.006,0.785,10.750,1.000,0.000,0.0000
1619.850,-97.014,-45.230,0.310,0.006,0.785,10.750,1.000,0.000,0.0000
1619.860,-97.014,-45.154,0.310,0.006,0.784,10.750,1.000,0.000,0.0000
1619.870,-97.014,-45.078,0.310,0.006,0.784,10.750,1.000,0.000,0.0000
1619.880,-97.014,-45.001,0.310,0.006,0.784,10.750,1.000,0.000,0.0000
1619.890,-97.014,-44.924,0.310,0.006,0.784,10.750,1.000,0.000,0.0000
1619.900,-97.014,-44.847,0.310,0.006,0.784,10.750,1.000,0.000,0.0000
1619.910,-97.014,-44.769,0.310,0.006,0.784,10.750,1.000,0.000,0.0000
1619.920,-97.014,-44.691,0.310,0.006,0.784,10.750,1.000,0.000,0.0000
1619.930,-97.014,-44.612,0.310,0.006,0.784,10.750,1.000,0.000,0.0000
1619.940,-97.014,-44.533,0.310,0.006,0.784,10.750,1.000,0.000,0.0000
1619.950,-97.014,-44.453,0.310,0.006,0.784,10.750,1.000,0.000,0.0000
1619.960,-97.014,-44.374,0.310,0.006,0.784,10.750,1.000,0.000,0.0000
1619.970,-97.014,-44.293,0.310,0.006,0.784,10.750,1.000,0.000,0.0000
1619.980,-97.013,-44.213,0.310,0.006,0.784,10.750,1.000,0.000,0.0000
1619.990,-97.013,-44.132,0.310,0.006,0.784,10.750,1.000,0.000,0.0000
1620.000,-97.013,-44.050,0.310,0.006,0.784,10.750,1.000,0.000,0.0000
1620.010,-97.013,-43.968,0.310,0.006,0.784,10.750,1.000,0.000,0.0000
1620.020,-97.013,-43.886,0.310,0.007,0.783,10.750,1.000,0.000,0.0000
1620.030,-97.013,-43.803,0.310,0.007,0.783,10.750,1.000,0.000,0.0000
1620.040,-97.013,-43.720,0.310,0.007,0.783,10.750,1.000,0.000,0.0000
1620.050,-97.013,-43.637,0.310,0.007,0.783,10.750,1.000,0.000,0.0000
1620.060,-97.013,-43.553,0.310,0.007,0.783,10.750,1.000,0.000,0.0000
1620.070,-97.013,-43.469,0.310,0.007,0.783,10.750,1.000,0.000,0.0000
1620.080,-97.013,-43.384,0.310,0.007,0.783,10.750,1.000,0.000,0.0000
1620.090,-97.013,-43.299,0.310,0.007,0.783,10.750,1.000,0.000,0.0000
1620.100,-97.013,-43.214,0.310,0.007,0.783,10.750,1.000,0.000,0.0000
1620.110,-97.013,-43.128,0.310,0.007,0.783,10.750,1.000,0.000,0.0000
1620.120,-97.013,-43.042,0.310,0.007,0.783,10.750,1.000,0.000,0.0000
1620.130,-97.012,-42.955,0.310,0.007,0.783,10.750,1.000,0.000,0.0000
1620.140,-97.012,-42.868,0.310,0.007,0.783,10.750,1.000,0.000,0.0000
1620.150,-97.012,-42.781,0.310,0.007,0.783,10.750,1.000,0.000,0.0000
1620.160,-97.012,-42.693,0.310,0.007,0.783,10.750,1.000,0.000,0.0000
1620.170,-97.012,-42.605,0.310,0.007,0.782,10.750,1.000,0.000,0.0000
1620.180,-97.012,-42.516,0.310,0.007,0.782,10.750,1.000,0.000,0.0000
1620.190,-97.012,-42.427,0.310,0.007,0.782,10.750,1.000,0.000,0.0000
1620.200,-97.012,-42.338,0.310,0.007,0.782,10.750,1.000,0.000,0.0000
1620.210,-97.012,-42.248,0.310,0.007,0.782,10.750,1.000,0.000,0.0000
1620.220,-97.012,-42.158,0.310,0.007,0.782,10.749,1.000,0.000,0.0000
1620.230,-97.012,-42.067,0.310,0.007,0.782,10.749,1.000,0.000,0.0000
1620.240,-97.012,-41.976,0.310,0.007,0.782,10.749,1.000,0.000,0.0000
1620.250,-97.012,-41.885,0.310,0.007,0.782,10.749,1.000,0.000,0.0000
1620.260,-97.012,-41.793,0.310,0.007,0.782,10.749,1.000,0.000,0.0000
1620.270,-97.011,-41.701,0.310,0.007,0.782,10.749,1.000,0.000,0.0000
1620.280,-97.011,-41.608,0.310,0.007,0.782,10.749,1.000,0.000,0.0000
1620.290,-97.011,-41.515,0.310,0.007,0.782,10.749,1.000,0.000,0.0000
1620.300,-97.011,-41.422,0.310,0.007,0.782,10.749,1.000,0.000,0.0000
1620.310,-97.011,-41.328,0.310,0.007,0.781,10.749,1.000,0.000,0.0000
1620.320,-97.011,-41.234,0.310,0.007,0.781,10.749,1.000,0.000,0.0000
1620.330,-97.011,-41.139,0.310,0.008,0.781,10.749,1.000,0.000,0.0000
1620.340,-97.011,-41.044,0.310,0.008,0.781,10.749,1.000,0.000,0.0000
1620.350,-97.011,-40.949,0.310,0.008,0.781,10.749,1.000,0.000,0.0000
1620.360,-97.011,-40.853,0.310,0.008,0.781,10.749,1.000,0.000,0.0000
1620.370,-97.011,-40.757,0.310,0.008,0.781,10.749,1.000,0.000,0.0000
1620.380,-97.011,-40.660,0.310,0.008,0.781,10.749,1.000,0.000,0.0000
1620.390,-97.011,-40.564,0.310,0.008,0.781,10.749,1.000,0.000,0.0000
1620.400,-97.010,-40.466,0.310,0.008,0.781,10.749,1.000,0.000,0.0000
1620.410,-97.010,-40.368,0.310,0.008,0.781,10.749,1.000,0.000,0.0000
1620.420,-97.010,-40.270,0.310,0.008,0.781,10.749,1.000,0.000,0.0000
1620.430,-97.010,-40.172,0.310,0.008,0.781,10.749,1.000,0.000,0.0000
1620.440,-97.010,-40.073,0.310,0.008,0.780,10.749,1.000,0.000,0.0000
1620.450,-97.010,-39.974,0.310,0.008,0.780,10.749,1.000,0.000,0.0000
1620.460,-97.010,-39.874,0.310,0.008,0.780,10.749,1.000,0.000,0.0000
1620.470,-97.010,-39.774,0.310,0.008,0.780,10.749,1.000,0.000,0.0000
1620.480,-97.010,-39.673,0.310,0.008,0.780,10.749,1.000,0.000,0.0000
1620.490,-97.010,-39.572,0.310,0.008,0.780,10.749,1.000,0.000,0.0000
1620.500,-97.010,-39.471,0.310,0.008,0.780,10.749,1.000,0.000,0.0000
1620.510,-97.010,-39.369,0.310,0.008,0.780,10.749,1.000,0.000,0.0000
1620.520,-97.010,-39.267,0.310,0.008,0.780,10.749,1.000,0.000,0.0000
1620.530,-97.009,-39.165,0.310,0.008,0.780,10.749,1.000,0.000,0.0000
1620.540,-97.009,-39.062,0.310,0.008,0.780,10.749,1.000,0.000,0.0000
1620.550,-97.009,-38.959,0.310,0.008,0.780,10.749,1.000,0.000,0.0000
1620.560,-97.009,-38.855,0.310,0.008,0.779,10.749,1.000,0.000,0.0000
1620.570,-97.009,-38.751,0.310,0.008,0.779,10.749,1.000,0.000,0.0000
1620.580,-97.009,-38.646,0.310,0.008,0.779,10.749,1.000,0.000,0.0000
1620.590,-97.009,-38.541,0.310,0.008,0.779,10.749,1.000,0.000,0.0000
1620.600,-97.009,-38.436,0.310,0.008,0.779,10.749,1.000,0.000,0.0000
1620.610,-97.009,-38.331,0.310,0.008,0.779,10.749,1.000,0.000,0.0000
1620.620,-97.009,-38.224,0.310,0.008,0.779,10.749,1.000,0.000,0.0000
1620.630,-97.009,-38.118,0.310,0.008,0.779,10.749,1.000,0.000,0.0000
1620.640,-97.009,-38.011,0.310,0.008,0.779,10.749,1.000,0.000,0.0000
1620.650,-97.008,-37.904,0.310,0.009,0.779,10.749,1.000,0.000,0.0000
1620.660,-97.008,-37.796,0.310,0.009,0.779,10.749,1.000,0.000,0.0000
1620.670,-97.008,-37.688,0.310,0.009,0.779,10.749,1.000,0.000,0.0000
1620.680,-97.008,-37.580,0.310,0.009,0.778,10.749,1.000,0.000,0.0000
1620.690,-97.008,-37.471,0.310,0.009,0.778,10.749,1.000,0.000,0.0000
1620.700,-97.008,-37.362,0.310,0.009,0.778,10.749,1.000,0.000,0.0000
1620.710,-97.008,-37.252,0.310,0.009,0.778,10.749,1.000,0.000,0.0000
1620.720,-97.008,-37.142,0.310,0.009,0.778,10.749,1.000,0.000,0.0000
1620.730,-97.008,-37.032,0.310,0.009,0.778,10.749,1.000,0.000,0.0000
1620.740,-97.008,-36.921,0.310,0.009,0.778,10.749,1.000,0.000,0.0000
1620.750,-97.008,-36.810,0.310,0.010,0.778,10.749,1.000,0.000,0.0000
1620.760,-97.007,-36.698,0.310,0.014,0.778,10.749,1.000,0.000,0.0000
1620.770,-97.007,-36.587,0.311,0.020,0.778,10.749,1.000,0.000,0.0000
1620.780,-97.007,-36.476,0.311,0.028,0.778,10.748,1.000,0.000,0.0000
1620.790,-97.007,-36.365,0.311,0.035,0.778,10.748,1.000,0.000,0.0000
1620.800,-97.007,-36.253,0.312,0.042,0.777,10.748,1.000,0.000,0.0000
1620.810,-97.007,-36.142,0.312,0.047,0.777,10.747,1.000,0.000,0.0000
1620.820,-97.007,-36.031,0.313,0.051,0.777,10.747,1.000,0.000,0.0000
1620.830,-97.007,-35.920,0.313,0.054,0.777,10.746,1.000,0.000,0.0000
1620.840,-97.007,-35.809,0.314,0.056,0.777,10.746,1.000,0.000,0.0000
1620.850,-97.007,-35.697,0.314,0.056,0.777,10.745,1.000,0.000,0.0000
1620.860,-97.007,-35.586,0.315,0.056,0.777,10.745,1.000,0.000,0.0000
1620.870,-97.007,-35.475,0.315,0.056,0.777,10.744,1.000,0.000,0.0000
1620.880,-97.006,-35.364,0.316,0.054,0.777,10.743,1.000,0.000,0.0000
1620.890,-97.006,-35.252,0.316,0.052,0.777,10.743,1.000,0.000,0.0000
1620.900,-97.006,-35.141,0.317,0.049,0.777,10.742,1.000,0.000,0.0000
1620.910,-97.006,-35.030,0.317,0.046,0.777,10.742,1.000,0.000,0.0000
1620.920,-97.006,-34.919,0.318,0.042,0.777,10.742,1.000,0.000,0.0000
1620.930,-97.006,-34.808,0.318,0.038,0.777,10.741,1.000,0.000,0.0000
1620.940,-97.006,-34.696,0.318,0.034,0.776,10.741,1.000,0.000,0.0000
1620.950,-97.006,-34.585,0.319,0.030,0.776,10.741,1.000,0.000,0.0000
1620.960,-97.006,-34.474,0.319,0.026,0.776,10.740,1.000,0.000,0.0000
1620.970,-97.006,-34.363,0.319,0.021,0.776,10.740,1.000,0.000,0.0000
1620.980,-97.006,-34.252,0.319,0.017,0.776,10.740,1.000,0.000,0.0000
1620.990,-97.005,-34.141,0.319,0.014,0.776,10.740,1.000,0.000,0.0000
1621.000,-97.005,-34.030,0.319,0.011,0.776,10.740,1.000,0.000,0.0000
1621.010,-97.005,-33.919,0.319,0.009,0.776,10.740,1.000,0.000,0.0000
1621.020,-97.005,-33.807,0.319,0.009,0.776,10.740,1.000,0.000,0.0000
1621.030,-97.005,-33.696,0.319,0.010,0.776,10.740,1.000,0.000,0.0000
1621.040,-97.005,-33.585,0.319,0.012,0.776,10.740,1.000,0.000,0.0000
1621.050,-97.005,-33.474,0.319,0.014,0.775,10.740,1.000,0.000,0.0000
1621.060,-97.005,-33.363,0.319,0.016,0.775,10.740,1.000,0.000,0.0000
1621.070,-97.005,-33.252,0.319,0.018,0.775,10.740,1.000,0.000,0.0000
1621.080,-97.005,-33.141,0.319,0.020,0.775,10.740,1.000,0.000,0.0000
1621.090,-97.005,-33.030,0.319,0.021,0.775,10.741,1.000,0.000,0.0000
1621.100,-97.004,-32.919,0.318,0.022,0.775,10.741,1.000,0.000,0.0000
1621.110,-97.004,-32.808,0.318,0.022,0.775,10.741,1.000,0.000,0.0000
1621.120,-97.004,-32.697,0.318,0.023,0.775,10.741,1.000,0.000,0.0000
1621.130,-97.004,-32.586,0.318,0.022,0.775,10.741,1.000,0.000,0.0000
1621.140,-97.004,-32.475,0.317,0.022,0.775,10.742,1.000,0.000,0.0000
1621.150,-97.004,-32.364,0.317,0.022,0.775,10.742,1.000,0.000,0.0000
1621.160,-97.004,-32.253,0.317,0.021,0.774,10.742,1.000,0.000,0.0000
1621.170,-97.004,-32.142,0.317,0.020,0.774,10.742,1.000,0.000,0.0000
1621.180,-97.004,-32.030,0.317,0.019,0.774,10.742,1.000,0.000,0.0000
1621.190,-97.004,-31.919,0.317,0.017,0.774,10.742,1.000,0.000,0.0000
1621.200,-97.004,-31.808,0.316,0.016,0.774,10.743,1.000,0.000,0.0000
1621.210,-97.004,-31.697,0.316,0.015,0.774,10.743,1.000,0.000,0.0000
1621.220,-97.003,-31.586,0.316,0.013,0.774,10.743,1.000,0.000,0.0000
1621.230,-97.003,-31.475,0.316,0.012,0.774,10.743,1.000,0.000,0.0000
1621.240,-97.003,-31.364,0.316,0.011,0.774,10.743,1.000,0.000,0.0000
1621.250,-97.003,-31.253,0.316,0.010,0.774,10.743,1.000,0.000,0.0000
1621.260,-97.003,-31.142,0.316,0.009,0.774,10.743,1.000,0.000,0.0000
1621.270,-97.003,-31.031,0.316,0.009,0.773,10.743,1.000,0.000,0.0000
1621.280,-97.003,-30.920,0.316,0.009,0.773,10.743,1.000,0.000,0.0000
1621.290,-97.003,-30.809,0.316,0.009,0.773,10.743,1.000,0.000,0.0000
1621.300,-97.003,-30.697,0.316,0.009,0.773,10.743,1.000,0.000,0.0000
1621.310,-97.003,-30.586,0.316,0.009,0.773,10.743,1.000,0.000,0.0000
1621.320,-97.003,-30.475,0.316,0.010,0.773,10.743,1.000,0.000,0.0000
1621.330,-97.002,-30.364,0.316,0.010,0.773,10.743,1.000,0.000,0.0000
1621.340,-97.002,-30.253,0.316,0.011,0.773,10.743,1.000,0.000,0.0000
1621.350,-97.002,-30.142,0.316,0.011,0.773,10.743,1.000,0.000,0.0000
1621.360,-97.002,-30.031,0.316,0.011,0.773,10.742,1.000,0.000,0.0000
1621.370,-97.002,-29.920,0.316,0.012,0.773,10.742,1.000,0.000,0.0000
1621.380,-97.002,-29.809,0.317,0.012,0.772,10.742,1.000,0.000,0.0000
1621.390,-97.002,-29.697,0.317,0.012,0.772,10.742,1.000,0.000,0.0000
1621.400,-97.002,-29.586,0.317,0.012,0.772,10.742,1.000,0.000,0.0000
1621.410,-97.002,-29.475,0.317,0.012,0.772,10.742,1.000,0.000,0.0000
1621.420,-97.002,-29.364,0.317,0.011,0.772,10.742,1.000,0.000,0.0000
1621.430,-97.002,-29.253,0.317,0.011,0.772,10.742,1.000,0.000,0.0000
1621.440,-97.002,-29.142,0.317,0.011,0.772,10.742,1.000,0.000,0.0000
1621.450,-97.001,-29.031,0.317,0.011,0.772,10.742,1.000,0.000,0.0000
1621.460,-97.001,-28.920,0.317,0.010,0.772,10.742,1.000,0.000,0.0000
1621.470,-97.001,-28.809,0.317,0.010,0.772,10.742,1.000,0.000,0.0000
1621.480,-97.001,-28.697,0.317,0.010,0.772,10.742,1.000,0.000,0.0000
1621.490,-97.001,-28.586,0.317,0.009,0.772,10.742,1.000,0.000,0.0000
1621.500,-97.001,-28.475,0.317,0.009,0.771,10.742,1.000,0.000,0.0000
1621.510,-97.001,-28.364,0.317,0.009,0.771,10.742,1.000,0.000,0.0000
1621.520,-97.001,-28.253,0.317,0.009,0.771,10.741,1.000,0.000,0.0000
1621.530,-97.001,-28.142,0.317,0.009,0.771,10.741,1.000,0.000,0.0000
1621.540,-97.001,-28.031,0.317,0.009,0.771,10.741,1.000,0.000,0.0000
1621.550,-97.001,-27.920,0.317,0.009,0.771,10.741,1.000,0.000,0.0000
1621.560,-97.000,-27.809,0.317,0.009,0.771,10.741,1.000,0.000,0.0000
1621.570,-97.000,-27.698,0.317,0.009,0.771,10.741,1.000,0.000,0.0000
1621.580,-97.000,-27.586,0.317,0.009,0.771,10.741,1.000,0.000,0.0000
1621.590,-97.000,-27.475,0.317,0.009,0.771,10.741,1.000,0.000,0.0000
1621.600,-97.000,-27.364,0.317,0.009,0.771,10.741,1.000,0.000,0.0000
1621.610,-97.000,-27.253,0.317,0.009,0.770,10.741,1.000,0.000,0.0000
1621.620,-97.000,-27.142,0.317,0.009,0.770,10.742,1.000,0.000,0.0000
1621.630,-97.000,-27.031,0.317,0.009,0.770,10.742,1.000,0.000,0.0000
1621.640,-97.000,-26.920,0.317,0.009,0.770,10.742,1.000,0.000,0.0000
1621.650,-97.000,-26.809,0.317,0.009,0.770,10.742,1.000,0.000,0.0000
1621.660,-97.000,-26.698,0.317,0.009,0.770,10.742,1.000,0.000,0.0000
1621.670,-96.999,-26.587,0.317,0.009,0.770,10.742,1.000,0.000,0.0000
1621.680,-96.999,-26.475,0.317,0.009,0.770,10.742,1.000,0.000,0.0000
1621.690,-96.999,-26.364,0.317,0.009,0.770,10.742,1.000,0.000,0.0000
1621.700,-96.999,-26.253,0.317,0.009,0.770,10.742,1.000,0.000,0.0000
1621.710,-96.999,-26.142,0.317,0.009,0.770,10.742,1.000,0.000,0.0000
1621.720,-96.999,-26.031,0.317,0.009,0.770,10.742,1.000,0.000,0.0000
1621.730,-96.999,-25.920,0.317,0.009,0.769,10.742,1.000,0.000,0.0000
1621.740,-96.999,-25.809,0.317,0.009,0.769,10.742,1.000,0.000,0.0000
1621.750,-96.999,-25.698,0.317,0.009,0.769,10.742,1.000,0.000,0.0000
1621.760,-96.999,-25.587,0.317,0.009,0.769,10.742,1.000,0.000,0.0000
1621.770,-96.999,-25.476,0.317,0.009,0.769,10.742,1.000,0.000,0.0000
1621.780,-96.999,-25.365,0.317,0.009,0.769,10.742,1.000,0.000,0.0000
1621.790,-96.998,-25.253,0.317,0.009,0.769,10.742,1.000,0.000,0.0000
1621.800,-96.998,-25.142,0.317,0.009,0.769,10.742,1.000,0.000,0.0000
1621.810,-96.998,-25.031,0.317,0.009,0.769,10.742,1.000,0.000,0.0000
1621.820,-96.998,-24.920,0.317,0.009,0.769,10.742,1.000,0.000,0.0000
1621.830,-96.998,-24.809,0.317,0.009,0.769,10.742,1.000,0.000,0.0000
1621.840,-96.998,-24.698,0.317,0.009,0.768,10.742,1.000,0.000,0.0000
1621.850,-96.998,-24.587,0.317,0.009,0.768,10.742,1.000,0.000,0.0000
1621.860,-96.998,-24.476,0.317,0.009,0.768,10.742,1.000,0.000,0.0000
1621.870,-96.998,-24.365,0.317,0.009,0.768,10.742,1.000,0.000,0.0000
1621.880,-96.998,-24.254,0.317,0.009,0.768,10.742,1.000,0.000,0.0000
1621.890,-96.998,-24.142,0.317,0.009,0.768,10.742,1.000,0.000,0.0000
1621.900,-96.997,-24.031,0.317,0.009,0.768,10.742,1.000,0.000,0.0000
1621.910,-96.997,-23.920,0.317,0.009,0.768,10.742,1.000,0.000,0.0000
1621.920,-96.997,-23.809,0.317,0.009,0.768,10.742,1.000,0.000,0.0000
1621.930,-96.997,-23.698,0.317,0.009,0.768,10.741,1.000,0.000,0.0000
1621.940,-96.997,-23.587,0.317,0.009,0.768,10.741,1.000,0.000,0.0000
1621.950,-96.997,-23.476,0.317,0.009,0.767,10.741,1.000,0.000,0.0000
1621.960,-96.997,-23.365,0.317,0.009,0.767,10.741,1.000,0.000,0.0000
1621.970,-96.997,-23.254,0.317,0.009,0.767,10.741,1.000,0.000,0.0000
1621.980,-96.997,-23.143,0.317,0.009,0.767,10.741,1.000,0.000,0.0000
1621.990,-96.997,-23.031,0.317,0.009,0.767,10.741,1.000,0.000,0.0000
1622.000,-96.997,-22.920,0.317,0.009,0.767,10.741,1.000,0.000,0.0000
1622.010,-96.996,-22.809,0.317,0.009,0.767,10.741,1.000,0.000,0.0000
1622.020,-96.996,-22.698,0.317,0.009,0.767,10.741,1.000,0.000,0.0000
1622.030,-96.996,-22.587,0.317,0.009,0.767,10.741,1.000,0.000,0.0000
1622.040,-96.996,-22.476,0.317,0.009,0.767,10.741,1.000,0.000,0.0000
1622.050,-96.996,-22.365,0.317,0.009,0.767,10.741,1.000,0.000,0.0000
1622.060,-96.996,-22.254,0.317,0.009,0.767,10.741,1.000,0.000,0.0000
1622.070,-96.996,-22.143,0.317,0.009,0.766,10.741,1.000,0.000,0.0000
1622.080,-96.996,-22.032,0.317,0.009,0.766,10.741,1.000,0.000,0.0000
1622.090,-96.996,-21.920,0.317,0.009,0.766,10.741,1.000,0.000,0.0000
1622.100,-96.996,-21.809,0.317,0.009,0.766,10.741,1.000,0.000,0.0000
1622.110,-96.996,-21.698,0.317,0.009,0.766,10.741,1.000,0.000,0.0000
1622.120,-96.996,-21.587,0.317,0.009,0.766,10.741,1.000,0.000,0.0000
1622.130,-96.995,-21.476,0.317,0.009,0.766,10.741,1.000,0.000,0.0000
1622.140,-96.995,-21.365,0.317,0.009,0.766,10.741,1.000,0.000,0.0000
1622.150,-96.995,-21.254,0.317,0.009,0.766,10.741,1.000,0.000,0.0000
1622.160,-96.995,-21.143,0.317,0.009,0.766,10.741,1.000,0.000,0.0000
1622.170,-96.995,-21.032,0.317,0.009,0.766,10.741,1.000,0.000,0.0000
1622.180,-96.995,-20.921,0.317,0.009,0.765,10.741,1.000,0.000,0.0000
1622.190,-96.995,-20.809,0.317,0.009,0.765,10.741,1.000,0.000,0.0000
1622.200,-96.995,-20.698,0.317,0.009,0.765,10.741,1.000,0.000,0.0000
1622.210,-96.995,-20.587,0.317,0.009,0.765,10.741,1.000,0.000,0.0000
1622.220,-96.995,-20.476,0.317,0.009,0.765,10.741,1.000,0.000,0.0000
1622.230,-96.995,-20.365,0.317,0.009,0.765,10.741,1.000,0.000,0.0000
1622.240,-96.994,-20.254,0.317,0.009,0.765,10.741,1.000,0.000,0.0000
1622.250,-96.994,-20.143,0.317,0.009,0.765,10.741,1.000,0.000,0.0000
1622.260,-96.994,-20.032,0.317,0.009,0.765,10.741,1.000,0.000,0.0000
1622.270,-96.994,-19.921,0.317,0.009,0.765,10.741,1.000,0.000,0.0000
1622.280,-96.994,-19.810,0.317,0.009,0.765,10.741,1.000,0.000,0.0000
1622.290,-96.994,-19.698,0.317,0.009,0.764,10.741,1.000,0.000,0.0000
1622.300,-96.994,-19.587,0.317,0.009,0.764,10.741,1.000,0.000,0.0000
1622.310,-96.994,-19.476,0.317,0.009,0.764,10.741,1.000,0.000,0.0000
1622.320,-96.994,-19.365,0.317,0.009,0.764,10.741,1.000,0.000,0.0000
1622.330,-96.994,-19.254,0.317,0.009,0.764,10.741,1.000,0.000,0.0000
1622.340,-96.994,-19.143,0.317,0.009,0.764,10.741,1.000,0.000,0.0000
1622.350,-96.993,-19.032,0.317,0.009,0.764,10.741,1.000,0.000,0.0000
1622.360,-96.993,-18.921,0.317,0.009,0.764,10.741,1.000,0.000,0.0000
1622.370,-96.993,-18.810,0.317,0.009,0.764,10.741,1.000,0.000,0.0000
1622.380,-96.993,-18.699,0.317,0.009,0.764,10.741,1.000,0.000,0.0000
1622.390,-96.993,-18.587,0.317,0.009,0.764,10.741,1.000,0.000,0.0000
1622.400,-96.993,-18.476,0.317,0.009,0.764,10.741,1.000,0.000,0.0000
1622.410,-96.993,-18.365,0.317,0.009,0.763,10.741,1.000,0.000,0.0000
1622.420,-96.993,-18.254,0.317,0.009,0.763,10.741,1.000,0.000,0.0000
1622.430,-96.993,-18.143,0.317,0.009,0.763,10.741,1.000,0.000,0.0000
1622.440,-96.993,-18.032,0.317,0.009,0.763,10.741,1.000,0.000,0.0000
1622.450,-96.993,-17.921,0.317,0.009,0.763,10.741,1.000,0.000,0.0000
1622.460,-96.993,-17.810,0.317,0.009,0.763,10.741,1.000,0.000,0.0000
1622.470,-96.992,-17.699,0.317,0.009,0.763,10.741,1.000,0.000,0.0000
1622.480,-96.992,-17.588,0.317,0.009,0.763,10.741,1.000,0.000,0.0000
1622.490,-96.992,-17.476,0.317,0.009,0.763,10.741,1.000,0.000,0.0000
1622.500,-96.992,-17.365,0.317,0.009,0.763,10.741,1.000,0.000,0.0000
1622.510,-96.992,-17.254,0.317,0.009,0.763,10.741,1.000,0.000,0.0000
1622.520,-96.992,-17.143,0.317,0.009,0.762,10.741,1.000,0.000,0.0000
1622.530,-96.992,-17.032,0.317,0.009,0.762,10.741,1.000,0.000,0.0000
1622.540,-96.992,-16.921,0.317,0.009,0.762,10.741,1.000,0.000,0.0000
1622.550,-96.992,-16.810,0.317,0.009,0.762,10.741,1.000,0.000,0.0000
1622.560,-96.992,-16.699,0.317,0.009,0.762,10.741,1.000,0.000,0.0000
1622.570,-96.992,-16.588,0.317,0.009,0.762,10.741,1.000,0.000,0.0000
1622.580,-96.991,-16.477,0.317,0.009,0.762,10.741,1.000,0.000,0.0000
1622.590,-96.991,-16.366,0.317,0.009,0.762,10.741,1.000,0.000,0.0000
1622.600,-96.991,-16.254,0.317,0.009,0.762,10.741,1.000,0.000,0.0000
1622.610,-96.991,-16.143,0.317,0.009,0.762,10.741,1.000,0.000,0.0000
1622.620,-96.991,-16.032,0.317,0.009,0.762,10.741,1.000,0.000,0.0000
1622.630,-96.991,-15.921,0.317,0.009,0.761,10.741,1.000,0.000,0.0000
1622.640,-96.991,-15.810,0.317,0.009,0.761,10.741,1.000,0.000,0.0000
1622.650,-96.991,-15.699,0.317,0.009,0.761,10.741,1.000,0.000,0.0000
1622.660,-96.991,-15.588,0.317,0.009,0.761,10.741,1.000,0.000,0.0000
1622.670,-96.991,-15.477,0.317,0.009,0.761,10.741,1.000,0.000,0.0000
1622.680,-96.991,-15.366,0.317,0.009,0.761,10.741,1.000,0.000,0.0000
1622.690,-96.990,-15.255,0.317,0.009,0.761,10.741,1.000,0.000,0.0000
1622.700,-96.990,-15.143,0.317,0.009,0.761,10.741,1.000,0.000,0.0000
1622.710,-96.990,-15.032,0.317,0.009,0.761,10.741,1.000,0.000,0.0000
1622.720,-96.990,-14.921,0.317,0.009,0.761,10.741,1.000,0.000,0.0000
1622.730,-96.990,-14.810,0.317,0.009,0.761,10.741,1.000,0.000,0.0000
1622.740,-96.990,-14.699,0.317,0.009,0.761,10.741,1.000,0.000,0.0000
1622.750,-96.990,-14.588,0.317,0.009,0.760,10.741,1.000,0.000,0.0000
1622.760,-96.990,-14.477,0.317,0.009,0.760,10.741,1.000,0.000,0.0000
1622.770,-96.990,-14.366,0.317,0.009,0.760,10.741,1.000,0.000,0.0000
1622.780,-96.990,-14.255,0.317,0.009,0.760,10.741,1.000,0.000,0.0000
1622.790,-96.990,-14.144,0.317,0.009,0.760,10.741,1.000,0.000,0.0000
1622.800,-96.990,-14.032,0.317,0.009,0.760,10.741,1.000,0.000,0.0000
1622.810,-96.989,-13.921,0.317,0.009,0.760,10.741,1.000,0.000,0.0000
1622.820,-96.989,-13.810,0.317,0.009,0.760,10.741,1.000,0.000,0.0000
1622.830,-96.989,-13.699,0.317,0.009,0.760,10.741,1.000,0.000,0.0000
1622.840,-96.989,-13.588,0.317,0.009,0.760,10.741,1.000,0.000,0.0000
1622.850,-96.989,-13.477,0.317,0.009,0.760,10.741,1.000,0.000,0.0000
1622.860,-96.989,-13.366,0.317,0.009,0.759,10.741,1.000,0.000,0.0000
1622.870,-96.989,-13.255,0.317,0.009,0.759,10.741,1.000,0.000,0.0000
1622.880,-96.989,-13.144,0.317,0.009,0.759,10.741,1.000,0.000,0.0000
1622.890,-96.989,-13.033,0.317,0.009,0.759,10.741,1.000,0.000,0.0000
1622.900,-96.989,-12.921,0.317,0.009,0.759,10.741,1.000,0.000,0.0000
1622.910,-96.989,-12.810,0.317,0.009,0.759,10.741,1.000,0.000,0.0000
1622.920,-96.988,-12.699,0.317,0.009,0.759,10.741,1.000,0.000,0.0000
1622.930,-96.988,-12.588,0.317,0.009,0.759,10.741,1.000,0.000,0.0000
1622.940,-96.988,-12.477,0.317,0.009,0.759,10.741,1.000,0.000,0.0000
1622.950,-96.988,-12.366,0.317,0.009,0.759,10.741,1.000,0.000,0.0000
1622.960,-96.988,-12.255,0.317,0.009,0.759,10.741,1.000,0.000,0.0000
1622.970,-96.988,-12.144,0.317,0.009,0.758,10.741,1.000,0.000,0.0000
1622.980,-96.988,-12.033,0.317,0.009,0.758,10.741,1.000,0.000,0.0000
1622.990,-96.988,-11.922,0.317,0.009,0.758,10.741,1.000,0.000,0.0000
1623.000,-96.988,-11.810,0.317,0.009,0.758,10.741,1.000,0.000,0.0000
1623.010,-96.988,-11.699,0.317,0.009,0.758,10.741,1.000,0.000,0.0000
1623.020,-96.988,-11.588,0.317,0.009,0.758,10.741,1.000,0.000,0.0000
1623.030,-96.987,-11.477,0.317,0.009,0.758,10.741,1.000,0.000,0.0000
1623.040,-96.987,-11.366,0.317,0.009,0.758,10.741,1.000,0.000,0.0000
1623.050,-96.987,-11.255,0.317,0.009,0.758,10.741,1.000,0.000,0.0000
1623.060,-96.987,-11.144,0.317,0.009,0.758,10.741,1.000,0.000,0.0000
1623.070,-96.987,-11.033,0.317,0.009,0.758,10.741,1.000,0.000,0.0000
1623.080,-96.987,-10.922,0.317,0.009,0.758,10.741,1.000,0.000,0.0000
1623.090,-96.987,-10.811,0.317,0.009,0.757,10.741,1.000,0.000,0.0000
1623.100,-96.987,-10.699,0.317,0.009,0.757,10.741,1.000,0.000,0.0000
1623.110,-96.987,-10.588,0.317,0.009,0.757,10.741,1.000,0.000,0.0000
1623.120,-96.987,-10.477,0.317,0.009,0.757,10.740,1.000,0.000,0.0000
1623.130,-96.987,-10.366,0.317,0.009,0.757,10.740,1.000,0.000,0.0000
1623.140,-96.987,-10.255,0.317,0.009,0.757,10.740,1.000,0.000,0.0000
1623.150,-96.986,-10.144,0.317,0.009,0.757,10.740,1.000,0.000,0.0000
1623.160,-96.986,-10.033,0.317,0.009,0.757,10.740,1.000,0.000,0.0000
1623.170,-96.986,-9.922,0.317,0.009,0.757,10.740,1.000,0.000,0.0000
1623.180,-96.986,-9.811,0.317,0.009,0.757,10.740,1.000,0.000,0.0000
1623.190,-96.986,-9.700,0.317,0.009,0.757,10.740,1.000,0.000,0.0000
1623.200,-96.986,-9.588,0.317,0.009,0.756,10.740,1.000,0.000,0.0000
1623.210,-96.986,-9.477,0.317,0.009,0.756,10.740,1.000,0.000,0.0000
1623.220,-96.986,-9.366,0.317,0.009,0.756,10.740,1.000,0.000,0.0000
1623.230,-96.986,-9.255,0.317,0.009,0.756,10.740,1.000,0.000,0.0000
1623.240,-96.986,-9.144,0.317,0.009,0.756,10.740,1.000,0.000,0.0000
1623.250,-96.986,-9.033,0.317,0.009,0.756,10.740,1.000,0.000,0.0000
1623.260,-96.985,-8.922,0.317,0.009,0.756,10.740,1.000,0.000,0.0000
1623.270,-96.985,-8.811,0.317,0.009,0.756,10.740,1.000,0.000,0.0000
1623.280,-96.985,-8.700,0.317,0.009,0.756,10.740,1.000,0.000,0.0000
1623.290,-96.985,-8.589,0.317,0.009,0.756,10.740,1.000,0.000,0.0000
1623.300,-96.985,-8.478,0.317,0.009,0.756,10.740,1.000,0.000,0.0000
1623.310,-96.985,-8.366,0.317,0.009,0.755,10.740,1.000,0.000,0.0000
1623.320,-96.985,-8.255,0.317,0.009,0.755,10.740,1.000,0.000,0.0000
1623.330,-96.985,-8.144,0.317,0.009,0.755,10.740,1.000,0.000,0.0000
1623.340,-96.985,-8.033,0.317,0.009,0.755,10.740,1.000,0.000,0.0000
1623.350,-96.985,-7.922,0.317,0.009,0.755,10.740,1.000,0.000,0.0000
1623.360,-96.985,-7.811,0.317,0.009,0.755,10.740,1.000,0.000,0.0000
1623.370,-96.984,-7.700,0.317,0.009,0.755,10.740,1.000,0.000,0.0000
1623.380,-96.984,-7.589,0.317,0.009,0.755,10.740,1.000,0.000,0.0000
1623.390,-96.984,-7.478,0.317,0.009,0.755,10.740,1.000,0.000,0.0000
1623.400,-96.984,-7.367,0.317,0.009,0.755,10.740,1.000,0.000,0.0000
1623.410,-96.984,-7.255,0.317,0.009,0.755,10.740,1.000,0.000,0.0000
1623.420,-96.984,-7.144,0.317,0.009,0.755,10.740,1.000,0.000,0.0000
1623.430,-96.984,-7.033,0.317,0.009,0.754,10.740,1.000,0.000,0.0000
1623.440,-96.984,-6.922,0.317,0.009,0.754,10.740,1.000,0.000,0.0000
1623.450,-96.984,-6.811,0.317,0.009,0.754,10.740,1.000,0.000,0.0000
1623.460,-96.984,-6.700,0.317,0.009,0.754,10.740,1.000,0.000,0.0000
1623.470,-96.984,-6.589,0.317,0.009,0.754,10.740,1.000,0.000,0.0000
1623.480,-96.984,-6.478,0.317,0.009,0.754,10.740,1.000,0.000,0.0000
1623.490,-96.983,-6.367,0.317,0.009,0.754,10.740,1.000,0.000,0.0000
1623.500,-96.983,-6.256,0.317,0.009,0.754,10.740,1.000,0.000,0.0000
1623.510,-96.983,-6.144,0.317,0.009,0.754,10.740,1.000,0.000,0.0000
1623.520,-96.983,-6.033,0.317,0.009,0.754,10.740,1.000,0.000,0.0000
1623.530,-96.983,-5.922,0.317,0.009,0.754,10.740,1.000,0.000,0.0000
1623.540,-96.983,-5.811,0.317,0.009,0.753,10.740,1.000,0.000,0.0000
1623.550,-96.983,-5.700,0.317,0.009,0.753,10.740,1.000,0.000,0.0000
1623.560,-96.983,-5.589,0.317,0.009,0.753,10.740,1.000,0.000,0.0000
1623.570,-96.983,-5.478,0.317,0.009,0.753,10.740,1.000,0.000,0.0000
1623.580,-96.983,-5.367,0.317,0.009,0.753,10.740,1.000,0.000,0.0000
1623.590,-96.983,-5.256,0.317,0.009,0.753,10.740,1.000,0.000,0.0000
1623.600,-96.982,-5.145,0.317,0.009,0.753,10.740,1.000,0.000,0.0000
1623.610,-96.982,-5.033,0.317,0.009,0.753,10.740,1.000,0.000,0.0000
1623.620,-96.982,-4.922,0.317,0.009,0.753,10.740,1.000,0.000,0.0000
1623.630,-96.982,-4.811,0.317,0.009,0.753,10.740,1.000,0.000,0.0000
1623.640,-96.982,-4.700,0.317,0.009,0.753,10.740,1.000,0.000,0.0000
1623.650,-96.982,-4.589,0.317,0.009,0.753,10.740,1.000,0.000,0.0000
1623.660,-96.982,-4.478,0.317,0.009,0.752,10.740,1.000,0.000,0.0000
1623.670,-96.982,-4.367,0.317,0.009,0.752,10.740,1.000,0.000,0.0000
1623.680,-96.982,-4.256,0.317,0.009,0.752,10.740,1.000,0.000,0.0000
1623.690,-96.982,-4.145,0.317,0.009,0.752,10.740,1.000,0.000,0.0000
1623.700,-96.982,-4.034,0.317,0.009,0.752,10.740,1.000,0.000,0.0000
1623.710,-96.981,-3.922,0.317,0.009,0.752,10.740,1.000,0.000,0.0000
1623.720,-96.981,-3.811,0.317,0.009,0.752,10.740,1.000,0.000,0.0000
1623.730,-96.981,-3.700,0.317,0.009,0.752,10.740,1.000,0.000,0.0000
1623.740,-96.981,-3.589,0.317,0.009,0.752,10.740,1.000,0.000,0.0000
1623.750,-96.981,-3.478,0.317,0.009,0.752,10.740,1.000,0.000,0.0000
1623.760,-96.981,-3.367,0.317,0.009,0.752,10.740,1.000,0.000,0.0000
1623.770,-96.981,-3.256,0.317,0.009,0.751,10.740,1.000,0.000,0.0000
1623.780,-96.981,-3.145,0.317,0.009,0.751,10.740,1.000,0.000,0.0000
1623.790,-96.981,-3.034,0.317,0.009,0.751,10.740,1.000,0.000,0.0000
1623.800,-96.981,-2.923,0.317,0.009,0.751,10.740,1.000,0.000,0.0000
1623.810,-96.981,-2.811,0.317,0.009,0.751,10.740,1.000,0.000,0.0000
1623.820,-96.981,-2.700,0.317,0.009,0.751,10.740,1.000,0.000,0.0000
1623.830,-96.980,-2.589,0.317,0.009,0.751,10.740,1.000,0.000,0.0000
1623.840,-96.980,-2.478,0.317,0.009,0.751,10.740,1.000,0.000,0.0000
1623.850,-96.980,-2.367,0.317,0.009,0.751,10.740,0.940,0.000,0.0000
1623.860,-96.980,-2.256,0.317,0.010,0.751,10.740,0.880,0.000,0.0000
1623.870,-96.980,-2.145,0.317,0.014,0.751,10.740,0.820,0.000,0.0000
1623.880,-96.980,-2.035,0.317,0.020,0.750,10.740,0.760,0.000,0.0000
1623.890,-96.980,-1.925,0.318,0.028,0.750,10.739,0.700,0.000,0.0000
1623.900,-96.980,-1.816,0.318,0.036,0.750,10.739,0.640,0.000,0.0000
1623.910,-96.980,-1.706,0.318,0.042,0.750,10.739,0.580,0.000,0.0000
1623.920,-96.980,-1.598,0.319,0.048,0.750,10.738,0.520,0.000,0.0000
1623.930,-96.980,-1.489,0.319,0.052,0.750,10.738,0.460,0.000,0.0000
1623.940,-96.979,-1.381,0.320,0.055,0.750,10.737,0.400,0.000,0.0000
1623.950,-96.979,-1.274,0.320,0.057,0.750,10.736,0.340,0.000,0.0000
1623.960,-96.979,-1.167,0.321,0.058,0.750,10.736,0.280,0.000,0.0000
1623.970,-96.979,-1.060,0.321,0.058,0.750,10.735,0.220,0.000,0.0000
1623.980,-96.979,-0.954,0.322,0.057,0.750,10.735,0.160,0.000,0.0000
1623.990,-96.979,-0.848,0.323,0.055,0.750,10.734,0.100,0.000,0.0000
1624.000,-96.979,-0.742,0.323,0.053,0.750,10.734,0.040,0.000,0.0000
1624.010,-96.979,-0.637,0.324,0.050,0.750,10.733,0.000,0.000,0.0000
1624.020,-96.979,-0.532,0.324,0.047,0.750,10.733,0.000,0.000,0.0000
1624.030,-96.979,-0.428,0.325,0.044,0.750,10.732,0.000,0.000,0.0000
1624.040,-96.979,-0.324,0.325,0.040,0.749,10.732,0.000,0.000,0.0000
1624.050,-96.979,-0.221,0.325,0.035,0.749,10.731,0.000,0.000,0.0000
1624.060,-96.978,-0.118,0.326,0.031,0.749,10.731,0.000,0.000,0.0000
1624.070,-96.978,-0.015,0.326,0.027,0.749,10.731,0.000,0.000,0.0000
1624.080,-96.978,0.087,0.326,0.022,0.749,10.731,0.000,0.000,0.0000
1624.090,-96.978,0.189,0.326,0.018,0.749,10.731,0.000,0.000,0.0000
1624.100,-96.978,0.291,0.326,0.014,0.749,10.730,0.000,0.000,0.0000
1624.110,-96.978,0.392,0.326,0.011,0.749,10.730,0.000,0.000,0.0000
1624.120,-96.978,0.493,0.326,0.009,0.749,10.730,0.000,0.000,0.0000
1624.130,-96.978,0.593,0.326,0.008,0.749,10.730,0.000,0.000,0.0000
1624.140,-96.978,0.693,0.326,0.009,0.749,10.730,0.000,0.000,0.0000
1624.150,-96.978,0.792,0.326,0.011,0.749,10.730,0.000,0.000,0.0000
1624.160,-96.978,0.891,0.326,0.013,0.749,10.730,0.000,0.000,0.0000
1624.170,-96.978,0.990,0.326,0.015,0.748,10.731,0.000,0.000,0.0000
1624.180,-96.978,1.088,0.326,0.017,0.748,10.731,0.000,0.000,0.0000
1624.190,-96.977,1.186,0.326,0.019,0.748,10.731,0.000,0.000,0.0000
1624.200,-96.977,1.283,0.326,0.020,0.748,10.731,0.000,0.000,0.0000
1624.210,-96.977,1.380,0.325,0.021,0.748,10.731,0.000,0.000,0.0000
1624.220,-96.977,1.477,0.325,0.022,0.748,10.731,0.000,0.000,0.0000
1624.230,-96.977,1.573,0.325,0.022,0.748,10.732,0.000,0.000,0.0000
1624.240,-96.977,1.669,0.325,0.022,0.748,10.732,0.000,0.000,0.0000
1624.250,-96.977,1.765,0.324,0.022,0.748,10.732,0.000,0.000,0.0000
1624.260,-96.977,1.860,0.324,0.022,0.748,10.732,0.000,0.000,0.0000
1624.270,-96.977,1.954,0.324,0.021,0.748,10.732,0.000,0.000,0.0000
1624.280,-96.977,2.049,0.324,0.020,0.748,10.733,0.000,0.000,0.0000
1624.290,-96.977,2.142,0.324,0.019,0.747,10.733,0.000,0.000,0.0000
1624.300,-96.977,2.236,0.324,0.017,0.747,10.733,0.000,0.000,0.0000
1624.310,-96.977,2.329,0.323,0.016,0.747,10.733,0.000,0.000,0.0000
1624.320,-96.976,2.422,0.323,0.015,0.747,10.733,0.000,0.000,0.0000
1624.330,-96.976,2.514,0.323,0.013,0.747,10.733,0.000,0.000,0.0000
1624.340,-96.976,2.606,0.323,0.012,0.747,10.733,0.000,0.000,0.0000
1624.350,-96.976,2.697,0.323,0.010,0.747,10.733,0.000,0.000,0.0000
1624.360,-96.976,2.789,0.323,0.009,0.747,10.734,0.000,0.000,0.0000
1624.370,-96.976,2.879,0.323,0.008,0.747,10.734,0.000,0.000,0.0000
1624.380,-96.976,2.970,0.323,0.008,0.747,10.734,0.000,0.000,0.0000
1624.390,-96.976,3.060,0.323,0.007,0.747,10.734,0.000,0.000,0.0000
1624.400,-96.976,3.149,0.323,0.007,0.747,10.734,0.000,0.000,0.0000
1624.410,-96.976,3.238,0.323,0.007,0.747,10.734,0.000,0.000,0.0000
1624.420,-96.976,3.327,0.323,0.008,0.746,10.733,0.000,0.000,0.0000
1624.430,-96.976,3.416,0.323,0.008,0.746,10.733,0.000,0.000,0.0000
1624.440,-96.976,3.503,0.323,0.009,0.746,10.733,0.000,0.000,0.0000
1624.450,-96.976,3.591,0.323,0.009,0.746,10.733,0.000,0.000,0.0000
1624.460,-96.975,3.678,0.323,0.010,0.746,10.733,0.000,0.000,0.0000
1624.470,-96.975,3.765,0.323,0.010,0.746,10.733,0.000,0.000,0.0000
1624.480,-96.975,3.851,0.323,0.010,0.746,10.733,0.000,0.000,0.0000
1624.490,-96.975,3.937,0.323,0.010,0.746,10.733,0.000,0.000,0.0000
1624.500,-96.975,4.023,0.323,0.010,0.746,10.733,0.000,0.000,0.0000
1624.510,-96.975,4.108,0.324,0.010,0.746,10.733,0.000,0.000,0.0000
1624.520,-96.975,4.193,0.324,0.010,0.746,10.733,0.000,0.000,0.0000
1624.530,-96.975,4.277,0.324,0.010,0.746,10.733,0.000,0.000,0.0000
1624.540,-96.975,4.361,0.324,0.010,0.746,10.733,0.000,0.000,0.0000
1624.550,-96.975,4.445,0.324,0.009,0.746,10.733,0.000,0.000,0.0000
1624.560,-96.975,4.528,0.324,0.009,0.746,10.732,0.000,0.000,0.0000
1624.570,-96.975,4.611,0.324,0.009,0.745,10.732,0.000,0.000,0.0000
1624.580,-96.975,4.693,0.324,0.008,0.745,10.732,0.000,0.000,0.0000
1624.590,-96.975,4.775,0.324,0.008,0.745,10.732,0.000,0.000,0.0000
1624.600,-96.975,4.857,0.324,0.008,0.745,10.732,0.000,0.000,0.0000
1624.610,-96.974,4.938,0.324,0.007,0.745,10.732,0.000,0.000,0.0000
1624.620,-96.974,5.019,0.324,0.007,0.745,10.732,0.000,0.000,0.0000
1624.630,-96.974,5.100,0.324,0.007,0.745,10.732,0.040,0.000,0.0000
1624.640,-96.974,5.180,0.324,0.006,0.745,10.732,0.080,0.000,0.0000
1624.650,-96.974,5.259,0.324,0.006,0.745,10.732,0.120,0.000,0.0000
1624.660,-96.974,5.338,0.324,0.006,0.745,10.732,0.160,0.000,0.0000
1624.670,-96.974,5.417,0.324,0.006,0.745,10.732,0.200,0.000,0.0000
1624.680,-96.974,5.496,0.324,0.006,0.745,10.732,0.240,0.000,0.0000
1624.690,-96.974,5.574,0.324,0.006,0.745,10.732,0.280,0.000,0.0000
1624.700,-96.974,5.651,0.324,0.006,0.745,10.732,0.320,0.000,0.0000
1624.710,-96.974,5.729,0.324,0.006,0.745,10.732,0.360,0.000,0.0000
1624.720,-96.974,5.805,0.324,0.007,0.745,10.732,0.400,0.000,0.0000
1624.730,-96.974,5.882,0.324,0.007,0.744,10.732,0.440,0.000,0.0000
1624.740,-96.974,5.958,0.324,0.007,0.744,10.732,0.480,0.000,0.0000
1624.750,-96.974,6.034,0.324,0.007,0.744,10.732,0.420,0.000,0.0080
1624.760,-96.974,6.109,0.324,0.007,0.744,10.732,0.360,0.000,0.0160
1624.770,-96.973,6.184,0.324,0.008,0.744,10.732,0.300,0.000,0.0240
1624.780,-96.973,6.258,0.324,0.008,0.744,10.732,0.240,0.000,0.0320
1624.790,-96.973,6.332,0.324,0.009,0.744,10.732,0.180,0.000,0.0400
1624.800,-96.973,6.406,0.324,0.010,0.744,10.732,0.120,0.000,0.0480
1624.810,-96.973,6.479,0.324,0.012,0.744,10.732,0.060,0.000,0.0560
1624.820,-96.973,6.552,0.324,0.014,0.744,10.732,0.000,0.000,0.0640
1624.830,-96.973,6.625,0.324,0.017,0.744,10.732,0.000,0.000,0.0720
1624.840,-96.973,6.697,0.324,0.020,0.743,10.732,0.000,0.000,0.0800
1624.850,-96.972,6.768,0.324,0.025,0.743,10.732,0.000,0.000,0.0880
1624.860,-96.972,6.840,0.324,0.030,0.743,10.732,0.000,0.000,0.0960
1624.870,-96.972,6.911,0.324,0.035,0.742,10.732,0.000,0.000,0.1040
1624.880,-96.971,6.981,0.324,0.042,0.742,10.732,0.000,0.000,0.1120
1624.890,-96.971,7.051,0.324,0.049,0.742,10.732,0.000,0.000,0.1200
1624.900,-96.970,7.121,0.324,0.057,0.741,10.732,0.000,0.000,0.1280
1624.910,-96.970,7.190,0.324,0.066,0.740,10.732,0.000,0.000,0.1360
1624.920,-96.969,7.259,0.324,0.076,0.740,10.732,0.000,0.000,0.1440
1624.930,-96.968,7.327,0.324,0.086,0.739,10.732,0.000,0.000,0.1520
1624.940,-96.967,7.395,0.324,0.097,0.738,10.732,0.000,0.000,0.1600
1624.950,-96.966,7.463,0.324,0.109,0.737,10.732,0.000,0.000,0.1680
1624.960,-96.965,7.530,0.324,0.121,0.735,10.731,0.000,0.000,0.1760
1624.970,-96.963,7.596,0.324,0.134,0.734,10.731,0.000,0.000,0.1840
1624.980,-96.962,7.663,0.324,0.146,0.733,10.731,0.000,0.000,0.1920
1624.990,-96.960,7.728,0.324,0.160,0.731,10.731,0.000,0.000,0.2000
1625.000,-96.959,7.794,0.324,0.174,0.729,10.731,0.000,0.000,0.2080
1625.010,-96.957,7.859,0.324,0.189,0.727,10.731,0.000,0.000,0.2160
1625.020,-96.955,7.924,0.324,0.204,0.725,10.730,0.000,0.000,0.2240
1625.030,-96.952,7.988,0.324,0.221,0.723,10.730,0.000,0.000,0.2320
1625.040,-96.950,8.051,0.324,0.238,0.721,10.730,0.000,0.000,0.2400
1625.050,-96.947,8.115,0.324,0.256,0.718,10.730,0.000,0.000,0.2480
1625.060,-96.945,8.178,0.324,0.274,0.716,10.729,0.000,0.000,0.2560
1625.070,-96.942,8.240,0.324,0.293,0.713,10.729,0.000,0.000,0.2640
1625.080,-96.939,8.302,0.324,0.313,0.709,10.729,0.000,0.000,0.2720
1625.090,-96.935,8.363,0.325,0.333,0.706,10.728,0.000,0.000,0.2800
1625.100,-96.932,8.424,0.325,0.354,0.703,10.728,0.000,0.000,0.2880
1625.110,-96.928,8.484,0.325,0.375,0.699,10.727,0.000,0.000,0.2960
1625.120,-96.924,8.543,0.325,0.396,0.695,10.727,0.000,0.000,0.3040
1625.130,-96.920,8.602,0.325,0.418,0.691,10.726,0.000,0.000,0.3120
1625.140,-96.916,8.661,0.325,0.440,0.686,10.726,0.000,0.000,0.3200
1625.150,-96.911,8.719,0.326,0.463,0.682,10.725,0.000,0.000,0.3280
1625.160,-96.906,8.776,0.326,0.485,0.677,10.725,0.000,0.000,0.3360
1625.170,-96.901,8.833,0.326,0.507,0.672,10.724,0.000,0.000,0.3440
1625.180,-96.896,8.889,0.326,0.512,0.667,10.723,0.000,0.000,0.3520
1625.190,-96.890,8.944,0.326,0.547,0.661,10.723,0.000,0.000,0.3600
1625.200,-96.885,8.999,0.327,0.575,0.656,10.722,0.000,0.000,0.3680
1625.210,-96.879,9.054,0.327,0.598,0.650,10.721,0.000,0.000,0.3760
1625.220,-96.873,9.107,0.327,0.601,0.644,10.721,0.000,0.000,0.3840
1625.230,-96.866,9.160,0.327,0.636,0.637,10.720,0.000,0.000,0.3920
1625.240,-96.860,9.213,0.327,0.663,0.631,10.719,0.000,0.000,0.4000
1625.250,-96.853,9.265,0.327,0.685,0.624,10.719,0.000,0.000,0.4080
1625.260,-96.846,9.317,0.327,0.686,0.617,10.718,0.000,0.000,0.4160
1625.270,-96.839,9.367,0.327,0.721,0.610,10.717,0.000,0.000,0.4240
1625.280,-96.831,9.418,0.327,0.748,0.602,10.717,0.000,0.000,0.4320
1625.290,-96.824,9.468,0.327,0.770,0.595,10.716,0.000,0.000,0.4400
1625.300,-96.816,9.517,0.327,0.790,0.587,10.716,0.000,0.000,0.4480
1625.310,-96.808,9.566,0.327,0.809,0.579,10.715,0.000,0.000,0.4560
1625.320,-96.799,9.615,0.327,0.828,0.571,10.715,0.000,0.000,0.4640
1625.330,-96.791,9.663,0.327,0.848,0.562,10.714,0.000,0.000,0.4720
1625.340,-96.782,9.710,0.327,0.867,0.553,10.714,0.000,0.000,0.4800
1625.350,-96.773,9.757,0.327,0.886,0.545,10.713,0.000,0.000,0.4880
1625.360,-96.764,9.804,0.326,0.905,0.536,10.713,0.000,0.000,0.4960
1625.370,-96.755,9.850,0.326,0.923,0.526,10.712,0.000,0.000,0.5000
1625.380,-96.746,9.895,0.326,0.941,0.517,10.712,0.000,0.000,0.5000
1625.390,-96.736,9.940,0.326,0.959,0.507,10.711,0.000,0.000,0.5000
1625.400,-96.726,9.984,0.326,0.978,0.498,10.711,0.000,0.000,0.5000
1625.410,-96.716,10.028,0.326,0.996,0.488,10.710,0.000,0.000,0.5000
1625.420,-96.706,10.072,0.325,1.014,0.478,10.710,0.000,0.000,0.5000
1625.430,-96.696,10.115,0.325,1.031,0.467,10.709,0.000,0.000,0.5000
1625.440,-96.685,10.157,0.325,1.047,0.457,10.709,0.000,0.000,0.5000
1625.450,-96.675,10.199,0.325,1.062,0.446,10.708,0.000,0.000,0.5000
1625.460,-96.664,10.240,0.325,1.076,0.435,10.708,0.000,0.000,0.5000
1625.470,-96.653,10.281,0.325,1.090,0.425,10.707,0.000,0.000,0.5000
1625.480,-96.642,10.322,0.325,1.104,0.414,10.707,0.000,0.000,0.5000
1625.490,-96.631,10.361,0.325,1.117,0.402,10.706,0.000,0.000,0.5000
1625.500,-96.620,10.401,0.325,1.129,0.391,10.705,0.000,0.000,0.5000
1625.510,-96.608,10.440,0.325,1.142,0.380,10.705,0.000,0.000,0.5000
1625.520,-96.597,10.478,0.325,1.153,0.368,10.704,0.000,0.000,0.5000
1625.530,-96.585,10.516,0.325,1.164,0.357,10.703,0.000,0.000,0.5000
1625.540,-96.573,10.553,0.325,1.175,0.345,10.703,0.000,0.000,0.5000
1625.550,-96.561,10.590,0.324,1.186,0.333,10.702,0.000,0.000,0.4700
1625.560,-96.549,10.627,0.324,1.194,0.321,10.702,0.000,0.000,0.4400
1625.570,-96.537,10.663,0.324,1.202,0.309,10.701,0.040,0.000,0.4100
1625.580,-96.525,10.698,0.324,1.210,0.297,10.700,0.080,0.000,0.3800
1625.590,-96.513,10.734,0.324,1.217,0.285,10.700,0.120,0.000,0.3500
1625.600,-96.501,10.768,0.324,1.225,0.273,10.699,0.160,0.000,0.3200
1625.610,-96.489,10.803,0.324,1.233,0.261,10.699,0.200,0.000,0.2900
1625.620,-96.476,10.837,0.324,1.241,0.249,10.698,0.240,0.000,0.2600
1625.630,-96.464,10.870,0.324,1.248,0.236,10.698,0.280,0.000,0.2300
1625.640,-96.451,10.904,0.324,1.255,0.224,10.697,0.320,0.000,0.2000
1625.650,-96.439,10.937,0.324,1.261,0.211,10.697,0.360,0.000,0.1700
1625.660,-96.426,10.970,0.324,1.267,0.199,10.697,0.400,0.000,0.1400
1625.670,-96.413,11.004,0.323,1.283,0.186,10.697,0.440,0.000,0.1100
1625.680,-96.400,11.037,0.323,1.308,0.173,10.697,0.480,0.000,0.0800
1625.690,-96.387,11.071,0.322,1.336,0.160,10.697,0.520,0.000,0.0500
1625.700,-96.373,11.105,0.321,1.365,0.146,10.697,0.560,0.000,0.0200
1625.710,-96.359,11.140,0.320,1.394,0.133,10.698,0.600,0.000,0.0000
1625.720,-96.345,11.175,0.319,1.419,0.119,10.698,0.640,0.000,0.0000
1625.730,-96.331,11.211,0.318,1.447,0.104,10.699,0.680,0.000,0.0000
1625.740,-96.316,11.247,0.317,1.487,0.090,10.700,0.720,0.000,0.0000
1625.750,-96.301,11.284,0.316,1.519,0.075,10.701,0.760,0.000,0.0000
1625.760,-96.285,11.322,0.314,1.562,0.060,10.702,0.800,0.000,0.0000
1625.770,-96.269,11.360,0.313,1.605,0.045,10.703,0.840,0.000,0.0000
1625.780,-96.253,11.399,0.311,1.647,0.031,10.704,0.880,0.000,0.0000
1625.790,-96.236,11.439,0.310,1.685,0.020,10.705,0.920,0.000,0.0000
1625.800,-96.219,11.480,0.308,1.718,0.021,10.706,0.960,0.000,0.0000
1625.810,-96.201,11.521,0.307,1.744,0.033,10.707,1.000,0.000,0.0000
1625.820,-96.184,11.563,0.305,1.767,0.049,10.708,1.000,0.000,0.0000
1625.830,-96.166,11.605,0.304,1.787,0.066,10.709,1.000,0.000,0.0000
1625.840,-96.148,11.648,0.303,1.809,0.083,10.710,1.000,0.000,0.0000
1625.850,-96.130,11.691,0.302,1.833,0.101,10.710,1.000,0.000,0.0000
1625.860,-96.111,11.735,0.302,1.856,0.120,10.711,1.000,0.000,0.0000
1625.870,-96.092,11.779,0.301,1.878,0.138,10.711,1.000,0.000,0.0000
1625.880,-96.073,11.823,0.301,1.899,0.157,10.712,1.000,0.000,0.0000
1625.890,-96.054,11.868,0.300,1.918,0.176,10.712,1.000,0.000,0.0000
1625.900,-96.035,11.913,0.300,1.937,0.196,10.712,1.000,0.000,0.0000
1625.910,-96.015,11.959,0.300,1.956,0.215,10.712,1.000,0.000,0.0000
1625.920,-95.995,12.005,0.301,1.974,0.235,10.711,1.000,0.000,0.0000
1625.930,-95.976,12.051,0.301,1.992,0.255,10.711,1.000,0.000,0.0000
1625.940,-95.955,12.098,0.302,2.010,0.275,10.711,1.000,0.000,0.0000
1625.950,-95.935,12.145,0.302,2.028,0.295,10.710,1.000,0.000,0.0000
1625.960,-95.915,12.193,0.303,2.045,0.316,10.710,1.000,0.000,0.0000
1625.970,-95.894,12.240,0.303,2.062,0.336,10.709,1.000,0.000,0.0000
1625.980,-95.873,12.289,0.304,2.079,0.357,10.709,1.000,0.000,0.0000
1625.990,-95.852,12.337,0.305,2.096,0.378,10.708,1.000,0.000,0.0000
1626.000,-95.831,12.386,0.306,2.112,0.399,10.707,1.000,0.000,0.0000
1626.010,-95.810,12.435,0.307,2.127,0.420,10.707,1.000,0.000,0.0000
1626.020,-95.789,12.485,0.308,2.140,0.442,10.707,1.000,0.000,0.0000
1626.030,-95.767,12.535,0.308,2.152,0.463,10.706,1.000,0.000,0.0000
1626.040,-95.746,12.585,0.309,2.164,0.485,10.706,1.000,0.000,0.0000
1626.050,-95.724,12.635,0.310,2.176,0.507,10.706,1.000,0.000,0.0000
1626.060,-95.702,12.686,0.311,2.190,0.529,10.705,1.000,0.000,0.0000
1626.070,-95.680,12.737,0.311,2.202,0.551,10.705,1.000,0.000,0.0000
1626.080,-95.658,12.789,0.312,2.215,0.573,10.705,1.000,0.000,0.0000
1626.090,-95.635,12.840,0.313,2.229,0.595,10.706,1.000,0.000,0.0000
1626.100,-95.613,12.893,0.313,2.244,0.617,10.706,1.000,0.000,0.0000
1626.110,-95.590,12.945,0.313,2.260,0.640,10.706,1.000,0.000,0.0000
1626.120,-95.568,12.998,0.314,2.276,0.663,10.707,1.000,0.000,0.0000
1626.130,-95.545,13.051,0.314,2.293,0.686,10.708,1.000,0.000,0.0000
1626.140,-95.522,13.105,0.314,2.311,0.709,10.709,1.000,0.000,0.0000
1626.150,-95.498,13.159,0.314,2.329,0.732,10.710,1.000,0.000,0.0000
1626.160,-95.475,13.213,0.314,2.347,0.756,10.711,1.000,0.000,0.0000
1626.170,-95.451,13.268,0.314,2.365,0.779,10.712,1.000,0.000,0.0000
1626.180,-95.427,13.323,0.314,2.383,0.803,10.713,1.000,0.000,0.0000
1626.190,-95.403,13.379,0.314,2.401,0.827,10.715,1.000,0.000,0.0000
1626.200,-95.379,13.435,0.314,2.418,0.851,10.716,1.000,0.000,0.0000
1626.210,-95.355,13.491,0.313,2.435,0.875,10.718,1.000,0.000,0.0000
1626.220,-95.330,13.548,0.313,2.452,0.900,10.720,1.000,0.000,0.0000
1626.230,-95.306,13.604,0.313,2.466,0.925,10.722,1.000,0.000,0.0000
1626.240,-95.281,13.661,0.312,2.482,0.949,10.724,1.000,0.000,0.0000
1626.250,-95.256,13.719,0.312,2.496,0.974,10.726,1.000,0.000,0.0000
1626.260,-95.231,13.777,0.312,2.515,0.999,10.728,1.000,0.000,0.0000
1626.270,-95.205,13.835,0.312,2.534,1.025,10.730,1.000,0.000,0.0000
1626.280,-95.180,13.893,0.311,2.554,1.050,10.732,1.000,0.000,0.0000
1626.290,-95.154,13.952,0.311,2.573,1.076,10.734,1.000,0.000,0.0000
1626.300,-95.128,14.011,0.311,2.593,1.102,10.737,1.000,0.000,0.0000
1626.310,-95.102,14.070,0.311,2.612,1.128,10.739,1.000,0.000,0.0000
1626.320,-95.076,14.130,0.310,2.631,1.154,10.742,1.000,0.000,0.0000
1626.330,-95.049,14.191,0.310,2.649,1.181,10.744,1.000,0.000,0.0000
1626.340,-95.023,14.251,0.310,2.666,1.207,10.747,1.000,0.000,0.0000
1626.350,-94.996,14.313,0.309,2.683,1.234,10.750,1.000,0.000,0.0000
1626.360,-94.969,14.374,0.309,2.700,1.261,10.752,1.000,0.000,0.0000
1626.370,-94.942,14.436,0.309,2.716,1.288,10.755,1.000,0.000,0.0000
1626.380,-94.914,14.499,0.309,2.731,1.316,10.758,1.000,0.000,0.0000
1626.390,-94.887,14.561,0.309,2.746,1.343,10.761,1.000,0.000,0.0000
1626.400,-94.859,14.624,0.309,2.760,1.371,10.764,1.000,0.000,0.0000
1626.410,-94.832,14.688,0.309,2.770,1.399,10.767,1.000,0.000,0.0000
1626.420,-94.804,14.751,0.309,2.780,1.426,10.770,1.000,0.000,0.0000
1626.430,-94.776,14.815,0.309,2.793,1.454,10.773,1.000,0.000,0.0000
1626.440,-94.748,14.880,0.309,2.804,1.482,10.776,1.000,0.000,0.0000
1626.450,-94.720,14.944,0.309,2.815,1.510,10.779,1.000,0.000,0.0000
1626.460,-94.691,15.009,0.309,2.828,1.539,10.783,1.000,0.000,0.0000
1626.470,-94.663,15.075,0.309,2.843,1.567,10.786,1.000,0.000,0.0000
1626.480,-94.634,15.141,0.309,2.859,1.596,10.790,1.000,0.000,0.0000
1626.490,-94.606,15.207,0.309,2.877,1.624,10.793,1.000,0.000,0.0000
1626.500,-94.577,15.274,0.309,2.894,1.653,10.797,1.000,0.000,0.0000
1626.510,-94.548,15.341,0.309,2.912,1.683,10.801,0.940,0.000,0.0000
1626.520,-94.518,15.408,0.310,2.930,1.712,10.805,0.880,0.000,0.0000
1626.530,-94.489,15.476,0.310,2.948,1.741,10.809,0.820,0.000,0.0000
1626.540,-94.459,15.545,0.310,2.966,1.771,10.813,0.760,0.000,0.0000
1626.550,-94.429,15.613,0.310,2.983,1.801,10.817,0.700,0.000,0.0000
1626.560,-94.399,15.682,0.310,3.000,1.831,10.821,0.640,0.000,0.0000
1626.570,-94.369,15.752,0.310,3.007,1.861,10.826,0.580,0.000,0.0000
1626.580,-94.339,15.821,0.310,3.002,1.891,10.830,0.520,0.000,0.0000
1626.590,-94.309,15.889,0.311,2.993,1.921,10.834,0.460,0.000,0.0000
1626.600,-94.279,15.958,0.311,2.984,1.951,10.838,0.400,0.000,0.0000
1626.610,-94.250,16.026,0.312,2.973,1.980,10.842,0.340,0.000,0.0000
1626.620,-94.220,16.093,0.313,2.963,2.010,10.846,0.280,0.000,0.0000
1626.630,-94.191,16.160,0.314,2.952,2.040,10.850,0.220,0.000,0.0080
1626.640,-94.161,16.227,0.315,2.940,2.069,10.854,0.160,0.000,0.0160
1626.650,-94.132,16.294,0.316,2.927,2.098,10.858,0.100,0.000,0.0240
1626.660,-94.103,16.360,0.317,2.912,2.127,10.862,0.040,0.000,0.0320
1626.670,-94.074,16.425,0.318,2.898,2.156,10.866,0.000,0.000,0.0400
1626.680,-94.045,16.491,0.319,2.882,2.185,10.870,0.000,0.000,0.0480
1626.690,-94.016,16.556,0.321,2.866,2.214,10.874,0.000,0.000,0.0560
1626.700,-93.988,16.620,0.322,2.849,2.242,10.878,0.000,0.000,0.0640
1626.710,-93.960,16.684,0.323,2.832,2.271,10.882,0.000,0.000,0.0720
1626.720,-93.932,16.748,0.324,2.815,2.299,10.887,0.000,0.000,0.0800
1626.730,-93.904,16.811,0.325,2.800,2.327,10.891,0.000,0.000,0.0880
1626.740,-93.876,16.874,0.326,2.783,2.354,10.895,0.000,0.000,0.0960
1626.750,-93.848,16.936,0.326,2.767,2.382,10.900,0.000,0.000,0.1040
1626.760,-93.821,16.998,0.327,2.755,2.410,10.905,0.000,0.000,0.1120
1626.770,-93.793,17.060,0.328,2.746,2.437,10.910,0.000,0.000,0.1200
1626.780,-93.766,17.122,0.328,2.738,2.465,10.915,0.000,0.000,0.1280
1626.790,-93.738,17.183,0.328,2.731,2.492,10.920,0.000,0.000,0.1360
1626.800,-93.711,17.245,0.328,2.724,2.519,10.926,0.000,0.000,0.1440
1626.810,-93.684,17.306,0.328,2.719,2.546,10.932,0.000,0.000,0.1520
1626.820,-93.657,17.367,0.328,2.713,2.573,10.938,0.000,0.000,0.1600
1626.830,-93.630,17.427,0.328,2.707,2.600,10.944,0.000,0.000,0.1680
1626.840,-93.603,17.487,0.328,2.702,2.627,10.950,0.000,0.000,0.1760
1626.850,-93.576,17.546,0.328,2.698,2.654,10.956,0.000,0.000,0.1840
1626.860,-93.549,17.605,0.327,2.696,2.681,10.962,0.000,0.000,0.1920
1626.870,-93.522,17.664,0.327,2.689,2.708,10.968,0.000,0.000,0.2000
1626.880,-93.495,17.722,0.327,2.682,2.735,10.975,0.000,0.000,0.2080
1626.890,-93.468,17.779,0.327,2.672,2.762,10.981,0.000,0.000,0.2160
1626.900,-93.442,17.835,0.327,2.663,2.788,10.987,0.000,0.000,0.2240
1626.910,-93.415,17.891,0.327,2.654,2.815,10.994,0.000,0.000,0.2320
1626.920,-93.389,17.946,0.327,2.638,2.841,11.000,0.000,0.000,0.2400
1626.930,-93.363,17.999,0.327,2.618,2.868,11.006,0.000,0.000,0.2480
1626.940,-93.337,18.053,0.327,2.599,2.894,11.012,0.000,0.000,0.2560
1626.950,-93.311,18.105,0.327,2.586,2.919,11.018,0.000,0.000,0.2640
1626.960,-93.285,18.157,0.327,2.580,2.945,11.024,0.000,0.000,0.2720
1626.970,-93.259,18.208,0.327,2.578,2.971,11.031,0.000,0.000,0.2800
1626.980,-93.233,18.258,0.327,2.578,2.997,11.037,0.000,0.000,0.2880
1626.990,-93.208,18.309,0.327,2.579,3.023,11.043,0.000,0.000,0.2960
1627.000,-93.182,18.358,0.327,2.579,3.048,11.050,0.000,0.000,0.3040
1627.010,-93.156,18.407,0.327,2.578,3.074,11.057,0.000,0.000,0.3120
1627.020,-93.130,18.456,0.327,2.575,3.100,11.063,0.000,0.000,0.3200
1627.030,-93.105,18.504,0.327,2.571,3.126,11.070,0.000,0.000,0.3280
1627.040,-93.079,18.551,0.327,2.568,3.151,11.077,0.000,0.000,0.3360
1627.050,-93.053,18.598,0.327,2.564,3.177,11.084,0.000,0.000,0.3440
1627.060,-93.028,18.645,0.327,2.560,3.202,11.091,0.000,0.000,0.3520
1627.070,-93.002,18.691,0.327,2.555,3.228,11.098,0.000,0.000,0.3600
1627.080,-92.977,18.736,0.326,2.549,3.253,11.105,0.000,0.000,0.3680
1627.090,-92.951,18.781,0.326,2.543,3.279,11.112,0.000,0.000,0.3760
1627.100,-92.926,18.825,0.326,2.537,3.304,11.119,0.000,0.000,0.3840
1627.110,-92.901,18.869,0.326,2.531,3.330,11.127,0.000,0.000,0.3920
1627.120,-92.875,18.912,0.326,2.524,3.355,11.134,0.000,0.000,0.4000
1627.130,-92.850,18.955,0.326,2.516,3.380,11.141,0.000,0.000,0.4080
1627.140,-92.825,18.997,0.325,2.509,3.405,11.148,0.000,0.000,0.4160
1627.150,-92.800,19.038,0.325,2.546,3.431,11.156,0.000,0.000,0.4240
1627.160,-92.774,19.080,0.325,2.557,3.456,11.163,0.000,0.000,0.4320
1627.170,-92.749,19.121,0.325,2.560,3.482,11.171,0.000,0.000,0.4400
1627.180,-92.723,19.162,0.324,2.562,3.507,11.179,0.000,0.000,0.4480
1627.190,-92.697,19.203,0.324,2.567,3.533,11.187,0.000,0.000,0.4560
1627.200,-92.671,19.243,0.324,2.573,3.559,11.195,0.000,0.000,0.4640
1627.210,-92.646,19.283,0.323,2.579,3.584,11.203,0.000,0.000,0.4720
1627.220,-92.620,19.323,0.323,2.585,3.610,11.211,0.000,0.000,0.4420
1627.230,-92.594,19.362,0.323,2.584,3.636,11.219,0.000,0.000,0.4120
1627.240,-92.568,19.400,0.322,2.577,3.662,11.227,0.000,0.000,0.3820
1627.250,-92.543,19.438,0.322,2.568,3.688,11.235,0.000,0.000,0.3520
1627.260,-92.517,19.475,0.322,2.557,3.713,11.243,0.000,0.000,0.3220
1627.270,-92.492,19.511,0.323,2.546,3.739,11.250,0.000,0.000,0.2920
1627.280,-92.466,19.547,0.323,2.537,3.764,11.258,0.000,0.000,0.2620
1627.290,-92.441,19.582,0.323,2.530,3.789,11.266,0.000,0.000,0.2320
1627.300,-92.416,19.616,0.323,2.525,3.815,11.274,0.000,0.000,0.2020
1627.310,-92.390,19.650,0.324,2.520,3.840,11.281,0.000,0.000,0.1720
1627.320,-92.365,19.684,0.324,2.516,3.865,11.289,0.000,0.000,0.1420
1627.330,-92.340,19.717,0.324,2.511,3.890,11.297,0.000,0.000,0.1120
1627.340,-92.315,19.750,0.325,2.506,3.915,11.305,0.000,0.000,0.0820
1627.350,-92.290,19.783,0.325,2.501,3.940,11.313,0.000,0.000,0.0520
1627.360,-92.265,19.815,0.325,2.495,3.965,11.321,0.000,0.000,0.0220
1627.370,-92.240,19.847,0.325,2.488,3.990,11.329,0.000,0.000,0.0000
1627.380,-92.215,19.879,0.325,2.482,4.015,11.337,0.000,0.000,0.0000
1627.390,-92.191,19.911,0.325,2.478,4.040,11.346,0.000,0.000,0.0000
1627.400,-92.166,19.942,0.325,2.476,4.064,11.354,0.000,0.000,0.0000
1627.410,-92.141,19.973,0.325,2.474,4.089,11.363,0.000,0.000,0.0000
1627.420,-92.116,20.004,0.324,2.471,4.114,11.371,0.000,0.000,0.0000
1627.430,-92.092,20.035,0.324,2.465,4.138,11.380,0.000,0.000,0.0000
1627.440,-92.067,20.066,0.324,2.457,4.163,11.389,0.000,0.000,0.0000
1627.450,-92.043,20.097,0.324,2.447,4.187,11.398,0.000,0.000,0.0000
1627.460,-92.018,20.127,0.323,2.437,4.212,11.406,0.000,0.000,0.0000
1627.470,-91.994,20.158,0.323,2.438,4.236,11.415,0.000,0.000,0.0000
1627.480,-91.970,20.188,0.322,2.433,4.260,11.424,0.000,0.000,0.0000
1627.490,-91.945,20.218,0.322,2.424,4.285,11.433,0.000,0.000,0.0000
1627.500,-91.921,20.248,0.321,2.419,4.309,11.442,0.000,0.000,0.0000
1627.510,-91.897,20.278,0.321,2.412,4.333,11.451,0.000,0.000,0.0000
1627.520,-91.873,20.308,0.321,2.398,4.357,11.460,0.000,0.000,0.0000
1627.530,-91.849,20.337,0.320,2.379,4.381,11.469,0.000,0.000,0.0000
1627.540,-91.826,20.366,0.320,2.357,4.404,11.478,0.000,0.000,0.0000
1627.550,-91.802,20.395,0.320,2.333,4.428,11.487,0.000,0.000,0.0000
1627.560,-91.779,20.424,0.320,2.307,4.451,11.495,0.000,0.000,0.0000
1627.570,-91.757,20.452,0.319,2.281,4.473,11.504,0.040,0.000,0.0000
1627.580,-91.734,20.480,0.319,2.255,4.496,11.512,0.080,0.000,0.0000
1627.590,-91.712,20.508,0.320,2.229,4.518,11.520,0.120,0.000,0.0000
1627.600,-91.690,20.535,0.320,2.203,4.540,11.528,0.160,0.000,0.0000
1627.610,-91.668,20.562,0.320,2.178,4.562,11.536,0.200,0.000,0.0000
1627.620,-91.646,20.589,0.320,2.152,4.584,11.544,0.240,0.000,0.0000
1627.630,-91.625,20.615,0.320,2.126,4.605,11.552,0.280,0.000,0.0000
1627.640,-91.604,20.641,0.321,2.100,4.626,11.560,0.320,0.000,0.0000
1627.650,-91.583,20.667,0.321,2.089,4.647,11.567,0.360,0.000,0.0000
1627.660,-91.562,20.693,0.321,2.091,4.668,11.575,0.400,0.000,0.0000
1627.670,-91.541,20.719,0.321,2.102,4.689,11.583,0.440,0.000,0.0000
1627.680,-91.520,20.746,0.321,2.120,4.710,11.592,0.480,0.000,0.0000
1627.690,-91.499,20.773,0.321,2.143,4.731,11.600,0.520,0.000,0.0000
1627.700,-91.477,20.800,0.320,2.167,4.753,11.609,0.560,0.000,0.0000
1627.710,-91.455,20.827,0.320,2.192,4.775,11.618,0.600,0.000,0.0000
1627.720,-91.433,20.855,0.319,2.216,4.797,11.627,0.640,0.000,0.0000
1627.730,-91.411,20.882,0.318,2.241,4.819,11.637,0.680,0.000,0.0000
1627.740,-91.388,20.911,0.318,2.265,4.842,11.646,0.720,0.000,0.0000
1627.750,-91.365,20.939,0.317,2.290,4.865,11.656,0.760,0.000,0.0000
1627.760,-91.342,20.968,0.316,2.314,4.888,11.666,0.800,0.000,0.0000
1627.770,-91.319,20.997,0.315,2.338,4.911,11.676,0.840,0.000,0.0000
1627.780,-91.295,21.026,0.314,2.362,4.935,11.687,0.880,0.000,0.0000
1627.790,-91.271,21.056,0.313,2.386,4.959,11.697,0.920,0.000,0.0000
1627.800,-91.247,21.086,0.312,2.410,4.983,11.708,0.960,0.000,0.0000
1627.810,-91.223,21.116,0.312,2.434,5.007,11.718,1.000,0.000,0.0000
1627.820,-91.198,21.147,0.311,2.453,5.032,11.729,1.000,0.000,0.0000
1627.830,-91.173,21.177,0.310,2.473,5.057,11.740,1.000,0.000,0.0000
1627.840,-91.149,21.208,0.310,2.495,5.081,11.751,1.000,0.000,0.0000
1627.850,-91.123,21.240,0.309,2.519,5.107,11.762,1.000,0.000,0.0000
1627.860,-91.098,21.271,0.308,2.546,5.132,11.773,1.000,0.000,0.0000
1627.870,-91.072,21.303,0.308,2.573,5.158,11.784,1.000,0.000,0.0000
1627.880,-91.046,21.336,0.308,2.602,5.184,11.795,1.000,0.000,0.0000
1627.890,-91.020,21.369,0.307,2.631,5.210,11.807,1.000,0.000,0.0000
1627.900,-90.993,21.402,0.307,2.660,5.237,11.818,1.000,0.000,0.0000
1627.910,-90.966,21.435,0.307,2.689,5.264,11.830,1.000,0.000,0.0000
1627.920,-90.939,21.469,0.306,2.718,5.291,11.841,1.000,0.000,0.0000
1627.930,-90.912,21.503,0.306,2.747,5.318,11.853,1.000,0.000,0.0000
1627.940,-90.884,21.537,0.306,2.775,5.346,11.865,1.000,0.000,0.0000
1627.950,-90.856,21.572,0.306,2.804,5.374,11.877,1.000,0.000,0.0000
1627.960,-90.828,21.607,0.306,2.832,5.402,11.890,1.000,0.000,0.0000
1627.970,-90.799,21.643,0.306,2.860,5.431,11.902,1.000,0.000,0.0000
1627.980,-90.770,21.678,0.307,2.887,5.460,11.915,1.000,0.000,0.0000
1627.990,-90.741,21.714,0.307,2.914,5.489,11.927,1.000,0.000,0.0000
1628.000,-90.712,21.751,0.307,2.941,5.518,11.940,1.000,0.000,0.0000
1628.010,-90.682,21.787,0.307,2.967,5.548,11.953,1.000,0.000,0.0000
1628.020,-90.652,21.824,0.308,2.993,5.578,11.966,1.000,0.000,0.0000
1628.030,-90.622,21.862,0.308,3.018,5.608,11.979,1.000,0.000,0.0000
1628.040,-90.591,21.899,0.308,3.043,5.639,11.993,1.000,0.000,0.0000
1628.050,-90.561,21.937,0.308,3.067,5.669,12.006,1.000,0.000,0.0000
1628.060,-90.530,21.975,0.309,3.091,5.700,12.020,1.000,0.000,0.0000
1628.070,-90.499,22.013,0.309,3.111,5.731,12.034,1.000,0.000,0.0000
1628.080,-90.467,22.052,0.310,3.133,5.763,12.048,1.000,0.000,0.0000
1628.090,-90.436,22.091,0.310,3.154,5.794,12.062,1.000,0.000,0.0000
1628.100,-90.404,22.130,0.310,3.178,5.826,12.076,1.000,0.000,0.0000
1628.110,-90.372,22.169,0.311,3.205,5.858,12.091,1.000,0.000,0.0000
1628.120,-90.340,22.209,0.311,3.233,5.890,12.106,1.000,0.000,0.0000
1628.130,-90.307,22.249,0.311,3.262,5.923,12.121,1.000,0.000,0.0000
1628.140,-90.274,22.289,0.311,3.291,5.956,12.136,1.000,0.000,0.0000
1628.150,-90.241,22.330,0.311,3.319,5.989,12.152,1.000,0.000,0.0000
1628.160,-90.207,22.371,0.312,3.347,6.023,12.168,1.000,0.000,0.0000
1628.170,-90.174,22.412,0.312,3.375,6.056,12.184,1.000,0.000,0.0000
1628.180,-90.140,22.454,0.312,3.402,6.090,12.200,1.000,0.000,0.0000
1628.190,-90.105,22.496,0.312,3.428,6.125,12.216,1.000,0.000,0.0000
1628.200,-90.071,22.539,0.312,3.454,6.159,12.233,1.000,0.000,0.0000
1628.210,-90.036,22.581,0.312,3.479,6.194,12.250,1.000,0.000,0.0000
1628.220,-90.001,22.624,0.312,3.503,6.229,12.267,1.000,0.000,0.0000
1628.230,-89.966,22.668,0.311,3.527,6.264,12.285,1.000,0.000,0.0000
1628.240,-89.930,22.711,0.311,3.551,6.300,12.302,1.000,0.000,0.0000
1628.250,-89.895,22.755,0.311,3.574,6.335,12.320,1.000,0.000,0.0000
1628.260,-89.859,22.800,0.311,3.597,6.371,12.338,1.000,0.000,0.0000
1628.270,-89.822,22.844,0.311,3.619,6.408,12.356,1.000,0.000,0.0000
1628.280,-89.786,22.889,0.311,3.641,6.444,12.374,1.000,0.000,0.0000
1628.290,-89.749,22.934,0.311,3.661,6.481,12.393,1.000,0.000,0.0000
1628.300,-89.713,22.979,0.311,3.676,6.517,12.412,1.000,0.000,0.0000
1628.310,-89.676,23.025,0.311,3.692,6.554,12.430,1.000,0.000,0.0000
1628.320,-89.639,23.071,0.311,3.712,6.591,12.449,1.000,0.000,0.0000
1628.330,-89.601,23.117,0.311,3.736,6.629,12.468,1.000,0.000,0.0000
1628.340,-89.564,23.164,0.311,3.763,6.666,12.488,1.000,0.000,0.0000
1628.350,-89.526,23.211,0.311,3.791,6.704,12.508,1.000,0.000,0.0000
1628.360,-89.487,23.258,0.310,3.820,6.743,12.527,1.000,0.000,0.0000
1628.370,-89.449,23.305,0.310,3.850,6.781,12.548,1.000,0.000,0.0000
1628.380,-89.410,23.354,0.310,3.879,6.820,12.568,1.000,0.000,0.0000
1628.390,-89.371,23.402,0.310,3.909,6.859,12.589,1.000,0.000,0.0000
1628.400,-89.332,23.451,0.310,3.938,6.898,12.610,1.000,0.000,0.0000
1628.410,-89.292,23.500,0.310,3.966,6.938,12.631,1.000,0.000,0.0000
1628.420,-89.252,23.549,0.310,3.994,6.978,12.652,1.000,0.000,0.0000
1628.430,-89.212,23.599,0.310,4.021,7.018,12.674,1.000,0.000,0.0000
1628.440,-89.171,23.649,0.310,4.047,7.059,12.695,1.000,0.000,0.0000
1628.450,-89.131,23.699,0.309,4.072,7.099,12.717,1.000,0.000,0.0000
1628.460,-89.090,23.749,0.309,4.097,7.140,12.740,1.000,0.000,0.0000
1628.470,-89.049,23.800,0.309,4.121,7.181,12.762,1.000,0.000,0.0000
1628.480,-89.007,23.851,0.309,4.141,7.223,12.785,1.000,0.000,0.0000
1628.490,-88.966,23.902,0.310,4.157,7.264,12.807,1.000,0.000,0.0000
1628.500,-88.924,23.954,0.310,4.180,7.306,12.830,1.000,0.000,0.0000
1628.510,-88.882,24.005,0.310,4.207,7.348,12.853,1.000,0.000,0.0000
1628.520,-88.839,24.057,0.310,4.237,7.391,12.877,1.000,0.000,0.0000
1628.530,-88.797,24.109,0.310,4.269,7.433,12.900,1.000,0.000,0.0000
1628.540,-88.754,24.162,0.310,4.301,7.476,12.924,1.000,0.000,0.0000
1628.550,-88.710,24.215,0.310,4.333,7.520,12.949,1.000,0.000,0.0000
1628.560,-88.667,24.268,0.310,4.364,7.563,12.973,1.000,0.000,0.0000
1628.570,-88.623,24.322,0.310,4.394,7.607,12.998,1.000,0.000,0.0000
1628.580,-88.578,24.376,0.310,4.423,7.652,13.023,1.000,0.000,0.0000
1628.590,-88.534,24.430,0.310,4.451,7.696,13.049,1.000,0.000,0.0000
1628.600,-88.489,24.485,0.310,4.477,7.741,13.075,1.000,0.000,0.0000
1628.610,-88.444,24.540,0.310,4.501,7.786,13.100,1.000,0.000,0.0000
1628.620,-88.399,24.595,0.310,4.525,7.831,13.127,1.000,0.000,0.0000
1628.630,-88.353,24.651,0.310,4.547,7.877,13.153,1.000,0.000,0.0000
1628.640,-88.308,24.707,0.310,4.568,7.922,13.180,1.000,0.000,0.0000
1628.650,-88.262,24.763,0.310,4.587,7.968,13.206,1.000,0.000,0.0000
1628.660,-88.216,24.819,0.310,4.598,8.014,13.233,1.000,0.000,0.0000
1628.670,-88.170,24.876,0.310,4.615,8.060,13.260,1.000,0.000,0.0000
1628.680,-88.123,24.933,0.310,4.635,8.107,13.288,1.000,0.000,0.0000
1628.690,-88.077,24.990,0.310,4.659,8.153,13.315,1.000,0.000,0.0000
1628.700,-88.030,25.047,0.311,4.686,8.200,13.343,1.000,0.000,0.0000
1628.710,-87.983,25.105,0.311,4.714,8.247,13.371,1.000,0.000,0.0000
1628.720,-87.935,25.164,0.311,4.744,8.295,13.400,1.000,0.000,0.0000
1628.730,-87.888,25.223,0.310,4.773,8.342,13.429,1.000,0.000,0.0000
1628.740,-87.840,25.282,0.310,4.802,8.390,13.458,1.000,0.000,0.0000
1628.750,-87.791,25.341,0.310,4.831,8.439,13.487,1.000,0.000,0.0000
1628.760,-87.743,25.401,0.310,4.858,8.487,13.517,1.000,0.000,0.0000
1628.770,-87.694,25.461,0.310,4.884,8.536,13.547,1.000,0.000,0.0000
1628.780,-87.645,25.522,0.310,4.909,8.585,13.577,1.000,0.000,0.0000
1628.790,-87.596,25.582,0.310,4.932,8.634,13.608,1.000,0.000,0.0000
1628.800,-87.546,25.643,0.310,4.955,8.684,13.638,1.000,0.000,0.0000
1628.810,-87.496,25.705,0.310,4.973,8.734,13.669,1.000,0.000,0.0000
1628.820,-87.446,25.766,0.310,4.989,8.784,13.700,0.940,0.000,0.0080
1628.830,-87.396,25.827,0.310,5.010,8.834,13.731,0.880,0.000,0.0160
1628.840,-87.346,25.889,0.310,5.035,8.884,13.763,0.820,0.000,0.0240
1628.850,-87.295,25.951,0.310,5.064,8.935,13.795,0.760,0.000,0.0320
1628.860,-87.244,26.013,0.310,5.093,8.986,13.827,0.700,0.000,0.0400
1628.870,-87.193,26.076,0.311,5.110,9.037,13.859,0.640,0.000,0.0480
1628.880,-87.142,26.138,0.311,5.112,9.088,13.892,0.580,0.000,0.0560
1628.890,-87.091,26.200,0.311,5.104,9.139,13.924,0.520,0.000,0.0640
1628.900,-87.040,26.262,0.312,5.089,9.190,13.956,0.460,0.000,0.0720
1628.910,-86.990,26.324,0.312,5.068,9.240,13.988,0.400,0.000,0.0800
1628.920,-86.939,26.385,0.313,5.044,9.291,14.020,0.340,0.000,0.0880
1628.930,-86.889,26.446,0.314,5.018,9.341,14.052,0.280,0.000,0.0960
1628.940,-86.839,26.506,0.315,4.991,9.391,14.084,0.220,0.000,0.1040
1628.950,-86.789,26.566,0.316,4.963,9.441,14.115,0.160,0.000,0.1120
1628.960,-86.740,26.626,0.317,4.941,9.490,14.147,0.100,0.000,0.1200
1628.970,-86.691,26.685,0.318,4.921,9.539,14.178,0.040,0.000,0.1280
1628.980,-86.642,26.745,0.319,4.927,9.588,14.210,0.000,0.000,0.1360
1628.990,-86.592,26.804,0.320,4.928,9.638,14.242,0.000,0.000,0.1440
1629.000,-86.543,26.863,0.321,4.924,9.687,14.273,0.000,0.000,0.1520
1629.010,-86.494,26.922,0.322,4.918,9.736,14.306,0.000,0.000,0.1600
1629.020,-86.445,26.980,0.322,4.909,9.785,14.338,0.000,0.000,0.1680
1629.030,-86.396,27.038,0.323,4.898,9.834,14.370,0.000,0.000,0.1760
1629.040,-86.347,27.096,0.324,4.887,9.883,14.402,0.000,0.000,0.1840
1629.050,-86.298,27.153,0.324,4.876,9.932,14.434,0.000,0.000,0.1920
1629.060,-86.250,27.210,0.325,4.864,9.980,14.467,0.000,0.000,0.2000
1629.070,-86.201,27.267,0.325,4.852,10.029,14.499,0.000,0.000,0.2080
1629.080,-86.153,27.323,0.326,4.841,10.077,14.531,0.000,0.000,0.2160
1629.090,-86.104,27.378,0.326,4.818,10.126,14.564,0.000,0.000,0.2240
1629.100,-86.057,27.432,0.327,4.789,10.173,14.596,0.000,0.000,0.2320
1629.110,-86.010,27.485,0.328,4.706,10.221,14.627,0.000,0.000,0.2400
1629.120,-85.963,27.537,0.329,4.643,10.267,14.659,0.000,0.000,0.2480
1629.130,-85.917,27.588,0.329,4.601,10.313,14.689,0.000,0.000,0.2560
1629.140,-85.871,27.638,0.330,4.577,10.359,14.720,0.000,0.000,0.2640
1629.150,-85.826,27.688,0.331,4.563,10.404,14.751,0.000,0.000,0.2720
1629.160,-85.780,27.737,0.331,4.555,10.450,14.782,0.000,0.000,0.2800
1629.170,-85.735,27.786,0.332,4.550,10.495,14.814,0.000,0.000,0.2880
1629.180,-85.689,27.834,0.332,4.546,10.541,14.845,0.000,0.000,0.2960
1629.190,-85.644,27.882,0.332,4.541,10.586,14.877,0.000,0.000,0.3040
1629.200,-85.598,27.929,0.332,4.531,10.632,14.908,0.000,0.000,0.3120
1629.210,-85.553,27.976,0.332,4.520,10.677,14.940,0.000,0.000,0.3200
1629.220,-85.508,28.022,0.332,4.508,10.722,14.972,0.000,0.000,0.3280
1629.230,-85.463,28.067,0.331,4.494,10.767,15.003,0.000,0.000,0.3360
1629.240,-85.418,28.112,0.331,4.479,10.812,15.035,0.000,0.000,0.3440
1629.250,-85.374,28.157,0.331,4.463,10.856,15.067,0.000,0.000,0.3520
1629.260,-85.329,28.200,0.330,4.443,10.901,15.098,0.000,0.000,0.3600
1629.270,-85.285,28.243,0.330,4.422,10.945,15.130,0.000,0.000,0.3680
1629.280,-85.241,28.286,0.329,4.400,10.989,15.162,0.000,0.000,0.3760
1629.290,-85.197,28.328,0.329,4.378,11.033,15.193,0.000,0.000,0.3840
1629.300,-85.154,28.369,0.328,4.371,11.076,15.224,0.000,0.000,0.3920
1629.310,-85.110,28.411,0.328,4.372,11.120,15.256,0.000,0.000,0.4000
1629.320,-85.066,28.451,0.327,4.373,11.164,15.288,0.000,0.000,0.3700
1629.330,-85.022,28.492,0.326,4.417,11.208,15.320,0.000,0.000,0.3400
1629.340,-84.978,28.532,0.326,4.429,11.252,15.352,0.000,0.000,0.3100
1629.350,-84.934,28.571,0.325,4.425,11.296,15.384,0.000,0.000,0.2800
1629.360,-84.889,28.610,0.324,4.414,11.341,15.417,0.000,0.000,0.2500
1629.370,-84.845,28.648,0.324,4.403,11.385,15.449,0.000,0.000,0.2200
1629.380,-84.802,28.686,0.323,4.392,11.429,15.481,0.000,0.000,0.1900
1629.390,-84.758,28.723,0.323,4.381,11.472,15.513,0.000,0.000,0.1600
1629.400,-84.714,28.760,0.322,4.372,11.516,15.545,0.000,0.000,0.1300
1629.410,-84.670,28.796,0.322,4.364,11.560,15.577,0.000,0.000,0.1000
1629.420,-84.627,28.832,0.322,4.357,11.603,15.609,0.000,0.000,0.0700
1629.430,-84.583,28.867,0.322,4.349,11.647,15.640,0.000,0.000,0.0400
1629.440,-84.540,28.902,0.322,4.340,11.690,15.672,0.000,0.000,0.0100
1629.450,-84.497,28.936,0.322,4.329,11.733,15.704,0.000,0.000,0.0000
1629.460,-84.453,28.971,0.321,4.323,11.777,15.736,0.000,0.000,0.0000
1629.470,-84.410,29.005,0.321,4.320,11.820,15.768,0.000,0.000,0.0000
1629.480,-84.367,29.039,0.321,4.330,11.863,15.799,0.000,0.000,0.0000
1629.490,-84.323,29.072,0.321,4.341,11.907,15.832,0.000,0.000,0.0000
1629.500,-84.280,29.106,0.321,4.352,11.950,15.864,0.000,0.000,0.0000
1629.510,-84.236,29.140,0.320,4.355,11.994,15.896,0.000,0.000,0.0000
1629.520,-84.193,29.173,0.320,4.348,12.037,15.929,0.000,0.000,0.0000
1629.530,-84.149,29.206,0.320,4.357,12.081,15.961,0.000,0.000,0.0000
1629.540,-84.106,29.240,0.319,4.356,12.124,15.994,0.000,0.000,0.0000
1629.550,-84.062,29.272,0.319,4.347,12.168,16.026,0.000,0.000,0.0000
1629.560,-84.019,29.305,0.319,4.329,12.211,16.059,0.000,0.000,0.0000
1629.570,-83.976,29.338,0.319,4.306,12.254,16.091,0.000,0.000,0.0000
1629.580,-83.933,29.370,0.319,4.280,12.297,16.123,0.000,0.000,0.0000
1629.590,-83.891,29.402,0.319,4.252,12.339,16.155,0.000,0.000,0.0000
1629.600,-83.848,29.434,0.319,4.223,12.382,16.187,0.000,0.000,0.0000
1629.610,-83.806,29.465,0.319,4.192,12.424,16.218,0.000,0.000,0.0000
1629.620,-83.765,29.497,0.319,4.161,12.465,16.249,0.000,0.000,0.0000
1629.630,-83.724,29.528,0.319,4.130,12.506,16.280,0.000,0.000,0.0000
1629.640,-83.683,29.559,0.320,4.098,12.547,16.311,0.000,0.000,0.0000
1629.650,-83.642,29.589,0.320,4.066,12.588,16.341,0.000,0.000,0.0000
1629.660,-83.602,29.620,0.320,4.033,12.628,16.372,0.000,0.000,0.0000
1629.670,-83.562,29.650,0.321,4.000,12.668,16.402,0.000,0.000,0.0000
1629.680,-83.522,29.680,0.321,3.966,12.708,16.432,0.000,0.000,0.0000
1629.690,-83.483,29.710,0.322,3.931,12.747,16.461,0.000,0.000,0.0000
1629.700,-83.444,29.739,0.322,3.896,12.786,16.490,0.000,0.000,0.0000
1629.710,-83.405,29.769,0.323,3.861,12.825,16.520,0.000,0.000,0.0000
1629.720,-83.367,29.798,0.323,3.825,12.863,16.549,0.000,0.000,0.0000
1629.730,-83.329,29.826,0.323,3.789,12.901,16.577,0.000,0.000,0.0000
1629.740,-83.291,29.855,0.324,3.746,12.939,16.606,0.040,0.000,0.0000
1629.750,-83.254,29.883,0.324,3.705,12.976,16.634,0.080,0.000,0.0000
1629.760,-83.218,29.911,0.325,3.665,13.012,16.661,0.120,0.000,0.0000
1629.770,-83.182,29.938,0.325,3.618,13.048,16.689,0.160,0.000,0.0000
1629.780,-83.146,29.965,0.325,3.576,13.084,16.716,0.200,0.000,0.0000
1629.790,-83.110,29.992,0.326,3.540,13.120,16.743,0.240,0.000,0.0000
1629.800,-83.075,30.019,0.326,3.508,13.155,16.770,0.280,0.000,0.0000
1629.810,-83.041,30.046,0.326,3.478,13.189,16.797,0.320,0.000,0.0000
1629.820,-83.006,30.072,0.326,3.450,13.224,16.823,0.360,0.000,0.0000
1629.830,-82.972,30.098,0.326,3.423,13.258,16.850,0.400,0.000,0.0000
1629.840,-82.938,30.125,0.326,3.415,13.292,16.876,0.440,0.000,0.0000
1629.850,-82.903,30.151,0.326,3.424,13.327,16.903,0.480,0.000,0.0000
1629.860,-82.869,30.177,0.326,3.445,13.361,16.930,0.520,0.000,0.0000
1629.870,-82.834,30.203,0.325,3.474,13.396,16.957,0.560,0.000,0.0000
1629.880,-82.799,30.230,0.324,3.507,13.431,16.985,0.600,0.000,0.0000
1629.890,-82.764,30.257,0.324,3.543,13.466,17.013,0.640,0.000,0.0000
1629.900,-82.728,30.284,0.322,3.579,13.502,17.041,0.680,0.000,0.0000
1629.910,-82.692,30.311,0.321,3.614,13.538,17.070,0.720,0.000,0.0000
1629.920,-82.655,30.339,0.320,3.650,13.575,17.100,0.760,0.000,0.0000
1629.930,-82.619,30.367,0.319,3.684,13.611,17.129,0.800,0.000,0.0000
1629.940,-82.581,30.395,0.317,3.718,13.649,17.159,0.840,0.000,0.0000
1629.950,-82.544,30.423,0.316,3.751,13.686,17.189,0.880,0.000,0.0000
1629.960,-82.506,30.451,0.315,3.784,13.724,17.220,0.920,0.000,0.0000
1629.970,-82.468,30.480,0.313,3.816,13.762,17.250,0.960,0.000,0.0000
1629.980,-82.430,30.509,0.312,3.848,13.800,17.281,1.000,0.000,0.0000
1629.990,-82.391,30.538,0.311,3.879,13.839,17.313,1.000,0.000,0.0000
1630.000,-82.352,30.567,0.310,3.905,13.878,17.344,1.000,0.000,0.0000
1630.010,-82.312,30.596,0.309,3.934,13.918,17.376,1.000,0.000,0.0000
1630.020,-82.273,30.626,0.308,3.964,13.957,17.407,1.000,0.000,0.0080
1630.030,-82.233,30.656,0.307,3.996,13.997,17.439,1.000,0.000,0.0160
1630.040,-82.193,30.686,0.306,4.019,14.037,17.471,1.000,0.000,0.0240
1630.050,-82.152,30.716,0.306,4.042,14.078,17.504,1.000,0.000,0.0320
1630.060,-82.112,30.746,0.306,4.074,14.118,17.536,1.000,0.000,0.0400
1630.070,-82.070,30.777,0.305,4.107,14.160,17.569,1.000,0.000,0.0480
1630.080,-82.029,30.808,0.305,4.141,14.201,17.602,1.000,0.000,0.0560
1630.090,-81.987,30.839,0.305,4.176,14.243,17.635,1.000,0.000,0.0640
1630.100,-81.945,30.870,0.305,4.211,14.285,17.669,1.000,0.000,0.0720
1630.110,-81.903,30.902,0.305,4.245,14.327,17.702,1.000,0.000,0.0800
1630.120,-81.860,30.934,0.305,4.280,14.370,17.736,1.000,0.000,0.0880
1630.130,-81.817,30.966,0.305,4.314,14.413,17.771,1.000,0.000,0.0960
1630.140,-81.773,30.998,0.306,4.348,14.457,17.805,1.000,0.000,0.1040
1630.150,-81.729,31.031,0.306,4.380,14.501,17.840,1.000,0.000,0.1120
1630.160,-81.685,31.063,0.306,4.413,14.545,17.875,1.000,0.000,0.1200
1630.170,-81.641,31.096,0.307,4.444,14.589,17.911,1.000,0.000,0.1280
1630.180,-81.596,31.130,0.307,4.475,14.634,17.946,1.000,0.000,0.1360
1630.190,-81.551,31.163,0.307,4.505,14.679,17.982,0.940,0.000,0.1440
1630.200,-81.506,31.196,0.308,4.534,14.724,18.018,0.880,0.000,0.1520
1630.210,-81.460,31.230,0.308,4.562,14.770,18.055,0.820,0.000,0.1600
1630.220,-81.414,31.263,0.309,4.590,14.816,18.091,0.760,0.000,0.1680
1630.230,-81.368,31.297,0.309,4.616,14.862,18.128,0.700,0.000,0.1760
1630.240,-81.322,31.331,0.310,4.659,14.908,18.166,0.640,0.000,0.1840
1630.250,-81.274,31.366,0.310,4.704,14.956,18.203,0.580,0.000,0.1920
1630.260,-81.227,31.400,0.311,4.748,15.003,18.242,0.520,0.000,0.2000
1630.270,-81.179,31.435,0.311,4.815,15.051,18.281,0.460,0.000,0.2080
1630.280,-81.130,31.470,0.311,4.855,15.100,18.320,0.400,0.000,0.2160
1630.290,-81.082,31.505,0.311,4.873,15.148,18.359,0.340,0.000,0.2240
1630.300,-81.033,31.539,0.312,4.873,15.197,18.399,0.280,0.000,0.2320
1630.310,-80.984,31.574,0.312,4.863,15.246,18.438,0.220,0.000,0.2400
1630.320,-80.936,31.608,0.313,4.846,15.294,18.477,0.160,0.000,0.2480
1630.330,-80.888,31.641,0.314,4.825,15.342,18.516,0.100,0.000,0.2560
1630.340,-80.840,31.675,0.314,4.803,15.391,18.555,0.040,0.000,0.2640
1630.350,-80.792,31.708,0.315,4.780,15.438,18.593,0.000,0.000,0.2720
1630.360,-80.744,31.740,0.316,4.756,15.486,18.632,0.000,0.000,0.2800
1630.370,-80.697,31.772,0.317,4.733,15.533,18.670,0.000,0.000,0.2880
1630.380,-80.650,31.803,0.319,4.709,15.580,18.708,0.000,0.000,0.2960
1630.390,-80.603,31.835,0.320,4.683,15.627,18.746,0.000,0.000,0.2660
1630.400,-80.557,31.865,0.321,4.646,15.674,18.783,0.000,0.000,0.2360
1630.410,-80.511,31.895,0.322,4.589,15.719,18.820,0.000,0.000,0.2060
1630.420,-80.465,31.924,0.324,4.533,15.765,18.857,0.000,0.000,0.1760
1630.430,-80.421,31.952,0.325,4.483,15.810,18.893,0.000,0.000,0.1460
1630.440,-80.376,31.980,0.326,4.443,15.854,18.929,0.000,0.000,0.1160
1630.450,-80.332,32.007,0.327,4.411,15.898,18.964,0.000,0.000,0.0860
1630.460,-80.288,32.035,0.328,4.408,15.942,19.000,0.000,0.000,0.0560
1630.470,-80.244,32.062,0.329,4.417,15.986,19.036,0.000,0.000,0.0260
1630.480,-80.199,32.089,0.329,4.430,16.031,19.073,0.000,0.000,0.0000
1630.490,-80.155,32.115,0.330,4.440,16.075,19.109,0.000,0.000,0.0000
1630.500,-80.111,32.142,0.330,4.438,16.119,19.146,0.000,0.000,0.0000
1630.510,-80.066,32.168,0.330,4.424,16.164,19.183,0.000,0.000,0.0000
1630.520,-80.022,32.194,0.330,4.401,16.208,19.220,0.000,0.000,0.0000
1630.530,-79.979,32.220,0.329,4.371,16.251,19.256,0.000,0.000,0.0000
1630.540,-79.935,32.245,0.329,4.338,16.295,19.293,0.000,0.000,0.0000
1630.550,-79.892,32.270,0.329,4.302,16.338,19.329,0.000,0.000,0.0000
1630.560,-79.850,32.295,0.328,4.265,16.380,19.364,0.000,0.000,0.0000
1630.570,-79.807,32.320,0.328,4.228,16.423,19.400,0.000,0.000,0.0000
1630.580,-79.766,32.344,0.327,4.190,16.465,19.435,0.000,0.000,0.0000
1630.590,-79.724,32.369,0.327,4.152,16.506,19.470,0.000,0.000,0.0000
1630.600,-79.683,32.393,0.326,4.115,16.547,19.505,0.000,0.000,0.0000
1630.610,-79.642,32.417,0.326,4.077,16.588,19.539,0.000,0.000,0.0000
1630.620,-79.602,32.440,0.326,4.038,16.628,19.573,0.000,0.000,0.0080
1630.630,-79.562,32.464,0.325,3.998,16.668,19.607,0.000,0.000,0.0160
1630.640,-79.522,32.487,0.325,3.947,16.708,19.640,0.000,0.000,0.0240
1630.650,-79.483,32.510,0.325,3.897,16.747,19.673,0.000,0.000,0.0320
1630.660,-79.445,32.532,0.324,3.851,16.785,19.705,0.000,0.000,0.0400
1630.670,-79.407,32.555,0.324,3.807,16.823,19.738,0.000,0.000,0.0480
1630.680,-79.369,32.577,0.324,3.766,16.861,19.769,0.000,0.000,0.0560
1630.690,-79.332,32.599,0.324,3.727,16.898,19.801,0.000,0.000,0.0640
1630.700,-79.295,32.621,0.324,3.689,16.935,19.832,0.000,0.000,0.0720
1630.710,-79.258,32.642,0.323,3.652,16.972,19.863,0.000,0.000,0.0800
1630.720,-79.222,32.664,0.323,3.616,17.008,19.893,0.000,0.000,0.0880
1630.730,-79.186,32.685,0.323,3.582,17.044,19.924,0.000,0.000,0.0960
1630.740,-79.151,32.706,0.323,3.550,17.079,19.954,0.000,0.000,0.1040
1630.750,-79.116,32.727,0.323,3.521,17.114,19.983,0.000,0.000,0.1120
1630.760,-79.081,32.748,0.323,3.490,17.149,20.013,0.000,0.000,0.1200
1630.770,-79.046,32.768,0.323,3.464,17.184,20.042,0.000,0.000,0.1280
1630.780,-79.012,32.788,0.323,3.446,17.218,20.071,0.000,0.000,0.1360
1630.790,-78.977,32.808,0.323,3.428,17.253,20.100,0.000,0.000,0.1440
1630.800,-78.943,32.828,0.323,3.406,17.287,20.129,0.000,0.000,0.1520
1630.810,-78.910,32.848,0.323,3.380,17.321,20.158,0.000,0.000,0.1600
1630.820,-78.876,32.867,0.323,3.350,17.354,20.186,0.000,0.000,0.1680
1630.830,-78.843,32.886,0.323,3.319,17.387,20.215,0.000,0.000,0.1760
1630.840,-78.810,32.905,0.323,3.285,17.420,20.243,0.000,0.000,0.1840
1630.850,-78.777,32.924,0.323,3.250,17.453,20.270,0.000,0.000,0.1920
1630.860,-78.745,32.942,0.323,3.215,17.485,20.297,0.000,0.000,0.2000
1630.870,-78.714,32.960,0.323,3.179,17.516,20.324,0.000,0.000,0.2080
1630.880,-78.682,32.977,0.323,3.143,17.548,20.351,0.000,0.000,0.2160
1630.890,-78.651,32.995,0.323,3.107,17.579,20.377,0.000,0.000,0.2240
1630.900,-78.620,33.012,0.323,3.071,17.610,20.403,0.040,0.000,0.2320
1630.910,-78.590,33.028,0.323,3.034,17.640,20.429,0.080,0.000,0.2400
1630.920,-78.560,33.044,0.324,2.998,17.670,20.455,0.120,0.000,0.2480
1630.930,-78.530,33.060,0.324,2.961,17.700,20.480,0.160,0.000,0.2560
1630.940,-78.501,33.076,0.324,2.925,17.729,20.505,0.200,0.000,0.2640
1630.950,-78.472,33.092,0.324,2.890,17.758,20.529,0.240,0.000,0.2720
1630.960,-78.444,33.107,0.325,2.854,17.786,20.553,0.280,0.000,0.2800
1630.970,-78.415,33.122,0.325,2.829,17.815,20.578,0.320,0.000,0.2880
1630.980,-78.387,33.137,0.325,2.827,17.843,20.602,0.360,0.000,0.2960
1630.990,-78.359,33.152,0.325,2.841,17.871,20.626,0.400,0.000,0.3040
1631.000,-78.330,33.167,0.324,2.867,17.900,20.651,0.440,0.000,0.2740
1631.010,-78.301,33.182,0.324,2.890,17.929,20.676,0.480,0.000,0.2440
1631.020,-78.272,33.197,0.323,2.912,17.958,20.701,0.520,0.000,0.2140
1631.030,-78.243,33.212,0.323,2.933,17.987,20.726,0.560,0.000,0.1840
1631.040,-78.213,33.227,0.322,2.955,18.017,20.752,0.600,0.000,0.1540
1631.050,-78.183,33.242,0.321,2.980,18.047,20.778,0.640,0.000,0.1240
1631.060,-78.153,33.258,0.320,3.008,18.077,20.804,0.680,0.000,0.0940
1631.070,-78.123,33.273,0.319,3.041,18.107,20.831,0.720,0.000,0.0640
1631.080,-78.092,33.289,0.318,3.078,18.138,20.858,0.760,0.000,0.0340
1631.090,-78.061,33.305,0.317,3.118,18.169,20.885,0.800,0.000,0.0040
1631.100,-78.029,33.321,0.316,3.160,18.201,20.913,0.840,0.000,0.0000
1631.110,-77.997,33.337,0.315,3.205,18.233,20.941,0.880,0.000,0.0000
1631.120,-77.965,33.353,0.314,3.253,18.265,20.970,0.920,0.000,0.0000
1631.130,-77.932,33.369,0.312,3.304,18.298,20.999,0.960,0.000,0.0000
1631.140,-77.898,33.386,0.311,3.382,18.332,21.028,1.000,0.000,0.0000
1631.150,-77.864,33.403,0.310,3.451,18.366,21.059,1.000,0.000,0.0000
1631.160,-77.828,33.420,0.309,3.518,18.402,21.089,1.000,0.000,0.0000
1631.170,-77.793,33.437,0.308,3.574,18.437,21.121,1.000,0.000,0.0000
1631.180,-77.757,33.455,0.307,3.621,18.473,21.153,1.000,0.000,0.0000
1631.190,-77.720,33.473,0.306,3.662,18.510,21.185,1.000,0.000,0.0000
1631.200,-77.683,33.491,0.305,3.701,18.547,21.217,1.000,0.000,0.0000
1631.210,-77.646,33.509,0.304,3.739,18.584,21.249,1.000,0.000,0.0000
1631.220,-77.608,33.527,0.304,3.776,18.622,21.282,0.940,0.000,0.0000
1631.230,-77.570,33.545,0.303,3.814,18.660,21.316,0.880,0.000,0.0000
1631.240,-77.531,33.564,0.303,3.853,18.699,21.349,0.820,0.000,0.0000
1631.250,-77.492,33.583,0.303,3.892,18.738,21.383,0.760,0.000,0.0000
1631.260,-77.453,33.602,0.303,3.931,18.777,21.417,0.700,0.000,0.0000
1631.270,-77.413,33.621,0.303,3.970,18.817,21.451,0.640,0.000,0.0000
1631.280,-77.373,33.640,0.303,4.009,18.857,21.486,0.580,0.000,0.0000
1631.290,-77.333,33.660,0.304,4.048,18.897,21.521,0.520,0.000,0.0000
1631.300,-77.292,33.679,0.304,4.087,18.938,21.556,0.460,0.000,0.0000
1631.310,-77.250,33.699,0.304,4.125,18.980,21.592,0.400,0.000,0.0000
1631.320,-77.209,33.719,0.305,4.146,19.021,21.627,0.340,0.000,0.0000
1631.330,-77.168,33.739,0.306,4.145,19.062,21.663,0.280,0.000,0.0000
1631.340,-77.126,33.759,0.306,4.127,19.104,21.698,0.220,0.000,0.0000
1631.350,-77.085,33.778,0.307,4.098,19.145,21.734,0.160,0.000,0.0000
1631.360,-77.045,33.798,0.309,4.064,19.185,21.768,0.100,0.000,0.0000
1631.370,-77.004,33.817,0.310,4.027,19.226,21.803,0.040,0.000,0.0000
1631.380,-76.965,33.836,0.311,3.989,19.265,21.837,0.000,0.000,0.0000
1631.390,-76.925,33.854,0.313,3.952,19.305,21.871,0.000,0.000,0.0000
1631.400,-76.886,33.873,0.315,3.915,19.344,21.904,0.000,0.000,0.0000
1631.410,-76.847,33.892,0.316,3.878,19.383,21.937,0.000,0.000,0.0000
1631.420,-76.809,33.910,0.318,3.841,19.421,21.970,0.000,0.000,0.0000
1631.430,-76.771,33.928,0.319,3.790,19.459,22.002,0.000,0.000,0.0000
1631.440,-76.734,33.946,0.321,3.740,19.496,22.034,0.000,0.000,0.0000
1631.450,-76.697,33.963,0.323,3.696,19.533,22.065,0.000,0.000,0.0000
1631.460,-76.660,33.981,0.324,3.660,19.570,22.097,0.000,0.000,0.0000
1631.470,-76.624,33.998,0.325,3.629,19.606,22.128,0.000,0.000,0.0000
1631.480,-76.588,34.016,0.326,3.598,19.642,22.159,0.000,0.000,0.0000
1631.490,-76.552,34.033,0.328,3.564,19.678,22.189,0.000,0.000,0.0000
1631.500,-76.517,34.049,0.328,3.529,19.713,22.220,0.000,0.000,0.0000
1631.510,-76.482,34.066,0.329,3.492,19.748,22.250,0.000,0.000,0.0000
1631.520,-76.448,34.083,0.330,3.455,19.782,22.280,0.000,0.000,0.0000
1631.530,-76.413,34.099,0.330,3.417,19.817,22.310,0.000,0.000,0.0000
1631.540,-76.380,34.115,0.331,3.379,19.850,22.339,0.000,0.000,0.0000
1631.550,-76.346,34.131,0.331,3.341,19.884,22.369,0.000,0.000,0.0000
1631.560,-76.313,34.147,0.331,3.303,19.917,22.398,0.000,0.000,0.0000
1631.570,-76.281,34.163,0.331,3.265,19.949,22.426,0.000,0.000,0.0000
1631.580,-76.248,34.178,0.331,3.228,19.982,22.455,0.000,0.000,0.0000
1631.590,-76.216,34.193,0.331,3.191,20.014,22.483,0.000,0.000,0.0000
1631.600,-76.185,34.208,0.331,3.155,20.045,22.511,0.000,0.000,0.0000
1631.610,-76.154,34.223,0.330,3.118,20.076,22.538,0.000,0.000,0.0000
1631.620,-76.123,34.238,0.330,3.082,20.107,22.566,0.000,0.000,0.0000
1631.630,-76.092,34.252,0.329,3.046,20.138,22.593,0.000,0.000,0.0000
1631.640,-76.062,34.266,0.329,3.010,20.168,22.620,0.000,0.000,0.0000
1631.650,-76.033,34.281,0.328,2.974,20.198,22.646,0.000,0.000,0.0000
1631.660,-76.003,34.294,0.328,2.938,20.227,22.672,0.000,0.000,0.0000
1631.670,-75.974,34.308,0.327,2.903,20.256,22.698,0.000,0.000,0.0080
1631.680,-75.945,34.322,0.326,2.869,20.285,22.724,0.000,0.000,0.0160
1631.690,-75.917,34.335,0.326,2.836,20.313,22.749,0.000,0.000,0.0240
1631.700,-75.889,34.348,0.325,2.803,20.341,22.774,0.000,0.000,0.0320
1631.710,-75.861,34.361,0.325,2.771,20.369,22.799,0.000,0.000,0.0400
1631.720,-75.834,34.374,0.324,2.738,20.396,22.823,0.000,0.000,0.0480
1631.730,-75.807,34.387,0.324,2.705,20.423,22.847,0.000,0.000,0.0560
1631.740,-75.780,34.400,0.323,2.672,20.450,22.871,0.000,0.000,0.0640
1631.750,-75.754,34.412,0.323,2.639,20.476,22.895,0.000,0.000,0.0720
1631.760,-75.728,34.424,0.322,2.584,20.502,22.918,0.000,0.000,0.0800
1631.770,-75.703,34.436,0.322,2.533,20.527,22.940,0.000,0.000,0.0880
1631.780,-75.678,34.448,0.322,2.487,20.552,22.962,0.000,0.000,0.0960
1631.790,-75.653,34.459,0.322,2.446,20.577,22.984,0.000,0.000,0.1040
1631.800,-75.629,34.470,0.322,2.409,20.601,23.005,0.000,0.000,0.1120
1631.810,-75.606,34.481,0.322,2.374,20.624,23.026,0.000,0.000,0.1200
1631.820,-75.582,34.492,0.322,2.340,20.648,23.047,0.000,0.000,0.1280
1631.830,-75.559,34.503,0.322,2.306,20.671,23.068,0.000,0.000,0.1360
1631.840,-75.536,34.514,0.322,2.272,20.694,23.088,0.000,0.000,0.1440
1631.850,-75.514,34.524,0.322,2.235,20.716,23.107,0.000,0.000,0.1520
1631.860,-75.492,34.534,0.322,2.195,20.738,23.127,0.000,0.000,0.1600
1631.870,-75.471,34.544,0.322,2.155,20.760,23.146,0.000,0.000,0.1680
1631.880,-75.449,34.554,0.322,2.117,20.781,23.165,0.000,0.000,0.1760
1631.890,-75.429,34.563,0.323,2.078,20.801,23.183,0.000,0.000,0.1840
1631.900,-75.408,34.573,0.323,2.041,20.822,23.201,0.000,0.000,0.1920
1631.910,-75.388,34.582,0.323,2.003,20.842,23.219,0.000,0.000,0.2000
1631.920,-75.368,34.591,0.323,1.965,20.862,23.236,0.000,0.000,0.2080
1631.930,-75.349,34.600,0.323,1.928,20.881,23.253,0.000,0.000,0.2160
1631.940,-75.330,34.608,0.324,1.890,20.900,23.270,0.000,0.000,0.2240
1631.950,-75.312,34.617,0.324,1.852,20.918,23.286,0.000,0.000,0.2320
1631.960,-75.294,34.625,0.324,1.814,20.936,23.302,0.000,0.000,0.2400
1631.970,-75.276,34.633,0.324,1.776,20.954,23.318,0.000,0.000,0.2480
1631.980,-75.259,34.641,0.324,1.738,20.972,23.333,0.000,0.000,0.2560
1631.990,-75.242,34.648,0.324,1.699,20.989,23.348,0.000,0.000,0.2640
1632.000,-75.225,34.656,0.325,1.661,21.005,23.363,0.000,0.000,0.2720
1632.010,-75.209,34.663,0.325,1.623,21.021,23.377,0.000,0.000,0.2800
1632.020,-75.193,34.670,0.325,1.585,21.037,23.391,0.000,0.000,0.2880
1632.030,-75.177,34.677,0.325,1.547,21.053,23.405,0.000,0.000,0.2960
1632.040,-75.162,34.684,0.325,1.508,21.068,23.418,0.000,0.000,0.3040
1632.050,-75.148,34.690,0.325,1.470,21.082,23.432,0.000,0.000,0.3120
1632.060,-75.133,34.696,0.325,1.432,21.097,23.444,0.000,0.000,0.3200
1632.070,-75.119,34.703,0.325,1.395,21.111,23.457,0.000,0.000,0.3280
1632.080,-75.106,34.709,0.325,1.357,21.124,23.469,0.000,0.000,0.3360
1632.090,-75.093,34.714,0.325,1.319,21.137,23.480,0.000,0.000,0.3440
1632.100,-75.080,34.720,0.325,1.281,21.150,23.492,0.000,0.000,0.3520
1632.110,-75.067,34.725,0.325,1.244,21.163,23.503,0.000,0.000,0.3600
1632.120,-75.055,34.731,0.325,1.206,21.175,23.514,0.000,0.000,0.3680
1632.130,-75.044,34.736,0.325,1.169,21.186,23.524,0.000,0.000,0.3760
1632.140,-75.032,34.740,0.325,1.132,21.198,23.534,0.000,0.000,0.3840
1632.150,-75.021,34.745,0.325,1.094,21.209,23.544,0.000,0.000,0.3920
1632.160,-75.011,34.750,0.324,1.057,21.219,23.554,0.000,0.000,0.4000
1632.170,-75.001,34.754,0.324,1.020,21.230,23.563,0.000,0.000,0.4080
1632.180,-74.991,34.758,0.324,0.983,21.239,23.572,0.000,0.000,0.4160
1632.190,-74.981,34.762,0.324,0.947,21.249,23.580,0.000,0.000,0.4240
1632.200,-74.972,34.766,0.324,0.910,21.258,23.588,0.000,0.000,0.4320
1632.210,-74.963,34.770,0.324,0.873,21.267,23.596,0.000,0.000,0.4400
1632.220,-74.955,34.773,0.324,0.837,21.275,23.604,0.000,0.000,0.4480
1632.230,-74.947,34.777,0.324,0.801,21.283,23.611,0.000,0.000,0.4560
1632.240,-74.939,34.780,0.324,0.765,21.291,23.618,0.000,0.000,0.4640
1632.250,-74.932,34.783,0.323,0.729,21.298,23.624,0.000,0.000,0.4720
1632.260,-74.925,34.786,0.323,0.693,21.305,23.630,0.000,0.000,0.4800
1632.270,-74.919,34.788,0.323,0.658,21.311,23.636,0.000,0.000,0.4880
1632.280,-74.912,34.791,0.323,0.622,21.318,23.642,0.000,0.000,0.4960
1632.290,-74.906,34.793,0.323,0.587,21.324,23.647,0.000,0.000,0.5000
1632.300,-74.901,34.796,0.323,0.553,21.329,23.652,0.000,0.000,0.5000
1632.310,-74.896,34.798,0.323,0.520,21.334,23.657,0.000,0.000,0.5000
1632.320,-74.891,34.800,0.323,0.488,21.339,23.661,0.000,0.000,0.5000
1632.330,-74.886,34.802,0.323,0.457,21.344,23.665,0.040,0.000,0.5000
1632.340,-74.882,34.804,0.323,0.426,21.348,23.669,0.080,0.000,0.5000
1632.350,-74.878,34.805,0.323,0.417,21.352,23.673,0.120,0.000,0.5000
1632.360,-74.874,34.807,0.322,0.426,21.356,23.677,0.160,0.000,0.5000
1632.370,-74.869,34.809,0.322,0.449,21.361,23.681,0.200,0.000,0.5000
1632.380,-74.864,34.811,0.321,0.479,21.366,23.686,0.240,0.000,0.5000
1632.390,-74.859,34.813,0.321,0.514,21.371,23.690,0.280,0.000,0.5000
1632.400,-74.854,34.815,0.320,0.549,21.376,23.696,0.320,0.000,0.5000
1632.410,-74.848,34.818,0.319,0.584,21.382,23.701,0.360,0.000,0.5000
1632.420,-74.842,34.820,0.318,0.618,21.388,23.707,0.400,0.000,0.5000
1632.430,-74.836,34.823,0.317,0.652,21.394,23.713,0.440,0.000,0.5000
1632.440,-74.829,34.826,0.316,0.684,21.401,23.720,0.480,0.000,0.5000
1632.450,-74.822,34.828,0.315,0.716,21.408,23.726,0.520,0.000,0.5000
1632.460,-74.814,34.831,0.314,0.748,21.416,23.733,0.560,0.000,0.5000
1632.470,-74.807,34.834,0.313,0.779,21.423,23.741,0.600,0.000,0.5000
1632.480,-74.798,34.838,0.312,0.811,21.432,23.748,0.640,0.000,0.5000
1632.490,-74.790,34.841,0.311,0.844,21.440,23.756,0.680,0.000,0.5000
1632.500,-74.781,34.844,0.311,0.876,21.449,23.764,0.720,0.000,0.5000
1632.510,-74.772,34.848,0.310,0.909,21.458,23.773,0.760,0.000,0.5000
1632.520,-74.763,34.851,0.309,0.943,21.467,23.782,0.800,0.000,0.5000
1632.530,-74.753,34.855,0.309,0.976,21.477,23.791,0.840,0.000,0.5000
1632.540,-74.743,34.859,0.308,1.010,21.487,23.800,0.880,0.000,0.5000
1632.550,-74.733,34.863,0.308,1.044,21.497,23.809,0.920,0.000,0.5000
1632.560,-74.722,34.866,0.307,1.078,21.508,23.819,0.960,0.000,0.5000
1632.570,-74.711,34.870,0.307,1.112,21.519,23.829,1.000,0.000,0.5000
1632.580,-74.699,34.875,0.307,1.146,21.531,23.840,1.000,0.000,0.5000
1632.590,-74.687,34.879,0.307,1.180,21.543,23.850,1.000,0.000,0.5000
1632.600,-74.675,34.883,0.307,1.227,21.555,23.861,1.000,0.000,0.5000
1632.610,-74.663,34.887,0.307,1.270,21.567,23.872,1.000,0.000,0.5000
1632.620,-74.649,34.892,0.307,1.311,21.581,23.884,1.000,0.000,0.5000
1632.630,-74.636,34.896,0.307,1.350,21.594,23.896,1.000,0.000,0.5000
1632.640,-74.622,34.901,0.307,1.388,21.608,23.909,1.000,0.000,0.4700
1632.650,-74.608,34.906,0.307,1.422,21.622,23.921,1.000,0.000,0.4400
1632.660,-74.593,34.911,0.307,1.449,21.637,23.934,1.000,0.000,0.4100
1632.670,-74.579,34.915,0.308,1.471,21.651,23.947,1.000,0.000,0.3800
1632.680,-74.564,34.920,0.308,1.492,21.666,23.960,0.940,0.000,0.3500
1632.690,-74.549,34.925,0.309,1.513,21.681,23.973,0.880,0.000,0.3200
1632.700,-74.533,34.930,0.309,1.533,21.697,23.987,0.820,0.000,0.2900
1632.710,-74.518,34.936,0.310,1.554,21.712,24.001,0.760,0.000,0.2600
1632.720,-74.502,34.941,0.310,1.579,21.728,24.014,0.700,0.000,0.2300
1632.730,-74.486,34.946,0.311,1.607,21.744,24.029,0.640,0.000,0.2000
1632.740,-74.470,34.951,0.311,1.637,21.760,24.043,0.580,0.000,0.1700
1632.750,-74.453,34.956,0.312,1.670,21.777,24.058,0.520,0.000,0.1400
1632.760,-74.436,34.961,0.312,1.705,21.794,24.073,0.460,0.000,0.1100
1632.770,-74.418,34.967,0.313,1.740,21.812,24.088,0.400,0.000,0.0800
1632.780,-74.401,34.972,0.313,1.777,21.829,24.104,0.340,0.000,0.0500
1632.790,-74.382,34.978,0.314,1.816,21.848,24.120,0.280,0.000,0.0200
1632.800,-74.364,34.983,0.314,1.857,21.866,24.137,0.220,0.000,0.0000
1632.810,-74.345,34.989,0.314,1.900,21.885,24.154,0.160,0.000,0.0000
1632.820,-74.326,34.994,0.314,1.931,21.904,24.171,0.100,0.000,0.0000
1632.830,-74.306,35.000,0.314,1.949,21.924,24.188,0.040,0.000,0.0000
1632.840,-74.287,35.006,0.314,1.955,21.943,24.206,0.000,0.000,0.0000
1632.850,-74.267,35.012,0.314,1.953,21.963,24.223,0.000,0.000,0.0000
1632.860,-74.248,35.017,0.315,1.944,21.982,24.240,0.000,0.000,0.0000
1632.870,-74.228,35.023,0.315,1.930,22.002,24.258,0.000,0.000,0.0000
1632.880,-74.209,35.029,0.315,1.912,22.021,24.275,0.000,0.000,0.0000
1632.890,-74.190,35.034,0.316,1.892,22.040,24.291,0.000,0.000,0.0000
1632.900,-74.172,35.040,0.316,1.869,22.058,24.308,0.000,0.000,0.0000
1632.910,-74.153,35.045,0.317,1.845,22.077,24.324,0.000,0.000,0.0000
1632.920,-74.135,35.050,0.317,1.819,22.095,24.341,0.000,0.000,0.0000
1632.930,-74.117,35.055,0.318,1.792,22.113,24.356,0.000,0.000,0.0000
1632.940,-74.099,35.061,0.318,1.764,22.131,24.372,0.000,0.000,0.0000
1632.950,-74.082,35.066,0.319,1.734,22.148,24.387,0.000,0.000,0.0000
1632.960,-74.065,35.071,0.320,1.703,22.165,24.402,0.000,0.000,0.0000
1632.970,-74.048,35.075,0.320,1.671,22.182,24.417,0.000,0.000,0.0000
1632.980,-74.032,35.080,0.321,1.638,22.198,24.431,0.000,0.000,0.0000
1632.990,-74.016,35.085,0.321,1.604,22.214,24.446,0.000,0.000,0.0000
1633.000,-74.000,35.090,0.322,1.575,22.230,24.459,0.000,0.000,0.0000
1633.010,-73.985,35.094,0.323,1.546,22.245,24.473,0.000,0.000,0.0000
1633.020,-73.970,35.099,0.323,1.514,22.260,24.487,0.000,0.000,0.0000
1633.030,-73.955,35.103,0.324,1.479,22.275,24.500,0.000,0.000,0.0000
1633.040,-73.940,35.107,0.324,1.443,22.290,24.512,0.000,0.000,0.0000
1633.050,-73.926,35.111,0.324,1.406,22.304,24.525,0.000,0.000,0.0000
1633.060,-73.913,35.115,0.325,1.368,22.317,24.537,0.000,0.000,0.0000
1633.070,-73.899,35.119,0.325,1.330,22.331,24.549,0.000,0.000,0.0000
1633.080,-73.886,35.123,0.325,1.291,22.344,24.560,0.000,0.000,0.0000
1633.090,-73.874,35.127,0.326,1.253,22.356,24.572,0.000,0.000,0.0000
1633.100,-73.862,35.130,0.326,1.214,22.368,24.582,0.000,0.000,0.0000
1633.110,-73.850,35.134,0.326,1.175,22.380,24.593,0.000,0.000,0.0000
1633.120,-73.839,35.137,0.326,1.136,22.391,24.603,0.000,0.000,0.0000
1633.130,-73.828,35.140,0.326,1.098,22.402,24.613,0.000,0.000,0.0000
1633.140,-73.817,35.143,0.326,1.059,22.413,24.622,0.000,0.000,0.0000
1633.150,-73.807,35.146,0.326,1.020,22.423,24.632,0.000,0.000,0.0000
1633.160,-73.797,35.149,0.326,0.982,22.433,24.641,0.040,0.000,0.0000
1633.170,-73.788,35.152,0.326,0.943,22.442,24.649,0.080,0.000,0.0000
1633.180,-73.779,35.154,0.326,0.917,22.451,24.657,0.120,0.000,0.0000
1633.190,-73.769,35.157,0.326,0.913,22.461,24.666,0.160,0.000,0.0000
1633.200,-73.760,35.160,0.325,0.928,22.470,24.674,0.200,0.000,0.0000
1633.210,-73.751,35.162,0.325,0.956,22.479,24.683,0.240,0.000,0.0000
1633.220,-73.741,35.165,0.324,0.992,22.489,24.692,0.280,0.000,0.0000
1633.230,-73.730,35.168,0.323,1.032,22.500,24.702,0.320,0.000,0.0000
1633.240,-73.720,35.171,0.322,1.073,22.510,24.712,0.360,0.000,0.0000
1633.250,-73.709,35.174,0.321,1.114,22.521,24.723,0.400,0.000,0.0000
1633.260,-73.697,35.177,0.320,1.153,22.533,24.733,0.440,0.000,0.0000
1633.270,-73.685,35.181,0.318,1.192,22.545,24.745,0.480,0.000,0.0000
1633.280,-73.673,35.184,0.317,1.231,22.557,24.756,0.520,0.000,0.0000
1633.290,-73.660,35.188,0.316,1.267,22.570,24.768,0.560,0.000,0.0000
1633.300,-73.648,35.191,0.315,1.301,22.582,24.780,0.600,0.000,0.0000
1633.310,-73.634,35.195,0.313,1.333,22.596,24.793,0.640,0.000,0.0000
1633.320,-73.621,35.199,0.312,1.367,22.609,24.806,0.680,0.000,0.0000
1633.330,-73.607,35.203,0.311,1.402,22.623,24.819,0.720,0.000,0.0000
1633.340,-73.592,35.207,0.310,1.439,22.638,24.832,0.760,0.000,0.0000
1633.350,-73.578,35.211,0.309,1.477,22.652,24.846,0.800,0.000,0.0000
1633.360,-73.562,35.215,0.308,1.516,22.668,24.860,0.840,0.000,0.0000
1633.370,-73.547,35.220,0.307,1.556,22.683,24.874,0.880,0.000,0.0000
1633.380,-73.531,35.224,0.307,1.596,22.699,24.889,0.920,0.000,0.0000
1633.390,-73.515,35.229,0.306,1.637,22.715,24.904,0.960,0.000,0.0000
1633.400,-73.498,35.233,0.306,1.677,22.732,24.919,1.000,0.000,0.0000
1633.410,-73.481,35.238,0.305,1.718,22.749,24.935,1.000,0.000,0.0000
1633.420,-73.463,35.243,0.305,1.758,22.767,24.951,1.000,0.000,0.0000
1633.430,-73.445,35.248,0.305,1.798,22.785,24.967,1.000,0.000,0.0000
1633.440,-73.427,35.253,0.305,1.839,22.803,24.984,1.000,0.000,0.0000
1633.450,-73.408,35.258,0.305,1.880,22.822,25.001,1.000,0.000,0.0000
1633.460,-73.389,35.264,0.305,1.920,22.841,25.018,1.000,0.000,0.0000
1633.470,-73.369,35.269,0.305,1.961,22.861,25.036,1.000,0.000,0.0000
1633.480,-73.349,35.275,0.305,2.001,22.881,25.054,1.000,0.000,0.0000
1633.490,-73.329,35.280,0.305,2.041,22.901,25.072,1.000,0.000,0.0000
1633.500,-73.308,35.286,0.306,2.081,22.922,25.091,1.000,0.000,0.0000
1633.510,-73.287,35.292,0.306,2.121,22.943,25.110,1.000,0.000,0.0000
1633.520,-73.265,35.298,0.306,2.160,22.965,25.129,1.000,0.000,0.0000
1633.530,-73.243,35.304,0.307,2.200,22.987,25.149,1.000,0.000,0.0000
1633.540,-73.221,35.311,0.307,2.239,23.009,25.169,1.000,0.000,0.0000
1633.550,-73.198,35.317,0.308,2.278,23.032,25.190,1.000,0.000,0.0000
1633.560,-73.175,35.324,0.308,2.317,23.055,25.210,1.000,0.000,0.0000
1633.570,-73.151,35.330,0.309,2.356,23.079,25.232,1.000,0.000,0.0000
1633.580,-73.127,35.337,0.309,2.395,23.103,25.253,1.000,0.000,0.0000
1633.590,-73.103,35.344,0.309,2.433,23.127,25.275,1.000,0.000,0.0000
1633.600,-73.078,35.351,0.310,2.472,23.152,25.297,1.000,0.000,0.0000
1633.610,-73.053,35.358,0.310,2.510,23.177,25.320,1.000,0.000,0.0000
1633.620,-73.028,35.365,0.311,2.548,23.202,25.343,1.000,0.000,0.0000
1633.630,-73.002,35.372,0.311,2.586,23.228,25.366,1.000,0.000,0.0000
1633.640,-72.976,35.379,0.311,2.624,23.254,25.390,1.000,0.000,0.0000
1633.650,-72.949,35.387,0.311,2.663,23.281,25.414,1.000,0.000,0.0000
1633.660,-72.922,35.394,0.312,2.700,23.308,25.438,1.000,0.000,0.0000
1633.670,-72.895,35.402,0.312,2.738,23.335,25.463,1.000,0.000,0.0000
1633.680,-72.867,35.410,0.312,2.776,23.363,25.488,1.000,0.000,0.0000
1633.690,-72.839,35.418,0.312,2.814,23.391,25.514,1.000,0.000,0.0000
1633.700,-72.810,35.426,0.312,2.852,23.420,25.539,1.000,0.000,0.0000
1633.710,-72.781,35.434,0.312,2.889,23.449,25.566,1.000,0.000,0.0000
1633.720,-72.752,35.442,0.312,2.932,23.478,25.592,1.000,0.000,0.0000
1633.730,-72.722,35.450,0.312,2.973,23.508,25.619,1.000,0.000,0.0000
1633.740,-72.692,35.459,0.312,3.014,23.538,25.647,1.000,0.000,0.0000
1633.750,-72.661,35.467,0.312,3.054,23.569,25.675,1.000,0.000,0.0000
1633.760,-72.631,35.476,0.312,3.093,23.599,25.703,1.000,0.000,0.0000
1633.770,-72.599,35.485,0.312,3.128,23.631,25.731,1.000,0.000,0.0000
1633.780,-72.568,35.493,0.311,3.160,23.662,25.760,1.000,0.000,0.0000
1633.790,-72.536,35.502,0.311,3.193,23.694,25.789,1.000,0.000,0.0000
1633.800,-72.503,35.511,0.311,3.226,23.727,25.818,1.000,0.000,0.0000
1633.810,-72.471,35.520,0.311,3.262,23.759,25.848,1.000,0.000,0.0000
1633.820,-72.438,35.530,0.311,3.298,23.792,25.878,1.000,0.000,0.0000
1633.830,-72.405,35.539,0.311,3.333,23.825,25.909,1.000,0.000,0.0000
1633.840,-72.371,35.548,0.311,3.370,23.859,25.939,1.000,0.000,0.0000
1633.850,-72.337,35.558,0.311,3.407,23.893,25.971,1.000,0.000,0.0000
1633.860,-72.302,35.567,0.311,3.446,23.928,26.002,1.000,0.000,0.0000
1633.870,-72.267,35.577,0.310,3.486,23.963,26.034,0.940,0.000,0.0000
1633.880,-72.232,35.587,0.310,3.527,23.998,26.066,0.880,0.000,0.0000
1633.890,-72.197,35.597,0.310,3.567,24.034,26.099,0.820,0.000,0.0000
1633.900,-72.160,35.607,0.310,3.608,24.070,26.132,0.760,0.000,0.0000
1633.910,-72.124,35.617,0.310,3.648,24.106,26.165,0.700,0.000,0.0000
1633.920,-72.087,35.628,0.310,3.689,24.143,26.199,0.640,0.000,0.0000
1633.930,-72.050,35.638,0.310,3.729,24.180,26.233,0.580,0.000,0.0000
1633.940,-72.012,35.649,0.310,3.770,24.218,26.267,0.520,0.000,0.0000
1633.950,-71.974,35.659,0.310,3.810,24.256,26.302,0.460,0.000,0.0000
1633.960,-71.935,35.670,0.310,3.850,24.295,26.337,0.400,0.000,0.0000
1633.970,-71.897,35.681,0.310,3.890,24.333,26.373,0.340,0.000,0.0000
1633.980,-71.858,35.691,0.310,3.906,24.373,26.408,0.280,0.000,0.0000
1633.990,-71.818,35.702,0.310,3.902,24.412,26.444,0.220,0.000,0.0000
1634.000,-71.780,35.713,0.310,3.883,24.450,26.479,0.160,0.000,0.0000
1634.010,-71.741,35.724,0.310,3.854,24.489,26.514,0.100,0.000,0.0000
1634.020,-71.703,35.734,0.311,3.816,24.527,26.549,0.040,0.000,0.0000
1634.030,-71.665,35.745,0.312,3.776,24.565,26.583,0.000,0.000,0.0000
1634.040,-71.628,35.755,0.313,3.735,24.602,26.617,0.000,0.000,0.0000
1634.050,-71.591,35.765,0.314,3.696,24.639,26.651,0.000,0.000,0.0000
1634.060,-71.554,35.775,0.315,3.656,24.676,26.684,0.000,0.000,0.0000
1634.070,-71.518,35.785,0.316,3.618,24.712,26.716,0.000,0.000,0.0000
1634.080,-71.482,35.795,0.317,3.580,24.748,26.749,0.000,0.080,0.0000
1634.090,-71.447,35.804,0.318,3.539,24.783,26.781,0.000,0.160,0.0000
1634.100,-71.412,35.814,0.320,3.496,24.818,26.812,0.000,0.240,0.0000
1634.110,-71.378,35.823,0.321,3.454,24.852,26.843,0.000,0.320,0.0000
1634.120,-71.344,35.833,0.322,3.410,24.886,26.874,0.000,0.400,0.0000
1634.130,-71.310,35.842,0.323,3.366,24.920,26.905,0.000,0.480,0.0000
1634.140,-71.277,35.851,0.324,3.313,24.953,26.935,0.000,0.560,0.0000
1634.150,-71.244,35.860,0.325,3.261,24.986,26.964,0.000,0.640,0.0000
1634.160,-71.212,35.869,0.326,3.212,25.018,26.993,0.000,0.720,0.0000
1634.170,-71.180,35.877,0.327,3.165,25.050,27.022,0.000,0.800,0.0000
1634.180,-71.149,35.886,0.328,3.126,25.081,27.050,0.000,0.880,0.0000
1634.190,-71.118,35.894,0.328,3.086,25.112,27.078,0.000,0.960,0.0000
1634.200,-71.088,35.902,0.329,3.045,25.142,27.106,0.000,1.000,0.0000
1634.210,-71.058,35.910,0.329,3.004,25.172,27.134,0.000,1.000,0.0000
1634.220,-71.028,35.918,0.330,2.964,25.202,27.161,0.000,1.000,0.0000
1634.230,-70.999,35.926,0.330,2.925,25.231,27.187,0.000,1.000,0.0000
1634.240,-70.970,35.934,0.330,2.886,25.260,27.214,0.000,1.000,0.0000
1634.250,-70.942,35.942,0.330,2.846,25.288,27.240,0.000,1.000,0.0000
1634.260,-70.914,35.949,0.330,2.807,25.316,27.266,0.000,1.000,0.0000
1634.270,-70.886,35.957,0.330,2.767,25.344,27.292,0.000,1.000,0.0000
1634.280,-70.859,35.964,0.329,2.728,25.371,27.317,0.000,1.000,0.0000
1634.290,-70.832,35.972,0.329,2.688,25.398,27.342,0.000,1.000,0.0000
1634.300,-70.805,35.979,0.329,2.649,25.425,27.366,0.000,1.000,0.0000
1634.310,-70.779,35.986,0.328,2.609,25.451,27.390,0.000,1.000,0.0000
1634.320,-70.753,35.993,0.328,2.571,25.477,27.414,0.000,1.000,0.0000
1634.330,-70.728,36.000,0.327,2.534,25.502,27.438,0.000,1.000,0.0000
1634.340,-70.703,36.007,0.327,2.496,25.527,27.461,0.000,1.000,0.0000
1634.350,-70.679,36.014,0.326,2.458,25.551,27.484,0.000,1.000,0.0000
1634.360,-70.654,36.021,0.326,2.420,25.576,27.506,0.000,1.000,0.0000
1634.370,-70.631,36.027,0.325,2.382,25.599,27.528,0.000,1.000,0.0000
1634.380,-70.607,36.034,0.325,2.344,25.623,27.550,0.000,1.000,0.0000
1634.390,-70.584,36.040,0.324,2.306,25.646,27.572,0.000,1.000,0.0000
1634.400,-70.561,36.047,0.324,2.268,25.669,27.593,0.000,0.900,0.0000
1634.410,-70.539,36.053,0.324,2.233,25.691,27.613,0.000,0.800,0.0000
1634.420,-70.517,36.059,0.323,2.200,25.713,27.634,0.000,0.700,0.0000
1634.430,-70.495,36.065,0.323,2.168,25.735,27.654,0.000,0.600,0.0000
1634.440,-70.474,36.071,0.322,2.136,25.756,27.674,0.000,0.500,0.0000
1634.450,-70.453,36.077,0.322,2.104,25.777,27.693,0.000,0.400,0.0000
1634.460,-70.432,36.083,0.322,2.072,25.798,27.713,0.000,0.300,0.0000
1634.470,-70.412,36.088,0.322,2.039,25.818,27.731,0.000,0.200,0.0000
1634.480,-70.392,36.094,0.321,2.006,25.838,27.750,0.000,0.100,0.0000
1634.490,-70.372,36.099,0.321,1.973,25.858,27.768,0.000,0.180,0.0000
1634.500,-70.353,36.105,0.321,1.935,25.877,27.786,0.000,0.260,0.0000
1634.510,-70.334,36.110,0.321,1.893,25.896,27.804,0.000,0.340,0.0000
1634.520,-70.315,36.115,0.321,1.850,25.915,27.821,0.000,0.420,0.0000
1634.530,-70.297,36.120,0.321,1.807,25.933,27.837,0.000,0.500,0.0000
1634.540,-70.280,36.125,0.321,1.764,25.950,27.854,0.000,0.580,0.0000
1634.550,-70.262,36.130,0.321,1.721,25.968,27.870,0.000,0.660,0.0000
1634.560,-70.246,36.134,0.322,1.679,25.984,27.885,0.000,0.740,0.0000
1634.570,-70.229,36.139,0.322,1.637,26.001,27.900,0.000,0.820,0.0000
1634.580,-70.213,36.143,0.322,1.596,26.017,27.915,0.000,0.900,0.0000
1634.590,-70.198,36.148,0.322,1.554,26.032,27.929,0.000,0.980,0.0000
1634.600,-70.183,36.152,0.323,1.513,26.047,27.943,0.000,1.000,0.0000
1634.610,-70.168,36.156,0.323,1.472,26.062,27.956,0.000,1.000,0.0000
1634.620,-70.154,36.160,0.323,1.428,26.076,27.969,0.000,1.000,0.0000
1634.630,-70.140,36.164,0.323,1.386,26.090,27.982,0.000,1.000,0.0000
1634.640,-70.126,36.167,0.324,1.345,26.104,27.994,0.000,1.000,0.0000
1634.650,-70.113,36.171,0.324,1.304,26.117,28.006,0.000,1.000,0.0000
1634.660,-70.101,36.175,0.324,1.263,26.129,28.018,0.000,1.000,0.0000
1634.670,-70.088,36.178,0.324,1.223,26.142,28.029,0.000,1.000,0.0000
1634.680,-70.077,36.181,0.325,1.183,26.153,28.040,0.000,1.000,0.0000
1634.690,-70.065,36.185,0.325,1.144,26.165,28.050,0.000,1.000,0.0000
1634.700,-70.054,36.188,0.325,1.105,26.176,28.061,0.000,1.000,0.0000
1634.710,-70.043,36.191,0.325,1.066,26.187,28.070,0.000,1.000,0.0000
1634.720,-70.033,36.194,0.325,1.026,26.197,28.080,0.000,1.000,0.0000
1634.730,-70.023,36.197,0.325,0.988,26.207,28.089,0.000,1.000,0.0000
1634.740,-70.014,36.199,0.325,0.949,26.216,28.098,0.000,1.000,0.0000
1634.750,-70.005,36.202,0.325,0.910,26.225,28.106,0.000,1.000,0.0000
1634.760,-69.996,36.204,0.325,0.871,26.234,28.114,0.000,1.000,0.0000
1634.770,-69.988,36.207,0.325,0.833,26.242,28.122,0.000,1.000,0.0000
1634.780,-69.980,36.209,0.325,0.794,26.250,28.129,0.000,1.000,0.0000
1634.790,-69.972,36.211,0.325,0.756,26.258,28.136,0.000,1.000,0.0000
1634.800,-69.965,36.213,0.325,0.717,26.265,28.143,0.000,1.000,0.0000
1634.810,-69.958,36.215,0.325,0.679,26.272,28.149,0.000,1.000,0.0000
1634.820,-69.952,36.217,0.325,0.641,26.278,28.155,0.000,1.000,0.0000
1634.830,-69.946,36.219,0.325,0.603,26.284,28.161,0.000,1.000,0.0000
1634.840,-69.940,36.220,0.325,0.564,26.290,28.166,0.000,1.000,0.0000
1634.850,-69.935,36.222,0.325,0.526,26.295,28.171,0.000,0.900,0.0000
1634.860,-69.930,36.223,0.324,0.490,26.300,28.176,0.000,0.800,0.0000
1634.870,-69.925,36.225,0.324,0.457,26.305,28.180,0.000,0.700,0.0000
1634.880,-69.921,36.226,0.324,0.423,26.309,28.184,0.000,0.600,0.0000
1634.890,-69.917,36.227,0.324,0.390,26.313,28.188,0.000,0.500,0.0000
1634.900,-69.914,36.228,0.324,0.358,26.316,28.191,0.000,0.400,0.0000
1634.910,-69.910,36.229,0.324,0.325,26.320,28.194,0.000,0.300,0.0000
1634.920,-69.908,36.230,0.323,0.293,26.322,28.197,0.000,0.200,0.0000
1634.930,-69.905,36.231,0.323,0.261,26.325,28.199,0.000,0.100,0.0000
1634.940,-69.903,36.231,0.323,0.229,26.327,28.201,0.000,0.000,0.0000
1634.950,-69.901,36.232,0.323,0.196,26.329,28.203,0.000,0.000,0.0000
1634.960,-69.899,36.233,0.323,0.160,26.331,28.205,0.000,0.000,0.0000
1634.970,-69.898,36.233,0.323,0.123,26.332,28.206,0.000,0.000,0.0000
1634.980,-69.897,36.233,0.323,0.084,26.333,28.207,0.000,0.000,0.0000
1634.990,-69.897,36.233,0.323,0.051,26.333,28.207,0.000,0.000,0.0000
1635.000,-69.896,36.234,0.322,0.024,26.334,28.208,0.000,0.000,0.0000
1635.010,-69.896,36.234,0.322,0.010,26.334,28.208,0.000,0.000,0.0000
1635.020,-69.896,36.233,0.322,0.017,26.334,28.208,0.000,0.000,0.0000
1635.030,-69.897,36.233,0.322,0.024,26.333,28.208,0.000,0.000,0.0000
1635.040,-69.897,36.233,0.322,0.030,26.333,28.208,0.000,0.000,0.0000
1635.050,-69.897,36.233,0.321,0.035,26.333,28.208,0.000,0.000,0.0000
1635.060,-69.897,36.233,0.321,0.039,26.333,28.208,0.000,0.000,0.0000
1635.070,-69.897,36.233,0.321,0.042,26.333,28.208,0.000,0.000,0.0000
1635.080,-69.897,36.233,0.320,0.044,26.333,28.208,0.000,0.000,0.0000
1635.090,-69.897,36.233,0.320,0.046,26.333,28.208,0.000,0.000,0.0000
1635.100,-69.897,36.233,0.319,0.047,26.333,28.208,0.000,0.000,0.0000
1635.110,-69.898,36.233,0.319,0.047,26.333,28.208,0.000,0.000,0.0000
1635.120,-69.898,36.233,0.318,0.047,26.332,28.208,0.000,0.000,0.0000
1635.130,-69.898,36.233,0.318,0.046,26.332,28.208,0.000,0.000,0.0000
1635.140,-69.898,36.233,0.318,0.044,26.332,28.208,0.000,0.000,0.0000
1635.150,-69.898,36.233,0.317,0.042,26.332,28.208,0.000,0.000,0.0000
1635.160,-69.898,36.233,0.317,0.039,26.332,28.208,0.000,0.000,0.0000
1635.170,-69.898,36.233,0.316,0.036,26.332,28.208,0.000,0.000,0.0000
1635.180,-69.898,36.233,0.316,0.033,26.332,28.208,0.000,0.000,0.0000
1635.190,-69.898,36.233,0.316,0.029,26.332,28.208,0.000,0.000,0.0000
1635.200,-69.898,36.233,0.316,0.025,26.332,28.208,0.000,0.000,0.0000
1635.210,-69.898,36.233,0.315,0.021,26.332,28.208,0.000,0.000,0.0000
1635.220,-69.898,36.233,0.315,0.018,26.332,28.208,0.000,0.000,0.0000
1635.230,-69.898,36.233,0.315,0.014,26.332,28.209,0.000,0.000,0.0000
1635.240,-69.898,36.233,0.315,0.010,26.332,28.209,0.000,0.000,0.0000
1635.250,-69.898,36.233,0.315,0.006,26.332,28.209,0.000,0.000,0.0000
1635.260,-69.898,36.233,0.315,0.003,26.332,28.209,0.000,0.000,0.0000
1635.270,-69.898,36.233,0.315,0.000,26.332,28.209,0.000,0.000,0.0000
1635.280,-69.898,36.233,0.315,0.003,26.332,28.209,0.000,0.000,0.0000
1635.290,-69.898,36.233,0.315,0.006,26.332,28.209,0.000,0.000,0.0000
1635.300,-69.898,36.233,0.315,0.009,26.332,28.209,0.000,0.000,0.0000
1635.310,-69.898,36.233,0.315,0.011,26.332,28.208,0.000,0.000,0.0000
1635.320,-69.898,36.233,0.315,0.013,26.332,28.208,0.000,0.000,0.0000
1635.330,-69.898,36.233,0.315,0.014,26.332,28.208,0.000,0.000,0.0000
1635.340,-69.898,36.233,0.316,0.015,26.332,28.208,0.000,0.000,0.0000
1635.350,-69.898,36.233,0.316,0.016,26.332,28.208,0.000,0.000,0.0000
1635.360,-69.898,36.233,0.316,0.017,26.332,28.208,0.000,0.000,0.0000
1635.370,-69.898,36.233,0.316,0.017,26.332,28.208,0.000,0.000,0.0000
1635.380,-69.898,36.233,0.316,0.017,26.332,28.208,0.000,0.000,0.0000
1635.390,-69.898,36.233,0.316,0.017,26.332,28.208,0.000,0.000,0.0000
1635.400,-69.898,36.233,0.317,0.017,26.332,28.208,0.000,0.000,0.0000
1635.410,-69.898,36.233,0.317,0.016,26.332,28.208,0.000,0.000,0.0000
1635.420,-69.898,36.233,0.317,0.015,26.332,28.208,0.000,0.000,0.0000
1635.430,-69.898,36.233,0.317,0.014,26.332,28.208,0.000,0.000,0.0000
1635.440,-69.898,36.233,0.317,0.013,26.332,28.208,0.000,0.000,0.0000
1635.450,-69.898,36.233,0.317,0.012,26.332,28.208,0.000,0.000,0.0000
1635.460,-69.898,36.233,0.317,0.010,26.332,28.208,0.000,0.000,0.0000
1635.470,-69.898,36.233,0.317,0.009,26.332,28.208,0.000,0.000,0.0000
1635.480,-69.898,36.233,0.317,0.008,26.332,28.208,0.000,0.000,0.0000
1635.490,-69.898,36.233,0.318,0.006,26.332,28.208,0.000,0.000,0.0000
1635.500,-69.898,36.233,0.318,0.005,26.332,28.208,0.000,0.000,0.0000
1635.510,-69.898,36.233,0.318,0.003,26.332,28.208,0.000,0.000,0.0000
1635.520,-69.898,36.233,0.318,0.002,26.332,28.208,0.000,0.000,0.0000
1635.530,-69.898,36.233,0.318,0.001,26.332,28.208,0.000,0.000,0.0000
1635.540,-69.898,36.233,0.318,0.000,26.332,28.208,0.000,0.000,0.0000
1635.550,-69.898,36.233,0.318,0.002,26.332,28.208,0.000,0.000,0.0000
1635.560,-69.898,36.233,0.318,0.003,26.332,28.208,0.000,0.000,0.0000
1635.570,-69.898,36.233,0.318,0.003,26.332,28.208,0.000,0.000,0.0000
1635.580,-69.898,36.233,0.318,0.004,26.332,28.208,0.000,0.000,0.0000
1635.590,-69.898,36.233,0.317,0.005,26.332,28.208,0.000,0.000,0.0000
1635.600,-69.898,36.233,0.317,0.005,26.332,28.208,0.000,0.000,0.0000
1635.610,-69.898,36.233,0.317,0.006,26.332,28.208,0.000,0.000,0.0000
1635.620,-69.898,36.233,0.317,0.006,26.332,28.208,0.000,0.000,0.0000
1635.630,-69.898,36.233,0.317,0.006,26.332,28.208,0.000,0.000,0.0000
1635.640,-69.898,36.233,0.317,0.006,26.332,28.208,0.000,0.000,0.0000
1635.650,-69.898,36.233,0.317,0.006,26.332,28.208,0.000,0.000,0.0000
1635.660,-69.898,36.233,0.317,0.006,26.332,28.208,0.000,0.000,0.0000
1635.670,-69.898,36.233,0.317,0.006,26.332,28.208,0.000,0.000,0.0000
1635.680,-69.898,36.233,0.317,0.006,26.332,28.208,0.000,0.000,0.0000
1635.690,-69.898,36.233,0.317,0.005,26.332,28.208,0.000,0.000,0.0000
1635.700,-69.898,36.233,0.317,0.005,26.332,28.208,0.000,0.000,0.0000
1635.710,-69.898,36.233,0.317,0.005,26.332,28.208,0.000,0.000,0.0000
1635.720,-69.898,36.233,0.317,0.004,26.332,28.208,0.000,0.000,0.0000
1635.730,-69.898,36.233,0.317,0.004,26.332,28.208,0.000,0.000,0.0000
1635.740,-69.898,36.233,0.317,0.003,26.332,28.208,0.000,0.000,0.0000
1635.750,-69.898,36.233,0.317,0.003,26.332,28.208,0.000,0.000,0.0000
1635.760,-69.898,36.233,0.317,0.002,26.332,28.208,0.000,0.000,0.0000
1635.770,-69.898,36.233,0.317,0.001,26.332,28.208,0.000,0.000,0.0000
1635.780,-69.898,36.233,0.317,0.001,26.332,28.208,0.000,0.000,0.0000
1635.790,-69.898,36.233,0.317,0.001,26.332,28.208,0.000,0.000,0.0000
1635.800,-69.898,36.233,0.317,0.000,26.332,28.208,0.000,0.000,0.0000
1635.810,-69.898,36.233,0.317,0.000,26.332,28.208,0.000,0.000,0.0000
1635.820,-69.898,36.233,0.317,0.001,26.332,28.208,0.000,0.000,0.0000
1635.830,-69.898,36.233,0.317,0.001,26.332,28.208,0.000,0.000,0.0000
1635.840,-69.898,36.233,0.317,0.001,26.332,28.208,0.000,0.000,0.0000
1635.850,-69.898,36.233,0.317,0.002,26.332,28.208,0.000,0.000,0.0000
1635.860,-69.898,36.233,0.317,0.002,26.332,28.208,0.000,0.000,0.0000
1635.870,-69.898,36.233,0.317,0.002,26.332,28.208,0.000,0.000,0.0000
1635.880,-69.898,36.233,0.317,0.002,26.332,28.208,0.000,0.000,0.0000
1635.890,-69.898,36.233,0.317,0.002,26.332,28.208,0.000,0.000,0.0000
1635.900,-69.898,36.233,0.317,0.002,26.332,28.208,0.000,0.000,0.0000
1635.910,-69.898,36.233,0.317,0.002,26.332,28.208,0.000,0.000,0.0000
1635.920,-69.898,36.233,0.317,0.002,26.332,28.208,0.000,0.000,0.0000
1635.930,-69.898,36.233,0.317,0.002,26.332,28.208,0.000,0.000,0.0000
1635.940,-69.898,36.233,0.317,0.002,26.332,28.208,0.000,0.000,0.0000
1635.950,-69.898,36.233,0.317,0.002,26.332,28.208,0.000,0.000,0.0000
1635.960,-69.898,36.233,0.317,0.002,26.332,28.208,0.000,0.000,0.0000
1635.970,-69.898,36.233,0.317,0.002,26.332,28.208,0.000,0.000,0.0000
1635.980,-69.898,36.233,0.317,0.002,26.332,28.208,0.000,0.000,0.0000
1635.990,-69.898,36.233,0.317,0.001,26.332,28.208,0.000,0.000,0.0000
1636.000,-69.898,36.233,0.317,0.001,26.332,28.208,0.000,0.000,0.0000
1636.010,-69.898,36.233,0.317,0.001,26.332,28.208,0.000,0.000,0.0000
1636.020,-69.898,36.233,0.317,0.001,26.332,28.208,0.000,0.000,0.0000
1636.030,-69.898,36.233,0.317,0.001,26.332,28.208,0.000,0.000,0.0000
1636.040,-69.898,36.233,0.317,0.000,26.332,28.208,0.000,0.000,0.0000
1636.050,-69.898,36.233,0.317,0.000,26.332,28.208,0.000,0.000,0.0000
1636.060,-69.898,36.233,0.317,0.000,26.332,28.208,0.000,0.000,0.0000
1636.070,-69.898,36.233,0.317,0.000,26.332,28.208,0.000,0.000,0.0000
1636.080,-69.898,36.233,0.317,0.000,26.332,28.208,0.000,0.000,0.0000
1636.090,-69.898,36.233,0.317,0.000,26.332,28.208,0.000,0.000,0.0000
1636.100,-69.898,36.233,0.317,0.000,26.332,28.208,0.000,0.000,0.0000
1636.110,-69.898,36.233,0.317,0.001,26.332,28.208,0.000,0.000,0.0000
1636.120,-69.898,36.233,0.317,0.001,26.332,28.208,0.000,0.000,0.0000
1636.130,-69.898,36.233,0.317,0.001,26.332,28.208,0.000,0.000,0.0000
1636.140,-69.898,36.233,0.317,0.001,26.332,28.208,0.000,0.000,0.0000
1636.150,-69.898,36.233,0.317,0.001,26.332,28.208,0.000,0.000,0.0000
1636.160,-69.898,36.233,0.317,0.001,26.332,28.208,0.000,0.000,0.0000
1636.170,-69.898,36.233,0.317,0.001,26.332,28.208,0.000,0.000,0.0000
1636.180,-69.898,36.233,0.317,0.001,26.332,28.208,0.000,0.000,0.0000
1636.190,-69.898,36.233,0.317,0.001,26.332,28.208,0.000,0.000,0.0000
1636.200,-69.898,36.233,0.317,0.001,26.332,28.208,0.000,0.000,0.0000
1636.210,-69.898,36.233,0.317,0.001,26.332,28.208,0.000,0.000,0.0000
1636.220,-69.898,36.233,0.317,0.001,26.332,28.208,0.000,0.000,0.0000
1636.230,-69.898,36.233,0.317,0.001,26.332,28.208,0.000,0.000,0.0000
1636.240,-69.898,36.233,0.317,0.001,26.332,28.208,0.000,0.000,0.0000
1636.250,-69.898,36.233,0.317,0.001,26.332,28.208,0.000,0.000,0.0000
1636.260,-69.898,36.233,0.317,0.000,26.332,28.208,0.000,0.000,0.0000
1636.270,-69.898,36.233,0.317,0.000,26.332,28.208,0.000,0.000,0.0000
1636.280,-69.898,36.233,0.317,0.000,26.332,28.208,0.000,0.000,0.0000
1636.290,-69.898,36.233,0.317,0.000,26.332,28.208,0.000,0.000,0.0000
1636.300,-69.898,36.233,0.317,0.000,26.332,28.208,0.000,0.000,0.0000
1636.310,-69.898,36.233,0.317,0.000,26.332,28.208,0.000,0.000,0.0000
1636.320,-69.898,36.233,0.317,0.000,26.332,28.208,0.000,0.000,0.0000
1636.330,-69.898,36.233,0.317,0.000,26.332,28.208,0.000,0.000,0.0000
1636.340,-69.898,36.233,0.317,0.000,26.332,28.208,0.000,0.000,0.0000
1636.350,-69.898,36.233,0.317,0.000,26.332,28.208,0.000,0.000,0.0000
1636.360,-69.898,36.233,0.317,0.000,26.332,28.208,0.000,0.000,0.0000
1636.370,-69.898,36.233,0.317,0.000,26.332,28.208,0.000,0.000,0.0000
1636.380,-69.898,36.233,0.317,0.000,26.332,28.208,0.000,0.000,0.0000
1636.390,-69.898,36.233,0.317,0.000,26.332,28.208,0.000,0.000,0.0000
1636.400,-69.898,36.233,0.317,0.000,26.332,28.208,0.000,0.000,0.0000
1636.410,-69.898,36.233,0.317,0.000,26.332,28.208,0.000,0.000,0.0000
1636.420,-69.898,36.233,0.317,0.000,26.332,28.208,0.000,0.000,0.0000
1636.430,-69.898,36.233,0.317,0.000,26.332,28.208,0.000,0.000,0.0000
1636.440,-69.898,36.233,0.317,0.000,26.332,28.208,0.000,0.000,0.0000
1636.450,-69.898,36.233,0.317,0.000,26.332,28.208,0.000,0.000,0.0000
1636.460,-69.898,36.233,0.317,0.000,26.332,28.208,0.000,0.000,0.0000
1636.470,-69.898,36.233,0.317,0.000,26.332,28.208,0.000,0.000,0.0000
1636.480,-69.898,36.233,0.317,0.000,26.332,28.208,0.000,0.000,0.0000
1636.490,-69.898,36.233,0.317,0.000,26.332,28.208,0.000,0.000,0.0000
1636.500,-69.898,36.233,0.317,0.000,26.332,28.208,0.000,0.000,0.0000
1636.510,-69.898,36.233,0.317,0.000,26.332,28.208,0.000,0.000,0.0000
1636.520,-69.898,36.233,0.317,0.000,26.332,28.208,0.000,0.000,0.0000
1636.530,-69.898,36.233,0.317,0.000,26.332,28.208,0.000,0.000,0.0000
1636.540,-69.898,36.233,0.317,0.000,26.332,28.208,0.000,0.000,0.0000
1636.550,-69.898,36.233,0.317,0.000,26.332,28.208,0.000,0.000,0.0000
1636.560,-69.898,36.233,0.317,0.000,26.332,28.208,0.000,0.000,0.0000
1636.570,-69.898,36.233,0.317,0.000,26.332,28.208,0.000,0.000,0.0000
1636.580,-69.898,36.233,0.317,0.000,26.332,28.208,0.000,0.000,0.0000
1636.590,-69.898,36.233,0.317,0.000,26.332,28.208,0.000,0.000,0.0000
1636.600,-69.898,36.233,0.317,0.000,26.332,28.208,0.000,0.000,0.0000
1636.610,-69.898,36.233,0.317,0.000,26.332,28.208,0.000,0.000,0.0000
1636.620,-69.898,36.233,0.317,0.000,26.332,28.208,0.000,0.000,0.0000
1636.630,-69.898,36.233,0.317,0.000,26.332,28.208,0.000,0.000,0.0000
1636.640,-69.898,36.233,0.317,0.000,26.332,28.208,0.000,0.000,0.0000
1636.650,-69.898,36.233,0.317,0.000,26.332,28.208,0.000,0.000,0.0000
1636.660,-69.898,36.233,0.317,0.000,26.332,28.208,0.000,0.000,0.0000
1636.670,-69.898,36.233,0.317,0.000,26.332,28.208,0.000,0.000,0.0000
1636.680,-69.898,36.233,0.317,0.000,26.332,28.208,0.000,0.000,0.0000
1636.690,-69.898,36.233,0.317,0.000,26.332,28.208,0.000,0.000,0.0000
1636.700,-69.898,36.233,0.317,0.000,26.332,28.208,0.000,0.000,0.0000
1636.710,-69.898,36.233,0.317,0.000,26.332,28.208,0.000,0.000,0.0000
1636.720,-69.898,36.233,0.317,0.000,26.332,28.208,0.000,0.000,0.0000
1636.730,-69.898,36.233,0.317,0.000,26.332,28.208,0.000,0.000,0.0000
1636.740,-69.898,36.233,0.317,0.000,26.332,28.208,0.000,0.000,0.0000
1636.750,-69.898,36.233,0.317,0.000,26.332,28.208,0.000,0.000,0.0000
1636.760,-69.898,36.233,0.317,0.000,26.332,28.208,0.000,0.000,0.0000
1636.770,-69.898,36.233,0.317,0.000,26.332,28.208,0.000,0.000,0.0000
1636.780,-69.898,36.233,0.317,0.000,26.332,28.208,0.000,0.000,0.0000
1636.790,-69.898,36.233,0.317,0.000,26.332,28.208,0.000,0.000,0.0000
1636.800,-69.898,36.233,0.317,0.000,26.332,28.208,0.000,0.000,0.0000
1636.810,-69.898,36.233,0.317,0.000,26.332,28.208,0.000,0.000,0.0000
1636.820,-69.898,36.233,0.317,0.000,26.332,28.208,0.000,0.000,0.0000
1636.830,-69.898,36.233,0.317,0.000,26.332,28.208,0.000,0.000,0.0000
1636.840,-69.898,36.233,0.317,0.000,26.332,28.208,0.000,0.000,0.0000
1636.850,-69.898,36.233,0.317,0.000,26.332,28.208,0.000,0.000,0.0000
1636.860,-69.898,36.233,0.317,0.000,26.332,28.208,0.000,0.000,0.0000
1636.870,-69.898,36.233,0.317,0.000,26.332,28.208,0.000,0.000,0.0000
1636.880,-69.898,36.233,0.317,0.000,26.332,28.208,0.000,0.000,0.0000
1636.890,-69.898,36.233,0.317,0.000,26.332,28.208,0.000,0.000,0.0000
1636.900,-69.898,36.233,0.317,0.000,26.332,28.208,0.000,0.000,0.0000
1636.910,-69.898,36.233,0.317,0.000,26.332,28.208,0.000,0.000,0.0000
1636.920,-69.898,36.233,0.317,0.000,26.332,28.208,0.000,0.000,0.0000
1636.930,-69.898,36.233,0.317,0.000,26.332,28.208,0.000,0.000,0.0000
1636.940,-69.898,36.233,0.317,0.000,26.332,28.208,0.000,0.000,0.0000
1636.950,-69.898,36.233,0.317,0.000,26.332,28.208,0.000,0.000,0.0000
1636.960,-69.898,36.233,0.317,0.000,26.332,28.208,0.000,0.000,0.0000
1636.970,-69.898,36.233,0.317,0.000,26.332,28.208,0.000,0.000,0.0000
1636.980,-69.898,36.233,0.317,0.000,26.332,28.208,0.000,0.000,0.0000
1636.990,-69.898,36.233,0.317,0.000,26.332,28.208,0.000,0.000,0.0000
1637.000,-69.898,36.233,0.317,0.000,26.332,28.208,0.000,0.000,0.0000
1637.010,-69.898,36.233,0.317,0.000,26.332,28.208,0.000,0.000,0.0000
1637.020,-69.898,36.233,0.317,0.000,26.332,28.208,0.000,0.000,0.0000
1637.030,-69.898,36.233,0.317,0.000,26.332,28.208,0.000,0.000,0.0000
1637.040,-69.898,36.233,0.317,0.000,26.332,28.208,0.000,0.000,0.0000
1637.050,-69.898,36.233,0.317,0.000,26.332,28.208,0.000,0.000,0.0000
1637.060,-69.898,36.233,0.317,0.000,26.332,28.208,0.000,0.000,0.0000
1637.070,-69.898,36.233,0.317,0.000,26.332,28.208,0.000,0.000,0.0000
1637.080,-69.898,36.233,0.317,0.000,26.332,28.208,0.000,0.000,0.0000
1637.090,-69.898,36.233,0.317,0.000,26.332,28.208,0.000,0.000,0.0000
1637.100,-69.898,36.233,0.317,0.000,26.332,28.208,0.000,0.000,0.0000
1637.110,-69.898,36.233,0.317,0.000,26.332,28.208,0.000,0.000,0.0000
1637.120,-69.898,36.233,0.317,0.000,26.332,28.208,0.000,0.000,0.0000
1637.130,-69.898,36.233,0.317,0.000,26.332,28.208,0.000,0.000,0.0000
1637.140,-69.898,36.233,0.317,0.000,26.332,28.208,0.000,0.000,0.0000
1637.150,-69.898,36.233,0.317,0.000,26.332,28.208,0.000,0.000,0.0000
1637.160,-69.898,36.233,0.317,0.000,26.332,28.208,0.000,0.000,0.0000
1637.170,-69.898,36.233,0.317,0.000,26.332,28.208,0.000,0.000,0.0000
1637.180,-69.898,36.233,0.317,0.000,26.332,28.208,0.000,0.000,0.0000
1637.190,-69.898,36.233,0.317,0.000,26.332,28.208,0.000,0.000,0.0000
1637.200,-69.898,36.233,0.317,0.000,26.332,28.208,0.000,0.000,0.0000
1637.210,-69.898,36.233,0.317,0.000,26.332,28.208,0.000,0.000,0.0000
1637.220,-69.898,36.233,0.317,0.000,26.332,28.208,0.000,0.000,0.0000
1637.230,-69.898,36.233,0.317,0.000,26.332,28.208,0.000,0.000,0.0000
1637.240,-69.898,36.233,0.317,0.000,26.332,28.208,0.000,0.000,0.0000
1637.250,-69.898,36.233,0.317,0.000,26.332,28.208,0.000,0.000,0.0000
1637.260,-69.898,36.233,0.317,0.000,26.332,28.208,0.000,0.000,0.0000
1637.270,-69.898,36.233,0.317,0.000,26.332,28.208,0.000,0.000,0.0000
1637.280,-69.898,36.233,0.317,0.000,26.332,28.208,0.000,0.000,0.0000
1637.290,-69.898,36.233,0.317,0.000,26.332,28.208,0.000,0.000,0.0000
1637.300,-69.898,36.233,0.317,0.000,26.332,28.208,0.000,0.000,0.0000
1637.310,-69.898,36.233,0.317,0.000,26.332,28.208,0.000,0.000,0.0000
1637.320,-69.898,36.233,0.317,0.000,26.332,28.208,0.000,0.000,0.0000
1637.330,-69.898,36.233,0.317,0.000,26.332,28.208,0.000,0.000,0.0000
1637.340,-69.898,36.233,0.317,0.000,26.332,28.208,0.000,0.000,0.0000
1637.350,-69.898,36.233,0.317,0.000,26.332,28.208,0.000,0.000,0.0000
1637.360,-69.898,36.233,0.317,0.000,26.332,28.208,0.000,0.000,0.0000
1637.370,-69.898,36.233,0.317,0.000,26.332,28.208,0.000,0.000,0.0000
1637.380,-69.898,36.233,0.317,0.000,26.332,28.208,0.000,0.000,0.0000
1637.390,-69.898,36.233,0.317,0.000,26.332,28.208,0.000,0.000,0.0000
1637.400,-69.898,36.233,0.317,0.000,26.332,28.208,0.000,0.000,0.0000
1637.410,-69.898,36.233,0.317,0.000,26.332,28.208,0.000,0.000,0.0000
1637.420,-69.898,36.233,0.317,0.000,26.332,28.208,0.040,0.000,0.0000
1637.430,-69.898,36.233,0.317,0.014,26.332,28.208,0.080,0.000,0.0000
1637.440,-69.897,36.233,0.317,0.040,26.333,28.209,0.120,0.000,0.0000
1637.450,-69.897,36.233,0.317,0.075,26.333,28.209,0.160,0.000,0.0000
1637.460,-69.896,36.233,0.316,0.113,26.334,28.211,0.200,0.000,0.0000
1637.470,-69.894,36.234,0.316,0.154,26.336,28.212,0.240,0.000,0.0000
1637.480,-69.892,36.234,0.316,0.194,26.338,28.214,0.280,0.000,0.0000
1637.490,-69.890,36.235,0.315,0.234,26.340,28.216,0.320,0.000,0.0000
1637.500,-69.887,36.235,0.315,0.273,26.343,28.219,0.360,0.000,0.0000
1637.510,-69.884,36.236,0.314,0.311,26.346,28.222,0.400,0.000,0.0000
1637.520,-69.881,36.237,0.313,0.349,26.349,28.225,0.440,0.000,0.0000
1637.530,-69.877,36.238,0.313,0.387,26.353,28.229,0.480,0.000,0.0000
1637.540,-69.873,36.239,0.312,0.425,26.357,28.233,0.520,0.000,0.0000
1637.550,-69.868,36.241,0.312,0.462,26.362,28.238,0.560,0.000,0.0000
1637.560,-69.863,36.242,0.311,0.500,26.367,28.243,0.600,0.000,0.0000
1637.570,-69.858,36.243,0.311,0.536,26.372,28.248,0.640,0.000,0.0000
1637.580,-69.852,36.245,0.310,0.572,26.378,28.253,0.680,0.000,0.0000
1637.590,-69.846,36.247,0.310,0.609,26.384,28.259,0.720,0.000,0.0000
1637.600,-69.840,36.248,0.309,0.647,26.390,28.265,0.760,0.000,0.0000
1637.610,-69.833,36.250,0.309,0.686,26.397,28.272,0.800,0.000,0.0000
1637.620,-69.825,36.252,0.309,0.725,26.405,28.278,0.840,0.000,0.0000
1637.630,-69.818,36.254,0.309,0.764,26.412,28.286,0.880,0.000,0.0000
1637.640,-69.810,36.257,0.308,0.804,26.420,28.293,0.920,0.000,0.0000
1637.650,-69.801,36.259,0.308,0.843,26.429,28.301,0.960,0.000,0.0000
1637.660,-69.793,36.261,0.308,0.883,26.437,28.309,1.000,0.000,0.0000
1637.670,-69.783,36.264,0.308,0.922,26.447,28.318,1.000,0.000,0.0000
1637.680,-69.774,36.266,0.308,0.961,26.456,28.327,1.000,0.000,0.0000
1637.690,-69.764,36.269,0.308,1.001,26.466,28.336,1.000,0.000,0.0000
1637.700,-69.753,36.272,0.308,1.040,26.477,28.346,1.000,0.000,0.0000
1637.710,-69.743,36.275,0.308,1.079,26.487,28.355,1.000,0.000,0.0000
1637.720,-69.731,36.278,0.308,1.118,26.499,28.366,1.000,0.000,0.0000
1637.730,-69.720,36.281,0.308,1.157,26.510,28.376,1.000,0.000,0.0000
1637.740,-69.708,36.284,0.308,1.196,26.522,28.388,1.000,0.000,0.0000
1637.750,-69.695,36.288,0.308,1.235,26.535,28.399,1.000,0.000,0.0000
1637.760,-69.683,36.291,0.309,1.274,26.547,28.411,1.000,0.000,0.0000
1637.770,-69.670,36.295,0.309,1.313,26.560,28.423,1.000,0.000,0.0000
1637.780,-69.656,36.298,0.309,1.351,26.574,28.435,1.000,0.000,0.0000
1637.790,-69.642,36.302,0.309,1.390,26.588,28.448,1.000,0.000,0.0000
1637.800,-69.628,36.306,0.309,1.428,26.602,28.461,1.000,0.000,0.0000
1637.810,-69.613,36.310,0.309,1.467,26.617,28.475,1.000,0.000,0.0080
1637.820,-69.598,36.314,0.310,1.507,26.632,28.489,1.000,0.000,0.0160
1637.830,-69.583,36.318,0.310,1.548,26.647,28.503,1.000,0.000,0.0240
1637.840,-69.567,36.322,0.310,1.589,26.663,28.517,1.000,0.000,0.0320
1637.850,-69.550,36.327,0.310,1.630,26.680,28.533,1.000,0.000,0.0400
1637.860,-69.534,36.331,0.310,1.671,26.696,28.548,1.000,0.000,0.0480
1637.870,-69.517,36.336,0.310,1.712,26.713,28.564,1.000,0.000,0.0560
1637.880,-69.499,36.340,0.310,1.752,26.731,28.580,1.000,0.000,0.0640
1637.890,-69.481,36.345,0.311,1.792,26.749,28.597,1.000,0.000,0.0720
1637.900,-69.463,36.350,0.311,1.832,26.767,28.614,1.000,0.000,0.0800
1637.910,-69.444,36.355,0.311,1.871,26.786,28.631,1.000,0.000,0.0880
1637.920,-69.425,36.360,0.311,1.910,26.805,28.649,1.000,0.000,0.0960
1637.930,-69.406,36.365,0.311,1.949,26.824,28.667,1.000,0.000,0.1040
1637.940,-69.386,36.370,0.311,1.988,26.844,28.685,1.000,0.000,0.1120
1637.950,-69.365,36.376,0.311,2.027,26.865,28.704,1.000,0.000,0.1200
1637.960,-69.345,36.381,0.311,2.065,26.885,28.723,1.000,0.000,0.1280
1637.970,-69.324,36.387,0.311,2.103,26.906,28.743,1.000,0.000,0.1360
1637.980,-69.302,36.392,0.311,2.141,26.928,28.763,1.000,0.000,0.1440
1637.990,-69.281,36.398,0.311,2.179,26.949,28.783,1.000,0.000,0.1520
1638.000,-69.258,36.404,0.311,2.217,26.972,28.803,1.000,0.000,0.1600
1638.010,-69.236,36.410,0.311,2.254,26.994,28.824,1.000,0.000,0.1680
1638.020,-69.213,36.415,0.311,2.292,27.017,28.846,1.000,0.000,0.1760
1638.030,-69.190,36.421,0.311,2.329,27.040,28.867,1.000,0.000,0.1840
1638.040,-69.166,36.427,0.311,2.365,27.064,28.889,1.000,0.000,0.1920
1638.050,-69.142,36.434,0.311,2.402,27.088,28.911,1.000,0.000,0.2000
1638.060,-69.118,36.440,0.311,2.438,27.112,28.934,1.000,0.000,0.2080
1638.070,-69.093,36.446,0.311,2.473,27.137,28.957,1.000,0.000,0.2160
1638.080,-69.068,36.452,0.311,2.507,27.162,28.980,1.000,0.000,0.2240
1638.090,-69.042,36.459,0.311,2.541,27.188,29.004,1.000,0.000,0.2320
1638.100,-69.017,36.465,0.311,2.575,27.213,29.028,1.000,0.000,0.2400
1638.110,-68.991,36.471,0.311,2.608,27.239,29.052,1.000,0.000,0.2480
1638.120,-68.964,36.478,0.311,2.612,27.266,29.076,1.000,0.000,0.2560
1638.130,-68.938,36.484,0.311,2.627,27.292,29.101,1.000,0.000,0.2640
1638.140,-68.912,36.491,0.311,2.643,27.318,29.125,1.000,0.000,0.2720
1638.150,-68.885,36.497,0.311,2.661,27.345,29.150,1.000,0.000,0.2800
1638.160,-68.858,36.504,0.311,2.679,27.372,29.175,1.000,0.000,0.2880
1638.170,-68.831,36.510,0.312,2.700,27.399,29.200,1.000,0.000,0.2960
1638.180,-68.804,36.517,0.312,2.726,27.426,29.225,1.000,0.000,0.3040
1638.190,-68.776,36.523,0.312,2.763,27.454,29.251,1.000,0.000,0.3120
1638.200,-68.748,36.530,0.312,2.802,27.482,29.277,1.000,0.000,0.3200
1638.210,-68.720,36.537,0.312,2.842,27.510,29.303,1.000,0.000,0.3280
1638.220,-68.692,36.543,0.313,2.801,27.538,29.329,1.000,0.000,0.3360
1638.230,-68.664,36.550,0.313,2.820,27.566,29.355,1.000,0.000,0.3440
1638.240,-68.635,36.557,0.313,2.864,27.595,29.382,1.000,0.000,0.3520
1638.250,-68.606,36.563,0.313,2.925,27.624,29.409,1.000,0.000,0.3600
1638.260,-68.577,36.570,0.313,2.887,27.653,29.436,1.000,0.000,0.3680
1638.270,-68.547,36.577,0.313,2.961,27.683,29.464,1.000,0.000,0.3760
1638.280,-68.517,36.584,0.313,3.003,27.713,29.492,1.000,0.000,0.3840
1638.290,-68.487,36.591,0.313,3.040,27.743,29.520,1.000,0.000,0.3920
1638.300,-68.456,36.597,0.313,3.075,27.774,29.549,1.000,0.000,0.4000
1638.310,-68.425,36.604,0.312,3.108,27.805,29.578,1.000,0.000,0.4080
1638.320,-68.394,36.610,0.312,3.140,27.836,29.607,1.000,0.000,0.3780
1638.330,-68.363,36.616,0.313,3.030,27.867,29.635,1.000,0.000,0.3480
1638.340,-68.332,36.622,0.312,3.135,27.898,29.665,1.000,0.000,0.3180
1638.350,-68.301,36.628,0.312,3.138,27.929,29.694,1.000,0.000,0.2880
1638.360,-68.269,36.634,0.312,3.162,27.961,29.723,1.000,0.000,0.2580
1638.370,-68.237,36.640,0.312,3.253,27.993,29.754,1.000,0.000,0.2280
1638.380,-68.204,36.646,0.312,3.300,28.026,29.785,1.000,0.000,0.1980
1638.390,-68.170,36.652,0.312,3.382,28.060,29.816,1.000,0.000,0.1680
1638.400,-68.136,36.658,0.311,3.420,28.094,29.848,1.000,0.000,0.1380
1638.410,-68.101,36.663,0.311,3.452,28.129,29.881,1.000,0.000,0.1080
1638.420,-68.066,36.669,0.311,3.485,28.164,29.913,1.000,0.000,0.0780
1638.430,-68.031,36.674,0.311,3.526,28.199,29.946,1.000,0.000,0.0480
1638.440,-67.995,36.680,0.310,3.578,28.235,29.980,1.000,0.000,0.0180
1638.450,-67.959,36.685,0.310,3.640,28.271,30.014,1.000,0.000,0.0000
1638.460,-67.922,36.691,0.310,3.703,28.308,30.049,1.000,0.000,0.0000
1638.470,-67.884,36.696,0.309,3.775,28.346,30.084,1.000,0.000,0.0000
1638.480,-67.845,36.702,0.309,3.850,28.385,30.120,1.000,0.000,0.0000
1638.490,-67.806,36.707,0.309,3.927,28.424,30.157,1.000,0.000,0.0000
1638.500,-67.766,36.713,0.308,4.001,28.464,30.195,1.000,0.000,0.0000
1638.510,-67.725,36.719,0.308,4.073,28.505,30.233,1.000,0.000,0.0000
1638.520,-67.684,36.725,0.307,4.140,28.546,30.272,1.000,0.000,0.0000
1638.530,-67.642,36.731,0.307,4.205,28.588,30.311,1.000,0.000,0.0000
1638.540,-67.599,36.737,0.307,4.266,28.631,30.351,1.000,0.000,0.0000
1638.550,-67.556,36.743,0.306,4.323,28.674,30.392,1.000,0.000,0.0000
1638.560,-67.512,36.749,0.306,4.378,28.718,30.433,1.000,0.000,0.0000
1638.570,-67.468,36.755,0.306,4.430,28.762,30.474,1.000,0.000,0.0000
1638.580,-67.423,36.761,0.306,4.481,28.807,30.516,1.000,0.000,0.0000
1638.590,-67.378,36.768,0.306,4.532,28.852,30.559,1.000,0.000,0.0000
1638.600,-67.332,36.774,0.306,4.583,28.898,30.602,1.000,0.000,0.0000
1638.610,-67.286,36.780,0.306,4.634,28.944,30.645,1.000,0.000,0.0000
1638.620,-67.239,36.787,0.306,4.688,28.991,30.689,1.000,0.000,0.0000
1638.630,-67.191,36.793,0.306,4.740,29.039,30.734,1.000,0.000,0.0000
1638.640,-67.144,36.800,0.306,4.790,29.086,30.778,1.000,0.000,0.0000
1638.650,-67.095,36.807,0.306,4.836,29.135,30.824,1.000,0.000,0.0000
1638.660,-67.046,36.813,0.306,4.878,29.184,30.869,1.000,0.000,0.0000
1638.670,-66.997,36.820,0.307,4.918,29.233,30.915,1.000,0.000,0.0000
1638.680,-66.948,36.827,0.307,4.951,29.282,30.962,1.000,0.000,0.0000
1638.690,-66.898,36.833,0.307,4.987,29.332,31.008,1.000,0.000,0.0000
1638.700,-66.848,36.840,0.308,5.025,29.382,31.055,1.000,0.000,0.0000
1638.710,-66.797,36.847,0.308,5.065,29.433,31.103,1.000,0.000,0.0000
1638.720,-66.746,36.854,0.309,5.107,29.484,31.151,1.000,0.000,0.0000
1638.730,-66.694,36.861,0.309,5.149,29.536,31.199,1.000,0.000,0.0000
1638.740,-66.643,36.868,0.309,5.191,29.587,31.248,1.000,0.000,0.0000
1638.750,-66.590,36.875,0.310,5.233,29.640,31.297,1.000,0.000,0.0000
1638.760,-66.537,36.881,0.310,5.275,29.693,31.346,1.000,0.000,0.0000
1638.770,-66.484,36.888,0.310,5.315,29.746,31.396,1.000,0.000,0.0000
1638.780,-66.431,36.896,0.311,5.355,29.799,31.446,1.000,0.000,0.0000
1638.790,-66.377,36.903,0.311,5.394,29.853,31.497,1.000,0.000,0.0000
1638.800,-66.322,36.910,0.311,5.434,29.908,31.548,1.000,0.000,0.0000
1638.810,-66.268,36.917,0.311,5.474,29.962,31.599,1.000,0.000,0.0000
1638.820,-66.213,36.924,0.312,5.512,30.017,31.651,1.000,0.000,0.0000
1638.830,-66.157,36.932,0.312,5.549,30.073,31.703,1.000,0.000,0.0000
1638.840,-66.101,36.939,0.312,5.582,30.129,31.756,1.000,0.000,0.0000
1638.850,-66.045,36.946,0.312,5.615,30.185,31.809,1.000,0.000,0.0000
1638.860,-65.989,36.954,0.312,5.650,30.241,31.862,1.000,0.000,0.0000
1638.870,-65.932,36.961,0.312,5.686,30.298,31.915,1.000,0.000,0.0000
1638.880,-65.875,36.969,0.312,5.724,30.355,31.969,1.000,0.000,0.0000
1638.890,-65.817,36.977,0.312,5.757,30.413,32.023,1.000,0.000,0.0000
1638.900,-65.759,36.985,0.312,5.790,30.471,32.078,1.000,0.000,0.0000
1638.910,-65.701,36.992,0.312,5.824,30.529,32.133,1.000,0.000,0.0000
1638.920,-65.642,37.001,0.313,5.835,30.588,32.188,1.000,0.000,0.0000
1638.930,-65.584,37.009,0.315,5.897,30.646,32.243,1.000,0.000,0.0000
1638.940,-65.524,37.017,0.317,5.961,30.706,32.298,1.000,0.000,0.0000
1638.950,-65.464,37.026,0.320,5.967,30.766,32.353,1.000,0.000,0.0000
1638.960,-65.404,37.034,0.324,6.048,30.826,32.409,1.000,0.000,0.0000
1638.970,-65.343,37.043,0.327,6.118,30.887,32.466,1.000,0.000,0.0000
1638.980,-65.281,37.051,0.330,6.179,30.949,32.523,1.000,0.000,0.0000
1638.990,-65.219,37.060,0.334,6.228,31.011,32.580,1.000,0.000,0.0000
1639.000,-65.156,37.068,0.338,6.271,31.074,32.638,1.000,0.000,0.0000
1639.010,-65.093,37.076,0.341,6.311,31.137,32.697,1.000,0.000,0.0000
1639.020,-65.030,37.085,0.345,6.343,31.200,32.756,1.000,0.000,0.0000
1639.030,-64.966,37.093,0.348,6.374,31.264,32.815,1.000,0.000,0.0000
1639.040,-64.902,37.101,0.351,6.406,31.328,32.874,1.000,0.000,0.0000
1639.050,-64.838,37.110,0.354,6.440,31.392,32.934,1.000,0.000,0.0000
1639.060,-64.773,37.118,0.356,6.475,31.457,32.995,1.000,0.000,0.0000
1639.070,-64.708,37.127,0.358,6.512,31.522,33.055,1.000,0.000,0.0000
1639.080,-64.643,37.135,0.360,6.542,31.587,33.117,1.000,0.000,0.0080
1639.090,-64.577,37.144,0.362,6.570,31.653,33.178,1.000,0.000,0.0160
1639.100,-64.511,37.152,0.363,6.598,31.719,33.240,1.000,0.000,0.0240
1639.110,-64.445,37.161,0.365,6.630,31.785,33.303,1.000,0.000,0.0320
1639.120,-64.378,37.169,0.365,6.663,31.852,33.366,1.000,0.000,0.0400
1639.130,-64.311,37.178,0.366,6.700,31.919,33.429,1.000,0.000,0.0480
1639.140,-64.244,37.187,0.366,6.738,31.986,33.493,1.000,0.000,0.0560
1639.150,-64.176,37.195,0.366,6.776,32.054,33.557,1.000,0.000,0.0640
1639.160,-64.108,37.204,0.366,6.812,32.122,33.622,1.000,0.000,0.0720
1639.170,-64.040,37.213,0.365,6.848,32.190,33.687,1.000,0.000,0.0800
1639.180,-63.971,37.222,0.365,6.885,32.259,33.753,1.000,0.000,0.0880
1639.190,-63.902,37.230,0.364,6.922,32.328,33.818,1.000,0.000,0.0960
1639.200,-63.832,37.239,0.363,6.958,32.398,33.885,1.000,0.000,0.1040
1639.210,-63.762,37.248,0.362,7.000,32.468,33.952,1.000,0.000,0.1120
1639.220,-63.692,37.257,0.360,7.044,32.538,34.019,1.000,0.000,0.1200
1639.230,-63.621,37.266,0.359,7.094,32.609,34.087,1.000,0.000,0.1280
1639.240,-63.549,37.275,0.358,7.139,32.681,34.155,1.000,0.000,0.1360
1639.250,-63.478,37.284,0.356,7.177,32.753,34.224,1.000,0.000,0.1440
1639.260,-63.405,37.293,0.355,7.217,32.825,34.293,1.000,0.000,0.1520
1639.270,-63.333,37.302,0.354,7.262,32.897,34.362,1.000,0.000,0.1600
1639.280,-63.260,37.311,0.352,7.317,32.970,34.432,1.000,0.000,0.1680
1639.290,-63.186,37.319,0.351,7.370,33.044,34.502,1.000,0.000,0.1760
1639.300,-63.112,37.328,0.350,7.421,33.118,34.573,1.000,0.000,0.1840
1639.310,-63.037,37.336,0.349,7.469,33.193,34.645,1.000,0.000,0.1540
1639.320,-62.962,37.344,0.348,7.499,33.268,34.716,1.000,0.000,0.1240
1639.330,-62.887,37.352,0.347,7.518,33.343,34.788,1.000,0.000,0.0940
1639.340,-62.812,37.360,0.346,7.526,33.418,34.860,1.000,0.000,0.0640
1639.350,-62.736,37.368,0.346,7.531,33.494,34.932,1.000,0.000,0.0340
1639.360,-62.661,37.375,0.346,7.548,33.569,35.004,1.000,0.000,0.0040
1639.370,-62.585,37.383,0.346,7.591,33.645,35.076,1.000,0.000,0.0000
1639.380,-62.508,37.390,0.345,7.655,33.722,35.149,1.000,0.000,0.0000
1639.390,-62.431,37.397,0.345,7.723,33.799,35.223,1.000,0.000,0.0000
1639.400,-62.353,37.403,0.345,7.788,33.877,35.297,1.000,0.000,0.0000
1639.410,-62.275,37.410,0.345,7.837,33.955,35.372,1.000,0.000,0.0000
1639.420,-62.196,37.417,0.345,7.882,34.034,35.447,1.000,0.000,0.0000
1639.430,-62.117,37.423,0.345,7.928,34.113,35.522,1.000,0.000,0.0000
1639.440,-62.037,37.429,0.346,7.976,34.193,35.599,1.000,0.000,0.0000
1639.450,-61.957,37.436,0.346,8.028,34.273,35.675,1.000,0.000,0.0000
1639.460,-61.876,37.442,0.346,8.078,34.354,35.752,1.000,0.000,0.0000
1639.470,-61.795,37.448,0.346,8.126,34.435,35.830,1.000,0.000,0.0000
1639.480,-61.713,37.454,0.346,8.171,34.517,35.908,1.000,0.000,0.0000
1639.490,-61.631,37.460,0.347,8.217,34.599,35.986,1.000,0.000,0.0000
1639.500,-61.548,37.466,0.347,8.264,34.682,36.065,1.000,0.000,0.0000
1639.510,-61.465,37.472,0.347,8.310,34.765,36.144,1.000,0.000,0.0000
1639.520,-61.382,37.478,0.348,8.353,34.848,36.224,1.000,0.000,0.0000
1639.530,-61.298,37.484,0.348,8.391,34.932,36.304,1.000,0.000,0.0000
1639.540,-61.213,37.490,0.348,8.428,35.017,36.384,1.000,0.000,0.0000
1639.550,-61.129,37.496,0.349,8.460,35.101,36.465,1.000,0.000,0.0000
1639.560,-61.044,37.502,0.349,8.486,35.186,36.546,1.000,0.000,0.0000
1639.570,-60.959,37.508,0.350,8.505,35.271,36.627,1.000,0.000,0.0000
1639.580,-60.874,37.514,0.350,8.528,35.356,36.709,1.000,0.000,0.0000
1639.590,-60.788,37.520,0.351,8.558,35.442,36.791,1.000,0.000,0.0000
1639.600,-60.702,37.526,0.351,8.599,35.528,36.873,1.000,0.000,0.0000
1639.610,-60.616,37.533,0.351,8.645,35.614,36.955,1.000,0.000,0.0000
1639.620,-60.529,37.539,0.352,8.695,35.701,37.039,1.000,0.000,0.0000
1639.630,-60.441,37.545,0.352,8.750,35.789,37.122,1.000,0.000,0.0000
1639.640,-60.353,37.552,0.352,8.766,35.877,37.206,1.000,0.000,0.0000
1639.650,-60.266,37.558,0.352,8.762,35.964,37.290,1.000,0.000,0.0000
1639.660,-60.178,37.565,0.353,8.757,36.052,37.374,1.000,0.000,0.0000
1639.670,-60.091,37.571,0.353,8.753,36.139,37.458,1.000,0.000,0.0000
1639.680,-60.003,37.578,0.353,8.748,36.227,37.542,1.000,0.000,0.0000
1639.690,-59.916,37.584,0.354,8.744,36.314,37.625,1.000,0.000,0.0000
1639.700,-59.828,37.590,0.354,8.740,36.402,37.709,1.000,0.000,0.0000
1639.710,-59.740,37.597,0.354,8.859,36.490,37.794,1.000,0.000,0.0000
1639.720,-59.650,37.603,0.354,8.979,36.580,37.880,1.000,0.000,0.0000
1639.730,-59.559,37.610,0.354,9.086,36.671,37.968,1.000,0.000,0.0000
1639.740,-59.467,37.616,0.353,9.175,36.763,38.056,1.000,0.000,0.0000
1639.750,-59.375,37.623,0.353,9.248,36.855,38.145,1.000,0.000,0.0000
1639.760,-59.282,37.629,0.352,9.307,36.948,38.234,1.000,0.000,0.0000
1639.770,-59.188,37.635,0.351,9.356,37.042,38.324,1.000,0.000,0.0080
1639.780,-59.094,37.642,0.351,9.395,37.136,38.415,1.000,0.000,0.0160
1639.790,-59.000,37.648,0.350,9.425,37.230,38.505,1.000,0.000,0.0240
1639.800,-58.906,37.655,0.350,9.450,37.324,38.596,1.000,0.000,0.0320
1639.810,-58.811,37.661,0.349,9.476,37.419,38.688,1.000,0.000,0.0400
1639.820,-58.716,37.668,0.349,9.505,37.514,38.779,1.000,0.000,0.0480
1639.830,-58.620,37.675,0.349,9.534,37.610,38.871,1.000,0.000,0.0560
1639.840,-58.525,37.681,0.348,9.574,37.705,38.963,1.000,0.000,0.0640
1639.850,-58.429,37.688,0.348,9.621,37.802,39.055,1.000,0.000,0.0720
1639.860,-58.332,37.694,0.348,9.673,37.898,39.149,1.000,0.000,0.0800
1639.870,-58.235,37.701,0.348,9.728,37.996,39.242,1.000,0.000,0.0880
1639.880,-58.137,37.708,0.348,9.783,38.093,39.336,1.000,0.000,0.0960
1639.890,-58.038,37.714,0.348,9.836,38.192,39.431,1.000,0.000,0.1040
1639.900,-57.939,37.721,0.347,9.886,38.291,39.526,1.000,0.000,0.1120
1639.910,-57.840,37.727,0.347,9.897,38.390,39.622,1.000,0.000,0.1200
1639.920,-57.741,37.733,0.348,9.909,38.489,39.717,1.000,0.000,0.1280
1639.930,-57.642,37.739,0.348,9.927,38.588,39.813,1.000,0.000,0.1360
1639.940,-57.543,37.745,0.348,9.952,38.687,39.909,1.000,0.000,0.1440
1639.950,-57.443,37.751,0.349,9.955,38.787,40.004,1.000,0.000,0.1520
1639.960,-57.344,37.756,0.350,9.948,38.886,40.100,1.000,0.000,0.1600
1639.970,-57.244,37.761,0.352,9.965,38.986,40.195,1.000,0.000,0.1680
1639.980,-57.144,37.765,0.352,9.994,39.086,40.292,1.000,0.000,0.1380
1639.990,-57.044,37.768,0.351,10.042,39.186,40.389,1.000,0.000,0.1080
1640.000,-56.943,37.770,0.349,10.103,39.287,40.487,1.000,0.000,0.0780
1640.010,-56.841,37.772,0.345,10.156,39.389,40.586,1.000,0.000,0.0480
1640.020,-56.739,37.774,0.342,10.186,39.491,40.685,1.000,0.000,0.0180
1640.030,-56.637,37.778,0.338,10.216,39.593,40.784,1.000,0.000,0.0000
1640.040,-56.535,37.781,0.334,10.259,39.695,40.884,1.000,0.000,0.0000
1640.050,-56.432,37.784,0.330,10.305,39.798,40.985,1.000,0.000,0.0000
1640.060,-56.328,37.787,0.326,10.344,39.902,41.086,1.000,0.000,0.0000
1640.070,-56.225,37.789,0.322,10.390,40.005,41.187,1.000,0.000,0.0000
1640.080,-56.120,37.791,0.318,10.445,40.110,41.289,1.000,0.000,0.0000
1640.090,-56.015,37.793,0.315,10.496,40.215,41.391,1.000,0.000,0.0000
1640.100,-55.910,37.795,0.311,10.549,40.320,41.494,1.000,0.000,0.0000
1640.110,-55.804,37.797,0.308,10.604,40.426,41.597,1.000,0.000,0.0000
1640.120,-55.697,37.798,0.305,10.656,40.533,41.701,1.000,0.000,0.0000
1640.130,-55.590,37.800,0.302,10.701,40.640,41.805,1.000,0.000,0.0000
1640.140,-55.483,37.801,0.300,10.747,40.747,41.909,1.000,0.000,0.0000
1640.150,-55.375,37.803,0.298,10.792,40.855,42.014,1.000,0.000,0.0000
1640.160,-55.267,37.804,0.296,10.836,40.963,42.119,1.000,0.000,0.0000
1640.170,-55.158,37.805,0.295,10.879,41.072,42.225,1.000,0.000,0.0000
1640.180,-55.049,37.807,0.293,10.923,41.181,42.331,1.000,0.000,0.0000
1640.190,-54.939,37.808,0.293,10.972,41.291,42.437,1.000,0.000,0.0000
1640.200,-54.829,37.809,0.292,11.026,41.401,42.544,1.000,0.000,0.0000
1640.210,-54.718,37.810,0.292,11.080,41.512,42.651,1.000,0.000,0.0000
1640.220,-54.607,37.811,0.292,11.133,41.623,42.759,1.000,0.000,0.0000
1640.230,-54.495,37.812,0.293,11.171,41.735,42.867,1.000,0.000,0.0000
1640.240,-54.383,37.813,0.293,11.193,41.847,42.975,1.000,0.000,0.0000
1640.250,-54.271,37.814,0.294,11.193,41.959,43.083,1.000,0.000,0.0000
1640.260,-54.159,37.815,0.296,11.212,42.071,43.192,1.000,0.000,0.0000
1640.270,-54.047,37.816,0.297,11.207,42.183,43.300,1.000,0.000,0.0000
1640.280,-53.935,37.817,0.299,11.197,42.295,43.408,1.000,0.000,0.0000
1640.290,-53.823,37.818,0.301,11.185,42.407,43.516,1.000,0.000,0.0000
1640.300,-53.711,37.819,0.303,11.183,42.519,43.624,1.000,0.000,0.0000
1640.310,-53.599,37.820,0.305,11.187,42.631,43.732,1.000,0.000,0.0000
1640.320,-53.487,37.821,0.307,11.195,42.743,43.840,1.000,0.000,0.0000
1640.330,-53.375,37.822,0.309,11.204,42.855,43.948,1.000,0.000,0.0000
1640.340,-53.263,37.823,0.311,11.209,42.967,44.056,1.000,0.000,0.0000
1640.350,-53.151,37.824,0.313,11.209,43.079,44.164,1.000,0.000,0.0000
1640.360,-53.039,37.825,0.314,11.201,43.191,44.273,1.000,0.000,0.0000
1640.370,-52.927,37.826,0.316,11.193,43.303,44.381,1.000,0.000,0.0000
1640.380,-52.815,37.827,0.318,11.186,43.415,44.489,1.000,0.000,0.0000
1640.390,-52.704,37.828,0.319,11.172,43.526,44.597,1.000,0.000,0.0000
1640.400,-52.592,37.829,0.321,11.168,43.638,44.705,1.000,0.000,0.0000
1640.410,-52.480,37.830,0.322,11.170,43.750,44.813,1.000,0.000,0.0000
1640.420,-52.369,37.831,0.323,11.177,43.861,44.922,1.000,0.000,0.0000
1640.430,-52.257,37.832,0.324,11.185,43.973,45.030,1.000,0.000,0.0000
1640.440,-52.145,37.832,0.325,11.191,44.085,45.139,1.000,0.000,0.0000
1640.450,-52.033,37.833,0.325,11.192,44.197,45.247,1.000,0.000,0.0000
1640.460,-51.921,37.834,0.325,11.189,44.309,45.356,1.000,0.000,0.0000
1640.470,-51.809,37.834,0.326,11.177,44.421,45.464,1.000,0.000,0.0000
1640.480,-51.698,37.835,0.326,11.167,44.532,45.573,1.000,0.000,0.0000
1640.490,-51.586,37.836,0.326,11.158,44.644,45.681,1.000,0.000,0.0000
1640.500,-51.475,37.836,0.326,11.146,44.755,45.790,1.000,0.000,0.0000
1640.510,-51.363,37.837,0.325,11.143,44.867,45.898,1.000,0.000,0.0000
1640.520,-51.252,37.838,0.325,11.147,44.978,46.007,1.000,0.000,0.0000
1640.530,-51.140,37.839,0.324,11.155,45.090,46.115,1.000,0.000,0.0000
1640.540,-51.029,37.840,0.324,11.163,45.202,46.224,1.000,0.000,0.0000
1640.550,-50.917,37.841,0.323,11.169,45.313,46.333,1.000,0.000,0.0000
1640.560,-50.805,37.841,0.322,11.170,45.425,46.442,1.000,0.000,0.0000
1640.570,-50.694,37.842,0.322,11.161,45.536,46.551,1.000,0.000,0.0000
1640.580,-50.582,37.843,0.321,11.153,45.648,46.659,1.000,0.000,0.0000
1640.590,-50.471,37.844,0.320,11.147,45.759,46.768,1.000,0.000,0.0000
1640.600,-50.359,37.845,0.320,11.141,45.871,46.877,1.000,0.000,0.0000
1640.610,-50.248,37.846,0.319,11.136,45.982,46.985,1.000,0.000,0.0000
1640.620,-50.136,37.846,0.318,11.138,46.094,47.094,1.000,0.000,0.0000
1640.630,-50.025,37.847,0.318,11.146,46.205,47.203,1.000,0.000,0.0000
1640.640,-49.913,37.848,0.317,11.156,46.317,47.311,1.000,0.000,0.0000
1640.650,-49.802,37.848,0.316,11.165,46.428,47.420,1.000,0.000,0.0000
1640.660,-49.690,37.849,0.316,11.171,46.540,47.529,1.000,0.000,0.0000
1640.670,-49.578,37.850,0.315,11.172,46.652,47.638,1.000,0.000,0.0000
1640.680,-49.467,37.850,0.315,11.164,46.763,47.747,1.000,0.000,0.0000
1640.690,-49.355,37.851,0.315,11.157,46.875,47.856,1.000,0.000,0.0000
1640.700,-49.244,37.852,0.314,11.152,46.986,47.965,1.000,0.000,0.0000
1640.710,-49.132,37.853,0.314,11.141,47.098,48.073,1.000,0.000,0.0000
1640.720,-49.021,37.853,0.314,11.138,47.209,48.182,1.000,0.000,0.0000
1640.730,-48.909,37.854,0.314,11.144,47.321,48.291,1.000,0.000,0.0000
1640.740,-48.798,37.855,0.314,11.154,47.432,48.399,1.000,0.000,0.0000
1640.750,-48.686,37.856,0.314,11.165,47.544,48.508,1.000,0.000,0.0000
1640.760,-48.574,37.857,0.314,11.173,47.656,48.617,1.000,0.000,0.0000
1640.770,-48.463,37.858,0.314,11.178,47.767,48.726,1.000,0.000,0.0000
1640.780,-48.351,37.859,0.314,11.170,47.879,48.835,1.000,0.000,0.0000
1640.790,-48.239,37.859,0.314,11.165,47.991,48.944,1.000,0.000,0.0000
1640.800,-48.128,37.860,0.314,11.160,48.102,49.053,1.000,0.000,0.0000
1640.810,-48.016,37.861,0.315,11.155,48.214,49.162,1.000,0.000,0.0000
1640.820,-47.905,37.862,0.315,11.147,48.325,49.271,1.000,0.000,0.0000
1640.830,-47.793,37.863,0.315,11.147,48.437,49.379,1.000,0.000,0.0000
1640.840,-47.682,37.864,0.315,11.154,48.548,49.488,1.000,0.000,0.0000
1640.850,-47.570,37.865,0.316,11.163,48.660,49.597,1.000,0.000,0.0000
1640.860,-47.458,37.865,0.316,11.173,48.772,49.706,1.000,0.000,0.0000
1640.870,-47.346,37.866,0.316,11.179,48.884,49.815,1.000,0.000,0.0000
1640.880,-47.235,37.867,0.316,11.181,48.995,49.924,1.000,0.000,0.0000
1640.890,-47.123,37.867,0.317,11.173,49.107,50.034,1.000,0.000,0.0000
1640.900,-47.011,37.868,0.317,11.165,49.219,50.143,1.000,0.000,0.0000
1640.910,-46.900,37.869,0.317,11.159,49.330,50.252,1.000,0.000,0.0000
1640.920,-46.788,37.870,0.317,11.153,49.442,50.361,1.000,0.000,0.0000
1640.930,-46.677,37.870,0.317,11.148,49.553,50.469,1.000,0.000,0.0000
1640.940,-46.565,37.871,0.318,11.149,49.665,50.578,1.000,0.000,0.0000
1640.950,-46.454,37.872,0.318,11.156,49.776,50.687,1.000,0.000,0.0000
1640.960,-46.342,37.873,0.318,11.165,49.888,50.796,1.000,0.000,0.0080
1640.970,-46.230,37.874,0.318,11.176,50.000,50.906,1.000,0.000,0.0160
1640.980,-46.118,37.875,0.318,11.185,50.112,51.015,1.000,0.000,0.0240
1640.990,-46.006,37.876,0.318,11.191,50.224,51.125,1.000,0.000,0.0320
1641.000,-45.895,37.877,0.318,11.180,50.335,51.234,1.000,0.000,0.0400
1641.010,-45.783,37.878,0.318,11.169,50.447,51.343,1.000,0.000,0.0480
1641.020,-45.671,37.879,0.318,11.159,50.559,51.452,1.000,0.000,0.0560
1641.030,-45.560,37.880,0.318,11.130,50.670,51.561,1.000,0.000,0.0640
1641.040,-45.449,37.881,0.318,11.110,50.781,51.670,1.000,0.000,0.0720
1641.050,-45.338,37.882,0.318,11.100,50.892,51.778,1.000,0.000,0.0800
1641.060,-45.227,37.882,0.318,11.097,51.003,51.887,1.000,0.000,0.0880
1641.070,-45.116,37.883,0.318,11.098,51.114,51.995,1.000,0.000,0.0960
1641.080,-45.005,37.883,0.318,11.097,51.225,52.104,1.000,0.000,0.1040
1641.090,-44.894,37.884,0.318,11.093,51.336,52.213,1.000,0.000,0.1120
1641.100,-44.783,37.884,0.318,11.083,51.447,52.321,1.000,0.000,0.1200
1641.110,-44.672,37.884,0.318,11.097,51.558,52.430,1.000,0.000,0.1280
1641.120,-44.561,37.884,0.318,11.109,51.669,52.539,1.000,0.000,0.1360
1641.130,-44.450,37.883,0.318,11.116,51.780,52.647,1.000,0.000,0.1060
1641.140,-44.339,37.883,0.318,11.117,51.891,52.756,1.000,0.000,0.0760
1641.150,-44.228,37.882,0.318,11.128,52.002,52.865,1.000,0.000,0.0460
1641.160,-44.116,37.880,0.318,11.132,52.114,52.974,1.000,0.000,0.0160
1641.170,-44.005,37.878,0.318,11.129,52.225,53.083,1.000,0.000,0.0000
1641.180,-43.894,37.876,0.317,11.125,52.336,53.192,1.000,0.000,0.0000
1641.190,-43.783,37.874,0.317,11.126,52.447,53.301,1.000,0.000,0.0000
1641.200,-43.671,37.871,0.317,11.125,52.559,53.410,1.000,0.000,0.0000
1641.210,-43.560,37.868,0.317,11.127,52.670,53.519,1.000,0.000,0.0000
1641.220,-43.449,37.864,0.317,11.130,52.781,53.629,1.000,0.000,0.0000
1641.230,-43.337,37.861,0.317,11.133,52.893,53.738,1.000,0.000,0.0000
1641.240,-43.226,37.857,0.317,11.127,53.004,53.847,1.000,0.000,0.0000
1641.250,-43.115,37.853,0.317,11.105,53.115,53.956,1.000,0.000,0.0000
1641.260,-43.004,37.848,0.317,11.116,53.226,54.065,1.000,0.000,0.0000
1641.270,-42.893,37.844,0.316,11.135,53.337,54.174,1.000,0.000,0.0000
1641.280,-42.781,37.839,0.316,11.155,53.449,54.283,1.000,0.000,0.0000
1641.290,-42.669,37.835,0.316,11.173,53.561,54.393,1.000,0.000,0.0000
1641.300,-42.557,37.830,0.316,11.186,53.673,54.502,1.000,0.000,0.0000
1641.310,-42.446,37.825,0.316,11.192,53.784,54.612,1.000,0.000,0.0000
1641.320,-42.334,37.820,0.316,11.191,53.896,54.722,1.000,0.000,0.0000
1641.330,-42.222,37.815,0.316,11.177,54.008,54.832,1.000,0.000,0.0000
1641.340,-42.110,37.810,0.316,11.196,54.120,54.941,1.000,0.000,0.0000
1641.350,-41.998,37.805,0.316,11.182,54.232,55.051,1.000,0.000,0.0000
1641.360,-41.886,37.800,0.316,11.160,54.344,55.161,1.000,0.000,0.0000
1641.370,-41.775,37.795,0.316,11.149,54.455,55.270,1.000,0.000,0.0000
1641.380,-41.663,37.790,0.316,11.148,54.567,55.379,1.000,0.000,0.0000
1641.390,-41.552,37.785,0.316,11.155,54.678,55.489,1.000,0.000,0.0000
1641.400,-41.440,37.780,0.316,11.164,54.790,55.598,1.000,0.000,0.0000
1641.410,-41.329,37.775,0.316,11.171,54.901,55.708,1.000,0.000,0.0000
1641.420,-41.217,37.770,0.316,11.175,55.013,55.818,1.000,0.000,0.0000
1641.430,-41.105,37.765,0.316,11.167,55.125,55.927,1.000,0.000,0.0000
1641.440,-40.994,37.760,0.316,11.160,55.236,56.037,1.000,0.000,0.0000
1641.450,-40.882,37.755,0.317,11.154,55.348,56.146,1.000,0.000,0.0000
1641.460,-40.771,37.750,0.317,11.148,55.459,56.256,1.000,0.000,0.0000
1641.470,-40.659,37.745,0.317,11.142,55.571,56.365,1.000,0.000,0.0000
1641.480,-40.548,37.740,0.317,11.144,55.682,56.474,1.000,0.000,0.0000
1641.490,-40.436,37.735,0.317,11.153,55.794,56.584,1.000,0.000,0.0000
1641.500,-40.325,37.730,0.317,11.164,55.905,56.693,1.000,0.000,0.0000
1641.510,-40.213,37.725,0.317,11.174,56.017,56.803,1.000,0.000,0.0000
1641.520,-40.101,37.720,0.317,11.180,56.129,56.913,1.000,0.000,0.0000
1641.530,-39.989,37.715,0.317,11.181,56.241,57.023,1.000,0.000,0.0000
1641.540,-39.877,37.709,0.317,11.171,56.353,57.132,1.000,0.000,0.0000
1641.550,-39.766,37.704,0.317,11.161,56.464,57.242,1.000,0.000,0.0000
1641.560,-39.654,37.699,0.317,11.152,56.576,57.352,1.000,0.000,0.0000
1641.570,-39.543,37.694,0.317,11.138,56.687,57.461,1.000,0.000,0.0000
1641.580,-39.432,37.689,0.317,11.135,56.798,57.570,1.000,0.000,0.0000
1641.590,-39.320,37.684,0.317,11.141,56.910,57.680,1.000,0.000,0.0000
1641.600,-39.209,37.679,0.317,11.151,57.021,57.789,1.000,0.000,0.0000
1641.610,-39.097,37.674,0.317,11.163,57.133,57.899,1.000,0.000,0.0000
1641.620,-38.985,37.669,0.317,11.172,57.245,58.009,1.000,0.000,0.0000
1641.630,-38.874,37.664,0.317,11.177,57.356,58.119,1.000,0.000,0.0000
1641.640,-38.762,37.659,0.317,11.176,57.468,58.229,1.000,0.000,0.0000
1641.650,-38.650,37.654,0.317,11.167,57.580,58.339,1.000,0.000,0.0000
1641.660,-38.539,37.649,0.317,11.158,57.691,58.448,1.000,0.000,0.0000
1641.670,-38.427,37.644,0.317,11.149,57.803,58.558,1.000,0.000,0.0000
1641.680,-38.316,37.639,0.317,11.138,57.914,58.667,1.000,0.000,0.0000
1641.690,-38.204,37.634,0.317,11.137,58.026,58.777,1.000,0.000,0.0000
1641.700,-38.093,37.629,0.317,11.143,58.137,58.886,1.000,0.000,0.0000
1641.710,-37.981,37.624,0.317,11.153,58.249,58.996,1.000,0.000,0.0000
1641.720,-37.870,37.618,0.317,11.164,58.360,59.106,1.000,0.000,0.0000
1641.730,-37.758,37.613,0.317,11.172,58.472,59.216,1.000,0.000,0.0000
1641.740,-37.646,37.608,0.317,11.175,58.584,59.326,1.000,0.000,0.0000
1641.750,-37.535,37.603,0.317,11.166,58.695,59.436,1.000,0.000,0.0000
1641.760,-37.423,37.598,0.317,11.157,58.807,59.545,1.000,0.000,0.0000
1641.770,-37.312,37.592,0.317,11.150,58.918,59.655,1.000,0.000,0.0000
1641.780,-37.200,37.587,0.317,11.142,59.030,59.765,1.000,0.000,0.0000
1641.790,-37.089,37.582,0.317,11.136,59.141,59.874,1.000,0.000,0.0000
1641.800,-36.977,37.577,0.317,11.138,59.253,59.984,1.000,0.000,0.0000
1641.810,-36.866,37.572,0.317,11.147,59.364,60.093,1.000,0.000,0.0000
1641.820,-36.754,37.567,0.317,11.157,59.476,60.203,1.000,0.000,0.0000
1641.830,-36.643,37.562,0.317,11.167,59.587,60.313,1.000,0.000,0.0000
1641.840,-36.531,37.557,0.317,11.174,59.699,60.423,1.000,0.000,0.0000
1641.850,-36.419,37.552,0.317,11.175,59.811,60.533,1.000,0.000,0.0000
1641.860,-36.308,37.547,0.317,11.166,59.922,60.643,1.000,0.000,0.0000
1641.870,-36.196,37.542,0.317,11.158,60.034,60.753,1.000,0.000,0.0000
1641.880,-36.084,37.537,0.317,11.150,60.146,60.863,1.000,0.000,0.0000
1641.890,-35.973,37.532,0.317,11.136,60.257,60.972,1.000,0.000,0.0000
1641.900,-35.862,37.527,0.317,11.135,60.368,61.082,1.000,0.000,0.0000
1641.910,-35.750,37.522,0.317,11.141,60.480,61.192,1.000,0.000,0.0000
1641.920,-35.639,37.517,0.317,11.151,60.591,61.301,1.000,0.000,0.0000
1641.930,-35.527,37.512,0.317,11.162,60.703,61.411,1.000,0.000,0.0000
1641.940,-35.415,37.506,0.317,11.171,60.815,61.521,1.000,0.000,0.0000
1641.950,-35.304,37.501,0.317,11.176,60.926,61.631,1.000,0.000,0.0000
1641.960,-35.192,37.496,0.317,11.167,61.038,61.741,1.000,0.000,0.0000
1641.970,-35.080,37.491,0.317,11.161,61.150,61.851,1.000,0.000,0.0000
1641.980,-34.969,37.486,0.317,11.154,61.261,61.961,1.000,0.000,0.0000
1641.990,-34.857,37.481,0.317,11.147,61.373,62.071,1.000,0.000,0.0000
1642.000,-34.746,37.476,0.317,11.137,61.484,62.181,1.000,0.000,0.0000
1642.010,-34.635,37.471,0.317,11.136,61.595,62.290,1.000,0.000,0.0000
1642.020,-34.523,37.466,0.317,11.143,61.707,62.400,1.000,0.000,0.0000
1642.030,-34.412,37.461,0.317,11.153,61.818,62.510,1.000,0.000,0.0000
1642.040,-34.300,37.456,0.317,11.164,61.930,62.620,1.000,0.000,0.0000
1642.050,-34.188,37.451,0.317,11.171,62.042,62.730,1.000,0.000,0.0000
1642.060,-34.077,37.446,0.317,11.174,62.153,62.840,1.000,0.000,0.0000
1642.070,-33.965,37.441,0.317,11.165,62.265,62.950,1.000,0.000,0.0000
1642.080,-33.853,37.436,0.317,11.157,62.377,63.060,1.000,0.000,0.0000
1642.090,-33.742,37.431,0.317,11.150,62.488,63.170,1.000,0.000,0.0000
1642.100,-33.630,37.426,0.317,11.142,62.600,63.280,1.000,0.000,0.0000
1642.110,-33.519,37.421,0.317,11.136,62.711,63.390,1.000,0.000,0.0000
1642.120,-33.408,37.416,0.317,11.138,62.822,63.499,1.000,0.000,0.0000
1642.130,-33.296,37.411,0.317,11.146,62.934,63.609,1.000,0.000,0.0000
1642.140,-33.185,37.406,0.317,11.156,63.045,63.719,1.000,0.000,0.0000
1642.150,-33.073,37.401,0.317,11.166,63.157,63.829,1.000,0.000,0.0000
1642.160,-32.961,37.396,0.317,11.172,63.269,63.939,1.000,0.000,0.0000
1642.170,-32.850,37.391,0.317,11.173,63.380,64.050,1.000,0.000,0.0000
1642.180,-32.738,37.386,0.317,11.164,63.492,64.160,1.000,0.000,0.0000
1642.190,-32.626,37.381,0.317,11.156,63.604,64.270,1.000,0.000,0.0000
1642.200,-32.515,37.376,0.317,11.148,63.715,64.380,1.000,0.000,0.0000
1642.210,-32.404,37.371,0.317,11.135,63.826,64.489,1.000,0.000,0.0000
1642.220,-32.292,37.366,0.317,11.134,63.938,64.599,1.000,0.000,0.0000
1642.230,-32.181,37.361,0.317,11.140,64.049,64.709,1.000,0.000,0.0000
1642.240,-32.069,37.356,0.317,11.150,64.161,64.819,1.000,0.000,0.0000
1642.250,-31.958,37.351,0.317,11.161,64.272,64.929,1.000,0.000,0.0000
1642.260,-31.846,37.346,0.317,11.169,64.384,65.039,1.000,0.000,0.0000
1642.270,-31.734,37.341,0.317,11.174,64.496,65.150,1.000,0.000,0.0000
1642.280,-31.623,37.336,0.317,11.166,64.607,65.260,1.000,0.000,-0.0080
1642.290,-31.511,37.331,0.317,11.156,64.719,65.370,1.000,0.000,-0.0160
1642.300,-31.400,37.326,0.317,11.150,64.830,65.480,1.000,0.000,-0.0240
1642.310,-31.288,37.321,0.317,11.143,64.942,65.590,1.000,0.000,-0.0320
1642.320,-31.177,37.316,0.317,11.144,65.053,65.700,1.000,0.000,-0.0400
1642.330,-31.065,37.311,0.317,11.155,65.165,65.810,1.000,0.000,-0.0480
1642.340,-30.953,37.306,0.317,11.171,65.277,65.920,1.000,0.000,-0.0560
1642.350,-30.842,37.301,0.317,11.190,65.388,66.030,1.000,0.000,-0.0640
1642.360,-30.730,37.296,0.317,11.207,65.500,66.141,1.000,0.000,-0.0720
1642.370,-30.617,37.291,0.316,11.220,65.613,66.252,1.000,0.000,-0.0800
1642.380,-30.505,37.286,0.316,11.229,65.725,66.363,1.000,0.000,-0.0880
1642.390,-30.393,37.281,0.316,11.202,65.837,66.473,1.000,0.000,-0.0960
1642.400,-30.281,37.276,0.316,11.176,65.949,66.583,1.000,0.000,-0.1040
1642.410,-30.170,37.271,0.316,11.155,66.060,66.694,1.000,0.000,-0.1120
1642.420,-30.059,37.267,0.317,11.103,66.171,66.803,1.000,0.000,-0.1200
1642.430,-29.948,37.263,0.317,11.067,66.282,66.912,1.000,0.000,-0.1280
1642.440,-29.838,37.259,0.317,11.047,66.392,67.021,1.000,0.000,-0.1360
1642.450,-29.727,37.256,0.318,11.039,66.503,67.130,1.000,0.000,-0.1060
1642.460,-29.617,37.252,0.318,11.052,66.613,67.239,1.000,0.000,-0.0760
1642.470,-29.506,37.249,0.318,11.076,66.724,67.349,1.000,0.000,-0.0460
1642.480,-29.395,37.247,0.318,11.105,66.835,67.458,1.000,0.000,-0.0160
1642.490,-29.283,37.245,0.318,11.134,66.947,67.568,1.000,0.000,0.0000
1642.500,-29.172,37.243,0.318,11.154,67.058,67.678,1.000,0.000,0.0000
1642.510,-29.060,37.242,0.318,11.151,67.170,67.788,1.000,0.000,0.0000
1642.520,-28.949,37.241,0.318,11.143,67.281,67.898,1.000,0.000,0.0000
1642.530,-28.838,37.240,0.318,11.131,67.392,68.008,1.000,0.000,0.0000
1642.540,-28.726,37.239,0.318,11.128,67.504,68.118,1.000,0.000,0.0000
1642.550,-28.615,37.239,0.318,11.133,67.615,68.228,1.000,0.000,0.0000
1642.560,-28.504,37.239,0.318,11.143,67.726,68.338,1.000,0.000,0.0000
1642.570,-28.392,37.239,0.317,11.153,67.838,68.449,1.000,0.000,0.0000
1642.580,-28.281,37.239,0.317,11.159,67.949,68.559,1.000,0.000,0.0000
1642.590,-28.169,37.239,0.317,11.155,68.061,68.669,1.000,0.000,0.0000
1642.600,-28.057,37.240,0.317,11.151,68.173,68.779,1.000,0.000,0.0000
1642.610,-27.946,37.240,0.317,11.147,68.284,68.889,1.000,0.000,0.0000
1642.620,-27.835,37.241,0.317,11.139,68.395,68.999,1.000,0.000,0.0000
1642.630,-27.723,37.242,0.317,11.141,68.507,69.109,1.000,0.000,0.0000
1642.640,-27.612,37.243,0.317,11.150,68.618,69.220,1.000,0.000,0.0000
1642.650,-27.500,37.244,0.317,11.163,68.730,69.330,1.000,0.000,0.0000
1642.660,-27.388,37.245,0.317,11.178,68.842,69.440,1.000,0.000,0.0000
1642.670,-27.276,37.246,0.316,11.190,68.954,69.551,1.000,0.000,0.0000
1642.680,-27.164,37.247,0.316,11.197,69.066,69.662,1.000,0.000,0.0000
1642.690,-27.052,37.248,0.316,11.199,69.178,69.772,1.000,0.000,0.0000
1642.700,-26.941,37.249,0.316,11.193,69.289,69.883,1.000,0.000,0.0000
1642.710,-26.829,37.250,0.316,11.178,69.401,69.993,1.000,0.000,0.0000
1642.720,-26.717,37.251,0.316,11.164,69.513,70.104,1.000,0.000,0.0000
1642.730,-26.606,37.252,0.316,11.145,69.624,70.214,1.000,0.000,0.0000
1642.740,-26.494,37.253,0.316,11.140,69.736,70.324,1.000,0.000,0.0000
1642.750,-26.383,37.255,0.316,11.144,69.847,70.434,1.000,0.000,0.0000
1642.760,-26.271,37.256,0.316,11.156,69.959,70.544,1.000,0.000,0.0000
1642.770,-26.160,37.257,0.316,11.169,70.070,70.655,1.000,0.000,0.0000
1642.780,-26.048,37.258,0.316,11.180,70.182,70.765,1.000,0.000,0.0000
1642.790,-25.936,37.258,0.316,11.187,70.294,70.876,1.000,0.000,0.0000
1642.800,-25.824,37.259,0.316,11.188,70.406,70.986,1.000,0.000,0.0000
1642.810,-25.712,37.260,0.316,11.182,70.518,71.097,1.000,0.000,0.0000
1642.820,-25.600,37.261,0.317,11.170,70.630,71.207,1.000,0.000,0.0000
1642.830,-25.489,37.262,0.317,11.159,70.741,71.318,1.000,0.000,0.0000
1642.840,-25.377,37.263,0.317,11.149,70.853,71.428,1.000,0.000,0.0000
1642.850,-25.266,37.264,0.317,11.149,70.964,71.538,1.000,0.000,0.0000
1642.860,-25.154,37.265,0.317,11.156,71.076,71.648,1.000,0.000,0.0000
1642.870,-25.043,37.267,0.317,11.168,71.187,71.759,1.000,0.000,0.0000
1642.880,-24.931,37.268,0.317,11.180,71.299,71.869,1.000,0.000,0.0000
1642.890,-24.819,37.269,0.317,11.188,71.411,71.980,1.000,0.000,0.0000
1642.900,-24.707,37.270,0.317,11.192,71.523,72.091,1.000,0.000,0.0000
1642.910,-24.595,37.271,0.317,11.189,71.635,72.201,1.000,0.000,0.0000
1642.920,-24.483,37.273,0.317,11.175,71.747,72.312,1.000,0.000,0.0000
1642.930,-24.372,37.274,0.317,11.163,71.858,72.422,1.000,0.000,0.0000
1642.940,-24.260,37.275,0.317,11.153,71.970,72.533,1.000,0.000,0.0000
1642.950,-24.149,37.276,0.317,11.146,72.081,72.643,1.000,0.000,0.0000
1642.960,-24.037,37.277,0.317,11.148,72.193,72.753,1.000,0.000,0.0000
1642.970,-23.926,37.279,0.317,11.157,72.304,72.863,1.000,0.000,0.0000
1642.980,-23.814,37.280,0.317,11.169,72.416,72.974,1.000,0.000,0.0000
1642.990,-23.702,37.281,0.317,11.180,72.528,73.084,1.000,0.000,0.0000
1643.000,-23.590,37.282,0.317,11.187,72.640,73.195,1.000,0.000,0.0000
1643.010,-23.478,37.283,0.317,11.189,72.752,73.306,1.000,0.000,0.0000
1643.020,-23.367,37.284,0.317,11.185,72.863,73.417,1.000,0.000,0.0000
1643.030,-23.255,37.285,0.317,11.172,72.975,73.527,1.000,0.000,0.0000
1643.040,-23.143,37.286,0.317,11.160,73.087,73.637,1.000,0.000,0.0000
1643.050,-23.032,37.287,0.317,11.145,73.198,73.748,1.000,0.000,0.0000
1643.060,-22.920,37.289,0.317,11.142,73.310,73.858,1.000,0.000,0.0000
1643.070,-22.809,37.290,0.317,11.147,73.421,73.968,1.000,0.000,0.0000
1643.080,-22.697,37.291,0.317,11.158,73.533,74.079,1.000,0.000,0.0000
1643.090,-22.586,37.293,0.317,11.171,73.644,74.189,1.000,0.000,0.0000
1643.100,-22.474,37.294,0.317,11.181,73.756,74.300,1.000,0.000,0.0000
1643.110,-22.362,37.295,0.317,11.186,73.868,74.411,1.000,0.000,0.0000
1643.120,-22.250,37.297,0.317,11.186,73.980,74.521,1.000,0.000,0.0000
1643.130,-22.138,37.298,0.317,11.173,74.092,74.632,1.000,0.000,0.0000
1643.140,-22.027,37.299,0.317,11.161,74.203,74.742,1.000,0.000,0.0000
1643.150,-21.915,37.301,0.317,11.152,74.315,74.853,1.000,0.000,0.0000
1643.160,-21.804,37.302,0.317,11.142,74.426,74.963,1.000,0.000,0.0000
1643.170,-21.692,37.303,0.317,11.142,74.538,75.073,1.000,0.000,0.0000
1643.180,-21.581,37.304,0.317,11.151,74.649,75.184,1.000,0.000,0.0000
1643.190,-21.469,37.306,0.317,11.163,74.761,75.294,1.000,0.000,0.0000
1643.200,-21.358,37.307,0.317,11.174,74.872,75.405,1.000,0.000,0.0000
1643.210,-21.246,37.308,0.317,11.183,74.984,75.515,1.000,0.000,0.0000
1643.220,-21.134,37.309,0.317,11.187,75.096,75.626,1.000,0.000,0.0000
1643.230,-21.022,37.310,0.317,11.185,75.208,75.737,1.000,0.000,0.0000
1643.240,-20.910,37.311,0.317,11.172,75.320,75.848,1.000,0.000,0.0000
1643.250,-20.799,37.312,0.317,11.160,75.431,75.958,1.000,0.000,0.0000
1643.260,-20.687,37.314,0.317,11.143,75.543,76.068,1.000,0.000,0.0000
1643.270,-20.576,37.315,0.317,11.140,75.654,76.179,1.000,0.000,0.0000
1643.280,-20.464,37.316,0.317,11.146,75.766,76.289,1.000,0.000,0.0000
1643.290,-20.353,37.317,0.317,11.156,75.877,76.399,1.000,0.000,0.0000
1643.300,-20.241,37.319,0.317,11.168,75.989,76.510,1.000,0.000,0.0000
1643.310,-20.129,37.320,0.317,11.179,76.101,76.621,1.000,0.000,0.0000
1643.320,-20.018,37.321,0.317,11.186,76.212,76.732,1.000,0.000,0.0000
1643.330,-19.906,37.323,0.317,11.187,76.324,76.842,1.000,0.000,0.0000
1643.340,-19.794,37.324,0.317,11.182,76.436,76.953,1.000,0.000,0.0000
1643.350,-19.682,37.325,0.317,11.170,76.548,77.064,1.000,0.000,0.0000
1643.360,-19.571,37.327,0.317,11.158,76.659,77.174,1.000,0.000,0.0000
1643.370,-19.459,37.328,0.317,11.144,76.771,77.285,1.000,0.000,0.0000
1643.380,-19.348,37.330,0.317,11.141,76.882,77.395,1.000,0.000,0.0000
1643.390,-19.236,37.331,0.317,11.146,76.994,77.505,1.000,0.000,0.0000
1643.400,-19.125,37.332,0.317,11.157,77.105,77.616,1.000,0.000,0.0000
1643.410,-19.013,37.333,0.317,11.169,77.217,77.726,1.000,0.000,0.0000
1643.420,-18.901,37.335,0.317,11.179,77.329,77.837,1.000,0.000,0.0000
1643.430,-18.789,37.336,0.317,11.185,77.441,77.948,1.000,0.000,0.0000
1643.440,-18.677,37.337,0.317,11.184,77.553,78.059,1.000,0.000,0.0000
1643.450,-18.566,37.338,0.317,11.172,77.664,78.169,1.000,0.000,0.0000
1643.460,-18.454,37.339,0.317,11.160,77.776,78.280,1.000,0.000,0.0000
1643.470,-18.343,37.340,0.317,11.150,77.887,78.390,1.000,0.000,0.0000
1643.480,-18.231,37.342,0.317,11.141,77.999,78.501,1.000,0.000,0.0000
1643.490,-18.120,37.343,0.317,11.142,78.110,78.611,1.000,0.000,0.0000
1643.500,-18.008,37.344,0.317,11.150,78.222,78.722,1.000,0.000,0.0000
1643.510,-17.897,37.346,0.317,11.161,78.333,78.832,1.000,0.000,0.0000
1643.520,-17.785,37.347,0.317,11.172,78.445,78.943,1.000,0.000,0.0000
1643.530,-17.673,37.348,0.317,11.180,78.557,79.054,1.000,0.000,0.0000
1643.540,-17.561,37.350,0.317,11.184,78.669,79.164,1.000,0.000,0.0000
1643.550,-17.450,37.351,0.317,11.181,78.780,79.275,1.000,0.000,0.0000
1643.560,-17.338,37.353,0.317,11.169,78.892,79.386,1.000,0.000,0.0000
1643.570,-17.226,37.354,0.317,11.158,79.004,79.496,1.000,0.000,0.0000
1643.580,-17.115,37.355,0.317,11.141,79.115,79.607,1.000,0.000,0.0000
1643.590,-17.003,37.357,0.317,11.139,79.227,79.717,1.000,0.000,0.0000
1643.600,-16.892,37.358,0.317,11.144,79.338,79.828,1.000,0.000,0.0000
1643.610,-16.780,37.359,0.317,11.154,79.450,79.938,1.000,0.000,0.0000
1643.620,-16.669,37.360,0.317,11.166,79.561,80.049,1.000,0.000,0.0000
1643.630,-16.557,37.362,0.317,11.177,79.673,80.160,1.000,0.000,0.0000
1643.640,-16.445,37.363,0.317,11.184,79.785,80.270,1.000,0.000,0.0000
1643.650,-16.333,37.364,0.317,11.185,79.897,80.381,1.000,0.000,0.0000
1643.660,-16.222,37.365,0.317,11.173,80.008,80.492,1.000,0.000,0.0000
1643.670,-16.110,37.366,0.317,11.163,80.120,80.603,1.000,0.000,0.0000
1643.680,-15.998,37.368,0.317,11.153,80.232,80.713,1.000,0.000,0.0000
1643.690,-15.887,37.369,0.317,11.141,80.343,80.824,1.000,0.000,0.0000
1643.700,-15.776,37.370,0.317,11.139,80.454,80.934,1.000,0.000,0.0000
1643.710,-15.664,37.372,0.317,11.145,80.566,81.045,1.000,0.000,0.0000
1643.720,-15.553,37.373,0.317,11.156,80.677,81.155,1.000,0.000,0.0000
1643.730,-15.441,37.374,0.317,11.167,80.789,81.266,1.000,0.000,0.0000
1643.740,-15.329,37.376,0.317,11.177,80.901,81.377,1.000,0.000,0.0000
1643.750,-15.217,37.377,0.317,11.182,81.013,81.487,1.000,0.000,0.0000
1643.760,-15.106,37.379,0.317,11.181,81.124,81.598,1.000,0.000,0.0000
1643.770,-14.994,37.380,0.317,11.169,81.236,81.709,1.000,0.000,0.0000
1643.780,-14.882,37.381,0.317,11.158,81.348,81.820,1.000,0.000,0.0000
1643.790,-14.771,37.383,0.317,11.148,81.459,81.930,1.000,0.000,0.0000
1643.800,-14.659,37.384,0.317,11.140,81.571,82.041,1.000,0.000,0.0000
1643.810,-14.548,37.386,0.317,11.141,81.682,82.151,1.000,0.000,0.0000
1643.820,-14.437,37.387,0.317,11.148,81.793,82.262,1.000,0.000,0.0000
1643.830,-14.325,37.388,0.317,11.159,81.905,82.372,1.000,0.000,0.0000
1643.840,-14.213,37.390,0.317,11.170,82.017,82.483,1.000,0.000,0.0000
1643.850,-14.102,37.391,0.317,11.179,82.128,82.594,1.000,0.000,0.0000
1643.860,-13.990,37.392,0.317,11.182,82.240,82.705,1.000,0.000,0.0000
1643.870,-13.878,37.393,0.317,11.179,82.352,82.816,1.000,0.000,0.0000
1643.880,-13.766,37.395,0.317,11.168,82.464,82.926,1.000,0.000,0.0000
