timestamp_sec,ego_x,ego_y,ego_z,ego_speed_mps,distance_to_intersection_m,distance_to_pedestrian_m,human_throttle,human_brake,human_steering_rad
833.140,-97.020,-52.451,0.317,0.000,0.790,10.744,0.000,0.000,0.0000
833.150,-97.020,-52.451,0.317,0.000,0.790,10.744,0.000,0.000,0.0000
833.160,-97.020,-52.451,0.317,0.000,0.790,10.744,0.000,0.000,0.0000
833.170,-97.020,-52.451,0.317,0.000,0.790,10.744,0.000,0.000,0.0000
833.180,-97.020,-52.451,0.317,0.000,0.790,10.744,0.000,0.000,0.0000
833.190,-97.020,-52.451,0.317,0.000,0.790,10.744,0.000,0.000,0.0000
833.200,-97.020,-52.451,0.317,0.000,0.790,10.744,0.000,0.000,0.0000
833.210,-97.020,-52.451,0.317,0.000,0.790,10.744,0.000,0.000,0.0000
833.220,-97.020,-52.451,0.317,0.000,0.790,10.744,0.000,0.000,0.0000
833.230,-97.020,-52.451,0.317,0.000,0.790,10.744,0.000,0.000,0.0000
833.240,-97.020,-52.451,0.317,0.000,0.790,10.744,0.000,0.000,0.0000
833.250,-97.020,-52.451,0.317,0.000,0.790,10.744,0.000,0.000,0.0000
833.260,-97.020,-52.451,0.317,0.000,0.790,10.744,0.000,0.000,0.0000
833.270,-97.020,-52.451,0.317,0.000,0.790,10.744,0.000,0.000,0.0000
833.280,-97.020,-52.451,0.317,0.000,0.790,10.744,0.000,0.000,0.0000
833.290,-97.020,-52.451,0.317,0.000,0.790,10.744,0.000,0.000,0.0000
833.300,-97.020,-52.451,0.317,0.000,0.790,10.744,0.000,0.000,0.0000
833.310,-97.020,-52.451,0.317,0.000,0.790,10.744,0.000,0.000,0.0000
833.320,-97.020,-52.451,0.317,0.000,0.790,10.744,0.000,0.000,0.0000
833.330,-97.020,-52.451,0.317,0.000,0.790,10.744,0.000,0.000,0.0000
833.340,-97.020,-52.451,0.317,0.000,0.790,10.744,0.000,0.000,0.0000
833.350,-97.020,-52.451,0.317,0.000,0.790,10.744,0.000,0.000,0.0000
833.360,-97.020,-52.451,0.317,0.000,0.790,10.744,0.000,0.000,0.0000
833.370,-97.020,-52.451,0.317,0.000,0.790,10.744,0.000,0.000,0.0000
833.380,-97.020,-52.451,0.317,0.000,0.790,10.744,0.000,0.000,0.0000
833.390,-97.020,-52.451,0.317,0.000,0.790,10.744,0.000,0.000,0.0000
833.400,-97.020,-52.451,0.317,0.000,0.790,10.744,0.000,0.000,0.0000
833.410,-97.020,-52.451,0.317,0.000,0.790,10.744,0.000,0.000,0.0000
833.420,-97.020,-52.451,0.317,0.000,0.790,10.744,0.000,0.000,0.0000
833.430,-97.020,-52.451,0.317,0.000,0.790,10.744,0.000,0.000,0.0000
833.440,-97.020,-52.451,0.317,0.000,0.790,10.744,0.000,0.000,0.0000
833.450,-97.020,-52.451,0.317,0.000,0.790,10.744,0.000,0.000,0.0000
833.460,-97.020,-52.451,0.317,0.000,0.790,10.744,0.000,0.000,0.0000
833.470,-97.020,-52.451,0.317,0.000,0.790,10.744,0.000,0.000,0.0000
833.480,-97.020,-52.451,0.317,0.000,0.790,10.744,0.000,0.000,0.0000
833.490,-97.020,-52.451,0.317,0.000,0.790,10.744,0.000,0.000,0.0000
833.500,-97.020,-52.451,0.317,0.000,0.790,10.744,0.000,0.000,0.0000
833.510,-97.020,-52.451,0.317,0.000,0.790,10.744,0.000,0.000,0.0000
833.520,-97.020,-52.451,0.317,0.000,0.790,10.744,0.000,0.000,0.0000
833.530,-97.020,-52.451,0.317,0.000,0.790,10.744,0.000,0.000,0.0000
833.540,-97.020,-52.451,0.317,0.000,0.790,10.744,0.000,0.000,0.0000
833.550,-97.020,-52.451,0.317,0.000,0.790,10.744,0.000,0.000,0.0000
833.560,-97.020,-52.451,0.317,0.000,0.790,10.744,0.000,0.000,0.0000
833.570,-97.020,-52.451,0.317,0.000,0.790,10.744,0.000,0.000,0.0000
833.580,-97.020,-52.451,0.317,0.000,0.790,10.744,0.000,0.000,0.0000
833.590,-97.020,-52.451,0.317,0.000,0.790,10.744,0.000,0.000,0.0000
833.600,-97.020,-52.451,0.317,0.000,0.790,10.744,0.000,0.000,0.0000
833.610,-97.020,-52.451,0.317,0.000,0.790,10.744,0.000,0.000,0.0000
833.620,-97.020,-52.451,0.317,0.000,0.790,10.744,0.000,0.000,0.0000
833.630,-97.020,-52.451,0.317,0.000,0.790,10.744,0.000,0.000,0.0000
833.640,-97.020,-52.451,0.317,0.000,0.790,10.744,0.000,0.000,0.0000
833.650,-97.020,-52.451,0.317,0.000,0.790,10.744,0.000,0.000,0.0000
833.660,-97.020,-52.451,0.317,0.000,0.790,10.744,0.000,0.000,0.0000
833.670,-97.020,-52.451,0.317,0.000,0.790,10.744,0.000,0.000,0.0000
833.680,-97.020,-52.451,0.317,0.000,0.790,10.744,0.000,0.000,0.0000
833.690,-97.020,-52.451,0.317,0.000,0.790,10.744,0.000,0.000,0.0000
833.700,-97.020,-52.451,0.317,0.000,0.790,10.744,0.000,0.000,0.0000
833.710,-97.020,-52.451,0.317,0.000,0.790,10.744,0.000,0.000,0.0000
833.720,-97.020,-52.451,0.317,0.000,0.790,10.744,0.000,0.000,0.0000
833.730,-97.020,-52.451,0.317,0.000,0.790,10.744,0.000,0.000,0.0000
833.740,-97.020,-52.451,0.317,0.000,0.790,10.744,0.000,0.000,0.0000
833.750,-97.020,-52.451,0.317,0.000,0.790,10.744,0.000,0.000,0.0000
833.760,-97.020,-52.451,0.317,0.000,0.790,10.744,0.000,0.000,0.0000
833.770,-97.020,-52.451,0.317,0.000,0.790,10.744,0.000,0.000,0.0000
833.780,-97.020,-52.451,0.317,0.000,0.790,10.744,0.000,0.000,0.0000
833.790,-97.020,-52.451,0.317,0.000,0.790,10.744,0.000,0.000,0.0000
833.800,-97.020,-52.451,0.317,0.000,0.790,10.744,0.000,0.000,0.0000
833.810,-97.020,-52.451,0.317,0.000,0.790,10.744,0.000,0.000,0.0000
833.820,-97.020,-52.451,0.317,0.000,0.790,10.744,0.000,0.000,0.0000
833.830,-97.020,-52.451,0.317,0.000,0.790,10.744,0.000,0.000,0.0000
833.840,-97.020,-52.451,0.317,0.000,0.790,10.744,0.000,0.000,0.0000
833.850,-97.020,-52.451,0.317,0.000,0.790,10.744,0.000,0.000,0.0000
833.860,-97.020,-52.451,0.317,0.000,0.790,10.744,0.000,0.000,0.0000
833.870,-97.020,-52.451,0.317,0.000,0.790,10.744,0.000,0.000,0.0000
833.880,-97.020,-52.451,0.317,0.000,0.790,10.744,0.000,0.000,0.0000
833.890,-97.020,-52.451,0.317,0.000,0.790,10.744,0.000,0.000,0.0000
833.900,-97.020,-52.451,0.317,0.000,0.790,10.744,0.000,0.000,0.0000
833.910,-97.020,-52.451,0.317,0.000,0.790,10.744,0.000,0.000,0.0000
833.920,-97.020,-52.451,0.317,0.000,0.790,10.744,0.000,0.000,0.0000
833.930,-97.020,-52.451,0.317,0.000,0.790,10.744,0.000,0.000,0.0000
833.940,-97.020,-52.451,0.317,0.000,0.790,10.744,0.000,0.000,0.0000
833.950,-97.020,-52.451,0.317,0.000,0.790,10.744,0.000,0.000,0.0000
833.960,-97.020,-52.451,0.317,0.000,0.790,10.744,0.000,0.000,0.0000
833.970,-97.020,-52.451,0.317,0.000,0.790,10.744,0.000,0.000,0.0000
833.980,-97.020,-52.451,0.317,0.000,0.790,10.744,0.000,0.000,0.0000
833.990,-97.020,-52.451,0.317,0.000,0.790,10.744,0.000,0.000,0.0000
834.000,-97.020,-52.451,0.317,0.000,0.790,10.744,0.000,0.000,0.0000
834.010,-97.020,-52.451,0.317,0.000,0.790,10.744,0.000,0.000,0.0000
834.020,-97.020,-52.451,0.317,0.000,0.790,10.744,0.000,0.000,0.0000
834.030,-97.020,-52.451,0.317,0.000,0.790,10.744,0.000,0.000,0.0000
834.040,-97.020,-52.451,0.317,0.000,0.790,10.744,0.000,0.000,0.0000
834.050,-97.020,-52.451,0.317,0.000,0.790,10.744,0.000,0.000,0.0000
834.060,-97.020,-52.451,0.317,0.000,0.790,10.744,0.000,0.000,0.0000
834.070,-97.020,-52.451,0.317,0.000,0.790,10.744,0.000,0.000,0.0000
834.080,-97.020,-52.451,0.317,0.000,0.790,10.744,0.000,0.000,0.0000
834.090,-97.020,-52.451,0.317,0.000,0.790,10.744,0.000,0.000,0.0000
834.100,-97.020,-52.451,0.317,0.000,0.790,10.744,0.000,0.000,0.0000
834.110,-97.020,-52.451,0.317,0.000,0.790,10.744,0.000,0.000,0.0000
834.120,-97.020,-52.451,0.317,0.000,0.790,10.744,0.000,0.000,0.0000
834.130,-97.020,-52.451,0.317,0.000,0.790,10.744,0.000,0.000,0.0000
834.140,-97.020,-52.451,0.317,0.000,0.790,10.744,0.000,0.000,0.0000
834.150,-97.020,-52.451,0.317,0.000,0.790,10.744,0.000,0.000,0.0000
834.160,-97.020,-52.451,0.317,0.000,0.790,10.744,0.000,0.000,0.0000
834.170,-97.020,-52.451,0.317,0.000,0.790,10.744,0.000,0.000,0.0000
834.180,-97.020,-52.451,0.317,0.000,0.790,10.744,0.000,0.000,0.0000
834.190,-97.020,-52.451,0.317,0.000,0.790,10.744,0.000,0.000,0.0000
834.200,-97.020,-52.451,0.317,0.000,0.790,10.744,0.000,0.000,0.0000
834.210,-97.020,-52.451,0.317,0.000,0.790,10.744,0.000,0.000,0.0000
834.220,-97.020,-52.451,0.317,0.000,0.790,10.744,0.000,0.000,0.0000
834.230,-97.020,-52.451,0.317,0.000,0.790,10.744,0.000,0.000,0.0000
834.240,-97.020,-52.451,0.317,0.000,0.790,10.744,0.000,0.000,0.0000
834.250,-97.020,-52.451,0.317,0.000,0.790,10.744,0.000,0.000,0.0000
834.260,-97.020,-52.451,0.317,0.000,0.790,10.744,0.000,0.000,0.0000
834.270,-97.020,-52.451,0.317,0.000,0.790,10.744,0.000,0.000,0.0000
834.280,-97.020,-52.451,0.317,0.000,0.790,10.744,0.000,0.000,0.0000
834.290,-97.020,-52.451,0.317,0.000,0.790,10.744,0.000,0.000,0.0000
834.300,-97.020,-52.451,0.317,0.000,0.790,10.744,0.000,0.000,0.0000
834.310,-97.020,-52.451,0.317,0.000,0.790,10.744,0.000,0.000,0.0000
834.320,-97.020,-52.451,0.317,0.000,0.790,10.744,0.000,0.000,0.0000
834.330,-97.020,-52.451,0.317,0.000,0.790,10.744,0.000,0.000,0.0000
834.340,-97.020,-52.451,0.317,0.000,0.790,10.744,0.000,0.000,0.0000
834.350,-97.020,-52.451,0.317,0.000,0.790,10.744,0.000,0.000,0.0000
834.360,-97.020,-52.451,0.317,0.000,0.790,10.744,0.000,0.000,0.0000
834.370,-97.020,-52.451,0.317,0.000,0.790,10.744,0.000,0.000,0.0000
834.380,-97.020,-52.451,0.317,0.000,0.790,10.744,0.000,0.000,0.0000
834.390,-97.020,-52.451,0.317,0.000,0.790,10.744,0.000,0.000,0.0000
834.400,-97.020,-52.451,0.317,0.000,0.790,10.744,0.000,0.000,0.0000
834.410,-97.020,-52.451,0.317,0.000,0.790,10.744,0.000,0.000,0.0000
834.420,-97.020,-52.451,0.317,0.000,0.790,10.744,0.000,0.000,0.0000
834.430,-97.020,-52.451,0.317,0.000,0.790,10.744,0.000,0.000,0.0000
834.440,-97.020,-52.451,0.317,0.000,0.790,10.744,0.000,0.000,0.0000
834.450,-97.020,-52.451,0.317,0.000,0.790,10.744,0.000,0.000,0.0000
834.460,-97.020,-52.451,0.317,0.000,0.790,10.744,0.000,0.000,0.0000
834.470,-97.020,-52.451,0.317,0.000,0.790,10.744,0.000,0.000,0.0000
834.480,-97.020,-52.451,0.317,0.000,0.790,10.744,0.000,0.000,0.0000
834.490,-97.020,-52.451,0.317,0.000,0.790,10.744,0.000,0.000,0.0000
834.500,-97.020,-52.451,0.317,0.000,0.790,10.744,0.000,0.000,0.0000
834.510,-97.020,-52.451,0.317,0.000,0.790,10.744,0.000,0.000,0.0000
834.520,-97.020,-52.451,0.317,0.000,0.790,10.744,0.000,0.000,0.0000
834.530,-97.020,-52.451,0.317,0.000,0.790,10.744,0.000,0.000,0.0000
834.540,-97.020,-52.451,0.317,0.000,0.790,10.744,0.000,0.000,0.0000
834.550,-97.020,-52.451,0.317,0.000,0.790,10.744,0.000,0.000,0.0000
834.560,-97.020,-52.451,0.317,0.000,0.790,10.744,0.000,0.000,0.0000
834.570,-97.020,-52.451,0.317,0.000,0.790,10.744,0.000,0.000,0.0000
834.580,-97.020,-52.451,0.317,0.000,0.790,10.744,0.000,0.000,0.0000
834.590,-97.020,-52.451,0.317,0.000,0.790,10.744,0.000,0.000,0.0000
834.600,-97.020,-52.451,0.317,0.000,0.790,10.744,0.000,0.000,0.0000
834.610,-97.020,-52.451,0.317,0.000,0.790,10.744,0.000,0.000,0.0000
834.620,-97.020,-52.451,0.317,0.000,0.790,10.744,0.000,0.000,0.0000
834.630,-97.020,-52.451,0.317,0.000,0.790,10.744,0.040,0.000,0.0000
834.640,-97.020,-52.451,0.317,0.004,0.790,10.744,0.080,0.000,0.0000
834.650,-97.020,-52.451,0.317,0.010,0.790,10.744,0.120,0.000,0.0000
834.660,-97.020,-52.450,0.317,0.018,0.790,10.744,0.160,0.000,0.0000
834.670,-97.020,-52.449,0.316,0.027,0.790,10.744,0.200,0.000,0.0000
834.680,-97.020,-52.447,0.316,0.035,0.790,10.745,0.240,0.000,0.0000
834.690,-97.020,-52.446,0.316,0.041,0.790,10.745,0.280,0.000,0.0000
834.700,-97.020,-52.443,0.315,0.047,0.790,10.745,0.320,0.000,0.0000
834.710,-97.020,-52.440,0.315,0.051,0.790,10.746,0.360,0.000,0.0000
834.720,-97.020,-52.437,0.314,0.054,0.790,10.746,0.400,0.000,0.0000
834.730,-97.020,-52.434,0.314,0.056,0.790,10.747,0.440,0.000,0.0000
834.740,-97.020,-52.430,0.313,0.056,0.790,10.748,0.480,0.000,0.0000
834.750,-97.020,-52.425,0.312,0.056,0.790,10.748,0.520,0.000,0.0000
834.760,-97.020,-52.421,0.312,0.055,0.790,10.749,0.560,0.000,0.0000
834.770,-97.020,-52.415,0.311,0.054,0.790,10.749,0.600,0.000,0.0000
834.780,-97.020,-52.410,0.311,0.051,0.790,10.750,0.640,0.000,0.0000
834.790,-97.020,-52.404,0.310,0.048,0.790,10.750,0.680,0.000,0.0000
834.800,-97.020,-52.397,0.310,0.045,0.790,10.751,0.720,0.000,0.0000
834.810,-97.020,-52.391,0.309,0.041,0.790,10.751,0.760,0.000,0.0000
834.820,-97.020,-52.384,0.309,0.037,0.790,10.751,0.800,0.000,0.0000
834.830,-97.020,-52.376,0.309,0.033,0.790,10.752,0.840,0.000,0.0000
834.840,-97.020,-52.368,0.308,0.028,0.790,10.752,0.880,0.000,0.0000
834.850,-97.020,-52.360,0.308,0.024,0.790,10.752,0.920,0.000,0.0000
834.860,-97.020,-52.351,0.308,0.019,0.790,10.752,0.960,0.000,0.0000
834.870,-97.020,-52.341,0.308,0.014,0.790,10.753,1.000,0.000,0.0000
834.880,-97.020,-52.332,0.308,0.010,0.790,10.753,1.000,0.000,0.0000
834.890,-97.020,-52.322,0.308,0.006,0.790,10.753,1.000,0.000,0.0000
834.900,-97.020,-52.311,0.308,0.002,0.790,10.753,1.000,0.000,0.0000
834.910,-97.020,-52.301,0.308,0.003,0.790,10.753,1.000,0.000,0.0000
834.920,-97.020,-52.289,0.308,0.006,0.790,10.753,1.000,0.000,0.0000
834.930,-97.020,-52.278,0.308,0.009,0.790,10.753,1.000,0.000,0.0000
834.940,-97.020,-52.266,0.308,0.012,0.790,10.752,1.000,0.000,0.0000
834.950,-97.020,-52.253,0.308,0.014,0.790,10.752,1.000,0.000,0.0000
834.960,-97.020,-52.240,0.308,0.016,0.790,10.752,1.000,0.000,0.0000
834.970,-97.020,-52.227,0.308,0.018,0.790,10.752,1.000,0.000,0.0000
834.980,-97.020,-52.213,0.309,0.019,0.790,10.752,1.000,0.000,0.0000
834.990,-97.020,-52.199,0.309,0.020,0.790,10.752,1.000,0.000,0.0000
835.000,-97.020,-52.185,0.309,0.021,0.790,10.751,1.000,0.000,0.0000
835.010,-97.020,-52.170,0.309,0.021,0.790,10.751,1.000,0.000,0.0000
835.020,-97.020,-52.155,0.310,0.021,0.790,10.751,1.000,0.000,0.0000
835.030,-97.020,-52.139,0.310,0.020,0.790,10.751,1.000,0.000,0.0000
835.040,-97.020,-52.123,0.310,0.020,0.790,10.751,1.000,0.000,0.0000
835.050,-97.020,-52.107,0.310,0.019,0.790,10.750,1.000,0.000,0.0000
835.060,-97.020,-52.090,0.310,0.018,0.790,10.750,1.000,0.000,0.0000
835.070,-97.020,-52.073,0.310,0.016,0.790,10.750,1.000,0.000,0.0000
835.080,-97.020,-52.055,0.311,0.015,0.790,10.750,1.000,0.000,0.0000
835.090,-97.020,-52.037,0.311,0.013,0.790,10.750,1.000,0.000,0.0000
835.100,-97.020,-52.019,0.311,0.012,0.790,10.750,1.000,0.000,0.0000
835.110,-97.020,-52.000,0.311,0.010,0.790,10.750,1.000,0.000,0.0000
835.120,-97.020,-51.981,0.311,0.008,0.790,10.749,1.000,0.000,0.0000
835.130,-97.020,-51.961,0.311,0.006,0.790,10.749,1.000,0.000,0.0000
835.140,-97.020,-51.941,0.311,0.005,0.790,10.749,1.000,0.000,0.0000
835.150,-97.020,-51.921,0.311,0.003,0.790,10.749,1.000,0.000,0.0000
835.160,-97.020,-51.900,0.311,0.002,0.790,10.749,1.000,0.000,0.0000
835.170,-97.020,-51.879,0.311,0.002,0.790,10.749,1.000,0.000,0.0000
835.180,-97.020,-51.857,0.311,0.002,0.790,10.749,1.000,0.000,0.0000
835.190,-97.020,-51.835,0.311,0.003,0.790,10.749,1.000,0.000,0.0000
835.200,-97.019,-51.813,0.311,0.004,0.790,10.749,1.000,0.000,0.0000
835.210,-97.019,-51.790,0.311,0.005,0.790,10.749,1.000,0.000,0.0000
835.220,-97.019,-51.767,0.311,0.006,0.790,10.749,1.000,0.000,0.0000
835.230,-97.019,-51.744,0.311,0.007,0.790,10.750,1.000,0.000,0.0000
835.240,-97.019,-51.720,0.311,0.007,0.790,10.750,1.000,0.000,0.0000
835.250,-97.019,-51.695,0.311,0.008,0.790,10.750,1.000,0.000,0.0000
835.260,-97.019,-51.671,0.311,0.008,0.790,10.750,1.000,0.000,0.0000
835.270,-97.019,-51.646,0.311,0.008,0.790,10.750,1.000,0.000,0.0000
835.280,-97.019,-51.620,0.311,0.008,0.790,10.750,1.000,0.000,0.0000
835.290,-97.019,-51.594,0.310,0.008,0.790,10.750,1.000,0.000,0.0000
835.300,-97.019,-51.568,0.310,0.008,0.790,10.750,1.000,0.000,0.0000
835.310,-97.019,-51.541,0.310,0.007,0.790,10.750,1.000,0.000,0.0000
835.320,-97.019,-51.514,0.310,0.007,0.790,10.750,1.000,0.000,0.0000
835.330,-97.019,-51.487,0.310,0.007,0.789,10.750,1.000,0.000,0.0000
835.340,-97.019,-51.459,0.310,0.006,0.789,10.750,1.000,0.000,0.0000
835.350,-97.019,-51.430,0.310,0.006,0.789,10.750,1.000,0.000,0.0000
835.360,-97.019,-51.402,0.310,0.005,0.789,10.750,1.000,0.000,0.0000
835.370,-97.019,-51.373,0.310,0.004,0.789,10.750,1.000,0.000,0.0000
835.380,-97.019,-51.343,0.310,0.004,0.789,10.750,1.000,0.000,0.0000
835.390,-97.019,-51.313,0.310,0.003,0.789,10.750,1.000,0.000,0.0000
835.400,-97.019,-51.283,0.310,0.003,0.789,10.751,1.000,0.000,0.0000
835.410,-97.019,-51.252,0.310,0.003,0.789,10.751,1.000,0.000,0.0000
835.420,-97.019,-51.221,0.310,0.003,0.789,10.751,1.000,0.000,0.0000
835.430,-97.019,-51.190,0.310,0.003,0.789,10.751,1.000,0.000,0.0000
835.440,-97.019,-51.158,0.310,0.003,0.789,10.751,1.000,0.000,0.0000
835.450,-97.019,-51.126,0.310,0.003,0.789,10.750,1.000,0.000,0.0000
835.460,-97.019,-51.093,0.310,0.003,0.789,10.750,1.000,0.000,0.0000
835.470,-97.019,-51.060,0.310,0.003,0.789,10.750,1.000,0.000,0.0000
835.480,-97.019,-51.027,0.310,0.003,0.789,10.750,1.000,0.000,0.0000
835.490,-97.019,-50.993,0.310,0.004,0.789,10.750,1.000,0.000,0.0000
835.500,-97.019,-50.958,0.310,0.004,0.789,10.750,1.000,0.000,0.0000
835.510,-97.019,-50.924,0.310,0.004,0.789,10.750,1.000,0.000,0.0000
835.520,-97.019,-50.889,0.310,0.004,0.789,10.750,1.000,0.000,0.0000
835.530,-97.019,-50.853,0.310,0.004,0.789,10.750,1.000,0.000,0.0000
835.540,-97.019,-50.817,0.310,0.004,0.789,10.750,1.000,0.000,0.0000
835.550,-97.019,-50.781,0.310,0.004,0.789,10.750,1.000,0.000,0.0000
835.560,-97.019,-50.745,0.310,0.004,0.789,10.750,1.000,0.000,0.0000
835.570,-97.019,-50.708,0.310,0.004,0.789,10.750,1.000,0.000,0.0000
835.580,-97.019,-50.670,0.310,0.004,0.789,10.750,1.000,0.000,0.0000
835.590,-97.019,-50.632,0.310,0.004,0.789,10.750,1.000,0.000,0.0000
835.600,-97.019,-50.594,0.310,0.004,0.789,10.750,1.000,0.000,0.0000
835.610,-97.018,-50.556,0.310,0.004,0.789,10.750,1.000,0.000,0.0000
835.620,-97.018,-50.516,0.310,0.004,0.789,10.750,1.000,0.000,0.0000
835.630,-97.018,-50.477,0.310,0.003,0.789,10.750,1.000,0.000,0.0000
835.640,-97.018,-50.437,0.310,0.003,0.789,10.750,1.000,0.000,0.0000
835.650,-97.018,-50.397,0.310,0.003,0.789,10.750,1.000,0.000,0.0000
835.660,-97.018,-50.356,0.310,0.003,0.789,10.750,1.000,0.000,0.0000
835.670,-97.018,-50.315,0.310,0.003,0.789,10.750,1.000,0.000,0.0000
835.680,-97.018,-50.274,0.310,0.003,0.789,10.750,1.000,0.000,0.0000
835.690,-97.018,-50.232,0.310,0.003,0.788,10.750,1.000,0.000,0.0000
835.700,-97.018,-50.190,0.310,0.003,0.788,10.750,1.000,0.000,0.0000
835.710,-97.018,-50.148,0.310,0.003,0.788,10.750,1.000,0.000,0.0000
835.720,-97.018,-50.105,0.310,0.003,0.788,10.750,1.000,0.000,0.0000
835.730,-97.018,-50.061,0.310,0.004,0.788,10.750,1.000,0.000,0.0000
835.740,-97.018,-50.017,0.310,0.004,0.788,10.750,1.000,0.000,0.0000
835.750,-97.018,-49.973,0.310,0.004,0.788,10.750,1.000,0.000,0.0000
835.760,-97.018,-49.929,0.310,0.004,0.788,10.750,1.000,0.000,0.0000
835.770,-97.018,-49.884,0.310,0.004,0.788,10.750,1.000,0.000,0.0000
835.780,-97.018,-49.838,0.310,0.004,0.788,10.750,1.000,0.000,0.0000
835.790,-97.018,-49.793,0.310,0.004,0.788,10.750,1.000,0.000,0.0000
835.800,-97.018,-49.747,0.310,0.004,0.788,10.750,1.000,0.000,0.0000
835.810,-97.018,-49.700,0.310,0.004,0.788,10.750,1.000,0.000,0.0000
835.820,-97.018,-49.653,0.310,0.004,0.788,10.750,1.000,0.000,0.0000
835.830,-97.018,-49.606,0.310,0.004,0.788,10.750,1.000,0.000,0.0000
835.840,-97.018,-49.558,0.310,0.004,0.788,10.750,1.000,0.000,0.0000
835.850,-97.018,-49.510,0.310,0.004,0.788,10.750,1.000,0.000,0.0000
835.860,-97.018,-49.461,0.310,0.004,0.788,10.750,1.000,0.000,0.0000
835.870,-97.018,-49.412,0.310,0.004,0.788,10.750,1.000,0.000,0.0000
835.880,-97.018,-49.363,0.310,0.004,0.788,10.750,1.000,0.000,0.0000
835.890,-97.017,-49.313,0.310,0.004,0.788,10.750,1.000,0.000,0.0000
835.900,-97.017,-49.263,0.310,0.004,0.788,10.750,1.000,0.000,0.0000
835.910,-97.017,-49.213,0.310,0.004,0.788,10.750,1.000,0.000,0.0000
835.920,-97.017,-49.162,0.310,0.004,0.788,10.750,1.000,0.000,0.0000
835.930,-97.017,-49.110,0.310,0.004,0.788,10.750,1.000,0.000,0.0000
835.940,-97.017,-49.059,0.310,0.004,0.788,10.750,1.000,0.000,0.0000
835.950,-97.017,-49.007,0.310,0.004,0.788,10.750,1.000,0.000,0.0000
835.960,-97.017,-48.954,0.310,0.004,0.787,10.750,1.000,0.000,0.0000
835.970,-97.017,-48.901,0.310,0.004,0.787,10.750,1.000,0.000,0.0000
835.980,-97.017,-48.848,0.310,0.004,0.787,10.750,1.000,0.000,0.0000
835.990,-97.017,-48.794,0.310,0.004,0.787,10.750,1.000,0.000,0.0000
836.000,-97.017,-48.740,0.310,0.004,0.787,10.750,1.000,0.000,0.0000
836.010,-97.017,-48.686,0.310,0.004,0.787,10.750,1.000,0.000,0.0000
836.020,-97.017,-48.631,0.310,0.004,0.787,10.750,1.000,0.000,0.0000
836.030,-97.017,-48.576,0.310,0.004,0.787,10.750,1.000,0.000,0.0000
836.040,-97.017,-48.520,0.310,0.004,0.787,10.750,1.000,0.000,0.0000
836.050,-97.017,-48.464,0.310,0.004,0.787,10.750,1.000,0.000,0.0000
836.060,-97.017,-48.407,0.310,0.005,0.787,10.750,1.000,0.000,0.0000
836.070,-97.017,-48.350,0.310,0.005,0.787,10.750,1.000,0.000,0.0000
836.080,-97.017,-48.293,0.310,0.005,0.787,10.750,1.000,0.000,0.0000
836.090,-97.017,-48.236,0.310,0.005,0.787,10.750,1.000,0.000,0.0000
836.100,-97.017,-48.178,0.310,0.005,0.787,10.750,1.000,0.000,0.0000
836.110,-97.017,-48.119,0.310,0.005,0.787,10.750,1.000,0.000,0.0000
836.120,-97.016,-48.060,0.310,0.005,0.787,10.750,1.000,0.000,0.0000
836.130,-97.016,-48.001,0.310,0.005,0.787,10.750,1.000,0.000,0.0000
836.140,-97.016,-47.941,0.310,0.005,0.787,10.750,1.000,0.000,0.0000
836.150,-97.016,-47.881,0.310,0.005,0.787,10.750,1.000,0.000,0.0000
836.160,-97.016,-47.821,0.310,0.005,0.787,10.750,1.000,0.000,0.0000
836.170,-97.016,-47.760,0.310,0.005,0.787,10.750,1.000,0.000,0.0000
836.180,-97.016,-47.699,0.310,0.005,0.786,10.750,1.000,0.000,0.0000
836.190,-97.016,-47.637,0.310,0.005,0.786,10.750,1.000,0.000,0.0000
836.200,-97.016,-47.575,0.310,0.005,0.786,10.750,1.000,0.000,0.0000
836.210,-97.016,-47.513,0.310,0.005,0.786,10.750,1.000,0.000,0.0000
836.220,-97.016,-47.450,0.310,0.005,0.786,10.750,1.000,0.000,0.0000
836.230,-97.016,-47.387,0.310,0.005,0.786,10.750,1.000,0.000,0.0000
836.240,-97.016,-47.323,0.310,0.005,0.786,10.750,1.000,0.000,0.0000
836.250,-97.016,-47.259,0.310,0.005,0.786,10.750,1.000,0.000,0.0000
836.260,-97.016,-47.195,0.310,0.005,0.786,10.750,1.000,0.000,0.0000
836.270,-97.016,-47.130,0.310,0.005,0.786,10.750,1.000,0.000,0.0000
836.280,-97.016,-47.065,0.310,0.005,0.786,10.750,1.000,0.000,0.0000
836.290,-97.016,-46.999,0.310,0.005,0.786,10.750,1.000,0.000,0.0000
836.300,-97.016,-46.933,0.310,0.005,0.786,10.750,1.000,0.000,0.0000
836.310,-97.016,-46.867,0.310,0.005,0.786,10.750,1.000,0.000,0.0000
836.320,-97.015,-46.800,0.310,0.005,0.786,10.750,1.000,0.000,0.0000
836.330,-97.015,-46.733,0.310,0.005,0.786,10.750,1.000,0.000,0.0000
836.340,-97.015,-46.665,0.310,0.005,0.786,10.750,1.000,0.000,0.0000
836.350,-97.015,-46.597,0.310,0.005,0.786,10.750,1.000,0.000,0.0000
836.360,-97.015,-46.529,0.310,0.005,0.786,10.750,1.000,0.000,0.0000
836.370,-97.015,-46.460,0.310,0.005,0.785,10.750,1.000,0.000,0.0000
836.380,-97.015,-46.391,0.310,0.006,0.785,10.750,1.000,0.000,0.0000
836.390,-97.015,-46.321,0.310,0.006,0.785,10.750,1.000,0.000,0.0000
836.400,-97.015,-46.251,0.310,0.006,0.785,10.750,1.000,0.000,0.0000
836.410,-97.015,-46.181,0.310,0.006,0.785,10.750,1.000,0.000,0.0000
836.420,-97.015,-46.110,0.310,0.006,0.785,10.750,1.000,0.000,0.0000
836.430,-97.015,-46.039,0.310,0.006,0.785,10.750,1.000,0.000,0.0000
836.440,-97.015,-45.968,0.310,0.006,0.785,10.750,1.000,0.000,0.0000
836.450,-97.015,-45.896,0.310,0.006,0.785,10.750,1.000,0.000,0.0000
836.460,-97.015,-45.823,0.310,0.006,0.785,10.750,1.000,0.000,0.0000
836.470,-97.015,-45.751,0.310,0.006,0.785,10.750,1.000,0.000,0.0000
836.480,-97.015,-45.678,0.310,0.006,0.785,10.750,1.000,0.000,0.0000
836.490,-97.015,-45.604,0.310,0.006,0.785,10.750,1.000,0.000,0.0000
836.500,-97.014,-45.530,0.310,0.006,0.785,10.750,1.000,0.000,0.0000
836.510,-97.014,-45.456,0.310,0.006,0.785,10.750,1.000,0.000,0.0000
836.520,-97.014,-45.381,0.310,0.006,0.785,10.750,1.000,0.000,0.0000
836.530,-97.014,-45.306,0.310,0.006,0.785,10.750,1.000,0.000,0.0000
836.540,-97.014,-45.230,0.310,0.006,0.785,10.750,1.000,0.000,0.0000
836.550,-97.014,-45.154,0.310,0.006,0.784,10.750,1.000,0.000,0.0000
836.560,-97.014,-45.078,0.310,0.006,0.784,10.750,1.000,0.000,0.0000
836.570,-97.014,-45.001,0.310,0.006,0.784,10.750,1.000,0.000,0.0000
836.580,-97.014,-44.924,0.310,0.006,0.784,10.750,1.000,0.000,0.0000
836.590,-97.014,-44.847,0.310,0.006,0.784,10.750,1.000,0.000,0.0000
836.600,-97.014,-44.769,0.310,0.006,0.784,10.750,1.000,0.000,0.0000
836.610,-97.014,-44.691,0.310,0.006,0.784,10.750,1.000,0.000,0.0000
836.620,-97.014,-44.612,0.310,0.006,0.784,10.750,1.000,0.000,0.0000
836.630,-97.014,-44.533,0.310,0.006,0.784,10.750,1.000,0.000,0.0000
836.640,-97.014,-44.453,0.310,0.006,0.784,10.750,1.000,0.000,0.0000
836.650,-97.014,-44.374,0.310,0.006,0.784,10.750,1.000,0.000,0.0000
836.660,-97.013,-44.293,0.310,0.006,0.784,10.750,1.000,0.000,0.0000
836.670,-97.013,-44.213,0.310,0.006,0.784,10.750,1.000,0.000,0.0000
836.680,-97.013,-44.132,0.310,0.006,0.784,10.750,1.000,0.000,0.0000
836.690,-97.013,-44.050,0.310,0.006,0.784,10.750,1.000,0.000,0.0000
836.700,-97.013,-43.968,0.310,0.007,0.783,10.750,1.000,0.000,0.0000
836.710,-97.013,-43.886,0.310,0.007,0.783,10.750,1.000,0.000,0.0000
836.720,-97.013,-43.803,0.310,0.007,0.783,10.750,1.000,0.000,0.0000
836.730,-97.013,-43.720,0.310,0.007,0.783,10.750,1.000,0.000,0.0000
836.740,-97.013,-43.637,0.310,0.007,0.783,10.750,1.000,0.000,0.0000
836.750,-97.013,-43.553,0.310,0.007,0.783,10.750,1.000,0.000,0.0000
836.760,-97.013,-43.469,0.310,0.007,0.783,10.750,1.000,0.000,0.0000
836.770,-97.013,-43.384,0.310,0.007,0.783,10.750,1.000,0.000,0.0000
836.780,-97.013,-43.299,0.310,0.007,0.783,10.750,1.000,0.000,0.0000
836.790,-97.013,-43.214,0.310,0.007,0.783,10.750,1.000,0.000,0.0000
836.800,-97.013,-43.128,0.310,0.007,0.783,10.750,1.000,0.000,0.0000
836.810,-97.012,-43.042,0.310,0.007,0.783,10.750,1.000,0.000,0.0000
836.820,-97.012,-42.955,0.310,0.007,0.783,10.750,1.000,0.000,0.0000
836.830,-97.012,-42.868,0.310,0.007,0.783,10.750,1.000,0.000,0.0000
836.840,-97.012,-42.781,0.310,0.007,0.783,10.750,1.000,0.000,0.0000
836.850,-97.012,-42.693,0.310,0.007,0.782,10.750,1.000,0.000,0.0000
836.860,-97.012,-42.605,0.310,0.007,0.782,10.750,1.000,0.000,0.0000
836.870,-97.012,-42.516,0.310,0.007,0.782,10.750,1.000,0.000,0.0000
836.880,-97.012,-42.427,0.310,0.007,0.782,10.750,1.000,0.000,0.0000
836.890,-97.012,-42.338,0.310,0.007,0.782,10.750,1.000,0.000,0.0000
836.900,-97.012,-42.248,0.310,0.007,0.782,10.750,1.000,0.000,0.0000
836.910,-97.012,-42.158,0.310,0.007,0.782,10.749,1.000,0.000,0.0000
836.920,-97.012,-42.067,0.310,0.007,0.782,10.749,1.000,0.000,0.0000
836.930,-97.012,-41.976,0.310,0.007,0.782,10.749,1.000,0.000,0.0000
836.940,-97.012,-41.885,0.310,0.007,0.782,10.749,1.000,0.000,0.0000
836.950,-97.011,-41.793,0.310,0.007,0.782,10.749,1.000,0.000,0.0000
836.960,-97.011,-41.701,0.310,0.007,0.782,10.749,1.000,0.000,0.0000
836.970,-97.011,-41.608,0.310,0.007,0.782,10.749,1.000,0.000,0.0000
836.980,-97.011,-41.515,0.310,0.007,0.782,10.749,1.000,0.000,0.0000
836.990,-97.011,-41.422,0.310,0.007,0.781,10.749,1.000,0.000,0.0000
837.000,-97.011,-41.328,0.310,0.007,0.781,10.749,1.000,0.000,0.0000
837.010,-97.011,-41.234,0.310,0.008,0.781,10.749,1.000,0.000,0.0000
837.020,-97.011,-41.139,0.310,0.008,0.781,10.749,1.000,0.000,0.0000
837.030,-97.011,-41.044,0.310,0.008,0.781,10.749,1.000,0.000,0.0000
837.040,-97.011,-40.949,0.310,0.008,0.781,10.749,1.000,0.000,0.0000
837.050,-97.011,-40.853,0.310,0.008,0.781,10.749,1.000,0.000,0.0000
837.060,-97.011,-40.757,0.310,0.008,0.781,10.749,1.000,0.000,0.0000
837.070,-97.011,-40.660,0.310,0.008,0.781,10.749,1.000,0.000,0.0000
837.080,-97.011,-40.564,0.310,0.008,0.781,10.749,1.000,0.000,0.0000
837.090,-97.010,-40.466,0.310,0.008,0.781,10.749,1.000,0.000,0.0000
837.100,-97.010,-40.368,0.310,0.008,0.781,10.749,1.000,0.000,0.0000
837.110,-97.010,-40.270,0.310,0.008,0.781,10.749,1.000,0.000,0.0000
837.120,-97.010,-40.172,0.310,0.008,0.780,10.749,1.000,0.000,0.0000
837.130,-97.010,-40.073,0.310,0.008,0.780,10.749,1.000,0.000,0.0000
837.140,-97.010,-39.974,0.310,0.008,0.780,10.749,1.000,0.000,0.0000
837.150,-97.010,-39.874,0.310,0.008,0.780,10.749,1.000,0.000,0.0000
837.160,-97.010,-39.774,0.310,0.008,0.780,10.749,1.000,0.000,0.0000
837.170,-97.010,-39.673,0.310,0.008,0.780,10.749,1.000,0.000,0.0000
837.180,-97.010,-39.572,0.310,0.008,0.780,10.749,1.000,0.000,0.0000
837.190,-97.010,-39.471,0.310,0.008,0.780,10.749,1.000,0.000,0.0000
837.200,-97.010,-39.369,0.310,0.008,0.780,10.749,1.000,0.000,0.0000
837.210,-97.009,-39.267,0.310,0.008,0.780,10.749,1.000,0.000,0.0000
837.220,-97.009,-39.165,0.310,0.008,0.780,10.749,1.000,0.000,0.0000
837.230,-97.009,-39.062,0.310,0.008,0.780,10.749,1.000,0.000,0.0000
837.240,-97.009,-38.959,0.310,0.008,0.780,10.749,1.000,0.000,0.0000
837.250,-97.009,-38.855,0.310,0.008,0.779,10.749,1.000,0.000,0.0000
837.260,-97.009,-38.751,0.310,0.008,0.779,10.749,1.000,0.000,0.0000
837.270,-97.009,-38.646,0.310,0.008,0.779,10.749,1.000,0.000,0.0000
837.280,-97.009,-38.541,0.310,0.008,0.779,10.749,1.000,0.000,0.0000
837.290,-97.009,-38.436,0.310,0.008,0.779,10.749,1.000,0.000,0.0000
837.300,-97.009,-38.331,0.310,0.008,0.779,10.749,1.000,0.000,0.0000
837.310,-97.009,-38.224,0.310,0.008,0.779,10.749,1.000,0.000,0.0000
837.320,-97.009,-38.118,0.310,0.008,0.779,10.749,1.000,0.000,0.0000
837.330,-97.008,-38.011,0.310,0.009,0.779,10.749,1.000,0.000,0.0000
837.340,-97.008,-37.904,0.310,0.009,0.779,10.749,1.000,0.000,0.0000
837.350,-97.008,-37.796,0.310,0.009,0.779,10.749,1.000,0.000,0.0000
837.360,-97.008,-37.688,0.310,0.009,0.778,10.749,1.000,0.000,0.0000
837.370,-97.008,-37.580,0.310,0.009,0.778,10.749,1.000,0.000,0.0000
837.380,-97.008,-37.471,0.310,0.009,0.778,10.749,1.000,0.000,0.0000
837.390,-97.008,-37.362,0.310,0.009,0.778,10.749,1.000,0.000,0.0000
837.400,-97.008,-37.252,0.310,0.009,0.778,10.749,1.000,0.000,0.0000
837.410,-97.008,-37.142,0.310,0.009,0.778,10.749,1.000,0.000,0.0000
837.420,-97.008,-37.032,0.310,0.009,0.778,10.749,1.000,0.000,0.0000
837.430,-97.008,-36.921,0.310,0.009,0.778,10.749,1.000,0.000,0.0000
837.440,-97.008,-36.810,0.310,0.010,0.778,10.749,1.000,0.000,0.0000
837.450,-97.007,-36.698,0.310,0.014,0.778,10.749,1.000,0.000,0.0000
837.460,-97.007,-36.587,0.311,0.020,0.778,10.749,1.000,0.000,0.0000
837.470,-97.007,-36.476,0.311,0.028,0.778,10.748,1.000,0.000,0.0000
837.480,-97.007,-36.365,0.311,0.035,0.777,10.748,1.000,0.000,0.0000
837.490,-97.007,-36.253,0.312,0.042,0.777,10.748,1.000,0.000,0.0000
837.500,-97.007,-36.142,0.312,0.047,0.777,10.747,1.000,0.000,0.0000
837.510,-97.007,-36.031,0.313,0.051,0.777,10.747,1.000,0.000,0.0000
837.520,-97.007,-35.920,0.313,0.054,0.777,10.746,1.000,0.000,0.0000
837.530,-97.007,-35.809,0.314,0.056,0.777,10.746,1.000,0.000,0.0000
837.540,-97.007,-35.697,0.314,0.056,0.777,10.745,1.000,0.000,0.0000
837.550,-97.007,-35.586,0.315,0.056,0.777,10.745,1.000,0.000,0.0000
837.560,-97.006,-35.475,0.315,0.056,0.777,10.744,1.000,0.000,0.0000
837.570,-97.006,-35.364,0.316,0.054,0.777,10.743,1.000,0.000,0.0000
837.580,-97.006,-35.252,0.316,0.052,0.777,10.743,1.000,0.000,0.0000
837.590,-97.006,-35.141,0.317,0.049,0.777,10.742,1.000,0.000,0.0000
837.600,-97.006,-35.030,0.317,0.046,0.777,10.742,1.000,0.000,0.0000
837.610,-97.006,-34.919,0.318,0.042,0.777,10.742,1.000,0.000,0.0000
837.620,-97.006,-34.808,0.318,0.038,0.776,10.741,1.000,0.000,0.0000
837.630,-97.006,-34.696,0.318,0.034,0.776,10.741,1.000,0.000,0.0000
837.640,-97.006,-34.585,0.319,0.030,0.776,10.741,1.000,0.000,0.0000
837.650,-97.006,-34.474,0.319,0.026,0.776,10.740,1.000,0.000,0.0000
837.660,-97.006,-34.363,0.319,0.022,0.776,10.740,1.000,0.000,0.0000
837.670,-97.005,-34.252,0.319,0.017,0.776,10.740,1.000,0.000,0.0000
837.680,-97.005,-34.141,0.319,0.014,0.776,10.740,1.000,0.000,0.0000
837.690,-97.005,-34.030,0.319,0.011,0.776,10.740,1.000,0.000,0.0000
837.700,-97.005,-33.919,0.319,0.009,0.776,10.740,1.000,0.000,0.0000
837.710,-97.005,-33.807,0.319,0.009,0.776,10.740,1.000,0.000,0.0000
837.720,-97.005,-33.696,0.319,0.010,0.776,10.740,1.000,0.000,0.0000
837.730,-97.005,-33.585,0.319,0.012,0.776,10.740,1.000,0.000,0.0000
837.740,-97.005,-33.474,0.319,0.014,0.775,10.740,1.000,0.000,0.0000
837.750,-97.005,-33.363,0.319,0.016,0.775,10.740,1.000,0.000,0.0000
837.760,-97.005,-33.252,0.319,0.018,0.775,10.740,1.000,0.000,0.0000
837.770,-97.005,-33.141,0.319,0.020,0.775,10.740,1.000,0.000,0.0000
837.780,-97.005,-33.030,0.319,0.021,0.775,10.741,1.000,0.000,0.0000
837.790,-97.004,-32.919,0.318,0.022,0.775,10.741,1.000,0.000,0.0000
837.800,-97.004,-32.808,0.318,0.022,0.775,10.741,1.000,0.000,0.0000
837.810,-97.004,-32.697,0.318,0.023,0.775,10.741,1.000,0.000,0.0000
837.820,-97.004,-32.586,0.318,0.022,0.775,10.741,1.000,0.000,0.0000
837.830,-97.004,-32.475,0.317,0.022,0.775,10.742,1.000,0.000,0.0000
837.840,-97.004,-32.364,0.317,0.022,0.774,10.742,1.000,0.000,0.0000
837.850,-97.004,-32.253,0.317,0.021,0.774,10.742,1.000,0.000,0.0000
837.860,-97.004,-32.142,0.317,0.020,0.774,10.742,1.000,0.000,0.0000
837.870,-97.004,-32.030,0.317,0.019,0.774,10.742,1.000,0.000,0.0000
837.880,-97.004,-31.919,0.317,0.017,0.774,10.742,1.000,0.000,0.0000
837.890,-97.004,-31.808,0.316,0.016,0.774,10.742,1.000,0.000,0.0000
837.900,-97.003,-31.697,0.316,0.015,0.774,10.743,1.000,0.000,0.0000
837.910,-97.003,-31.586,0.316,0.014,0.774,10.743,1.000,0.000,0.0000
837.920,-97.003,-31.475,0.316,0.012,0.774,10.743,1.000,0.000,0.0000
837.930,-97.003,-31.364,0.316,0.011,0.774,10.743,1.000,0.000,0.0000
837.940,-97.003,-31.253,0.316,0.010,0.774,10.743,1.000,0.000,0.0000
837.950,-97.003,-31.142,0.316,0.009,0.773,10.743,1.000,0.000,0.0000
837.960,-97.003,-31.031,0.316,0.009,0.773,10.743,1.000,0.000,0.0000
837.970,-97.003,-30.920,0.316,0.009,0.773,10.743,1.000,0.000,0.0000
837.980,-97.003,-30.809,0.316,0.009,0.773,10.743,1.000,0.000,0.0000
837.990,-97.003,-30.697,0.316,0.009,0.773,10.743,1.000,0.000,0.0000
838.000,-97.003,-30.586,0.316,0.010,0.773,10.743,1.000,0.000,0.0000
838.010,-97.002,-30.475,0.316,0.010,0.773,10.743,1.000,0.000,0.0000
838.020,-97.002,-30.364,0.316,0.010,0.773,10.743,1.000,0.000,0.0000
838.030,-97.002,-30.253,0.316,0.011,0.773,10.743,1.000,0.000,0.0000
838.040,-97.002,-30.142,0.316,0.011,0.773,10.743,1.000,0.000,0.0000
838.050,-97.002,-30.031,0.316,0.011,0.773,10.742,1.000,0.000,0.0000
838.060,-97.002,-29.920,0.316,0.012,0.772,10.742,1.000,0.000,0.0000
838.070,-97.002,-29.809,0.317,0.012,0.772,10.742,1.000,0.000,0.0000
838.080,-97.002,-29.697,0.317,0.012,0.772,10.742,1.000,0.000,0.0000
838.090,-97.002,-29.586,0.317,0.012,0.772,10.742,1.000,0.000,0.0000
838.100,-97.002,-29.475,0.317,0.012,0.772,10.742,1.000,0.000,0.0000
838.110,-97.002,-29.364,0.317,0.011,0.772,10.742,1.000,0.000,0.0000
838.120,-97.001,-29.253,0.317,0.011,0.772,10.742,1.000,0.000,0.0000
838.130,-97.001,-29.142,0.317,0.011,0.772,10.742,1.000,0.000,0.0000
838.140,-97.001,-29.031,0.317,0.011,0.772,10.742,1.000,0.000,0.0000
838.150,-97.001,-28.920,0.317,0.010,0.772,10.742,1.000,0.000,0.0000
838.160,-97.001,-28.809,0.317,0.010,0.772,10.742,1.000,0.000,0.0000
838.170,-97.001,-28.697,0.317,0.010,0.772,10.742,1.000,0.000,0.0000
838.180,-97.001,-28.586,0.317,0.010,0.771,10.742,1.000,0.000,0.0000
838.190,-97.001,-28.475,0.317,0.009,0.771,10.742,1.000,0.000,0.0000
838.200,-97.001,-28.364,0.317,0.009,0.771,10.741,1.000,0.000,0.0000
838.210,-97.001,-28.253,0.317,0.009,0.771,10.741,1.000,0.000,0.0000
838.220,-97.001,-28.142,0.317,0.009,0.771,10.741,1.000,0.000,0.0000
838.230,-97.001,-28.031,0.317,0.009,0.771,10.741,1.000,0.000,0.0000
838.240,-97.000,-27.920,0.317,0.009,0.771,10.741,1.000,0.000,0.0000
838.250,-97.000,-27.809,0.317,0.009,0.771,10.741,1.000,0.000,0.0000
838.260,-97.000,-27.698,0.317,0.009,0.771,10.741,1.000,0.000,0.0000
838.270,-97.000,-27.586,0.317,0.009,0.771,10.741,1.000,0.000,0.0000
838.280,-97.000,-27.475,0.317,0.009,0.771,10.741,1.000,0.000,0.0000
838.290,-97.000,-27.364,0.317,0.009,0.770,10.741,1.000,0.000,0.0000
838.300,-97.000,-27.253,0.317,0.009,0.770,10.741,1.000,0.000,0.0000
838.310,-97.000,-27.142,0.317,0.009,0.770,10.741,1.000,0.000,0.0000
838.320,-97.000,-27.031,0.317,0.009,0.770,10.742,1.000,0.000,0.0000
838.330,-97.000,-26.920,0.317,0.009,0.770,10.742,1.000,0.000,0.0000
838.340,-97.000,-26.809,0.317,0.009,0.770,10.742,1.000,0.000,0.0000
838.350,-96.999,-26.698,0.317,0.009,0.770,10.742,1.000,0.000,0.0000
838.360,-96.999,-26.587,0.317,0.009,0.770,10.742,1.000,0.000,0.0000
838.370,-96.999,-26.475,0.317,0.009,0.770,10.742,1.000,0.000,0.0000
838.380,-96.999,-26.364,0.317,0.009,0.770,10.742,1.000,0.000,0.0000
838.390,-96.999,-26.253,0.317,0.009,0.770,10.742,1.000,0.000,0.0000
838.400,-96.999,-26.142,0.317,0.009,0.769,10.742,1.000,0.000,0.0000
838.410,-96.999,-26.031,0.317,0.009,0.769,10.742,1.000,0.000,0.0000
838.420,-96.999,-25.920,0.317,0.009,0.769,10.742,1.000,0.000,0.0000
838.430,-96.999,-25.809,0.317,0.009,0.769,10.742,1.000,0.000,0.0000
838.440,-96.999,-25.698,0.317,0.009,0.769,10.742,1.000,0.000,0.0000
838.450,-96.999,-25.587,0.317,0.009,0.769,10.742,1.000,0.000,0.0000
838.460,-96.998,-25.476,0.317,0.009,0.769,10.742,1.000,0.000,0.0000
838.470,-96.998,-25.365,0.317,0.009,0.769,10.742,1.000,0.000,0.0000
838.480,-96.998,-25.253,0.317,0.009,0.769,10.742,1.000,0.000,0.0000
838.490,-96.998,-25.142,0.317,0.009,0.769,10.742,1.000,0.000,0.0000
838.500,-96.998,-25.031,0.317,0.009,0.769,10.742,1.000,0.000,0.0000
838.510,-96.998,-24.920,0.317,0.009,0.769,10.742,1.000,0.000,0.0000
838.520,-96.998,-24.809,0.317,0.009,0.768,10.742,1.000,0.000,0.0000
838.530,-96.998,-24.698,0.317,0.009,0.768,10.742,1.000,0.000,0.0000
838.540,-96.998,-24.587,0.317,0.009,0.768,10.742,1.000,0.000,0.0000
838.550,-96.998,-24.476,0.317,0.009,0.768,10.742,1.000,0.000,0.0000
838.560,-96.998,-24.365,0.317,0.009,0.768,10.742,1.000,0.000,0.0000
838.570,-96.998,-24.254,0.317,0.009,0.768,10.742,1.000,0.000,0.0000
838.580,-96.997,-24.142,0.317,0.009,0.768,10.742,1.000,0.000,0.0000
838.590,-96.997,-24.031,0.317,0.009,0.768,10.742,1.000,0.000,0.0000
838.600,-96.997,-23.920,0.317,0.009,0.768,10.742,1.000,0.000,0.0000
838.610,-96.997,-23.809,0.317,0.009,0.768,10.742,1.000,0.000,0.0000
838.620,-96.997,-23.698,0.317,0.009,0.768,10.741,1.000,0.000,0.0000
838.630,-96.997,-23.587,0.317,0.009,0.767,10.741,1.000,0.000,0.0000
838.640,-96.997,-23.476,0.317,0.009,0.767,10.741,1.000,0.000,0.0000
838.650,-96.997,-23.365,0.317,0.009,0.767,10.741,1.000,0.000,0.0000
838.660,-96.997,-23.254,0.317,0.009,0.767,10.741,1.000,0.000,0.0000
838.670,-96.997,-23.143,0.317,0.009,0.767,10.741,1.000,0.000,0.0000
838.680,-96.997,-23.031,0.317,0.009,0.767,10.741,1.000,0.000,0.0000
838.690,-96.996,-22.920,0.317,0.009,0.767,10.741,1.000,0.000,0.0000
838.700,-96.996,-22.809,0.317,0.009,0.767,10.741,1.000,0.000,0.0000
838.710,-96.996,-22.698,0.317,0.009,0.767,10.741,1.000,0.000,0.0000
838.720,-96.996,-22.587,0.317,0.009,0.767,10.741,1.000,0.000,0.0000
838.730,-96.996,-22.476,0.317,0.009,0.767,10.741,1.000,0.000,0.0000
838.740,-96.996,-22.365,0.317,0.009,0.766,10.741,1.000,0.000,0.0000
838.750,-96.996,-22.254,0.317,0.009,0.766,10.741,1.000,0.000,0.0000
838.760,-96.996,-22.143,0.317,0.009,0.766,10.741,1.000,0.000,0.0000
838.770,-96.996,-22.032,0.317,0.009,0.766,10.741,1.000,0.000,0.0000
838.780,-96.996,-21.920,0.317,0.009,0.766,10.741,1.000,0.000,0.0000
838.790,-96.996,-21.809,0.317,0.009,0.766,10.741,1.000,0.000,0.0000
838.800,-96.995,-21.698,0.317,0.009,0.766,10.741,1.000,0.000,0.0000
838.810,-96.995,-21.587,0.317,0.009,0.766,10.741,1.000,0.000,0.0000
838.820,-96.995,-21.476,0.317,0.009,0.766,10.741,1.000,0.000,0.0000
838.830,-96.995,-21.365,0.317,0.009,0.766,10.741,1.000,0.000,0.0000
838.840,-96.995,-21.254,0.317,0.009,0.766,10.741,1.000,0.000,0.0000
838.850,-96.995,-21.143,0.317,0.009,0.766,10.741,1.000,0.000,0.0000
838.860,-96.995,-21.032,0.317,0.009,0.765,10.741,1.000,0.000,0.0000
838.870,-96.995,-20.921,0.317,0.009,0.765,10.741,1.000,0.000,0.0000
838.880,-96.995,-20.809,0.317,0.009,0.765,10.741,1.000,0.000,0.0000
838.890,-96.995,-20.698,0.317,0.009,0.765,10.741,1.000,0.000,0.0000
838.900,-96.995,-20.587,0.317,0.009,0.765,10.741,1.000,0.000,0.0000
838.910,-96.994,-20.476,0.317,0.009,0.765,10.741,1.000,0.000,0.0000
838.920,-96.994,-20.365,0.317,0.009,0.765,10.741,1.000,0.000,0.0000
838.930,-96.994,-20.254,0.317,0.009,0.765,10.741,1.000,0.000,0.0000
838.940,-96.994,-20.143,0.317,0.009,0.765,10.741,1.000,0.000,0.0000
838.950,-96.994,-20.032,0.317,0.009,0.765,10.741,1.000,0.000,0.0000
838.960,-96.994,-19.921,0.317,0.009,0.765,10.741,1.000,0.000,0.0000
838.970,-96.994,-19.810,0.317,0.009,0.764,10.741,1.000,0.000,0.0000
838.980,-96.994,-19.698,0.317,0.009,0.764,10.741,1.000,0.000,0.0000
838.990,-96.994,-19.587,0.317,0.009,0.764,10.741,1.000,0.000,0.0000
839.000,-96.994,-19.476,0.317,0.009,0.764,10.741,1.000,0.000,0.0000
839.010,-96.994,-19.365,0.317,0.009,0.764,10.741,1.000,0.000,0.0000
839.020,-96.994,-19.254,0.317,0.009,0.764,10.741,1.000,0.000,0.0000
839.030,-96.993,-19.143,0.317,0.009,0.764,10.741,1.000,0.000,0.0000
839.040,-96.993,-19.032,0.317,0.009,0.764,10.741,1.000,0.000,0.0000
839.050,-96.993,-18.921,0.317,0.009,0.764,10.741,1.000,0.000,0.0000
839.060,-96.993,-18.810,0.317,0.009,0.764,10.741,1.000,0.000,0.0000
839.070,-96.993,-18.699,0.317,0.009,0.764,10.741,1.000,0.000,0.0000
839.080,-96.993,-18.587,0.317,0.009,0.763,10.741,1.000,0.000,0.0000
839.090,-96.993,-18.476,0.317,0.009,0.763,10.741,1.000,0.000,0.0000
839.100,-96.993,-18.365,0.317,0.009,0.763,10.741,1.000,0.000,0.0000
839.110,-96.993,-18.254,0.317,0.009,0.763,10.741,1.000,0.000,0.0000
839.120,-96.993,-18.143,0.317,0.009,0.763,10.741,1.000,0.000,0.0000
839.130,-96.993,-18.032,0.317,0.009,0.763,10.741,1.000,0.000,0.0000
839.140,-96.992,-17.921,0.317,0.009,0.763,10.741,1.000,0.000,0.0000
839.150,-96.992,-17.810,0.317,0.009,0.763,10.741,1.000,0.000,0.0000
839.160,-96.992,-17.699,0.317,0.009,0.763,10.741,1.000,0.000,0.0000
839.170,-96.992,-17.588,0.317,0.009,0.763,10.741,1.000,0.000,0.0000
839.180,-96.992,-17.476,0.317,0.009,0.763,10.741,1.000,0.000,0.0000
839.190,-96.992,-17.365,0.317,0.009,0.762,10.741,1.000,0.000,0.0000
839.200,-96.992,-17.254,0.317,0.009,0.762,10.741,1.000,0.000,0.0000
839.210,-96.992,-17.143,0.317,0.009,0.762,10.741,1.000,0.000,0.0000
839.220,-96.992,-17.032,0.317,0.009,0.762,10.741,1.000,0.000,0.0000
839.230,-96.992,-16.921,0.317,0.009,0.762,10.741,1.000,0.000,0.0000
839.240,-96.992,-16.810,0.317,0.009,0.762,10.741,1.000,0.000,0.0000
839.250,-96.991,-16.699,0.317,0.009,0.762,10.741,1.000,0.000,0.0000
839.260,-96.991,-16.588,0.317,0.009,0.762,10.741,1.000,0.000,0.0000
839.270,-96.991,-16.477,0.317,0.009,0.762,10.741,1.000,0.000,0.0000
839.280,-96.991,-16.366,0.317,0.009,0.762,10.741,1.000,0.000,0.0000
839.290,-96.991,-16.254,0.317,0.009,0.762,10.741,1.000,0.000,0.0000
839.300,-96.991,-16.143,0.317,0.009,0.762,10.741,1.000,0.000,0.0000
839.310,-96.991,-16.032,0.317,0.009,0.761,10.741,1.000,0.000,0.0000
839.320,-96.991,-15.921,0.317,0.009,0.761,10.741,1.000,0.000,0.0000
839.330,-96.991,-15.810,0.317,0.009,0.761,10.741,1.000,0.000,0.0000
839.340,-96.991,-15.699,0.317,0.009,0.761,10.741,1.000,0.000,0.0000
839.350,-96.991,-15.588,0.317,0.009,0.761,10.741,1.000,0.000,0.0000
839.360,-96.991,-15.477,0.317,0.009,0.761,10.741,1.000,0.000,0.0000
839.370,-96.990,-15.366,0.317,0.009,0.761,10.741,1.000,0.000,0.0000
839.380,-96.990,-15.255,0.317,0.009,0.761,10.741,1.000,0.000,0.0000
839.390,-96.990,-15.143,0.317,0.009,0.761,10.741,1.000,0.000,0.0000
839.400,-96.990,-15.032,0.317,0.009,0.761,10.741,1.000,0.000,0.0000
839.410,-96.990,-14.921,0.317,0.009,0.761,10.741,1.000,0.000,0.0000
839.420,-96.990,-14.810,0.317,0.009,0.760,10.741,1.000,0.000,0.0000
839.430,-96.990,-14.699,0.317,0.009,0.760,10.741,1.000,0.000,0.0000
839.440,-96.990,-14.588,0.317,0.009,0.760,10.741,1.000,0.000,0.0000
839.450,-96.990,-14.477,0.317,0.009,0.760,10.741,1.000,0.000,0.0000
839.460,-96.990,-14.366,0.317,0.009,0.760,10.741,1.000,0.000,0.0000
839.470,-96.990,-14.255,0.317,0.009,0.760,10.741,1.000,0.000,0.0000
839.480,-96.989,-14.144,0.317,0.009,0.760,10.741,1.000,0.000,0.0000
839.490,-96.989,-14.032,0.317,0.009,0.760,10.741,1.000,0.000,0.0000
839.500,-96.989,-13.921,0.317,0.009,0.760,10.741,1.000,0.000,0.0000
839.510,-96.989,-13.810,0.317,0.009,0.760,10.741,1.000,0.000,0.0000
839.520,-96.989,-13.699,0.317,0.009,0.760,10.741,1.000,0.000,0.0000
839.530,-96.989,-13.588,0.317,0.009,0.759,10.741,1.000,0.000,0.0000
839.540,-96.989,-13.477,0.317,0.009,0.759,10.741,1.000,0.000,0.0000
839.550,-96.989,-13.366,0.317,0.009,0.759,10.741,1.000,0.000,0.0000
839.560,-96.989,-13.255,0.317,0.009,0.759,10.741,1.000,0.000,0.0000
839.570,-96.989,-13.144,0.317,0.009,0.759,10.741,1.000,0.000,0.0000
839.580,-96.989,-13.033,0.317,0.009,0.759,10.741,1.000,0.000,0.0000
839.590,-96.988,-12.921,0.317,0.009,0.759,10.741,1.000,0.000,0.0000
839.600,-96.988,-12.810,0.317,0.009,0.759,10.741,1.000,0.000,0.0000
839.610,-96.988,-12.699,0.317,0.009,0.759,10.741,1.000,0.000,0.0000
839.620,-96.988,-12.588,0.317,0.009,0.759,10.741,1.000,0.000,0.0000
839.630,-96.988,-12.477,0.317,0.009,0.759,10.741,1.000,0.000,0.0000
839.640,-96.988,-12.366,0.317,0.009,0.759,10.741,1.000,0.000,0.0000
839.650,-96.988,-12.255,0.317,0.009,0.758,10.741,1.000,0.000,0.0000
839.660,-96.988,-12.144,0.317,0.009,0.758,10.741,1.000,0.000,0.0000
839.670,-96.988,-12.033,0.317,0.009,0.758,10.741,1.000,0.000,0.0000
839.680,-96.988,-11.922,0.317,0.009,0.758,10.741,1.000,0.000,0.0000
839.690,-96.988,-11.810,0.317,0.009,0.758,10.741,1.000,0.000,0.0000
839.700,-96.987,-11.699,0.317,0.009,0.758,10.741,1.000,0.000,0.0000
839.710,-96.987,-11.588,0.317,0.009,0.758,10.741,1.000,0.000,0.0000
839.720,-96.987,-11.477,0.317,0.009,0.758,10.741,1.000,0.000,0.0000
839.730,-96.987,-11.366,0.317,0.009,0.758,10.741,1.000,0.000,0.0000
839.740,-96.987,-11.255,0.317,0.009,0.758,10.741,1.000,0.000,0.0000
839.750,-96.987,-11.144,0.317,0.009,0.758,10.741,1.000,0.000,0.0000
839.760,-96.987,-11.033,0.317,0.009,0.757,10.741,1.000,0.000,0.0000
839.770,-96.987,-10.922,0.317,0.009,0.757,10.741,0.940,0.000,0.0000
839.780,-96.987,-10.811,0.317,0.010,0.757,10.740,0.880,0.000,0.0000
839.790,-96.987,-10.700,0.317,0.014,0.757,10.740,0.820,0.000,0.0000
839.800,-96.987,-10.590,0.317,0.020,0.757,10.740,0.760,0.000,0.0000
839.810,-96.987,-10.480,0.318,0.028,0.757,10.740,0.700,0.000,0.0000
839.820,-96.986,-10.370,0.318,0.036,0.757,10.740,0.640,0.000,0.0000
839.830,-96.986,-10.261,0.318,0.042,0.757,10.739,0.580,0.000,0.0000
839.840,-96.986,-10.152,0.319,0.048,0.757,10.739,0.520,0.000,0.0000
839.850,-96.986,-10.044,0.319,0.052,0.757,10.738,0.460,0.000,0.0000
839.860,-96.986,-9.936,0.320,0.055,0.757,10.738,0.400,0.000,0.0000
839.870,-96.986,-9.829,0.320,0.057,0.757,10.737,0.340,0.000,0.0000
839.880,-96.986,-9.721,0.321,0.058,0.757,10.736,0.280,0.000,0.0000
839.890,-96.986,-9.615,0.321,0.058,0.756,10.736,0.220,0.000,0.0000
839.900,-96.986,-9.508,0.322,0.057,0.756,10.735,0.160,0.000,0.0000
839.910,-96.986,-9.402,0.323,0.055,0.756,10.735,0.100,0.000,0.0000
839.920,-96.986,-9.297,0.323,0.053,0.756,10.734,0.040,0.000,0.0000
839.930,-96.985,-9.192,0.324,0.050,0.756,10.734,0.000,0.000,0.0000
839.940,-96.985,-9.087,0.324,0.047,0.756,10.733,0.000,0.000,0.0000
839.950,-96.985,-8.983,0.325,0.044,0.756,10.733,0.000,0.000,0.0000
839.960,-96.985,-8.879,0.325,0.040,0.756,10.732,0.000,0.000,0.0000
839.970,-96.985,-8.775,0.325,0.036,0.756,10.732,0.000,0.000,0.0000
839.980,-96.985,-8.672,0.326,0.031,0.756,10.732,0.000,0.000,0.0000
839.990,-96.985,-8.569,0.326,0.027,0.756,10.731,0.000,0.000,0.0000
840.000,-96.985,-8.467,0.326,0.022,0.756,10.731,0.000,0.000,0.0000
840.010,-96.985,-8.365,0.326,0.018,0.756,10.731,0.000,0.000,0.0000
840.020,-96.985,-8.264,0.326,0.014,0.756,10.731,0.000,0.000,0.0000
840.030,-96.985,-8.163,0.326,0.011,0.756,10.731,0.000,0.000,0.0000
840.040,-96.985,-8.062,0.326,0.009,0.755,10.731,0.000,0.000,0.0000
840.050,-96.985,-7.962,0.326,0.008,0.755,10.731,0.000,0.000,0.0000
840.060,-96.984,-7.862,0.326,0.009,0.755,10.731,0.000,0.000,0.0000
840.070,-96.984,-7.763,0.326,0.011,0.755,10.731,0.000,0.000,0.0000
840.080,-96.984,-7.663,0.326,0.013,0.755,10.731,0.000,0.000,0.0000
840.090,-96.984,-7.565,0.326,0.015,0.755,10.731,0.000,0.000,0.0000
840.100,-96.984,-7.467,0.326,0.017,0.755,10.731,0.000,0.000,0.0000
840.110,-96.984,-7.369,0.326,0.019,0.755,10.732,0.000,0.000,0.0000
840.120,-96.984,-7.271,0.326,0.020,0.755,10.732,0.000,0.000,0.0000
840.130,-96.984,-7.174,0.325,0.021,0.755,10.732,0.000,0.000,0.0000
840.140,-96.984,-7.078,0.325,0.022,0.755,10.732,0.000,0.000,0.0000
840.150,-96.984,-6.981,0.325,0.022,0.755,10.732,0.000,0.000,0.0000
840.160,-96.984,-6.886,0.325,0.022,0.754,10.732,0.000,0.000,0.0000
840.170,-96.984,-6.790,0.324,0.022,0.754,10.733,0.000,0.000,0.0000
840.180,-96.984,-6.695,0.324,0.022,0.754,10.733,0.000,0.000,0.0000
840.190,-96.983,-6.600,0.324,0.021,0.754,10.733,0.000,0.000,0.0000
840.200,-96.983,-6.506,0.324,0.020,0.754,10.733,0.000,0.000,0.0000
840.210,-96.983,-6.412,0.324,0.019,0.754,10.733,0.000,0.000,0.0000
840.220,-96.983,-6.319,0.324,0.017,0.754,10.734,0.000,0.000,0.0000
840.230,-96.983,-6.226,0.323,0.016,0.754,10.734,0.000,0.000,0.0000
840.240,-96.983,-6.133,0.323,0.015,0.754,10.734,0.000,0.000,0.0000
840.250,-96.983,-6.041,0.323,0.013,0.754,10.734,0.000,0.000,0.0000
840.260,-96.983,-5.949,0.323,0.012,0.754,10.734,0.000,0.000,0.0000
840.270,-96.983,-5.857,0.323,0.010,0.754,10.734,0.000,0.000,0.0000
840.280,-96.983,-5.766,0.323,0.009,0.753,10.734,0.000,0.000,0.0000
840.290,-96.983,-5.675,0.323,0.008,0.753,10.734,0.000,0.000,0.0000
840.300,-96.983,-5.585,0.323,0.008,0.753,10.734,0.000,0.000,0.0000
840.310,-96.983,-5.495,0.323,0.007,0.753,10.734,0.000,0.000,0.0000
840.320,-96.982,-5.405,0.323,0.007,0.753,10.734,0.000,0.000,0.0000
840.330,-96.982,-5.316,0.323,0.007,0.753,10.734,0.000,0.000,0.0000
840.340,-96.982,-5.227,0.323,0.008,0.753,10.734,0.000,0.000,0.0000
840.350,-96.982,-5.139,0.323,0.008,0.753,10.734,0.000,0.000,0.0000
840.360,-96.982,-5.051,0.323,0.009,0.753,10.734,0.000,0.000,0.0000
840.370,-96.982,-4.964,0.323,0.009,0.753,10.734,0.000,0.000,0.0000
840.380,-96.982,-4.876,0.323,0.010,0.753,10.734,0.000,0.000,0.0000
840.390,-96.982,-4.790,0.323,0.010,0.753,10.734,0.000,0.000,0.0000
840.400,-96.982,-4.703,0.323,0.010,0.753,10.734,0.000,0.000,0.0000
840.410,-96.982,-4.617,0.323,0.010,0.753,10.734,0.000,0.000,0.0000
840.420,-96.982,-4.532,0.323,0.010,0.753,10.734,0.000,0.000,0.0000
840.430,-96.982,-4.446,0.324,0.010,0.752,10.733,0.000,0.000,0.0000
840.440,-96.982,-4.362,0.324,0.010,0.752,10.733,0.000,0.000,0.0000
840.450,-96.982,-4.277,0.324,0.010,0.752,10.733,0.000,0.000,0.0000
840.460,-96.982,-4.193,0.324,0.010,0.752,10.733,0.000,0.000,0.0000
840.470,-96.981,-4.110,0.324,0.009,0.752,10.733,0.000,0.000,0.0000
840.480,-96.981,-4.026,0.324,0.009,0.752,10.733,0.000,0.000,0.0000
840.490,-96.981,-3.944,0.324,0.009,0.752,10.733,0.000,0.000,0.0000
840.500,-96.981,-3.861,0.324,0.008,0.752,10.733,0.000,0.000,0.0000
840.510,-96.981,-3.779,0.324,0.008,0.752,10.733,0.000,0.000,0.0000
840.520,-96.981,-3.698,0.324,0.008,0.752,10.733,0.000,0.000,0.0000
840.530,-96.981,-3.616,0.324,0.007,0.752,10.733,0.000,0.000,0.0000
840.540,-96.981,-3.535,0.324,0.007,0.752,10.733,0.000,0.000,0.0000
840.550,-96.981,-3.455,0.324,0.007,0.752,10.733,0.000,0.000,0.0000
840.560,-96.981,-3.375,0.324,0.007,0.752,10.733,0.000,0.000,0.0000
840.570,-96.981,-3.295,0.324,0.006,0.752,10.733,0.000,0.000,0.0000
840.580,-96.981,-3.216,0.324,0.006,0.752,10.733,0.000,0.000,0.0000
840.590,-96.981,-3.137,0.324,0.006,0.751,10.733,0.000,0.000,0.0000
840.600,-96.981,-3.059,0.324,0.006,0.751,10.733,0.000,0.000,0.0000
840.610,-96.981,-2.981,0.324,0.006,0.751,10.733,0.000,0.000,0.0000
840.620,-96.980,-2.903,0.324,0.006,0.751,10.733,0.000,0.000,0.0000
840.630,-96.980,-2.826,0.324,0.006,0.751,10.733,0.000,0.000,0.0000
840.640,-96.980,-2.749,0.324,0.007,0.751,10.733,0.000,0.000,0.0000
840.650,-96.980,-2.673,0.324,0.007,0.751,10.733,0.000,0.000,0.0000
840.660,-96.980,-2.597,0.324,0.007,0.751,10.733,0.000,0.000,0.0000
840.670,-96.980,-2.521,0.324,0.007,0.751,10.733,0.000,0.000,0.0000
840.680,-96.980,-2.446,0.324,0.007,0.751,10.733,0.000,0.000,0.0000
840.690,-96.980,-2.371,0.324,0.007,0.751,10.733,0.000,0.000,0.0000
840.700,-96.980,-2.296,0.324,0.007,0.751,10.733,0.000,0.000,0.0000
840.710,-96.980,-2.222,0.324,0.007,0.751,10.733,0.000,0.000,0.0000
840.720,-96.980,-2.149,0.324,0.006,0.751,10.733,0.000,0.000,0.0000
840.730,-96.980,-2.075,0.324,0.006,0.751,10.733,0.000,0.000,0.0000
840.740,-96.980,-2.002,0.324,0.006,0.751,10.733,0.000,0.000,0.0000
840.750,-96.980,-1.930,0.324,0.006,0.750,10.733,0.000,0.000,0.0000
840.760,-96.980,-1.858,0.324,0.006,0.750,10.733,0.000,0.000,0.0000
840.770,-96.980,-1.786,0.324,0.006,0.750,10.733,0.000,0.000,0.0000
840.780,-96.980,-1.715,0.324,0.006,0.750,10.733,0.000,0.000,0.0000
840.790,-96.979,-1.644,0.324,0.006,0.750,10.733,0.000,0.000,0.0000
840.800,-96.979,-1.573,0.324,0.006,0.750,10.733,0.000,0.000,0.0000
840.810,-96.979,-1.503,0.324,0.006,0.750,10.733,0.000,0.000,0.0000
840.820,-96.979,-1.434,0.324,0.006,0.750,10.733,0.000,0.000,0.0000
840.830,-96.979,-1.364,0.324,0.006,0.750,10.733,0.000,0.000,0.0000
840.840,-96.979,-1.295,0.324,0.005,0.750,10.733,0.000,0.000,0.0000
840.850,-96.979,-1.227,0.324,0.005,0.750,10.733,0.000,0.000,0.0000
840.860,-96.979,-1.159,0.324,0.005,0.750,10.733,0.000,0.000,0.0000
840.870,-96.979,-1.091,0.324,0.005,0.750,10.733,0.000,0.000,0.0000
840.880,-96.979,-1.024,0.324,0.005,0.750,10.733,0.000,0.000,0.0000
840.890,-96.979,-0.957,0.324,0.005,0.750,10.733,0.000,0.000,0.0000
840.900,-96.979,-0.890,0.324,0.005,0.750,10.733,0.000,0.000,0.0000
840.910,-96.979,-0.824,0.324,0.005,0.750,10.733,0.000,0.000,0.0000
840.920,-96.979,-0.758,0.324,0.005,0.750,10.733,0.000,0.000,0.0000
840.930,-96.979,-0.693,0.324,0.005,0.749,10.733,0.000,0.000,0.0000
840.940,-96.979,-0.628,0.324,0.005,0.749,10.733,0.000,0.000,0.0000
840.950,-96.979,-0.564,0.324,0.005,0.749,10.733,0.000,0.000,0.0000
840.960,-96.979,-0.499,0.324,0.005,0.749,10.733,0.000,0.000,0.0000
840.970,-96.979,-0.436,0.324,0.005,0.749,10.733,0.000,0.000,0.0000
840.980,-96.978,-0.372,0.324,0.005,0.749,10.733,0.000,0.000,0.0000
840.990,-96.978,-0.309,0.324,0.005,0.749,10.733,0.040,0.000,0.0000
841.000,-96.978,-0.247,0.324,0.005,0.749,10.733,0.080,0.000,0.0000
841.010,-96.978,-0.185,0.324,0.005,0.749,10.733,0.120,0.000,0.0000
841.020,-96.978,-0.123,0.324,0.005,0.749,10.733,0.160,0.000,0.0000
841.030,-96.978,-0.061,0.324,0.005,0.749,10.733,0.200,0.000,0.0000
841.040,-96.978,-0.000,0.324,0.005,0.749,10.733,0.240,0.000,0.0000
841.050,-96.978,0.060,0.324,0.005,0.749,10.733,0.280,0.000,0.0000
841.060,-96.978,0.120,0.324,0.005,0.749,10.733,0.320,0.000,0.0000
841.070,-96.978,0.180,0.324,0.005,0.749,10.733,0.360,0.000,0.0000
841.080,-96.978,0.240,0.324,0.005,0.749,10.733,0.400,0.000,0.0000
841.090,-96.978,0.299,0.324,0.005,0.749,10.733,0.440,0.000,0.0000
841.100,-96.978,0.357,0.324,0.005,0.749,10.733,0.480,0.000,0.0000
841.110,-96.978,0.415,0.324,0.005,0.749,10.733,0.520,0.000,0.0000
841.120,-96.978,0.473,0.324,0.005,0.749,10.733,0.560,0.000,0.0000
841.130,-96.978,0.531,0.324,0.013,0.749,10.733,0.600,0.000,0.0000
841.140,-96.978,0.589,0.323,0.027,0.748,10.733,0.640,0.000,0.0000
841.150,-96.978,0.647,0.323,0.043,0.748,10.734,0.680,0.000,0.0000
841.160,-96.978,0.706,0.322,0.060,0.748,10.734,0.720,0.000,0.0000
841.170,-96.978,0.765,0.322,0.075,0.748,10.735,0.760,0.000,0.0000
841.180,-96.978,0.825,0.321,0.088,0.748,10.736,0.800,0.000,0.0000
841.190,-96.977,0.885,0.320,0.098,0.748,10.737,0.840,0.000,0.0000
841.200,-96.977,0.945,0.319,0.106,0.748,10.738,0.880,0.000,0.0000
841.210,-96.977,1.006,0.318,0.111,0.748,10.739,0.920,0.000,0.0000
841.220,-96.977,1.067,0.317,0.114,0.748,10.740,0.960,0.000,0.0000
841.230,-96.977,1.129,0.315,0.115,0.748,10.741,1.000,0.000,0.0000
841.240,-96.977,1.191,0.314,0.114,0.748,10.742,1.000,0.000,0.0000
841.250,-96.977,1.254,0.313,0.112,0.748,10.743,1.000,0.000,0.0000
841.260,-96.977,1.316,0.312,0.108,0.747,10.744,1.000,0.000,0.0000
841.270,-96.977,1.380,0.311,0.103,0.747,10.745,1.000,0.000,0.0000
841.280,-96.977,1.443,0.310,0.097,0.747,10.746,1.000,0.000,0.0000
841.290,-96.977,1.507,0.309,0.089,0.747,10.747,0.940,0.000,0.0000
841.300,-96.977,1.572,0.308,0.082,0.747,10.748,0.880,0.000,0.0000
841.310,-96.977,1.637,0.308,0.073,0.747,10.749,0.820,0.000,0.0000
841.320,-96.977,1.702,0.307,0.064,0.747,10.749,0.760,0.000,0.0000
841.330,-96.977,1.768,0.306,0.055,0.747,10.750,0.700,0.000,0.0000
841.340,-96.977,1.834,0.306,0.045,0.747,10.750,0.640,0.000,0.0000
841.350,-96.977,1.900,0.306,0.036,0.747,10.751,0.580,0.000,0.0000
841.360,-96.977,1.967,0.305,0.019,0.747,10.751,0.520,0.000,0.0000
841.370,-96.977,2.033,0.305,0.006,0.747,10.751,0.460,0.000,0.0000
841.380,-96.976,2.100,0.306,0.028,0.747,10.751,0.400,0.000,0.0000
841.390,-96.976,2.166,0.306,0.052,0.747,10.750,0.340,0.000,0.0000
841.400,-96.976,2.231,0.307,0.075,0.747,10.749,0.280,0.000,0.0000
841.410,-96.976,2.296,0.308,0.095,0.747,10.748,0.220,0.000,0.0000
841.420,-96.976,2.361,0.309,0.112,0.747,10.747,0.160,0.000,0.0000
841.430,-96.976,2.425,0.310,0.125,0.747,10.746,0.100,0.000,0.0000
841.440,-96.976,2.489,0.312,0.136,0.746,10.745,0.040,0.000,0.0000
841.450,-96.976,2.553,0.313,0.144,0.746,10.743,0.000,0.000,0.0000
841.460,-96.976,2.616,0.315,0.149,0.746,10.742,0.000,0.000,0.0000
841.470,-96.976,2.679,0.316,0.151,0.746,10.740,0.000,0.000,0.0000
841.480,-96.976,2.741,0.318,0.151,0.746,10.739,0.000,0.000,0.0080
841.490,-96.976,2.803,0.319,0.149,0.746,10.737,0.000,0.000,0.0160
841.500,-96.976,2.865,0.321,0.146,0.746,10.736,0.000,0.000,0.0240
841.510,-96.976,2.926,0.322,0.140,0.746,10.734,0.000,0.000,0.0320
841.520,-96.976,2.986,0.323,0.133,0.746,10.733,0.000,0.000,0.0400
841.530,-96.976,3.047,0.325,0.124,0.746,10.732,0.000,0.000,0.0480
841.540,-96.976,3.107,0.326,0.115,0.746,10.731,0.000,0.000,0.0560
841.550,-96.975,3.166,0.327,0.104,0.746,10.730,0.000,0.000,0.0640
841.560,-96.975,3.225,0.328,0.093,0.746,10.729,0.000,0.000,0.0720
841.570,-96.975,3.284,0.328,0.082,0.746,10.728,0.000,0.000,0.0800
841.580,-96.975,3.342,0.329,0.071,0.746,10.727,0.000,0.000,0.0880
841.590,-96.975,3.399,0.330,0.060,0.746,10.727,0.000,0.000,0.0960
841.600,-96.974,3.457,0.330,0.051,0.746,10.726,0.000,0.000,0.1040
841.610,-96.974,3.514,0.330,0.045,0.745,10.726,0.000,0.000,0.1120
841.620,-96.974,3.570,0.331,0.042,0.745,10.726,0.000,0.000,0.1200
841.630,-96.973,3.626,0.331,0.043,0.744,10.726,0.000,0.000,0.1280
841.640,-96.973,3.682,0.331,0.049,0.744,10.726,0.000,0.000,0.1360
841.650,-96.972,3.737,0.331,0.056,0.743,10.726,0.000,0.000,0.1440
841.660,-96.972,3.791,0.330,0.065,0.743,10.726,0.000,0.000,0.1520
841.670,-96.971,3.846,0.330,0.075,0.742,10.726,0.000,0.000,0.1600
841.680,-96.970,3.900,0.330,0.084,0.741,10.726,0.000,0.000,0.1680
841.690,-96.969,3.953,0.329,0.094,0.740,10.726,0.000,0.000,0.1760
841.700,-96.968,4.006,0.329,0.104,0.739,10.727,0.000,0.000,0.1840
841.710,-96.967,4.058,0.329,0.114,0.738,10.727,0.000,0.000,0.1920
841.720,-96.966,4.110,0.328,0.123,0.737,10.728,0.000,0.000,0.2000
841.730,-96.965,4.162,0.328,0.132,0.736,10.728,0.000,0.000,0.2080
841.740,-96.964,4.213,0.327,0.141,0.735,10.728,0.000,0.000,0.2160
841.750,-96.962,4.264,0.326,0.149,0.733,10.729,0.000,0.000,0.2240
841.760,-96.961,4.314,0.326,0.158,0.732,10.729,0.000,0.000,0.2320
841.770,-96.959,4.364,0.325,0.167,0.730,10.730,0.000,0.000,0.2400
841.780,-96.957,4.414,0.325,0.177,0.728,10.730,0.000,0.000,0.2480
841.790,-96.956,4.463,0.324,0.187,0.727,10.730,0.000,0.000,0.2560
841.800,-96.954,4.512,0.324,0.197,0.725,10.730,0.000,0.000,0.2640
841.810,-96.952,4.560,0.324,0.208,0.723,10.731,0.000,0.000,0.2720
841.820,-96.950,4.608,0.323,0.219,0.720,10.731,0.000,0.000,0.2800
841.830,-96.947,4.656,0.323,0.230,0.718,10.731,0.000,0.000,0.2880
841.840,-96.945,4.703,0.323,0.242,0.716,10.731,0.000,0.000,0.2960
841.850,-96.942,4.750,0.322,0.254,0.713,10.731,0.000,0.000,0.3040
841.860,-96.940,4.796,0.322,0.266,0.710,10.731,0.000,0.000,0.3120
841.870,-96.937,4.842,0.322,0.279,0.708,10.731,0.000,0.000,0.3200
841.880,-96.934,4.887,0.322,0.292,0.705,10.731,0.000,0.000,0.3280
841.890,-96.931,4.932,0.322,0.305,0.702,10.730,0.000,0.000,0.3360
841.900,-96.928,4.976,0.322,0.318,0.698,10.730,0.000,0.000,0.3440
841.910,-96.924,5.020,0.322,0.332,0.695,10.730,0.000,0.000,0.3520
841.920,-96.921,5.063,0.322,0.345,0.692,10.729,0.000,0.000,0.3600
841.930,-96.917,5.106,0.322,0.358,0.688,10.729,0.000,0.000,0.3680
841.940,-96.914,5.148,0.323,0.372,0.684,10.728,0.000,0.000,0.3760
841.950,-96.910,5.190,0.323,0.385,0.681,10.728,0.000,0.000,0.3840
841.960,-96.906,5.231,0.323,0.398,0.677,10.727,0.000,0.000,0.3920
841.970,-96.902,5.272,0.324,0.410,0.673,10.726,0.000,0.000,0.4000
841.980,-96.898,5.312,0.324,0.423,0.668,10.726,0.000,0.000,0.4080
841.990,-96.893,5.352,0.324,0.435,0.664,10.725,0.000,0.000,0.4160
842.000,-96.889,5.391,0.324,0.447,0.660,10.724,0.000,0.000,0.4240
842.010,-96.884,5.429,0.325,0.458,0.655,10.724,0.000,0.000,0.4320
842.020,-96.880,5.467,0.325,0.469,0.650,10.723,0.000,0.000,0.4400
842.030,-96.875,5.505,0.325,0.480,0.646,10.722,0.000,0.000,0.4480
842.040,-96.870,5.542,0.326,0.490,0.641,10.722,0.000,0.000,0.4560
842.050,-96.865,5.578,0.326,0.500,0.636,10.721,0.000,0.000,0.4640
842.060,-96.860,5.614,0.326,0.510,0.631,10.720,0.000,0.000,0.4720
842.070,-96.855,5.649,0.327,0.519,0.626,10.720,0.000,0.000,0.4800
842.080,-96.849,5.684,0.327,0.528,0.620,10.719,0.000,0.000,0.4880
842.090,-96.844,5.718,0.327,0.537,0.615,10.718,0.000,0.000,0.4960
842.100,-96.838,5.752,0.327,0.545,0.610,10.718,0.000,0.000,0.5000
842.110,-96.833,5.785,0.327,0.554,0.604,10.717,0.000,0.000,0.5000
842.120,-96.827,5.818,0.327,0.562,0.598,10.717,0.000,0.000,0.5000
842.130,-96.822,5.850,0.327,0.571,0.593,10.716,0.000,0.000,0.5000
842.140,-96.816,5.882,0.327,0.579,0.587,10.716,0.000,0.000,0.5000
842.150,-96.810,5.913,0.327,0.587,0.581,10.715,0.000,0.000,0.5000
842.160,-96.804,5.944,0.327,0.595,0.575,10.715,0.000,0.000,0.5000
842.170,-96.798,5.975,0.327,0.603,0.569,10.715,0.000,0.000,0.5000
842.180,-96.792,6.005,0.327,0.610,0.563,10.714,0.000,0.000,0.5000
842.190,-96.786,6.034,0.327,0.616,0.557,10.714,0.000,0.000,0.5000
842.200,-96.780,6.063,0.326,0.621,0.551,10.714,0.000,0.000,0.5000
842.210,-96.773,6.092,0.326,0.625,0.544,10.714,0.000,0.000,0.4700
842.220,-96.767,6.120,0.326,0.628,0.538,10.714,0.000,0.000,0.4400
842.230,-96.761,6.148,0.326,0.629,0.532,10.713,0.000,0.000,0.4100
842.240,-96.754,6.176,0.325,0.627,0.526,10.713,0.000,0.000,0.3800
842.250,-96.748,6.203,0.325,0.624,0.519,10.713,0.000,0.000,0.3500
842.260,-96.742,6.229,0.325,0.620,0.513,10.713,0.000,0.000,0.3200
842.270,-96.736,6.255,0.325,0.616,0.507,10.712,0.000,0.000,0.2900
842.280,-96.730,6.281,0.325,0.612,0.501,10.712,0.000,0.000,0.2600
842.290,-96.724,6.306,0.325,0.608,0.495,10.712,0.000,0.000,0.2300
842.300,-96.718,6.331,0.324,0.605,0.489,10.712,0.000,0.000,0.2000
842.310,-96.712,6.355,0.324,0.604,0.483,10.711,0.000,0.000,0.1700
842.320,-96.706,6.379,0.324,0.603,0.477,10.711,0.000,0.000,0.1400
842.330,-96.700,6.404,0.324,0.602,0.471,10.711,0.000,0.000,0.1100
842.340,-96.693,6.428,0.323,0.603,0.465,10.711,0.000,0.000,0.0800
842.350,-96.687,6.451,0.323,0.603,0.459,10.711,0.000,0.000,0.0500
842.360,-96.681,6.474,0.323,0.601,0.453,10.711,0.000,0.000,0.0200
842.370,-96.675,6.497,0.323,0.597,0.447,10.711,0.000,0.000,0.0000
842.380,-96.670,6.520,0.323,0.593,0.441,10.710,0.000,0.000,0.0000
842.390,-96.664,6.542,0.322,0.589,0.435,10.710,0.000,0.000,0.0000
842.400,-96.658,6.564,0.322,0.587,0.429,10.710,0.000,0.000,0.0000
842.410,-96.652,6.586,0.322,0.585,0.423,10.710,0.000,0.000,0.0000
842.420,-96.646,6.608,0.322,0.583,0.417,10.710,0.000,0.000,0.0000
842.430,-96.640,6.630,0.322,0.580,0.412,10.710,0.040,0.000,0.0000
842.440,-96.635,6.651,0.321,0.577,0.406,10.710,0.080,0.000,0.0000
842.450,-96.629,6.673,0.321,0.574,0.400,10.709,0.120,0.000,0.0000
842.460,-96.623,6.694,0.321,0.569,0.394,10.709,0.160,0.000,0.0000
842.470,-96.618,6.715,0.321,0.564,0.389,10.709,0.200,0.000,0.0000
842.480,-96.612,6.736,0.320,0.559,0.383,10.709,0.240,0.000,0.0000
842.490,-96.606,6.757,0.320,0.561,0.378,10.709,0.280,0.000,0.0000
842.500,-96.601,6.778,0.320,0.568,0.372,10.709,0.320,0.000,0.0000
842.510,-96.595,6.799,0.319,0.578,0.366,10.709,0.360,0.000,0.0000
842.520,-96.589,6.821,0.319,0.590,0.360,10.709,0.400,0.000,0.0000
842.530,-96.583,6.843,0.318,0.604,0.354,10.710,0.440,0.000,0.0000
842.540,-96.577,6.865,0.317,0.618,0.348,10.710,0.480,0.000,0.0000
842.550,-96.571,6.888,0.317,0.632,0.342,10.711,0.520,0.000,0.0000
842.560,-96.564,6.912,0.316,0.645,0.335,10.711,0.560,0.000,0.0000
842.570,-96.558,6.936,0.315,0.657,0.329,10.712,0.600,0.000,0.0000
842.580,-96.551,6.960,0.314,0.671,0.322,10.712,0.640,0.000,0.0000
842.590,-96.544,6.985,0.313,0.689,0.315,10.713,0.680,0.000,0.0000
842.600,-96.537,7.011,0.312,0.707,0.308,10.713,0.720,0.000,0.0000
842.610,-96.530,7.037,0.311,0.722,0.301,10.714,0.760,0.000,0.0000
842.620,-96.523,7.063,0.310,0.735,0.293,10.715,0.800,0.000,0.0000
842.630,-96.515,7.090,0.309,0.747,0.286,10.715,0.840,0.000,0.0000
842.640,-96.508,7.117,0.309,0.758,0.278,10.715,0.880,0.000,0.0000
842.650,-96.500,7.144,0.308,0.768,0.271,10.716,0.920,0.000,0.0000
842.660,-96.492,7.172,0.307,0.778,0.263,10.716,0.960,0.000,0.0000
842.670,-96.485,7.200,0.307,0.789,0.255,10.716,1.000,0.000,0.0000
842.680,-96.477,7.229,0.306,0.800,0.247,10.716,1.000,0.000,0.0000
842.690,-96.468,7.258,0.306,0.811,0.239,10.716,1.000,0.000,0.0000
842.700,-96.460,7.288,0.306,0.822,0.231,10.716,1.000,0.000,0.0000
842.710,-96.452,7.317,0.306,0.833,0.222,10.716,1.000,0.000,0.0000
842.720,-96.443,7.348,0.306,0.844,0.214,10.716,1.000,0.000,0.0000
842.730,-96.435,7.378,0.306,0.855,0.206,10.715,1.000,0.000,0.0000
842.740,-96.426,7.409,0.306,0.865,0.197,10.715,1.000,0.000,0.0000
842.750,-96.418,7.441,0.306,0.876,0.188,10.714,1.000,0.000,0.0000
842.760,-96.409,7.472,0.306,0.886,0.179,10.714,1.000,0.000,0.0000
842.770,-96.400,7.505,0.306,0.896,0.171,10.713,1.000,0.000,0.0000
842.780,-96.391,7.537,0.307,0.906,0.162,10.713,1.000,0.000,0.0000
842.790,-96.382,7.570,0.307,0.917,0.152,10.712,1.000,0.000,0.0000
842.800,-96.372,7.604,0.307,0.927,0.143,10.711,1.000,0.000,0.0000
842.810,-96.363,7.638,0.307,0.937,0.134,10.711,1.000,0.000,0.0000
842.820,-96.353,7.672,0.308,0.947,0.125,10.710,1.000,0.000,0.0000
842.830,-96.344,7.706,0.308,0.957,0.115,10.709,1.000,0.000,0.0000
842.840,-96.334,7.741,0.309,0.967,0.106,10.709,1.000,0.000,0.0000
842.850,-96.324,7.777,0.309,0.977,0.096,10.708,1.000,0.000,0.0000
842.860,-96.315,7.813,0.309,0.987,0.087,10.707,1.000,0.000,0.0000
842.870,-96.305,7.849,0.310,0.997,0.077,10.707,1.000,0.000,0.0000
842.880,-96.295,7.885,0.310,1.007,0.068,10.706,1.000,0.000,0.0000
842.890,-96.284,7.922,0.310,1.017,0.058,10.706,1.000,0.000,0.0000
842.900,-96.274,7.960,0.311,1.027,0.049,10.705,1.000,0.000,0.0000
842.910,-96.264,7.997,0.311,1.037,0.040,10.704,1.000,0.000,0.0000
842.920,-96.253,8.035,0.311,1.047,0.031,10.704,1.000,0.000,0.0000
842.930,-96.243,8.074,0.311,1.057,0.025,10.704,1.000,0.000,0.0000
842.940,-96.232,8.112,0.311,1.068,0.022,10.703,1.000,0.000,0.0000
842.950,-96.221,8.152,0.312,1.077,0.023,10.703,1.000,0.000,0.0000
842.960,-96.210,8.191,0.312,1.085,0.029,10.702,1.000,0.000,0.0000
842.970,-96.200,8.231,0.312,1.093,0.037,10.702,1.000,0.000,0.0000
842.980,-96.189,8.271,0.312,1.100,0.047,10.702,1.000,0.000,0.0000
842.990,-96.177,8.312,0.312,1.108,0.057,10.702,1.000,0.000,0.0000
843.000,-96.166,8.353,0.312,1.117,0.067,10.701,1.000,0.000,0.0000
843.010,-96.155,8.394,0.312,1.127,0.078,10.701,1.000,0.000,0.0000
843.020,-96.144,8.436,0.312,1.138,0.089,10.701,1.000,0.000,0.0000
843.030,-96.132,8.478,0.312,1.149,0.100,10.701,1.000,0.000,0.0000
843.040,-96.121,8.521,0.312,1.160,0.112,10.701,1.000,0.000,0.0000
843.050,-96.109,8.564,0.312,1.170,0.123,10.701,1.000,0.000,0.0000
843.060,-96.097,8.607,0.312,1.182,0.135,10.701,1.000,0.000,0.0000
843.070,-96.085,8.650,0.311,1.193,0.147,10.701,1.000,0.000,0.0000
843.080,-96.073,8.695,0.311,1.205,0.158,10.701,1.000,0.000,0.0000
843.090,-96.061,8.739,0.311,1.218,0.170,10.701,1.000,0.000,0.0000
843.100,-96.049,8.784,0.311,1.230,0.183,10.701,1.000,0.000,0.0000
843.110,-96.036,8.829,0.311,1.242,0.195,10.701,1.000,0.000,0.0000
843.120,-96.024,8.875,0.311,1.255,0.207,10.701,1.000,0.000,0.0000
843.130,-96.011,8.921,0.310,1.267,0.220,10.702,1.000,0.000,0.0000
843.140,-95.998,8.967,0.310,1.279,0.233,10.702,1.000,0.000,0.0000
843.150,-95.985,9.014,0.310,1.291,0.246,10.702,1.000,0.000,0.0000
843.160,-95.972,9.061,0.310,1.302,0.259,10.702,1.000,0.000,0.0000
843.170,-95.959,9.109,0.310,1.314,0.272,10.702,1.000,0.000,0.0000
843.180,-95.946,9.157,0.310,1.325,0.285,10.702,1.000,0.000,0.0000
843.190,-95.932,9.205,0.310,1.336,0.298,10.702,1.000,0.000,0.0000
843.200,-95.919,9.254,0.310,1.347,0.312,10.703,1.000,0.000,0.0000
843.210,-95.905,9.303,0.310,1.355,0.325,10.703,1.000,0.000,0.0000
843.220,-95.892,9.352,0.310,1.367,0.339,10.703,1.000,0.000,0.0000
843.230,-95.878,9.402,0.310,1.380,0.353,10.703,1.000,0.000,0.0000
843.240,-95.864,9.452,0.310,1.394,0.367,10.703,1.000,0.000,0.0000
843.250,-95.850,9.502,0.310,1.407,0.381,10.703,1.000,0.000,0.0000
843.260,-95.836,9.553,0.310,1.419,0.395,10.704,1.000,0.000,0.0000
843.270,-95.821,9.604,0.310,1.431,0.409,10.704,1.000,0.000,0.0000
843.280,-95.807,9.656,0.310,1.443,0.423,10.704,1.000,0.000,0.0000
843.290,-95.792,9.708,0.310,1.454,0.438,10.704,1.000,0.000,0.0000
843.300,-95.778,9.760,0.310,1.465,0.453,10.705,1.000,0.000,0.0000
843.310,-95.763,9.813,0.310,1.475,0.467,10.705,1.000,0.000,0.0000
843.320,-95.748,9.866,0.310,1.485,0.482,10.705,1.000,0.000,0.0000
843.330,-95.733,9.920,0.310,1.496,0.497,10.705,1.000,0.000,0.0000
843.340,-95.718,9.974,0.310,1.505,0.512,10.706,1.000,0.000,0.0000
843.350,-95.703,10.028,0.310,1.515,0.527,10.706,1.000,0.000,0.0000
843.360,-95.688,10.083,0.310,1.524,0.543,10.707,1.000,0.000,0.0000
843.370,-95.672,10.139,0.310,1.533,0.558,10.707,1.000,0.000,0.0000
843.380,-95.657,10.194,0.310,1.542,0.573,10.708,1.000,0.000,0.0000
843.390,-95.642,10.250,0.310,1.551,0.589,10.708,1.000,0.000,0.0000
843.400,-95.626,10.307,0.310,1.560,0.604,10.709,1.000,0.000,0.0000
843.410,-95.610,10.363,0.310,1.569,0.620,10.709,1.000,0.000,0.0000
843.420,-95.595,10.421,0.310,1.575,0.636,10.710,1.000,0.000,0.0000
843.430,-95.579,10.478,0.310,1.580,0.652,10.710,1.000,0.000,0.0000
843.440,-95.563,10.536,0.310,1.586,0.667,10.711,1.000,0.000,0.0000
843.450,-95.547,10.594,0.310,1.594,0.683,10.711,1.000,0.000,0.0000
843.460,-95.531,10.652,0.310,1.602,0.699,10.712,1.000,0.000,0.0000
843.470,-95.515,10.711,0.310,1.610,0.715,10.713,1.000,0.000,0.0000
843.480,-95.499,10.771,0.310,1.620,0.732,10.713,1.000,0.000,0.0000
843.490,-95.482,10.830,0.311,1.630,0.748,10.714,1.000,0.000,0.0000
843.500,-95.466,10.890,0.311,1.641,0.764,10.715,1.000,0.000,0.0000
843.510,-95.449,10.951,0.311,1.653,0.781,10.716,1.000,0.000,0.0000
843.520,-95.433,11.012,0.311,1.665,0.798,10.716,1.000,0.000,0.0000
843.530,-95.416,11.073,0.310,1.677,0.814,10.717,1.000,0.000,0.0000
843.540,-95.399,11.135,0.310,1.689,0.831,10.718,1.000,0.000,0.0000
843.550,-95.382,11.197,0.310,1.702,0.848,10.719,1.000,0.000,0.0000
843.560,-95.365,11.260,0.310,1.714,0.865,10.720,1.000,0.000,0.0000
843.570,-95.348,11.323,0.310,1.726,0.883,10.722,1.000,0.000,0.0000
843.580,-95.330,11.386,0.310,1.738,0.900,10.723,1.000,0.000,0.0000
843.590,-95.313,11.450,0.310,1.750,0.917,10.724,1.000,0.000,0.0000
843.600,-95.295,11.514,0.310,1.762,0.935,10.725,1.000,0.000,0.0000
843.610,-95.277,11.578,0.310,1.770,0.953,10.726,1.000,0.000,0.0000
843.620,-95.260,11.643,0.310,1.783,0.971,10.727,1.000,0.000,0.0000
843.630,-95.242,11.708,0.310,1.797,0.989,10.729,1.000,0.000,0.0000
843.640,-95.224,11.773,0.310,1.811,1.007,10.730,1.000,0.000,0.0000
843.650,-95.205,11.839,0.310,1.826,1.025,10.731,1.000,0.000,0.0000
843.660,-95.187,11.905,0.310,1.840,1.043,10.733,1.000,0.000,0.0000
843.670,-95.168,11.972,0.310,1.853,1.062,10.734,1.000,0.000,0.0000
843.680,-95.150,12.039,0.310,1.866,1.081,10.735,1.000,0.000,0.0000
843.690,-95.131,12.106,0.310,1.879,1.099,10.737,1.000,0.000,0.0000
843.700,-95.112,12.174,0.310,1.891,1.118,10.739,1.000,0.000,0.0000
843.710,-95.093,12.242,0.310,1.902,1.137,10.740,1.000,0.000,0.0000
843.720,-95.074,12.311,0.310,1.913,1.156,10.742,1.000,0.000,0.0000
843.730,-95.055,12.380,0.310,1.923,1.176,10.744,1.000,0.000,0.0000
843.740,-95.035,12.449,0.310,1.932,1.195,10.745,1.000,0.000,0.0000
843.750,-95.016,12.519,0.310,1.941,1.214,10.747,1.000,0.000,0.0000
843.760,-94.996,12.589,0.310,1.950,1.234,10.749,1.000,0.000,0.0000
843.770,-94.977,12.660,0.310,1.958,1.253,10.751,1.000,0.000,0.0000
843.780,-94.957,12.730,0.310,1.965,1.273,10.753,1.000,0.000,0.0000
843.790,-94.937,12.801,0.310,1.968,1.293,10.755,1.000,0.000,0.0000
843.800,-94.918,12.873,0.310,1.971,1.312,10.756,1.000,0.000,0.0000
843.810,-94.898,12.945,0.310,1.977,1.332,10.758,1.000,0.000,0.0000
843.820,-94.878,13.017,0.310,1.984,1.352,10.760,1.000,0.000,0.0000
843.830,-94.858,13.089,0.310,1.993,1.372,10.762,1.000,0.000,0.0000
843.840,-94.838,13.163,0.310,2.003,1.392,10.765,1.000,0.000,0.0000
843.850,-94.818,13.236,0.310,2.014,1.412,10.767,1.000,0.000,0.0000
843.860,-94.798,13.310,0.310,2.025,1.432,10.769,1.000,0.000,0.0000
843.870,-94.777,13.385,0.310,2.036,1.453,10.771,1.000,0.000,0.0000
843.880,-94.757,13.460,0.310,2.047,1.473,10.774,1.000,0.000,0.0000
843.890,-94.736,13.535,0.310,2.058,1.494,10.776,1.000,0.000,0.0000
843.900,-94.716,13.610,0.310,2.070,1.514,10.779,1.000,0.000,0.0000
843.910,-94.695,13.686,0.310,2.081,1.535,10.781,1.000,0.000,0.0000
843.920,-94.674,13.763,0.310,2.091,1.556,10.784,1.000,0.000,0.0080
843.930,-94.653,13.840,0.310,2.103,1.577,10.786,1.000,0.000,0.0160
843.940,-94.632,13.916,0.310,2.109,1.598,10.789,1.000,0.000,0.0240
843.950,-94.611,13.993,0.310,2.119,1.619,10.792,1.000,0.000,0.0320
843.960,-94.589,14.071,0.310,2.132,1.641,10.794,1.000,0.000,0.0400
843.970,-94.568,14.148,0.310,2.146,1.662,10.797,1.000,0.000,0.0480
843.980,-94.546,14.226,0.311,2.161,1.684,10.800,1.000,0.000,0.0560
843.990,-94.525,14.305,0.311,2.176,1.706,10.803,1.000,0.000,0.0640
844.000,-94.503,14.384,0.311,2.191,1.728,10.806,1.000,0.000,0.0720
844.010,-94.481,14.463,0.311,2.207,1.750,10.809,1.000,0.000,0.0800
844.020,-94.458,14.542,0.311,2.223,1.772,10.812,1.000,0.000,0.0880
844.030,-94.436,14.622,0.311,2.239,1.794,10.815,1.000,0.000,0.0580
844.040,-94.413,14.702,0.311,2.259,1.817,10.818,1.000,0.000,0.0280
844.050,-94.391,14.783,0.311,2.281,1.840,10.822,1.000,0.000,0.0000
844.060,-94.367,14.865,0.311,2.305,1.863,10.825,1.000,0.000,0.0000
844.070,-94.344,14.947,0.310,2.327,1.886,10.829,1.000,0.000,0.0000
844.080,-94.321,15.029,0.310,2.342,1.909,10.833,1.000,0.000,0.0000
844.090,-94.297,15.111,0.310,2.354,1.933,10.836,1.000,0.000,0.0000
844.100,-94.274,15.194,0.310,2.365,1.957,10.840,1.000,0.000,0.0000
844.110,-94.250,15.277,0.310,2.377,1.980,10.844,1.000,0.000,0.0000
844.120,-94.226,15.361,0.310,2.391,2.004,10.848,1.000,0.000,0.0000
844.130,-94.202,15.444,0.310,2.406,2.028,10.852,1.000,0.000,0.0000
844.140,-94.178,15.529,0.310,2.422,2.052,10.856,1.000,0.000,0.0000
844.150,-94.153,15.613,0.310,2.438,2.077,10.860,1.000,0.000,0.0000
844.160,-94.129,15.699,0.310,2.454,2.101,10.864,1.000,0.000,0.0000
844.170,-94.104,15.784,0.310,2.468,2.126,10.869,1.000,0.000,0.0000
844.180,-94.079,15.870,0.310,2.483,2.151,10.873,1.000,0.000,0.0000
844.190,-94.054,15.957,0.310,2.496,2.176,10.878,1.000,0.000,0.0000
844.200,-94.029,16.044,0.310,2.508,2.201,10.882,1.000,0.000,0.0000
844.210,-94.004,16.131,0.310,2.515,2.226,10.887,1.000,0.000,0.0000
844.220,-93.979,16.218,0.310,2.517,2.251,10.891,1.000,0.000,0.0000
844.230,-93.953,16.305,0.310,2.540,2.277,10.896,1.000,0.000,0.0000
844.240,-93.928,16.393,0.310,2.562,2.302,10.901,1.000,0.000,0.0000
844.250,-93.902,16.481,0.310,2.581,2.328,10.906,1.000,0.000,0.0000
844.260,-93.876,16.570,0.310,2.600,2.354,10.911,1.000,0.000,0.0000
844.270,-93.850,16.660,0.310,2.617,2.380,10.916,1.000,0.000,0.0000
844.280,-93.824,16.749,0.310,2.632,2.407,10.921,1.000,0.000,0.0000
844.290,-93.797,16.840,0.310,2.647,2.433,10.927,1.000,0.000,0.0000
844.300,-93.770,16.930,0.310,2.660,2.460,10.932,1.000,0.000,0.0000
844.310,-93.744,17.022,0.310,2.671,2.486,10.938,1.000,0.000,0.0000
844.320,-93.717,17.113,0.310,2.682,2.513,10.943,1.000,0.000,0.0000
844.330,-93.690,17.205,0.310,2.691,2.540,10.949,1.000,0.000,0.0000
844.340,-93.663,17.297,0.310,2.697,2.567,10.954,1.000,0.000,0.0000
844.350,-93.636,17.389,0.310,2.701,2.594,10.960,1.000,0.000,0.0000
844.360,-93.609,17.481,0.310,2.706,2.621,10.966,1.000,0.000,0.0000
844.370,-93.582,17.574,0.310,2.715,2.648,10.972,1.000,0.000,0.0000
844.380,-93.555,17.668,0.310,2.725,2.675,10.978,1.000,0.000,0.0080
844.390,-93.527,17.762,0.310,2.737,2.703,10.984,1.000,0.000,0.0160
844.400,-93.500,17.856,0.310,2.751,2.730,10.990,1.000,0.000,0.0240
844.410,-93.472,17.951,0.310,2.765,2.758,10.996,1.000,0.000,0.0320
844.420,-93.444,18.046,0.310,2.779,2.786,11.003,1.000,0.000,0.0400
844.430,-93.416,18.142,0.310,2.792,2.814,11.009,1.000,0.000,0.0480
844.440,-93.388,18.239,0.310,2.806,2.842,11.016,1.000,0.000,0.0560
844.450,-93.360,18.335,0.310,2.820,2.870,11.023,1.000,0.000,0.0640
844.460,-93.332,18.432,0.310,2.820,2.898,11.030,1.000,0.000,0.0720
844.470,-93.304,18.529,0.310,2.828,2.926,11.036,1.000,0.000,0.0800
844.480,-93.275,18.625,0.310,2.842,2.955,11.043,1.000,0.000,0.0880
844.490,-93.247,18.722,0.311,2.861,2.983,11.050,1.000,0.000,0.0960
844.500,-93.218,18.820,0.311,2.883,3.012,11.057,1.000,0.000,0.1040
844.510,-93.189,18.917,0.311,2.908,3.041,11.064,1.000,0.000,0.1120
844.520,-93.159,19.015,0.311,2.935,3.071,11.072,1.000,0.000,0.1200
844.530,-93.130,19.113,0.311,2.962,3.100,11.079,1.000,0.000,0.1280
844.540,-93.100,19.212,0.311,2.991,3.130,11.087,1.000,0.000,0.1360
844.550,-93.070,19.311,0.311,3.019,3.160,11.095,1.000,0.000,0.1440
844.560,-93.039,19.410,0.312,3.048,3.191,11.103,1.000,0.000,0.1520
844.570,-93.008,19.509,0.312,3.077,3.222,11.111,1.000,0.000,0.1600
844.580,-92.977,19.609,0.312,3.107,3.253,11.119,1.000,0.000,0.1680
844.590,-92.946,19.709,0.312,3.166,3.284,11.128,1.000,0.000,0.1760
844.600,-92.913,19.809,0.312,3.217,3.317,11.137,0.940,0.000,0.1840
844.610,-92.881,19.911,0.311,3.260,3.349,11.146,0.880,0.000,0.1920
844.620,-92.848,20.012,0.311,3.298,3.382,11.155,0.820,0.000,0.2000
844.630,-92.815,20.114,0.311,3.335,3.416,11.165,0.760,0.000,0.2080
844.640,-92.781,20.215,0.311,3.370,3.449,11.175,0.700,0.000,0.2160
844.650,-92.747,20.316,0.311,3.403,3.483,11.184,0.640,0.000,0.2240
844.660,-92.712,20.415,0.312,3.443,3.518,11.194,0.580,0.000,0.2320
844.670,-92.678,20.514,0.313,3.471,3.552,11.203,0.520,0.000,0.2400
844.680,-92.643,20.611,0.314,3.452,3.587,11.212,0.460,0.000,0.2480
844.690,-92.609,20.706,0.316,3.451,3.621,11.221,0.400,0.000,0.2560
844.700,-92.574,20.801,0.317,3.467,3.656,11.230,0.340,0.000,0.2640
844.710,-92.539,20.895,0.319,3.496,3.691,11.239,0.280,0.000,0.2720
844.720,-92.504,20.988,0.321,3.533,3.726,11.248,0.220,0.000,0.2800
844.730,-92.468,21.080,0.322,3.574,3.762,11.258,0.160,0.000,0.2880
844.740,-92.432,21.172,0.324,3.617,3.798,11.268,0.100,0.000,0.2960
844.750,-92.396,21.263,0.326,3.660,3.835,11.278,0.040,0.000,0.3040
844.760,-92.359,21.354,0.327,3.700,3.872,11.288,0.000,0.000,0.3120
844.770,-92.321,21.444,0.328,3.736,3.909,11.299,0.000,0.000,0.3200
844.780,-92.284,21.532,0.330,3.770,3.947,11.310,0.000,0.000,0.3280
844.790,-92.246,21.620,0.331,3.802,3.985,11.322,0.000,0.000,0.3360
844.800,-92.207,21.707,0.332,3.831,4.023,11.333,0.000,0.000,0.3440
844.810,-92.169,21.793,0.333,3.860,4.062,11.345,0.000,0.000,0.3520
844.820,-92.130,21.878,0.334,3.888,4.100,11.357,0.000,0.000,0.3600
844.830,-92.091,21.962,0.335,3.916,4.140,11.370,0.000,0.000,0.3680
844.840,-92.051,22.045,0.336,4.006,4.180,11.383,0.000,0.000,0.3760
844.850,-92.010,22.129,0.336,4.073,4.220,11.397,0.000,0.000,0.3840
844.860,-91.969,22.212,0.336,4.127,4.262,11.412,0.000,0.000,0.3920
844.870,-91.927,22.294,0.336,4.168,4.303,11.426,0.000,0.000,0.4000
844.880,-91.885,22.375,0.336,4.198,4.345,11.441,0.000,0.000,0.4080
844.890,-91.843,22.454,0.336,4.171,4.387,11.456,0.000,0.000,0.4160
844.900,-91.802,22.532,0.337,4.166,4.429,11.471,0.000,0.000,0.4240
844.910,-91.760,22.608,0.337,4.176,4.470,11.486,0.000,0.000,0.3940
844.920,-91.718,22.683,0.337,4.204,4.512,11.502,0.000,0.000,0.3640
844.930,-91.675,22.757,0.337,4.245,4.555,11.517,0.000,0.000,0.3340
844.940,-91.632,22.831,0.337,4.298,4.598,11.534,0.000,0.000,0.3040
844.950,-91.589,22.904,0.337,4.359,4.642,11.550,0.000,0.000,0.2740
844.960,-91.544,22.977,0.337,4.426,4.686,11.568,0.000,0.000,0.2440
844.970,-91.500,23.049,0.336,4.496,4.731,11.586,0.000,0.000,0.2140
844.980,-91.454,23.121,0.335,4.569,4.776,11.605,0.000,0.000,0.1840
844.990,-91.407,23.192,0.334,4.642,4.823,11.624,0.000,0.000,0.1540
845.000,-91.360,23.264,0.333,4.714,4.870,11.644,0.000,0.000,0.1240
845.010,-91.312,23.335,0.331,4.786,4.918,11.664,0.000,0.000,0.0940
845.020,-91.264,23.406,0.329,4.857,4.966,11.685,0.000,0.000,0.0640
845.030,-91.215,23.477,0.328,4.925,5.015,11.707,0.000,0.000,0.0340
845.040,-91.165,23.547,0.326,4.992,5.065,11.729,0.000,0.000,0.0040
845.050,-91.114,23.618,0.324,5.058,5.116,11.752,0.000,0.000,0.0000
845.060,-91.063,23.688,0.322,5.092,5.167,11.775,0.000,0.000,0.0000
845.070,-91.012,23.758,0.321,5.121,5.218,11.798,0.000,0.000,0.0000
845.080,-90.961,23.827,0.319,5.147,5.269,11.821,0.000,0.000,0.0000
845.090,-90.909,23.896,0.318,5.144,5.321,11.844,0.000,0.000,0.0000
845.100,-90.858,23.964,0.317,5.134,5.372,11.867,0.000,0.000,0.0000
845.110,-90.807,24.032,0.316,5.123,5.423,11.890,0.000,0.000,0.0000
845.120,-90.756,24.099,0.315,5.116,5.474,11.914,0.000,0.000,0.0000
845.130,-90.704,24.167,0.314,5.117,5.526,11.937,0.000,0.000,0.0000
845.140,-90.653,24.234,0.314,5.140,5.577,11.960,0.000,0.000,0.0000
845.150,-90.602,24.301,0.313,5.158,5.629,11.984,0.000,0.000,0.0000
845.160,-90.550,24.369,0.313,5.165,5.680,12.007,0.000,0.000,0.0000
845.170,-90.498,24.436,0.313,5.165,5.732,12.031,0.000,0.000,0.0000
845.180,-90.447,24.503,0.312,5.159,5.783,12.055,0.000,0.000,0.0000
845.190,-90.395,24.569,0.312,5.148,5.835,12.079,0.000,0.000,0.0000
845.200,-90.344,24.636,0.313,5.134,5.886,12.102,0.000,0.000,0.0000
845.210,-90.293,24.702,0.313,5.117,5.937,12.126,0.000,0.000,0.0000
845.220,-90.242,24.767,0.313,5.099,5.988,12.150,0.000,0.000,0.0000
845.230,-90.191,24.833,0.314,5.079,6.039,12.173,0.000,0.000,0.0000
845.240,-90.140,24.898,0.315,5.058,6.090,12.197,0.000,0.000,0.0000
845.250,-90.090,24.962,0.315,5.035,6.140,12.221,0.000,0.000,0.0000
845.260,-90.040,25.027,0.316,5.004,6.190,12.244,0.000,0.000,0.0000
845.270,-89.990,25.090,0.317,4.958,6.240,12.268,0.040,0.000,0.0000
845.280,-89.941,25.154,0.318,4.918,6.289,12.291,0.080,0.000,0.0000
845.290,-89.892,25.217,0.320,4.884,6.338,12.314,0.120,0.000,0.0000
845.300,-89.844,25.279,0.321,4.854,6.386,12.337,0.160,0.000,0.0000
845.310,-89.796,25.341,0.322,4.828,6.435,12.360,0.200,0.000,0.0000
845.320,-89.747,25.403,0.323,4.805,6.483,12.384,0.240,0.000,0.0000
845.330,-89.700,25.465,0.324,4.784,6.530,12.407,0.280,0.000,0.0000
845.340,-89.652,25.526,0.325,4.765,6.578,12.431,0.320,0.000,0.0000
845.350,-89.605,25.587,0.325,4.746,6.626,12.454,0.360,0.000,0.0000
845.360,-89.557,25.648,0.326,4.727,6.673,12.478,0.400,0.000,0.0000
845.370,-89.510,25.709,0.327,4.707,6.720,12.502,0.440,0.000,0.0000
845.380,-89.463,25.769,0.327,4.687,6.767,12.526,0.480,0.000,0.0000
845.390,-89.417,25.829,0.327,4.667,6.813,12.550,0.520,0.000,0.0000
845.400,-89.370,25.889,0.328,4.645,6.860,12.574,0.560,0.000,0.0000
845.410,-89.324,25.948,0.328,4.622,6.906,12.598,0.600,0.000,0.0000
845.420,-89.278,26.007,0.328,4.598,6.952,12.623,0.640,0.000,0.0000
845.430,-89.232,26.065,0.328,4.567,6.998,12.647,0.680,0.000,0.0000
845.440,-89.187,26.123,0.328,4.555,7.043,12.671,0.720,0.000,0.0000
845.450,-89.141,26.181,0.328,4.560,7.089,12.696,0.760,0.000,0.0000
845.460,-89.095,26.239,0.328,4.578,7.135,12.721,0.800,0.000,0.0000
845.470,-89.049,26.298,0.327,4.604,7.181,12.747,0.840,0.000,0.0000
845.480,-89.003,26.356,0.326,4.634,7.227,12.773,0.880,0.000,0.0000
845.490,-88.956,26.415,0.325,4.666,7.274,12.799,0.820,0.000,0.0000
845.500,-88.909,26.474,0.324,4.698,7.321,12.826,0.760,0.000,0.0080
845.510,-88.862,26.534,0.323,4.727,7.368,12.853,0.700,0.000,0.0160
845.520,-88.815,26.594,0.321,4.754,7.415,12.881,0.640,0.000,0.0240
845.530,-88.767,26.654,0.320,4.764,7.463,12.909,0.580,0.000,0.0320
845.540,-88.719,26.714,0.319,4.760,7.511,12.937,0.520,0.000,0.0400
845.550,-88.672,26.774,0.317,4.745,7.558,12.964,0.460,0.000,0.0480
845.560,-88.625,26.833,0.316,4.723,7.605,12.992,0.400,0.000,0.0560
845.570,-88.578,26.892,0.316,4.697,7.652,13.019,0.340,0.000,0.0640
845.580,-88.531,26.951,0.315,4.669,7.699,13.046,0.280,0.000,0.0720
845.590,-88.485,27.010,0.315,4.646,7.745,13.073,0.220,0.000,0.0800
845.600,-88.438,27.068,0.314,4.623,7.792,13.100,0.160,0.000,0.0880
845.610,-88.392,27.126,0.314,4.614,7.838,13.127,0.100,0.000,0.0960
845.620,-88.346,27.184,0.314,4.602,7.884,13.154,0.040,0.000,0.1040
845.630,-88.300,27.242,0.314,4.592,7.930,13.181,0.000,0.000,0.1120
845.640,-88.255,27.299,0.314,4.581,7.975,13.207,0.000,0.000,0.1200
845.650,-88.209,27.356,0.314,4.570,8.021,13.234,0.000,0.000,0.1280
845.660,-88.163,27.414,0.315,4.557,8.067,13.261,0.000,0.000,0.1360
845.670,-88.118,27.470,0.315,4.545,8.112,13.287,0.000,0.000,0.1440
845.680,-88.073,27.527,0.316,4.532,8.157,13.314,0.000,0.000,0.1520
845.690,-88.027,27.583,0.316,4.520,8.203,13.340,0.000,0.000,0.1600
845.700,-87.982,27.639,0.317,4.507,8.248,13.367,0.000,0.000,0.1680
845.710,-87.937,27.694,0.318,4.487,8.293,13.393,0.000,0.000,0.1760
845.720,-87.893,27.748,0.319,4.461,8.337,13.419,0.000,0.000,0.1840
845.730,-87.848,27.802,0.320,4.436,8.382,13.445,0.000,0.000,0.1920
845.740,-87.804,27.854,0.321,4.400,8.426,13.471,0.000,0.000,0.2000
845.750,-87.761,27.907,0.322,4.372,8.469,13.497,0.000,0.000,0.2080
845.760,-87.717,27.958,0.323,4.349,8.513,13.523,0.000,0.000,0.2160
845.770,-87.674,28.010,0.324,4.328,8.556,13.548,0.000,0.000,0.2240
845.780,-87.631,28.060,0.325,4.306,8.599,13.574,0.000,0.000,0.2320
845.790,-87.588,28.110,0.326,4.279,8.642,13.600,0.000,0.000,0.2400
845.800,-87.546,28.159,0.327,4.251,8.684,13.625,0.000,0.000,0.2480
845.810,-87.504,28.208,0.328,4.223,8.727,13.651,0.000,0.000,0.2560
845.820,-87.461,28.256,0.329,4.202,8.769,13.676,0.000,0.000,0.2640
845.830,-87.420,28.304,0.330,4.185,8.810,13.702,0.000,0.000,0.2720
845.840,-87.378,28.350,0.330,4.170,8.852,13.727,0.000,0.000,0.2800
845.850,-87.336,28.397,0.331,4.156,8.894,13.753,0.000,0.000,0.2880
845.860,-87.295,28.443,0.331,4.141,8.935,13.779,0.000,0.000,0.2960
845.870,-87.254,28.488,0.331,4.126,8.976,13.805,0.000,0.000,0.3040
845.880,-87.213,28.533,0.332,4.110,9.017,13.831,0.000,0.000,0.3120
845.890,-87.172,28.577,0.332,4.094,9.058,13.857,0.000,0.000,0.3200
845.900,-87.131,28.621,0.332,4.078,9.099,13.883,0.000,0.000,0.3280
845.910,-87.090,28.664,0.331,4.061,9.140,13.909,0.000,0.000,0.3360
845.920,-87.050,28.706,0.331,4.043,9.180,13.935,0.000,0.000,0.3440
845.930,-87.010,28.748,0.331,4.025,9.220,13.961,0.000,0.000,0.3520
845.940,-86.970,28.790,0.331,4.008,9.261,13.987,0.000,0.000,0.3600
845.950,-86.930,28.831,0.330,3.994,9.300,14.013,0.000,0.000,0.3680
845.960,-86.890,28.871,0.330,3.983,9.340,14.039,0.000,0.000,0.3760
845.970,-86.850,28.912,0.329,3.975,9.380,14.066,0.000,0.000,0.3840
845.980,-86.810,28.951,0.329,3.969,9.420,14.092,0.000,0.000,0.3920
845.990,-86.771,28.991,0.328,3.964,9.459,14.118,0.000,0.000,0.4000
846.000,-86.731,29.030,0.327,4.011,9.499,14.145,0.000,0.000,0.3700
846.010,-86.690,29.068,0.326,4.030,9.540,14.172,0.000,0.000,0.3400
846.020,-86.650,29.107,0.326,4.026,9.580,14.199,0.000,0.000,0.3100
846.030,-86.610,29.144,0.325,4.009,9.620,14.226,0.000,0.000,0.2800
846.040,-86.570,29.181,0.324,3.986,9.660,14.253,0.000,0.000,0.2500
846.050,-86.531,29.217,0.324,3.963,9.700,14.280,0.000,0.000,0.2200
846.060,-86.491,29.253,0.323,3.940,9.739,14.306,0.000,0.000,0.1900
846.070,-86.452,29.288,0.323,3.919,9.778,14.332,0.040,0.000,0.1600
846.080,-86.413,29.322,0.323,3.900,9.817,14.359,0.080,0.000,0.1300
846.090,-86.374,29.356,0.323,3.884,9.856,14.385,0.120,0.000,0.1000
846.100,-86.335,29.390,0.323,3.872,9.895,14.411,0.160,0.000,0.0700
846.110,-86.297,29.423,0.323,3.863,9.933,14.437,0.200,0.000,0.0400
846.120,-86.258,29.456,0.322,3.858,9.972,14.463,0.240,0.000,0.0100
846.130,-86.220,29.489,0.322,3.856,10.010,14.489,0.280,0.000,0.0000
846.140,-86.181,29.521,0.322,3.858,10.049,14.515,0.320,0.000,0.0000
846.150,-86.142,29.554,0.322,3.863,10.088,14.541,0.360,0.000,0.0000
846.160,-86.104,29.586,0.322,3.865,10.126,14.568,0.400,0.000,0.0000
846.170,-86.065,29.618,0.321,3.864,10.165,14.594,0.440,0.000,0.0000
846.180,-86.027,29.650,0.321,3.859,10.204,14.621,0.480,0.000,0.0000
846.190,-85.988,29.681,0.321,3.870,10.242,14.647,0.520,0.000,0.0000
846.200,-85.949,29.713,0.320,3.895,10.281,14.674,0.560,0.000,0.0000
846.210,-85.910,29.745,0.320,3.930,10.320,14.702,0.600,0.000,0.0000
846.220,-85.870,29.778,0.319,3.976,10.360,14.730,0.640,0.000,0.0000
846.230,-85.829,29.811,0.318,4.038,10.401,14.758,0.680,0.000,0.0000
846.240,-85.788,29.844,0.317,4.096,10.442,14.787,0.720,0.000,0.0000
846.250,-85.747,29.877,0.316,4.147,10.483,14.816,0.760,0.000,0.0000
846.260,-85.705,29.911,0.315,4.191,10.525,14.846,0.800,0.000,0.0000
846.270,-85.663,29.945,0.314,4.229,10.567,14.876,0.840,0.000,0.0000
846.280,-85.620,29.980,0.313,4.265,10.610,14.907,0.880,0.000,0.0000
846.290,-85.577,30.014,0.312,4.298,10.653,14.938,0.920,0.000,0.0000
846.300,-85.534,30.049,0.311,4.331,10.696,14.969,0.960,0.000,0.0000
846.310,-85.490,30.084,0.310,4.363,10.740,15.000,1.000,0.000,0.0000
846.320,-85.446,30.120,0.309,4.396,10.784,15.031,1.000,0.000,0.0000
846.330,-85.402,30.155,0.308,4.428,10.828,15.063,1.000,0.000,0.0000
846.340,-85.358,30.191,0.307,4.461,10.872,15.095,1.000,0.000,0.0000
846.350,-85.313,30.228,0.307,4.493,10.917,15.127,1.000,0.000,0.0000
846.360,-85.267,30.264,0.306,4.526,10.963,15.159,1.000,0.000,0.0000
846.370,-85.222,30.301,0.306,4.558,11.008,15.192,1.000,0.000,0.0000
846.380,-85.176,30.338,0.305,4.590,11.054,15.225,1.000,0.000,0.0000
846.390,-85.130,30.375,0.305,4.621,11.100,15.258,1.000,0.000,0.0000
846.400,-85.083,30.412,0.305,4.652,11.147,15.291,1.000,0.000,0.0000
846.410,-85.036,30.450,0.305,4.682,11.194,15.325,1.000,0.000,0.0000
846.420,-84.989,30.488,0.305,4.711,11.241,15.358,1.000,0.000,0.0000
846.430,-84.942,30.526,0.305,4.737,11.288,15.392,1.000,0.000,0.0000
846.440,-84.894,30.564,0.305,4.762,11.336,15.426,1.000,0.000,0.0000
846.450,-84.846,30.603,0.306,4.781,11.384,15.460,1.000,0.000,0.0000
846.460,-84.798,30.641,0.306,4.804,11.432,15.495,1.000,0.000,0.0000
846.470,-84.750,30.680,0.307,4.834,11.480,15.530,1.000,0.000,0.0000
846.480,-84.701,30.719,0.307,4.868,11.529,15.565,1.000,0.000,0.0000
846.490,-84.652,30.759,0.307,4.904,11.578,15.600,1.000,0.000,0.0000
846.500,-84.603,30.799,0.308,4.942,11.627,15.636,1.000,0.000,0.0000
846.510,-84.553,30.839,0.308,4.980,11.677,15.672,1.000,0.000,0.0000
846.520,-84.503,30.879,0.309,5.017,11.727,15.708,1.000,0.000,0.0000
846.530,-84.452,30.920,0.309,5.054,11.778,15.745,1.000,0.000,0.0000
846.540,-84.402,30.961,0.309,5.090,11.829,15.782,1.000,0.000,0.0000
846.550,-84.350,31.002,0.310,5.125,11.880,15.819,1.000,0.000,0.0000
846.560,-84.299,31.043,0.310,5.158,11.931,15.857,1.000,0.000,0.0000
846.570,-84.247,31.085,0.310,5.191,11.983,15.895,1.000,0.000,0.0000
846.580,-84.195,31.127,0.311,5.222,12.035,15.934,1.000,0.000,0.0000
846.590,-84.142,31.169,0.311,5.252,12.088,15.973,1.000,0.000,0.0000
846.600,-84.089,31.211,0.311,5.276,12.141,16.012,1.000,0.000,0.0000
846.610,-84.036,31.253,0.311,5.302,12.194,16.051,1.000,0.000,0.0000
846.620,-83.983,31.296,0.312,5.329,12.247,16.091,1.000,0.000,0.0000
846.630,-83.929,31.338,0.312,5.353,12.301,16.131,1.000,0.000,0.0000
846.640,-83.876,31.381,0.312,5.381,12.354,16.171,1.000,0.000,0.0000
846.650,-83.821,31.424,0.312,5.415,12.409,16.211,1.000,0.000,0.0000
846.660,-83.767,31.467,0.312,5.452,12.463,16.252,1.000,0.000,0.0080
846.670,-83.712,31.511,0.312,5.488,12.518,16.293,1.000,0.000,0.0160
846.680,-83.657,31.555,0.312,5.523,12.573,16.335,1.000,0.000,0.0240
846.690,-83.601,31.599,0.312,5.556,12.629,16.377,1.000,0.000,0.0320
846.700,-83.545,31.643,0.312,5.588,12.685,16.420,1.000,0.000,0.0400
846.710,-83.489,31.687,0.312,5.619,12.741,16.462,1.000,0.000,0.0480
846.720,-83.433,31.732,0.312,5.649,12.797,16.505,1.000,0.000,0.0560
846.730,-83.376,31.777,0.312,5.678,12.854,16.549,1.000,0.000,0.0640
846.740,-83.319,31.822,0.312,5.706,12.911,16.592,1.000,0.000,0.0720
846.750,-83.262,31.868,0.312,5.733,12.968,16.636,1.000,0.000,0.0800
846.760,-83.204,31.913,0.312,5.758,13.026,16.680,1.000,0.000,0.0880
846.770,-83.146,31.959,0.311,5.783,13.084,16.725,1.000,0.000,0.0960
846.780,-83.088,32.005,0.311,5.819,13.142,16.770,1.000,0.000,0.1040
846.790,-83.029,32.051,0.311,5.855,13.201,16.815,1.000,0.000,0.1120
846.800,-82.970,32.097,0.311,5.912,13.260,16.861,1.000,0.000,0.1200
846.810,-82.911,32.144,0.311,5.939,13.319,16.907,1.000,0.000,0.1280
846.820,-82.851,32.191,0.311,6.000,13.379,16.953,1.000,0.000,0.1360
846.830,-82.790,32.239,0.310,6.058,13.440,17.001,1.000,0.000,0.1440
846.840,-82.729,32.286,0.310,6.112,13.501,17.048,1.000,0.000,0.1520
846.850,-82.668,32.334,0.310,6.163,13.562,17.097,1.000,0.000,0.1600
846.860,-82.605,32.382,0.309,6.212,13.625,17.145,1.000,0.000,0.1680
846.870,-82.543,32.430,0.309,6.260,13.687,17.194,1.000,0.000,0.1760
846.880,-82.480,32.479,0.309,6.306,13.750,17.244,0.940,0.000,0.1840
846.890,-82.416,32.527,0.308,6.351,13.814,17.294,0.880,0.000,0.1920
846.900,-82.352,32.576,0.308,6.395,13.878,17.344,0.820,0.000,0.2000
846.910,-82.288,32.624,0.308,6.438,13.942,17.395,0.760,0.000,0.2080
846.920,-82.224,32.672,0.308,6.447,14.006,17.446,0.700,0.000,0.2160
846.930,-82.159,32.720,0.309,6.443,14.071,17.497,0.640,0.000,0.2240
846.940,-82.095,32.767,0.309,6.430,14.135,17.547,0.580,0.000,0.2320
846.950,-82.031,32.814,0.310,6.371,14.199,17.597,0.520,0.000,0.2400
846.960,-81.968,32.860,0.311,6.324,14.262,17.647,0.460,0.000,0.2480
846.970,-81.905,32.905,0.312,6.290,14.325,17.696,0.400,0.000,0.2560
846.980,-81.842,32.950,0.313,6.267,14.388,17.745,0.340,0.000,0.2640
846.990,-81.780,32.994,0.315,6.250,14.450,17.794,0.280,0.000,0.2720
847.000,-81.717,33.037,0.316,6.237,14.513,17.843,0.220,0.000,0.2800
847.010,-81.655,33.080,0.318,6.224,14.575,17.892,0.160,0.000,0.2880
847.020,-81.593,33.123,0.319,6.210,14.637,17.941,0.100,0.000,0.2960
847.030,-81.531,33.164,0.321,6.194,14.699,17.990,0.040,0.000,0.3040
847.040,-81.470,33.206,0.322,6.175,14.761,18.039,0.000,0.000,0.3120
847.050,-81.408,33.246,0.323,6.153,14.822,18.088,0.000,0.000,0.3200
847.060,-81.347,33.286,0.325,6.130,14.883,18.137,0.000,0.000,0.3280
847.070,-81.286,33.325,0.326,6.104,14.944,18.185,0.000,0.000,0.3360
847.080,-81.225,33.364,0.327,6.074,15.005,18.234,0.000,0.000,0.3440
847.090,-81.165,33.401,0.328,6.042,15.065,18.282,0.000,0.000,0.3520
847.100,-81.104,33.439,0.329,6.034,15.126,18.330,0.000,0.000,0.3600
847.110,-81.044,33.476,0.330,6.029,15.186,18.379,0.000,0.000,0.3680
847.120,-80.984,33.513,0.331,6.021,15.246,18.428,0.000,0.000,0.3760
847.130,-80.923,33.549,0.331,6.073,15.307,18.477,0.000,0.000,0.3840
847.140,-80.862,33.584,0.331,6.105,15.368,18.527,0.000,0.000,0.3920
847.150,-80.801,33.620,0.331,6.116,15.429,18.577,0.000,0.000,0.4000
847.160,-80.740,33.654,0.331,6.105,15.490,18.627,0.000,0.000,0.4080
847.170,-80.679,33.688,0.331,6.073,15.551,18.677,0.000,0.000,0.4160
847.180,-80.619,33.721,0.331,6.016,15.611,18.726,0.000,0.000,0.4240
847.190,-80.559,33.753,0.331,5.941,15.671,18.775,0.000,0.000,0.4320
847.200,-80.501,33.784,0.331,5.851,15.729,18.823,0.000,0.000,0.4400
847.210,-80.443,33.813,0.331,5.757,15.787,18.870,0.000,0.000,0.4480
847.220,-80.387,33.842,0.332,5.677,15.843,18.917,0.000,0.000,0.4560
847.230,-80.330,33.870,0.332,5.614,15.900,18.963,0.000,0.000,0.4640
847.240,-80.275,33.897,0.333,5.557,15.955,19.009,0.000,0.000,0.4720
847.250,-80.220,33.924,0.333,5.515,16.010,19.054,0.000,0.000,0.4420
847.260,-80.165,33.950,0.333,5.491,16.065,19.099,0.000,0.000,0.4120
847.270,-80.110,33.975,0.334,5.475,16.120,19.145,0.000,0.000,0.3820
847.280,-80.055,34.000,0.333,5.470,16.175,19.190,0.000,0.000,0.3520
847.290,-80.001,34.024,0.333,5.473,16.229,19.236,0.000,0.000,0.3220
847.300,-79.946,34.047,0.333,5.483,16.284,19.282,0.000,0.000,0.2920
847.310,-79.891,34.071,0.332,5.498,16.339,19.328,0.000,0.000,0.2620
847.320,-79.836,34.093,0.332,5.518,16.394,19.374,0.000,0.000,0.2320
847.330,-79.780,34.116,0.331,5.542,16.450,19.421,0.000,0.000,0.2020
847.340,-79.725,34.137,0.329,5.569,16.505,19.468,0.000,0.000,0.1720
847.350,-79.669,34.159,0.328,5.600,16.561,19.516,0.000,0.000,0.1420
847.360,-79.612,34.180,0.327,5.633,16.618,19.563,0.000,0.000,0.1120
847.370,-79.556,34.201,0.325,5.667,16.674,19.612,0.000,0.000,0.0820
847.380,-79.499,34.222,0.324,5.702,16.731,19.660,0.000,0.000,0.0520
847.390,-79.442,34.242,0.322,5.685,16.788,19.709,0.000,0.000,0.0220
847.400,-79.385,34.262,0.321,5.683,16.845,19.757,0.000,0.000,0.0000
847.410,-79.328,34.282,0.320,5.679,16.902,19.806,0.000,0.000,0.0000
847.420,-79.271,34.301,0.318,5.681,16.959,19.854,0.000,0.000,0.0000
847.430,-79.215,34.321,0.317,5.677,17.015,19.903,0.000,0.000,0.0000
847.440,-79.158,34.340,0.316,5.666,17.072,19.951,0.000,0.000,0.0000
847.450,-79.102,34.359,0.316,5.598,17.128,19.999,0.000,0.000,0.0000
847.460,-79.047,34.377,0.315,5.540,17.183,20.046,0.000,0.000,0.0000
847.470,-78.992,34.396,0.315,5.495,17.238,20.093,0.000,0.000,0.0000
847.480,-78.937,34.414,0.315,5.462,17.293,20.139,0.000,0.000,0.0000
847.490,-78.883,34.432,0.315,5.437,17.347,20.185,0.000,0.000,0.0000
847.500,-78.829,34.450,0.315,5.416,17.401,20.231,0.000,0.000,0.0000
847.510,-78.775,34.468,0.315,5.395,17.455,20.277,0.000,0.000,0.0000
847.520,-78.721,34.486,0.315,5.375,17.509,20.322,0.000,0.000,0.0000
847.530,-78.667,34.504,0.316,5.352,17.563,20.367,0.000,0.000,0.0000
847.540,-78.614,34.521,0.316,5.327,17.616,20.413,0.000,0.000,0.0000
847.550,-78.561,34.539,0.316,5.309,17.669,20.458,0.000,0.000,0.0000
847.560,-78.508,34.556,0.317,5.289,17.722,20.502,0.000,0.000,0.0000
847.570,-78.455,34.574,0.317,5.266,17.775,20.547,0.000,0.000,0.0000
847.580,-78.403,34.591,0.318,5.239,17.827,20.592,0.000,0.000,0.0000
847.590,-78.351,34.608,0.319,5.204,17.879,20.636,0.000,0.000,0.0000
847.600,-78.299,34.625,0.319,5.167,17.931,20.680,0.000,0.000,0.0000
847.610,-78.248,34.641,0.320,5.128,17.982,20.723,0.000,0.000,0.0000
847.620,-78.197,34.658,0.321,5.089,18.033,20.766,0.000,0.000,0.0000
847.630,-78.147,34.674,0.321,5.049,18.083,20.809,0.000,0.000,0.0000
847.640,-78.097,34.690,0.322,5.010,18.133,20.852,0.000,0.000,0.0000
847.650,-78.047,34.706,0.323,4.972,18.183,20.894,0.000,0.000,0.0000
847.660,-77.998,34.722,0.323,4.933,18.232,20.937,0.000,0.000,0.0000
847.670,-77.949,34.738,0.324,4.894,18.281,20.978,0.000,0.000,0.0000
847.680,-77.900,34.753,0.324,4.855,18.330,21.020,0.000,0.000,0.0000
847.690,-77.852,34.768,0.325,4.816,18.378,21.061,0.000,0.000,0.0000
847.700,-77.804,34.784,0.325,4.779,18.426,21.102,0.000,0.000,0.0000
847.710,-77.757,34.799,0.326,4.744,18.473,21.143,0.000,0.000,0.0000
847.720,-77.710,34.814,0.326,4.709,18.520,21.183,0.000,0.000,0.0000
847.730,-77.663,34.828,0.326,4.673,18.567,21.223,0.000,0.000,0.0000
847.740,-77.617,34.843,0.327,4.637,18.614,21.263,0.000,0.000,0.0000
847.750,-77.571,34.858,0.327,4.602,18.660,21.303,0.000,0.000,0.0000
847.760,-77.525,34.872,0.327,4.566,18.705,21.343,0.000,0.000,0.0000
847.770,-77.480,34.886,0.327,4.529,18.750,21.382,0.000,0.000,0.0000
847.780,-77.435,34.900,0.327,4.491,18.795,21.421,0.000,0.000,0.0000
847.790,-77.390,34.915,0.327,4.452,18.840,21.459,0.000,0.000,0.0000
847.800,-77.346,34.928,0.327,4.409,18.884,21.498,0.000,0.000,0.0000
847.810,-77.302,34.942,0.326,4.367,18.928,21.536,0.000,0.000,0.0000
847.820,-77.259,34.956,0.326,4.324,18.971,21.573,0.000,0.000,0.0000
847.830,-77.216,34.970,0.326,4.282,19.014,21.610,0.000,0.000,0.0000
847.840,-77.174,34.983,0.326,4.239,19.056,21.647,0.000,0.000,0.0000
847.850,-77.132,34.996,0.326,4.196,19.098,21.684,0.000,0.000,0.0000
847.860,-77.090,35.010,0.326,4.155,19.140,21.720,0.000,0.000,0.0000
847.870,-77.049,35.023,0.326,4.115,19.181,21.756,0.000,0.000,0.0000
847.880,-77.009,35.036,0.325,4.076,19.222,21.792,0.000,0.000,0.0000
847.890,-76.968,35.049,0.325,4.038,19.262,21.827,0.000,0.000,0.0000
847.900,-76.928,35.061,0.325,4.000,19.302,21.862,0.000,0.000,0.0000
847.910,-76.888,35.074,0.325,3.963,19.342,21.897,0.000,0.000,0.0000
847.920,-76.849,35.086,0.324,3.926,19.381,21.931,0.000,0.000,0.0000
847.930,-76.810,35.099,0.324,3.888,19.420,21.965,0.000,0.000,0.0000
847.940,-76.772,35.111,0.324,3.851,19.458,21.999,0.000,0.000,0.0000
847.950,-76.734,35.123,0.324,3.813,19.496,22.032,0.040,0.000,0.0000
847.960,-76.696,35.135,0.324,3.776,19.534,22.065,0.080,0.000,0.0000
847.970,-76.659,35.147,0.324,3.738,19.571,22.098,0.120,0.000,0.0000
847.980,-76.622,35.159,0.323,3.700,19.608,22.131,0.160,0.000,0.0000
847.990,-76.585,35.170,0.323,3.663,19.645,22.163,0.200,0.000,0.0000
848.000,-76.549,35.182,0.323,3.628,19.681,22.195,0.240,0.000,0.0000
848.010,-76.513,35.193,0.323,3.596,19.717,22.226,0.280,0.000,0.0000
848.020,-76.477,35.204,0.323,3.564,19.753,22.258,0.320,0.000,0.0000
848.030,-76.442,35.215,0.323,3.531,19.788,22.289,0.360,0.000,0.0000
848.040,-76.407,35.226,0.323,3.524,19.824,22.320,0.400,0.000,0.0000
848.050,-76.371,35.238,0.322,3.537,19.859,22.351,0.440,0.000,0.0000
848.060,-76.335,35.249,0.322,3.566,19.895,22.382,0.480,0.000,0.0000
848.070,-76.299,35.260,0.321,3.601,19.931,22.414,0.520,0.000,0.0000
848.080,-76.263,35.271,0.321,3.635,19.967,22.446,0.560,0.000,0.0000
848.090,-76.226,35.283,0.320,3.667,20.004,22.479,0.600,0.000,0.0000
848.100,-76.189,35.294,0.319,3.702,20.041,22.512,0.640,0.000,0.0000
848.110,-76.152,35.306,0.318,3.738,20.078,22.545,0.680,0.000,0.0000
848.120,-76.114,35.317,0.317,3.774,20.116,22.579,0.720,0.000,0.0000
848.130,-76.076,35.329,0.316,3.811,20.154,22.613,0.760,0.000,0.0000
848.140,-76.038,35.341,0.315,3.848,20.192,22.647,0.800,0.000,0.0000
848.150,-75.999,35.353,0.314,3.885,20.231,22.682,0.840,0.000,0.0000
848.160,-75.960,35.365,0.313,3.922,20.270,22.717,0.880,0.000,0.0000
848.170,-75.920,35.377,0.312,3.961,20.310,22.753,0.820,0.000,0.0000
848.180,-75.880,35.390,0.311,4.000,20.350,22.788,0.760,0.000,0.0000
848.190,-75.840,35.402,0.310,4.039,20.390,22.824,0.700,0.000,0.0000
848.200,-75.799,35.415,0.310,4.079,20.431,22.861,0.640,0.000,0.0000
848.210,-75.758,35.427,0.309,4.119,20.472,22.898,0.580,0.000,0.0000
848.220,-75.716,35.440,0.308,4.159,20.514,22.935,0.520,0.000,0.0000
848.230,-75.674,35.453,0.308,4.199,20.556,22.972,0.460,0.000,0.0000
848.240,-75.632,35.466,0.307,4.239,20.598,23.010,0.400,0.000,0.0000
848.250,-75.589,35.480,0.307,4.269,20.641,23.048,0.340,0.000,0.0080
848.260,-75.546,35.493,0.306,4.274,20.684,23.086,0.280,0.000,0.0160
848.270,-75.504,35.506,0.306,4.259,20.726,23.124,0.220,0.000,0.0240
848.280,-75.462,35.519,0.307,4.230,20.768,23.161,0.160,0.000,0.0320
848.290,-75.420,35.531,0.307,4.194,20.810,23.198,0.100,0.000,0.0400
848.300,-75.378,35.544,0.308,4.155,20.852,23.235,0.040,0.000,0.0480
848.310,-75.337,35.557,0.309,4.115,20.893,23.271,0.000,0.000,0.0560
848.320,-75.296,35.569,0.310,4.083,20.934,23.306,0.000,0.000,0.0640
848.330,-75.256,35.582,0.311,4.051,20.974,23.342,0.000,0.000,0.0720
848.340,-75.216,35.594,0.312,4.018,21.015,23.377,0.000,0.000,0.0800
848.350,-75.176,35.606,0.313,3.982,21.054,23.412,0.000,0.000,0.0880
848.360,-75.136,35.618,0.315,3.945,21.094,23.446,0.000,0.000,0.0960
848.370,-75.097,35.630,0.316,3.908,21.133,23.480,0.000,0.000,0.1040
848.380,-75.059,35.642,0.318,3.871,21.171,23.514,0.000,0.000,0.1120
848.390,-75.020,35.654,0.319,3.835,21.210,23.548,0.000,0.000,0.1200
848.400,-74.982,35.665,0.320,3.800,21.248,23.581,0.000,0.000,0.1280
848.410,-74.945,35.677,0.322,3.765,21.285,23.614,0.000,0.000,0.1360
848.420,-74.907,35.688,0.323,3.729,21.323,23.647,0.000,0.000,0.1440
848.430,-74.870,35.699,0.324,3.692,21.360,23.679,0.000,0.000,0.1520
848.440,-74.834,35.710,0.325,3.654,21.396,23.711,0.000,0.000,0.1600
848.450,-74.798,35.721,0.326,3.614,21.432,23.743,0.000,0.000,0.1680
848.460,-74.762,35.732,0.327,3.581,21.468,23.774,0.000,0.000,0.1760
848.470,-74.727,35.743,0.328,3.538,21.503,23.806,0.000,0.000,0.1840
848.480,-74.692,35.753,0.328,3.503,21.538,23.837,0.000,0.000,0.1920
848.490,-74.657,35.763,0.329,3.466,21.573,23.867,0.000,0.000,0.2000
848.500,-74.623,35.773,0.329,3.426,21.607,23.898,0.000,0.000,0.2080
848.510,-74.589,35.783,0.330,3.385,21.641,23.928,0.000,0.000,0.2160
848.520,-74.555,35.792,0.330,3.343,21.675,23.958,0.000,0.000,0.2240
848.530,-74.522,35.802,0.330,3.299,21.708,23.987,0.000,0.000,0.2320
848.540,-74.490,35.811,0.330,3.255,21.740,24.016,0.000,0.000,0.2400
848.550,-74.458,35.820,0.330,3.211,21.772,24.045,0.000,0.000,0.2480
848.560,-74.426,35.828,0.330,3.167,21.804,24.074,0.000,0.000,0.2560
848.570,-74.395,35.837,0.330,3.122,21.835,24.102,0.000,0.000,0.2640
848.580,-74.364,35.845,0.330,3.077,21.866,24.129,0.000,0.000,0.2720
848.590,-74.334,35.853,0.329,3.032,21.896,24.157,0.000,0.000,0.2420
848.600,-74.304,35.861,0.329,2.983,21.926,24.184,0.000,0.000,0.2120
848.610,-74.275,35.869,0.329,2.936,21.955,24.210,0.000,0.000,0.1820
848.620,-74.246,35.876,0.328,2.894,21.984,24.236,0.000,0.000,0.1520
848.630,-74.217,35.884,0.328,2.855,22.013,24.262,0.000,0.000,0.1220
848.640,-74.189,35.891,0.328,2.813,22.041,24.287,0.000,0.000,0.0920
848.650,-74.161,35.898,0.327,2.767,22.069,24.312,0.000,0.000,0.0620
848.660,-74.134,35.905,0.327,2.718,22.096,24.337,0.000,0.000,0.0320
848.670,-74.107,35.912,0.327,2.669,22.123,24.361,0.000,0.000,0.0020
848.680,-74.081,35.919,0.326,2.624,22.149,24.385,0.000,0.000,0.0000
848.690,-74.055,35.925,0.326,2.588,22.175,24.408,0.000,0.000,0.0000
848.700,-74.030,35.932,0.325,2.560,22.200,24.431,0.000,0.000,0.0000
848.710,-74.004,35.938,0.325,2.535,22.226,24.454,0.000,0.000,0.0000
848.720,-73.979,35.944,0.325,2.511,22.251,24.477,0.000,0.000,0.0000
848.730,-73.954,35.951,0.324,2.486,22.276,24.500,0.000,0.000,0.0000
848.740,-73.930,35.957,0.324,2.460,22.300,24.522,0.000,0.000,0.0000
848.750,-73.906,35.963,0.323,2.431,22.324,24.544,0.000,0.000,0.0000
848.760,-73.882,35.969,0.323,2.402,22.349,24.566,0.000,0.000,0.0000
848.770,-73.858,35.975,0.322,2.370,22.372,24.587,0.000,0.000,0.0000
848.780,-73.834,35.980,0.322,2.338,22.396,24.609,0.000,0.000,0.0000
848.790,-73.811,35.986,0.322,2.305,22.419,24.630,0.000,0.000,0.0000
848.800,-73.789,35.992,0.321,2.271,22.441,24.650,0.000,0.000,0.0000
848.810,-73.766,35.997,0.321,2.236,22.464,24.670,0.000,0.000,0.0000
848.820,-73.744,36.003,0.321,2.201,22.486,24.690,0.000,0.000,0.0000
848.830,-73.723,36.008,0.321,2.166,22.507,24.710,0.000,0.000,0.0000
848.840,-73.701,36.013,0.321,2.131,22.529,24.729,0.000,0.000,0.0000
848.850,-73.680,36.018,0.321,2.095,22.550,24.748,0.000,0.000,0.0000
848.860,-73.660,36.024,0.321,2.059,22.570,24.767,0.000,0.000,0.0000
848.870,-73.640,36.029,0.321,2.023,22.590,24.785,0.000,0.000,0.0000
848.880,-73.620,36.033,0.321,1.986,22.610,24.803,0.000,0.000,0.0000
848.890,-73.600,36.038,0.321,1.950,22.630,24.820,0.000,0.000,0.0000
848.900,-73.581,36.043,0.321,1.913,22.649,24.837,0.000,0.000,0.0000
848.910,-73.562,36.048,0.321,1.876,22.668,24.854,0.000,0.000,0.0080
848.920,-73.544,36.052,0.322,1.840,22.686,24.871,0.000,0.000,0.0160
848.930,-73.526,36.057,0.322,1.805,22.704,24.887,0.000,0.000,0.0240
848.940,-73.508,36.061,0.322,1.771,22.722,24.903,0.000,0.000,0.0320
848.950,-73.491,36.065,0.322,1.736,22.739,24.919,0.000,0.000,0.0400
848.960,-73.474,36.069,0.322,1.701,22.756,24.934,0.000,0.000,0.0480
848.970,-73.457,36.073,0.323,1.666,22.773,24.949,0.000,0.000,0.0560
848.980,-73.441,36.077,0.323,1.630,22.789,24.963,0.000,0.000,0.0640
848.990,-73.425,36.081,0.323,1.594,22.805,24.978,0.000,0.000,0.0720
849.000,-73.409,36.085,0.323,1.557,22.821,24.992,0.000,0.000,0.0800
849.010,-73.394,36.088,0.323,1.504,22.836,25.005,0.000,0.000,0.0880
849.020,-73.380,36.092,0.324,1.457,22.850,25.018,0.000,0.000,0.0960
849.030,-73.366,36.095,0.324,1.409,22.864,25.031,0.000,0.000,0.1040
849.040,-73.352,36.098,0.324,1.364,22.878,25.043,0.000,0.000,0.1120
849.050,-73.339,36.102,0.324,1.318,22.891,25.055,0.000,0.000,0.1200
849.060,-73.326,36.105,0.325,1.273,22.904,25.066,0.000,0.000,0.1280
849.070,-73.314,36.108,0.325,1.229,22.916,25.077,0.000,0.000,0.1360
849.080,-73.302,36.110,0.325,1.187,22.928,25.088,0.000,0.000,0.1440
849.090,-73.290,36.113,0.325,1.146,22.940,25.098,0.000,0.000,0.1520
849.100,-73.279,36.116,0.325,1.106,22.951,25.108,0.000,0.000,0.1600
849.110,-73.269,36.118,0.325,1.065,22.961,25.118,0.000,0.000,0.1680
849.120,-73.259,36.121,0.326,1.025,22.971,25.127,0.000,0.000,0.1760
849.130,-73.249,36.123,0.326,0.985,22.981,25.136,0.000,0.000,0.1840
849.140,-73.239,36.125,0.326,0.946,22.991,25.145,0.000,0.000,0.1920
849.150,-73.230,36.127,0.326,0.906,23.000,25.153,0.000,0.000,0.2000
849.160,-73.222,36.129,0.326,0.866,23.009,25.161,0.000,0.000,0.2080
849.170,-73.213,36.131,0.326,0.826,23.017,25.168,0.000,0.000,0.2160
849.180,-73.205,36.133,0.325,0.786,23.025,25.175,0.000,0.000,0.2240
849.190,-73.198,36.134,0.325,0.747,23.032,25.182,0.000,0.000,0.2320
849.200,-73.191,36.136,0.325,0.707,23.039,25.189,0.000,0.000,0.2400
849.210,-73.184,36.138,0.325,0.668,23.046,25.195,0.000,0.000,0.2480
849.220,-73.178,36.139,0.325,0.628,23.052,25.200,0.000,0.000,0.2560
849.230,-73.172,36.140,0.325,0.589,23.058,25.206,0.000,0.000,0.2640
849.240,-73.166,36.142,0.325,0.550,23.064,25.211,0.000,0.000,0.2720
849.250,-73.161,36.143,0.325,0.511,23.069,25.216,0.000,0.000,0.2800
849.260,-73.157,36.144,0.324,0.472,23.073,25.220,0.000,0.000,0.2880
849.270,-73.152,36.145,0.324,0.433,23.078,25.224,0.000,0.000,0.2960
849.280,-73.148,36.146,0.324,0.395,23.082,25.228,0.000,0.000,0.3040
849.290,-73.145,36.146,0.324,0.356,23.085,25.231,0.000,0.000,0.3120
849.300,-73.142,36.147,0.324,0.318,23.088,25.234,0.000,0.000,0.3200
849.310,-73.139,36.148,0.324,0.279,23.091,25.236,0.000,0.000,0.3280
849.320,-73.136,36.148,0.324,0.241,23.094,25.239,0.000,0.000,0.3360
849.330,-73.134,36.149,0.323,0.203,23.096,25.240,0.000,0.000,0.3440
849.340,-73.133,36.149,0.323,0.165,23.097,25.242,0.000,0.000,0.3520
849.350,-73.132,36.149,0.323,0.127,23.099,25.243,0.000,0.000,0.3600
849.360,-73.131,36.150,0.323,0.090,23.099,25.244,0.000,0.000,0.3680
849.370,-73.130,36.150,0.323,0.053,23.100,25.245,0.000,0.000,0.3760
849.380,-73.130,36.150,0.323,0.025,23.100,25.245,0.000,0.000,0.3840
849.390,-73.130,36.150,0.323,0.012,23.100,25.245,0.000,0.000,0.3920
849.400,-73.130,36.150,0.323,0.024,23.100,25.245,0.000,0.000,0.4000
849.410,-73.130,36.150,0.322,0.036,23.100,25.245,0.000,0.000,0.4080
849.420,-73.131,36.149,0.322,0.044,23.099,25.244,0.000,0.000,0.4160
849.430,-73.131,36.149,0.322,0.049,23.099,25.244,0.000,0.000,0.4240
849.440,-73.131,36.149,0.321,0.053,23.099,25.244,0.000,0.000,0.4320
849.450,-73.132,36.149,0.321,0.056,23.098,25.244,0.000,0.000,0.4400
849.460,-73.132,36.149,0.321,0.059,23.098,25.244,0.000,0.000,0.4480
849.470,-73.133,36.149,0.320,0.060,23.098,25.244,0.000,0.000,0.4560
849.480,-73.133,36.149,0.320,0.062,23.097,25.244,0.000,0.000,0.4640
849.490,-73.133,36.148,0.319,0.062,23.097,25.243,0.000,0.000,0.4720
849.500,-73.134,36.148,0.319,0.062,23.097,25.243,0.000,0.000,0.4800
849.510,-73.134,36.148,0.318,0.061,23.096,25.243,0.000,0.000,0.4880
849.520,-73.134,36.148,0.318,0.059,23.096,25.243,0.000,0.000,0.4960
849.530,-73.134,36.148,0.317,0.057,23.096,25.243,0.000,0.000,0.5000
849.540,-73.135,36.148,0.317,0.054,23.095,25.243,0.000,0.000,0.5000
849.550,-73.135,36.148,0.316,0.051,23.095,25.243,0.000,0.000,0.5000
849.560,-73.135,36.148,0.316,0.047,23.095,25.243,0.000,0.000,0.5000
849.570,-73.136,36.148,0.315,0.042,23.094,25.243,0.000,0.000,0.5000
849.580,-73.136,36.147,0.315,0.037,23.094,25.243,0.000,0.000,0.5000
849.590,-73.136,36.147,0.315,0.033,23.094,25.243,0.000,0.000,0.5000
849.600,-73.136,36.147,0.315,0.028,23.094,25.243,0.000,0.000,0.5000
849.610,-73.136,36.147,0.314,0.023,23.094,25.243,0.000,0.000,0.5000
849.620,-73.136,36.147,0.314,0.018,23.094,25.243,0.000,0.000,0.5000
849.630,-73.136,36.147,0.314,0.013,23.094,25.243,0.000,0.000,0.5000
849.640,-73.136,36.147,0.314,0.008,23.094,25.243,0.000,0.000,0.5000
849.650,-73.136,36.147,0.314,0.004,23.094,25.243,0.000,0.000,0.5000
849.660,-73.136,36.147,0.314,0.001,23.094,25.243,0.000,0.000,0.5000
849.670,-73.136,36.147,0.314,0.004,23.094,25.243,0.000,0.000,0.5000
849.680,-73.136,36.147,0.314,0.007,23.094,25.243,0.000,0.000,0.5000
849.690,-73.136,36.147,0.314,0.011,23.094,25.243,0.000,0.000,0.5000
849.700,-73.136,36.147,0.314,0.013,23.094,25.243,0.000,0.000,0.5000
849.710,-73.136,36.147,0.314,0.016,23.094,25.243,0.000,0.000,0.5000
849.720,-73.136,36.147,0.315,0.017,23.094,25.243,0.000,0.000,0.5000
849.730,-73.136,36.147,0.315,0.019,23.094,25.243,0.000,0.000,0.5000
849.740,-73.136,36.147,0.315,0.020,23.094,25.243,0.000,0.000,0.5000
849.750,-73.136,36.147,0.315,0.021,23.094,25.242,0.000,0.000,0.5000
849.760,-73.136,36.147,0.315,0.021,23.094,25.242,0.000,0.000,0.5000
849.770,-73.136,36.147,0.316,0.021,23.094,25.242,0.000,0.000,0.5000
849.780,-73.136,36.147,0.316,0.021,23.094,25.242,0.000,0.000,0.5000
849.790,-73.136,36.147,0.316,0.020,23.094,25.242,0.000,0.000,0.5000
849.800,-73.136,36.147,0.316,0.020,23.094,25.242,0.000,0.000,0.5000
849.810,-73.136,36.147,0.316,0.019,23.094,25.242,0.000,0.000,0.5000
849.820,-73.136,36.147,0.317,0.017,23.094,25.242,0.000,0.000,0.5000
849.830,-73.136,36.147,0.317,0.016,23.094,25.242,0.000,0.000,0.5000
849.840,-73.136,36.147,0.317,0.014,23.094,25.242,0.000,0.000,0.5000
849.850,-73.136,36.147,0.317,0.013,23.094,25.242,0.000,0.000,0.5000
849.860,-73.136,36.147,0.317,0.011,23.094,25.242,0.000,0.000,0.5000
849.870,-73.136,36.147,0.317,0.009,23.094,25.242,0.000,0.000,0.5000
849.880,-73.136,36.147,0.317,0.007,23.094,25.242,0.000,0.000,0.5000
849.890,-73.136,36.147,0.317,0.006,23.094,25.242,0.000,0.000,0.5000
849.900,-73.136,36.147,0.317,0.004,23.094,25.242,0.000,0.000,0.5000
849.910,-73.136,36.147,0.317,0.002,23.094,25.242,0.000,0.000,0.5000
849.920,-73.136,36.147,0.317,0.001,23.094,25.242,0.000,0.000,0.5000
849.930,-73.136,36.147,0.317,0.001,23.094,25.242,0.000,0.000,0.5000
849.940,-73.136,36.147,0.317,0.002,23.094,25.242,0.000,0.000,0.5000
849.950,-73.136,36.147,0.317,0.003,23.094,25.242,0.040,0.000,0.4700
849.960,-73.136,36.147,0.317,0.012,23.094,25.242,0.080,0.000,0.4400
849.970,-73.135,36.147,0.317,0.035,23.095,25.242,0.120,0.000,0.4100
849.980,-73.135,36.148,0.317,0.068,23.095,25.243,0.160,0.000,0.3800
849.990,-73.134,36.148,0.317,0.108,23.096,25.244,0.200,0.000,0.3500
850.000,-73.132,36.148,0.316,0.153,23.098,25.246,0.240,0.000,0.3200
850.010,-73.130,36.149,0.316,0.204,23.100,25.248,0.280,0.000,0.2900
850.020,-73.128,36.150,0.315,0.259,23.102,25.250,0.320,0.000,0.2600
850.030,-73.125,36.150,0.314,0.315,23.105,25.253,0.360,0.000,0.2300
850.040,-73.121,36.151,0.314,0.372,23.109,25.257,0.400,0.000,0.2000
850.050,-73.117,36.152,0.313,0.428,23.113,25.261,0.440,0.000,0.1700
850.060,-73.112,36.153,0.312,0.485,23.118,25.266,0.480,0.000,0.1400
850.070,-73.107,36.155,0.311,0.542,23.123,25.271,0.520,0.000,0.1100
850.080,-73.101,36.156,0.310,0.598,23.129,25.277,0.560,0.000,0.0800
850.090,-73.094,36.157,0.310,0.653,23.136,25.283,0.600,0.000,0.0500
850.100,-73.087,36.159,0.309,0.708,23.143,25.290,0.640,0.000,0.0200
850.110,-73.080,36.160,0.308,0.763,23.150,25.297,0.680,0.000,0.0000
850.120,-73.071,36.162,0.307,0.813,23.159,25.304,0.720,0.000,0.0000
850.130,-73.063,36.164,0.307,0.851,23.167,25.312,0.760,0.000,0.0000
850.140,-73.054,36.166,0.306,0.880,23.176,25.320,0.800,0.000,0.0000
850.150,-73.045,36.168,0.306,0.904,23.185,25.329,0.840,0.000,0.0000
850.160,-73.036,36.170,0.306,0.924,23.194,25.337,0.880,0.000,0.0000
850.170,-73.026,36.172,0.306,0.944,23.204,25.346,0.920,0.000,0.0000
850.180,-73.017,36.174,0.306,0.964,23.213,25.355,0.960,0.000,0.0000
850.190,-73.007,36.176,0.306,0.985,23.223,25.363,1.000,0.000,0.0000
850.200,-72.997,36.178,0.306,1.008,23.233,25.372,1.000,0.000,0.0000
850.210,-72.987,36.180,0.306,1.032,23.243,25.382,1.000,0.000,0.0000
850.220,-72.976,36.182,0.307,1.058,23.254,25.391,1.000,0.000,0.0000
850.230,-72.965,36.185,0.307,1.087,23.265,25.401,1.000,0.000,0.0000
850.240,-72.954,36.187,0.308,1.119,23.276,25.411,0.940,0.000,0.0000
850.250,-72.942,36.189,0.308,1.154,23.288,25.421,0.880,0.000,0.0000
850.260,-72.931,36.192,0.309,1.192,23.299,25.432,0.820,0.000,0.0000
850.270,-72.918,36.194,0.309,1.231,23.312,25.442,0.760,0.000,0.0000
850.280,-72.906,36.197,0.310,1.270,23.324,25.454,0.700,0.000,0.0000
850.290,-72.892,36.200,0.310,1.309,23.338,25.465,0.640,0.000,0.0000
850.300,-72.879,36.203,0.310,1.346,23.351,25.478,0.580,0.000,0.0000
850.310,-72.865,36.206,0.311,1.383,23.365,25.490,0.520,0.000,0.0000
850.320,-72.851,36.209,0.311,1.420,23.379,25.503,0.460,0.000,0.0000
850.330,-72.836,36.212,0.311,1.456,23.394,25.516,0.400,0.000,0.0000
850.340,-72.822,36.215,0.312,1.493,23.409,25.529,0.340,0.000,0.0000
850.350,-72.806,36.218,0.312,1.530,23.424,25.543,0.280,0.000,0.0000
850.360,-72.791,36.222,0.312,1.566,23.439,25.557,0.220,0.000,0.0000
850.370,-72.775,36.225,0.312,1.604,23.456,25.572,0.160,0.000,0.0000
850.380,-72.758,36.229,0.312,1.641,23.472,25.586,0.100,0.000,0.0000
850.390,-72.742,36.232,0.312,1.653,23.488,25.601,0.040,0.000,0.0000
850.400,-72.725,36.236,0.313,1.643,23.505,25.616,0.000,0.000,0.0000
850.410,-72.709,36.239,0.313,1.618,23.521,25.631,0.000,0.000,0.0000
850.420,-72.693,36.243,0.314,1.583,23.537,25.645,0.000,0.000,0.0000
850.430,-72.678,36.246,0.314,1.544,23.552,25.659,0.000,0.000,0.0000
850.440,-72.663,36.249,0.315,1.503,23.567,25.672,0.000,0.000,0.0000
850.450,-72.648,36.252,0.316,1.462,23.582,25.685,0.000,0.000,0.0000
850.460,-72.634,36.255,0.316,1.422,23.596,25.698,0.000,0.000,0.0000
850.470,-72.620,36.258,0.317,1.382,23.610,25.710,0.000,0.000,0.0000
850.480,-72.607,36.261,0.318,1.344,23.623,25.722,0.000,0.000,0.0000
850.490,-72.594,36.264,0.319,1.305,23.636,25.733,0.000,0.000,0.0000
850.500,-72.581,36.267,0.320,1.266,23.649,25.744,0.000,0.000,0.0000
850.510,-72.569,36.269,0.321,1.227,23.661,25.755,0.000,0.000,0.0000
850.520,-72.557,36.272,0.322,1.188,23.673,25.765,0.000,0.000,0.0000
850.530,-72.546,36.274,0.323,1.148,23.684,25.775,0.000,0.000,0.0000
850.540,-72.534,36.277,0.324,1.108,23.696,25.785,0.000,0.000,0.0000
850.550,-72.524,36.279,0.324,1.068,23.706,25.794,0.000,0.000,0.0000
850.560,-72.514,36.281,0.325,1.027,23.716,25.804,0.000,0.000,0.0000
850.570,-72.504,36.283,0.326,0.986,23.726,25.812,0.000,0.000,0.0000
850.580,-72.494,36.285,0.326,0.945,23.736,25.821,0.000,0.000,0.0000
850.590,-72.485,36.287,0.327,0.904,23.745,25.829,0.000,0.000,0.0000
850.600,-72.477,36.289,0.327,0.862,23.753,25.836,0.000,0.000,0.0000
850.610,-72.468,36.291,0.328,0.821,23.762,25.844,0.000,0.000,0.0000
850.620,-72.461,36.292,0.328,0.780,23.769,25.851,0.000,0.000,0.0000
850.630,-72.453,36.294,0.328,0.740,23.777,25.857,0.000,0.000,0.0000
850.640,-72.446,36.295,0.328,0.699,23.784,25.864,0.000,0.000,0.0000
850.650,-72.440,36.297,0.328,0.658,23.790,25.870,0.000,0.000,0.0000
850.660,-72.434,36.298,0.328,0.618,23.796,25.875,0.000,0.000,0.0000
850.670,-72.428,36.299,0.328,0.578,23.802,25.880,0.000,0.000,0.0000
850.680,-72.422,36.300,0.328,0.538,23.808,25.885,0.000,0.000,0.0000
850.690,-72.417,36.301,0.328,0.498,23.813,25.890,0.000,0.000,0.0000
850.700,-72.413,36.302,0.327,0.458,23.817,25.894,0.000,0.000,0.0000
850.710,-72.409,36.303,0.327,0.419,23.821,25.898,0.000,0.000,0.0000
850.720,-72.405,36.304,0.327,0.380,23.825,25.902,0.000,0.000,0.0000
850.730,-72.401,36.305,0.327,0.341,23.829,25.905,0.000,0.000,0.0000
850.740,-72.398,36.305,0.326,0.302,23.832,25.908,0.000,0.000,0.0000
850.750,-72.396,36.306,0.326,0.263,23.834,25.910,0.000,0.000,0.0000
850.760,-72.394,36.306,0.326,0.225,23.836,25.913,0.000,0.000,0.0000
850.770,-72.392,36.307,0.325,0.187,23.838,25.914,0.000,0.000,0.0000
850.780,-72.390,36.307,0.325,0.149,23.840,25.916,0.000,0.000,0.0000
850.790,-72.389,36.307,0.325,0.111,23.841,25.917,0.000,0.000,0.0000
850.800,-72.389,36.307,0.324,0.075,23.841,25.918,0.000,0.000,0.0000
850.810,-72.388,36.307,0.324,0.042,23.842,25.918,0.000,0.000,0.0000
850.820,-72.388,36.307,0.324,0.032,23.842,25.918,0.000,0.000,0.0000
850.830,-72.388,36.307,0.323,0.037,23.842,25.918,0.000,0.000,0.0000
850.840,-72.389,36.307,0.323,0.045,23.841,25.918,0.000,0.000,0.0000
850.850,-72.389,36.307,0.322,0.050,23.841,25.918,0.000,0.000,0.0000
850.860,-72.389,36.307,0.322,0.055,23.841,25.918,0.000,0.000,0.0000
850.870,-72.389,36.307,0.321,0.058,23.841,25.918,0.000,0.000,0.0000
850.880,-72.389,36.307,0.321,0.060,23.841,25.918,0.000,0.000,0.0000
850.890,-72.389,36.307,0.320,0.062,23.841,25.919,0.000,0.000,0.0000
850.900,-72.390,36.307,0.320,0.062,23.840,25.919,0.000,0.000,0.0000
850.910,-72.390,36.307,0.319,0.061,23.840,25.919,0.000,0.000,0.0000
850.920,-72.390,36.307,0.318,0.060,23.840,25.919,0.000,0.000,0.0000
850.930,-72.390,36.307,0.318,0.058,23.840,25.919,0.000,0.000,0.0000
850.940,-72.390,36.307,0.317,0.055,23.840,25.919,0.000,0.000,0.0000
850.950,-72.390,36.307,0.317,0.051,23.840,25.919,0.000,0.000,0.0000
850.960,-72.390,36.307,0.316,0.047,23.840,25.919,0.000,0.000,0.0000
850.970,-72.390,36.307,0.316,0.043,23.840,25.920,0.000,0.000,0.0000
850.980,-72.390,36.307,0.316,0.038,23.840,25.920,0.040,0.000,0.0000
850.990,-72.390,36.307,0.315,0.037,23.840,25.920,0.080,0.000,0.0000
851.000,-72.390,36.307,0.315,0.048,23.840,25.920,0.120,0.000,0.0000
851.010,-72.389,36.307,0.314,0.074,23.841,25.921,0.160,0.000,0.0000
851.020,-72.388,36.308,0.314,0.109,23.842,25.922,0.200,0.000,0.0000
851.030,-72.387,36.308,0.313,0.148,23.843,25.924,0.240,0.000,0.0000
851.040,-72.385,36.308,0.313,0.187,23.845,25.925,0.280,0.000,0.0000
851.050,-72.383,36.309,0.313,0.227,23.847,25.928,0.320,0.000,0.0000
851.060,-72.380,36.309,0.312,0.267,23.850,25.930,0.360,0.000,0.0000
851.070,-72.377,36.310,0.312,0.306,23.853,25.933,0.400,0.000,0.0000
851.080,-72.374,36.311,0.311,0.345,23.856,25.936,0.440,0.000,0.0000
851.090,-72.370,36.312,0.311,0.384,23.860,25.940,0.480,0.000,0.0000
851.100,-72.366,36.313,0.310,0.423,23.864,25.944,0.520,0.000,0.0000
851.110,-72.361,36.314,0.310,0.462,23.869,25.948,0.560,0.000,0.0000
851.120,-72.356,36.315,0.309,0.501,23.874,25.953,0.600,0.000,0.0000
851.130,-72.351,36.316,0.309,0.540,23.879,25.958,0.640,0.000,0.0000
851.140,-72.345,36.317,0.309,0.580,23.885,25.964,0.680,0.000,0.0000
851.150,-72.339,36.318,0.309,0.619,23.891,25.969,0.720,0.000,0.0000
851.160,-72.332,36.320,0.308,0.659,23.898,25.975,0.760,0.000,0.0000
851.170,-72.325,36.321,0.308,0.699,23.905,25.982,0.800,0.000,0.0000
851.180,-72.318,36.323,0.308,0.738,23.912,25.989,0.840,0.000,0.0000
851.190,-72.310,36.325,0.308,0.778,23.920,25.996,0.880,0.000,0.0000
851.200,-72.302,36.327,0.308,0.818,23.928,26.003,0.920,0.000,0.0000
851.210,-72.294,36.328,0.308,0.858,23.937,26.011,0.960,0.000,0.0000
851.220,-72.285,36.330,0.308,0.897,23.945,26.019,1.000,0.000,0.0000
851.230,-72.275,36.332,0.308,0.937,23.955,26.028,1.000,0.000,0.0000
851.240,-72.265,36.334,0.308,0.976,23.965,26.037,1.000,0.000,0.0000
851.250,-72.255,36.337,0.308,1.016,23.975,26.046,1.000,0.000,0.0000
851.260,-72.245,36.339,0.308,1.055,23.985,26.055,1.000,0.000,0.0000
851.270,-72.234,36.341,0.309,1.097,23.996,26.065,1.000,0.000,0.0000
851.280,-72.222,36.344,0.309,1.138,24.008,26.076,1.000,0.000,0.0000
851.290,-72.211,36.346,0.309,1.179,24.019,26.086,1.000,0.000,0.0000
851.300,-72.198,36.349,0.309,1.219,24.032,26.097,1.000,0.000,0.0000
851.310,-72.186,36.352,0.309,1.258,24.044,26.109,1.000,0.000,0.0000
851.320,-72.173,36.354,0.309,1.296,24.057,26.121,1.000,0.000,0.0000
851.330,-72.159,36.357,0.310,1.335,24.071,26.133,1.000,0.000,0.0000
851.340,-72.146,36.360,0.310,1.373,24.084,26.145,1.000,0.000,0.0000
851.350,-72.132,36.363,0.310,1.412,24.098,26.158,1.000,0.000,0.0000
851.360,-72.117,36.366,0.310,1.450,24.113,26.171,1.000,0.000,0.0000
851.370,-72.102,36.370,0.310,1.489,24.128,26.185,1.000,0.000,0.0000
851.380,-72.087,36.373,0.310,1.527,24.143,26.198,1.000,0.000,0.0000
851.390,-72.071,36.376,0.310,1.566,24.159,26.213,1.000,0.000,0.0000
851.400,-72.055,36.380,0.311,1.604,24.175,26.227,1.000,0.000,0.0000
851.410,-72.039,36.383,0.311,1.643,24.191,26.242,1.000,0.000,0.0000
851.420,-72.022,36.387,0.311,1.681,24.208,26.258,1.000,0.000,0.0000
851.430,-72.005,36.391,0.311,1.720,24.225,26.273,1.000,0.000,0.0000
851.440,-71.987,36.395,0.311,1.758,24.243,26.289,1.000,0.000,0.0000
851.450,-71.969,36.398,0.311,1.797,24.261,26.306,1.000,0.000,0.0000
851.460,-71.951,36.402,0.311,1.835,24.279,26.322,1.000,0.000,0.0000
851.470,-71.932,36.406,0.311,1.874,24.298,26.340,1.000,0.000,0.0000
851.480,-71.913,36.411,0.311,1.912,24.317,26.357,1.000,0.000,0.0000
851.490,-71.894,36.415,0.311,1.951,24.336,26.375,1.000,0.000,0.0000
851.500,-71.874,36.419,0.311,1.989,24.356,26.393,1.000,0.000,0.0000
851.510,-71.853,36.423,0.311,2.028,24.377,26.412,1.000,0.000,0.0000
851.520,-71.833,36.428,0.311,2.067,24.397,26.430,1.000,0.000,0.0000
851.530,-71.812,36.433,0.311,2.105,24.418,26.450,1.000,0.000,0.0000
851.540,-71.790,36.437,0.311,2.143,24.440,26.469,1.000,0.000,0.0000
851.550,-71.768,36.442,0.311,2.179,24.462,26.489,1.000,0.000,0.0000
851.560,-71.746,36.447,0.311,2.217,24.484,26.510,0.940,0.000,0.0000
851.570,-71.724,36.452,0.311,2.254,24.506,26.530,0.880,0.000,0.0000
851.580,-71.701,36.456,0.311,2.293,24.529,26.551,0.820,0.000,0.0000
851.590,-71.677,36.462,0.311,2.332,24.553,26.573,0.760,0.000,0.0000
851.600,-71.654,36.467,0.311,2.371,24.576,26.594,0.700,0.000,0.0000
851.610,-71.630,36.472,0.310,2.410,24.600,26.616,0.640,0.000,0.0000
851.620,-71.605,36.477,0.310,2.449,24.625,26.639,0.580,0.000,0.0000
851.630,-71.580,36.482,0.310,2.489,24.650,26.662,0.520,0.000,0.0000
851.640,-71.555,36.488,0.310,2.528,24.675,26.685,0.460,0.000,0.0000
851.650,-71.529,36.493,0.310,2.567,24.701,26.708,0.400,0.000,0.0000
851.660,-71.503,36.499,0.310,2.606,24.727,26.732,0.340,0.000,0.0000
851.670,-71.477,36.505,0.310,2.645,24.753,26.757,0.280,0.000,0.0000
851.680,-71.450,36.510,0.310,2.684,24.780,26.781,0.220,0.000,0.0000
851.690,-71.423,36.516,0.310,2.698,24.807,26.806,0.160,0.000,0.0000
851.700,-71.396,36.522,0.310,2.689,24.834,26.831,0.100,0.000,0.0000
851.710,-71.369,36.528,0.311,2.664,24.861,26.855,0.040,0.000,0.0000
851.720,-71.343,36.533,0.311,2.630,24.887,26.879,0.000,0.000,0.0000
851.730,-71.317,36.539,0.312,2.592,24.913,26.902,0.000,0.000,0.0000
851.740,-71.292,36.544,0.312,2.551,24.938,26.925,0.000,0.000,0.0000
851.750,-71.267,36.550,0.313,2.511,24.963,26.948,0.000,0.000,0.0000
851.760,-71.242,36.555,0.314,2.471,24.988,26.970,0.000,0.000,0.0000
851.770,-71.218,36.560,0.315,2.432,25.012,26.992,0.000,0.000,0.0000
851.780,-71.194,36.565,0.316,2.394,25.036,27.014,0.000,0.000,0.0000
851.790,-71.170,36.570,0.318,2.351,25.060,27.035,0.000,0.000,0.0000
851.800,-71.147,36.575,0.319,2.309,25.083,27.056,0.000,0.000,0.0000
851.810,-71.125,36.580,0.320,2.268,25.105,27.076,0.000,0.000,0.0000
851.820,-71.102,36.585,0.321,2.228,25.128,27.096,0.000,0.000,0.0000
851.830,-71.080,36.589,0.322,2.187,25.150,27.116,0.000,0.000,0.0000
851.840,-71.059,36.594,0.323,2.147,25.171,27.135,0.000,0.000,0.0000
851.850,-71.038,36.598,0.324,2.106,25.192,27.154,0.000,0.000,0.0000
851.860,-71.017,36.603,0.325,2.066,25.213,27.172,0.000,0.000,0.0000
851.870,-70.997,36.607,0.326,2.025,25.233,27.191,0.000,0.000,0.0000
851.880,-70.977,36.611,0.327,1.983,25.253,27.209,0.000,0.000,0.0000
851.890,-70.958,36.616,0.327,1.942,25.272,27.226,0.000,0.000,0.0000
851.900,-70.939,36.620,0.328,1.901,25.291,27.244,0.000,0.000,0.0000
851.910,-70.920,36.624,0.328,1.859,25.310,27.260,0.000,0.000,0.0000
851.920,-70.902,36.627,0.329,1.818,25.328,27.277,0.000,0.000,0.0000
851.930,-70.884,36.631,0.329,1.777,25.346,27.293,0.000,0.000,0.0000
851.940,-70.867,36.635,0.329,1.736,25.363,27.309,0.000,0.000,0.0000
851.950,-70.850,36.639,0.329,1.695,25.380,27.325,0.000,0.000,0.0000
851.960,-70.834,36.642,0.329,1.655,25.397,27.340,0.000,0.000,0.0000
851.970,-70.817,36.646,0.329,1.615,25.413,27.355,0.000,0.000,0.0000
851.980,-70.802,36.649,0.329,1.574,25.428,27.369,0.000,0.000,0.0000
851.990,-70.786,36.652,0.329,1.535,25.444,27.384,0.000,0.000,0.0000
852.000,-70.771,36.655,0.328,1.495,25.459,27.398,0.000,0.000,0.0000
852.010,-70.757,36.658,0.328,1.455,25.473,27.411,0.000,0.000,0.0000
852.020,-70.743,36.662,0.328,1.416,25.487,27.424,0.000,0.000,0.0000
852.030,-70.729,36.664,0.327,1.377,25.501,27.437,0.000,0.000,0.0000
852.040,-70.715,36.667,0.327,1.338,25.515,27.450,0.000,0.000,0.0000
852.050,-70.702,36.670,0.327,1.299,25.528,27.462,0.000,0.000,0.0000
852.060,-70.690,36.673,0.326,1.260,25.540,27.473,0.000,0.000,0.0000
852.070,-70.678,36.675,0.326,1.222,25.552,27.485,0.000,0.000,0.0000
852.080,-70.666,36.678,0.325,1.183,25.564,27.496,0.000,0.000,0.0000
852.090,-70.654,36.680,0.325,1.145,25.576,27.507,0.000,0.000,0.0000
852.100,-70.643,36.683,0.324,1.106,25.587,27.517,0.000,0.000,0.0000
852.110,-70.633,36.685,0.324,1.068,25.597,27.527,0.000,0.000,0.0000
852.120,-70.622,36.687,0.324,1.030,25.608,27.537,0.000,0.000,0.0000
852.130,-70.612,36.689,0.323,0.992,25.618,27.546,0.000,0.000,0.0000
852.140,-70.603,36.691,0.323,0.954,25.627,27.555,0.000,0.000,0.0000
852.150,-70.594,36.693,0.323,0.915,25.636,27.563,0.000,0.000,0.0000
852.160,-70.585,36.695,0.323,0.877,25.645,27.571,0.000,0.000,0.0000
852.170,-70.577,36.697,0.322,0.839,25.653,27.579,0.000,0.000,0.0000
852.180,-70.569,36.699,0.322,0.801,25.661,27.587,0.000,0.000,0.0000
852.190,-70.561,36.700,0.322,0.763,25.669,27.594,0.000,0.000,0.0000
852.200,-70.554,36.702,0.322,0.724,25.676,27.600,0.000,0.000,0.0000
852.210,-70.547,36.703,0.322,0.686,25.683,27.607,0.000,0.000,0.0000
852.220,-70.540,36.705,0.322,0.648,25.690,27.613,0.000,0.000,0.0000
852.230,-70.534,36.706,0.322,0.610,25.696,27.618,0.000,0.000,0.0000
852.240,-70.529,36.707,0.322,0.571,25.701,27.624,0.000,0.000,0.0000
852.250,-70.523,36.709,0.322,0.533,25.707,27.629,0.000,0.000,0.0000
852.260,-70.518,36.710,0.322,0.494,25.712,27.633,0.000,0.000,0.0000
852.270,-70.514,36.711,0.322,0.456,25.716,27.637,0.000,0.000,0.0000
852.280,-70.510,36.711,0.322,0.417,25.720,27.641,0.000,0.000,0.0000
852.290,-70.506,36.712,0.322,0.379,25.724,27.645,0.000,0.000,0.0000
852.300,-70.502,36.713,0.323,0.340,25.728,27.648,0.000,0.000,0.0000
852.310,-70.499,36.714,0.323,0.301,25.731,27.650,0.000,0.000,0.0000
852.320,-70.497,36.714,0.323,0.263,25.733,27.653,0.000,0.000,0.0000
852.330,-70.495,36.715,0.323,0.224,25.735,27.655,0.000,0.000,0.0000
852.340,-70.493,36.715,0.323,0.185,25.737,27.656,0.000,0.000,0.0000
852.350,-70.491,36.715,0.323,0.147,25.739,27.658,0.000,0.000,0.0000
852.360,-70.490,36.716,0.324,0.108,25.740,27.659,0.000,0.000,0.0000
852.370,-70.490,36.716,0.324,0.069,25.740,27.659,0.000,0.000,0.0000
852.380,-70.489,36.716,0.324,0.032,25.741,27.659,0.000,0.000,0.0000
852.390,-70.489,36.716,0.324,0.010,25.741,27.659,0.000,0.000,0.0000
852.400,-70.489,36.716,0.324,0.010,25.741,27.659,0.000,0.000,0.0000
852.410,-70.489,36.716,0.324,0.017,25.741,27.659,0.000,0.000,0.0000
852.420,-70.490,36.716,0.324,0.024,25.740,27.659,0.000,0.000,0.0000
852.430,-70.490,36.716,0.323,0.031,25.740,27.659,0.000,0.000,0.0000
852.440,-70.490,36.716,0.323,0.038,25.740,27.659,0.000,0.000,0.0000
852.450,-70.490,36.716,0.323,0.044,25.740,27.659,0.000,0.000,0.0000
852.460,-70.490,36.716,0.322,0.049,25.740,27.659,0.000,0.000,0.0000
852.470,-70.490,36.716,0.322,0.053,25.740,27.659,0.000,0.000,0.0000
852.480,-70.490,36.716,0.321,0.056,25.740,27.659,0.000,0.000,0.0000
852.490,-70.490,36.716,0.320,0.059,25.740,27.659,0.000,0.000,0.0000
852.500,-70.491,36.716,0.320,0.060,25.739,27.660,0.000,0.000,0.0000
852.510,-70.491,36.716,0.319,0.060,25.739,27.660,0.000,0.000,0.0000
852.520,-70.491,36.716,0.319,0.059,25.739,27.660,0.000,0.000,0.0000
852.530,-70.491,36.715,0.318,0.057,25.739,27.660,0.000,0.000,0.0000
852.540,-70.491,36.715,0.318,0.055,25.739,27.660,0.000,0.000,0.0000
852.550,-70.491,36.715,0.317,0.052,25.739,27.660,0.000,0.000,0.0000
852.560,-70.491,36.715,0.317,0.049,25.739,27.660,0.000,0.000,0.0000
852.570,-70.491,36.715,0.316,0.045,25.739,27.660,0.000,0.000,0.0000
852.580,-70.492,36.715,0.316,0.041,25.739,27.660,0.000,0.000,0.0000
852.590,-70.492,36.715,0.315,0.036,25.738,27.660,0.000,0.000,0.0000
852.600,-70.492,36.715,0.315,0.031,25.738,27.660,0.000,0.000,0.0000
852.610,-70.492,36.715,0.315,0.026,25.738,27.660,0.000,0.000,0.0000
852.620,-70.492,36.715,0.315,0.021,25.738,27.661,0.000,0.000,0.0000
852.630,-70.492,36.715,0.315,0.017,25.738,27.661,0.000,0.000,0.0000
852.640,-70.492,36.715,0.314,0.012,25.738,27.661,0.000,0.000,0.0000
852.650,-70.492,36.715,0.314,0.007,25.738,27.661,0.000,0.000,0.0000
852.660,-70.492,36.715,0.314,0.003,25.738,27.661,0.000,0.000,0.0000
852.670,-70.492,36.715,0.314,0.002,25.738,27.661,0.000,0.000,0.0000
852.680,-70.492,36.715,0.314,0.005,25.738,27.661,0.000,0.000,0.0000
852.690,-70.492,36.715,0.314,0.009,25.738,27.661,0.000,0.000,0.0000
852.700,-70.492,36.715,0.315,0.012,25.738,27.661,0.000,0.000,0.0000
852.710,-70.492,36.715,0.315,0.014,25.738,27.661,0.000,0.000,0.0000
852.720,-70.492,36.715,0.315,0.017,25.738,27.661,0.000,0.000,0.0000
852.730,-70.492,36.715,0.315,0.019,25.738,27.661,0.000,0.000,0.0000
852.740,-70.492,36.715,0.315,0.020,25.738,27.661,0.000,0.000,0.0000
852.750,-70.491,36.715,0.315,0.021,25.739,27.660,0.000,0.000,0.0000
852.760,-70.491,36.715,0.316,0.022,25.739,27.660,0.000,0.000,0.0000
852.770,-70.491,36.715,0.316,0.022,25.739,27.660,0.000,0.000,0.0000
852.780,-70.491,36.715,0.316,0.022,25.739,27.660,0.000,0.000,0.0000
852.790,-70.491,36.715,0.316,0.022,25.739,27.660,0.000,0.000,0.0000
852.800,-70.491,36.715,0.317,0.021,25.739,27.660,0.000,0.000,0.0000
852.810,-70.491,36.715,0.317,0.020,25.739,27.660,0.000,0.000,0.0000
852.820,-70.491,36.715,0.317,0.019,25.739,27.660,0.000,0.000,0.0000
852.830,-70.491,36.715,0.317,0.018,25.739,27.660,0.000,0.000,0.0000
852.840,-70.491,36.715,0.317,0.016,25.739,27.660,0.000,0.000,0.0000
852.850,-70.491,36.715,0.317,0.014,25.739,27.660,0.000,0.000,0.0000
852.860,-70.491,36.715,0.318,0.013,25.739,27.660,0.000,0.000,0.0000
852.870,-70.491,36.715,0.318,0.011,25.739,27.660,0.000,0.000,0.0000
852.880,-70.491,36.716,0.318,0.009,25.739,27.660,0.000,0.000,0.0000
852.890,-70.491,36.716,0.318,0.007,25.739,27.660,0.000,0.000,0.0000
852.900,-70.491,36.716,0.318,0.005,25.739,27.660,0.000,0.000,0.0000
852.910,-70.491,36.716,0.318,0.004,25.739,27.660,0.000,0.000,0.0000
852.920,-70.491,36.716,0.318,0.002,25.739,27.660,0.000,0.000,0.0000
852.930,-70.491,36.716,0.318,0.001,25.739,27.660,0.000,0.000,0.0000
852.940,-70.491,36.716,0.318,0.001,25.739,27.660,0.000,0.000,0.0000
852.950,-70.491,36.716,0.318,0.003,25.739,27.660,0.000,0.000,0.0000
852.960,-70.491,36.716,0.318,0.004,25.739,27.660,0.000,0.000,0.0000
852.970,-70.491,36.716,0.318,0.005,25.739,27.660,0.000,0.000,0.0000
852.980,-70.491,36.716,0.318,0.006,25.739,27.660,0.000,0.000,0.0000
852.990,-70.491,36.716,0.318,0.007,25.739,27.660,0.000,0.000,0.0000
853.000,-70.491,36.716,0.318,0.007,25.739,27.660,0.000,0.000,0.0000
853.010,-70.491,36.715,0.318,0.008,25.739,27.660,0.000,0.000,0.0000
853.020,-70.491,36.715,0.317,0.008,25.739,27.660,0.000,0.000,0.0000
853.030,-70.491,36.715,0.317,0.008,25.739,27.660,0.000,0.000,0.0000
853.040,-70.491,36.715,0.317,0.008,25.739,27.660,0.000,0.000,0.0000
853.050,-70.491,36.715,0.317,0.008,25.739,27.660,0.000,0.000,0.0000
853.060,-70.491,36.715,0.317,0.008,25.739,27.660,0.000,0.000,0.0000
853.070,-70.491,36.715,0.317,0.008,25.739,27.660,0.000,0.000,0.0000
853.080,-70.491,36.715,0.317,0.007,25.739,27.660,0.000,0.000,0.0000
853.090,-70.491,36.715,0.317,0.007,25.739,27.660,0.000,0.000,0.0000
853.100,-70.491,36.715,0.317,0.006,25.739,27.660,0.000,0.000,0.0000
853.110,-70.491,36.715,0.317,0.006,25.739,27.660,0.000,0.000,0.0000
853.120,-70.491,36.715,0.317,0.005,25.739,27.660,0.000,0.000,0.0000
853.130,-70.491,36.715,0.317,0.004,25.739,27.660,0.000,0.000,0.0000
853.140,-70.491,36.715,0.317,0.004,25.739,27.660,0.000,0.000,0.0000
853.150,-70.491,36.715,0.317,0.003,25.739,27.660,0.000,0.000,0.0000
853.160,-70.491,36.715,0.317,0.002,25.739,27.660,0.000,0.000,0.0000
853.170,-70.491,36.715,0.317,0.002,25.739,27.660,0.000,0.000,0.0000
853.180,-70.491,36.715,0.317,0.001,25.739,27.660,0.000,0.000,0.0000
853.190,-70.491,36.715,0.317,0.000,25.739,27.660,0.000,0.000,0.0000
853.200,-70.491,36.715,0.317,0.000,25.739,27.660,0.000,0.000,0.0000
853.210,-70.491,36.715,0.317,0.001,25.739,27.660,0.000,0.000,0.0000
853.220,-70.491,36.715,0.317,0.001,25.739,27.660,0.000,0.000,0.0000
853.230,-70.491,36.715,0.317,0.002,25.739,27.660,0.000,0.000,0.0000
853.240,-70.491,36.715,0.317,0.002,25.739,27.660,0.000,0.000,0.0000
853.250,-70.491,36.715,0.317,0.002,25.739,27.660,0.000,0.000,0.0000
853.260,-70.491,36.715,0.317,0.003,25.739,27.660,0.000,0.000,0.0000
853.270,-70.491,36.715,0.317,0.003,25.739,27.660,0.000,0.000,0.0000
853.280,-70.491,36.715,0.317,0.003,25.739,27.660,0.000,0.000,0.0000
853.290,-70.491,36.716,0.317,0.003,25.739,27.660,0.000,0.000,0.0000
853.300,-70.491,36.716,0.317,0.003,25.739,27.660,0.000,0.000,0.0000
853.310,-70.491,36.716,0.317,0.003,25.739,27.660,0.000,0.000,0.0000
853.320,-70.491,36.716,0.317,0.003,25.739,27.660,0.000,0.000,0.0000
853.330,-70.491,36.716,0.317,0.003,25.739,27.660,0.000,0.000,0.0000
853.340,-70.491,36.716,0.317,0.003,25.739,27.660,0.000,0.000,0.0000
853.350,-70.491,36.716,0.317,0.003,25.739,27.660,0.000,0.000,0.0000
853.360,-70.491,36.716,0.317,0.002,25.739,27.660,0.000,0.000,0.0000
853.370,-70.491,36.716,0.317,0.002,25.739,27.660,0.000,0.000,0.0000
853.380,-70.491,36.716,0.317,0.002,25.739,27.660,0.000,0.000,0.0000
853.390,-70.491,36.716,0.317,0.002,25.739,27.660,0.000,0.000,0.0000
853.400,-70.491,36.716,0.317,0.001,25.739,27.660,0.000,0.000,0.0000
853.410,-70.491,36.716,0.317,0.001,25.739,27.660,0.000,0.000,0.0000
853.420,-70.491,36.716,0.317,0.001,25.739,27.660,0.000,0.000,0.0000
853.430,-70.491,36.716,0.317,0.001,25.739,27.660,0.000,0.000,0.0000
853.440,-70.491,36.716,0.317,0.000,25.739,27.660,0.000,0.000,0.0000
853.450,-70.491,36.716,0.317,0.000,25.739,27.660,0.000,0.000,0.0000
853.460,-70.491,36.716,0.317,0.000,25.739,27.660,0.000,0.000,0.0000
853.470,-70.491,36.716,0.317,0.000,25.739,27.660,0.000,0.000,0.0000
853.480,-70.491,36.716,0.317,0.000,25.739,27.660,0.000,0.000,0.0000
853.490,-70.491,36.716,0.317,0.001,25.739,27.660,0.000,0.000,0.0000
853.500,-70.491,36.716,0.317,0.001,25.739,27.660,0.000,0.000,0.0000
853.510,-70.491,36.716,0.317,0.001,25.739,27.660,0.000,0.000,0.0000
853.520,-70.491,36.716,0.317,0.001,25.739,27.660,0.000,0.000,0.0000
853.530,-70.491,36.716,0.317,0.001,25.739,27.660,0.000,0.000,0.0000
853.540,-70.491,36.716,0.317,0.001,25.739,27.660,0.000,0.000,0.0000
853.550,-70.491,36.716,0.317,0.001,25.739,27.660,0.000,0.000,0.0000
853.560,-70.491,36.716,0.317,0.001,25.739,27.660,0.000,0.000,0.0000
853.570,-70.491,36.716,0.317,0.001,25.739,27.660,0.000,0.000,0.0000
853.580,-70.491,36.716,0.317,0.001,25.739,27.660,0.000,0.000,0.0000
853.590,-70.491,36.716,0.317,0.001,25.739,27.660,0.000,0.000,0.0000
853.600,-70.491,36.716,0.317,0.001,25.739,27.660,0.000,0.000,0.0000
853.610,-70.491,36.716,0.317,0.001,25.739,27.660,0.000,0.000,0.0000
853.620,-70.491,36.716,0.317,0.001,25.739,27.660,0.000,0.000,0.0000
853.630,-70.491,36.716,0.317,0.001,25.739,27.660,0.000,0.000,0.0000
853.640,-70.491,36.716,0.317,0.001,25.739,27.660,0.000,0.000,0.0000
853.650,-70.491,36.716,0.317,0.001,25.739,27.660,0.000,0.000,0.0000
853.660,-70.491,36.716,0.317,0.001,25.739,27.660,0.000,0.000,0.0000
853.670,-70.491,36.716,0.317,0.000,25.739,27.660,0.000,0.000,0.0000
853.680,-70.491,36.716,0.317,0.000,25.739,27.660,0.000,0.000,0.0000
853.690,-70.491,36.716,0.317,0.000,25.739,27.660,0.000,0.000,0.0000
853.700,-70.491,36.716,0.317,0.000,25.739,27.660,0.000,0.000,0.0000
853.710,-70.491,36.716,0.317,0.000,25.739,27.660,0.000,0.000,0.0000
853.720,-70.491,36.716,0.317,0.000,25.739,27.660,0.000,0.000,0.0000
853.730,-70.491,36.716,0.317,0.000,25.739,27.660,0.000,0.000,0.0000
853.740,-70.491,36.716,0.317,0.000,25.739,27.660,0.000,0.000,0.0000
853.750,-70.491,36.716,0.317,0.000,25.739,27.660,0.000,0.000,0.0000
853.760,-70.491,36.716,0.317,0.000,25.739,27.660,0.000,0.000,0.0000
853.770,-70.491,36.716,0.317,0.000,25.739,27.660,0.000,0.000,0.0000
853.780,-70.491,36.716,0.317,0.000,25.739,27.660,0.000,0.000,0.0000
853.790,-70.491,36.716,0.317,0.000,25.739,27.660,0.000,0.000,0.0000
853.800,-70.491,36.716,0.317,0.000,25.739,27.660,0.000,0.000,0.0000
853.810,-70.491,36.716,0.317,0.000,25.739,27.660,0.000,0.000,0.0000
853.820,-70.491,36.716,0.317,0.000,25.739,27.660,0.000,0.000,0.0000
853.830,-70.491,36.716,0.317,0.000,25.739,27.660,0.000,0.000,0.0000
853.840,-70.491,36.716,0.317,0.000,25.739,27.660,0.000,0.000,0.0000
853.850,-70.491,36.716,0.317,0.000,25.739,27.660,0.000,0.000,0.0000
853.860,-70.491,36.716,0.317,0.000,25.739,27.660,0.000,0.000,0.0000
853.870,-70.491,36.716,0.317,0.000,25.739,27.660,0.000,0.000,0.0000
853.880,-70.491,36.716,0.317,0.000,25.739,27.660,0.000,0.000,0.0000
853.890,-70.491,36.716,0.317,0.000,25.739,27.660,0.000,0.000,0.0000
853.900,-70.491,36.716,0.317,0.000,25.739,27.660,0.000,0.000,0.0000
853.910,-70.491,36.716,0.317,0.000,25.739,27.660,0.000,0.000,0.0000
853.920,-70.491,36.716,0.317,0.000,25.739,27.660,0.000,0.000,0.0000
853.930,-70.491,36.716,0.317,0.000,25.739,27.660,0.000,0.000,0.0000
853.940,-70.491,36.716,0.317,0.000,25.739,27.660,0.000,0.000,0.0000
853.950,-70.491,36.716,0.317,0.000,25.739,27.660,0.000,0.000,0.0000
853.960,-70.491,36.716,0.317,0.000,25.739,27.660,0.000,0.000,0.0000
853.970,-70.491,36.716,0.317,0.000,25.739,27.660,0.000,0.000,0.0000
853.980,-70.491,36.716,0.317,0.000,25.739,27.660,0.000,0.000,0.0000
853.990,-70.491,36.716,0.317,0.000,25.739,27.660,0.000,0.000,0.0000
854.000,-70.491,36.716,0.317,0.000,25.739,27.660,0.000,0.000,0.0000
854.010,-70.491,36.716,0.317,0.000,25.739,27.660,0.000,0.000,0.0000
854.020,-70.491,36.716,0.317,0.000,25.739,27.660,0.000,0.000,0.0000
854.030,-70.491,36.716,0.317,0.000,25.739,27.660,0.000,0.000,0.0000
854.040,-70.491,36.716,0.317,0.000,25.739,27.660,0.000,0.000,0.0000
854.050,-70.491,36.716,0.317,0.000,25.739,27.660,0.000,0.000,0.0000
854.060,-70.491,36.716,0.317,0.000,25.739,27.660,0.000,0.000,0.0000
854.070,-70.491,36.716,0.317,0.000,25.739,27.660,0.000,0.000,0.0000
854.080,-70.491,36.716,0.317,0.000,25.739,27.660,0.000,0.000,0.0000
854.090,-70.491,36.716,0.317,0.000,25.739,27.660,0.000,0.000,0.0000
854.100,-70.491,36.716,0.317,0.000,25.739,27.660,0.000,0.000,0.0000
854.110,-70.491,36.716,0.317,0.000,25.739,27.660,0.000,0.000,0.0000
854.120,-70.491,36.716,0.317,0.000,25.739,27.660,0.000,0.000,0.0000
854.130,-70.491,36.716,0.317,0.000,25.739,27.660,0.000,0.000,0.0000
854.140,-70.491,36.716,0.317,0.000,25.739,27.660,0.000,0.000,0.0000
854.150,-70.491,36.716,0.317,0.000,25.739,27.660,0.000,0.000,0.0000
854.160,-70.491,36.716,0.317,0.000,25.739,27.660,0.000,0.000,0.0000
854.170,-70.491,36.716,0.317,0.000,25.739,27.660,0.000,0.000,0.0000
854.180,-70.491,36.716,0.317,0.000,25.739,27.660,0.000,0.000,0.0000
854.190,-70.491,36.716,0.317,0.000,25.739,27.660,0.000,0.000,0.0000
854.200,-70.491,36.716,0.317,0.000,25.739,27.660,0.000,0.000,0.0000
854.210,-70.491,36.716,0.317,0.000,25.739,27.660,0.000,0.000,0.0000
854.220,-70.491,36.716,0.317,0.000,25.739,27.660,0.000,0.000,0.0000
854.230,-70.491,36.716,0.317,0.000,25.739,27.660,0.000,0.000,0.0000
854.240,-70.491,36.716,0.317,0.000,25.739,27.660,0.000,0.000,0.0000
854.250,-70.491,36.716,0.317,0.000,25.739,27.660,0.000,0.000,0.0000
854.260,-70.491,36.716,0.317,0.000,25.739,27.660,0.000,0.000,0.0000
854.270,-70.491,36.716,0.317,0.000,25.739,27.660,0.000,0.000,0.0000
854.280,-70.491,36.716,0.317,0.000,25.739,27.660,0.000,0.000,0.0000
854.290,-70.491,36.716,0.317,0.000,25.739,27.660,0.000,0.000,0.0000
854.300,-70.491,36.716,0.317,0.000,25.739,27.660,0.000,0.000,0.0000
854.310,-70.491,36.716,0.317,0.000,25.739,27.660,0.000,0.000,0.0000
854.320,-70.491,36.716,0.317,0.000,25.739,27.660,0.000,0.000,0.0000
854.330,-70.491,36.716,0.317,0.000,25.739,27.660,0.000,0.000,0.0000
854.340,-70.491,36.716,0.317,0.000,25.739,27.660,0.000,0.000,0.0000
854.350,-70.491,36.716,0.317,0.000,25.739,27.660,0.000,0.000,0.0000
854.360,-70.491,36.716,0.317,0.000,25.739,27.660,0.000,0.000,0.0000
854.370,-70.491,36.716,0.317,0.000,25.739,27.660,0.000,0.000,0.0000
854.380,-70.491,36.716,0.317,0.000,25.739,27.660,0.000,0.000,0.0000
854.390,-70.491,36.716,0.317,0.000,25.739,27.660,0.000,0.000,0.0000
854.400,-70.491,36.716,0.317,0.000,25.739,27.660,0.000,0.000,0.0000
854.410,-70.491,36.716,0.317,0.000,25.739,27.660,0.000,0.000,0.0000
854.420,-70.491,36.716,0.317,0.000,25.739,27.660,0.000,0.000,0.0000
854.430,-70.491,36.716,0.317,0.000,25.739,27.660,0.000,0.000,0.0000
854.440,-70.491,36.716,0.317,0.000,25.739,27.660,0.000,0.000,0.0000
854.450,-70.491,36.716,0.317,0.000,25.739,27.660,0.000,0.000,0.0000
854.460,-70.491,36.716,0.317,0.000,25.739,27.660,0.000,0.000,0.0000
854.470,-70.491,36.716,0.317,0.000,25.739,27.660,0.000,0.000,0.0000
854.480,-70.491,36.716,0.317,0.000,25.739,27.660,0.000,0.000,0.0000
854.490,-70.491,36.716,0.317,0.000,25.739,27.660,0.000,0.000,0.0000
854.500,-70.491,36.716,0.317,0.000,25.739,27.660,0.000,0.000,0.0000
854.510,-70.491,36.716,0.317,0.000,25.739,27.660,0.000,0.000,0.0000
854.520,-70.491,36.716,0.317,0.000,25.739,27.660,0.000,0.000,0.0000
854.530,-70.491,36.716,0.317,0.000,25.739,27.660,0.000,0.000,0.0000
854.540,-70.491,36.716,0.317,0.000,25.739,27.660,0.000,0.000,0.0000
854.550,-70.491,36.716,0.317,0.000,25.739,27.660,0.000,0.000,0.0000
854.560,-70.491,36.716,0.317,0.000,25.739,27.660,0.000,0.000,0.0000
854.570,-70.491,36.716,0.317,0.000,25.739,27.660,0.000,0.000,0.0000
854.580,-70.491,36.716,0.317,0.000,25.739,27.660,0.000,0.000,0.0000
854.590,-70.491,36.716,0.317,0.000,25.739,27.660,0.000,0.000,0.0000
854.600,-70.491,36.716,0.317,0.000,25.739,27.660,0.000,0.000,0.0000
854.610,-70.491,36.716,0.317,0.000,25.739,27.660,0.000,0.000,0.0000
854.620,-70.491,36.716,0.317,0.000,25.739,27.660,0.000,0.000,0.0000
854.630,-70.491,36.716,0.317,0.000,25.739,27.660,0.000,0.000,0.0000
854.640,-70.491,36.716,0.317,0.000,25.739,27.660,0.000,0.000,0.0000
854.650,-70.491,36.716,0.317,0.000,25.739,27.660,0.000,0.000,0.0000
854.660,-70.491,36.716,0.317,0.000,25.739,27.660,0.000,0.000,0.0000
854.670,-70.491,36.716,0.317,0.000,25.739,27.660,0.000,0.000,0.0000
854.680,-70.491,36.716,0.317,0.000,25.739,27.660,0.000,0.000,0.0000
854.690,-70.491,36.716,0.317,0.000,25.739,27.660,0.000,0.000,0.0000
854.700,-70.491,36.716,0.317,0.000,25.739,27.660,0.000,0.000,0.0000
854.710,-70.491,36.716,0.317,0.000,25.739,27.660,0.000,0.000,0.0000
854.720,-70.491,36.716,0.317,0.000,25.739,27.660,0.000,0.000,0.0000
854.730,-70.491,36.716,0.317,0.000,25.739,27.660,0.000,0.000,0.0000
854.740,-70.491,36.716,0.317,0.000,25.739,27.660,0.000,0.000,0.0000
854.750,-70.491,36.716,0.317,0.000,25.739,27.660,0.000,0.000,0.0000
854.760,-70.491,36.716,0.317,0.000,25.739,27.660,0.000,0.000,0.0000
854.770,-70.491,36.716,0.317,0.000,25.739,27.660,0.000,0.000,0.0000
854.780,-70.491,36.716,0.317,0.000,25.739,27.660,0.000,0.000,0.0000
854.790,-70.491,36.716,0.317,0.000,25.739,27.660,0.000,0.000,0.0080
854.800,-70.491,36.716,0.317,0.000,25.739,27.660,0.000,0.000,0.0160
854.810,-70.491,36.716,0.317,0.000,25.739,27.660,0.000,0.000,0.0240
854.820,-70.491,36.716,0.317,0.000,25.739,27.660,0.000,0.000,0.0320
854.830,-70.491,36.716,0.317,0.000,25.739,27.660,0.000,0.000,0.0400
854.840,-70.491,36.716,0.317,0.000,25.739,27.660,0.000,0.000,0.0480
854.850,-70.491,36.715,0.317,0.000,25.739,27.660,0.000,0.000,0.0560
854.860,-70.491,36.715,0.317,0.001,25.739,27.660,0.000,0.000,0.0640
854.870,-70.491,36.715,0.317,0.001,25.739,27.660,0.000,0.000,0.0720
854.880,-70.491,36.715,0.317,0.001,25.739,27.660,0.000,0.000,0.0800
854.890,-70.491,36.715,0.317,0.001,25.739,27.660,0.000,0.000,0.0880
854.900,-70.491,36.715,0.317,0.001,25.739,27.660,0.000,0.000,0.0960
854.910,-70.491,36.715,0.317,0.001,25.739,27.660,0.000,0.000,0.1040
854.920,-70.491,36.715,0.317,0.001,25.739,27.660,0.000,0.000,0.1120
854.930,-70.491,36.715,0.317,0.001,25.739,27.660,0.000,0.000,0.1200
854.940,-70.491,36.715,0.317,0.001,25.739,27.660,0.000,0.000,0.1280
854.950,-70.491,36.715,0.317,0.001,25.739,27.660,0.000,0.000,0.1360
854.960,-70.491,36.715,0.317,0.001,25.739,27.660,0.000,0.000,0.1440
854.970,-70.491,36.715,0.317,0.001,25.739,27.660,0.000,0.000,0.1520
854.980,-70.491,36.715,0.317,0.001,25.739,27.660,0.000,0.000,0.1600
854.990,-70.491,36.715,0.317,0.001,25.739,27.660,0.000,0.000,0.1680
855.000,-70.491,36.715,0.317,0.001,25.739,27.660,0.000,0.000,0.1760
855.010,-70.491,36.715,0.317,0.001,25.739,27.660,0.000,0.000,0.1840
855.020,-70.491,36.715,0.317,0.001,25.739,27.660,0.000,0.000,0.1920
855.030,-70.491,36.715,0.317,0.001,25.739,27.660,0.000,0.000,0.2000
855.040,-70.491,36.715,0.317,0.001,25.739,27.660,0.000,0.000,0.2080
855.050,-70.491,36.715,0.317,0.001,25.739,27.660,0.000,0.000,0.2160
855.060,-70.491,36.715,0.317,0.001,25.739,27.660,0.000,0.000,0.2240
855.070,-70.491,36.715,0.317,0.001,25.739,27.660,0.000,0.000,0.2320
855.080,-70.491,36.715,0.317,0.001,25.739,27.660,0.000,0.000,0.2400
855.090,-70.491,36.715,0.317,0.001,25.739,27.660,0.000,0.000,0.2480
855.100,-70.491,36.715,0.317,0.001,25.739,27.660,0.000,0.000,0.2560
855.110,-70.491,36.715,0.317,0.001,25.739,27.660,0.000,0.000,0.2640
855.120,-70.491,36.715,0.317,0.001,25.739,27.660,0.000,0.000,0.2720
855.130,-70.491,36.715,0.317,0.001,25.739,27.660,0.000,0.000,0.2800
855.140,-70.491,36.715,0.317,0.001,25.739,27.660,0.000,0.000,0.2880
855.150,-70.491,36.715,0.317,0.001,25.739,27.660,0.000,0.000,0.2960
855.160,-70.491,36.715,0.317,0.001,25.739,27.660,0.000,0.000,0.3040
855.170,-70.491,36.715,0.317,0.001,25.739,27.660,0.000,0.000,0.3120
855.180,-70.491,36.715,0.317,0.001,25.739,27.660,0.000,0.000,0.3200
855.190,-70.491,36.715,0.317,0.001,25.739,27.660,0.000,0.000,0.3280
855.200,-70.491,36.715,0.317,0.001,25.739,27.660,0.000,0.000,0.3360
855.210,-70.491,36.715,0.317,0.001,25.739,27.660,0.000,0.000,0.3440
855.220,-70.491,36.715,0.317,0.001,25.739,27.660,0.000,0.000,0.3520
855.230,-70.491,36.715,0.317,0.001,25.739,27.660,0.000,0.000,0.3600
855.240,-70.491,36.714,0.317,0.001,25.739,27.660,0.000,0.000,0.3680
855.250,-70.491,36.714,0.317,0.001,25.739,27.660,0.040,0.000,0.3760
855.260,-70.491,36.714,0.317,0.015,25.739,27.661,0.080,0.000,0.3840
855.270,-70.490,36.714,0.317,0.040,25.740,27.661,0.120,0.000,0.3920
855.280,-70.490,36.715,0.317,0.073,25.740,27.662,0.160,0.000,0.4000
855.290,-70.489,36.715,0.316,0.110,25.741,27.663,0.200,0.000,0.4080
855.300,-70.487,36.715,0.316,0.149,25.743,27.664,0.240,0.000,0.4160
855.310,-70.485,36.715,0.316,0.187,25.745,27.666,0.280,0.000,0.4240
855.320,-70.483,36.716,0.315,0.224,25.747,27.668,0.320,0.000,0.4320
855.330,-70.481,36.716,0.315,0.259,25.749,27.671,0.360,0.000,0.4400
855.340,-70.478,36.717,0.314,0.293,25.752,27.674,0.400,0.000,0.4480
855.350,-70.475,36.717,0.314,0.326,25.756,27.677,0.440,0.000,0.4560
855.360,-70.471,36.718,0.313,0.358,25.759,27.680,0.480,0.000,0.4640
855.370,-70.467,36.719,0.313,0.390,25.763,27.684,0.520,0.000,0.4720
855.380,-70.463,36.720,0.312,0.422,25.767,27.688,0.560,0.000,0.4800
855.390,-70.458,36.721,0.312,0.454,25.772,27.692,0.600,0.000,0.4880
855.400,-70.454,36.721,0.311,0.486,25.776,27.697,0.640,0.000,0.4960
855.410,-70.448,36.722,0.311,0.518,25.782,27.702,0.680,0.000,0.5000
855.420,-70.443,36.724,0.311,0.550,25.787,27.707,0.720,0.000,0.5000
855.430,-70.437,36.725,0.310,0.583,25.793,27.713,0.760,0.000,0.5000
855.440,-70.431,36.726,0.310,0.618,25.799,27.718,0.800,0.000,0.5000
855.450,-70.424,36.727,0.310,0.652,25.806,27.725,0.840,0.000,0.5000
855.460,-70.418,36.728,0.310,0.686,25.812,27.731,0.880,0.000,0.5000
855.470,-70.410,36.730,0.309,0.720,25.820,27.738,0.920,0.000,0.5000
855.480,-70.403,36.731,0.309,0.754,25.827,27.745,0.960,0.000,0.5000
855.490,-70.395,36.733,0.309,0.787,25.835,27.752,1.000,0.000,0.5000
855.500,-70.387,36.734,0.309,0.820,25.843,27.760,1.000,0.000,0.5000
855.510,-70.378,36.736,0.309,0.853,25.852,27.767,1.000,0.000,0.5000
855.520,-70.369,36.737,0.309,0.885,25.861,27.776,1.000,0.000,0.5000
855.530,-70.360,36.739,0.309,0.918,25.870,27.784,1.000,0.000,0.5000
855.540,-70.351,36.741,0.309,0.950,25.879,27.793,1.000,0.000,0.5000
855.550,-70.341,36.742,0.309,0.982,25.889,27.802,1.000,0.000,0.5000
855.560,-70.331,36.744,0.309,1.015,25.899,27.811,1.000,0.000,0.5000
855.570,-70.320,36.746,0.310,1.047,25.910,27.821,1.000,0.000,0.5000
855.580,-70.309,36.748,0.310,1.080,25.921,27.831,1.000,0.000,0.5000
855.590,-70.298,36.750,0.310,1.112,25.932,27.841,1.000,0.000,0.5000
855.600,-70.287,36.751,0.310,1.145,25.943,27.851,1.000,0.000,0.5000
855.610,-70.275,36.753,0.310,1.177,25.955,27.862,1.000,0.000,0.5000
855.620,-70.263,36.755,0.310,1.210,25.967,27.873,1.000,0.000,0.5000
855.630,-70.251,36.757,0.311,1.242,25.979,27.885,1.000,0.000,0.5000
855.640,-70.238,36.759,0.311,1.275,25.992,27.896,1.000,0.000,0.5000
855.650,-70.225,36.762,0.311,1.307,26.005,27.908,1.000,0.000,0.5000
855.660,-70.211,36.764,0.311,1.340,26.019,27.921,1.000,0.000,0.5000
855.670,-70.198,36.766,0.311,1.373,26.032,27.933,1.000,0.000,0.5000
855.680,-70.184,36.768,0.311,1.406,26.046,27.946,1.000,0.000,0.5000
855.690,-70.169,36.770,0.311,1.439,26.061,27.960,1.000,0.000,0.5000
855.700,-70.154,36.772,0.312,1.473,26.076,27.973,1.000,0.000,0.5000
855.710,-70.139,36.774,0.312,1.506,26.091,27.987,1.000,0.000,0.5000
855.720,-70.124,36.776,0.312,1.540,26.106,28.001,1.000,0.000,0.5000
855.730,-70.108,36.779,0.312,1.574,26.122,28.016,0.940,0.000,0.5000
855.740,-70.092,36.781,0.312,1.608,26.138,28.031,0.880,0.000,0.5000
855.750,-70.076,36.783,0.312,1.642,26.154,28.046,0.820,0.000,0.5000
855.760,-70.059,36.785,0.312,1.677,26.171,28.061,0.760,0.000,0.5000
855.770,-70.042,36.787,0.312,1.712,26.188,28.077,0.700,0.000,0.5000
855.780,-70.024,36.789,0.312,1.748,26.206,28.093,0.640,0.000,0.5000
855.790,-70.007,36.792,0.312,1.785,26.223,28.110,0.580,0.000,0.5000
855.800,-69.988,36.794,0.312,1.822,26.242,28.127,0.520,0.000,0.5000
855.810,-69.970,36.796,0.312,1.860,26.260,28.144,0.460,0.000,0.5000
855.820,-69.951,36.798,0.311,1.898,26.279,28.161,0.400,0.000,0.5000
855.830,-69.931,36.800,0.311,1.937,26.299,28.179,0.340,0.000,0.5000
855.840,-69.912,36.802,0.311,1.976,26.318,28.198,0.280,0.000,0.5000
855.850,-69.891,36.804,0.311,2.015,26.339,28.216,0.220,0.000,0.4700
855.860,-69.871,36.806,0.311,2.045,26.359,28.235,0.160,0.000,0.4400
855.870,-69.850,36.808,0.311,2.058,26.380,28.254,0.100,0.000,0.4100
855.880,-69.830,36.810,0.311,2.049,26.400,28.273,0.040,0.000,0.3800
855.890,-69.810,36.811,0.311,2.024,26.420,28.292,0.000,0.000,0.3500
855.900,-69.790,36.813,0.312,1.991,26.440,28.310,0.000,0.000,0.3200
855.910,-69.770,36.815,0.312,1.955,26.460,28.328,0.000,0.000,0.2900
855.920,-69.751,36.816,0.313,1.920,26.479,28.346,0.000,0.000,0.2600
855.930,-69.732,36.817,0.314,1.887,26.498,28.363,0.000,0.000,0.2300
855.940,-69.714,36.819,0.315,1.857,26.516,28.380,0.000,0.000,0.2000
855.950,-69.695,36.820,0.315,1.827,26.535,28.396,0.000,0.000,0.1700
855.960,-69.677,36.822,0.316,1.799,26.553,28.413,0.000,0.000,0.1400
855.970,-69.660,36.823,0.317,1.768,26.570,28.429,0.000,0.000,0.1100
855.980,-69.642,36.824,0.318,1.732,26.588,28.444,0.000,0.000,0.0800
855.990,-69.626,36.825,0.319,1.692,26.604,28.459,0.000,0.000,0.0500
856.000,-69.609,36.826,0.320,1.649,26.621,28.474,0.000,0.000,0.0200
856.010,-69.593,36.827,0.321,1.605,26.637,28.489,0.000,0.000,0.0000
856.020,-69.578,36.828,0.322,1.562,26.653,28.503,0.000,0.000,0.0000
856.030,-69.562,36.829,0.323,1.527,26.668,28.517,0.000,0.000,0.0000
856.040,-69.547,36.830,0.324,1.499,26.683,28.530,0.000,0.000,0.0000
856.050,-69.533,36.831,0.325,1.475,26.697,28.544,0.000,0.000,0.0000
856.060,-69.518,36.832,0.325,1.452,26.712,28.557,0.000,0.000,0.0000
856.070,-69.504,36.833,0.326,1.428,26.726,28.570,0.000,0.000,0.0000
856.080,-69.490,36.834,0.326,1.405,26.740,28.583,0.000,0.000,0.0000
856.090,-69.476,36.835,0.327,1.381,26.754,28.596,0.000,0.000,0.0000
856.100,-69.462,36.836,0.327,1.357,26.768,28.608,0.000,0.000,0.0000
856.110,-69.449,36.837,0.327,1.332,26.781,28.620,0.000,0.000,0.0000
856.120,-69.436,36.838,0.327,1.305,26.794,28.632,0.040,0.000,0.0000
856.130,-69.423,36.839,0.327,1.278,26.807,28.644,0.080,0.000,0.0000
856.140,-69.411,36.840,0.327,1.250,26.819,28.656,0.120,0.000,0.0000
856.150,-69.398,36.841,0.326,1.242,26.832,28.668,0.160,0.000,0.0000
856.160,-69.386,36.841,0.326,1.255,26.844,28.679,0.200,0.000,0.0000
856.170,-69.373,36.842,0.325,1.283,26.857,28.691,0.240,0.000,0.0000
856.180,-69.360,36.843,0.325,1.320,26.870,28.704,0.280,0.000,0.0000
856.190,-69.346,36.844,0.324,1.363,26.884,28.717,0.320,0.000,0.0000
856.200,-69.332,36.845,0.323,1.409,26.898,28.730,0.360,0.000,0.0000
856.210,-69.318,36.846,0.321,1.454,26.912,28.744,0.400,0.000,0.0000
856.220,-69.303,36.847,0.320,1.499,26.927,28.759,0.440,0.000,0.0000
856.230,-69.287,36.848,0.319,1.544,26.943,28.773,0.480,0.000,0.0000
856.240,-69.272,36.849,0.317,1.588,26.958,28.789,0.520,0.000,0.0000
856.250,-69.255,36.850,0.316,1.631,26.975,28.804,0.560,0.000,0.0000
856.260,-69.239,36.851,0.315,1.674,26.991,28.820,0.600,0.000,0.0000
856.270,-69.221,36.852,0.313,1.716,27.009,28.837,0.640,0.000,0.0000
856.280,-69.204,36.853,0.312,1.757,27.026,28.853,0.680,0.000,0.0000
856.290,-69.186,36.854,0.311,1.799,27.044,28.871,0.720,0.000,0.0000
856.300,-69.168,36.855,0.309,1.841,27.062,28.888,0.760,0.000,0.0000
856.310,-69.149,36.856,0.308,1.883,27.081,28.906,0.800,0.000,0.0000
856.320,-69.130,36.857,0.307,1.925,27.100,28.924,0.840,0.000,0.0000
856.330,-69.110,36.858,0.307,1.967,27.120,28.943,0.880,0.000,0.0000
856.340,-69.090,36.859,0.306,2.010,27.140,28.962,0.920,0.000,0.0000
856.350,-69.069,36.860,0.305,2.052,27.161,28.981,0.960,0.000,0.0000
856.360,-69.048,36.861,0.305,2.094,27.182,29.001,1.000,0.000,0.0000
856.370,-69.027,36.862,0.304,2.137,27.203,29.021,1.000,0.000,0.0000
856.380,-69.005,36.864,0.304,2.179,27.225,29.041,1.000,0.000,0.0000
856.390,-68.983,36.865,0.304,2.221,27.247,29.062,1.000,0.000,0.0000
856.400,-68.960,36.866,0.304,2.263,27.270,29.083,1.000,0.000,0.0000
856.410,-68.937,36.867,0.304,2.305,27.293,29.104,1.000,0.000,0.0000
856.420,-68.914,36.868,0.304,2.347,27.316,29.126,1.000,0.000,0.0000
856.430,-68.890,36.870,0.304,2.389,27.340,29.148,1.000,0.000,0.0000
856.440,-68.866,36.871,0.304,2.428,27.364,29.171,1.000,0.000,0.0000
856.450,-68.841,36.872,0.305,2.466,27.389,29.193,1.000,0.000,0.0000
856.460,-68.816,36.874,0.305,2.502,27.414,29.216,1.000,0.000,0.0000
856.470,-68.791,36.875,0.306,2.539,27.439,29.240,1.000,0.000,0.0000
856.480,-68.765,36.876,0.306,2.577,27.465,29.264,1.000,0.000,0.0000
856.490,-68.739,36.878,0.307,2.617,27.491,29.288,1.000,0.000,0.0000
856.500,-68.712,36.879,0.307,2.656,27.518,29.312,1.000,0.000,0.0000
856.510,-68.685,36.881,0.308,2.696,27.545,29.337,1.000,0.000,0.0000
856.520,-68.658,36.882,0.308,2.736,27.572,29.362,1.000,0.000,0.0000
856.530,-68.631,36.884,0.309,2.662,27.599,29.387,1.000,0.000,0.0000
856.540,-68.604,36.886,0.310,2.710,27.626,29.412,1.000,0.000,0.0000
856.550,-68.577,36.887,0.311,2.718,27.653,29.437,1.000,0.000,0.0000
856.560,-68.550,36.889,0.311,2.674,27.680,29.462,1.000,0.000,0.0000
856.570,-68.523,36.890,0.312,2.710,27.707,29.487,1.000,0.000,0.0000
856.580,-68.496,36.891,0.313,2.769,27.734,29.512,1.000,0.000,0.0000
856.590,-68.467,36.893,0.313,2.813,27.763,29.538,1.000,0.000,0.0000
856.600,-68.439,36.895,0.313,2.867,27.791,29.565,1.000,0.000,0.0000
856.610,-68.409,36.896,0.313,2.955,27.821,29.592,1.000,0.000,0.0000
856.620,-68.379,36.898,0.313,3.040,27.851,29.621,1.000,0.000,0.0000
856.630,-68.348,36.900,0.313,3.110,27.882,29.650,1.000,0.000,0.0000
856.640,-68.316,36.901,0.313,3.168,27.914,29.680,1.000,0.000,0.0000
856.650,-68.284,36.903,0.313,3.217,27.946,29.710,1.000,0.000,0.0000
856.660,-68.251,36.904,0.312,3.260,27.979,29.740,1.000,0.000,0.0000
856.670,-68.218,36.906,0.312,3.300,28.012,29.771,1.000,0.000,0.0000
856.680,-68.185,36.908,0.312,3.341,28.045,29.802,1.000,0.000,0.0000
856.690,-68.151,36.909,0.311,3.383,28.079,29.834,1.000,0.000,0.0000
856.700,-68.117,36.911,0.311,3.426,28.113,29.866,1.000,0.000,0.0000
856.710,-68.082,36.913,0.311,3.471,28.148,29.899,1.000,0.000,0.0000
856.720,-68.047,36.915,0.310,3.517,28.183,29.932,1.000,0.000,0.0000
856.730,-68.011,36.917,0.310,3.563,28.219,29.965,1.000,0.000,0.0000
856.740,-67.975,36.919,0.310,3.609,28.255,29.999,1.000,0.000,0.0000
856.750,-67.939,36.920,0.309,3.653,28.291,30.033,1.000,0.000,0.0000
856.760,-67.902,36.922,0.309,3.695,28.328,30.068,1.000,0.000,0.0000
856.770,-67.864,36.924,0.309,3.732,28.366,30.103,1.000,0.000,0.0000
856.780,-67.827,36.926,0.309,3.769,28.403,30.138,1.000,0.000,0.0000
856.790,-67.789,36.928,0.309,3.808,28.441,30.174,1.000,0.000,0.0000
856.800,-67.750,36.930,0.309,3.848,28.480,30.210,1.000,0.000,0.0000
856.810,-67.711,36.932,0.308,3.889,28.519,30.246,1.000,0.000,0.0000
856.820,-67.672,36.934,0.308,3.931,28.558,30.283,1.000,0.000,0.0000
856.830,-67.632,36.937,0.308,3.972,28.598,30.320,1.000,0.000,0.0000
856.840,-67.592,36.939,0.308,4.013,28.638,30.357,1.000,0.000,0.0000
856.850,-67.552,36.941,0.309,4.053,28.678,30.395,1.000,0.000,0.0000
856.860,-67.511,36.943,0.309,4.092,28.719,30.434,1.000,0.000,0.0000
856.870,-67.469,36.945,0.309,4.132,28.761,30.472,1.000,0.000,0.0000
856.880,-67.428,36.948,0.309,4.171,28.802,30.511,1.000,0.000,0.0000
856.890,-67.385,36.950,0.309,4.210,28.845,30.551,1.000,0.000,0.0000
856.900,-67.343,36.952,0.309,4.250,28.887,30.590,1.000,0.000,0.0000
856.910,-67.300,36.955,0.309,4.291,28.930,30.631,1.000,0.000,0.0000
856.920,-67.257,36.957,0.310,4.334,28.973,30.671,1.000,0.000,0.0000
856.930,-67.213,36.959,0.310,4.376,29.017,30.712,1.000,0.000,0.0000
856.940,-67.169,36.962,0.310,4.417,29.061,30.753,1.000,0.000,0.0000
856.950,-67.124,36.964,0.310,4.457,29.106,30.795,1.000,0.000,0.0000
856.960,-67.079,36.967,0.310,4.496,29.151,30.837,1.000,0.000,0.0000
856.970,-67.034,36.969,0.310,4.535,29.196,30.880,1.000,0.000,0.0000
856.980,-66.988,36.972,0.311,4.573,29.242,30.923,1.000,0.000,0.0000
856.990,-66.942,36.974,0.311,4.612,29.288,30.966,1.000,0.000,0.0000
857.000,-66.896,36.977,0.311,4.650,29.334,31.009,1.000,0.000,0.0000
857.010,-66.849,36.979,0.311,4.689,29.381,31.053,1.000,0.000,0.0000
857.020,-66.801,36.981,0.311,4.726,29.429,31.098,1.000,0.000,0.0000
857.030,-66.754,36.984,0.311,4.763,29.476,31.142,1.000,0.000,0.0000
857.040,-66.706,36.986,0.311,4.800,29.524,31.187,1.000,0.000,0.0000
857.050,-66.657,36.989,0.311,4.838,29.573,31.233,1.000,0.000,0.0000
857.060,-66.609,36.991,0.311,4.871,29.621,31.279,1.000,0.000,0.0000
857.070,-66.560,36.994,0.311,4.906,29.670,31.325,1.000,0.000,0.0000
857.080,-66.510,36.996,0.312,4.942,29.720,31.371,1.000,0.000,0.0000
857.090,-66.460,36.999,0.312,4.979,29.770,31.418,1.000,0.000,0.0000
857.100,-66.410,37.001,0.312,5.018,29.820,31.465,1.000,0.000,0.0000
857.110,-66.360,37.004,0.312,5.058,29.870,31.513,1.000,0.000,0.0000
857.120,-66.309,37.006,0.312,5.099,29.921,31.561,1.000,0.000,0.0000
857.130,-66.257,37.009,0.312,5.140,29.973,31.609,1.000,0.000,0.0000
857.140,-66.205,37.011,0.311,5.180,30.025,31.658,1.000,0.000,0.0000
857.150,-66.153,37.014,0.311,5.220,30.077,31.707,1.000,0.000,0.0000
857.160,-66.101,37.016,0.311,5.261,30.129,31.756,1.000,0.000,0.0000
857.170,-66.048,37.019,0.311,5.302,30.182,31.806,1.000,0.000,0.0000
857.180,-65.994,37.021,0.311,5.346,30.236,31.857,1.000,0.000,0.0000
857.190,-65.940,37.024,0.311,5.391,30.290,31.908,1.000,0.000,0.0000
857.200,-65.886,37.027,0.311,5.436,30.344,31.959,1.000,0.000,0.0000
857.210,-65.831,37.029,0.311,5.479,30.399,32.011,1.000,0.000,0.0000
857.220,-65.776,37.032,0.311,5.521,30.454,32.063,1.000,0.000,0.0000
857.230,-65.720,37.035,0.310,5.562,30.510,32.115,1.000,0.000,0.0000
857.240,-65.664,37.038,0.310,5.602,30.566,32.168,1.000,0.000,0.0000
857.250,-65.608,37.041,0.312,5.586,30.622,32.220,1.000,0.000,0.0000
857.260,-65.552,37.044,0.313,5.653,30.678,32.273,1.000,0.000,0.0000
857.270,-65.495,37.048,0.316,5.680,30.735,32.326,1.000,0.000,0.0000
857.280,-65.438,37.051,0.319,5.751,30.792,32.379,1.000,0.000,0.0000
857.290,-65.380,37.054,0.322,5.812,30.850,32.433,1.000,0.000,0.0000
857.300,-65.321,37.057,0.326,5.864,30.909,32.487,1.000,0.000,0.0000
857.310,-65.262,37.060,0.329,5.909,30.968,32.541,1.000,0.000,0.0000
857.320,-65.203,37.063,0.333,5.951,31.027,32.596,1.000,0.000,0.0000
857.330,-65.143,37.066,0.337,5.989,31.087,32.651,1.000,0.000,0.0000
857.340,-65.083,37.069,0.340,6.026,31.147,32.707,1.000,0.000,0.0000
857.350,-65.022,37.072,0.344,6.064,31.208,32.763,1.000,0.000,0.0000
857.360,-64.961,37.075,0.347,6.103,31.269,32.820,1.000,0.000,0.0000
857.370,-64.900,37.078,0.350,6.143,31.330,32.877,1.000,0.000,0.0000
857.380,-64.838,37.082,0.353,6.186,31.392,32.934,1.000,0.000,0.0000
857.390,-64.776,37.085,0.355,6.228,31.454,32.992,1.000,0.000,0.0000
857.400,-64.713,37.088,0.357,6.269,31.517,33.051,1.000,0.000,0.0000
857.410,-64.650,37.091,0.359,6.308,31.580,33.110,1.000,0.000,0.0000
857.420,-64.587,37.094,0.361,6.345,31.643,33.170,1.000,0.000,0.0000
857.430,-64.523,37.098,0.363,6.381,31.707,33.230,1.000,0.000,0.0000
857.440,-64.459,37.101,0.364,6.415,31.771,33.290,1.000,0.000,0.0000
857.450,-64.394,37.104,0.364,6.448,31.836,33.351,1.000,0.000,0.0000
857.460,-64.330,37.107,0.365,6.478,31.900,33.412,1.000,0.000,0.0000
857.470,-64.265,37.110,0.365,6.508,31.965,33.474,1.000,0.000,0.0000
857.480,-64.199,37.114,0.365,6.541,32.031,33.536,1.000,0.000,0.0000
857.490,-64.133,37.117,0.365,6.576,32.097,33.598,1.000,0.000,0.0000
857.500,-64.067,37.120,0.365,6.612,32.163,33.661,1.000,0.000,0.0000
857.510,-64.001,37.123,0.364,6.646,32.229,33.724,1.000,0.000,0.0000
857.520,-63.934,37.126,0.364,6.682,32.296,33.788,1.000,0.000,0.0000
857.530,-63.867,37.130,0.363,6.720,32.363,33.852,1.000,0.000,0.0000
857.540,-63.799,37.133,0.362,6.760,32.431,33.916,1.000,0.000,0.0000
857.550,-63.731,37.136,0.361,6.801,32.499,33.981,1.000,0.000,0.0000
857.560,-63.663,37.139,0.359,6.846,32.567,34.047,1.000,0.000,0.0000
857.570,-63.594,37.143,0.358,6.891,32.636,34.112,1.000,0.000,0.0000
857.580,-63.525,37.146,0.357,6.935,32.706,34.179,1.000,0.000,0.0000
857.590,-63.455,37.149,0.355,6.978,32.775,34.245,1.000,0.000,0.0000
857.600,-63.385,37.152,0.354,7.019,32.845,34.313,1.000,0.000,0.0000
857.610,-63.314,37.156,0.353,7.058,32.916,34.380,1.000,0.000,0.0000
857.620,-63.243,37.159,0.352,7.088,32.987,34.448,1.000,0.000,0.0000
857.630,-63.172,37.163,0.351,7.119,33.058,34.516,1.000,0.000,0.0000
857.640,-63.100,37.166,0.350,7.153,33.130,34.584,1.000,0.000,0.0000
857.650,-63.029,37.170,0.349,7.191,33.201,34.653,1.000,0.000,0.0000
857.660,-62.956,37.173,0.348,7.231,33.274,34.722,1.000,0.000,0.0000
857.670,-62.884,37.177,0.347,7.271,33.346,34.791,1.000,0.000,0.0000
857.680,-62.810,37.181,0.347,7.309,33.420,34.861,1.000,0.000,0.0000
857.690,-62.737,37.184,0.346,7.349,33.493,34.931,1.000,0.000,0.0000
857.700,-62.663,37.188,0.346,7.391,33.567,35.002,1.000,0.000,0.0000
857.710,-62.589,37.192,0.345,7.435,33.641,35.073,1.000,0.000,0.0000
857.720,-62.514,37.196,0.345,7.483,33.716,35.144,1.000,0.000,0.0000
857.730,-62.439,37.199,0.345,7.532,33.791,35.216,1.000,0.000,0.0000
857.740,-62.363,37.203,0.345,7.579,33.867,35.288,1.000,0.000,0.0000
857.750,-62.287,37.207,0.345,7.624,33.944,35.361,1.000,0.000,0.0000
857.760,-62.210,37.211,0.345,7.668,34.020,35.434,1.000,0.000,0.0000
857.770,-62.133,37.215,0.345,7.708,34.097,35.507,1.000,0.000,0.0000
857.780,-62.055,37.219,0.345,7.738,34.175,35.581,1.000,0.000,0.0000
857.790,-61.978,37.223,0.346,7.770,34.252,35.655,1.000,0.000,0.0000
857.800,-61.900,37.226,0.346,7.806,34.330,35.730,1.000,0.000,0.0000
857.810,-61.821,37.230,0.346,7.844,34.409,35.804,1.000,0.000,0.0000
857.820,-61.742,37.234,0.347,7.884,34.488,35.879,1.000,0.000,0.0000
857.830,-61.663,37.238,0.347,7.920,34.567,35.955,1.000,0.000,0.0000
857.840,-61.584,37.242,0.348,7.958,34.646,36.031,1.000,0.000,0.0000
857.850,-61.504,37.245,0.348,7.998,34.726,36.107,1.000,0.000,0.0000
857.860,-61.423,37.249,0.349,8.041,34.807,36.184,1.000,0.000,0.0000
857.870,-61.342,37.253,0.349,8.086,34.888,36.261,1.000,0.000,0.0000
857.880,-61.261,37.257,0.350,8.135,34.969,36.338,1.000,0.000,0.0000
857.890,-61.179,37.261,0.350,8.182,35.051,36.417,1.000,0.000,0.0000
857.900,-61.097,37.264,0.350,8.227,35.133,36.495,1.000,0.000,0.0000
857.910,-61.014,37.268,0.351,8.269,35.216,36.574,1.000,0.000,0.0000
857.920,-60.931,37.272,0.351,8.307,35.299,36.654,1.000,0.000,0.0000
857.930,-60.848,37.276,0.351,8.337,35.382,36.733,1.000,0.000,0.0000
857.940,-60.764,37.280,0.351,8.368,35.466,36.813,1.000,0.000,0.0000
857.950,-60.680,37.284,0.352,8.403,35.550,36.894,1.000,0.000,0.0000
857.960,-60.596,37.288,0.352,8.440,35.634,36.974,1.000,0.000,0.0000
857.970,-60.511,37.292,0.352,8.478,35.719,37.056,1.000,0.000,0.0000
857.980,-60.426,37.296,0.352,8.513,35.804,37.137,1.000,0.000,0.0000
857.990,-60.340,37.300,0.352,8.553,35.890,37.219,1.000,0.000,0.0000
858.000,-60.255,37.304,0.352,8.551,35.975,37.301,1.000,0.000,0.0000
858.010,-60.169,37.308,0.352,8.546,36.061,37.383,1.000,0.000,0.0000
858.020,-60.084,37.312,0.353,8.541,36.146,37.464,1.000,0.000,0.0000
858.030,-59.999,37.316,0.353,8.536,36.232,37.546,1.000,0.000,0.0000
858.040,-59.913,37.320,0.353,8.532,36.317,37.628,1.000,0.000,0.0000
858.050,-59.828,37.324,0.354,8.527,36.402,37.710,1.000,0.000,0.0000
858.060,-59.741,37.329,0.354,8.669,36.489,37.793,1.000,0.000,0.0000
858.070,-59.654,37.332,0.354,8.738,36.576,37.877,1.000,0.000,0.0000
858.080,-59.565,37.337,0.353,8.845,36.665,37.962,1.000,0.000,0.0000
858.090,-59.476,37.341,0.353,8.936,36.754,38.048,1.000,0.000,0.0000
858.100,-59.386,37.345,0.352,9.010,36.844,38.134,1.000,0.000,0.0000
858.110,-59.295,37.350,0.352,9.061,36.935,38.221,1.000,0.000,0.0000
858.120,-59.204,37.354,0.351,9.104,37.026,38.309,1.000,0.000,0.0000
858.130,-59.113,37.358,0.350,9.144,37.117,38.397,1.000,0.000,0.0000
858.140,-59.021,37.363,0.350,9.182,37.209,38.485,1.000,0.000,0.0000
858.150,-58.929,37.367,0.349,9.220,37.301,38.574,1.000,0.000,0.0000
858.160,-58.836,37.371,0.349,9.258,37.394,38.663,1.000,0.000,0.0000
858.170,-58.743,37.375,0.349,9.297,37.487,38.753,1.000,0.000,0.0000
858.180,-58.650,37.380,0.348,9.336,37.580,38.842,1.000,0.000,0.0000
858.190,-58.556,37.384,0.348,9.375,37.674,38.933,1.000,0.000,0.0000
858.200,-58.462,37.388,0.348,9.407,37.768,39.023,1.000,0.000,0.0000
858.210,-58.368,37.393,0.348,9.439,37.862,39.114,1.000,0.000,0.0000
858.220,-58.273,37.397,0.348,9.469,37.957,39.205,1.000,0.000,0.0000
858.230,-58.178,37.402,0.348,9.502,38.052,39.297,1.000,0.000,0.0000
858.240,-58.083,37.406,0.348,9.535,38.147,39.388,1.000,0.000,0.0000
858.250,-57.987,37.411,0.348,9.572,38.243,39.481,1.000,0.000,0.0000
858.260,-57.891,37.415,0.348,9.612,38.339,39.573,1.000,0.000,0.0000
858.270,-57.794,37.420,0.348,9.655,38.436,39.666,1.000,0.000,0.0000
858.280,-57.697,37.424,0.348,9.699,38.533,39.759,1.000,0.000,0.0000
858.290,-57.600,37.429,0.349,9.743,38.630,39.853,1.000,0.000,0.0000
858.300,-57.502,37.434,0.349,9.787,38.728,39.948,1.000,0.000,0.0000
858.310,-57.404,37.439,0.349,9.821,38.826,40.042,1.000,0.000,0.0000
858.320,-57.305,37.443,0.349,9.858,38.925,40.137,1.000,0.000,0.0000
858.330,-57.206,37.448,0.348,9.894,39.024,40.233,1.000,0.000,0.0000
858.340,-57.107,37.453,0.346,9.929,39.123,40.329,1.000,0.000,0.0000
858.350,-57.007,37.458,0.342,9.964,39.223,40.426,1.000,0.000,0.0000
858.360,-56.908,37.463,0.339,9.988,39.322,40.523,1.000,0.000,0.0000
858.370,-56.807,37.468,0.335,10.017,39.423,40.621,1.000,0.000,0.0000
858.380,-56.707,37.472,0.331,10.054,39.523,40.719,1.000,0.000,0.0000
858.390,-56.606,37.477,0.327,10.098,39.624,40.817,1.000,0.000,0.0000
858.400,-56.505,37.482,0.323,10.142,39.725,40.916,1.000,0.000,0.0000
858.410,-56.403,37.487,0.319,10.188,39.827,41.015,1.000,0.000,0.0000
858.420,-56.301,37.491,0.315,10.234,39.929,41.115,1.000,0.000,0.0000
858.430,-56.198,37.496,0.312,10.278,40.032,41.215,1.000,0.000,0.0000
858.440,-56.095,37.500,0.308,10.317,40.135,41.316,1.000,0.000,0.0000
858.450,-55.991,37.505,0.305,10.356,40.239,41.417,1.000,0.000,0.0000
858.460,-55.887,37.509,0.303,10.397,40.343,41.518,1.000,0.000,0.0000
858.470,-55.783,37.514,0.300,10.439,40.447,41.619,1.000,0.000,0.0000
858.480,-55.678,37.519,0.298,10.476,40.552,41.721,1.000,0.000,0.0000
858.490,-55.573,37.524,0.296,10.517,40.657,41.823,1.000,0.000,0.0000
858.500,-55.468,37.528,0.295,10.562,40.762,41.925,1.000,0.000,0.0000
858.510,-55.361,37.533,0.294,10.609,40.869,42.028,1.000,0.000,0.0000
858.520,-55.255,37.538,0.293,10.656,40.975,42.131,1.000,0.000,0.0000
858.530,-55.148,37.543,0.293,10.704,41.082,42.235,1.000,0.000,0.0000
858.540,-55.040,37.548,0.293,10.749,41.190,42.339,1.000,0.000,0.0000
858.550,-54.932,37.553,0.293,10.787,41.298,42.443,1.000,0.000,0.0000
858.560,-54.824,37.558,0.293,10.827,41.406,42.548,1.000,0.000,0.0000
858.570,-54.716,37.563,0.294,10.868,41.514,42.653,1.000,0.000,0.0000
858.580,-54.606,37.568,0.295,10.909,41.624,42.758,1.000,0.000,0.0000
858.590,-54.497,37.573,0.296,10.946,41.733,42.864,1.000,0.000,0.0000
858.600,-54.387,37.578,0.297,10.985,41.843,42.970,1.000,0.000,0.0000
858.610,-54.277,37.583,0.298,11.028,41.953,43.077,1.000,0.000,0.0000
858.620,-54.166,37.587,0.300,11.070,42.064,43.184,1.000,0.000,0.0000
858.630,-54.055,37.592,0.301,11.107,42.175,43.291,1.000,0.000,0.0000
858.640,-53.944,37.597,0.303,11.133,42.286,43.398,1.000,0.000,0.0000
858.650,-53.832,37.602,0.304,11.148,42.398,43.506,1.000,0.000,0.0000
858.660,-53.721,37.607,0.306,11.151,42.509,43.614,1.000,0.000,0.0000
858.670,-53.609,37.612,0.307,11.150,42.621,43.721,1.000,0.000,0.0000
858.680,-53.498,37.617,0.309,11.149,42.732,43.829,1.000,0.000,0.0000
858.690,-53.386,37.622,0.311,11.141,42.844,43.937,1.000,0.000,0.0000
858.700,-53.275,37.627,0.313,11.136,42.955,44.044,1.000,0.000,0.0000
858.710,-53.164,37.632,0.314,11.135,43.066,44.152,1.000,0.000,0.0000
858.720,-53.052,37.637,0.316,11.138,43.178,44.260,1.000,0.000,0.0000
858.730,-52.941,37.642,0.317,11.142,43.289,44.367,1.000,0.000,0.0000
858.740,-52.830,37.647,0.318,11.145,43.400,44.475,1.000,0.000,0.0000
858.750,-52.718,37.652,0.320,11.148,43.512,44.583,1.000,0.000,0.0000
858.760,-52.607,37.657,0.321,11.142,43.623,44.691,1.000,0.000,0.0000
858.770,-52.495,37.662,0.322,11.138,43.735,44.799,1.000,0.000,0.0000
858.780,-52.384,37.667,0.322,11.134,43.846,44.907,1.000,0.000,0.0000
858.790,-52.273,37.672,0.323,11.132,43.957,45.015,1.000,0.000,0.0000
858.800,-52.161,37.677,0.324,11.124,44.069,45.123,1.000,0.000,0.0000
858.810,-52.050,37.682,0.324,11.119,44.180,45.231,1.000,0.000,0.0000
858.820,-51.939,37.687,0.324,11.118,44.291,45.339,1.000,0.000,0.0000
858.830,-51.828,37.692,0.324,11.120,44.402,45.447,1.000,0.000,0.0000
858.840,-51.717,37.696,0.324,11.123,44.513,45.555,1.000,0.000,0.0000
858.850,-51.605,37.701,0.324,11.125,44.625,45.663,1.000,0.000,0.0000
858.860,-51.494,37.706,0.324,11.122,44.736,45.771,1.000,0.000,0.0000
858.870,-51.383,37.711,0.324,11.119,44.847,45.879,1.000,0.000,0.0000
858.880,-51.272,37.716,0.323,11.115,44.958,45.988,1.000,0.000,0.0000
858.890,-51.161,37.721,0.323,11.112,45.069,46.096,1.000,0.000,0.0000
858.900,-51.050,37.725,0.322,11.104,45.180,46.204,1.000,0.000,0.0000
858.910,-50.939,37.730,0.322,11.098,45.291,46.312,1.000,0.000,0.0000
858.920,-50.828,37.735,0.321,11.097,45.402,46.420,1.000,0.000,0.0000
858.930,-50.717,37.740,0.321,11.100,45.513,46.528,1.000,0.000,0.0000
858.940,-50.606,37.745,0.320,11.104,45.624,46.636,1.000,0.000,0.0000
858.950,-50.495,37.750,0.320,11.109,45.735,46.745,1.000,0.000,0.0000
858.960,-50.383,37.756,0.319,11.113,45.847,46.853,1.000,0.000,0.0000
858.970,-50.272,37.761,0.318,11.110,45.958,46.961,1.000,0.000,0.0000
858.980,-50.161,37.766,0.318,11.107,46.069,47.070,1.000,0.000,0.0000
858.990,-50.050,37.771,0.317,11.106,46.180,47.178,1.000,0.000,0.0000
859.000,-49.939,37.776,0.317,11.106,46.291,47.286,1.000,0.000,0.0000
859.010,-49.828,37.781,0.316,11.100,46.402,47.394,1.000,0.000,0.0000
859.020,-49.717,37.786,0.316,11.097,46.513,47.503,1.000,0.000,0.0000
859.030,-49.606,37.790,0.316,11.098,46.624,47.611,1.000,0.000,0.0000
859.040,-49.495,37.795,0.315,11.103,46.735,47.719,1.000,0.000,0.0000
859.050,-49.384,37.800,0.315,11.109,46.846,47.827,1.000,0.000,0.0080
859.060,-49.273,37.805,0.315,11.112,46.957,47.936,1.000,0.000,0.0160
859.070,-49.162,37.810,0.315,11.111,47.068,48.044,1.000,0.000,0.0240
859.080,-49.051,37.815,0.314,11.109,47.179,48.153,1.000,0.000,0.0320
859.090,-48.940,37.820,0.314,11.109,47.290,48.261,1.000,0.000,0.0400
859.100,-48.829,37.825,0.314,11.110,47.401,48.369,1.000,0.000,0.0480
859.110,-48.717,37.830,0.314,11.112,47.513,48.478,1.000,0.000,0.0560
859.120,-48.606,37.835,0.314,11.123,47.624,48.586,1.000,0.000,0.0640
859.130,-48.495,37.840,0.314,11.137,47.735,48.695,1.000,0.000,0.0720
859.140,-48.383,37.845,0.314,11.152,47.847,48.804,1.000,0.000,0.0800
859.150,-48.272,37.850,0.314,11.166,47.958,48.912,1.000,0.000,0.0880
859.160,-48.160,37.855,0.314,11.179,48.070,49.022,1.000,0.000,0.0960
859.170,-48.048,37.859,0.315,11.181,48.182,49.131,1.000,0.000,0.1040
859.180,-47.936,37.864,0.315,11.174,48.294,49.240,1.000,0.000,0.1120
859.190,-47.825,37.868,0.315,11.155,48.405,49.349,1.000,0.000,0.1200
859.200,-47.713,37.873,0.315,11.136,48.517,49.457,1.000,0.000,0.1280
859.210,-47.602,37.877,0.315,11.095,48.628,49.565,1.000,0.000,0.1360
859.220,-47.492,37.880,0.316,11.054,48.738,49.673,1.000,0.000,0.1440
859.230,-47.382,37.884,0.316,11.019,48.848,49.781,1.000,0.000,0.1140
859.240,-47.272,37.887,0.317,11.007,48.958,49.888,1.000,0.000,0.0840
859.250,-47.162,37.890,0.317,11.015,49.068,49.996,1.000,0.000,0.0540
859.260,-47.051,37.892,0.318,11.038,49.179,50.103,1.000,0.000,0.0240
859.270,-46.940,37.894,0.318,11.069,49.290,50.212,1.000,0.000,0.0000
859.280,-46.829,37.895,0.318,11.101,49.401,50.320,1.000,0.000,0.0000
859.290,-46.718,37.896,0.318,11.114,49.512,50.429,1.000,0.000,0.0000
859.300,-46.607,37.897,0.318,11.120,49.623,50.537,1.000,0.000,0.0000
859.310,-46.496,37.897,0.318,11.120,49.734,50.646,1.000,0.000,0.0000
859.320,-46.385,37.897,0.318,11.115,49.845,50.755,1.000,0.000,0.0000
859.330,-46.274,37.897,0.318,11.109,49.956,50.863,1.000,0.000,0.0000
859.340,-46.163,37.896,0.318,11.101,50.067,50.972,1.000,0.000,0.0000
859.350,-46.052,37.896,0.318,11.095,50.178,51.080,1.000,0.000,0.0000
859.360,-45.941,37.895,0.318,11.091,50.289,51.189,1.000,0.000,0.0000
859.370,-45.830,37.894,0.318,11.102,50.400,51.297,1.000,0.000,0.0000
859.380,-45.719,37.893,0.318,11.113,50.511,51.406,1.000,0.000,0.0000
859.390,-45.607,37.891,0.318,11.123,50.623,51.515,1.000,0.000,0.0000
859.400,-45.496,37.890,0.318,11.130,50.734,51.624,1.000,0.000,0.0000
859.410,-45.385,37.889,0.318,11.135,50.845,51.733,1.000,0.000,0.0000
859.420,-45.273,37.887,0.317,11.138,50.957,51.842,1.000,0.000,0.0000
859.430,-45.162,37.886,0.317,11.140,51.068,51.951,1.000,0.000,0.0000
859.440,-45.051,37.884,0.317,11.140,51.179,52.060,1.000,0.000,0.0000
859.450,-44.939,37.883,0.317,11.140,51.291,52.169,1.000,0.000,0.0000
859.460,-44.828,37.881,0.317,11.138,51.402,52.278,1.000,0.000,0.0000
859.470,-44.716,37.880,0.317,11.135,51.514,52.387,1.000,0.000,0.0000
859.480,-44.605,37.878,0.317,11.123,51.625,52.496,1.000,0.000,0.0000
859.490,-44.494,37.877,0.317,11.115,51.736,52.605,1.000,0.000,0.0000
859.500,-44.383,37.875,0.317,11.112,51.847,52.713,1.000,0.000,0.0000
859.510,-44.272,37.874,0.316,11.112,51.958,52.822,1.000,0.000,0.0000
859.520,-44.161,37.872,0.316,11.115,52.069,52.931,1.000,0.000,0.0000
859.530,-44.050,37.870,0.316,11.119,52.180,53.040,1.000,0.000,0.0000
859.540,-43.938,37.869,0.316,11.122,52.292,53.149,1.000,0.000,0.0000
859.550,-43.827,37.868,0.316,11.125,52.403,53.258,1.000,0.000,0.0000
859.560,-43.716,37.866,0.316,11.127,52.514,53.367,1.000,0.000,0.0000
859.570,-43.605,37.865,0.316,11.127,52.625,53.476,1.000,0.000,0.0000
859.580,-43.493,37.863,0.316,11.125,52.737,53.585,1.000,0.000,0.0000
859.590,-43.382,37.862,0.316,11.118,52.848,53.694,1.000,0.000,0.0000
859.600,-43.271,37.860,0.316,11.114,52.959,53.803,1.000,0.000,0.0000
859.610,-43.160,37.858,0.317,11.112,53.070,53.912,1.000,0.000,0.0000
859.620,-43.049,37.857,0.317,11.114,53.181,54.021,1.000,0.000,0.0000
859.630,-42.938,37.855,0.317,11.116,53.292,54.130,1.000,0.000,0.0000
859.640,-42.826,37.853,0.317,11.119,53.404,54.239,1.000,0.000,0.0000
859.650,-42.715,37.852,0.317,11.122,53.515,54.348,1.000,0.000,0.0000
859.660,-42.604,37.850,0.317,11.124,53.626,54.457,1.000,0.000,0.0000
859.670,-42.493,37.848,0.317,11.125,53.737,54.566,1.000,0.000,0.0000
859.680,-42.381,37.847,0.317,11.124,53.849,54.675,1.000,0.000,0.0000
859.690,-42.270,37.845,0.317,11.115,53.960,54.784,1.000,0.000,0.0000
859.700,-42.159,37.843,0.317,11.109,54.071,54.893,1.000,0.000,0.0000
859.710,-42.048,37.841,0.317,11.106,54.182,55.002,1.000,0.000,0.0000
859.720,-41.937,37.839,0.317,11.107,54.293,55.111,1.000,0.000,0.0000
859.730,-41.826,37.838,0.317,11.110,54.404,55.220,1.000,0.000,0.0000
859.740,-41.715,37.836,0.317,11.113,54.515,55.329,1.000,0.000,0.0000
859.750,-41.604,37.834,0.317,11.117,54.626,55.438,1.000,0.000,0.0000
859.760,-41.492,37.833,0.317,11.120,54.738,55.547,1.000,0.000,0.0000
859.770,-41.381,37.831,0.317,11.122,54.849,55.656,1.000,0.000,0.0000
859.780,-41.270,37.829,0.317,11.122,54.960,55.765,1.000,0.000,0.0000
859.790,-41.159,37.828,0.317,11.118,55.071,55.874,1.000,0.000,0.0000
859.800,-41.048,37.826,0.317,11.113,55.182,55.983,1.000,0.000,0.0000
859.810,-40.937,37.824,0.317,11.108,55.293,56.092,1.000,0.000,0.0000
859.820,-40.825,37.822,0.317,11.107,55.405,56.201,1.000,0.000,0.0000
859.830,-40.714,37.820,0.317,11.107,55.516,56.311,1.000,0.000,0.0000
859.840,-40.603,37.819,0.317,11.110,55.627,56.420,1.000,0.000,0.0000
859.850,-40.492,37.817,0.317,11.113,55.738,56.529,1.000,0.000,0.0000
859.860,-40.381,37.815,0.317,11.117,55.849,56.638,1.000,0.000,0.0000
859.870,-40.270,37.813,0.317,11.119,55.960,56.747,1.000,0.000,0.0000
859.880,-40.159,37.811,0.317,11.121,56.071,56.856,1.000,0.000,0.0000
859.890,-40.047,37.809,0.317,11.121,56.183,56.966,1.000,0.000,0.0000
859.900,-39.936,37.808,0.317,11.117,56.294,57.075,1.000,0.000,0.0080
859.910,-39.825,37.806,0.317,11.111,56.405,57.184,1.000,0.000,0.0160
859.920,-39.714,37.804,0.317,11.108,56.516,57.293,1.000,0.000,0.0240
859.930,-39.603,37.802,0.317,11.107,56.627,57.402,1.000,0.000,0.0320
859.940,-39.492,37.801,0.317,11.108,56.738,57.511,1.000,0.000,0.0400
859.950,-39.381,37.799,0.317,11.110,56.849,57.620,1.000,0.000,0.0480
859.960,-39.270,37.797,0.317,11.112,56.960,57.730,1.000,0.000,0.0560
859.970,-39.159,37.796,0.317,11.113,57.071,57.839,1.000,0.000,0.0640
859.980,-39.047,37.794,0.317,11.113,57.183,57.948,1.000,0.000,0.0720
859.990,-38.936,37.793,0.317,11.112,57.294,58.057,1.000,0.000,0.0800
860.000,-38.825,37.791,0.317,11.099,57.405,58.166,1.000,0.000,0.0880
860.010,-38.714,37.789,0.317,11.083,57.516,58.275,1.000,0.000,0.0960
860.020,-38.604,37.787,0.317,11.060,57.626,58.384,1.000,0.000,0.1040
860.030,-38.493,37.785,0.317,11.042,57.737,58.493,1.000,0.000,0.1120
860.040,-38.383,37.782,0.317,11.031,57.847,58.601,1.000,0.000,0.1200
860.050,-38.273,37.780,0.318,11.023,57.957,58.709,1.000,0.000,0.1280
860.060,-38.163,37.777,0.318,11.019,58.067,58.818,1.000,0.000,0.1360
860.070,-38.053,37.774,0.318,11.015,58.177,58.926,1.000,0.000,0.1060
860.080,-37.942,37.770,0.318,11.016,58.288,59.034,1.000,0.000,0.0760
860.090,-37.832,37.767,0.318,11.023,58.398,59.143,1.000,0.000,0.0460
860.100,-37.722,37.763,0.318,11.036,58.508,59.251,1.000,0.000,0.0160
860.110,-37.611,37.758,0.318,11.052,58.619,59.360,1.000,0.000,0.0000
860.120,-37.501,37.753,0.318,11.051,58.729,59.469,1.000,0.000,0.0000
860.130,-37.390,37.748,0.318,11.055,58.840,59.577,1.000,0.000,0.0000
860.140,-37.280,37.742,0.318,11.062,58.950,59.686,1.000,0.000,0.0000
860.150,-37.169,37.736,0.317,11.071,59.061,59.795,1.000,0.000,0.0000
860.160,-37.058,37.730,0.317,11.077,59.172,59.904,1.000,0.000,0.0000
860.170,-36.947,37.724,0.317,11.075,59.283,60.013,1.000,0.000,0.0000
860.180,-36.837,37.717,0.317,11.071,59.393,60.122,1.000,0.000,0.0000
860.190,-36.726,37.710,0.317,11.068,59.504,60.231,1.000,0.000,0.0000
860.200,-36.615,37.704,0.317,11.073,59.615,60.340,1.000,0.000,0.0000
860.210,-36.505,37.696,0.317,11.079,59.726,60.449,1.000,0.000,0.0000
860.220,-36.394,37.689,0.317,11.087,59.836,60.558,1.000,0.000,0.0000
860.230,-36.283,37.682,0.316,11.095,59.947,60.668,1.000,0.000,0.0000
860.240,-36.172,37.675,0.316,11.104,60.058,60.777,1.000,0.000,0.0000
860.250,-36.061,37.667,0.316,11.112,60.169,60.886,1.000,0.000,0.0000
860.260,-35.949,37.659,0.316,11.119,60.281,60.996,1.000,0.000,0.0000
860.270,-35.838,37.652,0.316,11.123,60.392,61.105,1.000,0.000,0.0000
860.280,-35.727,37.644,0.316,11.126,60.503,61.215,1.000,0.000,0.0000
860.290,-35.616,37.637,0.316,11.117,60.614,61.324,1.000,0.000,0.0000
860.300,-35.505,37.629,0.316,11.109,60.725,61.434,1.000,0.000,0.0000
860.310,-35.394,37.621,0.316,11.103,60.836,61.543,1.000,0.000,0.0000
860.320,-35.283,37.614,0.316,11.091,60.947,61.652,1.000,0.000,0.0000
860.330,-35.172,37.606,0.316,11.085,61.058,61.761,1.000,0.000,0.0000
860.340,-35.061,37.598,0.316,11.086,61.169,61.871,1.000,0.000,0.0000
860.350,-34.950,37.591,0.316,11.090,61.280,61.980,1.000,0.000,0.0000
860.360,-34.839,37.583,0.316,11.097,61.391,62.089,1.000,0.000,0.0000
860.370,-34.728,37.576,0.316,11.104,61.502,62.199,1.000,0.000,0.0000
860.380,-34.617,37.568,0.316,11.110,61.613,62.308,1.000,0.000,0.0000
860.390,-34.506,37.560,0.316,11.111,61.724,62.417,1.000,0.000,0.0000
860.400,-34.395,37.553,0.316,11.110,61.835,62.527,1.000,0.000,0.0000
860.410,-34.284,37.545,0.317,11.107,61.946,62.636,1.000,0.000,0.0000
860.420,-34.173,37.538,0.317,11.104,62.057,62.746,1.000,0.000,0.0000
860.430,-34.062,37.530,0.317,11.097,62.168,62.855,1.000,0.000,0.0000
860.440,-33.951,37.523,0.317,11.094,62.279,62.964,1.000,0.000,0.0000
860.450,-33.840,37.515,0.317,11.096,62.390,63.074,1.000,0.000,0.0000
860.460,-33.729,37.507,0.317,11.100,62.501,63.183,1.000,0.000,0.0000
860.470,-33.618,37.499,0.317,11.106,62.612,63.292,1.000,0.000,0.0000
860.480,-33.507,37.492,0.317,11.106,62.723,63.402,1.000,0.000,0.0000
860.490,-33.396,37.484,0.317,11.106,62.834,63.511,1.000,0.000,0.0000
860.500,-33.284,37.476,0.317,11.105,62.946,63.621,1.000,0.000,0.0000
860.510,-33.173,37.468,0.317,11.103,63.057,63.730,1.000,0.000,0.0000
860.520,-33.062,37.460,0.317,11.100,63.168,63.840,1.000,0.000,0.0000
860.530,-32.952,37.453,0.317,11.091,63.278,63.949,1.000,0.000,0.0000
860.540,-32.841,37.445,0.317,11.086,63.389,64.058,1.000,0.000,0.0000
860.550,-32.730,37.437,0.317,11.086,63.500,64.168,1.000,0.000,0.0000
860.560,-32.619,37.429,0.317,11.090,63.611,64.277,1.000,0.000,0.0000
860.570,-32.508,37.421,0.317,11.096,63.722,64.386,1.000,0.000,0.0000
860.580,-32.397,37.414,0.317,11.098,63.833,64.496,1.000,0.000,0.0000
860.590,-32.286,37.406,0.317,11.100,63.944,64.605,1.000,0.000,0.0000
860.600,-32.175,37.398,0.317,11.101,64.055,64.715,1.000,0.000,0.0000
860.610,-32.064,37.391,0.317,11.101,64.166,64.824,1.000,0.000,0.0000
860.620,-31.953,37.383,0.317,11.099,64.277,64.934,1.000,0.000,0.0000
860.630,-31.842,37.375,0.317,11.088,64.388,65.043,1.000,0.000,0.0000
860.640,-31.731,37.367,0.317,11.082,64.499,65.152,1.000,0.000,0.0000
860.650,-31.620,37.359,0.317,11.080,64.610,65.262,1.000,0.000,0.0000
860.660,-31.510,37.352,0.317,11.083,64.720,65.371,1.000,0.000,0.0000
860.670,-31.399,37.344,0.317,11.089,64.831,65.481,1.000,0.000,0.0000
860.680,-31.288,37.336,0.317,11.095,64.942,65.590,1.000,0.000,0.0000
860.690,-31.177,37.328,0.317,11.098,65.053,65.699,1.000,0.000,0.0000
860.700,-31.066,37.320,0.317,11.099,65.164,65.809,1.000,0.000,0.0000
860.710,-30.955,37.312,0.317,11.099,65.275,65.919,1.000,0.000,0.0000
860.720,-30.844,37.304,0.317,11.099,65.386,66.028,1.000,0.000,0.0000
860.730,-30.733,37.296,0.317,11.097,65.497,66.138,1.000,0.000,0.0000
860.740,-30.622,37.288,0.317,11.087,65.608,66.247,1.000,0.000,0.0000
860.750,-30.511,37.280,0.317,11.082,65.719,66.356,1.000,0.000,0.0000
860.760,-30.400,37.272,0.317,11.082,65.830,66.466,1.000,0.000,0.0000
860.770,-30.290,37.265,0.317,11.086,65.940,66.575,1.000,0.000,0.0000
860.780,-30.179,37.257,0.317,11.092,66.051,66.685,1.000,0.000,0.0000
860.790,-30.068,37.249,0.317,11.096,66.162,66.794,1.000,0.000,0.0000
860.800,-29.957,37.241,0.317,11.099,66.273,66.904,1.000,0.000,0.0000
860.810,-29.846,37.234,0.317,11.100,66.384,67.013,1.000,0.000,0.0000
860.820,-29.735,37.226,0.317,11.100,66.495,67.123,1.000,0.000,0.0000
860.830,-29.624,37.218,0.317,11.099,66.606,67.232,1.000,0.000,0.0000
860.840,-29.513,37.210,0.317,11.097,66.717,67.342,1.000,0.000,0.0000
860.850,-29.402,37.203,0.317,11.089,66.828,67.452,1.000,0.000,0.0000
860.860,-29.291,37.195,0.317,11.084,66.939,67.561,1.000,0.000,0.0000
860.870,-29.180,37.187,0.317,11.084,67.050,67.670,1.000,0.000,0.0000
860.880,-29.069,37.179,0.317,11.088,67.161,67.780,1.000,0.000,0.0000
860.890,-28.958,37.171,0.317,11.093,67.272,67.889,1.000,0.000,0.0000
860.900,-28.847,37.163,0.317,11.096,67.383,67.999,1.000,0.000,0.0000
860.910,-28.736,37.155,0.317,11.097,67.494,68.109,1.000,0.000,0.0000
860.920,-28.625,37.147,0.317,11.098,67.605,68.218,1.000,0.000,0.0000
860.930,-28.514,37.139,0.317,11.098,67.716,68.328,1.000,0.000,0.0000
860.940,-28.403,37.131,0.317,11.097,67.827,68.437,1.000,0.000,0.0000
860.950,-28.293,37.123,0.317,11.087,67.937,68.547,1.000,0.000,0.0000
860.960,-28.182,37.116,0.317,11.081,68.048,68.656,1.000,0.000,0.0000
860.970,-28.071,37.108,0.317,11.080,68.159,68.766,1.000,0.000,0.0000
860.980,-27.960,37.100,0.317,11.083,68.270,68.875,1.000,0.000,0.0000
860.990,-27.849,37.092,0.317,11.088,68.381,68.985,1.000,0.000,0.0000
861.000,-27.738,37.084,0.317,11.094,68.492,69.094,1.000,0.000,0.0000
861.010,-27.627,37.076,0.317,11.097,68.603,69.204,1.000,0.000,0.0000
861.020,-27.516,37.069,0.317,11.099,68.714,69.314,1.000,0.000,0.0000
861.030,-27.405,37.061,0.317,11.099,68.825,69.423,1.000,0.000,0.0000
861.040,-27.294,37.053,0.317,11.099,68.936,69.533,1.000,0.000,0.0000
861.050,-27.183,37.045,0.317,11.097,69.047,69.643,1.000,0.000,0.0000
861.060,-27.072,37.038,0.317,11.088,69.158,69.752,1.000,0.000,0.0000
861.070,-26.962,37.030,0.317,11.082,69.268,69.862,1.000,0.000,0.0000
861.080,-26.851,37.022,0.317,11.081,69.379,69.971,1.000,0.000,0.0000
861.090,-26.740,37.014,0.317,11.084,69.490,70.081,1.000,0.000,0.0000
861.100,-26.629,37.006,0.317,11.089,69.601,70.190,1.000,0.000,0.0000
861.110,-26.518,36.998,0.317,11.092,69.712,70.300,1.000,0.000,0.0000
861.120,-26.407,36.990,0.317,11.094,69.823,70.410,1.000,0.000,0.0000
861.130,-26.296,36.982,0.317,11.096,69.934,70.519,1.000,0.000,0.0000
861.140,-26.185,36.974,0.317,11.097,70.045,70.629,1.000,0.000,0.0000
861.150,-26.074,36.966,0.317,11.096,70.156,70.739,1.000,0.000,0.0000
861.160,-25.964,36.958,0.317,11.086,70.266,70.848,1.000,0.000,0.0000
861.170,-25.853,36.950,0.317,11.079,70.377,70.958,1.000,0.000,0.0000
861.180,-25.742,36.942,0.317,11.077,70.488,71.067,1.000,0.000,0.0000
861.190,-25.631,36.934,0.317,11.079,70.599,71.177,1.000,0.000,0.0000
861.200,-25.520,36.927,0.317,11.084,70.710,71.287,1.000,0.000,0.0000
861.210,-25.409,36.919,0.317,11.091,70.821,71.396,1.000,0.000,0.0000
861.220,-25.298,36.911,0.317,11.094,70.932,71.506,1.000,0.000,0.0000
861.230,-25.188,36.903,0.317,11.096,71.042,71.616,1.000,0.000,0.0000
861.240,-25.077,36.895,0.317,11.098,71.153,71.725,1.000,0.000,0.0000
861.250,-24.966,36.888,0.317,11.098,71.264,71.835,1.000,0.000,0.0000
861.260,-24.855,36.880,0.317,11.097,71.375,71.945,1.000,0.000,0.0000
861.270,-24.744,36.872,0.317,11.087,71.486,72.054,1.000,0.000,0.0000
861.280,-24.633,36.864,0.317,11.081,71.597,72.164,1.000,0.000,0.0000
861.290,-24.522,36.856,0.317,11.079,71.708,72.274,1.000,0.000,0.0000
861.300,-24.411,36.848,0.317,11.080,71.819,72.383,1.000,0.000,0.0000
861.310,-24.300,36.840,0.317,11.085,71.930,72.493,1.000,0.000,0.0000
861.320,-24.190,36.832,0.317,11.090,72.040,72.602,1.000,0.000,0.0000
861.330,-24.079,36.825,0.317,11.092,72.151,72.712,1.000,0.000,0.0000
861.340,-23.968,36.817,0.317,11.095,72.262,72.822,1.000,0.000,0.0000
861.350,-23.857,36.809,0.317,11.096,72.373,72.932,1.000,0.000,0.0000
861.360,-23.746,36.801,0.317,11.096,72.484,73.041,1.000,0.000,0.0000
861.370,-23.635,36.793,0.317,11.095,72.595,73.151,1.000,0.000,0.0000
861.380,-23.524,36.785,0.317,11.086,72.706,73.261,1.000,0.000,0.0000
861.390,-23.413,36.777,0.317,11.081,72.817,73.371,1.000,0.000,0.0000
861.400,-23.302,36.769,0.317,11.080,72.928,73.480,1.000,0.000,0.0000
861.410,-23.192,36.761,0.317,11.083,73.038,73.590,1.000,0.000,0.0000
861.420,-23.081,36.753,0.317,11.088,73.149,73.699,1.000,0.000,0.0000
861.430,-22.970,36.745,0.317,11.091,73.260,73.809,1.000,0.000,0.0000
861.440,-22.859,36.737,0.317,11.094,73.371,73.919,1.000,0.000,0.0000
861.450,-22.748,36.730,0.317,11.096,73.482,74.029,1.000,0.000,0.0000
861.460,-22.637,36.722,0.317,11.097,73.593,74.139,1.000,0.000,0.0000
861.470,-22.526,36.714,0.317,11.097,73.704,74.248,1.000,0.000,0.0000
861.480,-22.415,36.706,0.317,11.091,73.815,74.358,1.000,0.000,0.0000
861.490,-22.304,36.698,0.317,11.084,73.926,74.468,1.000,0.000,0.0000
861.500,-22.193,36.690,0.317,11.080,74.037,74.578,1.000,0.000,0.0000
861.510,-22.083,36.683,0.317,11.080,74.147,74.687,1.000,0.000,0.0000
861.520,-21.972,36.675,0.317,11.083,74.258,74.797,1.000,0.000,0.0000
861.530,-21.861,36.667,0.317,11.087,74.369,74.907,1.000,0.000,0.0000
861.540,-21.750,36.659,0.317,11.090,74.480,75.016,1.000,0.000,0.0000
861.550,-21.639,36.651,0.317,11.093,74.591,75.126,1.000,0.000,0.0000
861.560,-21.528,36.643,0.317,11.094,74.702,75.236,1.000,0.000,0.0000
861.570,-21.417,36.635,0.317,11.095,74.813,75.346,1.000,0.000,0.0000
861.580,-21.306,36.627,0.317,11.095,74.924,75.456,1.000,0.000,0.0000
861.590,-21.195,36.619,0.317,11.086,75.035,75.565,1.000,0.000,0.0000
861.600,-21.085,36.611,0.317,11.080,75.145,75.675,1.000,0.000,0.0000
861.610,-20.974,36.603,0.317,11.078,75.256,75.785,1.000,0.000,0.0000
861.620,-20.863,36.595,0.317,11.079,75.367,75.894,1.000,0.000,0.0000
861.630,-20.752,36.587,0.317,11.084,75.478,76.004,1.000,0.000,0.0000
861.640,-20.641,36.579,0.317,11.088,75.589,76.114,1.000,0.000,0.0000
861.650,-20.530,36.571,0.317,11.091,75.700,76.224,1.000,0.000,0.0000
861.660,-20.419,36.563,0.317,11.094,75.811,76.334,1.000,0.000,0.0000
861.670,-20.308,36.556,0.317,11.096,75.922,76.443,1.000,0.000,0.0000
861.680,-20.197,36.548,0.317,11.096,76.033,76.553,1.000,0.000,0.0000
861.690,-20.087,36.540,0.317,11.091,76.143,76.663,1.000,0.000,0.0000
861.700,-19.976,36.532,0.317,11.087,76.254,76.773,0.940,0.000,0.0000
861.710,-19.865,36.524,0.317,11.068,76.365,76.883,0.880,0.000,0.0000
861.720,-19.755,36.516,0.317,11.044,76.475,76.992,0.820,0.000,0.0000
861.730,-19.644,36.508,0.317,11.016,76.586,77.101,0.760,0.000,0.0000
861.740,-19.535,36.501,0.317,10.984,76.695,77.210,0.700,0.000,0.0000
861.750,-19.425,36.493,0.318,10.946,76.805,77.318,0.640,0.000,0.0000
861.760,-19.316,36.485,0.318,10.906,76.914,77.426,0.580,0.000,0.0000
861.770,-19.207,36.477,0.319,10.866,77.023,77.534,0.520,0.000,0.0000
861.780,-19.099,36.469,0.319,10.826,77.131,77.641,0.460,0.000,0.0000
861.790,-18.991,36.461,0.320,10.786,77.239,77.747,0.400,0.000,0.0000
861.800,-18.884,36.454,0.320,10.739,77.346,77.854,0.340,0.000,0.0000
861.810,-18.777,36.446,0.321,10.693,77.453,77.960,0.280,0.000,0.0000
861.820,-18.670,36.438,0.321,10.649,77.560,78.065,0.220,0.000,0.0000
861.830,-18.564,36.431,0.322,10.610,77.666,78.170,0.160,0.000,0.0000
861.840,-18.459,36.423,0.323,10.572,77.771,78.275,0.100,0.000,0.0000
