timestamp_sec,ego_x,ego_y,ego_z,ego_speed_mps,distance_to_intersection_m,distance_to_pedestrian_m,human_throttle,human_brake,human_steering_rad
181.340,-97.020,-52.451,0.317,0.000,0.790,10.744,0.000,0.000,0.0000
181.350,-97.020,-52.451,0.317,0.000,0.790,10.744,0.000,0.000,0.0000
181.360,-97.020,-52.451,0.317,0.000,0.790,10.744,0.000,0.000,0.0000
181.370,-97.020,-52.451,0.317,0.000,0.790,10.744,0.000,0.000,0.0000
181.380,-97.020,-52.451,0.317,0.000,0.790,10.744,0.000,0.000,0.0000
181.390,-97.020,-52.451,0.317,0.000,0.790,10.744,0.000,0.000,0.0000
181.400,-97.020,-52.451,0.317,0.000,0.790,10.744,0.000,0.000,0.0000
181.410,-97.020,-52.451,0.317,0.000,0.790,10.744,0.000,0.000,0.0000
181.420,-97.020,-52.451,0.317,0.000,0.790,10.744,0.000,0.000,0.0000
181.430,-97.020,-52.451,0.317,0.000,0.790,10.744,0.000,0.000,0.0000
181.440,-97.020,-52.451,0.317,0.000,0.790,10.744,0.000,0.000,0.0000
181.450,-97.020,-52.451,0.317,0.000,0.790,10.744,0.000,0.000,0.0000
181.460,-97.020,-52.451,0.317,0.000,0.790,10.744,0.000,0.000,0.0000
181.470,-97.020,-52.451,0.317,0.000,0.790,10.744,0.000,0.000,0.0000
181.480,-97.020,-52.451,0.317,0.000,0.790,10.744,0.000,0.000,0.0000
181.490,-97.020,-52.451,0.317,0.000,0.790,10.744,0.000,0.000,0.0000
181.500,-97.020,-52.451,0.317,0.000,0.790,10.744,0.000,0.000,0.0000
181.510,-97.020,-52.451,0.317,0.000,0.790,10.744,0.000,0.000,0.0000
181.520,-97.020,-52.451,0.317,0.000,0.790,10.744,0.000,0.000,0.0000
181.530,-97.020,-52.451,0.317,0.000,0.790,10.744,0.000,0.000,0.0000
181.540,-97.020,-52.451,0.317,0.000,0.790,10.744,0.000,0.000,0.0000
181.550,-97.020,-52.451,0.317,0.000,0.790,10.744,0.000,0.000,0.0000
181.560,-97.020,-52.451,0.317,0.000,0.790,10.744,0.000,0.000,0.0000
181.570,-97.020,-52.451,0.317,0.000,0.790,10.744,0.000,0.000,0.0000
181.580,-97.020,-52.451,0.317,0.000,0.790,10.744,0.000,0.000,0.0000
181.590,-97.020,-52.451,0.317,0.000,0.790,10.744,0.000,0.000,0.0000
181.600,-97.020,-52.451,0.317,0.000,0.790,10.744,0.000,0.000,0.0000
181.610,-97.020,-52.451,0.317,0.000,0.790,10.744,0.000,0.000,0.0000
181.620,-97.020,-52.451,0.317,0.000,0.790,10.744,0.000,0.000,0.0000
181.630,-97.020,-52.451,0.317,0.000,0.790,10.744,0.040,0.000,0.0000
181.640,-97.020,-52.451,0.317,0.004,0.790,10.744,0.080,0.000,0.0000
181.650,-97.020,-52.451,0.317,0.010,0.790,10.744,0.120,0.000,0.0000
181.660,-97.020,-52.450,0.317,0.018,0.790,10.744,0.160,0.000,0.0000
181.670,-97.020,-52.449,0.316,0.027,0.790,10.744,0.200,0.000,0.0000
181.680,-97.020,-52.447,0.316,0.035,0.790,10.745,0.240,0.000,0.0000
181.690,-97.020,-52.446,0.316,0.041,0.790,10.745,0.280,0.000,0.0000
181.700,-97.020,-52.443,0.315,0.047,0.790,10.745,0.320,0.000,0.0000
181.710,-97.020,-52.440,0.315,0.051,0.790,10.746,0.360,0.000,0.0000
181.720,-97.020,-52.437,0.314,0.054,0.790,10.746,0.400,0.000,0.0000
181.730,-97.020,-52.434,0.314,0.056,0.790,10.747,0.440,0.000,0.0000
181.740,-97.020,-52.430,0.313,0.056,0.790,10.748,0.480,0.000,0.0000
181.750,-97.020,-52.425,0.312,0.056,0.790,10.748,0.520,0.000,0.0000
181.760,-97.020,-52.421,0.312,0.055,0.790,10.749,0.560,0.000,0.0000
181.770,-97.020,-52.415,0.311,0.054,0.790,10.749,0.600,0.000,0.0000
181.780,-97.020,-52.410,0.311,0.051,0.790,10.750,0.640,0.000,0.0000
181.790,-97.020,-52.404,0.310,0.048,0.790,10.750,0.680,0.000,0.0000
181.800,-97.020,-52.397,0.310,0.045,0.790,10.751,0.720,0.000,0.0000
181.810,-97.020,-52.391,0.309,0.041,0.790,10.751,0.760,0.000,0.0000
181.820,-97.020,-52.384,0.309,0.037,0.790,10.751,0.800,0.000,0.0000
181.830,-97.020,-52.376,0.309,0.033,0.790,10.752,0.840,0.000,0.0000
181.840,-97.020,-52.368,0.308,0.028,0.790,10.752,0.880,0.000,0.0000
181.850,-97.020,-52.360,0.308,0.024,0.790,10.752,0.920,0.000,0.0000
181.860,-97.020,-52.351,0.308,0.019,0.790,10.752,0.960,0.000,0.0000
181.870,-97.020,-52.341,0.308,0.014,0.790,10.753,1.000,0.000,0.0000
181.880,-97.020,-52.332,0.308,0.010,0.790,10.753,1.000,0.000,0.0000
181.890,-97.020,-52.322,0.308,0.006,0.790,10.753,1.000,0.000,0.0000
181.900,-97.020,-52.311,0.308,0.002,0.790,10.753,1.000,0.000,0.0000
181.910,-97.020,-52.301,0.308,0.003,0.790,10.753,1.000,0.000,0.0000
181.920,-97.020,-52.289,0.308,0.006,0.790,10.753,1.000,0.000,0.0000
181.930,-97.020,-52.278,0.308,0.009,0.790,10.753,1.000,0.000,0.0000
181.940,-97.020,-52.266,0.308,0.012,0.790,10.752,1.000,0.000,0.0000
181.950,-97.020,-52.253,0.308,0.014,0.790,10.752,1.000,0.000,0.0000
181.960,-97.020,-52.240,0.308,0.016,0.790,10.752,1.000,0.000,0.0000
181.970,-97.020,-52.227,0.308,0.018,0.790,10.752,1.000,0.000,0.0000
181.980,-97.020,-52.213,0.309,0.019,0.790,10.752,1.000,0.000,0.0000
181.990,-97.020,-52.199,0.309,0.020,0.790,10.752,1.000,0.000,0.0000
182.000,-97.020,-52.185,0.309,0.021,0.790,10.751,1.000,0.000,0.0000
182.010,-97.020,-52.170,0.309,0.021,0.790,10.751,1.000,0.000,0.0000
182.020,-97.020,-52.155,0.310,0.021,0.790,10.751,1.000,0.000,0.0000
182.030,-97.020,-52.139,0.310,0.020,0.790,10.751,1.000,0.000,0.0000
182.040,-97.020,-52.123,0.310,0.020,0.790,10.751,1.000,0.000,0.0000
182.050,-97.020,-52.107,0.310,0.019,0.790,10.750,1.000,0.000,0.0000
182.060,-97.020,-52.090,0.310,0.018,0.790,10.750,1.000,0.000,0.0000
182.070,-97.020,-52.073,0.310,0.016,0.790,10.750,1.000,0.000,0.0000
182.080,-97.020,-52.055,0.311,0.015,0.790,10.750,1.000,0.000,0.0000
182.090,-97.020,-52.037,0.311,0.013,0.790,10.750,1.000,0.000,0.0000
182.100,-97.020,-52.019,0.311,0.012,0.790,10.750,1.000,0.000,0.0000
182.110,-97.020,-52.000,0.311,0.010,0.790,10.750,1.000,0.000,0.0000
182.120,-97.020,-51.981,0.311,0.008,0.790,10.749,1.000,0.000,0.0000
182.130,-97.020,-51.961,0.311,0.006,0.790,10.749,1.000,0.000,0.0000
182.140,-97.020,-51.941,0.311,0.005,0.790,10.749,1.000,0.000,0.0000
182.150,-97.020,-51.921,0.311,0.003,0.790,10.749,1.000,0.000,0.0000
182.160,-97.020,-51.900,0.311,0.002,0.790,10.749,1.000,0.000,0.0000
182.170,-97.020,-51.879,0.311,0.002,0.790,10.749,1.000,0.000,0.0000
182.180,-97.020,-51.857,0.311,0.002,0.790,10.749,1.000,0.000,0.0000
182.190,-97.020,-51.835,0.311,0.003,0.790,10.749,1.000,0.000,0.0000
182.200,-97.019,-51.813,0.311,0.004,0.790,10.749,1.000,0.000,0.0000
182.210,-97.019,-51.790,0.311,0.005,0.790,10.749,1.000,0.000,0.0000
182.220,-97.019,-51.767,0.311,0.006,0.790,10.749,1.000,0.000,0.0000
182.230,-97.019,-51.744,0.311,0.007,0.790,10.750,1.000,0.000,0.0000
182.240,-97.019,-51.720,0.311,0.007,0.790,10.750,1.000,0.000,0.0000
182.250,-97.019,-51.695,0.311,0.008,0.790,10.750,1.000,0.000,0.0000
182.260,-97.019,-51.671,0.311,0.008,0.790,10.750,1.000,0.000,0.0000
182.270,-97.019,-51.646,0.311,0.008,0.790,10.750,1.000,0.000,0.0000
182.280,-97.019,-51.620,0.311,0.008,0.790,10.750,1.000,0.000,0.0000
182.290,-97.019,-51.594,0.310,0.008,0.790,10.750,1.000,0.000,0.0000
182.300,-97.019,-51.568,0.310,0.008,0.790,10.750,1.000,0.000,0.0000
182.310,-97.019,-51.541,0.310,0.007,0.790,10.750,1.000,0.000,0.0000
182.320,-97.019,-51.514,0.310,0.007,0.790,10.750,1.000,0.000,0.0000
182.330,-97.019,-51.487,0.310,0.007,0.789,10.750,1.000,0.000,0.0000
182.340,-97.019,-51.459,0.310,0.006,0.789,10.750,1.000,0.000,0.0000
182.350,-97.019,-51.430,0.310,0.006,0.789,10.750,1.000,0.000,0.0000
182.360,-97.019,-51.402,0.310,0.005,0.789,10.750,1.000,0.000,0.0000
182.370,-97.019,-51.373,0.310,0.004,0.789,10.750,1.000,0.000,0.0000
182.380,-97.019,-51.343,0.310,0.004,0.789,10.750,1.000,0.000,0.0000
182.390,-97.019,-51.313,0.310,0.003,0.789,10.750,1.000,0.000,0.0000
182.400,-97.019,-51.283,0.310,0.003,0.789,10.751,1.000,0.000,0.0000
182.410,-97.019,-51.252,0.310,0.003,0.789,10.751,1.000,0.000,0.0000
182.420,-97.019,-51.221,0.310,0.003,0.789,10.751,1.000,0.000,0.0000
182.430,-97.019,-51.190,0.310,0.003,0.789,10.751,1.000,0.000,0.0000
182.440,-97.019,-51.158,0.310,0.003,0.789,10.751,1.000,0.000,0.0000
182.450,-97.019,-51.126,0.310,0.003,0.789,10.750,1.000,0.000,0.0000
182.460,-97.019,-51.093,0.310,0.003,0.789,10.750,1.000,0.000,0.0000
182.470,-97.019,-51.060,0.310,0.003,0.789,10.750,1.000,0.000,0.0000
182.480,-97.019,-51.027,0.310,0.003,0.789,10.750,1.000,0.000,0.0000
182.490,-97.019,-50.993,0.310,0.004,0.789,10.750,1.000,0.000,0.0000
182.500,-97.019,-50.958,0.310,0.004,0.789,10.750,1.000,0.000,0.0000
182.510,-97.019,-50.924,0.310,0.004,0.789,10.750,1.000,0.000,0.0000
182.520,-97.019,-50.889,0.310,0.004,0.789,10.750,1.000,0.000,0.0000
182.530,-97.019,-50.853,0.310,0.004,0.789,10.750,1.000,0.000,0.0000
182.540,-97.019,-50.817,0.310,0.004,0.789,10.750,1.000,0.000,0.0000
182.550,-97.019,-50.781,0.310,0.004,0.789,10.750,1.000,0.000,0.0000
182.560,-97.019,-50.745,0.310,0.004,0.789,10.750,1.000,0.000,0.0000
182.570,-97.019,-50.708,0.310,0.004,0.789,10.750,1.000,0.000,0.0000
182.580,-97.019,-50.670,0.310,0.004,0.789,10.750,1.000,0.000,0.0000
182.590,-97.019,-50.632,0.310,0.004,0.789,10.750,1.000,0.000,0.0000
182.600,-97.019,-50.594,0.310,0.004,0.789,10.750,1.000,0.000,0.0000
182.610,-97.018,-50.556,0.310,0.004,0.789,10.750,1.000,0.000,0.0000
182.620,-97.018,-50.516,0.310,0.004,0.789,10.750,1.000,0.000,0.0000
182.630,-97.018,-50.477,0.310,0.003,0.789,10.750,1.000,0.000,0.0000
182.640,-97.018,-50.437,0.310,0.003,0.789,10.750,1.000,0.000,0.0000
182.650,-97.018,-50.397,0.310,0.003,0.789,10.750,1.000,0.000,0.0000
182.660,-97.018,-50.356,0.310,0.003,0.789,10.750,1.000,0.000,0.0000
182.670,-97.018,-50.315,0.310,0.003,0.789,10.750,1.000,0.000,0.0000
182.680,-97.018,-50.274,0.310,0.003,0.789,10.750,1.000,0.000,0.0000
182.690,-97.018,-50.232,0.310,0.003,0.788,10.750,1.000,0.000,0.0000
182.700,-97.018,-50.190,0.310,0.003,0.788,10.750,1.000,0.000,0.0000
182.710,-97.018,-50.148,0.310,0.003,0.788,10.750,1.000,0.000,0.0000
182.720,-97.018,-50.105,0.310,0.003,0.788,10.750,1.000,0.000,0.0000
182.730,-97.018,-50.061,0.310,0.004,0.788,10.750,1.000,0.000,0.0000
182.740,-97.018,-50.017,0.310,0.004,0.788,10.750,1.000,0.000,0.0000
182.750,-97.018,-49.973,0.310,0.004,0.788,10.750,1.000,0.000,0.0000
182.760,-97.018,-49.929,0.310,0.004,0.788,10.750,1.000,0.000,0.0000
182.770,-97.018,-49.884,0.310,0.004,0.788,10.750,1.000,0.000,0.0000
182.780,-97.018,-49.838,0.310,0.004,0.788,10.750,1.000,0.000,0.0000
182.790,-97.018,-49.793,0.310,0.004,0.788,10.750,1.000,0.000,0.0000
182.800,-97.018,-49.747,0.310,0.004,0.788,10.750,1.000,0.000,0.0000
182.810,-97.018,-49.700,0.310,0.004,0.788,10.750,1.000,0.000,0.0000
182.820,-97.018,-49.653,0.310,0.004,0.788,10.750,1.000,0.000,0.0000
182.830,-97.018,-49.606,0.310,0.004,0.788,10.750,1.000,0.000,0.0000
182.840,-97.018,-49.558,0.310,0.004,0.788,10.750,1.000,0.000,0.0000
182.850,-97.018,-49.510,0.310,0.004,0.788,10.750,1.000,0.000,0.0000
182.860,-97.018,-49.461,0.310,0.004,0.788,10.750,1.000,0.000,0.0000
182.870,-97.018,-49.412,0.310,0.004,0.788,10.750,1.000,0.000,0.0000
182.880,-97.018,-49.363,0.310,0.004,0.788,10.750,1.000,0.000,0.0000
182.890,-97.017,-49.313,0.310,0.004,0.788,10.750,1.000,0.000,0.0000
182.900,-97.017,-49.263,0.310,0.004,0.788,10.750,1.000,0.000,0.0000
182.910,-97.017,-49.213,0.310,0.004,0.788,10.750,1.000,0.000,0.0000
182.920,-97.017,-49.162,0.310,0.004,0.788,10.750,1.000,0.000,0.0000
182.930,-97.017,-49.110,0.310,0.004,0.788,10.750,1.000,0.000,0.0000
182.940,-97.017,-49.059,0.310,0.004,0.788,10.750,1.000,0.000,0.0000
182.950,-97.017,-49.007,0.310,0.004,0.788,10.750,1.000,0.000,0.0000
182.960,-97.017,-48.954,0.310,0.004,0.787,10.750,1.000,0.000,0.0000
182.970,-97.017,-48.901,0.310,0.004,0.787,10.750,1.000,0.000,0.0000
182.980,-97.017,-48.848,0.310,0.004,0.787,10.750,1.000,0.000,0.0000
182.990,-97.017,-48.794,0.310,0.004,0.787,10.750,1.000,0.000,0.0000
183.000,-97.017,-48.740,0.310,0.004,0.787,10.750,1.000,0.000,0.0000
183.010,-97.017,-48.686,0.310,0.004,0.787,10.750,1.000,0.000,0.0000
183.020,-97.017,-48.631,0.310,0.004,0.787,10.750,1.000,0.000,0.0000
183.030,-97.017,-48.576,0.310,0.004,0.787,10.750,1.000,0.000,0.0000
183.040,-97.017,-48.520,0.310,0.004,0.787,10.750,1.000,0.000,0.0000
183.050,-97.017,-48.464,0.310,0.004,0.787,10.750,1.000,0.000,0.0000
183.060,-97.017,-48.407,0.310,0.005,0.787,10.750,1.000,0.000,0.0000
183.070,-97.017,-48.350,0.310,0.005,0.787,10.750,1.000,0.000,0.0000
183.080,-97.017,-48.293,0.310,0.005,0.787,10.750,1.000,0.000,0.0000
183.090,-97.017,-48.236,0.310,0.005,0.787,10.750,1.000,0.000,0.0000
183.100,-97.017,-48.178,0.310,0.005,0.787,10.750,1.000,0.000,0.0000
183.110,-97.017,-48.119,0.310,0.005,0.787,10.750,1.000,0.000,0.0000
183.120,-97.016,-48.060,0.310,0.005,0.787,10.750,1.000,0.000,0.0000
183.130,-97.016,-48.001,0.310,0.005,0.787,10.750,1.000,0.000,0.0000
183.140,-97.016,-47.941,0.310,0.005,0.787,10.750,1.000,0.000,0.0000
183.150,-97.016,-47.881,0.310,0.005,0.787,10.750,1.000,0.000,0.0000
183.160,-97.016,-47.821,0.310,0.005,0.787,10.750,1.000,0.000,0.0000
183.170,-97.016,-47.760,0.310,0.005,0.787,10.750,1.000,0.000,0.0000
183.180,-97.016,-47.699,0.310,0.005,0.786,10.750,1.000,0.000,0.0000
183.190,-97.016,-47.637,0.310,0.005,0.786,10.750,1.000,0.000,0.0000
183.200,-97.016,-47.575,0.310,0.005,0.786,10.750,1.000,0.000,0.0000
183.210,-97.016,-47.513,0.310,0.005,0.786,10.750,1.000,0.000,0.0000
183.220,-97.016,-47.450,0.310,0.005,0.786,10.750,1.000,0.000,0.0000
183.230,-97.016,-47.387,0.310,0.005,0.786,10.750,1.000,0.000,0.0000
183.240,-97.016,-47.323,0.310,0.005,0.786,10.750,1.000,0.000,0.0000
183.250,-97.016,-47.259,0.310,0.005,0.786,10.750,1.000,0.000,0.0000
183.260,-97.016,-47.195,0.310,0.005,0.786,10.750,1.000,0.000,0.0000
183.270,-97.016,-47.130,0.310,0.005,0.786,10.750,1.000,0.000,0.0000
183.280,-97.016,-47.065,0.310,0.005,0.786,10.750,1.000,0.000,0.0000
183.290,-97.016,-46.999,0.310,0.005,0.786,10.750,1.000,0.000,0.0000
183.300,-97.016,-46.933,0.310,0.005,0.786,10.750,1.000,0.000,0.0000
183.310,-97.016,-46.867,0.310,0.005,0.786,10.750,1.000,0.000,0.0000
183.320,-97.015,-46.800,0.310,0.005,0.786,10.750,1.000,0.000,0.0000
183.330,-97.015,-46.733,0.310,0.005,0.786,10.750,1.000,0.000,0.0000
183.340,-97.015,-46.665,0.310,0.005,0.786,10.750,1.000,0.000,0.0000
183.350,-97.015,-46.597,0.310,0.005,0.786,10.750,1.000,0.000,0.0000
183.360,-97.015,-46.529,0.310,0.005,0.786,10.750,1.000,0.000,0.0000
183.370,-97.015,-46.460,0.310,0.005,0.785,10.750,1.000,0.000,0.0000
183.380,-97.015,-46.391,0.310,0.006,0.785,10.750,1.000,0.000,0.0000
183.390,-97.015,-46.321,0.310,0.006,0.785,10.750,1.000,0.000,0.0000
183.400,-97.015,-46.251,0.310,0.006,0.785,10.750,1.000,0.000,0.0000
183.410,-97.015,-46.181,0.310,0.006,0.785,10.750,1.000,0.000,0.0000
183.420,-97.015,-46.110,0.310,0.006,0.785,10.750,1.000,0.000,0.0000
183.430,-97.015,-46.039,0.310,0.006,0.785,10.750,1.000,0.000,0.0000
183.440,-97.015,-45.968,0.310,0.006,0.785,10.750,1.000,0.000,0.0000
183.450,-97.015,-45.896,0.310,0.006,0.785,10.750,1.000,0.000,0.0000
183.460,-97.015,-45.823,0.310,0.006,0.785,10.750,1.000,0.000,0.0000
183.470,-97.015,-45.751,0.310,0.006,0.785,10.750,1.000,0.000,0.0000
183.480,-97.015,-45.678,0.310,0.006,0.785,10.750,1.000,0.000,0.0000
183.490,-97.015,-45.604,0.310,0.006,0.785,10.750,1.000,0.000,0.0000
183.500,-97.014,-45.530,0.310,0.006,0.785,10.750,1.000,0.000,0.0000
183.510,-97.014,-45.456,0.310,0.006,0.785,10.750,1.000,0.000,0.0000
183.520,-97.014,-45.381,0.310,0.006,0.785,10.750,1.000,0.000,0.0000
183.530,-97.014,-45.306,0.310,0.006,0.785,10.750,1.000,0.000,0.0000
183.540,-97.014,-45.230,0.310,0.006,0.785,10.750,1.000,0.000,0.0000
183.550,-97.014,-45.154,0.310,0.006,0.784,10.750,1.000,0.000,0.0000
183.560,-97.014,-45.078,0.310,0.006,0.784,10.750,1.000,0.000,0.0000
183.570,-97.014,-45.001,0.310,0.006,0.784,10.750,1.000,0.000,0.0000
183.580,-97.014,-44.924,0.310,0.006,0.784,10.750,1.000,0.000,0.0000
183.590,-97.014,-44.847,0.310,0.006,0.784,10.750,1.000,0.000,0.0000
183.600,-97.014,-44.769,0.310,0.006,0.784,10.750,1.000,0.000,0.0000
183.610,-97.014,-44.691,0.310,0.006,0.784,10.750,1.000,0.000,0.0000
183.620,-97.014,-44.612,0.310,0.006,0.784,10.750,1.000,0.000,0.0000
183.630,-97.014,-44.533,0.310,0.006,0.784,10.750,1.000,0.000,0.0000
183.640,-97.014,-44.453,0.310,0.006,0.784,10.750,1.000,0.000,0.0000
183.650,-97.014,-44.374,0.310,0.006,0.784,10.750,1.000,0.000,0.0000
183.660,-97.013,-44.293,0.310,0.006,0.784,10.750,1.000,0.000,0.0000
183.670,-97.013,-44.213,0.310,0.006,0.784,10.750,1.000,0.000,0.0000
183.680,-97.013,-44.132,0.310,0.006,0.784,10.750,1.000,0.000,0.0000
183.690,-97.013,-44.050,0.310,0.006,0.784,10.750,1.000,0.000,0.0000
183.700,-97.013,-43.968,0.310,0.007,0.783,10.750,1.000,0.000,0.0000
183.710,-97.013,-43.886,0.310,0.007,0.783,10.750,1.000,0.000,0.0000
183.720,-97.013,-43.803,0.310,0.007,0.783,10.750,1.000,0.000,0.0000
183.730,-97.013,-43.720,0.310,0.007,0.783,10.750,1.000,0.000,0.0000
183.740,-97.013,-43.637,0.310,0.007,0.783,10.750,1.000,0.000,0.0000
183.750,-97.013,-43.553,0.310,0.007,0.783,10.750,1.000,0.000,0.0000
183.760,-97.013,-43.469,0.310,0.007,0.783,10.750,1.000,0.000,0.0000
183.770,-97.013,-43.384,0.310,0.007,0.783,10.750,1.000,0.000,0.0000
183.780,-97.013,-43.299,0.310,0.007,0.783,10.750,1.000,0.000,0.0000
183.790,-97.013,-43.214,0.310,0.007,0.783,10.750,1.000,0.000,0.0000
183.800,-97.013,-43.128,0.310,0.007,0.783,10.750,1.000,0.000,0.0000
183.810,-97.012,-43.042,0.310,0.007,0.783,10.750,1.000,0.000,0.0000
183.820,-97.012,-42.955,0.310,0.007,0.783,10.750,1.000,0.000,0.0000
183.830,-97.012,-42.868,0.310,0.007,0.783,10.750,1.000,0.000,0.0000
183.840,-97.012,-42.781,0.310,0.007,0.783,10.750,1.000,0.000,0.0000
183.850,-97.012,-42.693,0.310,0.007,0.782,10.750,1.000,0.000,0.0000
183.860,-97.012,-42.605,0.310,0.007,0.782,10.750,1.000,0.000,0.0000
183.870,-97.012,-42.516,0.310,0.007,0.782,10.750,1.000,0.000,0.0000
183.880,-97.012,-42.427,0.310,0.007,0.782,10.750,1.000,0.000,0.0000
183.890,-97.012,-42.338,0.310,0.007,0.782,10.750,1.000,0.000,0.0000
183.900,-97.012,-42.248,0.310,0.007,0.782,10.750,1.000,0.000,0.0000
183.910,-97.012,-42.158,0.310,0.007,0.782,10.749,1.000,0.000,0.0000
183.920,-97.012,-42.067,0.310,0.007,0.782,10.749,1.000,0.000,0.0000
183.930,-97.012,-41.976,0.310,0.007,0.782,10.749,1.000,0.000,0.0000
183.940,-97.012,-41.885,0.310,0.007,0.782,10.749,1.000,0.000,0.0000
183.950,-97.011,-41.793,0.310,0.007,0.782,10.749,1.000,0.000,0.0000
183.960,-97.011,-41.701,0.310,0.007,0.782,10.749,1.000,0.000,0.0000
183.970,-97.011,-41.608,0.310,0.007,0.782,10.749,1.000,0.000,0.0000
183.980,-97.011,-41.515,0.310,0.007,0.782,10.749,1.000,0.000,0.0000
183.990,-97.011,-41.422,0.310,0.007,0.781,10.749,1.000,0.000,0.0000
184.000,-97.011,-41.328,0.310,0.007,0.781,10.749,1.000,0.000,0.0000
184.010,-97.011,-41.234,0.310,0.008,0.781,10.749,1.000,0.000,0.0000
184.020,-97.011,-41.139,0.310,0.008,0.781,10.749,1.000,0.000,0.0000
184.030,-97.011,-41.044,0.310,0.008,0.781,10.749,1.000,0.000,0.0000
184.040,-97.011,-40.949,0.310,0.008,0.781,10.749,1.000,0.000,0.0000
184.050,-97.011,-40.853,0.310,0.008,0.781,10.749,1.000,0.000,0.0000
184.060,-97.011,-40.757,0.310,0.008,0.781,10.749,1.000,0.000,0.0000
184.070,-97.011,-40.660,0.310,0.008,0.781,10.749,1.000,0.000,0.0000
184.080,-97.011,-40.564,0.310,0.008,0.781,10.749,1.000,0.000,0.0000
184.090,-97.010,-40.466,0.310,0.008,0.781,10.749,1.000,0.000,0.0000
184.100,-97.010,-40.368,0.310,0.008,0.781,10.749,1.000,0.000,0.0000
184.110,-97.010,-40.270,0.310,0.008,0.781,10.749,1.000,0.000,0.0000
184.120,-97.010,-40.172,0.310,0.008,0.780,10.749,1.000,0.000,0.0000
184.130,-97.010,-40.073,0.310,0.008,0.780,10.749,1.000,0.000,0.0000
184.140,-97.010,-39.974,0.310,0.008,0.780,10.749,1.000,0.000,0.0000
184.150,-97.010,-39.874,0.310,0.008,0.780,10.749,1.000,0.000,0.0000
184.160,-97.010,-39.774,0.310,0.008,0.780,10.749,1.000,0.000,0.0000
184.170,-97.010,-39.673,0.310,0.008,0.780,10.749,1.000,0.000,0.0000
184.180,-97.010,-39.572,0.310,0.008,0.780,10.749,1.000,0.000,0.0000
184.190,-97.010,-39.471,0.310,0.008,0.780,10.749,1.000,0.000,0.0000
184.200,-97.010,-39.369,0.310,0.008,0.780,10.749,1.000,0.000,0.0000
184.210,-97.009,-39.267,0.310,0.008,0.780,10.749,1.000,0.000,0.0000
184.220,-97.009,-39.165,0.310,0.008,0.780,10.749,1.000,0.000,0.0000
184.230,-97.009,-39.062,0.310,0.008,0.780,10.749,1.000,0.000,0.0000
184.240,-97.009,-38.959,0.310,0.008,0.780,10.749,1.000,0.000,0.0000
184.250,-97.009,-38.855,0.310,0.008,0.779,10.749,1.000,0.000,0.0000
184.260,-97.009,-38.751,0.310,0.008,0.779,10.749,1.000,0.000,0.0000
184.270,-97.009,-38.646,0.310,0.008,0.779,10.749,1.000,0.000,0.0000
184.280,-97.009,-38.541,0.310,0.008,0.779,10.749,1.000,0.000,0.0000
184.290,-97.009,-38.436,0.310,0.008,0.779,10.749,1.000,0.000,0.0000
184.300,-97.009,-38.331,0.310,0.008,0.779,10.749,1.000,0.000,0.0000
184.310,-97.009,-38.224,0.310,0.008,0.779,10.749,1.000,0.000,0.0000
184.320,-97.009,-38.118,0.310,0.008,0.779,10.749,1.000,0.000,0.0000
184.330,-97.008,-38.011,0.310,0.009,0.779,10.749,1.000,0.000,0.0000
184.340,-97.008,-37.904,0.310,0.009,0.779,10.749,1.000,0.000,0.0000
184.350,-97.008,-37.796,0.310,0.009,0.779,10.749,1.000,0.000,0.0000
184.360,-97.008,-37.688,0.310,0.009,0.778,10.749,1.000,0.000,0.0000
184.370,-97.008,-37.580,0.310,0.009,0.778,10.749,1.000,0.000,0.0000
184.380,-97.008,-37.471,0.310,0.009,0.778,10.749,1.000,0.000,0.0000
184.390,-97.008,-37.362,0.310,0.009,0.778,10.749,1.000,0.000,0.0000
184.400,-97.008,-37.252,0.310,0.009,0.778,10.749,1.000,0.000,0.0000
184.410,-97.008,-37.142,0.310,0.009,0.778,10.749,1.000,0.000,0.0000
184.420,-97.008,-37.032,0.310,0.009,0.778,10.749,1.000,0.000,0.0000
184.430,-97.008,-36.921,0.310,0.009,0.778,10.749,1.000,0.000,0.0000
184.440,-97.008,-36.810,0.310,0.010,0.778,10.749,1.000,0.000,0.0000
184.450,-97.007,-36.698,0.310,0.014,0.778,10.749,1.000,0.000,0.0000
184.460,-97.007,-36.587,0.311,0.020,0.778,10.749,1.000,0.000,0.0000
184.470,-97.007,-36.476,0.311,0.028,0.778,10.748,1.000,0.000,0.0000
184.480,-97.007,-36.365,0.311,0.035,0.777,10.748,1.000,0.000,0.0000
184.490,-97.007,-36.253,0.312,0.042,0.777,10.748,1.000,0.000,0.0000
184.500,-97.007,-36.142,0.312,0.047,0.777,10.747,1.000,0.000,0.0000
184.510,-97.007,-36.031,0.313,0.051,0.777,10.747,1.000,0.000,0.0000
184.520,-97.007,-35.920,0.313,0.054,0.777,10.746,1.000,0.000,0.0000
184.530,-97.007,-35.809,0.314,0.056,0.777,10.746,1.000,0.000,0.0000
184.540,-97.007,-35.697,0.314,0.056,0.777,10.745,1.000,0.000,0.0000
184.550,-97.007,-35.586,0.315,0.056,0.777,10.745,1.000,0.000,0.0000
184.560,-97.006,-35.475,0.315,0.056,0.777,10.744,1.000,0.000,0.0000
184.570,-97.006,-35.364,0.316,0.054,0.777,10.743,1.000,0.000,0.0000
184.580,-97.006,-35.252,0.316,0.052,0.777,10.743,1.000,0.000,0.0000
184.590,-97.006,-35.141,0.317,0.049,0.777,10.742,1.000,0.000,0.0000
184.600,-97.006,-35.030,0.317,0.046,0.777,10.742,1.000,0.000,0.0000
184.610,-97.006,-34.919,0.318,0.042,0.777,10.742,1.000,0.000,0.0000
184.620,-97.006,-34.808,0.318,0.038,0.776,10.741,1.000,0.000,0.0000
184.630,-97.006,-34.696,0.318,0.034,0.776,10.741,1.000,0.000,0.0000
184.640,-97.006,-34.585,0.319,0.030,0.776,10.741,1.000,0.000,0.0000
184.650,-97.006,-34.474,0.319,0.026,0.776,10.740,1.000,0.000,0.0000
184.660,-97.006,-34.363,0.319,0.022,0.776,10.740,1.000,0.000,0.0000
184.670,-97.005,-34.252,0.319,0.017,0.776,10.740,1.000,0.000,0.0000
184.680,-97.005,-34.141,0.319,0.014,0.776,10.740,1.000,0.000,0.0000
184.690,-97.005,-34.030,0.319,0.011,0.776,10.740,1.000,0.000,0.0000
184.700,-97.005,-33.919,0.319,0.009,0.776,10.740,1.000,0.000,0.0000
184.710,-97.005,-33.807,0.319,0.009,0.776,10.740,1.000,0.000,0.0000
184.720,-97.005,-33.696,0.319,0.010,0.776,10.740,1.000,0.000,0.0000
184.730,-97.005,-33.585,0.319,0.012,0.776,10.740,1.000,0.000,0.0000
184.740,-97.005,-33.474,0.319,0.014,0.775,10.740,1.000,0.000,0.0000
184.750,-97.005,-33.363,0.319,0.016,0.775,10.740,1.000,0.000,0.0000
184.760,-97.005,-33.252,0.319,0.018,0.775,10.740,1.000,0.000,0.0000
184.770,-97.005,-33.141,0.319,0.020,0.775,10.740,1.000,0.000,0.0000
184.780,-97.005,-33.030,0.319,0.021,0.775,10.741,1.000,0.000,0.0000
184.790,-97.004,-32.919,0.318,0.022,0.775,10.741,1.000,0.000,0.0000
184.800,-97.004,-32.808,0.318,0.022,0.775,10.741,1.000,0.000,0.0000
184.810,-97.004,-32.697,0.318,0.023,0.775,10.741,1.000,0.000,0.0000
184.820,-97.004,-32.586,0.318,0.022,0.775,10.741,1.000,0.000,0.0000
184.830,-97.004,-32.475,0.317,0.022,0.775,10.742,1.000,0.000,0.0000
184.840,-97.004,-32.364,0.317,0.022,0.774,10.742,1.000,0.000,0.0000
184.850,-97.004,-32.253,0.317,0.021,0.774,10.742,1.000,0.000,0.0000
184.860,-97.004,-32.142,0.317,0.020,0.774,10.742,1.000,0.000,0.0000
184.870,-97.004,-32.030,0.317,0.019,0.774,10.742,1.000,0.000,0.0000
184.880,-97.004,-31.919,0.317,0.017,0.774,10.742,1.000,0.000,0.0000
184.890,-97.004,-31.808,0.316,0.016,0.774,10.742,1.000,0.000,0.0000
184.900,-97.003,-31.697,0.316,0.015,0.774,10.743,1.000,0.000,0.0000
184.910,-97.003,-31.586,0.316,0.014,0.774,10.743,1.000,0.000,0.0000
184.920,-97.003,-31.475,0.316,0.012,0.774,10.743,1.000,0.000,0.0000
184.930,-97.003,-31.364,0.316,0.011,0.774,10.743,1.000,0.000,0.0000
184.940,-97.003,-31.253,0.316,0.010,0.774,10.743,1.000,0.000,0.0000
184.950,-97.003,-31.142,0.316,0.009,0.773,10.743,1.000,0.000,0.0000
184.960,-97.003,-31.031,0.316,0.009,0.773,10.743,1.000,0.000,0.0000
184.970,-97.003,-30.920,0.316,0.009,0.773,10.743,1.000,0.000,0.0000
184.980,-97.003,-30.809,0.316,0.009,0.773,10.743,1.000,0.000,0.0000
184.990,-97.003,-30.697,0.316,0.009,0.773,10.743,1.000,0.000,0.0000
185.000,-97.003,-30.586,0.316,0.010,0.773,10.743,1.000,0.000,0.0000
185.010,-97.002,-30.475,0.316,0.010,0.773,10.743,1.000,0.000,0.0000
185.020,-97.002,-30.364,0.316,0.010,0.773,10.743,1.000,0.000,0.0000
185.030,-97.002,-30.253,0.316,0.011,0.773,10.743,1.000,0.000,0.0000
185.040,-97.002,-30.142,0.316,0.011,0.773,10.743,1.000,0.000,0.0000
185.050,-97.002,-30.031,0.316,0.011,0.773,10.742,1.000,0.000,0.0000
185.060,-97.002,-29.920,0.316,0.012,0.772,10.742,1.000,0.000,0.0000
185.070,-97.002,-29.809,0.317,0.012,0.772,10.742,1.000,0.000,0.0000
185.080,-97.002,-29.697,0.317,0.012,0.772,10.742,1.000,0.000,0.0000
185.090,-97.002,-29.586,0.317,0.012,0.772,10.742,1.000,0.000,0.0000
185.100,-97.002,-29.475,0.317,0.012,0.772,10.742,1.000,0.000,0.0000
185.110,-97.002,-29.364,0.317,0.011,0.772,10.742,1.000,0.000,0.0000
185.120,-97.001,-29.253,0.317,0.011,0.772,10.742,1.000,0.000,0.0000
185.130,-97.001,-29.142,0.317,0.011,0.772,10.742,1.000,0.000,0.0000
185.140,-97.001,-29.031,0.317,0.011,0.772,10.742,1.000,0.000,0.0000
185.150,-97.001,-28.920,0.317,0.010,0.772,10.742,1.000,0.000,0.0000
185.160,-97.001,-28.809,0.317,0.010,0.772,10.742,1.000,0.000,0.0000
185.170,-97.001,-28.697,0.317,0.010,0.772,10.742,1.000,0.000,0.0000
185.180,-97.001,-28.586,0.317,0.010,0.771,10.742,1.000,0.000,0.0000
185.190,-97.001,-28.475,0.317,0.009,0.771,10.742,1.000,0.000,0.0000
185.200,-97.001,-28.364,0.317,0.009,0.771,10.741,1.000,0.000,0.0000
185.210,-97.001,-28.253,0.317,0.009,0.771,10.741,1.000,0.000,0.0000
185.220,-97.001,-28.142,0.317,0.009,0.771,10.741,1.000,0.000,0.0000
185.230,-97.001,-28.031,0.317,0.009,0.771,10.741,1.000,0.000,0.0000
185.240,-97.000,-27.920,0.317,0.009,0.771,10.741,1.000,0.000,0.0000
185.250,-97.000,-27.809,0.317,0.009,0.771,10.741,1.000,0.000,0.0000
185.260,-97.000,-27.698,0.317,0.009,0.771,10.741,1.000,0.000,0.0000
185.270,-97.000,-27.586,0.317,0.009,0.771,10.741,1.000,0.000,0.0000
185.280,-97.000,-27.475,0.317,0.009,0.771,10.741,1.000,0.000,0.0000
185.290,-97.000,-27.364,0.317,0.009,0.770,10.741,1.000,0.000,0.0000
185.300,-97.000,-27.253,0.317,0.009,0.770,10.741,1.000,0.000,0.0000
185.310,-97.000,-27.142,0.317,0.009,0.770,10.741,1.000,0.000,0.0000
185.320,-97.000,-27.031,0.317,0.009,0.770,10.742,1.000,0.000,0.0000
185.330,-97.000,-26.920,0.317,0.009,0.770,10.742,1.000,0.000,0.0000
185.340,-97.000,-26.809,0.317,0.009,0.770,10.742,1.000,0.000,0.0000
185.350,-96.999,-26.698,0.317,0.009,0.770,10.742,1.000,0.000,0.0000
185.360,-96.999,-26.587,0.317,0.009,0.770,10.742,1.000,0.000,0.0000
185.370,-96.999,-26.475,0.317,0.009,0.770,10.742,1.000,0.000,0.0000
185.380,-96.999,-26.364,0.317,0.009,0.770,10.742,1.000,0.000,0.0000
185.390,-96.999,-26.253,0.317,0.009,0.770,10.742,1.000,0.000,0.0000
185.400,-96.999,-26.142,0.317,0.009,0.769,10.742,1.000,0.000,0.0000
185.410,-96.999,-26.031,0.317,0.009,0.769,10.742,1.000,0.000,0.0000
185.420,-96.999,-25.920,0.317,0.009,0.769,10.742,1.000,0.000,0.0000
185.430,-96.999,-25.809,0.317,0.009,0.769,10.742,1.000,0.000,0.0000
185.440,-96.999,-25.698,0.317,0.009,0.769,10.742,1.000,0.000,0.0000
185.450,-96.999,-25.587,0.317,0.009,0.769,10.742,1.000,0.000,0.0000
185.460,-96.998,-25.476,0.317,0.009,0.769,10.742,1.000,0.000,0.0000
185.470,-96.998,-25.365,0.317,0.009,0.769,10.742,1.000,0.000,0.0000
185.480,-96.998,-25.253,0.317,0.009,0.769,10.742,1.000,0.000,0.0000
185.490,-96.998,-25.142,0.317,0.009,0.769,10.742,1.000,0.000,0.0000
185.500,-96.998,-25.031,0.317,0.009,0.769,10.742,1.000,0.000,0.0000
185.510,-96.998,-24.920,0.317,0.009,0.769,10.742,1.000,0.000,0.0000
185.520,-96.998,-24.809,0.317,0.009,0.768,10.742,1.000,0.000,0.0000
185.530,-96.998,-24.698,0.317,0.009,0.768,10.742,1.000,0.000,0.0000
185.540,-96.998,-24.587,0.317,0.009,0.768,10.742,1.000,0.000,0.0000
185.550,-96.998,-24.476,0.317,0.009,0.768,10.742,1.000,0.000,0.0000
185.560,-96.998,-24.365,0.317,0.009,0.768,10.742,1.000,0.000,0.0000
185.570,-96.998,-24.254,0.317,0.009,0.768,10.742,1.000,0.000,0.0000
185.580,-96.997,-24.142,0.317,0.009,0.768,10.742,1.000,0.000,0.0000
185.590,-96.997,-24.031,0.317,0.009,0.768,10.742,1.000,0.000,0.0000
185.600,-96.997,-23.920,0.317,0.009,0.768,10.742,1.000,0.000,0.0000
185.610,-96.997,-23.809,0.317,0.009,0.768,10.742,1.000,0.000,0.0000
185.620,-96.997,-23.698,0.317,0.009,0.768,10.741,1.000,0.000,0.0000
185.630,-96.997,-23.587,0.317,0.009,0.767,10.741,1.000,0.000,0.0000
185.640,-96.997,-23.476,0.317,0.009,0.767,10.741,1.000,0.000,0.0000
185.650,-96.997,-23.365,0.317,0.009,0.767,10.741,1.000,0.000,0.0000
185.660,-96.997,-23.254,0.317,0.009,0.767,10.741,1.000,0.000,0.0000
185.670,-96.997,-23.143,0.317,0.009,0.767,10.741,1.000,0.000,0.0000
185.680,-96.997,-23.031,0.317,0.009,0.767,10.741,1.000,0.000,0.0000
185.690,-96.996,-22.920,0.317,0.009,0.767,10.741,1.000,0.000,0.0000
185.700,-96.996,-22.809,0.317,0.009,0.767,10.741,1.000,0.000,0.0000
185.710,-96.996,-22.698,0.317,0.009,0.767,10.741,1.000,0.000,0.0000
185.720,-96.996,-22.587,0.317,0.009,0.767,10.741,1.000,0.000,0.0000
185.730,-96.996,-22.476,0.317,0.009,0.767,10.741,1.000,0.000,0.0000
185.740,-96.996,-22.365,0.317,0.009,0.766,10.741,1.000,0.000,0.0000
185.750,-96.996,-22.254,0.317,0.009,0.766,10.741,1.000,0.000,0.0000
185.760,-96.996,-22.143,0.317,0.009,0.766,10.741,1.000,0.000,0.0000
185.770,-96.996,-22.032,0.317,0.009,0.766,10.741,1.000,0.000,0.0000
185.780,-96.996,-21.920,0.317,0.009,0.766,10.741,1.000,0.000,0.0000
185.790,-96.996,-21.809,0.317,0.009,0.766,10.741,1.000,0.000,0.0000
185.800,-96.995,-21.698,0.317,0.009,0.766,10.741,1.000,0.000,0.0000
185.810,-96.995,-21.587,0.317,0.009,0.766,10.741,1.000,0.000,0.0000
185.820,-96.995,-21.476,0.317,0.009,0.766,10.741,1.000,0.000,0.0000
185.830,-96.995,-21.365,0.317,0.009,0.766,10.741,1.000,0.000,0.0000
185.840,-96.995,-21.254,0.317,0.009,0.766,10.741,1.000,0.000,0.0000
185.850,-96.995,-21.143,0.317,0.009,0.766,10.741,1.000,0.000,0.0000
185.860,-96.995,-21.032,0.317,0.009,0.765,10.741,1.000,0.000,0.0000
185.870,-96.995,-20.921,0.317,0.009,0.765,10.741,1.000,0.000,0.0000
185.880,-96.995,-20.809,0.317,0.009,0.765,10.741,1.000,0.000,0.0000
185.890,-96.995,-20.698,0.317,0.009,0.765,10.741,1.000,0.000,0.0000
185.900,-96.995,-20.587,0.317,0.009,0.765,10.741,1.000,0.000,0.0000
185.910,-96.994,-20.476,0.317,0.009,0.765,10.741,1.000,0.000,0.0000
185.920,-96.994,-20.365,0.317,0.009,0.765,10.741,1.000,0.000,0.0000
185.930,-96.994,-20.254,0.317,0.009,0.765,10.741,1.000,0.000,0.0000
185.940,-96.994,-20.143,0.317,0.009,0.765,10.741,1.000,0.000,0.0000
185.950,-96.994,-20.032,0.317,0.009,0.765,10.741,1.000,0.000,0.0000
185.960,-96.994,-19.921,0.317,0.009,0.765,10.741,1.000,0.000,0.0000
185.970,-96.994,-19.810,0.317,0.009,0.764,10.741,1.000,0.000,0.0000
185.980,-96.994,-19.698,0.317,0.009,0.764,10.741,1.000,0.000,0.0000
185.990,-96.994,-19.587,0.317,0.009,0.764,10.741,1.000,0.000,0.0000
186.000,-96.994,-19.476,0.317,0.009,0.764,10.741,1.000,0.000,0.0000
186.010,-96.994,-19.365,0.317,0.009,0.764,10.741,1.000,0.000,0.0000
186.020,-96.994,-19.254,0.317,0.009,0.764,10.741,1.000,0.000,0.0000
186.030,-96.993,-19.143,0.317,0.009,0.764,10.741,1.000,0.000,0.0000
186.040,-96.993,-19.032,0.317,0.009,0.764,10.741,1.000,0.000,0.0000
186.050,-96.993,-18.921,0.317,0.009,0.764,10.741,1.000,0.000,0.0000
186.060,-96.993,-18.810,0.317,0.009,0.764,10.741,1.000,0.000,0.0000
186.070,-96.993,-18.699,0.317,0.009,0.764,10.741,1.000,0.000,0.0000
186.080,-96.993,-18.587,0.317,0.009,0.763,10.741,1.000,0.000,0.0000
186.090,-96.993,-18.476,0.317,0.009,0.763,10.741,1.000,0.000,0.0000
186.100,-96.993,-18.365,0.317,0.009,0.763,10.741,1.000,0.000,0.0000
186.110,-96.993,-18.254,0.317,0.009,0.763,10.741,1.000,0.000,0.0000
186.120,-96.993,-18.143,0.317,0.009,0.763,10.741,1.000,0.000,0.0000
186.130,-96.993,-18.032,0.317,0.009,0.763,10.741,1.000,0.000,0.0000
186.140,-96.992,-17.921,0.317,0.009,0.763,10.741,1.000,0.000,0.0000
186.150,-96.992,-17.810,0.317,0.009,0.763,10.741,1.000,0.000,0.0000
186.160,-96.992,-17.699,0.317,0.009,0.763,10.741,1.000,0.000,0.0000
186.170,-96.992,-17.588,0.317,0.009,0.763,10.741,1.000,0.000,0.0000
186.180,-96.992,-17.476,0.317,0.009,0.763,10.741,1.000,0.000,0.0000
186.190,-96.992,-17.365,0.317,0.009,0.762,10.741,1.000,0.000,0.0000
186.200,-96.992,-17.254,0.317,0.009,0.762,10.741,1.000,0.000,0.0000
186.210,-96.992,-17.143,0.317,0.009,0.762,10.741,1.000,0.000,0.0000
186.220,-96.992,-17.032,0.317,0.009,0.762,10.741,1.000,0.000,0.0000
186.230,-96.992,-16.921,0.317,0.009,0.762,10.741,1.000,0.000,0.0000
186.240,-96.992,-16.810,0.317,0.009,0.762,10.741,1.000,0.000,0.0000
186.250,-96.991,-16.699,0.317,0.009,0.762,10.741,1.000,0.000,0.0000
186.260,-96.991,-16.588,0.317,0.009,0.762,10.741,1.000,0.000,0.0000
186.270,-96.991,-16.477,0.317,0.009,0.762,10.741,1.000,0.000,0.0000
186.280,-96.991,-16.366,0.317,0.009,0.762,10.741,1.000,0.000,0.0000
186.290,-96.991,-16.254,0.317,0.009,0.762,10.741,1.000,0.000,0.0000
186.300,-96.991,-16.143,0.317,0.009,0.762,10.741,1.000,0.000,0.0000
186.310,-96.991,-16.032,0.317,0.009,0.761,10.741,1.000,0.000,0.0000
186.320,-96.991,-15.921,0.317,0.009,0.761,10.741,1.000,0.000,0.0000
186.330,-96.991,-15.810,0.317,0.009,0.761,10.741,1.000,0.000,0.0000
186.340,-96.991,-15.699,0.317,0.009,0.761,10.741,1.000,0.000,0.0000
186.350,-96.991,-15.588,0.317,0.009,0.761,10.741,1.000,0.000,0.0000
186.360,-96.991,-15.477,0.317,0.009,0.761,10.741,1.000,0.000,0.0000
186.370,-96.990,-15.366,0.317,0.009,0.761,10.741,1.000,0.000,0.0000
186.380,-96.990,-15.255,0.317,0.009,0.761,10.741,1.000,0.000,0.0000
186.390,-96.990,-15.143,0.317,0.009,0.761,10.741,1.000,0.000,0.0000
186.400,-96.990,-15.032,0.317,0.009,0.761,10.741,1.000,0.000,0.0000
186.410,-96.990,-14.921,0.317,0.009,0.761,10.741,1.000,0.000,0.0000
186.420,-96.990,-14.810,0.317,0.009,0.760,10.741,1.000,0.000,0.0000
186.430,-96.990,-14.699,0.317,0.009,0.760,10.741,1.000,0.000,0.0000
186.440,-96.990,-14.588,0.317,0.009,0.760,10.741,1.000,0.000,0.0000
186.450,-96.990,-14.477,0.317,0.009,0.760,10.741,1.000,0.000,0.0000
186.460,-96.990,-14.366,0.317,0.009,0.760,10.741,1.000,0.000,0.0000
186.470,-96.990,-14.255,0.317,0.009,0.760,10.741,1.000,0.000,0.0000
186.480,-96.989,-14.144,0.317,0.009,0.760,10.741,1.000,0.000,0.0000
186.490,-96.989,-14.032,0.317,0.009,0.760,10.741,1.000,0.000,0.0000
186.500,-96.989,-13.921,0.317,0.009,0.760,10.741,1.000,0.000,0.0000
186.510,-96.989,-13.810,0.317,0.009,0.760,10.741,1.000,0.000,0.0000
186.520,-96.989,-13.699,0.317,0.009,0.760,10.741,1.000,0.000,0.0000
186.530,-96.989,-13.588,0.317,0.009,0.759,10.741,1.000,0.000,0.0000
186.540,-96.989,-13.477,0.317,0.009,0.759,10.741,1.000,0.000,0.0000
186.550,-96.989,-13.366,0.317,0.009,0.759,10.741,1.000,0.000,0.0000
186.560,-96.989,-13.255,0.317,0.009,0.759,10.741,1.000,0.000,0.0000
186.570,-96.989,-13.144,0.317,0.009,0.759,10.741,1.000,0.000,0.0000
186.580,-96.989,-13.033,0.317,0.009,0.759,10.741,1.000,0.000,0.0000
186.590,-96.988,-12.921,0.317,0.009,0.759,10.741,1.000,0.000,0.0000
186.600,-96.988,-12.810,0.317,0.009,0.759,10.741,1.000,0.000,0.0000
186.610,-96.988,-12.699,0.317,0.009,0.759,10.741,1.000,0.000,0.0000
186.620,-96.988,-12.588,0.317,0.009,0.759,10.741,1.000,0.000,0.0000
186.630,-96.988,-12.477,0.317,0.009,0.759,10.741,1.000,0.000,0.0000
186.640,-96.988,-12.366,0.317,0.009,0.759,10.741,1.000,0.000,0.0000
186.650,-96.988,-12.255,0.317,0.009,0.758,10.741,1.000,0.000,0.0000
186.660,-96.988,-12.144,0.317,0.009,0.758,10.741,1.000,0.000,0.0000
186.670,-96.988,-12.033,0.317,0.009,0.758,10.741,1.000,0.000,0.0000
186.680,-96.988,-11.922,0.317,0.009,0.758,10.741,1.000,0.000,0.0000
186.690,-96.988,-11.810,0.317,0.009,0.758,10.741,1.000,0.000,0.0000
186.700,-96.987,-11.699,0.317,0.009,0.758,10.741,1.000,0.000,0.0000
186.710,-96.987,-11.588,0.317,0.009,0.758,10.741,1.000,0.000,0.0000
186.720,-96.987,-11.477,0.317,0.009,0.758,10.741,1.000,0.000,0.0000
186.730,-96.987,-11.366,0.317,0.009,0.758,10.741,0.940,0.000,0.0000
186.740,-96.987,-11.255,0.317,0.010,0.758,10.740,0.880,0.000,0.0000
186.750,-96.987,-11.144,0.317,0.014,0.758,10.740,0.820,0.000,0.0000
186.760,-96.987,-11.034,0.317,0.020,0.757,10.740,0.760,0.000,0.0000
186.770,-96.987,-10.924,0.318,0.028,0.757,10.740,0.700,0.000,0.0000
186.780,-96.987,-10.815,0.318,0.036,0.757,10.740,0.640,0.000,0.0000
186.790,-96.987,-10.705,0.318,0.042,0.757,10.739,0.580,0.000,0.0000
186.800,-96.987,-10.597,0.319,0.048,0.757,10.739,0.520,0.000,0.0000
186.810,-96.987,-10.488,0.319,0.052,0.757,10.738,0.460,0.000,0.0000
186.820,-96.986,-10.380,0.320,0.055,0.757,10.738,0.400,0.000,0.0000
186.830,-96.986,-10.273,0.320,0.057,0.757,10.737,0.340,0.000,0.0000
186.840,-96.986,-10.166,0.321,0.058,0.757,10.736,0.280,0.000,0.0000
186.850,-96.986,-10.059,0.321,0.058,0.757,10.736,0.220,0.000,0.0000
186.860,-96.986,-9.953,0.322,0.057,0.757,10.735,0.160,0.000,0.0000
186.870,-96.986,-9.847,0.323,0.055,0.757,10.735,0.100,0.000,0.0000
186.880,-96.986,-9.741,0.323,0.053,0.757,10.734,0.040,0.000,0.0000
186.890,-96.986,-9.636,0.324,0.050,0.757,10.734,0.000,0.000,0.0000
186.900,-96.986,-9.531,0.324,0.047,0.757,10.733,0.000,0.000,0.0000
186.910,-96.986,-9.427,0.325,0.044,0.756,10.733,0.000,0.000,0.0000
186.920,-96.986,-9.323,0.325,0.040,0.756,10.732,0.000,0.000,0.0000
186.930,-96.986,-9.220,0.325,0.036,0.756,10.732,0.040,0.000,0.0000
186.940,-96.985,-9.117,0.326,0.031,0.756,10.732,0.080,0.000,0.0000
186.950,-96.985,-9.014,0.326,0.027,0.756,10.732,0.120,0.000,0.0000
186.960,-96.985,-8.912,0.326,0.022,0.756,10.731,0.160,0.000,0.0000
186.970,-96.985,-8.810,0.326,0.018,0.756,10.731,0.200,0.000,0.0000
186.980,-96.985,-8.708,0.326,0.014,0.756,10.731,0.240,0.000,0.0000
186.990,-96.985,-8.607,0.326,0.011,0.756,10.731,0.280,0.000,0.0000
187.000,-96.985,-8.506,0.326,0.009,0.756,10.731,0.320,0.000,0.0000
187.010,-96.985,-8.406,0.326,0.008,0.756,10.731,0.360,0.000,0.0000
187.020,-96.985,-8.306,0.326,0.009,0.756,10.731,0.400,0.000,0.0000
187.030,-96.985,-8.207,0.326,0.011,0.756,10.731,0.440,0.000,0.0000
187.040,-96.985,-8.108,0.326,0.013,0.755,10.731,0.480,0.000,0.0000
187.050,-96.985,-8.009,0.326,0.015,0.755,10.731,0.520,0.000,0.0000
187.060,-96.984,-7.911,0.326,0.017,0.755,10.731,0.560,0.000,0.0000
187.070,-96.984,-7.813,0.326,0.019,0.755,10.732,0.600,0.000,0.0000
187.080,-96.984,-7.716,0.326,0.020,0.755,10.732,0.640,0.000,0.0000
187.090,-96.984,-7.619,0.325,0.021,0.755,10.732,0.680,0.000,0.0000
187.100,-96.984,-7.522,0.325,0.022,0.755,10.732,0.720,0.000,0.0000
187.110,-96.984,-7.426,0.325,0.022,0.755,10.732,0.760,0.000,0.0000
187.120,-96.984,-7.330,0.325,0.022,0.755,10.733,0.800,0.000,0.0000
187.130,-96.984,-7.234,0.324,0.022,0.755,10.733,0.840,0.000,0.0000
187.140,-96.984,-7.139,0.324,0.022,0.755,10.733,0.880,0.000,0.0000
187.150,-96.984,-7.044,0.324,0.028,0.755,10.733,0.920,0.000,0.0000
187.160,-96.984,-6.949,0.324,0.040,0.754,10.734,0.960,0.000,0.0000
187.170,-96.984,-6.854,0.323,0.055,0.754,10.734,1.000,0.000,0.0000
187.180,-96.984,-6.758,0.322,0.071,0.754,10.735,1.000,0.000,0.0000
187.190,-96.983,-6.662,0.322,0.085,0.754,10.736,1.000,0.000,0.0000
187.200,-96.983,-6.565,0.321,0.097,0.754,10.737,1.000,0.000,0.0000
187.210,-96.983,-6.468,0.319,0.106,0.754,10.738,1.000,0.000,0.0000
187.220,-96.983,-6.371,0.318,0.113,0.754,10.739,1.000,0.000,0.0000
187.230,-96.983,-6.273,0.317,0.117,0.754,10.740,1.000,0.000,0.0000
187.240,-96.983,-6.175,0.316,0.119,0.754,10.741,1.000,0.000,0.0000
187.250,-96.983,-6.076,0.315,0.119,0.753,10.742,1.000,0.000,0.0000
187.260,-96.983,-5.977,0.314,0.117,0.753,10.743,1.000,0.000,0.0000
187.270,-96.983,-5.877,0.313,0.113,0.753,10.745,1.000,0.000,0.0000
187.280,-96.983,-5.778,0.311,0.108,0.753,10.746,1.000,0.000,0.0000
187.290,-96.983,-5.677,0.310,0.102,0.753,10.747,1.000,0.000,0.0000
187.300,-96.983,-5.577,0.309,0.095,0.753,10.748,1.000,0.000,0.0000
187.310,-96.983,-5.476,0.309,0.087,0.753,10.748,1.000,0.000,0.0000
187.320,-96.982,-5.374,0.308,0.079,0.753,10.749,1.000,0.000,0.0000
187.330,-96.982,-5.272,0.307,0.070,0.753,10.750,1.000,0.000,0.0000
187.340,-96.982,-5.170,0.307,0.060,0.752,10.750,1.000,0.000,0.0000
187.350,-96.982,-5.067,0.306,0.051,0.752,10.751,1.000,0.000,0.0000
187.360,-96.982,-4.964,0.306,0.041,0.752,10.751,1.000,0.000,0.0000
187.370,-96.982,-4.860,0.305,0.032,0.752,10.752,1.000,0.000,0.0000
187.380,-96.982,-4.756,0.305,0.023,0.752,10.752,1.000,0.000,0.0000
187.390,-96.982,-4.652,0.305,0.015,0.752,10.752,1.000,0.000,0.0000
187.400,-96.982,-4.547,0.305,0.009,0.752,10.752,1.000,0.000,0.0000
187.410,-96.982,-4.441,0.305,0.010,0.752,10.752,1.000,0.000,0.0000
187.420,-96.982,-4.336,0.305,0.015,0.752,10.752,1.000,0.000,0.0000
187.430,-96.982,-4.230,0.305,0.020,0.752,10.752,1.000,0.000,0.0000
187.440,-96.981,-4.123,0.306,0.026,0.752,10.751,1.000,0.000,0.0000
187.450,-96.981,-4.016,0.306,0.031,0.752,10.751,1.000,0.000,0.0000
187.460,-96.981,-3.909,0.306,0.035,0.751,10.751,1.000,0.000,0.0000
187.470,-96.981,-3.801,0.307,0.038,0.751,10.750,1.000,0.000,0.0000
187.480,-96.981,-3.693,0.307,0.041,0.751,10.750,1.000,0.000,0.0000
187.490,-96.981,-3.584,0.307,0.043,0.751,10.749,1.000,0.000,0.0000
187.500,-96.981,-3.476,0.308,0.044,0.751,10.749,1.000,0.000,0.0000
187.510,-96.981,-3.366,0.308,0.045,0.751,10.749,1.000,0.000,0.0000
187.520,-96.981,-3.257,0.309,0.044,0.751,10.748,1.000,0.000,0.0000
187.530,-96.981,-3.146,0.309,0.043,0.751,10.748,1.000,0.000,0.0000
187.540,-96.981,-3.036,0.310,0.042,0.751,10.747,1.000,0.000,0.0000
187.550,-96.980,-2.925,0.310,0.040,0.751,10.747,1.000,0.000,0.0000
187.560,-96.980,-2.814,0.310,0.042,0.751,10.746,1.000,0.000,0.0000
187.570,-96.980,-2.703,0.311,0.045,0.751,10.746,1.000,0.000,0.0000
187.580,-96.980,-2.591,0.311,0.050,0.751,10.746,1.000,0.000,0.0000
187.590,-96.980,-2.480,0.312,0.055,0.750,10.745,1.000,0.000,0.0000
187.600,-96.980,-2.369,0.312,0.059,0.750,10.744,1.000,0.000,0.0000
187.610,-96.980,-2.257,0.313,0.062,0.750,10.744,1.000,0.000,0.0000
187.620,-96.980,-2.146,0.314,0.064,0.750,10.743,1.000,0.000,0.0000
187.630,-96.980,-2.035,0.314,0.064,0.750,10.743,0.940,0.000,0.0000
187.640,-96.980,-1.924,0.315,0.067,0.750,10.742,0.880,0.000,0.0000
187.650,-96.980,-1.813,0.316,0.072,0.750,10.741,0.820,0.000,0.0000
187.660,-96.980,-1.702,0.316,0.078,0.750,10.740,0.760,0.000,0.0000
187.670,-96.979,-1.592,0.317,0.083,0.750,10.740,0.700,0.000,0.0000
187.680,-96.979,-1.483,0.318,0.087,0.750,10.739,0.640,0.000,0.0000
187.690,-96.979,-1.373,0.319,0.090,0.750,10.738,0.580,0.000,0.0000
187.700,-96.979,-1.265,0.320,0.091,0.750,10.737,0.520,0.000,0.0000
187.710,-96.979,-1.156,0.321,0.090,0.750,10.736,0.460,0.000,0.0000
187.720,-96.979,-1.048,0.322,0.088,0.750,10.735,0.400,0.000,0.0000
187.730,-96.979,-0.941,0.323,0.085,0.750,10.734,0.340,0.000,0.0000
187.740,-96.979,-0.833,0.323,0.081,0.750,10.733,0.280,0.000,0.0000
187.750,-96.979,-0.727,0.324,0.076,0.750,10.733,0.220,0.000,0.0000
187.760,-96.979,-0.620,0.325,0.070,0.749,10.732,0.160,0.000,0.0000
187.770,-96.979,-0.514,0.325,0.064,0.749,10.731,0.100,0.000,0.0000
187.780,-96.978,-0.409,0.326,0.057,0.749,10.731,0.040,0.000,0.0000
187.790,-96.978,-0.304,0.326,0.050,0.749,10.730,0.000,0.000,0.0000
187.800,-96.978,-0.199,0.327,0.043,0.749,10.730,0.000,0.000,0.0000
187.810,-96.978,-0.095,0.327,0.036,0.749,10.729,0.000,0.000,0.0000
187.820,-96.978,0.009,0.327,0.029,0.749,10.729,0.000,0.000,0.0000
187.830,-96.978,0.113,0.328,0.022,0.749,10.729,0.000,0.000,0.0000
187.840,-96.978,0.216,0.328,0.016,0.749,10.729,0.000,0.000,0.0000
187.850,-96.978,0.318,0.328,0.011,0.749,10.729,0.000,0.000,0.0000
187.860,-96.978,0.421,0.328,0.008,0.749,10.729,0.000,0.000,0.0000
187.870,-96.978,0.523,0.328,0.010,0.749,10.729,0.000,0.000,0.0000
187.880,-96.978,0.624,0.328,0.014,0.749,10.729,0.000,0.000,0.0000
187.890,-96.978,0.725,0.328,0.018,0.749,10.729,0.000,0.000,0.0000
187.900,-96.978,0.826,0.327,0.022,0.748,10.729,0.000,0.000,0.0000
187.910,-96.977,0.926,0.327,0.025,0.748,10.729,0.000,0.000,0.0000
187.920,-96.977,1.026,0.327,0.028,0.748,10.730,0.000,0.000,0.0000
187.930,-96.977,1.125,0.327,0.030,0.748,10.730,0.000,0.000,0.0000
187.940,-96.977,1.224,0.326,0.032,0.748,10.730,0.000,0.000,0.0000
187.950,-96.977,1.323,0.326,0.033,0.748,10.731,0.000,0.000,0.0000
187.960,-96.977,1.421,0.326,0.034,0.748,10.731,0.000,0.000,0.0000
187.970,-96.977,1.519,0.325,0.034,0.748,10.731,0.000,0.000,0.0000
187.980,-96.977,1.616,0.325,0.034,0.748,10.732,0.000,0.000,0.0000
187.990,-96.977,1.713,0.325,0.033,0.748,10.732,0.000,0.000,0.0000
188.000,-96.977,1.810,0.324,0.032,0.748,10.732,0.000,0.000,0.0000
188.010,-96.977,1.906,0.324,0.031,0.747,10.733,0.000,0.000,0.0000
188.020,-96.977,2.002,0.324,0.029,0.747,10.733,0.000,0.000,0.0000
188.030,-96.976,2.097,0.323,0.027,0.747,10.733,0.000,0.000,0.0000
188.040,-96.976,2.192,0.323,0.025,0.747,10.733,0.000,0.000,0.0000
188.050,-96.976,2.287,0.323,0.022,0.747,10.733,0.000,0.000,0.0000
188.060,-96.976,2.381,0.323,0.020,0.747,10.734,0.000,0.000,0.0000
188.070,-96.976,2.475,0.323,0.017,0.747,10.734,0.000,0.000,0.0000
188.080,-96.976,2.569,0.323,0.015,0.747,10.734,0.000,0.000,0.0000
188.090,-96.976,2.662,0.322,0.012,0.747,10.734,0.000,0.000,0.0000
188.100,-96.976,2.754,0.322,0.010,0.747,10.734,0.000,0.000,0.0000
188.110,-96.976,2.847,0.322,0.009,0.747,10.734,0.000,0.000,0.0000
188.120,-96.976,2.939,0.322,0.008,0.747,10.734,0.000,0.000,0.0000
188.130,-96.976,3.030,0.322,0.007,0.746,10.734,0.000,0.000,0.0000
188.140,-96.976,3.121,0.322,0.008,0.746,10.734,0.000,0.000,0.0000
188.150,-96.976,3.212,0.322,0.008,0.746,10.734,0.000,0.000,0.0080
188.160,-96.976,3.303,0.322,0.010,0.746,10.734,0.000,0.000,0.0160
188.170,-96.975,3.393,0.323,0.011,0.746,10.734,0.000,0.000,0.0240
188.180,-96.975,3.482,0.323,0.013,0.746,10.734,0.000,0.000,0.0320
188.190,-96.975,3.571,0.323,0.014,0.746,10.734,0.000,0.000,0.0400
188.200,-96.975,3.660,0.323,0.016,0.746,10.734,0.000,0.000,0.0480
188.210,-96.975,3.748,0.323,0.018,0.746,10.733,0.000,0.000,0.0560
188.220,-96.975,3.836,0.323,0.021,0.746,10.733,0.000,0.000,0.0640
188.230,-96.975,3.924,0.323,0.024,0.745,10.733,0.000,0.000,0.0720
188.240,-96.974,4.011,0.323,0.028,0.745,10.733,0.000,0.000,0.0800
188.250,-96.974,4.098,0.323,0.033,0.745,10.733,0.000,0.000,0.0880
188.260,-96.974,4.184,0.324,0.040,0.744,10.733,0.000,0.000,0.0960
188.270,-96.973,4.270,0.324,0.047,0.744,10.733,0.000,0.000,0.1040
188.280,-96.973,4.356,0.324,0.056,0.743,10.732,0.000,0.000,0.1120
188.290,-96.972,4.441,0.324,0.065,0.743,10.732,0.000,0.000,0.1200
188.300,-96.971,4.526,0.324,0.076,0.742,10.732,0.000,0.000,0.1280
188.310,-96.970,4.610,0.324,0.088,0.741,10.732,0.000,0.000,0.1360
188.320,-96.969,4.694,0.324,0.102,0.740,10.732,0.000,0.000,0.1440
188.330,-96.968,4.777,0.324,0.116,0.739,10.731,0.000,0.000,0.1520
188.340,-96.967,4.860,0.324,0.131,0.738,10.731,0.000,0.000,0.1600
188.350,-96.965,4.943,0.325,0.146,0.736,10.731,0.000,0.000,0.1680
188.360,-96.964,5.025,0.325,0.163,0.735,10.731,0.000,0.000,0.1760
188.370,-96.962,5.107,0.325,0.182,0.733,10.731,0.000,0.000,0.1840
188.380,-96.960,5.188,0.325,0.201,0.731,10.730,0.000,0.000,0.1920
188.390,-96.958,5.269,0.325,0.222,0.729,10.730,0.000,0.000,0.2000
188.400,-96.955,5.350,0.325,0.244,0.726,10.730,0.000,0.000,0.2080
188.410,-96.953,5.430,0.325,0.267,0.724,10.730,0.000,0.000,0.2160
188.420,-96.950,5.509,0.325,0.291,0.721,10.729,0.000,0.000,0.2240
188.430,-96.947,5.588,0.325,0.318,0.717,10.729,0.000,0.000,0.2320
188.440,-96.943,5.666,0.325,0.348,0.714,10.729,0.000,0.000,0.2400
188.450,-96.939,5.744,0.325,0.378,0.710,10.728,0.000,0.000,0.2480
188.460,-96.935,5.821,0.325,0.393,0.706,10.728,0.000,0.000,0.2560
188.470,-96.931,5.897,0.326,0.436,0.702,10.727,0.000,0.000,0.2640
188.480,-96.927,5.973,0.326,0.456,0.697,10.726,0.000,0.000,0.2720
188.490,-96.922,6.048,0.326,0.499,0.692,10.726,0.000,0.000,0.2800
188.500,-96.916,6.122,0.326,0.520,0.687,10.725,0.000,0.000,0.2880
188.510,-96.911,6.196,0.327,0.548,0.682,10.724,0.000,0.000,0.2960
188.520,-96.905,6.269,0.327,0.579,0.676,10.723,0.000,0.000,0.3040
188.530,-96.899,6.341,0.327,0.611,0.670,10.723,0.000,0.000,0.3120
188.540,-96.893,6.413,0.328,0.645,0.664,10.722,0.000,0.000,0.3200
188.550,-96.886,6.484,0.328,0.677,0.657,10.721,0.000,0.000,0.3280
188.560,-96.879,6.555,0.328,0.711,0.650,10.720,0.000,0.000,0.3360
188.570,-96.871,6.625,0.328,0.744,0.642,10.719,0.000,0.000,0.3440
188.580,-96.863,6.694,0.328,0.779,0.635,10.719,0.000,0.000,0.3520
188.590,-96.855,6.763,0.328,0.812,0.626,10.718,0.000,0.000,0.3600
188.600,-96.847,6.832,0.328,0.845,0.618,10.717,0.000,0.000,0.3680
188.610,-96.838,6.899,0.328,0.879,0.609,10.717,0.000,0.000,0.3760
188.620,-96.829,6.967,0.328,0.913,0.600,10.716,0.000,0.000,0.3840
188.630,-96.819,7.033,0.328,0.947,0.591,10.715,0.000,0.000,0.3920
188.640,-96.810,7.099,0.328,0.981,0.581,10.715,0.000,0.000,0.4000
188.650,-96.800,7.165,0.328,1.016,0.571,10.714,0.000,0.000,0.4080
188.660,-96.789,7.229,0.328,1.059,0.560,10.713,0.000,0.000,0.4160
188.670,-96.778,7.294,0.328,1.092,0.549,10.712,0.000,0.000,0.4240
188.680,-96.767,7.357,0.328,1.131,0.538,10.712,0.000,0.000,0.4320
188.690,-96.755,7.420,0.328,1.162,0.526,10.711,0.000,0.000,0.4400
188.700,-96.743,7.482,0.327,1.200,0.514,10.710,0.000,0.000,0.4100
188.710,-96.731,7.544,0.327,1.240,0.502,10.710,0.000,0.000,0.3800
188.720,-96.718,7.605,0.327,1.304,0.489,10.709,0.000,0.000,0.3500
188.730,-96.704,7.666,0.327,1.348,0.476,10.708,0.000,0.000,0.3200
188.740,-96.690,7.726,0.327,1.383,0.462,10.708,0.000,0.000,0.2900
188.750,-96.676,7.786,0.327,1.416,0.448,10.707,0.000,0.000,0.2600
188.760,-96.662,7.845,0.326,1.448,0.433,10.706,0.000,0.000,0.2300
188.770,-96.647,7.904,0.326,1.481,0.418,10.706,0.000,0.000,0.2000
188.780,-96.632,7.963,0.326,1.513,0.403,10.705,0.000,0.000,0.1700
188.790,-96.616,8.021,0.325,1.537,0.388,10.704,0.000,0.000,0.1400
188.800,-96.601,8.079,0.325,1.562,0.372,10.704,0.040,0.000,0.1100
188.810,-96.585,8.137,0.324,1.586,0.357,10.704,0.080,0.000,0.0800
188.820,-96.569,8.195,0.324,1.609,0.341,10.703,0.120,0.000,0.0500
188.830,-96.553,8.252,0.323,1.632,0.324,10.703,0.160,0.000,0.0200
188.840,-96.536,8.310,0.323,1.653,0.308,10.703,0.200,0.000,0.0000
188.850,-96.519,8.367,0.322,1.672,0.291,10.702,0.240,0.000,0.0000
188.860,-96.502,8.425,0.321,1.694,0.274,10.702,0.280,0.000,0.0000
188.870,-96.485,8.482,0.321,1.717,0.257,10.702,0.320,0.000,0.0000
188.880,-96.468,8.540,0.320,1.740,0.240,10.702,0.360,0.000,0.0000
188.890,-96.450,8.597,0.319,1.761,0.222,10.702,0.400,0.000,0.0000
188.900,-96.433,8.655,0.319,1.776,0.205,10.702,0.440,0.000,0.0000
188.910,-96.415,8.713,0.318,1.783,0.187,10.702,0.480,0.000,0.0000
188.920,-96.397,8.770,0.317,1.785,0.169,10.702,0.520,0.000,0.0000
188.930,-96.379,8.827,0.317,1.785,0.151,10.702,0.560,0.000,0.0000
188.940,-96.361,8.884,0.316,1.790,0.134,10.702,0.600,0.000,0.0000
188.950,-96.343,8.942,0.316,1.801,0.116,10.702,0.640,0.000,0.0000
188.960,-96.325,9.000,0.315,1.815,0.098,10.702,0.680,0.000,0.0000
188.970,-96.307,9.058,0.315,1.830,0.081,10.702,0.720,0.000,0.0000
188.980,-96.288,9.116,0.314,1.846,0.063,10.702,0.760,0.000,0.0000
188.990,-96.270,9.175,0.313,1.862,0.046,10.702,0.800,0.000,0.0000
189.000,-96.251,9.235,0.313,1.877,0.031,10.702,0.840,0.000,0.0000
189.010,-96.232,9.295,0.312,1.891,0.022,10.703,0.880,0.000,0.0000
189.020,-96.213,9.355,0.311,1.905,0.027,10.703,0.920,0.000,0.0000
189.030,-96.194,9.415,0.311,1.918,0.042,10.703,0.960,0.000,0.0000
189.040,-96.174,9.476,0.310,1.930,0.059,10.703,1.000,0.000,0.0000
189.050,-96.155,9.537,0.310,1.943,0.077,10.703,0.940,0.000,0.0000
189.060,-96.136,9.599,0.309,1.955,0.096,10.704,0.880,0.000,0.0000
189.070,-96.116,9.661,0.309,1.967,0.116,10.704,0.820,0.000,0.0000
189.080,-96.096,9.723,0.308,1.979,0.135,10.704,0.760,0.000,0.0000
189.090,-96.076,9.786,0.308,1.985,0.155,10.704,0.700,0.000,0.0000
189.100,-96.056,9.849,0.308,1.991,0.175,10.704,0.640,0.000,0.0000
189.110,-96.036,9.912,0.308,2.001,0.195,10.704,0.580,0.000,0.0000
189.120,-96.016,9.975,0.308,2.002,0.214,10.704,0.520,0.000,0.0000
189.130,-95.996,10.038,0.308,1.999,0.234,10.704,0.460,0.000,0.0000
189.140,-95.976,10.101,0.309,1.993,0.254,10.703,0.400,0.000,0.0000
189.150,-95.957,10.163,0.309,1.985,0.274,10.703,0.340,0.000,0.0000
189.160,-95.937,10.226,0.310,1.976,0.294,10.702,0.280,0.000,0.0000
189.170,-95.917,10.288,0.311,1.968,0.314,10.702,0.220,0.000,0.0000
189.180,-95.898,10.349,0.312,1.960,0.333,10.701,0.160,0.000,0.0000
189.190,-95.878,10.411,0.313,1.951,0.353,10.700,0.100,0.000,0.0000
189.200,-95.859,10.472,0.314,1.943,0.372,10.699,0.040,0.000,0.0000
189.210,-95.839,10.532,0.315,1.934,0.391,10.698,0.000,0.000,0.0000
189.220,-95.820,10.593,0.316,1.925,0.411,10.697,0.000,0.000,0.0000
189.230,-95.801,10.653,0.317,1.915,0.430,10.697,0.000,0.000,0.0000
189.240,-95.782,10.712,0.319,1.906,0.449,10.696,0.000,0.000,0.0000
189.250,-95.763,10.772,0.320,1.895,0.468,10.695,0.000,0.000,0.0000
189.260,-95.744,10.830,0.321,1.886,0.487,10.694,0.000,0.000,0.0000
189.270,-95.726,10.889,0.322,1.873,0.505,10.693,0.000,0.000,0.0000
189.280,-95.707,10.946,0.323,1.860,0.524,10.693,0.000,0.000,0.0000
189.290,-95.689,11.003,0.325,1.851,0.543,10.692,0.040,0.000,0.0000
189.300,-95.670,11.060,0.326,1.842,0.561,10.692,0.080,0.000,0.0000
189.310,-95.652,11.116,0.327,1.833,0.579,10.691,0.120,0.000,0.0000
189.320,-95.634,11.172,0.327,1.824,0.598,10.691,0.160,0.000,0.0000
189.330,-95.615,11.228,0.328,1.815,0.616,10.691,0.200,0.000,0.0000
189.340,-95.597,11.283,0.329,1.806,0.634,10.691,0.240,0.000,0.0000
189.350,-95.579,11.338,0.329,1.796,0.652,10.691,0.280,0.000,0.0000
189.360,-95.562,11.392,0.329,1.786,0.670,10.692,0.320,0.000,0.0000
189.370,-95.544,11.447,0.330,1.775,0.687,10.692,0.360,0.000,0.0000
189.380,-95.526,11.500,0.330,1.763,0.705,10.693,0.400,0.000,0.0000
189.390,-95.509,11.554,0.330,1.750,0.722,10.694,0.440,0.000,0.0000
189.400,-95.491,11.607,0.330,1.737,0.740,10.695,0.480,0.000,0.0000
189.410,-95.474,11.660,0.329,1.723,0.757,10.696,0.520,0.000,0.0000
189.420,-95.457,11.712,0.329,1.715,0.774,10.697,0.560,0.000,0.0000
189.430,-95.440,11.765,0.329,1.714,0.791,10.698,0.600,0.000,0.0000
189.440,-95.423,11.818,0.328,1.718,0.808,10.700,0.640,0.000,0.0000
189.450,-95.406,11.871,0.327,1.724,0.825,10.701,0.680,0.000,0.0000
189.460,-95.388,11.924,0.326,1.731,0.843,10.703,0.720,0.000,0.0000
189.470,-95.371,11.978,0.325,1.739,0.860,10.706,0.760,0.000,0.0000
189.480,-95.353,12.032,0.323,1.748,0.877,10.708,0.800,0.000,0.0000
189.490,-95.336,12.087,0.322,1.756,0.895,10.711,0.840,0.000,0.0000
189.500,-95.318,12.142,0.321,1.762,0.912,10.713,0.880,0.000,0.0000
189.510,-95.301,12.197,0.319,1.770,0.930,10.716,0.920,0.000,0.0000
189.520,-95.283,12.253,0.317,1.779,0.947,10.719,0.960,0.000,0.0000
189.530,-95.265,12.309,0.316,1.790,0.965,10.721,1.000,0.000,0.0000
189.540,-95.247,12.365,0.314,1.800,0.983,10.724,1.000,0.000,0.0000
189.550,-95.229,12.422,0.313,1.811,1.001,10.727,1.000,0.000,0.0000
189.560,-95.211,12.479,0.312,1.824,1.019,10.730,1.000,0.000,0.0000
189.570,-95.193,12.536,0.310,1.837,1.037,10.732,1.000,0.000,0.0000
189.580,-95.174,12.594,0.309,1.850,1.056,10.735,1.000,0.000,0.0000
189.590,-95.156,12.653,0.308,1.865,1.075,10.737,1.000,0.000,0.0000
189.600,-95.137,12.712,0.307,1.879,1.093,10.740,1.000,0.000,0.0000
189.610,-95.118,12.771,0.306,1.894,1.112,10.742,1.000,0.000,0.0000
189.620,-95.099,12.831,0.305,1.909,1.131,10.745,1.000,0.000,0.0000
189.630,-95.080,12.891,0.304,1.924,1.150,10.747,1.000,0.000,0.0000
189.640,-95.060,12.952,0.304,1.939,1.170,10.749,1.000,0.000,0.0000
189.650,-95.041,13.013,0.304,1.953,1.189,10.751,1.000,0.000,0.0000
189.660,-95.021,13.074,0.303,1.968,1.209,10.753,1.000,0.000,0.0000
189.670,-95.001,13.136,0.303,1.982,1.229,10.755,1.000,0.000,0.0000
189.680,-94.981,13.198,0.303,1.991,1.249,10.757,1.000,0.000,0.0000
189.690,-94.961,13.260,0.303,2.005,1.269,10.759,1.000,0.000,0.0000
189.700,-94.941,13.323,0.303,2.021,1.289,10.761,1.000,0.000,0.0000
189.710,-94.921,13.386,0.304,2.037,1.309,10.762,1.000,0.000,0.0000
189.720,-94.900,13.449,0.304,2.053,1.330,10.764,1.000,0.000,0.0000
189.730,-94.879,13.513,0.305,2.069,1.351,10.766,1.000,0.000,0.0000
189.740,-94.859,13.577,0.305,2.085,1.371,10.768,1.000,0.000,0.0000
189.750,-94.838,13.642,0.306,2.100,1.392,10.769,1.000,0.000,0.0000
189.760,-94.817,13.707,0.306,2.114,1.414,10.771,1.000,0.000,0.0000
189.770,-94.795,13.772,0.307,2.128,1.435,10.773,1.000,0.000,0.0000
189.780,-94.774,13.838,0.307,2.142,1.456,10.775,1.000,0.000,0.0000
189.790,-94.752,13.905,0.308,2.155,1.478,10.777,1.000,0.000,0.0000
189.800,-94.731,13.971,0.308,2.167,1.499,10.779,1.000,0.000,0.0000
189.810,-94.709,14.038,0.309,2.178,1.521,10.781,1.000,0.000,0.0000
189.820,-94.687,14.106,0.309,2.189,1.543,10.783,1.000,0.000,0.0000
189.830,-94.665,14.174,0.310,2.200,1.565,10.785,1.000,0.000,0.0000
189.840,-94.643,14.242,0.310,2.210,1.587,10.787,1.000,0.000,0.0000
189.850,-94.621,14.311,0.311,2.216,1.609,10.790,1.000,0.000,0.0000
189.860,-94.598,14.379,0.311,2.222,1.632,10.792,1.000,0.000,0.0000
189.870,-94.576,14.448,0.312,2.227,1.654,10.795,1.000,0.000,0.0000
189.880,-94.554,14.518,0.312,2.234,1.676,10.797,1.000,0.000,0.0000
189.890,-94.531,14.588,0.312,2.242,1.699,10.800,1.000,0.000,0.0000
189.900,-94.509,14.658,0.313,2.251,1.721,10.803,1.000,0.000,0.0000
189.910,-94.486,14.729,0.313,2.261,1.744,10.806,1.000,0.000,0.0080
189.920,-94.464,14.800,0.313,2.274,1.767,10.809,1.000,0.000,0.0160
189.930,-94.441,14.871,0.313,2.288,1.789,10.812,0.940,0.000,0.0240
189.940,-94.418,14.943,0.313,2.303,1.812,10.816,0.980,0.000,0.0320
189.950,-94.395,15.016,0.313,2.318,1.836,10.819,1.000,0.000,0.0400
189.960,-94.371,15.089,0.313,2.334,1.859,10.823,1.000,0.000,0.0480
189.970,-94.348,15.162,0.312,2.350,1.882,10.826,1.000,0.000,0.0560
189.980,-94.324,15.236,0.312,2.367,1.906,10.830,1.000,0.000,0.0640
189.990,-94.300,15.311,0.312,2.383,1.930,10.834,1.000,0.000,0.0720
190.000,-94.276,15.385,0.312,2.401,1.954,10.838,1.000,0.000,0.0800
190.010,-94.252,15.460,0.311,2.401,1.978,10.842,1.000,0.000,0.0880
190.020,-94.228,15.535,0.311,2.409,2.002,10.846,1.000,0.000,0.0960
190.030,-94.204,15.609,0.311,2.421,2.026,10.850,1.000,0.000,0.1040
190.040,-94.179,15.684,0.311,2.438,2.051,10.854,1.000,0.000,0.1120
190.050,-94.155,15.759,0.312,2.458,2.075,10.858,1.000,0.000,0.1200
190.060,-94.130,15.834,0.312,2.481,2.100,10.863,1.000,0.000,0.1280
190.070,-94.105,15.910,0.312,2.505,2.125,10.867,1.000,0.000,0.1360
190.080,-94.080,15.985,0.312,2.531,2.150,10.871,0.940,0.000,0.1060
190.090,-94.054,16.062,0.312,2.562,2.176,10.876,0.880,0.000,0.0760
190.100,-94.028,16.139,0.311,2.597,2.202,10.881,0.820,0.000,0.0460
190.110,-94.002,16.216,0.311,2.634,2.228,10.886,0.760,0.000,0.0160
190.120,-93.975,16.294,0.311,2.672,2.255,10.891,0.700,0.000,0.0000
190.130,-93.948,16.373,0.311,2.701,2.282,10.896,0.640,0.000,0.0000
190.140,-93.921,16.451,0.310,2.720,2.309,10.902,0.580,0.000,0.0000
190.150,-93.894,16.529,0.310,2.728,2.336,10.907,0.520,0.000,0.0000
190.160,-93.866,16.607,0.311,2.716,2.364,10.912,0.460,0.000,0.0000
190.170,-93.839,16.684,0.311,2.702,2.391,10.917,0.400,0.000,0.0000
190.180,-93.813,16.761,0.312,2.691,2.418,10.922,0.340,0.000,0.0000
190.190,-93.786,16.837,0.313,2.682,2.444,10.926,0.280,0.000,0.0000
190.200,-93.759,16.912,0.313,2.675,2.471,10.931,0.220,0.000,0.0000
190.210,-93.732,16.988,0.314,2.668,2.498,10.935,0.160,0.000,0.0000
190.220,-93.706,17.063,0.315,2.662,2.524,10.940,0.100,0.000,0.0000
190.230,-93.679,17.138,0.317,2.655,2.551,10.944,0.140,0.000,0.0000
190.240,-93.653,17.212,0.318,2.647,2.577,10.949,0.180,0.000,0.0000
190.250,-93.626,17.286,0.319,2.637,2.604,10.954,0.220,0.000,0.0000
190.260,-93.600,17.360,0.320,2.627,2.630,10.958,0.260,0.000,0.0000
190.270,-93.574,17.433,0.321,2.617,2.656,10.963,0.300,0.000,0.0000
190.280,-93.548,17.506,0.322,2.603,2.682,10.968,0.340,0.000,0.0000
190.290,-93.522,17.578,0.323,2.591,2.708,10.973,0.380,0.000,0.0000
190.300,-93.496,17.650,0.324,2.581,2.734,10.977,0.420,0.000,0.0000
190.310,-93.471,17.722,0.325,2.574,2.760,10.982,0.460,0.000,0.0000
190.320,-93.445,17.793,0.326,2.567,2.785,10.988,0.500,0.000,0.0000
190.330,-93.419,17.864,0.326,2.559,2.811,10.993,0.540,0.000,0.0000
190.340,-93.394,17.934,0.327,2.551,2.836,10.998,0.580,0.000,0.0000
190.350,-93.368,18.005,0.327,2.541,2.862,11.004,0.620,0.000,0.0000
190.360,-93.343,18.074,0.328,2.530,2.887,11.010,0.660,0.000,0.0000
190.370,-93.318,18.144,0.328,2.522,2.912,11.016,0.700,0.000,0.0000
190.380,-93.293,18.214,0.328,2.519,2.937,11.022,0.740,0.000,0.0000
190.390,-93.268,18.283,0.328,2.522,2.963,11.028,0.780,0.000,0.0000
190.400,-93.242,18.353,0.328,2.529,2.988,11.035,0.820,0.000,0.0000
190.410,-93.217,18.423,0.327,2.539,3.013,11.042,0.860,0.000,0.0000
190.420,-93.191,18.494,0.326,2.549,3.039,11.049,0.900,0.000,0.0000
190.430,-93.166,18.564,0.325,2.559,3.064,11.056,0.940,0.000,0.0000
190.440,-93.140,18.635,0.324,2.563,3.090,11.064,0.980,0.000,0.0000
190.450,-93.115,18.707,0.323,2.568,3.116,11.072,1.000,0.000,0.0000
190.460,-93.089,18.778,0.322,2.575,3.141,11.079,1.000,0.000,0.0000
190.470,-93.063,18.850,0.321,2.584,3.167,11.088,1.000,0.000,0.0000
190.480,-93.037,18.923,0.319,2.595,3.193,11.096,1.000,0.000,0.0080
190.490,-93.011,18.995,0.318,2.609,3.219,11.104,1.000,0.000,0.0160
190.500,-92.985,19.069,0.316,2.625,3.245,11.113,1.000,0.000,0.0240
190.510,-92.958,19.142,0.315,2.643,3.272,11.121,1.000,0.000,0.0320
190.520,-92.932,19.217,0.313,2.661,3.298,11.130,1.000,0.000,0.0400
190.530,-92.905,19.292,0.312,2.680,3.325,11.139,1.000,0.000,0.0480
190.540,-92.878,19.367,0.310,2.699,3.352,11.148,1.000,0.000,0.0560
190.550,-92.851,19.443,0.309,2.718,3.379,11.157,1.000,0.000,0.0640
190.560,-92.824,19.519,0.308,2.737,3.406,11.165,1.000,0.000,0.0720
190.570,-92.796,19.596,0.307,2.757,3.434,11.174,1.000,0.000,0.0800
190.580,-92.768,19.672,0.306,2.777,3.462,11.183,1.000,0.000,0.0880
190.590,-92.740,19.749,0.305,2.794,3.490,11.192,1.000,0.000,0.0960
190.600,-92.713,19.826,0.305,2.790,3.517,11.201,1.000,0.000,0.1040
190.610,-92.685,19.903,0.304,2.797,3.545,11.209,1.000,0.000,0.1120
190.620,-92.656,19.980,0.304,2.814,3.574,11.218,1.000,0.000,0.1200
190.630,-92.628,20.057,0.304,2.838,3.602,11.226,1.000,0.000,0.1280
190.640,-92.599,20.135,0.304,2.865,3.631,11.235,1.000,0.000,0.1360
190.650,-92.571,20.213,0.305,2.894,3.660,11.243,0.940,0.000,0.1440
190.660,-92.541,20.291,0.305,2.925,3.689,11.252,0.880,0.000,0.1520
190.670,-92.512,20.369,0.305,2.956,3.718,11.261,0.920,0.000,0.1600
190.680,-92.482,20.448,0.305,2.987,3.748,11.270,0.960,0.000,0.1680
190.690,-92.452,20.527,0.306,3.019,3.778,11.279,1.000,0.000,0.1760
190.700,-92.421,20.607,0.306,3.050,3.809,11.288,1.000,0.000,0.1840
190.710,-92.390,20.686,0.307,3.082,3.840,11.297,1.000,0.000,0.1920
190.720,-92.359,20.766,0.307,3.114,3.871,11.307,1.000,0.000,0.2000
190.730,-92.328,20.846,0.308,3.146,3.902,11.316,1.000,0.000,0.2080
190.740,-92.296,20.926,0.309,3.178,3.934,11.326,0.940,0.000,0.2160
190.750,-92.263,21.007,0.309,3.254,3.967,11.336,0.980,0.000,0.2240
190.760,-92.230,21.089,0.309,3.319,4.000,11.347,1.000,0.000,0.2320
190.770,-92.197,21.171,0.310,3.375,4.034,11.358,1.000,0.000,0.2400
190.780,-92.162,21.254,0.310,3.426,4.068,11.370,1.000,0.000,0.2480
190.790,-92.127,21.337,0.310,3.475,4.103,11.381,1.000,0.000,0.2560
190.800,-92.092,21.420,0.310,3.524,4.138,11.393,1.000,0.000,0.2640
190.810,-92.057,21.503,0.310,3.571,4.173,11.405,1.000,0.000,0.2720
190.820,-92.020,21.586,0.310,3.616,4.210,11.418,1.000,0.000,0.2800
190.830,-91.984,21.669,0.311,3.657,4.246,11.430,1.000,0.000,0.2880
190.840,-91.947,21.751,0.312,3.691,4.283,11.442,1.000,0.000,0.2960
190.850,-91.910,21.832,0.312,3.706,4.320,11.455,1.000,0.000,0.3040
190.860,-91.873,21.913,0.313,3.729,4.357,11.467,1.000,0.000,0.3120
190.870,-91.835,21.993,0.314,3.770,4.395,11.480,1.000,0.000,0.3200
190.880,-91.797,22.073,0.315,3.819,4.433,11.493,1.000,0.000,0.3280
190.890,-91.758,22.153,0.316,3.874,4.472,11.506,1.000,0.000,0.3360
190.900,-91.719,22.233,0.317,3.933,4.511,11.520,1.000,0.000,0.3440
190.910,-91.679,22.312,0.318,3.994,4.551,11.534,1.000,0.000,0.3520
190.920,-91.638,22.392,0.318,4.055,4.592,11.549,1.000,0.000,0.3600
190.930,-91.597,22.471,0.319,4.116,4.633,11.564,1.000,0.000,0.3680
190.940,-91.555,22.550,0.319,4.175,4.675,11.580,1.000,0.000,0.3380
190.950,-91.513,22.629,0.320,4.237,4.717,11.595,1.000,0.000,0.3080
190.960,-91.470,22.708,0.320,4.299,4.760,11.612,0.940,0.000,0.2780
190.970,-91.426,22.787,0.320,4.362,4.804,11.629,0.880,0.000,0.2480
190.980,-91.382,22.865,0.321,4.429,4.848,11.646,0.820,0.000,0.2180
190.990,-91.337,22.943,0.321,4.497,4.893,11.664,0.760,0.000,0.1880
191.000,-91.291,23.021,0.321,4.567,4.939,11.682,0.700,0.000,0.1580
191.010,-91.245,23.099,0.321,4.626,4.985,11.701,0.640,0.000,0.1280
191.020,-91.198,23.176,0.321,4.730,5.032,11.720,0.580,0.000,0.0980
191.030,-91.150,23.254,0.320,4.790,5.080,11.740,0.520,0.000,0.0680
191.040,-91.101,23.330,0.320,4.850,5.129,11.761,0.460,0.000,0.0380
191.050,-91.052,23.407,0.320,4.901,5.178,11.781,0.400,0.000,0.0080
191.060,-91.003,23.483,0.320,4.945,5.227,11.802,0.340,0.000,0.0000
191.070,-90.953,23.558,0.320,4.991,5.277,11.823,0.280,0.000,0.0000
191.080,-90.903,23.634,0.320,5.045,5.327,11.845,0.220,0.000,0.0000
191.090,-90.852,23.710,0.319,5.103,5.378,11.868,0.160,0.000,0.0000
191.100,-90.800,23.786,0.319,5.146,5.430,11.890,0.100,0.000,0.0000
191.110,-90.748,23.861,0.318,5.186,5.482,11.914,0.040,0.000,0.0000
191.120,-90.696,23.937,0.318,5.219,5.534,11.937,0.000,0.000,0.0000
191.130,-90.644,24.012,0.318,5.240,5.586,11.961,0.000,0.000,0.0000
191.140,-90.591,24.087,0.317,5.253,5.639,11.985,0.000,0.000,0.0000
191.150,-90.539,24.162,0.317,5.258,5.691,12.009,0.000,0.000,0.0000
191.160,-90.486,24.237,0.317,5.257,5.744,12.033,0.000,0.000,0.0000
191.170,-90.433,24.311,0.317,5.252,5.797,12.057,0.000,0.000,0.0000
191.180,-90.381,24.385,0.317,5.244,5.849,12.082,0.000,0.000,0.0000
191.190,-90.329,24.458,0.317,5.232,5.901,12.106,0.000,0.000,0.0000
191.200,-90.277,24.532,0.317,5.217,5.954,12.130,0.000,0.000,0.0000
191.210,-90.225,24.605,0.317,5.199,6.006,12.155,0.040,0.000,0.0000
191.220,-90.173,24.677,0.317,5.178,6.057,12.179,0.080,0.000,0.0000
191.230,-90.121,24.749,0.318,5.153,6.109,12.203,0.120,0.000,0.0000
191.240,-90.070,24.821,0.318,5.126,6.160,12.228,0.160,0.000,0.0000
191.250,-90.019,24.892,0.319,5.075,6.211,12.252,0.200,0.000,0.0000
191.260,-89.969,24.963,0.320,5.031,6.261,12.276,0.240,0.000,0.0000
191.270,-89.919,25.033,0.321,4.998,6.311,12.300,0.280,0.000,0.0000
191.280,-89.869,25.103,0.321,4.972,6.361,12.324,0.320,0.000,0.0000
191.290,-89.820,25.173,0.322,4.952,6.410,12.348,0.360,0.000,0.0080
191.300,-89.770,25.242,0.323,4.936,6.460,12.372,0.400,0.000,0.0160
191.310,-89.721,25.311,0.324,4.922,6.509,12.396,0.440,0.000,0.0240
191.320,-89.672,25.380,0.324,4.909,6.558,12.421,0.480,0.000,0.0320
191.330,-89.623,25.449,0.324,4.895,6.607,12.445,0.520,0.000,0.0400
191.340,-89.574,25.518,0.325,4.880,6.656,12.470,0.560,0.000,0.0480
191.350,-89.526,25.586,0.325,4.863,6.704,12.495,0.600,0.000,0.0560
191.360,-89.477,25.654,0.325,4.845,6.753,12.520,0.640,0.000,0.0640
191.370,-89.429,25.722,0.326,4.825,6.801,12.545,0.680,0.000,0.0720
191.380,-89.381,25.789,0.326,4.800,6.849,12.570,0.620,0.000,0.0800
191.390,-89.333,25.855,0.326,4.751,6.897,12.595,0.560,0.000,0.0880
191.400,-89.286,25.920,0.327,4.712,6.944,12.619,0.500,0.000,0.0960
191.410,-89.240,25.985,0.327,4.684,6.991,12.644,0.440,0.000,0.1040
191.420,-89.193,26.050,0.327,4.665,7.037,12.669,0.380,0.000,0.1120
191.430,-89.146,26.114,0.328,4.652,7.084,12.694,0.320,0.000,0.1200
191.440,-89.100,26.177,0.328,4.642,7.130,12.719,0.260,0.000,0.1280
191.450,-89.054,26.240,0.328,4.634,7.176,12.744,0.200,0.000,0.1360
191.460,-89.007,26.303,0.328,4.625,7.223,12.769,0.140,0.000,0.1440
191.470,-88.961,26.366,0.328,4.615,7.269,12.794,0.080,0.000,0.1520
191.480,-88.915,26.428,0.328,4.604,7.315,12.820,0.020,0.000,0.1600
191.490,-88.869,26.489,0.327,4.591,7.361,12.845,0.000,0.000,0.1680
191.500,-88.824,26.550,0.327,4.576,7.407,12.871,0.000,0.000,0.1760
191.510,-88.778,26.611,0.327,4.560,7.452,12.897,0.000,0.000,0.1840
191.520,-88.732,26.671,0.327,4.542,7.498,12.922,0.000,0.000,0.1920
191.530,-88.687,26.730,0.327,4.522,7.543,12.948,0.000,0.000,0.2000
191.540,-88.642,26.789,0.327,4.502,7.588,12.974,0.000,0.000,0.2080
191.550,-88.597,26.847,0.326,4.524,7.633,13.000,0.000,0.000,0.2160
191.560,-88.552,26.906,0.326,4.504,7.678,13.025,0.000,0.000,0.2240
191.570,-88.507,26.964,0.326,4.534,7.723,13.052,0.000,0.000,0.2320
191.580,-88.461,27.022,0.325,4.555,7.769,13.078,0.000,0.000,0.2400
191.590,-88.415,27.080,0.324,4.567,7.815,13.105,0.000,0.000,0.2480
191.600,-88.370,27.138,0.324,4.574,7.860,13.132,0.000,0.000,0.2560
191.610,-88.324,27.195,0.323,4.577,7.906,13.159,0.000,0.000,0.2640
191.620,-88.278,27.252,0.323,4.576,7.952,13.187,0.000,0.000,0.2720
191.630,-88.232,27.308,0.322,4.574,7.998,13.214,0.000,0.000,0.2800
191.640,-88.187,27.364,0.322,4.573,8.043,13.241,0.000,0.000,0.2880
191.650,-88.141,27.419,0.322,4.570,8.089,13.268,0.000,0.000,0.2960
191.660,-88.095,27.472,0.322,4.552,8.135,13.295,0.000,0.000,0.3040
191.670,-88.050,27.525,0.322,4.514,8.180,13.322,0.000,0.000,0.3120
191.680,-88.006,27.576,0.322,4.477,8.224,13.348,0.000,0.000,0.3200
191.690,-87.962,27.627,0.323,4.399,8.268,13.374,0.000,0.000,0.3280
191.700,-87.919,27.676,0.324,4.290,8.311,13.399,0.000,0.000,0.3360
191.710,-87.876,27.725,0.325,4.276,8.354,13.424,0.000,0.000,0.3440
191.720,-87.833,27.773,0.326,4.278,8.397,13.450,0.000,0.000,0.3520
191.730,-87.790,27.820,0.326,4.285,8.440,13.475,0.000,0.000,0.3600
191.740,-87.747,27.867,0.327,4.292,8.483,13.501,0.000,0.000,0.3680
191.750,-87.704,27.913,0.328,4.298,8.526,13.527,0.000,0.000,0.3760
191.760,-87.661,27.959,0.328,4.301,8.569,13.553,0.000,0.000,0.3840
191.770,-87.618,28.004,0.329,4.301,8.612,13.579,0.000,0.000,0.3920
191.780,-87.575,28.048,0.329,4.297,8.655,13.605,0.000,0.000,0.4000
191.790,-87.533,28.092,0.329,4.287,8.698,13.632,0.000,0.000,0.4080
191.800,-87.490,28.135,0.329,4.275,8.740,13.658,0.000,0.000,0.4160
191.810,-87.447,28.178,0.329,4.261,8.783,13.685,0.000,0.000,0.3860
191.820,-87.405,28.220,0.329,4.253,8.825,13.711,0.000,0.000,0.3560
191.830,-87.362,28.262,0.329,4.246,8.868,13.738,0.000,0.000,0.3260
191.840,-87.320,28.303,0.329,4.244,8.910,13.765,0.000,0.000,0.2960
191.850,-87.277,28.343,0.329,4.248,8.953,13.792,0.000,0.000,0.2660
191.860,-87.235,28.383,0.329,4.256,8.995,13.819,0.000,0.000,0.2360
191.870,-87.192,28.423,0.328,4.268,9.038,13.847,0.000,0.000,0.2060
191.880,-87.149,28.463,0.328,4.265,9.081,13.874,0.000,0.000,0.1760
191.890,-87.107,28.501,0.327,4.268,9.123,13.902,0.000,0.000,0.1460
191.900,-87.064,28.540,0.326,4.263,9.166,13.929,0.000,0.000,0.1160
191.910,-87.022,28.578,0.326,4.253,9.208,13.957,0.000,0.000,0.0860
191.920,-86.979,28.616,0.325,4.245,9.251,13.985,0.000,0.000,0.0560
191.930,-86.937,28.653,0.325,4.240,9.293,14.013,0.000,0.000,0.0260
191.940,-86.894,28.690,0.324,4.237,9.336,14.041,0.000,0.000,0.0000
191.950,-86.852,28.726,0.324,4.236,9.378,14.069,0.000,0.000,0.0000
191.960,-86.810,28.763,0.323,4.242,9.420,14.097,0.000,0.000,0.0000
191.970,-86.767,28.799,0.323,4.251,9.463,14.125,0.000,0.000,0.0000
191.980,-86.725,28.835,0.322,4.260,9.506,14.153,0.000,0.000,0.0000
191.990,-86.682,28.871,0.321,4.265,9.548,14.182,0.000,0.000,0.0000
192.000,-86.639,28.907,0.321,4.266,9.591,14.210,0.000,0.000,0.0000
192.010,-86.597,28.943,0.320,4.262,9.633,14.239,0.000,0.000,0.0000
192.020,-86.554,28.979,0.319,4.253,9.676,14.267,0.000,0.000,0.0000
192.030,-86.512,29.014,0.319,4.240,9.718,14.296,0.000,0.000,0.0000
192.040,-86.469,29.049,0.319,4.223,9.761,14.324,0.000,0.000,0.0000
192.050,-86.427,29.084,0.318,4.202,9.803,14.352,0.000,0.000,0.0000
192.060,-86.386,29.119,0.318,4.179,9.844,14.380,0.000,0.000,0.0000
192.070,-86.344,29.153,0.318,4.163,9.886,14.408,0.000,0.000,0.0000
192.080,-86.303,29.187,0.318,4.145,9.927,14.436,0.000,0.000,0.0000
192.090,-86.261,29.221,0.318,4.136,9.969,14.464,0.000,0.000,0.0000
192.100,-86.220,29.255,0.318,4.125,10.010,14.492,0.000,0.000,0.0000
192.110,-86.179,29.289,0.318,4.110,10.051,14.520,0.000,0.000,0.0000
192.120,-86.138,29.322,0.318,4.091,10.092,14.547,0.000,0.000,0.0000
192.130,-86.097,29.355,0.318,4.069,10.133,14.575,0.000,0.000,0.0000
192.140,-86.057,29.388,0.318,4.046,10.173,14.602,0.000,0.000,0.0000
192.150,-86.017,29.421,0.319,4.020,10.213,14.629,0.000,0.000,0.0000
192.160,-85.977,29.453,0.319,3.994,10.253,14.656,0.000,0.000,0.0080
192.170,-85.937,29.486,0.319,3.964,10.293,14.683,0.000,0.000,0.0160
192.180,-85.898,29.518,0.320,3.932,10.332,14.710,0.000,0.000,0.0240
192.190,-85.859,29.549,0.320,3.898,10.371,14.736,0.000,0.000,0.0320
192.200,-85.820,29.581,0.321,3.863,10.410,14.763,0.000,0.000,0.0400
192.210,-85.782,29.612,0.321,3.827,10.448,14.789,0.000,0.000,0.0480
192.220,-85.744,29.642,0.322,3.791,10.486,14.814,0.000,0.000,0.0560
192.230,-85.706,29.673,0.322,3.754,10.524,14.840,0.000,0.000,0.0640
192.240,-85.669,29.703,0.323,3.718,10.561,14.865,0.000,0.000,0.0720
192.250,-85.632,29.733,0.323,3.681,10.598,14.891,0.000,0.000,0.0800
192.260,-85.596,29.763,0.324,3.643,10.634,14.916,0.000,0.000,0.0500
192.270,-85.560,29.792,0.324,3.615,10.670,14.941,0.000,0.000,0.0200
192.280,-85.524,29.821,0.325,3.595,10.706,14.965,0.040,0.000,0.0000
192.290,-85.488,29.850,0.325,3.578,10.742,14.990,0.080,0.000,0.0000
192.300,-85.453,29.879,0.325,3.556,10.778,15.015,0.120,0.000,0.0000
192.310,-85.417,29.907,0.326,3.519,10.813,15.040,0.160,0.000,0.0000
192.320,-85.383,29.935,0.326,3.480,10.848,15.064,0.200,0.000,0.0000
192.330,-85.348,29.963,0.326,3.427,10.882,15.088,0.240,0.000,0.0000
192.340,-85.314,29.991,0.326,3.380,10.916,15.112,0.280,0.000,0.0000
192.350,-85.281,30.018,0.326,3.341,10.949,15.135,0.320,0.000,0.0000
192.360,-85.248,30.045,0.327,3.309,10.982,15.159,0.360,0.000,0.0000
192.370,-85.215,30.072,0.327,3.280,11.015,15.182,0.400,0.000,0.0000
192.380,-85.182,30.098,0.327,3.273,11.048,15.205,0.440,0.000,0.0000
192.390,-85.150,30.125,0.326,3.283,11.080,15.229,0.480,0.000,0.0000
192.400,-85.117,30.152,0.326,3.306,11.113,15.253,0.520,0.000,0.0000
192.410,-85.083,30.179,0.325,3.336,11.147,15.277,0.560,0.000,0.0000
192.420,-85.050,30.206,0.324,3.371,11.181,15.302,0.600,0.000,0.0000
192.430,-85.015,30.234,0.323,3.408,11.215,15.327,0.640,0.000,0.0000
192.440,-84.981,30.261,0.322,3.445,11.249,15.352,0.680,0.000,0.0000
192.450,-84.946,30.289,0.321,3.481,11.284,15.378,0.720,0.000,0.0000
192.460,-84.911,30.318,0.320,3.517,11.319,15.404,0.760,0.000,0.0000
192.470,-84.876,30.346,0.318,3.553,11.354,15.431,0.800,0.000,0.0000
192.480,-84.840,30.375,0.317,3.587,11.390,15.458,0.840,0.000,0.0000
192.490,-84.804,30.404,0.316,3.621,11.426,15.485,0.880,0.000,0.0000
192.500,-84.767,30.434,0.314,3.655,11.463,15.512,0.920,0.000,0.0000
192.510,-84.730,30.463,0.313,3.687,11.500,15.540,0.960,0.000,0.0000
192.520,-84.693,30.493,0.311,3.720,11.537,15.568,1.000,0.000,0.0000
192.530,-84.656,30.523,0.310,3.751,11.574,15.596,1.000,0.000,0.0000
192.540,-84.618,30.553,0.309,3.782,11.612,15.624,1.000,0.000,0.0000
192.550,-84.580,30.583,0.308,3.813,11.650,15.652,1.000,0.000,0.0000
192.560,-84.541,30.614,0.307,3.843,11.689,15.681,1.000,0.000,0.0000
192.570,-84.503,30.645,0.306,3.868,11.727,15.710,1.000,0.000,0.0080
192.580,-84.464,30.676,0.306,3.897,11.766,15.739,1.000,0.000,0.0160
192.590,-84.424,30.707,0.305,3.928,11.806,15.768,1.000,0.000,0.0240
192.600,-84.385,30.739,0.305,3.949,11.845,15.797,0.940,0.000,0.0320
192.610,-84.345,30.770,0.305,3.974,11.885,15.827,0.880,0.000,0.0400
192.620,-84.305,30.802,0.305,4.003,11.925,15.856,0.820,0.000,0.0480
192.630,-84.265,30.834,0.305,4.035,11.965,15.886,0.760,0.000,0.0560
192.640,-84.224,30.866,0.305,4.070,12.006,15.916,0.700,0.000,0.0640
192.650,-84.183,30.899,0.305,4.105,12.047,15.946,0.640,0.000,0.0720
192.660,-84.141,30.932,0.305,4.141,12.089,15.977,0.580,0.000,0.0800
192.670,-84.100,30.965,0.305,4.177,12.130,16.008,0.520,0.000,0.0880
192.680,-84.058,30.998,0.306,4.212,12.172,16.039,0.460,0.000,0.0960
192.690,-84.015,31.032,0.306,4.228,12.215,16.070,0.400,0.000,0.1040
192.700,-83.973,31.065,0.306,4.227,12.257,16.101,0.340,0.000,0.1120
192.710,-83.931,31.098,0.307,4.213,12.299,16.132,0.280,0.000,0.1200
192.720,-83.889,31.131,0.308,4.189,12.341,16.163,0.220,0.000,0.1280
192.730,-83.847,31.164,0.309,4.160,12.383,16.194,0.160,0.000,0.1360
192.740,-83.806,31.196,0.310,4.128,12.424,16.224,0.100,0.000,0.1440
192.750,-83.765,31.228,0.312,4.094,12.465,16.254,0.040,0.000,0.1520
192.760,-83.725,31.260,0.313,4.060,12.505,16.283,0.000,0.000,0.1600
192.770,-83.685,31.292,0.315,4.025,12.546,16.313,0.000,0.000,0.1680
192.780,-83.645,31.323,0.316,3.989,12.585,16.342,0.000,0.000,0.1760
192.790,-83.605,31.353,0.318,3.952,12.625,16.371,0.000,0.000,0.1840
192.800,-83.566,31.384,0.319,3.929,12.664,16.399,0.000,0.000,0.1920
192.810,-83.527,31.414,0.321,3.908,12.703,16.428,0.000,0.000,0.2000
192.820,-83.488,31.444,0.322,3.886,12.742,16.457,0.000,0.000,0.2080
192.830,-83.449,31.474,0.323,3.893,12.781,16.485,0.000,0.000,0.2160
192.840,-83.410,31.504,0.324,3.892,12.820,16.514,0.000,0.000,0.2240
192.850,-83.371,31.533,0.325,3.881,12.859,16.543,0.000,0.000,0.2320
192.860,-83.333,31.562,0.326,3.865,12.897,16.572,0.000,0.000,0.2400
192.870,-83.294,31.591,0.327,3.844,12.936,16.601,0.000,0.000,0.2480
192.880,-83.256,31.620,0.327,3.820,12.974,16.630,0.000,0.000,0.2560
192.890,-83.218,31.648,0.328,3.795,13.012,16.659,0.000,0.000,0.2640
192.900,-83.180,31.676,0.328,3.769,13.050,16.688,0.000,0.000,0.2720
192.910,-83.143,31.704,0.329,3.743,13.087,16.716,0.000,0.000,0.2800
192.920,-83.106,31.731,0.329,3.717,13.124,16.745,0.000,0.000,0.2880
192.930,-83.069,31.758,0.329,3.690,13.161,16.773,0.000,0.000,0.2960
192.940,-83.032,31.785,0.329,3.663,13.198,16.801,0.000,0.000,0.3040
192.950,-82.996,31.811,0.329,3.636,13.234,16.829,0.000,0.000,0.3120
192.960,-82.960,31.836,0.329,3.608,13.270,16.857,0.000,0.000,0.3200
192.970,-82.924,31.861,0.329,3.580,13.306,16.885,0.000,0.000,0.3280
192.980,-82.889,31.886,0.329,3.552,13.341,16.912,0.000,0.000,0.3360
192.990,-82.853,31.910,0.329,3.523,13.377,16.940,0.000,0.000,0.3440
193.000,-82.818,31.934,0.329,3.494,13.412,16.967,0.000,0.000,0.3520
193.010,-82.784,31.958,0.329,3.464,13.446,16.994,0.000,0.000,0.3600
193.020,-82.750,31.980,0.329,3.407,13.480,17.021,0.000,0.000,0.3680
193.030,-82.716,32.002,0.329,3.347,13.514,17.047,0.000,0.000,0.3760
193.040,-82.683,32.023,0.329,3.294,13.547,17.072,0.000,0.000,0.3840
193.050,-82.651,32.044,0.329,3.252,13.579,17.098,0.000,0.000,0.3920
193.060,-82.619,32.064,0.329,3.217,13.611,17.123,0.000,0.000,0.4000
193.070,-82.587,32.084,0.329,3.186,13.643,17.148,0.000,0.000,0.4080
193.080,-82.555,32.103,0.329,3.151,13.675,17.173,0.000,0.000,0.4160
193.090,-82.525,32.122,0.328,3.061,13.705,17.197,0.000,0.000,0.4240
193.100,-82.495,32.141,0.328,2.988,13.735,17.220,0.000,0.000,0.4320
193.110,-82.465,32.159,0.329,2.930,13.765,17.243,0.000,0.000,0.4400
193.120,-82.437,32.177,0.329,2.883,13.793,17.266,0.000,0.000,0.4480
193.130,-82.408,32.194,0.329,2.844,13.822,17.288,0.000,0.000,0.4560
193.140,-82.380,32.211,0.328,2.809,13.850,17.310,0.000,0.000,0.4640
193.150,-82.352,32.227,0.328,2.777,13.878,17.332,0.000,0.000,0.4720
193.160,-82.325,32.243,0.328,2.745,13.905,17.354,0.000,0.000,0.4800
193.170,-82.298,32.259,0.328,2.713,13.932,17.375,0.000,0.000,0.4880
193.180,-82.271,32.275,0.328,2.680,13.959,17.397,0.000,0.000,0.4960
193.190,-82.244,32.290,0.327,2.647,13.986,17.418,0.000,0.000,0.5000
193.200,-82.218,32.305,0.327,2.613,14.012,17.439,0.000,0.000,0.5000
193.210,-82.193,32.320,0.327,2.581,14.037,17.459,0.000,0.000,0.5000
193.220,-82.167,32.334,0.326,2.551,14.063,17.480,0.000,0.000,0.5000
193.230,-82.142,32.348,0.326,2.521,14.088,17.500,0.000,0.000,0.5000
193.240,-82.117,32.362,0.325,2.492,14.113,17.520,0.000,0.000,0.5000
193.250,-82.092,32.376,0.325,2.463,14.138,17.540,0.000,0.000,0.5000
193.260,-82.068,32.389,0.325,2.435,14.162,17.559,0.000,0.000,0.5000
193.270,-82.044,32.402,0.324,2.406,14.186,17.578,0.000,0.000,0.5000
193.280,-82.020,32.415,0.324,2.378,14.210,17.598,0.000,0.000,0.5000
193.290,-81.997,32.427,0.323,2.350,14.233,17.617,0.000,0.000,0.5000
193.300,-81.973,32.440,0.323,2.322,14.257,17.635,0.000,0.000,0.5000
193.310,-81.950,32.452,0.323,2.294,14.280,17.654,0.000,0.000,0.5000
193.320,-81.928,32.463,0.322,2.267,14.302,17.672,0.000,0.000,0.5000
193.330,-81.905,32.475,0.322,2.239,14.325,17.690,0.000,0.000,0.5000
193.340,-81.883,32.486,0.322,2.211,14.347,17.708,0.000,0.000,0.5000
193.350,-81.861,32.497,0.321,2.183,14.369,17.725,0.000,0.000,0.5000
193.360,-81.840,32.508,0.321,2.156,14.390,17.743,0.000,0.000,0.5000
193.370,-81.819,32.518,0.321,2.128,14.411,17.760,0.000,0.000,0.5000
193.380,-81.798,32.528,0.321,2.100,14.432,17.777,0.040,0.000,0.5000
193.390,-81.777,32.538,0.321,2.072,14.453,17.793,0.080,0.000,0.5000
193.400,-81.756,32.548,0.321,2.051,14.474,17.810,0.120,0.000,0.4700
193.410,-81.736,32.558,0.321,2.031,14.494,17.826,0.160,0.000,0.4400
193.420,-81.716,32.567,0.321,2.016,14.514,17.842,0.200,0.000,0.4100
193.430,-81.696,32.577,0.321,2.002,14.534,17.858,0.240,0.000,0.3800
193.440,-81.676,32.586,0.320,2.005,14.554,17.874,0.280,0.000,0.3500
193.450,-81.656,32.595,0.320,2.025,14.574,17.891,0.320,0.000,0.3200
193.460,-81.635,32.604,0.320,2.059,14.595,17.907,0.360,0.000,0.2900
193.470,-81.614,32.613,0.319,2.102,14.616,17.925,0.400,0.000,0.2600
193.480,-81.593,32.623,0.319,2.143,14.637,17.942,0.440,0.000,0.2300
193.490,-81.571,32.632,0.318,2.134,14.659,17.960,0.480,0.000,0.2000
193.500,-81.550,32.641,0.318,2.132,14.680,17.977,0.520,0.000,0.1700
193.510,-81.528,32.651,0.317,2.144,14.702,17.994,0.560,0.000,0.1400
193.520,-81.507,32.660,0.317,2.169,14.723,18.012,0.600,0.000,0.1100
193.530,-81.485,32.669,0.316,2.205,14.745,18.030,0.640,0.000,0.0800
193.540,-81.462,32.679,0.316,2.248,14.768,18.049,0.680,0.000,0.0500
193.550,-81.439,32.689,0.315,2.296,14.791,18.068,0.720,0.000,0.0200
193.560,-81.416,32.698,0.314,2.346,14.814,18.087,0.760,0.000,0.0000
193.570,-81.392,32.708,0.314,2.401,14.838,18.107,0.800,0.000,0.0000
193.580,-81.367,32.719,0.313,2.465,14.863,18.127,0.840,0.000,0.0000
193.590,-81.342,32.729,0.312,2.533,14.888,18.148,0.880,0.000,0.0000
193.600,-81.316,32.740,0.311,2.604,14.914,18.170,0.820,0.000,0.0000
193.610,-81.289,32.750,0.310,2.673,14.941,18.192,0.760,0.000,0.0000
193.620,-81.262,32.762,0.309,2.741,14.968,18.214,0.700,0.000,0.0000
193.630,-81.234,32.773,0.308,2.805,14.996,18.238,0.640,0.000,0.0000
193.640,-81.205,32.785,0.307,2.866,15.025,18.261,0.580,0.000,0.0000
193.650,-81.176,32.796,0.306,2.924,15.054,18.286,0.520,0.000,0.0000
193.660,-81.146,32.808,0.306,2.980,15.084,18.310,0.460,0.000,0.0000
193.670,-81.116,32.820,0.305,3.033,15.114,18.335,0.400,0.000,0.0000
193.680,-81.085,32.833,0.304,3.084,15.145,18.361,0.340,0.000,0.0000
193.690,-81.054,32.845,0.304,3.134,15.176,18.386,0.280,0.000,0.0000
193.700,-81.022,32.858,0.304,3.159,15.208,18.412,0.220,0.000,0.0000
193.710,-80.990,32.871,0.304,3.163,15.240,18.438,0.160,0.000,0.0000
193.720,-80.959,32.883,0.304,3.152,15.271,18.464,0.100,0.000,0.0000
193.730,-80.928,32.896,0.304,3.131,15.302,18.489,0.040,0.000,0.0000
193.740,-80.897,32.908,0.305,3.103,15.333,18.514,0.000,0.000,0.0000
193.750,-80.866,32.920,0.306,3.072,15.364,18.538,0.000,0.000,0.0000
193.760,-80.835,32.932,0.307,3.039,15.395,18.563,0.000,0.000,0.0000
193.770,-80.805,32.944,0.308,3.005,15.425,18.586,0.000,0.000,0.0000
193.780,-80.776,32.956,0.309,2.971,15.454,18.610,0.000,0.000,0.0000
193.790,-80.746,32.968,0.311,2.941,15.484,18.633,0.000,0.000,0.0000
193.800,-80.717,32.979,0.312,2.910,15.513,18.656,0.000,0.000,0.0000
193.810,-80.689,32.991,0.314,2.879,15.541,18.679,0.000,0.000,0.0000
193.820,-80.660,33.002,0.316,2.846,15.570,18.701,0.000,0.000,0.0000
193.830,-80.632,33.013,0.317,2.811,15.598,18.723,0.000,0.000,0.0000
193.840,-80.604,33.024,0.319,2.774,15.626,18.745,0.000,0.000,0.0000
193.850,-80.577,33.035,0.320,2.736,15.653,18.766,0.000,0.000,0.0000
193.860,-80.550,33.045,0.322,2.701,15.680,18.788,0.000,0.000,0.0000
193.870,-80.524,33.056,0.323,2.665,15.707,18.809,0.000,0.000,0.0000
193.880,-80.497,33.066,0.325,2.627,15.733,18.830,0.000,0.000,0.0000
193.890,-80.471,33.076,0.326,2.590,15.759,18.850,0.000,0.000,0.0000
193.900,-80.446,33.086,0.327,2.551,15.784,18.871,0.000,0.000,0.0000
193.910,-80.421,33.095,0.328,2.512,15.809,18.891,0.000,0.000,0.0000
193.920,-80.396,33.105,0.329,2.473,15.834,18.911,0.000,0.000,0.0000
193.930,-80.372,33.114,0.329,2.433,15.858,18.930,0.000,0.000,0.0000
193.940,-80.348,33.124,0.330,2.393,15.882,18.950,0.000,0.000,0.0000
193.950,-80.324,33.133,0.330,2.353,15.906,18.969,0.000,0.000,0.0000
193.960,-80.301,33.142,0.331,2.313,15.929,18.988,0.040,0.000,0.0000
193.970,-80.278,33.151,0.331,2.273,15.952,19.007,0.080,0.000,0.0000
193.980,-80.256,33.159,0.331,2.233,15.974,19.025,0.120,0.000,0.0000
193.990,-80.234,33.168,0.331,2.193,15.996,19.043,0.160,0.000,0.0000
194.000,-80.213,33.176,0.331,2.154,16.017,19.061,0.200,0.000,0.0000
194.010,-80.191,33.184,0.331,2.127,16.039,19.079,0.240,0.000,0.0000
194.020,-80.170,33.193,0.330,2.121,16.060,19.097,0.280,0.000,0.0000
194.030,-80.149,33.201,0.330,2.131,16.081,19.115,0.320,0.000,0.0000
194.040,-80.127,33.209,0.329,2.154,16.103,19.133,0.360,0.000,0.0000
194.050,-80.106,33.218,0.328,2.185,16.125,19.152,0.400,0.000,0.0000
194.060,-80.083,33.227,0.326,2.221,16.147,19.171,0.440,0.000,0.0000
194.070,-80.061,33.236,0.325,2.259,16.169,19.190,0.480,0.000,0.0000
194.080,-80.038,33.245,0.323,2.297,16.192,19.210,0.520,0.000,0.0000
194.090,-80.015,33.254,0.322,2.335,16.215,19.230,0.560,0.000,0.0000
194.100,-79.991,33.263,0.320,2.373,16.239,19.251,0.600,0.000,0.0000
194.110,-79.967,33.273,0.318,2.411,16.263,19.272,0.640,0.000,0.0000
194.120,-79.942,33.283,0.317,2.448,16.288,19.293,0.680,0.000,0.0000
194.130,-79.918,33.292,0.315,2.486,16.312,19.315,0.720,0.000,0.0000
194.140,-79.892,33.302,0.313,2.524,16.338,19.337,0.760,0.000,0.0000
194.150,-79.867,33.312,0.312,2.561,16.363,19.359,0.800,0.000,0.0000
194.160,-79.841,33.323,0.310,2.599,16.389,19.381,0.840,0.000,0.0000
194.170,-79.815,33.333,0.309,2.637,16.415,19.404,0.880,0.000,0.0000
194.180,-79.788,33.344,0.308,2.676,16.442,19.427,0.920,0.000,0.0000
194.190,-79.761,33.354,0.307,2.714,16.469,19.450,0.960,0.000,0.0000
194.200,-79.733,33.365,0.306,2.752,16.497,19.474,1.000,0.000,0.0000
194.210,-79.705,33.376,0.305,2.790,16.525,19.498,1.000,0.000,0.0000
194.220,-79.677,33.387,0.304,2.828,16.553,19.522,1.000,0.000,0.0000
194.230,-79.648,33.399,0.304,2.866,16.582,19.546,1.000,0.000,0.0000
194.240,-79.619,33.410,0.303,2.904,16.611,19.570,1.000,0.000,0.0000
194.250,-79.590,33.421,0.303,2.941,16.640,19.595,1.000,0.000,0.0000
194.260,-79.560,33.433,0.303,2.979,16.670,19.620,1.000,0.000,0.0000
194.270,-79.530,33.445,0.303,3.018,16.700,19.646,1.000,0.000,0.0000
194.280,-79.499,33.457,0.303,3.056,16.731,19.671,1.000,0.000,0.0000
194.290,-79.469,33.469,0.303,3.095,16.761,19.697,1.000,0.000,0.0000
194.300,-79.437,33.481,0.303,3.134,16.793,19.723,1.000,0.000,0.0000
194.310,-79.405,33.494,0.304,3.171,16.825,19.750,1.000,0.000,0.0000
194.320,-79.373,33.506,0.304,3.209,16.857,19.776,1.000,0.000,0.0000
194.330,-79.341,33.519,0.305,3.247,16.889,19.803,1.000,0.000,0.0000
194.340,-79.308,33.532,0.305,3.287,16.922,19.831,1.000,0.000,0.0000
194.350,-79.275,33.545,0.306,3.327,16.955,19.858,1.000,0.000,0.0000
194.360,-79.241,33.558,0.306,3.368,16.989,19.886,1.000,0.000,0.0000
194.370,-79.207,33.571,0.307,3.409,17.023,19.915,1.000,0.000,0.0000
194.380,-79.173,33.585,0.308,3.449,17.057,19.944,1.000,0.000,0.0000
194.390,-79.138,33.599,0.308,3.489,17.092,19.973,1.000,0.000,0.0000
194.400,-79.102,33.612,0.309,3.529,17.128,20.002,1.000,0.000,0.0000
194.410,-79.067,33.626,0.309,3.568,17.163,20.032,1.000,0.000,0.0000
194.420,-79.031,33.640,0.310,3.607,17.199,20.062,1.000,0.000,0.0000
194.430,-78.994,33.655,0.310,3.646,17.236,20.093,1.000,0.000,0.0000
194.440,-78.957,33.669,0.311,3.684,17.273,20.124,1.000,0.000,0.0000
194.450,-78.920,33.684,0.311,3.722,17.310,20.155,1.000,0.000,0.0000
194.460,-78.883,33.698,0.311,3.759,17.348,20.187,1.000,0.000,0.0000
194.470,-78.845,33.713,0.312,3.796,17.385,20.219,1.000,0.000,0.0000
194.480,-78.806,33.728,0.312,3.833,17.424,20.251,1.000,0.000,0.0000
194.490,-78.768,33.743,0.312,3.869,17.462,20.284,1.000,0.000,0.0000
194.500,-78.728,33.759,0.312,3.904,17.502,20.317,1.000,0.000,0.0000
194.510,-78.689,33.774,0.312,3.939,17.541,20.351,1.000,0.000,0.0000
194.520,-78.649,33.790,0.312,3.973,17.581,20.384,1.000,0.000,0.0000
194.530,-78.609,33.805,0.312,4.007,17.621,20.419,1.000,0.000,0.0000
194.540,-78.569,33.821,0.313,4.036,17.661,20.453,1.000,0.000,0.0000
194.550,-78.528,33.837,0.313,4.068,17.702,20.488,1.000,0.000,0.0000
194.560,-78.487,33.853,0.313,4.102,17.743,20.523,1.000,0.000,0.0000
194.570,-78.446,33.869,0.312,4.137,17.784,20.558,1.000,0.000,0.0000
194.580,-78.404,33.885,0.312,4.173,17.826,20.594,1.000,0.000,0.0000
194.590,-78.362,33.901,0.312,4.210,17.868,20.630,1.000,0.000,0.0000
194.600,-78.320,33.918,0.312,4.242,17.910,20.666,1.000,0.000,0.0000
194.610,-78.277,33.934,0.312,4.270,17.953,20.703,1.000,0.000,0.0000
194.620,-78.234,33.951,0.312,4.313,17.996,20.740,1.000,0.000,0.0000
194.630,-78.190,33.968,0.312,4.357,18.040,20.777,1.000,0.000,0.0000
194.640,-78.146,33.985,0.312,4.402,18.084,20.815,1.000,0.000,0.0000
194.650,-78.102,34.002,0.311,4.446,18.128,20.853,1.000,0.000,0.0000
194.660,-78.057,34.019,0.311,4.490,18.173,20.892,1.000,0.000,0.0080
194.670,-78.012,34.037,0.311,4.530,18.218,20.931,1.000,0.000,0.0160
194.680,-77.966,34.054,0.311,4.567,18.264,20.970,1.000,0.000,0.0240
194.690,-77.920,34.072,0.310,4.603,18.310,21.010,1.000,0.000,0.0320
194.700,-77.873,34.090,0.310,4.637,18.357,21.050,1.000,0.000,0.0400
194.710,-77.827,34.108,0.310,4.670,18.403,21.090,1.000,0.000,0.0480
194.720,-77.780,34.126,0.310,4.702,18.450,21.131,1.000,0.000,0.0560
194.730,-77.732,34.145,0.310,4.734,18.498,21.172,1.000,0.000,0.0640
194.740,-77.685,34.163,0.310,4.765,18.545,21.213,1.000,0.000,0.0720
194.750,-77.637,34.182,0.310,4.796,18.593,21.254,1.000,0.000,0.0800
194.760,-77.589,34.201,0.309,4.826,18.641,21.296,1.000,0.000,0.0880
194.770,-77.540,34.219,0.310,4.855,18.690,21.338,1.000,0.000,0.0960
194.780,-77.491,34.238,0.310,4.883,18.739,21.380,1.000,0.000,0.1040
194.790,-77.442,34.258,0.310,4.926,18.788,21.423,1.000,0.000,0.1120
194.800,-77.392,34.277,0.310,4.957,18.838,21.466,0.940,0.000,0.1200
194.810,-77.342,34.296,0.310,5.002,18.888,21.509,0.880,0.000,0.1280
194.820,-77.292,34.316,0.310,5.047,18.938,21.553,0.820,0.000,0.1360
194.830,-77.241,34.335,0.310,5.089,18.989,21.597,0.760,0.000,0.1440
194.840,-77.189,34.355,0.310,5.158,19.041,21.642,0.700,0.000,0.1520
194.850,-77.138,34.375,0.310,5.176,19.092,21.687,0.640,0.000,0.1600
194.860,-77.085,34.395,0.310,5.247,19.145,21.733,0.580,0.000,0.1680
194.870,-77.032,34.415,0.310,5.314,19.198,21.779,0.520,0.000,0.1760
194.880,-76.978,34.435,0.309,5.362,19.252,21.826,0.460,0.000,0.1840
194.890,-76.925,34.455,0.309,5.385,19.305,21.873,0.400,0.000,0.1920
194.900,-76.871,34.475,0.310,5.387,19.359,21.920,0.340,0.000,0.2000
194.910,-76.817,34.495,0.310,5.373,19.413,21.967,0.280,0.000,0.2080
194.920,-76.763,34.515,0.310,5.349,19.467,22.013,0.220,0.000,0.2160
194.930,-76.710,34.534,0.311,5.318,19.520,22.059,0.160,0.000,0.2240
194.940,-76.657,34.553,0.312,5.284,19.573,22.105,0.100,0.000,0.2320
194.950,-76.605,34.572,0.312,5.248,19.625,22.151,0.040,0.000,0.2400
194.960,-76.553,34.590,0.314,5.212,19.677,22.196,0.000,0.000,0.2100
194.970,-76.501,34.608,0.315,5.163,19.729,22.240,0.000,0.000,0.1800
194.980,-76.450,34.626,0.316,5.105,19.780,22.285,0.000,0.000,0.1500
194.990,-76.400,34.643,0.317,5.036,19.830,22.328,0.000,0.000,0.1200
195.000,-76.350,34.660,0.319,4.974,19.880,22.371,0.000,0.000,0.0900
195.010,-76.301,34.676,0.320,4.923,19.929,22.413,0.000,0.000,0.0600
195.020,-76.252,34.692,0.322,4.880,19.978,22.456,0.000,0.000,0.0300
195.030,-76.204,34.708,0.323,4.845,20.026,22.498,0.000,0.000,0.0000
195.040,-76.156,34.724,0.325,4.813,20.074,22.539,0.000,0.000,0.0000
195.050,-76.108,34.739,0.326,4.784,20.122,22.581,0.000,0.000,0.0000
195.060,-76.060,34.755,0.327,4.785,20.170,22.623,0.000,0.000,0.0000
195.070,-76.012,34.770,0.327,4.779,20.218,22.664,0.000,0.000,0.0000
195.080,-75.965,34.784,0.328,4.763,20.265,22.706,0.000,0.000,0.0000
195.090,-75.917,34.799,0.328,4.739,20.313,22.748,0.000,0.000,0.0000
195.100,-75.870,34.814,0.329,4.707,20.360,22.789,0.000,0.000,0.0000
195.110,-75.823,34.828,0.329,4.671,20.407,22.830,0.000,0.000,0.0000
195.120,-75.777,34.842,0.329,4.633,20.453,22.871,0.000,0.000,0.0000
195.130,-75.731,34.856,0.329,4.592,20.499,22.912,0.000,0.000,0.0000
195.140,-75.686,34.870,0.329,4.551,20.544,22.952,0.000,0.000,0.0000
195.150,-75.641,34.884,0.329,4.509,20.590,22.992,0.000,0.000,0.0000
195.160,-75.596,34.897,0.329,4.468,20.634,23.032,0.000,0.000,0.0000
195.170,-75.552,34.911,0.329,4.426,20.678,23.071,0.000,0.000,0.0000
195.180,-75.508,34.924,0.329,4.384,20.722,23.110,0.000,0.000,0.0000
195.190,-75.464,34.938,0.328,4.342,20.766,23.149,0.000,0.000,0.0000
195.200,-75.421,34.951,0.328,4.300,20.809,23.187,0.000,0.000,0.0000
195.210,-75.379,34.964,0.328,4.258,20.851,23.225,0.000,0.000,0.0000
195.220,-75.337,34.977,0.327,4.215,20.893,23.262,0.000,0.000,0.0000
195.230,-75.295,34.990,0.327,4.173,20.935,23.300,0.000,0.000,0.0000
195.240,-75.254,35.003,0.326,4.121,20.976,23.337,0.000,0.000,0.0000
195.250,-75.213,35.015,0.326,4.071,21.017,23.373,0.000,0.000,0.0000
195.260,-75.173,35.028,0.326,4.025,21.057,23.409,0.000,0.000,0.0000
195.270,-75.133,35.040,0.325,3.982,21.097,23.444,0.000,0.000,0.0000
195.280,-75.093,35.052,0.325,3.942,21.137,23.480,0.000,0.000,0.0000
195.290,-75.054,35.065,0.325,3.903,21.176,23.515,0.000,0.000,0.0000
195.300,-75.016,35.077,0.324,3.866,21.214,23.549,0.000,0.000,0.0000
195.310,-74.978,35.089,0.324,3.828,21.253,23.583,0.000,0.000,0.0000
195.320,-74.940,35.101,0.324,3.791,21.290,23.617,0.000,0.000,0.0000
195.330,-74.902,35.112,0.324,3.753,21.328,23.651,0.000,0.000,0.0000
195.340,-74.865,35.124,0.323,3.715,21.365,23.684,0.000,0.000,0.0000
195.350,-74.828,35.136,0.323,3.672,21.402,23.717,0.000,0.000,0.0000
195.360,-74.792,35.147,0.323,3.631,21.438,23.749,0.000,0.000,0.0000
195.370,-74.756,35.158,0.323,3.593,21.474,23.782,0.000,0.000,0.0000
195.380,-74.720,35.170,0.323,3.557,21.510,23.813,0.000,0.000,0.0000
195.390,-74.685,35.181,0.323,3.521,21.545,23.845,0.000,0.000,0.0000
195.400,-74.650,35.192,0.323,3.487,21.580,23.876,0.000,0.000,0.0000
195.410,-74.616,35.202,0.323,3.452,21.614,23.907,0.000,0.000,0.0000
195.420,-74.582,35.213,0.322,3.418,21.648,23.938,0.000,0.000,0.0000
195.430,-74.548,35.224,0.322,3.383,21.682,23.968,0.000,0.000,0.0000
195.440,-74.514,35.234,0.322,3.348,21.716,23.998,0.000,0.000,0.0000
195.450,-74.481,35.244,0.322,3.312,21.749,24.028,0.000,0.000,0.0000
195.460,-74.448,35.255,0.322,3.276,21.782,24.057,0.000,0.000,0.0000
195.470,-74.416,35.265,0.323,3.240,21.814,24.086,0.000,0.000,0.0000
195.480,-74.384,35.274,0.323,3.203,21.846,24.115,0.000,0.000,0.0000
195.490,-74.352,35.284,0.323,3.166,21.878,24.143,0.000,0.000,0.0000
195.500,-74.321,35.294,0.323,3.129,21.909,24.171,0.000,0.000,0.0000
195.510,-74.290,35.303,0.323,3.091,21.940,24.199,0.000,0.000,0.0000
195.520,-74.260,35.313,0.323,3.053,21.970,24.226,0.000,0.000,0.0000
195.530,-74.229,35.322,0.323,3.015,22.001,24.253,0.000,0.000,0.0000
195.540,-74.200,35.331,0.323,2.977,22.030,24.280,0.000,0.000,0.0000
195.550,-74.170,35.340,0.323,2.935,22.060,24.306,0.000,0.000,0.0000
195.560,-74.141,35.349,0.323,2.894,22.089,24.332,0.000,0.000,0.0000
195.570,-74.113,35.358,0.324,2.854,22.117,24.358,0.000,0.000,0.0000
195.580,-74.085,35.366,0.324,2.814,22.145,24.383,0.000,0.000,0.0000
195.590,-74.057,35.374,0.324,2.776,22.173,24.408,0.000,0.000,0.0000
195.600,-74.030,35.383,0.324,2.738,22.200,24.432,0.000,0.000,0.0000
195.610,-74.003,35.391,0.324,2.701,22.227,24.456,0.000,0.000,0.0000
195.620,-73.976,35.399,0.324,2.663,22.254,24.480,0.000,0.000,0.0000
195.630,-73.950,35.407,0.324,2.626,22.280,24.504,0.000,0.000,0.0000
195.640,-73.924,35.414,0.324,2.588,22.306,24.527,0.000,0.000,0.0000
195.650,-73.898,35.422,0.324,2.550,22.332,24.550,0.000,0.000,0.0000
195.660,-73.873,35.430,0.325,2.512,22.357,24.573,0.000,0.000,0.0000
195.670,-73.848,35.437,0.325,2.473,22.382,24.595,0.000,0.000,0.0000
195.680,-73.824,35.444,0.325,2.434,22.406,24.617,0.000,0.000,0.0000
195.690,-73.800,35.452,0.325,2.395,22.430,24.638,0.000,0.000,0.0000
195.700,-73.777,35.459,0.325,2.356,22.453,24.660,0.000,0.000,0.0000
195.710,-73.753,35.466,0.325,2.317,22.477,24.681,0.000,0.000,0.0000
195.720,-73.731,35.473,0.325,2.278,22.499,24.701,0.000,0.000,0.0000
195.730,-73.708,35.479,0.325,2.239,22.522,24.721,0.000,0.080,0.0000
195.740,-73.686,35.486,0.325,2.190,22.544,24.741,0.000,0.160,0.0000
195.750,-73.665,35.492,0.325,2.139,22.565,24.760,0.000,0.240,0.0000
195.760,-73.644,35.499,0.325,2.090,22.586,24.779,0.000,0.320,0.0000
195.770,-73.624,35.505,0.325,2.048,22.606,24.798,0.000,0.400,0.0000
195.780,-73.603,35.511,0.325,2.011,22.627,24.816,0.000,0.480,0.0000
195.790,-73.584,35.517,0.325,1.973,22.646,24.834,0.000,0.560,0.0000
195.800,-73.564,35.523,0.325,1.934,22.666,24.851,0.000,0.640,0.0000
195.810,-73.545,35.529,0.325,1.894,22.685,24.868,0.000,0.720,0.0000
195.820,-73.527,35.534,0.325,1.853,22.703,24.885,0.000,0.800,0.0000
195.830,-73.509,35.540,0.325,1.811,22.721,24.901,0.000,0.880,0.0000
195.840,-73.491,35.545,0.325,1.769,22.739,24.917,0.000,0.960,0.0000
195.850,-73.474,35.550,0.325,1.726,22.756,24.933,0.000,1.000,0.0000
195.860,-73.457,35.555,0.325,1.684,22.773,24.948,0.000,1.000,0.0000
195.870,-73.441,35.560,0.325,1.645,22.789,24.963,0.000,1.000,0.0000
195.880,-73.425,35.565,0.324,1.606,22.805,24.977,0.000,1.000,0.0000
195.890,-73.409,35.570,0.324,1.568,22.821,24.992,0.000,1.000,0.0000
195.900,-73.394,35.575,0.324,1.530,22.836,25.006,0.000,1.000,0.0000
195.910,-73.379,35.579,0.324,1.492,22.851,25.019,0.000,1.000,0.0000
195.920,-73.364,35.584,0.324,1.454,22.866,25.032,0.000,1.000,0.0000
195.930,-73.350,35.588,0.324,1.416,22.880,25.045,0.000,1.000,0.0000
195.940,-73.336,35.592,0.324,1.378,22.894,25.058,0.000,1.000,0.0000
195.950,-73.323,35.596,0.324,1.340,22.907,25.070,0.000,1.000,0.0000
195.960,-73.310,35.601,0.324,1.302,22.920,25.081,0.000,1.000,0.0000
195.970,-73.297,35.604,0.324,1.264,22.933,25.093,0.000,1.000,0.0000
195.980,-73.285,35.608,0.324,1.225,22.945,25.104,0.000,1.000,0.0000
195.990,-73.273,35.612,0.324,1.187,22.957,25.115,0.000,1.000,0.0000
196.000,-73.261,35.615,0.324,1.149,22.969,25.125,0.000,1.000,0.0000
196.010,-73.250,35.619,0.324,1.111,22.980,25.135,0.000,1.000,0.0000
196.020,-73.240,35.622,0.324,1.073,22.990,25.145,0.000,1.000,0.0000
196.030,-73.229,35.625,0.324,1.035,23.001,25.154,0.000,1.000,0.0000
196.040,-73.219,35.629,0.324,0.997,23.011,25.163,0.000,1.000,0.0000
196.050,-73.210,35.632,0.324,0.959,23.020,25.172,0.000,1.000,0.0000
196.060,-73.201,35.634,0.324,0.921,23.030,25.181,0.000,1.000,0.0000
196.070,-73.192,35.637,0.324,0.883,23.038,25.189,0.000,1.000,0.0000
196.080,-73.183,35.640,0.324,0.845,23.047,25.196,0.000,1.000,0.0000
196.090,-73.175,35.642,0.324,0.807,23.055,25.204,0.000,1.000,0.0000
196.100,-73.167,35.645,0.324,0.769,23.063,25.210,0.000,1.000,0.0000
196.110,-73.160,35.647,0.324,0.731,23.070,25.217,0.000,1.000,0.0000
196.120,-73.153,35.649,0.324,0.693,23.077,25.223,0.000,1.000,0.0000
196.130,-73.147,35.651,0.324,0.655,23.083,25.229,0.000,1.000,0.0000
196.140,-73.140,35.653,0.324,0.617,23.090,25.235,0.000,1.000,0.0000
196.150,-73.135,35.655,0.324,0.579,23.095,25.240,0.000,1.000,0.0000
196.160,-73.129,35.657,0.324,0.541,23.101,25.245,0.000,1.000,0.0000
196.170,-73.124,35.658,0.324,0.503,23.106,25.250,0.000,1.000,0.0000
196.180,-73.120,35.660,0.324,0.466,23.110,25.254,0.000,1.000,0.0000
196.190,-73.115,35.661,0.324,0.428,23.115,25.258,0.000,1.000,0.0000
196.200,-73.111,35.662,0.324,0.390,23.119,25.261,0.000,1.000,0.0000
196.210,-73.108,35.663,0.324,0.352,23.122,25.264,0.000,1.000,0.0000
196.220,-73.105,35.664,0.324,0.314,23.125,25.267,0.000,1.000,0.0000
196.230,-73.102,35.665,0.324,0.276,23.128,25.270,0.000,1.000,0.0000
196.240,-73.100,35.666,0.324,0.239,23.130,25.272,0.000,1.000,0.0000
196.250,-73.098,35.667,0.324,0.202,23.132,25.274,0.000,1.000,0.0000
196.260,-73.096,35.667,0.324,0.165,23.134,25.275,0.000,1.000,0.0000
196.270,-73.095,35.668,0.324,0.131,23.135,25.276,0.000,1.000,0.0000
196.280,-73.094,35.668,0.324,0.098,23.136,25.277,0.000,1.000,0.0000
196.290,-73.093,35.668,0.324,0.066,23.137,25.278,0.000,1.000,0.0000
196.300,-73.093,35.668,0.324,0.040,23.137,25.278,0.000,0.900,0.0000
196.310,-73.092,35.668,0.324,0.021,23.138,25.278,0.000,0.800,0.0000
196.320,-73.092,35.668,0.324,0.015,23.138,25.279,0.000,0.700,0.0000
196.330,-73.092,35.668,0.323,0.022,23.138,25.279,0.000,0.600,0.0000
196.340,-73.093,35.668,0.323,0.030,23.138,25.279,0.000,0.500,0.0000
196.350,-73.093,35.668,0.323,0.037,23.137,25.279,0.000,0.400,0.0000
196.360,-73.093,35.668,0.322,0.042,23.137,25.279,0.000,0.300,0.0000
196.370,-73.093,35.668,0.322,0.047,23.137,25.279,0.000,0.200,0.0000
196.380,-73.093,35.668,0.321,0.051,23.137,25.279,0.000,0.100,0.0000
196.390,-73.093,35.668,0.321,0.054,23.137,25.279,0.000,0.000,0.0000
196.400,-73.093,35.668,0.320,0.056,23.137,25.279,0.000,0.000,0.0000
196.410,-73.093,35.668,0.320,0.057,23.137,25.279,0.000,0.000,0.0000
196.420,-73.093,35.668,0.319,0.057,23.137,25.279,0.000,0.000,0.0000
196.430,-73.094,35.668,0.319,0.056,23.136,25.280,0.000,0.000,0.0000
196.440,-73.094,35.668,0.318,0.054,23.136,25.280,0.000,0.000,0.0000
196.450,-73.094,35.668,0.318,0.052,23.136,25.280,0.000,0.000,0.0000
196.460,-73.094,35.668,0.317,0.049,23.136,25.280,0.000,0.000,0.0000
196.470,-73.094,35.668,0.317,0.046,23.136,25.280,0.000,0.000,0.0000
196.480,-73.094,35.668,0.316,0.042,23.136,25.280,0.000,0.000,0.0000
196.490,-73.094,35.668,0.316,0.038,23.136,25.280,0.000,0.000,0.0000
196.500,-73.094,35.668,0.316,0.034,23.136,25.280,0.000,0.000,0.0000
196.510,-73.094,35.668,0.315,0.029,23.136,25.280,0.000,0.000,0.0000
196.520,-73.094,35.668,0.315,0.024,23.136,25.280,0.000,0.000,0.0000
196.530,-73.094,35.668,0.315,0.020,23.136,25.280,0.000,0.000,0.0000
196.540,-73.094,35.668,0.315,0.015,23.136,25.280,0.000,0.000,0.0000
196.550,-73.094,35.668,0.315,0.011,23.136,25.280,0.000,0.000,0.0000
196.560,-73.095,35.668,0.314,0.006,23.136,25.280,0.000,0.000,0.0000
196.570,-73.095,35.668,0.314,0.002,23.135,25.280,0.000,0.000,0.0000
196.580,-73.095,35.668,0.314,0.001,23.136,25.280,0.000,0.000,0.0000
196.590,-73.095,35.668,0.315,0.005,23.136,25.280,0.000,0.000,0.0000
196.600,-73.094,35.668,0.315,0.008,23.136,25.280,0.000,0.000,0.0000
196.610,-73.094,35.668,0.315,0.011,23.136,25.280,0.000,0.000,0.0000
196.620,-73.094,35.668,0.315,0.014,23.136,25.280,0.000,0.000,0.0000
196.630,-73.094,35.668,0.315,0.016,23.136,25.280,0.000,0.000,0.0000
196.640,-73.094,35.668,0.315,0.017,23.136,25.280,0.000,0.000,0.0000
196.650,-73.094,35.668,0.315,0.019,23.136,25.280,0.000,0.000,0.0000
196.660,-73.094,35.668,0.316,0.020,23.136,25.280,0.000,0.000,0.0000
196.670,-73.094,35.668,0.316,0.020,23.136,25.280,0.000,0.000,0.0000
196.680,-73.094,35.668,0.316,0.021,23.136,25.280,0.000,0.000,0.0000
196.690,-73.094,35.668,0.316,0.021,23.136,25.280,0.000,0.000,0.0000
196.700,-73.094,35.668,0.316,0.020,23.136,25.280,0.000,0.000,0.0000
196.710,-73.094,35.668,0.317,0.020,23.136,25.280,0.000,0.000,0.0000
196.720,-73.094,35.668,0.317,0.019,23.136,25.280,0.000,0.000,0.0000
196.730,-73.094,35.668,0.317,0.018,23.136,25.280,0.000,0.000,0.0000
196.740,-73.094,35.668,0.317,0.016,23.136,25.280,0.000,0.000,0.0000
196.750,-73.094,35.668,0.317,0.015,23.136,25.280,0.000,0.000,0.0000
196.760,-73.094,35.668,0.317,0.014,23.136,25.280,0.000,0.000,0.0000
196.770,-73.094,35.668,0.317,0.012,23.136,25.280,0.000,0.000,0.0000
196.780,-73.094,35.668,0.318,0.010,23.136,25.280,0.000,0.000,0.0000
196.790,-73.094,35.668,0.318,0.009,23.136,25.280,0.000,0.000,0.0000
196.800,-73.094,35.668,0.318,0.007,23.136,25.280,0.000,0.000,0.0000
196.810,-73.094,35.668,0.318,0.005,23.136,25.280,0.000,0.000,0.0000
196.820,-73.094,35.668,0.318,0.003,23.136,25.280,0.000,0.000,0.0000
196.830,-73.094,35.668,0.318,0.002,23.136,25.280,0.000,0.000,0.0000
196.840,-73.094,35.668,0.318,0.001,23.136,25.280,0.000,0.000,0.0000
196.850,-73.094,35.668,0.318,0.001,23.136,25.280,0.000,0.000,0.0000
196.860,-73.094,35.668,0.318,0.002,23.136,25.280,0.000,0.000,0.0000
196.870,-73.094,35.668,0.318,0.003,23.136,25.280,0.000,0.000,0.0000
196.880,-73.094,35.668,0.318,0.004,23.136,25.280,0.000,0.000,0.0000
196.890,-73.094,35.668,0.318,0.005,23.136,25.280,0.000,0.000,0.0000
196.900,-73.094,35.668,0.318,0.006,23.136,25.280,0.000,0.000,0.0000
196.910,-73.094,35.668,0.318,0.007,23.136,25.280,0.000,0.000,0.0000
196.920,-73.094,35.668,0.317,0.007,23.136,25.280,0.000,0.000,0.0000
196.930,-73.094,35.668,0.317,0.007,23.136,25.280,0.000,0.000,0.0000
196.940,-73.094,35.668,0.317,0.008,23.136,25.280,0.000,0.000,0.0000
196.950,-73.094,35.668,0.317,0.008,23.136,25.280,0.000,0.000,0.0000
196.960,-73.094,35.668,0.317,0.008,23.136,25.280,0.000,0.000,0.0000
196.970,-73.094,35.668,0.317,0.007,23.136,25.280,0.000,0.000,0.0000
196.980,-73.094,35.668,0.317,0.007,23.136,25.280,0.000,0.000,0.0000
196.990,-73.094,35.668,0.317,0.007,23.136,25.280,0.000,0.000,0.0000
197.000,-73.094,35.668,0.317,0.006,23.136,25.280,0.000,0.000,0.0000
197.010,-73.094,35.668,0.317,0.006,23.136,25.280,0.000,0.000,0.0000
197.020,-73.094,35.668,0.317,0.005,23.136,25.280,0.000,0.000,0.0000
197.030,-73.094,35.668,0.317,0.005,23.136,25.280,0.000,0.000,0.0000
197.040,-73.094,35.668,0.317,0.004,23.136,25.280,0.000,0.000,0.0000
197.050,-73.094,35.668,0.317,0.004,23.136,25.280,0.000,0.000,0.0000
197.060,-73.094,35.668,0.317,0.003,23.136,25.280,0.000,0.000,0.0000
197.070,-73.094,35.668,0.317,0.002,23.136,25.280,0.000,0.000,0.0000
197.080,-73.094,35.668,0.317,0.002,23.136,25.280,0.000,0.000,0.0000
197.090,-73.094,35.668,0.317,0.001,23.136,25.280,0.000,0.000,0.0000
197.100,-73.094,35.668,0.317,0.000,23.136,25.280,0.000,0.000,0.0000
197.110,-73.094,35.668,0.317,0.000,23.136,25.280,0.000,0.000,0.0000
197.120,-73.094,35.668,0.317,0.001,23.136,25.280,0.000,0.000,0.0000
197.130,-73.094,35.668,0.317,0.001,23.136,25.280,0.000,0.000,0.0000
197.140,-73.094,35.668,0.317,0.001,23.136,25.280,0.000,0.000,0.0000
197.150,-73.094,35.668,0.317,0.002,23.136,25.280,0.000,0.000,0.0000
197.160,-73.094,35.668,0.317,0.002,23.136,25.280,0.000,0.000,0.0000
197.170,-73.094,35.668,0.317,0.002,23.136,25.280,0.000,0.000,0.0000
197.180,-73.094,35.668,0.317,0.002,23.136,25.280,0.000,0.000,0.0000
197.190,-73.094,35.668,0.317,0.003,23.136,25.280,0.000,0.000,0.0000
197.200,-73.094,35.668,0.317,0.003,23.136,25.280,0.000,0.000,0.0000
197.210,-73.094,35.668,0.317,0.003,23.136,25.280,0.000,0.000,0.0000
197.220,-73.094,35.668,0.317,0.003,23.136,25.280,0.000,0.000,0.0000
197.230,-73.094,35.668,0.317,0.003,23.136,25.280,0.000,0.000,0.0000
197.240,-73.094,35.668,0.317,0.003,23.136,25.280,0.000,0.000,0.0000
197.250,-73.094,35.668,0.317,0.003,23.136,25.280,0.000,0.000,0.0000
197.260,-73.094,35.668,0.317,0.002,23.136,25.280,0.000,0.000,0.0000
197.270,-73.094,35.668,0.317,0.002,23.136,25.280,0.000,0.000,0.0000
197.280,-73.094,35.668,0.317,0.002,23.136,25.280,0.000,0.000,0.0000
197.290,-73.094,35.668,0.317,0.002,23.136,25.280,0.000,0.000,0.0000
197.300,-73.094,35.668,0.317,0.002,23.136,25.280,0.000,0.000,0.0000
197.310,-73.094,35.668,0.317,0.001,23.136,25.280,0.000,0.000,0.0000
197.320,-73.094,35.668,0.317,0.001,23.136,25.280,0.000,0.000,0.0000
197.330,-73.094,35.668,0.317,0.001,23.136,25.280,0.000,0.000,0.0000
197.340,-73.094,35.668,0.317,0.001,23.136,25.280,0.000,0.000,0.0000
197.350,-73.094,35.668,0.317,0.000,23.136,25.280,0.000,0.000,0.0000
197.360,-73.094,35.668,0.317,0.000,23.136,25.280,0.000,0.000,0.0000
197.370,-73.094,35.668,0.317,0.000,23.136,25.280,0.000,0.000,0.0000
197.380,-73.094,35.668,0.317,0.000,23.136,25.280,0.000,0.000,0.0000
197.390,-73.094,35.668,0.317,0.000,23.136,25.280,0.000,0.000,0.0000
197.400,-73.094,35.668,0.317,0.000,23.136,25.280,0.000,0.000,0.0000
197.410,-73.094,35.668,0.317,0.001,23.136,25.280,0.000,0.000,0.0000
197.420,-73.094,35.668,0.317,0.001,23.136,25.280,0.000,0.000,0.0000
197.430,-73.094,35.668,0.317,0.001,23.136,25.280,0.000,0.000,0.0000
197.440,-73.094,35.668,0.317,0.001,23.136,25.280,0.000,0.000,0.0000
197.450,-73.094,35.668,0.317,0.001,23.136,25.280,0.000,0.000,0.0000
197.460,-73.094,35.668,0.317,0.001,23.136,25.280,0.000,0.000,0.0000
197.470,-73.094,35.668,0.317,0.001,23.136,25.280,0.000,0.000,0.0000
197.480,-73.094,35.668,0.317,0.001,23.136,25.280,0.000,0.000,0.0000
197.490,-73.094,35.668,0.317,0.001,23.136,25.280,0.000,0.000,0.0000
197.500,-73.094,35.668,0.317,0.001,23.136,25.280,0.000,0.000,0.0000
197.510,-73.094,35.668,0.317,0.001,23.136,25.280,0.000,0.000,0.0000
197.520,-73.094,35.668,0.317,0.001,23.136,25.280,0.000,0.000,0.0000
197.530,-73.094,35.668,0.317,0.001,23.136,25.280,0.000,0.000,0.0000
197.540,-73.094,35.668,0.317,0.001,23.136,25.280,0.000,0.000,0.0000
197.550,-73.094,35.668,0.317,0.001,23.136,25.280,0.000,0.000,0.0000
197.560,-73.094,35.668,0.317,0.001,23.136,25.280,0.000,0.000,0.0000
197.570,-73.094,35.668,0.317,0.001,23.136,25.280,0.000,0.000,0.0000
197.580,-73.094,35.668,0.317,0.000,23.136,25.280,0.000,0.000,0.0000
197.590,-73.094,35.668,0.317,0.000,23.136,25.280,0.000,0.000,0.0000
197.600,-73.094,35.668,0.317,0.000,23.136,25.280,0.000,0.000,0.0000
197.610,-73.094,35.668,0.317,0.000,23.136,25.280,0.000,0.000,0.0000
197.620,-73.094,35.668,0.317,0.000,23.136,25.280,0.000,0.000,0.0000
197.630,-73.094,35.668,0.317,0.000,23.136,25.280,0.000,0.000,0.0000
197.640,-73.094,35.668,0.317,0.000,23.136,25.280,0.000,0.000,0.0000
197.650,-73.094,35.668,0.317,0.000,23.136,25.280,0.000,0.000,0.0000
197.660,-73.094,35.668,0.317,0.000,23.136,25.280,0.000,0.000,0.0000
197.670,-73.094,35.668,0.317,0.000,23.136,25.280,0.000,0.000,0.0000
197.680,-73.094,35.668,0.317,0.000,23.136,25.280,0.000,0.000,0.0000
197.690,-73.094,35.668,0.317,0.000,23.136,25.280,0.000,0.000,0.0000
197.700,-73.094,35.668,0.317,0.000,23.136,25.280,0.000,0.000,0.0000
197.710,-73.094,35.668,0.317,0.000,23.136,25.280,0.000,0.000,0.0000
197.720,-73.094,35.668,0.317,0.000,23.136,25.280,0.000,0.000,0.0000
197.730,-73.094,35.668,0.317,0.000,23.136,25.280,0.000,0.000,0.0000
197.740,-73.094,35.668,0.317,0.000,23.136,25.280,0.000,0.000,0.0000
197.750,-73.094,35.668,0.317,0.000,23.136,25.280,0.000,0.000,0.0000
197.760,-73.094,35.668,0.317,0.000,23.136,25.280,0.000,0.000,0.0000
197.770,-73.094,35.668,0.317,0.000,23.136,25.280,0.000,0.000,0.0000
197.780,-73.094,35.668,0.317,0.000,23.136,25.280,0.000,0.000,0.0000
197.790,-73.094,35.668,0.317,0.000,23.136,25.280,0.000,0.000,0.0000
197.800,-73.094,35.668,0.317,0.000,23.136,25.280,0.000,0.000,0.0000
197.810,-73.094,35.668,0.317,0.000,23.136,25.280,0.000,0.000,0.0000
197.820,-73.094,35.668,0.317,0.000,23.136,25.280,0.000,0.000,0.0000
197.830,-73.094,35.668,0.317,0.000,23.136,25.280,0.000,0.000,0.0000
197.840,-73.094,35.668,0.317,0.000,23.136,25.280,0.000,0.000,0.0000
197.850,-73.094,35.668,0.317,0.000,23.136,25.280,0.000,0.000,0.0000
197.860,-73.094,35.668,0.317,0.000,23.136,25.280,0.000,0.000,0.0000
197.870,-73.094,35.668,0.317,0.000,23.136,25.280,0.000,0.000,0.0000
197.880,-73.094,35.668,0.317,0.000,23.136,25.280,0.000,0.000,0.0000
197.890,-73.094,35.668,0.317,0.000,23.136,25.280,0.000,0.000,0.0000
197.900,-73.094,35.668,0.317,0.000,23.136,25.280,0.000,0.000,0.0000
197.910,-73.094,35.668,0.317,0.000,23.136,25.280,0.000,0.000,0.0000
197.920,-73.094,35.668,0.317,0.000,23.136,25.280,0.000,0.000,0.0000
197.930,-73.094,35.668,0.317,0.000,23.136,25.280,0.000,0.000,0.0000
197.940,-73.094,35.668,0.317,0.000,23.136,25.280,0.000,0.000,0.0000
197.950,-73.094,35.668,0.317,0.000,23.136,25.280,0.000,0.000,0.0000
197.960,-73.094,35.668,0.317,0.000,23.136,25.280,0.000,0.000,0.0000
197.970,-73.094,35.668,0.317,0.000,23.136,25.280,0.000,0.000,0.0000
197.980,-73.094,35.668,0.317,0.000,23.136,25.280,0.000,0.000,0.0000
197.990,-73.094,35.668,0.317,0.000,23.136,25.280,0.000,0.000,0.0000
198.000,-73.094,35.668,0.317,0.000,23.136,25.280,0.000,0.000,0.0000
198.010,-73.094,35.668,0.317,0.000,23.136,25.280,0.000,0.000,0.0000
198.020,-73.094,35.668,0.317,0.000,23.136,25.280,0.000,0.000,0.0000
198.030,-73.094,35.668,0.317,0.000,23.136,25.280,0.000,0.000,0.0000
198.040,-73.094,35.668,0.317,0.000,23.136,25.280,0.000,0.000,0.0000
198.050,-73.094,35.668,0.317,0.000,23.136,25.280,0.000,0.000,0.0000
198.060,-73.094,35.668,0.317,0.000,23.136,25.280,0.000,0.000,0.0000
198.070,-73.094,35.668,0.317,0.000,23.136,25.280,0.000,0.000,0.0000
198.080,-73.094,35.668,0.317,0.000,23.136,25.280,0.000,0.000,0.0000
198.090,-73.094,35.668,0.317,0.000,23.136,25.280,0.000,0.000,0.0000
198.100,-73.094,35.668,0.317,0.000,23.136,25.280,0.000,0.000,0.0000
198.110,-73.094,35.668,0.317,0.000,23.136,25.280,0.000,0.000,0.0000
198.120,-73.094,35.668,0.317,0.000,23.136,25.280,0.000,0.000,0.0000
198.130,-73.094,35.668,0.317,0.000,23.136,25.280,0.000,0.000,0.0000
198.140,-73.094,35.668,0.317,0.000,23.136,25.280,0.000,0.000,0.0000
198.150,-73.094,35.668,0.317,0.000,23.136,25.280,0.000,0.000,0.0000
198.160,-73.094,35.668,0.317,0.000,23.136,25.280,0.000,0.000,0.0000
198.170,-73.094,35.668,0.317,0.000,23.136,25.280,0.000,0.000,0.0000
198.180,-73.094,35.668,0.317,0.000,23.136,25.280,0.000,0.000,0.0000
198.190,-73.094,35.668,0.317,0.000,23.136,25.280,0.000,0.000,0.0000
198.200,-73.094,35.668,0.317,0.000,23.136,25.280,0.000,0.000,0.0000
198.210,-73.094,35.668,0.317,0.000,23.136,25.280,0.000,0.000,0.0000
198.220,-73.094,35.668,0.317,0.000,23.136,25.280,0.000,0.000,0.0000
198.230,-73.094,35.668,0.317,0.000,23.136,25.280,0.000,0.000,0.0000
198.240,-73.094,35.668,0.317,0.000,23.136,25.280,0.000,0.000,0.0000
198.250,-73.094,35.668,0.317,0.000,23.136,25.280,0.000,0.000,0.0000
198.260,-73.094,35.668,0.317,0.000,23.136,25.280,0.000,0.000,0.0000
198.270,-73.094,35.668,0.317,0.000,23.136,25.280,0.000,0.000,0.0000
198.280,-73.094,35.668,0.317,0.000,23.136,25.280,0.000,0.000,0.0000
198.290,-73.094,35.668,0.317,0.000,23.136,25.280,0.000,0.000,0.0000
198.300,-73.094,35.668,0.317,0.000,23.136,25.280,0.000,0.000,0.0000
198.310,-73.094,35.668,0.317,0.000,23.136,25.280,0.000,0.000,0.0000
198.320,-73.094,35.668,0.317,0.000,23.136,25.280,0.000,0.000,0.0000
198.330,-73.094,35.668,0.317,0.000,23.136,25.280,0.000,0.000,0.0000
198.340,-73.094,35.668,0.317,0.000,23.136,25.280,0.000,0.000,0.0000
198.350,-73.094,35.668,0.317,0.000,23.136,25.280,0.000,0.000,0.0000
198.360,-73.094,35.668,0.317,0.000,23.136,25.280,0.000,0.000,0.0000
198.370,-73.094,35.668,0.317,0.000,23.136,25.280,0.000,0.000,0.0000
198.380,-73.094,35.668,0.317,0.000,23.136,25.280,0.000,0.000,0.0000
198.390,-73.094,35.668,0.317,0.000,23.136,25.280,0.000,0.000,0.0000
198.400,-73.094,35.668,0.317,0.000,23.136,25.280,0.000,0.000,0.0000
198.410,-73.094,35.668,0.317,0.000,23.136,25.280,0.000,0.000,0.0000
198.420,-73.094,35.668,0.317,0.000,23.136,25.280,0.000,0.000,0.0000
198.430,-73.094,35.668,0.317,0.000,23.136,25.280,0.000,0.000,0.0000
198.440,-73.094,35.668,0.317,0.000,23.136,25.280,0.000,0.000,0.0000
198.450,-73.094,35.668,0.317,0.000,23.136,25.280,0.000,0.000,0.0000
198.460,-73.094,35.668,0.317,0.000,23.136,25.280,0.000,0.000,0.0000
198.470,-73.094,35.668,0.317,0.000,23.136,25.280,0.000,0.000,0.0000
198.480,-73.094,35.668,0.317,0.000,23.136,25.280,0.000,0.000,0.0000
198.490,-73.094,35.668,0.317,0.000,23.136,25.280,0.000,0.000,0.0000
198.500,-73.094,35.668,0.317,0.000,23.136,25.280,0.000,0.000,0.0000
198.510,-73.094,35.668,0.317,0.000,23.136,25.280,0.000,0.000,0.0000
198.520,-73.094,35.668,0.317,0.000,23.136,25.280,0.000,0.000,0.0000
198.530,-73.094,35.668,0.317,0.000,23.136,25.280,0.000,0.000,0.0000
198.540,-73.094,35.668,0.317,0.000,23.136,25.280,0.000,0.000,0.0000
198.550,-73.094,35.668,0.317,0.000,23.136,25.280,0.000,0.000,0.0000
198.560,-73.094,35.668,0.317,0.000,23.136,25.280,0.000,0.000,0.0000
198.570,-73.094,35.668,0.317,0.000,23.136,25.280,0.000,0.000,0.0000
198.580,-73.094,35.668,0.317,0.000,23.136,25.280,0.000,0.000,0.0000
198.590,-73.094,35.668,0.317,0.000,23.136,25.280,0.000,0.000,0.0000
198.600,-73.094,35.668,0.317,0.000,23.136,25.280,0.000,0.000,0.0000
198.610,-73.094,35.668,0.317,0.000,23.136,25.280,0.000,0.000,0.0000
198.620,-73.094,35.668,0.317,0.000,23.136,25.280,0.000,0.000,0.0000
198.630,-73.094,35.668,0.317,0.000,23.136,25.280,0.000,0.000,0.0000
198.640,-73.094,35.668,0.317,0.000,23.136,25.280,0.000,0.000,0.0000
198.650,-73.094,35.668,0.317,0.000,23.136,25.280,0.000,0.000,0.0000
198.660,-73.094,35.668,0.317,0.000,23.136,25.280,0.000,0.000,0.0000
198.670,-73.094,35.668,0.317,0.000,23.136,25.280,0.000,0.000,0.0000
198.680,-73.094,35.668,0.317,0.000,23.136,25.280,0.040,0.000,0.0000
198.690,-73.094,35.668,0.317,0.013,23.136,25.280,0.080,0.000,0.0000
198.700,-73.094,35.668,0.317,0.037,23.136,25.280,0.120,0.000,0.0000
198.710,-73.093,35.668,0.317,0.069,23.137,25.281,0.160,0.000,0.0000
198.720,-73.092,35.669,0.316,0.106,23.138,25.282,0.200,0.000,0.0000
198.730,-73.091,35.669,0.316,0.145,23.139,25.283,0.240,0.000,0.0000
198.740,-73.089,35.670,0.316,0.184,23.141,25.285,0.280,0.000,0.0000
198.750,-73.087,35.670,0.315,0.224,23.143,25.287,0.320,0.000,0.0000
198.760,-73.084,35.671,0.315,0.263,23.146,25.290,0.360,0.000,0.0000
198.770,-73.081,35.672,0.314,0.301,23.149,25.293,0.400,0.000,0.0000
198.780,-73.078,35.673,0.314,0.339,23.152,25.296,0.440,0.000,0.0000
198.790,-73.074,35.674,0.313,0.377,23.156,25.300,0.480,0.000,0.0000
198.800,-73.070,35.676,0.312,0.415,23.160,25.304,0.520,0.000,0.0000
198.810,-73.065,35.677,0.312,0.452,23.165,25.308,0.560,0.000,0.0000
198.820,-73.061,35.678,0.311,0.490,23.170,25.313,0.600,0.000,0.0000
198.830,-73.055,35.680,0.311,0.528,23.175,25.318,0.640,0.000,0.0000
198.840,-73.050,35.682,0.310,0.567,23.180,25.323,0.680,0.000,0.0000
198.850,-73.044,35.684,0.310,0.605,23.186,25.328,0.720,0.000,0.0000
198.860,-73.037,35.686,0.309,0.644,23.193,25.334,0.760,0.000,0.0000
198.870,-73.030,35.688,0.309,0.683,23.200,25.341,0.800,0.000,0.0000
198.880,-73.023,35.690,0.309,0.721,23.207,25.348,0.840,0.000,0.0000
198.890,-73.016,35.692,0.308,0.760,23.214,25.355,0.880,0.000,0.0000
198.900,-73.008,35.695,0.308,0.800,23.222,25.362,0.920,0.000,0.0000
198.910,-72.999,35.697,0.308,0.839,23.231,25.370,0.960,0.000,0.0000
198.920,-72.990,35.700,0.308,0.877,23.240,25.378,1.000,0.000,0.0000
198.930,-72.981,35.702,0.308,0.914,23.249,25.386,1.000,0.000,0.0000
198.940,-72.972,35.705,0.308,0.951,23.258,25.395,1.000,0.000,0.0000
198.950,-72.962,35.708,0.308,0.987,23.268,25.404,1.000,0.000,0.0000
198.960,-72.952,35.711,0.308,1.025,23.278,25.413,1.000,0.000,0.0000
198.970,-72.941,35.715,0.308,1.063,23.289,25.422,1.000,0.000,0.0000
198.980,-72.930,35.718,0.308,1.102,23.300,25.432,1.000,0.000,0.0000
198.990,-72.919,35.721,0.308,1.141,23.311,25.443,1.000,0.000,0.0000
199.000,-72.907,35.725,0.308,1.180,23.323,25.453,1.000,0.000,0.0000
199.010,-72.895,35.728,0.308,1.219,23.335,25.464,1.000,0.000,0.0000
199.020,-72.882,35.732,0.309,1.258,23.348,25.476,1.000,0.000,0.0000
199.030,-72.869,35.736,0.309,1.296,23.361,25.487,1.000,0.000,0.0000
199.040,-72.856,35.740,0.309,1.335,23.374,25.499,1.000,0.000,0.0000
199.050,-72.842,35.744,0.309,1.374,23.388,25.512,1.000,0.000,0.0000
199.060,-72.828,35.748,0.309,1.412,23.402,25.524,1.000,0.000,0.0000
199.070,-72.813,35.752,0.310,1.450,23.417,25.538,1.000,0.000,0.0000
199.080,-72.798,35.757,0.310,1.489,23.432,25.551,1.000,0.000,0.0000
199.090,-72.783,35.761,0.310,1.527,23.447,25.565,1.000,0.000,0.0000
199.100,-72.768,35.766,0.310,1.565,23.462,25.579,1.000,0.000,0.0000
199.110,-72.751,35.771,0.310,1.603,23.479,25.593,1.000,0.000,0.0000
199.120,-72.735,35.776,0.310,1.641,23.495,25.608,1.000,0.000,0.0000
199.130,-72.718,35.781,0.311,1.679,23.512,25.623,1.000,0.000,0.0000
199.140,-72.701,35.786,0.311,1.717,23.529,25.639,1.000,0.000,0.0000
199.150,-72.684,35.791,0.311,1.755,23.546,25.655,1.000,0.000,0.0000
199.160,-72.666,35.796,0.311,1.793,23.564,25.671,1.000,0.000,0.0000
199.170,-72.647,35.802,0.311,1.831,23.583,25.688,1.000,0.000,0.0080
199.180,-72.629,35.807,0.311,1.868,23.601,25.705,1.000,0.000,0.0160
199.190,-72.610,35.813,0.311,1.906,23.620,25.722,1.000,0.000,0.0240
199.200,-72.590,35.819,0.311,1.943,23.640,25.740,1.000,0.000,0.0320
199.210,-72.570,35.824,0.311,1.980,23.660,25.758,1.000,0.000,0.0400
199.220,-72.550,35.830,0.311,2.018,23.680,25.776,1.000,0.000,0.0480
199.230,-72.530,35.837,0.311,2.065,23.700,25.795,1.000,0.000,0.0560
199.240,-72.508,35.843,0.311,2.110,23.722,25.814,1.000,0.000,0.0640
199.250,-72.487,35.849,0.311,2.154,23.743,25.834,1.000,0.000,0.0720
199.260,-72.465,35.856,0.311,2.200,23.765,25.854,1.000,0.000,0.0800
199.270,-72.442,35.862,0.311,2.249,23.788,25.874,0.940,0.000,0.0880
199.280,-72.419,35.869,0.310,2.295,23.811,25.895,0.880,0.000,0.0960
199.290,-72.396,35.876,0.310,2.340,23.834,25.917,0.820,0.000,0.1040
199.300,-72.372,35.883,0.310,2.384,23.858,25.938,0.760,0.000,0.1120
199.310,-72.348,35.891,0.310,2.426,23.882,25.961,0.700,0.000,0.1200
199.320,-72.323,35.898,0.310,2.468,23.907,25.983,0.640,0.000,0.0900
199.330,-72.298,35.905,0.310,2.495,23.932,26.006,0.580,0.000,0.0600
199.340,-72.273,35.913,0.310,2.513,23.957,26.029,0.520,0.000,0.0300
199.350,-72.248,35.920,0.310,2.524,23.982,26.052,0.460,0.000,0.0000
199.360,-72.223,35.928,0.310,2.534,24.007,26.075,0.400,0.000,0.0000
199.370,-72.197,35.935,0.310,2.553,24.033,26.098,0.340,0.000,0.0000
199.380,-72.171,35.943,0.310,2.583,24.059,26.122,0.280,0.000,0.0000
199.390,-72.145,35.950,0.310,2.619,24.085,26.145,0.220,0.000,0.0000
199.400,-72.119,35.958,0.311,2.637,24.111,26.169,0.160,0.000,0.0000
199.410,-72.092,35.966,0.311,2.640,24.138,26.193,0.100,0.000,0.0000
199.420,-72.066,35.973,0.311,2.627,24.164,26.217,0.040,0.000,0.0000
199.430,-72.040,35.981,0.312,2.603,24.190,26.241,0.000,0.000,0.0000
199.440,-72.014,35.988,0.313,2.571,24.216,26.264,0.000,0.000,0.0000
199.450,-71.989,35.996,0.313,2.536,24.241,26.287,0.000,0.000,0.0000
199.460,-71.964,36.003,0.314,2.499,24.266,26.309,0.000,0.000,0.0000
199.470,-71.939,36.010,0.315,2.462,24.291,26.331,0.000,0.000,0.0000
199.480,-71.915,36.017,0.316,2.425,24.315,26.353,0.000,0.000,0.0000
199.490,-71.891,36.024,0.317,2.390,24.339,26.374,0.000,0.000,0.0000
199.500,-71.868,36.030,0.318,2.357,24.362,26.396,0.000,0.000,0.0000
199.510,-71.845,36.037,0.319,2.325,24.385,26.416,0.000,0.000,0.0000
199.520,-71.822,36.043,0.320,2.292,24.408,26.437,0.000,0.000,0.0000
199.530,-71.799,36.050,0.321,2.257,24.431,26.457,0.000,0.000,0.0000
199.540,-71.777,36.056,0.322,2.220,24.453,26.477,0.000,0.000,0.0000
199.550,-71.755,36.062,0.323,2.182,24.475,26.497,0.000,0.000,0.0000
199.560,-71.734,36.068,0.324,2.142,24.496,26.516,0.000,0.000,0.0000
199.570,-71.713,36.074,0.325,2.103,24.517,26.535,0.000,0.000,0.0000
199.580,-71.692,36.080,0.325,2.062,24.538,26.553,0.000,0.000,0.0000
199.590,-71.672,36.086,0.326,2.022,24.558,26.572,0.000,0.000,0.0080
199.600,-71.652,36.092,0.327,1.981,24.578,26.589,0.000,0.000,0.0160
199.610,-71.633,36.097,0.327,1.941,24.597,26.607,0.000,0.000,0.0240
199.620,-71.614,36.102,0.327,1.900,24.616,26.624,0.000,0.000,0.0320
199.630,-71.595,36.108,0.328,1.860,24.635,26.641,0.000,0.000,0.0400
199.640,-71.577,36.113,0.328,1.820,24.653,26.658,0.000,0.000,0.0480
199.650,-71.559,36.118,0.328,1.780,24.671,26.674,0.000,0.000,0.0560
199.660,-71.542,36.123,0.328,1.740,24.688,26.690,0.000,0.000,0.0640
199.670,-71.525,36.128,0.328,1.700,24.705,26.705,0.000,0.000,0.0720
199.680,-71.508,36.132,0.328,1.661,24.722,26.721,0.000,0.000,0.0800
199.690,-71.492,36.137,0.328,1.621,24.738,26.736,0.000,0.000,0.0880
199.700,-71.476,36.141,0.328,1.582,24.754,26.750,0.000,0.000,0.0960
199.710,-71.461,36.146,0.328,1.543,24.769,26.764,0.000,0.000,0.1040
199.720,-71.446,36.150,0.328,1.504,24.784,26.778,0.000,0.000,0.1120
199.730,-71.431,36.154,0.327,1.465,24.799,26.792,0.000,0.000,0.1200
199.740,-71.417,36.158,0.327,1.413,24.813,26.805,0.000,0.000,0.1280
199.750,-71.403,36.162,0.327,1.362,24.827,26.818,0.000,0.000,0.1360
199.760,-71.390,36.166,0.326,1.314,24.840,26.830,0.000,0.000,0.1440
199.770,-71.377,36.169,0.326,1.270,24.853,26.841,0.000,0.000,0.1520
199.780,-71.365,36.173,0.326,1.229,24.865,26.853,0.000,0.000,0.1600
199.790,-71.353,36.176,0.326,1.190,24.877,26.864,0.000,0.000,0.1680
199.800,-71.342,36.179,0.325,1.151,24.888,26.875,0.000,0.000,0.1760
199.810,-71.331,36.182,0.325,1.113,24.900,26.885,0.000,0.000,0.1840
199.820,-71.320,36.185,0.325,1.076,24.910,26.895,0.000,0.000,0.1920
199.830,-71.309,36.188,0.324,1.038,24.921,26.904,0.000,0.000,0.2000
199.840,-71.299,36.190,0.324,0.999,24.931,26.914,0.000,0.000,0.2080
199.850,-71.290,36.193,0.324,0.958,24.940,26.923,0.000,0.000,0.2160
199.860,-71.281,36.195,0.324,0.916,24.949,26.931,0.000,0.000,0.2240
199.870,-71.272,36.198,0.324,0.873,24.958,26.939,0.000,0.000,0.2320
199.880,-71.264,36.200,0.323,0.829,24.966,26.947,0.000,0.000,0.2400
199.890,-71.256,36.202,0.323,0.786,24.974,26.954,0.000,0.000,0.2480
199.900,-71.248,36.204,0.323,0.743,24.982,26.961,0.000,0.000,0.2560
199.910,-71.241,36.206,0.323,0.700,24.989,26.967,0.000,0.000,0.2640
199.920,-71.235,36.207,0.323,0.657,24.995,26.974,0.000,0.000,0.2720
199.930,-71.229,36.209,0.323,0.615,25.001,26.979,0.000,0.000,0.2800
199.940,-71.223,36.211,0.323,0.573,25.007,26.984,0.000,0.000,0.2880
199.950,-71.218,36.212,0.323,0.532,25.012,26.989,0.000,0.000,0.2960
199.960,-71.213,36.213,0.323,0.490,25.017,26.994,0.000,0.000,0.3040
199.970,-71.208,36.215,0.323,0.449,25.022,26.998,0.000,0.000,0.3120
199.980,-71.204,36.216,0.323,0.409,25.026,27.002,0.000,0.000,0.3200
199.990,-71.200,36.217,0.323,0.369,25.030,27.005,0.000,0.000,0.3280
200.000,-71.197,36.218,0.323,0.330,25.033,27.008,0.000,0.000,0.3360
200.010,-71.194,36.218,0.323,0.291,25.036,27.011,0.040,0.000,0.3060
200.020,-71.191,36.219,0.323,0.288,25.039,27.013,0.080,0.000,0.2760
200.030,-71.188,36.220,0.323,0.314,25.042,27.016,0.120,0.000,0.2460
200.040,-71.185,36.221,0.322,0.362,25.045,27.020,0.160,0.000,0.2160
200.050,-71.180,36.222,0.322,0.423,25.050,27.024,0.200,0.000,0.1860
200.060,-71.176,36.223,0.321,0.489,25.054,27.029,0.240,0.000,0.1560
200.070,-71.170,36.225,0.320,0.557,25.060,27.034,0.280,0.000,0.1260
200.080,-71.164,36.227,0.319,0.623,25.066,27.040,0.320,0.000,0.0960
200.090,-71.157,36.228,0.317,0.687,25.073,27.047,0.360,0.000,0.0660
200.100,-71.150,36.230,0.316,0.748,25.080,27.054,0.400,0.000,0.0360
200.110,-71.142,36.233,0.315,0.807,25.088,27.062,0.440,0.000,0.0060
200.120,-71.133,36.235,0.313,0.864,25.097,27.070,0.480,0.000,0.0000
200.130,-71.124,36.237,0.312,0.911,25.106,27.079,0.520,0.000,0.0000
200.140,-71.115,36.240,0.310,0.949,25.115,27.088,0.560,0.000,0.0000
200.150,-71.105,36.243,0.309,0.980,25.125,27.098,0.600,0.000,0.0000
200.160,-71.095,36.245,0.308,1.008,25.135,27.108,0.640,0.000,0.0000
200.170,-71.085,36.248,0.307,1.034,25.145,27.117,0.680,0.000,0.0000
200.180,-71.074,36.251,0.306,1.061,25.156,27.127,0.720,0.000,0.0000
200.190,-71.064,36.254,0.306,1.088,25.166,27.138,0.760,0.000,0.0000
200.200,-71.052,36.257,0.305,1.118,25.178,27.148,0.800,0.000,0.0000
200.210,-71.041,36.260,0.305,1.149,25.189,27.159,0.840,0.000,0.0000
200.220,-71.029,36.263,0.305,1.181,25.201,27.170,0.880,0.000,0.0000
200.230,-71.017,36.266,0.304,1.214,25.213,27.181,0.920,0.000,0.0000
200.240,-71.004,36.270,0.304,1.248,25.226,27.192,0.960,0.000,0.0000
200.250,-70.992,36.273,0.304,1.283,25.238,27.204,1.000,0.000,0.0000
200.260,-70.978,36.277,0.305,1.318,25.252,27.216,1.000,0.000,0.0000
200.270,-70.965,36.280,0.305,1.354,25.265,27.229,1.000,0.000,0.0000
200.280,-70.951,36.284,0.305,1.390,25.279,27.241,1.000,0.000,0.0000
200.290,-70.937,36.288,0.306,1.426,25.293,27.254,1.000,0.000,0.0000
200.300,-70.922,36.292,0.306,1.458,25.308,27.267,1.000,0.000,0.0000
200.310,-70.907,36.296,0.306,1.491,25.323,27.281,1.000,0.000,0.0000
200.320,-70.892,36.300,0.307,1.525,25.338,27.295,1.000,0.000,0.0000
200.330,-70.876,36.304,0.308,1.561,25.354,27.309,1.000,0.000,0.0000
200.340,-70.861,36.308,0.308,1.598,25.369,27.323,1.000,0.000,0.0000
200.350,-70.844,36.312,0.309,1.635,25.386,27.338,1.000,0.000,0.0000
200.360,-70.827,36.317,0.309,1.672,25.403,27.353,1.000,0.000,0.0000
200.370,-70.810,36.322,0.310,1.710,25.420,27.369,1.000,0.000,0.0000
200.380,-70.793,36.326,0.310,1.747,25.437,27.385,1.000,0.000,0.0000
200.390,-70.775,36.331,0.311,1.784,25.455,27.401,1.000,0.000,0.0000
200.400,-70.757,36.336,0.311,1.820,25.473,27.418,1.000,0.000,0.0000
200.410,-70.738,36.341,0.311,1.854,25.492,27.435,1.000,0.000,0.0000
200.420,-70.719,36.346,0.312,1.888,25.511,27.452,1.000,0.000,0.0000
200.430,-70.700,36.351,0.312,1.924,25.530,27.469,1.000,0.000,0.0000
200.440,-70.681,36.356,0.312,1.961,25.549,27.487,1.000,0.000,0.0000
200.450,-70.661,36.362,0.312,1.998,25.569,27.506,1.000,0.000,0.0000
200.460,-70.640,36.367,0.313,2.035,25.590,27.524,1.000,0.000,0.0000
200.470,-70.620,36.373,0.313,2.073,25.610,27.543,1.000,0.000,0.0000
200.480,-70.598,36.378,0.313,2.111,25.632,27.563,1.000,0.000,0.0000
200.490,-70.577,36.384,0.313,2.150,25.653,27.583,1.000,0.000,0.0000
200.500,-70.555,36.390,0.313,2.188,25.675,27.603,1.000,0.000,0.0080
200.510,-70.533,36.396,0.313,2.226,25.697,27.623,1.000,0.000,0.0160
200.520,-70.510,36.402,0.313,2.264,25.720,27.644,1.000,0.000,0.0240
200.530,-70.487,36.408,0.312,2.302,25.743,27.666,1.000,0.000,0.0320
200.540,-70.464,36.414,0.312,2.340,25.766,27.687,1.000,0.000,0.0400
200.550,-70.440,36.421,0.312,2.378,25.790,27.709,1.000,0.000,0.0480
200.560,-70.416,36.427,0.312,2.416,25.814,27.732,1.000,0.000,0.0560
200.570,-70.391,36.434,0.312,2.454,25.839,27.754,1.000,0.000,0.0640
200.580,-70.366,36.440,0.312,2.492,25.864,27.777,1.000,0.000,0.0720
200.590,-70.341,36.447,0.311,2.530,25.889,27.801,1.000,0.000,0.0800
200.600,-70.315,36.454,0.311,2.568,25.915,27.825,1.000,0.000,0.0880
200.610,-70.289,36.461,0.311,2.605,25.941,27.849,1.000,0.000,0.0960
200.620,-70.263,36.468,0.311,2.660,25.967,27.873,1.000,0.000,0.1040
200.630,-70.236,36.475,0.310,2.710,25.994,27.898,1.000,0.000,0.1120
200.640,-70.208,36.482,0.310,2.761,26.022,27.924,1.000,0.000,0.1200
200.650,-70.180,36.489,0.310,2.814,26.050,27.950,1.000,0.000,0.1280
200.660,-70.151,36.497,0.310,2.863,26.079,27.977,1.000,0.000,0.1360
200.670,-70.122,36.505,0.309,2.909,26.108,28.004,1.000,0.000,0.1440
200.680,-70.093,36.512,0.309,2.953,26.137,28.031,1.000,0.000,0.1520
200.690,-70.063,36.520,0.309,2.995,26.167,28.059,1.000,0.000,0.1600
200.700,-70.032,36.528,0.309,3.036,26.198,28.087,1.000,0.000,0.1680
200.710,-70.002,36.536,0.309,3.077,26.228,28.116,1.000,0.000,0.1760
200.720,-69.970,36.544,0.308,3.117,26.260,28.144,1.000,0.000,0.1840
200.730,-69.939,36.552,0.308,3.156,26.291,28.174,1.000,0.000,0.1540
200.740,-69.907,36.560,0.308,3.182,26.323,28.203,0.940,0.000,0.1240
200.750,-69.875,36.568,0.308,3.189,26.355,28.233,0.880,0.000,0.0940
200.760,-69.843,36.576,0.309,3.196,26.387,28.262,0.920,0.000,0.0640
200.770,-69.811,36.584,0.309,3.207,26.419,28.292,0.960,0.000,0.0340
200.780,-69.779,36.592,0.309,3.232,26.451,28.321,1.000,0.000,0.0040
200.790,-69.746,36.600,0.310,3.268,26.484,28.352,0.940,0.000,0.0000
200.800,-69.713,36.609,0.310,3.314,26.517,28.382,0.880,0.000,0.0000
200.810,-69.679,36.617,0.310,3.365,26.551,28.413,0.820,0.000,0.0000
200.820,-69.645,36.625,0.310,3.415,26.585,28.445,0.760,0.000,0.0000
200.830,-69.611,36.633,0.311,3.463,26.619,28.477,0.700,0.000,0.0080
200.840,-69.575,36.642,0.311,3.509,26.655,28.509,0.640,0.000,0.0160
200.850,-69.540,36.650,0.311,3.553,26.690,28.542,0.580,0.000,0.0240
200.860,-69.504,36.659,0.311,3.595,26.726,28.575,0.520,0.000,0.0320
200.870,-69.468,36.667,0.311,3.635,26.762,28.609,0.460,0.000,0.0400
200.880,-69.431,36.676,0.311,3.675,26.799,28.643,0.400,0.000,0.0480
200.890,-69.394,36.685,0.311,3.715,26.836,28.678,0.340,0.000,0.0560
200.900,-69.356,36.694,0.311,3.734,26.874,28.712,0.280,0.000,0.0640
200.910,-69.319,36.702,0.311,3.733,26.911,28.747,0.220,0.000,0.0720
200.920,-69.282,36.711,0.312,3.716,26.948,28.781,0.160,0.000,0.0800
200.930,-69.245,36.720,0.312,3.688,26.985,28.815,0.100,0.000,0.0880
200.940,-69.208,36.728,0.312,3.653,27.022,28.849,0.040,0.000,0.0960
200.950,-69.172,36.737,0.313,3.616,27.058,28.882,0.000,0.000,0.1040
200.960,-69.137,36.745,0.314,3.577,27.093,28.915,0.000,0.000,0.1120
200.970,-69.101,36.753,0.315,3.538,27.129,28.948,0.000,0.000,0.1200
200.980,-69.066,36.761,0.316,3.473,27.164,28.980,0.000,0.000,0.1280
200.990,-69.032,36.769,0.317,3.421,27.198,29.011,0.000,0.000,0.1360
201.000,-68.999,36.777,0.318,3.364,27.231,29.042,0.000,0.000,0.1440
201.010,-68.966,36.784,0.319,3.312,27.264,29.072,0.000,0.000,0.1520
201.020,-68.933,36.792,0.320,3.264,27.297,29.102,0.000,0.000,0.1600
201.030,-68.901,36.799,0.322,3.219,27.329,29.132,0.000,0.000,0.1680
201.040,-68.869,36.806,0.323,3.176,27.361,29.161,0.000,0.000,0.1760
201.050,-68.838,36.813,0.324,3.133,27.392,29.189,0.000,0.000,0.1840
201.060,-68.807,36.820,0.325,3.091,27.423,29.218,0.000,0.000,0.1920
201.070,-68.776,36.827,0.326,3.048,27.454,29.246,0.000,0.000,0.2000
201.080,-68.746,36.834,0.327,3.005,27.484,29.274,0.000,0.000,0.2080
201.090,-68.717,36.840,0.327,2.961,27.513,29.301,0.000,0.000,0.2160
201.100,-68.688,36.847,0.328,2.845,27.542,29.327,0.000,0.000,0.2240
201.110,-68.661,36.853,0.329,2.770,27.569,29.353,0.000,0.000,0.2320
201.120,-68.633,36.859,0.329,2.720,27.597,29.378,0.000,0.000,0.2400
201.130,-68.606,36.865,0.330,2.706,27.624,29.403,0.000,0.000,0.2480
201.140,-68.580,36.871,0.330,2.675,27.650,29.428,0.000,0.000,0.2560
201.150,-68.553,36.877,0.330,2.650,27.677,29.452,0.000,0.000,0.2640
201.160,-68.527,36.883,0.330,2.622,27.703,29.477,0.000,0.000,0.2720
201.170,-68.501,36.889,0.330,2.587,27.729,29.501,0.000,0.000,0.2800
201.180,-68.476,36.895,0.329,2.549,27.755,29.525,0.000,0.000,0.2880
201.190,-68.450,36.900,0.329,2.508,27.780,29.548,0.000,0.000,0.2960
201.200,-68.426,36.905,0.329,2.466,27.804,29.571,0.000,0.000,0.3040
201.210,-68.402,36.910,0.328,2.423,27.828,29.594,0.000,0.000,0.3120
201.220,-68.378,36.915,0.328,2.383,27.852,29.617,0.000,0.000,0.3200
201.230,-68.355,36.919,0.328,2.256,27.875,29.638,0.000,0.000,0.3280
201.240,-68.333,36.923,0.327,2.175,27.897,29.658,0.000,0.000,0.3360
201.250,-68.312,36.927,0.327,2.116,27.918,29.678,0.000,0.000,0.3440
201.260,-68.291,36.931,0.327,2.079,27.939,29.697,0.000,0.000,0.3520
201.270,-68.271,36.934,0.326,2.049,27.959,29.717,0.000,0.000,0.3600
201.280,-68.251,36.937,0.326,2.020,27.979,29.736,0.000,0.000,0.3680
201.290,-68.230,36.941,0.325,2.032,28.000,29.755,0.000,0.000,0.3760
201.300,-68.210,36.944,0.325,2.039,28.020,29.774,0.000,0.000,0.3840
201.310,-68.190,36.948,0.324,2.039,28.040,29.793,0.000,0.000,0.3920
201.320,-68.169,36.951,0.323,2.030,28.061,29.813,0.000,0.000,0.4000
201.330,-68.149,36.954,0.322,2.015,28.081,29.832,0.000,0.000,0.4080
201.340,-68.129,36.958,0.322,1.990,28.101,29.850,0.000,0.000,0.4160
201.350,-68.110,36.961,0.321,1.958,28.120,29.869,0.040,0.000,0.4240
201.360,-68.091,36.964,0.320,1.922,28.139,29.887,0.080,0.000,0.4320
201.370,-68.072,36.967,0.320,1.883,28.158,29.905,0.120,0.000,0.4400
201.380,-68.053,36.970,0.320,1.844,28.177,29.922,0.160,0.000,0.4480
201.390,-68.035,36.973,0.319,1.815,28.195,29.939,0.200,0.000,0.4560
201.400,-68.017,36.976,0.319,1.810,28.213,29.956,0.240,0.000,0.4640
201.410,-67.999,36.979,0.318,1.828,28.231,29.974,0.280,0.000,0.4720
201.420,-67.980,36.981,0.318,1.871,28.250,29.991,0.320,0.000,0.4800
201.430,-67.961,36.984,0.317,1.917,28.269,30.009,0.360,0.000,0.4880
201.440,-67.941,36.987,0.317,1.961,28.289,30.028,0.400,0.000,0.4960
201.450,-67.921,36.990,0.316,2.002,28.309,30.047,0.440,0.000,0.5000
201.460,-67.901,36.993,0.315,2.037,28.329,30.066,0.480,0.000,0.5000
201.470,-67.880,36.996,0.315,2.066,28.350,30.086,0.520,0.000,0.4700
201.480,-67.860,36.999,0.314,2.081,28.370,30.105,0.560,0.000,0.4400
201.490,-67.839,37.002,0.314,2.087,28.391,30.125,0.600,0.000,0.4100
201.500,-67.818,37.005,0.313,2.089,28.412,30.145,0.640,0.000,0.3800
201.510,-67.797,37.008,0.313,2.092,28.433,30.164,0.680,0.000,0.3500
201.520,-67.776,37.010,0.313,2.099,28.454,30.184,0.720,0.000,0.3200
201.530,-67.755,37.013,0.312,2.113,28.475,30.204,0.760,0.000,0.2900
201.540,-67.733,37.016,0.312,2.136,28.497,30.224,0.800,0.000,0.2600
201.550,-67.712,37.018,0.312,2.166,28.518,30.244,0.840,0.000,0.2300
201.560,-67.690,37.021,0.312,2.201,28.540,30.265,0.880,0.000,0.2000
201.570,-67.667,37.023,0.312,2.241,28.563,30.286,0.920,0.000,0.1700
201.580,-67.645,37.026,0.312,2.285,28.585,30.307,0.960,0.000,0.1400
201.590,-67.621,37.029,0.312,2.332,28.609,30.329,1.000,0.000,0.1100
201.600,-67.597,37.031,0.311,2.380,28.633,30.351,1.000,0.000,0.0800
201.610,-67.573,37.034,0.311,2.429,28.657,30.374,1.000,0.000,0.0500
201.620,-67.548,37.036,0.311,2.477,28.682,30.397,1.000,0.000,0.0200
201.630,-67.523,37.039,0.311,2.525,28.707,30.421,1.000,0.000,0.0000
201.640,-67.497,37.041,0.311,2.575,28.733,30.445,1.000,0.000,0.0000
201.650,-67.471,37.044,0.310,2.634,28.759,30.470,1.000,0.000,0.0000
201.660,-67.444,37.046,0.310,2.699,28.786,30.495,1.000,0.000,0.0000
201.670,-67.416,37.049,0.310,2.767,28.814,30.521,1.000,0.000,0.0000
201.680,-67.388,37.051,0.309,2.835,28.842,30.548,1.000,0.000,0.0000
201.690,-67.359,37.054,0.309,2.903,28.871,30.575,1.000,0.000,0.0000
201.700,-67.329,37.056,0.309,2.970,28.901,30.603,1.000,0.000,0.0000
201.710,-67.299,37.059,0.308,3.033,28.931,30.632,1.000,0.000,0.0000
201.720,-67.268,37.062,0.308,3.092,28.962,30.661,1.000,0.000,0.0000
201.730,-67.237,37.064,0.308,3.149,28.993,30.691,1.000,0.000,0.0000
201.740,-67.205,37.067,0.307,3.202,29.025,30.721,1.000,0.000,0.0000
201.750,-67.172,37.070,0.307,3.259,29.058,30.751,1.000,0.000,0.0000
201.760,-67.139,37.073,0.307,3.315,29.091,30.783,1.000,0.000,0.0000
201.770,-67.105,37.075,0.307,3.368,29.125,30.814,1.000,0.000,0.0000
201.780,-67.071,37.078,0.306,3.418,29.159,30.846,1.000,0.000,0.0000
201.790,-67.036,37.081,0.306,3.464,29.194,30.879,1.000,0.000,0.0000
201.800,-67.001,37.084,0.306,3.507,29.229,30.912,1.000,0.000,0.0000
201.810,-66.966,37.087,0.306,3.548,29.264,30.945,1.000,0.000,0.0000
201.820,-66.930,37.090,0.306,3.588,29.300,30.979,1.000,0.000,0.0000
201.830,-66.894,37.093,0.307,3.628,29.336,31.013,1.000,0.000,0.0000
201.840,-66.857,37.095,0.307,3.668,29.373,31.047,1.000,0.000,0.0000
201.850,-66.820,37.098,0.307,3.707,29.410,31.082,1.000,0.000,0.0000
201.860,-66.782,37.101,0.307,3.746,29.448,31.117,1.000,0.000,0.0000
201.870,-66.745,37.104,0.308,3.786,29.485,31.152,1.000,0.000,0.0000
201.880,-66.706,37.107,0.308,3.830,29.524,31.188,1.000,0.000,0.0000
201.890,-66.667,37.110,0.308,3.874,29.563,31.224,1.000,0.000,0.0000
201.900,-66.628,37.114,0.309,3.918,29.602,31.261,1.000,0.000,0.0000
201.910,-66.589,37.117,0.309,3.961,29.641,31.298,1.000,0.000,0.0000
201.920,-66.549,37.120,0.309,4.003,29.681,31.336,1.000,0.000,0.0000
201.930,-66.508,37.123,0.310,4.044,29.722,31.374,1.000,0.000,0.0000
201.940,-66.467,37.126,0.310,4.087,29.763,31.412,1.000,0.000,0.0000
201.950,-66.426,37.129,0.310,4.131,29.804,31.451,1.000,0.000,0.0000
201.960,-66.384,37.132,0.310,4.174,29.846,31.490,1.000,0.000,0.0000
201.970,-66.342,37.136,0.311,4.216,29.888,31.530,1.000,0.000,0.0000
201.980,-66.300,37.139,0.311,4.258,29.930,31.569,1.000,0.000,0.0000
201.990,-66.257,37.142,0.311,4.298,29.973,31.610,1.000,0.000,0.0000
202.000,-66.213,37.146,0.311,4.337,30.017,31.651,1.000,0.000,0.0000
202.010,-66.169,37.149,0.311,4.375,30.061,31.692,1.000,0.000,0.0000
202.020,-66.125,37.153,0.311,4.413,30.105,31.733,1.000,0.000,0.0000
202.030,-66.081,37.156,0.311,4.450,30.149,31.775,1.000,0.000,0.0000
202.040,-66.036,37.160,0.312,4.488,30.194,31.817,1.000,0.000,0.0000
202.050,-65.991,37.163,0.312,4.518,30.239,31.860,1.000,0.000,0.0000
202.060,-65.945,37.167,0.312,4.550,30.285,31.903,1.000,0.000,0.0000
202.070,-65.899,37.170,0.312,4.585,30.331,31.946,1.000,0.000,0.0000
202.080,-65.853,37.174,0.312,4.621,30.377,31.989,1.000,0.000,0.0000
202.090,-65.807,37.177,0.312,4.659,30.423,32.033,1.000,0.000,0.0000
202.100,-65.760,37.181,0.312,4.698,30.470,32.078,1.000,0.000,0.0000
202.110,-65.712,37.185,0.312,4.736,30.518,32.122,1.000,0.000,0.0000
202.120,-65.665,37.188,0.312,4.774,30.565,32.167,1.000,0.000,0.0000
202.130,-65.617,37.192,0.313,4.777,30.613,32.212,1.000,0.000,0.0000
202.140,-65.569,37.196,0.314,4.829,30.661,32.257,1.000,0.000,0.0000
202.150,-65.520,37.201,0.317,4.836,30.710,32.302,1.000,0.000,0.0000
202.160,-65.471,37.205,0.320,4.912,30.759,32.347,1.000,0.000,0.0000
202.170,-65.421,37.209,0.323,4.983,30.809,32.393,1.000,0.000,0.0000
202.180,-65.371,37.213,0.326,5.045,30.859,32.439,1.000,0.000,0.0000
202.190,-65.320,37.217,0.330,5.102,30.910,32.486,1.000,0.000,0.0000
202.200,-65.269,37.221,0.333,5.155,30.961,32.534,1.000,0.000,0.0000
202.210,-65.217,37.225,0.336,5.203,31.013,32.582,1.000,0.000,0.0000
202.220,-65.164,37.229,0.340,5.248,31.066,32.630,1.000,0.000,0.0000
202.230,-65.112,37.233,0.343,5.289,31.118,32.679,1.000,0.000,0.0000
202.240,-65.058,37.237,0.346,5.328,31.172,32.728,1.000,0.000,0.0000
202.250,-65.005,37.242,0.349,5.365,31.225,32.778,1.000,0.000,0.0000
202.260,-64.951,37.246,0.352,5.401,31.279,32.828,1.000,0.000,0.0000
202.270,-64.897,37.250,0.354,5.429,31.333,32.879,1.000,0.000,0.0000
202.280,-64.842,37.254,0.356,5.459,31.388,32.930,1.000,0.000,0.0000
202.290,-64.787,37.258,0.358,5.492,31.443,32.981,1.000,0.000,0.0000
202.300,-64.732,37.261,0.360,5.527,31.498,33.033,1.000,0.000,0.0000
202.310,-64.676,37.265,0.361,5.563,31.554,33.085,1.000,0.000,0.0000
202.320,-64.620,37.270,0.363,5.599,31.610,33.137,1.000,0.000,0.0000
202.330,-64.564,37.274,0.364,5.635,31.666,33.190,1.000,0.000,0.0000
202.340,-64.507,37.278,0.364,5.670,31.723,33.244,1.000,0.000,0.0000
202.350,-64.450,37.282,0.364,5.704,31.780,33.298,1.000,0.000,0.0000
202.360,-64.393,37.286,0.365,5.737,31.837,33.352,1.000,0.000,0.0000
202.370,-64.335,37.290,0.365,5.769,31.895,33.407,1.000,0.000,0.0000
202.380,-64.277,37.294,0.364,5.805,31.953,33.462,1.000,0.000,0.0000
202.390,-64.219,37.298,0.364,5.844,32.011,33.518,1.000,0.000,0.0000
202.400,-64.160,37.303,0.363,5.888,32.070,33.574,1.000,0.000,0.0000
202.410,-64.101,37.307,0.362,5.936,32.129,33.630,1.000,0.000,0.0000
202.420,-64.041,37.311,0.361,5.983,32.189,33.687,1.000,0.000,0.0000
202.430,-63.981,37.316,0.360,6.029,32.250,33.745,1.000,0.000,0.0000
202.440,-63.920,37.320,0.359,6.073,32.310,33.803,1.000,0.000,0.0000
202.450,-63.859,37.325,0.358,6.113,32.371,33.861,1.000,0.000,0.0000
202.460,-63.797,37.329,0.357,6.152,32.433,33.920,1.000,0.000,0.0000
202.470,-63.735,37.334,0.355,6.187,32.495,33.979,1.000,0.000,0.0000
202.480,-63.673,37.338,0.354,6.218,32.557,34.038,1.000,0.000,0.0000
202.490,-63.611,37.343,0.353,6.250,32.619,34.098,1.000,0.000,0.0000
202.500,-63.548,37.348,0.352,6.285,32.682,34.158,1.000,0.000,0.0000
202.510,-63.485,37.352,0.351,6.322,32.745,34.219,1.000,0.000,0.0000
202.520,-63.421,37.357,0.350,6.361,32.809,34.279,1.000,0.000,0.0000
202.530,-63.357,37.362,0.349,6.399,32.873,34.340,1.000,0.000,0.0000
202.540,-63.293,37.367,0.348,6.438,32.937,34.402,1.000,0.000,0.0000
202.550,-63.228,37.372,0.348,6.473,33.002,34.464,1.000,0.000,0.0000
202.560,-63.163,37.377,0.347,6.508,33.067,34.526,1.000,0.000,0.0000
202.570,-63.097,37.382,0.346,6.548,33.133,34.588,1.000,0.000,0.0000
202.580,-63.031,37.387,0.346,6.594,33.199,34.651,1.000,0.000,0.0000
202.590,-62.965,37.392,0.346,6.645,33.265,34.714,1.000,0.000,0.0000
202.600,-62.898,37.397,0.345,6.697,33.332,34.778,1.000,0.000,0.0000
202.610,-62.831,37.402,0.345,6.746,33.399,34.842,1.000,0.000,0.0000
202.620,-62.763,37.407,0.345,6.794,33.467,34.907,1.000,0.000,0.0000
202.630,-62.694,37.412,0.345,6.838,33.536,34.972,1.000,0.000,0.0000
202.640,-62.625,37.418,0.345,6.880,33.605,35.038,1.000,0.000,0.0000
202.650,-62.556,37.423,0.345,6.915,33.674,35.104,1.000,0.000,0.0000
202.660,-62.487,37.428,0.345,6.948,33.743,35.170,1.000,0.000,0.0000
202.670,-62.417,37.433,0.346,6.982,33.813,35.236,1.000,0.000,0.0000
202.680,-62.347,37.438,0.346,7.018,33.883,35.303,1.000,0.000,0.0000
202.690,-62.276,37.443,0.346,7.057,33.954,35.370,1.000,0.000,0.0000
202.700,-62.205,37.449,0.347,7.096,34.025,35.438,1.000,0.000,0.0000
202.710,-62.134,37.454,0.347,7.134,34.096,35.506,1.000,0.000,0.0000
202.720,-62.062,37.459,0.348,7.168,34.168,35.574,1.000,0.000,0.0000
202.730,-61.990,37.464,0.348,7.202,34.240,35.642,1.000,0.000,0.0000
202.740,-61.918,37.470,0.349,7.240,34.312,35.711,1.000,0.000,0.0000
202.750,-61.845,37.475,0.349,7.283,34.385,35.781,1.000,0.000,0.0000
202.760,-61.772,37.480,0.350,7.332,34.458,35.851,1.000,0.000,0.0000
202.770,-61.698,37.485,0.350,7.382,34.532,35.921,1.000,0.000,0.0000
202.780,-61.624,37.491,0.350,7.431,34.606,35.992,1.000,0.000,0.0000
202.790,-61.549,37.496,0.350,7.478,34.681,36.063,1.000,0.000,0.0000
202.800,-61.474,37.501,0.351,7.522,34.756,36.135,1.000,0.000,0.0000
202.810,-61.398,37.507,0.351,7.564,34.832,36.207,1.000,0.000,0.0000
202.820,-61.322,37.512,0.351,7.597,34.908,36.280,1.000,0.000,0.0000
202.830,-61.246,37.518,0.351,7.629,34.984,36.353,1.000,0.000,0.0000
202.840,-61.169,37.523,0.351,7.662,35.061,36.426,1.000,0.000,0.0000
202.850,-61.092,37.529,0.352,7.698,35.138,36.499,1.000,0.000,0.0000
202.860,-61.015,37.534,0.352,7.734,35.215,36.573,1.000,0.000,0.0000
202.870,-60.937,37.540,0.352,7.770,35.293,36.648,1.000,0.000,0.0000
202.880,-60.859,37.545,0.352,7.802,35.371,36.722,1.000,0.000,0.0000
202.890,-60.781,37.551,0.352,7.836,35.449,36.797,1.000,0.000,0.0000
202.900,-60.702,37.557,0.352,7.876,35.528,36.873,1.000,0.000,0.0000
202.910,-60.623,37.563,0.352,7.923,35.607,36.949,1.000,0.000,0.0000
202.920,-60.543,37.569,0.352,7.972,35.687,37.025,1.000,0.000,0.0000
202.930,-60.463,37.575,0.352,8.016,35.767,37.102,1.000,0.000,0.0000
202.940,-60.382,37.581,0.352,8.060,35.848,37.179,1.000,0.000,0.0000
202.950,-60.301,37.587,0.351,8.100,35.929,37.257,1.000,0.000,0.0000
202.960,-60.220,37.593,0.351,8.098,36.010,37.334,1.000,0.000,0.0000
202.970,-60.139,37.599,0.351,8.092,36.091,37.412,1.000,0.000,0.0000
202.980,-60.058,37.605,0.352,8.087,36.172,37.489,1.000,0.000,0.0000
202.990,-59.978,37.610,0.352,8.082,36.252,37.567,1.000,0.000,0.0000
203.000,-59.897,37.616,0.352,8.078,36.333,37.644,1.000,0.000,0.0000
203.010,-59.815,37.622,0.352,8.186,36.415,37.723,1.000,0.000,0.0000
203.020,-59.733,37.628,0.352,8.188,36.497,37.801,1.000,0.000,0.0000
203.030,-59.650,37.634,0.352,8.289,36.580,37.881,1.000,0.000,0.0000
203.040,-59.566,37.640,0.352,8.380,36.664,37.961,1.000,0.000,0.0000
203.050,-59.482,37.646,0.351,8.462,36.748,38.043,1.000,0.000,0.0000
203.060,-59.396,37.652,0.351,8.533,36.834,38.125,1.000,0.000,0.0000
203.070,-59.311,37.659,0.350,8.593,36.920,38.207,1.000,0.000,0.0000
203.080,-59.224,37.665,0.350,8.646,37.006,38.290,1.000,0.000,0.0000
203.090,-59.137,37.671,0.349,8.692,37.093,38.374,1.000,0.000,0.0000
203.100,-59.050,37.677,0.349,8.732,37.180,38.458,1.000,0.000,0.0000
203.110,-58.962,37.683,0.349,8.762,37.268,38.542,1.000,0.000,0.0000
203.120,-58.874,37.689,0.348,8.792,37.356,38.627,1.000,0.000,0.0000
203.130,-58.786,37.695,0.348,8.824,37.444,38.712,1.000,0.000,0.0000
203.140,-58.697,37.701,0.348,8.857,37.533,38.797,1.000,0.000,0.0000
203.150,-58.609,37.708,0.348,8.891,37.621,38.882,1.000,0.000,0.0000
203.160,-58.519,37.714,0.348,8.923,37.711,38.968,1.000,0.000,0.0000
203.170,-58.430,37.720,0.348,8.947,37.800,39.054,1.000,0.000,0.0000
203.180,-58.340,37.727,0.348,8.983,37.890,39.141,1.000,0.000,0.0000
203.190,-58.250,37.733,0.348,9.023,37.980,39.227,1.000,0.000,0.0000
203.200,-58.159,37.740,0.348,9.068,38.071,39.315,1.000,0.000,0.0000
203.210,-58.068,37.746,0.349,9.114,38.162,39.402,1.000,0.000,0.0000
203.220,-57.976,37.753,0.349,9.161,38.254,39.491,1.000,0.000,0.0000
203.230,-57.884,37.760,0.349,9.206,38.346,39.579,1.000,0.000,0.0000
203.240,-57.792,37.766,0.349,9.248,38.438,39.668,1.000,0.000,0.0000
203.250,-57.699,37.773,0.349,9.283,38.531,39.758,1.000,0.000,0.0000
203.260,-57.606,37.780,0.349,9.319,38.624,39.847,1.000,0.000,0.0000
203.270,-57.512,37.786,0.349,9.356,38.718,39.937,1.000,0.000,0.0000
203.280,-57.418,37.793,0.349,9.393,38.812,40.028,1.000,0.000,0.0000
203.290,-57.324,37.800,0.349,9.427,38.906,40.119,1.000,0.000,0.0000
203.300,-57.230,37.807,0.349,9.450,39.000,40.210,1.000,0.000,0.0000
203.310,-57.135,37.815,0.347,9.480,39.095,40.302,1.000,0.000,0.0000
203.320,-57.040,37.822,0.344,9.516,39.190,40.394,1.000,0.000,0.0000
203.330,-56.944,37.829,0.341,9.558,39.286,40.487,1.000,0.000,0.0000
203.340,-56.848,37.836,0.337,9.601,39.382,40.581,1.000,0.000,0.0000
203.350,-56.752,37.843,0.333,9.649,39.478,40.675,1.000,0.000,0.0000
203.360,-56.655,37.850,0.330,9.695,39.575,40.770,1.000,0.000,0.0000
203.370,-56.558,37.857,0.325,9.734,39.672,40.864,1.000,0.000,0.0000
203.380,-56.460,37.863,0.321,9.770,39.770,40.960,1.000,0.000,0.0000
203.390,-56.362,37.870,0.318,9.808,39.868,41.055,1.000,0.000,0.0000
203.400,-56.264,37.877,0.314,9.847,39.966,41.151,1.000,0.000,0.0000
203.410,-56.165,37.884,0.311,9.885,40.065,41.248,1.000,0.000,0.0000
203.420,-56.066,37.891,0.308,9.920,40.164,41.344,1.000,0.000,0.0000
203.430,-55.966,37.898,0.305,9.955,40.264,41.441,1.000,0.000,0.0000
203.440,-55.866,37.905,0.302,9.997,40.364,41.538,1.000,0.000,0.0000
203.450,-55.766,37.912,0.300,10.046,40.464,41.636,1.000,0.000,0.0000
203.460,-55.665,37.919,0.298,10.098,40.565,41.734,1.000,0.000,0.0000
203.470,-55.563,37.926,0.296,10.149,40.667,41.832,1.000,0.000,0.0000
203.480,-55.461,37.933,0.295,10.197,40.769,41.931,1.000,0.000,0.0000
203.490,-55.359,37.941,0.294,10.237,40.871,42.031,1.000,0.000,0.0000
203.500,-55.256,37.948,0.293,10.278,40.974,42.130,1.000,0.000,0.0000
203.510,-55.153,37.955,0.293,10.319,41.077,42.230,1.000,0.000,0.0000
203.520,-55.049,37.962,0.293,10.359,41.181,42.330,1.000,0.000,0.0000
203.530,-54.946,37.969,0.293,10.396,41.284,42.431,1.000,0.000,0.0000
203.540,-54.841,37.976,0.294,10.424,41.389,42.531,1.000,0.000,0.0000
203.550,-54.737,37.984,0.295,10.461,41.493,42.632,1.000,0.000,0.0000
203.560,-54.632,37.991,0.295,10.509,41.598,42.734,1.000,0.000,0.0000
203.570,-54.526,37.998,0.296,10.560,41.704,42.836,1.000,0.000,0.0000
203.580,-54.420,38.005,0.298,10.613,41.810,42.938,1.000,0.000,0.0000
203.590,-54.313,38.012,0.299,10.662,41.917,43.041,1.000,0.000,0.0000
203.600,-54.206,38.020,0.300,10.708,42.024,43.145,1.000,0.000,0.0000
203.610,-54.099,38.027,0.302,10.747,42.131,43.248,1.000,0.000,0.0000
203.620,-53.991,38.034,0.303,10.785,42.239,43.353,1.000,0.000,0.0000
203.630,-53.883,38.041,0.304,10.822,42.347,43.457,1.000,0.000,0.0000
203.640,-53.774,38.049,0.306,10.856,42.456,43.562,1.000,0.000,0.0000
203.650,-53.665,38.056,0.307,10.886,42.565,43.667,1.000,0.000,0.0000
203.660,-53.556,38.064,0.308,10.919,42.674,43.773,1.000,0.000,0.0000
203.670,-53.446,38.071,0.310,10.960,42.784,43.879,1.000,0.000,0.0000
203.680,-53.336,38.079,0.311,11.006,42.894,43.985,1.000,0.000,0.0000
203.690,-53.226,38.086,0.312,11.053,43.004,44.092,1.000,0.000,0.0000
203.700,-53.115,38.094,0.313,11.096,43.115,44.200,1.000,0.000,0.0000
203.710,-53.004,38.101,0.314,11.124,43.226,44.307,1.000,0.000,0.0000
203.720,-52.892,38.109,0.314,11.150,43.338,44.415,1.000,0.000,0.0000
203.730,-52.781,38.117,0.315,11.166,43.449,44.524,1.000,0.000,0.0000
203.740,-52.669,38.124,0.316,11.173,43.561,44.632,1.000,0.000,0.0000
203.750,-52.557,38.132,0.316,11.171,43.673,44.740,1.000,0.000,0.0000
203.760,-52.446,38.140,0.317,11.157,43.784,44.848,1.000,0.000,0.0000
203.770,-52.334,38.147,0.317,11.155,43.896,44.957,1.000,0.000,0.0000
203.780,-52.222,38.155,0.318,11.160,44.008,45.065,1.000,0.000,0.0000
203.790,-52.111,38.163,0.318,11.167,44.119,45.173,1.000,0.000,0.0000
203.800,-51.999,38.170,0.319,11.175,44.231,45.282,1.000,0.000,0.0000
203.810,-51.887,38.178,0.319,11.181,44.343,45.390,1.000,0.000,0.0000
203.820,-51.775,38.185,0.319,11.178,44.455,45.499,1.000,0.000,0.0080
203.830,-51.664,38.193,0.319,11.175,44.566,45.607,1.000,0.000,0.0160
203.840,-51.552,38.200,0.320,11.172,44.678,45.716,1.000,0.000,0.0240
203.850,-51.440,38.208,0.320,11.166,44.790,45.825,1.000,0.000,0.0320
203.860,-51.329,38.216,0.320,11.157,44.901,45.933,1.000,0.000,0.0400
203.870,-51.217,38.223,0.320,11.157,45.013,46.042,1.000,0.000,0.0480
203.880,-51.105,38.231,0.320,11.166,45.125,46.150,1.000,0.000,0.0560
203.890,-50.994,38.239,0.320,11.180,45.236,46.259,1.000,0.000,0.0640
203.900,-50.882,38.247,0.319,11.196,45.348,46.368,1.000,0.000,0.0720
203.910,-50.770,38.254,0.319,11.210,45.460,46.477,1.000,0.000,0.0800
203.920,-50.658,38.262,0.319,11.193,45.572,46.586,1.000,0.000,0.0880
203.930,-50.546,38.270,0.319,11.177,45.684,46.695,1.000,0.000,0.0960
203.940,-50.434,38.277,0.319,11.166,45.796,46.804,1.000,0.000,0.1040
203.950,-50.323,38.284,0.318,11.158,45.907,46.912,1.000,0.000,0.1120
203.960,-50.211,38.291,0.318,11.150,46.019,47.021,1.000,0.000,0.1200
203.970,-50.100,38.298,0.318,11.141,46.130,47.129,1.000,0.000,0.1280
203.980,-49.989,38.305,0.318,11.098,46.241,47.238,1.000,0.000,0.1360
203.990,-49.878,38.311,0.318,11.066,46.352,47.345,1.000,0.000,0.1060
204.000,-49.768,38.317,0.318,11.060,46.462,47.453,1.000,0.000,0.0760
204.010,-49.657,38.323,0.318,11.072,46.573,47.561,1.000,0.000,0.0460
204.020,-49.546,38.328,0.318,11.096,46.684,47.669,1.000,0.000,0.0160
204.030,-49.435,38.333,0.318,11.115,46.795,47.778,1.000,0.000,0.0000
204.040,-49.323,38.338,0.318,11.132,46.907,47.886,1.000,0.000,0.0000
204.050,-49.212,38.342,0.318,11.147,47.018,47.995,1.000,0.000,0.0000
204.060,-49.100,38.346,0.317,11.156,47.130,48.104,1.000,0.000,0.0000
204.070,-48.989,38.349,0.317,11.159,47.241,48.212,1.000,0.000,0.0000
204.080,-48.877,38.353,0.317,11.156,47.353,48.321,1.000,0.000,0.0000
204.090,-48.766,38.356,0.317,11.147,47.464,48.430,1.000,0.000,0.0000
204.100,-48.654,38.359,0.317,11.145,47.576,48.539,1.000,0.000,0.0000
204.110,-48.543,38.361,0.317,11.137,47.687,48.647,1.000,0.000,0.0000
204.120,-48.432,38.364,0.317,11.138,47.798,48.756,1.000,0.000,0.0000
204.130,-48.320,38.366,0.316,11.146,47.910,48.865,1.000,0.000,0.0000
204.140,-48.209,38.369,0.316,11.157,48.022,48.974,1.000,0.000,0.0000
204.150,-48.097,38.371,0.316,11.168,48.133,49.083,1.000,0.000,0.0000
204.160,-47.985,38.373,0.316,11.176,48.245,49.192,1.000,0.000,0.0000
204.170,-47.873,38.375,0.316,11.179,48.357,49.301,1.000,0.000,0.0000
204.180,-47.762,38.378,0.316,11.170,48.468,49.410,1.000,0.000,0.0000
204.190,-47.650,38.380,0.316,11.159,48.580,49.519,1.000,0.000,0.0000
204.200,-47.538,38.382,0.316,11.165,48.692,49.628,1.000,0.000,0.0000
204.210,-47.427,38.384,0.316,11.175,48.803,49.737,1.000,0.000,0.0000
204.220,-47.315,38.385,0.316,11.185,48.915,49.846,1.000,0.000,0.0000
204.230,-47.203,38.387,0.316,11.192,49.027,49.956,1.000,0.000,0.0000
204.240,-47.091,38.389,0.316,11.189,49.139,50.065,1.000,0.000,0.0000
204.250,-46.979,38.391,0.316,11.189,49.251,50.174,1.000,0.000,0.0000
204.260,-46.867,38.392,0.316,11.190,49.363,50.284,1.000,0.000,0.0000
204.270,-46.755,38.394,0.316,11.190,49.475,50.393,1.000,0.000,0.0000
204.280,-46.643,38.396,0.316,11.187,49.587,50.502,1.000,0.000,0.0000
204.290,-46.532,38.398,0.316,11.172,49.698,50.611,1.000,0.000,0.0000
204.300,-46.420,38.400,0.316,11.166,49.810,50.721,1.000,0.000,0.0000
204.310,-46.308,38.402,0.316,11.167,49.922,50.830,1.000,0.000,0.0000
204.320,-46.197,38.404,0.316,11.173,50.033,50.939,1.000,0.000,0.0000
204.330,-46.085,38.406,0.317,11.178,50.145,51.048,1.000,0.000,0.0000
204.340,-45.973,38.408,0.317,11.181,50.257,51.158,1.000,0.000,0.0000
204.350,-45.861,38.410,0.317,11.183,50.369,51.267,1.000,0.000,0.0000
204.360,-45.749,38.412,0.317,11.186,50.481,51.376,1.000,0.000,0.0000
204.370,-45.637,38.414,0.317,11.188,50.593,51.486,1.000,0.000,0.0000
204.380,-45.526,38.416,0.317,11.188,50.704,51.595,1.000,0.000,0.0000
204.390,-45.414,38.418,0.317,11.184,50.816,51.705,1.000,0.000,0.0000
204.400,-45.302,38.420,0.317,11.174,50.928,51.814,1.000,0.000,0.0000
204.410,-45.190,38.422,0.317,11.171,51.040,51.923,1.000,0.000,0.0000
204.420,-45.078,38.424,0.317,11.174,51.152,52.032,1.000,0.000,0.0000
204.430,-44.967,38.426,0.317,11.179,51.263,52.142,1.000,0.000,0.0000
204.440,-44.855,38.428,0.317,11.184,51.375,52.251,1.000,0.000,0.0000
204.450,-44.743,38.429,0.317,11.182,51.487,52.361,1.000,0.000,0.0000
204.460,-44.631,38.431,0.317,11.182,51.599,52.470,1.000,0.000,0.0000
204.470,-44.519,38.433,0.317,11.184,51.711,52.580,1.000,0.000,0.0000
204.480,-44.408,38.435,0.317,11.186,51.822,52.689,1.000,0.000,0.0080
204.490,-44.296,38.437,0.317,11.184,51.934,52.799,1.000,0.000,0.0160
204.500,-44.184,38.439,0.317,11.179,52.046,52.908,1.000,0.000,0.0240
204.510,-44.072,38.440,0.317,11.179,52.158,53.018,1.000,0.000,0.0320
204.520,-43.960,38.442,0.317,11.187,52.270,53.127,1.000,0.000,0.0400
204.530,-43.848,38.444,0.317,11.199,52.382,53.237,1.000,0.000,0.0480
204.540,-43.736,38.446,0.317,11.211,52.494,53.347,1.000,0.000,0.0560
204.550,-43.624,38.448,0.317,11.198,52.606,53.457,1.000,0.000,0.0640
204.560,-43.512,38.450,0.317,11.178,52.718,53.566,1.000,0.000,0.0720
204.570,-43.401,38.452,0.317,11.176,52.829,53.676,1.000,0.000,0.0800
204.580,-43.289,38.454,0.317,11.178,52.941,53.785,1.000,0.000,0.0880
204.590,-43.177,38.455,0.317,11.180,53.053,53.895,1.000,0.000,0.0960
204.600,-43.065,38.457,0.317,11.179,53.165,54.004,1.000,0.000,0.0660
204.610,-42.954,38.458,0.317,11.154,53.276,54.114,1.000,0.000,0.0360
204.620,-42.842,38.459,0.317,11.183,53.388,54.223,1.000,0.000,0.0060
204.630,-42.730,38.460,0.317,11.190,53.500,54.333,1.000,0.000,0.0000
204.640,-42.618,38.461,0.317,11.196,53.612,54.443,1.000,0.000,0.0000
204.650,-42.506,38.461,0.317,11.198,53.724,54.553,1.000,0.000,0.0000
204.660,-42.394,38.461,0.317,11.189,53.836,54.662,1.000,0.000,0.0000
204.670,-42.282,38.461,0.317,11.184,53.948,54.772,1.000,0.000,0.0000
204.680,-42.170,38.461,0.317,11.184,54.060,54.882,1.000,0.000,0.0000
204.690,-42.059,38.461,0.317,11.186,54.171,54.991,1.000,0.000,0.0000
204.700,-41.947,38.460,0.317,11.186,54.283,55.101,1.000,0.000,0.0000
204.710,-41.835,38.460,0.317,11.182,54.395,55.211,1.000,0.000,0.0000
204.720,-41.723,38.459,0.317,11.169,54.507,55.320,1.000,0.000,0.0000
204.730,-41.612,38.459,0.317,11.152,54.618,55.430,1.000,0.000,0.0000
204.740,-41.500,38.458,0.317,11.152,54.730,55.539,1.000,0.000,0.0000
204.750,-41.389,38.457,0.317,11.155,54.841,55.649,1.000,0.000,0.0000
204.760,-41.277,38.457,0.317,11.156,54.953,55.758,1.000,0.000,0.0000
204.770,-41.165,38.456,0.317,11.162,55.065,55.868,1.000,0.000,0.0000
204.780,-41.054,38.455,0.317,11.171,55.176,55.977,1.000,0.000,0.0000
204.790,-40.942,38.454,0.317,11.179,55.288,56.087,1.000,0.000,0.0000
204.800,-40.830,38.453,0.317,11.184,55.400,56.197,1.000,0.000,0.0000
204.810,-40.718,38.452,0.317,11.185,55.512,56.307,1.000,0.000,0.0000
204.820,-40.607,38.451,0.317,11.175,55.623,56.416,1.000,0.000,0.0000
204.830,-40.495,38.450,0.317,11.170,55.735,56.526,1.000,0.000,0.0000
204.840,-40.383,38.449,0.317,11.169,55.847,56.636,1.000,0.000,0.0000
204.850,-40.271,38.448,0.317,11.170,55.959,56.746,1.000,0.000,0.0000
204.860,-40.160,38.447,0.317,11.172,56.070,56.855,1.000,0.000,0.0000
204.870,-40.048,38.446,0.317,11.169,56.182,56.965,1.000,0.000,0.0000
204.880,-39.936,38.445,0.317,11.171,56.294,57.075,1.000,0.000,0.0000
204.890,-39.825,38.444,0.317,11.176,56.405,57.184,1.000,0.000,0.0000
204.900,-39.713,38.443,0.317,11.181,56.517,57.294,1.000,0.000,0.0000
204.910,-39.601,38.441,0.317,11.184,56.629,57.404,1.000,0.000,0.0000
204.920,-39.489,38.440,0.317,11.183,56.741,57.514,1.000,0.000,0.0000
204.930,-39.377,38.439,0.317,11.173,56.853,57.624,1.000,0.000,0.0000
204.940,-39.266,38.438,0.317,11.167,56.964,57.734,1.000,0.000,0.0000
204.950,-39.154,38.438,0.317,11.166,57.076,57.843,1.000,0.000,0.0000
204.960,-39.042,38.437,0.317,11.167,57.188,57.953,1.000,0.000,0.0000
204.970,-38.931,38.436,0.317,11.168,57.299,58.063,1.000,0.000,0.0000
204.980,-38.819,38.435,0.317,11.168,57.411,58.173,1.000,0.000,0.0000
204.990,-38.707,38.434,0.317,11.173,57.523,58.282,1.000,0.000,0.0000
205.000,-38.595,38.433,0.317,11.179,57.635,58.392,1.000,0.000,0.0000
205.010,-38.484,38.432,0.317,11.184,57.746,58.502,1.000,0.000,0.0000
205.020,-38.372,38.431,0.317,11.186,57.858,58.612,1.000,0.000,0.0000
205.030,-38.260,38.430,0.317,11.183,57.970,58.722,1.000,0.000,0.0000
205.040,-38.148,38.429,0.317,11.174,58.082,58.832,1.000,0.000,0.0000
205.050,-38.037,38.428,0.317,11.171,58.193,58.942,1.000,0.000,0.0000
205.060,-37.925,38.427,0.317,11.170,58.305,59.052,1.000,0.000,0.0000
205.070,-37.813,38.426,0.317,11.171,58.417,59.162,1.000,0.000,0.0000
205.080,-37.701,38.424,0.317,11.167,58.529,59.271,1.000,0.000,0.0000
205.090,-37.590,38.423,0.317,11.168,58.640,59.381,1.000,0.000,0.0000
205.100,-37.478,38.422,0.317,11.173,58.752,59.491,1.000,0.000,0.0000
205.110,-37.366,38.421,0.317,11.179,58.864,59.601,1.000,0.000,0.0000
205.120,-37.254,38.420,0.317,11.184,58.976,59.711,1.000,0.000,0.0000
205.130,-37.143,38.419,0.317,11.184,59.087,59.821,1.000,0.000,0.0000
205.140,-37.031,38.418,0.317,11.173,59.199,59.931,1.000,0.000,0.0000
205.150,-36.919,38.417,0.317,11.176,59.311,60.041,1.000,0.000,0.0000
205.160,-36.807,38.416,0.317,11.175,59.423,60.151,1.000,0.000,0.0000
205.170,-36.696,38.414,0.317,11.174,59.534,60.261,1.000,0.000,0.0000
205.180,-36.584,38.413,0.317,11.173,59.646,60.371,1.000,0.000,0.0000
205.190,-36.472,38.412,0.317,11.170,59.758,60.481,1.000,0.000,0.0000
205.200,-36.360,38.411,0.317,11.172,59.870,60.591,1.000,0.000,0.0000
205.210,-36.249,38.410,0.317,11.177,59.981,60.701,1.000,0.000,0.0000
205.220,-36.137,38.409,0.317,11.182,60.093,60.811,1.000,0.000,0.0000
205.230,-36.025,38.408,0.317,11.184,60.205,60.921,1.000,0.000,0.0000
205.240,-35.913,38.407,0.317,11.182,60.317,61.031,1.000,0.000,0.0000
205.250,-35.801,38.406,0.317,11.172,60.429,61.141,1.000,0.000,0.0000
205.260,-35.690,38.405,0.317,11.167,60.540,61.251,1.000,0.000,0.0000
205.270,-35.578,38.404,0.317,11.166,60.652,61.361,1.000,0.000,0.0000
205.280,-35.466,38.403,0.317,11.167,60.764,61.471,1.000,0.000,0.0000
205.290,-35.355,38.402,0.317,11.161,60.875,61.581,1.000,0.000,0.0000
205.300,-35.243,38.400,0.317,11.171,60.987,61.691,1.000,0.000,0.0000
205.310,-35.131,38.399,0.317,11.176,61.099,61.801,1.000,0.000,0.0000
205.320,-35.020,38.398,0.317,11.181,61.210,61.911,1.000,0.000,0.0000
205.330,-34.908,38.397,0.317,11.185,61.322,62.021,1.000,0.000,0.0000
205.340,-34.796,38.396,0.317,11.185,61.434,62.132,1.000,0.000,0.0000
205.350,-34.684,38.395,0.317,11.181,61.546,62.242,1.000,0.000,0.0000
205.360,-34.572,38.394,0.317,11.172,61.658,62.352,1.000,0.000,0.0000
205.370,-34.461,38.393,0.317,11.168,61.769,62.462,1.000,0.000,0.0000
205.380,-34.349,38.392,0.317,11.168,61.881,62.572,1.000,0.000,0.0000
205.390,-34.237,38.391,0.317,11.168,61.993,62.682,1.000,0.000,0.0000
205.400,-34.126,38.390,0.317,11.164,62.104,62.792,1.000,0.000,0.0000
205.410,-34.014,38.389,0.317,11.165,62.216,62.902,1.000,0.000,0.0000
205.420,-33.902,38.388,0.317,11.170,62.328,63.012,1.000,0.000,0.0000
205.430,-33.791,38.387,0.317,11.176,62.439,63.122,1.000,0.000,0.0000
205.440,-33.679,38.386,0.317,11.180,62.551,63.232,1.000,0.000,0.0000
205.450,-33.567,38.385,0.317,11.180,62.663,63.342,1.000,0.000,0.0000
205.460,-33.455,38.384,0.317,11.169,62.775,63.453,1.000,0.000,0.0000
205.470,-33.344,38.383,0.317,11.172,62.886,63.563,1.000,0.000,0.0000
205.480,-33.232,38.382,0.317,11.171,62.998,63.673,1.000,0.000,0.0000
205.490,-33.120,38.380,0.317,11.171,63.110,63.783,1.000,0.000,0.0000
205.500,-33.008,38.379,0.317,11.171,63.222,63.893,1.000,0.000,0.0000
205.510,-32.897,38.378,0.317,11.168,63.333,64.003,1.000,0.000,0.0000
205.520,-32.785,38.377,0.317,11.170,63.445,64.113,1.000,0.000,0.0000
205.530,-32.673,38.376,0.317,11.174,63.557,64.223,1.000,0.000,0.0000
205.540,-32.561,38.375,0.317,11.179,63.669,64.334,1.000,0.000,0.0000
205.550,-32.450,38.374,0.317,11.181,63.780,64.444,1.000,0.000,0.0000
205.560,-32.338,38.373,0.317,11.179,63.892,64.554,1.000,0.000,0.0000
205.570,-32.226,38.372,0.317,11.170,64.004,64.664,1.000,0.000,0.0000
205.580,-32.115,38.371,0.317,11.166,64.115,64.775,1.000,0.000,0.0000
205.590,-32.003,38.370,0.317,11.165,64.227,64.885,1.000,0.000,0.0000
205.600,-31.891,38.369,0.317,11.166,64.339,64.995,1.000,0.000,0.0000
205.610,-31.780,38.368,0.317,11.160,64.450,65.105,1.000,0.000,0.0000
205.620,-31.668,38.367,0.317,11.169,64.562,65.215,1.000,0.000,0.0000
205.630,-31.556,38.366,0.317,11.174,64.674,65.325,1.000,0.000,0.0000
205.640,-31.444,38.365,0.317,11.179,64.786,65.436,1.000,0.000,0.0000
205.650,-31.333,38.364,0.317,11.183,64.897,65.546,1.000,0.000,0.0000
205.660,-31.221,38.363,0.317,11.183,65.009,65.656,1.000,0.000,0.0000
205.670,-31.109,38.362,0.317,11.178,65.121,65.767,1.000,0.000,0.0000
205.680,-30.997,38.361,0.317,11.170,65.233,65.877,1.000,0.000,0.0000
205.690,-30.886,38.360,0.317,11.166,65.344,65.987,1.000,0.000,0.0000
205.700,-30.774,38.359,0.317,11.166,65.456,66.097,1.000,0.000,0.0000
205.710,-30.662,38.358,0.317,11.166,65.568,66.207,1.000,0.000,0.0000
205.720,-30.551,38.356,0.317,11.162,65.679,66.317,1.000,0.000,0.0000
205.730,-30.439,38.355,0.317,11.164,65.791,66.428,1.000,0.000,0.0000
205.740,-30.327,38.354,0.317,11.169,65.903,66.538,1.000,0.000,0.0000
205.750,-30.216,38.353,0.317,11.174,66.014,66.648,1.000,0.000,0.0000
205.760,-30.104,38.352,0.317,11.178,66.126,66.758,1.000,0.000,0.0000
205.770,-29.992,38.351,0.317,11.178,66.238,66.869,1.000,0.000,0.0000
205.780,-29.880,38.350,0.317,11.168,66.350,66.979,1.000,0.000,0.0000
205.790,-29.769,38.349,0.317,11.162,66.461,67.089,1.000,0.000,0.0000
205.800,-29.657,38.348,0.317,11.161,66.573,67.199,1.000,0.000,0.0000
205.810,-29.545,38.347,0.317,11.163,66.685,67.310,1.000,0.000,0.0000
205.820,-29.434,38.346,0.317,11.164,66.796,67.420,1.000,0.000,0.0080
205.830,-29.322,38.345,0.317,11.162,66.908,67.530,1.000,0.000,0.0160
205.840,-29.211,38.344,0.317,11.165,67.019,67.640,1.000,0.000,0.0240
205.850,-29.099,38.343,0.317,11.170,67.131,67.751,1.000,0.000,0.0320
205.860,-28.987,38.342,0.317,11.176,67.243,67.861,1.000,0.000,0.0400
205.870,-28.875,38.341,0.317,11.178,67.355,67.971,1.000,0.000,0.0480
205.880,-28.764,38.340,0.317,11.177,67.466,68.082,1.000,0.000,0.0560
205.890,-28.652,38.340,0.317,11.153,67.578,68.192,1.000,0.000,0.0640
205.900,-28.541,38.339,0.317,11.133,67.689,68.302,1.000,0.000,0.0720
205.910,-28.430,38.338,0.317,11.118,67.800,68.412,1.000,0.000,0.0800
205.920,-28.318,38.336,0.317,11.108,67.912,68.521,1.000,0.000,0.0880
205.930,-28.207,38.335,0.317,11.115,68.023,68.631,1.000,0.000,0.0960
205.940,-28.097,38.334,0.318,11.063,68.133,68.740,1.000,0.000,0.1040
205.950,-27.986,38.332,0.318,11.087,68.244,68.850,1.000,0.000,0.1120
205.960,-27.875,38.331,0.318,11.114,68.355,68.960,1.000,0.000,0.0820
205.970,-27.763,38.329,0.318,11.137,68.467,69.070,1.000,0.000,0.0520
205.980,-27.652,38.327,0.318,11.151,68.578,69.180,1.000,0.000,0.0220
205.990,-27.540,38.324,0.317,11.156,68.690,69.290,1.000,0.000,0.0000
206.000,-27.429,38.322,0.317,11.142,68.801,69.400,1.000,0.000,0.0000
206.010,-27.317,38.319,0.317,11.134,68.913,69.510,1.000,0.000,0.0000
206.020,-27.206,38.316,0.317,11.132,69.024,69.620,1.000,0.000,0.0000
206.030,-27.095,38.312,0.317,11.127,69.135,69.730,1.000,0.000,0.0000
206.040,-26.984,38.308,0.317,11.130,69.246,69.840,1.000,0.000,0.0000
206.050,-26.872,38.304,0.317,11.138,69.358,69.950,1.000,0.000,0.0000
206.060,-26.761,38.300,0.317,11.149,69.469,70.060,1.000,0.000,0.0000
206.070,-26.649,38.296,0.317,11.159,69.581,70.171,1.000,0.000,0.0000
206.080,-26.537,38.292,0.317,11.166,69.693,70.281,1.000,0.000,0.0000
206.090,-26.426,38.287,0.317,11.167,69.804,70.391,1.000,0.000,0.0000
206.100,-26.314,38.283,0.317,11.161,69.916,70.502,1.000,0.000,0.0000
206.110,-26.203,38.278,0.317,11.160,70.027,70.612,1.000,0.000,0.0000
206.120,-26.091,38.274,0.316,11.164,70.139,70.723,1.000,0.000,0.0000
206.130,-25.979,38.269,0.316,11.169,70.251,70.833,1.000,0.000,0.0000
206.140,-25.867,38.264,0.316,11.174,70.363,70.943,1.000,0.000,0.0000
206.150,-25.756,38.259,0.316,11.175,70.474,71.054,1.000,0.000,0.0000
206.160,-25.644,38.254,0.316,11.173,70.586,71.164,1.000,0.000,0.0000
206.170,-25.532,38.249,0.316,11.173,70.698,71.275,1.000,0.000,0.0000
206.180,-25.421,38.244,0.316,11.174,70.809,71.385,1.000,0.000,0.0000
206.190,-25.309,38.239,0.316,11.174,70.921,71.496,1.000,0.000,0.0000
206.200,-25.197,38.234,0.316,11.171,71.033,71.606,1.000,0.000,0.0000
206.210,-25.086,38.229,0.316,11.160,71.145,71.717,1.000,0.000,0.0000
206.220,-24.974,38.224,0.316,11.155,71.256,71.827,1.000,0.000,0.0000
206.230,-24.862,38.219,0.316,11.157,71.368,71.937,1.000,0.000,0.0000
206.240,-24.751,38.214,0.316,11.161,71.479,72.048,1.000,0.000,0.0000
206.250,-24.639,38.210,0.316,11.164,71.591,72.158,1.000,0.000,0.0000
206.260,-24.528,38.205,0.317,11.163,71.703,72.268,1.000,0.000,0.0000
206.270,-24.416,38.200,0.317,11.166,71.814,72.379,1.000,0.000,0.0000
206.280,-24.304,38.195,0.317,11.170,71.926,72.489,1.000,0.000,0.0000
206.290,-24.192,38.190,0.317,11.173,72.038,72.600,1.000,0.000,0.0000
206.300,-24.081,38.185,0.317,11.174,72.149,72.710,1.000,0.000,0.0000
206.310,-23.969,38.180,0.317,11.170,72.261,72.821,1.000,0.000,0.0000
206.320,-23.857,38.175,0.317,11.163,72.373,72.931,1.000,0.000,0.0000
206.330,-23.746,38.170,0.317,11.161,72.484,73.042,1.000,0.000,0.0000
206.340,-23.634,38.166,0.317,11.164,72.596,73.152,1.000,0.000,0.0000
206.350,-23.522,38.161,0.317,11.167,72.708,73.262,1.000,0.000,0.0000
206.360,-23.411,38.155,0.317,11.170,72.819,73.373,1.000,0.000,0.0000
206.370,-23.299,38.150,0.317,11.168,72.931,73.483,1.000,0.000,0.0000
206.380,-23.187,38.145,0.317,11.169,73.043,73.594,1.000,0.000,0.0000
206.390,-23.076,38.140,0.317,11.172,73.154,73.704,1.000,0.000,0.0000
206.400,-22.964,38.135,0.317,11.173,73.266,73.815,1.000,0.000,0.0000
206.410,-22.852,38.130,0.317,11.171,73.378,73.926,1.000,0.000,0.0000
206.420,-22.741,38.125,0.317,11.160,73.489,74.036,1.000,0.000,0.0000
206.430,-22.629,38.121,0.317,11.161,73.601,74.146,1.000,0.000,0.0000
206.440,-22.517,38.116,0.317,11.162,73.713,74.257,1.000,0.000,0.0000
206.450,-22.406,38.111,0.317,11.165,73.824,74.367,1.000,0.000,0.0000
206.460,-22.294,38.106,0.317,11.168,73.936,74.478,1.000,0.000,0.0000
206.470,-22.182,38.101,0.317,11.163,74.048,74.588,1.000,0.000,0.0000
206.480,-22.071,38.096,0.317,11.163,74.159,74.699,1.000,0.000,0.0000
206.490,-21.959,38.091,0.317,11.166,74.271,74.809,1.000,0.000,0.0000
206.500,-21.847,38.086,0.317,11.169,74.383,74.920,1.000,0.000,0.0000
206.510,-21.736,38.081,0.317,11.170,74.494,75.030,1.000,0.000,0.0000
206.520,-21.624,38.076,0.317,11.167,74.606,75.141,1.000,0.000,0.0000
206.530,-21.512,38.071,0.317,11.158,74.718,75.251,1.000,0.000,0.0000
206.540,-21.401,38.066,0.317,11.155,74.829,75.362,1.000,0.000,0.0000
206.550,-21.289,38.061,0.317,11.156,74.941,75.472,1.000,0.000,0.0000
206.560,-21.178,38.056,0.317,11.160,75.052,75.583,1.000,0.000,0.0000
206.570,-21.066,38.051,0.317,11.163,75.164,75.693,1.000,0.000,0.0000
206.580,-20.955,38.046,0.317,11.161,75.275,75.804,1.000,0.000,0.0000
206.590,-20.843,38.041,0.317,11.162,75.387,75.914,1.000,0.000,0.0000
206.600,-20.731,38.036,0.317,11.165,75.499,76.025,1.000,0.000,0.0000
206.610,-20.620,38.031,0.317,11.168,75.610,76.135,1.000,0.000,0.0000
206.620,-20.508,38.026,0.317,11.168,75.722,76.246,1.000,0.000,0.0000
206.630,-20.396,38.021,0.317,11.164,75.834,76.356,1.000,0.000,0.0000
206.640,-20.285,38.016,0.317,11.157,75.945,76.467,1.000,0.000,0.0000
206.650,-20.173,38.011,0.317,11.156,76.057,76.577,1.000,0.000,0.0000
206.660,-20.062,38.006,0.317,11.159,76.168,76.688,1.000,0.000,0.0000
206.670,-19.950,38.001,0.317,11.163,76.280,76.798,1.000,0.000,0.0000
206.680,-19.838,37.996,0.317,11.165,76.392,76.909,1.000,0.000,0.0000
206.690,-19.727,37.991,0.317,11.164,76.503,77.020,1.000,0.000,0.0000
206.700,-19.615,37.986,0.317,11.166,76.615,77.130,1.000,0.000,0.0000
206.710,-19.503,37.982,0.317,11.168,76.727,77.241,1.000,0.000,0.0000
206.720,-19.392,37.977,0.317,11.170,76.838,77.351,1.000,0.000,0.0000
206.730,-19.280,37.972,0.317,11.169,76.950,77.462,1.000,0.000,0.0000
206.740,-19.168,37.967,0.317,11.157,77.062,77.573,1.000,0.000,0.0000
206.750,-19.057,37.962,0.317,11.159,77.173,77.683,1.000,0.000,0.0000
206.760,-18.945,37.957,0.317,11.160,77.285,77.794,1.000,0.000,0.0000
206.770,-18.834,37.952,0.317,11.163,77.396,77.904,1.000,0.000,0.0000
206.780,-18.722,37.947,0.317,11.166,77.508,78.015,1.000,0.000,0.0000
206.790,-18.610,37.942,0.317,11.162,77.620,78.125,1.000,0.000,0.0000
206.800,-18.499,37.937,0.317,11.162,77.731,78.236,1.000,0.000,0.0000
206.810,-18.387,37.932,0.317,11.164,77.843,78.346,1.000,0.000,0.0000
206.820,-18.275,37.927,0.317,11.167,77.955,78.457,1.000,0.000,0.0000
206.830,-18.164,37.922,0.317,11.168,78.066,78.568,1.000,0.000,0.0000
206.840,-18.052,37.917,0.317,11.166,78.178,78.678,1.000,0.000,0.0000
206.850,-17.940,37.912,0.317,11.157,78.290,78.789,1.000,0.000,0.0000
206.860,-17.829,37.907,0.317,11.154,78.401,78.899,1.000,0.000,0.0000
206.870,-17.717,37.902,0.317,11.156,78.513,79.010,1.000,0.000,0.0000
206.880,-17.606,37.897,0.317,11.160,78.624,79.121,1.000,0.000,0.0000
206.890,-17.494,37.893,0.317,11.163,78.736,79.231,1.000,0.000,0.0000
206.900,-17.382,37.888,0.317,11.161,78.848,79.342,1.000,0.000,0.0000
206.910,-17.271,37.883,0.317,11.162,78.959,79.452,1.000,0.000,0.0000
206.920,-17.159,37.878,0.317,11.165,79.071,79.563,1.000,0.000,0.0000
206.930,-17.047,37.873,0.317,11.167,79.183,79.674,1.000,0.000,0.0000
206.940,-16.936,37.868,0.317,11.167,79.294,79.784,1.000,0.000,0.0000
206.950,-16.824,37.863,0.317,11.163,79.406,79.895,1.000,0.000,0.0000
206.960,-16.713,37.858,0.317,11.156,79.517,80.005,1.000,0.000,0.0000
206.970,-16.601,37.854,0.317,11.155,79.629,80.116,1.000,0.000,0.0000
206.980,-16.490,37.849,0.317,11.157,79.740,80.227,1.000,0.000,0.0000
206.990,-16.378,37.844,0.317,11.161,79.852,80.337,1.000,0.000,0.0000
207.000,-16.266,37.839,0.317,11.163,79.964,80.448,1.000,0.000,0.0000
207.010,-16.155,37.834,0.317,11.162,80.075,80.558,1.000,0.000,0.0000
207.020,-16.043,37.829,0.317,11.164,80.187,80.669,1.000,0.000,0.0000
207.030,-15.931,37.824,0.317,11.166,80.299,80.780,1.000,0.000,0.0000
207.040,-15.820,37.819,0.317,11.168,80.410,80.890,1.000,0.000,0.0000
207.050,-15.708,37.814,0.317,11.166,80.522,81.001,1.000,0.000,0.0000
207.060,-15.596,37.809,0.317,11.155,80.634,81.112,1.000,0.000,0.0000
207.070,-15.485,37.804,0.317,11.151,80.745,81.222,1.000,0.000,0.0000
207.080,-15.373,37.799,0.317,11.152,80.857,81.333,1.000,0.000,0.0000
207.090,-15.262,37.794,0.317,11.156,80.968,81.443,1.000,0.000,0.0000
207.100,-15.150,37.790,0.317,11.160,81.080,81.554,1.000,0.000,0.0000
207.110,-15.039,37.785,0.317,11.158,81.191,81.665,1.000,0.000,0.0000
207.120,-14.927,37.780,0.317,11.159,81.303,81.775,1.000,0.000,0.0000
207.130,-14.815,37.775,0.317,11.162,81.415,81.886,1.000,0.000,0.0000
207.140,-14.704,37.770,0.317,11.165,81.526,81.997,1.000,0.000,0.0000
207.150,-14.592,37.765,0.317,11.166,81.638,82.107,1.000,0.000,0.0000
207.160,-14.481,37.761,0.317,11.163,81.749,82.218,1.000,0.000,0.0000
207.170,-14.369,37.756,0.317,11.155,81.861,82.329,1.000,0.000,0.0000
207.180,-14.257,37.751,0.317,11.152,81.973,82.439,1.000,0.000,0.0000
207.190,-14.146,37.746,0.317,11.154,82.084,82.550,1.000,0.000,0.0000
207.200,-14.034,37.741,0.317,11.158,82.196,82.660,1.000,0.000,0.0000
207.210,-13.923,37.736,0.317,11.161,82.307,82.771,1.000,0.000,0.0000
207.220,-13.811,37.731,0.317,11.160,82.419,82.882,1.000,0.000,0.0000
207.230,-13.700,37.726,0.317,11.161,82.530,82.992,1.000,0.000,0.0000
207.240,-13.588,37.721,0.317,11.164,82.642,83.103,1.000,0.000,0.0000
207.250,-13.476,37.716,0.317,11.166,82.754,83.214,1.000,0.000,0.0000
207.260,-13.365,37.711,0.317,11.166,82.865,83.325,1.000,0.000,0.0000
207.270,-13.253,37.706,0.317,11.161,82.977,83.435,1.000,0.000,0.0000
207.280,-13.141,37.702,0.317,11.155,83.089,83.546,1.000,0.000,0.0000
207.290,-13.030,37.697,0.317,11.154,83.200,83.657,1.000,0.000,0.0000
207.300,-12.918,37.692,0.317,11.157,83.312,83.767,1.000,0.000,0.0000
207.310,-12.807,37.687,0.317,11.160,83.423,83.878,1.000,0.000,0.0000
207.320,-12.695,37.682,0.317,11.156,83.535,83.989,1.000,0.000,0.0000
207.330,-12.583,37.678,0.317,11.167,83.647,84.099,1.000,0.000,0.0000
207.340,-12.472,37.673,0.317,11.170,83.758,84.210,1.000,0.000,0.0000
207.350,-12.360,37.668,0.317,11.172,83.870,84.321,1.000,0.000,0.0000
207.360,-12.248,37.663,0.317,11.171,83.982,84.432,1.000,0.000,0.0000
207.370,-12.137,37.658,0.317,11.168,84.093,84.543,1.000,0.000,0.0000
207.380,-12.025,37.654,0.317,11.156,84.205,84.653,1.000,0.000,0.0000
207.390,-11.914,37.649,0.317,11.151,84.316,84.764,1.000,0.000,0.0000
207.400,-11.802,37.644,0.317,11.151,84.428,84.874,1.000,0.000,0.0000
207.410,-11.691,37.639,0.317,11.155,84.539,84.985,1.000,0.000,0.0000
207.420,-11.579,37.634,0.317,11.159,84.651,85.096,1.000,0.000,0.0000
207.430,-11.467,37.629,0.317,11.156,84.763,85.207,1.000,0.000,0.0000
207.440,-11.356,37.624,0.317,11.157,84.874,85.317,1.000,0.000,0.0000
207.450,-11.244,37.619,0.317,11.160,84.986,85.428,1.000,0.000,0.0000
207.460,-11.133,37.615,0.317,11.162,85.097,85.539,1.000,0.000,0.0000
207.470,-11.021,37.610,0.317,11.163,85.209,85.649,1.000,0.000,0.0000
207.480,-10.909,37.605,0.317,11.160,85.321,85.760,1.000,0.000,0.0000
207.490,-10.798,37.600,0.317,11.153,85.432,85.871,1.000,0.000,0.0000
207.500,-10.686,37.595,0.317,11.150,85.544,85.981,1.000,0.000,0.0000
207.510,-10.575,37.591,0.317,11.152,85.655,86.092,1.000,0.000,0.0000
207.520,-10.463,37.586,0.317,11.156,85.767,86.203,1.000,0.000,0.0000
207.530,-10.352,37.581,0.317,11.159,85.878,86.314,1.000,0.000,0.0000
207.540,-10.240,37.576,0.317,11.158,85.990,86.424,1.000,0.000,0.0000
207.550,-10.128,37.571,0.317,11.159,86.102,86.535,1.000,0.000,0.0000
207.560,-10.017,37.567,0.317,11.162,86.213,86.646,1.000,0.000,0.0000
207.570,-9.905,37.562,0.317,11.164,86.325,86.757,1.000,0.000,0.0000
207.580,-9.794,37.557,0.317,11.163,86.436,86.867,1.000,0.000,0.0000
207.590,-9.682,37.552,0.317,11.151,86.548,86.978,1.000,0.000,0.0000
207.600,-9.571,37.548,0.317,11.152,86.659,87.089,1.000,0.000,0.0000
207.610,-9.459,37.543,0.317,11.153,86.771,87.199,1.000,0.000,0.0000
207.620,-9.347,37.538,0.317,11.156,86.883,87.310,1.000,0.000,0.0000
207.630,-9.236,37.533,0.317,11.160,86.994,87.421,1.000,0.000,0.0000
207.640,-9.124,37.528,0.317,11.155,87.106,87.532,1.000,0.000,0.0000
207.650,-9.013,37.523,0.317,11.155,87.217,87.642,1.000,0.000,0.0000
207.660,-8.901,37.518,0.317,11.157,87.329,87.753,1.000,0.000,0.0000
207.670,-8.790,37.513,0.317,11.161,87.440,87.864,1.000,0.000,0.0000
207.680,-8.678,37.509,0.317,11.162,87.552,87.975,1.000,0.000,0.0000
207.690,-8.566,37.504,0.317,11.161,87.664,88.085,1.000,0.000,0.0000
207.700,-8.455,37.499,0.317,11.152,87.775,88.196,1.000,0.000,0.0000
207.710,-8.343,37.494,0.317,11.148,87.887,88.307,1.000,0.000,0.0000
207.720,-8.232,37.490,0.317,11.149,87.998,88.417,1.000,0.000,0.0000
207.730,-8.120,37.485,0.317,11.153,88.110,88.528,1.000,0.000,0.0000
207.740,-8.009,37.480,0.317,11.157,88.221,88.639,1.000,0.000,0.0000
207.750,-7.897,37.475,0.317,11.155,88.333,88.750,1.000,0.000,0.0000
207.760,-7.786,37.471,0.317,11.156,88.444,88.860,1.000,0.000,0.0000
207.770,-7.674,37.466,0.317,11.159,88.556,88.971,1.000,0.000,0.0000
207.780,-7.562,37.461,0.317,11.161,88.668,89.082,1.000,0.000,0.0000
207.790,-7.451,37.457,0.317,11.162,88.779,89.193,1.000,0.000,0.0000
207.800,-7.339,37.452,0.317,11.159,88.891,89.303,1.000,0.000,0.0000
207.810,-7.228,37.447,0.317,11.151,89.002,89.414,1.000,0.000,0.0000
207.820,-7.116,37.442,0.317,11.149,89.114,89.525,1.000,0.000,0.0000
207.830,-7.005,37.438,0.317,11.151,89.225,89.636,1.000,0.000,0.0000
207.840,-6.893,37.433,0.317,11.155,89.337,89.746,1.000,0.000,0.0000
207.850,-6.782,37.428,0.317,11.158,89.448,89.857,1.000,0.000,0.0000
207.860,-6.670,37.423,0.317,11.157,89.560,89.968,1.000,0.000,0.0000
207.870,-6.558,37.418,0.317,11.158,89.672,90.079,1.000,0.000,0.0000
207.880,-6.447,37.413,0.317,11.160,89.783,90.190,1.000,0.000,0.0000
207.890,-6.335,37.409,0.317,11.162,89.895,90.300,1.000,0.000,0.0000
207.900,-6.224,37.404,0.317,11.161,90.006,90.411,1.000,0.000,0.0000
207.910,-6.112,37.399,0.317,11.150,90.118,90.522,1.000,0.000,0.0000
207.920,-6.001,37.394,0.317,11.151,90.229,90.633,1.000,0.000,0.0000
207.930,-5.889,37.390,0.317,11.152,90.341,90.743,1.000,0.000,0.0000
207.940,-5.778,37.385,0.317,11.155,90.452,90.854,1.000,0.000,0.0000
207.950,-5.666,37.380,0.317,11.159,90.564,90.965,1.000,0.000,0.0000
207.960,-5.554,37.375,0.317,11.155,90.676,91.076,1.000,0.000,0.0000
207.970,-5.443,37.371,0.317,11.154,90.787,91.187,1.000,0.000,0.0000
207.980,-5.331,37.366,0.317,11.157,90.899,91.297,1.000,0.000,0.0000
207.990,-5.220,37.361,0.317,11.160,91.010,91.408,1.000,0.000,0.0000
208.000,-5.108,37.357,0.317,11.161,91.122,91.519,0.940,0.000,0.0000
208.010,-4.997,37.352,0.317,11.147,91.233,91.630,0.880,0.000,0.0000
208.020,-4.885,37.347,0.317,11.116,91.345,91.740,0.820,0.000,0.0000
208.030,-4.775,37.343,0.317,11.082,91.455,91.850,0.760,0.000,0.0000
208.040,-4.664,37.338,0.317,11.048,91.566,91.960,0.700,0.000,0.0000
208.050,-4.554,37.333,0.318,11.014,91.676,92.069,0.640,0.000,0.0000
208.060,-4.444,37.328,0.318,10.978,91.786,92.178,0.580,0.000,0.0000
208.070,-4.335,37.324,0.319,10.936,91.895,92.287,0.520,0.000,0.0000
208.080,-4.226,37.319,0.319,10.897,92.004,92.395,0.460,0.000,0.0000
208.090,-4.117,37.314,0.320,10.860,92.113,92.503,0.400,0.000,0.0000
208.100,-4.009,37.310,0.320,10.822,92.221,92.610,0.340,0.000,0.0000
208.110,-3.901,37.305,0.321,10.784,92.329,92.717,0.280,0.000,0.0000
208.120,-3.794,37.301,0.321,10.742,92.436,92.824,0.220,0.000,0.0000
208.130,-3.687,37.296,0.322,10.694,92.543,92.930,0.160,0.000,0.0000
208.140,-3.580,37.292,0.322,10.651,92.650,93.036,0.100,0.000,0.0000
208.150,-3.474,37.287,0.323,10.612,92.756,93.141,0.040,0.000,0.0000
208.160,-3.369,37.283,0.323,10.576,92.861,93.246,0.000,0.000,0.0000
208.170,-3.263,37.279,0.324,10.539,92.967,93.351,0.000,0.000,0.0000
208.180,-3.158,37.274,0.324,10.496,93.072,93.455,0.000,0.000,0.0000
208.190,-3.054,37.270,0.325,10.455,93.176,93.559,0.000,0.000,0.0000
208.200,-2.949,37.266,0.325,10.417,93.281,93.662,0.000,0.000,0.0000
208.210,-2.846,37.261,0.325,10.378,93.384,93.765,0.000,0.000,0.0000
208.220,-2.742,37.257,0.326,10.339,93.488,93.868,0.000,0.000,0.0000
208.230,-2.639,37.253,0.326,10.297,93.591,93.970,0.000,0.000,0.0000
208.240,-2.537,37.248,0.326,10.246,93.693,94.072,0.000,0.000,0.0000
208.250,-2.435,37.244,0.326,10.200,93.795,94.173,0.000,0.000,0.0000
208.260,-2.333,37.240,0.326,10.160,93.897,94.274,0.000,0.000,0.0000
208.270,-2.232,37.236,0.326,10.122,93.998,94.375,0.000,0.000,0.0000
208.280,-2.131,37.231,0.326,10.086,94.099,94.475,0.000,0.000,0.0000
208.290,-2.031,37.227,0.326,10.042,94.199,94.575,0.000,0.000,0.0000
208.300,-1.931,37.223,0.326,10.001,94.299,94.674,0.000,0.000,0.0000
208.310,-1.831,37.218,0.326,9.962,94.399,94.773,0.000,0.000,0.0000
208.320,-1.732,37.214,0.326,9.925,94.498,94.872,0.000,0.000,0.0000
208.330,-1.633,37.210,0.326,9.888,94.597,94.970,0.000,0.000,0.0000
208.340,-1.535,37.206,0.326,9.849,94.695,95.068,0.000,0.000,0.0000
208.350,-1.436,37.202,0.326,9.808,94.794,95.165,0.000,0.000,0.0000
208.360,-1.339,37.197,0.325,9.759,94.891,95.262,0.000,0.000,0.0000
208.370,-1.242,37.193,0.325,9.716,94.988,95.359,0.000,0.000,0.0000
208.380,-1.145,37.190,0.325,9.676,95.085,95.455,0.000,0.000,0.0000
208.390,-1.049,37.186,0.325,9.640,95.181,95.551,0.000,0.000,0.0000
208.400,-0.952,37.182,0.325,9.604,95.278,95.646,0.000,0.000,0.0000
208.410,-0.857,37.178,0.324,9.560,95.373,95.742,0.000,0.000,0.0000
208.420,-0.762,37.174,0.324,9.520,95.468,95.836,0.000,0.000,0.0000
208.430,-0.667,37.170,0.324,9.482,95.563,95.930,0.000,0.000,0.0000
208.440,-0.572,37.166,0.324,9.445,95.658,96.024,0.000,0.000,0.0000
208.450,-0.478,37.162,0.324,9.408,95.752,96.118,0.000,0.000,0.0000
208.460,-0.385,37.158,0.324,9.371,95.845,96.211,0.000,0.000,0.0000
208.470,-0.291,37.154,0.323,9.331,95.939,96.304,0.000,0.000,0.0000
208.480,-0.199,37.151,0.323,9.282,96.032,96.396,0.000,0.000,0.0000
208.490,-0.106,37.147,0.323,9.237,96.124,96.488,0.000,0.000,0.0000
208.500,-0.014,37.143,0.323,9.196,96.216,96.579,0.000,0.000,0.0000
208.510,0.077,37.139,0.323,9.159,96.307,96.670,0.000,0.000,0.0000
208.520,0.169,37.135,0.323,9.124,96.399,96.761,0.000,0.000,0.0000
208.530,0.260,37.131,0.323,9.089,96.490,96.851,0.000,0.000,0.0000
208.540,0.350,37.127,0.323,9.047,96.580,96.941,0.000,0.000,0.0000
208.550,0.440,37.123,0.323,9.006,96.670,97.031,0.000,0.000,0.0000
208.560,0.530,37.120,0.323,8.968,96.760,97.120,0.000,0.000,0.0000
208.570,0.619,37.116,0.323,8.931,96.849,97.209,0.000,0.000,0.0000
208.580,0.708,37.112,0.323,8.894,96.938,97.297,0.000,0.000,0.0000
208.590,0.797,37.108,0.323,8.856,97.027,97.385,0.000,0.000,0.0000
208.600,0.885,37.105,0.323,8.816,97.115,97.473,0.000,0.000,0.0000
208.610,0.972,37.101,0.323,8.767,97.202,97.560,0.000,0.000,0.0000
208.620,1.060,37.098,0.323,8.721,97.290,97.646,0.000,0.000,0.0000
